record,anchor,filler,diff
3,0.9285714285714286,0.375,0.5535714285714286
4,0.5625,0.42857142857142855,0.13392857142857145
5,1.0,0.625,0.375
6,0.21428571428571427,0.3333333333333333,-0.11904761904761904
7,1.0,0.43478260869565216,0.5652173913043479
8,0.8571428571428571,0.7586206896551724,0.09852216748768472
9,0.7692307692307693,0.45454545454545453,0.31468531468531474
10,0.9473684210526315,0.3448275862068966,0.602540834845735
11,1.0,0.46875,0.53125
12,0.75,0.3333333333333333,0.4166666666666667
13,0.9090909090909091,0.4,0.509090909090909
14,0.8,0.6521739130434783,0.14782608695652177
15,1.0,0.2857142857142857,0.7142857142857143
16,0.4,0.5,-0.09999999999999998
17,0.6,0.09090909090909091,0.509090909090909
18,0.7692307692307693,0.36363636363636365,0.4055944055944056
19,0.6,0.6842105263157895,-0.08421052631578951
20,1.0,0.4666666666666667,0.5333333333333333
21,0.6,0.4444444444444444,0.15555555555555556
22,0.9,0.1111111111111111,0.788888888888889
23,0.0,0.6153846153846154,-0.6153846153846154
24,1.0,0.42857142857142855,0.5714285714285714
25,0.75,0.6666666666666666,0.08333333333333337
26,1.0,0.9,0.09999999999999998
27,1.0,0.38095238095238093,0.6190476190476191
28,0.8,0.29411764705882354,0.5058823529411764
29,0.0,1.0,-1.0
30,0.9166666666666666,0.3333333333333333,0.5833333333333333
31,0.6,0.4444444444444444,0.15555555555555556
32,1.0,0.46153846153846156,0.5384615384615384
33,0.9333333333333333,0.375,0.5583333333333333
34,0.0,0.5,-0.5
35,0.5,0.8333333333333334,-0.33333333333333337
36,1.0,0.2,0.8
37,0.0,0.4,-0.4
38,0.2,0.18181818181818182,0.018181818181818188
39,0.2,0.3333333333333333,-0.1333333333333333
40,0.6,0.45454545454545453,0.14545454545454545
41,0.0,0.3,-0.3
42,1.0,0.6363636363636364,0.36363636363636365
43,1.0,0.64,0.36
44,1.0,0.5833333333333334,0.41666666666666663
45,1.0,0.5263157894736842,0.4736842105263158
46,1.0,0.6666666666666666,0.33333333333333337
47,1.0,0.5,0.5
48,0.8888888888888888,0.7,0.18888888888888888
49,1.0,0.631578947368421,0.368421052631579
50,1.0,0.6842105263157895,0.3157894736842105
51,1.0,0.4444444444444444,0.5555555555555556
52,1.0,0.5,0.5
53,0.9333333333333333,0.5543478260869565,0.3789855072463768
54,0.16666666666666666,0.5,-0.33333333333333337
55,1.0,0.3,0.7
56,1.0,0.42857142857142855,0.5714285714285714
57,0.8,0.5,0.30000000000000004
58,1.0,0.5882352941176471,0.4117647058823529
59,0.9333333333333333,0.7692307692307693,0.16410256410256407
60,0.7,0.8947368421052632,-0.1947368421052632
61,1.0,0.4117647058823529,0.5882352941176471
62,0.8,0.2,0.6000000000000001
63,0.6,0.7391304347826086,-0.13913043478260867
64,0.75,0.5,0.25
65,1.0,0.5454545454545454,0.4545454545454546
66,0.5,0.5555555555555556,-0.05555555555555558
67,0.5714285714285714,0.55,0.021428571428571352
68,0.9,0.4,0.5
69,0.6666666666666666,0.16666666666666666,0.5
70,0.8666666666666667,0.42857142857142855,0.43809523809523815
71,0.5,0.15384615384615385,0.34615384615384615
72,0.4,0.5454545454545454,-0.1454545454545454
73,1.0,0.5454545454545454,0.4545454545454546
74,0.8181818181818182,0.42857142857142855,0.3896103896103897
75,1.0,0.2,0.8
76,0.125,0.7142857142857143,-0.5892857142857143
77,0.7,0.5833333333333334,0.11666666666666659
78,0.875,0.5625,0.3125
79,0.6875,0.2222222222222222,0.4652777777777778
80,0.6,0.45454545454545453,0.14545454545454545
81,0.9333333333333333,0.6666666666666666,0.2666666666666667
82,0.7,1.0,-0.30000000000000004
83,0.42857142857142855,0.42857142857142855,0.0
84,0.6,0.1111111111111111,0.4888888888888889
85,0.2,0.0,0.2
86,0.4,1.0,-0.6
87,1.0,0.5,0.5
88,0.0,0.4444444444444444,-0.4444444444444444
89,0.4,0.3,0.10000000000000003
90,0.2,0.6041666666666666,-0.4041666666666666
91,1.0,0.5185185185185185,0.4814814814814815
92,0.0,0.2857142857142857,-0.2857142857142857
93,0.4,0.6,-0.19999999999999996
94,0.4,0.44,-0.03999999999999998
95,0.7,0.4,0.29999999999999993
96,0.0,0.0,0.0
97,0.6666666666666666,0.3333333333333333,0.3333333333333333
98,0.7142857142857143,0.5833333333333334,0.13095238095238093
100,0.9,0.6666666666666666,0.2333333333333334
101,0.8,0.8333333333333334,-0.033333333333333326
102,0.9,0.5,0.4
103,1.0,0.625,0.375
104,0.8,0.2857142857142857,0.5142857142857143
105,0.9,0.2,0.7
106,0.8333333333333334,0.717948717948718,0.11538461538461542
107,1.0,0.4,0.6
108,0.75,0.3333333333333333,0.4166666666666667
109,0.8666666666666667,0.4,0.4666666666666667
110,0.7857142857142857,0.5909090909090909,0.19480519480519476
111,1.0,0.625,0.375
112,1.0,0.42857142857142855,0.5714285714285714
113,0.8333333333333334,0.45,0.38333333333333336
114,0.0,0.5625,-0.5625
115,0.9,0.5,0.4
116,0.3333333333333333,0.09090909090909091,0.2424242424242424
117,0.6666666666666666,0.6,0.06666666666666665
118,0.6428571428571429,0.3333333333333333,0.3095238095238096
119,0.5,0.45,0.04999999999999999
120,0.5,0.5714285714285714,-0.0714285714285714
121,0.2,0.4,-0.2
122,0.7,0.4482758620689655,0.25172413793103443
123,0.8,0.6190476190476191,0.18095238095238098
124,0.2,0.6,-0.39999999999999997
125,0.0,0.0,0.0
126,0.8666666666666667,0.8,0.06666666666666665
127,0.6,0.21428571428571427,0.3857142857142857
128,0.6,0.25,0.35
129,0.8333333333333334,0.42857142857142855,0.4047619047619048
131,0.16666666666666666,0.2857142857142857,-0.11904761904761904
132,0.9166666666666666,0.5806451612903226,0.336021505376344
133,1.0,0.5652173913043478,0.4347826086956522
134,0.0,0.46875,-0.46875
135,0.4,0.42857142857142855,-0.028571428571428525
136,0.6,0.2,0.39999999999999997
137,0.9,0.34782608695652173,0.5521739130434783
138,0.8888888888888888,0.42857142857142855,0.4603174603174603
139,0.8461538461538461,0.7916666666666666,0.054487179487179516
140,1.0,0.75,0.25
141,0.8,0.5909090909090909,0.2090909090909091
142,1.0,0.5789473684210527,0.42105263157894735
143,0.8,0.45,0.35000000000000003
144,0.8333333333333334,0.5,0.33333333333333337
145,1.0,0.6097560975609756,0.3902439024390244
147,0.5,0.2222222222222222,0.2777777777777778
148,0.5,0.45454545454545453,0.04545454545454547
149,0.8,0.5714285714285714,0.22857142857142865
150,1.0,0.6363636363636364,0.36363636363636365
151,0.8,0.6,0.20000000000000007
152,0.7,0.8333333333333334,-0.13333333333333341
153,1.0,0.7272727272727273,0.2727272727272727
154,0.9166666666666666,0.6,0.31666666666666665
156,0.2,0.4166666666666667,-0.21666666666666667
157,0.0,0.0,0.0
158,1.0,0.5,0.5
159,0.7777777777777778,0.6,0.1777777777777778
160,0.7,0.6,0.09999999999999998
161,1.0,0.5,0.5
162,0.3,0.42857142857142855,-0.12857142857142856
163,0.6,0.4,0.19999999999999996
164,0.9,0.6,0.30000000000000004
165,0.375,0.2,0.175
166,0.8666666666666667,1.0,-0.1333333333333333
167,0.8181818181818182,0.5333333333333333,0.2848484848484849
168,0.85,0.5294117647058824,0.3205882352941176
169,0.6666666666666666,0.6666666666666666,0.0
170,0.9,0.6785714285714286,0.22142857142857142
171,0.6,0.25,0.35
172,0.0,0.45454545454545453,-0.45454545454545453
173,1.0,0.5454545454545454,0.4545454545454546
175,0.4166666666666667,0.4166666666666667,0.0
177,0.4,0.4166666666666667,-0.016666666666666663
178,0.6666666666666666,0.0,0.6666666666666666
179,0.7142857142857143,0.16666666666666666,0.5476190476190477
180,1.0,0.5,0.5
181,0.5,0.3333333333333333,0.16666666666666669
182,0.7,0.5714285714285714,0.12857142857142856
183,0.8947368421052632,0.375,0.5197368421052632
184,0.8666666666666667,0.3333333333333333,0.5333333333333334
185,0.9,0.5217391304347826,0.37826086956521743
186,0.4,0.7,-0.29999999999999993
187,0.5,0.25,0.25
188,0.9166666666666666,0.48148148148148145,0.4351851851851852
189,0.875,0.8,0.07499999999999996
190,1.0,0.5,0.5
191,1.0,0.3333333333333333,0.6666666666666667
192,0.5,0.3333333333333333,0.16666666666666669
193,0.0,0.0,0.0
194,0.6363636363636364,0.3333333333333333,0.30303030303030304
195,0.7692307692307693,0.8888888888888888,-0.11965811965811957
196,0.8,0.6,0.20000000000000007
197,1.0,0.7142857142857143,0.2857142857142857
198,0.9333333333333333,0.5666666666666667,0.3666666666666667
199,0.9473684210526315,0.5333333333333333,0.4140350877192982
200,0.875,0.25,0.625
201,0.75,0.2,0.55
202,0.7,0.4166666666666667,0.28333333333333327
203,0.75,0.5,0.25
204,0.8666666666666667,0.8,0.06666666666666665
205,1.0,0.4,0.6
207,0.7142857142857143,0.47368421052631576,0.24060150375939854
208,1.0,0.375,0.625
210,1.0,0.5,0.5
211,1.0,0.3125,0.6875
212,0.5,0.0,0.5
213,1.0,0.6153846153846154,0.3846153846153846
214,1.0,0.2,0.8
215,0.3333333333333333,0.0,0.3333333333333333
216,0.0,0.8333333333333334,-0.8333333333333334
217,0.3333333333333333,0.8333333333333334,-0.5
218,0.5,0.5,0.0
219,1.0,0.8235294117647058,0.17647058823529416
220,1.0,0.5714285714285714,0.4285714285714286
221,0.6666666666666666,0.2857142857142857,0.38095238095238093
222,0.5,0.5,0.0
223,0.5,0.45,0.04999999999999999
224,0.8,0.5,0.30000000000000004
225,0.25,0.25,0.0
226,0.2,0.0,0.2
227,1.0,0.45454545454545453,0.5454545454545454
228,1.0,0.75,0.25
229,0.8421052631578947,0.16666666666666666,0.6754385964912281
230,1.0,0.5652173913043478,0.4347826086956522
231,0.9333333333333333,0.36363636363636365,0.5696969696969697
232,0.7,0.42857142857142855,0.2714285714285714
233,0.625,0.25,0.375
234,0.4,0.16666666666666666,0.23333333333333336
235,0.9,0.5294117647058824,0.37058823529411766
236,0.8,0.5,0.30000000000000004
237,0.9,0.5,0.4
239,0.8,0.0,0.8
240,0.875,0.6666666666666666,0.20833333333333337
241,1.0,0.3333333333333333,0.6666666666666667
242,0.16666666666666666,0.5714285714285714,-0.40476190476190477
243,0.75,1.0,-0.25
244,0.5454545454545454,0.42857142857142855,0.11688311688311687
245,0.5714285714285714,0.25,0.3214285714285714
246,0.8,0.36363636363636365,0.4363636363636364
247,0.8,0.65,0.15000000000000002
248,0.2,0.4375,-0.2375
249,1.0,0.6,0.4
250,1.0,0.0,1.0
251,0.7777777777777778,0.5,0.2777777777777778
252,1.0,0.3870967741935484,0.6129032258064516
253,0.4,0.2,0.2
254,0.2,0.3333333333333333,-0.1333333333333333
255,0.875,0.75,0.125
256,1.0,0.4,0.6
257,1.0,0.6,0.4
258,0.4,0.35714285714285715,0.04285714285714287
259,0.75,0.2222222222222222,0.5277777777777778
260,0.8888888888888888,0.0,0.8888888888888888
261,0.2,0.15384615384615385,0.046153846153846156
262,0.7,0.2,0.49999999999999994
263,1.0,0.6666666666666666,0.33333333333333337
264,1.0,0.6774193548387096,0.32258064516129037
265,0.75,0.6744186046511628,0.07558139534883723
266,1.0,0.47058823529411764,0.5294117647058824
267,1.0,0.4,0.6
268,0.8,0.5238095238095238,0.2761904761904762
269,0.4,0.0,0.4
271,0.9,0.4074074074074074,0.49259259259259264
272,1.0,0.5555555555555556,0.4444444444444444
273,0.0,0.5714285714285714,-0.5714285714285714
274,0.0,0.3333333333333333,-0.3333333333333333
275,0.8333333333333334,0.4166666666666667,0.4166666666666667
276,0.6666666666666666,0.5833333333333334,0.08333333333333326
277,1.0,0.6296296296296297,0.37037037037037035
278,1.0,0.6571428571428571,0.34285714285714286
279,1.0,0.35294117647058826,0.6470588235294117
280,0.6,0.45454545454545453,0.14545454545454545
281,0.5,0.6666666666666666,-0.16666666666666663
282,0.5,0.5625,-0.0625
283,0.6,0.48,0.12
284,0.75,0.2,0.55
285,0.7,0.5,0.19999999999999996
286,0.6666666666666666,0.5806451612903226,0.08602150537634401
287,0.8,0.0,0.8
288,0.8,0.5,0.30000000000000004
289,0.0,0.5,-0.5
292,0.8235294117647058,0.5,0.32352941176470584
293,1.0,0.8235294117647058,0.17647058823529416
294,0.7,0.8181818181818182,-0.11818181818181828
296,1.0,0.5,0.5
297,1.0,0.5,0.5
298,1.0,0.5,0.5
299,1.0,0.2857142857142857,0.7142857142857143
300,0.4,0.4,0.0
301,1.0,0.42857142857142855,0.5714285714285714
302,0.7,0.6923076923076923,0.007692307692307665
303,1.0,0.46153846153846156,0.5384615384615384
304,0.6,0.5652173913043478,0.034782608695652195
306,0.75,0.5769230769230769,0.17307692307692313
307,1.0,0.18181818181818182,0.8181818181818181
308,0.3333333333333333,0.25,0.08333333333333331
309,0.7,0.3333333333333333,0.36666666666666664
310,0.0,0.5,-0.5
311,1.0,0.32,0.6799999999999999
312,0.5,0.4,0.09999999999999998
313,0.2,0.62,-0.42
314,0.2,0.2,0.0
315,0.0,0.5833333333333334,-0.5833333333333334
316,0.6666666666666666,0.5128205128205128,0.15384615384615385
317,0.9,0.8627450980392157,0.03725490196078429
318,0.9285714285714286,0.5882352941176471,0.3403361344537815
319,1.0,0.5882352941176471,0.4117647058823529
320,1.0,0.3333333333333333,0.6666666666666667
321,0.9,0.7692307692307693,0.13076923076923075
322,1.0,0.5384615384615384,0.46153846153846156
323,0.6,0.6046511627906976,-0.0046511627906976605
324,1.0,0.45714285714285713,0.5428571428571429
325,1.0,0.42857142857142855,0.5714285714285714
326,1.0,0.47058823529411764,0.5294117647058824
327,1.0,0.4,0.6
328,1.0,0.375,0.625
329,1.0,0.4090909090909091,0.5909090909090908
330,0.0,0.7407407407407407,-0.7407407407407407
331,1.0,0.0,1.0
332,0.8,0.2,0.6000000000000001
333,0.6,0.4,0.19999999999999996
334,0.6428571428571429,0.4444444444444444,0.19841269841269848
335,0.8235294117647058,0.6923076923076923,0.13122171945701355
336,0.9285714285714286,0.45454545454545453,0.4740259740259741
337,0.9333333333333333,0.4444444444444444,0.48888888888888893
339,0.6666666666666666,0.3333333333333333,0.3333333333333333
340,1.0,0.3333333333333333,0.6666666666666667
341,1.0,0.5454545454545454,0.4545454545454546
342,0.0,0.3333333333333333,-0.3333333333333333
343,0.0,0.35294117647058826,-0.35294117647058826
344,0.4,0.375,0.025000000000000022
345,0.6666666666666666,0.25,0.41666666666666663
346,0.9333333333333333,0.5357142857142857,0.39761904761904765
347,0.9,0.42857142857142855,0.4714285714285715
348,0.25,0.25,0.0
349,0.7,0.5454545454545454,0.15454545454545454
350,0.2,0.6666666666666666,-0.4666666666666666
351,1.0,0.5,0.5
352,0.875,0.45454545454545453,0.42045454545454547
353,0.75,0.36363636363636365,0.38636363636363635
354,0.9,0.38461538461538464,0.5153846153846153
355,0.4,0.6666666666666666,-0.2666666666666666
356,0.18181818181818182,0.3181818181818182,-0.13636363636363635
357,1.0,0.5,0.5
358,0.5,0.375,0.125
359,0.7,1.0,-0.30000000000000004
360,0.7142857142857143,0.75,-0.0357142857142857
361,1.0,0.3333333333333333,0.6666666666666667
362,0.9090909090909091,0.46153846153846156,0.4475524475524475
363,0.5333333333333333,0.49056603773584906,0.04276729559748427
364,0.7,0.46153846153846156,0.2384615384615384
365,1.0,0.6585365853658537,0.3414634146341463
366,1.0,1.0,0.0
367,0.9375,0.5588235294117647,0.3786764705882353
368,0.9166666666666666,0.375,0.5416666666666666
369,1.0,0.75,0.25
370,0.8571428571428571,0.6666666666666666,0.19047619047619047
371,0.7,0.6,0.09999999999999998
372,0.5,0.14285714285714285,0.35714285714285715
373,1.0,0.4,0.6
374,0.9,0.6190476190476191,0.28095238095238095
375,0.3333333333333333,0.3333333333333333,0.0
376,0.3333333333333333,0.47619047619047616,-0.14285714285714285
377,0.5555555555555556,0.8,-0.24444444444444446
379,1.0,0.5,0.5
380,1.0,0.7142857142857143,0.2857142857142857
382,0.9166666666666666,0.6923076923076923,0.22435897435897434
383,0.75,0.4,0.35
384,0.9230769230769231,0.625,0.29807692307692313
385,0.6666666666666666,0.8333333333333334,-0.16666666666666674
386,0.875,0.46153846153846156,0.41346153846153844
387,1.0,0.42857142857142855,0.5714285714285714
388,0.5,0.42857142857142855,0.07142857142857145
389,1.0,0.3333333333333333,0.6666666666666667
390,0.6666666666666666,0.375,0.29166666666666663
393,0.6,0.5714285714285714,0.02857142857142858
395,1.0,0.0,1.0
397,0.3333333333333333,0.2,0.1333333333333333
398,0.8333333333333334,0.5238095238095238,0.30952380952380953
399,0.6666666666666666,0.6666666666666666,0.0
400,0.6111111111111112,0.4,0.21111111111111114
401,0.8333333333333334,0.7777777777777778,0.05555555555555558
402,1.0,0.5,0.5
404,1.0,0.4888888888888889,0.5111111111111111
405,1.0,0.53125,0.46875
406,1.0,0.6176470588235294,0.38235294117647056
407,0.9,0.5952380952380952,0.3047619047619048
409,0.8333333333333334,0.5,0.33333333333333337
410,1.0,0.6538461538461539,0.34615384615384615
411,0.9444444444444444,0.6666666666666666,0.2777777777777778
412,0.9,0.6666666666666666,0.2333333333333334
413,0.2,0.0,0.2
414,1.0,0.5757575757575758,0.4242424242424242
415,1.0,0.5277777777777778,0.4722222222222222
416,0.1,0.18181818181818182,-0.08181818181818182
417,1.0,0.7,0.30000000000000004
418,0.9090909090909091,0.55,0.359090909090909
420,1.0,0.6585365853658537,0.3414634146341463
421,1.0,0.4666666666666667,0.5333333333333333
422,0.7,0.36363636363636365,0.3363636363636363
423,1.0,0.4,0.6
424,0.5,0.6666666666666666,-0.16666666666666663
425,0.9,0.5217391304347826,0.37826086956521743
426,0.6,0.631578947368421,-0.03157894736842104
427,0.9,0.42857142857142855,0.4714285714285715
428,1.0,0.46153846153846156,0.5384615384615384
429,0.8,0.4,0.4
430,1.0,0.4444444444444444,0.5555555555555556
431,0.6666666666666666,0.7222222222222222,-0.05555555555555558
435,0.8333333333333334,0.8333333333333334,0.0
436,1.0,1.0,0.0
437,0.6,0.7105263157894737,-0.1105263157894737
438,0.9333333333333333,0.36363636363636365,0.5696969696969697
439,0.4,0.8333333333333334,-0.43333333333333335
441,1.0,0.35714285714285715,0.6428571428571428
442,1.0,0.6153846153846154,0.3846153846153846
443,0.75,0.0,0.75
444,0.7,0.5384615384615384,0.16153846153846152
445,1.0,0.5,0.5
446,1.0,0.5,0.5
447,0.5,0.5,0.0
448,1.0,0.46153846153846156,0.5384615384615384
449,1.0,0.625,0.375
450,1.0,0.36363636363636365,0.6363636363636364
451,0.5,0.4,0.09999999999999998
452,0.9,0.8,0.09999999999999998
453,0.25,0.4166666666666667,-0.16666666666666669
455,0.9,0.4,0.5
456,1.0,0.2,0.8
457,0.8,0.625,0.17500000000000004
458,0.6,0.4444444444444444,0.15555555555555556
459,0.5,0.25,0.25
460,1.0,0.5,0.5
463,0.6666666666666666,0.52,0.1466666666666666
464,1.0,0.8125,0.1875
465,0.0,0.08333333333333333,-0.08333333333333333
466,0.6,0.6,0.0
467,0.7,0.35714285714285715,0.3428571428571428
468,0.7,0.4090909090909091,0.29090909090909084
469,0.4,0.14285714285714285,0.2571428571428572
470,0.4166666666666667,0.625,-0.20833333333333331
471,0.75,0.1111111111111111,0.6388888888888888
472,0.7,0.6,0.09999999999999998
473,1.0,0.5555555555555556,0.4444444444444444
474,1.0,0.42857142857142855,0.5714285714285714
475,0.2,0.55,-0.35000000000000003
476,0.9,0.6,0.30000000000000004
477,0.0,0.5,-0.5
478,0.75,0.6875,0.0625
479,1.0,0.25,0.75
480,0.7,0.64,0.05999999999999994
481,1.0,0.5833333333333334,0.41666666666666663
482,1.0,0.5,0.5
483,1.0,0.5555555555555556,0.4444444444444444
484,0.75,0.7647058823529411,-0.014705882352941124
485,0.2,0.3,-0.09999999999999998
486,0.9090909090909091,0.6470588235294118,0.26203208556149726
487,0.8333333333333334,0.21428571428571427,0.6190476190476191
488,1.0,0.631578947368421,0.368421052631579
489,0.25,0.5,-0.25
490,0.5,0.4,0.09999999999999998
491,1.0,0.23529411764705882,0.7647058823529411
492,0.7272727272727273,0.18181818181818182,0.5454545454545454
493,0.6,0.2,0.39999999999999997
495,0.75,0.25,0.5
497,0.6,0.0,0.6
498,0.8571428571428571,0.5,0.3571428571428571
499,1.0,0.4,0.6
500,0.8,0.4,0.4
501,0.5,0.5,0.0
502,0.5,0.0,0.5
503,1.0,0.25,0.75
505,0.5,0.5,0.0
506,1.0,0.2777777777777778,0.7222222222222222
507,0.7777777777777778,0.5,0.2777777777777778
508,0.4,0.35714285714285715,0.04285714285714287
510,0.2,0.4444444444444444,-0.2444444444444444
511,0.5833333333333334,0.4,0.18333333333333335
513,0.4,0.5,-0.09999999999999998
514,0.3333333333333333,0.4090909090909091,-0.0757575757575758
515,0.9285714285714286,0.5,0.4285714285714286
516,0.6,0.42857142857142855,0.17142857142857143
517,0.8,0.7857142857142857,0.014285714285714346
518,1.0,0.0,1.0
519,0.2,0.0,0.2
520,0.8333333333333334,0.16666666666666666,0.6666666666666667
521,0.4,0.5454545454545454,-0.1454545454545454
522,0.6666666666666666,0.46153846153846156,0.20512820512820507
523,0.9,0.2,0.7
524,0.8,0.7,0.10000000000000009
525,0.7142857142857143,0.2857142857142857,0.4285714285714286
527,1.0,0.0,1.0
528,0.95,0.6923076923076923,0.25769230769230766
531,1.0,0.3,0.7
532,0.0,0.25,-0.25
533,0.0,0.3333333333333333,-0.3333333333333333
534,0.7142857142857143,0.5789473684210527,0.13533834586466165
535,0.5,0.5333333333333333,-0.033333333333333326
536,0.8235294117647058,0.5,0.32352941176470584
537,0.7,0.5714285714285714,0.12857142857142856
538,0.8235294117647058,0.5625,0.26102941176470584
539,0.5,0.36363636363636365,0.13636363636363635
540,0.9,0.7,0.20000000000000007
541,0.8666666666666667,0.6,0.2666666666666667
542,0.2,0.2,0.0
543,0.8,0.6363636363636364,0.1636363636363637
544,0.8,0.4090909090909091,0.39090909090909093
545,0.6,0.45454545454545453,0.14545454545454545
546,1.0,0.3076923076923077,0.6923076923076923
548,0.0,0.625,-0.625
549,0.16666666666666666,0.4,-0.23333333333333336
550,0.2857142857142857,0.5333333333333333,-0.24761904761904763
551,1.0,0.5,0.5
552,0.6666666666666666,0.5625,0.10416666666666663
553,0.6,1.0,-0.4
554,0.9583333333333334,0.6,0.3583333333333334
555,0.0,0.16666666666666666,-0.16666666666666666
556,0.0,0.47619047619047616,-0.47619047619047616
557,0.8,0.7096774193548387,0.0903225806451613
558,1.0,0.7272727272727273,0.2727272727272727
560,0.8,0.6,0.20000000000000007
561,0.0,1.0,-1.0
563,0.7777777777777778,0.16666666666666666,0.6111111111111112
564,1.0,0.6666666666666666,0.33333333333333337
565,0.2,0.5384615384615384,-0.3384615384615384
566,0.0,0.42857142857142855,-0.42857142857142855
567,0.0,0.625,-0.625
568,1.0,0.6666666666666666,0.33333333333333337
569,1.0,0.5,0.5
571,1.0,0.3225806451612903,0.6774193548387097
572,1.0,0.5384615384615384,0.46153846153846156
573,1.0,0.2727272727272727,0.7272727272727273
574,1.0,0.6111111111111112,0.38888888888888884
575,0.5,0.75,-0.25
576,0.4,1.0,-0.6
578,0.5,0.3333333333333333,0.16666666666666669
580,0.5,0.3,0.2
581,1.0,0.6666666666666666,0.33333333333333337
582,0.8,0.4,0.4
583,1.0,0.16666666666666666,0.8333333333333334
584,0.6,0.42857142857142855,0.17142857142857143
585,1.0,0.7272727272727273,0.2727272727272727
586,1.0,0.13333333333333333,0.8666666666666667
587,1.0,0.4,0.6
588,0.6,0.5833333333333334,0.016666666666666607
589,0.875,0.6111111111111112,0.26388888888888884
595,0.75,0.44,0.31
596,1.0,0.56,0.43999999999999995
597,0.7777777777777778,0.5789473684210527,0.19883040935672514
598,0.75,0.4090909090909091,0.3409090909090909
599,0.9333333333333333,0.4722222222222222,0.46111111111111114
600,1.0,0.5416666666666666,0.45833333333333337
601,1.0,0.2,0.8
602,0.9166666666666666,0.18181818181818182,0.7348484848484849
603,1.0,0.09090909090909091,0.9090909090909091
604,0.9333333333333333,0.0,0.9333333333333333
605,0.5,0.375,0.125
607,0.5555555555555556,0.23076923076923078,0.3247863247863248
608,1.0,0.5833333333333334,0.41666666666666663
610,1.0,0.5714285714285714,0.4285714285714286
611,0.9,0.0,0.9
612,0.4,0.4,0.0
614,0.0,0.3888888888888889,-0.3888888888888889
615,0.6,0.4,0.19999999999999996
616,0.6,0.56,0.039999999999999925
617,0.2,0.5714285714285714,-0.3714285714285714
618,0.8333333333333334,1.0,-0.16666666666666663
619,1.0,0.2,0.8
620,0.7,0.5454545454545454,0.15454545454545454
621,0.9,0.6363636363636364,0.26363636363636367
622,1.0,0.47368421052631576,0.5263157894736843
623,1.0,0.2857142857142857,0.7142857142857143
624,0.8333333333333334,0.6333333333333333,0.20000000000000007
627,1.0,0.6666666666666666,0.33333333333333337
628,1.0,0.3076923076923077,0.6923076923076923
629,0.8,0.5,0.30000000000000004
630,0.8333333333333334,0.3333333333333333,0.5
631,0.8,0.16666666666666666,0.6333333333333334
632,0.875,0.23076923076923078,0.6442307692307692
633,0.4,0.4,0.0
634,1.0,0.42857142857142855,0.5714285714285714
635,1.0,0.6363636363636364,0.36363636363636365
636,0.8,0.5384615384615384,0.2615384615384616
637,0.4,0.0,0.4
638,0.8,0.7,0.10000000000000009
639,0.9,0.4,0.5
640,1.0,0.3333333333333333,0.6666666666666667
641,1.0,0.7142857142857143,0.2857142857142857
642,0.6363636363636364,0.3076923076923077,0.32867132867132864
643,0.6666666666666666,0.5,0.16666666666666663
644,1.0,0.55,0.44999999999999996
645,0.3333333333333333,0.3333333333333333,0.0
646,1.0,0.5555555555555556,0.4444444444444444
647,0.8,0.625,0.17500000000000004
648,1.0,0.2,0.8
649,0.6,0.3333333333333333,0.26666666666666666
650,0.9,0.2,0.7
651,0.0,0.25,-0.25
652,0.6666666666666666,0.25,0.41666666666666663
653,0.8,0.6333333333333333,0.16666666666666674
654,0.2,0.4,-0.2
655,1.0,0.75,0.25
656,1.0,0.15789473684210525,0.8421052631578947
657,0.8666666666666667,0.48,0.3866666666666667
658,0.8888888888888888,0.5,0.38888888888888884
659,0.8,0.6,0.20000000000000007
660,1.0,0.5,0.5
661,1.0,0.6296296296296297,0.37037037037037035
662,0.5,0.16666666666666666,0.33333333333333337
663,0.5333333333333333,0.5531914893617021,-0.019858156028368823
664,0.7333333333333333,0.7,0.033333333333333326
665,1.0,0.6363636363636364,0.36363636363636365
666,0.0,0.2857142857142857,-0.2857142857142857
667,0.5,0.6666666666666666,-0.16666666666666663
668,0.6666666666666666,0.6666666666666666,0.0
669,0.0,0.4444444444444444,-0.4444444444444444
670,0.25,0.16666666666666666,0.08333333333333334
671,0.75,0.75,0.0
672,1.0,0.625,0.375
673,0.8666666666666667,0.56,0.30666666666666664
674,0.88,0.4,0.48
675,1.0,0.5714285714285714,0.4285714285714286
676,0.9,0.25,0.65
677,1.0,0.3333333333333333,0.6666666666666667
678,0.9375,0.625,0.3125
679,0.8,0.7058823529411765,0.09411764705882353
680,0.7058823529411765,0.36363636363636365,0.34224598930481287
681,0.6,0.6,0.0
682,1.0,0.6363636363636364,0.36363636363636365
683,0.4,0.4375,-0.03749999999999998
684,0.18181818181818182,1.0,-0.8181818181818181
685,1.0,0.5454545454545454,0.4545454545454546
686,0.6,0.42857142857142855,0.17142857142857143
687,0.4444444444444444,0.3448275862068966,0.09961685823754785
688,1.0,0.0,1.0
689,0.2222222222222222,0.5833333333333334,-0.36111111111111116
690,0.8666666666666667,0.5,0.3666666666666667
691,0.8666666666666667,0.29411764705882354,0.5725490196078431
692,0.9166666666666666,0.4666666666666667,0.44999999999999996
694,0.8333333333333334,0.5,0.33333333333333337
695,0.85,0.3125,0.5375
696,1.0,0.48,0.52
697,0.875,0.6111111111111112,0.26388888888888884
698,0.9,0.1111111111111111,0.788888888888889
700,0.8666666666666667,0.5217391304347826,0.3449275362318841
701,0.6666666666666666,0.8,-0.13333333333333341
702,0.9333333333333333,0.4,0.5333333333333333
703,1.0,0.6,0.4
704,0.6666666666666666,0.75,-0.08333333333333337
705,0.7142857142857143,0.25,0.4642857142857143
706,0.2,0.35714285714285715,-0.15714285714285714
708,0.7,0.56,0.1399999999999999
709,0.0,0.7142857142857143,-0.7142857142857143
710,0.5333333333333333,0.2,0.3333333333333333
711,0.3,0.16666666666666666,0.13333333333333333
712,0.7,0.5714285714285714,0.12857142857142856
713,0.5,0.625,-0.125
714,1.0,0.2,0.8
715,0.7,0.6,0.09999999999999998
716,0.625,0.5714285714285714,0.0535714285714286
717,1.0,0.5666666666666667,0.43333333333333335
718,0.7,0.6666666666666666,0.033333333333333326
719,0.6,0.55,0.04999999999999993
720,0.5555555555555556,0.36363636363636365,0.19191919191919193
721,1.0,0.5,0.5
722,0.9,0.6111111111111112,0.28888888888888886
724,0.875,0.4864864864864865,0.3885135135135135
725,0.4666666666666667,0.42857142857142855,0.038095238095238126
726,1.0,0.5324675324675324,0.4675324675324676
727,1.0,0.6470588235294118,0.3529411764705882
728,1.0,0.7,0.30000000000000004
731,0.7777777777777778,0.3333333333333333,0.4444444444444445
732,0.7,0.7777777777777778,-0.07777777777777783
733,0.7,0.47058823529411764,0.22941176470588232
735,0.3333333333333333,0.5294117647058824,-0.19607843137254904
737,0.65,0.43478260869565216,0.21521739130434786
738,0.9130434782608695,0.8,0.11304347826086947
739,1.0,0.5,0.5
740,0.8235294117647058,0.4375,0.38602941176470584
741,0.75,0.5714285714285714,0.1785714285714286
742,0.625,0.42857142857142855,0.19642857142857145
743,0.9,0.5384615384615384,0.3615384615384616
744,1.0,0.3888888888888889,0.6111111111111112
745,1.0,0.6206896551724138,0.3793103448275862
746,1.0,0.5925925925925926,0.40740740740740744
747,1.0,0.3333333333333333,0.6666666666666667
748,0.8620689655172413,0.18181818181818182,0.6802507836990594
749,0.875,0.6153846153846154,0.2596153846153846
750,0.875,0.4838709677419355,0.3911290322580645
751,1.0,0.34782608695652173,0.6521739130434783
752,0.8,0.2727272727272727,0.5272727272727273
753,0.9375,0.5714285714285714,0.3660714285714286
754,0.5,0.42857142857142855,0.07142857142857145
756,1.0,0.5454545454545454,0.4545454545454546
757,0.7272727272727273,0.3333333333333333,0.393939393939394
760,1.0,0.6428571428571429,0.3571428571428571
761,1.0,0.7391304347826086,0.26086956521739135
762,0.8666666666666667,0.5833333333333334,0.2833333333333333
763,1.0,0.5625,0.4375
764,1.0,0.7058823529411765,0.2941176470588235
765,0.9333333333333333,0.375,0.5583333333333333
766,1.0,0.45454545454545453,0.5454545454545454
767,0.7,0.7142857142857143,-0.014285714285714346
768,1.0,0.23076923076923078,0.7692307692307692
769,1.0,0.125,0.875
770,0.9333333333333333,0.23076923076923078,0.7025641025641025
771,0.7,0.6818181818181818,0.018181818181818188
772,0.6363636363636364,0.2857142857142857,0.35064935064935066
773,0.9,0.5454545454545454,0.3545454545454546
774,0.8,0.8181818181818182,-0.018181818181818188
775,0.9,0.4,0.5
776,1.0,0.6666666666666666,0.33333333333333337
777,0.7,0.5333333333333333,0.16666666666666663
778,0.8,0.23529411764705882,0.5647058823529412
779,0.6,0.6428571428571429,-0.04285714285714293
781,0.6666666666666666,0.5,0.16666666666666663
782,0.9,0.5833333333333334,0.31666666666666665
783,0.7272727272727273,0.0,0.7272727272727273
784,0.5555555555555556,0.2,0.35555555555555557
785,0.21428571428571427,0.2,0.014285714285714263
786,0.9,0.5238095238095238,0.3761904761904762
787,0.8,0.14285714285714285,0.6571428571428573
788,1.0,0.631578947368421,0.368421052631579
789,0.7,0.5555555555555556,0.14444444444444438
790,1.0,0.6923076923076923,0.3076923076923077
791,0.9,0.75,0.15000000000000002
792,0.9,0.45454545454545453,0.4454545454545455
793,1.0,0.6666666666666666,0.33333333333333337
794,0.85,0.6153846153846154,0.23461538461538456
795,1.0,0.16666666666666666,0.8333333333333334
796,1.0,0.4,0.6
797,0.6,0.6,0.0
798,0.2,0.35,-0.14999999999999997
799,0.7,0.4,0.29999999999999993
800,0.6428571428571429,0.6,0.04285714285714293
801,1.0,0.5,0.5
802,1.0,0.7466666666666667,0.2533333333333333
803,0.8181818181818182,0.4727272727272727,0.3454545454545455
805,1.0,0.46153846153846156,0.5384615384615384
806,1.0,0.3333333333333333,0.6666666666666667
807,0.7,0.42857142857142855,0.2714285714285714
808,0.8,0.5797101449275363,0.2202898550724638
809,0.8,0.38461538461538464,0.4153846153846154
810,0.9230769230769231,0.5555555555555556,0.36752136752136755
811,0.8,0.4117647058823529,0.3882352941176471
812,0.8888888888888888,0.36363636363636365,0.5252525252525252
813,1.0,0.3333333333333333,0.6666666666666667
814,0.8333333333333334,0.42,0.4133333333333334
815,0.7777777777777778,0.4166666666666667,0.3611111111111111
816,0.8,0.5,0.30000000000000004
817,1.0,0.7142857142857143,0.2857142857142857
818,1.0,0.5714285714285714,0.4285714285714286
819,1.0,0.6341463414634146,0.36585365853658536
820,0.9333333333333333,0.4827586206896552,0.45057471264367815
821,0.5,0.36363636363636365,0.13636363636363635
822,0.8,0.5454545454545454,0.25454545454545463
823,1.0,0.46153846153846156,0.5384615384615384
824,0.8,0.375,0.42500000000000004
825,0.6,0.6923076923076923,-0.09230769230769231
826,0.6666666666666666,0.2,0.4666666666666666
827,0.8,0.44,0.36000000000000004
828,1.0,0.5694444444444444,0.4305555555555556
829,0.8,0.6818181818181818,0.11818181818181828
830,0.6,0.5,0.09999999999999998
831,0.75,0.0,0.75
832,0.6,0.6,0.0
833,0.9,0.5,0.4
834,1.0,0.23076923076923078,0.7692307692307692
835,0.7272727272727273,0.5,0.2272727272727273
836,0.6,0.4411764705882353,0.1588235294117647
837,0.8823529411764706,0.5,0.38235294117647056
838,0.8,0.25,0.55
839,1.0,0.7777777777777778,0.2222222222222222
840,1.0,0.16666666666666666,0.8333333333333334
841,0.9,0.6486486486486487,0.25135135135135134
843,0.7272727272727273,0.5,0.2272727272727273
844,0.9,0.7,0.20000000000000007
845,1.0,0.6,0.4
846,0.5,0.6,-0.09999999999999998
847,0.2,0.0,0.2
848,1.0,0.5,0.5
849,0.5,0.2,0.3
850,0.6,0.5,0.09999999999999998
851,0.0,0.6363636363636364,-0.6363636363636364
852,0.5,0.5185185185185185,-0.01851851851851849
854,0.0,0.65,-0.65
855,0.8571428571428571,0.125,0.7321428571428571
856,0.8125,0.2857142857142857,0.5267857142857143
857,0.3333333333333333,0.6,-0.26666666666666666
858,1.0,0.0,1.0
859,0.8,0.7142857142857143,0.08571428571428574
860,0.2,0.8333333333333334,-0.6333333333333333
861,0.9523809523809523,0.46153846153846156,0.49084249084249076
862,0.2222222222222222,0.5,-0.2777777777777778
863,0.5,0.5,0.0
864,1.0,0.5238095238095238,0.47619047619047616
865,0.9,0.3333333333333333,0.5666666666666667
866,0.9333333333333333,0.4,0.5333333333333333
867,0.9047619047619048,0.5263157894736842,0.3784461152882206
868,1.0,0.25,0.75
869,1.0,0.0,1.0
870,0.9,0.1,0.8
871,1.0,0.5,0.5
872,1.0,0.2222222222222222,0.7777777777777778
873,1.0,0.2,0.8
874,0.8235294117647058,0.3333333333333333,0.49019607843137253
875,0.5,0.375,0.125
876,0.9333333333333333,0.5,0.43333333333333335
877,1.0,0.42857142857142855,0.5714285714285714
878,0.5,0.4411764705882353,0.05882352941176472
879,0.8,0.6,0.20000000000000007
881,0.9666666666666667,0.5151515151515151,0.45151515151515154
882,0.8947368421052632,0.5,0.39473684210526316
883,0.5333333333333333,0.5909090909090909,-0.05757575757575761
884,0.8666666666666667,0.6,0.2666666666666667
885,0.6666666666666666,0.6451612903225806,0.021505376344086002
886,0.8,0.5714285714285714,0.22857142857142865
887,0.7333333333333333,0.4,0.33333333333333326
888,0.8,0.6521739130434783,0.14782608695652177
889,0.8,0.95,-0.1499999999999999
890,0.6,1.0,-0.4
891,1.0,0.7142857142857143,0.2857142857142857
892,0.5,0.35714285714285715,0.14285714285714285
893,0.6,1.0,-0.4
894,1.0,0.7272727272727273,0.2727272727272727
895,0.75,0.6111111111111112,0.13888888888888884
896,0.7,0.5238095238095238,0.17619047619047612
898,0.4,0.5555555555555556,-0.15555555555555556
899,0.75,0.7391304347826086,0.010869565217391353
900,0.5,0.2,0.3
901,1.0,0.5,0.5
903,0.9,0.5,0.4
904,0.0,0.45454545454545453,-0.45454545454545453
905,1.0,1.0,0.0
907,0.8333333333333334,0.14285714285714285,0.6904761904761905
908,0.8,0.3333333333333333,0.46666666666666673
909,0.9,0.4,0.5
910,1.0,0.38461538461538464,0.6153846153846154
911,0.8,0.6521739130434783,0.14782608695652177
912,1.0,0.4117647058823529,0.5882352941176471
913,0.9411764705882353,0.5,0.4411764705882353
914,0.5,0.2,0.3
915,0.9090909090909091,0.5714285714285714,0.33766233766233766
916,0.3,0.4444444444444444,-0.14444444444444443
918,0.0,0.5,-0.5
919,1.0,0.4166666666666667,0.5833333333333333
920,1.0,0.25,0.75
921,0.6666666666666666,0.42857142857142855,0.23809523809523808
922,0.7,0.4375,0.26249999999999996
923,0.2,0.8,-0.6000000000000001
924,0.6,0.5416666666666666,0.05833333333333335
925,0.9,0.47619047619047616,0.42380952380952386
926,0.2,0.4838709677419355,-0.2838709677419355
927,1.0,0.7,0.30000000000000004
928,1.0,1.0,0.0
929,0.4666666666666667,0.5,-0.033333333333333326
930,0.7,0.6875,0.012499999999999956
931,1.0,0.45454545454545453,0.5454545454545454
932,0.3,0.5,-0.2
933,0.4,0.5,-0.09999999999999998
934,0.6,0.6190476190476191,-0.01904761904761909
936,0.8333333333333334,0.6428571428571429,0.19047619047619047
937,0.7,0.6,0.09999999999999998
938,0.9444444444444444,0.6923076923076923,0.25213675213675213
939,0.9333333333333333,0.46153846153846156,0.4717948717948718
940,0.7777777777777778,0.5,0.2777777777777778
941,1.0,0.16666666666666666,0.8333333333333334
943,0.6666666666666666,0.6808510638297872,-0.014184397163120588
944,0.2,0.45,-0.25
945,1.0,0.46153846153846156,0.5384615384615384
947,0.6666666666666666,0.6666666666666666,0.0
948,0.5,0.16666666666666666,0.33333333333333337
949,0.5454545454545454,0.7142857142857143,-0.1688311688311689
950,0.8333333333333334,0.36,0.4733333333333334
951,0.0,0.16666666666666666,-0.16666666666666666
952,0.75,0.7142857142857143,0.0357142857142857
953,0.6,0.4375,0.16249999999999998
954,0.6666666666666666,0.45,0.21666666666666662
956,0.6666666666666666,0.5555555555555556,0.11111111111111105
957,0.9285714285714286,0.5,0.4285714285714286
958,0.8666666666666667,0.696969696969697,0.16969696969696968
959,0.2,0.6153846153846154,-0.4153846153846154
960,1.0,1.0,0.0
961,1.0,0.5714285714285714,0.4285714285714286
962,1.0,0.6666666666666666,0.33333333333333337
963,1.0,0.6666666666666666,0.33333333333333337
966,0.5,0.6,-0.09999999999999998
967,0.8,0.26666666666666666,0.5333333333333334
969,0.375,0.75,-0.375
970,1.0,0.4230769230769231,0.5769230769230769
971,0.5,0.42857142857142855,0.07142857142857145
972,0.9,0.25,0.65
974,0.9,0.8,0.09999999999999998
975,1.0,0.2222222222222222,0.7777777777777778
978,0.9,0.5,0.4
981,0.6,0.6,0.0
982,1.0,0.5454545454545454,0.4545454545454546
984,0.8,0.5555555555555556,0.24444444444444446
987,0.8,0.4,0.4
994,0.7142857142857143,0.375,0.3392857142857143
995,0.9090909090909091,0.6216216216216216,0.28746928746928746
996,0.6,0.5,0.09999999999999998
997,0.6666666666666666,0.6666666666666666,0.0
998,0.75,0.7083333333333334,0.04166666666666663
999,0.8,0.25,0.55
1001,0.0,0.6842105263157895,-0.6842105263157895
1002,1.0,0.14285714285714285,0.8571428571428572
1003,0.9,0.5769230769230769,0.32307692307692315
1004,0.9333333333333333,0.6666666666666666,0.2666666666666667
1005,1.0,0.6451612903225806,0.3548387096774194
1006,0.9166666666666666,0.5789473684210527,0.337719298245614
1007,0.75,0.5882352941176471,0.16176470588235292
1008,1.0,0.6153846153846154,0.3846153846153846
1009,1.0,0.5,0.5
1010,1.0,0.5555555555555556,0.4444444444444444
1011,0.8823529411764706,0.7368421052631579,0.1455108359133127
1012,1.0,0.5882352941176471,0.4117647058823529
1013,0.7333333333333333,0.3888888888888889,0.3444444444444444
1014,0.6666666666666666,0.75,-0.08333333333333337
1015,0.5454545454545454,0.5789473684210527,-0.03349282296650724
1016,0.5555555555555556,0.5384615384615384,0.017094017094017144
1017,1.0,0.2,0.8
1018,0.8666666666666667,0.7142857142857143,0.1523809523809524
1019,0.7333333333333333,0.5555555555555556,0.1777777777777777
1020,0.5,0.7142857142857143,-0.2142857142857143
1021,0.45454545454545453,0.2727272727272727,0.18181818181818182
1022,0.8,0.25,0.55
1023,0.8,1.0,-0.19999999999999996
1024,0.4,0.5,-0.09999999999999998
1025,1.0,0.0,1.0
1026,0.9,0.8,0.09999999999999998
1027,0.75,0.625,0.125
1028,0.7,0.6363636363636364,0.0636363636363636
1029,0.6,0.3333333333333333,0.26666666666666666
1030,0.75,0.625,0.125
1032,0.6923076923076923,0.4444444444444444,0.24786324786324787
1033,0.4,0.2857142857142857,0.11428571428571432
1034,0.8181818181818182,0.391304347826087,0.42687747035573126
1035,0.8,0.0,0.8
1036,0.8,0.6,0.20000000000000007
1037,1.0,0.47619047619047616,0.5238095238095238
1038,0.8,0.6363636363636364,0.1636363636363637
1039,0.5,0.45454545454545453,0.04545454545454547
1040,1.0,0.42857142857142855,0.5714285714285714
1041,0.3333333333333333,0.42857142857142855,-0.09523809523809523
1042,0.2,0.6101694915254238,-0.41016949152542376
1043,0.0,0.6,-0.6
1045,0.7,0.375,0.32499999999999996
1047,1.0,0.7142857142857143,0.2857142857142857
1048,0.4,0.4857142857142857,-0.08571428571428569
1049,0.9166666666666666,0.45454545454545453,0.4621212121212121
1050,0.75,0.375,0.375
1051,1.0,0.38461538461538464,0.6153846153846154
1053,1.0,0.3939393939393939,0.6060606060606061
1054,0.8333333333333334,0.8947368421052632,-0.06140350877192979
1055,0.9333333333333333,0.7222222222222222,0.21111111111111114
1056,1.0,0.0,1.0
1057,0.65,0.6071428571428571,0.04285714285714293
1058,0.7333333333333333,0.47368421052631576,0.2596491228070175
1059,0.8,0.4583333333333333,0.34166666666666673
1060,0.47368421052631576,0.6,-0.12631578947368421
1061,0.55,0.4666666666666667,0.08333333333333337
1062,1.0,0.6470588235294118,0.3529411764705882
1063,0.7333333333333333,0.5217391304347826,0.2115942028985507
1064,1.0,0.5185185185185185,0.4814814814814815
1065,0.6,0.5384615384615384,0.06153846153846154
1066,1.0,0.7647058823529411,0.23529411764705888
1067,1.0,0.7777777777777778,0.2222222222222222
1068,0.8,0.8,0.0
1069,0.3333333333333333,0.16666666666666666,0.16666666666666666
1070,1.0,0.47368421052631576,0.5263157894736843
1071,1.0,0.7727272727272727,0.2272727272727273
1072,1.0,0.5263157894736842,0.4736842105263158
1073,0.9,0.3333333333333333,0.5666666666666667
1074,0.75,0.5555555555555556,0.19444444444444442
1075,0.8888888888888888,0.5483870967741935,0.34050179211469533
1076,1.0,0.4,0.6
1077,0.625,0.46153846153846156,0.16346153846153844
1078,1.0,0.6,0.4
1079,0.6,0.42857142857142855,0.17142857142857143
1080,0.7,0.16666666666666666,0.5333333333333333
1081,0.5,0.5,0.0
1082,0.7333333333333333,0.6296296296296297,0.10370370370370363
1083,0.0,0.5384615384615384,-0.5384615384615384
1084,1.0,0.16666666666666666,0.8333333333333334
1085,0.9166666666666666,0.7777777777777778,0.13888888888888884
1086,0.7,0.6842105263157895,0.015789473684210464
1087,0.8,0.47619047619047616,0.3238095238095239
1088,0.6,0.6470588235294118,-0.04705882352941182
1089,1.0,0.375,0.625
1090,1.0,0.3333333333333333,0.6666666666666667
1091,0.4,0.625,-0.22499999999999998
1092,0.8,0.48484848484848486,0.3151515151515152
1093,1.0,0.5,0.5
1094,0.6666666666666666,0.0,0.6666666666666666
1095,0.8,0.6,0.20000000000000007
1096,0.9,0.2222222222222222,0.6777777777777778
1097,1.0,0.47619047619047616,0.5238095238095238
1098,0.5,0.4782608695652174,0.021739130434782594
1099,0.8666666666666667,0.14285714285714285,0.7238095238095239
1100,0.96,0.5,0.45999999999999996
1101,0.7333333333333333,0.625,0.10833333333333328
1102,0.25,1.0,-0.75
1103,0.2,0.5714285714285714,-0.3714285714285714
1104,0.5,0.3181818181818182,0.18181818181818182
1105,0.75,1.0,-0.25
1107,0.9333333333333333,0.16666666666666666,0.7666666666666667
1108,0.9333333333333333,0.5625,0.37083333333333335
1109,0.8333333333333334,0.6666666666666666,0.16666666666666674
1110,0.9,0.3076923076923077,0.5923076923076923
1112,1.0,0.6666666666666666,0.33333333333333337
1113,1.0,0.5333333333333333,0.4666666666666667
1114,0.5,0.375,0.125
1115,0.4,0.46153846153846156,-0.06153846153846154
1117,0.5,0.16666666666666666,0.33333333333333337
1118,0.8,0.3333333333333333,0.46666666666666673
1119,0.8,0.2857142857142857,0.5142857142857143
1120,0.6666666666666666,0.4,0.2666666666666666
1121,1.0,1.0,0.0
1122,0.7,0.5714285714285714,0.12857142857142856
1123,0.7777777777777778,0.6666666666666666,0.11111111111111116
1124,0.625,0.5161290322580645,0.1088709677419355
1125,0.0,0.5769230769230769,-0.5769230769230769
1126,0.8,0.43478260869565216,0.3652173913043479
1127,0.0,0.7272727272727273,-0.7272727272727273
1129,0.875,0.6111111111111112,0.26388888888888884
1130,1.0,0.5625,0.4375
1131,0.4,0.5,-0.09999999999999998
1132,0.8,0.5555555555555556,0.24444444444444446
1133,0.8,0.5384615384615384,0.2615384615384616
1134,0.6,0.25,0.35
1135,0.9333333333333333,0.07692307692307693,0.8564102564102565
1136,1.0,0.46153846153846156,0.5384615384615384
1137,1.0,0.6363636363636364,0.36363636363636365
1138,0.8,0.6666666666666666,0.13333333333333341
1139,0.4,0.2,0.2
1140,0.6363636363636364,0.4,0.23636363636363633
1141,1.0,0.5,0.5
1142,0.9,0.2,0.7
1143,0.8666666666666667,0.45454545454545453,0.41212121212121217
1144,1.0,0.25,0.75
1145,0.7,0.21428571428571427,0.48571428571428565
1146,1.0,0.7297297297297297,0.2702702702702703
1147,0.9,0.2,0.7
1148,0.25,0.42857142857142855,-0.17857142857142855
1149,0.6,0.5625,0.03749999999999998
1150,0.6666666666666666,0.5714285714285714,0.09523809523809523
1151,0.0,0.43478260869565216,-0.43478260869565216
1152,0.7692307692307693,0.6857142857142857,0.08351648351648355
1153,1.0,0.5454545454545454,0.4545454545454546
1154,0.5,0.0,0.5
1155,1.0,0.2857142857142857,0.7142857142857143
1156,0.6,0.5238095238095238,0.07619047619047614
1157,0.8888888888888888,0.5555555555555556,0.33333333333333326
1158,0.8,0.875,-0.07499999999999996
1159,0.7142857142857143,0.6,0.11428571428571432
1160,0.75,0.3333333333333333,0.4166666666666667
1161,0.8,0.0,0.8
1162,1.0,0.625,0.375
1163,1.0,0.2857142857142857,0.7142857142857143
1164,0.1,0.2857142857142857,-0.1857142857142857
1165,0.875,0.6,0.275
1166,0.75,0.55,0.19999999999999996
1167,0.8,0.46153846153846156,0.3384615384615385
1168,0.8,0.5416666666666666,0.2583333333333334
1169,0.9,0.3888888888888889,0.5111111111111111
1170,0.4,0.8,-0.4
1171,0.4,0.46153846153846156,-0.06153846153846154
1172,0.0,0.5185185185185185,-0.5185185185185185
1173,0.0,0.2857142857142857,-0.2857142857142857
1174,0.2,0.4117647058823529,-0.2117647058823529
1175,0.8888888888888888,0.35714285714285715,0.5317460317460316
1176,1.0,0.6428571428571429,0.3571428571428571
1178,1.0,0.4,0.6
1179,0.6,0.6666666666666666,-0.06666666666666665
1180,0.0,0.47058823529411764,-0.47058823529411764
1181,0.6666666666666666,0.2727272727272727,0.3939393939393939
1182,1.0,0.7,0.30000000000000004
1183,0.6,0.4375,0.16249999999999998
1184,0.3333333333333333,0.5,-0.16666666666666669
1185,0.8666666666666667,0.42857142857142855,0.43809523809523815
1186,0.0,0.3333333333333333,-0.3333333333333333
1187,0.2,0.0,0.2
1188,0.4,0.2,0.2
1189,0.0,0.3333333333333333,-0.3333333333333333
1190,0.2,0.16666666666666666,0.033333333333333354
1191,0.0,0.2,-0.2
1192,1.0,0.7142857142857143,0.2857142857142857
1194,0.0,0.14285714285714285,-0.14285714285714285
1195,0.0,0.2857142857142857,-0.2857142857142857
1196,0.5,0.5,0.0
1197,0.8,0.6470588235294118,0.15294117647058825
1198,0.7333333333333333,0.75,-0.01666666666666672
1199,1.0,0.2,0.8
1200,1.0,0.5454545454545454,0.4545454545454546
1201,1.0,0.56,0.43999999999999995
1202,0.0,0.5555555555555556,-0.5555555555555556
1203,0.8,0.15384615384615385,0.6461538461538462
1204,0.9,0.47058823529411764,0.4294117647058824
1205,0.5,0.4,0.09999999999999998
1206,0.0,0.5,-0.5
1207,0.2,0.42105263157894735,-0.22105263157894733
1208,0.9,0.3333333333333333,0.5666666666666667
1209,0.0,0.8333333333333334,-0.8333333333333334
1210,0.0,0.4666666666666667,-0.4666666666666667
1211,0.8,0.5555555555555556,0.24444444444444446
1212,1.0,0.625,0.375
1213,0.5555555555555556,0.4782608695652174,0.07729468599033817
1214,0.9,0.21428571428571427,0.6857142857142857
1215,0.4,0.25,0.15000000000000002
1216,0.6,0.4444444444444444,0.15555555555555556
1217,0.0,0.47619047619047616,-0.47619047619047616
1218,0.8333333333333334,0.6666666666666666,0.16666666666666674
1219,0.4,0.5263157894736842,-0.12631578947368416
1220,1.0,0.38095238095238093,0.6190476190476191
1221,1.0,0.4782608695652174,0.5217391304347826
1222,1.0,0.6666666666666666,0.33333333333333337
1223,0.6666666666666666,0.7142857142857143,-0.04761904761904767
1224,0.2,0.41935483870967744,-0.21935483870967742
1225,0.6,0.64,-0.040000000000000036
1226,0.6,0.44,0.15999999999999998
1227,0.6666666666666666,0.5925925925925926,0.07407407407407407
1228,1.0,0.5909090909090909,0.40909090909090906
1229,0.6,0.47368421052631576,0.12631578947368421
1230,0.2857142857142857,0.36363636363636365,-0.07792207792207795
1231,0.7,0.7857142857142857,-0.08571428571428574
1232,0.5,0.42105263157894735,0.07894736842105265
1233,0.9,0.3125,0.5875
1234,0.9333333333333333,0.16666666666666666,0.7666666666666667
1235,1.0,0.3125,0.6875
1236,1.0,0.42857142857142855,0.5714285714285714
1237,0.9,0.35714285714285715,0.5428571428571429
1238,0.6666666666666666,0.5384615384615384,0.1282051282051282
1239,0.9,0.5789473684210527,0.32105263157894737
1241,0.8333333333333334,0.125,0.7083333333333334
1242,0.9,0.4857142857142857,0.4142857142857143
1243,0.7,0.4,0.29999999999999993
1244,0.7,0.3888888888888889,0.31111111111111106
1245,0.5454545454545454,0.4117647058823529,0.1336898395721925
1246,0.25,0.375,-0.125
1247,0.2,0.4,-0.2
1249,1.0,0.0,1.0
1250,0.9,0.625,0.275
1251,1.0,0.5471698113207547,0.4528301886792453
1252,1.0,0.5625,0.4375
1253,1.0,0.3684210526315789,0.631578947368421
1254,0.875,0.7,0.17500000000000004
1255,0.6666666666666666,0.6470588235294118,0.019607843137254832
1256,0.75,0.5409836065573771,0.2090163934426229
1257,0.4,0.5,-0.09999999999999998
1258,0.8333333333333334,0.5,0.33333333333333337
1259,0.875,0.5121951219512195,0.3628048780487805
1260,0.9,0.625,0.275
1261,1.0,0.47368421052631576,0.5263157894736843
1262,0.6,0.2631578947368421,0.3368421052631579
1263,0.7692307692307693,0.6285714285714286,0.14065934065934071
1264,0.7368421052631579,0.35714285714285715,0.3796992481203007
1265,0.8,0.6666666666666666,0.13333333333333341
1266,1.0,0.4,0.6
1267,1.0,0.5,0.5
1268,1.0,0.35714285714285715,0.6428571428571428
1269,0.0,0.5,-0.5
1270,0.7,0.46153846153846156,0.2384615384615384
1271,1.0,0.75,0.25
1272,1.0,0.4,0.6
1273,0.6666666666666666,0.6666666666666666,0.0
1274,0.5,0.0,0.5
1275,0.0,0.0,0.0
1276,0.0,0.42857142857142855,-0.42857142857142855
1277,0.0,0.16666666666666666,-0.16666666666666666
1279,1.0,0.6666666666666666,0.33333333333333337
1280,1.0,0.7142857142857143,0.2857142857142857
1281,0.7,0.3793103448275862,0.32068965517241377
1282,0.0,0.54,-0.54
1283,0.9,0.6666666666666666,0.2333333333333334
1284,0.5,0.5853658536585366,-0.08536585365853655
1285,1.0,0.3684210526315789,0.631578947368421
1286,0.8,0.7647058823529411,0.03529411764705892
1287,0.75,0.4117647058823529,0.3382352941176471
1288,0.3333333333333333,0.5,-0.16666666666666669
1289,1.0,0.6,0.4
1290,1.0,0.5238095238095238,0.47619047619047616
1291,1.0,0.2857142857142857,0.7142857142857143
1292,0.7857142857142857,0.5833333333333334,0.20238095238095233
1293,0.9090909090909091,0.4,0.509090909090909
1294,0.8,0.375,0.42500000000000004
1295,1.0,0.5238095238095238,0.47619047619047616
1296,0.8571428571428571,0.5,0.3571428571428571
1297,1.0,0.25,0.75
1298,1.0,0.5238095238095238,0.47619047619047616
1299,0.8,0.3333333333333333,0.46666666666666673
1300,0.0,0.6363636363636364,-0.6363636363636364
1301,1.0,0.696969696969697,0.303030303030303
1302,0.8,0.4523809523809524,0.34761904761904766
1303,0.0,0.5128205128205128,-0.5128205128205128
1304,0.9,0.6111111111111112,0.28888888888888886
1305,0.5833333333333334,0.5434782608695652,0.03985507246376818
1306,0.8,0.5384615384615384,0.2615384615384616
1307,1.0,0.581081081081081,0.41891891891891897
1308,1.0,0.574468085106383,0.42553191489361697
1309,0.84,0.5,0.33999999999999997
1310,0.5,0.25,0.25
1311,1.0,0.6136363636363636,0.38636363636363635
1312,1.0,0.5357142857142857,0.4642857142857143
1313,1.0,0.29411764705882354,0.7058823529411764
1314,1.0,0.5555555555555556,0.4444444444444444
1315,0.9,0.4857142857142857,0.4142857142857143
1316,0.75,0.5833333333333334,0.16666666666666663
1317,1.0,0.875,0.125
1318,1.0,0.3333333333333333,0.6666666666666667
1319,0.8333333333333334,0.4090909090909091,0.42424242424242425
1320,0.7,0.3333333333333333,0.36666666666666664
1321,1.0,0.21428571428571427,0.7857142857142857
1322,0.375,0.2,0.175
1323,0.2857142857142857,0.14285714285714285,0.14285714285714285
1324,0.5,0.47368421052631576,0.026315789473684237
1325,0.5,0.2,0.3
1326,0.8,0.5,0.30000000000000004
1327,0.6,0.16666666666666666,0.43333333333333335
1328,0.7777777777777778,0.26666666666666666,0.5111111111111111
1329,0.5,0.25,0.25
1330,0.9,0.0,0.9
1331,0.875,0.3333333333333333,0.5416666666666667
1332,0.875,0.42105263157894735,0.45394736842105265
1333,0.6666666666666666,0.25,0.41666666666666663
1334,0.25,0.391304347826087,-0.14130434782608697
1335,0.875,0.16666666666666666,0.7083333333333334
1336,1.0,0.5263157894736842,0.4736842105263158
1337,0.9166666666666666,0.4482758620689655,0.4683908045977011
1338,1.0,0.2222222222222222,0.7777777777777778
1339,0.4,0.3333333333333333,0.06666666666666671
1340,0.25,0.4,-0.15000000000000002
1341,0.5,0.4,0.09999999999999998
1342,0.8333333333333334,0.7222222222222222,0.11111111111111116
1343,1.0,0.5833333333333334,0.41666666666666663
1344,1.0,0.5263157894736842,0.4736842105263158
1345,0.5833333333333334,0.5555555555555556,0.02777777777777779
1346,0.8,0.6086956521739131,0.19130434782608696
1347,0.6666666666666666,0.5135135135135135,0.15315315315315314
1348,0.9333333333333333,0.6896551724137931,0.2436781609195402
1349,0.0,0.8,-0.8
1350,0.7,0.5333333333333333,0.16666666666666663
1351,0.6,0.5,0.09999999999999998
1352,0.4,0.5714285714285714,-0.17142857142857137
1353,0.6,0.5,0.09999999999999998
1354,0.7,0.375,0.32499999999999996
1355,0.9,0.16666666666666666,0.7333333333333334
1356,1.0,0.5,0.5
1357,0.9545454545454546,0.5,0.4545454545454546
1358,0.9,0.375,0.525
1359,0.5,0.47058823529411764,0.02941176470588236
1360,1.0,0.4827586206896552,0.5172413793103448
1361,0.75,0.5483870967741935,0.2016129032258065
1362,0.9,0.4375,0.4625
1363,0.8,0.3076923076923077,0.49230769230769234
1364,0.8,0.5588235294117647,0.24117647058823533
1365,1.0,0.7727272727272727,0.2272727272727273
1366,0.6363636363636364,0.4,0.23636363636363633
1367,0.6666666666666666,0.42857142857142855,0.23809523809523808
1368,1.0,0.3333333333333333,0.6666666666666667
1369,1.0,1.0,0.0
1370,0.4444444444444444,0.8333333333333334,-0.38888888888888895
1371,1.0,0.3333333333333333,0.6666666666666667
1372,0.8666666666666667,0.375,0.4916666666666667
1373,0.5,0.7,-0.19999999999999996
1374,0.8,0.5,0.30000000000000004
1375,0.9444444444444444,0.6111111111111112,0.33333333333333326
1376,1.0,0.2857142857142857,0.7142857142857143
1377,0.9,0.5625,0.3375
1378,1.0,0.3333333333333333,0.6666666666666667
1379,0.5,0.125,0.375
1380,0.7777777777777778,0.5,0.2777777777777778
1381,0.6,0.4666666666666667,0.1333333333333333
1382,0.5454545454545454,0.2727272727272727,0.2727272727272727
1383,0.8,0.2,0.6000000000000001
1384,0.625,0.3333333333333333,0.2916666666666667
1385,0.5,0.14285714285714285,0.35714285714285715
1386,0.5,0.2727272727272727,0.2272727272727273
1387,1.0,0.6363636363636364,0.36363636363636365
1388,0.42857142857142855,0.125,0.30357142857142855
1389,1.0,0.5,0.5
1390,0.75,0.5454545454545454,0.20454545454545459
1391,0.4,0.2857142857142857,0.11428571428571432
1392,0.8333333333333334,0.4,0.43333333333333335
1393,0.8,0.46153846153846156,0.3384615384615385
1394,1.0,0.36363636363636365,0.6363636363636364
1395,0.5,1.0,-0.5
1396,0.8,0.35714285714285715,0.4428571428571429
1397,0.45454545454545453,0.16666666666666666,0.28787878787878785
1398,0.75,0.0,0.75
1399,0.45454545454545453,0.5,-0.04545454545454547
1400,0.9090909090909091,0.42857142857142855,0.4805194805194805
1401,0.7,0.2,0.49999999999999994
1402,0.6153846153846154,0.38461538461538464,0.23076923076923078
1403,0.9,0.5714285714285714,0.3285714285714286
1404,0.8333333333333334,0.1875,0.6458333333333334
1405,0.9,0.4166666666666667,0.48333333333333334
1406,0.9090909090909091,0.6,0.3090909090909091
1407,0.7,0.8,-0.10000000000000009
1408,1.0,0.5,0.5
1409,0.7,0.4,0.29999999999999993
1410,0.9,1.0,-0.09999999999999998
1411,0.7,0.4444444444444444,0.25555555555555554
1412,0.7,0.6086956521739131,0.09130434782608687
1413,1.0,0.5,0.5
1414,0.8,0.14285714285714285,0.6571428571428573
1415,0.6666666666666666,0.42857142857142855,0.23809523809523808
1416,0.75,0.5,0.25
1417,0.6666666666666666,0.6,0.06666666666666665
1418,0.8333333333333334,0.2,0.6333333333333333
1419,0.5,0.5,0.0
1420,0.4,0.6666666666666666,-0.2666666666666666
1421,0.8,0.4,0.4
1423,0.9,0.3333333333333333,0.5666666666666667
1424,0.9333333333333333,0.3,0.6333333333333333
1425,0.8,0.8,0.0
1426,0.9,0.5555555555555556,0.34444444444444444
1427,0.8333333333333334,0.6666666666666666,0.16666666666666674
1428,0.8,0.5238095238095238,0.2761904761904762
1429,0.75,0.5,0.25
1430,0.9,0.38095238095238093,0.5190476190476191
1431,0.9,0.4444444444444444,0.4555555555555556
1432,0.4,0.21428571428571427,0.18571428571428575
1433,0.5,0.6923076923076923,-0.1923076923076923
1434,0.3076923076923077,0.25,0.05769230769230771
1435,1.0,0.35294117647058826,0.6470588235294117
1437,1.0,0.5,0.5
1438,0.75,0.5,0.25
1439,0.0,0.3333333333333333,-0.3333333333333333
1440,0.6,1.0,-0.4
1441,1.0,1.0,0.0
1442,0.8,0.6666666666666666,0.13333333333333341
1443,1.0,1.0,0.0
1444,0.8,0.7,0.10000000000000009
1445,0.5,0.0,0.5
1446,0.0,0.3333333333333333,-0.3333333333333333
1449,0.7,0.6,0.09999999999999998
1450,0.5833333333333334,0.6,-0.016666666666666607
1451,0.5,0.3333333333333333,0.16666666666666669
1452,0.8888888888888888,0.8333333333333334,0.05555555555555547
1453,1.0,0.4166666666666667,0.5833333333333333
1454,0.625,0.4,0.22499999999999998
1455,0.5,0.4,0.09999999999999998
1456,0.5,0.25,0.25
1457,0.0,0.7,-0.7
1458,0.0,0.6666666666666666,-0.6666666666666666
1459,0.0,0.25,-0.25
1460,0.0,0.42857142857142855,-0.42857142857142855
1461,0.0,0.8181818181818182,-0.8181818181818182
1462,0.0,0.35714285714285715,-0.35714285714285715
1463,1.0,0.4444444444444444,0.5555555555555556
1464,0.6666666666666666,0.6,0.06666666666666665
1465,0.0,0.6923076923076923,-0.6923076923076923
1466,0.5,0.3333333333333333,0.16666666666666669
1467,0.0,0.45454545454545453,-0.45454545454545453
1468,0.0,0.5625,-0.5625
1469,0.6666666666666666,0.16666666666666666,0.5
1470,0.2,0.38461538461538464,-0.18461538461538463
1471,1.0,0.46153846153846156,0.5384615384615384
1472,1.0,0.3333333333333333,0.6666666666666667
1473,0.8,0.8,0.0
1474,0.0,0.5,-0.5
1475,0.6,0.5454545454545454,0.054545454545454564
1476,0.0,0.6363636363636364,-0.6363636363636364
1477,0.0,0.8,-0.8
1478,0.0,0.7142857142857143,-0.7142857142857143
1479,0.0,0.4666666666666667,-0.4666666666666667
1480,0.0,0.09090909090909091,-0.09090909090909091
1481,0.8,0.4,0.4
1482,0.6,0.6,0.0
1483,0.2,0.6,-0.39999999999999997
1484,0.4,0.6,-0.19999999999999996
1485,0.4,0.3,0.10000000000000003
1486,0.4,0.6,-0.19999999999999996
1487,0.5,0.5,0.0
1488,0.5714285714285714,1.0,-0.4285714285714286
1489,0.2,0.2,0.0
1490,0.0,0.0,0.0
1491,0.5,0.3333333333333333,0.16666666666666669
1493,0.0,0.5,-0.5
1494,0.2,0.8,-0.6000000000000001
1495,0.6,0.6,0.0
1496,0.2,0.6,-0.39999999999999997
1497,0.0,0.2,-0.2
1498,0.2,0.6,-0.39999999999999997
1499,0.2,0.4,-0.2
1500,0.25,0.5,-0.25
1501,1.0,0.625,0.375
1502,1.0,0.5526315789473685,0.4473684210526315
1503,0.8,0.34782608695652173,0.4521739130434783
1504,0.9130434782608695,0.6557377049180327,0.2573057733428368
1505,0.0,0.5777777777777777,-0.5777777777777777
1506,1.0,0.4,0.6
1507,1.0,0.4666666666666667,0.5333333333333333
1508,0.0,0.4,-0.4
1509,0.0,0.5,-0.5
1511,0.4,0.7142857142857143,-0.3142857142857143
1512,0.2222222222222222,0.2727272727272727,-0.0505050505050505
1513,0.7,0.5384615384615384,0.16153846153846152
1514,0.4,0.4,0.0
1515,0.8,0.631578947368421,0.16842105263157903
1516,1.0,0.4666666666666667,0.5333333333333333
1517,0.0,0.5625,-0.5625
1518,0.8888888888888888,0.4,0.4888888888888888
1519,0.8,0.3333333333333333,0.46666666666666673
1520,0.9,0.5555555555555556,0.34444444444444444
1521,0.5,0.16666666666666666,0.33333333333333337
1522,0.6666666666666666,0.4,0.2666666666666666
1523,0.6,0.25,0.35
1524,0.5,0.5714285714285714,-0.0714285714285714
1525,0.0,0.0,0.0
1526,0.6666666666666666,0.6486486486486487,0.018018018018017945
1527,0.5,0.4,0.09999999999999998
1528,0.8666666666666667,0.47058823529411764,0.39607843137254906
1529,0.375,0.5,-0.125
1530,0.6666666666666666,0.7037037037037037,-0.03703703703703709
1531,0.0,0.5714285714285714,-0.5714285714285714
1532,0.6,0.4666666666666667,0.1333333333333333
1533,0.8,0.4444444444444444,0.3555555555555556
1534,0.6,0.2857142857142857,0.3142857142857143
1535,0.8,0.16666666666666666,0.6333333333333334
1536,0.5,0.16666666666666666,0.33333333333333337
1537,1.0,0.2857142857142857,0.7142857142857143
1539,0.8,0.47619047619047616,0.3238095238095239
1540,0.2,0.4,-0.2
1541,0.2,0.6486486486486487,-0.4486486486486487
1542,0.2,0.4,-0.2
1543,0.0,0.3157894736842105,-0.3157894736842105
1544,0.8,0.4,0.4
1545,0.0,0.6,-0.6
1546,0.4,0.3333333333333333,0.06666666666666671
1547,0.7777777777777778,0.4117647058823529,0.36601307189542487
1548,0.375,0.4,-0.025000000000000022
1549,1.0,0.8695652173913043,0.13043478260869568
1550,1.0,0.6111111111111112,0.38888888888888884
1551,0.8,0.6206896551724138,0.17931034482758623
1552,0.7,0.5,0.19999999999999996
1553,0.9285714285714286,0.47368421052631576,0.45488721804511284
1554,1.0,0.42857142857142855,0.5714285714285714
1555,0.6,0.5,0.09999999999999998
1556,1.0,0.39285714285714285,0.6071428571428572
1557,1.0,0.46153846153846156,0.5384615384615384
1558,0.7,0.15384615384615385,0.5461538461538461
1559,1.0,0.5416666666666666,0.45833333333333337
1561,1.0,0.35,0.65
1562,0.75,0.4,0.35
1563,0.8666666666666667,0.8,0.06666666666666665
1564,0.8666666666666667,0.3333333333333333,0.5333333333333334
1565,1.0,0.6,0.4
1566,1.0,0.16666666666666666,0.8333333333333334
1567,0.625,0.0,0.625
1568,0.9333333333333333,0.38461538461538464,0.5487179487179488
1569,1.0,0.5333333333333333,0.4666666666666667
1570,0.8,0.3333333333333333,0.46666666666666673
1571,0.8666666666666667,1.0,-0.1333333333333333
1572,0.0,0.8888888888888888,-0.8888888888888888
1573,0.9333333333333333,0.4,0.5333333333333333
1574,1.0,0.6666666666666666,0.33333333333333337
1575,1.0,0.3333333333333333,0.6666666666666667
1576,1.0,0.6428571428571429,0.3571428571428571
1577,1.0,0.4,0.6
1578,1.0,0.5333333333333333,0.4666666666666667
1579,1.0,0.8666666666666667,0.1333333333333333
1580,0.7,0.16666666666666666,0.5333333333333333
1581,1.0,0.6875,0.3125
1582,0.9,0.6190476190476191,0.28095238095238095
1583,1.0,0.42857142857142855,0.5714285714285714
1584,1.0,0.6153846153846154,0.3846153846153846
1585,1.0,0.36363636363636365,0.6363636363636364
1586,0.7857142857142857,0.42857142857142855,0.35714285714285715
1587,0.7,0.55,0.1499999999999999
1588,0.9333333333333333,1.0,-0.06666666666666665
1589,0.0,0.7222222222222222,-0.7222222222222222
1590,0.0,0.25,-0.25
1591,0.7,0.21739130434782608,0.4826086956521739
1592,0.0,0.6956521739130435,-0.6956521739130435
1593,0.3333333333333333,0.5555555555555556,-0.22222222222222227
1594,1.0,0.42857142857142855,0.5714285714285714
1595,0.4,0.125,0.275
1596,0.0,0.5909090909090909,-0.5909090909090909
1597,0.0,0.5,-0.5
1599,0.0,0.3333333333333333,-0.3333333333333333
1600,0.0,0.5454545454545454,-0.5454545454545454
1601,0.0,0.375,-0.375
1602,0.0,0.7,-0.7
1603,1.0,0.5,0.5
1604,1.0,0.5789473684210527,0.42105263157894735
1605,0.2,0.5,-0.3
1606,1.0,0.5652173913043478,0.4347826086956522
1608,0.6,0.5789473684210527,0.021052631578947323
1609,0.3333333333333333,0.5,-0.16666666666666669
1610,1.0,0.8,0.19999999999999996
1611,0.0,0.45454545454545453,-0.45454545454545453
1612,0.0,0.6666666666666666,-0.6666666666666666
1613,0.6,0.3333333333333333,0.26666666666666666
1616,0.0,0.8,-0.8
1617,0.2,0.6,-0.39999999999999997
1618,0.0,0.0,0.0
1619,0.0,0.8181818181818182,-0.8181818181818182
1620,1.0,0.5789473684210527,0.42105263157894735
1621,1.0,0.45454545454545453,0.5454545454545454
1622,1.0,0.8,0.19999999999999996
1623,0.6363636363636364,0.6296296296296297,0.006734006734006703
1624,0.2,0.5294117647058824,-0.32941176470588235
1626,0.4,0.6190476190476191,-0.21904761904761905
1627,0.7,0.6349206349206349,0.06507936507936507
1628,0.9333333333333333,0.6111111111111112,0.3222222222222222
1629,1.0,0.5833333333333334,0.41666666666666663
1630,0.0,0.5,-0.5
1631,0.2,0.45454545454545453,-0.2545454545454545
1632,1.0,0.6428571428571429,0.3571428571428571
1633,1.0,0.5882352941176471,0.4117647058823529
1634,0.0,0.5,-0.5
1635,1.0,0.72,0.28
1636,0.5,0.25,0.25
1637,1.0,0.5263157894736842,0.4736842105263158
1638,0.9,0.6428571428571429,0.2571428571428571
1639,0.8,0.7222222222222222,0.07777777777777783
1640,0.25,0.3333333333333333,-0.08333333333333331
1641,0.4,0.4,0.0
1642,0.9333333333333333,0.2222222222222222,0.7111111111111111
1646,0.26666666666666666,0.6428571428571429,-0.37619047619047624
1647,1.0,0.8,0.19999999999999996
1648,0.4,0.6666666666666666,-0.2666666666666666
1649,0.375,0.5,-0.125
1650,0.25,0.4482758620689655,-0.19827586206896552
1651,1.0,0.5384615384615384,0.46153846153846156
1652,0.6666666666666666,0.375,0.29166666666666663
1653,1.0,0.7,0.30000000000000004
1654,1.0,0.7,0.30000000000000004
1655,1.0,0.8125,0.1875
1656,0.8461538461538461,0.5833333333333334,0.2628205128205128
1657,0.6,0.4482758620689655,0.15172413793103445
1658,0.8666666666666667,0.6153846153846154,0.2512820512820513
1659,0.9333333333333333,0.38095238095238093,0.5523809523809524
1660,0.0,0.5625,-0.5625
1661,0.6875,0.6363636363636364,0.051136363636363646
1662,1.0,0.5625,0.4375
1663,0.8,0.5,0.30000000000000004
1664,0.2,0.4166666666666667,-0.21666666666666667
1665,0.8,0.5714285714285714,0.22857142857142865
1666,0.8333333333333334,0.4,0.43333333333333335
1667,0.0,0.5714285714285714,-0.5714285714285714
1669,0.7142857142857143,0.125,0.5892857142857143
1671,0.0,0.4444444444444444,-0.4444444444444444
1674,0.2,0.3181818181818182,-0.11818181818181817
1675,0.8,0.6363636363636364,0.1636363636363637
1676,0.8,0.23076923076923078,0.5692307692307692
1677,0.2,0.38461538461538464,-0.18461538461538463
1678,0.8,0.35294117647058826,0.4470588235294118
1679,1.0,0.3333333333333333,0.6666666666666667
1680,0.5454545454545454,0.5384615384615384,0.006993006993006978
1681,0.9166666666666666,0.5384615384615384,0.3782051282051282
1682,0.8,0.5555555555555556,0.24444444444444446
1683,0.0,0.6,-0.6
1684,0.0,0.16666666666666666,-0.16666666666666666
1685,0.6,0.8571428571428571,-0.2571428571428571
1686,0.4,0.4782608695652174,-0.07826086956521738
1687,0.0,0.4666666666666667,-0.4666666666666667
1688,1.0,0.36363636363636365,0.6363636363636364
1689,0.8,0.5,0.30000000000000004
1690,1.0,0.8888888888888888,0.11111111111111116
1691,0.4,0.4,0.0
1692,0.0,0.8421052631578947,-0.8421052631578947
1693,0.9,0.46153846153846156,0.43846153846153846
1694,0.875,0.625,0.25
1695,0.9,0.42857142857142855,0.4714285714285715
1696,0.875,0.75,0.125
1697,0.6111111111111112,0.6666666666666666,-0.05555555555555547
1699,1.0,0.5555555555555556,0.4444444444444444
1700,1.0,0.7142857142857143,0.2857142857142857
1701,1.0,0.6,0.4
1702,1.0,0.4,0.6
1703,1.0,0.6,0.4
1704,1.0,0.4444444444444444,0.5555555555555556
1705,0.9285714285714286,0.22727272727272727,0.7012987012987013
1706,1.0,0.5,0.5
1707,0.9166666666666666,0.6,0.31666666666666665
1708,0.875,0.6666666666666666,0.20833333333333337
1709,0.625,0.2,0.425
1710,0.5,0.2,0.3
1711,0.6666666666666666,0.2,0.4666666666666666
1712,0.75,0.25,0.5
1713,0.875,0.125,0.75
1714,0.8181818181818182,0.6,0.21818181818181825
1715,0.8,0.4,0.4
1716,0.8,0.8,0.0
1717,1.0,0.29411764705882354,0.7058823529411764
1718,1.0,0.5625,0.4375
1719,0.7272727272727273,0.35714285714285715,0.37012987012987014
1720,0.6,0.5833333333333334,0.016666666666666607
1721,0.7272727272727273,0.45454545454545453,0.27272727272727276
1722,0.6,0.2222222222222222,0.37777777777777777
1723,0.6,0.4,0.19999999999999996
1724,0.9090909090909091,0.2857142857142857,0.6233766233766234
1725,0.5,0.5555555555555556,-0.05555555555555558
1726,0.9,0.5945945945945946,0.3054054054054054
1727,0.8,0.29411764705882354,0.5058823529411764
1728,0.5,0.0,0.5
1729,0.9166666666666666,0.39285714285714285,0.5238095238095237
1730,1.0,0.47058823529411764,0.5294117647058824
1731,1.0,0.26666666666666666,0.7333333333333334
1732,0.8,0.17647058823529413,0.6235294117647059
1733,1.0,0.375,0.625
1734,1.0,0.36363636363636365,0.6363636363636364
1735,1.0,0.3076923076923077,0.6923076923076923
1736,0.8,0.4,0.4
1737,0.0,0.25,-0.25
1738,0.4,0.3,0.10000000000000003
1739,0.2,0.4444444444444444,-0.2444444444444444
1740,0.5,0.2857142857142857,0.2142857142857143
1741,1.0,0.6,0.4
1742,0.6666666666666666,0.3333333333333333,0.3333333333333333
1743,0.2,0.2,0.0
1744,0.6,0.375,0.22499999999999998
1745,0.9333333333333333,0.5833333333333334,0.35
1746,0.5,0.25,0.25
1747,0.5,0.6666666666666666,-0.16666666666666663
1748,0.7272727272727273,0.3333333333333333,0.393939393939394
1749,0.0,0.0,0.0
1750,0.7,0.875,-0.17500000000000004
1751,0.0,0.4,-0.4
1752,1.0,0.2857142857142857,0.7142857142857143
1753,0.26666666666666666,0.625,-0.35833333333333334
1754,0.875,0.4,0.475
1755,0.7647058823529411,0.35714285714285715,0.407563025210084
1756,0.6666666666666666,0.6363636363636364,0.030303030303030276
1757,0.7333333333333333,0.4,0.33333333333333326
1758,0.8666666666666667,0.6,0.2666666666666667
1759,1.0,0.7307692307692307,0.2692307692307693
1760,0.95,0.6521739130434783,0.2978260869565217
1761,0.96,0.7916666666666666,0.16833333333333333
1762,0.25,0.3333333333333333,-0.08333333333333331
1763,0.875,0.6333333333333333,0.2416666666666667
1764,1.0,0.625,0.375
1765,0.8,0.42105263157894735,0.3789473684210527
1766,0.9333333333333333,0.75,0.18333333333333335
1767,1.0,0.35294117647058826,0.6470588235294117
1768,0.6,0.46153846153846156,0.1384615384615384
1769,0.8333333333333334,0.6388888888888888,0.19444444444444453
1770,0.9333333333333333,0.5,0.43333333333333335
1771,0.7777777777777778,0.4666666666666667,0.3111111111111111
1772,0.6666666666666666,0.3333333333333333,0.3333333333333333
1773,0.0,0.45454545454545453,-0.45454545454545453
1774,0.0,0.0,0.0
1775,0.5,0.3333333333333333,0.16666666666666669
1776,0.8,0.6363636363636364,0.1636363636363637
1777,0.8125,0.0,0.8125
1779,1.0,0.3333333333333333,0.6666666666666667
1780,0.5833333333333334,0.47368421052631576,0.10964912280701761
1781,0.6,0.375,0.22499999999999998
1782,0.8888888888888888,0.8333333333333334,0.05555555555555547
1783,0.9,0.3333333333333333,0.5666666666666667
1784,1.0,0.5925925925925926,0.40740740740740744
1785,0.6,0.23076923076923078,0.3692307692307692
1786,0.5,0.2727272727272727,0.2272727272727273
1787,0.0,0.23076923076923078,-0.23076923076923078
1788,0.5,0.4166666666666667,0.08333333333333331
1789,0.0,0.5,-0.5
1791,0.25,0.5,-0.25
1792,0.0,0.2,-0.2
1793,0.2,0.5,-0.3
1794,0.0,0.16666666666666666,-0.16666666666666666
1795,1.0,0.75,0.25
1796,0.8333333333333334,0.0,0.8333333333333334
1801,0.0,0.0,0.0
1802,1.0,0.46153846153846156,0.5384615384615384
1803,0.9473684210526315,0.36363636363636365,0.5837320574162679
1804,1.0,0.6363636363636364,0.36363636363636365
1805,1.0,0.42857142857142855,0.5714285714285714
1806,0.9,0.3076923076923077,0.5923076923076923
1807,0.6,0.35714285714285715,0.24285714285714283
1808,0.38461538461538464,0.46153846153846156,-0.07692307692307693
1809,0.7692307692307693,0.21428571428571427,0.554945054945055
1810,0.55,0.2727272727272727,0.27727272727272734
1811,0.6538461538461539,0.8095238095238095,-0.15567765567765568
1812,0.7,0.7727272727272727,-0.07272727272727275
1813,0.8,1.0,-0.19999999999999996
1814,0.8666666666666667,0.6,0.2666666666666667
1815,0.1,0.4,-0.30000000000000004
1816,0.7,0.5555555555555556,0.14444444444444438
1817,0.8,0.42857142857142855,0.3714285714285715
1818,0.6363636363636364,0.625,0.011363636363636354
1819,0.5,0.3684210526315789,0.13157894736842107
1820,0.6,0.2,0.39999999999999997
1821,0.9,0.5945945945945946,0.3054054054054054
1822,0.9333333333333333,0.5945945945945946,0.3387387387387387
1823,0.8333333333333334,0.6153846153846154,0.21794871794871795
1824,1.0,0.42857142857142855,0.5714285714285714
1829,1.0,0.35294117647058826,0.6470588235294117
1830,0.9,0.3333333333333333,0.5666666666666667
1831,1.0,0.4791666666666667,0.5208333333333333
1832,0.5,0.5454545454545454,-0.045454545454545414
1833,0.7272727272727273,0.7380952380952381,-0.010822510822510845
1834,0.375,0.6538461538461539,-0.27884615384615385
1835,0.7,0.72,-0.020000000000000018
1836,0.8,0.59375,0.20625000000000004
1837,0.7777777777777778,0.4383561643835616,0.33942161339421617
1838,0.625,0.631578947368421,-0.006578947368421018
1839,1.0,0.6190476190476191,0.38095238095238093
1840,1.0,0.525,0.475
1841,1.0,0.5862068965517241,0.4137931034482759
1842,0.5833333333333334,0.625,-0.04166666666666663
1843,0.8,0.4642857142857143,0.33571428571428574
1844,0.9,0.5428571428571428,0.3571428571428572
1845,0.5714285714285714,0.25,0.3214285714285714
1846,1.0,0.5333333333333333,0.4666666666666667
1847,0.9230769230769231,0.5714285714285714,0.35164835164835173
1848,1.0,0.36363636363636365,0.6363636363636364
1849,0.9333333333333333,0.6111111111111112,0.3222222222222222
1851,0.0,0.45454545454545453,-0.45454545454545453
1852,1.0,0.36363636363636365,0.6363636363636364
1854,0.5,0.25,0.25
1855,0.9,0.42105263157894735,0.4789473684210527
1856,0.5,0.0,0.5
1857,0.0,0.1111111111111111,-0.1111111111111111
1858,0.5555555555555556,0.09523809523809523,0.46031746031746035
1859,0.5333333333333333,0.17647058823529413,0.35686274509803917
1860,0.6,0.2,0.39999999999999997
1861,0.38461538461538464,0.0,0.38461538461538464
1862,0.7333333333333333,0.2,0.5333333333333332
1863,0.5263157894736842,0.15,0.37631578947368416
1864,0.45454545454545453,0.5185185185185185,-0.06397306397306396
1865,0.3333333333333333,0.5,-0.16666666666666669
1866,1.0,0.7058823529411765,0.2941176470588235
1867,0.625,0.7407407407407407,-0.1157407407407407
1868,1.0,0.5925925925925926,0.40740740740740744
1869,0.75,0.5714285714285714,0.1785714285714286
1870,1.0,0.5357142857142857,0.4642857142857143
1871,0.8421052631578947,0.5757575757575758,0.2663476874003189
1872,0.5454545454545454,0.7272727272727273,-0.18181818181818188
1873,0.2,0.45454545454545453,-0.2545454545454545
1874,0.6,0.65625,-0.05625000000000002
1875,0.75,0.6363636363636364,0.11363636363636365
1876,0.46153846153846156,0.5185185185185185,-0.056980056980056926
1877,0.85,0.5357142857142857,0.3142857142857143
1878,0.4,0.47058823529411764,-0.07058823529411762
1879,0.4375,0.6521739130434783,-0.21467391304347827
1880,0.4444444444444444,0.631578947368421,-0.1871345029239766
1881,0.6896551724137931,0.3333333333333333,0.35632183908045983
1882,0.8,0.6388888888888888,0.1611111111111112
1883,0.9,0.35714285714285715,0.5428571428571429
1884,0.8,0.5,0.30000000000000004
1885,0.6666666666666666,0.5714285714285714,0.09523809523809523
1886,0.5,0.5945945945945946,-0.09459459459459463
1887,0.9444444444444444,0.5238095238095238,0.4206349206349206
1888,0.9,0.5185185185185185,0.38148148148148153
1889,0.0,0.75,-0.75
1890,1.0,0.6060606060606061,0.3939393939393939
1891,0.625,0.7272727272727273,-0.10227272727272729
1892,0.8,0.5,0.30000000000000004
1893,0.6,0.16666666666666666,0.43333333333333335
1894,0.9333333333333333,0.5897435897435898,0.3435897435897436
1895,0.9333333333333333,0.5454545454545454,0.38787878787878793
1896,0.9,0.1111111111111111,0.788888888888889
1897,0.9,0.5217391304347826,0.37826086956521743
1899,0.6666666666666666,0.5,0.16666666666666663
1900,1.0,0.5333333333333333,0.4666666666666667
1901,1.0,0.55,0.44999999999999996
1902,1.0,0.2857142857142857,0.7142857142857143
1903,0.4,0.38461538461538464,0.015384615384615385
1904,1.0,0.36363636363636365,0.6363636363636364
1905,0.8,0.6190476190476191,0.18095238095238098
1906,0.0,0.5,-0.5
1907,1.0,0.125,0.875
1908,0.75,0.2857142857142857,0.4642857142857143
1909,0.8333333333333334,0.35714285714285715,0.4761904761904762
1910,0.5,0.4117647058823529,0.08823529411764708
1911,0.2857142857142857,0.16666666666666666,0.11904761904761904
1912,1.0,0.09090909090909091,0.9090909090909091
1914,1.0,0.5,0.5
1915,0.9,0.3333333333333333,0.5666666666666667
1916,1.0,0.5483870967741935,0.4516129032258065
1917,0.5,0.56,-0.06000000000000005
1918,1.0,0.6451612903225806,0.3548387096774194
1919,1.0,0.6842105263157895,0.3157894736842105
1920,0.96,0.5454545454545454,0.41454545454545455
1921,1.0,0.6333333333333333,0.3666666666666667
1922,0.975,0.1111111111111111,0.8638888888888889
1923,0.9666666666666667,0.4,0.5666666666666667
1924,0.9473684210526315,0.4642857142857143,0.4830827067669172
1925,0.5,0.5833333333333334,-0.08333333333333337
1926,0.5,0.6,-0.09999999999999998
1927,0.8,0.5,0.30000000000000004
1928,0.7272727272727273,0.5454545454545454,0.18181818181818188
1929,1.0,0.7142857142857143,0.2857142857142857
1930,0.7,0.14285714285714285,0.5571428571428572
1931,1.0,0.53125,0.46875
1932,1.0,0.4166666666666667,0.5833333333333333
1934,0.7272727272727273,0.48484848484848486,0.24242424242424243
1935,1.0,0.4444444444444444,0.5555555555555556
1936,0.0,0.2,-0.2
1937,0.9,0.2222222222222222,0.6777777777777778
1938,1.0,0.5,0.5
1939,0.7,0.11764705882352941,0.5823529411764705
1940,0.9,0.2,0.7
1941,1.0,0.3157894736842105,0.6842105263157895
1942,0.9090909090909091,0.46153846153846156,0.4475524475524475
1943,0.8,0.5,0.30000000000000004
1944,0.8,0.46153846153846156,0.3384615384615385
1945,0.3333333333333333,0.4090909090909091,-0.0757575757575758
1946,0.9285714285714286,0.5294117647058824,0.39915966386554624
1947,0.6923076923076923,0.5769230769230769,0.11538461538461542
1948,0.8461538461538461,0.2,0.6461538461538461
1949,0.9,0.3333333333333333,0.5666666666666667
1950,0.5,0.4375,0.0625
1951,1.0,0.4444444444444444,0.5555555555555556
1952,0.6,0.09090909090909091,0.509090909090909
1953,0.9,0.3,0.6000000000000001
1954,0.8181818181818182,0.4375,0.38068181818181823
1955,0.5,0.23076923076923078,0.2692307692307692
1956,0.4,0.6296296296296297,-0.22962962962962963
1957,0.6,0.5714285714285714,0.02857142857142858
1958,0.0,0.6451612903225806,-0.6451612903225806
1959,0.2,0.6388888888888888,-0.43888888888888883
1960,0.8,0.5945945945945946,0.20540540540540542
1961,0.8,0.6,0.20000000000000007
1962,1.0,0.5555555555555556,0.4444444444444444
1963,0.6,0.7307692307692307,-0.13076923076923075
1964,0.7333333333333333,0.18181818181818182,0.5515151515151515
1965,0.7647058823529411,0.6,0.16470588235294115
1966,1.0,1.0,0.0
1967,0.3333333333333333,0.6666666666666666,-0.3333333333333333
1968,0.7333333333333333,0.6666666666666666,0.06666666666666665
1969,0.16666666666666666,0.3333333333333333,-0.16666666666666666
1970,0.0,0.3,-0.3
1971,0.5,0.3888888888888889,0.1111111111111111
1972,0.4,0.6,-0.19999999999999996
1973,0.2,0.4666666666666667,-0.26666666666666666
1974,0.0,0.7647058823529411,-0.7647058823529411
1975,0.8,0.6153846153846154,0.18461538461538463
1976,1.0,0.4666666666666667,0.5333333333333333
1977,0.5,0.34782608695652173,0.15217391304347827
1978,1.0,0.7777777777777778,0.2222222222222222
1979,1.0,0.4444444444444444,0.5555555555555556
1980,0.4,0.25,0.15000000000000002
1981,0.5555555555555556,0.4090909090909091,0.14646464646464646
1982,0.6666666666666666,0.6428571428571429,0.023809523809523725
1983,0.8,0.5769230769230769,0.22307692307692317
1984,0.5,0.4375,0.0625
1985,0.75,0.3157894736842105,0.4342105263157895
1986,1.0,0.3333333333333333,0.6666666666666667
1987,1.0,0.4642857142857143,0.5357142857142857
1988,0.0,0.6206896551724138,-0.6206896551724138
1989,0.4,0.6428571428571429,-0.24285714285714288
1990,0.0,0.42857142857142855,-0.42857142857142855
1991,0.9,0.5,0.4
1992,0.5,0.75,-0.25
1993,0.5,0.7,-0.19999999999999996
1994,0.6,0.6136363636363636,-0.013636363636363669
1995,0.75,0.6129032258064516,0.13709677419354838
1996,0.8,0.4583333333333333,0.34166666666666673
1997,0.3333333333333333,0.4782608695652174,-0.1449275362318841
1998,0.625,0.5714285714285714,0.0535714285714286
2001,0.9333333333333333,0.5454545454545454,0.38787878787878793
2002,0.375,0.7,-0.32499999999999996
2003,0.0,0.631578947368421,-0.631578947368421
2004,0.9,0.7666666666666667,0.1333333333333333
2005,0.6,0.6666666666666666,-0.06666666666666665
2006,0.16666666666666666,0.6274509803921569,-0.4607843137254902
2007,0.3333333333333333,0.7,-0.36666666666666664
2008,1.0,0.3,0.7
2009,0.4,0.3076923076923077,0.09230769230769231
2010,0.75,0.5,0.25
2011,0.8,0.6111111111111112,0.18888888888888888
2012,1.0,0.42857142857142855,0.5714285714285714
2013,1.0,0.375,0.625
2014,0.9090909090909091,0.5,0.40909090909090906
2015,0.6875,0.4838709677419355,0.2036290322580645
2016,0.7333333333333333,0.7142857142857143,0.01904761904761898
2017,0.8666666666666667,0.5,0.3666666666666667
2018,0.9166666666666666,0.47368421052631576,0.44298245614035087
2019,0.6,0.6190476190476191,-0.01904761904761909
2020,0.8,0.7941176470588235,0.005882352941176561
2021,0.9,0.4827586206896552,0.41724137931034483
2022,0.0,0.75,-0.75
2024,1.0,0.6,0.4
2025,0.6,0.4,0.19999999999999996
2026,0.16666666666666666,0.6666666666666666,-0.5
2027,0.7777777777777778,0.0,0.7777777777777778
2028,0.9166666666666666,0.3333333333333333,0.5833333333333333
2029,1.0,0.5714285714285714,0.4285714285714286
2030,0.5454545454545454,0.5454545454545454,0.0
2031,0.7,0.5625,0.13749999999999996
2032,0.75,0.4117647058823529,0.3382352941176471
2033,0.3333333333333333,0.25,0.08333333333333331
2034,0.5,0.3333333333333333,0.16666666666666669
2036,0.7857142857142857,0.21428571428571427,0.5714285714285714
2037,0.631578947368421,0.0,0.631578947368421
2038,0.6363636363636364,0.3333333333333333,0.30303030303030304
2039,0.6,0.0,0.6
2040,0.6363636363636364,0.26666666666666666,0.3696969696969697
2041,0.7777777777777778,0.125,0.6527777777777778
2042,1.0,0.25,0.75
2044,0.6,0.4,0.19999999999999996
2045,0.9,0.0,0.9
2046,1.0,0.16666666666666666,0.8333333333333334
2047,0.42857142857142855,0.625,-0.19642857142857145
2048,1.0,0.625,0.375
2049,1.0,0.6538461538461539,0.34615384615384615
2050,1.0,0.5789473684210527,0.42105263157894735
2051,0.7777777777777778,0.1875,0.5902777777777778
2052,0.5333333333333333,0.3157894736842105,0.21754385964912282
2053,0.9,0.4,0.5
2055,0.8,0.6363636363636364,0.1636363636363637
2056,1.0,0.6666666666666666,0.33333333333333337
2057,0.25,0.23076923076923078,0.019230769230769218
2058,1.0,0.5,0.5
2059,0.6666666666666666,0.6774193548387096,-0.010752688172043001
2060,0.6,0.5,0.09999999999999998
2061,0.2,0.7777777777777778,-0.5777777777777777
2062,0.8,0.375,0.42500000000000004
2063,0.9444444444444444,0.47619047619047616,0.46825396825396826
2064,0.9473684210526315,0.5263157894736842,0.42105263157894735
2065,0.6,0.42857142857142855,0.17142857142857143
2066,0.4,0.875,-0.475
2067,1.0,0.45454545454545453,0.5454545454545454
2068,0.8235294117647058,0.5238095238095238,0.299719887955182
2069,0.625,0.5714285714285714,0.0535714285714286
2070,0.0,0.16666666666666666,-0.16666666666666666
2072,0.4,0.38461538461538464,0.015384615384615385
2073,1.0,0.8571428571428571,0.1428571428571429
2074,0.9333333333333333,0.8,0.1333333333333333
2075,0.7777777777777778,0.7058823529411765,0.07189542483660127
2076,0.8571428571428571,0.6904761904761905,0.16666666666666663
2077,0.2,1.0,-0.8
2078,0.3333333333333333,0.8,-0.46666666666666673
2079,0.6,0.125,0.475
2080,0.6,0.2857142857142857,0.3142857142857143
2081,1.0,0.625,0.375
2082,0.6666666666666666,0.5714285714285714,0.09523809523809523
2083,1.0,0.5714285714285714,0.4285714285714286
2084,1.0,0.25,0.75
2085,1.0,0.4166666666666667,0.5833333333333333
2086,1.0,0.3333333333333333,0.6666666666666667
2087,0.8,0.4,0.4
2088,0.7,0.375,0.32499999999999996
2089,0.8571428571428571,0.5882352941176471,0.26890756302521
2090,0.2,0.7446808510638298,-0.5446808510638297
2091,0.0,0.36363636363636365,-0.36363636363636365
2092,0.8,0.375,0.42500000000000004
2093,1.0,0.2857142857142857,0.7142857142857143
2094,0.8,0.3333333333333333,0.46666666666666673
2095,1.0,1.0,0.0
2096,0.16666666666666666,0.4444444444444444,-0.2777777777777778
2097,1.0,0.25,0.75
2098,0.6,0.4,0.19999999999999996
2099,1.0,0.75,0.25
2100,0.8,0.5263157894736842,0.27368421052631586
2101,0.6,0.6086956521739131,-0.008695652173913104
2102,0.6,0.6086956521739131,-0.008695652173913104
2103,0.9333333333333333,0.8,0.1333333333333333
2105,1.0,0.14285714285714285,0.8571428571428572
2106,0.9,0.42857142857142855,0.4714285714285715
2107,0.9,0.8,0.09999999999999998
2109,1.0,0.6363636363636364,0.36363636363636365
2110,0.7,0.5,0.19999999999999996
2111,0.9333333333333333,0.5384615384615384,0.3948717948717949
2112,0.4,0.2608695652173913,0.13913043478260873
2113,0.25,0.4,-0.15000000000000002
2114,1.0,0.7142857142857143,0.2857142857142857
2115,0.8,0.5238095238095238,0.2761904761904762
2116,1.0,0.35294117647058826,0.6470588235294117
2117,0.75,0.4444444444444444,0.3055555555555556
2118,0.5,0.0,0.5
2119,0.0,0.6818181818181818,-0.6818181818181818
2120,0.3333333333333333,0.4166666666666667,-0.08333333333333337
2121,0.7,0.55,0.1499999999999999
2123,0.0,0.6666666666666666,-0.6666666666666666
2124,0.2,0.2727272727272727,-0.0727272727272727
2126,1.0,0.35294117647058826,0.6470588235294117
2127,0.0,0.14285714285714285,-0.14285714285714285
2128,1.0,0.6896551724137931,0.31034482758620685
2129,0.45454545454545453,0.5882352941176471,-0.13368983957219255
2130,0.9166666666666666,0.6774193548387096,0.239247311827957
2131,0.4444444444444444,0.55,-0.10555555555555562
2132,0.5,0.47368421052631576,0.026315789473684237
2133,0.6666666666666666,0.75,-0.08333333333333337
2134,0.6666666666666666,0.2857142857142857,0.38095238095238093
2135,0.5,0.35294117647058826,0.14705882352941174
2136,0.9285714285714286,0.5625,0.3660714285714286
2137,0.9,0.7741935483870968,0.12580645161290327
2138,0.6666666666666666,0.4230769230769231,0.24358974358974356
2139,0.6,0.5882352941176471,0.0117647058823529
2140,0.0,0.76,-0.76
2141,0.75,0.7,0.050000000000000044
2142,0.6923076923076923,0.65625,0.03605769230769229
2143,0.75,0.47619047619047616,0.27380952380952384
2144,1.0,0.29411764705882354,0.7058823529411764
2145,1.0,0.5,0.5
2146,0.6842105263157895,0.6190476190476191,0.06516290726817042
2147,0.6,0.4594594594594595,0.1405405405405405
2148,1.0,0.5,0.5
2149,0.7272727272727273,0.3333333333333333,0.393939393939394
2150,0.5,0.38461538461538464,0.11538461538461536
2151,0.7333333333333333,0.5,0.23333333333333328
2152,0.8666666666666667,0.4090909090909091,0.4575757575757576
2153,0.75,0.5263157894736842,0.22368421052631582
2154,0.2,0.6956521739130435,-0.49565217391304345
2155,0.8181818181818182,0.5714285714285714,0.24675324675324684
2156,0.875,0.3076923076923077,0.5673076923076923
2157,0.7,0.5,0.19999999999999996
2158,1.0,0.6,0.4
2159,0.9333333333333333,0.43478260869565216,0.4985507246376812
2160,0.4,0.44,-0.03999999999999998
2161,0.9,0.14285714285714285,0.7571428571428571
2162,0.2,0.4782608695652174,-0.2782608695652174
2163,0.5,0.2,0.3
2164,0.5,0.0,0.5
2165,0.9444444444444444,0.4,0.5444444444444444
2166,0.6666666666666666,0.2,0.4666666666666666
2167,0.5,0.3333333333333333,0.16666666666666669
2168,0.5,0.4117647058823529,0.08823529411764708
2169,0.6,0.35714285714285715,0.24285714285714283
2170,0.5,0.6666666666666666,-0.16666666666666663
2171,0.7,0.6538461538461539,0.0461538461538461
2172,0.9,0.7142857142857143,0.18571428571428572
2173,1.0,0.2,0.8
2174,1.0,0.46153846153846156,0.5384615384615384
2175,0.5,0.5,0.0
2176,1.0,0.4,0.6
2177,0.8,0.3125,0.48750000000000004
2178,0.8,0.16666666666666666,0.6333333333333334
2179,0.875,0.6666666666666666,0.20833333333333337
2180,0.0,0.6,-0.6
2181,0.7,0.5185185185185185,0.18148148148148147
2182,0.4,0.5,-0.09999999999999998
2183,0.9,0.46153846153846156,0.43846153846153846
2184,1.0,0.5714285714285714,0.4285714285714286
2185,1.0,0.4,0.6
2186,0.5,0.2727272727272727,0.2272727272727273
2187,0.8571428571428571,0.3684210526315789,0.48872180451127817
2188,0.8333333333333334,0.8333333333333334,0.0
2189,0.7777777777777778,0.7083333333333334,0.06944444444444442
2190,0.6,0.8888888888888888,-0.28888888888888886
2191,0.7857142857142857,0.6875,0.0982142857142857
2192,0.5454545454545454,0.45454545454545453,0.09090909090909088
2193,0.5333333333333333,0.7142857142857143,-0.18095238095238098
2194,0.6666666666666666,0.8333333333333334,-0.16666666666666674
2195,0.7,0.42857142857142855,0.2714285714285714
2196,0.1,0.0,0.1
2198,0.9333333333333333,0.4375,0.49583333333333335
2199,0.6,0.5142857142857142,0.08571428571428574
2200,0.5,0.125,0.375
2201,0.0,0.16666666666666666,-0.16666666666666666
2202,0.0,0.6428571428571429,-0.6428571428571429
2203,0.6,0.23076923076923078,0.3692307692307692
2204,0.2,0.38461538461538464,-0.18461538461538463
2205,0.8,0.4,0.4
2206,0.5,0.0,0.5
2207,1.0,0.5454545454545454,0.4545454545454546
2208,1.0,0.7333333333333333,0.2666666666666667
2209,1.0,0.6,0.4
2210,0.75,0.3333333333333333,0.4166666666666667
2211,1.0,0.5555555555555556,0.4444444444444444
2212,1.0,0.2222222222222222,0.7777777777777778
2213,0.8,0.6,0.20000000000000007
2214,1.0,0.5416666666666666,0.45833333333333337
2215,1.0,0.5,0.5
2216,0.3,0.673469387755102,-0.373469387755102
2217,0.7,0.625,0.07499999999999996
2218,1.0,0.7058823529411765,0.2941176470588235
2219,0.8,0.5,0.30000000000000004
2220,1.0,0.3,0.7
2221,0.8,0.8461538461538461,-0.0461538461538461
2222,1.0,0.85,0.15000000000000002
2223,0.9285714285714286,0.7551020408163265,0.17346938775510212
2224,1.0,0.45,0.55
2225,0.8666666666666667,0.5,0.3666666666666667
2226,0.25,0.56,-0.31000000000000005
2227,0.9090909090909091,0.559322033898305,0.349768875192604
2228,1.0,0.5833333333333334,0.41666666666666663
2229,1.0,0.5,0.5
2230,1.0,0.47540983606557374,0.5245901639344263
2232,1.0,0.7213114754098361,0.2786885245901639
2233,0.875,0.65625,0.21875
2234,0.8333333333333334,0.42857142857142855,0.4047619047619048
2235,0.8,0.6060606060606061,0.19393939393939397
2236,0.9333333333333333,0.25,0.6833333333333333
2237,0.9166666666666666,0.25,0.6666666666666666
2238,0.75,0.25,0.5
2239,0.8,0.4,0.4
2240,0.7,0.4444444444444444,0.25555555555555554
2241,0.9333333333333333,0.0,0.9333333333333333
2242,1.0,0.5,0.5
2243,0.4,0.3333333333333333,0.06666666666666671
2244,1.0,0.5882352941176471,0.4117647058823529
2245,0.0,0.375,-0.375
2246,0.75,0.4,0.35
2247,0.7333333333333333,0.2857142857142857,0.4476190476190476
2248,0.9090909090909091,0.4,0.509090909090909
2249,0.8,0.6,0.20000000000000007
2250,0.4,0.2857142857142857,0.11428571428571432
2251,0.9,0.6666666666666666,0.2333333333333334
2252,0.5833333333333334,0.5714285714285714,0.011904761904761973
2253,0.9166666666666666,0.25,0.6666666666666666
2254,0.7,0.5,0.19999999999999996
2255,0.375,0.2,0.175
2256,0.0,0.5714285714285714,-0.5714285714285714
2257,0.9166666666666666,0.6,0.31666666666666665
2258,1.0,0.0,1.0
2259,0.0,0.5652173913043478,-0.5652173913043478
2260,0.6,0.2,0.39999999999999997
2261,0.6,0.7142857142857143,-0.11428571428571432
2262,1.0,0.1111111111111111,0.8888888888888888
2263,1.0,0.42857142857142855,0.5714285714285714
2264,0.5555555555555556,0.16666666666666666,0.38888888888888895
2265,0.2857142857142857,0.0,0.2857142857142857
2266,0.7,0.5555555555555556,0.14444444444444438
2267,0.875,0.25,0.625
2268,0.5,0.5625,-0.0625
2269,1.0,1.0,0.0
2270,0.8333333333333334,0.6666666666666666,0.16666666666666674
2271,0.8571428571428571,0.6,0.2571428571428571
2272,0.5,0.8,-0.30000000000000004
2274,1.0,0.7058823529411765,0.2941176470588235
2275,0.6,0.46153846153846156,0.1384615384615384
2276,0.0,0.16666666666666666,-0.16666666666666666
2277,0.9090909090909091,0.16666666666666666,0.7424242424242424
2278,1.0,0.42857142857142855,0.5714285714285714
2279,0.75,0.6153846153846154,0.13461538461538458
2280,0.0,0.3,-0.3
2281,0.7333333333333333,0.375,0.3583333333333333
2282,1.0,0.5,0.5
2283,1.0,0.26666666666666666,0.7333333333333334
2284,0.5,0.6451612903225806,-0.14516129032258063
2285,0.8666666666666667,0.625,0.2416666666666667
2286,0.9411764705882353,0.6666666666666666,0.27450980392156865
2288,0.9375,0.5,0.4375
2289,0.6666666666666666,0.5517241379310345,0.11494252873563215
2290,0.7777777777777778,0.2777777777777778,0.5
2291,1.0,0.6666666666666666,0.33333333333333337
2292,0.9090909090909091,0.5416666666666666,0.36742424242424243
2293,0.8,0.35294117647058826,0.4470588235294118
2294,0.75,0.2,0.55
2295,0.9166666666666666,0.5555555555555556,0.36111111111111105
2296,0.96,0.6842105263157895,0.2757894736842105
2297,0.9333333333333333,0.8,0.1333333333333333
2298,0.85,0.5666666666666667,0.2833333333333333
2299,0.3125,0.35714285714285715,-0.04464285714285715
2300,0.8,0.9032258064516129,-0.10322580645161283
2301,1.0,0.6111111111111112,0.38888888888888884
2302,0.75,0.6190476190476191,0.13095238095238093
2303,0.5,0.8148148148148148,-0.31481481481481477
2304,1.0,0.2727272727272727,0.7272727272727273
2305,0.4,0.0,0.4
2306,0.5,0.5833333333333334,-0.08333333333333337
2307,0.9285714285714286,0.5,0.4285714285714286
2308,1.0,0.3333333333333333,0.6666666666666667
2309,0.9615384615384616,0.3333333333333333,0.6282051282051282
2310,0.7142857142857143,0.0,0.7142857142857143
2311,1.0,0.35,0.65
2312,1.0,0.47368421052631576,0.5263157894736843
2313,0.75,0.5161290322580645,0.2338709677419355
2314,1.0,0.4444444444444444,0.5555555555555556
2315,1.0,0.42857142857142855,0.5714285714285714
2316,1.0,0.0,1.0
2317,0.8181818181818182,0.2857142857142857,0.5324675324675325
2318,1.0,0.5714285714285714,0.4285714285714286
2319,0.8,0.5,0.30000000000000004
2320,0.7,0.45454545454545453,0.24545454545454543
2321,0.85,0.4,0.44999999999999996
2322,0.625,0.4,0.22499999999999998
2323,0.6842105263157895,0.4838709677419355,0.200339558573854
2324,0.625,0.6086956521739131,0.016304347826086918
2325,0.9545454545454546,0.5454545454545454,0.40909090909090917
2326,0.95,0.6296296296296297,0.3203703703703703
2327,0.8,0.7692307692307693,0.03076923076923077
2328,0.6666666666666666,0.6428571428571429,0.023809523809523725
2329,0.7,0.47058823529411764,0.22941176470588232
2330,0.5714285714285714,0.5714285714285714,0.0
2331,1.0,0.375,0.625
2332,0.7142857142857143,0.0,0.7142857142857143
2333,0.5,0.5416666666666666,-0.04166666666666663
2334,0.9,0.7142857142857143,0.18571428571428572
2335,0.8571428571428571,0.5909090909090909,0.26623376623376616
2336,0.9230769230769231,0.6,0.32307692307692315
2337,0.9333333333333333,0.42857142857142855,0.5047619047619047
2338,0.8181818181818182,0.23076923076923078,0.5874125874125875
2339,0.8461538461538461,0.5263157894736842,0.31983805668016196
2340,0.6,0.7142857142857143,-0.11428571428571432
2341,0.9285714285714286,0.4,0.5285714285714286
2342,0.2,0.75,-0.55
2343,0.625,0.3333333333333333,0.2916666666666667
2344,0.5,0.6333333333333333,-0.1333333333333333
2345,0.7142857142857143,0.5,0.2142857142857143
2346,1.0,0.5,0.5
2347,1.0,0.3,0.7
2348,0.7,0.6,0.09999999999999998
2349,0.2,0.5789473684210527,-0.37894736842105264
2350,0.2,0.52,-0.32
2351,0.7,0.6415094339622641,0.058490566037735836
2352,0.9642857142857143,0.6323529411764706,0.33193277310924374
2353,1.0,0.6190476190476191,0.38095238095238093
2354,0.6,0.6129032258064516,-0.012903225806451646
2355,0.95,0.6,0.35
2356,0.2,0.42857142857142855,-0.22857142857142854
2357,0.8,0.5,0.30000000000000004
2358,0.5,0.4,0.09999999999999998
2359,0.4444444444444444,0.5555555555555556,-0.11111111111111116
2360,0.4444444444444444,0.6923076923076923,-0.24786324786324787
2361,0.3333333333333333,0.6,-0.26666666666666666
2362,1.0,0.5,0.5
2363,1.0,0.5,0.5
2364,0.5,0.3333333333333333,0.16666666666666669
2365,0.3333333333333333,0.0,0.3333333333333333
2366,1.0,0.2,0.8
2367,0.875,0.0,0.875
2368,0.6666666666666666,0.375,0.29166666666666663
2369,1.0,0.5384615384615384,0.46153846153846156
2370,0.0,0.2,-0.2
2371,0.5,0.3333333333333333,0.16666666666666669
2372,0.8333333333333334,0.6666666666666666,0.16666666666666674
2373,0.6666666666666666,0.16666666666666666,0.5
2374,0.5,0.5714285714285714,-0.0714285714285714
2375,0.5,0.5,0.0
2376,0.5,0.8571428571428571,-0.3571428571428571
2377,0.5,0.25,0.25
2378,0.5,0.3333333333333333,0.16666666666666669
2379,0.5,0.0,0.5
2380,0.5,0.0,0.5
2381,0.5,0.16666666666666666,0.33333333333333337
2382,0.5,0.3333333333333333,0.16666666666666669
2383,0.8,0.16666666666666666,0.6333333333333334
2384,0.8333333333333334,0.2,0.6333333333333333
2385,0.16666666666666666,0.2857142857142857,-0.11904761904761904
2386,0.8333333333333334,0.6111111111111112,0.2222222222222222
2387,0.6666666666666666,0.6666666666666666,0.0
2388,0.5,0.75,-0.25
2389,0.6666666666666666,1.0,-0.33333333333333337
2390,1.0,0.0,1.0
2391,0.7142857142857143,0.6153846153846154,0.09890109890109888
2392,0.75,1.0,-0.25
2393,0.6666666666666666,0.75,-0.08333333333333337
2394,0.8888888888888888,0.0,0.8888888888888888
2395,1.0,0.6,0.4
2396,0.8333333333333334,0.6,0.2333333333333334
2397,0.6666666666666666,0.5,0.16666666666666663
2398,1.0,0.3333333333333333,0.6666666666666667
2399,0.8888888888888888,0.6,0.28888888888888886
2400,0.8333333333333334,0.4,0.43333333333333335
2401,1.0,0.5,0.5
2402,0.7777777777777778,0.6,0.1777777777777778
2403,0.5,0.0,0.5
2404,0.5,0.3333333333333333,0.16666666666666669
2405,0.5714285714285714,0.2857142857142857,0.2857142857142857
2406,0.6666666666666666,0.5714285714285714,0.09523809523809523
2407,0.0,0.25,-0.25
2408,0.8333333333333334,0.5,0.33333333333333337
2409,0.875,0.75,0.125
2410,0.6666666666666666,0.0,0.6666666666666666
2411,1.0,0.5555555555555556,0.4444444444444444
2412,1.0,0.3333333333333333,0.6666666666666667
2413,0.5,1.0,-0.5
2414,0.5,0.0,0.5
2415,0.8333333333333334,0.5,0.33333333333333337
2416,1.0,0.8333333333333334,0.16666666666666663
2417,0.5,0.75,-0.25
2418,0.75,0.25,0.5
2419,0.5,0.25,0.25
2420,1.0,0.5,0.5
2421,0.8888888888888888,0.42857142857142855,0.4603174603174603
2422,0.3333333333333333,0.25,0.08333333333333331
2423,0.5,0.3,0.2
2424,0.6666666666666666,0.6,0.06666666666666665
2425,0.3333333333333333,0.5714285714285714,-0.23809523809523808
2426,0.6666666666666666,0.3333333333333333,0.3333333333333333
2427,1.0,0.125,0.875
2428,0.8333333333333334,0.5714285714285714,0.261904761904762
2429,0.5714285714285714,0.16666666666666666,0.40476190476190477
2430,0.7142857142857143,1.0,-0.2857142857142857
2431,0.5,0.0,0.5
2432,0.6666666666666666,0.6,0.06666666666666665
2433,0.5,0.5833333333333334,-0.08333333333333337
2434,0.3333333333333333,0.625,-0.2916666666666667
2435,0.6666666666666666,0.6666666666666666,0.0
2436,0.6666666666666666,0.6,0.06666666666666665
2437,0.5,0.2,0.3
2438,0.8888888888888888,0.0,0.8888888888888888
2439,0.9,0.4,0.5
2440,0.6666666666666666,0.4444444444444444,0.2222222222222222
2441,0.75,0.7368421052631579,0.013157894736842146
2442,0.5,0.3333333333333333,0.16666666666666669
2443,0.5555555555555556,0.7,-0.14444444444444438
2445,0.25,0.0,0.25
2446,0.3333333333333333,0.6666666666666666,-0.3333333333333333
2447,1.0,0.6666666666666666,0.33333333333333337
2448,0.5,0.7692307692307693,-0.2692307692307693
2449,1.0,1.0,0.0
2450,0.625,0.7142857142857143,-0.0892857142857143
2452,1.0,0.3333333333333333,0.6666666666666667
2453,1.0,0.16666666666666666,0.8333333333333334
2454,0.7777777777777778,0.375,0.4027777777777778
2455,0.16666666666666666,0.0,0.16666666666666666
2456,0.5,0.3333333333333333,0.16666666666666669
2457,0.6666666666666666,0.3333333333333333,0.3333333333333333
2458,0.5,0.5,0.0
2459,0.5,0.5,0.0
2460,0.8888888888888888,0.5,0.38888888888888884
2461,0.6666666666666666,0.5555555555555556,0.11111111111111105
2462,1.0,0.5,0.5
2463,0.6666666666666666,0.625,0.04166666666666663
2465,0.5,0.5,0.0
2466,0.6666666666666666,0.5,0.16666666666666663
2467,0.6666666666666666,0.0,0.6666666666666666
2468,0.8333333333333334,0.42857142857142855,0.4047619047619048
2469,1.0,0.5714285714285714,0.4285714285714286
2470,0.8571428571428571,0.3333333333333333,0.5238095238095237
2471,1.0,0.3333333333333333,0.6666666666666667
2472,0.8333333333333334,0.16666666666666666,0.6666666666666667
2473,0.8333333333333334,0.7142857142857143,0.11904761904761907
2474,0.5,0.125,0.375
2475,0.75,0.6666666666666666,0.08333333333333337
2476,1.0,0.6666666666666666,0.33333333333333337
2477,1.0,0.4,0.6
2478,0.8333333333333334,1.0,-0.16666666666666663
2479,0.5,0.3333333333333333,0.16666666666666669
2480,0.5,0.25,0.25
2481,1.0,1.0,0.0
2482,0.8333333333333334,0.0,0.8333333333333334
2483,0.8333333333333334,0.0,0.8333333333333334
2484,0.7777777777777778,0.3333333333333333,0.4444444444444445
2485,0.8333333333333334,0.5555555555555556,0.2777777777777778
2486,0.25,0.3333333333333333,-0.08333333333333331
2487,0.8333333333333334,1.0,-0.16666666666666663
2488,0.3333333333333333,0.3,0.033333333333333326
2489,1.0,0.0,1.0
2490,0.6666666666666666,0.7777777777777778,-0.11111111111111116
2491,0.7777777777777778,0.5,0.2777777777777778
2492,1.0,0.5,0.5
2493,1.0,0.5,0.5
2494,0.7777777777777778,0.5,0.2777777777777778
2495,0.8888888888888888,0.75,0.13888888888888884
2496,0.5,0.5714285714285714,-0.0714285714285714
2497,0.8888888888888888,0.3333333333333333,0.5555555555555556
2498,0.5555555555555556,0.25,0.3055555555555556
2499,1.0,0.6,0.4
2500,1.0,0.7,0.30000000000000004
2501,0.6666666666666666,0.2,0.4666666666666666
2502,0.6666666666666666,0.8,-0.13333333333333341
2503,0.5555555555555556,0.0,0.5555555555555556
2504,1.0,0.3333333333333333,0.6666666666666667
2505,1.0,0.8333333333333334,0.16666666666666663
2506,1.0,1.0,0.0
2507,1.0,0.25,0.75
2508,1.0,1.0,0.0
2509,0.4444444444444444,0.3333333333333333,0.1111111111111111
2510,0.5,0.3333333333333333,0.16666666666666669
2511,0.0,0.6666666666666666,-0.6666666666666666
2512,0.0,0.6666666666666666,-0.6666666666666666
2513,0.6666666666666666,0.8,-0.13333333333333341
2514,1.0,0.3333333333333333,0.6666666666666667
2515,0.5454545454545454,0.0,0.5454545454545454
2516,0.6666666666666666,0.4,0.2666666666666666
2517,1.0,0.875,0.125
2518,0.0,0.16666666666666666,-0.16666666666666666
2519,0.8333333333333334,0.2222222222222222,0.6111111111111112
2520,0.8888888888888888,0.2,0.6888888888888889
2521,0.5,0.5,0.0
2522,0.5,0.2222222222222222,0.2777777777777778
2523,0.0,0.7142857142857143,-0.7142857142857143
2524,0.8333333333333334,0.375,0.45833333333333337
2525,0.6666666666666666,0.0,0.6666666666666666
2526,0.4444444444444444,0.4,0.0444444444444444
2527,0.8333333333333334,0.8,0.033333333333333326
2528,0.5,0.2727272727272727,0.2272727272727273
2529,0.8888888888888888,0.0,0.8888888888888888
2530,1.0,0.625,0.375
2531,0.8888888888888888,0.4444444444444444,0.4444444444444444
2532,0.3333333333333333,0.5555555555555556,-0.22222222222222227
2533,0.5,0.5,0.0
2534,1.0,0.0,1.0
2535,0.5,0.5714285714285714,-0.0714285714285714
2536,0.7333333333333333,0.0,0.7333333333333333
2537,0.8888888888888888,0.0,0.8888888888888888
2538,1.0,0.14285714285714285,0.8571428571428572
2539,0.6666666666666666,0.5,0.16666666666666663
2540,0.5,0.0,0.5
2541,1.0,0.6,0.4
2542,0.8888888888888888,0.0,0.8888888888888888
2543,1.0,0.14285714285714285,0.8571428571428572
2544,1.0,0.75,0.25
2545,1.0,0.375,0.625
2546,1.0,0.16666666666666666,0.8333333333333334
2547,1.0,0.0,1.0
2548,1.0,0.2,0.8
2549,0.6666666666666666,0.2,0.4666666666666666
2550,0.8333333333333334,0.3333333333333333,0.5
2551,0.16666666666666666,0.4,-0.23333333333333336
2552,0.8333333333333334,0.7142857142857143,0.11904761904761907
2553,1.0,0.8181818181818182,0.18181818181818177
2554,0.8,0.3333333333333333,0.46666666666666673
2555,1.0,0.0,1.0
2556,0.8888888888888888,0.3333333333333333,0.5555555555555556
2557,0.7272727272727273,0.25,0.4772727272727273
2558,1.0,0.3333333333333333,0.6666666666666667
2559,0.6,0.0,0.6
2560,0.5,0.3333333333333333,0.16666666666666669
2561,0.5,0.8333333333333334,-0.33333333333333337
2562,0.8888888888888888,0.2,0.6888888888888889
2563,1.0,0.2,0.8
2564,1.0,0.4117647058823529,0.5882352941176471
2565,0.8333333333333334,0.5,0.33333333333333337
2566,0.8333333333333334,0.42857142857142855,0.4047619047619048
2567,0.6666666666666666,0.6666666666666666,0.0
2568,0.8181818181818182,0.25,0.5681818181818182
2569,0.75,0.42857142857142855,0.32142857142857145
2570,0.5,0.3,0.2
2571,0.75,0.2857142857142857,0.4642857142857143
2572,0.8333333333333334,0.42857142857142855,0.4047619047619048
2573,1.0,0.6666666666666666,0.33333333333333337
2574,0.8888888888888888,0.0,0.8888888888888888
2575,0.6666666666666666,0.3333333333333333,0.3333333333333333
2576,0.6666666666666666,0.16666666666666666,0.5
2577,0.5,0.5,0.0
2578,0.5,0.5,0.0
2580,1.0,0.8,0.19999999999999996
2581,0.5,0.0,0.5
2582,0.5,0.42857142857142855,0.07142857142857145
2583,0.6,0.3333333333333333,0.26666666666666666
2584,0.6666666666666666,1.0,-0.33333333333333337
2585,0.5,1.0,-0.5
2586,0.6666666666666666,0.7142857142857143,-0.04761904761904767
2587,1.0,0.0,1.0
2588,1.0,0.6,0.4
2589,0.6666666666666666,0.7,-0.033333333333333326
2590,1.0,0.42857142857142855,0.5714285714285714
2591,1.0,0.2222222222222222,0.7777777777777778
2592,0.4444444444444444,0.5,-0.05555555555555558
2593,0.8888888888888888,0.6,0.28888888888888886
2594,0.0,0.5,-0.5
2595,0.8333333333333334,1.0,-0.16666666666666663
2596,1.0,0.75,0.25
2597,0.8888888888888888,1.0,-0.11111111111111116
2598,0.8333333333333334,0.5,0.33333333333333337
2599,1.0,0.4,0.6
2600,1.0,0.42857142857142855,0.5714285714285714
2601,1.0,0.5,0.5
2602,0.8,0.6,0.20000000000000007
2603,0.25,0.0,0.25
2604,0.8888888888888888,0.7,0.18888888888888888
2605,0.6666666666666666,0.3333333333333333,0.3333333333333333
2606,0.5555555555555556,0.3333333333333333,0.22222222222222227
2607,0.6666666666666666,0.6666666666666666,0.0
2608,0.16666666666666666,0.2,-0.033333333333333354
2609,0.6666666666666666,0.5,0.16666666666666663
2610,0.5,0.25,0.25
2611,1.0,0.25,0.75
2612,1.0,0.5,0.5
2613,1.0,0.6666666666666666,0.33333333333333337
2614,1.0,0.5,0.5
2615,1.0,0.3333333333333333,0.6666666666666667
2616,0.6666666666666666,0.75,-0.08333333333333337
2618,1.0,0.625,0.375
2619,1.0,1.0,0.0
2620,1.0,0.0,1.0
2621,0.6666666666666666,0.0,0.6666666666666666
2623,1.0,0.6,0.4
2624,0.8333333333333334,0.8333333333333334,0.0
2625,0.6666666666666666,0.0,0.6666666666666666
2626,0.0,0.3333333333333333,-0.3333333333333333
2627,1.0,0.5,0.5
2628,1.0,0.2857142857142857,0.7142857142857143
2629,1.0,0.9,0.09999999999999998
2630,1.0,0.4,0.6
2631,0.8333333333333334,0.25,0.5833333333333334
2632,0.5,0.0,0.5
2633,0.42857142857142855,0.5,-0.07142857142857145
2634,0.5,0.25,0.25
2635,0.8333333333333334,0.0,0.8333333333333334
2636,1.0,0.25,0.75
2637,0.6666666666666666,0.75,-0.08333333333333337
2638,0.6666666666666666,0.3333333333333333,0.3333333333333333
2639,0.7,0.2,0.49999999999999994
2640,0.3333333333333333,0.5,-0.16666666666666669
2641,0.6666666666666666,0.0,0.6666666666666666
2642,0.5,0.25,0.25
2643,0.7777777777777778,0.8333333333333334,-0.05555555555555558
2644,1.0,0.0,1.0
2645,1.0,0.0,1.0
2646,0.6666666666666666,0.6666666666666666,0.0
2647,0.8333333333333334,0.4444444444444444,0.38888888888888895
2648,0.8888888888888888,0.5714285714285714,0.31746031746031744
2649,0.9166666666666666,1.0,-0.08333333333333337
2650,0.9230769230769231,0.5,0.42307692307692313
2651,1.0,1.0,0.0
2652,0.5,0.5,0.0
2653,1.0,0.5,0.5
2654,1.0,0.0,1.0
2655,1.0,0.0,1.0
2656,0.8888888888888888,0.75,0.13888888888888884
2657,1.0,0.6666666666666666,0.33333333333333337
2658,0.6666666666666666,0.2857142857142857,0.38095238095238093
2659,0.8888888888888888,0.9,-0.011111111111111183
2660,1.0,0.4444444444444444,0.5555555555555556
2661,0.7777777777777778,0.8,-0.022222222222222254
2662,0.6666666666666666,0.0,0.6666666666666666
2663,0.5,0.2857142857142857,0.2142857142857143
2664,1.0,0.38461538461538464,0.6153846153846154
2665,0.6666666666666666,0.8,-0.13333333333333341
2666,0.8333333333333334,0.2,0.6333333333333333
2667,0.6666666666666666,0.0,0.6666666666666666
2668,0.5,0.4444444444444444,0.05555555555555558
2669,0.5,0.0,0.5
2670,0.6,0.38095238095238093,0.21904761904761905
2671,1.0,0.5,0.5
2673,1.0,0.5,0.5
2674,0.8888888888888888,0.5,0.38888888888888884
2675,0.8333333333333334,0.75,0.08333333333333337
2676,1.0,0.2727272727272727,0.7272727272727273
2677,0.5,0.8333333333333334,-0.33333333333333337
2678,0.6666666666666666,0.6666666666666666,0.0
2679,0.7777777777777778,0.0,0.7777777777777778
2680,0.8,0.5,0.30000000000000004
2681,0.5,0.625,-0.125
2682,0.8333333333333334,0.0,0.8333333333333334
2683,0.8333333333333334,0.3333333333333333,0.5
2684,0.3333333333333333,0.6666666666666666,-0.3333333333333333
2685,0.5,0.5,0.0
2686,1.0,0.25,0.75
2687,0.375,0.25,0.125
2688,0.5,0.3333333333333333,0.16666666666666669
2689,0.8571428571428571,0.3076923076923077,0.5494505494505494
2690,0.8333333333333334,0.0,0.8333333333333334
2691,0.6666666666666666,0.0,0.6666666666666666
2692,0.75,0.8,-0.050000000000000044
2693,0.7777777777777778,0.2,0.5777777777777777
2694,0.75,0.5,0.25
2695,0.7777777777777778,0.2,0.5777777777777777
2696,0.8888888888888888,0.5,0.38888888888888884
2697,0.5,0.8333333333333334,-0.33333333333333337
2698,0.6666666666666666,0.6,0.06666666666666665
2699,0.8333333333333334,0.16666666666666666,0.6666666666666667
2700,0.3333333333333333,0.4444444444444444,-0.1111111111111111
2701,0.8571428571428571,0.5714285714285714,0.2857142857142857
2702,0.875,0.6153846153846154,0.2596153846153846
2703,1.0,0.25,0.75
2704,0.4444444444444444,0.6666666666666666,-0.2222222222222222
2705,1.0,0.75,0.25
2706,0.5,0.6,-0.09999999999999998
2707,0.6,0.42857142857142855,0.17142857142857143
2708,0.5,0.3333333333333333,0.16666666666666669
2709,1.0,1.0,0.0
2710,0.5,0.375,0.125
2711,0.8888888888888888,0.875,0.01388888888888884
2712,0.8888888888888888,0.4,0.4888888888888888
2713,0.5,0.0,0.5
2714,0.5714285714285714,0.0,0.5714285714285714
2715,0.6666666666666666,0.75,-0.08333333333333337
2716,0.5,0.5,0.0
2717,1.0,0.4,0.6
2718,0.8333333333333334,0.2,0.6333333333333333
2719,0.8333333333333334,0.4444444444444444,0.38888888888888895
2720,0.8333333333333334,0.0,0.8333333333333334
2721,0.5714285714285714,0.4,0.17142857142857137
2722,0.8333333333333334,0.8333333333333334,0.0
2723,1.0,0.3333333333333333,0.6666666666666667
2724,0.875,0.7,0.17500000000000004
2725,0.6666666666666666,0.6,0.06666666666666665
2726,1.0,0.0,1.0
2727,0.6363636363636364,0.35714285714285715,0.2792207792207792
2728,0.5,0.7,-0.19999999999999996
2729,1.0,0.8333333333333334,0.16666666666666663
2730,1.0,0.6,0.4
2731,1.0,0.6666666666666666,0.33333333333333337
2732,0.6666666666666666,0.5,0.16666666666666663
2733,0.7777777777777778,0.2,0.5777777777777777
2734,0.6666666666666666,0.6666666666666666,0.0
2735,0.8333333333333334,0.42857142857142855,0.4047619047619048
2736,0.5,0.625,-0.125
2737,0.8888888888888888,0.7857142857142857,0.10317460317460314
2738,1.0,0.3333333333333333,0.6666666666666667
2739,0.8888888888888888,0.0,0.8888888888888888
2740,0.875,0.625,0.25
2741,0.625,0.625,0.0
2742,0.75,0.6428571428571429,0.1071428571428571
2743,1.0,0.8333333333333334,0.16666666666666663
2744,0.6666666666666666,0.3333333333333333,0.3333333333333333
2745,1.0,0.42857142857142855,0.5714285714285714
2746,1.0,0.6666666666666666,0.33333333333333337
2747,0.8333333333333334,0.5,0.33333333333333337
2748,0.8888888888888888,0.16666666666666666,0.7222222222222222
2749,1.0,0.2857142857142857,0.7142857142857143
2750,0.5,0.25,0.25
2751,0.7142857142857143,0.5714285714285714,0.1428571428571429
2752,1.0,0.42857142857142855,0.5714285714285714
2753,0.8571428571428571,0.4666666666666667,0.3904761904761904
2754,0.5,0.5833333333333334,-0.08333333333333337
2755,1.0,0.3333333333333333,0.6666666666666667
2756,0.7,0.5,0.19999999999999996
2757,1.0,0.25,0.75
2758,0.7,1.0,-0.30000000000000004
2759,0.9230769230769231,0.75,0.17307692307692313
2760,0.8,0.2857142857142857,0.5142857142857143
2761,0.5,0.5,0.0
2762,0.75,0.625,0.125
2763,1.0,0.45454545454545453,0.5454545454545454
2764,0.8333333333333334,0.4,0.43333333333333335
2765,0.0,0.42857142857142855,-0.42857142857142855
2766,0.7777777777777778,0.875,-0.09722222222222221
2767,1.0,0.5,0.5
2768,0.8571428571428571,0.5714285714285714,0.2857142857142857
2769,0.8333333333333334,0.8,0.033333333333333326
2770,1.0,0.6086956521739131,0.3913043478260869
2771,0.8333333333333334,0.42857142857142855,0.4047619047619048
2772,0.5,0.2222222222222222,0.2777777777777778
2773,0.9090909090909091,0.0,0.9090909090909091
2774,1.0,0.5454545454545454,0.4545454545454546
2775,0.75,0.3333333333333333,0.4166666666666667
2776,0.875,0.25,0.625
2777,1.0,1.0,0.0
2778,1.0,0.2,0.8
2779,1.0,0.6666666666666666,0.33333333333333337
2780,0.6666666666666666,0.75,-0.08333333333333337
2781,0.8888888888888888,0.25,0.6388888888888888
2783,0.8333333333333334,0.2857142857142857,0.5476190476190477
2784,1.0,0.5,0.5
2785,1.0,0.7,0.30000000000000004
2786,1.0,0.14285714285714285,0.8571428571428572
2787,1.0,1.0,0.0
2788,0.8333333333333334,0.8,0.033333333333333326
2789,0.8333333333333334,0.42857142857142855,0.4047619047619048
2790,0.8333333333333334,0.25,0.5833333333333334
2791,0.6666666666666666,0.4,0.2666666666666666
2792,0.5,0.6,-0.09999999999999998
2793,0.6666666666666666,0.5,0.16666666666666663
2794,0.8,0.5,0.30000000000000004
2795,1.0,0.8333333333333334,0.16666666666666663
2796,0.7142857142857143,0.0,0.7142857142857143
2797,0.5714285714285714,0.42857142857142855,0.14285714285714285
2798,0.8571428571428571,0.25,0.6071428571428571
2799,0.5,0.25,0.25
2800,0.5,0.5555555555555556,-0.05555555555555558
2801,1.0,0.7272727272727273,0.2727272727272727
2802,0.5,0.3333333333333333,0.16666666666666669
2803,0.8888888888888888,0.42857142857142855,0.4603174603174603
2804,0.9166666666666666,0.5,0.41666666666666663
2805,0.7777777777777778,0.5,0.2777777777777778
2806,1.0,0.5,0.5
2807,0.875,0.3333333333333333,0.5416666666666667
2808,0.5,0.8,-0.30000000000000004
2809,0.8888888888888888,0.75,0.13888888888888884
2810,0.8333333333333334,0.6,0.2333333333333334
2811,1.0,0.8,0.19999999999999996
2812,1.0,0.6,0.4
2813,0.7777777777777778,0.45454545454545453,0.32323232323232326
2814,0.8333333333333334,0.6666666666666666,0.16666666666666674
2815,0.7692307692307693,0.5,0.2692307692307693
2816,0.9,0.75,0.15000000000000002
2817,0.6666666666666666,0.25,0.41666666666666663
2818,0.8333333333333334,0.5,0.33333333333333337
2819,0.7777777777777778,0.42857142857142855,0.34920634920634924
2820,0.7142857142857143,0.3333333333333333,0.380952380952381
2821,0.5,0.6666666666666666,-0.16666666666666663
2822,0.5,0.5,0.0
2823,0.6666666666666666,0.8,-0.13333333333333341
2824,0.6666666666666666,0.6,0.06666666666666665
2825,0.6666666666666666,0.4444444444444444,0.2222222222222222
2826,0.8333333333333334,0.6666666666666666,0.16666666666666674
2827,1.0,0.16666666666666666,0.8333333333333334
2828,0.8333333333333334,0.875,-0.04166666666666663
2829,0.8333333333333334,0.5,0.33333333333333337
2830,0.75,0.36363636363636365,0.38636363636363635
2831,1.0,0.9166666666666666,0.08333333333333337
2832,1.0,0.6666666666666666,0.33333333333333337
2833,0.6666666666666666,0.3333333333333333,0.3333333333333333
2834,0.6666666666666666,0.2857142857142857,0.38095238095238093
2835,0.5714285714285714,0.42857142857142855,0.14285714285714285
2836,0.8888888888888888,0.8,0.0888888888888888
2837,0.8333333333333334,0.0,0.8333333333333334
2838,0.6666666666666666,0.25,0.41666666666666663
2839,0.8333333333333334,0.25,0.5833333333333334
2840,0.5,0.6666666666666666,-0.16666666666666663
2841,0.6666666666666666,0.0,0.6666666666666666
2842,0.6666666666666666,0.6666666666666666,0.0
2843,0.9166666666666666,0.5,0.41666666666666663
2844,0.7777777777777778,0.8,-0.022222222222222254
2845,1.0,0.7142857142857143,0.2857142857142857
2846,0.5,0.3333333333333333,0.16666666666666669
2847,0.5,0.8,-0.30000000000000004
2848,1.0,0.5,0.5
2849,0.5,0.36363636363636365,0.13636363636363635
2850,0.5,0.6,-0.09999999999999998
2851,1.0,0.4,0.6
2852,0.6666666666666666,0.7857142857142857,-0.11904761904761907
2853,0.5,0.6785714285714286,-0.1785714285714286
2854,0.5,0.8333333333333334,-0.33333333333333337
2855,0.6666666666666666,0.3333333333333333,0.3333333333333333
2856,0.5,0.0,0.5
2857,0.5555555555555556,0.5,0.05555555555555558
2858,0.5714285714285714,0.5,0.0714285714285714
2859,1.0,0.3333333333333333,0.6666666666666667
2860,0.8333333333333334,0.7142857142857143,0.11904761904761907
2861,0.8333333333333334,0.3333333333333333,0.5
2862,0.6666666666666666,0.3333333333333333,0.3333333333333333
2863,0.3333333333333333,0.0,0.3333333333333333
2864,0.5,0.5,0.0
2865,0.875,0.25,0.625
2866,0.5,0.0,0.5
2867,0.7142857142857143,0.3333333333333333,0.380952380952381
2868,1.0,0.75,0.25
2869,0.8333333333333334,0.25,0.5833333333333334
2871,0.7142857142857143,0.0,0.7142857142857143
2872,0.6666666666666666,0.42857142857142855,0.23809523809523808
2873,1.0,0.625,0.375
2874,1.0,0.3333333333333333,0.6666666666666667
2875,0.8333333333333334,0.6666666666666666,0.16666666666666674
2876,0.8571428571428571,0.6,0.2571428571428571
2877,0.8888888888888888,0.625,0.26388888888888884
2878,0.5,0.5,0.0
2879,1.0,0.6666666666666666,0.33333333333333337
2880,0.8181818181818182,0.4444444444444444,0.3737373737373738
2881,0.5,0.0,0.5
2882,0.5,0.8571428571428571,-0.3571428571428571
2883,0.8888888888888888,0.375,0.5138888888888888
2884,1.0,0.125,0.875
2885,0.5,0.3333333333333333,0.16666666666666669
2886,0.5,0.7272727272727273,-0.2272727272727273
2887,1.0,0.7142857142857143,0.2857142857142857
2888,1.0,0.5714285714285714,0.4285714285714286
2889,0.6666666666666666,0.75,-0.08333333333333337
2890,0.6666666666666666,0.6923076923076923,-0.02564102564102566
2891,0.5,0.6666666666666666,-0.16666666666666663
2892,1.0,0.5,0.5
2893,0.5,0.6666666666666666,-0.16666666666666663
2894,0.3333333333333333,0.0,0.3333333333333333
2895,0.6666666666666666,0.5,0.16666666666666663
2896,0.7777777777777778,0.3333333333333333,0.4444444444444445
2898,0.7777777777777778,0.5,0.2777777777777778
2899,0.7272727272727273,0.0,0.7272727272727273
2900,0.5,0.3333333333333333,0.16666666666666669
2901,0.16666666666666666,0.45454545454545453,-0.28787878787878785
2902,0.5,0.6666666666666666,-0.16666666666666663
2903,0.5,0.6666666666666666,-0.16666666666666663
2904,1.0,0.4,0.6
2905,1.0,0.6666666666666666,0.33333333333333337
2906,0.6666666666666666,1.0,-0.33333333333333337
2907,0.8333333333333334,0.6,0.2333333333333334
2908,0.7777777777777778,0.25,0.5277777777777778
2909,0.8333333333333334,0.4,0.43333333333333335
2910,1.0,0.6666666666666666,0.33333333333333337
2911,0.6666666666666666,0.6,0.06666666666666665
2913,0.3333333333333333,0.5,-0.16666666666666669
2914,0.16666666666666666,0.2,-0.033333333333333354
2916,1.0,0.5,0.5
2917,0.6666666666666666,0.5384615384615384,0.1282051282051282
2918,0.875,0.5,0.375
2919,0.6666666666666666,0.4444444444444444,0.2222222222222222
2920,0.6666666666666666,0.6666666666666666,0.0
2921,0.8333333333333334,0.14285714285714285,0.6904761904761905
2922,0.5,0.42857142857142855,0.07142857142857145
2923,0.8333333333333334,0.6666666666666666,0.16666666666666674
2924,0.8333333333333334,0.7142857142857143,0.11904761904761907
2925,0.8888888888888888,0.3333333333333333,0.5555555555555556
2926,1.0,0.6666666666666666,0.33333333333333337
2927,0.5,0.625,-0.125
2928,0.6666666666666666,0.4,0.2666666666666666
2929,0.8888888888888888,0.75,0.13888888888888884
2930,0.6666666666666666,0.2857142857142857,0.38095238095238093
2931,0.6666666666666666,0.0,0.6666666666666666
2932,0.8888888888888888,0.5,0.38888888888888884
2933,1.0,0.8,0.19999999999999996
2934,0.6666666666666666,0.3333333333333333,0.3333333333333333
2935,0.5,0.5,0.0
2936,1.0,0.6666666666666666,0.33333333333333337
2937,0.7777777777777778,0.7142857142857143,0.06349206349206349
2938,1.0,0.5,0.5
2939,0.6666666666666666,0.2,0.4666666666666666
2940,0.8333333333333334,0.0,0.8333333333333334
2941,1.0,0.75,0.25
2942,0.0,0.0,0.0
2943,0.8333333333333334,0.6129032258064516,0.22043010752688175
2944,0.5,0.5,0.0
2945,0.875,0.0,0.875
2946,0.0,0.47058823529411764,-0.47058823529411764
2947,1.0,0.5,0.5
2948,1.0,0.16666666666666666,0.8333333333333334
2950,0.75,0.5714285714285714,0.1785714285714286
2951,1.0,0.6,0.4
2952,1.0,0.7222222222222222,0.2777777777777778
2953,0.8333333333333334,0.0,0.8333333333333334
2954,0.5,0.5909090909090909,-0.09090909090909094
2955,0.6666666666666666,0.3333333333333333,0.3333333333333333
2956,1.0,0.5,0.5
2957,0.8333333333333334,0.6363636363636364,0.19696969696969702
2958,1.0,0.75,0.25
2959,1.0,0.42857142857142855,0.5714285714285714
2960,0.375,0.25,0.125
2961,0.6666666666666666,0.0,0.6666666666666666
2962,1.0,0.5,0.5
2963,0.0,0.0,0.0
2964,0.8888888888888888,0.4,0.4888888888888888
2965,0.9166666666666666,0.3333333333333333,0.5833333333333333
2966,0.6666666666666666,0.5,0.16666666666666663
2967,0.8333333333333334,0.0,0.8333333333333334
2968,0.3333333333333333,0.2,0.1333333333333333
2969,1.0,0.5882352941176471,0.4117647058823529
2970,0.0,0.6,-0.6
2971,0.0,0.42857142857142855,-0.42857142857142855
2972,0.5,0.0,0.5
2973,0.75,0.5555555555555556,0.19444444444444442
2974,0.9166666666666666,0.3333333333333333,0.5833333333333333
2975,1.0,0.6,0.4
2976,0.5,0.5,0.0
2977,0.75,0.6,0.15000000000000002
2978,0.8333333333333334,0.0,0.8333333333333334
2979,0.7777777777777778,0.0,0.7777777777777778
2980,1.0,0.6666666666666666,0.33333333333333337
2981,1.0,0.34782608695652173,0.6521739130434783
2982,0.6666666666666666,0.25,0.41666666666666663
2983,0.75,1.0,-0.25
2984,0.3333333333333333,0.0,0.3333333333333333
2985,1.0,0.75,0.25
2986,0.8,0.5714285714285714,0.22857142857142865
2987,0.8571428571428571,0.0,0.8571428571428571
2988,1.0,0.42857142857142855,0.5714285714285714
2989,0.6666666666666666,0.5454545454545454,0.12121212121212122
2990,1.0,0.6666666666666666,0.33333333333333337
2991,1.0,0.7142857142857143,0.2857142857142857
2992,1.0,0.4375,0.5625
2993,1.0,0.8181818181818182,0.18181818181818177
2994,0.5,0.6,-0.09999999999999998
2995,0.75,0.5,0.25
2996,1.0,0.2727272727272727,0.7272727272727273
2997,1.0,0.16666666666666666,0.8333333333333334
2998,0.8333333333333334,0.5,0.33333333333333337
2999,0.8333333333333334,0.3333333333333333,0.5
3000,0.6666666666666666,0.5,0.16666666666666663
3001,0.8333333333333334,0.375,0.45833333333333337
3002,0.6666666666666666,0.0,0.6666666666666666
3003,0.625,0.4444444444444444,0.18055555555555558
3004,0.6666666666666666,0.1,0.5666666666666667
3005,1.0,1.0,0.0
3006,1.0,0.4,0.6
3007,1.0,0.5,0.5
3008,0.6666666666666666,0.6666666666666666,0.0
3009,0.7,0.25,0.44999999999999996
3010,0.42857142857142855,0.7692307692307693,-0.3406593406593407
3011,0.75,0.0,0.75
3012,0.6666666666666666,0.7,-0.033333333333333326
3013,0.5714285714285714,0.5,0.0714285714285714
3014,0.6666666666666666,0.4,0.2666666666666666
3015,0.8888888888888888,0.4,0.4888888888888888
3016,0.6666666666666666,0.5454545454545454,0.12121212121212122
3017,0.8333333333333334,0.42857142857142855,0.4047619047619048
3018,0.5,0.5,0.0
3019,0.8888888888888888,0.14285714285714285,0.746031746031746
3020,0.16666666666666666,0.5,-0.33333333333333337
3021,0.8333333333333334,0.16666666666666666,0.6666666666666667
3022,0.5,0.42857142857142855,0.07142857142857145
3023,0.8888888888888888,0.2,0.6888888888888889
3024,0.6666666666666666,0.375,0.29166666666666663
3025,0.3333333333333333,0.5,-0.16666666666666669
3026,0.7777777777777778,0.6666666666666666,0.11111111111111116
3027,1.0,0.3333333333333333,0.6666666666666667
3028,0.6666666666666666,0.0,0.6666666666666666
3029,1.0,0.25,0.75
3030,1.0,0.6,0.4
3031,0.6666666666666666,0.6,0.06666666666666665
3032,0.8333333333333334,0.2,0.6333333333333333
3033,0.75,0.3333333333333333,0.4166666666666667
3034,0.8571428571428571,0.6,0.2571428571428571
3035,0.6666666666666666,0.5,0.16666666666666663
3036,1.0,0.2857142857142857,0.7142857142857143
3037,0.6666666666666666,0.4,0.2666666666666666
3038,0.5,0.3333333333333333,0.16666666666666669
3039,0.75,0.5,0.25
3040,0.5,0.16666666666666666,0.33333333333333337
3041,1.0,0.4,0.6
3042,0.6666666666666666,0.5,0.16666666666666663
3043,0.6666666666666666,0.0,0.6666666666666666
3044,1.0,0.625,0.375
3045,0.7777777777777778,0.0,0.7777777777777778
3046,0.5,0.6666666666666666,-0.16666666666666663
3047,0.7777777777777778,0.6,0.1777777777777778
3048,0.8333333333333334,0.3333333333333333,0.5
3049,0.6,0.25,0.35
3050,0.6666666666666666,0.3333333333333333,0.3333333333333333
3051,0.5,0.5,0.0
3052,0.5,0.6,-0.09999999999999998
3053,0.75,0.7333333333333333,0.01666666666666672
3054,0.8333333333333334,0.75,0.08333333333333337
3055,0.9285714285714286,0.4666666666666667,0.46190476190476193
3056,1.0,0.3333333333333333,0.6666666666666667
3057,0.25,0.6666666666666666,-0.41666666666666663
3058,0.9166666666666666,0.0,0.9166666666666666
3059,1.0,0.42857142857142855,0.5714285714285714
3060,0.8333333333333334,0.45454545454545453,0.37878787878787884
3061,0.7272727272727273,0.4444444444444444,0.2828282828282829
3062,1.0,0.5,0.5
3063,0.8333333333333334,0.6363636363636364,0.19696969696969702
3064,1.0,0.6666666666666666,0.33333333333333337
3065,0.8,0.7142857142857143,0.08571428571428574
3066,1.0,0.25,0.75
3067,0.9,0.4,0.5
3068,0.8333333333333334,0.0,0.8333333333333334
3069,0.3076923076923077,0.2,0.1076923076923077
3070,0.6666666666666666,0.0,0.6666666666666666
3071,0.5555555555555556,0.6666666666666666,-0.11111111111111105
3072,0.8888888888888888,0.14285714285714285,0.746031746031746
3073,0.8888888888888888,0.5,0.38888888888888884
3074,0.9375,0.5,0.4375
3075,0.5,0.6666666666666666,-0.16666666666666663
3076,0.8888888888888888,0.5,0.38888888888888884
3077,1.0,0.6666666666666666,0.33333333333333337
3078,0.0,0.6666666666666666,-0.6666666666666666
3079,0.6666666666666666,0.6,0.06666666666666665
3080,1.0,0.375,0.625
3081,1.0,0.375,0.625
3082,1.0,0.8571428571428571,0.1428571428571429
3083,0.0,0.25,-0.25
3084,1.0,0.6666666666666666,0.33333333333333337
3085,1.0,0.0,1.0
3086,1.0,0.6666666666666666,0.33333333333333337
3087,0.7142857142857143,0.6,0.11428571428571432
3088,0.7777777777777778,0.4,0.37777777777777777
3089,0.8333333333333334,0.5,0.33333333333333337
3090,0.5,0.6666666666666666,-0.16666666666666663
3091,0.5,0.3333333333333333,0.16666666666666669
3092,0.7777777777777778,0.5,0.2777777777777778
3093,0.8888888888888888,0.42857142857142855,0.4603174603174603
3094,1.0,0.42857142857142855,0.5714285714285714
3095,0.3333333333333333,0.25,0.08333333333333331
3096,0.7777777777777778,0.2,0.5777777777777777
3097,0.8333333333333334,0.0,0.8333333333333334
3098,0.8,0.0,0.8
3099,0.5,0.3333333333333333,0.16666666666666669
3100,1.0,0.4,0.6
3101,1.0,0.5,0.5
3102,0.8333333333333334,0.5454545454545454,0.28787878787878796
3104,1.0,0.3333333333333333,0.6666666666666667
3105,0.5,0.3333333333333333,0.16666666666666669
3106,1.0,1.0,0.0
3107,1.0,0.75,0.25
3108,0.5,0.6666666666666666,-0.16666666666666663
3109,0.8888888888888888,0.5833333333333334,0.30555555555555547
3110,0.5555555555555556,0.5454545454545454,0.010101010101010166
3111,0.5,0.0,0.5
3112,0.8571428571428571,0.5,0.3571428571428571
3113,0.8,0.375,0.42500000000000004
3114,0.8461538461538461,0.75,0.09615384615384615
3115,1.0,0.42857142857142855,0.5714285714285714
3116,0.8181818181818182,0.2,0.6181818181818182
3117,0.6666666666666666,0.0,0.6666666666666666
3118,1.0,0.5,0.5
3119,1.0,0.5,0.5
3120,0.8333333333333334,0.0,0.8333333333333334
3121,0.8571428571428571,0.0,0.8571428571428571
3122,0.8888888888888888,0.0,0.8888888888888888
3123,0.5,0.46153846153846156,0.038461538461538436
3124,0.8888888888888888,0.5,0.38888888888888884
3125,0.8333333333333334,0.6666666666666666,0.16666666666666674
3126,1.0,0.5789473684210527,0.42105263157894735
3127,0.6666666666666666,0.5,0.16666666666666663
3128,1.0,0.42857142857142855,0.5714285714285714
3129,0.5,0.7142857142857143,-0.2142857142857143
3130,0.6666666666666666,0.0,0.6666666666666666
3131,0.0,0.6363636363636364,-0.6363636363636364
3132,0.8888888888888888,0.5,0.38888888888888884
3133,0.5,0.0,0.5
3134,0.625,0.3333333333333333,0.2916666666666667
3135,0.7777777777777778,0.5,0.2777777777777778
3136,0.8888888888888888,0.5,0.38888888888888884
3137,0.7777777777777778,0.0,0.7777777777777778
3138,0.875,0.0,0.875
3139,0.75,0.42857142857142855,0.32142857142857145
3140,0.875,0.3333333333333333,0.5416666666666667
3141,0.3333333333333333,1.0,-0.6666666666666667
3142,0.8,0.35714285714285715,0.4428571428571429
3143,0.8333333333333334,0.3333333333333333,0.5
3144,1.0,0.0,1.0
3145,1.0,0.5,0.5
3146,1.0,0.3333333333333333,0.6666666666666667
3147,0.9166666666666666,0.3333333333333333,0.5833333333333333
3148,0.7,0.3,0.39999999999999997
3149,1.0,0.625,0.375
3150,0.25,0.0,0.25
3151,0.5714285714285714,0.3333333333333333,0.23809523809523808
3152,1.0,0.5,0.5
3153,0.9166666666666666,0.4,0.5166666666666666
3154,0.9090909090909091,0.7777777777777778,0.13131313131313127
3155,0.875,0.6666666666666666,0.20833333333333337
3156,0.7,0.6666666666666666,0.033333333333333326
3157,0.8333333333333334,0.5,0.33333333333333337
3158,0.5,0.3333333333333333,0.16666666666666669
3159,1.0,0.14285714285714285,0.8571428571428572
3160,1.0,0.5454545454545454,0.4545454545454546
3161,0.9230769230769231,0.3333333333333333,0.5897435897435899
3162,0.8,0.08333333333333333,0.7166666666666667
3163,1.0,0.6,0.4
3164,0.6666666666666666,0.4230769230769231,0.24358974358974356
3165,0.5,0.6666666666666666,-0.16666666666666663
3166,0.75,0.6666666666666666,0.08333333333333337
3167,0.8333333333333334,0.3333333333333333,0.5
3168,0.8888888888888888,0.5,0.38888888888888884
3169,0.8888888888888888,0.5714285714285714,0.31746031746031744
3170,0.8333333333333334,0.7777777777777778,0.05555555555555558
3171,0.6666666666666666,0.5555555555555556,0.11111111111111105
3172,0.16666666666666666,0.6666666666666666,-0.5
3173,1.0,0.7777777777777778,0.2222222222222222
3174,1.0,0.46153846153846156,0.5384615384615384
3175,1.0,0.4,0.6
3176,0.6666666666666666,0.5333333333333333,0.1333333333333333
3177,0.8,0.0,0.8
3178,0.4444444444444444,0.38461538461538464,0.05982905982905978
3179,0.0,0.16666666666666666,-0.16666666666666666
3180,1.0,0.3333333333333333,0.6666666666666667
3181,1.0,0.16666666666666666,0.8333333333333334
3182,1.0,0.6666666666666666,0.33333333333333337
3185,0.3333333333333333,0.6666666666666666,-0.3333333333333333
3186,0.75,0.42857142857142855,0.32142857142857145
3187,0.8888888888888888,0.4,0.4888888888888888
3188,0.75,0.3333333333333333,0.4166666666666667
3189,1.0,0.5454545454545454,0.4545454545454546
3190,1.0,0.0,1.0
3191,0.5454545454545454,0.375,0.17045454545454541
3192,0.8888888888888888,0.5555555555555556,0.33333333333333326
3193,0.75,1.0,-0.25
3194,0.6666666666666666,0.0,0.6666666666666666
3195,0.8333333333333334,0.0,0.8333333333333334
3196,1.0,0.35714285714285715,0.6428571428571428
3197,1.0,0.3333333333333333,0.6666666666666667
3198,0.9166666666666666,0.0,0.9166666666666666
3199,0.5,0.5,0.0
3200,1.0,0.3333333333333333,0.6666666666666667
3201,1.0,0.4,0.6
3203,0.6666666666666666,0.14285714285714285,0.5238095238095237
3204,1.0,1.0,0.0
3205,0.8,0.7,0.10000000000000009
3206,0.5,0.0,0.5
3207,0.0,0.3333333333333333,-0.3333333333333333
3208,0.9411764705882353,0.75,0.19117647058823528
3209,0.16666666666666666,0.375,-0.20833333333333334
3210,0.6666666666666666,0.2857142857142857,0.38095238095238093
3211,0.3333333333333333,0.0,0.3333333333333333
3212,0.8888888888888888,0.16666666666666666,0.7222222222222222
3214,0.8888888888888888,0.375,0.5138888888888888
3263,0.6666666666666666,0.4,0.2666666666666666
3265,0.9444444444444444,0.3333333333333333,0.6111111111111112
3266,1.0,1.0,0.0
3267,0.875,0.3333333333333333,0.5416666666666667
3268,0.3333333333333333,0.0,0.3333333333333333
3269,0.5454545454545454,0.5882352941176471,-0.042780748663101664
3270,0.5,0.5454545454545454,-0.045454545454545414
3271,0.6666666666666666,0.6,0.06666666666666665
3273,0.625,0.6,0.025000000000000022
3274,1.0,0.42857142857142855,0.5714285714285714
3275,0.3333333333333333,0.0,0.3333333333333333
3276,0.5,0.0,0.5
3277,1.0,0.5,0.5
3278,1.0,0.5,0.5
3280,0.5,0.0,0.5
3281,0.5,0.5,0.0
3282,0.8,0.0,0.8
3283,0.8181818181818182,0.5833333333333334,0.23484848484848486
3285,1.0,0.7142857142857143,0.2857142857142857
3286,0.6666666666666666,0.6,0.06666666666666665
3287,0.8888888888888888,0.5,0.38888888888888884
3288,0.5,0.25,0.25
3289,0.8888888888888888,0.2,0.6888888888888889
3290,0.9166666666666666,0.5714285714285714,0.34523809523809523
3291,0.5,0.0,0.5
3292,0.875,0.5714285714285714,0.3035714285714286
3293,0.8333333333333334,0.6666666666666666,0.16666666666666674
3294,1.0,0.4,0.6
3295,1.0,0.0,1.0
3296,1.0,0.5454545454545454,0.4545454545454546
3297,0.6666666666666666,0.3333333333333333,0.3333333333333333
3298,1.0,0.4,0.6
3299,1.0,0.3333333333333333,0.6666666666666667
3300,0.7142857142857143,0.0,0.7142857142857143
3301,0.8333333333333334,0.6666666666666666,0.16666666666666674
3302,0.5,0.4,0.09999999999999998
3303,0.8333333333333334,0.6666666666666666,0.16666666666666674
3304,0.25,0.6666666666666666,-0.41666666666666663
3305,0.5,0.0,0.5
3306,1.0,0.5,0.5
3307,0.6666666666666666,0.7647058823529411,-0.0980392156862745
3308,0.5,0.4,0.09999999999999998
3309,0.625,0.5,0.125
3310,0.0,0.0,0.0
3311,0.8888888888888888,0.5,0.38888888888888884
3312,1.0,1.0,0.0
3313,0.8333333333333334,0.25,0.5833333333333334
3314,0.6666666666666666,0.5588235294117647,0.10784313725490191
3315,0.6666666666666666,0.5,0.16666666666666663
3316,0.9166666666666666,1.0,-0.08333333333333337
3317,0.8888888888888888,0.3333333333333333,0.5555555555555556
3318,0.5,0.4,0.09999999999999998
3319,0.7777777777777778,0.4444444444444444,0.33333333333333337
3320,0.8888888888888888,0.5,0.38888888888888884
3321,0.6666666666666666,0.5,0.16666666666666663
3322,0.6666666666666666,0.5,0.16666666666666663
3323,0.8333333333333334,0.3333333333333333,0.5
3324,0.8571428571428571,0.5555555555555556,0.3015873015873015
3325,0.5,0.6666666666666666,-0.16666666666666663
3326,0.5,0.7142857142857143,-0.2142857142857143
3327,1.0,0.42857142857142855,0.5714285714285714
3328,0.5,0.45454545454545453,0.04545454545454547
3329,0.7142857142857143,0.6923076923076923,0.02197802197802201
3330,1.0,1.0,0.0
3331,0.75,0.5,0.25
3332,0.0,0.5,-0.5
3333,0.5,0.6,-0.09999999999999998
3334,1.0,0.42857142857142855,0.5714285714285714
3335,0.9285714285714286,0.6875,0.2410714285714286
3336,0.9166666666666666,0.0,0.9166666666666666
3337,1.0,0.3333333333333333,0.6666666666666667
3338,0.5,0.3333333333333333,0.16666666666666669
3339,0.5,0.5,0.0
3340,1.0,0.25,0.75
3341,0.5,0.5714285714285714,-0.0714285714285714
3342,0.625,0.2,0.425
3343,1.0,0.42857142857142855,0.5714285714285714
3345,0.6666666666666666,0.75,-0.08333333333333337
3346,0.8,0.2,0.6000000000000001
3347,0.5,0.3333333333333333,0.16666666666666669
3348,0.7692307692307693,0.3333333333333333,0.43589743589743596
3349,1.0,0.0,1.0
3350,0.6666666666666666,0.5,0.16666666666666663
3351,0.8888888888888888,0.4,0.4888888888888888
3352,0.9166666666666666,0.0,0.9166666666666666
3353,0.5,0.6666666666666666,-0.16666666666666663
3354,0.6666666666666666,0.3333333333333333,0.3333333333333333
3355,0.875,0.3333333333333333,0.5416666666666667
3356,0.0,0.6363636363636364,-0.6363636363636364
3357,0.8333333333333334,0.3333333333333333,0.5
3358,0.6666666666666666,0.25,0.41666666666666663
3359,0.7777777777777778,0.4,0.37777777777777777
3360,1.0,0.0,1.0
3361,0.8888888888888888,0.4166666666666667,0.47222222222222215
3362,1.0,1.0,0.0
3364,0.625,0.6,0.025000000000000022
3366,0.7777777777777778,0.0,0.7777777777777778
3368,0.0,0.0,0.0
3369,0.5,0.35714285714285715,0.14285714285714285
3370,1.0,0.3333333333333333,0.6666666666666667
3371,0.5,0.0,0.5
3372,0.6666666666666666,0.5,0.16666666666666663
3373,0.8,0.16666666666666666,0.6333333333333334
3374,0.3333333333333333,0.6666666666666666,-0.3333333333333333
3375,0.7,0.6666666666666666,0.033333333333333326
3376,0.7777777777777778,0.4666666666666667,0.3111111111111111
3377,0.0,1.0,-1.0
3378,0.16666666666666666,0.7142857142857143,-0.5476190476190477
3379,1.0,0.5833333333333334,0.41666666666666663
3380,1.0,0.0,1.0
3381,1.0,0.5,0.5
3382,0.5,0.5,0.0
3383,0.6666666666666666,0.25,0.41666666666666663
3384,0.3333333333333333,0.25,0.08333333333333331
3385,1.0,0.4444444444444444,0.5555555555555556
3386,0.5555555555555556,0.5555555555555556,0.0
3387,0.3333333333333333,0.0,0.3333333333333333
3388,0.7777777777777778,0.4166666666666667,0.3611111111111111
3389,0.0,0.0,0.0
3390,1.0,0.25,0.75
3391,0.75,0.5,0.25
3392,1.0,0.0,1.0
3393,0.8333333333333334,0.3333333333333333,0.5
3394,1.0,0.4,0.6
3395,0.6666666666666666,0.3333333333333333,0.3333333333333333
3396,1.0,0.42857142857142855,0.5714285714285714
3397,1.0,0.0,1.0
3398,1.0,0.5,0.5
3399,1.0,0.4,0.6
3400,1.0,0.14285714285714285,0.8571428571428572
3401,0.8333333333333334,0.0,0.8333333333333334
3402,0.7142857142857143,0.0,0.7142857142857143
3403,0.875,0.6,0.275
3404,0.0,0.5882352941176471,-0.5882352941176471
3405,1.0,1.0,0.0
3407,0.9333333333333333,0.625,0.30833333333333335
3408,0.5,0.25,0.25
3410,1.0,1.0,0.0
3411,1.0,0.5833333333333334,0.41666666666666663
3412,0.8,0.5714285714285714,0.22857142857142865
3413,0.7,0.5,0.19999999999999996
3414,0.9166666666666666,0.2608695652173913,0.6557971014492754
3415,0.8,0.5555555555555556,0.24444444444444446
3416,0.875,0.6666666666666666,0.20833333333333337
3417,0.8,0.0,0.8
3418,0.8,0.3333333333333333,0.46666666666666673
3419,1.0,0.6086956521739131,0.3913043478260869
3420,0.9473684210526315,0.0,0.9473684210526315
3421,0.8,0.47058823529411764,0.3294117647058824
3422,0.6923076923076923,0.0,0.6923076923076923
3423,0.8,0.6428571428571429,0.15714285714285714
3424,0.6,0.8260869565217391,-0.22608695652173916
3425,0.5294117647058824,0.23076923076923078,0.2986425339366516
3426,0.5,0.6571428571428571,-0.15714285714285714
3427,1.0,0.6764705882352942,0.32352941176470584
3428,1.0,0.0,1.0
3429,0.8,0.14285714285714285,0.6571428571428573
3430,0.42857142857142855,0.25,0.17857142857142855
3431,0.5,0.8571428571428571,-0.3571428571428571
3432,0.9333333333333333,0.5714285714285714,0.36190476190476195
3433,0.8,0.1,0.7000000000000001
3434,0.2,0.7777777777777778,-0.5777777777777777
3435,0.8,0.29411764705882354,0.5058823529411764
3436,0.9,0.5714285714285714,0.3285714285714286
3437,0.8,0.6363636363636364,0.1636363636363637
3438,0.6666666666666666,0.0,0.6666666666666666
3439,0.0,0.5555555555555556,-0.5555555555555556
3440,0.3333333333333333,0.5,-0.16666666666666669
3441,0.75,0.25,0.5
3442,0.9285714285714286,0.7333333333333333,0.19523809523809532
3443,0.9,0.6521739130434783,0.24782608695652175
3444,0.0,0.5,-0.5
3445,0.8888888888888888,0.5,0.38888888888888884
3446,0.8333333333333334,1.0,-0.16666666666666663
3447,1.0,0.35714285714285715,0.6428571428571428
3448,0.8333333333333334,0.75,0.08333333333333337
3449,1.0,0.0,1.0
3450,0.6666666666666666,0.4,0.2666666666666666
3451,0.8181818181818182,0.8571428571428571,-0.03896103896103886
3452,0.9333333333333333,0.45,0.48333333333333334
3453,0.7777777777777778,0.5789473684210527,0.19883040935672514
3454,0.8333333333333334,1.0,-0.16666666666666663
3455,0.5,0.7857142857142857,-0.2857142857142857
3456,1.0,0.7,0.30000000000000004
3457,0.0,0.8666666666666667,-0.8666666666666667
3458,0.5,0.4,0.09999999999999998
3459,0.3333333333333333,0.625,-0.2916666666666667
3460,0.7777777777777778,0.3333333333333333,0.4444444444444445
3461,0.16666666666666666,0.6,-0.43333333333333335
3462,1.0,0.14285714285714285,0.8571428571428572
3463,0.6666666666666666,0.625,0.04166666666666663
3464,0.8,0.3333333333333333,0.46666666666666673
3465,0.6666666666666666,0.3333333333333333,0.3333333333333333
3466,0.7777777777777778,0.42857142857142855,0.34920634920634924
3467,0.8571428571428571,0.6363636363636364,0.22077922077922074
3468,0.8888888888888888,0.3333333333333333,0.5555555555555556
3469,0.6666666666666666,1.0,-0.33333333333333337
3470,0.8333333333333334,0.75,0.08333333333333337
3471,1.0,0.42857142857142855,0.5714285714285714
3472,1.0,1.0,0.0
3473,0.8,0.6666666666666666,0.13333333333333341
3474,0.4,0.7777777777777778,-0.37777777777777777
3475,0.9,0.2,0.7
3476,0.45454545454545453,0.45454545454545453,0.0
3477,0.5,0.3333333333333333,0.16666666666666669
3478,0.6666666666666666,0.6111111111111112,0.05555555555555547
3479,0.9090909090909091,0.6470588235294118,0.26203208556149726
3480,0.5555555555555556,0.6666666666666666,-0.11111111111111105
3481,0.7,0.5,0.19999999999999996
3482,0.6666666666666666,0.14285714285714285,0.5238095238095237
3483,1.0,1.0,0.0
3484,0.6666666666666666,0.125,0.5416666666666666
3485,0.8,0.6666666666666666,0.13333333333333341
3486,1.0,0.8461538461538461,0.15384615384615385
3487,1.0,0.75,0.25
3488,0.8571428571428571,0.625,0.2321428571428571
3489,0.8888888888888888,0.7692307692307693,0.11965811965811957
3490,1.0,0.0,1.0
3491,0.6666666666666666,0.6153846153846154,0.05128205128205121
3492,0.75,0.45454545454545453,0.29545454545454547
3493,0.7777777777777778,1.0,-0.2222222222222222
3494,0.5,0.3333333333333333,0.16666666666666669
3495,0.2,0.6666666666666666,-0.4666666666666666
3497,1.0,0.5555555555555556,0.4444444444444444
3498,0.7,0.5,0.19999999999999996
3499,0.75,0.75,0.0
3500,0.25,0.6363636363636364,-0.38636363636363635
3501,0.5,0.5,0.0
3502,0.6666666666666666,1.0,-0.33333333333333337
3503,1.0,0.5,0.5
3504,0.5,0.5217391304347826,-0.021739130434782594
3505,0.8333333333333334,0.3333333333333333,0.5
3506,0.3333333333333333,0.6363636363636364,-0.30303030303030304
3507,1.0,0.75,0.25
3508,0.6666666666666666,0.6666666666666666,0.0
3509,1.0,0.25,0.75
3510,0.6666666666666666,0.35714285714285715,0.3095238095238095
3513,0.0,0.2857142857142857,-0.2857142857142857
3514,0.5,0.42857142857142855,0.07142857142857145
3515,0.0,0.5384615384615384,-0.5384615384615384
3516,0.0,0.2,-0.2
3517,0.6666666666666666,0.5,0.16666666666666663
3518,0.8888888888888888,0.5,0.38888888888888884
3519,1.0,0.5,0.5
3520,0.5,0.5,0.0
3521,1.0,0.4,0.6
3522,0.5,0.5652173913043478,-0.06521739130434778
3523,1.0,0.6,0.4
3524,0.875,0.0,0.875
3525,0.375,0.3333333333333333,0.041666666666666685
3526,0.625,0.5,0.125
3527,0.8333333333333334,0.16666666666666666,0.6666666666666667
3528,0.6666666666666666,0.75,-0.08333333333333337
3529,0.2857142857142857,0.3333333333333333,-0.047619047619047616
3530,0.5833333333333334,0.875,-0.29166666666666663
3531,0.0,0.8333333333333334,-0.8333333333333334
3532,0.8888888888888888,0.3333333333333333,0.5555555555555556
3533,1.0,0.7272727272727273,0.2727272727272727
3534,0.5714285714285714,0.6666666666666666,-0.09523809523809523
3535,0.8333333333333334,0.6875,0.14583333333333337
3536,0.625,0.3333333333333333,0.2916666666666667
3537,0.8571428571428571,1.0,-0.1428571428571429
3538,0.75,0.0,0.75
3539,0.3333333333333333,0.5555555555555556,-0.22222222222222227
3540,0.5,0.4166666666666667,0.08333333333333331
3541,0.8333333333333334,0.6,0.2333333333333334
3542,0.875,0.5833333333333334,0.29166666666666663
3543,0.7142857142857143,0.6190476190476191,0.09523809523809523
3544,0.0,0.3333333333333333,-0.3333333333333333
3545,1.0,0.75,0.25
3546,0.8888888888888888,0.5,0.38888888888888884
3547,0.3333333333333333,0.2857142857142857,0.047619047619047616
3548,0.3333333333333333,0.6666666666666666,-0.3333333333333333
3549,0.3333333333333333,0.625,-0.2916666666666667
3550,0.0,0.75,-0.75
3551,0.75,0.3333333333333333,0.4166666666666667
3553,1.0,0.4,0.6
3554,0.8333333333333334,0.7,0.13333333333333341
3555,0.0,0.5,-0.5
3556,0.375,0.5909090909090909,-0.21590909090909094
3557,0.8888888888888888,0.3333333333333333,0.5555555555555556
3558,1.0,1.0,0.0
3559,0.4,0.3333333333333333,0.06666666666666671
3560,0.5,0.6666666666666666,-0.16666666666666663
3561,1.0,0.47058823529411764,0.5294117647058824
3562,0.9090909090909091,0.5625,0.34659090909090906
3563,0.7777777777777778,0.6666666666666666,0.11111111111111116
3564,0.8333333333333334,0.0,0.8333333333333334
3565,0.3333333333333333,0.3333333333333333,0.0
3566,1.0,0.7272727272727273,0.2727272727272727
3567,0.4444444444444444,1.0,-0.5555555555555556
3568,0.4444444444444444,0.6,-0.15555555555555556
3569,0.9,0.47368421052631576,0.42631578947368426
3570,1.0,1.0,0.0
3571,0.9166666666666666,0.3333333333333333,0.5833333333333333
3572,0.6666666666666666,0.14285714285714285,0.5238095238095237
3573,1.0,0.5,0.5
3574,0.6666666666666666,0.4444444444444444,0.2222222222222222
3575,0.625,0.6666666666666666,-0.04166666666666663
3576,0.3333333333333333,0.0,0.3333333333333333
3577,0.625,0.3333333333333333,0.2916666666666667
3578,1.0,0.5,0.5
3579,0.7777777777777778,0.42857142857142855,0.34920634920634924
3580,1.0,1.0,0.0
3581,0.0,0.6666666666666666,-0.6666666666666666
3582,0.6666666666666666,0.0,0.6666666666666666
3583,0.375,0.6666666666666666,-0.29166666666666663
3584,0.8333333333333334,0.3333333333333333,0.5
3585,1.0,0.25,0.75
3586,1.0,0.6666666666666666,0.33333333333333337
3587,1.0,0.3333333333333333,0.6666666666666667
3588,0.0,0.5,-0.5
3589,0.25,0.5294117647058824,-0.27941176470588236
3590,1.0,0.5,0.5
3591,0.6666666666666666,0.4,0.2666666666666666
3592,0.8,0.75,0.050000000000000044
3593,0.8333333333333334,0.7857142857142857,0.04761904761904767
3594,1.0,0.0,1.0
3595,0.3333333333333333,0.5,-0.16666666666666669
3596,0.8,0.5454545454545454,0.25454545454545463
3597,0.42857142857142855,0.3333333333333333,0.09523809523809523
3598,0.9,0.6,0.30000000000000004
3599,0.7777777777777778,1.0,-0.2222222222222222
3600,0.6666666666666666,0.6666666666666666,0.0
3601,0.6,0.25,0.35
3602,0.0,0.5,-0.5
3604,0.6666666666666666,0.25,0.41666666666666663
3605,0.3333333333333333,0.6,-0.26666666666666666
3606,0.3333333333333333,0.6923076923076923,-0.358974358974359
3607,0.6666666666666666,0.2,0.4666666666666666
3609,1.0,0.4,0.6
3610,0.3333333333333333,0.5555555555555556,-0.22222222222222227
3611,0.6666666666666666,0.5555555555555556,0.11111111111111105
3612,0.8333333333333334,0.375,0.45833333333333337
3613,0.5,0.5833333333333334,-0.08333333333333337
3614,0.9090909090909091,0.375,0.5340909090909091
3615,1.0,0.4166666666666667,0.5833333333333333
3616,0.6666666666666666,0.625,0.04166666666666663
3617,1.0,0.5,0.5
3618,0.875,0.5714285714285714,0.3035714285714286
3619,1.0,0.6666666666666666,0.33333333333333337
3620,0.3333333333333333,0.2,0.1333333333333333
3621,0.5555555555555556,0.3333333333333333,0.22222222222222227
3622,0.0,0.5,-0.5
3623,0.6666666666666666,0.7619047619047619,-0.09523809523809523
3624,0.3333333333333333,0.16666666666666666,0.16666666666666666
3625,0.7,0.38461538461538464,0.3153846153846153
3626,0.3,0.38461538461538464,-0.08461538461538465
3627,0.3333333333333333,0.4,-0.06666666666666671
3628,0.0,0.23076923076923078,-0.23076923076923078
3629,0.5,0.75,-0.25
3630,0.6666666666666666,0.6923076923076923,-0.02564102564102566
3631,1.0,0.3,0.7
3632,0.8333333333333334,0.6071428571428571,0.22619047619047628
3633,0.9,0.6842105263157895,0.21578947368421053
3634,1.0,0.42105263157894735,0.5789473684210527
3635,0.6666666666666666,0.15384615384615385,0.5128205128205128
3636,0.6666666666666666,0.35714285714285715,0.3095238095238095
3637,0.3333333333333333,0.782608695652174,-0.44927536231884063
3638,0.6666666666666666,0.6666666666666666,0.0
3641,0.8333333333333334,0.4166666666666667,0.4166666666666667
3642,0.4,0.5333333333333333,-0.1333333333333333
3643,1.0,0.3333333333333333,0.6666666666666667
3644,0.0,0.6666666666666666,-0.6666666666666666
3645,0.5,0.75,-0.25
3646,0.8888888888888888,0.1,0.7888888888888889
3647,1.0,0.8636363636363636,0.13636363636363635
3648,0.875,0.5454545454545454,0.3295454545454546
3649,0.875,0.48148148148148145,0.39351851851851855
3650,0.4444444444444444,0.2,0.2444444444444444
3651,1.0,0.5555555555555556,0.4444444444444444
3652,1.0,0.5,0.5
3653,0.8333333333333334,0.3333333333333333,0.5
3654,0.3333333333333333,0.0,0.3333333333333333
3655,0.8333333333333334,0.6875,0.14583333333333337
3656,1.0,0.6666666666666666,0.33333333333333337
3657,0.8333333333333334,0.7083333333333334,0.125
3658,0.8888888888888888,0.6363636363636364,0.2525252525252525
3659,0.5714285714285714,0.4375,0.1339285714285714
3660,0.6666666666666666,0.25,0.41666666666666663
3661,0.8333333333333334,0.6666666666666666,0.16666666666666674
3662,0.8888888888888888,0.38461538461538464,0.5042735042735043
3663,0.6666666666666666,0.4444444444444444,0.2222222222222222
3664,0.3333333333333333,0.8333333333333334,-0.5
3665,0.0,0.4444444444444444,-0.4444444444444444
3666,0.0,1.0,-1.0
3667,0.3333333333333333,0.7142857142857143,-0.380952380952381
3668,0.8888888888888888,0.76,0.12888888888888883
3669,1.0,0.4375,0.5625
3670,0.75,0.42857142857142855,0.32142857142857145
3671,0.0,0.5454545454545454,-0.5454545454545454
3672,1.0,0.6071428571428571,0.3928571428571429
3673,0.5,0.2,0.3
3674,1.0,1.0,0.0
3675,0.5,1.0,-0.5
3676,0.875,0.8,0.07499999999999996
3677,0.5,0.5,0.0
3678,0.4444444444444444,0.5909090909090909,-0.14646464646464652
3679,0.0,0.5,-0.5
3680,0.6428571428571429,0.6666666666666666,-0.023809523809523725
3681,0.7692307692307693,0.4,0.36923076923076925
3682,0.8333333333333334,0.6,0.2333333333333334
3683,1.0,0.5384615384615384,0.46153846153846156
3684,0.625,0.8846153846153846,-0.2596153846153846
3685,0.4,0.2727272727272727,0.12727272727272732
3686,0.9523809523809523,0.4090909090909091,0.5432900432900432
3687,1.0,0.8,0.19999999999999996
3688,0.8947368421052632,0.5,0.39473684210526316
3689,0.7333333333333333,0.2,0.5333333333333332
3690,0.6,0.5294117647058824,0.07058823529411762
3691,0.8181818181818182,0.8823529411764706,-0.06417112299465233
3692,0.0,0.0,0.0
3693,0.875,0.3181818181818182,0.5568181818181819
3694,0.4,0.3684210526315789,0.031578947368421095
3695,0.2,0.8,-0.6000000000000001
3696,0.6666666666666666,0.4444444444444444,0.2222222222222222
3697,0.0,0.0,0.0
3698,0.16666666666666666,0.6956521739130435,-0.5289855072463768
3699,1.0,0.09090909090909091,0.9090909090909091
3700,0.8888888888888888,0.16666666666666666,0.7222222222222222
3701,0.5,0.3076923076923077,0.1923076923076923
3702,0.9,0.2222222222222222,0.6777777777777778
3703,0.8,0.2,0.6000000000000001
3704,0.9333333333333333,0.3333333333333333,0.6000000000000001
3705,0.8,0.5384615384615384,0.2615384615384616
3706,0.6,0.4444444444444444,0.15555555555555556
3707,0.9411764705882353,0.5384615384615384,0.40271493212669685
3708,0.8333333333333334,0.5,0.33333333333333337
3709,0.8,0.4,0.4
3710,0.0,0.4,-0.4
3711,0.8888888888888888,0.6666666666666666,0.2222222222222222
3712,0.75,0.5238095238095238,0.22619047619047616
3713,0.7,0.2857142857142857,0.41428571428571426
3714,0.625,0.2857142857142857,0.3392857142857143
3715,1.0,0.3333333333333333,0.6666666666666667
3716,0.5,0.5,0.0
3718,1.0,0.5789473684210527,0.42105263157894735
3719,1.0,0.1,0.9
3720,0.7931034482758621,0.625,0.1681034482758621
3721,0.5,0.5,0.0
3722,0.8125,0.6363636363636364,0.17613636363636365
3723,1.0,0.8,0.19999999999999996
3724,1.0,0.5,0.5
3725,1.0,0.6,0.4
3726,1.0,0.0,1.0
3727,0.5833333333333334,0.0,0.5833333333333334
3728,0.6,0.5,0.09999999999999998
3729,1.0,0.3333333333333333,0.6666666666666667
3730,0.7272727272727273,0.8888888888888888,-0.16161616161616155
3731,1.0,1.0,0.0
3732,0.9,0.4,0.5
3733,0.8,0.2727272727272727,0.5272727272727273
3734,1.0,0.8,0.19999999999999996
3735,0.7692307692307693,0.6666666666666666,0.10256410256410264
3736,0.8571428571428571,0.5,0.3571428571428571
3737,1.0,0.5833333333333334,0.41666666666666663
3738,0.07692307692307693,0.35294117647058826,-0.27601809954751133
3739,0.7333333333333333,0.6666666666666666,0.06666666666666665
3740,0.46153846153846156,0.6666666666666666,-0.20512820512820507
3741,0.6363636363636364,0.16666666666666666,0.4696969696969697
3742,0.85,0.45,0.39999999999999997
3743,0.7058823529411765,0.21428571428571427,0.4915966386554622
3744,1.0,0.5,0.5
3745,0.5,0.25,0.25
3746,0.7333333333333333,0.6585365853658537,0.0747967479674796
3747,0.6,0.6153846153846154,-0.015384615384615441
3748,1.0,0.3333333333333333,0.6666666666666667
3749,0.8333333333333334,0.6,0.2333333333333334
3750,0.8,0.625,0.17500000000000004
3751,0.7,0.2,0.49999999999999994
3752,0.8461538461538461,0.2,0.6461538461538461
3754,1.0,0.52,0.48
3755,0.8,0.2727272727272727,0.5272727272727273
3756,0.6,0.3333333333333333,0.26666666666666666
3757,0.8,0.375,0.42500000000000004
3758,1.0,0.4,0.6
3759,0.1111111111111111,0.2,-0.0888888888888889
3760,0.9,0.2857142857142857,0.6142857142857143
3761,0.6666666666666666,0.7222222222222222,-0.05555555555555558
3762,1.0,0.3333333333333333,0.6666666666666667
3763,0.8461538461538461,0.25,0.5961538461538461
3764,0.8461538461538461,0.3076923076923077,0.5384615384615384
3765,0.6666666666666666,0.0,0.6666666666666666
3766,0.6428571428571429,0.8,-0.15714285714285714
3767,0.9565217391304348,0.2,0.7565217391304349
3768,0.8888888888888888,0.625,0.26388888888888884
3769,0.8235294117647058,0.2,0.6235294117647059
3770,0.875,0.0,0.875
3771,0.9473684210526315,0.5,0.4473684210526315
3772,1.0,0.7142857142857143,0.2857142857142857
3773,0.7,0.5714285714285714,0.12857142857142856
3774,0.5,0.125,0.375
3775,0.5,0.7777777777777778,-0.2777777777777778
3776,0.7,0.6363636363636364,0.0636363636363636
3777,0.4444444444444444,0.3125,0.13194444444444442
3778,1.0,0.7142857142857143,0.2857142857142857
3779,0.6,0.4444444444444444,0.15555555555555556
3780,0.9,0.2857142857142857,0.6142857142857143
3781,1.0,0.0,1.0
3782,0.8,0.5555555555555556,0.24444444444444446
3783,0.4,0.0,0.4
3784,0.8,0.4444444444444444,0.3555555555555556
3785,0.5,0.3333333333333333,0.16666666666666669
3786,0.8421052631578947,0.125,0.7171052631578947
3787,0.6666666666666666,0.0,0.6666666666666666
3788,0.5333333333333333,0.25,0.2833333333333333
3789,0.75,0.0,0.75
3790,1.0,0.16666666666666666,0.8333333333333334
3791,0.35294117647058826,0.3333333333333333,0.019607843137254943
3792,0.5,0.25,0.25
3793,0.5625,0.38461538461538464,0.17788461538461536
3794,0.8,0.7272727272727273,0.07272727272727275
3795,0.75,0.0,0.75
3796,0.9545454545454546,0.14285714285714285,0.8116883116883118
3797,0.8,0.47058823529411764,0.3294117647058824
3798,0.8333333333333334,0.5555555555555556,0.2777777777777778
3799,0.96,0.6,0.36
3800,1.0,0.0,1.0
3801,0.85,0.5,0.35
3802,0.8666666666666667,0.3333333333333333,0.5333333333333334
3803,1.0,0.5,0.5
3804,0.9090909090909091,0.5384615384615384,0.3706293706293706
3805,0.7692307692307693,0.4,0.36923076923076925
3806,0.6,0.6,0.0
3807,0.6666666666666666,0.4166666666666667,0.24999999999999994
3808,0.4666666666666667,0.6,-0.1333333333333333
3809,1.0,0.5625,0.4375
3810,0.5,1.0,-0.5
3811,0.9166666666666666,0.25,0.6666666666666666
3812,0.4444444444444444,0.29411764705882354,0.15032679738562088
3813,0.9333333333333333,0.3333333333333333,0.6000000000000001
3814,0.7692307692307693,0.75,0.019230769230769273
3815,0.4666666666666667,0.0,0.4666666666666667
3816,0.9473684210526315,0.5,0.4473684210526315
3817,1.0,0.5,0.5
3818,0.9333333333333333,0.25,0.6833333333333333
3819,0.4166666666666667,0.4444444444444444,-0.027777777777777735
3820,0.85,0.3333333333333333,0.5166666666666666
3821,0.4166666666666667,0.0,0.4166666666666667
3823,0.6666666666666666,0.0,0.6666666666666666
3824,0.8888888888888888,0.6666666666666666,0.2222222222222222
3825,0.6666666666666666,0.6666666666666666,0.0
3826,0.9,0.5454545454545454,0.3545454545454546
3827,0.9375,0.5714285714285714,0.3660714285714286
3829,1.0,0.8,0.19999999999999996
3830,0.5833333333333334,0.3333333333333333,0.25000000000000006
3831,0.6666666666666666,0.0,0.6666666666666666
3832,0.875,0.0,0.875
3833,1.0,0.5,0.5
3834,1.0,0.6666666666666666,0.33333333333333337
3835,0.9,0.5714285714285714,0.3285714285714286
3836,0.7916666666666666,0.6,0.19166666666666665
3838,1.0,0.3076923076923077,0.6923076923076923
3839,0.6666666666666666,0.3157894736842105,0.3508771929824561
3840,0.5,0.4,0.09999999999999998
3841,1.0,0.5,0.5
3842,0.6666666666666666,0.5,0.16666666666666663
3843,0.42857142857142855,0.0,0.42857142857142855
3845,0.8947368421052632,0.5625,0.33223684210526316
3846,0.8666666666666667,0.25,0.6166666666666667
3847,0.0,0.25,-0.25
3848,0.8333333333333334,0.4,0.43333333333333335
3849,0.625,0.125,0.5
3850,0.5714285714285714,0.2857142857142857,0.2857142857142857
3851,0.2,0.2,0.0
3852,0.2,0.6,-0.39999999999999997
3853,0.0,0.2,-0.2
3854,0.0,0.2,-0.2
3855,0.0,0.4,-0.4
3856,0.0,0.42857142857142855,-0.42857142857142855
3857,0.0,0.5,-0.5
3858,0.14285714285714285,0.5833333333333334,-0.4404761904761905
3859,0.25,0.4,-0.15000000000000002
3860,0.8,0.0,0.8
3861,0.4,0.125,0.275
3862,0.2,0.4,-0.2
3863,0.0,0.0,0.0
3864,0.6,0.2857142857142857,0.3142857142857143
3865,0.0,0.3333333333333333,-0.3333333333333333
3866,0.0,0.6,-0.6
3867,0.0,0.4,-0.4
3868,0.6,0.2,0.39999999999999997
3869,0.0,0.4166666666666667,-0.4166666666666667
3870,0.0,0.4,-0.4
3871,0.2,0.4,-0.2
3872,0.2,0.2,0.0
3873,0.0,0.1111111111111111,-0.1111111111111111
3874,0.25,0.5,-0.25
3875,0.6,0.2,0.39999999999999997
3876,0.0,0.2,-0.2
3877,0.2,0.2,0.0
3878,0.0,0.0,0.0
3879,0.6,0.4,0.19999999999999996
3880,0.2,0.2,0.0
3881,0.6,0.375,0.22499999999999998
3882,0.2,0.2,0.0
3883,0.4,0.2,0.2
3884,0.2,0.8,-0.6000000000000001
3885,0.0,0.6,-0.6
3886,0.3333333333333333,0.5,-0.16666666666666669
3887,0.0,1.0,-1.0
3888,0.0,0.25,-0.25
3889,0.2,0.2,0.0
3890,0.0,0.0,0.0
3891,0.25,0.5,-0.25
3892,0.85,0.2,0.6499999999999999
3893,0.9375,0.5,0.4375
3894,1.0,0.25,0.75
3895,0.8,0.4,0.4
3896,0.4,0.45454545454545453,-0.05454545454545451
3897,0.2,0.2,0.0
3898,0.0,0.0,0.0
3899,0.25,0.375,-0.125
3900,0.5,0.0,0.5
3901,0.6,0.0,0.6
3902,0.75,0.6,0.15000000000000002
3903,0.0,0.16666666666666666,-0.16666666666666666
3904,1.0,0.4,0.6
3905,1.0,0.2222222222222222,0.7777777777777778
3906,0.0,0.4,-0.4
3907,0.5555555555555556,0.6,-0.0444444444444444
3908,0.3333333333333333,0.3333333333333333,0.0
3909,0.7857142857142857,0.4,0.3857142857142857
3910,1.0,0.4,0.6
3911,0.0,0.2857142857142857,-0.2857142857142857
3912,0.0,0.25,-0.25
3913,0.0,0.25,-0.25
3914,0.0,0.0,0.0
3915,0.25,0.4444444444444444,-0.19444444444444442
3916,0.4,0.7142857142857143,-0.3142857142857143
3917,0.6666666666666666,0.6666666666666666,0.0
3918,0.6428571428571429,0.6666666666666666,-0.023809523809523725
3919,0.5,0.26666666666666666,0.23333333333333334
3920,0.5333333333333333,0.3,0.23333333333333334
3921,1.0,0.47368421052631576,0.5263157894736843
3922,0.75,0.42857142857142855,0.32142857142857145
3923,0.8,0.6428571428571429,0.15714285714285714
3924,0.9047619047619048,0.3333333333333333,0.5714285714285714
3925,0.7333333333333333,0.5555555555555556,0.1777777777777777
3926,0.6428571428571429,0.3333333333333333,0.3095238095238096
3927,1.0,0.4,0.6
3928,1.0,0.5333333333333333,0.4666666666666667
3930,0.7,0.2,0.49999999999999994
3931,0.4,0.6285714285714286,-0.22857142857142854
3932,0.8,0.45454545454545453,0.3454545454545455
3933,1.0,0.38461538461538464,0.6153846153846154
3934,0.7142857142857143,0.5,0.2142857142857143
3935,0.8666666666666667,0.6666666666666666,0.20000000000000007
3936,0.7692307692307693,0.14285714285714285,0.6263736263736264
3937,0.3333333333333333,0.25,0.08333333333333331
3938,0.5333333333333333,0.125,0.4083333333333333
3939,0.8,0.08333333333333333,0.7166666666666667
3940,0.5,0.6,-0.09999999999999998
3941,0.8666666666666667,0.18181818181818182,0.6848484848484848
3942,0.8928571428571429,0.625,0.2678571428571429
3943,0.8666666666666667,0.5,0.3666666666666667
3944,0.26666666666666666,0.0,0.26666666666666666
3945,0.8461538461538461,0.16666666666666666,0.6794871794871795
3946,0.3,0.3333333333333333,-0.033333333333333326
3947,0.0,0.4166666666666667,-0.4166666666666667
3948,0.3,0.47058823529411764,-0.17058823529411765
3949,0.6,0.8,-0.20000000000000007
3950,0.5,0.625,-0.125
3951,0.7333333333333333,0.0,0.7333333333333333
3952,0.3,0.42857142857142855,-0.12857142857142856
3953,0.6,0.5,0.09999999999999998
3954,0.6666666666666666,0.6666666666666666,0.0
3955,0.4444444444444444,0.3333333333333333,0.1111111111111111
3956,0.75,0.6666666666666666,0.08333333333333337
3957,0.2222222222222222,0.7,-0.47777777777777775
3958,0.4444444444444444,0.14285714285714285,0.30158730158730157
3959,0.6,0.6,0.0
3960,0.5555555555555556,0.5625,-0.00694444444444442
3961,0.25,0.5454545454545454,-0.2954545454545454
3962,0.5,0.0,0.5
3963,1.0,0.5333333333333333,0.4666666666666667
3964,0.3333333333333333,0.6666666666666666,-0.3333333333333333
3965,1.0,0.875,0.125
3966,0.0,0.3333333333333333,-0.3333333333333333
3967,0.0,0.4,-0.4
3968,0.0,0.25,-0.25
3969,0.0,0.8,-0.8
3970,0.0,0.75,-0.75
3971,0.3333333333333333,0.4,-0.06666666666666671
3972,0.0,0.8,-0.8
3973,0.0,1.0,-1.0
3974,0.0,0.6666666666666666,-0.6666666666666666
3975,0.8,0.7777777777777778,0.022222222222222254
3976,0.6,0.8,-0.20000000000000007
3977,0.0,0.5,-0.5
3978,0.25,0.0,0.25
3979,0.5,0.42857142857142855,0.07142857142857145
3980,0.7894736842105263,0.42857142857142855,0.3609022556390978
3981,0.4444444444444444,0.75,-0.3055555555555556
3982,1.0,0.5625,0.4375
3983,0.5,0.5,0.0
3984,0.0,0.42857142857142855,-0.42857142857142855
3985,0.5384615384615384,0.3333333333333333,0.20512820512820512
3986,1.0,0.2,0.8
3987,0.5,0.38461538461538464,0.11538461538461536
3988,1.0,0.5789473684210527,0.42105263157894735
3989,0.6666666666666666,0.30434782608695654,0.3623188405797101
3990,0.4166666666666667,0.0,0.4166666666666667
3991,0.25,0.5,-0.25
3992,0.6363636363636364,0.3333333333333333,0.30303030303030304
3993,1.0,0.6666666666666666,0.33333333333333337
3994,0.9,0.5,0.4
3995,0.875,0.4827586206896552,0.3922413793103448
3997,1.0,0.3333333333333333,0.6666666666666667
3998,0.9285714285714286,0.5333333333333333,0.3952380952380953
3999,0.3333333333333333,0.6,-0.26666666666666666
4000,0.6666666666666666,0.6666666666666666,0.0
4001,0.75,0.19230769230769232,0.5576923076923077
4002,0.9166666666666666,0.1,0.8166666666666667
4003,0.88,0.15789473684210525,0.7221052631578948
4004,0.9,0.0,0.9
4005,0.8333333333333334,0.5,0.33333333333333337
4006,0.9333333333333333,0.5185185185185185,0.41481481481481486
4007,0.75,0.5416666666666666,0.20833333333333337
4008,0.0,0.3333333333333333,-0.3333333333333333
4009,0.9,0.7142857142857143,0.18571428571428572
4010,0.875,0.1,0.775
4011,0.3333333333333333,0.4,-0.06666666666666671
4012,0.8666666666666667,0.5,0.3666666666666667
4013,0.5,0.4,0.09999999999999998
4014,1.0,0.5806451612903226,0.4193548387096774
4015,1.0,0.47058823529411764,0.5294117647058824
4016,0.125,0.5666666666666667,-0.44166666666666665
4017,1.0,0.4,0.6
4018,0.6666666666666666,0.375,0.29166666666666663
4019,0.9333333333333333,0.2,0.7333333333333334
4020,0.8,0.3,0.5
4022,0.5,0.375,0.125
4023,0.5,0.25,0.25
4024,1.0,0.43478260869565216,0.5652173913043479
4025,0.7333333333333333,0.14285714285714285,0.5904761904761904
4026,0.9411764705882353,0.28,0.6611764705882353
4027,0.8666666666666667,0.0,0.8666666666666667
4028,0.7142857142857143,0.625,0.0892857142857143
4029,0.2,0.5833333333333334,-0.38333333333333336
4030,0.7,0.25,0.44999999999999996
4031,0.8,0.4444444444444444,0.3555555555555556
4032,0.7,0.3333333333333333,0.36666666666666664
4033,0.3333333333333333,0.1,0.2333333333333333
4034,0.7142857142857143,0.0,0.7142857142857143
4035,0.9333333333333333,0.375,0.5583333333333333
4036,0.06666666666666667,0.0,0.06666666666666667
4037,1.0,0.4,0.6
4038,0.6666666666666666,0.6666666666666666,0.0
4039,0.3333333333333333,0.25,0.08333333333333331
4040,0.16666666666666666,0.0,0.16666666666666666
4041,0.8,0.16666666666666666,0.6333333333333334
4042,0.3333333333333333,0.42857142857142855,-0.09523809523809523
4043,0.6153846153846154,0.2857142857142857,0.3296703296703297
4044,0.0,0.5454545454545454,-0.5454545454545454
4045,0.9333333333333333,0.4,0.5333333333333333
4046,0.5,0.5909090909090909,-0.09090909090909094
4047,1.0,0.3076923076923077,0.6923076923076923
4048,0.8518518518518519,0.5769230769230769,0.274928774928775
4049,0.9333333333333333,0.2222222222222222,0.7111111111111111
4050,0.4166666666666667,0.5294117647058824,-0.11274509803921567
4051,0.75,0.0,0.75
4052,0.8,0.625,0.17500000000000004
4053,0.4,0.25,0.15000000000000002
4054,0.875,0.25,0.625
4056,1.0,0.8,0.19999999999999996
4057,1.0,0.375,0.625
4058,0.8,1.0,-0.19999999999999996
4059,1.0,1.0,0.0
4060,0.6,0.7,-0.09999999999999998
4061,1.0,0.55,0.44999999999999996
4062,1.0,0.9375,0.0625
4063,0.25,0.46153846153846156,-0.21153846153846156
4064,1.0,0.6666666666666666,0.33333333333333337
4065,0.6666666666666666,0.5625,0.10416666666666663
4066,0.75,0.35,0.4
4067,0.6666666666666666,0.125,0.5416666666666666
4068,0.75,0.6666666666666666,0.08333333333333337
4069,0.6,0.5625,0.03749999999999998
4070,0.0,0.42105263157894735,-0.42105263157894735
4071,0.5,0.2,0.3
4072,1.0,0.3076923076923077,0.6923076923076923
4073,0.6666666666666666,0.42857142857142855,0.23809523809523808
4074,0.2,0.0,0.2
4075,0.6,0.16666666666666666,0.43333333333333335
4076,0.6666666666666666,0.6666666666666666,0.0
4077,0.7058823529411765,0.2,0.5058823529411764
4078,0.9166666666666666,0.5,0.41666666666666663
4079,1.0,0.5,0.5
4080,0.625,0.3333333333333333,0.2916666666666667
