record,anchor,filler,diff
3,1.0,0.5,0.5
4,1.0,0.6666666666666666,0.33333333333333337
5,1.0,0.8947368421052632,0.10526315789473684
6,0.8571428571428571,0.5555555555555556,0.3015873015873015
7,1.0,0.8888888888888888,0.11111111111111116
8,1.0,1.0,0.0
9,1.0,1.0,0.0
10,1.0,0.7037037037037037,0.2962962962962963
11,1.0,0.92,0.07999999999999996
12,0.875,0.5,0.375
13,0.9090909090909091,1.0,-0.09090909090909094
14,1.0,0.9473684210526315,0.052631578947368474
15,1.0,0.875,0.125
16,0.5,1.0,-0.5
17,1.0,0.4,0.6
18,0.9230769230769231,0.8888888888888888,0.03418803418803429
19,0.7,0.8235294117647058,-0.12352941176470589
20,1.0,1.0,0.0
21,1.0,0.6666666666666666,0.33333333333333337
22,1.0,0.625,0.375
23,0.4,1.0,-0.6
24,1.0,1.0,0.0
25,1.0,0.8,0.19999999999999996
26,1.0,1.0,0.0
27,1.0,0.7058823529411765,0.2941176470588235
28,1.0,0.8333333333333334,0.16666666666666663
30,1.0,0.75,0.25
31,0.8,0.8333333333333334,-0.033333333333333326
32,1.0,0.9230769230769231,0.07692307692307687
33,0.9333333333333333,0.3333333333333333,0.6000000000000001
35,1.0,1.0,0.0
36,1.0,0.8,0.19999999999999996
37,0.4,0.75,-0.35
38,0.75,0.875,-0.125
39,1.0,0.75,0.25
40,1.0,0.7777777777777778,0.2222222222222222
41,0.2,1.0,-0.8
42,1.0,1.0,0.0
43,1.0,0.9,0.09999999999999998
44,1.0,0.9090909090909091,0.09090909090909094
45,1.0,0.8333333333333334,0.16666666666666663
46,1.0,0.8,0.19999999999999996
47,1.0,0.7368421052631579,0.26315789473684215
48,0.9444444444444444,0.8,0.14444444444444438
49,1.0,0.8709677419354839,0.12903225806451613
50,1.0,0.9032258064516129,0.09677419354838712
51,1.0,0.7777777777777778,0.2222222222222222
52,1.0,1.0,0.0
53,1.0,0.9285714285714286,0.0714285714285714
54,0.8333333333333334,0.6666666666666666,0.16666666666666674
55,1.0,0.7058823529411765,0.2941176470588235
56,1.0,1.0,0.0
57,1.0,0.7692307692307693,0.23076923076923073
58,1.0,1.0,0.0
59,1.0,0.9166666666666666,0.08333333333333337
60,0.8,1.0,-0.19999999999999996
61,1.0,0.8333333333333334,0.16666666666666663
62,1.0,0.5,0.5
63,0.9,1.0,-0.09999999999999998
64,1.0,0.75,0.25
65,1.0,0.875,0.125
66,1.0,0.8695652173913043,0.13043478260869568
67,1.0,0.8888888888888888,0.11111111111111116
68,1.0,0.4,0.6
69,0.8333333333333334,0.5,0.33333333333333337
70,1.0,0.6,0.4
71,0.8,0.75,0.050000000000000044
73,1.0,1.0,0.0
74,1.0,0.6,0.4
76,0.8571428571428571,0.9166666666666666,-0.059523809523809534
77,1.0,1.0,0.0
78,1.0,0.75,0.25
79,0.9375,0.5555555555555556,0.3819444444444444
80,1.0,0.7777777777777778,0.2222222222222222
81,1.0,0.6,0.4
82,1.0,1.0,0.0
83,1.0,1.0,0.0
84,0.8,0.5555555555555556,0.24444444444444446
85,0.4,1.0,-0.6
86,1.0,1.0,0.0
87,1.0,0.5,0.5
89,1.0,0.5,0.5
90,1.0,0.9736842105263158,0.02631578947368418
91,1.0,0.875,0.125
93,1.0,1.0,0.0
94,1.0,0.6363636363636364,0.36363636363636365
95,1.0,0.8571428571428571,0.1428571428571429
97,0.6666666666666666,0.75,-0.08333333333333337
98,1.0,0.8,0.19999999999999996
100,1.0,0.7777777777777778,0.2222222222222222
101,1.0,0.8,0.19999999999999996
102,0.9,0.8,0.09999999999999998
103,1.0,0.8666666666666667,0.1333333333333333
104,1.0,0.75,0.25
105,1.0,0.8,0.19999999999999996
106,1.0,0.9705882352941176,0.02941176470588236
107,1.0,0.7142857142857143,0.2857142857142857
108,1.0,0.625,0.375
109,1.0,0.6666666666666666,0.33333333333333337
110,1.0,0.95,0.050000000000000044
111,1.0,1.0,0.0
112,1.0,1.0,0.0
113,1.0,0.8235294117647058,0.17647058823529416
114,0.25,0.8666666666666667,-0.6166666666666667
115,1.0,0.7647058823529411,0.23529411764705888
117,1.0,0.8,0.19999999999999996
118,0.9285714285714286,0.75,0.1785714285714286
119,1.0,0.6470588235294118,0.3529411764705882
120,1.0,1.0,0.0
121,0.2,1.0,-0.8
122,1.0,0.7777777777777778,0.2222222222222222
123,0.9,0.8947368421052632,0.0052631578947368585
124,0.4,1.0,-0.6
125,0.4,1.0,-0.6
126,1.0,1.0,0.0
127,0.8,0.5555555555555556,0.24444444444444446
128,1.0,0.5714285714285714,0.4285714285714286
129,1.0,0.7647058823529411,0.23529411764705888
131,0.16666666666666666,0.4,-0.23333333333333336
132,0.9166666666666666,1.0,-0.08333333333333337
133,1.0,0.8421052631578947,0.1578947368421053
135,0.75,0.8333333333333334,-0.08333333333333337
136,0.75,1.0,-0.25
137,1.0,0.625,0.375
138,1.0,0.7272727272727273,0.2727272727272727
139,1.0,1.0,0.0
140,1.0,0.8181818181818182,0.18181818181818177
141,0.8,1.0,-0.19999999999999996
142,1.0,0.875,0.125
143,1.0,0.7222222222222222,0.2777777777777778
144,1.0,0.8,0.19999999999999996
145,1.0,0.8181818181818182,0.18181818181818177
147,0.8,0.42857142857142855,0.3714285714285715
148,0.8,0.625,0.17500000000000004
149,1.0,0.8333333333333334,0.16666666666666663
150,1.0,1.0,0.0
151,1.0,0.8,0.19999999999999996
152,0.9,1.0,-0.09999999999999998
153,1.0,0.8,0.19999999999999996
154,1.0,1.0,0.0
157,1.0,0.0,1.0
158,1.0,0.8421052631578947,0.1578947368421053
159,0.8888888888888888,1.0,-0.11111111111111116
160,0.8888888888888888,0.75,0.13888888888888884
161,1.0,0.6,0.4
162,1.0,0.6666666666666666,0.33333333333333337
163,0.9,0.75,0.15000000000000002
164,1.0,1.0,0.0
165,0.5,0.3333333333333333,0.16666666666666669
166,1.0,1.0,0.0
167,1.0,0.76,0.24
168,0.9,0.7857142857142857,0.11428571428571432
169,1.0,1.0,0.0
170,1.0,1.0,0.0
171,0.8,0.5714285714285714,0.22857142857142865
172,0.6666666666666666,0.6666666666666666,0.0
173,1.0,0.7,0.30000000000000004
175,0.8333333333333334,0.6470588235294118,0.18627450980392157
177,1.0,0.7777777777777778,0.2222222222222222
179,1.0,0.0,1.0
180,1.0,0.7,0.30000000000000004
181,1.0,1.0,0.0
182,1.0,0.875,0.125
183,1.0,0.75,0.25
184,1.0,0.6,0.4
185,1.0,1.0,0.0
186,0.9,0.8571428571428571,0.04285714285714293
187,1.0,0.5,0.5
188,1.0,0.8,0.19999999999999996
189,1.0,1.0,0.0
190,1.0,0.6923076923076923,0.3076923076923077
191,1.0,0.8333333333333334,0.16666666666666663
192,1.0,0.8571428571428571,0.1428571428571429
194,0.9,0.8333333333333334,0.06666666666666665
195,0.9230769230769231,1.0,-0.07692307692307687
196,1.0,1.0,0.0
197,1.0,1.0,0.0
198,1.0,0.84,0.16000000000000003
199,1.0,0.8461538461538461,0.15384615384615385
200,1.0,0.42857142857142855,0.5714285714285714
201,1.0,0.6666666666666666,0.33333333333333337
202,1.0,0.7777777777777778,0.2222222222222222
203,1.0,0.75,0.25
204,1.0,0.8,0.19999999999999996
205,1.0,1.0,0.0
207,1.0,0.7647058823529411,0.23529411764705888
208,1.0,0.8,0.19999999999999996
210,1.0,1.0,0.0
211,1.0,0.7272727272727273,0.2727272727272727
212,1.0,1.0,0.0
213,1.0,0.8333333333333334,0.16666666666666663
214,1.0,1.0,0.0
215,0.6666666666666666,1.0,-0.33333333333333337
216,0.5,1.0,-0.5
218,0.8333333333333334,0.85,-0.016666666666666607
219,1.0,1.0,0.0
220,1.0,0.6666666666666666,0.33333333333333337
221,1.0,1.0,0.0
222,0.8,0.8947368421052632,-0.09473684210526312
223,0.75,0.8125,-0.0625
224,1.0,0.8,0.19999999999999996
225,0.5714285714285714,0.6666666666666666,-0.09523809523809523
226,1.0,1.0,0.0
227,1.0,1.0,0.0
228,1.0,1.0,0.0
229,0.8947368421052632,0.5,0.39473684210526316
230,1.0,0.8095238095238095,0.19047619047619047
231,1.0,0.8421052631578947,0.1578947368421053
232,0.9,0.8333333333333334,0.06666666666666665
233,0.875,0.0,0.875
234,0.8,0.5,0.30000000000000004
235,0.8888888888888888,0.7857142857142857,0.10317460317460314
236,1.0,0.7142857142857143,0.2857142857142857
237,1.0,1.0,0.0
239,0.9,0.25,0.65
240,1.0,0.75,0.25
241,1.0,0.6666666666666666,0.33333333333333337
242,0.16666666666666666,0.8,-0.6333333333333334
243,0.8333333333333334,1.0,-0.16666666666666663
244,0.8181818181818182,0.8181818181818182,0.0
245,1.0,1.0,0.0
246,1.0,0.7,0.30000000000000004
247,1.0,0.8333333333333334,0.16666666666666663
248,1.0,0.6923076923076923,0.3076923076923077
249,1.0,0.8888888888888888,0.11111111111111116
250,1.0,0.0,1.0
251,1.0,0.3333333333333333,0.6666666666666667
252,1.0,0.7692307692307693,0.23076923076923073
253,0.8,0.8,0.0
254,0.6,0.5,0.09999999999999998
255,1.0,1.0,0.0
256,1.0,1.0,0.0
257,1.0,0.8571428571428571,0.1428571428571429
258,1.0,0.5,0.5
259,1.0,0.5,0.5
260,1.0,1.0,0.0
261,1.0,0.8333333333333334,0.16666666666666663
262,1.0,0.8,0.19999999999999996
263,1.0,0.8333333333333334,0.16666666666666663
264,1.0,0.96,0.040000000000000036
265,1.0,0.8918918918918919,0.10810810810810811
266,1.0,0.7272727272727273,0.2727272727272727
267,1.0,0.75,0.25
268,0.9,0.631578947368421,0.268421052631579
271,1.0,0.7142857142857143,0.2857142857142857
272,1.0,0.8181818181818182,0.18181818181818177
273,1.0,0.8,0.19999999999999996
274,0.6666666666666666,0.7142857142857143,-0.04761904761904767
275,1.0,0.9,0.09999999999999998
276,1.0,0.875,0.125
277,1.0,0.7916666666666666,0.20833333333333337
278,1.0,0.8888888888888888,0.11111111111111116
279,1.0,0.9230769230769231,0.07692307692307687
280,1.0,0.8333333333333334,0.16666666666666663
281,1.0,0.75,0.25
282,0.8,0.8333333333333334,-0.033333333333333326
283,1.0,0.8333333333333334,0.16666666666666663
284,1.0,0.6666666666666666,0.33333333333333337
285,1.0,1.0,0.0
286,1.0,0.875,0.125
287,1.0,0.4,0.6
288,1.0,0.7777777777777778,0.2222222222222222
292,0.9333333333333333,0.8888888888888888,0.04444444444444451
293,1.0,1.0,0.0
294,0.9,1.0,-0.09999999999999998
296,1.0,0.8823529411764706,0.11764705882352944
297,1.0,0.8333333333333334,0.16666666666666663
298,1.0,0.8888888888888888,0.11111111111111116
299,1.0,0.8571428571428571,0.1428571428571429
300,1.0,0.8333333333333334,0.16666666666666663
301,1.0,0.6666666666666666,0.33333333333333337
302,1.0,0.9583333333333334,0.04166666666666663
303,1.0,0.7272727272727273,0.2727272727272727
304,1.0,0.8181818181818182,0.18181818181818177
306,1.0,0.9047619047619048,0.09523809523809523
307,1.0,0.625,0.375
308,1.0,0.6,0.4
309,0.875,0.8571428571428571,0.017857142857142905
310,0.6666666666666666,0.8,-0.13333333333333341
311,1.0,0.65,0.35
312,1.0,0.75,0.25
313,1.0,0.8085106382978723,0.19148936170212771
314,0.4,0.8,-0.4
316,1.0,0.9375,0.0625
317,1.0,1.0,0.0
318,0.9285714285714286,0.9166666666666666,0.011904761904761973
319,1.0,0.8666666666666667,0.1333333333333333
320,1.0,0.6,0.4
321,1.0,1.0,0.0
322,1.0,0.75,0.25
323,1.0,0.85,0.15000000000000002
324,1.0,0.8125,0.1875
325,1.0,0.8,0.19999999999999996
326,1.0,0.6428571428571429,0.3571428571428571
327,1.0,0.75,0.25
328,1.0,0.6363636363636364,0.36363636363636365
329,1.0,0.7777777777777778,0.2222222222222222
331,1.0,1.0,0.0
332,1.0,0.75,0.25
333,1.0,1.0,0.0
334,1.0,0.7142857142857143,0.2857142857142857
335,1.0,1.0,0.0
336,0.9285714285714286,0.8888888888888888,0.039682539682539764
337,0.9333333333333333,0.7142857142857143,0.21904761904761905
339,1.0,0.5384615384615384,0.46153846153846156
340,1.0,0.6818181818181818,0.31818181818181823
341,1.0,0.6,0.4
342,0.0,1.0,-1.0
344,0.6666666666666666,0.8571428571428571,-0.19047619047619047
345,0.8333333333333334,1.0,-0.16666666666666663
346,1.0,0.782608695652174,0.21739130434782605
347,1.0,0.7391304347826086,0.26086956521739135
348,1.0,1.0,0.0
349,1.0,0.8181818181818182,0.18181818181818177
350,0.8,0.8333333333333334,-0.033333333333333326
351,1.0,0.5,0.5
352,0.875,0.6666666666666666,0.20833333333333337
353,0.875,0.875,0.0
354,1.0,0.5,0.5
355,0.8,0.8571428571428571,-0.05714285714285705
356,0.36363636363636365,0.7857142857142857,-0.42207792207792205
357,1.0,0.8888888888888888,0.11111111111111116
358,0.8333333333333334,0.75,0.08333333333333337
359,1.0,1.0,0.0
360,0.8571428571428571,1.0,-0.1428571428571429
361,1.0,0.6666666666666666,0.33333333333333337
362,1.0,0.92,0.07999999999999996
363,1.0,0.7948717948717948,0.20512820512820518
364,0.8,0.75,0.050000000000000044
365,1.0,0.8611111111111112,0.13888888888888884
366,1.0,1.0,0.0
367,1.0,0.8888888888888888,0.11111111111111116
368,1.0,0.625,0.375
369,1.0,1.0,0.0
370,1.0,0.8333333333333334,0.16666666666666663
371,1.0,0.5,0.5
372,1.0,0.8333333333333334,0.16666666666666663
373,1.0,0.75,0.25
374,1.0,1.0,0.0
375,1.0,0.5,0.5
376,1.0,0.7,0.30000000000000004
377,0.8888888888888888,1.0,-0.11111111111111116
379,1.0,0.8888888888888888,0.11111111111111116
380,1.0,1.0,0.0
382,1.0,0.9230769230769231,0.07692307692307687
383,0.75,1.0,-0.25
384,1.0,1.0,0.0
385,0.6666666666666666,1.0,-0.33333333333333337
386,0.9375,0.75,0.1875
387,1.0,0.5714285714285714,0.4285714285714286
388,1.0,0.6,0.4
389,1.0,0.5714285714285714,0.4285714285714286
390,0.6666666666666666,1.0,-0.33333333333333337
393,1.0,1.0,0.0
395,1.0,1.0,0.0
398,0.9166666666666666,0.8666666666666667,0.04999999999999993
399,1.0,0.75,0.25
400,0.9444444444444444,0.75,0.19444444444444442
401,1.0,0.9444444444444444,0.05555555555555558
402,1.0,0.7,0.30000000000000004
404,1.0,0.7741935483870968,0.22580645161290325
405,1.0,0.8076923076923077,0.1923076923076923
406,1.0,0.92,0.07999999999999996
407,1.0,0.918918918918919,0.08108108108108103
409,1.0,0.75,0.25
410,1.0,0.8947368421052632,0.10526315789473684
411,1.0,1.0,0.0
412,1.0,0.8571428571428571,0.1428571428571429
413,0.8,0.6666666666666666,0.13333333333333341
414,1.0,0.8113207547169812,0.18867924528301883
415,1.0,0.8484848484848485,0.1515151515151515
416,0.1111111111111111,0.8571428571428571,-0.746031746031746
417,1.0,0.8648648648648649,0.1351351351351351
418,1.0,0.8666666666666667,0.1333333333333333
420,1.0,0.9393939393939394,0.06060606060606055
421,1.0,0.9090909090909091,0.09090909090909094
422,0.85,0.875,-0.025000000000000022
423,1.0,0.7368421052631579,0.26315789473684215
424,1.0,0.8333333333333334,0.16666666666666663
425,1.0,0.7647058823529411,0.23529411764705888
426,0.7,0.7777777777777778,-0.07777777777777783
427,1.0,0.8333333333333334,0.16666666666666663
428,1.0,0.6363636363636364,0.36363636363636365
429,1.0,0.6,0.4
430,1.0,0.5,0.5
431,1.0,1.0,0.0
435,1.0,1.0,0.0
436,1.0,1.0,0.0
437,1.0,0.9655172413793104,0.03448275862068961
438,1.0,0.6666666666666666,0.33333333333333337
439,0.6,1.0,-0.4
441,1.0,1.0,0.0
442,1.0,0.8888888888888888,0.11111111111111116
443,1.0,0.16666666666666666,0.8333333333333334
444,1.0,0.8333333333333334,0.16666666666666663
445,1.0,0.7142857142857143,0.2857142857142857
446,1.0,0.7142857142857143,0.2857142857142857
447,0.9,1.0,-0.09999999999999998
448,1.0,0.8181818181818182,0.18181818181818177
449,1.0,0.75,0.25
450,1.0,1.0,0.0
451,1.0,0.7777777777777778,0.2222222222222222
452,1.0,0.875,0.125
453,0.5,0.8888888888888888,-0.38888888888888884
455,0.9,0.6666666666666666,0.2333333333333334
456,1.0,1.0,0.0
457,0.8,1.0,-0.19999999999999996
458,1.0,0.8571428571428571,0.1428571428571429
459,1.0,1.0,0.0
460,1.0,1.0,0.0
463,1.0,0.8095238095238095,0.19047619047619047
464,1.0,1.0,0.0
465,0.6,0.75,-0.15000000000000002
466,1.0,0.6,0.4
467,0.8,0.8181818181818182,-0.018181818181818188
468,1.0,0.8,0.19999999999999996
469,1.0,0.75,0.25
470,0.7272727272727273,1.0,-0.2727272727272727
471,1.0,0.25,0.75
472,1.0,0.75,0.25
473,1.0,0.7857142857142857,0.2142857142857143
474,1.0,0.8,0.19999999999999996
475,0.4,0.8666666666666667,-0.4666666666666667
476,1.0,1.0,0.0
477,0.2,0.8125,-0.6125
478,1.0,1.0,0.0
479,1.0,0.42857142857142855,0.5714285714285714
480,1.0,1.0,0.0
481,1.0,0.9,0.09999999999999998
482,1.0,0.7,0.30000000000000004
483,1.0,0.8333333333333334,0.16666666666666663
484,1.0,0.9333333333333333,0.06666666666666665
485,0.8,0.7058823529411765,0.09411764705882353
486,1.0,1.0,0.0
487,0.9166666666666666,0.7,0.21666666666666667
488,1.0,0.875,0.125
489,1.0,0.8571428571428571,0.1428571428571429
490,1.0,0.7692307692307693,0.23076923076923073
491,1.0,0.5333333333333333,0.4666666666666667
492,0.9090909090909091,0.75,0.15909090909090906
493,1.0,0.0,1.0
495,1.0,1.0,0.0
497,0.8,0.5,0.30000000000000004
498,1.0,0.6111111111111112,0.38888888888888884
499,1.0,0.8095238095238095,0.19047619047619047
500,1.0,0.75,0.25
501,0.8333333333333334,0.5,0.33333333333333337
503,1.0,0.7857142857142857,0.2142857142857143
505,0.9,0.7777777777777778,0.12222222222222223
506,1.0,0.7777777777777778,0.2222222222222222
507,1.0,0.8333333333333334,0.16666666666666663
508,0.75,0.8181818181818182,-0.06818181818181823
510,0.75,1.0,-0.25
511,0.9166666666666666,0.8571428571428571,0.059523809523809534
514,1.0,0.7647058823529411,0.23529411764705888
515,1.0,0.75,0.25
516,0.9,0.6923076923076923,0.20769230769230773
517,0.8,1.0,-0.19999999999999996
518,1.0,0.14285714285714285,0.8571428571428572
519,0.8,0.3333333333333333,0.46666666666666673
520,1.0,0.4444444444444444,0.5555555555555556
522,1.0,0.7272727272727273,0.2727272727272727
523,1.0,0.3333333333333333,0.6666666666666667
524,1.0,1.0,0.0
525,0.8571428571428571,0.75,0.1071428571428571
527,1.0,0.0,1.0
528,0.95,0.8636363636363636,0.08636363636363631
531,1.0,0.8,0.19999999999999996
532,0.0,1.0,-1.0
533,0.6,0.7,-0.09999999999999998
534,1.0,0.8421052631578947,0.1578947368421053
535,1.0,0.8,0.19999999999999996
536,1.0,0.7142857142857143,0.2857142857142857
537,1.0,0.9166666666666666,0.08333333333333337
538,0.8823529411764706,0.75,0.13235294117647056
539,1.0,0.7,0.30000000000000004
540,1.0,0.8333333333333334,0.16666666666666663
541,1.0,0.8,0.19999999999999996
542,0.5,0.5,0.0
543,1.0,0.7777777777777778,0.2222222222222222
544,1.0,0.8,0.19999999999999996
545,0.9333333333333333,0.7368421052631579,0.1964912280701755
546,1.0,0.8333333333333334,0.16666666666666663
548,1.0,0.8461538461538461,0.15384615384615385
549,0.6666666666666666,0.6153846153846154,0.05128205128205121
550,0.6,0.9,-0.30000000000000004
551,1.0,0.8571428571428571,0.1428571428571429
552,1.0,0.9375,0.0625
553,1.0,1.0,0.0
554,0.9583333333333334,1.0,-0.04166666666666663
555,0.2,0.5714285714285714,-0.3714285714285714
557,1.0,0.8888888888888888,0.11111111111111116
558,1.0,0.7777777777777778,0.2222222222222222
560,1.0,0.75,0.25
561,0.0,1.0,-1.0
563,0.8888888888888888,0.8,0.0888888888888888
564,1.0,1.0,0.0
565,0.4,0.8571428571428571,-0.4571428571428571
568,1.0,0.8333333333333334,0.16666666666666663
569,1.0,0.6666666666666666,0.33333333333333337
571,1.0,0.75,0.25
572,1.0,1.0,0.0
573,1.0,0.75,0.25
574,1.0,0.9375,0.0625
575,1.0,0.8181818181818182,0.18181818181818177
578,0.875,1.0,-0.125
580,0.6666666666666666,0.8333333333333334,-0.16666666666666674
581,1.0,0.925,0.07499999999999996
582,1.0,0.75,0.25
583,1.0,1.0,0.0
584,1.0,0.5714285714285714,0.4285714285714286
585,1.0,1.0,0.0
586,1.0,0.5555555555555556,0.4444444444444444
587,1.0,0.875,0.125
588,1.0,1.0,0.0
589,1.0,0.8846153846153846,0.11538461538461542
595,1.0,0.7894736842105263,0.21052631578947367
596,1.0,0.8695652173913043,0.13043478260869568
597,1.0,1.0,0.0
598,1.0,0.7333333333333333,0.2666666666666667
599,1.0,0.6451612903225806,0.3548387096774194
600,1.0,0.95,0.050000000000000044
601,1.0,0.4,0.6
602,1.0,0.6666666666666666,0.33333333333333337
603,1.0,0.6666666666666666,0.33333333333333337
604,0.9333333333333333,0.0,0.9333333333333333
605,1.0,0.5714285714285714,0.4285714285714286
607,0.8,0.56,0.24
608,1.0,0.875,0.125
610,1.0,0.75,0.25
611,0.9,1.0,-0.09999999999999998
612,0.6,0.6,0.0
614,0.2,0.7647058823529411,-0.5647058823529412
615,0.8,0.625,0.17500000000000004
616,1.0,0.9473684210526315,0.052631578947368474
617,0.4,0.8333333333333334,-0.43333333333333335
618,1.0,1.0,0.0
619,1.0,0.8571428571428571,0.1428571428571429
620,0.8,0.7,0.10000000000000009
621,1.0,0.875,0.125
622,1.0,0.7272727272727273,0.2727272727272727
623,1.0,0.8333333333333334,0.16666666666666663
624,1.0,0.9090909090909091,0.09090909090909094
627,1.0,0.8571428571428571,0.1428571428571429
628,1.0,0.875,0.125
629,0.8,0.6666666666666666,0.13333333333333341
630,1.0,0.625,0.375
631,0.9,0.5,0.4
632,1.0,0.4166666666666667,0.5833333333333333
633,0.875,1.0,-0.125
634,1.0,0.8571428571428571,0.1428571428571429
635,1.0,0.8,0.19999999999999996
636,1.0,1.0,0.0
637,0.4,1.0,-0.6
638,0.9,1.0,-0.09999999999999998
639,1.0,0.6,0.4
640,1.0,0.3333333333333333,0.6666666666666667
641,1.0,0.8461538461538461,0.15384615384615385
642,0.8181818181818182,0.8,0.018181818181818188
643,1.0,1.0,0.0
644,1.0,0.875,0.125
645,1.0,1.0,0.0
646,1.0,1.0,0.0
647,1.0,1.0,0.0
648,1.0,0.6666666666666666,0.33333333333333337
649,1.0,0.8571428571428571,0.1428571428571429
650,0.9,0.0,0.9
652,0.8888888888888888,0.0,0.8888888888888888
653,1.0,0.8947368421052632,0.10526315789473684
654,0.6,1.0,-0.4
655,1.0,1.0,0.0
656,1.0,0.7142857142857143,0.2857142857142857
657,1.0,0.6875,0.3125
658,1.0,0.6666666666666666,0.33333333333333337
659,1.0,1.0,0.0
660,1.0,0.7142857142857143,0.2857142857142857
661,1.0,0.8947368421052632,0.10526315789473684
662,1.0,1.0,0.0
663,1.0,0.7727272727272727,0.2272727272727273
664,1.0,0.7777777777777778,0.2222222222222222
665,1.0,0.8571428571428571,0.1428571428571429
667,1.0,0.8333333333333334,0.16666666666666663
668,1.0,0.8620689655172413,0.13793103448275867
670,0.625,0.3333333333333333,0.2916666666666667
671,1.0,1.0,0.0
672,1.0,1.0,0.0
673,0.9333333333333333,0.9,0.033333333333333326
674,1.0,0.5,0.5
675,1.0,0.7272727272727273,0.2727272727272727
676,1.0,0.6,0.4
677,1.0,0.5,0.5
678,1.0,0.8333333333333334,0.16666666666666663
679,1.0,0.9285714285714286,0.0714285714285714
680,1.0,0.9,0.09999999999999998
681,0.95,0.8,0.1499999999999999
682,1.0,0.84375,0.15625
683,0.9,0.8928571428571429,0.0071428571428571175
684,0.6,1.0,-0.4
685,1.0,0.8181818181818182,0.18181818181818177
686,1.0,0.5,0.5
687,0.8888888888888888,0.7272727272727273,0.16161616161616155
688,1.0,0.6,0.4
689,0.8333333333333334,0.8,0.033333333333333326
690,1.0,0.875,0.125
691,1.0,0.5,0.5
692,0.9166666666666666,0.6923076923076923,0.22435897435897434
694,1.0,0.8571428571428571,0.1428571428571429
695,1.0,0.5384615384615384,0.46153846153846156
696,1.0,0.7222222222222222,0.2777777777777778
697,1.0,0.8333333333333334,0.16666666666666663
698,1.0,0.5,0.5
700,0.9285714285714286,0.8095238095238095,0.11904761904761907
701,1.0,0.8823529411764706,0.11764705882352944
702,1.0,0.6666666666666666,0.33333333333333337
703,1.0,1.0,0.0
704,1.0,1.0,0.0
705,1.0,0.75,0.25
706,1.0,0.6666666666666666,0.33333333333333337
708,1.0,0.8947368421052632,0.10526315789473684
709,0.6,0.8125,-0.21250000000000002
710,1.0,0.6,0.4
711,0.9,0.5,0.4
712,0.9,0.8461538461538461,0.05384615384615388
713,1.0,0.7857142857142857,0.2142857142857143
714,1.0,0.8,0.19999999999999996
715,0.9,1.0,-0.09999999999999998
716,0.75,1.0,-0.25
717,1.0,0.8695652173913043,0.13043478260869568
718,1.0,1.0,0.0
719,0.9,0.8421052631578947,0.05789473684210533
720,0.9444444444444444,0.8571428571428571,0.08730158730158732
721,1.0,0.6666666666666666,0.33333333333333337
722,1.0,0.75,0.25
724,1.0,0.8387096774193549,0.16129032258064513
725,1.0,0.7368421052631579,0.26315789473684215
726,1.0,0.9107142857142857,0.0892857142857143
727,1.0,0.7142857142857143,0.2857142857142857
728,1.0,1.0,0.0
731,1.0,0.6428571428571429,0.3571428571428571
732,1.0,0.92,0.07999999999999996
733,1.0,0.8235294117647058,0.17647058823529416
735,1.0,0.7647058823529411,0.23529411764705888
737,1.0,0.8571428571428571,0.1428571428571429
738,0.9545454545454546,1.0,-0.045454545454545414
739,1.0,0.7894736842105263,0.21052631578947367
740,0.8823529411764706,0.7333333333333333,0.14901960784313728
741,0.75,0.8235294117647058,-0.07352941176470584
742,1.0,0.6666666666666666,0.33333333333333337
743,1.0,0.6153846153846154,0.3846153846153846
744,1.0,0.8181818181818182,0.18181818181818177
745,1.0,0.9615384615384616,0.038461538461538436
746,1.0,0.8333333333333334,0.16666666666666663
747,1.0,1.0,0.0
748,1.0,0.6666666666666666,0.33333333333333337
749,1.0,0.8,0.19999999999999996
750,1.0,0.8260869565217391,0.17391304347826086
751,1.0,0.7777777777777778,0.2222222222222222
752,1.0,0.5,0.5
753,1.0,0.8620689655172413,0.13793103448275867
754,0.9,0.75,0.15000000000000002
756,1.0,0.5555555555555556,0.4444444444444444
757,1.0,1.0,0.0
760,1.0,0.9565217391304348,0.04347826086956519
761,1.0,0.9,0.09999999999999998
762,1.0,0.7,0.30000000000000004
763,1.0,1.0,0.0
764,1.0,0.9333333333333333,0.06666666666666665
765,1.0,0.6923076923076923,0.3076923076923077
766,1.0,0.8181818181818182,0.18181818181818177
767,0.8,1.0,-0.19999999999999996
768,1.0,0.6666666666666666,0.33333333333333337
769,1.0,0.75,0.25
770,1.0,0.5454545454545454,0.4545454545454546
771,1.0,0.8666666666666667,0.1333333333333333
772,0.8,0.5,0.30000000000000004
773,0.9,0.875,0.025000000000000022
774,0.9,1.0,-0.09999999999999998
775,1.0,1.0,0.0
776,1.0,0.8888888888888888,0.11111111111111116
777,0.7,0.9130434782608695,-0.21304347826086956
778,1.0,0.8571428571428571,0.1428571428571429
779,1.0,0.782608695652174,0.21739130434782605
781,1.0,0.8,0.19999999999999996
782,1.0,0.8636363636363636,0.13636363636363635
783,0.7272727272727273,0.4,0.32727272727272727
784,1.0,0.3333333333333333,0.6666666666666667
785,0.8571428571428571,0.5,0.3571428571428571
786,1.0,0.8571428571428571,0.1428571428571429
787,1.0,0.6,0.4
788,1.0,0.896551724137931,0.10344827586206895
789,0.9,0.7692307692307693,0.13076923076923075
790,1.0,0.8888888888888888,0.11111111111111116
791,1.0,0.9285714285714286,0.0714285714285714
792,0.9,0.8125,0.08750000000000002
793,1.0,0.8333333333333334,0.16666666666666663
794,1.0,0.8888888888888888,0.11111111111111116
795,1.0,0.4,0.6
796,1.0,0.5714285714285714,0.4285714285714286
797,0.7777777777777778,0.8235294117647058,-0.04575163398692805
798,0.8,0.6842105263157895,0.11578947368421055
799,0.9,0.6923076923076923,0.20769230769230773
800,1.0,1.0,0.0
801,1.0,0.6,0.4
802,1.0,0.8955223880597015,0.10447761194029848
803,1.0,0.8536585365853658,0.14634146341463417
805,1.0,0.6,0.4
806,1.0,0.7142857142857143,0.2857142857142857
807,1.0,0.631578947368421,0.368421052631579
808,1.0,0.8813559322033898,0.11864406779661019
809,1.0,0.6666666666666666,0.33333333333333337
810,1.0,0.8333333333333334,0.16666666666666663
811,1.0,0.6923076923076923,0.3076923076923077
812,1.0,0.75,0.25
813,1.0,0.625,0.375
814,0.8333333333333334,0.8157894736842105,0.01754385964912286
815,1.0,0.5833333333333334,0.41666666666666663
816,1.0,0.8653846153846154,0.13461538461538458
817,1.0,0.8695652173913043,0.13043478260869568
818,1.0,0.8333333333333334,0.16666666666666663
819,1.0,0.9166666666666666,0.08333333333333337
820,1.0,0.8571428571428571,0.1428571428571429
821,0.9,0.9285714285714286,-0.02857142857142858
822,1.0,0.875,0.125
823,1.0,0.6363636363636364,0.36363636363636365
824,0.8,0.75,0.050000000000000044
825,0.9,0.9166666666666666,-0.016666666666666607
826,1.0,0.6666666666666666,0.33333333333333337
827,1.0,0.75,0.25
828,1.0,0.8103448275862069,0.18965517241379315
829,0.9,0.8947368421052632,0.0052631578947368585
830,1.0,0.8571428571428571,0.1428571428571429
831,1.0,0.375,0.625
832,0.8,0.8333333333333334,-0.033333333333333326
833,1.0,0.75,0.25
834,1.0,0.75,0.25
835,0.8181818181818182,0.8888888888888888,-0.07070707070707061
836,0.9,0.782608695652174,0.11739130434782608
837,1.0,0.875,0.125
838,0.9,0.5,0.4
839,1.0,0.9615384615384616,0.038461538461538436
840,1.0,0.875,0.125
841,1.0,0.96875,0.03125
843,0.9090909090909091,0.8214285714285714,0.08766233766233766
844,1.0,0.9629629629629629,0.03703703703703709
845,1.0,0.5,0.5
846,1.0,0.75,0.25
848,1.0,1.0,0.0
849,0.6666666666666666,0.4444444444444444,0.2222222222222222
850,1.0,1.0,0.0
851,0.0,1.0,-1.0
852,1.0,0.7391304347826086,0.26086956521739135
854,0.0,0.9444444444444444,-0.9444444444444444
855,1.0,0.14285714285714285,0.8571428571428572
856,0.9333333333333333,0.8,0.1333333333333333
857,0.5,0.8571428571428571,-0.3571428571428571
858,1.0,0.6666666666666666,0.33333333333333337
859,1.0,0.9047619047619048,0.09523809523809523
860,0.2,1.0,-0.8
861,1.0,0.75,0.25
862,1.0,0.7142857142857143,0.2857142857142857
863,0.8,0.7272727272727273,0.07272727272727275
864,1.0,0.7647058823529411,0.23529411764705888
865,1.0,0.8,0.19999999999999996
866,1.0,0.6666666666666666,0.33333333333333337
867,1.0,0.9333333333333333,0.06666666666666665
868,1.0,0.5,0.5
869,1.0,1.0,0.0
870,1.0,0.3333333333333333,0.6666666666666667
871,1.0,1.0,0.0
872,1.0,0.875,0.125
873,1.0,1.0,0.0
874,1.0,0.7142857142857143,0.2857142857142857
875,1.0,0.6666666666666666,0.33333333333333337
876,1.0,1.0,0.0
877,1.0,0.631578947368421,0.368421052631579
878,1.0,0.8181818181818182,0.18181818181818177
879,1.0,0.9,0.09999999999999998
881,1.0,0.9032258064516129,0.09677419354838712
882,1.0,0.8888888888888888,0.11111111111111116
883,1.0,0.8571428571428571,0.1428571428571429
884,1.0,0.6,0.4
885,0.9333333333333333,0.9230769230769231,0.01025641025641022
886,1.0,0.8888888888888888,0.11111111111111116
887,0.9333333333333333,0.5714285714285714,0.36190476190476195
888,1.0,0.925,0.07499999999999996
889,1.0,0.95,0.050000000000000044
890,1.0,1.0,0.0
891,1.0,0.9411764705882353,0.05882352941176472
892,0.8571428571428571,0.75,0.1071428571428571
893,0.6,1.0,-0.4
894,1.0,0.9444444444444444,0.05555555555555558
895,1.0,0.7941176470588235,0.20588235294117652
896,1.0,0.8125,0.1875
898,0.5,0.8125,-0.3125
899,0.75,0.9545454545454546,-0.20454545454545459
900,1.0,0.75,0.25
901,1.0,0.9090909090909091,0.09090909090909094
903,1.0,0.8235294117647058,0.17647058823529416
904,0.3333333333333333,0.8333333333333334,-0.5
905,1.0,1.0,0.0
907,1.0,1.0,0.0
908,0.9,0.6,0.30000000000000004
909,0.9,1.0,-0.09999999999999998
910,1.0,0.75,0.25
911,1.0,0.8571428571428571,0.1428571428571429
912,1.0,0.8181818181818182,0.18181818181818177
913,1.0,0.875,0.125
914,0.75,1.0,-0.25
915,0.9090909090909091,0.8888888888888888,0.02020202020202022
916,0.9,0.6,0.30000000000000004
918,0.0,1.0,-1.0
919,1.0,0.6,0.4
920,1.0,0.3333333333333333,0.6666666666666667
921,1.0,0.9230769230769231,0.07692307692307687
922,1.0,0.8461538461538461,0.15384615384615385
923,0.5,1.0,-0.5
924,0.8,0.8,0.0
925,0.9,0.8666666666666667,0.033333333333333326
926,1.0,0.7777777777777778,0.2222222222222222
927,1.0,1.0,0.0
928,1.0,1.0,0.0
929,0.875,0.6666666666666666,0.20833333333333337
930,0.9,0.875,0.025000000000000022
931,1.0,0.7142857142857143,0.2857142857142857
932,1.0,0.8333333333333334,0.16666666666666663
933,0.6,0.7142857142857143,-0.11428571428571432
934,1.0,0.8205128205128205,0.17948717948717952
936,1.0,0.8333333333333334,0.16666666666666663
937,1.0,1.0,0.0
938,1.0,0.9,0.09999999999999998
939,1.0,0.8275862068965517,0.1724137931034483
940,1.0,0.8695652173913043,0.13043478260869568
941,1.0,0.4,0.6
943,0.8666666666666667,0.8837209302325582,-0.01705426356589146
944,0.6,0.7894736842105263,-0.18947368421052635
945,1.0,0.7272727272727273,0.2727272727272727
947,0.8888888888888888,0.8333333333333334,0.05555555555555547
948,1.0,0.6666666666666666,0.33333333333333337
949,1.0,0.9444444444444444,0.05555555555555558
950,1.0,0.8125,0.1875
952,1.0,0.8947368421052632,0.10526315789473684
953,1.0,0.9230769230769231,0.07692307692307687
954,1.0,0.7894736842105263,0.21052631578947367
956,1.0,1.0,0.0
957,1.0,0.8571428571428571,0.1428571428571429
958,1.0,0.8888888888888888,0.11111111111111116
959,0.0,0.6153846153846154,-0.6153846153846154
960,1.0,1.0,0.0
961,1.0,0.75,0.25
962,1.0,0.88,0.12
963,1.0,0.6666666666666666,0.33333333333333337
966,1.0,1.0,0.0
967,1.0,0.2857142857142857,0.7142857142857143
969,0.625,1.0,-0.375
970,1.0,0.65,0.35
971,0.8,0.6666666666666666,0.13333333333333341
972,0.9,1.0,-0.09999999999999998
974,1.0,0.8,0.19999999999999996
975,1.0,0.5714285714285714,0.4285714285714286
978,1.0,1.0,0.0
981,0.7,0.875,-0.17500000000000004
982,1.0,0.75,0.25
984,1.0,1.0,0.0
987,0.8,0.8,0.0
994,1.0,0.8461538461538461,0.15384615384615385
995,1.0,0.84375,0.15625
996,1.0,1.0,0.0
997,0.9166666666666666,0.8,0.11666666666666659
998,1.0,0.8333333333333334,0.16666666666666663
999,1.0,0.5454545454545454,0.4545454545454546
1002,1.0,0.4,0.6
1003,1.0,0.9130434782608695,0.08695652173913049
1004,1.0,0.8484848484848485,0.1515151515151515
1005,1.0,0.9642857142857143,0.0357142857142857
1006,0.9444444444444444,0.8529411764705882,0.09150326797385622
1007,1.0,0.7647058823529411,0.23529411764705888
1008,1.0,0.9629629629629629,0.03703703703703709
1009,1.0,0.8095238095238095,0.19047619047619047
1010,1.0,0.7608695652173914,0.23913043478260865
1011,1.0,0.9411764705882353,0.05882352941176472
1012,1.0,0.896551724137931,0.10344827586206895
1013,1.0,0.5625,0.4375
1014,1.0,0.9375,0.0625
1015,0.9090909090909091,0.8888888888888888,0.02020202020202022
1016,0.7777777777777778,0.9,-0.12222222222222223
1017,1.0,0.8,0.19999999999999996
1018,1.0,1.0,0.0
1019,1.0,0.8333333333333334,0.16666666666666663
1020,1.0,1.0,0.0
1021,1.0,0.5714285714285714,0.4285714285714286
1022,0.8666666666666667,0.8,0.06666666666666665
1023,1.0,1.0,0.0
1024,0.6666666666666666,0.9375,-0.27083333333333337
1025,1.0,1.0,0.0
1026,1.0,1.0,0.0
1027,1.0,1.0,0.0
1028,0.9,1.0,-0.09999999999999998
1029,0.7,0.5,0.19999999999999996
1030,1.0,0.875,0.125
1032,0.9230769230769231,0.875,0.04807692307692313
1033,0.8,0.8,0.0
1034,1.0,1.0,0.0
1035,1.0,0.6666666666666666,0.33333333333333337
1036,1.0,1.0,0.0
1037,1.0,0.6875,0.3125
1038,1.0,0.9090909090909091,0.09090909090909094
1039,0.5,0.875,-0.375
1040,1.0,1.0,0.0
1041,0.8571428571428571,1.0,-0.1428571428571429
1042,1.0,0.875,0.125
1045,1.0,0.7142857142857143,0.2857142857142857
1047,1.0,1.0,0.0
1048,1.0,0.7857142857142857,0.2142857142857143
1049,1.0,0.875,0.125
1050,0.8333333333333334,0.875,-0.04166666666666663
1051,1.0,0.7272727272727273,0.2727272727272727
1053,1.0,0.8461538461538461,0.15384615384615385
1054,1.0,1.0,0.0
1055,1.0,1.0,0.0
1056,1.0,0.0,1.0
1057,1.0,0.8979591836734694,0.10204081632653061
1058,1.0,0.9333333333333333,0.06666666666666665
1059,1.0,0.631578947368421,0.368421052631579
1060,0.9411764705882353,1.0,-0.05882352941176472
1061,1.0,0.8333333333333334,0.16666666666666663
1062,1.0,0.9285714285714286,0.0714285714285714
1063,0.9333333333333333,0.9130434782608695,0.020289855072463836
1064,1.0,0.75,0.25
1065,1.0,0.5454545454545454,0.4545454545454546
1066,1.0,0.9230769230769231,0.07692307692307687
1067,1.0,0.9285714285714286,0.0714285714285714
1068,1.0,0.8,0.19999999999999996
1070,1.0,0.7647058823529411,0.23529411764705888
1071,1.0,1.0,0.0
1072,1.0,0.9333333333333333,0.06666666666666665
1073,1.0,0.75,0.25
1074,1.0,0.9230769230769231,0.07692307692307687
1075,1.0,0.8333333333333334,0.16666666666666663
1076,1.0,1.0,0.0
1077,0.75,0.7272727272727273,0.022727272727272707
1078,1.0,0.8,0.19999999999999996
1079,1.0,0.6666666666666666,0.33333333333333337
1080,1.0,0.25,0.75
1081,1.0,1.0,0.0
1082,1.0,0.875,0.125
1083,0.0,0.8888888888888888,-0.8888888888888888
1084,1.0,1.0,0.0
1085,1.0,1.0,0.0
1086,1.0,0.9285714285714286,0.0714285714285714
1087,1.0,0.8421052631578947,0.1578947368421053
1088,1.0,0.9230769230769231,0.07692307692307687
1089,1.0,0.8421052631578947,0.1578947368421053
1090,1.0,1.0,0.0
1091,0.9,0.8333333333333334,0.06666666666666665
1092,1.0,0.9285714285714286,0.0714285714285714
1093,1.0,0.8333333333333334,0.16666666666666663
1094,1.0,1.0,0.0
1095,0.8571428571428571,1.0,-0.1428571428571429
1096,1.0,0.2857142857142857,0.7142857142857143
1097,1.0,0.7435897435897436,0.2564102564102564
1098,0.5,0.75,-0.25
1099,1.0,0.0,1.0
1100,1.0,0.8333333333333334,0.16666666666666663
1101,1.0,0.9047619047619048,0.09523809523809523
1102,0.75,1.0,-0.25
1103,0.8,0.5714285714285714,0.22857142857142865
1104,0.7,0.9285714285714286,-0.22857142857142865
1105,1.0,1.0,0.0
1107,1.0,0.6,0.4
1108,1.0,0.9285714285714286,0.0714285714285714
1109,1.0,0.9333333333333333,0.06666666666666665
1110,0.9,0.7727272727272727,0.12727272727272732
1112,1.0,1.0,0.0
1113,1.0,0.7692307692307693,0.23076923076923073
1114,0.8,0.5714285714285714,0.22857142857142865
1115,0.4,0.9166666666666666,-0.5166666666666666
1117,0.9,0.8,0.09999999999999998
1118,1.0,0.6666666666666666,0.33333333333333337
1119,0.9,0.5,0.4
1120,1.0,1.0,0.0
1121,1.0,1.0,0.0
1122,0.9,0.8888888888888888,0.011111111111111183
1123,1.0,0.9047619047619048,0.09523809523809523
1124,0.9375,0.7741935483870968,0.16330645161290325
1125,1.0,0.9375,0.0625
1126,0.9333333333333333,0.6,0.33333333333333337
1127,0.6666666666666666,0.9,-0.2333333333333334
1129,1.0,0.9333333333333333,0.06666666666666665
1130,1.0,0.8666666666666667,0.1333333333333333
1131,0.8571428571428571,0.8709677419354839,-0.01382488479262678
1132,1.0,0.75,0.25
1133,1.0,0.8181818181818182,0.18181818181818177
1134,0.9333333333333333,0.4444444444444444,0.48888888888888893
1135,1.0,0.3333333333333333,0.6666666666666667
1136,1.0,0.6363636363636364,0.36363636363636365
1137,1.0,0.9,0.09999999999999998
1138,1.0,0.8571428571428571,0.1428571428571429
1139,0.5,0.75,-0.25
1140,0.8181818181818182,0.5,0.31818181818181823
1141,1.0,0.8,0.19999999999999996
1142,0.9,0.3333333333333333,0.5666666666666667
1143,1.0,0.6,0.4
1144,1.0,0.6363636363636364,0.36363636363636365
1145,1.0,0.5454545454545454,0.4545454545454546
1146,1.0,0.9411764705882353,0.05882352941176472
1147,0.9,0.375,0.525
1148,1.0,0.6666666666666666,0.33333333333333337
1149,1.0,0.75,0.25
1150,1.0,0.7142857142857143,0.2857142857142857
1152,1.0,0.96,0.040000000000000036
1153,1.0,0.8,0.19999999999999996
1154,1.0,0.6666666666666666,0.33333333333333337
1155,1.0,1.0,0.0
1156,1.0,0.85,0.15000000000000002
1157,1.0,0.75,0.25
1158,1.0,1.0,0.0
1159,0.8571428571428571,1.0,-0.1428571428571429
1160,1.0,1.0,0.0
1161,0.9333333333333333,0.0,0.9333333333333333
1162,1.0,0.875,0.125
1163,1.0,0.9,0.09999999999999998
1164,1.0,0.6666666666666666,0.33333333333333337
1165,1.0,0.8333333333333334,0.16666666666666663
1166,1.0,1.0,0.0
1167,0.9,0.8181818181818182,0.08181818181818179
1168,1.0,0.8421052631578947,0.1578947368421053
1169,0.9,0.875,0.025000000000000022
1170,0.6,0.8,-0.20000000000000007
1171,1.0,0.8275862068965517,0.1724137931034483
1172,0.8333333333333334,0.92,-0.08666666666666667
1173,0.6,0.8666666666666667,-0.2666666666666667
1174,0.8,0.875,-0.07499999999999996
1175,1.0,0.8181818181818182,0.18181818181818177
1176,1.0,0.875,0.125
1178,1.0,0.6,0.4
1179,1.0,0.8666666666666667,0.1333333333333333
1181,0.9333333333333333,0.5454545454545454,0.38787878787878793
1182,1.0,0.8,0.19999999999999996
1183,1.0,0.9,0.09999999999999998
1184,0.8333333333333334,0.78125,0.05208333333333337
1185,0.9333333333333333,0.6666666666666666,0.2666666666666667
1186,1.0,0.75,0.25
1187,0.6,1.0,-0.4
1188,0.9,0.8,0.09999999999999998
1189,0.0,0.6666666666666666,-0.6666666666666666
1190,0.75,0.5,0.25
1191,0.0,0.0,0.0
1192,1.0,0.8333333333333334,0.16666666666666663
1194,0.0,1.0,-1.0
1195,0.2,0.6,-0.39999999999999997
1196,0.9,0.8947368421052632,0.0052631578947368585
1197,1.0,0.9166666666666666,0.08333333333333337
1198,0.8666666666666667,0.8421052631578947,0.024561403508772006
1199,1.0,0.8,0.19999999999999996
1200,1.0,0.8275862068965517,0.1724137931034483
1201,1.0,0.8636363636363636,0.13636363636363635
1202,0.25,0.8571428571428571,-0.6071428571428571
1203,1.0,1.0,0.0
1204,1.0,0.875,0.125
1207,1.0,0.6666666666666666,0.33333333333333337
1208,1.0,0.8333333333333334,0.16666666666666663
1209,0.75,0.8333333333333334,-0.08333333333333337
1210,0.3333333333333333,0.8333333333333334,-0.5
1211,0.8,0.8333333333333334,-0.033333333333333326
1212,1.0,0.9166666666666666,0.08333333333333337
1213,1.0,0.8125,0.1875
1214,0.9,0.8571428571428571,0.04285714285714293
1215,0.8,0.6363636363636364,0.1636363636363637
1216,1.0,0.5294117647058824,0.47058823529411764
1217,0.6,0.7222222222222222,-0.12222222222222223
1218,1.0,0.9375,0.0625
1219,0.8,0.7857142857142857,0.014285714285714346
1220,1.0,0.8823529411764706,0.11764705882352944
1221,1.0,0.8095238095238095,0.19047619047619047
1222,1.0,1.0,0.0
1223,0.8,0.9090909090909091,-0.10909090909090902
1224,0.25,0.7037037037037037,-0.4537037037037037
1225,1.0,0.8181818181818182,0.18181818181818177
1226,1.0,0.8666666666666667,0.1333333333333333
1227,1.0,0.8333333333333334,0.16666666666666663
1228,1.0,0.8235294117647058,0.17647058823529416
1229,1.0,0.9230769230769231,0.07692307692307687
1230,0.5,0.75,-0.25
1231,0.8,1.0,-0.19999999999999996
1232,0.875,0.8076923076923077,0.06730769230769229
1233,1.0,0.5555555555555556,0.4444444444444444
1234,1.0,0.5,0.5
1235,1.0,0.875,0.125
1236,1.0,0.875,0.125
1237,1.0,0.5833333333333334,0.41666666666666663
1238,1.0,0.7272727272727273,0.2727272727272727
1239,1.0,0.7692307692307693,0.23076923076923073
1241,0.9444444444444444,0.25,0.6944444444444444
1242,1.0,0.75,0.25
1243,1.0,0.6,0.4
1244,0.8,0.7692307692307693,0.03076923076923077
1245,1.0,0.9,0.09999999999999998
1247,0.8,0.5,0.30000000000000004
1250,1.0,0.7631578947368421,0.23684210526315785
1251,1.0,0.8918918918918919,0.10810810810810811
1252,1.0,0.9090909090909091,0.09090909090909094
1253,1.0,0.8461538461538461,0.15384615384615385
1254,1.0,0.8421052631578947,0.1578947368421053
1255,0.8888888888888888,0.9487179487179487,-0.05982905982905984
1256,0.9375,0.8541666666666666,0.08333333333333337
1257,1.0,0.8260869565217391,0.17391304347826086
1258,1.0,0.9,0.09999999999999998
1259,1.0,0.7837837837837838,0.21621621621621623
1260,1.0,0.8823529411764706,0.11764705882352944
1261,1.0,0.8461538461538461,0.15384615384615385
1262,1.0,1.0,0.0
1263,1.0,0.7666666666666667,0.23333333333333328
1264,0.9473684210526315,0.8,0.14736842105263148
1265,1.0,0.9473684210526315,0.052631578947368474
1266,1.0,0.7272727272727273,0.2727272727272727
1267,1.0,0.75,0.25
1268,1.0,0.8,0.19999999999999996
1270,0.8888888888888888,0.7272727272727273,0.16161616161616155
1271,1.0,1.0,0.0
1272,1.0,1.0,0.0
1273,0.8333333333333334,1.0,-0.16666666666666663
1274,0.8333333333333334,0.6,0.2333333333333334
1275,0.25,0.2,0.04999999999999999
1276,0.0,1.0,-1.0
1277,0.5,0.6666666666666666,-0.16666666666666663
1279,1.0,0.9069767441860465,0.09302325581395354
1280,1.0,0.9318181818181818,0.06818181818181823
1281,1.0,0.76,0.24
1282,1.0,0.8333333333333334,0.16666666666666663
1283,1.0,0.9047619047619048,0.09523809523809523
1284,0.75,0.8947368421052632,-0.14473684210526316
1285,1.0,0.7333333333333333,0.2666666666666667
1286,1.0,0.8823529411764706,0.11764705882352944
1287,0.875,0.7,0.17500000000000004
1288,1.0,0.7142857142857143,0.2857142857142857
1289,1.0,0.8571428571428571,0.1428571428571429
1290,1.0,0.8611111111111112,0.13888888888888884
1291,1.0,0.6666666666666666,0.33333333333333337
1292,0.9285714285714286,0.9230769230769231,0.005494505494505475
1293,0.9090909090909091,0.8333333333333334,0.07575757575757569
1294,1.0,0.9230769230769231,0.07692307692307687
1295,1.0,0.8666666666666667,0.1333333333333333
1296,1.0,0.9047619047619048,0.09523809523809523
1297,1.0,0.9166666666666666,0.08333333333333337
1298,1.0,0.75,0.25
1299,1.0,1.0,0.0
1300,0.25,0.9523809523809523,-0.7023809523809523
1301,1.0,0.9,0.09999999999999998
1302,1.0,0.8611111111111112,0.13888888888888884
1303,0.6666666666666666,0.75,-0.08333333333333337
1304,1.0,0.8085106382978723,0.19148936170212771
1305,1.0,0.8,0.19999999999999996
1306,1.0,0.7777777777777778,0.2222222222222222
1307,1.0,0.9,0.09999999999999998
1308,1.0,0.8055555555555556,0.19444444444444442
1309,1.0,0.8387096774193549,0.16129032258064513
1310,1.0,0.7,0.30000000000000004
1311,1.0,0.9714285714285714,0.02857142857142858
1312,1.0,0.7916666666666666,0.20833333333333337
1313,1.0,0.8,0.19999999999999996
1314,1.0,0.8571428571428571,0.1428571428571429
1315,1.0,0.8333333333333334,0.16666666666666663
1316,1.0,0.8181818181818182,0.18181818181818177
1317,1.0,0.95,0.050000000000000044
1318,1.0,0.7857142857142857,0.2142857142857143
1319,0.9090909090909091,0.7222222222222222,0.18686868686868685
1320,1.0,0.4166666666666667,0.5833333333333333
1321,1.0,0.7777777777777778,0.2222222222222222
1322,0.75,0.3333333333333333,0.4166666666666667
1323,1.0,0.5,0.5
1324,1.0,0.8,0.19999999999999996
1325,1.0,0.4,0.6
1326,1.0,1.0,0.0
1327,0.8,0.5454545454545454,0.25454545454545463
1328,0.8888888888888888,0.75,0.13888888888888884
1329,0.625,0.6,0.025000000000000022
1330,1.0,0.42857142857142855,0.5714285714285714
1331,0.875,0.75,0.125
1332,1.0,0.75,0.25
1333,0.8333333333333334,1.0,-0.16666666666666663
1334,0.5,0.8823529411764706,-0.38235294117647056
1336,1.0,1.0,0.0
1337,1.0,0.8421052631578947,0.1578947368421053
1338,1.0,0.8333333333333334,0.16666666666666663
1339,0.9,0.8,0.09999999999999998
1340,0.5,1.0,-0.5
1341,1.0,0.6666666666666666,0.33333333333333337
1342,1.0,0.8888888888888888,0.11111111111111116
1343,1.0,0.9,0.09999999999999998
1344,1.0,0.9333333333333333,0.06666666666666665
1345,1.0,0.8571428571428571,0.1428571428571429
1346,1.0,0.8947368421052632,0.10526315789473684
1347,1.0,0.9230769230769231,0.07692307692307687
1348,1.0,0.8695652173913043,0.13043478260869568
1350,1.0,0.8181818181818182,0.18181818181818177
1351,1.0,0.7333333333333333,0.2666666666666667
1352,1.0,1.0,0.0
1353,1.0,0.8333333333333334,0.16666666666666663
1354,0.9,0.5,0.4
1355,1.0,0.75,0.25
1356,1.0,0.8,0.19999999999999996
1357,1.0,1.0,0.0
1358,1.0,0.6666666666666666,0.33333333333333337
1359,0.6,0.6875,-0.08750000000000002
1360,1.0,0.9090909090909091,0.09090909090909094
1361,1.0,0.875,0.125
1362,1.0,0.7777777777777778,0.2222222222222222
1363,1.0,0.7777777777777778,0.2222222222222222
1364,1.0,0.8125,0.1875
1365,1.0,0.9473684210526315,0.052631578947368474
1366,0.875,0.7222222222222222,0.1527777777777778
1367,1.0,1.0,0.0
1369,1.0,1.0,0.0
1370,0.75,1.0,-0.25
1371,1.0,0.5,0.5
1372,1.0,0.8,0.19999999999999996
1373,0.8,1.0,-0.19999999999999996
1374,1.0,0.875,0.125
1375,1.0,1.0,0.0
1376,1.0,0.8181818181818182,0.18181818181818177
1377,1.0,0.8461538461538461,0.15384615384615385
1378,1.0,0.5714285714285714,0.4285714285714286
1379,1.0,1.0,0.0
1380,0.8888888888888888,0.7,0.18888888888888888
1381,1.0,0.8333333333333334,0.16666666666666663
1382,1.0,0.5714285714285714,0.4285714285714286
1383,0.9,0.0,0.9
1384,0.875,1.0,-0.125
1385,1.0,0.6666666666666666,0.33333333333333337
1386,0.8,0.7142857142857143,0.08571428571428574
1387,1.0,1.0,0.0
1388,0.8571428571428571,0.6,0.2571428571428571
1389,1.0,0.5,0.5
1390,0.9375,0.7647058823529411,0.17279411764705888
1391,0.7777777777777778,0.625,0.1527777777777778
1392,0.9166666666666666,0.9285714285714286,-0.011904761904761973
1393,1.0,0.8181818181818182,0.18181818181818177
1394,1.0,0.7142857142857143,0.2857142857142857
1395,0.6666666666666666,1.0,-0.33333333333333337
1396,0.8,0.5833333333333334,0.21666666666666667
1397,1.0,0.0,1.0
1398,1.0,0.8,0.19999999999999996
1399,0.9090909090909091,0.8,0.10909090909090902
1400,0.9090909090909091,0.75,0.15909090909090906
1401,0.9,0.4,0.5
1402,1.0,0.75,0.25
1403,0.9,0.8333333333333334,0.06666666666666665
1404,0.9166666666666666,0.625,0.29166666666666663
1405,1.0,0.7,0.30000000000000004
1406,1.0,0.8571428571428571,0.1428571428571429
1407,1.0,0.9230769230769231,0.07692307692307687
1408,1.0,1.0,0.0
1409,0.7,0.5714285714285714,0.12857142857142856
1410,1.0,1.0,0.0
1411,0.9,0.5,0.4
1412,0.8,0.8095238095238095,-0.00952380952380949
1413,1.0,0.8,0.19999999999999996
1414,1.0,0.6666666666666666,0.33333333333333337
1415,0.7777777777777778,0.8571428571428571,-0.0793650793650793
1416,1.0,1.0,0.0
1417,1.0,1.0,0.0
1418,1.0,0.5,0.5
1419,0.6666666666666666,0.5,0.16666666666666663
1420,0.8,1.0,-0.19999999999999996
1421,0.9,0.6,0.30000000000000004
1423,0.9,0.8,0.09999999999999998
1424,0.9333333333333333,0.75,0.18333333333333335
1426,1.0,1.0,0.0
1427,1.0,0.6666666666666666,0.33333333333333337
1428,1.0,0.9375,0.0625
1429,0.75,1.0,-0.25
1430,1.0,0.6875,0.3125
1431,1.0,0.8,0.19999999999999996
1432,0.6,0.6,0.0
1433,1.0,0.7272727272727273,0.2727272727272727
1434,0.6153846153846154,0.5555555555555556,0.05982905982905984
1435,1.0,0.7777777777777778,0.2222222222222222
1437,1.0,0.6,0.4
1438,1.0,0.8571428571428571,0.1428571428571429
1439,0.0,0.6666666666666666,-0.6666666666666666
1440,1.0,1.0,0.0
1441,1.0,1.0,0.0
1442,1.0,1.0,0.0
1443,1.0,1.0,0.0
1444,1.0,1.0,0.0
1446,0.3333333333333333,0.5,-0.16666666666666669
1449,0.9,1.0,-0.09999999999999998
1450,0.6363636363636364,0.8,-0.1636363636363637
1451,0.6666666666666666,0.5,0.16666666666666663
1452,0.9444444444444444,1.0,-0.05555555555555558
1453,1.0,0.875,0.125
1454,1.0,0.75,0.25
1455,1.0,0.5,0.5
1456,1.0,0.5,0.5
1458,0.6,1.0,-0.4
1460,0.6,1.0,-0.4
1461,0.6,1.0,-0.4
1463,1.0,1.0,0.0
1464,1.0,0.8571428571428571,0.1428571428571429
1466,1.0,1.0,0.0
1468,0.2,0.7142857142857143,-0.5142857142857142
1469,1.0,0.3333333333333333,0.6666666666666667
1470,1.0,0.9,0.09999999999999998
1471,1.0,0.7692307692307693,0.23076923076923073
1472,1.0,0.5,0.5
1473,1.0,1.0,0.0
1474,0.0,1.0,-1.0
1476,0.6666666666666666,1.0,-0.33333333333333337
1477,0.0,1.0,-1.0
1478,0.0,1.0,-1.0
1479,0.0,0.8,-0.8
1480,0.0,0.4,-0.4
1481,1.0,1.0,0.0
1482,1.0,0.75,0.25
1484,1.0,0.75,0.25
1485,1.0,0.7777777777777778,0.2222222222222222
1486,1.0,1.0,0.0
1487,0.6666666666666666,0.8571428571428571,-0.19047619047619047
1488,0.8571428571428571,1.0,-0.1428571428571429
1489,0.0,1.0,-1.0
1491,1.0,1.0,0.0
1493,0.0,0.5,-0.5
1494,0.6666666666666666,1.0,-0.33333333333333337
1497,0.0,0.6666666666666666,-0.6666666666666666
1499,1.0,0.75,0.25
1501,1.0,0.86,0.14
1502,1.0,0.7878787878787878,0.21212121212121215
1503,1.0,0.8823529411764706,0.11764705882352944
1504,1.0,0.9272727272727272,0.07272727272727275
1506,1.0,0.6857142857142857,0.3142857142857143
1507,1.0,0.7692307692307693,0.23076923076923073
1509,1.0,1.0,0.0
1511,1.0,0.8695652173913043,0.13043478260869568
1512,0.8888888888888888,0.45454545454545453,0.4343434343434343
1513,1.0,0.7692307692307693,0.23076923076923073
1514,0.8,1.0,-0.19999999999999996
1515,1.0,0.9259259259259259,0.07407407407407407
1516,1.0,0.6666666666666666,0.33333333333333337
1517,0.0,1.0,-1.0
1519,1.0,0.75,0.25
1520,1.0,0.5555555555555556,0.4444444444444444
1521,1.0,0.4,0.6
1522,1.0,0.8,0.19999999999999996
1523,1.0,0.42857142857142855,0.5714285714285714
1524,1.0,0.5714285714285714,0.4285714285714286
1525,0.0,0.0,0.0
1526,1.0,0.8571428571428571,0.1428571428571429
1527,0.7,1.0,-0.30000000000000004
1528,1.0,0.6666666666666666,0.33333333333333337
1529,0.75,0.6923076923076923,0.05769230769230771
1530,1.0,0.7916666666666666,0.20833333333333337
1532,1.0,0.6666666666666666,0.33333333333333337
1533,1.0,0.8,0.19999999999999996
1534,0.625,0.8,-0.17500000000000004
1535,1.0,0.7777777777777778,0.2222222222222222
1536,0.6,0.5,0.09999999999999998
1537,1.0,0.9166666666666666,0.08333333333333337
1539,1.0,0.8421052631578947,0.1578947368421053
1540,0.8,0.8,0.0
1541,0.4,1.0,-0.6
1542,0.4,0.5,-0.09999999999999998
1543,0.0,0.625,-0.625
1544,1.0,0.75,0.25
1545,0.2,0.7777777777777778,-0.5777777777777777
1546,1.0,0.8181818181818182,0.18181818181818177
1547,1.0,0.8333333333333334,0.16666666666666663
1548,1.0,0.8461538461538461,0.15384615384615385
1549,1.0,0.95,0.050000000000000044
1550,1.0,0.7333333333333333,0.2666666666666667
1551,1.0,0.8333333333333334,0.16666666666666663
1552,1.0,0.75,0.25
1553,1.0,0.9411764705882353,0.05882352941176472
1554,1.0,0.8,0.19999999999999996
1555,1.0,0.8333333333333334,0.16666666666666663
1556,1.0,0.6363636363636364,0.36363636363636365
1557,1.0,0.6666666666666666,0.33333333333333337
1558,1.0,0.6363636363636364,0.36363636363636365
1559,1.0,0.782608695652174,0.21739130434782605
1561,1.0,0.6666666666666666,0.33333333333333337
1562,1.0,0.5714285714285714,0.4285714285714286
1563,1.0,1.0,0.0
1564,1.0,1.0,0.0
1565,1.0,1.0,0.0
1566,1.0,0.75,0.25
1567,0.8,1.0,-0.19999999999999996
1568,1.0,0.8461538461538461,0.15384615384615385
1569,1.0,0.8181818181818182,0.18181818181818177
1570,0.9,0.75,0.15000000000000002
1571,1.0,1.0,0.0
1572,0.0,1.0,-1.0
1573,1.0,0.8,0.19999999999999996
1574,1.0,1.0,0.0
1575,1.0,1.0,0.0
1576,1.0,1.0,0.0
1577,1.0,1.0,0.0
1578,1.0,0.8181818181818182,0.18181818181818177
1579,1.0,0.9230769230769231,0.07692307692307687
1580,1.0,1.0,0.0
1581,1.0,1.0,0.0
1582,1.0,0.8823529411764706,0.11764705882352944
1583,1.0,0.9166666666666666,0.08333333333333337
1584,1.0,1.0,0.0
1585,1.0,0.42857142857142855,0.5714285714285714
1586,0.7857142857142857,0.8181818181818182,-0.032467532467532534
1587,0.7,1.0,-0.30000000000000004
1588,0.9333333333333333,1.0,-0.06666666666666665
1589,0.6,1.0,-0.4
1590,0.25,0.42857142857142855,-0.17857142857142855
1591,1.0,0.7333333333333333,0.2666666666666667
1592,0.0,1.0,-1.0
1593,0.3333333333333333,0.9285714285714286,-0.5952380952380953
1594,1.0,0.75,0.25
1595,0.5,0.0,0.5
1603,1.0,1.0,0.0
1604,1.0,0.8823529411764706,0.11764705882352944
1605,1.0,0.8095238095238095,0.19047619047619047
1606,1.0,0.8333333333333334,0.16666666666666663
1608,0.6,0.7647058823529411,-0.16470588235294115
1609,0.9333333333333333,0.625,0.30833333333333335
1610,1.0,0.875,0.125
1611,0.0,0.75,-0.75
1612,0.2,0.8888888888888888,-0.6888888888888889
1613,0.9,0.5,0.4
1616,0.5,1.0,-0.5
1617,0.75,1.0,-0.25
1620,1.0,0.7777777777777778,0.2222222222222222
1621,1.0,0.8888888888888888,0.11111111111111116
1622,1.0,1.0,0.0
1623,0.9090909090909091,0.9,0.009090909090909038
1624,0.2,0.9230769230769231,-0.7230769230769232
1626,0.6,0.8823529411764706,-0.2823529411764706
1627,1.0,0.8958333333333334,0.10416666666666663
1628,1.0,0.9655172413793104,0.03448275862068961
1629,1.0,0.8936170212765957,0.1063829787234043
1631,0.6,1.0,-0.4
1632,1.0,0.8333333333333334,0.16666666666666663
1633,1.0,0.8125,0.1875
1634,1.0,1.0,0.0
1635,1.0,0.8636363636363636,0.13636363636363635
1636,1.0,0.7692307692307693,0.23076923076923073
1637,1.0,0.9285714285714286,0.0714285714285714
1638,1.0,0.9047619047619048,0.09523809523809523
1639,1.0,0.8666666666666667,0.1333333333333333
1640,0.6666666666666666,0.75,-0.08333333333333337
1641,0.8,0.75,0.050000000000000044
1642,1.0,0.625,0.375
1646,1.0,1.0,0.0
1647,1.0,1.0,0.0
1648,0.6,1.0,-0.4
1649,1.0,0.8888888888888888,0.11111111111111116
1650,1.0,0.7916666666666666,0.20833333333333337
1651,1.0,0.6923076923076923,0.3076923076923077
1652,1.0,0.8333333333333334,0.16666666666666663
1653,1.0,0.9,0.09999999999999998
1654,1.0,1.0,0.0
1655,1.0,0.8571428571428571,0.1428571428571429
1656,1.0,0.8536585365853658,0.14634146341463417
1657,1.0,0.8846153846153846,0.11538461538461542
1658,1.0,1.0,0.0
1659,1.0,0.7777777777777778,0.2222222222222222
1661,1.0,0.8888888888888888,0.11111111111111116
1662,1.0,0.8333333333333334,0.16666666666666663
1663,1.0,0.896551724137931,0.10344827586206895
1664,1.0,0.75,0.25
1665,1.0,0.8846153846153846,0.11538461538461542
1666,0.8333333333333334,0.6666666666666666,0.16666666666666674
1667,0.6,0.5,0.09999999999999998
1669,0.8571428571428571,1.0,-0.1428571428571429
1671,0.4,0.875,-0.475
1674,0.8,0.9,-0.09999999999999998
1675,1.0,0.7,0.30000000000000004
1676,1.0,0.5,0.5
1677,0.8,0.8181818181818182,-0.018181818181818188
1678,1.0,0.7142857142857143,0.2857142857142857
1679,1.0,0.6,0.4
1680,0.9090909090909091,0.6818181818181818,0.2272727272727273
1681,0.9166666666666666,1.0,-0.08333333333333337
1682,1.0,0.9230769230769231,0.07692307692307687
1683,0.25,0.9230769230769231,-0.6730769230769231
1684,0.2,0.6666666666666666,-0.4666666666666666
1685,0.6,1.0,-0.4
1686,0.8,0.7894736842105263,0.010526315789473717
1687,0.0,0.8333333333333334,-0.8333333333333334
1688,1.0,0.8,0.19999999999999996
1689,1.0,0.8571428571428571,0.1428571428571429
1690,1.0,0.8571428571428571,0.1428571428571429
1691,0.6,0.7692307692307693,-0.1692307692307693
1692,0.5,0.9230769230769231,-0.42307692307692313
1693,1.0,0.868421052631579,0.13157894736842102
1694,1.0,0.6666666666666666,0.33333333333333337
1695,1.0,0.8,0.19999999999999996
1696,1.0,0.9090909090909091,0.09090909090909094
1697,0.9444444444444444,0.8571428571428571,0.08730158730158732
1699,1.0,0.875,0.125
1700,1.0,1.0,0.0
1701,1.0,1.0,0.0
1702,1.0,1.0,0.0
1703,1.0,0.75,0.25
1704,1.0,0.8571428571428571,0.1428571428571429
1705,1.0,0.9230769230769231,0.07692307692307687
1706,1.0,0.8888888888888888,0.11111111111111116
1707,0.9166666666666666,0.875,0.04166666666666663
1708,1.0,0.75,0.25
1709,1.0,0.75,0.25
1710,0.9,1.0,-0.09999999999999998
1711,1.0,1.0,0.0
1712,0.75,0.75,0.0
1713,1.0,0.8,0.19999999999999996
1714,0.9090909090909091,0.75,0.15909090909090906
1715,1.0,0.6,0.4
1716,1.0,1.0,0.0
1717,1.0,0.8181818181818182,0.18181818181818177
1718,1.0,0.88,0.12
1719,1.0,0.5,0.5
1720,0.8,0.9,-0.09999999999999998
1721,0.8181818181818182,0.8333333333333334,-0.015151515151515138
1722,0.8,0.5714285714285714,0.22857142857142865
1723,0.9,0.5714285714285714,0.3285714285714286
1724,1.0,0.8181818181818182,0.18181818181818177
1725,0.8,0.8571428571428571,-0.05714285714285705
1726,1.0,0.9310344827586207,0.06896551724137934
1727,1.0,0.8571428571428571,0.1428571428571429
1728,1.0,0.25,0.75
1729,1.0,0.8333333333333334,0.16666666666666663
1730,1.0,0.9285714285714286,0.0714285714285714
1731,1.0,0.8181818181818182,0.18181818181818177
1732,1.0,0.5833333333333334,0.41666666666666663
1733,1.0,1.0,0.0
1734,1.0,0.6,0.4
1735,1.0,1.0,0.0
1736,0.9,0.8,0.09999999999999998
1737,0.5,0.5,0.0
1738,0.8,0.75,0.050000000000000044
1739,0.8,1.0,-0.19999999999999996
1740,1.0,0.6,0.4
1741,1.0,0.8333333333333334,0.16666666666666663
1742,1.0,0.6,0.4
1743,0.3333333333333333,0.5,-0.16666666666666669
1744,0.8,0.8333333333333334,-0.033333333333333326
1745,1.0,1.0,0.0
1746,1.0,1.0,0.0
1747,1.0,1.0,0.0
1748,1.0,0.75,0.25
1749,0.75,0.2,0.55
1750,1.0,1.0,0.0
1751,1.0,1.0,0.0
1752,1.0,0.6666666666666666,0.33333333333333337
1753,0.8666666666666667,0.8571428571428571,0.009523809523809601
1754,0.875,0.8125,0.0625
1755,0.8823529411764706,0.7142857142857143,0.16806722689075626
1756,1.0,0.9090909090909091,0.09090909090909094
1757,1.0,0.4,0.6
1758,1.0,0.8,0.19999999999999996
1759,1.0,0.9166666666666666,0.08333333333333337
1760,1.0,0.8695652173913043,0.13043478260869568
1761,1.0,0.9166666666666666,0.08333333333333337
1762,0.625,0.8571428571428571,-0.2321428571428571
1763,1.0,0.8846153846153846,0.11538461538461542
1764,1.0,0.8095238095238095,0.19047619047619047
1765,0.9,0.9285714285714286,-0.02857142857142858
1766,1.0,0.9565217391304348,0.04347826086956519
1767,1.0,0.8571428571428571,0.1428571428571429
1768,0.8,0.8461538461538461,-0.0461538461538461
1769,1.0,0.9032258064516129,0.09677419354838712
1770,1.0,0.8823529411764706,0.11764705882352944
1771,0.8888888888888888,1.0,-0.11111111111111116
1772,0.8333333333333334,0.5,0.33333333333333337
1775,0.8571428571428571,0.5,0.3571428571428571
1776,1.0,0.8571428571428571,0.1428571428571429
1777,1.0,0.4,0.6
1779,1.0,0.5,0.5
1780,0.8333333333333334,0.8333333333333334,0.0
1781,1.0,0.6,0.4
1782,1.0,1.0,0.0
1783,1.0,0.8181818181818182,0.18181818181818177
1784,1.0,0.9523809523809523,0.04761904761904767
1785,1.0,0.8571428571428571,0.1428571428571429
1786,1.0,0.5714285714285714,0.4285714285714286
1788,0.8,0.7777777777777778,0.022222222222222254
1789,0.4,0.75,-0.35
1791,0.25,1.0,-0.75
1792,0.75,1.0,-0.25
1793,0.8,0.6666666666666666,0.13333333333333341
1795,1.0,1.0,0.0
1796,1.0,0.6666666666666666,0.33333333333333337
1802,1.0,0.8,0.19999999999999996
1803,1.0,0.9047619047619048,0.09523809523809523
1804,1.0,0.8571428571428571,0.1428571428571429
1805,1.0,0.6666666666666666,0.33333333333333337
1806,1.0,0.8571428571428571,0.1428571428571429
1807,0.9,0.875,0.025000000000000022
1808,0.9230769230769231,1.0,-0.07692307692307687
1809,0.9230769230769231,0.7,0.22307692307692317
1810,0.95,0.5,0.44999999999999996
1811,1.0,1.0,0.0
1812,0.85,0.9473684210526315,-0.09736842105263155
1813,1.0,1.0,0.0
1814,1.0,1.0,0.0
1815,0.7,0.875,-0.17500000000000004
1816,0.9,0.8571428571428571,0.04285714285714293
1817,1.0,0.6666666666666666,0.33333333333333337
1818,0.8181818181818182,0.7142857142857143,0.10389610389610393
1819,1.0,0.6666666666666666,0.33333333333333337
1820,1.0,0.5,0.5
1821,1.0,0.8787878787878788,0.12121212121212122
1822,1.0,0.8529411764705882,0.1470588235294118
1823,1.0,0.9393939393939394,0.06060606060606055
1824,1.0,0.6666666666666666,0.33333333333333337
1829,1.0,1.0,0.0
1830,1.0,0.8333333333333334,0.16666666666666663
1831,1.0,0.8205128205128205,0.17948717948717952
1832,1.0,0.8275862068965517,0.1724137931034483
1833,0.9090909090909091,0.9117647058823529,-0.002673796791443861
1834,0.8571428571428571,0.8695652173913043,-0.012422360248447228
1835,1.0,0.8823529411764706,0.11764705882352944
1836,0.8,0.8148148148148148,-0.014814814814814725
1837,1.0,0.8392857142857143,0.1607142857142857
1838,1.0,0.9375,0.0625
1839,1.0,0.8947368421052632,0.10526315789473684
1840,1.0,0.9032258064516129,0.09677419354838712
1841,1.0,1.0,0.0
1842,0.7272727272727273,0.8787878787878788,-0.1515151515151515
1843,1.0,0.8636363636363636,0.13636363636363635
1844,1.0,0.7142857142857143,0.2857142857142857
1845,0.5714285714285714,1.0,-0.4285714285714286
1846,1.0,0.7333333333333333,0.2666666666666667
1847,1.0,0.9259259259259259,0.07407407407407407
1848,1.0,0.75,0.25
1849,1.0,0.8823529411764706,0.11764705882352944
1851,0.75,0.7222222222222222,0.02777777777777779
1852,1.0,0.625,0.375
1854,1.0,0.5,0.5
1855,1.0,0.8125,0.1875
1856,1.0,0.6363636363636364,0.36363636363636365
1857,0.16666666666666666,0.3076923076923077,-0.14102564102564105
1858,0.75,0.3333333333333333,0.4166666666666667
1859,0.7777777777777778,0.5,0.2777777777777778
1860,0.6,0.6153846153846154,-0.015384615384615441
1861,0.6153846153846154,0.3076923076923077,0.3076923076923077
1862,1.0,0.5333333333333333,0.4666666666666667
1863,0.7647058823529411,0.6,0.16470588235294115
1864,0.8,0.8333333333333334,-0.033333333333333326
1865,1.0,0.8461538461538461,0.15384615384615385
1866,1.0,1.0,0.0
1867,0.75,0.9545454545454546,-0.20454545454545459
1868,1.0,0.8636363636363636,0.13636363636363635
1869,1.0,0.7894736842105263,0.21052631578947367
1870,1.0,0.9230769230769231,0.07692307692307687
1871,1.0,0.8148148148148148,0.18518518518518523
1872,1.0,0.8620689655172413,0.13793103448275867
1873,0.4,1.0,-0.6
1874,1.0,0.9545454545454546,0.045454545454545414
1875,1.0,0.9166666666666666,0.08333333333333337
1876,0.9230769230769231,0.9166666666666666,0.0064102564102564985
1877,1.0,0.85,0.15000000000000002
1878,0.7142857142857143,0.8695652173913043,-0.15527950310559002
1879,1.0,0.8,0.19999999999999996
1880,1.0,0.8529411764705882,0.1470588235294118
1881,1.0,0.6153846153846154,0.3846153846153846
1882,1.0,0.9310344827586207,0.06896551724137934
1883,1.0,0.8888888888888888,0.11111111111111116
1884,0.7777777777777778,0.8125,-0.03472222222222221
1885,0.9166666666666666,1.0,-0.08333333333333337
1886,0.8,0.8275862068965517,-0.027586206896551668
1887,1.0,0.9333333333333333,0.06666666666666665
1888,1.0,0.76,0.24
1889,0.6,0.9387755102040817,-0.3387755102040817
1890,1.0,0.8620689655172413,0.13793103448275867
1891,0.875,0.9473684210526315,-0.07236842105263153
1892,1.0,0.75,0.25
1893,0.7,0.8461538461538461,-0.1461538461538462
1894,1.0,0.8888888888888888,0.11111111111111116
1895,1.0,0.7,0.30000000000000004
1896,1.0,1.0,0.0
1897,1.0,0.8,0.19999999999999996
1899,1.0,0.8333333333333334,0.16666666666666663
1900,1.0,1.0,0.0
1901,1.0,0.9411764705882353,0.05882352941176472
1902,1.0,0.75,0.25
1903,0.8,0.6363636363636364,0.1636363636363637
1904,1.0,0.6666666666666666,0.33333333333333337
1905,1.0,0.9,0.09999999999999998
1907,1.0,0.5,0.5
1908,0.875,0.7857142857142857,0.0892857142857143
1909,0.8333333333333334,0.7272727272727273,0.10606060606060608
1910,0.75,0.6470588235294118,0.1029411764705882
1911,0.8571428571428571,0.5625,0.2946428571428571
1912,1.0,0.42857142857142855,0.5714285714285714
1914,1.0,0.7222222222222222,0.2777777777777778
1915,1.0,0.8461538461538461,0.15384615384615385
1916,1.0,0.84,0.16000000000000003
1917,0.9,1.0,-0.09999999999999998
1918,1.0,0.8846153846153846,0.11538461538461542
1919,1.0,0.8214285714285714,0.1785714285714286
1920,1.0,0.7777777777777778,0.2222222222222222
1921,1.0,0.9615384615384616,0.038461538461538436
1922,1.0,0.4,0.6
1923,1.0,1.0,0.0
1924,1.0,0.7391304347826086,0.26086956521739135
1925,0.75,0.8260869565217391,-0.07608695652173914
1926,0.8,0.6,0.20000000000000007
1927,1.0,1.0,0.0
1928,1.0,0.8888888888888888,0.11111111111111116
1929,1.0,0.9166666666666666,0.08333333333333337
1930,1.0,0.6666666666666666,0.33333333333333337
1931,1.0,0.8333333333333334,0.16666666666666663
1932,1.0,0.6470588235294118,0.3529411764705882
1934,1.0,0.96,0.040000000000000036
1935,1.0,0.875,0.125
1936,0.25,1.0,-0.75
1937,1.0,1.0,0.0
1938,1.0,0.8888888888888888,0.11111111111111116
1939,1.0,0.6666666666666666,0.33333333333333337
1940,1.0,0.3333333333333333,0.6666666666666667
1941,1.0,0.8888888888888888,0.11111111111111116
1942,1.0,0.5,0.5
1943,0.8,0.8888888888888888,-0.0888888888888888
1944,1.0,0.7142857142857143,0.2857142857142857
1945,0.6666666666666666,0.7692307692307693,-0.10256410256410264
1946,1.0,0.8666666666666667,0.1333333333333333
1947,0.9230769230769231,0.8571428571428571,0.06593406593406603
1948,1.0,0.5714285714285714,0.4285714285714286
1949,0.9,0.7777777777777778,0.12222222222222223
1950,0.6666666666666666,0.7857142857142857,-0.11904761904761907
1951,1.0,0.8571428571428571,0.1428571428571429
1952,1.0,0.25,0.75
1953,1.0,1.0,0.0
1954,1.0,0.6923076923076923,0.3076923076923077
1955,0.875,0.875,0.0
1956,0.4,0.9565217391304348,-0.5565217391304348
1957,0.8,0.8888888888888888,-0.0888888888888888
1958,0.6,0.9777777777777777,-0.37777777777777777
1959,1.0,0.9354838709677419,0.06451612903225812
1960,1.0,0.8378378378378378,0.16216216216216217
1962,1.0,0.8260869565217391,0.17391304347826086
1963,0.9333333333333333,0.875,0.05833333333333335
1964,0.8,0.3333333333333333,0.46666666666666673
1965,0.9411764705882353,0.7692307692307693,0.171945701357466
1966,1.0,1.0,0.0
1967,1.0,1.0,0.0
1968,1.0,1.0,0.0
1969,1.0,0.6666666666666666,0.33333333333333337
1970,0.0,0.7777777777777778,-0.7777777777777778
1971,0.75,0.8333333333333334,-0.08333333333333337
1972,1.0,0.9230769230769231,0.07692307692307687
1973,1.0,0.8461538461538461,0.15384615384615385
1974,1.0,0.9375,0.0625
1975,1.0,0.8888888888888888,0.11111111111111116
1976,1.0,1.0,0.0
1977,1.0,0.8666666666666667,0.1333333333333333
1978,1.0,1.0,0.0
1979,1.0,1.0,0.0
1980,0.8,1.0,-0.19999999999999996
1981,0.8888888888888888,0.7058823529411765,0.18300653594771232
1982,1.0,0.7777777777777778,0.2222222222222222
1983,1.0,0.9473684210526315,0.052631578947368474
1984,1.0,0.75,0.25
1985,1.0,0.7058823529411765,0.2941176470588235
1986,1.0,0.8,0.19999999999999996
1987,1.0,0.76,0.24
1988,0.2,0.84,-0.6399999999999999
1991,1.0,0.8108108108108109,0.18918918918918914
1992,0.9,0.96,-0.05999999999999994
1993,0.8,0.9655172413793104,-0.16551724137931034
1994,1.0,0.8529411764705882,0.1470588235294118
1995,1.0,0.9615384615384616,0.038461538461538436
1996,1.0,0.8095238095238095,0.19047619047619047
1997,1.0,0.8636363636363636,0.13636363636363635
1998,0.875,0.8823529411764706,-0.007352941176470562
2001,1.0,0.7307692307692307,0.2692307692307693
2002,0.875,0.8928571428571429,-0.017857142857142905
2004,1.0,0.896551724137931,0.10344827586206895
2005,1.0,0.967741935483871,0.032258064516129004
2006,0.75,0.85,-0.09999999999999998
2007,0.7142857142857143,0.8857142857142857,-0.17142857142857137
2009,1.0,0.5454545454545454,0.4545454545454546
2010,1.0,0.9047619047619048,0.09523809523809523
2011,1.0,0.8333333333333334,0.16666666666666663
2012,1.0,1.0,0.0
2013,1.0,0.8571428571428571,0.1428571428571429
2014,1.0,0.8888888888888888,0.11111111111111116
2015,0.8125,0.8148148148148148,-0.0023148148148147696
2016,0.8666666666666667,0.8888888888888888,-0.022222222222222143
2017,1.0,0.75,0.25
2018,1.0,0.7692307692307693,0.23076923076923073
2019,1.0,0.8947368421052632,0.10526315789473684
2020,1.0,0.9259259259259259,0.07407407407407407
2021,1.0,0.6923076923076923,0.3076923076923077
2024,1.0,1.0,0.0
2025,1.0,0.7142857142857143,0.2857142857142857
2026,1.0,0.9375,0.0625
2028,1.0,0.8666666666666667,0.1333333333333333
2029,1.0,1.0,0.0
2030,1.0,0.8571428571428571,0.1428571428571429
2031,1.0,0.8,0.19999999999999996
2032,1.0,0.8,0.19999999999999996
2033,1.0,0.5384615384615384,0.46153846153846156
2034,0.75,0.3333333333333333,0.4166666666666667
2036,0.9166666666666666,0.6666666666666666,0.25
2037,0.9285714285714286,0.7777777777777778,0.1507936507936508
2038,1.0,0.6,0.4
2039,1.0,0.4,0.6
2040,1.0,0.4666666666666667,0.5333333333333333
2041,1.0,0.5,0.5
2042,1.0,1.0,0.0
2044,0.9,1.0,-0.09999999999999998
2045,1.0,0.0,1.0
2046,1.0,0.5,0.5
2047,0.7142857142857143,0.75,-0.0357142857142857
2048,1.0,0.9047619047619048,0.09523809523809523
2049,1.0,0.875,0.125
2050,1.0,0.9148936170212766,0.08510638297872342
2051,1.0,0.5,0.5
2052,1.0,0.7,0.30000000000000004
2053,1.0,1.0,0.0
2055,0.9,0.9090909090909091,-0.009090909090909038
2056,1.0,0.9411764705882353,0.05882352941176472
2057,1.0,0.6875,0.3125
2058,1.0,0.9166666666666666,0.08333333333333337
2059,1.0,0.896551724137931,0.10344827586206895
2060,0.8,1.0,-0.19999999999999996
2061,0.8,0.875,-0.07499999999999996
2062,0.8888888888888888,0.6666666666666666,0.2222222222222222
2063,1.0,0.7894736842105263,0.21052631578947367
2064,0.9473684210526315,0.9285714285714286,0.018796992481202923
2065,0.6,0.6666666666666666,-0.06666666666666665
2066,0.6,0.9333333333333333,-0.33333333333333337
2067,1.0,0.625,0.375
2068,1.0,0.8666666666666667,0.1333333333333333
2069,1.0,1.0,0.0
2072,1.0,0.6521739130434783,0.34782608695652173
2073,1.0,1.0,0.0
2074,1.0,1.0,0.0
2075,1.0,1.0,0.0
2076,1.0,0.8484848484848485,0.1515151515151515
2078,1.0,0.8,0.19999999999999996
2079,1.0,0.6666666666666666,0.33333333333333337
2080,1.0,0.8571428571428571,0.1428571428571429
2081,1.0,0.9285714285714286,0.0714285714285714
2082,1.0,1.0,0.0
2083,1.0,1.0,0.0
2084,1.0,0.625,0.375
2085,1.0,0.8333333333333334,0.16666666666666663
2086,1.0,1.0,0.0
2087,1.0,0.4,0.6
2088,1.0,0.7619047619047619,0.23809523809523814
2089,1.0,0.8571428571428571,0.1428571428571429
2090,0.8,0.8888888888888888,-0.0888888888888888
2092,1.0,0.6666666666666666,0.33333333333333337
2093,1.0,0.5714285714285714,0.4285714285714286
2094,1.0,0.4444444444444444,0.5555555555555556
2095,1.0,1.0,0.0
2096,0.3333333333333333,0.875,-0.5416666666666667
2097,1.0,0.5,0.5
2098,1.0,0.6666666666666666,0.33333333333333337
2099,1.0,0.8461538461538461,0.15384615384615385
2100,0.8,0.75,0.050000000000000044
2101,1.0,0.9333333333333333,0.06666666666666665
2102,1.0,0.918918918918919,0.08108108108108103
2103,1.0,1.0,0.0
2105,1.0,0.3333333333333333,0.6666666666666667
2106,0.9,1.0,-0.09999999999999998
2107,1.0,1.0,0.0
2109,1.0,0.875,0.125
2110,0.9,0.8333333333333334,0.06666666666666665
2111,1.0,0.8,0.19999999999999996
2112,0.8,0.46153846153846156,0.3384615384615385
2113,0.3333333333333333,0.4,-0.06666666666666671
2114,1.0,0.7692307692307693,0.23076923076923073
2115,1.0,0.75,0.25
2116,1.0,0.5454545454545454,0.4545454545454546
2117,1.0,0.7142857142857143,0.2857142857142857
2118,1.0,0.3333333333333333,0.6666666666666667
2119,0.6,1.0,-0.4
2120,1.0,0.7272727272727273,0.2727272727272727
2121,1.0,0.9375,0.0625
2123,0.4,0.8571428571428571,-0.4571428571428571
2124,0.2,0.4444444444444444,-0.2444444444444444
2126,1.0,0.6428571428571429,0.3571428571428571
2128,1.0,0.8888888888888888,0.11111111111111116
2129,1.0,0.9375,0.0625
2130,1.0,0.9615384615384616,0.038461538461538436
2131,0.875,0.9375,-0.0625
2132,1.0,0.7333333333333333,0.2666666666666667
2133,1.0,1.0,0.0
2134,0.7142857142857143,0.7272727272727273,-0.012987012987012991
2135,0.8333333333333334,0.75,0.08333333333333337
2136,1.0,1.0,0.0
2137,1.0,0.9803921568627451,0.019607843137254943
2138,1.0,0.8695652173913043,0.13043478260869568
2139,0.8,1.0,-0.19999999999999996
2140,0.4,1.0,-0.6
2141,1.0,0.95,0.050000000000000044
2142,1.0,0.9333333333333333,0.06666666666666665
2143,1.0,0.8,0.19999999999999996
2144,1.0,0.7692307692307693,0.23076923076923073
2145,1.0,0.9166666666666666,0.08333333333333337
2146,0.7894736842105263,0.8918918918918919,-0.10241820768136556
2147,1.0,0.8571428571428571,0.1428571428571429
2148,1.0,0.8823529411764706,0.11764705882352944
2149,1.0,0.5,0.5
2150,0.6666666666666666,0.7777777777777778,-0.11111111111111116
2151,1.0,0.5,0.5
2152,0.9333333333333333,0.8125,0.12083333333333335
2153,0.95,0.6428571428571429,0.30714285714285705
2154,0.5,0.8125,-0.3125
2155,0.9090909090909091,1.0,-0.09090909090909094
2156,1.0,0.5833333333333334,0.41666666666666663
2157,0.9,0.7857142857142857,0.11428571428571432
2158,1.0,1.0,0.0
2159,1.0,0.7647058823529411,0.23529411764705888
2160,0.8,0.75,0.050000000000000044
2161,1.0,0.5,0.5
2162,0.8,0.7,0.10000000000000009
2163,1.0,0.5555555555555556,0.4444444444444444
2164,1.0,0.5,0.5
2165,0.9444444444444444,0.75,0.19444444444444442
2166,0.8333333333333334,0.2,0.6333333333333333
2167,1.0,1.0,0.0
2168,1.0,0.7142857142857143,0.2857142857142857
2169,0.8,0.8181818181818182,-0.018181818181818188
2170,1.0,1.0,0.0
2171,0.8,0.7692307692307693,0.03076923076923077
2172,1.0,1.0,0.0
2174,1.0,0.7692307692307693,0.23076923076923073
2175,1.0,0.75,0.25
2176,1.0,0.6666666666666666,0.33333333333333337
2177,1.0,1.0,0.0
2178,1.0,0.5714285714285714,0.4285714285714286
2179,1.0,0.7272727272727273,0.2727272727272727
2180,1.0,0.8,0.19999999999999996
2181,0.9,0.8695652173913043,0.0304347826086957
2182,0.8,0.8888888888888888,-0.0888888888888888
2183,1.0,0.6666666666666666,0.33333333333333337
2184,1.0,0.6923076923076923,0.3076923076923077
2185,1.0,0.8,0.19999999999999996
2186,0.9,0.9090909090909091,-0.009090909090909038
2187,0.8571428571428571,0.875,-0.017857142857142905
2188,1.0,0.8333333333333334,0.16666666666666663
2189,0.9444444444444444,0.9047619047619048,0.03968253968253965
2190,1.0,1.0,0.0
2191,1.0,1.0,0.0
2192,1.0,0.9,0.09999999999999998
2193,0.8666666666666667,0.75,0.1166666666666667
2194,1.0,1.0,0.0
2195,1.0,0.7692307692307693,0.23076923076923073
2196,0.9,0.0,0.9
2198,1.0,0.7857142857142857,0.2142857142857143
2199,1.0,0.782608695652174,0.21739130434782605
2200,0.9166666666666666,0.6,0.31666666666666665
2201,1.0,0.6666666666666666,0.33333333333333337
2202,0.0,0.8181818181818182,-0.8181818181818182
2203,1.0,0.5,0.5
2204,0.75,0.7777777777777778,-0.02777777777777779
2206,0.75,0.25,0.5
2207,1.0,1.0,0.0
2208,1.0,0.9166666666666666,0.08333333333333337
2209,1.0,0.8571428571428571,0.1428571428571429
2210,1.0,0.7142857142857143,0.2857142857142857
2211,1.0,1.0,0.0
2212,1.0,0.4,0.6
2213,1.0,1.0,0.0
2214,1.0,0.6818181818181818,0.31818181818181823
2215,1.0,1.0,0.0
2216,0.8,0.9333333333333333,-0.1333333333333333
2217,0.9,0.8571428571428571,0.04285714285714293
2218,1.0,0.9230769230769231,0.07692307692307687
2219,0.9,0.8,0.09999999999999998
2220,1.0,0.5555555555555556,0.4444444444444444
2221,1.0,1.0,0.0
2222,1.0,1.0,0.0
2223,1.0,0.9302325581395349,0.06976744186046513
2224,1.0,0.7647058823529411,0.23529411764705888
2225,1.0,1.0,0.0
2226,0.9166666666666666,0.8048780487804879,0.11178861788617878
2227,1.0,0.8269230769230769,0.17307692307692313
2228,1.0,0.9298245614035088,0.07017543859649122
2229,1.0,0.8461538461538461,0.15384615384615385
2230,1.0,0.9375,0.0625
2232,1.0,0.9454545454545454,0.054545454545454564
2233,0.9375,0.8333333333333334,0.10416666666666663
2234,1.0,1.0,0.0
2235,1.0,0.9545454545454546,0.045454545454545414
2236,1.0,0.4,0.6
2237,1.0,0.75,0.25
2238,0.75,0.7142857142857143,0.0357142857142857
2239,1.0,0.8571428571428571,0.1428571428571429
2240,1.0,0.9,0.09999999999999998
2241,1.0,0.5,0.5
2242,1.0,1.0,0.0
2243,1.0,0.6363636363636364,0.36363636363636365
2244,1.0,0.8125,0.1875
2246,1.0,1.0,0.0
2247,1.0,0.75,0.25
2248,1.0,1.0,0.0
2249,1.0,0.5,0.5
2250,1.0,0.6666666666666666,0.33333333333333337
2251,1.0,0.7777777777777778,0.2222222222222222
2252,1.0,0.7142857142857143,0.2857142857142857
2253,0.8571428571428571,0.5,0.3571428571428571
2254,1.0,0.8,0.19999999999999996
2255,0.6666666666666666,0.6666666666666666,0.0
2257,1.0,0.8,0.19999999999999996
2258,1.0,0.3333333333333333,0.6666666666666667
2259,0.4,0.8421052631578947,-0.44210526315789467
2260,1.0,1.0,0.0
2261,1.0,0.9444444444444444,0.05555555555555558
2262,1.0,0.625,0.375
2263,1.0,0.8,0.19999999999999996
2264,1.0,1.0,0.0
2265,1.0,0.5,0.5
2266,1.0,0.8571428571428571,0.1428571428571429
2268,1.0,0.9166666666666666,0.08333333333333337
2269,1.0,1.0,0.0
2270,1.0,1.0,0.0
2271,1.0,0.8888888888888888,0.11111111111111116
2272,1.0,1.0,0.0
2274,1.0,1.0,0.0
2275,0.8,0.8888888888888888,-0.0888888888888888
2277,1.0,0.3333333333333333,0.6666666666666667
2278,1.0,0.9,0.09999999999999998
2279,0.75,0.8636363636363636,-0.11363636363636365
2280,0.2,0.7647058823529411,-0.5647058823529412
2281,1.0,0.7333333333333333,0.2666666666666667
2282,1.0,0.7142857142857143,0.2857142857142857
2284,1.0,0.8275862068965517,0.1724137931034483
2285,1.0,0.782608695652174,0.21739130434782605
2286,1.0,0.8,0.19999999999999996
2288,1.0,0.8571428571428571,0.1428571428571429
2289,0.9333333333333333,0.8,0.1333333333333333
2290,1.0,0.5625,0.4375
2291,1.0,0.9642857142857143,0.0357142857142857
2292,1.0,0.9,0.09999999999999998
2293,1.0,0.6,0.4
2294,1.0,0.7777777777777778,0.2222222222222222
2295,1.0,0.75,0.25
2296,0.96,0.8823529411764706,0.0776470588235294
2297,1.0,1.0,0.0
2298,0.95,0.9583333333333334,-0.008333333333333415
2299,0.75,0.9090909090909091,-0.15909090909090906
2300,1.0,0.9333333333333333,0.06666666666666665
2301,1.0,0.8571428571428571,0.1428571428571429
2302,1.0,0.8823529411764706,0.11764705882352944
2303,0.7777777777777778,0.9230769230769231,-0.14529914529914534
2304,1.0,0.7142857142857143,0.2857142857142857
2305,0.8,0.0,0.8
2306,0.8571428571428571,1.0,-0.1428571428571429
2307,0.9285714285714286,0.9090909090909091,0.019480519480519543
2308,1.0,0.5,0.5
2309,1.0,0.6666666666666666,0.33333333333333337
2311,1.0,0.6923076923076923,0.3076923076923077
2312,1.0,0.8125,0.1875
2313,0.9375,0.9615384615384616,-0.024038461538461564
2314,1.0,0.8333333333333334,0.16666666666666663
2315,1.0,0.7142857142857143,0.2857142857142857
2316,1.0,0.3333333333333333,0.6666666666666667
2317,1.0,0.6666666666666666,0.33333333333333337
2318,1.0,0.8260869565217391,0.17391304347826086
2319,1.0,0.8947368421052632,0.10526315789473684
2320,0.95,0.6363636363636364,0.3136363636363636
2321,1.0,0.5714285714285714,0.4285714285714286
2322,1.0,0.8181818181818182,0.18181818181818177
2323,1.0,0.8214285714285714,0.1785714285714286
2324,0.8333333333333334,0.782608695652174,0.050724637681159424
2325,1.0,0.8,0.19999999999999996
2326,1.0,0.8636363636363636,0.13636363636363635
2327,1.0,1.0,0.0
2328,1.0,0.92,0.07999999999999996
2329,1.0,0.8333333333333334,0.16666666666666663
2330,1.0,0.9411764705882353,0.05882352941176472
2331,1.0,0.875,0.125
2332,0.9047619047619048,0.3333333333333333,0.5714285714285714
2333,0.6,0.8333333333333334,-0.2333333333333334
2334,1.0,0.9523809523809523,0.04761904761904767
2335,1.0,0.7272727272727273,0.2727272727272727
2336,1.0,0.8181818181818182,0.18181818181818177
2337,1.0,0.7857142857142857,0.2142857142857143
2338,0.9090909090909091,0.45454545454545453,0.45454545454545453
2339,1.0,0.7647058823529411,0.23529411764705888
2340,0.9,0.9090909090909091,-0.009090909090909038
2341,1.0,0.6666666666666666,0.33333333333333337
2343,0.875,0.8571428571428571,0.017857142857142905
2344,1.0,0.88,0.12
2345,1.0,1.0,0.0
2346,1.0,0.8333333333333334,0.16666666666666663
2347,1.0,0.75,0.25
2348,1.0,0.6,0.4
2349,0.6,0.75,-0.15000000000000002
2350,0.8,0.9393939393939394,-0.1393939393939394
2351,0.9,0.8222222222222222,0.07777777777777783
2352,1.0,0.9534883720930233,0.046511627906976716
2353,1.0,0.9166666666666666,0.08333333333333337
2354,0.9,0.7692307692307693,0.13076923076923075
2355,1.0,0.9354838709677419,0.06451612903225812
2356,0.6,0.625,-0.025000000000000022
2357,1.0,0.7692307692307693,0.23076923076923073
2358,0.5,0.6,-0.09999999999999998
2359,0.6666666666666666,0.75,-0.08333333333333337
2360,1.0,1.0,0.0
2361,0.6666666666666666,0.6666666666666666,0.0
2362,1.0,1.0,0.0
2363,1.0,0.7142857142857143,0.2857142857142857
2364,1.0,0.5,0.5
2365,0.5,0.2,0.3
2366,1.0,0.6666666666666666,0.33333333333333337
2367,0.875,0.5,0.375
2368,1.0,1.0,0.0
2369,1.0,0.9166666666666666,0.08333333333333337
2370,0.3333333333333333,0.5,-0.16666666666666669
2371,0.8333333333333334,1.0,-0.16666666666666663
2372,0.8333333333333334,0.6666666666666666,0.16666666666666674
2373,0.8333333333333334,1.0,-0.16666666666666663
2374,1.0,0.8333333333333334,0.16666666666666663
2375,1.0,0.8333333333333334,0.16666666666666663
2376,1.0,0.8333333333333334,0.16666666666666663
2377,0.8333333333333334,0.3333333333333333,0.5
2378,1.0,1.0,0.0
2379,1.0,0.0,1.0
2380,1.0,1.0,0.0
2381,1.0,0.6,0.4
2382,1.0,1.0,0.0
2383,1.0,0.6666666666666666,0.33333333333333337
2384,1.0,1.0,0.0
2385,0.6666666666666666,0.7142857142857143,-0.04761904761904767
2386,1.0,0.7058823529411765,0.2941176470588235
2387,1.0,0.9,0.09999999999999998
2388,1.0,1.0,0.0
2389,1.0,1.0,0.0
2390,1.0,0.0,1.0
2391,1.0,0.75,0.25
2392,1.0,1.0,0.0
2393,0.8333333333333334,1.0,-0.16666666666666663
2394,1.0,0.5,0.5
2395,1.0,0.7777777777777778,0.2222222222222222
2396,1.0,1.0,0.0
2397,1.0,0.8333333333333334,0.16666666666666663
2398,1.0,1.0,0.0
2399,1.0,1.0,0.0
2400,1.0,0.75,0.25
2401,1.0,0.7142857142857143,0.2857142857142857
2402,1.0,0.75,0.25
2404,0.5,0.3333333333333333,0.16666666666666669
2405,1.0,0.6,0.4
2406,1.0,0.8333333333333334,0.16666666666666663
2407,0.0,1.0,-1.0
2408,0.8333333333333334,0.8333333333333334,0.0
2409,1.0,1.0,0.0
2410,1.0,0.0,1.0
2411,1.0,0.8333333333333334,0.16666666666666663
2412,1.0,0.5,0.5
2413,1.0,1.0,0.0
2414,1.0,0.3333333333333333,0.6666666666666667
2415,1.0,1.0,0.0
2416,1.0,0.8333333333333334,0.16666666666666663
2417,1.0,0.875,0.125
2418,0.875,0.42857142857142855,0.44642857142857145
2419,1.0,0.42857142857142855,0.5714285714285714
2420,1.0,0.8,0.19999999999999996
2421,1.0,0.8,0.19999999999999996
2422,1.0,1.0,0.0
2423,1.0,0.42857142857142855,0.5714285714285714
2424,1.0,0.7,0.30000000000000004
2425,0.3333333333333333,0.8333333333333334,-0.5
2427,1.0,1.0,0.0
2428,1.0,0.75,0.25
2429,0.8571428571428571,0.5,0.3571428571428571
2430,1.0,1.0,0.0
2431,1.0,0.6666666666666666,0.33333333333333337
2432,0.6666666666666666,0.8,-0.13333333333333341
2433,1.0,0.6666666666666666,0.33333333333333337
2434,0.5,0.75,-0.25
2435,0.6666666666666666,1.0,-0.33333333333333337
2436,1.0,1.0,0.0
2437,1.0,0.5,0.5
2438,0.8888888888888888,0.3333333333333333,0.5555555555555556
2439,1.0,0.6666666666666666,0.33333333333333337
2440,1.0,0.8333333333333334,0.16666666666666663
2441,0.75,0.9375,-0.1875
2442,1.0,0.8,0.19999999999999996
2443,1.0,1.0,0.0
2445,0.8,1.0,-0.19999999999999996
2446,1.0,0.6666666666666666,0.33333333333333337
2447,1.0,1.0,0.0
2448,0.8333333333333334,0.8888888888888888,-0.05555555555555547
2449,1.0,1.0,0.0
2450,1.0,1.0,0.0
2452,1.0,0.75,0.25
2453,1.0,0.6666666666666666,0.33333333333333337
2454,1.0,0.8333333333333334,0.16666666666666663
2455,0.8333333333333334,1.0,-0.16666666666666663
2456,1.0,0.5,0.5
2457,1.0,0.6666666666666666,0.33333333333333337
2458,1.0,1.0,0.0
2459,1.0,0.6666666666666666,0.33333333333333337
2460,1.0,0.6666666666666666,0.33333333333333337
2461,1.0,0.8333333333333334,0.16666666666666663
2462,1.0,0.7,0.30000000000000004
2463,1.0,1.0,0.0
2465,1.0,0.5,0.5
2467,0.6666666666666666,1.0,-0.33333333333333337
2468,1.0,0.5,0.5
2469,1.0,0.9047619047619048,0.09523809523809523
2470,0.8571428571428571,0.0,0.8571428571428571
2471,1.0,1.0,0.0
2472,1.0,0.3333333333333333,0.6666666666666667
2473,1.0,1.0,0.0
2474,0.75,0.42857142857142855,0.32142857142857145
2475,0.9166666666666666,1.0,-0.08333333333333337
2476,1.0,0.8888888888888888,0.11111111111111116
2477,1.0,1.0,0.0
2478,1.0,1.0,0.0
2479,0.6666666666666666,1.0,-0.33333333333333337
2480,1.0,1.0,0.0
2481,1.0,1.0,0.0
2482,1.0,1.0,0.0
2483,1.0,0.3333333333333333,0.6666666666666667
2484,1.0,1.0,0.0
2485,0.8,1.0,-0.19999999999999996
2486,1.0,1.0,0.0
2487,1.0,1.0,0.0
2488,0.8333333333333334,0.625,0.20833333333333337
2489,1.0,0.0,1.0
2490,1.0,1.0,0.0
2491,1.0,1.0,0.0
2492,1.0,1.0,0.0
2493,1.0,0.6,0.4
2494,1.0,0.8181818181818182,0.18181818181818177
2495,1.0,1.0,0.0
2496,1.0,1.0,0.0
2497,1.0,1.0,0.0
2498,1.0,1.0,0.0
2499,1.0,0.6,0.4
2500,1.0,0.875,0.125
2501,1.0,0.6666666666666666,0.33333333333333337
2502,1.0,1.0,0.0
2503,1.0,1.0,0.0
2504,1.0,1.0,0.0
2505,1.0,1.0,0.0
2506,1.0,1.0,0.0
2507,1.0,0.5714285714285714,0.4285714285714286
2508,1.0,1.0,0.0
2509,0.8,1.0,-0.19999999999999996
2510,1.0,1.0,0.0
2511,0.8333333333333334,0.6666666666666666,0.16666666666666674
2512,0.3333333333333333,1.0,-0.6666666666666667
2513,1.0,1.0,0.0
2514,1.0,1.0,0.0
2515,1.0,1.0,0.0
2516,0.8888888888888888,0.75,0.13888888888888884
2517,1.0,1.0,0.0
2518,0.6666666666666666,0.6,0.06666666666666665
2519,1.0,0.6,0.4
2520,1.0,0.75,0.25
2521,1.0,1.0,0.0
2522,1.0,0.6666666666666666,0.33333333333333337
2523,0.8333333333333334,0.8461538461538461,-0.012820512820512775
2524,1.0,0.7142857142857143,0.2857142857142857
2525,0.6666666666666666,0.0,0.6666666666666666
2526,0.8333333333333334,0.6,0.2333333333333334
2527,1.0,1.0,0.0
2528,1.0,0.5454545454545454,0.4545454545454546
2529,1.0,0.5,0.5
2530,1.0,1.0,0.0
2531,1.0,0.625,0.375
2532,0.8333333333333334,1.0,-0.16666666666666663
2533,1.0,0.75,0.25
2534,1.0,0.3333333333333333,0.6666666666666667
2535,1.0,1.0,0.0
2536,0.6666666666666666,0.3333333333333333,0.3333333333333333
2537,1.0,1.0,0.0
2538,1.0,1.0,0.0
2539,1.0,0.8125,0.1875
2540,1.0,0.0,1.0
2541,1.0,0.8,0.19999999999999996
2543,1.0,0.6666666666666666,0.33333333333333337
2544,1.0,1.0,0.0
2545,1.0,0.6,0.4
2546,1.0,0.5,0.5
2547,1.0,0.6666666666666666,0.33333333333333337
2548,1.0,1.0,0.0
2549,1.0,0.4,0.6
2552,1.0,0.85,0.15000000000000002
2553,1.0,0.9,0.09999999999999998
2554,1.0,0.5,0.5
2555,1.0,1.0,0.0
2556,1.0,1.0,0.0
2557,0.8181818181818182,0.75,0.06818181818181823
2559,1.0,1.0,0.0
2560,0.6666666666666666,0.6666666666666666,0.0
2561,1.0,1.0,0.0
2562,1.0,0.8,0.19999999999999996
2563,1.0,0.6666666666666666,0.33333333333333337
2564,1.0,0.9166666666666666,0.08333333333333337
2565,1.0,0.75,0.25
2566,1.0,1.0,0.0
2567,0.8333333333333334,1.0,-0.16666666666666663
2568,0.9090909090909091,0.6666666666666666,0.24242424242424243
2569,1.0,0.8333333333333334,0.16666666666666663
2570,1.0,0.4444444444444444,0.5555555555555556
2571,1.0,0.8333333333333334,0.16666666666666663
2572,1.0,0.75,0.25
2573,1.0,1.0,0.0
2574,1.0,0.3333333333333333,0.6666666666666667
2575,0.6666666666666666,1.0,-0.33333333333333337
2576,1.0,0.5,0.5
2577,0.5,0.7777777777777778,-0.2777777777777778
2578,0.5,1.0,-0.5
2580,1.0,0.9,0.09999999999999998
2581,1.0,1.0,0.0
2582,1.0,0.6666666666666666,0.33333333333333337
2583,1.0,0.0,1.0
2584,1.0,1.0,0.0
2585,1.0,1.0,0.0
2586,1.0,1.0,0.0
2588,1.0,0.75,0.25
2589,0.6666666666666666,0.7142857142857143,-0.04761904761904767
2590,1.0,1.0,0.0
2591,1.0,0.8571428571428571,0.1428571428571429
2592,1.0,0.8571428571428571,0.1428571428571429
2593,1.0,1.0,0.0
2594,0.75,1.0,-0.25
2595,1.0,1.0,0.0
2596,1.0,1.0,0.0
2597,1.0,1.0,0.0
2598,1.0,0.7142857142857143,0.2857142857142857
2599,1.0,1.0,0.0
2600,1.0,0.75,0.25
2601,1.0,0.7777777777777778,0.2222222222222222
2602,0.9166666666666666,1.0,-0.08333333333333337
2603,1.0,0.0,1.0
2604,1.0,1.0,0.0
2605,1.0,0.5,0.5
2606,1.0,1.0,0.0
2607,1.0,1.0,0.0
2608,0.75,0.6666666666666666,0.08333333333333337
2609,1.0,1.0,0.0
2610,1.0,0.25,0.75
2611,1.0,0.6666666666666666,0.33333333333333337
2612,1.0,0.75,0.25
2613,1.0,0.8,0.19999999999999996
2614,1.0,0.8,0.19999999999999996
2615,1.0,0.3333333333333333,0.6666666666666667
2616,1.0,1.0,0.0
2618,1.0,1.0,0.0
2619,1.0,1.0,0.0
2620,1.0,0.5,0.5
2621,0.6666666666666666,0.6666666666666666,0.0
2623,1.0,1.0,0.0
2624,1.0,1.0,0.0
2625,1.0,0.3333333333333333,0.6666666666666667
2626,0.3333333333333333,0.6666666666666666,-0.3333333333333333
2627,1.0,0.75,0.25
2628,1.0,1.0,0.0
2629,1.0,1.0,0.0
2630,1.0,0.6666666666666666,0.33333333333333337
2631,0.8333333333333334,0.75,0.08333333333333337
2632,0.6666666666666666,0.3333333333333333,0.3333333333333333
2633,1.0,0.8333333333333334,0.16666666666666663
2634,1.0,1.0,0.0
2635,1.0,0.0,1.0
2636,1.0,1.0,0.0
2637,1.0,1.0,0.0
2638,1.0,0.5,0.5
2639,0.8,1.0,-0.19999999999999996
2640,0.6666666666666666,1.0,-0.33333333333333337
2641,0.6666666666666666,1.0,-0.33333333333333337
2642,1.0,0.5,0.5
2643,1.0,1.0,0.0
2644,1.0,0.6666666666666666,0.33333333333333337
2645,1.0,1.0,0.0
2646,1.0,1.0,0.0
2647,1.0,1.0,0.0
2648,1.0,1.0,0.0
2649,0.9166666666666666,1.0,-0.08333333333333337
2650,1.0,0.6666666666666666,0.33333333333333337
2651,1.0,1.0,0.0
2652,1.0,0.5,0.5
2653,1.0,0.75,0.25
2654,1.0,0.5,0.5
2655,1.0,1.0,0.0
2656,1.0,0.8571428571428571,0.1428571428571429
2657,1.0,1.0,0.0
2658,1.0,0.8333333333333334,0.16666666666666663
2659,1.0,1.0,0.0
2660,1.0,0.8333333333333334,0.16666666666666663
2661,1.0,0.8,0.19999999999999996
2662,1.0,1.0,0.0
2663,1.0,0.4,0.6
2664,1.0,0.7272727272727273,0.2727272727272727
2665,1.0,1.0,0.0
2666,1.0,1.0,0.0
2667,1.0,0.5,0.5
2668,1.0,0.5714285714285714,0.4285714285714286
2669,1.0,1.0,0.0
2670,1.0,0.6666666666666666,0.33333333333333337
2671,1.0,0.6666666666666666,0.33333333333333337
2673,1.0,0.8571428571428571,0.1428571428571429
2674,1.0,1.0,0.0
2675,1.0,1.0,0.0
2676,1.0,0.8571428571428571,0.1428571428571429
2677,1.0,1.0,0.0
2678,1.0,1.0,0.0
2679,1.0,0.6666666666666666,0.33333333333333337
2680,1.0,1.0,0.0
2681,0.5,0.75,-0.25
2683,1.0,0.6666666666666666,0.33333333333333337
2684,0.5,1.0,-0.5
2685,1.0,1.0,0.0
2686,1.0,0.6666666666666666,0.33333333333333337
2687,0.625,0.5,0.125
2688,0.8333333333333334,0.6666666666666666,0.16666666666666674
2689,1.0,0.6923076923076923,0.3076923076923077
2690,0.8333333333333334,1.0,-0.16666666666666663
2691,0.75,1.0,-0.25
2692,1.0,1.0,0.0
2693,0.8888888888888888,0.6,0.28888888888888886
2694,1.0,1.0,0.0
2695,0.8888888888888888,0.6,0.28888888888888886
2696,1.0,0.8,0.19999999999999996
2697,1.0,1.0,0.0
2698,0.6666666666666666,0.8571428571428571,-0.19047619047619047
2699,0.8333333333333334,1.0,-0.16666666666666663
2700,0.8333333333333334,0.8333333333333334,0.0
2701,1.0,0.8,0.19999999999999996
2702,1.0,0.8888888888888888,0.11111111111111116
2703,1.0,0.6666666666666666,0.33333333333333337
2704,0.7777777777777778,0.8333333333333334,-0.05555555555555558
2705,1.0,0.75,0.25
2706,1.0,1.0,0.0
2707,1.0,0.75,0.25
2708,1.0,0.6666666666666666,0.33333333333333337
2709,1.0,1.0,0.0
2710,1.0,0.6666666666666666,0.33333333333333337
2711,1.0,1.0,0.0
2712,1.0,0.6666666666666666,0.33333333333333337
2713,1.0,0.5,0.5
2714,1.0,0.3333333333333333,0.6666666666666667
2715,0.8333333333333334,1.0,-0.16666666666666663
2716,1.0,0.6,0.4
2717,1.0,0.75,0.25
2718,1.0,0.75,0.25
2719,1.0,0.8571428571428571,0.1428571428571429
2720,1.0,0.5,0.5
2721,1.0,0.8,0.19999999999999996
2722,1.0,1.0,0.0
2723,1.0,1.0,0.0
2724,1.0,1.0,0.0
2725,1.0,1.0,0.0
2726,1.0,0.6666666666666666,0.33333333333333337
2727,1.0,0.8333333333333334,0.16666666666666663
2728,1.0,1.0,0.0
2729,1.0,1.0,0.0
2730,1.0,1.0,0.0
2731,1.0,1.0,0.0
2732,1.0,0.7142857142857143,0.2857142857142857
2733,1.0,0.6,0.4
2734,0.6666666666666666,1.0,-0.33333333333333337
2735,1.0,1.0,0.0
2736,0.6666666666666666,0.8571428571428571,-0.19047619047619047
2737,1.0,0.8461538461538461,0.15384615384615385
2738,1.0,0.6666666666666666,0.33333333333333337
2739,1.0,0.0,1.0
2740,1.0,0.8571428571428571,0.1428571428571429
2741,1.0,0.8571428571428571,0.1428571428571429
2742,0.875,1.0,-0.125
2743,1.0,1.0,0.0
2744,1.0,0.8888888888888888,0.11111111111111116
2745,1.0,0.75,0.25
2746,1.0,1.0,0.0
2747,1.0,1.0,0.0
2748,1.0,0.6666666666666666,0.33333333333333337
2749,1.0,1.0,0.0
2750,0.6666666666666666,0.8333333333333334,-0.16666666666666674
2751,0.7142857142857143,1.0,-0.2857142857142857
2752,1.0,1.0,0.0
2753,1.0,0.7777777777777778,0.2222222222222222
2754,1.0,0.8888888888888888,0.11111111111111116
2756,0.8,1.0,-0.19999999999999996
2757,1.0,0.7142857142857143,0.2857142857142857
2759,1.0,1.0,0.0
2760,1.0,0.3333333333333333,0.6666666666666667
2761,1.0,0.75,0.25
2762,1.0,0.7142857142857143,0.2857142857142857
2763,1.0,1.0,0.0
2764,1.0,0.8333333333333334,0.16666666666666663
2765,1.0,0.8333333333333334,0.16666666666666663
2766,1.0,0.8333333333333334,0.16666666666666663
2767,1.0,0.8333333333333334,0.16666666666666663
2768,1.0,1.0,0.0
2769,1.0,1.0,0.0
2770,1.0,0.875,0.125
2771,1.0,0.7142857142857143,0.2857142857142857
2772,1.0,0.7142857142857143,0.2857142857142857
2773,1.0,0.75,0.25
2774,1.0,0.8888888888888888,0.11111111111111116
2775,1.0,1.0,0.0
2776,1.0,0.8,0.19999999999999996
2777,1.0,1.0,0.0
2778,1.0,0.25,0.75
2779,1.0,1.0,0.0
2780,1.0,0.8571428571428571,0.1428571428571429
2781,1.0,0.3333333333333333,0.6666666666666667
2783,0.8333333333333334,0.6,0.2333333333333334
2784,1.0,1.0,0.0
2785,1.0,0.8888888888888888,0.11111111111111116
2786,1.0,0.8,0.19999999999999996
2787,1.0,1.0,0.0
2788,0.9166666666666666,0.8,0.11666666666666659
2789,1.0,0.8571428571428571,0.1428571428571429
2790,1.0,1.0,0.0
2791,1.0,0.8333333333333334,0.16666666666666663
2792,1.0,0.8888888888888888,0.11111111111111116
2793,1.0,0.9090909090909091,0.09090909090909094
2794,0.8,0.75,0.050000000000000044
2795,1.0,0.75,0.25
2796,1.0,1.0,0.0
2797,1.0,0.75,0.25
2798,1.0,0.75,0.25
2799,1.0,1.0,0.0
2800,0.8333333333333334,0.8666666666666667,-0.033333333333333326
2801,1.0,0.8,0.19999999999999996
2802,0.6666666666666666,1.0,-0.33333333333333337
2803,1.0,1.0,0.0
2804,1.0,0.9090909090909091,0.09090909090909094
2805,1.0,0.6666666666666666,0.33333333333333337
2806,1.0,0.6666666666666666,0.33333333333333337
2807,0.875,1.0,-0.125
2808,1.0,1.0,0.0
2809,1.0,1.0,0.0
2810,1.0,0.8571428571428571,0.1428571428571429
2811,1.0,1.0,0.0
2812,1.0,0.8947368421052632,0.10526315789473684
2813,1.0,0.7777777777777778,0.2222222222222222
2814,1.0,1.0,0.0
2815,1.0,0.8333333333333334,0.16666666666666663
2816,1.0,1.0,0.0
2817,1.0,0.5,0.5
2818,0.8333333333333334,0.5,0.33333333333333337
2819,1.0,0.7142857142857143,0.2857142857142857
2820,1.0,1.0,0.0
2821,1.0,0.6666666666666666,0.33333333333333337
2822,0.8333333333333334,0.7142857142857143,0.11904761904761907
2823,1.0,1.0,0.0
2824,1.0,0.9285714285714286,0.0714285714285714
2825,0.6666666666666666,0.8571428571428571,-0.19047619047619047
2826,1.0,1.0,0.0
2827,1.0,0.3333333333333333,0.6666666666666667
2828,1.0,1.0,0.0
2829,0.8333333333333334,1.0,-0.16666666666666663
2830,1.0,0.7777777777777778,0.2222222222222222
2831,1.0,0.9166666666666666,0.08333333333333337
2832,1.0,0.9,0.09999999999999998
2833,1.0,1.0,0.0
2834,0.6666666666666666,0.7142857142857143,-0.04761904761904767
2835,1.0,1.0,0.0
2836,1.0,1.0,0.0
2837,1.0,0.5,0.5
2838,1.0,0.6666666666666666,0.33333333333333337
2839,1.0,0.6666666666666666,0.33333333333333337
2840,1.0,1.0,0.0
2841,1.0,1.0,0.0
2842,0.8333333333333334,1.0,-0.16666666666666663
2843,1.0,0.75,0.25
2844,1.0,1.0,0.0
2845,1.0,0.75,0.25
2846,1.0,1.0,0.0
2847,0.5,1.0,-0.5
2848,1.0,0.6666666666666666,0.33333333333333337
2849,0.5,0.7777777777777778,-0.2777777777777778
2850,1.0,1.0,0.0
2851,1.0,0.8,0.19999999999999996
2852,1.0,1.0,0.0
2853,0.5,0.8846153846153846,-0.3846153846153846
2854,0.5,0.9166666666666666,-0.41666666666666663
2855,1.0,1.0,0.0
2856,1.0,1.0,0.0
2857,1.0,0.75,0.25
2858,0.8571428571428571,1.0,-0.1428571428571429
2859,1.0,0.6,0.4
2860,1.0,1.0,0.0
2862,0.8333333333333334,1.0,-0.16666666666666663
2863,0.6666666666666666,1.0,-0.33333333333333337
2864,0.6666666666666666,1.0,-0.33333333333333337
2865,1.0,0.6666666666666666,0.33333333333333337
2866,1.0,1.0,0.0
2867,1.0,0.5,0.5
2868,1.0,1.0,0.0
2869,1.0,0.75,0.25
2871,0.7142857142857143,0.5,0.2142857142857143
2872,1.0,0.7142857142857143,0.2857142857142857
2873,1.0,0.6666666666666666,0.33333333333333337
2874,1.0,1.0,0.0
2875,0.8333333333333334,1.0,-0.16666666666666663
2876,1.0,0.8,0.19999999999999996
2877,1.0,0.8333333333333334,0.16666666666666663
2878,1.0,1.0,0.0
2879,1.0,0.6666666666666666,0.33333333333333337
2880,1.0,0.625,0.375
2881,1.0,0.0,1.0
2882,0.6666666666666666,0.8571428571428571,-0.19047619047619047
2883,1.0,0.8571428571428571,0.1428571428571429
2884,1.0,0.8571428571428571,0.1428571428571429
2885,0.5,0.6666666666666666,-0.16666666666666663
2886,1.0,1.0,0.0
2887,1.0,0.8571428571428571,0.1428571428571429
2888,1.0,1.0,0.0
2889,0.7777777777777778,0.9230769230769231,-0.14529914529914534
2890,0.8888888888888888,1.0,-0.11111111111111116
2891,1.0,0.8888888888888888,0.11111111111111116
2892,1.0,0.6666666666666666,0.33333333333333337
2893,1.0,1.0,0.0
2894,1.0,0.5,0.5
2895,1.0,1.0,0.0
2896,1.0,0.6666666666666666,0.33333333333333337
2898,1.0,0.6666666666666666,0.33333333333333337
2899,0.7777777777777778,0.6,0.1777777777777778
2900,1.0,0.5,0.5
2901,1.0,0.7142857142857143,0.2857142857142857
2902,0.8,0.8333333333333334,-0.033333333333333326
2903,1.0,0.6666666666666666,0.33333333333333337
2904,1.0,0.8,0.19999999999999996
2905,1.0,0.8461538461538461,0.15384615384615385
2906,0.8333333333333334,1.0,-0.16666666666666663
2907,1.0,1.0,0.0
2908,1.0,0.75,0.25
2909,1.0,1.0,0.0
2910,1.0,0.5,0.5
2911,1.0,1.0,0.0
2913,1.0,1.0,0.0
2914,0.6666666666666666,0.5,0.16666666666666663
2916,1.0,0.75,0.25
2917,1.0,0.9230769230769231,0.07692307692307687
2918,1.0,1.0,0.0
2919,1.0,0.625,0.375
2920,0.6666666666666666,1.0,-0.33333333333333337
2921,1.0,0.8,0.19999999999999996
2922,1.0,0.8,0.19999999999999996
2923,1.0,0.5,0.5
2924,1.0,0.9166666666666666,0.08333333333333337
2925,1.0,0.5,0.5
2926,1.0,1.0,0.0
2927,1.0,1.0,0.0
2928,1.0,1.0,0.0
2929,1.0,0.9090909090909091,0.09090909090909094
2930,1.0,0.6,0.4
2931,1.0,0.6666666666666666,0.33333333333333337
2932,1.0,0.7,0.30000000000000004
2933,1.0,1.0,0.0
2934,1.0,1.0,0.0
2935,1.0,1.0,0.0
2936,1.0,1.0,0.0
2937,1.0,1.0,0.0
2938,1.0,1.0,0.0
2939,1.0,0.6666666666666666,0.33333333333333337
2940,1.0,1.0,0.0
2941,1.0,0.75,0.25
2943,1.0,0.92,0.07999999999999996
2944,1.0,0.75,0.25
2946,0.6666666666666666,0.7142857142857143,-0.04761904761904767
2947,1.0,1.0,0.0
2948,1.0,0.5,0.5
2950,1.0,0.6666666666666666,0.33333333333333337
2951,1.0,0.7647058823529411,0.23529411764705888
2952,1.0,0.9333333333333333,0.06666666666666665
2953,1.0,0.0,1.0
2954,1.0,0.8888888888888888,0.11111111111111116
2955,1.0,1.0,0.0
2956,1.0,1.0,0.0
2957,1.0,1.0,0.0
2958,1.0,0.75,0.25
2959,1.0,0.8333333333333334,0.16666666666666663
2960,0.7142857142857143,0.5,0.2142857142857143
2961,0.875,0.0,0.875
2962,1.0,0.8571428571428571,0.1428571428571429
2964,0.8888888888888888,1.0,-0.11111111111111116
2965,1.0,1.0,0.0
2966,1.0,0.3333333333333333,0.6666666666666667
2967,1.0,0.0,1.0
2968,0.8333333333333334,1.0,-0.16666666666666663
2969,1.0,0.9375,0.0625
2972,1.0,0.3333333333333333,0.6666666666666667
2973,1.0,1.0,0.0
2974,1.0,0.6666666666666666,0.33333333333333337
2975,1.0,0.7142857142857143,0.2857142857142857
2976,0.6666666666666666,1.0,-0.33333333333333337
2977,0.75,1.0,-0.25
2978,0.8333333333333334,0.0,0.8333333333333334
2980,1.0,0.6666666666666666,0.33333333333333337
2982,0.8333333333333334,0.8888888888888888,-0.05555555555555547
2983,1.0,1.0,0.0
2984,1.0,0.0,1.0
2985,1.0,1.0,0.0
2986,1.0,1.0,0.0
2987,0.8571428571428571,0.25,0.6071428571428571
2988,1.0,0.6666666666666666,0.33333333333333337
2989,1.0,0.8,0.19999999999999996
2990,1.0,1.0,0.0
2991,1.0,1.0,0.0
2992,1.0,0.8,0.19999999999999996
2993,1.0,0.8888888888888888,0.11111111111111116
2994,1.0,0.875,0.125
2995,1.0,1.0,0.0
2996,1.0,0.625,0.375
2997,1.0,0.5,0.5
2998,0.8333333333333334,1.0,-0.16666666666666663
3000,1.0,0.8,0.19999999999999996
3001,0.8333333333333334,0.7142857142857143,0.11904761904761907
3002,0.6666666666666666,1.0,-0.33333333333333337
3003,0.75,0.875,-0.125
3004,0.8333333333333334,0.6666666666666666,0.16666666666666674
3005,1.0,1.0,0.0
3006,1.0,1.0,0.0
3007,1.0,1.0,0.0
3008,1.0,0.5,0.5
3009,1.0,0.6666666666666666,0.33333333333333337
3010,0.7142857142857143,1.0,-0.2857142857142857
3011,0.75,0.0,0.75
3012,0.6666666666666666,1.0,-0.33333333333333337
3013,1.0,1.0,0.0
3014,1.0,0.6666666666666666,0.33333333333333337
3015,1.0,1.0,0.0
3016,1.0,0.8,0.19999999999999996
3017,1.0,1.0,0.0
3018,0.6666666666666666,1.0,-0.33333333333333337
3019,1.0,1.0,0.0
3020,0.75,1.0,-0.25
3021,1.0,0.6666666666666666,0.33333333333333337
3022,0.8333333333333334,0.6666666666666666,0.16666666666666674
3023,1.0,0.25,0.75
3024,1.0,0.5714285714285714,0.4285714285714286
3025,1.0,1.0,0.0
3026,1.0,1.0,0.0
3027,1.0,0.6666666666666666,0.33333333333333337
3028,0.6666666666666666,0.5,0.16666666666666663
3029,1.0,1.0,0.0
3030,1.0,0.7272727272727273,0.2727272727272727
3031,0.8333333333333334,0.75,0.08333333333333337
3032,0.8333333333333334,0.6666666666666666,0.16666666666666674
3033,1.0,1.0,0.0
3034,0.8571428571428571,0.6,0.2571428571428571
3035,0.8333333333333334,0.6923076923076923,0.14102564102564108
3036,1.0,0.8333333333333334,0.16666666666666663
3037,1.0,0.75,0.25
3038,1.0,0.5,0.5
3039,1.0,0.8571428571428571,0.1428571428571429
3040,1.0,0.4,0.6
3041,1.0,1.0,0.0
3042,0.8333333333333334,0.6666666666666666,0.16666666666666674
3043,1.0,1.0,0.0
3044,1.0,1.0,0.0
3045,1.0,0.3333333333333333,0.6666666666666667
3046,1.0,1.0,0.0
3047,1.0,1.0,0.0
3048,1.0,1.0,0.0
3049,1.0,0.0,1.0
3050,1.0,0.75,0.25
3051,0.6666666666666666,1.0,-0.33333333333333337
3052,1.0,1.0,0.0
3053,1.0,0.9166666666666666,0.08333333333333337
3054,1.0,1.0,0.0
3055,1.0,1.0,0.0
3056,1.0,0.75,0.25
3057,1.0,1.0,0.0
3058,1.0,0.0,1.0
3059,1.0,0.8181818181818182,0.18181818181818177
3060,1.0,0.8888888888888888,0.11111111111111116
3061,1.0,0.75,0.25
3062,1.0,1.0,0.0
3063,0.8333333333333334,1.0,-0.16666666666666663
3064,1.0,1.0,0.0
3065,1.0,0.8333333333333334,0.16666666666666663
3066,1.0,0.6666666666666666,0.33333333333333337
3067,1.0,1.0,0.0
3069,0.7692307692307693,0.3333333333333333,0.43589743589743596
3070,1.0,0.5,0.5
3071,0.7777777777777778,1.0,-0.2222222222222222
3072,0.8888888888888888,0.8571428571428571,0.031746031746031744
3073,1.0,0.6666666666666666,0.33333333333333337
3074,1.0,0.75,0.25
3075,1.0,1.0,0.0
3076,0.8888888888888888,0.8571428571428571,0.031746031746031744
3077,1.0,0.6666666666666666,0.33333333333333337
3079,1.0,1.0,0.0
3080,1.0,0.8,0.19999999999999996
3081,1.0,0.5714285714285714,0.4285714285714286
3082,1.0,1.0,0.0
3083,0.8333333333333334,1.0,-0.16666666666666663
3084,1.0,0.8571428571428571,0.1428571428571429
3085,1.0,0.3333333333333333,0.6666666666666667
3087,1.0,0.8571428571428571,0.1428571428571429
3088,1.0,1.0,0.0
3089,1.0,1.0,0.0
3090,1.0,0.6666666666666666,0.33333333333333337
3091,0.6666666666666666,0.6666666666666666,0.0
3092,1.0,1.0,0.0
3093,1.0,0.8333333333333334,0.16666666666666663
3094,1.0,0.8333333333333334,0.16666666666666663
3095,1.0,0.5,0.5
3096,1.0,0.2,0.8
3097,1.0,0.0,1.0
3098,1.0,0.3333333333333333,0.6666666666666667
3099,1.0,0.8333333333333334,0.16666666666666663
3100,1.0,0.8571428571428571,0.1428571428571429
3101,1.0,0.8571428571428571,0.1428571428571429
3102,1.0,1.0,0.0
3104,1.0,0.5,0.5
3105,0.6666666666666666,1.0,-0.33333333333333337
3106,1.0,1.0,0.0
3107,1.0,1.0,0.0
3108,1.0,1.0,0.0
3109,0.8888888888888888,0.8,0.0888888888888888
3110,1.0,0.9,0.09999999999999998
3111,1.0,0.6666666666666666,0.33333333333333337
3112,0.8571428571428571,1.0,-0.1428571428571429
3113,1.0,0.8571428571428571,0.1428571428571429
3114,1.0,1.0,0.0
3115,1.0,0.8333333333333334,0.16666666666666663
3116,1.0,1.0,0.0
3117,0.6666666666666666,0.3333333333333333,0.3333333333333333
3118,1.0,0.5,0.5
3119,1.0,0.0,1.0
3120,1.0,1.0,0.0
3121,1.0,0.5,0.5
3122,0.8888888888888888,1.0,-0.11111111111111116
3123,0.8571428571428571,0.8888888888888888,-0.031746031746031744
3124,1.0,1.0,0.0
3125,1.0,1.0,0.0
3126,1.0,0.7894736842105263,0.21052631578947367
3127,0.8333333333333334,1.0,-0.16666666666666663
3128,1.0,0.7272727272727273,0.2727272727272727
3129,1.0,1.0,0.0
3132,0.8888888888888888,1.0,-0.11111111111111116
3134,0.8,0.6666666666666666,0.13333333333333341
3135,1.0,1.0,0.0
3136,0.8888888888888888,0.5,0.38888888888888884
3137,1.0,0.6666666666666666,0.33333333333333337
3138,1.0,0.0,1.0
3139,1.0,0.8,0.19999999999999996
3140,1.0,0.6666666666666666,0.33333333333333337
3141,1.0,1.0,0.0
3142,1.0,0.5555555555555556,0.4444444444444444
3143,1.0,0.3333333333333333,0.6666666666666667
3144,1.0,1.0,0.0
3145,1.0,0.8333333333333334,0.16666666666666663
3146,1.0,0.3333333333333333,0.6666666666666667
3147,1.0,0.6666666666666666,0.33333333333333337
3148,1.0,0.6666666666666666,0.33333333333333337
3149,1.0,0.5,0.5
3151,1.0,1.0,0.0
3152,1.0,0.5,0.5
3153,1.0,0.6666666666666666,0.33333333333333337
3154,1.0,0.875,0.125
3155,1.0,1.0,0.0
3156,1.0,0.7777777777777778,0.2222222222222222
3157,1.0,1.0,0.0
3158,1.0,0.625,0.375
3159,1.0,0.5,0.5
3160,1.0,0.8888888888888888,0.11111111111111116
3161,1.0,0.6363636363636364,0.36363636363636365
3162,1.0,0.8333333333333334,0.16666666666666663
3163,1.0,0.7777777777777778,0.2222222222222222
3164,1.0,0.7142857142857143,0.2857142857142857
3166,1.0,0.8,0.19999999999999996
3167,0.8333333333333334,0.8,0.033333333333333326
3168,1.0,1.0,0.0
3169,1.0,0.6666666666666666,0.33333333333333337
3170,1.0,0.875,0.125
3171,1.0,0.7777777777777778,0.2222222222222222
3172,1.0,0.8333333333333334,0.16666666666666663
3173,1.0,0.875,0.125
3174,1.0,0.8333333333333334,0.16666666666666663
3175,1.0,0.5,0.5
3176,1.0,0.7916666666666666,0.20833333333333337
3177,1.0,0.0,1.0
3178,1.0,0.5,0.5
3179,1.0,1.0,0.0
3180,1.0,1.0,0.0
3181,1.0,0.4,0.6
3182,1.0,1.0,0.0
3185,1.0,1.0,0.0
3186,1.0,0.5714285714285714,0.4285714285714286
3187,1.0,0.75,0.25
3188,1.0,0.4,0.6
3189,1.0,0.9090909090909091,0.09090909090909094
3190,1.0,0.0,1.0
3191,1.0,1.0,0.0
3192,1.0,1.0,0.0
3193,1.0,1.0,0.0
3194,1.0,0.0,1.0
3195,1.0,0.0,1.0
3196,1.0,0.7692307692307693,0.23076923076923073
3197,1.0,0.6666666666666666,0.33333333333333337
3198,1.0,1.0,0.0
3199,1.0,1.0,0.0
3200,1.0,1.0,0.0
3201,1.0,0.6,0.4
3204,1.0,1.0,0.0
3205,1.0,0.875,0.125
3207,0.6666666666666666,0.5,0.16666666666666663
3208,1.0,1.0,0.0
3209,1.0,1.0,0.0
3210,1.0,1.0,0.0
3211,0.75,0.6666666666666666,0.08333333333333337
3212,1.0,0.2,0.8
3214,1.0,0.42857142857142855,0.5714285714285714
3263,0.8888888888888888,0.6666666666666666,0.2222222222222222
3265,1.0,0.6666666666666666,0.33333333333333337
3266,1.0,1.0,0.0
3267,1.0,1.0,0.0
3268,0.5,1.0,-0.5
3269,0.875,0.875,0.0
3270,1.0,1.0,0.0
3271,0.6666666666666666,0.75,-0.08333333333333337
3273,1.0,1.0,0.0
3274,1.0,0.8333333333333334,0.16666666666666663
3275,0.6666666666666666,1.0,-0.33333333333333337
3276,1.0,1.0,0.0
3277,1.0,1.0,0.0
3278,1.0,1.0,0.0
3280,1.0,1.0,0.0
3281,0.8333333333333334,0.5,0.33333333333333337
3282,1.0,0.5,0.5
3283,1.0,0.9166666666666666,0.08333333333333337
3285,1.0,0.8333333333333334,0.16666666666666663
3286,0.8333333333333334,0.75,0.08333333333333337
3287,0.875,1.0,-0.125
3288,1.0,0.6666666666666666,0.33333333333333337
3289,1.0,0.5,0.5
3290,1.0,0.8333333333333334,0.16666666666666663
3291,1.0,0.0,1.0
3292,0.875,0.8461538461538461,0.028846153846153855
3293,1.0,1.0,0.0
3294,1.0,1.0,0.0
3296,1.0,0.9444444444444444,0.05555555555555558
3297,1.0,1.0,0.0
3298,1.0,1.0,0.0
3299,1.0,1.0,0.0
3300,1.0,1.0,0.0
3301,1.0,1.0,0.0
3302,1.0,0.75,0.25
3303,1.0,0.8333333333333334,0.16666666666666663
3304,1.0,0.5,0.5
3305,1.0,0.3333333333333333,0.6666666666666667
3306,1.0,0.7142857142857143,0.2857142857142857
3307,0.6666666666666666,0.9411764705882353,-0.27450980392156865
3308,0.6666666666666666,1.0,-0.33333333333333337
3309,1.0,1.0,0.0
3311,1.0,1.0,0.0
3313,0.8333333333333334,1.0,-0.16666666666666663
3314,1.0,0.7741935483870968,0.22580645161290325
3315,1.0,1.0,0.0
3316,1.0,1.0,0.0
3317,1.0,0.7692307692307693,0.23076923076923073
3318,1.0,1.0,0.0
3319,0.8888888888888888,0.6666666666666666,0.2222222222222222
3320,1.0,1.0,0.0
3321,1.0,0.6666666666666666,0.33333333333333337
3322,0.8333333333333334,1.0,-0.16666666666666663
3323,1.0,0.6666666666666666,0.33333333333333337
3324,1.0,1.0,0.0
3325,1.0,1.0,0.0
3326,1.0,1.0,0.0
3327,1.0,0.7142857142857143,0.2857142857142857
3328,1.0,0.6666666666666666,0.33333333333333337
3329,1.0,0.9,0.09999999999999998
3330,1.0,1.0,0.0
3333,1.0,0.75,0.25
3334,1.0,0.8,0.19999999999999996
3335,1.0,1.0,0.0
3336,1.0,0.5,0.5
3337,1.0,0.6666666666666666,0.33333333333333337
3338,1.0,1.0,0.0
3339,1.0,1.0,0.0
3340,1.0,0.75,0.25
3341,1.0,1.0,0.0
3342,0.625,0.6,0.025000000000000022
3343,1.0,0.6666666666666666,0.33333333333333337
3345,1.0,1.0,0.0
3346,1.0,0.6666666666666666,0.33333333333333337
3347,1.0,0.4,0.6
3348,1.0,1.0,0.0
3349,1.0,0.5,0.5
3350,0.6666666666666666,1.0,-0.33333333333333337
3351,1.0,1.0,0.0
3352,1.0,0.5,0.5
3353,0.8333333333333334,0.8571428571428571,-0.023809523809523725
3354,1.0,1.0,0.0
3355,0.875,0.3333333333333333,0.5416666666666667
3356,0.5,0.7777777777777778,-0.2777777777777778
3357,1.0,1.0,0.0
3358,1.0,0.6666666666666666,0.33333333333333337
3359,1.0,1.0,0.0
3360,1.0,0.5,0.5
3361,1.0,0.875,0.125
3362,1.0,1.0,0.0
3364,0.8333333333333334,0.8,0.033333333333333326
3366,1.0,1.0,0.0
3369,1.0,0.8181818181818182,0.18181818181818177
3370,1.0,0.5,0.5
3371,1.0,0.3333333333333333,0.6666666666666667
3372,1.0,1.0,0.0
3373,0.8,0.5,0.30000000000000004
3375,1.0,0.6666666666666666,0.33333333333333337
3376,1.0,0.8333333333333334,0.16666666666666663
3377,0.6666666666666666,1.0,-0.33333333333333337
3378,0.6666666666666666,0.8333333333333334,-0.16666666666666674
3379,1.0,0.75,0.25
3380,1.0,0.5,0.5
3381,1.0,0.8333333333333334,0.16666666666666663
3382,0.6666666666666666,0.75,-0.08333333333333337
3383,1.0,0.6666666666666666,0.33333333333333337
3384,0.6,0.5,0.09999999999999998
3385,1.0,0.8,0.19999999999999996
3386,0.7777777777777778,0.75,0.02777777777777779
3387,1.0,0.0,1.0
3388,0.8888888888888888,0.8571428571428571,0.031746031746031744
3390,1.0,0.0,1.0
3391,0.875,0.8,0.07499999999999996
3392,1.0,0.0,1.0
3393,1.0,0.6666666666666666,0.33333333333333337
3394,1.0,1.0,0.0
3395,1.0,1.0,0.0
3396,1.0,1.0,0.0
3398,1.0,1.0,0.0
3399,1.0,0.75,0.25
3400,1.0,0.6666666666666666,0.33333333333333337
3401,0.8333333333333334,0.5,0.33333333333333337
3402,1.0,1.0,0.0
3403,1.0,1.0,0.0
3404,0.25,0.75,-0.5
3405,1.0,1.0,0.0
3407,1.0,1.0,0.0
3408,1.0,1.0,0.0
3410,1.0,1.0,0.0
3411,1.0,0.9090909090909091,0.09090909090909094
3412,0.8,0.8181818181818182,-0.018181818181818188
3413,1.0,0.6666666666666666,0.33333333333333337
3414,1.0,0.6666666666666666,0.33333333333333337
3415,1.0,0.875,0.125
3416,0.875,1.0,-0.125
3417,0.9,0.5,0.4
3418,0.8,0.875,-0.07499999999999996
3419,1.0,1.0,0.0
3420,1.0,0.25,0.75
3421,1.0,0.6666666666666666,0.33333333333333337
3422,1.0,0.6,0.4
3423,0.9230769230769231,0.8823529411764706,0.040723981900452566
3424,1.0,0.9523809523809523,0.04761904761904767
3425,1.0,0.625,0.375
3426,1.0,0.8709677419354839,0.12903225806451613
3427,1.0,0.9032258064516129,0.09677419354838712
3428,1.0,1.0,0.0
3429,0.9,0.5,0.4
3430,0.7142857142857143,0.6666666666666666,0.04761904761904767
3431,1.0,0.8333333333333334,0.16666666666666663
3432,1.0,1.0,0.0
3433,0.8947368421052632,0.42857142857142855,0.4661654135338346
3434,0.75,1.0,-0.25
3435,1.0,1.0,0.0
3436,1.0,0.5714285714285714,0.4285714285714286
3437,1.0,0.9090909090909091,0.09090909090909094
3438,0.8333333333333334,0.0,0.8333333333333334
3439,0.6666666666666666,0.875,-0.20833333333333337
3440,0.6666666666666666,1.0,-0.33333333333333337
3441,1.0,0.75,0.25
3442,1.0,0.8181818181818182,0.18181818181818177
3443,1.0,0.9047619047619048,0.09523809523809523
3445,1.0,1.0,0.0
3446,1.0,1.0,0.0
3447,1.0,0.8181818181818182,0.18181818181818177
3448,1.0,1.0,0.0
3450,0.8333333333333334,0.7,0.13333333333333341
3451,1.0,0.9230769230769231,0.07692307692307687
3452,1.0,0.7368421052631579,0.26315789473684215
3453,1.0,0.8947368421052632,0.10526315789473684
3454,1.0,1.0,0.0
3455,0.6666666666666666,0.9166666666666666,-0.25
3456,1.0,0.8,0.19999999999999996
3457,0.0,1.0,-1.0
3458,0.8333333333333334,0.6,0.2333333333333334
3459,0.6666666666666666,0.8571428571428571,-0.19047619047619047
3460,1.0,1.0,0.0
3461,0.6666666666666666,0.8,-0.13333333333333341
3462,1.0,0.6666666666666666,0.33333333333333337
3463,0.8333333333333334,0.8571428571428571,-0.023809523809523725
3464,0.9,1.0,-0.09999999999999998
3465,0.8333333333333334,0.5,0.33333333333333337
3466,1.0,0.5,0.5
3467,1.0,1.0,0.0
3468,1.0,1.0,0.0
3470,1.0,1.0,0.0
3471,1.0,1.0,0.0
3472,1.0,1.0,0.0
3473,1.0,0.8181818181818182,0.18181818181818177
3474,0.5,1.0,-0.5
3475,1.0,0.5,0.5
3476,0.7272727272727273,0.8571428571428571,-0.1298701298701298
3477,1.0,1.0,0.0
3478,0.8333333333333334,0.9333333333333333,-0.09999999999999998
3479,1.0,0.9629629629629629,0.03703703703703709
3480,1.0,1.0,0.0
3481,1.0,0.75,0.25
3482,1.0,0.6,0.4
3483,1.0,1.0,0.0
3484,0.8333333333333334,0.6,0.2333333333333334
3485,1.0,1.0,0.0
3486,1.0,0.8461538461538461,0.15384615384615385
3487,1.0,1.0,0.0
3488,1.0,1.0,0.0
3489,1.0,1.0,0.0
3490,1.0,1.0,0.0
3491,1.0,0.875,0.125
3492,0.875,0.7,0.17500000000000004
3493,1.0,1.0,0.0
3494,1.0,0.6666666666666666,0.33333333333333337
3495,0.6,1.0,-0.4
3497,1.0,1.0,0.0
3498,1.0,0.6666666666666666,0.33333333333333337
3499,0.875,1.0,-0.125
3500,0.5,0.9,-0.4
3501,1.0,0.9333333333333333,0.06666666666666665
3502,0.6666666666666666,1.0,-0.33333333333333337
3503,1.0,0.8181818181818182,0.18181818181818177
3504,1.0,0.875,0.125
3505,1.0,0.5,0.5
3506,0.5,0.9047619047619048,-0.40476190476190477
3507,1.0,0.8571428571428571,0.1428571428571429
3508,1.0,0.5,0.5
3510,1.0,0.875,0.125
3513,0.6666666666666666,0.9,-0.2333333333333334
3514,0.6666666666666666,0.8571428571428571,-0.19047619047619047
3515,0.3333333333333333,0.7272727272727273,-0.393939393939394
3516,0.6666666666666666,1.0,-0.33333333333333337
3517,1.0,0.8,0.19999999999999996
3518,0.8888888888888888,0.5,0.38888888888888884
3519,1.0,0.9047619047619048,0.09523809523809523
3520,1.0,0.7777777777777778,0.2222222222222222
3521,1.0,1.0,0.0
3522,1.0,0.8,0.19999999999999996
3523,1.0,0.8,0.19999999999999996
3524,1.0,0.0,1.0
3525,0.7142857142857143,0.3333333333333333,0.380952380952381
3526,1.0,0.5,0.5
3527,1.0,0.6,0.4
3528,0.8333333333333334,1.0,-0.16666666666666663
3529,0.5714285714285714,0.2,0.3714285714285714
3530,1.0,0.9090909090909091,0.09090909090909094
3531,0.5,0.8333333333333334,-0.33333333333333337
3532,1.0,1.0,0.0
3533,1.0,0.9,0.09999999999999998
3534,1.0,0.8333333333333334,0.16666666666666663
3535,1.0,0.9375,0.0625
3536,0.875,0.6666666666666666,0.20833333333333337
3537,1.0,1.0,0.0
3539,0.3333333333333333,0.875,-0.5416666666666667
3540,0.6666666666666666,0.875,-0.20833333333333337
3541,1.0,0.6666666666666666,0.33333333333333337
3542,1.0,0.7272727272727273,0.2727272727272727
3543,0.8571428571428571,0.65,0.20714285714285707
3544,0.3333333333333333,0.3333333333333333,0.0
3545,1.0,0.75,0.25
3546,1.0,1.0,0.0
3547,0.5,0.5,0.0
3548,1.0,0.9047619047619048,0.09523809523809523
3549,1.0,0.625,0.375
3550,0.0,1.0,-1.0
3551,1.0,0.5833333333333334,0.41666666666666663
3553,1.0,0.6666666666666666,0.33333333333333337
3554,1.0,0.8571428571428571,0.1428571428571429
3556,0.8333333333333334,0.75,0.08333333333333337
3557,1.0,0.5,0.5
3558,1.0,1.0,0.0
3559,0.6,0.6666666666666666,-0.06666666666666665
3560,1.0,1.0,0.0
3561,1.0,0.6875,0.3125
3562,1.0,0.8333333333333334,0.16666666666666663
3563,1.0,0.9333333333333333,0.06666666666666665
3564,1.0,1.0,0.0
3565,0.8,1.0,-0.19999999999999996
3566,1.0,1.0,0.0
3567,0.8888888888888888,1.0,-0.11111111111111116
3568,0.8571428571428571,0.75,0.1071428571428571
3569,1.0,0.8,0.19999999999999996
3570,1.0,1.0,0.0
3571,1.0,0.5,0.5
3572,1.0,0.5,0.5
3573,1.0,0.75,0.25
3574,0.6666666666666666,0.5,0.16666666666666663
3575,1.0,0.6666666666666666,0.33333333333333337
3576,0.6666666666666666,0.6666666666666666,0.0
3577,1.0,1.0,0.0
3578,1.0,0.9285714285714286,0.0714285714285714
3579,1.0,0.9,0.09999999999999998
3580,1.0,1.0,0.0
3581,0.0,1.0,-1.0
3582,1.0,0.0,1.0
3583,1.0,1.0,0.0
3584,1.0,0.6666666666666666,0.33333333333333337
3585,1.0,0.6,0.4
3586,1.0,1.0,0.0
3587,1.0,1.0,0.0
3589,0.3333333333333333,0.9285714285714286,-0.5952380952380953
3590,1.0,0.6666666666666666,0.33333333333333337
3591,0.8888888888888888,0.6,0.28888888888888886
3592,1.0,1.0,0.0
3593,0.8333333333333334,1.0,-0.16666666666666663
3594,1.0,0.3333333333333333,0.6666666666666667
3595,1.0,1.0,0.0
3596,1.0,0.9,0.09999999999999998
3597,0.8571428571428571,0.7272727272727273,0.1298701298701298
3598,1.0,0.8333333333333334,0.16666666666666663
3599,0.8888888888888888,1.0,-0.11111111111111116
3600,1.0,0.6666666666666666,0.33333333333333337
3601,0.8,0.3333333333333333,0.46666666666666673
3602,1.0,0.7777777777777778,0.2222222222222222
3604,1.0,1.0,0.0
3605,0.6666666666666666,0.9230769230769231,-0.2564102564102565
3606,1.0,0.8181818181818182,0.18181818181818177
3607,0.6666666666666666,1.0,-0.33333333333333337
3609,1.0,0.8,0.19999999999999996
3610,0.3333333333333333,0.875,-0.5416666666666667
3611,1.0,0.7142857142857143,0.2857142857142857
3612,0.8333333333333334,0.6666666666666666,0.16666666666666674
3613,0.8333333333333334,0.7142857142857143,0.11904761904761907
3614,1.0,0.7142857142857143,0.2857142857142857
3615,1.0,0.8333333333333334,0.16666666666666663
3616,1.0,1.0,0.0
3617,1.0,1.0,0.0
3618,1.0,0.75,0.25
3619,1.0,0.6666666666666666,0.33333333333333337
3620,0.6666666666666666,0.75,-0.08333333333333337
3621,0.8888888888888888,0.5,0.38888888888888884
3623,1.0,0.8947368421052632,0.10526315789473684
3624,0.6666666666666666,0.3333333333333333,0.3333333333333333
3625,0.9,0.5833333333333334,0.31666666666666665
3626,0.5,0.9,-0.4
3627,1.0,0.4,0.6
3628,0.6,0.4444444444444444,0.15555555555555556
3629,0.75,0.75,0.0
3630,1.0,0.7272727272727273,0.2727272727272727
3631,1.0,1.0,0.0
3632,1.0,0.84,0.16000000000000003
3633,0.9,0.7894736842105263,0.1105263157894737
3634,1.0,0.9166666666666666,0.08333333333333337
3635,0.8333333333333334,0.45454545454545453,0.37878787878787884
3636,0.8333333333333334,1.0,-0.16666666666666663
3637,1.0,0.9545454545454546,0.045454545454545414
3638,1.0,1.0,0.0
3641,1.0,0.75,0.25
3642,1.0,0.8888888888888888,0.11111111111111116
3643,1.0,1.0,0.0
3644,0.5,0.875,-0.375
3645,0.6666666666666666,1.0,-0.33333333333333337
3646,0.8888888888888888,0.2857142857142857,0.6031746031746031
3647,1.0,1.0,0.0
3648,1.0,0.5454545454545454,0.4545454545454546
3649,0.875,0.7619047619047619,0.11309523809523814
3650,0.5555555555555556,0.2857142857142857,0.2698412698412699
3651,1.0,0.6666666666666666,0.33333333333333337
3652,1.0,0.5,0.5
3653,0.8333333333333334,0.6,0.2333333333333334
3654,0.5,0.4,0.09999999999999998
3655,1.0,0.8,0.19999999999999996
3656,1.0,0.75,0.25
3657,1.0,0.9473684210526315,0.052631578947368474
3658,1.0,0.7777777777777778,0.2222222222222222
3659,0.7142857142857143,0.7142857142857143,0.0
3660,1.0,1.0,0.0
3661,1.0,0.8,0.19999999999999996
3662,1.0,0.5555555555555556,0.4444444444444444
3663,1.0,0.875,0.125
3664,0.8333333333333334,1.0,-0.16666666666666663
3667,0.6666666666666666,0.9166666666666666,-0.25
3668,1.0,0.92,0.07999999999999996
3669,1.0,1.0,0.0
3670,1.0,0.6428571428571429,0.3571428571428571
3672,1.0,0.8260869565217391,0.17391304347826086
3673,0.8333333333333334,0.5,0.33333333333333337
3674,1.0,1.0,0.0
3675,1.0,1.0,0.0
3676,1.0,0.8,0.19999999999999996
3677,1.0,0.75,0.25
3678,0.7777777777777778,0.8947368421052632,-0.11695906432748537
3679,0.0,0.6470588235294118,-0.6470588235294118
3680,1.0,0.875,0.125
3681,1.0,1.0,0.0
3682,1.0,1.0,0.0
3683,1.0,0.7692307692307693,0.23076923076923073
3684,0.75,0.92,-0.17000000000000004
3685,1.0,0.7,0.30000000000000004
3686,1.0,0.6111111111111112,0.38888888888888884
3687,1.0,1.0,0.0
3688,0.9473684210526315,0.7692307692307693,0.17813765182186225
3689,1.0,0.6666666666666666,0.33333333333333337
3690,1.0,0.8571428571428571,0.1428571428571429
3691,1.0,1.0,0.0
3692,0.0,0.0,0.0
3693,1.0,0.7857142857142857,0.2142857142857143
3694,0.5,0.8333333333333334,-0.33333333333333337
3695,0.4,1.0,-0.6
3696,0.9333333333333333,1.0,-0.06666666666666665
3698,1.0,0.8181818181818182,0.18181818181818177
3699,1.0,0.6,0.4
3700,1.0,0.3333333333333333,0.6666666666666667
3701,1.0,0.7,0.30000000000000004
3702,1.0,0.3333333333333333,0.6666666666666667
3703,1.0,1.0,0.0
3704,1.0,1.0,0.0
3705,1.0,1.0,0.0
3706,1.0,0.75,0.25
3707,1.0,1.0,0.0
3708,1.0,0.7222222222222222,0.2777777777777778
3709,1.0,0.5,0.5
3711,1.0,0.96,0.040000000000000036
3712,1.0,0.8,0.19999999999999996
3713,0.8571428571428571,0.8333333333333334,0.023809523809523725
3714,0.75,0.5,0.25
3715,1.0,0.6666666666666666,0.33333333333333337
3716,1.0,1.0,0.0
3718,1.0,0.8125,0.1875
3719,1.0,0.2,0.8
3720,1.0,0.8571428571428571,0.1428571428571429
3721,0.875,1.0,-0.125
3722,0.9333333333333333,0.8888888888888888,0.04444444444444451
3723,1.0,0.75,0.25
3724,1.0,0.7,0.30000000000000004
3725,1.0,1.0,0.0
3726,1.0,1.0,0.0
3727,0.8888888888888888,0.0,0.8888888888888888
3728,0.6666666666666666,1.0,-0.33333333333333337
3729,1.0,1.0,0.0
3730,1.0,1.0,0.0
3731,1.0,1.0,0.0
3732,1.0,1.0,0.0
3733,1.0,0.625,0.375
3734,1.0,1.0,0.0
3735,1.0,0.9090909090909091,0.09090909090909094
3736,1.0,1.0,0.0
3737,1.0,0.8421052631578947,0.1578947368421053
3738,0.5555555555555556,0.6428571428571429,-0.08730158730158732
3739,1.0,1.0,0.0
3740,0.8888888888888888,0.875,0.01388888888888884
3741,0.7272727272727273,0.4,0.32727272727272727
3742,1.0,0.7333333333333333,0.2666666666666667
3743,0.8823529411764706,0.5,0.38235294117647056
3744,1.0,0.8333333333333334,0.16666666666666663
3745,1.0,0.5,0.5
3746,1.0,0.8378378378378378,0.16216216216216217
3747,0.875,0.9767441860465116,-0.10174418604651159
3748,1.0,0.5,0.5
3749,1.0,1.0,0.0
3750,1.0,0.8571428571428571,0.1428571428571429
3751,1.0,0.5,0.5
3752,0.9375,0.6666666666666666,0.27083333333333337
3754,1.0,0.75,0.25
3755,1.0,0.875,0.125
3756,0.8,0.7142857142857143,0.08571428571428574
3757,1.0,0.6666666666666666,0.33333333333333337
3759,0.75,0.6,0.15000000000000002
3760,1.0,0.6666666666666666,0.33333333333333337
3761,1.0,0.8888888888888888,0.11111111111111116
3762,1.0,0.6666666666666666,0.33333333333333337
3763,1.0,0.3333333333333333,0.6666666666666667
3764,1.0,0.6,0.4
3765,0.8571428571428571,0.3333333333333333,0.5238095238095237
3766,1.0,1.0,0.0
3767,1.0,0.5,0.5
3768,0.9444444444444444,0.875,0.06944444444444442
3769,1.0,0.4444444444444444,0.5555555555555556
3770,1.0,0.0,1.0
3771,1.0,1.0,0.0
3772,1.0,0.7142857142857143,0.2857142857142857
3773,1.0,1.0,0.0
3774,0.9,0.6666666666666666,0.2333333333333334
3775,1.0,1.0,0.0
3776,0.9,0.8421052631578947,0.05789473684210533
3777,1.0,0.9166666666666666,0.08333333333333337
3778,1.0,0.9285714285714286,0.0714285714285714
3779,0.9333333333333333,0.8333333333333334,0.09999999999999998
3780,1.0,0.5,0.5
3781,1.0,0.3333333333333333,0.6666666666666667
3782,1.0,1.0,0.0
3783,0.7,0.0,0.7
3784,1.0,0.7058823529411765,0.2941176470588235
3785,1.0,1.0,0.0
3786,1.0,0.4,0.6
3788,1.0,0.6666666666666666,0.33333333333333337
3789,0.8333333333333334,0.6666666666666666,0.16666666666666674
3790,1.0,1.0,0.0
3791,0.5882352941176471,0.6666666666666666,-0.07843137254901955
3792,1.0,1.0,0.0
3793,1.0,0.8571428571428571,0.1428571428571429
3794,1.0,1.0,0.0
3795,0.75,0.75,0.0
3796,1.0,0.4,0.6
3797,0.9333333333333333,0.9166666666666666,0.01666666666666672
3798,1.0,0.5714285714285714,0.4285714285714286
3799,1.0,0.6666666666666666,0.33333333333333337
3800,1.0,0.0,1.0
3801,1.0,0.8,0.19999999999999996
3802,1.0,0.6666666666666666,0.33333333333333337
3803,1.0,0.8333333333333334,0.16666666666666663
3804,1.0,0.9090909090909091,0.09090909090909094
3805,1.0,0.5,0.5
3806,0.9,1.0,-0.09999999999999998
3807,1.0,0.9,0.09999999999999998
3808,1.0,1.0,0.0
3809,1.0,0.9090909090909091,0.09090909090909094
3810,1.0,1.0,0.0
3811,1.0,1.0,0.0
3812,1.0,0.6923076923076923,0.3076923076923077
3813,0.9285714285714286,0.6666666666666666,0.261904761904762
3814,1.0,0.75,0.25
3815,1.0,0.0,1.0
3816,1.0,1.0,0.0
3817,1.0,0.6,0.4
3818,1.0,0.75,0.25
3819,1.0,1.0,0.0
3820,1.0,0.6666666666666666,0.33333333333333337
3823,1.0,0.0,1.0
3824,1.0,1.0,0.0
3825,1.0,1.0,0.0
3826,1.0,1.0,0.0
3827,1.0,0.8333333333333334,0.16666666666666663
3829,1.0,1.0,0.0
3830,1.0,1.0,0.0
3831,1.0,1.0,0.0
3832,1.0,0.0,1.0
3833,1.0,0.9090909090909091,0.09090909090909094
3834,1.0,0.875,0.125
3835,0.9,0.6666666666666666,0.2333333333333334
3836,1.0,0.6666666666666666,0.33333333333333337
3838,1.0,0.5,0.5
3839,1.0,0.7333333333333333,0.2666666666666667
3840,1.0,1.0,0.0
3841,1.0,0.8333333333333334,0.16666666666666663
3842,1.0,0.8181818181818182,0.18181818181818177
3843,1.0,1.0,0.0
3845,1.0,0.9333333333333333,0.06666666666666665
3846,1.0,0.5,0.5
3847,0.5,0.5,0.0
3848,1.0,1.0,0.0
3849,0.75,0.6666666666666666,0.08333333333333337
3850,0.9285714285714286,0.5833333333333334,0.34523809523809523
3851,0.3333333333333333,0.4,-0.06666666666666671
3852,0.5,0.5,0.0
3853,0.6666666666666666,0.25,0.41666666666666663
3854,0.75,0.0,0.75
3856,0.0,0.6,-0.6
3857,0.0,0.5,-0.5
3858,0.5,0.8,-0.30000000000000004
3859,0.0,0.75,-0.75
3860,0.8,0.0,0.8
3861,0.6,0.8,-0.20000000000000007
3863,0.6,0.3333333333333333,0.26666666666666666
3864,0.8,0.6,0.20000000000000007
3865,0.0,0.6666666666666666,-0.6666666666666666
3867,0.75,0.8,-0.050000000000000044
3868,1.0,0.5,0.5
3869,0.0,0.5555555555555556,-0.5555555555555556
3871,0.6,0.4,0.19999999999999996
3874,0.5,0.6666666666666666,-0.16666666666666663
3875,0.75,0.6666666666666666,0.08333333333333337
3877,0.6666666666666666,0.6666666666666666,0.0
3878,1.0,1.0,0.0
3879,1.0,0.4,0.6
3880,0.6666666666666666,0.4,0.2666666666666666
3884,0.2,1.0,-0.8
3885,0.5,0.8,-0.30000000000000004
3886,0.0,1.0,-1.0
3887,0.0,1.0,-1.0
3888,0.0,0.6666666666666666,-0.6666666666666666
3889,0.5,0.8,-0.30000000000000004
3892,1.0,0.7777777777777778,0.2222222222222222
3893,1.0,0.7142857142857143,0.2857142857142857
3894,1.0,1.0,0.0
3895,1.0,1.0,0.0
3896,0.4,0.7142857142857143,-0.3142857142857143
3897,0.6,0.75,-0.15000000000000002
3898,0.5,0.0,0.5
3900,0.5,0.0,0.5
3901,0.6666666666666666,0.3333333333333333,0.3333333333333333
3902,1.0,0.8,0.19999999999999996
3904,1.0,0.75,0.25
3905,1.0,0.6,0.4
3907,1.0,1.0,0.0
3909,0.9,0.75,0.15000000000000002
3910,1.0,0.6470588235294118,0.3529411764705882
3914,0.0,1.0,-1.0
3915,0.3333333333333333,0.625,-0.2916666666666667
3916,1.0,1.0,0.0
3917,1.0,0.8,0.19999999999999996
3918,1.0,0.9090909090909091,0.09090909090909094
3919,0.8,0.5833333333333334,0.21666666666666667
3920,1.0,1.0,0.0
3921,1.0,0.8,0.19999999999999996
3922,1.0,0.717948717948718,0.28205128205128205
3923,0.95,0.9,0.04999999999999993
3924,1.0,0.8333333333333334,0.16666666666666663
3925,0.9333333333333333,0.6666666666666666,0.2666666666666667
3926,0.9090909090909091,0.5,0.40909090909090906
3927,1.0,1.0,0.0
3928,1.0,0.9090909090909091,0.09090909090909094
3930,0.9,0.5,0.4
3931,0.8,1.0,-0.19999999999999996
3932,1.0,0.875,0.125
3933,1.0,0.8181818181818182,0.18181818181818177
3934,0.9523809523809523,0.7391304347826086,0.21325051759834368
3935,1.0,1.0,0.0
3936,0.9090909090909091,0.25,0.6590909090909091
3937,0.7333333333333333,0.7142857142857143,0.01904761904761898
3938,0.8888888888888888,0.6666666666666666,0.2222222222222222
3939,1.0,0.14285714285714285,0.8571428571428572
3940,1.0,0.9230769230769231,0.07692307692307687
3941,1.0,0.8,0.19999999999999996
3942,1.0,0.8461538461538461,0.15384615384615385
3943,1.0,0.8,0.19999999999999996
3944,0.6428571428571429,0.5714285714285714,0.07142857142857151
3945,1.0,0.5,0.5
3946,0.5,0.6,-0.09999999999999998
3947,0.5,0.7,-0.19999999999999996
3948,0.7,0.9230769230769231,-0.22307692307692317
3949,0.8,1.0,-0.19999999999999996
3950,1.0,1.0,0.0
3951,1.0,0.5555555555555556,0.4444444444444444
3952,1.0,0.5714285714285714,0.4285714285714286
3953,1.0,0.7058823529411765,0.2941176470588235
3954,1.0,0.8333333333333334,0.16666666666666663
3955,1.0,1.0,0.0
3956,1.0,1.0,0.0
3957,1.0,1.0,0.0
3958,1.0,0.3333333333333333,0.6666666666666667
3959,1.0,0.8,0.19999999999999996
3960,1.0,0.8888888888888888,0.11111111111111116
3961,0.75,0.8,-0.050000000000000044
3962,1.0,0.5,0.5
3963,1.0,0.8571428571428571,0.1428571428571429
3965,1.0,1.0,0.0
3967,0.3333333333333333,0.8,-0.46666666666666673
3968,0.0,1.0,-1.0
3969,0.0,1.0,-1.0
3970,0.25,0.6666666666666666,-0.41666666666666663
3971,0.75,0.6666666666666666,0.08333333333333337
3972,0.0,1.0,-1.0
3975,0.8,0.875,-0.07499999999999996
3976,0.6666666666666666,1.0,-0.33333333333333337
3977,0.0,0.5,-0.5
3978,0.6666666666666666,0.3333333333333333,0.3333333333333333
3979,1.0,1.0,0.0
3980,1.0,0.8888888888888888,0.11111111111111116
3981,0.8,0.75,0.050000000000000044
3982,1.0,0.8461538461538461,0.15384615384615385
3985,0.7692307692307693,1.0,-0.23076923076923073
3986,1.0,0.75,0.25
3987,1.0,0.8,0.19999999999999996
3988,1.0,1.0,0.0
3989,1.0,0.5,0.5
3990,0.6666666666666666,0.5,0.16666666666666663
3991,0.75,1.0,-0.25
3992,1.0,1.0,0.0
3993,1.0,0.9166666666666666,0.08333333333333337
3994,1.0,0.5833333333333334,0.41666666666666663
3995,0.875,0.7083333333333334,0.16666666666666663
3997,1.0,0.6875,0.3125
3998,1.0,0.9310344827586207,0.06896551724137934
3999,1.0,0.6,0.4
4000,1.0,0.875,0.125
4001,0.95,0.8125,0.13749999999999996
4002,1.0,0.6363636363636364,0.36363636363636365
4003,0.96,0.35714285714285715,0.6028571428571428
4004,1.0,0.3333333333333333,0.6666666666666667
4005,1.0,0.8333333333333334,0.16666666666666663
4006,1.0,1.0,0.0
4007,1.0,0.8636363636363636,0.13636363636363635
4008,0.8,0.8,0.0
4009,1.0,0.9090909090909091,0.09090909090909094
4010,1.0,1.0,0.0
4011,0.8,1.0,-0.19999999999999996
4012,1.0,0.7142857142857143,0.2857142857142857
4013,0.875,0.4,0.475
4014,1.0,0.7692307692307693,0.23076923076923073
4015,1.0,0.7142857142857143,0.2857142857142857
4016,0.375,0.8222222222222222,-0.4472222222222222
4017,1.0,0.8,0.19999999999999996
4018,1.0,0.75,0.25
4019,1.0,0.5714285714285714,0.4285714285714286
4020,1.0,0.6666666666666666,0.33333333333333337
4022,1.0,1.0,0.0
4023,1.0,0.5,0.5
4024,1.0,0.631578947368421,0.368421052631579
4025,0.8666666666666667,0.6666666666666666,0.20000000000000007
4026,1.0,0.5789473684210527,0.42105263157894735
4027,1.0,0.0,1.0
4028,1.0,0.75,0.25
4030,0.7,0.6666666666666666,0.033333333333333326
4031,1.0,1.0,0.0
4032,1.0,0.6428571428571429,0.3571428571428571
4033,0.6666666666666666,0.16666666666666666,0.5
4034,0.7142857142857143,0.0,0.7142857142857143
4035,1.0,0.7333333333333333,0.2666666666666667
4036,0.6,0.5,0.09999999999999998
4037,1.0,0.6666666666666666,0.33333333333333337
4038,1.0,1.0,0.0
4039,1.0,1.0,0.0
4040,0.16666666666666666,0.5,-0.33333333333333337
4041,1.0,0.4444444444444444,0.5555555555555556
4042,1.0,1.0,0.0
4043,1.0,0.8333333333333334,0.16666666666666663
4045,0.9333333333333333,0.75,0.18333333333333335
4046,1.0,0.7894736842105263,0.21052631578947367
4047,1.0,0.8571428571428571,0.1428571428571429
4048,1.0,0.7142857142857143,0.2857142857142857
4049,1.0,0.5,0.5
4050,0.9166666666666666,0.7142857142857143,0.20238095238095233
4051,1.0,0.0,1.0
4052,0.8,0.7142857142857143,0.08571428571428574
4053,0.8,0.625,0.17500000000000004
4054,1.0,0.6,0.4
4056,1.0,1.0,0.0
4057,1.0,0.6666666666666666,0.33333333333333337
4058,1.0,1.0,0.0
4059,1.0,1.0,0.0
4060,0.6,0.8333333333333334,-0.2333333333333334
4061,1.0,0.75,0.25
4062,1.0,1.0,0.0
4063,1.0,0.7222222222222222,0.2777777777777778
4064,1.0,0.96,0.040000000000000036
4065,1.0,0.7142857142857143,0.2857142857142857
4066,0.75,0.46153846153846156,0.28846153846153844
4067,1.0,0.5,0.5
4068,1.0,0.6666666666666666,0.33333333333333337
4069,0.8,0.8333333333333334,-0.033333333333333326
4071,1.0,0.0,1.0
4072,1.0,0.7777777777777778,0.2222222222222222
4073,0.9090909090909091,0.5714285714285714,0.33766233766233766
4074,1.0,0.5,0.5
4075,0.8571428571428571,1.0,-0.1428571428571429
4076,1.0,0.8333333333333334,0.16666666666666663
4077,1.0,0.5,0.5
4078,1.0,1.0,0.0
4079,1.0,1.0,0.0
4080,0.75,0.8333333333333334,-0.08333333333333337
