form,mean_in,mean_out
а,0.7850917016881626,0.5508112380326303
абсолютно,0.07337229087452739,0.07701377222479272
абсолютного,0.1571748305617175,0.045778807706873405
абсолютной,0.047889231469758,0.2031629158332617
абсолютный,0.525312245018243,0.07053319514428896
абсолютным,0.021306997851563,0.07793165434981952
абсурда,0.83703732498434,0.05959139040020527
абы,0.05224337791001928,0.05552249856369704
авангарде,0.25530311645109266,0.0011637532815543846
авансом,0.00016997399345869548,0.00187729894139212
авось,0.012888580041471608,0.03243032703731325
автомате,0.0025491851215152326,0.021454080103396365
автопилоте,0.00022106047974104176,8.464544031930333e-05
адрес,0.4593968125735352,0.15995189171685464
адресу,0.7464672087753715,0.4057543489271758
адская,0.296609842949808,0.05282256718856389
адски,2.081421846316385e-05,0.0005937123463096353
адский,0.10933218463202998,0.006989672731180259
адской,0.033908313780707,0.02015259549013158
ажуре,0.0122223746809565,0.04224866274860692
аза,3.3457168039007806e-07,0.023532736000605497
ай,0.9829153937272053,0.21373982908913952
аккурат,0.06011616749209653,0.006678677104960605
алфавиту,0.046923493790087666,0.1924348196352533
ан,0.274910448874207,0.2255056432183485
апельсинах,0.1288552279258505,0.02223396438469867
априори,3.212252538625684e-06,5.615189854627796e-06
арсенал,0.1116310344265425,0.03975485775201409
арсенале,0.038328656731178,0.025810557219356378
африке,0.8230318803642624,0.1283033500691547
ах,0.2168538375767201,0.12139592916260901
б,0.12674879537264133,0.1338939394857137
бабушке,0.08779631280986933,0.06024890061291388
базаре,0.023086093040171403,0.020286630809778553
балды,0.00014119520152001304,0.0031158366509156012
баран,0.002465782290972,0.025031848651732466
баранов,0.4705399826107886,0.047609203531040555
барского,0.5752017077742146,0.031346520245789516
батарея,0.06889579475118575,0.05055956237690629
батареями,0.000719536581046,0.28300706493705263
бдительным,0.7572400957303577,0.022783250866271542
бе,0.9570187123286441,0.09626124780667894
бегах,0.193125921333527,0.00821610156286935
бегу,0.1243101116188404,0.06852523916623095
беда,0.07333383008328499,0.14354413609522473
бедных,0.05338526335546641,0.13519602767312303
беду,0.354592025617897,0.1511608022282326
без,0.8815073936128734,0.5730626043016183
безгранично,3.418515438011133e-06,0.013179788203225398
безграничный,0.022411571102837,0.03279103107276133
бездна,0.00024796005449637066,0.053254880729500804
безмерно,0.024875693743711,0.00990073200326247
безмерное,0.000208587433467,0.0033189080119952288
безо,0.24653077809196802,0.1974521170491977
безобразия,0.015901569550517185,0.0025160257578540762
безудержное,0.019920694023391,0.07047119717701696
бела,0.9848791809595745,0.6580267280873365
белы,0.16045386359448266,0.2693174218591541
белый,0.6848580215644956,0.33071863655710215
бельмеса,0.0005718276135632278,0.00027963776146020945
берегу,0.004034483179625599,0.24474817650182393
берет,0.45766622421728237,0.25197337159980926
берите,0.33284072499050205,0.0273392466401346
берущие,0.762770115409363,0.1654685556222
берущий,0.198581479562555,0.08276188501159797
бесконечно,0.0012409467180480001,0.13884001365581233
бесконечное,0.944991892899646,0.09802010765975587
беспорядке,0.18446108578014367,0.016395992232958
беспредельно,6.604661207120112e-06,0.0005458534697636041
беспредельные,2.199445848077349e-05,0.0011944423538597765
бесятся,0.191359623782805,0.0008151386133175426
бешенные,0.012332602961833,0.001479022232632397
бешусь,0.021040811256594,0.0019162788029729479
библии,0.001057426706577,0.1985118766306932
битком,0.952163164356933,0.3291374348804427
битый,0.12870299524111015,0.00346847778878297
бишь,0.10991137929902199,0.0055029868588584215
благим,0.20347490384302802,0.0002520001301414293
благо,0.5761378937567586,0.013208080528914624
благоволите,2.753435204201951e-06,0.0014264735694147562
благодарим,0.001819956099919,0.2580911427382069
благодарю,0.7861329387466963,0.2208226122792553
благодаря,0.9158954583637566,0.22681395929904163
блаженном,0.309061404490301,0.04370453741631335
блеске,0.3413317485791767,0.04936315997646333
близка,0.574079816197509,0.2649459075631196
близки,0.8707539943101286,0.29210506469859177
близко,0.7440002939585968,0.28402003543454596
близок,0.7714718947248617,0.15288282524681227
бог,0.42969823840076327,0.29694925004253775
бога,0.39494697780960675,0.2932900727281836
богом,0.5176022812712451,0.15681961003693096
боем,0.23069233781745835,0.3686839670652048
боже,0.3378626246484148,0.4334051417621521
божеский,0.14215103912918567,0.1045536673446223
божий,0.8553353424887739,0.131049574407082
божьей,0.6943097706866723,0.10422907341486702
боится,0.9817112523780216,0.14646506525402575
бок,0.9943301921973328,0.4584268906909977
бокам,0.633532861315303,0.2941999307816943
боки,0.43218578597253976,0.00024176168957507874
боком,0.2686294641796415,0.1286057309278521
боку,0.940908087873432,0.0388858817225974
более,0.8997422489950048,0.4944590980268094
болеем,0.007493134401986,0.06254890122821817
болеет,0.124330962025787,0.010169578747322302
болеешь,0.249067947158712,0.01696134868044547
болел,0.433134930090421,0.22639806980786098
болела,0.01091975880368,0.17341831395840132
болею,0.637917240619273,0.003395528444002825
болеющий,0.024637604569213,0.00036880100128
боли,0.7053047191295858,0.24678823264070368
болит,0.7388684536138025,0.308726290898362
больно,0.02426510581250084,0.22351101930536885
больше,0.4551858069147207,0.6115274809240017
большей,0.9942641151123667,0.6520421834494722
большие,0.9397101808954875,0.1170009341589324
большим,0.942184348269049,0.40072566723314734
большинстве,0.9073851742502265,0.33002264430359135
большого,0.8339358596131542,0.3338357741564859
большое,0.621011755827613,0.3090777131818283
большой,0.9160414218168326,0.07223982778004513
большому,0.9992928740234572,0.30474481727655484
борт,0.8498172629447891,0.22800019926701673
бортом,0.920669863936696,0.2753329658458998
бору,0.9499131005375544,0.23550355504706288
боюсь,0.21797601275333633,0.12865118960956465
боя,0.3245523544730566,0.3248155472149527
боялась,0.364146091037438,0.11414875058608813
боялись,0.987454771628392,0.16643066229029135
боялся,0.52732222719384,0.09053804696105401
боятся,0.9904589636244332,0.1323331479502589
брал,0.03069257721975367,0.06411936673293786
брат,0.8618917490458271,0.3084349881831066
брать,0.9605001118992735,0.40356031514921625
браться,0.0103139021921715,0.25565455010441995
бросив,0.00297289886205,0.4070702967857206
бросил,0.45220873413192453,0.2201695243769804
бросила,0.2324040867725685,0.13868560028722693
бросилась,0.663044170175578,0.15453708741477476
бросились,0.8795709461518271,0.0953432845427491
бросило,0.7828877991489831,0.1172016679902253
бросился,0.4232764097031187,0.04504926185056108
брось,0.23841093780634098,0.10252389301309116
бросьте,0.004192566253269,0.01450425525339358
будем,0.5109038819121485,0.3988933761637804
будет,0.48413499952416306,0.460951272510929
будешь,0.5212083293149475,0.3514114482652899
будто,0.30183913945273555,0.026526335442928803
буду,0.7690062376535368,0.32326002024514533
будучи,0.8557342001868576,0.6105875637759071
будущем,0.7782118708876465,0.4368609385270362
будь,0.8901320284718399,0.5927167757073405
будьте,0.9390203138321872,0.5304941640541738
буква,0.843230289619702,0.44133589444505467
букву,0.9758209387402802,0.45877076290000657
буквы,0.9939337793174806,0.20862911961225875
букет,0.20403898385391628,0.2430533129828523
букете,5.59697986882694e-06,0.009779430015707084
бум-бум,0.0006969436355717527,0.00041941913391152155
бурлит,0.0037976229021380926,0.011794445563209398
бухты-барахты,7.462788493925906e-06,1.1183745546727078e-05
бы,0.8385416998222821,0.7338827686352655
бывает,0.9734856619647182,0.3812886901055098
бывало,0.9912493282010463,0.043724435352210295
был,0.8733511099175257,0.7388817225575405
была,0.5930282059712767,0.5204747181994719
были,0.793085118432272,0.5195843226743772
было,0.8849596325827681,0.6427363836542848
быстро,0.2253713605599678,0.22933626769670473
быть,0.9159710830078938,0.7289241407209931
бьюсь,0.9513236792417024,0.2301954611429261
в,0.949619428098895,0.7947853548348733
вагон,0.3373718275461311,0.13306913372544643
вагоном,0.00014063046397,0.15141433110032432
важности,0.28396008111270005,0.5549775844260662
валится,0.111059693041423,0.15200939882246353
валко,0.9986291541093688,0.09647572118931878
валялся,0.994332284118402,0.05358965021967343
вам,0.23497628550936056,0.22879777084572583
вариант,0.3822170557937094,0.26843493449771183
варила,0.005822469440588333,0.08517651679334012
варимся,0.675844014609028,0.09946296176887005
варит,0.022297999183695,0.051459767010239965
варятся,0.283730804156633,0.06055921139682026
ваше,0.22392868464104237,0.23759738056653984
вверх,0.9109329518471896,0.3179527108379125
ввиду,0.4780390296805452,0.4024813740797932
вдвоем,0.014715498724955749,0.033570581734572474
вдвойне,0.06210751656351559,0.021092239145020914
вдобавок,0.062164432571804,0.0009518139800424865
вдогонку,0.0012998336551156666,0.04685798377349775
вдоль,0.5049560657945237,0.205149112248689
вдруг,0.3214100299244533,0.07472606080108211
ведем,0.03778559332267,0.09205649338056145
ведет,0.209062007237996,0.11681393036726388
ведете,0.096732480656381,0.2966271910883448
ведешь,0.023882951255357,0.2885413072013342
ведома,0.1812082632239534,0.034647671835533876
ведут,0.8568414079139157,0.3640033622595146
ведь,0.5306361556346169,0.10032287560678103
везет,0.22780776791400723,0.1463912344479878
век,0.0024535727709925526,0.518655172415241
века,0.2972965561766696,0.7114783653196084
веками,6.32899588362709e-05,0.27250947431453953
веки,0.9901205572764343,0.45423587699964385
веков,0.8462326556960267,0.3774203592686847
вел,0.072225622024074,0.13933074064734824
вела,0.5978705592740456,0.2276277737859671
велел,0.5106362343580536,0.13817837768089217
велели,0.054902448049292334,0.031873614468015024
великое,0.5618137687011281,0.06926662204411199
величиной,0.085709157415663,0.029775492301564187
верится,0.6865876594541634,0.3242536037784426
вернее,0.06823168023272433,0.0046038628370682596
верно,0.08311417953510733,0.2868820113459464
верной,0.722407561642223,0.02545360101396854
вероятно,0.039099823026112666,0.06598811743174324
вероятности,0.18933655779612002,0.07474306736241917
версту,0.29047723742112397,0.000342366814464478
верти,0.014949898303866206,0.0037206327339728467
вертит,0.108367727931512,0.06046449413049282
вертят,0.257972340233255,0.045374877400528896
верх,0.7639072525695898,0.37508207116617415
верхам,0.010772464405203333,0.004040184287679625
вес,0.5629278054330489,0.3663013187500402
весом,0.8847599978727356,0.25197173617884905
вести,0.9636940984737254,0.48241129061489735
весть,0.1455758126392602,0.24201131455387603
весу,0.21072682236400933,0.2862832167102923
весь,0.8048019607046356,0.3779515194758731
ветерком,0.24661054649562933,0.12158472178495917
ветрил,0.009930491942847999,0.004522754918393256
ветром,0.9320671775509917,0.20763513451335913
вечер,0.022099267887633,0.21317181118806822
вечера,0.6600148024797968,0.34293898552495505
вечно,0.282009847499291,0.14796276831929386
вечность,0.8989403595618063,0.11174927845944387
вечные,0.8917129879884748,0.026150788137096575
вещей,0.6257878402467406,0.3340465466672497
вещь,0.011711729520577668,0.20865369366017203
взад,0.9983460691435241,0.822794963686014
взводе,0.25654206115250416,0.04384861627281943
взгляд,0.9701693959000044,0.07670698573488167
взгляда,0.775802407886661,0.34679179367977275
взглянешь,0.33154180555353063,0.02732653289582887
вздумай,0.13210141586904134,0.10619382717896939
вздумайте,0.060898840817239,0.03823146420736862
взял,0.5016420076418814,0.1658820399472429
взяла,0.7671535144135575,0.2591058927514846
взялась,0.119291360490963,0.2224441161681292
взяли,0.5859135277678194,0.2950765125198982
взялись,0.090344428564221,0.291325210865415
взяло,0.280106523782075,0.05503029835074329
взялся,0.6610117760890656,0.2548865366599444
взята,0.397835601093876,0.12509356419691733
взять,0.9083093670311885,0.20403869827432672
взяться,0.9754660643048477,0.510356661930964
вид,0.7518063337566228,0.5139105161606446
видавший,0.9729156667222973,0.010382790388345414
видано,0.40501385432326986,0.14046044665857124
видел,0.3525646488829744,0.2603584685334175
видели,0.5999244104833765,0.23817633560872883
видимо,0.0931709920783635,0.10091280858958766
видимо-невидимо,1.021091116861026e-06,1.1924394593717675e-07
видимости,0.3396092227850363,0.5772698448375491
видит,0.6474066054256435,0.2534558327783116
видите,0.4213248173259631,0.23056046617367573
видишь,0.236438579838678,0.06091334200961337
виднее,0.400260203558532,0.2273917607204145
видно,0.7147231707666162,0.29777105186363445
видом,0.6556124385847727,0.48932074301100054
виду,0.701039456987791,0.7958564081238958
виды,0.8180879818511031,0.5310461989324594
видывал,0.9886644513734132,0.3160381845135091
видят,0.5178429417309931,0.2612964573517836
вижу,0.737154037068908,0.37997818680853684
вине,0.6640477364150521,0.062057895195775176
виноват,0.6276319151386445,0.35461722041331356
виновата,0.9733952533373775,0.27962870608575147
виноваты,0.9946717538269312,0.3787982390314391
виной,0.9537265376629124,0.29521939080327003
висел,0.047334369088454,0.14753263434269442
висела,0.3424208355483105,0.059016402389023795
висели,0.387201018697978,0.05940972647573623
висело,0.036175777953938,0.10142752485872908
висит,0.6982411697063861,0.1440820084864268
вишь,0.0003668294451776925,0.00409618404857769
включает,0.9728762312830246,0.2366048049081166
включал,0.4987092721740791,0.1998661862856078
включающий,0.35798680343417,0.067470494636967
включая,0.7532148788007796,0.2587984465610626
включительно,0.04469754037707839,0.014472906945575334
вкупе,0.105801530983391,0.00026021270788200004
вкус,0.8183122479553872,0.3554423072627548
вкусом,0.5608113391125775,0.22754891758695303
вкусу,0.22695685985298064,0.707208909701671
власти,0.6098638664978933,0.4246657226911042
влезет,0.37387151374747624,0.05361495687997694
влитой,0.009152586750204,0.005380661967611999
вместе,0.8715913914592163,0.15338763239624756
вместо,0.6845142786603166,0.2731738905996443
вне,0.7129139784772517,0.3456676068910303
внезапно,0.061556793003173,0.06348878592883093
вниз,0.8156997722858577,0.41383717020882094
внимания,0.7988023573090397,0.6781422818789924
внутри,0.446908172682174,0.1197293983879314
внутрь,0.5861830867495614,0.4077151920018407
во,0.9488474324708017,0.7618943029238877
вовек,0.014965233115625818,0.004940943064042394
вовремя,0.12408241418895528,0.22049909929273595
вовсе,0.15776451437977515,0.0940295602946
вода,0.9983035917570277,0.39647681881195235
воды,0.9976334098314658,0.5509851916859723
воз,0.013195285431635444,0.07781357262914561
воздух,0.2636391067527175,0.49036316334059266
воздухе,0.006019302307406,0.538567250938385
возможности,0.9862684947720542,0.26224899215181546
возражает,0.112658308190297,0.022686782840286978
возражаете,0.3256806941657015,0.284517375624997
возражаешь,0.028175217571904002,0.3102634760112861
возрасте,0.4796327863913314,0.021358609376611
возьмем,0.03400574553858,0.07274819039267291
возьмет,0.6118374258873556,0.0941302154847764
возьмется,0.560539902595661,0.021695306132943307
возьмешь,0.7316074131930611,0.0712155276696911
возьми,0.6202429745672686,0.2183179680973013
возьмись,0.9929852005960638,0.010626908425727001
возьмите,0.0815479534740155,0.11096474234426165
возьму,0.041507329932506,0.2362176098174335
возьмут,0.001429094837408,0.1710733491539673
вокруг,0.9972566163199866,0.41334479153800285
воле,0.735880637591225,0.1390786237934541
волей,0.169926662581071,0.3515461150777863
волей-неволей,5.706041339038569e-06,3.5936429970993576e-06
волен,0.0006115445220795,0.1294320928094824
волна,0.926082491628752,0.4611011650630139
волне,0.52709800152566,0.16331587781907544
волну,0.9969959251868712,0.07192369126675166
волны,0.887343846627301,0.12808363660881225
волоске,0.451539951829969,0.25448904524425564
волосы,0.987534100393292,0.23668652320348332
вольные,0.7494285242356306,0.022694900224802205
вольных,0.9202574949036134,0.015584483648219202
волю,0.2958084968198083,0.19100267852869351
воля,0.9931325505675768,0.17732265532289007
вон,0.8233396010860851,0.1402971584177584
вообще,0.4211015974076077,0.15551737568453847
вопреки,0.5694960878943225,0.44913156615955396
вопрос,0.37820717695403167,0.5527525086535792
вопросам,0.3043987108885966,0.3513057839577441
вопросов,0.45913572081561554,0.2349627767157455
вопросом,0.9773955572599444,0.4784601375409712
ворота,0.8538079401770943,0.19994585154444225
воротил,0.294068763326602,0.0008205602535786162
воротили,0.7768354162273,0.11509489196152003
воротит,0.226701082858857,0.07583255608680034
воротить,0.5421776449927846,0.08243576595032603
воротишь,0.012989954663743,0.08986446049539021
ворох,0.1499080316032415,0.058119849159037854
вороха,4.363258511416498e-06,0.002115904559217769
воспрещается,0.00301532435881,0.0002894865769924336
востоке,0.2544653390287505,0.6493188364381914
вот,0.6717655259081233,0.3351185181650634
вот-вот,0.15588560185001948,0.0030154594759784505
вошедший,0.8812675651938151,0.09287828691853672
вошли,0.9799787141540752,0.33485280153178315
впадает,0.295152811809092,0.5237115158188117
впал,0.656865261882948,3.5154055631877966e-05
впали,0.928340910016459,0.006396653255760556
вперед,0.5390004974628633,0.42631171617998515
впечатление,0.9877644847883151,0.5921540144978548
вполне,0.027680994639765248,0.16316277720543465
впоследствии,0.186924379089559,0.014707359506231203
вправду,0.124869460642598,0.08651370526367465
вправе,0.11238798561035279,0.16712417418605435
впредь,0.1818975433298024,0.0051532958158626635
впрочем,0.3888080426148778,0.10504183764552738
впрягаться,0.498278228406846,0.0004405678482796383
впрягаются,0.20425140637719,2.0594239086071633e-05
впрямь,0.09402231293057933,0.019700374007666527
впустую,0.029477782210165,0.05238174286662667
врагу,0.5476445406619338,0.11501851232985334
вразрез,0.2194907896972557,0.0023194607322549136
вращалась,0.089189348408277,0.09567451513009345
вращался,0.039977684861984,0.05027410808050129
вращаться,0.022919545548782,0.34541207539620683
вращаюсь,0.364585378749236,0.06644540796927673
вращаясь,3.663735196239353e-06,0.00351752720937921
вред,0.9311941363333487,0.3535089739143308
вреда,0.329436704689933,0.37301679085656403
времен,0.5612978479886527,0.31147006354112444
времена,0.8218070411453228,0.6015767320766213
временам,0.005354532980956999,0.7862733412811841
временами,0.0232636012298548,0.011146280640485692
временем,0.9905662530468817,0.20004698061302487
времени,0.9008890202809331,0.593240909921288
время,0.8987789099897375,0.7759872965674747
вровень,0.09881554271093088,0.0023360946772970526
вроде,0.4167798721800946,0.1557571664055054
все,0.5852391377908779,0.422068608084448
всегда,0.4875214735289885,0.28844483832499984
всего,0.8182098577235033,0.7300592431960745
всего-навсего,0.018258772498941554,0.0136391800935799
всей,0.8363116672768167,0.4344219515010103
всем,0.7675355947395575,0.4468865151242287
всеми,0.88655568861087,0.8654236283770118
всему,0.8671560269412675,0.5735033002377166
всеоружии,0.03944897260045333,7.296926586871103e-11
всех,0.8378154406554666,0.37345682105400685
вслед,0.654016386056164,0.5562599849149671
вследствие,0.22088574834638686,0.541579308138172
всплеснул,0.253951206578412,0.14174323375934364
всплеснула,0.4677769132030625,0.3199062229937209
всплеснуть,0.681917980133197,5.711559263841407e-05
встал,0.334880866914269,0.26017389040361677
встанешь,0.001906056849264,0.11944221763797135
встань,0.024267113370695502,0.007299208667658406
встаньте,0.019761958487114,0.038709986111033115
встать,0.21627871594913203,0.15392244800358487
всю,0.9100137627773146,0.6176606572476503
вся,0.4731952510528541,0.5631411837460301
всякие,0.277699074489649,0.10298349692248204
всякий,0.7327585960743279,0.4089891007965059
всякими,0.970290758510943,0.02913716679651417
всяких,0.7060377165552351,0.23983786162133597
всякого,0.695985534556442,0.012751005875161325
всякой,0.982741299942757,0.3584401978195547
всячески,0.08675357106975,0.0488332633794393
втаптывал,0.000258929768279,0.000141759430712
втаптывала,0.042627853574775,6.1771161183958056e-09
втаптывать,0.006606877631105,0.0020673259249400036
втоптал,0.00971465907901,0.010655827813914732
вторая,0.9454029889088232,0.21626896210509378
второго,0.607212624466798,0.14085267085279812
второй,0.4727482827038904,0.3099099717604491
вторых,0.9454967356835274,0.17669476766334838
втройне,1.1005491811358742e-05,1.1370678104683314e-05
вчетвером,0.00015748556176,0.0022612799324346735
вы,0.09057968331627819,0.471706428762173
выбор,0.9278492159453398,0.32722584101132013
выброс,0.020742119368981,0.09280461322841808
выгодном,0.05185735288947433,0.13240194927287355
выдавал,0.52571927473585,0.0528274626769874
выдавать,0.91127073910989,0.2623457500253192
выдавая,0.7750543681937011,0.0411720359922245
выдает,0.0126900668419,0.03685666442044883
выеденного,0.5001085876997573,0.05522284185260724
вызвала,0.48479368728105,0.4502314645164854
вызвали,0.7658389359969371,0.24440269638555115
вызваны,0.059669805086845,0.21147640931664083
выкид,1.769069670534153e-06,7.234747823075929e-05
вылитая,0.00017738077107315418,4.3063545368750354e-05
вылитый,0.0001775503570667048,0.00043148133801047855
вынос,0.33930227226430026,0.1665434466328131
выноси,0.7665282643425484,0.15655287530068254
выносит,0.029538370252145663,0.004126932190037591
выносят,0.004079346018617368,0.006070746349777159
вынудил,0.003195974978784,0.09991157944108227
вынудит,0.066434588757824,0.07667193718108267
выпавший,0.203952889784846,0.15745068804381487
выпал,0.812890914588254,0.23438546338634986
выпала,0.248459342174554,0.22906336763495272
выпустив,0.203507646522234,0.14300912705936503
выпустил,0.946987127196654,0.18570700803803095
выпустили,0.422357087312729,0.09300430962436985
выпустит,0.411024273902367,0.13601730803041256
выражению,0.150150912683269,0.3457344662358957
выражения,0.013183172080737335,0.18467413946500613
вырост,0.002487328840947219,0.0025744275504100862
высоко,0.381487183248635,0.29923972490825956
высокого,0.320793009155336,0.2922018391654425
высокой,0.230984549224927,0.41512611205249256
высоте,0.7923814100742996,0.4072684799511453
высотой,0.9959565056403532,0.4145601354815482
высоту,0.966017709923886,0.47444524547537065
выставила,0.005674555229857,0.030567392500653476
выставлять,0.090370794568867,0.40058097988003977
выставляют,0.0023523016338,0.2657104449926336
высшей,0.7776013690753069,0.1175223576848415
выходе,0.8628697445463016,0.654907429729892
выходит,1.577408337051168e-05,0.24132919240995018
вычесть,0.04431676863142817,0.0003335077078160875
вычетом,0.0019174191449569725,7.320465194203238e-05
выше,0.9588727367425129,0.4024335783960111
выяснилось,0.041617464390729,0.17757696113760682
гаком,0.011424024579896401,0.00032886091556000004
галереи,4.740574745854144e-05,0.018506016873122935
галерея,0.16967325620165633,0.24583135291169497
галопом,0.06979507627640734,0.10567482614745097
галочки,0.006149979526225666,0.01825779175252206
гарантий,0.21422767559362538,0.1825315602873781
где,0.7377250536886423,0.47123964988073
где-то,0.017057335428349602,0.022220040660510018
главе,0.9836791295306135,0.0092866186139885
главный,0.0179868868010385,0.3182467076724677
главным,0.9916767743864581,0.167637248212434
главу,0.8568147592168064,0.3232761693217527
глаз,0.7588755757435499,0.29666278633679094
глаза,0.7926447941215563,0.3091364920426357
глазами,0.7047871192251748,0.6910574189751939
глазах,0.8902106412430472,0.0025792574913610002
глазки,0.196167887384997,0.17332410498667394
глазком,0.7578658215029526,0.15548134743730416
глазок,0.06363855599958801,0.08063511404432469
глазом,0.6476929761304024,0.34116950627043635
глазу,0.9981205561330485,0.50935191544548
глотка,0.20656899049113953,0.12601542307100938
глотку,0.7294738323731398,0.2087925470063263
глубине,0.7624389522453046,0.2999326766504613
глубиной,0.5990282841051671,0.1376828757882607
глубины,0.8995356279646681,0.12264544322319641
глубокая,0.006002292118997,0.04124839462465197
глубокий,0.001547249005495,0.17330264204844703
глубокого,0.327387275300251,0.30446990459415724
глубокой,0.7305331500113115,0.4002212626720353
гляди,0.9936940658135278,0.12517248614614646
глядишь,0.4088310397162376,0.018609279926630994
глядя,0.3395940257293914,0.5311091503137451
глядят,0.9997117504873877,0.049011941981001415
гнула,0.081372146406029,0.05812041144441375
гнуть,0.9962112646133632,0.09721585107580075
говори,0.6195904538511967,0.21283741030964262
говорил,0.5101634457817434,0.16471001812581243
говорила,0.24642927422573488,0.16172969175400573
говорили,0.04346986086055,0.1545560142425998
говорит,0.6327847732419369,0.24071179860363903
говорите,0.305129088654865,0.3307475372689715
говорится,0.542058291956594,0.06146545032436921
говорить,0.48138579775244483,0.36596929549845914
говоришь,0.17650614379772347,0.24892626697667716
говорю,0.8449233058355059,0.15606457149448086
говоря,0.903960946090936,0.5947243456940468
говорят,0.11375548039593984,0.3265543396336758
год,0.7753748090908076,0.44306476311555015
годам,0.6687809613294724,0.6658782602024316
годами,0.5894003772873221,0.2234600429425041
годах,0.007158584169715453,0.014303531340279
годилась,0.053786096976222,0.06696811414228628
годилось,3.81296972186324e-05,0.023262792572256462
годится,0.6677771881228071,0.026776845024360077
году,0.7955082056729418,0.9465260851824823
годы,0.049470964743755,0.6651083615718562
голимая,0.0009317597294843185,5.224392843688959e-05
голимый,0.007501449484689472,0.00016782876652671644
голова,0.6848906694729089,0.39055987440808526
голове,0.6654348681539164,0.47683966648804654
головой,0.7756954861134209,0.580349789142891
голову,0.7997893003270976,0.5699601663388629
головы,0.4765314063225649,0.4066353415465307
голодном,0.8972280001529224,0.024764986248253545
голодный,0.5995222269240984,0.04007362256979337
голое,0.996135603610442,0.04835666561638468
голой,0.000158094979801,0.302094385245738
голом,0.35690655515618935,0.04881840565436405
голос,0.9765012888579828,0.39956958428863504
голосе,0.00034424352693499996,0.5496241957262985
голубом,0.9875223883717307,0.06736267077451563
голую,0.00346254086766,0.028711200244721992
голые,0.004111825950953,0.1086083627773841
голыми,0.946963965652422,0.16015322432173243
гонял,0.9618281181204044,0.05758305050001653
гора,0.1157830825257935,0.23839490780248027
горазд,0.39212956644152863,0.04228401096306254
гораздо,0.3439768246670364,0.2511887071059883
горами,0.9656173171309685,0.2733568242574619
горах,0.45292052346736095,0.34281165913943634
горбом,0.005174555059197333,0.000295889156121366
горе,0.9952711209182357,0.09497531287662803
горем,0.454590145097693,0.17346023437470356
гори,0.20707752448920744,0.1520324615842843
горите,0.013738681479904,0.05327636305690023
горле,0.9975556495970376,0.4049114368880791
горло,0.8708070672324165,0.12720090349676375
город,0.35691562285221434,0.333620355192779
городом,0.7275379501683267,0.18969057505291761
городу,0.995435005807607,0.016326245814694267
горох,0.9397179104736404,0.3373466932600443
горстка,0.008207633093466667,0.005301833199878745
горстки,0.00050706142506,0.043910968330459925
горстку,0.068406673617523,0.09885791804714426
горячим,0.8468530481003298,0.12331921953524219
господи,0.005443707182098,0.10021620810289068
господь,0.21871696686831585,0.2839560766325346
гости,0.39181977140610535,0.15850410883273722
гостях,0.5039123048150314,0.06881835803633433
готов,0.1732140092065403,0.21112064891902627
готова,0.081053162456856,0.3232989425465181
готовности,0.604210352057111,0.3514411117512482
готовность,0.185900804742648,0.2735526024009344
готовностью,0.204577735511748,0.10084770515467106
готово,0.356679037647463,0.331577548960116
готовы,0.828117524657128,0.438395675246202
град,0.643462965119898,0.27745082684523054
градом,0.3457668632038797,0.4190513483885381
градусов,0.8745489584367561,0.6371102348316184
грамм,0.4151780246908007,0.3272980767328106
грамма,0.013188086953137,0.07911547913418202
грани,0.914429924210515,0.135868898795702
границах,0.0890204780980958,0.13718094112684295
границей,0.24600525285657468,0.3657718505651295
границу,0.6519744426145281,0.4984982553261368
границы,0.4676459940788302,0.1940530206431659
гранью,0.5162855371178107,0.014201358750456482
гребете,0.020114396047433,0.0038321503459096983
гребут,0.570440714693845,0.03659530095081303
греет,0.520900145751869,0.027192555190396882
грела,0.177217886760653,0.0166076228558972
грех,0.3738073070321002,0.08545345049759913
греха,0.5615622848052129,0.18824950371783603
грехом,0.21212763154187975,0.14291455118385485
грешным,0.009175950229408827,0.005095980671288964
греют,0.022654390844647,0.030304552755172083
гроб,0.6406189202683648,0.06960460448917359
гробу,0.7367077159010871,0.0153487460703495
грош,0.7897429469524,0.1992297822150608
грубо,0.18526932302359342,0.04689306245887248
груда,0.090465633889363,0.14315060743128064
груди,0.6547152955423128,0.19644161043391564
грудой,0.328464468708349,0.0956345240488272
груду,0.2825196226270937,0.1320804035581782
грудь,0.184970065782899,0.20857974512698144
груз,0.15811718624329701,0.39329980597749825
грузом,0.9983197651611267,0.25150708768894264
грязи,0.7570313034964794,0.21672963771691983
грязь,0.7751451052612784,0.23573395585600204
гугу,0.0017147230198466667,0.4227774194338064
гулькин,0.12268694924492375,0.0001033094874259304
гуся,0.8437390964873035,0.0016575391673068814
д,0.275432946619823,0.14573066977639712
да,0.5723405073034368,0.31226726799999766
дабы,0.0398949872850805,0.14737070402874533
давай,0.29570517864806056,0.2571015293891587
давался,0.352261310717315,0.04782714904425931
даваться,0.378171784572436,0.05397228059422922
давил,0.001761210434131,0.05336062331629278
давит,0.004520717458291,0.008645572895188415
давлением,0.5069601617657935,0.26775095556188905
давних,0.2855965836142196,0.10572454887953923
давно,0.35958987143352156,0.1695288744295305
давным-давно,0.0007691666482431717,0.010073063578324678
давят,0.059425125438708,0.0015560931562917585
дадим,0.49486940310927713,0.28702246927469904
дадите,0.611397185141732,0.04083987719023128
дадут,0.3624750549881117,0.21894091217973333
дается,0.9757209876872692,0.14397530077805895
даже,0.5802821106066872,0.21000682018866565
дай,0.8326176061979812,0.34201567001186595
дайте,0.086748640319473,0.14619436511622577
дал,0.6942133033045329,0.37912353803818144
дала,0.48350226968501336,0.28819764847216106
далее,0.997665599481488,0.20623020494997546
далеко,0.7740644601342443,0.461757579797469
дали,0.594767946254069,0.31840008172549517
дались,0.014517992783587,0.10145991525731976
далось,0.9962681407653752,0.1911642031393636
дался,0.03987339896496,0.14102966257865232
дальнейшем,0.029652723768405997,0.25714619917157605
дальних,0.0022666748209843337,0.08767473993079464
дальше,0.7081489309099553,0.27471026979272994
дам,0.04081661973951157,0.14908165350712985
данный,0.7050577007721006,0.24994395333163108
даром,0.3945435641939031,0.18943956627118141
даст,0.6688089097110053,0.3288841460122048
дать,0.9331074311237475,0.43299866186431135
дашь,0.02273074109757825,0.15918909034656212
даю,0.9750845908778016,0.19990888773205737
два,0.8071882188198818,0.37017203645119323
дважды,0.9936733242191728,0.32828337382564493
две,0.948432207722873,0.43000391654134584
двери,0.5904465442492954,0.3261154322577773
дверьми,0.206105565199894,0.06063466466438209
дверью,0.4450087734699954,0.5024850188610172
дверями,0.9658336203432275,0.5087762964916673
двоих,0.285367643542441,0.0580197430875176
дворе,0.6789488343614974,0.5355977480477699
двумя,0.253941436693849,0.3695643054376144
двух,0.8444013663699179,0.5594547272511137
девался,0.0383303410397365,0.05989187692307506
девать,0.5699899421117726,0.3633471829050159
деваться,0.4975136218539455,0.16025730460812662
девках,0.18627455720254169,0.0001575144001420827
дежурный,0.828590993701794,0.019984714880619592
действием,0.300871428177584,0.042491911195409786
действии,0.22662189364727361,0.047570997066486057
действительно,0.008597509340349,0.05696870304786142
действительности,0.014744204888368667,0.1178916322960351
дел,0.6854335966309746,0.7739265074728657
дела,0.7685447840850317,0.3621170332707727
делает,0.5015534446447866,0.5961579074903934
делал,0.8033384021026047,0.12904680606333555
делали,0.9739905213448585,0.2039950887875425
делать,0.7510382433048067,0.3590332784730038
делают,0.855820711640751,0.3410028803778121
делится,0.5204699643869509,0.3718886714709735
дело,0.6655562135739691,0.5238321670258331
делом,0.8693011390875797,0.6852842999772458
делу,0.6898662708140075,0.278605243570751
денег,0.7077515520842796,0.2694406853269697
день,0.8587740253834987,0.5501270179941101
деньги,0.33104972801746835,0.3062660055607428
держа,0.32133568822127107,0.5851155854968154
держал,0.4832064149283165,0.3593535544429504
держала,0.504854614785858,0.2757452330903368
держали,0.08103836527146575,0.13832352108855744
держался,0.341287527028319,0.12029437039871027
держат,0.7340579434541612,0.21250256333682907
держать,0.72682600495016,0.6559427015518033
держащиеся,2.5838496523162272e-05,0.07861056723247968
держащих,0.550389430458996,0.007276978667963334
держи,0.3758851423975793,0.06883582643949852
держит,0.5234239296566434,0.27595936837678986
держите,0.5235610190680761,0.15573631006164498
держится,0.6052828289089701,0.2360897464484329
держу,0.176743549066562,0.4163424503290272
дернул,0.35198745679641064,0.12261398233936208
десяти,0.060939601438535496,0.026466205787336137
десятка,0.9999647948431502,0.17534905655429592
десяток,0.7787659550794305,0.25573952130189226
десятых,0.2797562180445983,0.026367224205141163
детей,0.7821514768615825,0.4113588673382287
детство,0.85925095365402,0.37142900421025926
диагонали,0.20870739774597205,0.00027811021632615825
диаметре,0.6821223474793765,0.5754450757345412
диаметром,0.591286589464566,0.3800695032144504
диво,0.06303560976449049,0.02886031561368405
диву,0.6803550310378048,0.1137509314836334
дикая,0.004078805032519,0.05372349108014685
дикий,0.016589233014856,0.04875558660694457
диким,0.006464741019894,0.19544256837615195
дико,0.039233090386944884,0.03910280144519892
диковинку,0.042055300362405006,0.051673349115410015
дикое,0.001396264397358,0.007664324258492665
длинным,0.2514932499956987,0.1707648248464867
длиной,0.788027001367543,0.17101014303596462
длину,0.6674630140302458,0.4523314073391539
для,0.841825555780663,0.6988398216647076
дневал,0.11141133173143768,0.000770607291951
дневать,0.004162551269865,0.00013008230871312286
дней,0.8043401273019121,0.4908325852469943
днем,0.8112232037283991,0.1744608101539989
дни,0.7372319191636582,0.39942297001200533
дном,0.7167266454176907,0.5626108934380372
дню,0.660431603219067,0.4148571248999199
днюют,0.517196556386622,3.835419787234665e-05
дня,0.9078577310477298,0.4792818453454193
дням,0.9938687929137489,0.19492409632476038
днях,0.4051147923086405,0.45515340670908655
до,0.9355310665887823,0.6514604322623063
добавить,0.19643708707769184,0.22395648716726066
добавление,0.043480711038382004,0.11961270998114942
добираться,0.219075491000735,0.19016762308788954
добр,0.7802352548435291,0.3182921493025794
добра,0.9663194923753619,0.3798473316411073
добрая,0.000262861680586,0.10274800693070758
добро,0.0012157902236412,0.17180174112236207
доброго,0.8740612232678547,0.20762809541910524
доброй,0.4959889736625227,0.36897546206276005
добру,0.2673791516321617,0.309712303959204
добры,0.5605324460654386,0.5312143948997883
доведена,0.104400973147594,1.784143922989982e-08
доведет,0.338585021428336,0.2470846632131372
довели,0.162226622167058,9.626199069111454e-05
доверху,0.03933055304553203,0.015806219116788946
довершение,0.7187931067884488,0.11752658488072254
довести,0.6875140210191173,0.00030484014541250004
доводил,0.29450547408354505,0.0001033776096321213
доводили,0.034752389653385,1.9090708305769592e-05
доводить,0.935577620715938,8.137506084610189e-05
доводят,0.844195967878512,2.6399679563692173e-05
довольно,0.18887281509580955,0.09035903873115687
дождем,0.009285995665707,0.3036809278468851
дождемся,0.8004884868032751,0.02084891563303856
дождется,0.8602721581170001,0.00546047535041197
дождусь,0.1452342017288,0.008836302352836004
дождь,0.21361451906329068,0.4326690634776627
дождя,1.8674894810569944e-05,0.32452022101187733
доз,0.001516226770181,0.0416523356656426
дозу,0.643155278871434,0.255614501952555
дозы,0.440883140813615,0.045256728939017894
доказательство,0.082100049786365,0.41292652659555645
доктор,0.5812054912212001,0.17227491810108048
долг,0.2823857605632727,0.2600589435336371
долгий,0.511720573559563,0.07523350235732718
долго,0.9951765857412568,0.3623913501558774
долгом,0.0058586589522515,0.3548986607912747
долгу,0.44074137545658626,0.529713156869228
доле,1.851108004010348e-05,0.006519599314705187
должен,0.6353967790746621,0.7461455219714576
должно,0.7914425619818518,0.6648977161476594
доли,0.18705580164477417,0.44100767207172803
долой,0.30857031041582267,0.21966936657891148
долю,0.9430431131390882,0.6457145611338835
доля,0.965601109310378,0.3881434913742213
дом,0.1562843618967834,0.37239696883077433
дома,0.681189637792449,0.25458377093297974
домик,0.9967352406153668,0.024054250255909126
дому,0.7371539950047619,0.15676746958246857
дополнение,0.944597695309846,0.45551173596976874
допустил,0.126263884955302,0.17009607516528655
дорога,0.9944713106284092,0.4493700381897508
дороге,0.4673213195220491,0.2442004023036179
дороги,0.9521001586141261,0.37250959301873976
дорогого,0.506884176488353,0.20424392787354878
дорогой,0.20524482370087335,0.16371589274923673
дороже,0.9474115003641037,0.24684783547609784
дорожке,0.6017934547179661,0.1317467287820476
доставкой,0.005765424825185,0.019606945592216478
достаточно,0.5256440963508816,0.15786934192551255
достигает,0.4420505483030517,0.20158174630567197
достигал,0.5862408656434941,0.026783240376972134
достигали,0.975570456105128,0.03535568075241941
доходит,0.9753675002506511,0.46619548239918224
доходя,0.0864294661618487,0.011061652830198087
доходят,0.5625860975250886,0.3402898907026065
дошло,0.9909604265129897,0.5879395647953329
др,0.5387685666886576,0.26001689108993203
древних,0.18880018955395697,0.29679231572774684
древности,0.6944319639555718,0.27694900769396397
друг,0.9968417602992151,0.6867731532488506
другая,0.35444582756448867,0.227974813830603
другие,0.6801168144048463,0.5121108792854262
другим,0.7758694272085951,0.401251319021865
другими,0.466113097042464,0.5657969034353898
других,0.7390247139460575,0.1566849426055532
другого,0.8544511654751004,0.38747606612644225
другое,0.6718126101265783,0.3973925020979005
другой,0.622602629583498,0.2940235710489883
другом,0.3133688295688805,0.5964854948730166
другому,0.5520363928861197,0.8112870046680802
дружку,0.110420409780225,0.005780181281214737
дулом,0.49293579275783833,0.028037706478482936
думает,0.020299493621536,0.2292234625305471
думаете,0.6372455903242926,0.4370393804357007
думаешь,0.789691083159047,0.28161584936501405
думай,0.28863743555477567,0.15673331453352038
думайте,0.204402737853835,0.10617416047835655
думал,0.5670812662859137,0.19314129241511155
думала,0.09255223930763401,0.2562642083671019
думаю,0.7400524333255996,0.26512901859485255
думая,0.7160851796164214,0.26911141181197157
дураках,0.5351893476981043,0.07320541658816385
дурила,0.133816780035009,5.037032258831594e-05
дурит,0.042021396159341,0.0017556222964328978
дурить,4.592804968286586e-05,0.004179946223508987
дурью,0.07190692565443167,0.00339595798205529
дух,0.2317833875253946,0.45864420053436733
духу,0.422324883252917,0.23747779527060076
душа,0.7141654329819058,0.20696328621350024
душе,0.5598976808523812,0.39526313656184964
душевной,0.9377967100775005,0.28401459764729464
души,0.6885721144431006,0.1262983240496791
душой,0.7950265953326211,0.2379709470620948
душу,0.7384148853815852,0.5024217413461399
дыбом,0.676071383686952,0.5440626673267035
дым,0.02217360255549533,0.2612718382574731
дыхании,0.751534995623236,0.515375752851999
дыхания,0.34590974898717297,0.13535661898849277
дышат,0.874333382390071,0.05039822670150274
дышать,0.970736117773016,0.36110821699792334
европам,0.04740151391939113,0.018288302265349575
его,0.315201609513484,0.332845106817185
едва,0.16555053947987255,0.18871305422644846
едва-едва,0.0001854184104773518,3.969992140127305e-07
единицы,0.12904802847234098,0.12628939639060463
едино,0.261690854500234,0.1328342054384959
единого,0.5077390007478008,0.35786307655366184
единой,0.351267642466797,0.6280608098068272
едином,0.005250545162673333,0.24405114099459738
единственная,0.001037964299001,0.22838347014383728
единственное,0.6943334729332022,0.4459681180847666
ежели,0.004113998135911764,0.0024839780307038036
ей-богу,0.00016810298014006896,0.00016471902684151284
еле,0.1731964773585083,0.2167952818309183
еле-еле,0.00036149746023068636,0.004000094272388685
епархия,0.0459134989097798,0.042671202612198124
если,0.8206214687074805,0.4817244005582783
естественным,0.459247817447527,0.08092284278012069
есть,0.6420227239487167,0.4689431295320382
еще,0.3864102551259656,0.15536399144618276
ж,0.10583764340402842,0.49340697153895424
жалко,0.31298999187556303,0.1629839080327732
жаль,0.3670318078274658,0.15639003408565386
жанра,0.6428716633124245,0.2288074316623709
жару,0.9993932641673147,0.19286163026747197
ждал,0.157890990409617,0.279776704674827
ждала,0.073828089857282,0.22683606865117742
ждем,0.837798559607517,0.2562965886019753
ждет,0.479079681852781,0.2162152486317852
ждешь,0.127320828440567,0.07659351466428709
жду,0.8629127702976821,0.3580163801949947
же,0.8103467416803766,0.49414755311395964
желаем,0.04867703672211,0.16264012244664225
желании,0.48363619899174,0.7351245232604569
желать,0.9989244225892601,0.2916748507681517
желаю,0.4084140237067862,0.2888054867704482
желудок,0.8114106282290201,0.11744444937840542
жестоко,0.0050840412851711906,0.0959032741644999
живое,0.8862900597213804,0.2011187099658628
живут,0.893102298341749,0.261617510880417
жизни,0.7553340797990591,0.6386475420191506
жизнь,0.7710067695902069,0.45433053899339276
жилах,0.9990986107607618,0.5327744015253708
жиру,0.001015417408268433,0.019048808619689755
жить,0.9807149657555386,0.26026087130108033
житья,0.04219653121912,0.001234071718783225
жуткая,0.016231175443069,0.016039295298648292
жутко,0.013088054436414445,0.007390336244930976
жуткую,0.07350759903318166,0.06130129056678018
жутчайшая,0.000917833736511,3.520574278117694e-09
за,0.8927593118297957,0.6493371689508067
заблаговременно,0.007508845053737,0.09267130948440637
забот,0.2495380180570885,0.0457964074635939
заботы,0.176075857669305,0.09580287144699125
забралом,0.22438857167075868,0.19658654033668116
забыла,0.1004573856125775,0.12037548755232733
забыли,0.060310029369259,0.334834367868503
забытой,0.9973335048709966,0.04478890221005027
забытые,0.8566602056410191,0.00927277794050614
завались,0.2161846938646047,0.0016697819940267786
завершение,0.0339883205273728,0.04622091820169053
завершилась,0.187281574284179,0.05315780001165363
завершился,0.25785362603420053,0.07161445635340394
зависимости,0.9969951483877554,0.7076066858660287
зависть,0.6226253531294846,0.04088261465687296
завороженный,0.00029588844722400003,0.00746990475700703
завтра,0.8757591679554764,0.09164568809197615
завязке,0.00019518898703178993,0.0016807222672483788
завязку,0.46434918766694344,0.0018125068165734542
заглядение,0.000482959884114,3.969095227335331e-05
загляденье,0.1491435333101365,0.00978343800978309
загодя,7.813207039952319e-06,4.682866557113075e-06
заголовком,0.7986665327901246,0.470122118219283
загорелись,0.1692668073166108,0.05573074597510936
задал,0.092711212623831,0.5047344736236906
задала,0.057455007778656,0.3394015983855294
задаст,0.38369187224761,0.22543168553311055
задатки,0.0163034409012076,0.0591122452580161
задворки,0.002529376300051935,6.410519139870114e-05
задней,0.9904451549014158,0.4018610324270196
задним,0.963611268428742,0.36100256046964846
задних,0.9959443567602729,0.33063680043379323
задом,0.9907465287830334,0.04688900113785954
задоринки,0.9875808757580874,0.46621273076326364
задурят,0.006289753988037,1.6180170594848253e-06
зазрения,0.9418209882477141,0.00038036553164544823
заикаться,0.27882940039957405,0.11679729874313978
займет,0.00017951458588,0.3110430967790227
закадычных,9.740400632944952e-05,1.038565564985106e-06
заказ,0.48887474006477427,0.07737225168595488
заката,0.957625542578301,0.097460797644646
закате,0.08044092759376861,0.001331054886209
закатил,0.033686314896099336,0.099907321488865
закатила,0.7349831315234031,0.3122634354415642
закатит,0.000253482749507,0.13885376907876304
заклад,0.9992914300912702,0.25005217568529475
закона,0.6347663055060414,0.20211701064127602
законам,0.9170320247195914,0.5379344767369504
закону,0.7373983360826986,0.14077876349393673
закончилась,0.20433392808143197,0.40134277382115785
закоренелые,0.0037438221728360002,0.0025663885506772067
закрытыми,0.982996118271387,0.8982349742220007
закрыть,0.910100504637812,0.18678630200119734
залейся,0.045839971200143007,0.028917942118594282
залилась,0.613683968706995,0.16788064983654635
залились,0.100206226651912,0.09487461438402083
залился,0.1877539429892165,0.1296371062210303
заложниках,0.4588083494327893,0.002967144660468939
заложники,0.7272238585599492,0.01059806719310653
заметил,0.0235788636724,0.057242240874714106
замечанию,0.063352333194646,0.003102099105529
замками,0.07559221933686067,0.017842823380865142
замком,0.22713878356644068,0.28775014343692057
замок,0.11617057320388065,0.3152521247116658
занавес,0.171730126105566,0.2211123107324398
занесло,0.9817668838691267,0.42342213904932285
занимает,0.021781259080068498,0.39517429282813676
занимайся,0.12292973009943765,0.24925942483395255
занимайтесь,0.15810762758908953,0.1822725064400717
занимать,0.6289037240279113,0.2503271469625447
заняла,0.181901939876774,0.33005629467476283
заняло,0.556462412625324,0.3910207590421243
заодно,0.19104808575843918,0.036949774658223945
запарке,0.0005702761051792073,0.000994240976599
запасе,0.3346924755328334,0.16084149775948087
запахом,0.41833009373959706,0.30194970941969557
запинки,0.020559764797241333,7.436886920349418e-07
запрещается,0.056053163657715975,0.040489917774414075
запрещено,0.40943953156616236,0.23599030128737136
заранее,0.0705414556693875,0.13260880583433182
заре,0.489429310850414,0.24829291617089636
зари,0.903783642135606,0.09243757999235198
зародыше,0.0006030730438523827,1.014703109489784e-05
заря,0.9987326026361264,0.09724857036789004
заслугам,0.638901952688341,0.23663577696657967
заставил,0.475343257922947,0.5643287268391591
заставило,0.983747184459328,0.6200865951961577
заставить,0.733139842378546,0.5713601206299855
засучив,0.9776810909103287,0.01080122571817
затей,0.03768766889012033,0.005198476828999725
затем,0.4949096971328529,0.14016752671170257
зато,0.1677197889003404,0.05727694481504075
затравки,0.02489683196885767,0.0005308287078961306
захватило,0.520223179520531,0.10046737260456344
захоти,0.0056993454161164,0.009327880038532828
захочет,0.21551950294295322,0.1517263655200909
зачастую,0.014995226809797601,0.006386795822142447
зачем,0.5774070292998589,0.5484323979011105
защитой,0.5911480461890558,0.26011336925818007
заядлый,0.033757255614252,0.009349794656066796
заядлым,0.274587443932786,0.01567413240314455
звали,0.9999265971317813,0.20886440008907936
звать,0.0053007998227368,0.13081190274661442
звезды,0.16787330764658215,0.03616237452218201
звонка,0.9998387958116188,0.14495659531546642
здесь,0.3835269035075788,0.20819670954363292
здоров,0.46118523258826916,0.1244150059233682
здорово,0.3426220238043041,0.022263329698231006
здравом,0.886958035204145,0.6126941804576619
здравствует,0.9061105414560907,0.00012881928076482647
земель,0.9835282339239396,0.17434755772400326
земли,0.36348526972816914,0.2768080148646295
землю,0.8471308664835538,0.22339538245135265
земля,0.784364323788842,0.30516026996807905
зимой,0.865122996683601,0.006189041829777358
зимуют,0.8468369456786279,0.043048645860717924
злобу,0.7850276788099407,0.08282746615640717
знаем,0.9464886133599496,0.5174737782976447
знает,0.6934424277301294,0.44313622252227686
знаете,0.5554532182265982,0.2896760089022671
знаешь,0.12083680270969432,0.3128521837797262
знак,0.9746245827885438,0.27248781325549837
знаком,0.6620156933746852,0.4620579615844778
знал,0.6501439416314122,0.1441383209336587
знала,0.22704634226279402,0.17373199995903338
знали,0.8372452823270894,0.2303397156750037
знаменем,0.3453209670302535,0.03283347457965757
знамя,0.6279975741268544,0.10754924477238503
знать,0.8010127967059006,0.27035753244147187
значение,0.8972626824766725,0.3426363518129414
значения,0.9575899324550867,0.5009281987447534
значит,0.5223625709741456,0.274952569106421
значительно,0.1013483476457322,0.08014661486483408
знаю,0.5395299714114101,0.5243839446040982
знают,0.46678583758869346,0.4869788089827213
зовут,0.7606930005562237,0.6178744469472673
золота,0.9978059398985627,0.22973421416988424
зрения,0.9994396175213538,0.8493406225611372
зря,0.569862259173513,0.16468211500290997
зуб,0.449616527300566,0.29722291302828796
зубам,0.47120774008934707,0.08453744198068641
и,0.8386716957331612,0.46941990446753584
ивановскую,0.0003063398394571409,0.06220765414262741
играем,0.937560852325722,0.23904696397240247
играет,0.7360997146556345,0.33981779158108344
играл,0.8454377901552261,0.30662038080441645
играла,0.006976815111713,0.20046200784608378
играли,0.007720126698738,0.1577414627968696
играло,0.154570608703698,0.0688383015354637
играть,0.994998443017522,0.20321092476844785
играют,0.9500680715958152,0.20876030628456946
игрушки,0.4511004813326065,0.2111782679027427
игры,0.3467035990272307,0.48604711161330366
идее,0.3029527380404517,0.08148848519105602
идем,0.36451572849046054,0.14217914744909005
идет,0.21665393663443774,0.27965268797056997
иди,0.44664797179721283,0.34200214166703846
идите,0.5135228803910951,0.09559933021970314
идти,0.138632187237339,0.2775122080722669
идут,0.2714618163494904,0.22589392831975988
иже,0.23138883173413202,0.04648389936142979
из,0.9069912401914593,0.7125963558083582
из-за,0.36733892899484105,0.2706976346636531
из-под,0.2673265887667454,0.3940962856383027
избави,0.03063056270237527,0.05190273440483718
избытке,0.29849462087523365,0.05544027930088188
известно,0.6011378572920986,0.49858976237416763
известный,0.48780274060760453,0.4184576160602325
извини,0.18071826779843,0.0461078794279234
извините,0.303741282520392,0.06567184988722921
извне,0.218295521336129,0.01959422465919857
изволь,0.006420632218723611,0.0028194625798315625
изнутри,0.13672551118289067,0.016391857641627348
изо,0.9876133068073123,0.6516840151421067
изредка,0.22084370306439,0.019994048500776247
или,0.8348066833446658,0.37407507039567933
имевшиеся,0.002499219992933,0.0034204172153586287
имеет,0.7262183130136928,0.6470479787756608
имеешь,0.844871896262514,0.4335192438281129
имей,0.2597558596556008,0.06755604606716903
имел,0.4058606009632054,0.4064373547811915
имела,0.25896814513937133,0.3387698428445682
имели,0.29893633447998624,0.3691126512927832
имело,0.2900906397371038,0.15187585554778332
именем,0.2096075804356367,0.2939006656465757
имени,0.6006673201240036,0.7643913411146299
именно,0.5654458676218449,0.2990325415152356
иметь,0.9978597963002622,0.49214073164305083
имею,0.8251500206391491,0.5133046044848898
имеют,0.8878515936291898,0.62789682267874
имеющиеся,0.7793295370596021,0.32099784959895566
имеющий,0.8432764425179711,0.2896628114590925
имея,0.9363775999031172,0.28536688248941466
имя,0.7651259651391132,0.3828679732946549
иначе,0.4350812881945562,0.3684398830966445
иногда,0.9508770393233679,0.05217350951915146
иное,0.5300080774184651,0.2348491079647068
иной,0.36352115547923064,0.251820885247925
интереса,0.042493401063886,0.26663088908986615
интересах,0.9714528336256135,0.26314329603182
иным,0.9146392098143152,0.03681893855148442
иными,0.4639324389516403,0.2346513837970139
искать,0.63100157275037,0.22217677017300463
исключая,0.2207286008041522,0.004011406187352751
исключением,0.8389655703033065,0.12438453528082376
исключения,0.9428894772598123,0.45088859594151304
исключительно,0.0046925295702128,0.040410868539979626
испокон,0.1856111470893922,0.3042228296012088
исходе,0.8759009683702454,0.4420082155213185
итак,0.3870823767202594,0.09748767337073352
их,0.0827520980871854,0.23570562729888764
ишь,0.1051602358784404,0.013873145277581577
йоту,0.40588150726607986,0.2444719598501944
йоты,7.102639414088442e-05,0.0006847369751571208
к,0.9596869303408073,0.9794674948085114
каблук,0.025517795388552002,0.011870855082190756
каблуком,0.22936636320749468,0.14249047004186172
кабы,0.0035126544678670004,0.0008481095932842379
кадр,0.022817787188629,0.16172494489847686
кадром,0.5399691993116454,0.07797153600508601
каждого,0.2422599958406702,0.6521761590904535
каждом,0.9764432229487,0.4294922877789297
каждому,0.9956006702984457,0.40151510177372945
каждую,0.784741410500429,0.29148256901650066
каждый,0.5676509284409259,0.49319823889768394
каждым,0.9766101252995951,0.604127472000839
кажется,0.4211515855150387,0.47419127277624373
казалось,0.2275513091787635,0.5154432846834607
как,0.8004253684739477,0.5084099944479487
как-никак,0.0008279950385433653,0.0004824123788462884
как-то,0.19783353796296202,0.029073239461913696
какая,0.8003894651126552,0.5443517359032941
какие,0.8453003436905596,0.5967439377280066
каким,0.9259130760018218,0.6532028342082148
каким-нибудь,0.000102419693753,0.008942265633173069
какими,0.9856361871233951,0.47719052800273243
каких,0.8173201787412275,0.7852647318158275
каков,0.18255647238751668,0.12103603476998757
какого,0.7320738999933357,0.5508081879377316
какое,0.679425178319496,0.5812673651382434
какой,0.7701509648000202,0.6822827070954831
какой-нибудь,0.009846309169456,0.042450020553266264
каком,0.8584400784469788,0.6445514299744355
каком-то,0.5417276268108077,0.3526266013599867
какую,0.6130729945812795,0.4555138343998628
каменной,0.949471794655922,0.141588910305109
капельку,0.012864448459238245,0.0218298449832489
капле,0.000619474789926,0.16237853770234534
капли,0.649127579470388,0.2968949196048762
каплю,0.00924704295773,0.1464635617340328
капля,0.042216978287177,0.23669875033862353
караван,0.2091914162144554,0.17022415963225007
караване,0.0001120560128,0.001198760788591811
караваны,0.041381155651966,0.2195788165035981
карандаше,0.0016722960261751328,0.007021755019240973
караулом,0.0005976759987000609,0.15815184200986523
кардинальным,0.15413943736784633,0.00072604331442
кармане,0.924384579604793,0.4403453964165057
карману,0.8262658174148791,0.12228985031769035
карточный,0.7192027617484232,0.09989151624176927
карьер,0.9592832791598004,0.10950458744655171
касается,0.8362389059236324,0.64754878516649
касательно,0.04448753655838959,0.018985248562394814
касаются,0.745606730838546,0.2533667428083235
кассу,0.008782030850220602,0.09333406879896233
кассы,0.6290786065603806,0.04244859564048017
катись,0.045605996105219,0.028042752553343462
катит,0.007544038244767601,0.0676687022767059
катушку,0.6134741737017959,0.24448058979282494
каша,0.7416287155605937,0.15389175373820524
каюк,0.001504040567459,0.0014843921353505248
квадрате,0.11231005364843372,0.0017881110620200002
квадратный,0.5291884215449214,0.32981799360709363
квиты,0.008526704974047674,0.0050348419920278305
кем,0.9984158569502295,0.5821987736751832
километр,0.8913659716302984,0.3131176930340712
кинулась,0.000490776787709,0.05999326285503894
кинулись,0.021605700272344,0.04725596906797729
кинулся,0.0011947022092445,0.031867049900404835
кипа,0.1573864877777251,0.03929374387004565
кипит,0.010239110458715,0.052138082161030816
кирдык,3.959888748570776e-05,6.541436899254749e-05
китайской,0.187628547244966,0.21553021226361982
китая,0.20231940204852364,0.1057594236265255
кишит,0.9513314960629055,0.11551989520206843
кишмя,0.38380138385282003,0.35851076692428563
кладезем,0.0001674557355225,0.02581411727560572
кладезь,0.0011962532543605372,0.007858879301058932
классике,0.068918008390129,0.06068808650743805
клейма,0.23101979912569634,0.0053727637970438
клеймо,2.856189734180504e-05,0.06595440998379413
клонит,0.4208244999103867,0.21656904508812475
клонишь,0.7396543578963951,0.11469443109812835
клонят,0.000799895565175,0.002603546809597884
ключе,0.035720742058339666,0.00018659770149130595
клюют,0.9934207081780178,0.17754603570359723
ко,0.9928678491774225,0.8710294958484489
ковер,0.6728294777247821,0.13545466765011227
коврижки,0.044033837465104406,0.000208288749327286
когда,0.5237388211268768,0.4450351310844196
когда-нибудь,0.0426479509380958,0.07687119212871786
кого,0.9774390613260758,0.42204056602026524
когтях,0.002127981188536,2.2410028878176323e-05
кое-как,0.000876904071767592,0.000811886901372544
коем,0.9969784196502092,0.9484274489216938
козу,0.5490075528076268,0.0038389197285119605
кои,0.9949218507052465,0.9961413103948746
кои-то,0.7803545250203587,0.5760682540207841
кой,0.38976067563043504,0.2194419691503834
колее,0.45825033862555953,0.020159698290804003
колена,0.9816423711961089,0.1817268303979054
коленке,0.016049759423734,0.055640684190484686
коли,0.0046022958782762,0.009509635135271399
колоду,0.8829676704721211,0.1450483984839019
колокола,0.5718397304495673,0.28002169106439606
колокольни,0.35390153435725547,0.011987133365565443
колпаком,0.07159396648080034,0.16220560732744316
коль,0.951013984634888,0.04732381998885537
ком,0.5156959032967627,0.3048020549401153
команде,0.830089084576803,0.20364779698631233
командованием,0.8928566921805391,0.14996849481255878
комок,0.135018378889416,0.22835961786086093
компании,0.416006656780298,0.13899293185836606
компанию,0.41946545438369204,0.2842441970025644
компьютером,0.45131600612032297,0.10889903287612258
кому,0.32597695902324386,0.45155704873486824
конец,0.8060238889678853,0.33647582674316073
конечно,0.238657904451646,0.1177417895017353
конкуренции,0.5610514017022794,0.11070341018720709
конкурса,0.24270219049861133,0.35164744287290994
контролем,0.892717989112795,0.60588794416606
контроль,0.7151601406463474,0.17344102898331956
кону,0.489483372654193,3.668668046441482e-05
конца,0.6497628229406529,0.546551252342201
концами,0.9997167471809494,0.29670048478571814
конце,0.9996271369429781,0.514132155044082
концов,0.9017850522872298,0.02320330135753954
концом,0.9981968677730771,0.17275824857606042
концу,0.9988751253745976,0.6177762027031949
концы,0.5466954356819541,0.2254095494953088
кончай,0.11450587503734438,0.0014550213840500215
кончайте,0.003056372813507,0.0036562861208172975
кончено,0.020295922180745,0.09836658658651412
кончиков,0.8607776853161321,0.5804570708828521
кончилось,0.19140047338594335,0.09991794213618181
конь,0.9506895702395011,0.09219272257738664
копеек,0.41752880444504586,0.06643149239271073
копейками,0.00726218489408,0.012992538566592217
копейки,0.32811756578896134,0.26644184600369913
копейку,0.0022591968774343333,0.08229108394166812
копна,0.174184126485889,0.04499115859129296
копнами,0.000209342173481,0.07933400095296823
копне,0.0763962070047145,0.004217726887524805
копной,4.562457687136666e-05,0.2566905960461152
корень,0.33654071142227243,0.11275568175683583
корки,0.997008631988869,0.027812699963669214
корми,0.9827909488079767,0.3627924966113557
кормила,0.00075932808068,0.10903224905794652
корню,0.3958162501486672,3.366611147955039e-05
короба,0.9941722027635425,0.0006733352216625781
короткой,0.830608769328656,0.24459079973256417
короче,0.1789060882380054,0.007285648338220104
косо,0.27292770195408506,0.0014228277395663337
костей,0.9827605664335453,0.11948205417347302
костях,0.06174678058401467,0.024086948753671004
косяками,0.002472379344108,0.00782353764753263
косяком,0.004543276227345706,0.05131436974460525
кот,0.9920981978581703,0.20535504248887038
котле,0.7905390877389809,0.14390295311880855
которую,0.933367007797678,0.7635579130221954
которые,0.9637702644609565,0.4784023926880064
который,0.8911804934863651,0.6818240164550502
которым,0.96006606942261,0.7597976568183604
коту,0.5519501333066085,0.005130484035520276
краем,0.9605261476260083,0.6515643745869105
край,0.9173741334595988,0.48117570545229604
крайней,0.8948874310419537,0.013713417438025
крайнем,0.6777626298856839,0.13195631307448502
крайности,0.32065781714876734,0.08076250455627726
кранты,0.005478543220035,0.0014822730109445368
красе,0.9694563063645252,0.0396468875443914
красивые,0.8868126187050893,0.17223095046679052
краснел,0.001308958637047,0.014204821428201966
краснеть,0.077424561637544,0.060761573436894846
красного,0.9096540851167315,0.503140354893078
красной,0.6288423647385953,0.22294928657253252
красоты,0.02689600232813333,0.33318811777220764
крат,0.5202149586966966,0.5558966429650511
краю,0.49195500695698247,0.390804744320277
края,0.9794357918287858,0.41306595053180944
краях,0.5262850169233088,0.06597695401991067
крест,0.5693252927395079,0.4131119458550748
крестил,0.2321633679732225,0.012223177055796543
крестить,0.12688445112934132,0.07517230447343672
крова,0.5634377271652988,0.16258829020348764
крови,0.5796247679308378,0.38586829236355674
кровь,0.576945638563531,0.38988634892889645
кровью,0.8648319967335284,0.352811481940243
кроме,0.7553634285963652,0.1473367019243082
крошек,0.004156512131123,0.0012338713318137333
крошка,0.016350286544017,0.03818890449951448
крошки,0.1944270296335959,0.2870594375079818
круг,0.008479606923449333,0.44864012425905664
круга,0.027340856817987987,0.21482295593596532
круге,0.138138528560938,0.1930899604736159
круглого,0.00025780638059089335,0.19274112130007082
круглый,0.7764754243122041,0.033547683427573964
круглым,0.005476786753738358,0.13644730243241088
кругу,0.3939611023469101,0.4087780214313487
кружок,0.12878093152343567,0.09932939802806035
крупица,0.15449680517952302,0.022681399892839144
крупицу,0.081951507439935,0.006180327992300918
крупицы,0.0200740060643915,0.001595486464951688
крути,0.48962107066674204,0.3027019304910815
крылом,0.169009021100451,0.20085075323054127
крыльях,0.28833137908435863,0.4206043182021393
крышей,0.9929091980049648,0.35697130607687716
крыши,0.9664140408128006,0.23977301940406887
крышка,0.056440032926767,0.16130555202239666
кряду,0.0039824947891305,0.002372408002507026
кстати,0.5406278954413337,0.1367951439469057
кто,0.7903814460078854,0.722553584134758
кубе,0.0321232961185065,0.0626857460477486
куда,0.7248302624253926,0.39994408657721353
кукареку,2.3248784222451875e-06,3.2411428944448685e-05
кулисами,0.12282244027252599,0.00011562453854501327
кулисы,0.3544885953250506,0.006890335567199455
куличиках,0.00045146300510749964,4.7373930551225006e-05
курс,0.9958975439511197,0.32700888651754695
курсе,0.8951162267226376,0.5347722694845853
куры,0.5365788294922971,0.004324853552924412
куча,0.183363810278658,0.2627002591403579
кучи,0.5200393326414103,0.005323034559128201
кучка,0.39875882284199066,0.14280108103823272
кучкой,0.074882289246392,0.0540994677231009
кучку,0.002472523344915,0.16065673549905113
кучу,0.37531735081465434,0.25553000363484524
лавина,0.0897874818056985,0.08565141682517875
лавиной,0.098167208632258,0.00099598368005149
лавину,0.000672042615802,0.0070035855227577526
лад,0.016351906075517664,0.4500272009152087
ладан,0.7003296443948268,0.0011236750567219865
ладно,0.3294797077446775,0.1936669639926259
ладони,0.9699973160063889,0.10634163945144175
лады,0.606469503829716,0.013648985996276728
лампочки,0.7340081156967808,0.0435961636878818
левой,0.24880712958655216,0.30605648497701327
левую,0.6074030154650675,0.306482440006323
легенде,0.5167582175093726,0.41892966352351696
легион,0.027305952506223294,0.25286578158186407
легкий,0.104150170580288,0.100784774395107
легких,0.00226468721828,0.38312035478698214
легко,0.5194539179059061,0.14009273972422037
легкого,0.33447928842004937,0.18722772469404844
легкой,0.308938000486107,0.4976746930941272
легком,0.379191092469995,0.013420850361298501
легче,0.7279411322497825,0.18213028035247567
лежал,0.043190975794974,0.17865600960012848
лежала,0.6468607851635005,0.2520682494277166
лежали,0.1344389680918485,0.11335015939585771
лежало,0.007228483700166,0.10346782619063621
лежат,0.4178499445162592,0.15955383068919002
лежит,0.7418066011738507,0.4486087653843926
лежку,2.175361369907255e-06,0.0012408466258966263
лез,0.001204099842036,0.03886305875565134
лезет,0.9969164145691792,0.3555864103768646
лень,0.05508676779439,0.24572318423782563
лепешку,0.486928924668203,0.026902590191993602
лес,0.4314297128405136,0.21983259697846308
леса,0.464389485890188,0.16547285637122439
лесом,0.098049105992631,0.10950729481909394
лет,0.8568979809771999,0.8193527259774441
летела,0.053934316789407,0.03172001536130831
лететь,0.55179766136557,0.06040214335632949
летом,0.9041256236665127,0.16616726888173183
лету,0.22360012773367263,0.12180609928650303
ли,0.9197928965176939,0.6668571439434676
ливень,0.0289913612247596,0.04266927443447404
линии,0.7428939823200689,0.09824522524679345
линию,0.9962477266475603,0.1120073352857611
лица,0.7573219383249037,0.47641380888450263
лицах,0.276222034401806,0.5177631000636642
лице,0.8893474997668548,0.5952419016018023
лицо,0.6703039993409946,0.3533446852356154
лицом,0.8440910683319165,0.32434228780809043
лицу,0.9934362695682771,0.42968750235138464
лично,0.010197115000124332,0.06080422240759212
личном,0.5565850438900045,0.3156675145937958
лишен,0.6707222996339536,0.2851174262359584
лишком,0.12166165688186266,1.7227071192864449e-06
лишку,1.008377597379614e-06,0.03890611134603297
лишнего,0.5792361002867176,0.1875860862150752
лишнее,0.000130511045331,0.13681226409980185
лишние,0.000177201901852,0.07606291163786451
лишний,0.000438248199116,0.0759450359156071
лишним,0.6743197973863986,0.01447709539766799
лишних,0.8476387429651622,0.09624113510372675
лишь,0.6337539040452184,0.14696749102181222
лоб,0.7156791193926206,0.18523896051955727
ложись,0.2442694928198575,0.010632145302735561
ложном,0.13314084810012836,0.030209314634733253
локоть,0.928416800129168,0.20581896758499363
лом,0.3004819100502022,0.021057461419777792
лопатки,0.24282486432162367,0.12050596785414812
лопатой,0.0028379752555493334,0.030329980635276768
лопни,0.000991758546459,0.002945457022645648
лукавого,0.12661694654153666,0.0005966647140828957
луны,0.40176411865805106,0.160856980624379
лучше,0.4542439038681578,0.40520491681930143
лучшего,0.9986873512500795,0.1756075509199524
лучшем,0.7078941876272439,0.45263283510378666
лучшему,0.997193427392595,0.8205667282501284
лучших,0.98091455539529,0.3134458549688771
львиная,0.05722134766096062,0.017146618094064137
любезны,0.2982019113784902,0.2566828835741022
любо-дорого,0.0011678733758407952,5.053704220698752e-05
любое,0.851602007483183,0.3315150784908511
любой,0.9072919024702872,0.20493514751841335
любому,0.23667671870062434,0.19949895573939297
людей,0.33609816000233356,0.22774414814858077
люди,0.008576447847800333,0.27085932477112373
людях,0.16743398867881967,0.2603604442954788
лямку,0.19152358498957733,0.15066681138193447
мази,0.034677552472138336,0.029295181258429056
макар,0.9988904382395513,0.013550742926090594
макаром,0.016377188990438,0.01985824954723899
максимум,0.040985316103023,0.059284560693272655
мала,6.460994962984223e-06,0.24676633326519692
малая,0.9739905615043881,0.2805865846797557
маленькая,0.7851306679918676,0.21494444864246975
маленький,0.39140208185875747,0.15001380886129506
мало,0.4792970368934788,0.417277854244172
мало-мальски,0.0024308869331949503,1.0285283208824421e-05
мало-помалу,2.3845283173066806e-05,0.00023740343344746755
малого,0.9619454419518914,0.33690012452315027
малой,0.7575294601224073,0.14280129085976534
манером,0.0033853421326743333,0.01383120882933972
марки,0.0056613228805549995,0.2895928241275158
маркой,0.04417610938870433,0.5281101652143145
маслу,0.7207066036947666,0.005671765146682601
масса,0.0862216239193758,0.1755933725427957
массе,0.8456124087063094,0.32549780649163546
массой,0.638444509568845,0.125615484803214
мастак,0.039960397747219004,0.008404428383744797
мастей,0.7094949460844303,0.15018600219517186
матери,0.944701999772078,0.1377428670785217
матом,0.56878037366673,0.1313777613957212
мать,0.8951934896394667,0.2327835665129625
маха,0.034086662878027,0.012127227089038075
махом,0.48145855656558173,0.0009583314306910192
маху,0.31337149556684896,0.2854753513290135
маяться,0.32576540762211303,0.0003372558570064976
мгновение,0.698612719356636,0.13242716295905876
мгновенно,0.002456182048005579,0.025708086834735404
ме,0.41541975861555985,0.05897105793301692
мед,4.2268382319637824e-05,0.10006049871134093
медом,0.946643600122143,0.029599399704761505
между,0.7906473974761992,0.896249448091706
мелочам,0.093889783652417,0.07284245691376157
мелочи,0.5492253295039864,0.08435235338603905
мельком,0.0162395983366306,0.08813150034582641
менее,0.9887900351460032,0.6277558008164443
меньше,0.5364103436958162,0.26835983609591024
меньшей,0.33801623310021234,0.32104454106255054
меня,0.8059818311932186,0.3435485777182117
мере,0.9134874973428082,0.2209317698496327
мертвым,0.21099703880755602,0.1224685932823111
меру,0.1599826196209168,0.3211821513612397
меры,0.5620409004507113,0.43107894917152567
места,0.9943771666223842,0.4490006174367943
месте,0.9820122975086946,0.7240305360069381
место,0.7638305216052255,0.5744783045023575
месту,0.996978682291721,0.6026842710293416
мечтать,0.9021120251715552,0.3194449177290436
мечтаю,0.168002641017712,0.10796425347270096
мечтая,0.530985761194802,0.058311490727171504
мешает,0.6294080956018481,0.2458309672393204
мешало,0.38216624289706475,0.14240249727598125
мешка,0.329100331011314,0.29366753633265613
мешком,0.658879959389371,0.183831275055983
мешок,0.12919392689486633,0.08235041644544719
миг,0.14585532484910435,0.08915125820840705
мизинца,0.13811011097804318,0.0036010204426013557
мил,0.7618089479167461,0.2654006735438389
миленькие,0.022978145420654,0.004410479249382529
миленький,0.001468907569415,0.0021770466452382038
миленького,0.008418055519321,0.0013192817013569543
миллиметр,0.2290842886058935,0.004788424215711754
миллион,0.06345711802967,0.07759477455079343
милое,0.2581874753209395,0.056790578023342204
милости,0.3410577889602297,0.09739160703430495
милость,0.6167753878353522,0.2462148143645363
милую,0.9757740365839185,0.06998176193046085
милю,0.004800050126698,0.03822580803656506
мимо,0.9714323559791129,0.6840874023315305
минимум,0.41421341686989926,0.11327997151635764
минус,0.11493031642838168,0.35200229260520094
минусе,0.0012543418872914788,0.00013468740897298772
минут,0.9864592567681892,0.5517115452541709
минутах,0.9903751658535384,0.485393415844789
минуте,0.628366223711463,0.41947230375047967
минутку,0.4561645684962947,0.046476453025172164
минуточку,0.0091388466467574,0.01098552530477511
минуту,0.4633263345769651,0.3249484569740454
минуты,0.9796511403938085,0.3543306133057025
мира,0.998087465048862,0.4041501899749411
мире,0.550763264247625,0.5652015233866783
мириады,0.0011041480998070265,0.0001504427406812025
миром,0.44951609061298586,0.37721485156395584
младая,0.002581954271834,0.00061401443989781
мне,0.8975207375673996,0.5772666272307443
мнению,0.7502047339742214,0.608567602897863
мнения,0.9996613219271172,0.47483910296002807
многих,0.0144718069234178,0.04681832111402421
много,0.5869703678464735,0.5188512505812928
многом,0.8943019547223645,0.3530630094082956
множество,0.962010718122885,0.0878802213141621
мог,0.7425353531186312,0.43595107838373287
могилы,0.101999382963772,0.04137732491452548
могла,0.13264789994871132,0.4591761369602665
могли,0.907307243261621,0.36714806295383823
могло,0.2864035017968868,0.5767673766264549
могу,0.3949466037823735,0.3538227355530525
могут,0.910021276823593,0.6771587146269649
моде,0.45121843341181705,0.29364676161779785
моду,0.3500986253715426,0.2239447262608913
мое,0.4465059257106891,0.2757534607434533
можем,0.794132555404359,0.408376164745605
может,0.8615497246268208,0.24624151693582383
можешь,0.994900968245737,0.2936354059457251
можно,0.6698886596839455,0.5944041724101009
мозга,0.9982583527531341,0.5150835706646602
мозгам,0.1279038613399322,0.04638817056649083
мои,0.9150217711232755,0.37548213312682366
мой,0.9506930979360343,0.34856292453666715
мокрого,0.49414149019956344,0.05308591804477415
молодости,0.987123258833762,0.07545041290525291
момент,0.8391399669253156,0.42485425729976
море,0.10737254480722526,0.16782458083893498
морем,0.1384118419447904,0.18082304370345817
морочат,0.020077065616803,0.0007709617660044435
морочила,0.1928379447579,5.943531302210688e-05
морочили,0.011314960934592,0.055105332886235085
морочите,0.27663734155146,0.034293356938456025
моря,0.9570574584793137,0.20528606098085517
моя,0.9697612731323426,0.3030225488388343
мусорку,0.1007058218606465,0.02870195731051219
мы,0.9408433945910859,0.4111792078998034
мысли,0.9855238908477953,0.1921155627265914
мысль,0.05590047729899379,0.2933174216023901
мыслях,0.9845592455408249,0.019859366097016003
мягко,0.6836202922104352,0.09604979584841374
на,0.9401780032350155,0.8551371237508006
набит,0.7455655739091681,0.13310693527970016
набралась,0.9700056637646459,0.13311136066106766
набрался,0.54796163772794,0.20080589282368722
навеки,0.170437940597397,0.02652914598969195
наверное,0.24042541812005322,0.12249662511735523
наверняка,0.0733046926941007,0.054890077265603625
навсегда,0.9995306776559166,0.19703178526149795
навскидку,1.8084095833725855e-05,6.985958017224043e-05
навстречу,0.4015816246474964,0.5073623168449104
навяжет,9.244844919291247e-05,4.741115424149692e-05
навязать,0.008970609805997,0.2097078887438189
награду,0.3503299129261918,0.25974480405049505
над,0.9815845087786496,0.7770418973113482
надежде,0.9383620622408767,0.5130469721564523
надеяться,0.40870910981291236,0.4626569413872452
надлежало,0.087795337165388,0.0015997055183498772
надлежащим,0.5785782824799647,0.000843617918486
надлежит,0.014247083834086731,0.0026518993025660127
надо,0.6296885713095732,0.332424113904956
надобности,0.27757946330223565,0.14871831106877165
надоело,0.42524262107496985,0.2004927644636428
наездами,0.014246949652273199,0.001517222006394461
назад,0.695751268903365,0.9395293738178131
назвали,0.5777770807415513,0.20546608575033987
названием,0.9961490351702325,0.8286260488203891
назвать,0.90366847058993,0.5942162677221192
назидание,0.30964619756255984,6.057488121890139e-06
назло,0.059830813965883294,0.13230494725405348
называемый,0.9722244159348058,0.10049684608948638
называется,0.2917144047626623,0.24093933324731628
называют,0.730282928616933,0.36132681894210633
наиболее,0.03725609892519257,0.29179802230720137
наизнанку,0.5933986098699494,0.6714310684096844
наименее,2.1339654784078476e-05,0.04508668465987211
найдешь,0.484780568694743,0.14646001866987138
наказание,0.5399596663141463,0.29364535792525387
накатанной,0.29125586700570644,0.13988765233033262
накладе,0.04212713454388074,0.000318165526078423
наклонной,0.3482430440325646,0.02004573340612523
наконец,0.3854094003532996,0.06197250441148493
наконец-то,0.06149745635803647,0.000240502700704
налево,0.9997785581818512,0.44136868332126494
наличии,0.23446691252562601,0.692742831274171
наличный,0.57548328820168,0.02791760819562032
намазано,0.008153377766576667,0.0010660307608609792
намерения,0.259147915631386,0.10626879483016452
намного,0.17998301623761268,0.12688165561178086
напасешься,0.0001798036440086237,0.00011483330588405011
наперед,0.6857655256753393,0.05479312510586058
наперекор,7.453444198667742e-05,2.9657112584523265e-05
наплакал,0.044570064389547664,3.319040659547361e-07
наподобие,0.05828050602292775,0.031674552365139434
напоминает,0.3856586467192917,0.35798015003710826
напоминающая,0.301970961795812,0.15928760091445884
направо,0.9943618980016712,0.4889861989933769
напрасно,0.04990304115492633,0.047210640883623596
например,0.7701141707088848,0.1475358394756615
напролет,0.00018780130330322178,0.33458007772422677
нарастающей,0.007644946118999084,0.01991971256258157
нарочно,0.004882345418535999,0.02459994940396201
нарушение,0.5705934401925135,0.38874021512954726
нас,0.9627551271715554,0.3395921813225534
насилу,4.329276951807136e-05,0.00015499956641422058
наскока,0.001700464546199389,0.0025314259419180383
наскоками,9.706019300096972e-06,6.150346463673881e-06
насколько,0.6223579375288499,0.3698485818094147
настанет,0.219173841794483,0.03704821343748167
настолько,0.6546238463142009,0.6121336215953528
настоящий,0.020749154449397,0.1350495680680252
насчет,0.3662866092750628,0.15396793126669892
натворили,0.027350972908214,0.048313760267134916
натуре,0.10037472598660502,0.22502721240486537
наутек,0.039325819372911,0.030971240509279453
нафиг,0.11516261928479332,0.02800095029094173
находилась,0.22669822633993605,0.0444877777948497
находились,0.074793253516032,0.15801632188683862
находите,0.180305607127115,0.1310545752571645
находится,0.404209207664064,0.1788460332116447
находишь,0.6681321953185764,0.1054152170058204
нахрен,0.00966829661641625,0.005651472362307574
нацело,1.662189169178842e-06,5.9087986250919205e-06
начала,0.5767623410318191,0.4106163466193341
начали,0.400030624528603,0.2969777585188792
начинал,0.05441328819489975,0.1442237239114292
начинала,0.000126342166605,0.2256264562152274
начнет,0.117245269833364,0.18810844806037214
начнут,0.6133370242932691,0.31111559530482646
наше,0.4755648804677838,0.29333746843851183
нашел,0.11170496828960985,0.2828195158268718
наши,0.826207512189541,0.3336474059119203
нашло,0.9820438049114684,0.45193583428766915
не,0.9157142360835236,0.8597571311092135
небо,0.9403038661406363,0.4946236534075228
небольшим,0.218793120657504,0.14075766705341558
небом,0.9947729639441354,0.3788651571921851
небось,0.03618364388391552,0.007091688728885512
невдалеке,0.1073313991054165,0.00524106439110857
неведении,0.9432884832142258,0.28890452741502753
невесть,0.0172287366510686,0.182890309668495
невзирая,0.0196494421169865,0.004791968696038168
неволей,0.006074313303307,0.0005793441429027315
невооруженным,0.21312654416338592,0.04867083896140103
невпроворот,0.0013098597163782393,0.0008966605125924653
невредимый,0.7124286740869076,0.25331797958564395
невредимым,0.9980365878435,0.15854112383987656
негде,0.7167056023058141,0.33240076974547655
негусто,0.00018147735126049344,6.230531261029606e-05
недавно,0.0722940347982814,0.2547961848430006
недалеком,0.84268180711521,0.48675630669102016
неделя,0.8402291791584584,0.2489900858719968
недостатком,0.002475898684877,0.22030589846209034
недостаточно,0.045976127310264195,0.3623310779263495
нежели,0.016513299506883333,0.11773808801233202
независимо,0.5983884356684765,0.017549500242962854
незаметно,0.08075957354953445,0.18420338686456234
незапамятных,0.3569372199747695,0.44371554523422746
незачем,0.04355185706367361,0.12330816291069498
незнамо,0.2775742103359011,0.001301683283230888
неимением,0.6409274175274415,0.4809758013039641
неймется,2.5997211709921807e-06,8.343076131157977e-06
некогда,0.21489728867180405,0.16840233171254343
некого,0.45652407721645566,0.30341563738312094
некому,0.35561884880485445,0.28590975291081794
некотором,0.20692965260323848,0.40334791850537255
некоторых,0.004545972001683334,0.29291762790851683
некуда,0.8223902874320642,0.5915389259371693
неладен,0.089058559923911,0.0029655532385594718
неладна,0.230381173421109,0.00016846908168168917
неладное,0.4977983528572235,0.4817520324105843
нельзя,0.5185338572889256,0.42858889206906037
немилости,0.001605597241863826,4.585042345977287e-05
немного,0.31097719836365484,0.20603135077652598
немножко,0.004279769830145333,0.016935370024727458
ненадолго,0.006985563205128667,0.13356451846932516
ненормальная,0.021118266161045,0.006074232495224138
необходима,0.91813425394912,0.1479431472915121
необходимо,0.0342473920015396,0.1929549060981018
необходимости,0.5268795477069358,0.37448337606964555
необыкновенно,0.0010005458914706467,0.002533981138261751
неожиданно,0.000694377834076,0.1399207385163495
неохота,0.009853161636597501,0.015700122121490332
неподалеку,0.197019049703061,0.044422606731628886
непочатый,0.006138335218746334,1.149256032703274e-05
неправдами,0.9990606375860508,0.15469232975641756
нерешительности,0.2092540493094182,0.0004976663559724936
неродной,0.00017629697085133332,0.00015908979826142233
несет,0.19481472213099799,0.4421894755819909
несете,0.025599174298904,0.12763691855429218
несешь,0.150185184532167,0.07624631026035805
несло,0.01875241331737933,0.09139377104224865
несмотря,0.9707264126051525,0.7918753883842193
несолоно,0.8961138107471327,0.869179802379318
нести,0.537752662450334,0.18873392614259132
несу,0.328276822956358,0.07182033788573823
несут,0.6032276637708374,0.27038319414641987
несчастью,0.0074150376284206,0.20500747029311917
нет,0.7253940856279256,0.6100646904358008
нет-нет,0.1264647049556592,4.3655582282842297e-07
нету,0.012688451302269,0.03648784754662419
неужели,0.016489941380011666,0.1422872315499638
неужто,0.0022987887230139998,0.004977977852915982
неурочное,0.001197419584886,0.009136302856568013
неурочный,0.0001086660240466422,0.005754145297839846
нехорошее,0.009473742116225,0.01820766522569884
нечего,0.6225793866032504,0.47002676259729925
нечему,0.491771104606946,0.37776243711265556
ни,0.8450397323819364,0.7341384347971969
ни-ни,0.00921103475673662,0.00026237462571477866
нигде,0.35334483935797045,0.11518284376264233
ниже,0.8381151245238038,0.31099182806526654
никак,0.39041130083993514,0.0949472738038499
никакая,0.3778092675609305,0.28176784659787985
никаким,0.8566389601735,0.16692867560226612
никаких,0.7306855493682515,0.6975343563850391
никакого,0.171109930970625,0.7097245091205152
никакое,0.463065886092391,0.0089533353233176
никакой,0.33288002564481517,0.4640590123017474
никогда,0.5118913951061733,0.9974983488126321
никто,0.8159857602123483,0.7349489468482749
никуда,0.605009369949649,0.49774106715861116
ним,0.896522051930099,0.299240530325159
нипочем,0.001794339018022434,0.002153466743309956
нисколько,0.018045339803460732,6.241098280561682e-05
ниточке,0.00532480248958296,0.0006247499299657247
нитью,0.8877419855375809,0.253122348668248
ничего,0.5770127669787098,0.5752045206143401
ничем,0.055298164853531805,0.30003376578440566
ничто,0.008593690830136001,0.09966551549586176
ничуть,0.22507283903303427,1.7350489078360332e-05
но,0.7135682244840968,0.21272884258789945
новинку,0.32189149244658805,0.0685693688615305
новой,0.04837481251359766,0.16773807753873451
новом,0.8725554016413211,0.2684672574877446
новость,0.721695419129138,0.13060136785030338
новостью,0.168324873194531,0.13870381524570083
ног,0.8374452022223102,0.5551201900112218
нога,0.9993601227577461,0.1390325834990832
ногам,0.9734926857907904,0.17448446812041205
ногами,0.8482166637410206,0.2942328849855823
ноге,0.990088154409919,0.4049884423475174
ноги,0.6713801985892028,0.3329795245910677
ногой,0.5299172085993605,0.07139393240571976
ногтей,0.417138302842557,0.6821915280603726
ногу,0.9091350432232576,0.20030613996865423
ножах,0.10876933038662334,0.0019248745786640507
ноль,0.3630980397653345,0.22477260089687795
норме,0.3155245238344164,0.11204999324455718
нос,0.6694627175742079,0.41192332172060453
носа,0.497359268596747,0.3560743966290505
носил,0.12744440551744,0.20015393369339343
носила,0.046102720576784,0.22838299629951686
носит,0.506220877620583,0.4260333442677073
носом,0.712340621962983,0.3733893185496548
носу,0.793531553909659,0.39139322994636344
носят,0.7027710667876901,0.39332826374340524
нотам,0.378821567974978,0.005386358147644441
ночевал,0.9900716442171361,0.023683621641140986
ночевать,0.964473657789594,0.07248710882889134
ночи,0.609383401513894,0.531418348243394
ночуют,0.9807007415407132,0.02217652592137268
ночь,0.6750193734417119,0.3306895777644724
нраву,0.4235920966698214,0.0030851788104100004
ну,0.6241830791548983,0.19133552269935114
ну-ка,0.0012647396381195,0.02200069334939593
нужен,0.6956477544185294,0.40243505120036394
нужна,0.031419376628892,0.3214211699456841
нужно,0.3321799008297443,0.2034185608274442
нужны,0.863196023087009,0.5047267096882846
нуле,0.025978223170547397,0.00022407114954216603
нуля,0.6868796878826631,0.2647806491934198
нулям,0.0018987574893052916,0.007104971383201501
нутру,0.01645933932243133,0.002163782466244613
нюхал,0.6884691532923191,0.13332739034672825
о,0.9243593528473568,0.596326258304931
о-го-го,1.250695751092333e-06,5.982579346874728e-07
об,0.9942472743290434,0.8747050132386494
оба,0.9094983233772691,0.158107569678247
обгон,0.004332722239445386,0.008126000944534367
обделил,0.36617899574878,0.1687896267531495
обе,0.9906059136096174,0.15058376487500225
обед,0.9731159519888619,0.08509317938973238
обеими,0.117502303610651,0.43134838534065045
обернулась,0.19933051783092104,0.05175318323012767
обернулось,0.031513337765916,0.023331112177922813
обернулся,0.029478633245937,0.03343224419061712
обиде,0.5097200466913366,0.22887622984718758
обидел,0.8989165196502622,0.15001519200331723
обидно,0.41115250254305896,0.09398458959624685
обидного,0.01277676014549422,0.007806321230150161
обиняков,0.0006615432579553333,2.1048440059741325e-05
области,0.786445670649715,0.6505165988314411
обнимку,0.158094513293405,0.12624515270472486
обогнав,0.048011053313687,0.26389160537813083
обогнал,0.120902591544307,0.07147864168190704
обозримом,0.758071283859537,0.45272426152242634
обойдется,0.607361380600082,0.12606838089295513
обойдутся,0.903791176782283,0.0398244320806475
обойтись,0.9909700442472312,0.3807204832633665
обошла,0.9273748309588912,0.29778333398839435
обошлись,0.8375508540942941,0.059918562780237536
образе,0.11373532496735121,0.627936949028243
образом,0.8918040341319299,0.8577489508521264
образу,0.9986833770741814,0.27995250833431334
образцу,0.36113441076646347,0.026824410580906004
обратно,0.979943799431562,0.19568921943731885
обращает,0.9079599497766291,0.5134242129193244
обращал,0.210003960064763,0.3666451759913288
обрез,0.6258422739149899,0.0008459311854229126
обстановке,0.2605875929053198,0.06586324978492102
обухом,0.011947538599460667,0.004318473194490782
обхвате,0.04276096580367433,0.04407145212328749
обход,0.086056964325757,0.07746256135307045
обчелся,0.07971977365480068,0.01075338345109645
общей,0.39655909169104825,0.36810564020565295
общими,0.6497683271715253,0.2974685962526039
общих,0.5257920373432446,0.42606918221373247
объемом,0.14654541219815775,0.24920752471161203
обыкновению,0.4954720441696012,0.15811833722622953
обычае,0.13729829776074348,0.02240553772996518
обычаю,0.13894290987648836,0.001561459432716
обычно,0.07185882155706501,0.048290965590759474
обычным,0.17671601841913767,0.1830368978965432
обязуется,0.0055472117534056675,0.0024728357164109766
обязуются,0.011630953955209,0.007355246138775729
обязывались,0.002160712651106,1.0854425464679355e-06
оглядки,0.5830923473611864,0.048324119510235505
оглядкой,0.12518193645911033,0.12358115094261728
огне,0.008771435977388022,0.34766396996237503
огнем,0.4827919543399382,0.20231805215097795
огня,0.7920942077494924,0.21738371782494717
огонь,0.011100376377554174,0.08934499603697534
огоньком,0.003830925415206333,0.08972909482816029
огурчик,0.145005018082444,0.027927023462835522
один,0.7729250603213902,0.5341523837797169
одинаково,0.2621283442562314,0.27041131302050414
одна,0.6572750694683486,0.5527239967219135
однажды,0.2539091384536357,0.1905844592761605
одни,0.5978110895679625,0.4712448233399452
одним,0.8671539009131328,0.6426042835683132
одних,0.4205159259984,0.4274170747360464
одно,0.7762915528917156,0.5980557167883124
одновременно,0.5695424391826771,0.05550901032097775
одного,0.749321906379929,0.4057225311110081
одной,0.8035402553207165,0.4958721398011835
одном,0.9149974774706466,0.657283210368139
одному,0.5493150883091199,0.5481793092849437
одну,0.45247381308923285,0.6830585195797677
одолжение,0.34959454627145164,0.03281950635447785
ожидал,0.680157766371958,0.2444261891297598
ожидали,0.6198004901005151,0.0903204373215153
ожидания,0.7492738329274292,0.3309299657286644
ой,0.072556014863058,0.2527365327966795
ока,0.9978635330234262,0.5805948152173881
оказавшись,0.006493311370553,0.23419378018437065
оказалась,0.115057147886648,0.2167683749932486
оказались,0.02415625888721,0.1829500962160091
оказался,0.13329703861918632,0.21154122133905373
оказаться,0.507619486591506,0.27502482772589004
океан,0.018801532967555,0.1230200985155052
океане,0.015360100651629,0.4384225262718812
океаном,0.008853600720175,0.05184270933880413
океаны,0.000850142326583,0.08970607326307038
окном,0.26198470700982923,0.6178705402301883
околичностей,0.0001806174898983509,9.708133654954992e-05
около,0.7033646862974328,0.44045086788089016
окольными,0.014800750823617167,0.0011542100581755244
оком,0.6524112881174803,0.3729110834392584
окончательно,0.0187078928113548,0.20029995498014933
окромя,8.937565794975986e-06,3.768812203106375e-05
окружении,0.3828535612735831,0.035459340363064334
он,0.9975376116050932,0.23623188219247293
оно,0.8492622380718136,0.2542048136709108
опаски,0.01608940369517667,0.0004890481611142567
опередивший,0.493644525003912,2.7002415885869616e-05
оперы,0.2199062715696883,0.34198191221839125
опор,0.6909174183419451,0.2698520240968036
опять,0.5101873495328361,0.05975571803670436
осадок,0.1348236474535598,0.32459572531467806
основании,0.8092228868492365,0.2139621571108955
оснований,0.5177682817587367,0.4217454951074968
основаниях,0.8598984717735031,0.7686352356612478
основе,0.6730543870824465,0.406419540398401
особенно,0.156453432126292,0.16402653279557836
особенности,0.331822274081338,0.04640285070676516
особого,0.9332808954252583,0.41996551394975656
особое,0.158842584107383,0.2080849129969937
особой,0.49854232826710254,0.14606156999895714
особых,0.7738466809142721,0.12826958555304882
оставалось,0.8068353161696896,0.19874297242111055
оставившая,0.8860506785478011,0.2553538655496735
оставил,0.594984665718488,0.1937404331473894
оставила,0.961859330688533,0.11925519741777085
оставили,0.7257675047746761,0.2531151978158485
оставим,0.996897221819782,0.22549563677036005
оставите,0.644694025158911,0.1335904981547438
оставить,0.6392502943297497,0.6719298250803929
оставляет,0.98059002305266,0.24225407960460482
оставлял,0.605301673636058,0.011387876987422508
оставь,0.8532168174454182,0.12485322030992263
оставьте,0.795910680048945,0.2550651645421982
остается,0.5336028369351005,0.23270256341416742
остаешься,0.041934262337566,0.06688149090423198
осталось,0.044152215115032,0.2342478618832708
остальных,0.277938052866377,0.12839618919423337
остатка,0.39308225728775803,0.012730908590250048
остатком,0.03559624659453657,0.0006543905773370931
острастки,0.004017027960704782,6.0961798816573335e-06
острого,0.704811865694356,0.09586969099366771
острое,0.410581869240412,0.044151656922133714
острой,0.022151443837068,0.027250989411126286
острый,0.294066262697656,0.1624558376805058
от,0.9359045410141991,0.8612897642297067
отбою,0.002067320588241,0.0004294309814213086
отбоя,0.39561759798660157,0.02735491108630672
ответ,0.4675464640327007,0.31708370779377076
отвечает,0.339350192141303,0.4072684379188946
отвечают,0.311007394658142,0.17608083923320758
отвечающие,0.613394336933343,0.7398008235240611
отвечающих,0.633926733572794,0.291748665215924
отвода,0.9455707899526951,0.3866923531221608
отводу,0.00046484095758,0.01401478861354707
отдалении,0.015691664219628376,0.003872221818409017
отдали,0.14482615755421666,0.12435248446157236
отдан,0.5350145400179861,0.4010597529506504
отдано,0.8836723881088121,0.09528275408562002
отданы,0.632445046901923,0.25647416565843034
отдать,0.2149163627992955,0.43747171170447074
отдельности,0.7793590370567557,0.2447288838340235
откажешь,0.6411329222336777,0.005872931554265856
откладывать,0.5831552008841584,0.1928219768380299
открыв,0.4899325415209587,0.1081304837347152
открытой,0.27671349853059163,0.563059084385226
открытую,0.052666672120889,0.4548073347895029
открытым,0.7242951058530905,0.46419218547236096
откуда,0.8622049331509243,0.6160836263440985
откуп,0.9557877022435417,0.20164768601568328
отлете,0.0005743349262303343,0.0002278554326525434
отличается,0.822842682800007,0.6564180575155013
отличалась,0.5944036491166835,0.41084950397603187
отличался,0.881922516651305,0.2673268781273725
отличаются,0.90755627400954,0.7608738521695837
отличие,0.9990445865725516,0.28316601424743704
отлично,0.3816098516380141,0.06075602135727623
отнимешь,0.593527635012662,0.019496474611341838
относилось,0.003274144187014,0.1352889828767926
относился,0.010063298716603,0.3561901516298063
относятся,0.6377611401599587,0.7474288537360227
отношении,0.3012487320911688,0.4949900052798669
отношениях,0.7756803241174177,0.5122094300401877
отныне,0.20628385776972052,0.0028635996085384858
отнять,0.430072337648472,0.19231409754003262
отойдут,0.000344630683062,0.04420700794583764
оторвать,0.602460027485663,0.3701615156452275
отошел,0.077302883369495,0.11218308824350523
отошла,0.02241774190994,0.2135117511092546
отошло,0.002299568577773,0.0488729301114042
отрезало,0.198780364711343,0.03887870851015395
отродясь,0.016091209209592,8.452267501559672e-05
отсутствие,0.36350405656209184,0.1351222594424432
отсутствием,0.997684844348626,0.518247522580741
отсутствовало,0.001267241877442,0.046741880789457076
отсутствует,0.019473259275612,0.11446307367127875
отсюда,0.5176383978981741,0.11479233249537743
оттого,0.4134882186613402,0.004599171643231962
оттуда,0.918178472867294,0.18267912507655773
отходя,0.9809588375000382,0.06540571302360056
отчаялись,0.00020299504353,0.004596043834987953
отчаялся,0.0016461577158640001,0.00012534215787230339
отчего,0.0802703482725412,0.03168892595423758
отъезде,0.020580202039860333,0.05617835259570714
ох,0.6612333262141943,0.08727450271533643
охапки,0.082966298060801,0.039035325097100095
охапку,0.2717188809091011,0.11903536229839444
охота,0.04233315579105467,0.11284158680618536
охотку,0.00012294231552455182,4.434554261344162e-06
охотой,0.0022139240491683334,0.3926244836498655
очевидно,0.013812336411963,0.13791117751324275
очень,0.4575633965612786,0.3766472767226019
очереди,0.417956546248899,0.48456436352791316
очередь,0.9469121959186123,0.09618060031129015
очертя,0.08556430439268832,1.9291407652921058e-07
очистки,0.9664466062237733,0.28311647781542715
очков,0.779316255592001,0.38384056249401965
очумелая,1.0869694666562992e-05,1.8963178955093817e-05
ошалелый,0.000158741475963,0.0019262268792001602
ошибки,0.08580888660458226,0.20465957198401527
ошибку,0.9372806743698259,0.44268937655149837
ошпаренный,0.010145991702764,1.0772301476402229e-05
п,0.071894947647069,0.33950542215467133
падает,0.618522621327884,0.24447146270652176
пайке,0.8825669368498811,0.02745492415422752
палец,0.978111155486219,0.30444956119716643
палки,0.8360140513121004,0.019620526914525874
пальцам,0.7070288395413691,0.13995080817481187
пальцах,0.637449747896042,0.26963100740016405
пальцев,0.978779365124564,0.6143956128255029
пальцем,0.41742768175882644,0.4303596282042159
памяти,0.4504426764913595,0.48770976628692825
память,0.7829243993220589,0.1807497069145765
пар,0.3004774071781388,0.14222501939288937
пара,0.5981575067898336,0.10713770754159013
параде,0.05871632945142966,0.07262038076085521
параллельно,0.13460298996311265,0.0409686834766307
парах,0.69764076530272,0.14957891140293525
паре,0.31862060869903536,0.20343317805629402
пари,0.9954995698901465,0.2806929137800675
пару,0.4809520469718577,0.6619212308847859
парусах,0.46662060469917555,0.0156152333028801
пасхи,0.00022761588126315029,0.12314467723220361
пахнет,0.8667934538133893,0.4334747702861062
пеленок,0.028828540974767333,0.0016490977968077157
пеной,0.9981481422042014,0.07475152777178175
пень,0.612863301292867,0.12447856477954397
первая,0.916801483427888,0.38992104796389626
перво-наперво,2.3817094377835025e-07,5.960424630478292e-07
первого,0.8821633506627942,0.451139018431829
первое,0.6481963769514913,0.22274569008961148
первой,0.768671955549677,0.3650547626880637
первом,0.5614520465982203,0.3781411102130176
первому,0.47869647388097497,0.1813964224546796
первости,0.0006456717548485,0.000870423826117747
первую,0.7549350625910901,0.6207172803914653
первый,0.4097448085006873,0.30660645510728596
первым,0.9895285109694271,0.21489049311457628
первых,0.8687919566462807,0.5104009872798855
перевалил,0.7899733641634056,0.023743936880438094
перевалило,0.8316880771841575,0.41549773009490565
переводя,0.9913242802177461,0.47444864781368734
перед,0.9251410514171098,0.660626831000155
передали,0.9367574706954267,0.09266580351278426
передано,0.9413463030558332,0.34916835047059047
передышки,0.0033499390852906666,0.0004681473482165781
переименовал,0.007721244612199,0.02621887546764382
переименовали,0.947101807988542,0.046022285866018094
переименовать,0.4914351885205171,0.022255533265497306
переименуйте,0.009557893580267,4.797668462339789e-06
перекладных,0.0015276044602245843,3.210615433030818e-08
переносит,0.009022590002574,0.1085109748796781
переносить,0.06409025804175511,0.10154591472621775
перепуга,0.13045944356048,0.019119480613811145
перепугу,0.0064823151143765,0.049319284161745386
перепутье,0.0053684564119345,1.3187325389426845e-07
перерыва,0.3751575005107228,0.2948866583429746
переставал,0.9716437946523652,0.1737931450241065
переставали,0.00528596435266,0.151893576926753
переставая,0.46257965415810665,0.030581871956519
перестаем,0.001352847809691,0.22584321838673913
перестает,0.044575733391772,0.3327875536105911
перестал,0.7206338977299487,0.26194951784030246
перестали,0.578668604923071,0.264557863166169
перестаньте,0.000237379065656,0.014838533125783562
пересчитать,0.8326571879835216,0.1496558182074228
перехватило,0.9766513639936052,0.6142482060329685
перец,0.15978518498296748,0.07646197479522056
перешагнув,0.033820346073087,0.12987094718084977
перешагнул,0.697578707431836,0.16620558170021665
перешагнуть,0.145644775488386,0.012809932715632048
периодами,3.635922199924687e-05,0.0027008384533820005
периодически,0.0438604830055824,0.009734854381141755
персоной,0.9967262596923907,0.22386176664547427
перспективе,0.0958196333709085,0.369260352695002
перцу,0.0039911031021623074,0.025066132461548783
печенок,0.03420553444224469,0.0028212542482559987
пешком,0.4586958693744229,0.10640336944598346
пику,0.0032201730130562004,0.00039134947832973697
писаному,0.0880725552605055,0.09118459668992912
плакал,3.554921611711192e-05,0.14554780975231826
плакали,0.000245061787257,0.20438694071424807
пламенем,0.947550752086241,0.40307357123751253
плане,0.35838638561554803,0.9572615068088456
плачь,0.38436801372678503,0.13424653060332842
плеча,0.6461691360312762,0.26930572655738666
плечах,0.9916454791343485,0.272457115092538
плечо,0.9366081460548312,0.36583440994712735
плечу,0.3107471943052474,0.6280624976698747
плинтуса,0.0011976506403255,9.982479722757229e-05
плоскости,0.9059391595907992,0.28315375535640347
плоти,0.9989069013296191,0.24803373243890212
плоть,0.9863414872050007,0.16912549732112575
плохи,0.7873525990709896,0.1710895128298647
плохо,0.4791494074744584,0.17682022851361717
площадью,0.8154197340446521,0.27214973373063445
плюс,0.3303208251175662,0.05735791410567384
плюс-минус,3.497507585746637e-07,1.6852718230817842e-06
по,0.9374486593507015,0.864448470780834
по-вашему,9.127007422143614e-05,0.04038681459216272
по-видимому,0.09385423334130649,0.01595065592487155
по-детски,0.0035571334761155,0.006930060384605785
по-моему,0.0031087923772382,0.03566196757393931
по-прежнему,0.005596328884619671,0.03344245508825007
по-своему,0.04724526317070845,0.011304632981193394
по-твоему,0.000891645511271,0.01936260071095155
побери,0.396043271786277,0.3793157477802902
побоку,3.664662515386533e-05,8.335856318927339e-05
побрал,0.9909784432018043,0.5152007698116835
повезло,0.744805033892476,0.2042725803050401
повелось,0.299697778939482,0.02495414526848671
поверхности,0.8332088500875153,0.11775037230644625
повестке,0.677663978255422,0.10373972425611869
повестку,0.9752911225236355,0.26652896938744985
повод,0.7339981060768712,0.3027933425206532
повода,0.885825589555252,0.2822495491887665
поворачивается,0.8341897604273086,0.23623477870526804
повредило,0.200794250191304,0.053178458907060626
погибель,0.008289204649717224,0.0007889832278202526
погоди,0.119824016801187,0.04854219155854593
погодите,0.0007128644693826695,0.011756438875695725
погодя,0.5126645177766788,0.11399608890391971
погоняет,0.004459156959880667,0.008970970035202874
под,0.8948991521980326,0.6657388444606791
подавал,0.7714498783977025,0.1624119163779279
подавись,0.658513835749146,0.037877918551840854
подавитесь,5.028838736992209e-07,0.003468211994221978
подает,0.8462299548985006,0.06860567964235202
подальше,0.9379887946129721,0.49028370757764805
подарок,0.025094974594621334,0.18280921293981958
подать,0.9926517928282294,0.36512196876629177
подачи,0.21779267336530445,0.30284567782683214
подаю,0.35225143335703,0.08953379426716525
подбор,0.884235977309344,0.03898149815091806
подведена,0.9583981979097552,0.1785183907704903
подвел,0.4927139287319155,0.1227698362063264
подвернется,0.000338439184123,0.00386172491675791
поделать,0.3728683853861631,0.34397937147942464
поделите,0.308138412085252,0.020737190775085197
подери,0.335195100121577,0.1456926087166135
поди,0.023010064254653,0.08062915536652024
подлости,0.13207924948388472,0.009520695182362518
подменили,0.5686525695921714,0.13190138527706333
подмывало,0.32361508689293267,0.012245880784368939
поднял,0.491555804951525,0.24898434013825052
подняли,0.5343188333275655,0.277183349561448
подобает,0.29085866860347476,0.14678226867284602
подобию,0.9998923667068148,0.028784172713099816
подобно,0.8954123622917335,0.27028953498640285
подобного,0.9077875715544426,0.12353971416415711
подобное,0.9677957916298863,0.2416390041707912
подожди,0.0005226989341129199,0.045118401803022595
подождите,0.017511132635065412,0.026925563692438842
подряд,0.3707350073511509,0.5176819403813734
подтверждение,0.713426912817996,0.4052903040374476
подумаешь,0.0104448091410925,0.005230338404200465
подумай,0.4171261352743467,0.05451960653669829
подумайте,0.0469611248464945,0.10339625434921819
подумал,0.44052832528364366,0.2064425393938761
подумать,0.6396416444920289,0.21514141819105143
подхвате,0.04374696097327066,0.007071264363992544
подход,0.000183836410066,0.43389012276783334
подходе,0.3504314690017962,0.42771449216796753
подходил,0.39546654472424053,0.14003624592203787
подходили,0.018663243745126,0.2894441684165072
подходило,0.7311359552652761,0.11746977658778196
подходят,0.968537512212184,0.11545670818954779
подчас,0.0003759738907025695,0.001137822813244031
пожалуйста,0.32536298116834306,0.4440622531193569
пожарном,0.006237438741796,0.05150687632566642
пожарный,0.003993286606189,0.10951884270212582
пожелает,0.8155602445018351,0.11760010108687667
пожелаешь,0.543670484452609,0.012516243176591186
позволим,0.967333598253104,0.2630463743379938
позволите,0.6234683765047311,0.2770919068446151
позволишь,0.0024329142662024997,0.07860803339933418
позвольте,0.5286447855870207,0.09107171460857168
позволю,0.5453513318755381,0.35552798387383727
поздно,0.6881310989751817,0.4420446369139487
поздравляла,0.072352989962416,0.12292949450390428
поздравляли,0.035095300262475,0.05043759372398519
поздравляю,0.872789251386979,0.22671039751687988
пойдем,0.042898126182935,0.11861511114449502
пойдет,0.873427575285433,0.23143808820288128
пойду,0.098670785652297,0.16759973981641804
пойми,0.316754636350319,0.08743246852600878
пока,0.8604460053702034,0.20236321726339368
покажет,0.8816197506480261,0.3240784431262562
покажу,0.6751885734233357,0.34321465387898714
покажут,0.6583548801402231,0.14024063616036508
покамест,1.882583385615685e-05,7.005110899786795e-06
покладая,0.9889453528789504,0.0022936982108420004
поколение,0.9912581250925417,0.47937495255650353
поколения,0.9846759430076708,0.6504814422361431
полагается,0.03737443212656567,0.024454490589456156
полдень,0.127470710201459,0.06063339202129755
полдороге,0.003045131424771055,0.0008572462508350542
полдороги,0.000224430998782,0.0001001405867479564
полезли,0.6298374232499803,0.04393483338609549
полета,0.7477257749850796,0.03309467910261296
полна,0.913854634856386,0.3332254308215602
полная,0.024406951625961,0.19978297928641792
полно,0.1715063372762498,0.05554150819899826
полное,0.093459365664217,0.35070983667136835
полной,0.7381556882205976,0.1921537965245815
полном,0.6036620853674717,0.6349432329006204
полностью,0.8526156758574511,0.19534369136979593
полноте,0.2621989646496787,0.0014792778170472443
полнотой,0.013367618084727332,0.20395291852186342
полноты,0.6444021969920947,0.14178486962352188
полную,0.5933830396212464,0.5875541843355628
полны,0.9821922734312166,0.483279902364379
полный,0.8079400328666934,0.39287939403468936
полным,0.4572459587398597,0.6890488368262526
полным-полно,0.0004705337628074042,0.00032449219700585283
половина,0.791167553366927,0.19707392768524448
половине,0.7537509197886871,0.5519776902430742
половиной,0.6846365610349441,0.7682534516478408
половину,0.828965524819484,0.33933604954475993
положении,0.708322564594624,0.0037236631403141586
положения,0.5051020986269917,0.3194058744084246
положено,0.2059726524614597,0.07061881170154263
положит,0.9948898555048705,0.033468422973896066
полон,0.8365485409009537,0.5017456134661328
полочкам,0.3876874269362016,1.734576770183753e-05
полпинка,0.003175945362486081,1.1034823376976359e-07
получилось,0.5601482394558209,0.1014955899449694
получите,0.096519836242114,0.22608313078956613
получишь,0.3945421231489085,0.24006664805260217
полы,0.9883763319395548,0.07328702448010448
пользоваться,0.065123962036404,0.37129642066979324
пользу,0.8045721113499298,0.5299828639646251
пользуются,0.7294401993471191,0.5821024841825988
пользующихся,0.028755193023416,0.054089323468733505
помаленечку,2.297057990281292e-08,1.5570253788759568e-07
помаленьку,4.872802193625551e-07,4.859094941099454e-06
поманить,0.11108017101897932,0.0033511831627667
помимо,0.3091410959425454,0.19829008959811456
поминай,0.7593406807828512,0.25025387617459977
помине,0.9099096622113567,0.6915151429904367
помирай,0.021573445403177398,0.018786187785189888
помнится,0.05057175097236633,0.011401723530364899
помнишь,0.0066453675750565,0.0910667602375833
помножить,0.0016907049951026154,0.0020879664431571157
помню,0.950252883121362,0.13024477518454353
помойку,0.018421943550429,0.09465529557829645
помощи,0.9981761097621747,0.6400519187736883
помощью,0.9369833177740181,0.7362003179197298
помпой,0.04134887878908433,0.0017648433193613508
помпы,0.000696196182956786,0.00022974425295194128
помяни,0.0015034258066125,0.004343101618723399
понемногу,0.002708051532862,0.012788568530133397
понемножечку,4.526156514438096e-12,3.0377164313877437e-09
понемножку,1.0824963510866934e-08,6.211368172031958e-07
понимает,0.191971402373108,0.24649380781667155
понимаете,0.5127707493420443,0.3059182595581068
понимаешь,0.4314998129449707,0.15009565782227316
понимании,0.10895995602970825,0.2304499419390987
понимать,0.1972083702298832,0.14250692676632984
понимаю,0.365666863881837,0.45239938873777097
понимают,0.9719136079860706,0.30527823487282646
понял,0.346782207871577,0.3079837917100035
понятия,0.9485654422476919,0.42190826219093963
понятно,0.28276324548156,0.21214448216714502
понять,0.5353234167168179,0.1611540268895415
попа,0.0029731591578768574,0.0655133757986689
попадется,7.918850340886429e-08,0.04339021223156867
попаду,0.069500335125375,0.1750474228916425
попадя,0.946208028186031,0.014200600744518144
попала,0.8026209336613772,0.3668721738113371
попало,0.471750493316802,0.23429193890016053
поперек,0.999935489116979,0.36416366060663846
пополам,0.999902719879764,0.30652707455942824
попомни,0.302439162317277,0.03055784737125879
попробует,0.6831878344761151,0.21965062004317218
попробуй,0.528399644544391,0.07976631453105022
попробуйте,0.370712140572447,0.08219246773558604
попросил,0.5537233091754977,0.09153866427983991
попусту,0.000502288267645,0.06677459171681323
пор,0.900535069760801,0.9888054963270766
пора,0.48875133327216275,0.27770539916481335
поразивший,0.536897753574882,0.025041522459364834
поразит,0.02483179519234,0.0071814814510693485
порога,0.085367737705844,0.03807352166293822
порой,0.2988342724185695,0.03164035923191257
пороху,0.4524459163541053,0.06760032793181758
пору,0.28035141417768006,0.2500948667955663
поры,0.6809939871332538,0.31113024409915546
порядка,0.050517139267808,0.12245274144508163
порядке,0.8020698342806823,0.5198777649971916
порядком,0.6948539624500865,0.09806718920764385
поскольку,0.264035460437577,0.05586329889139251
после,0.8455123946253313,0.7864330400946595
последнего,0.6655805036044984,0.2926316815100296
последнее,0.9637402741529496,0.4317885326950471
последней,0.997174876070408,0.17436373087221668
последнем,0.7486703618757291,0.08421047935766023
последние,0.42307360259532284,0.5653264352965062
последний,0.660560864041466,0.27642527249417514
последним,0.735269628626097,0.23974309835685984
последняя,0.5357180108253651,0.07342300302885511
последующем,0.000168079970683,0.030112662586162502
послушать,0.3873921053239419,0.057729017316351626
посмотреть,0.023968444824211,0.5012501132494317
посмотрим,0.6616014522138712,0.31002824167219256
поспешил,0.0321639627616985,0.0617651089456727
поспешила,0.46596238932195,0.06860725556663476
поспорить,0.7411470923306588,0.13402092850691982
посредством,0.25157970269664076,0.004498030725840041
поставив,0.013904321183361,0.18167716040688556
поставил,0.558599610437483,0.294068284504148
поставили,0.66778806478841,0.2337296748423993
поставить,0.9497474329345805,0.20793023683287534
поставлен,0.76896220255043,0.3488276120253623
поставленном,0.022316619304551498,0.103979506988741
поставьте,0.118824124390129,0.037186231349351756
постепенно,0.1927091899823822,0.1917611807050938
постой,0.019933924643463375,0.011065352401064934
постойте,2.3867872798291902e-05,0.005635029812419898
постфактум,9.46918914958242e-06,4.8139932213060307e-05
посылках,0.007672725897998667,0.0008134076325777647
поте,0.7664693980855923,0.30797030020376504
потерял,0.5753480005910451,0.3224881801646233
потеряла,0.457197260976703,0.2953998396536025
потеху,0.0631819898692118,0.0035662834916209154
потихоньку,0.086551765590163,0.01574613720606716
поток,0.6148937636968002,0.33253013328636766
потоке,0.042627526207504,0.4302492754910533
потоку,0.383544884496421,0.07358313619643103
потолка,0.8577100955390085,0.15897135659638484
потом,0.4566661747934182,0.36376062927739117
потому,0.5889415190605277,0.0344955506117176
потрохами,0.010412945603826,0.0016627867496087178
потрясло,0.328189230421803,0.009308706360310054
похож,0.9587483007246577,0.8050566174351763
похожа,0.9806372015190516,0.6095213503254971
похоже,0.7331351713801267,0.3562945550085493
похожи,0.979098668969754,0.6512422868325006
почве,0.6156963181928975,0.011998583604882
почем,0.04930471829706593,0.001378398526575404
почему,0.8169421268512506,0.3754136934443348
почете,0.0128402612402094,0.000552398303751
почти,0.4103392594297717,0.08137239320550416
почуяли,0.5508578022654861,0.09739878776396786
пошевелю,0.00493003429834,0.003211565000672064
пошел,0.37418637463446824,0.1925126718526954
пошла,0.295186065822297,0.29715636769562376
пошлет,0.2171412339273373,0.02237799198785437
пошли,0.034502962292664335,0.15450407728713858
пошло,0.9982996852227973,0.22534164232394066
поэтому,0.287146170401799,0.0706718180269684
пр,0.018402840031936,0.033235524480236193
права,0.9189241981704106,0.4628588582627479
правах,0.6760484036587993,0.29245189142796535
правда,0.27472962995614203,0.02671577811719017
правдами,0.9996152408630286,0.16275190336327922
правде,0.8591834579920411,0.7886678130400668
правилам,0.5203771049773143,0.29342601980418676
правило,0.401665046561383,0.18726745593756525
правильно,0.976877287846796,0.2893401407037554
право,0.1163038604366488,0.7398830512427012
правую,0.9969367926468872,0.31054363822709424
практике,0.787299887574036,0.30850933148192267
практически,0.20187921895444952,0.10612705347987221
прах,0.9990091462970404,0.028302568900672374
пребываешь,0.000710395744128,0.0007173559237000908
пребывал,0.13261599310237548,0.029736810017188878
пребывали,0.007881674839615,0.05741084755363201
пребывать,0.00124193471439,0.00038273401904556897
пребываю,0.0178955218125455,0.0011860785874407394
пребывают,0.0008976128687656482,0.006803297666948
превзошла,0.854961596874208,0.11071020920919618
превзошли,0.5561007938249578,0.18616124508724843
превыше,0.23411079625587602,0.02960799629850139
преданию,0.5916591974080525,0.11123945298301985
предварительно,0.2790026237240638,0.27906549340123527
пределе,0.505969153364863,0.0005317976720904647
предлогом,0.6089583241646082,0.31748170733379155
предложил,0.3173774898671275,0.23023702507124688
предложила,0.400212046718994,0.10831379044451486
предложите,0.011470125089633,0.01425915696450592
представить,0.6286672243487478,0.4497060586267843
представиться,0.6486518847597507,0.17044197281083703
представлениям,0.0781028991799345,0.4939385054493133
представляет,0.9630966212132301,0.4135951057644785
представлял,0.115269225657245,0.1790598595937303
представляю,0.571709018309528,0.20736197697347084
представляют,0.9590710754250478,0.45501959481717263
прежде,0.7056024347631722,0.44491411313906165
преимущественно,0.0111798481516428,0.009399051026271001
прекрасный,0.9514558005737148,0.18167863458778175
прекрати,0.272933337070928,0.0176682089521807
прекратите,0.159622581526892,0.00858777577030219
претензии,0.08721528099349034,0.1694296920690943
преувеличения,0.4599536326249385,0.005843866790297714
при,0.9250741808345488,0.769641781983107
прибавить,0.337077515498777,0.13965397801068533
прибавь,0.000464226934187,0.0006374538389318335
прибавьте,0.004165173598208,0.022852315754958528
приблизительно,0.038092092536114,0.012778229010453244
приведи,0.05773294816034833,0.3810326400811204
привела,0.994093818334655,0.3924943641700511
привести,0.9959457807395934,0.6574557681552069
привет,0.24744086031833148,0.280107132689082
приветствуем,0.08362191088111401,0.0034970964340704644
приветствую,0.081164541320782,0.030053783961504366
привлекает,0.144347715513397,0.21818368343116146
привлекал,0.035147172858193,0.074802668602818
привлекают,0.885492719403242,0.09602832793467371
приводила,0.6409349950201001,0.2220317196793448
приводит,0.338957654419485,0.47871600254340557
привычке,0.18080474852924366,0.000811128370834
пригоршня,0.013988126418250726,0.006287233935468525
придавал,0.7319648790518171,0.6401488908987545
придавать,0.948177669585086,0.4501776020713598
придаем,0.7979407341562421,0.3837089656190198
придачу,0.11344903420489079,0.1385291875870199
придают,0.46655616190806254,0.3730393785295262
придет,0.13005550496697,0.08985258361372457
придется,0.21103344223404616,0.12173241872608438
придутся,6.076894555939843e-06,0.03581238693515062
призму,0.6322448183335566,0.4550862786312217
прийти,0.996685204455768,0.5424259274798497
прикидывается,0.035072103223376665,0.04516617465025573
прикидывайся,0.051122993675923496,0.05176878204791551
прикрас,0.006715126205268801,3.11112309898608e-05
прикрытием,0.6952589963610558,0.03768023094927762
прикурить,0.0011785160404194001,0.0009892854094512822
прилавка,0.14957051235368765,0.00579264581671666
применении,0.7870060288394628,0.4536889527520504
пример,0.7277226566918236,0.5249059980278885
примера,0.5175623544180488,0.2753296856523767
примерами,0.7725570082044834,0.008500420896457
примерно,0.16826635877861357,0.1813269994774374
принимает,0.295233677916133,0.37106444321669835
принимаешь,0.6581185152522289,0.16899950257107366
принципу,0.7462242208313846,0.10481133583914881
принявшая,0.3551775549919,0.6009451961471457
принял,0.508969272918325,0.595804821911107
приняла,0.44041651348776856,0.43766668463063335
приняли,0.181391253179914,0.35905849941992896
принялся,0.022166311546846444,0.18661401059170724
принято,0.000197677162389,0.602827678483376
принять,0.169229437331979,0.29273634014688105
припеваючи,5.0179528092274015e-06,2.8356132623871513e-06
природе,0.39778343097930535,0.2764663640582596
присест,0.304101454089091,0.14384171860939754
пристало,0.26224732077393764,0.0009515951162420063
пристрастием,0.29053528327305733,2.9652544985822927e-07
присутствует,0.050031240895729,0.10071494269638762
присутствуют,0.012932596853545999,0.23103361146523083
притворяется,0.8451404792430031,0.03667629850940775
притворяешься,0.015755045785523,0.0012662367690535396
притворялась,0.053744685637748,0.008373869758595179
притворялся,0.2270790386385243,0.018749343688693167
притворяться,0.263327246109858,0.06101955570048716
притворяюсь,0.012988078037503,0.0023902667666196955
притворяются,0.453999355692155,0.005482582492318799
притронется,0.002215151351375,0.021374316418077098
притронулись,6.410885585319463e-05,6.550545919218573e-05
притронулся,0.014661660441141,0.0006032322471847552
приходилась,0.555610699749783,0.1282449639178039
приходился,0.9662603816046472,0.23495569371725472
приходится,0.7996950880178888,0.27174431815752015
прицеле,0.5391924166120327,0.18406001950456094
причем,0.147839980694607,0.15527627169172328
причине,0.8102261647038691,0.0069040474700480005
причитается,0.38770099741830105,0.0038245668048059295
причудами,0.0017037013901492143,0.0003258221004398511
пришел,0.22704328499242799,0.15628521514141797
пришелся,0.37305537273304,0.161522688638693
пришлась,0.155392118819488,0.2729407791877002
пришло,0.42000183661443075,0.41184976455752603
пришлось,0.6538044876789747,0.20324959816267674
пришьешь,5.1128145018642246e-05,0.00011173991099995746
про,0.5886568380618077,0.5749173984873642
пробил,0.07097647233563299,0.0572361787975572
проблем,0.6796370055204187,0.17872182032597259
проблема,0.6659788913941317,0.1515010276876203
пробовал,0.005555656187985667,0.027686991244564505
пробовала,0.003148660011648,0.02294733862557331
пробовать,0.020689839294659,0.06768430647062748
пробы,0.4905521088183757,0.1508288705435033
провались,0.030249475839782,0.024075749795510984
проведешь,0.0378588558473304,0.05149460378241475
программе,0.7677311128191345,0.038411678750816226
продолжение,0.005431392874881,0.2167495927642102
продыха,3.6406922606815546e-08,4.077409617881163e-06
продыху,7.090114025627368e-05,0.00018084719684574718
прозвали,0.11112687530904139,0.08169577409485738
произвела,0.9804789208438,0.3464897732375972
произвели,0.836752178628801,0.4274458151695674
произвести,0.9675336866768752,0.26330439755697543
пройдет,0.8753794118602536,0.07402330191567687
прокатит,0.0346122510774464,0.013134408832249304
проклят,0.987449768903347,0.09814293346740748
проклята,0.9281846342514721,0.09994888670551223
промах,0.20481403632096165,0.1409765373269303
промаха,0.000960141835968676,0.04054463278095448
промаху,2.7132452303021853e-05,0.0015847845794263033
пропади,0.7584923248699805,0.4757284512667602
пропадом,0.6780384517162901,0.6328483491729199
пропасть,0.0006349625032488412,0.09224272435745831
прописал,0.3252265897060014,0.10537896214543503
прорва,0.00818258367128645,0.007499029140701396
прорву,0.005026234819617173,0.002780266338972517
просим,0.6086421220340803,0.14327410037986177
просит,0.08948855338023046,0.05261215579733685
просится,0.018904955801251,0.004564357070176235
прости,0.5201743911644571,0.16529122691257236
простите,0.4363128614303225,0.15250910682380778
просто,0.45694063773408733,0.11663014648229418
простоте,0.5219051172194117,0.13752829573884695
простыл,0.9990128818691764,0.46141962908501616
просыпу,0.02471708749988667,0.00478718619817
просьба,0.09495733652994465,0.2000710825833994
просьбой,0.7384380280614491,0.4505107523779325
просьбы,0.513658860677311,0.07618788659467522
против,0.7588833077953415,0.47218550527193043
противном,0.9097457620947118,0.005043723046326
противовес,0.4627998465295199,0.0002809404414913335
протянутой,0.163197238334577,0.2161315867313649
прохода,0.042946097099922,0.0979767394920648
проходило,0.201185621402932,0.16537508936411546
проходит,0.7202702140448403,0.1595062495251428
проходу,0.015609102332095,0.12054894134833041
проч,0.020361144166623,0.0411207550909866
прочат,0.001869545630916,0.011527207527513662
прочего,0.7906582152663927,0.3119138499564837
прочее,0.193151478057552,0.1431858783069767
прочему,0.9679636045839981,0.29390832681393875
прочие,0.7680539026036061,0.2097258063845679
прочили,0.10141853256085102,0.01090937890850848
прочим,0.9490220143859152,0.2584745516641997
прочих,0.10894691023246603,0.02044915015368567
прочь,0.3164997385982994,0.1701515185499328
прошла,0.318373347936752,0.28967591614417676
прошло,0.6583546289790725,0.23416793176522427
прошлом,0.43244230659875105,0.19133555158294702
прошу,0.7575954650998905,0.3791990483864278
прощание,0.296478113964235,0.2339823095795195
прощанье,0.353312812966609,3.274990351743841e-05
проще,0.42634182865399267,0.14526706089232708
прощения,0.9793169663618162,0.5794373536463496
пруд,0.9982175106360597,0.39463764995231865
пруди,0.99894989245942,0.7432824678586154
прыть,0.045492440624973,0.02117387629744621
прямая,0.7669647967783947,0.1974113486568145
прямо,0.293471780414518,0.13540237720802373
прямой,0.7000619686751958,0.1378050864517838
прямым,0.5664283395321935,0.11738947625687714
псевдонимом,0.6367147719941407,0.061888986031633
псу,0.200718120685205,0.09430149202758767
птица,0.0804906459584685,0.19909388981258852
птичьего,0.44248826234911665,0.15316840657635522
птичьих,0.6002516948523281,0.04062727617934813
пудов,0.02283864642482022,0.03956999337332814
пуза,0.07917358600566667,0.00046127353581353455
пульсе,0.9149004114793557,0.13078072521800124
пунктам,0.17363762294041132,0.42054350417621156
пускай,0.0035377885433990003,0.016391027004659536
пусто,0.7296669025484163,0.09678391550051132
пустой,0.352807503916684,0.2644608581817661
пустом,0.9275129117040327,0.050678634490306254
пустыми,0.9656503602795528,0.3818479739583201
пусть,0.5693188222320077,0.3602573732690832
пустяков,0.0108887279589485,0.07484198801392121
пути,0.6467875243080187,0.379574730922512
путь,0.1858014266170992,0.4546705856447473
путями,0.9954505477686911,0.46562918436862394
пух,0.9982395442142508,0.20502073123212225
пушистый,0.4975486201455821,0.05590053689867383
пушки,0.4613405571361603,0.20861226653174506
пуще,0.010035017460931,0.02599044216799313
пущей,0.16767588044239368,0.7568412499243014
пыла,1.242650139877665e-07,0.0364932332424199
пылу,0.9412198615157976,0.3054299182942532
пытаемся,0.579867626063676,0.21884853000813306
пытаетесь,0.016264451206503,0.10043104683242025
пытается,0.496495248757933,0.1878959105681345
пыталась,0.254644450101351,0.15442530834746407
пытался,0.167885903291891,0.23059047753253126
пьяни,0.39561858669717803,0.015114692846360939
пьянке,7.4020756691594704e-06,0.00453156626077017
пят,0.556429066103999,0.2650137614480358
пятам,0.9602670276229107,0.49042270996946624
пятерку,0.008843874436749501,0.02595571612564543
пяти,0.9505849637850512,0.04723606815165482
пяток,0.0007233604117135378,0.09510614585328737
пять,0.811449606100568,0.3236200623139917
пятьсот,0.0027530287288116666,0.035157970105820106
работали,0.6584073885596611,0.09256792816936622
рабочем,0.33970858947301336,0.4214908007416234
равен,0.6624434006291035,0.2216086291254766
равных,0.21665869292007872,0.34902180094589913
равняется,0.08701196273144701,0.10807733574114542
рад,0.43545677626276474,0.29177648460758326
ради,0.6885821171373048,0.49401841960180004
радиусе,0.9003970884152841,5.004534029815073e-06
радиусом,0.0029709243706723992,0.017885518908219503
радости,0.10219017765734702,0.21486003859705138
радость,0.9174727097730596,0.16330186670939362
радостью,0.6468980666771741,0.261257763368357
радостях,0.018327232414344,0.030203849231458333
раж,0.25733921082948036,0.04912289491286284
раз,0.7611841035114812,0.5134559345719971
раз-другой,1.7454955303752531e-06,0.000186683993813
разбега,0.07858279756787633,0.00027814973213371265
разбегались,0.8541241225950831,0.0035607631159408006
разбегаются,0.4248732831435061,0.019582179448361377
разбирается,0.013692129372863,0.32085069720186454
разбираешься,0.018153886497427,0.22719592371211447
разбирался,0.08801749005801167,0.003273179085149138
разбираюсь,0.988810209631026,0.004778425191970397
разбора,0.2848390626052394,0.07532974717410117
разбором,0.002817297763183795,0.10549932079059766
разве,0.4705415705178733,0.27983865076899095
развязав,0.003916851108962,0.029419966649416988
развязал,0.456414754070203,0.09955864063121764
разговоров,0.13267016835375534,0.006562731410204209
разгона,0.0010186251922238542,0.004400399883405993
разгону,0.001593189041398,0.0013179759708955626
разделить,0.024560183469512997,0.5998928621379663
разе,0.35711323744860346,0.25709117211310245
разительно,0.2418567359499728,0.03239831206826307
разлив,0.15812772859739666,0.11796804294097825
размаха,0.011295863443688,0.13055074640411166
размаху,0.048255823284866994,0.2576433499513628
размениваться,0.01122067377123746,0.0011609814745435533
разменял,0.00125177353891475,0.0008104821716009311
размером,0.9529282514621827,0.35949822569114925
разница,0.9925720732004798,0.41801272524742644
разницы,0.9808795605449685,0.26218201700118654
разнообразия,0.04109759529444434,0.029946975358071386
разные,0.8044622338959231,0.5868825519124715
разом,0.9041301854393053,0.09988328262090135
разрешите,0.11696097849927246,0.03242460685440037
разряда,0.32882319559004597,0.2666058077251873
разу,0.8423558423310701,0.32575408612745854
разумеется,0.15671373654659818,0.06410092373878948
разы,0.7534951383335622,0.42159169587989803
райские,1.8725747012231503e-05,0.19850206451815433
райский,0.196762185315453,0.04909550093912255
райского,0.055625511224931,0.026976849215040916
райское,0.008132641986691,0.01634082708083098
райской,0.014398517606011,0.011703538110510508
рак,0.9981040184028156,0.15912352941130156
раки,0.9138577267471217,0.0005608730073620694
раком,0.003020710325087,0.06233731085573826
ракурса,0.0030165269965450707,1.8570321791964372e-05
ракурсе,0.0172586248317811,0.00037794650228501294
рамки,0.4541483948851415,0.30868311277225696
ранжиру,0.0003327001133178319,6.863311536490466e-10
рано,0.8880701058349342,0.28454771333810586
раньше,0.4027161189189875,0.2338234421225175
раскусил,0.010452866839038,0.001087248999970583
распорядилась,0.670454298121357,0.3102284419654772
распорядился,0.03239463830064475,0.015417996418451207
распоряжение,0.22944660183177681,0.029642813830163033
распоряжении,0.32545687992003225,0.48620810168568246
рассвета,0.9835157780973751,0.08283483323543785
рассказывай,0.0007404737523719999,0.06238282322529476
рассказывайте,0.009836895152974,0.0994931873280955
рассрочку,0.00023143700703345707,7.2907836814228364e-06
расстановкой,0.48235404671888366,0.1267557107808087
расстояние,0.8849909766741696,0.40767629616837003
расстоянии,0.9685789941266424,0.7340887829972522
рассудке,0.010663694634667334,0.4487074301306954
расти,0.9994357433717352,0.5501257301144553
растрепанных,0.012083943867747,0.005191181574208176
расцвете,0.000108879514783,0.45678952226180053
расчет,0.7785784854712198,0.05360044531458449
расчета,0.5002429181362696,0.05118621852213452
расчете,0.2996495862172191,0.043996640196925986
расшибись,0.073327060421089,3.5168577154328823e-06
расшибиться,0.027706608853102,0.0007863159642102036
расшибусь,0.033449305825997,5.545697248125447e-05
редкость,0.3877731351755338,0.16265061902213523
резаные,0.025736593732441502,0.01623825089441967
резаный,0.02624790587884,1.2659974125446502e-05
река,0.034100874183927654,0.1337291077036618
рекой,7.002608368640933e-05,0.20806132038558547
репертуаре,0.24237238105891637,0.09312730390607175
речи,0.9807610028862411,0.6437633042508782
речь,0.19043581877151775,0.8800115929298528
решено,0.073029794508152,0.221715106574172
решеткой,0.5418573595827475,0.44692234565928457
решетку,0.17413924880083284,0.025862055232148174
ринулся,0.005330459792364,0.02707115965733081
рисковал,0.003154251303014,0.015744824082406166
рискует,0.029108708404316,0.32766236624921447
рискуете,0.24854189535270602,0.12067271750301654
рискую,0.023860281908148,0.04176143583582626
робкого,0.8699448377795567,0.0012635716445870623
ровен,0.03334876194519406,0.006140433795723626
ровно,0.09172417154979971,0.05337167311145346
ровном,0.9612737771026568,0.05436446334051075
ровным,0.9998860270573587,0.06981023038107245
ровня,0.035905229825358334,4.963254077431719e-05
рога,0.9268953230042426,0.31200869278102444
рода,0.9995051351405347,0.605667172666375
роде,0.414251848088504,0.5941005394412214
родила,0.9999806288815856,0.3661995153154438
роду,0.9966746794301238,0.300284359662833
рождению,0.263532457411697,0.130678739674333
розницу,0.04663461233248133,0.0008538482492224626
рознь,0.46338147682223,0.25713318082300685
роли,0.9910541417344907,0.486142341219672
роль,0.9993138283617492,0.29379883409022806
ролях,0.9318134082981753,0.2518731160491263
россыпи,0.0100021839710405,0.0007044922629840068
россыпь,0.14549306444909568,0.0824286939547409
рост,0.9933058218993089,0.5134378038594305
росту,0.172108113678504,0.36255609554091867
рот,0.8538015026111477,0.2722546419354483
рта,0.9999155681709514,0.5908626922532904
рты,0.513691560090879,0.43049276018018484
рубежа,0.46199519335695866,0.12252983655559181
рублем,0.14575858194941632,0.023740580690186093
рук,0.9141161513275423,0.3201010332438946
рука,0.9480470742767645,0.42861376126199446
рукава,0.8656991106860783,0.33554717453918603
рукам,0.1414160163963198,0.3835888880787404
руками,0.9695718094992881,0.3980209520149723
руках,0.6162752519356026,0.38199102958643366
руки,0.8151361406514323,0.3128351070726198
руководством,0.6798986795571756,0.019099640717583206
рукой,0.8742150695111047,0.5822391745668127
руку,0.8355807885700891,0.5808869606061333
рулем,0.5988217668211842,0.00036685669343750006
руля,0.8522513788769097,0.26294633956266217
русло,0.7514592708614757,0.18699100125792995
ручья,0.9572611312450025,0.07263827419207092
рыли,0.50682556388331,0.1717394347401178
рыло,0.011064449601756,0.04574952267418357
рыть,0.614776903525756,0.1605476457919197
ряд,0.7893932516142751,0.3851472519887088
ряда,0.8501687707257424,0.028477295201414003
рядом,0.999596088071925,0.18123541698369572
ряду,0.49454365587545907,0.39182157005481955
с,0.9349739253671969,0.9420126478436265
сам,0.5658589285978357,0.444223635647094
сама,0.20366183318784697,0.28084030747731725
самая,0.6407445675200649,0.6381841101044545
сами,0.37703105791905517,0.22601486647215577
само,0.9704655598101374,0.3969206910207735
самое,0.9463910049885773,0.8444605670174495
самой,0.6120820715472605,0.27545077617515
самом,0.9555280624952597,0.7405070790214173
самому,0.000102204706511,0.2468652969968637
саму,0.8516405184758921,0.11980581712725644
самую,0.980674926306704,0.5269615913164172
самые,0.9925132219850931,0.4256366785591013
самый,0.9105218141932194,0.5120808815621181
самым,0.9912763198947987,0.6800092014443611
самых,0.9812561042646053,0.5540267983972387
сахар,0.3581370358250605,0.10054282270468926
сбилась,0.948000993614492,0.14934207725919238
сбились,0.46060095320238953,0.22254749694888493
сбился,0.9458778459986716,0.17580681998179354
свежести,0.9350149974553663,0.22278614763199034
свежий,0.9839887042301032,0.09024863884610851
свежую,0.9371570270480398,0.047609016892492084
свели,0.162726174035598,0.025351936166811653
сверх,0.4611276686475277,0.06844998654866709
сверху,0.5798746511048362,0.07368112505598089
свет,0.7350618533895813,0.33995721004065244
свете,0.6895242748384043,0.5837027709614305
светит,0.23155948157757733,0.208747101061378
свинья,0.9365662606979491,0.04062292284822641
свистнет,0.3329957235823015,0.03174560011339926
свободе,0.590962541292492,0.09133694118169565
свободен,0.011711125003724,0.11808072074154788
свободное,0.0494024668093894,0.1650810524327862
сводим,0.18312646455858,0.13285582875189475
сводит,0.8441242281013945,0.5618349660597776
сводить,0.937618833885215,0.2755786828821049
сводят,0.779455660799914,0.019271523714542695
свое,0.3003205384588281,0.43419632383294504
своего,0.9923118204046253,0.4216418742248518
своей,0.9733074056204161,0.7039497890585935
своем,0.4839392786853808,0.4542971322760581
своему,0.9335874900680697,0.6338134519422663
свои,0.8518154877749279,0.37452968449657903
своим,0.840714399529,0.6561033101564675
своими,0.9935672368373907,0.6815391825671913
своих,0.7274343943847246,0.374171025852586
свой,0.9212608964968018,0.5874165974118276
свойство,0.6718277601092373,0.08747062307241518
свою,0.9505686509024766,0.43128415996588637
своя,0.996893430803404,0.41113957056905176
связи,0.9687808934545667,0.4273201020887469
связке,0.416913979654888,0.09316807240032811
святое,0.001315690357397,0.054050353173831375
святых,0.968918487509223,0.5313459684683346
сгоряча,2.857911509966822e-06,1.013214353689055e-05
сдается,0.32490349892616227,0.26118150784630423
сделай,0.7012194238507948,0.30064343207157757
сделайте,0.9669506270012086,0.2522464465175229
сделалась,0.00042700981774175913,0.006530372917209472
сделалось,5.151658919753429e-05,0.01567886806717567
сделался,0.003868628562991,0.006349760968801689
сделать,0.017103708157948,0.3262514132924008
сдуло,0.9710896786760547,0.31326003627722715
сдуру,5.1732893458516425e-05,0.00032751862008480827
се,0.3386297356869876,0.2729966340257211
себе,0.6914708070251572,0.6018360549465914
себя,0.8460140565758011,0.679134411870958
севере,0.002170450517958,0.09366743473832653
сего,0.9975993875458976,0.052650210823912885
сегодня,0.5915627398227092,0.10080674444223646
сегодняшний,0.9948976315918293,0.8072600568356407
седьмого,0.342193522698843,0.03464157709572675
сей,0.9937786179080643,0.09723762720338945
сейчас,0.49922466959201417,0.12219749604783185
секрете,0.7795464071079687,0.0013025946896831155
секрету,0.3276639235256664,0.011090626092228209
секунды,0.9487357446647987,0.17355942019895026
селу,0.9942919244341755,0.010280344876341897
семимильными,0.004994649097809666,7.010950308948843e-06
семью,0.7814598358567363,0.14582970790958544
сердца,0.9949062659334937,0.360570782979082
сердце,0.38503074838023027,0.29663847798161286
сердцем,0.8953529124618179,0.233727669520161
сердцу,0.104223381291557,0.41351894138152073
серьезно,0.017263635193465,0.11152559659064111
сидеть,0.9614900054009492,0.3037813059195221
сидит,0.7415113532647333,0.09981663034096573
сидишь,0.04102688487494,0.1834661367151229
сидорову,6.68655732496226e-05,4.7299664741716874e-05
сидячем,0.07232784485170433,0.000696305636619625
сикось-накось,4.4796035545840766e-09,1.508870974098063e-07
сил,0.8265306239535308,0.24782082425566934
силам,0.4027982320397028,0.2645475396053678
силами,0.9181116529081507,0.46214075957484446
силах,0.085108387909198,0.23438841467910598
силе,0.6697844793947398,0.2219320158017482
силой,0.8012100838246425,0.43233452528906946
силою,0.000456731297749,0.680717201632813
силу,0.7112439498902875,0.17859340980149818
силы,0.995800542563705,0.1600349914344932
сильно,0.19998453471660038,0.3286722036030279
синим,0.8287534211720065,0.28351267765408844
скажем,0.4614829549551149,0.0018658179993678238
скажет,0.419485502424304,0.06578843849632855
скажете,0.11847546737769199,0.18676859293991188
скажешь,0.16532805686825805,0.2792249597213195
скажи,0.2140212027176055,0.23022617868379522
скажите,0.6727516352586981,0.10481954298940187
скажу,0.5828286193015997,0.2123962681497935
сказал,0.6745201169196275,0.4031094341759244
сказала,0.053002948653287,0.23049981744364295
сказанному,0.0024381045095263204,0.0016591364987991804
сказать,0.6639043506601715,0.43329721356128564
сказке,0.16786617143574123,0.17386463743921504
скамьи,0.9693735441483593,0.1376003459617739
сквозь,0.38519100168939524,0.34590457335991065
скинемся,0.000201706128761,1.0398649946611235e-05
скинувшись,1.010122724620732e-05,2.18647737389578e-06
скинулись,0.0005863732717399999,0.0001551542858296458
складчину,4.07653158722086e-05,1.4181532624170118e-06
склоне,0.39403561919567137,0.06984914406226089
скобками,0.161361100406523,0.1394633661604456
сколь,0.6438870000226923,0.22459000727229134
сколько,0.721580243181281,0.6924380202735554
скончания,0.6394038895843023,0.46137809080831654
скорее,0.6139181628151991,0.31935283028148775
скорей,0.034165914280426334,0.03575933818300045
скоро,0.4996403902497158,0.3158868164741061
скором,0.9887434678544192,0.2183420920136785
скорую,0.9992523480856633,0.4080441896372558
скрипом,0.40461761969341237,0.18394483521845484
слабости,0.002539300355343667,0.09475321950465337
слабость,0.011463672692755,0.08946814097724233
слава,0.9578078584641567,0.7376463672665898
славного,0.001471979414219,0.03781429642000396
славный,0.00653388781298,0.04125694619530359
славу,0.7559267378669373,0.38506581443446786
слегка,0.013199326329555,0.04119756833373072
след,0.9999659077904758,0.2735223414903097
следа,0.4877433488016843,0.47134218193494354
следам,0.999873897362353,0.14325672222378816
следовало,0.09360148938899,0.22001725862210117
следовательно,0.21017723257279625,0.005123007258917714
следует,0.2907677855094684,0.07488264183624121
следующим,0.9496618570959829,0.645729593936795
слез,0.5229882740787978,0.1036887748447665
слезах,0.26715870740920433,2.9861699101127223e-05
слишком,0.7236930463235993,0.21586359772657418
слов,0.5650452605739451,0.4734765662506718
слова,0.8316655659667842,0.3699229435764608
словами,0.9994983467190997,0.7187563052540082
словах,0.9011706045966064,0.25170340145962766
слове,0.998065971017311,0.5781257768528054
словно,0.32782200535666045,0.09197787977812201
слово,0.8609054425753373,0.4043486580661535
словом,0.8313827103515915,0.14406721990770643
слову,0.9410860528614323,0.516239312283727
словца,0.523602502340444,0.38545272511130435
сложилось,0.299799803062818,0.3060881651997869
слом,0.1671050752454737,0.0016996546011113893
сломить,0.0514351506862246,0.06891039996477712
слух,0.8043713601414374,0.2562303285150031
слухам,0.718284799412097,0.00776984535954946
слухи,0.9777386755739675,0.21899824897518885
слуху,0.07052163790590074,0.23472847483115378
случай,0.774728061462412,0.3756491612762997
случаю,0.9195043996575739,0.086271708837385
случая,0.9930555215700096,0.09500989951086303
случилось,0.173077108735028,0.08665708012401915
случись,0.1780008880547946,0.20517711493596813
слывет,5.5189462393347966e-05,0.0002301740364345896
слыл,0.007932082733685,0.00513508992534941
слыла,0.000684204976108,0.0017242517670848078
слыли,0.000528905061666,0.004665891005401363
слыхивал,0.965363366548196,0.26841973540502445
слыхивала,0.874493802763575,0.09832032948514696
слыхивали,0.795187307359415,0.1338604022570653
слыхом,0.47301782255937963,0.3896373433177283
слышать,0.867410558880518,0.3963776996335303
слышь,0.0012358335761572,0.003555159479280038
смаком,0.08732150473428034,0.00065368771771125
смеем,0.004582738611546,0.018137640343444214
смеете,0.8602836531550458,0.5046067406377446
смеешь,0.6419274792056535,0.3016529764097975
смей,0.3896971451075024,0.002775979414852
смерти,0.5576152289691452,0.49769862293878386
смерть,0.998602793445697,0.15725215809143162
смеха,0.22371145608208984,0.1255451242542706
смеху,5.614406496592564e-06,0.2940203242164136
смешного,0.2538719829477387,0.09392054158464906
смею,0.01911360241828162,0.032039773135550745
смогли,0.344505830473179,0.31543127727094267
смогу,0.854877792160826,0.23486053962274955
смотрел,0.881887376526941,0.3120998834845169
смотрела,0.009154453251731,0.2513230381581292
смотреть,0.5553505166992173,0.17938403642849665
смотри,0.23767348537860025,0.03417852148025192
смотрите,0.13098483623491766,0.04880730964724355
смотрю,0.32235406605445016,0.10893699069375024
смотря,0.0883356738558742,0.3603142173821797
смотрят,0.953080328839078,0.36735386889366967
смысл,0.9204607837306427,0.36931138219595333
смысле,0.5583032046115131,0.48018306562969704
снаружи,0.20146062112930402,0.17004139545417724
снег,0.9761825759384016,0.22509243017023656
снизу,0.9150842086920501,0.20762484209756005
снова,0.8413457514030956,0.08451934378446693
сняла,0.053786137851478,0.202261580522603
сняло,0.7978077870032717,0.5028798454758011
снять,0.35735030446500365,0.41559937457449575
со,0.9694859635957764,0.8198070344929675
собак,0.9965303297438448,0.27351029194289517
собака,0.5210394207685848,0.13510514053563044
собаку,0.9768583924295079,0.09799614789051818
соберешь,0.3584589731949957,0.007910995565802879
собой,0.7102249135860793,0.9275126598689756
собрать,0.4415739793859224,0.18586791635755137
собственно,0.1082271086102745,0.2467027730768342
собственной,0.9723368445502196,0.20735864052854172
собственности,0.30835126132975865,0.5406377517075686
собственность,0.5840348185543668,0.16488372050618255
совершенная,0.0009822718980545,0.039388880675960095
совершенно,0.1396010301543314,0.134727152390191
совершенное,0.00196937579281,0.025616114400593033
совершенной,0.000989137378005,0.011250648619829067
совершенную,0.004197834230879,0.015879777477523702
совершил,0.5896008587565575,0.46366333152184186
совести,0.6646070279417299,0.43242042542391834
совесть,0.17678333042352334,0.1191934063221836
совестью,0.20988275849269467,0.2403761744129843
совпали,0.001368136361387,0.10469412232990412
совсем,0.49380625223183827,0.24363823433598666
согласно,0.2631607566266916,0.1469191976001705
создан,0.5313843156812113,0.1691279274440109
сознания,0.7476594821565634,0.17825481980725552
созрел,0.012631631308339,0.024453237286435104
сойдет,0.704020588594459,0.20322141675172387
сойти,0.8690262154031861,0.7167023173738928
соки,0.4487831857060419,0.06564454066642401
соку,0.3679472725907944,0.4050064648941287
солдаты,0.154932107634138,0.11500911382936532
соль,0.0284165733469175,0.13316294976049298
сомневаться,0.7511916468948808,0.3326066464934491
сомнения,0.7301602613175525,0.2824027760728161
сообщению,0.08844064454173334,0.014150953938650334
сорт,0.34074918341303556,0.055243127224630845
сорта,0.4860615012586245,0.14325913152045555
сосенке,0.364944995160124,0.011520978325928934
соскучишься,0.010938464132236333,0.0003390558765598935
составит,0.7709650517770903,0.15626910377791417
состоянии,0.7363774682679785,0.7049816658580366
сотни,0.05237887058328733,0.2212482645624396
сотых,0.001093119454078,0.1628278208214638
соусом,0.46187747164289106,0.15160278682865416
сохранности,0.9983430176329201,0.14692444445182648
сочла,0.798836461136567,0.19257387202606183
сочли,0.5467040404587601,0.15424290244270575
сочтет,0.017502102953052,0.25794312825083704
сочти,0.2317714418943215,0.0016769509038138512
сошлись,0.23631138102593502,0.13378114316247355
спас,0.8650402008883301,0.08130269116022334
спаси,0.03376937689747167,0.1405843369623029
спасибо,0.5941573622077665,0.4204573077328133
спасли,0.9936582474073252,0.2696152015581454
спасти,0.974555580858196,0.17633061464812902
спеху,0.0154323241841045,0.000578751148158129
спеша,0.7180005412235525,0.027243034934841242
спиной,0.8917886278306293,0.024753341576948987
спит,0.996628565305687,0.17060201713973872
сплошная,0.018464061566393,0.12333180476130554
сплошной,0.17585391565517136,0.02411650301689546
сплошные,0.095067351098591,0.046597830795875615
сплошь,0.8171018006290849,0.007688173085907388
спокойной,0.9946843359293068,0.4901689773725865
спокойным,0.933857323748375,0.04538120496502182
спора,0.0001533432695465,0.06665692689769756
спорадически,0.0001421218499278244,5.566292925280956e-06
спору,0.003923289790283667,0.05743250363216512
способен,0.4940441428236596,0.035744687517789
справедливости,0.004769251916510586,0.02350677721399596
спроса,0.11638962300645099,0.39512128672512925
спроси,0.766568899980532,0.20810875730835482
спросите,0.9395039374682592,0.2537581862999449
спускай,0.8605888277940541,0.013969337548903699
спускала,0.117612870215143,0.026199394764808436
спускать,0.9473860569928272,0.05832068680043833
спустя,0.667032043889468,0.3004006700392058
спьяну,5.7607307955892764e-08,2.4783722247329245e-05
спят,0.9963860461297592,0.12208507337807668
сравнении,0.9418570059758338,0.46183497460785755
сравнению,0.998696493685542,0.008606368400029001
сразу,0.6875305906063192,0.2366384547819535
среде,0.556338456076122,0.4714512306687165
среди,0.3108085096091469,0.3774443677780189
среднего,0.4493218474030157,0.46774197330411293
средней,0.9420667691108552,0.047187126524465
среднем,0.8769684631624394,0.6786025199144018
средних,0.9529903740024107,0.5118965371421281
среды,0.076425887712288,0.5354474185989042
средь,0.5912415335100982,0.025036355345640183
сродни,0.5614811496160256,0.32393824971766516
срок,0.3969229829364367,0.4499558227612112
ставил,0.982285481639142,0.04165714501036358
ставила,0.983299421711956,0.05298196084503466
ставили,0.6608545283161618,0.07826991915309854
ставит,0.8978259706796231,0.4064650525011431
ставить,0.9182688795534762,0.3099052778967034
ставишь,0.996131792366139,0.06385697080129131
ставлю,0.468765441885052,0.09198097869790493
ставят,0.757993858609007,0.30610989997789245
стадо,0.982760245509762,0.2846512690090822
стал,0.7997666494569358,0.3288304387375662
стала,0.330362596880744,0.20778018426548592
стали,0.517852726734844,0.46086492533640505
стало,0.8267982126307605,0.34750936911238567
станет,0.00958847473213,0.20786573098002592
стану,0.002198143882811,0.174445869385567
станут,0.020680511423171503,0.032276884550844875
старинке,0.07275369916335434,0.0215306485636285
старое,0.270259461938635,0.26040796122480586
старой,0.9863904774178934,0.09076945816162453
стати,0.9707378418406598,0.5413741106509409
статься,0.14841033492467734,0.022350858121627307
статьям,0.5199673357922961,0.6108889237292346
стеклышко,1.7494650756333683e-05,0.00038939735541958855
стенах,0.7241286955910781,0.3602724443332397
стене,0.008347395522817,0.2803588409144665
стенку,0.754846395803477,0.12512592740268472
стеной,0.2632087035427117,0.34216805950184104
степени,0.4453077475389377,0.7532970323286527
стиле,0.42753974205586837,0.00778582774789
сто,0.5413083432027724,0.024163684333950913
сто-пятьсот,4.958963189761653e-10,3.89541944765662e-09
стоил,0.7666290774776591,0.10563407878241853
стоила,0.049031461212906,0.2700496937712534
стоило,0.5492510876337405,0.2575916044917766
стоит,0.5746712179252913,0.38483689691599005
стоите,0.109026610900284,0.04227775994486157
столетия,0.009177854302617,0.0503473191633085
столом,0.7904725658840691,0.22243827900343394
столь,0.9226851997051353,0.1430303492836916
столько,0.6831272209244256,0.3013851403554546
стопроцентная,0.27894496078003356,0.007373903137686145
стопроцентно,0.003504986717926173,0.0001227767221850756
стопроцентное,0.01212347883853,0.05030643758461424
стопроцентную,0.052305159757099,0.05335240380249045
стопудово,1.0098974727940008e-06,3.1257242615882443e-06
стороне,0.661928163299912,0.5249343068503562
сторону,0.8896866681700079,0.5407549075967706
стороны,0.9745322575818532,0.8040253570024487
стою,0.394270920135937,0.13339119990806575
стоял,0.816923859861271,0.2050135158287296
стояла,0.07684258754492866,0.18389922436896086
стоят,0.281433474316257,0.4714461009958018
страже,0.5478822596985355,0.0018909598055441442
страха,0.5421581551949444,0.17093051536426976
страхом,0.4996533582837682,0.22671907724003776
страшен,0.027770926607063,0.22166001480329256
страшенные,2.990848089034842e-07,0.00013825551303757054
страшная,0.25169790735306036,0.06995450375211472
страшно,0.014530710902252502,0.04832645773601295
страшное,0.13175655431373975,0.1071384944801751
страшной,0.6983354021060251,0.11363558543471344
страшный,0.006158339020423,0.06214938228648561
строго,0.35369382132540006,0.12041925479301417
строго-настрого,5.700211629150291e-05,1.874068034128635e-05
стряслось,0.001293719668872,0.010713300773012113
ступала,0.9527769309025391,0.3686284839545355
стыда,0.06984608905383101,0.289017123794662
стыдно,0.565715399392053,0.09561938785879977
стыду,0.5807739673359857,5.992510063478148e-09
стынет,0.45928977202056426,0.040259239828932154
судить,0.5359557731007689,0.26770256181839963
судьба,0.04517266584963267,0.12614015713052742
судьбами,0.6679969037064007,0.1285668545576457
судя,0.7706784446228229,0.9934925249515556
сумасшедшая,0.375279841706815,0.021676732638523113
сумасшедшей,0.061160450692075,0.013809446705734545
сумасшедшем,0.076585673010995,0.02034829030653
сумасшедшие,0.092977774919316,0.0317319355814923
сумасшедший,0.127738903545991,0.022296039874858595
сумеем,0.018936823678179,0.02252797621995065
сумел,0.138370336763186,0.06813904311245667
сумели,0.002006798641327,0.037053089736065886
сути,0.396084115748411,0.3120106275631882
суть,0.04834206201090272,0.3113795978142841
сучка,0.9829063839421717,0.08230366046917513
существу,0.005631039548748,0.033237896906441335
сущности,0.1214340832891638,0.007279795422036823
сфере,0.000124388632312,0.1524618197230916
схвачено,0.0433749677512816,0.0015152296449464039
сходил,0.7978480613914601,0.13566440412336447
сходят,0.9569566062260112,0.31118492343698806
счастье,0.5430548848933402,0.20968585919260407
счастью,0.7000586315822819,0.007213308610804444
счел,0.471891048666772,0.2824942291832616
счесть,0.05955888515584462,0.08980242723875868
счет,0.2230305749785828,0.4362061801847606
счета,0.41152449328508395,0.40851975551609837
счете,0.6399458813087275,0.2594960139281332
счетом,0.5171421879113629,0.3354491769963442
счету,0.593153463971634,0.3607364587806364
считает,0.45079383117457,0.003721943551267667
считал,0.294647145046457,0.071532808780222
считали,0.188964410723966,0.018302445847190603
считанные,0.455838800256379,0.44912373021763824
считать,0.9908334960542436,0.334859972101242
считая,0.7799856467364686,0.30536154598693777
съел,0.9167080769904474,0.08150742763857415
сюда,0.4646321359289975,0.18620657514155675
сяк,0.001866323397093,0.38813820380361086
сям,0.7120379249239005,0.4218124394035659
т,0.9998110924342702,0.5047099450089375
та,0.7428895956955395,0.3287209509992757
так,0.7046810097552081,0.5830228151848741
так-то,0.03384283158014125,0.020188499471481953
такая,0.4601986029749892,0.38589961266240386
также,0.50129070743683,0.06186219278137334
таки,0.000298508374517,0.34368386471582885
такие,0.4338466238829659,0.48281093155467064
таким,0.784031787769426,0.31333297175727504
таких,0.3866958690216556,0.33239956236063833
таков,0.6914660123667934,0.057101596853842536
таковая,0.000283890474392,0.06793309904431304
таковой,0.7032480422193808,0.0010977006772049645
такого,0.6113391294453276,0.30496367385375717
такое,0.7238532224324185,0.4025823015607324
такой,0.6155337625256824,0.45349430761681636
такт,0.6514184114363321,0.053483069330648295
такую,0.9072636701970517,0.2543334977809794
там,0.6721132252730128,0.2353553646614212
твои,0.447212309289416,0.18380255689459088
твоя,0.097895852494403,0.16325418205373093
те,0.9759889561959216,0.400069722795852
тебе,0.39920915138804236,0.1925497861911375
текстом,0.9969187479153571,0.4290362712721275
текущий,0.031767046496361,0.06674412190938657
теле,0.144378536631503,0.2176089425173722
тележка,0.6921122149229321,0.2797597976264294
тело,0.9964236953922004,0.20617861735530368
телом,0.6905750124358341,0.2760554129078436
телят,0.31122458547681103,0.004619117541124668
тем,0.8563400666120078,0.6255420565816875
теме,0.0727871113304416,0.1350303089878458
темна,0.7691168424848174,0.015084167570481305
темпе,0.03737171505043247,0.002222942666877
тему,0.44703101482703733,0.13861668187510007
темы,0.27789666024583864,0.18935737337578232
тени,0.3603546748370978,0.18452593614919988
теперь,0.6840338367631564,0.20197065169336986
тепло,0.14479793492718132,0.15912342017344594
теста,0.7532923812884977,0.31366541815608984
тех,0.7838666491246395,0.6217913021782017
течение,0.5143095099782066,0.0037376944032810003
течением,0.8836890155868712,0.40678068345051344
типа,0.3183561426552612,0.04542340487868331
типу,0.6944193450434456,0.49979164762771877
тихий,0.09966291444672,0.07339520923807824
то,0.8932558954880621,0.8274754189657775
то-то,0.0744081244512946,0.034372633636964814
тогда,0.8892687817835145,0.05502385279669894
того,0.9214580369865756,0.41640660212877306
тоже,0.5345092135244971,0.1466093121451104
той,0.906188442705855,0.5136441179251483
толика,0.2244331662751718,0.03946395618872225
толк,0.9039654049476741,0.5196513816242215
толком,0.6177291191430841,0.16526171884897717
толку,0.7982611608951986,0.2230027201779354
толпа,0.5804649391480046,0.18350309165511042
толпу,0.077267302374007,0.12915666338048024
толпы,0.273791346410933,0.12714478006189056
толщиной,0.356777824018161,0.4526742376705116
только,0.6500148034450243,0.3803555675676958
том,0.9783004240786888,0.8976372470496564
тому,0.9822960613774828,0.4766096808704306
тонны,0.17152283426763332,0.19980019939470284
торопиться,0.6144717096933211,0.047197972636836324
торопишься,0.160483701862501,0.01899710663744165
торца,0.014257350543525601,0.0027958297866568006
тот,0.9259345125545062,0.5410141748032046
тотальная,0.001854420671627,0.004742883256421479
тотального,0.002480524991385,0.0050437419975711455
тотальное,0.070807537149224,0.0011517992360211343
тотальный,0.077776164454139,0.08601992207390172
тотчас,0.0015969593360192762,0.0013333468470723576
точка,0.04166203840901,0.34359852455490747
точки,0.9988804360630077,0.7512592402343655
точку,0.6595884479802319,0.6057177639346651
точнее,0.41187268177851755,0.01551853768270283
точно,0.39261831723688045,0.21865697422148306
точности,0.5889890893528188,0.08839686355931432
точь-в-точь,0.00012085195762099311,5.9596290718940574e-06
тошно,0.3297162294874524,0.04787540296503728
тощий,0.000830609152099,0.017731594650441194
трава,0.9999529145487652,0.23871272874859276
требованиям,0.8057855074063773,0.5753220593021625
трезвую,0.9619164481607928,0.04912871053592987
тренде,0.12037434231675932,0.021090163370065217
треском,0.3760851741219673,0.23562097581635302
тресни,0.133159625605192,0.4185253822919334
трети,0.9144214549717912,0.25311566794429885
треть,0.354419132566072,0.06824981412513376
третьем,0.8020869886661451,0.25254805243906125
три,0.9691080403181974,0.274170169886626
тридевять,0.0011043891318283164,6.77565348771685e-09
триста,0.0010368117332796667,0.1039480559958673
трогало,0.18403622643237172,0.018424419773022106
труд,0.8678720940880371,0.19706231701085455
труда,0.781501570516692,0.43976038387412536
трудом,0.9685386585963235,0.5289068890593497
труп,0.9210624549993925,0.08530950941880418
трын-трава,1.0835772670998403e-08,1.2806779129647766e-09
туда,0.6543446482423656,0.3840633220690292
туда-сюда,0.000601446540501588,0.0011339069306810373
тут,0.5684016039751476,0.29735231586851296
туча,0.018996385031853,0.14531925090369543
тучей,1.9496903244652142e-05,0.0026605484910412185
тучи,0.35806345710166354,0.051615383649514984
тучу,0.128088708526446,0.05398493463460301
ты,0.6257580939228489,0.4013595063879239
тыл,0.46645319831313437,0.07168953489927743
тыла,0.29504476523677053,0.1507256307688872
тылу,0.5438956647593226,0.2676483118846293
тысячи,0.0516768060287864,0.3239045615140927
тысячных,7.753084334987485e-06,0.010072643993408901
тьма,0.5010173381711118,0.11951823080886732
тьма-тьмущая,1.5265898172712665e-06,2.0870250770497046e-06
тю-тю,5.5057366753447055e-05,7.853586508733479e-06
тютю,7.430025561755965e-07,0.000568013541060914
тяжелым,0.25144909081437766,0.09847322017381067
тяните,0.000730639776749,0.058862468611092025
тянул,0.8109448855804089,0.046343546223461304
тянуть,0.657668147024276,0.0619042779458071
у,0.9138467931810316,0.6587083432800065
убить,0.2061691624037008,0.22779025135448103
уверенностью,0.6214667498675891,0.008980211557298001
увидите,0.6296259390537781,0.2225669903423355
увидишь,0.9692425302041332,0.21985894208522366
увы,0.11890350072868361,0.04592252086513925
угла,0.9960466380772617,0.2919529379440788
углом,0.7840039531012942,0.2751875396537965
углу,0.6112745158649864,0.24797369959360055
угодно,0.6704888450930571,0.5885599537599508
угол,0.9988525740171681,0.405334296017178
угораздило,0.000269229712615744,0.025999798727152676
угорелая,0.0024843074385165,6.116947490493879e-07
удалось,0.7731863804984483,0.425807601447813
ударе,0.04440347833747934,0.6000027868253662
ударят,0.5717287537136441,0.05928035280182123
удержа,9.93313671780809e-06,3.714880175299342e-05
удержу,0.0021473630586855,0.004641732609168604
удивление,0.5055483868848626,0.1089277892394408
удивленье,9.181499795594412e-05,0.00011799760406044269
удивленьем,0.000118791884493,0.00013071341824056164
удовольствие,0.9786084911202858,0.5019885613560827
удовольствием,0.6127041782531842,0.3693817072989254
уж,0.6507505247543054,0.3394323830081683
ужаленный,0.0154404080448275,0.0007522899734276824
ужас,0.8366431112823536,0.07532514239503345
ужасная,0.020847384325553,0.027317579146637388
ужаснейшего,3.1031212476986094e-05,0.00010565817841238842
ужасно,0.00559713859094375,0.01662954164601462
ужасное,0.0290948655810895,0.04097298445402459
ужасной,0.0017689064279,0.05413782259854215
ужасный,0.137261766239332,0.026111888400972037
ужасу,0.2028912873220205,0.26779139675689967
уже,0.6900582043567234,0.3327273741528795
уйдя,0.198965062338911,0.0179540611379189
уйма,0.10975265020598099,0.08939633016411479
уйму,0.00428104826558425,0.005738804877946753
уйти,0.011979543109072,0.20975108207503915
указ,0.2908392103977427,0.2918167169997604
укладывается,0.9809827120338377,0.25473439686311333
уклонилась,0.218200335368718,0.1829928829401237
уклонился,0.004539578448553,0.017311777650248224
уклониться,0.033367458814046,0.07588656082312094
укор,0.0381981627854554,0.01576289450165829
улицы,0.8659952346157104,0.17842668475385445
уложилась,0.000106862880755,0.00011326266608043087
уложился,0.0155491248840025,0.0028871158843712507
уложитесь,0.028027663767675,0.000939856275575071
уложится,3.2492421428354417e-06,0.0004728829875461896
ум,0.475033631651665,0.24202080560121395
ума,0.9843307860325398,0.7150368079622307
уме,0.6114191621213242,0.3533991371288428
умеет,0.2782954216679194,0.2571545515887634
умеешь,0.8428845560956071,0.2674945087469804
умел,0.021420412235765,0.06621847015484587
умеют,0.010730919764152,0.21543210994375445
умираю,3.593490634038519e-05,0.017712768808793737
умножить,0.1386165418461395,0.07747821379156845
умом,0.33192109263194564,0.23767371801502593
уму,0.13807370808008268,0.3759199718430093
умудрился,0.10434542233239785,0.1587255875070795
унисон,0.030581795539453668,0.0003113251658710392
упаси,0.266201363765527,0.10282548090323215
упокой,0.007481350796536226,0.07744875874844769
упомнишь,0.2357900858435614,0.0861771274120525
упор,0.41081680902794143,0.27717421047374013
упряжке,0.026182050398585,0.14045696397829924
ура,0.016090563492622334,0.03924716595386193
урок,0.5007248894042963,0.1638723417114768
уроком,0.187386917456228,0.21110448477183286
урывками,0.0001790144915717079,3.453370925715344e-05
усилиями,0.9635316440946248,0.252395205851021
условии,0.9876468343910627,1.9268346597908044e-05
условиям,0.5602993786604619,0.6293610787286893
условиях,0.7205443884122109,0.894030430412587
услугами,0.9232808669717247,0.567823342060618
усмотрение,0.5618444997816864,0.00038716691677799405
успехом,0.9973740614585784,0.8869500361988082
уст,0.9909223672072475,0.05607043238875183
уста,0.9959858050970718,0.03370686367807243
устатка,1.6028149828967542e-08,2.1125458828938805e-07
устатку,5.5923943966638003e-05,2.283147145719106e-05
устах,0.459539565820348,0.023797454684374005
устроила,0.721886458729844,0.14961786842746305
устроили,0.042960441831099504,0.1408662570090267
утверждению,0.014124038818019,0.016801174717837004
утра,0.8357547312594535,0.530127840766324
ух,0.8136363705548973,0.05891730079082931
уха,0.9236129814001571,0.28410345758147293
уходит,0.6160001465963001,0.30251315811852353
учета,0.32503016479288205,0.04712170213032496
учетом,0.6853676514376295,0.589006219003533
ушел,0.3141719779428325,0.08264638456146384
уши,0.37069840225379735,0.23241914000043323
ушли,0.8456633198962991,0.2629993734862689
ущерб,0.9604615859467116,0.5091581876383682
факт,0.21001151566392404,0.388380314870479
фейерверк,0.0004353806609026872,0.03410710051256209
фейерверком,0.003208872715759,0.1377594979684274
фи,0.6441253105664445,0.004255277319632988
фибрами,0.06353418058594801,0.01948271340683779
фиг,0.008711609149795333,0.05491757959244255
фига,0.012740271501999,0.113690449114163
финишной,0.9969251357755464,0.518456246442788
фиолетово,0.007771398793085999,0.0856450455780866
фишка,0.014965209271180667,0.028827367068550023
флагом,0.10959379344416902,0.40895215617008646
флаконе,0.30697040676706305,0.20840895445074226
фонтан,0.027410811144112802,0.022821489588110026
фонтаны,0.29424178384902355,0.004370216710715317
форме,0.31591041288801913,0.132000967338474
форменное,0.014391162520042,0.014572922506171314
форменный,0.018481158184727998,0.030556258387389443
форму,0.8793125295612595,0.034115813435609876
форса,0.000219806830548,0.00018870656222072445
форсу,0.00013469687762722668,8.069518122680812e-05
фору,0.4921558412718247,0.0048855794755041084
фронтам,0.6587785437257907,0.010652888479254819
фронте,0.9767978240747692,0.029974787071038605
фрукт,0.02350241448519741,0.03441519816514706
фу,0.0163427715937072,0.009497744811645472
фэ,7.344893247378057e-05,0.0009382045995588144
характер,0.9467278629658603,0.49805311801837504
характеризуется,0.08807914291046119,0.10290364824869833
характеризуются,0.347557476043861,0.04531755304822782
хватает,0.5156968187956961,0.46976377933379465
хватается,0.386493135680745,0.1728203925521026
хватал,0.7577764176663601,0.008972809769344501
хватало,0.5011971639556755,0.26912792376855704
хватило,0.5012624316034321,0.3148973474101267
хватит,0.5480551492977812,0.2465840343559253
хватить,0.974632802889377,0.6263324376087138
хвост,0.9663154806624273,0.2322921299535811
хвоста,0.04203489255849441,0.1022980024149725
хвосте,0.16392304957746262,0.20311950578287788
хвостиком,0.0940387726232456,0.11052181504832097
хвостом,0.08523776389187225,0.2878648995925987
хлеба,0.9933416330049748,0.15591306188413323
хлебавши,0.9335171629926787,0.4790643695772742
хлебах,0.42631654210178777,1.456852865677973e-05
хлебом,0.9943677805258928,0.1058181292686457
хлоп,0.015648874754017883,0.0761783898501773
хны,0.9231262399461344,0.7984483836144776
ходил,0.1335502954601285,0.06398416224381766
ходили,0.704348898903263,0.2797705476762979
ходит,0.6384416935599481,0.24270460546314634
ходить,0.9539792305088389,0.23361473186847997
ходом,0.7663401233393298,0.7905039818110593
ходу,0.5416492478928157,0.030616300515107803
ходьбы,0.6254672448245037,0.1184097391560343
ходят,0.5382883985104209,0.27274240758680246
холодно,0.9484796863044958,0.16265370669090676
хором,0.12749339106160706,0.2424378345356592
хорош,0.3078497768080443,0.10012762631855064
хороша,0.6400052425468149,0.1655575351727086
хорошей,0.9793515930109151,0.1608744873837223
хороши,0.39098604616952304,0.14801834206330844
хорошо,0.171831501314742,0.23295014854622056
хотел,0.5267692219980714,0.1599199384837266
хотела,0.30419675730200524,0.22407208290049083
хотелось,0.002040075567739,0.37041900559622776
хотите,0.6582619455273255,0.31940931300439085
хоть,0.6712423321722665,0.3891415304789894
хотя,0.7356024557974588,0.016772113814113417
хотят,0.945591295508864,0.26790177866536397
хочет,0.6570207311178901,0.2572047302320677
хочется,0.3182875970843665,0.17013754255878635
хочешь,0.7003530233399355,0.34767642399895377
хочу,0.6402066188664776,0.2796774064843401
храни,0.20941241147663536,0.11060618944482581
хрен,0.13562985138567857,0.07980653201248998
хрена,0.40813120640121275,0.26537053454668535
христа,0.754326490936633,0.25116995291745925
хромает,0.008583360857755944,0.023389846139444368
худо-бедно,6.522648104276346e-06,2.6254205391239137e-06
худого,0.00024589192975204324,0.06684736795725577
худшему,0.268376150170327,0.09874445590664825
хуже,0.7640447275301138,0.18258773992056238
хухры-мухры,2.9530775953427585e-06,2.0380074107624774e-07
цвета,0.5071581407319073,0.5620419160123687
цвете,0.379075310030317,0.13982584692890473
целиком,0.963567971281441,0.05615551747108145
целости,0.48162118003908716,0.040574110269058924
целую,0.5009064294554793,0.17864368161523062
целый,0.5426172365292833,0.3074375342385934
целым,0.914470898037176,0.11465900942683001
целыми,0.2630123852158618,0.5071426873358115
целых,0.2622029301992837,0.1418068977375894
целью,0.9633694491727529,0.6758698054066505
цена,0.9477963349924757,0.18713974304042558
цене,0.21469841601803963,0.5526339037744268
ценой,0.9591337518595885,0.4527002909547435
центре,0.9778944995974197,0.42808007304920026
цены,0.2113691347663417,0.31592004801129414
час,0.7160227225541365,0.3244512981051322
часа,0.8160188756025423,0.37308091721533876
часами,0.052867780233177,0.1492931664733818
часах,0.966925097275877,0.6186761456343396
часов,0.5968577688765975,0.40496103359101104
часом,0.001340183777768892,0.25036006362095603
части,0.9817749710131398,0.5057738917576575
часть,0.1968159535669475,0.35997921164909696
часу,0.8281637286424931,0.3054634993651234
чего,0.6959747616466765,0.3801032965890152
человек,0.719624936544807,0.44144928849111026
человека,0.8821190451199395,0.23921465858043917
чем,0.7343380138944176,0.5757579309994701
чем-то,0.0999055818256462,0.24121445137028336
чему,0.9244296131532381,0.5646361820027004
черед,0.210962694648597,0.28786767917815814
чередом,0.8280200840875978,0.310218116469758
через,0.7446002647540289,0.7347567592782135
чересчур,0.000432560612292,0.020894594514398943
черный,0.3330312337913974,0.12679933226150208
черт,0.4051810363471001,0.3564999916210389
черт-те,0.089862279157803,0.01126426860746833
черта,0.4931662581857898,0.18914591402071823
чертиков,0.191763102972916,0.04240630002703588
чертов,0.0027571449435640004,0.049391911600404494
чертовой,0.6912723953116775,0.9090550447622106
чертовски,0.0164322648395482,0.011104968478814993
чертом,0.06582092628841299,0.03751462437093421
черту,0.5413066584156484,0.3318370012115115
чести,0.6280227390616601,0.3496700128475072
честно,0.8761734015560677,0.21509358346605575
честное,0.8229263091233937,0.16582104009163173
честном,0.9574445477714274,0.33489523286149164
честь,0.9129034017480582,0.31700432219383956
честью,0.35088075291420395,0.18888441560726235
чета,0.5323280484125931,0.03869379433275094
четверти,0.631102866291773,0.30199382975020606
четверть,0.275016792761871,0.08032023117763708
четыре,0.9764053059930445,0.3399713483556833
четырех,0.7086454610904918,0.01582007450173529
чешет,0.00020846661322545244,0.126234447582421
чинов,0.0061793082119339995,0.21240879579552524
чину,0.022395594932819497,0.0017274805157933802
числа,0.7612672385386821,0.183282933793344
числился,0.06483878242883835,0.009622899826044116
числится,0.0018251722577221814,0.07104682738607927
число,0.9958418564221784,0.18805634206774663
числом,0.8425523598136373,0.21667630365247978
числу,0.38305477187188386,0.4032216927813474
чисто,0.00025277298087,0.10983096814010596
чистое,0.120247487664828,0.03566481860107142
чистой,0.5301000728475506,0.3315846360269783
чистом,0.9062180504238948,0.3603837728993799
чистый,0.6583362836051597,0.05466778287932469
чистым,0.2082401036260433,0.21278884967807984
чрезвычайно,0.0049713615595976665,0.010862067717582557
что,0.8477188291433599,0.6810555956786761
что-то,0.21297710694874594,0.16569388861460502
чтоб,0.7506044475473039,0.11711081915415393
чтобы,0.8279637180742807,0.6574538291278322
чувств,0.6999274214240697,0.1684040357785723
чувствах,0.9995860101007731,0.6323468406379016
чувством,0.9794553039072421,0.5563953806540126
чудо,0.137183391730967,0.11140697418151489
чудом,0.27435257566116056,0.19580060709429956
чужд,0.100889702998957,0.18453429192118834
чуждый,0.001863146290542,0.0008999421845450001
чужими,0.5235520156378785,0.09179402127802527
чужих,0.6194780196453754,0.10528783680565802
чужой,0.31389245774307034,0.12949832922971133
чур,0.27011431196550184,0.051024458502211024
чуточки,0.0029926026687286666,9.85029649925048e-08
чуть,0.49779607542287646,0.3370703861912891
чуть-чуть,0.000260556140225,0.004429641927505341
чуял,4.757108421905933e-05,0.005185825224141284
шаг,0.8564699194190803,0.5406732490748181
шага,0.027479377450308668,0.43822967635221294
шагами,0.9931822455809084,0.6415104046361508
шагов,0.12693289580015601,0.25320006735777023
шагом,0.9993015055018862,0.9023143046239995
шагу,0.5594714652324869,0.24750822470904307
шансы,0.7970697676975476,0.4174142491929019
шатко,0.9968858986645394,0.032404816319637555
шел,0.0063187276351225,0.07399673226750782
шею,0.5648984943541185,0.19697491514619384
шиворот,0.0238559254948142,9.183831983847691e-11
шиворот-навыворот,1.592904775099478e-05,2.758437127992698e-06
шириной,0.9177570705225012,0.23600927987100545
ширину,0.9081080752331692,0.3406354491020566
широкую,0.816990102011506,0.1391785643502147
ширь,0.5063063925744969,0.001135969385254413
шквал,0.42687735603968,0.18197837490866894
шквалом,0.00603631416174,0.07989348220568286
школьной,0.9975960831656074,0.22352867913468072
шкуру,0.15951627301763532,0.12234799474639838
шли,0.0449614918478212,0.08199555535707367
шло,0.9998896723863918,0.15638992877854155
шоколаде,0.3225712218693135,0.00011867464734105325
штык,0.004101209255218842,0.011017221730426836
шумок,0.07395615827184221,0.0040538028811853265
шутка,0.059395808891033165,0.057701051819134035
шутки,0.9982062917070046,0.03325515122947845
шутку,0.71216597429349,0.21223111246631654
щеки,0.9981805448022264,0.13570297550069652
эдак,0.4951079731168325,0.08187114712052387
энтузиазме,0.6973313393159547,0.009084269128821773
эпизодически,5.8684851065937555e-05,0.01642324778041402
эпоху,0.7349871598741579,0.39455724748830673
эру,0.001275226037006,0.05030342630627625
эта,0.6174596184165355,0.3735490021167798
этаким,0.002573847057023,0.0009499084434936668
эти,0.6844251207402406,0.35370860642705565
этим,0.9339081415003324,0.48801880838301104
этих,0.003417984388351,0.21698977003877182
это,0.6759369455902648,0.5304582686014931
этого,0.6610929470926703,0.45822814373238496
этой,0.14603552119355534,0.5279171580662086
этом,0.7985089724369646,0.6212730495246318
этот,0.5787733070272313,0.5108111477073161
эту,0.7211607052844151,0.3654872271482596
эх,0.2657661274329596,0.2272969942355735
юге,0.185427730654866,0.1585944493437521
я,0.8680989181274624,0.5599357663133311
явись,0.009790891742536,0.03942722202330442
явочным,0.006917586152643179,5.729057003687966e-06
язык,0.9512771439243801,0.4360012842688981
яйца,0.9960260616147621,0.3862920114869066
ясен,0.40506758336990806,0.11163593206166884
ясно,0.46882561235278714,0.24801729358460348
ясное,0.092715621960287,0.025760215668285794
ящик,0.9989931771221018,0.10865751005694214
