form,mean_in,mean_out
а,0.7798795659734475,0.6825491150557833
абсолютно,0.1175508648431725,0.1214524647735665
абы,0.18813086640331,0.10827189995881864
авансом,1.777567212977422e-06,1.317026148350422e-06
авось,0.016401579858729462,0.004330482847046724
автомате,0.003927245119815,0.074821358240268
адрес,0.1484286069148055,0.13721308319890826
адресу,0.9989737087015732,0.41874701462281655
адский,0.10933218463202998,0.003457057387959333
ажуре,0.0122884236459955,0.064712986482614
аза,2.1485663751257178e-07,0.008148816953058795
ай,0.9511362476629196,0.4854681460889478
аккурат,0.069877307942332,0.00822622850653925
ан,0.383924071989365,0.0129466479078605
арсенал,0.14776350894920234,0.019892812405369
арсенале,0.038328656731178,0.007831236018484001
африке,0.953778520613569,0.010439977953876
ах,0.12323848856599891,0.05865113890885439
б,0.251650811750392,0.0944741185817
бабушке,0.100136850695345,0.128283892190503
базаре,0.0126557254728235,0.004780749311166132
балды,8.740343544199134e-06,0.03123969313813388
баранов,0.4847198527529914,0.10375432436491934
барского,0.7993286555379711,0.057250078651662505
батарея,0.06620356960980567,0.012866285459035667
бдительным,0.9282066941109952,3.1738609419629497e-06
бе,0.9916238214152112,3.1426414903850147e-06
бегу,0.09339481101788,0.0049525061236512504
беда,0.05988927234771375,0.034324470939270005
бедных,0.0431426992669035,0.03921345577017525
беду,0.080506850855415,0.953709013814475
без,0.879894758449247,0.5413819602945346
бездна,1.2437045785617788e-05,0.001950211259661788
безмерное,0.000208587433467,0.017269794725592
безо,0.25243056272134734,0.23999361643019568
безобразия,0.025222703594404667,0.001530609330667174
бела,0.988411443532224,0.40535992795788145
белы,0.190532510214517,0.28866410207292154
белый,0.6289753079060367,0.05750586223015567
бельмеса,9.394886773556941e-05,0.0006633831807715
берегу,0.006042568859576333,0.42950433954645656
берет,0.42213459460505404,0.30901940127313476
берите,0.33284072499050205,0.02832776499325317
берущий,0.198581479562555,0.25256026767699574
бесконечно,0.0012409467180480001,0.038326610469448005
беспредельные,2.199445848077349e-05,1.935589501984601e-05
битком,0.969272586345413,0.00011357202129600001
благим,0.000304790183135,0.00048023429349600003
благо,0.5552002725502144,0.011228605364319051
благоволите,7.636136351312508e-07,3.852608183958749e-07
благодарим,0.001819956099919,0.010618386906693844
благодарю,0.199513953065438,0.367377711891466
благодаря,0.9934943611861151,0.024917949736277503
блеске,0.33552918494823,0.007074080157984001
близка,0.5211648275454426,0.02533777651842725
близки,0.8707539943101286,0.13187983624493102
бог,0.37919304003025384,0.21423053689669339
бога,0.24348548396409725,0.40453303558322246
боем,0.680533304956843,0.00039780188016400004
боже,0.398533490985057,0.3291720942845065
божеский,0.120650835620498,0.43005398213807455
божий,0.8616234195694671,0.095408797910646
боится,0.9861891798686032,0.0104221231629535
бок,0.999085994687421,0.4069787876444881
боком,0.46495890046689503,0.22649611287039953
боку,0.865829035079926,0.014258752778640001
более,0.919444876164491,0.5757813522091331
болеем,0.007493134401986,0.00040517241665900003
болел,0.433134930090421,0.06738012441006251
болела,0.01091975880368,0.0011498503975505001
болею,0.637917240619273,0.011282780332390335
боли,0.7182299387599981,0.005849880432394001
болит,0.9795026031214487,0.44603190823591
больно,0.0359853782388601,0.1544253300986711
больше,0.4598306097577254,0.5403839273172746
большей,0.9923412206042036,0.315695358494538
большие,0.963366807821188,0.047968096648653674
большинстве,0.860898862268586,0.22217088647592403
большое,0.6102173066903931,0.14406106589209802
большой,0.9435036330665447,0.17706299778280102
борт,0.8309822547662511,0.130322878035346
бортом,0.920669863936696,0.0584698343962035
боюсь,0.18597004765801337,0.21293684335839305
боя,0.40585759652931713,0.42238862821421536
боятся,0.9904589636244332,0.065602882904464
брал,0.042121065339567,0.01978285205370575
брат,0.8618917490458271,0.001885886846104
брать,0.9605001118992735,0.40637008077046555
браться,0.003832299409123,0.008795046252895001
бросив,0.00297289886205,0.347644788316605
бросил,0.007867341494164,0.018791709599265002
бросила,0.256582795037833,0.39334538824956905
бросилась,0.5832340305751791,0.7458483546506791
бросился,0.4016939168822065,0.04551001429328613
брось,0.000398143652677,0.065785393361467
бросьте,0.001562384544763,0.008923820586430188
будем,0.470076817370175,0.42671062295594375
будет,0.5784863262387814,0.3645723751882178
будешь,0.528538260431923,0.3369331093959815
будто,0.45463292955525875,0.011739071856303587
буду,0.8914489663887235,0.27944374338322836
будучи,0.767565406778213,0.9833392667652431
будущем,0.743753846420363,0.5607033582789493
будь,0.8292360900807656,0.7007047666164148
будьте,0.8988009972280226,0.49819539078492203
буква,0.7987942171176858,0.553881125926
букву,0.9785946935201,0.7936044386762205
букет,0.000472715761428,0.498885622596665
букете,5.59697986882694e-06,1.698830065301471e-06
бум-бум,3.121155230003772e-07,0.0002741697688474958
бухты-барахты,3.334051382699789e-06,1.0762631523732715e-05
бы,0.831453921943277,0.8024687464392738
бывает,0.9366289270306325,0.7313992667296556
бывало,0.999977469952738,0.05665905514963418
был,0.934532389086813,0.891336245909309
была,0.4416831551359506,0.48346910583455455
было,0.8416450354055666,0.758878436769145
быстро,0.1800057228448655,0.3380953128479687
быть,0.8488790782979561,0.8087236483819514
бьюсь,0.9514153883420231,0.13559477935774578
в,0.9309346977227241,0.7070675899587034
вагон,0.33930061467492467,0.12484729234230169
вагоном,0.00014063046397,0.003226067258704
важности,0.290872481836679,0.56486828094631
валится,0.111059693041423,0.18997943472950105
валко,0.998306380491304,1.925845852678493e-06
вам,0.1417394255841195,0.38978874565237553
вариант,0.22281661032386402,0.2543617368173754
варила,0.0086215532276925,0.2116674539061315
варимся,0.700902751012734,0.030238016379776002
варит,0.005143915270452,0.20388602668561231
варятся,0.283730804156633,0.0170470535704985
ваше,0.4543705633030185,0.5958317455188931
вверх,0.908456290194677,0.22967455547987914
ввиду,0.13466657724832548,0.6826099458259336
вдвоем,0.005976280047519,0.020316125062936
вдвойне,0.1240523448868885,0.13532787380592276
вдогонку,0.0012998336551156666,0.0038494538808316672
вдоль,0.7507053299694858,0.09037495013246552
вдруг,0.21009790435481274,0.07423753378079602
ведет,0.209062007237996,0.13904926053337097
ведете,0.096732480656381,0.8060078179860011
ведома,0.038493155807732334,0.05082522402749206
ведут,0.9205003061637856,0.19075209248887356
ведь,0.5764961350526762,0.0740914706236752
везет,0.09196294683189649,0.14314407466107038
век,0.003969413538646,0.4208363186828042
века,0.548071717916611,0.9275745754925575
веками,6.32899588362709e-05,0.4963344596579855
веки,0.9953177108730994,0.49412879177618885
веков,0.9378211410957742,0.3163070123408272
вел,0.100399830987057,0.014190917990586086
вела,0.785792877338525,0.045851725142025505
велел,0.4302699590279375,0.11199060847558882
велели,0.004722172107494,2.404580283364976e-05
великое,0.522244656609896,0.05394223567877469
величиной,0.121458235692091,0.021702993047574
верится,0.6613359067238478,0.6922699931241583
верно,0.013659487036537334,0.23557940841713962
вероятно,0.088992363890502,0.04258825681581283
версту,0.048847115979233,2.6199691956705023e-05
верти,3.585780158761887e-05,0.013693296578395001
вертит,2.936079848201721e-05,0.000908122896183
вертят,0.257972340233255,0.0965792567747835
верх,0.825909242223211,0.4991498244158905
вес,0.6851996195969527,0.23630054936031722
весом,0.641885080432093,0.38973179090230303
весть,0.181382971559885,0.789808706222714
весь,0.791623206160868,0.40777616022411306
ветерком,0.075977698001457,0.004216028494713001
ветрил,0.012748859026216,0.009911405668764752
вечер,0.022099267887633,0.12157274859806151
вечера,0.6368563152623021,0.09108261747030852
вечно,0.04601471528224775,0.12683305633967773
вечность,0.941683763683359,0.026585270718121754
вечные,0.9444245767137603,0.03942351127903439
вещей,0.011079610888260668,0.2663608497979626
вещь,0.001398310401911,0.2538487778702393
взад,0.9966771518138792,0.999113932576558
взводе,0.38481131230499654,0.004349209623483388
взгляда,0.746759576055331,0.3290313105641433
взглянешь,0.018812318609886,0.017557304403208823
вздумай,0.13210141586904134,0.15375505356890928
взял,0.4169513313750667,0.08843617459914123
взяли,0.8818587890450356,0.7279993842157281
взяло,0.280106523782075,0.11466680993027634
взялся,0.5858795206863108,0.2596822905894428
взять,0.9078111859927953,0.13819784048213424
взяться,0.9356997310431332,0.9858209051359341
вид,0.6058920243966117,0.45194707669071854
видано,0.3358466281244117,0.15318633529801937
видел,0.3525646488829744,0.08612051821324168
видели,0.7343563710256993,0.3123823244787262
видимо,0.0931709920783635,0.101641112955729
видимо-невидимо,1.6217310941679779e-07,5.577488048624305e-07
видимости,0.034789043040535,0.8851620319637331
видит,0.5000003028810597,0.1992455641087051
видите,0.065935918064759,0.5278043555826128
видишь,0.04620733457308201,0.10943181225608138
видно,0.6619771852545517,0.3334307119493093
видом,0.7236240480569525,0.4437160354212779
виду,0.7225479790753839,0.794643509489206
виды,0.9820108496165546,0.7594455951369267
видят,0.037940282555781,0.5508985980888801
вине,0.997146613110867,0.08388960332429926
виноват,0.4483510553475589,0.4634040673965687
виновата,0.9811489887835452,0.7141021509639861
виной,0.8718270167697221,0.8035498496013741
висел,0.010293575725161,0.007107533789931001
висела,0.490463435007271,0.08061478368709503
висели,0.387201018697978,0.038031547640088
висело,0.036175777953938,0.362167364235052
висит,0.7019008412787431,0.191862911677289
вишь,7.410709544838505e-05,0.001084748169702
включал,0.4987092721740791,0.4771543626296195
включая,0.993113115302778,0.982213482089569
включительно,0.159108338974187,0.0195430406481775
вкус,0.843696425270979,0.2084975499760807
вкусом,0.999654085694338,0.5144268136361756
власти,0.3677277401637031,0.6097652931167131
влезет,0.37387151374747624,0.04773007836868649
влитой,0.003399122806383,0.017678985227959
вместе,0.6527780807229223,0.14217670540328067
вместо,0.6139449629145908,0.30012386035370653
вне,0.6321990314811387,0.21387970463364736
внезапно,0.061556793003173,0.012436912777903
вниз,0.7992730912425549,0.3417524909479589
внимания,0.5858448803629116,0.7471512006937692
внутри,0.000747686444826,0.24528869654534374
внутрь,0.8505490417966871,0.9060179261126841
во,0.9499150760130531,0.8414128814892795
вовек,0.025344802175146026,2.4757195734308163e-05
вовремя,0.10397310209737355,0.1339824325312185
вовсе,0.016813851880962,0.029797090445608004
вода,0.9990505112404896,0.6603161658799386
воз,0.019790704268834503,0.03190194960612505
воздух,0.0262855872819995,0.28268212963156775
воздухе,0.001388470949555,0.394743383430778
возражаете,0.24974639079718,0.46020089394661834
возражаешь,0.033836952568948,0.2207527936873733
возьмешь,0.462306855664722,0.007563187223771895
возьми,0.6174515910535745,0.3128720802448278
возьмите,0.037520684864682,0.000183679707881
возьму,0.041507329932506,0.3089704677783787
возьмут,0.001429094837408,0.021589677874699502
вокруг,0.9960644487909491,0.8821423147842341
воле,0.82601751747575,0.00423581867939425
волей,0.169926662581071,0.0026302015284000004
волен,0.0006115445220795,0.12203357596217138
волне,0.7113703111713261,0.06938330970309034
волосы,0.998683994619416,0.8001549064581631
волю,0.1285461401981345,0.0015406753201700001
воля,0.9928283788602286,0.07104499217182
вон,0.9663195323798845,0.10665198693888188
вообще,0.21961370228968896,0.08165892908468637
вопреки,0.6893927426107441,0.7367618031581621
вопрос,0.3154086234539263,0.6898769587969047
вопросам,0.37009013796463575,0.37452611695640003
вопросом,0.9736459382010441,0.30168423417202195
ворота,0.9091885358263452,0.001659808654198
воротит,0.447305878270125,0.002312335182287
воротить,0.429106251153991,0.026995818086719
воротишь,0.012989954663743,0.48009304336318903
ворох,0.0387310980920945,0.017886478353223
востоке,0.105925683635332,0.514235017831225
вот,0.6296170547795038,0.2837973372144219
вот-вот,0.0008858591405095,0.00021121378231687323
вошедший,0.8812675651938151,0.17786659389720605
вошли,0.9799787141540752,0.39339615040906
вперед,0.47112888294968647,0.5017207602343929
впечатление,0.969534236396802,0.6131022353909896
вполне,0.027680994639765248,0.21438935105355264
вправду,0.13701505603374,0.021063354069741
вправе,0.0256219644142525,0.21270135481977853
впредь,0.0048091161916115,0.002520169979824297
впрямь,0.075582003405552,0.013694713847515003
впустую,0.013822245100787,0.019059868710285
врагу,0.000660541182897,0.065316607471819
вразрез,0.041643377500691,0.0008420853233970001
времен,0.6310764052874809,0.392887160616728
времена,0.9628516447103209,0.8364558159498746
временами,0.011365879102157,0.011300801345547624
временем,0.989032667962748,0.3940575953124558
времени,0.9111050049953168,0.7569588277915895
время,0.9348022000309859,0.8304275880697044
вровень,0.061284853134205536,0.00021562752932337804
вроде,0.39917993357405307,0.24554589204671914
все,0.5665007149146997,0.4930052101590964
всегда,0.5157007160182571,0.13975550088306346
всего,0.7666399251170777,0.7881747055858567
всей,0.8348025689618582,0.3851322744649946
всем,0.7920377073528668,0.5007306110311762
всеми,0.8831212805178136,0.7771224357573562
всему,0.6652019623238243,0.4436125147187357
всех,0.85157366861888,0.4186482822354936
вслед,0.137620311956818,0.5242232619796066
всплеснул,0.496644623738404,0.195094359780588
всплеснула,0.249919163075682,0.067887182828456
встал,0.334880866914269,0.43751652568517
встанешь,0.001906056849264,0.29567125650061155
встань,0.009167702585377,5.029541028796495e-05
встаньте,0.019761958487114,0.024601803283846
встать,0.563997338934177,0.004347046861331442
всю,0.8476497811596969,0.660102898466587
вся,0.177839275087782,0.39208660753465524
всякие,0.277699074489649,0.11019691224493522
всякий,0.649051578303211,0.26521668489090755
всяких,0.7093876372505701,0.15478347794796501
всякого,0.5666280250017712,0.00414270964316194
всякой,0.982741299942757,0.39856464904782
втаптывала,0.042627853574775,6.1771161183958056e-09
втаптывать,0.006606877631105,0.00408495571446
вторая,0.9454029889088232,0.9225175519663871
второго,0.671439727042168,0.10288274713497801
второй,0.362313320791984,0.43223451858955236
вы,0.09932386690024775,0.5250345226521549
выбор,0.9106301700052685,0.1747732157780608
выброс,0.020742119368981,0.057152566422385004
выгодном,0.043967615994883,0.06786538784869
выдавал,0.52571927473585,0.009550201426698235
выдавая,0.7750543681937011,0.081629546202674
выдает,0.0126900668419,0.005190237527642021
выеденного,0.906700818712314,0.133664981910981
вызвали,0.622761724609008,0.5079461817323923
вызваны,0.059669805086845,0.310167619164656
вылитая,0.00017738077107315418,3.2754624850577515e-05
вынос,0.271717697457786,0.1422227985871775
выноси,0.5717545962347711,0.8166261730559371
выносит,0.0239912975652,0.0021314709021196935
выносят,0.004079346018617368,0.0004722300099394267
выпал,0.812890914588254,0.20915599650817784
выпала,0.469842418105612,0.25984644077341956
выпустили,0.422357087312729,0.07253370773499701
выпустит,0.411024273902367,0.028667234199035004
выражения,0.018449735312163002,0.10837699851845706
высоко,0.259272056473708,0.40632101346778005
высоте,0.712460590848321,0.5757000444092422
высшей,0.9904780234728623,0.04181390317470125
выше,0.9768388801580282,0.4223176720931242
гаком,0.033083520162163,0.00032886091556000004
галереи,4.740574745854144e-05,0.008371934545739
гарантий,0.4997409315928905,0.25930855413288767
где,0.6338693987949248,0.49305015722065926
где-то,0.040790642828421,0.003932315680462451
главный,0.0179868868010385,0.22288581584376152
главным,0.9904805626837826,0.022314703897001003
глаз,0.7761581607229737,0.3200817020420688
глаза,0.7892837483597029,0.3941762371310835
глазами,0.8476731892119987,0.6530117822247387
глазком,0.556327898480732,0.49980612628223486
глазок,0.023740548823557,0.20003963669555067
глазом,0.6966598942462161,0.35199465790902934
глотку,0.651007317010788,0.25788043500844304
глубине,0.9997471045741583,0.7384117868154446
глубиной,0.5990282841051671,0.12188937138854701
глубины,0.9223944557467306,0.15975147112454466
глубокий,0.001547249005495,0.27606046459876504
глубокой,0.987436755146666,0.565263222050572
глядишь,0.3738737135238133,0.021187154275194547
глядя,0.016963324613618,0.5052864288075025
глядят,0.9998380973216621,2.7673165320011306e-05
говори,0.5158609965743888,0.1665436789356587
говорил,0.6116874737648615,0.1890875666630195
говорила,0.4078050058519187,0.3220501025624507
говорит,0.5367978593806121,0.3099427239016927
говорите,0.041082200586292,0.24199576386880284
говорить,0.5436246484187522,0.5141588897225108
говоришь,0.038437005887951334,0.5044499830358133
говорю,0.6660840263138396,0.2953786202898243
говоря,0.930355745984967,0.7742360802729249
говорят,0.10995866091221367,0.23127525577446492
год,0.9966307340724292,0.128450701709069
годам,0.8936057378858586,0.9397622401463183
годами,0.5894003772873221,0.202321591818194
годах,0.004823991159382,0.012688058037235
годится,0.7278065726057024,0.00771893078274214
году,0.9847638020556265,0.8782011232239283
годы,0.049470964743755,0.8975806538487106
голимый,0.0006662836157552071,0.00018854646465914587
голова,0.6154641351803438,0.5538829906520986
голове,0.8479084759488664,0.6823458794989916
головой,0.6394798404119525,0.6367203163161422
голову,0.7556128674669874,0.6317743972316526
головы,0.020297670563762502,0.3234504718552295
голодный,0.6674353616770821,0.00032337578810100003
голое,0.9967123704282155,0.14609089411502751
голой,0.000158094979801,0.005504546661993
голос,0.9320632359954676,0.5711301731344124
голосе,0.00034424352693499996,0.090821930782655
голубом,0.981477648764238,0.036174622225405004
голые,0.007571589351075,0.132331428839068
голыми,0.713265390264136,0.7397081624970451
гора,0.152080790508445,0.33240063600958003
горазд,0.0503978725060005,0.002377213257394889
гораздо,0.3110338907097875,0.3172259677405782
горами,0.9570319575917883,0.31144657732694236
горах,0.002985307322615,0.011521273253204001
горбом,0.000117382863248,0.000777106362237
горе,0.9978206075861552,0.145435460462635
гори,0.18259340419415776,0.12079735891488973
горите,0.013738681479904,0.00023762502969779
горле,0.998676385409002,0.3783911192851897
горло,0.915134266196942,0.09193825842942338
город,0.117051572829797,0.4062868330109385
городом,0.748042756243077,0.21698903876392436
городу,0.99788327990295,0.0283503665754985
горох,0.9397179104736404,0.1116546608081736
горстка,0.0117425474112695,0.0125821812280385
господь,0.015546919492774751,0.0833967647186845
гости,0.39181977140610535,0.2862767849611199
гостях,0.48826337665345804,0.008888600911430334
готов,0.23124173753246835,0.2638850741443519
готова,0.081053162456856,0.7262237827984186
готовность,0.006796278510408,0.4806277820806929
готово,0.356679037647463,0.018375938479585
готовы,0.787799497218157,0.588672489516167
грамм,0.406629645019537,0.25273845972291986
грани,0.888202398951753,0.20632971058479901
границах,0.057333468712227754,0.0626133791240345
гранью,0.5051740937808626,0.0037376650639660003
гребут,0.363328094209482,0.22152177546384902
грех,0.38774444354239634,0.08768462140039467
греха,0.6664906219672531,0.25014293271659604
грешным,1.6547976433345253e-05,0.0007296372783796666
гроб,0.4927152281462511,0.383529913108128
грош,0.8086848060585561,0.018692877806466
грубо,0.0053716880187015,0.09006609914331326
грудой,0.328464468708349,0.013382624159845001
грудь,0.184970065782899,0.46202802459105596
груз,0.127196552385587,0.8249642424788796
грузом,0.9986287413928135,0.5805007957671798
грязи,0.7756079875208338,0.10331008772348017
грязь,0.7309642688246342,0.0734592917086375
гулькин,0.18659158289928898,0.00035579345885847983
гуся,0.756730619531324,0.000774948328435
да,0.5725814323484346,0.333373481232395
дабы,0.024668978462116,0.42740302472080904
давай,0.1677703167480626,0.3280371077281804
давил,0.001761210434131,2.030431685521006e-06
давит,0.004520717458291,0.0005456696097260001
давлением,0.5462252219358845,0.6871173861935056
давних,0.08282890030695,0.12876499217898402
давно,0.3451945845702465,0.18121668110772984
давным-давно,0.00011961653485992904,0.0001837621812837985
дадим,0.49486940310927713,0.07553760100565163
дадите,0.611397185141732,0.02478734360144867
дадут,0.3624750549881117,0.19924840747102304
даже,0.6288104363441683,0.35596311272989833
дай,0.7286418916338323,0.2694681105434092
дайте,0.086748640319473,0.31820426317734
дал,0.7548735006677996,0.8153772829298571
дала,0.3845394543744884,0.5143879859089556
далеко,0.612450516078331,0.483566623514817
дали,0.7107316532495007,0.4788234556595651
дальних,0.0022444910584816665,0.09296981790924623
дальше,0.917423137823658,0.000231953263903
дам,0.08760335132129349,0.35275182023488383
данный,0.557671573295602,0.0292954224096
даром,0.3016948673804638,0.3206497891760857
даст,0.5560441298469261,0.367214561672011
дать,0.976211833656064,0.5166890546750605
дашь,0.02273074109757825,0.17578129290833505
даю,0.9589696141214593,0.14991206161125417
два,0.8276595756282593,0.4174954469834029
две,0.9377577627155672,0.3854504182352425
двери,0.34851360427777806,0.4316285214724786
дверьми,0.206105565199894,0.09343862866403467
дверью,0.22172541941659032,0.46310695883789194
дворе,0.6352500778483188,0.9297677255739647
двух,0.7855212029841848,0.669348486477328
девался,0.0266791024250955,0.061478818294302795
девать,0.7055378069115775,0.4102676741967851
деваться,0.22036147704096198,0.22389708940468944
действием,0.362531520736441,0.0019898709957349102
действии,0.3016997818500577,0.0024350966941931343
действительно,0.00082522225562,0.0979399974232
действительности,0.004721959992852,0.10178833239959001
дел,0.6812645468811317,0.666889143942103
дела,0.9973449299738731,0.752951043007507
делал,0.512173939396813,0.10523406323014335
делать,0.6778913441182483,0.3255303180267087
делают,0.7169320288733769,0.22805519822134734
делится,0.38750727858622996,0.3903546189702645
дело,0.5616082528079891,0.5921111169225035
делом,0.989106001306552,0.987822217333128
делу,0.6313030283359493,0.27305035351620977
денег,0.8013412768002811,0.269721446046662
день,0.9151319608625302,0.5455533894405186
деньги,0.47777274971849204,0.15693556036372716
держа,0.018611042232625,0.44404014863178604
держал,0.46747553344874304,0.24510309696386934
держала,0.458635470222442,0.088595857070697
держали,0.152238363934035,0.004568756220519001
держат,0.707862419949068,0.29781338492249604
держать,0.6851501089896626,0.589321730439417
держи,0.293119940322899,0.12515254755937757
держит,0.48380365090158267,0.3946538721931851
держите,0.376481270704569,0.15366247122784962
держится,0.6792254348062191,0.6532686625414706
держу,0.19350889958622702,0.6191070865046066
дернул,0.4354222343642289,0.1719340533265841
десяти,0.078776310933855,0.017407057315332222
десятка,0.9999647948431502,0.20682534096420102
десяток,0.995693120377654,0.20556281311969768
детей,0.869175738831628,0.20894775926702452
детство,0.7892571650355901,0.40133455832316806
диаметре,0.6284792627529541,0.6489858048485154
диаметром,0.643082392873849,0.023350445730877002
дикая,0.004078805032519,0.10629912427725101
дико,0.0781645852637348,0.002042395753265167
диковинку,0.0403157528479005,0.09266145588457095
длинным,0.7473080276992851,0.0077122602111500006
длину,0.806309515447434,0.025393401199883002
для,0.7746677151144291,0.736170204799762
днем,0.786585264946446,0.33593092325552987
дном,0.516847069624182,0.9884741755356561
дня,0.9712126274129381,0.5192706825385549
дням,0.9912646786668595,0.29094571284264303
до,0.8933489046933595,0.6654087819723099
добавить,0.6690474521207921,0.35842960369538973
добавление,0.01094940828604,0.253866320950634
добираться,0.346737657158162,0.519917492892225
добр,0.7802352548435291,0.011637011148208
добра,0.9716212155608073,0.5256532228023258
добрая,0.000262861680586,0.14939347404105488
доброй,0.363407618821877,0.091539231047512
добры,0.276130536691503,0.887475651222535
доведет,0.122871606522694,0.646994791191384
доверху,0.052770273654246046,0.12431344312730401
доводил,0.037719988667638,0.000328773224625
довольно,0.080144968105072,0.09649521898734109
дождемся,0.8004884868032751,4.077476549699711e-05
дозу,0.643155278871434,0.33689756238509505
доктор,0.9067035281978886,0.003349265824138632
долг,0.2823857605632727,0.06662934313046609
долгий,0.511720573559563,0.14796234241284056
долго,0.9951765857412568,0.38256192108068854
долгу,0.34457139884579135,0.51984900140971
доле,1.851108004010348e-05,0.022401980118757003
должен,0.895069939822076,0.9310011438969311
должно,0.9511344748700973,0.6176663215042484
доли,0.057510301914216,0.28090480328599426
долой,0.4504822606608003,0.352832982534666
дом,0.062201524889150005,0.4946589600662172
дома,0.7036120441195841,0.1633471136872185
домик,0.9958150146998206,0.0030589122554495
дому,0.5957900522183825,0.008405236608686834
дополнение,0.9088633970403904,0.5007642036384271
допустил,0.126263884955302,0.2231201725264385
дорога,0.9935935277341177,0.8287860153190669
дороге,0.5986105400578371,0.253829770011203
дороги,0.9521001586141261,0.6825296449312956
дорогого,0.5344997827628923,0.005437429420782921
дорогой,0.2001997661235615,0.16939905868012517
доставкой,0.005422963974504,0.021911691635496
достаточно,0.5413031879825491,0.24799347882818212
достигает,0.073526119067082,0.00997737476052322
доходит,0.9753675002506511,0.5207269696772195
доходя,0.07223216245175455,0.0004519186838887551
доходят,0.5625860975250886,0.005054121703015
дошло,0.9926115734260132,0.9465779514906326
древних,0.21671772731247751,0.5748804273498961
друг,0.9972342034250309,0.7029201253310817
другая,0.996460020025389,0.4715173723917625
другие,0.9773586818594412,0.865382635652709
другими,0.736029077969034,0.48114982983281157
других,0.8272468335994311,0.02210963946872
другого,0.6551365353330431,5.053399765542839e-05
другое,0.9958876324707315,0.32690531141670354
другой,0.5833464319914403,0.2937433793004638
другом,0.5167519625433558,0.7111463498181717
другому,0.9256552340704912,0.4346010979089831
дулом,0.440221457396871,0.146831461318182
думает,0.020299493621536,0.031684251181331
думаете,0.733284870325771,0.2276477199179848
думаешь,0.789691083159047,0.6060062035629613
думай,0.28863743555477567,0.1299205161762705
думал,0.638960143580616,0.36584771570529606
думала,0.09255223930763401,0.5404191217829097
думаю,0.7400524333255996,0.1594551433986995
думая,0.9547788077084625,0.3457042573519205
дураках,0.22739919820089,0.051864152812261005
дурит,0.042021396159341,0.013516953756640002
дурить,4.592804968286586e-05,0.013460554122731502
дух,0.13109189024746998,0.5242299396367252
духу,0.28880144789743567,0.2468662730986005
душа,0.5605284040415833,0.23062402502762658
душе,0.34553885588285,0.12885299925128682
душевной,0.9691617200286882,0.3284471803834385
души,0.7692787193847487,0.11621451577323774
душой,0.7960425299207282,0.17007811295637335
душу,0.5424920233640529,0.3943304488373761
дыбом,0.999809420669346,0.9901389869454791
дым,0.01745094696184625,0.48064276532346006
дыхании,0.9967939672099432,0.9994997473766211
дыхания,0.3921474233710065,0.897151131080373
дышать,0.970736117773016,0.07163186668143601
его,0.382282522337547,0.50920999224542
едва,0.23481354712234165,0.1768493883066169
едва-едва,0.000797821911817,6.904742322173224e-07
единицы,0.004390629194261,0.0173707337000695
единого,0.6749811787178385,0.24850325019275601
единой,0.351267642466797,0.09797437570792701
едином,0.005967404091792,0.281323879510737
единственное,0.45068725940595855,0.39760062884959857
ежели,0.0044572375406937165,0.0013734261575210002
ей-богу,0.00015021141459615738,0.00014244590395834304
еле,0.15512385960984867,0.19615906852405204
еле-еле,0.000526415987864114,2.3757101171329072e-06
епархия,0.044252829376995,0.004633827011876207
если,0.6837293989254282,0.4678500797969704
естественным,0.5563329160024071,0.0051598606051365
есть,0.655156463177598,0.41396862772736304
еще,0.29286741774825004,0.16254339800810824
ж,0.054299275471325,0.7583770173825025
жалко,0.31298999187556303,0.2600619612817884
жаль,0.40991633477729367,0.07856226990556421
жанра,0.4005002458804182,0.25228390088262925
ждал,0.23494488784894,0.34398063915840604
ждала,0.073828089857282,0.1886104811082587
ждет,0.007189484250172,0.520969993306252
же,0.8154269773447783,0.5431166486309185
желаю,0.5569209814180703,0.4974041702466115
желудок,0.5356198603844665,0.001040322594126
жестоко,4.639153481595291e-05,0.0399580186093614
жизни,0.9722209454147088,0.6764496319643194
жизнь,0.7895635617862117,0.504545934382664
жилах,0.9993784675853333,0.7671442287546834
жить,0.966176594638749,0.426241624712875
житья,0.0383301418295955,0.004578698316405501
жутко,0.004697174004801667,0.0021303162103685487
жуткую,0.0862153367758535,0.06880578651213926
за,0.8369777900736506,0.6210792249176555
забралом,0.00928192653219,0.125715527333899
забыла,0.1004573856125775,0.027916887186551505
забыли,0.060310029369259,0.19580290633154201
завались,0.2161846938646047,0.0006144968268084961
завершение,0.04825128865887499,0.10795711580281575
завершился,0.25785362603420053,0.07800452256994851
зависимости,0.9911963918730492,0.9818615738681041
зависть,0.7154850774305666,0.015643821997191568
завороженный,0.00029588844722400003,0.00011737002106270275
завтра,0.8870682349626152,0.10792863934652741
завязке,0.00026286665467500003,0.001120168929782318
загорелись,0.2783375942254245,0.06318072204750376
задал,0.092711212623831,0.4877838381956688
задаст,0.760754401327002,0.0021834180482450003
задатки,0.027432694560133,0.024319152364522003
задней,0.986691368771933,0.36671401160230377
задних,0.9943433569552051,0.34321396109769
задоринки,0.9875808757580874,0.7070424290556655
заикаться,0.2463767512408785,0.054548483440812354
заказ,0.352682319667833,0.05182149737008
заката,0.972904914771252,0.053385847224501
закатил,0.025427982433504,0.0288568768207915
заклад,0.9992917720537355,0.4977026984640496
закона,0.9297743174564492,0.007581699114860001
закону,0.962227285148232,0.02033190919914275
закончилась,0.138209422418114,0.41077277860702255
закрытыми,0.9752507845870335,0.8050698115637726
закрыть,0.945520634751398,0.38341348527945535
залейся,0.045839971200143007,0.0033429709002400004
залилась,0.613739634195957,0.5403504183051501
залился,0.231679143450955,1.786808065855075e-05
заложниках,0.4588083494327893,0.0009139862392170489
заложники,0.5983088620995967,0.013191442421347335
заметил,0.0235788636724,0.11829556596022
замками,0.012150473733901,0.022034513206539003
замком,0.321853371595032,0.17039202319872201
замок,0.174175349814604,0.04283245102058683
занавес,0.409606719723633,0.46619537367683805
занесло,0.9782987726406551,0.930082760751841
занимает,0.030529777123062,0.07298328312909401
занимайся,0.006691677106486,0.006381671895529
занимать,0.6234538705921966,0.08475476234537092
заняла,0.181901939876774,0.36611341212607534
заняло,0.556462412625324,0.8529323520263716
заодно,0.2024645125615195,0.0032255876363873077
запасе,0.088407752344426,0.4313016910644112
запахом,0.7918094440675827,0.030550516420057752
запрещается,0.08402353600794896,0.21055014886590886
запрещено,0.44640412815090125,0.2936603559131837
заранее,0.140832458077222,0.398934031436689
заре,0.044264963027671,0.41528026728041706
зари,0.9901237472051766,0.0003778522946955
зародыше,0.001623919629881,1.014703109489784e-05
заря,0.9989457829034142,0.28697776003448805
заставило,0.983747184459328,0.61310043354771
затей,0.004020838100109,0.000909270275219
затем,0.6865004841231094,0.17610188634655302
зато,0.077936593451806,0.049522759202949004
затравки,0.02085034095464,8.302226561599165e-05
захоти,0.004091097921274,0.004739772426303934
захочет,0.336333477838881,0.2193044784405454
зачастую,0.0055876250441665,0.016975998747791196
зачем,0.532960622848248,0.6550195607768353
защитой,0.543480768483552,0.1874671391559474
звали,0.99989093539977,0.660287231945336
звать,0.0026983932314535,0.2992719790348984
звонка,0.9997841946611462,0.00042214724477700004
здесь,0.3430860781471615,0.34479167754904544
здоров,0.588705044342868,0.15079318254597882
здорово,0.14786949948908001,0.028841047449036504
здравом,0.8684691061869406,0.80773440461981
земли,0.4795978653893451,0.2731641095466515
землю,0.928945832832733,0.34071737611857655
земля,0.7048505216771046,0.2389282031700017
злобу,0.5897515810962141,0.07733963084338953
знаем,0.9411555636221952,0.4530183683249794
знает,0.6200317023528341,0.43475187398162046
знаете,0.5617419213274546,0.2549864920851732
знаешь,0.12083680270969432,0.1849353483053187
знак,0.998012457023025,0.6587884466530363
знаком,0.6693337058875124,0.5157074245679701
знал,0.657504383009575,0.1899293105654555
знала,0.356679760478925,0.19615375895044151
знали,0.884277000919479,0.1003016986276555
знамя,0.7444277093145582,0.15456973432584478
знать,0.78009697510917,0.18399752252633433
значение,0.8994831653456956,0.3047399595188011
значения,0.9767175743246592,0.5581873154970856
значит,0.6387176923299978,0.29045536173643755
значительно,0.13721216018082324,0.09076616567482781
знаю,0.5310051809971537,0.4659603986223669
знают,0.926159586886732,0.259505305273192
зовут,0.4079965532968805,0.7992958841779956
золота,0.997504279519854,0.012491535903289
зря,0.5562661822659105,0.2021428089382827
зуб,0.2762655323500943,0.298895332547917
зубам,0.6936922882665656,0.03530692067774775
и,0.8246523569958473,0.5357248953101007
ивановскую,1.662184580121127e-05,6.415577381584428e-06
играем,0.937560852325722,0.20999582300817202
играет,0.763354746482614,0.5606328854510472
играла,0.006976815111713,0.0368910895851155
играли,0.007720126698738,0.07902962310010801
играть,0.994998443017522,0.44657566174987506
играют,0.9500680715958152,0.14389818231391602
игрушки,0.646972006115692,0.05132122549261067
игры,0.546816112052789,0.18374386009704502
идее,0.27841236061588,0.20596443314252702
идем,0.36451572849046054,0.0068622511836615
идет,0.2529204690860545,0.16676923910700803
иди,0.4597749558943825,0.39515465771113734
идите,0.5135228803910951,0.40043769307514604
идти,0.138632187237339,0.36532978105620306
идут,0.22315431551300982,0.17979627757668684
из,0.9006200356896088,0.6727287820113572
из-за,0.39480300223761694,0.2660091810175474
из-под,0.29392985859053783,0.4205992713503734
избави,9.938436643258913e-05,0.0931727512541018
известно,0.5161124891295826,0.9552575936051487
извини,0.18071826779843,0.12396899556505861
извините,0.303741282520392,0.20930398822953736
извне,0.078260477209921,0.000418136882166
изволь,0.006420632218723611,0.0011672643931030077
изнутри,0.204904513709711,0.024828494039396503
изо,0.9908291459857886,0.6307617949831839
изредка,0.008956011826773,2.6154760461630276e-05
или,0.8202135038706507,0.4230727956510112
имеет,0.7117263606896383,0.47950189097681767
имеешь,0.844871896262514,0.9877047445682391
имей,0.02668590968774225,0.02100956721138541
имел,0.47820255129780154,0.5052471940005141
имела,0.314264378977908,0.9563363972409451
именем,0.43778095948461354,0.5199264287031558
имени,0.532711495437575,0.9102617272306561
иметь,0.9993405403065146,0.8477933225681711
имею,0.8251500206391491,0.6422371423250837
имеют,0.9301629515183805,0.6750239051933624
имеющиеся,0.7793295370596021,0.000779314081148
имея,0.9363775999031172,0.26267891556634304
имя,0.9435270858489663,0.7035200971358968
иначе,0.346711855635271,0.8644077682707504
иногда,0.9785972460116796,0.09499074217318623
иное,0.060952619663155,0.016576280899551002
иной,0.22374916645050347,0.5001614793380458
интереса,0.114086178694076,0.47208165365853155
искать,0.63100157275037,0.42945327984184506
исключением,0.7322935363201192,0.19850542915379435
исключительно,0.007463672429429,0.002939377927382856
исходе,0.7543619387155801,0.8550900702615051
итак,0.3384560549876914,0.16858441367081137
их,0.006250589866354,0.08613489786297268
йоту,0.6950215062956988,0.0407558079145675
йоты,7.102639414088442e-05,0.001074714670626194
к,0.9609378988959403,0.9714372130719516
каблуком,0.473762296094915,0.041554025662742
кабы,0.0013184100131455,0.0006767385414020001
каждого,0.061742384003943496,0.744199356277605
каждом,0.999202649290184,0.2893198641290575
каждому,0.9956006702984457,0.42224636680328154
каждую,0.815040695611786,0.1727504313381989
каждый,0.5144022815495678,0.4957245010201599
каждым,0.995685514752921,0.676908540956996
кажется,0.671177027386298,0.43902783688996905
как,0.7789240245324456,0.6844860183473506
как-никак,0.0009860397460137067,0.00042495170417925437
как-то,0.026646231430361,0.031978572198173
какая,0.6894462315431696,0.5737106217587113
какие,0.7368009658238363,0.686687788935361
каким,0.8329343007096295,0.5996990882244728
какими,0.983377920896416,0.977863968035339
каких,0.49863984613963014,0.8023480141609778
каков,0.234006596203369,0.2595836970299944
какого,0.5812382855437657,0.6362218607456342
какое,0.6599721343409654,0.7480625584784594
какой,0.8099769616652638,0.7244575321000492
каком,0.8117341109091071,0.49589939540315253
какую,0.978131118465014,0.5667956972901677
капельку,0.015706328654242,0.0017098818340680001
капли,0.4437586547429941,0.3949739431954497
караван,0.3137799886506305,0.00125046676550775
караване,0.0001120560128,7.861070855275278e-08
карандаше,0.002576277663312,0.00015250335838295822
караулом,0.00020113221548409137,0.09598258183897451
кардинальным,0.015224845026641,0.00072604331442
карточный,0.9834073815726,9.825271295059729e-05
карьер,0.9464626035107806,0.0102359317525015
касается,0.94575536788821,0.7951841113993671
кассу,0.0009643321619891666,0.08430577701677398
кассы,0.6779887685880239,0.0527070339569885
катит,0.011412850625380333,0.06179119926549733
катушку,0.6185067253286382,0.21214128751445477
каша,0.8975546992979295,0.5151289144340401
каюк,0.001504040567459,0.00033874653380619994
кем,0.9984049584135277,0.39487981527088456
километр,0.854200741365231,0.6760613007653603
кинулась,0.000490776787709,0.0001931170042698547
кинулись,0.021605700272344,0.03204953504669
кинулся,0.0011947022092445,0.0172574681954975
кипа,0.25281318803099,0.022019114213190517
кирдык,3.959888748570776e-05,1.5541834852079208e-07
китая,0.028959920384212,0.009257999406694042
кишит,0.9460334255604785,0.08215791220712335
кишмя,0.277233546331438,2.1948139386769217e-06
кладезь,2.2638858778611905e-05,0.0003476542720421851
классике,0.07178916827569976,0.0001553510893977467
клейма,0.008438830312878,0.000136004371394
клонит,0.32749529967957985,0.24603503884631794
клонят,0.000799895565175,0.0026135749914970004
клюют,0.9990604152039172,0.31389309416370353
ко,0.9891258513390977,0.9543039065614852
коврижки,0.0010651151444955,0.0003756098691808159
когда,0.48691143330367853,0.6029804637016583
когда-нибудь,0.000868814785198,0.007439534072882
кого,0.9875291686213192,0.125676312958279
когтях,0.000216150511621,3.8012735270451025e-05
кое-как,3.2533287684814164e-05,0.002283125913881438
коем,0.9970723007885495,0.898885678605476
козу,0.49481933807910405,0.0036655447169649915
кой,0.114607571563506,0.23603486111569752
колее,0.490883362078665,0.011009726927875002
колена,0.9850729176978584,0.13504154591537607
коленке,0.015292047761773252,0.08391302196823017
коли,0.005839744029903,0.00044512164975702914
колоду,0.8829676704721211,0.20696530061688367
колокола,0.041015089995383,0.99225921200289
колокольни,0.9248831902304412,1.3854739659952932e-05
колпаком,0.037971766480925,0.362750164063403
коль,0.9643197030984425,0.000927000124063712
ком,0.234006132635613,0.007450116252164
команде,0.830089084576803,0.252816683432348
командованием,0.940266365812308,0.13690900220845903
компании,0.48522471680512264,0.04918112815073734
компанию,0.28042001219571877,0.2867700467174955
компьютером,0.981765506739318,0.06078228079412001
кому,0.31181034844077654,0.5185750633331435
конец,0.9970671376602652,0.0947193723855345
конкуренции,0.41896553745785803,0.044268198938286665
конкурса,0.102448318476345,0.3788651623063385
конца,0.544954472368352,0.6716649780875968
концами,0.999931697745375,0.086988478376464
конце,0.999509694269684,0.32983678959919405
концом,0.999177893900988,0.024392023288858294
концу,0.9990294228843306,0.4731883894073752
концы,0.9993205788876875,0.005920489156374
кончайте,0.004012504521215,0.0032135668033805003
кончилось,0.013275984585041,0.408135509604319
копеек,0.7117686020141021,0.0005634142666630001
копейки,0.4025232643024326,0.20447927782943864
копейку,0.002796430141481,0.01879465046253524
копна,0.174184126485889,0.002913438312022
копне,0.138100675205203,1.926630724594887e-05
копной,4.562457687136666e-05,0.19202690523869653
корень,0.25329938685797054,0.1729935463664785
корми,0.993023877365032,0.669331703352921
короткой,0.5854064370460831,0.126152820516322
короче,0.007363344346556,0.006456853124728001
косо,0.017910341450246,2.9500398760687233e-05
костей,0.9869348869259791,0.09934773060289026
косяками,0.002472379344108,1.0837593011047551e-05
кот,0.9920981978581703,0.12730627227180713
котле,0.8487701997426721,0.04701298210177655
которые,0.977885255001986,0.9590791664682441
который,0.8911804934863651,0.6362586963086665
коту,0.547336968737808,0.001458067687789317
краем,0.986221870739832,0.5861003799867855
край,0.976467556741913,0.4992541272985985
крайней,0.98513317745663,0.013713417438025
крайности,0.089422842555256,0.327130457362579
кранты,0.005478543220035,0.0011194519530447168
красе,0.980663353163253,2.4156178774565153e-05
красного,0.994544156349344,0.5003018948954745
красоты,0.059557733503172,0.000888239664398
краю,0.9765824010439266,0.6738195085287015
края,0.9923851396583421,0.1836694403669025
крест,0.37671860490255504,0.034543287260252506
крестить,0.13096337276814,0.08823412896516801
крова,0.5650474510346555,0.2856800527445318
крови,0.8687673339332811,0.420397303410533
кровь,0.9413467046213813,0.4138188517575641
кровью,0.9732225414999712,2.34837350687339e-05
кроме,0.5464179846180889,0.1401919479963625
крошек,0.004156512131123,0.0032092802707000463
крошки,0.19170051371444083,0.33317804749160784
круг,0.000596723032923,0.008736564977854001
круга,0.103990014619919,0.976053970752729
круглого,0.00027031635860634,0.280663855731075
круглый,0.7684381562142935,0.0172968216199685
круглым,0.005476786753738358,0.13619087656600767
кругу,0.378165647890821,0.45324350582624007
кружок,0.023127245481576,0.006568889441371056
крути,0.3143218068498175,0.23183463355519773
крылом,0.000389951843493,0.08047504999500776
крыльях,0.40426555809801645,0.0019706996651380005
крыши,0.9634109648500967,0.2902760275770924
крышка,0.056440032926767,0.23502782104078102
кряду,0.006365217868608,0.0017017944699220001
кстати,0.5335720693684904,0.18698753057342402
кто,0.789823228301537,0.7798734151299425
куда,0.7547274801244308,0.4653126298451048
кулисы,0.333614073588133,0.014288545362249334
курс,0.9987172521018395,0.306850310870979
курсе,0.9286737128417378,0.6885212372032576
куры,0.5380431310221251,0.014693729833692002
куча,0.14838020559772,0.5260088470919341
кучи,0.18529018475036402,0.0025619930743005
кучка,0.4006793072818265,0.20632196106466327
кучкой,0.074882289246392,0.0855186032793315
кучу,0.266738672975614,0.01754971606508082
лавина,0.017667291274335,3.7474268443937685e-09
лавиной,0.098167208632258,7.515050706070626e-05
лад,0.002483337694279,0.014997145710886001
ладан,0.7487625061098141,0.00012605788814672606
ладно,0.22395958551404327,0.261197222839206
ладони,0.9666946880398523,0.021983392279961707
лады,0.152720851193968,3.668513892846642e-05
лампочки,0.703277537606402,0.01559387245000149
левой,0.23663493324360405,0.23973377766167428
легион,0.007744874785992,0.0008279592250230001
легкий,0.183787205645968,0.011557005936477759
легко,0.5901602979644943,0.074931977551542
легче,0.5545243012774245,0.2543429491560142
лежал,0.043190975794974,0.07767268050736126
лежала,0.9806940716058872,0.34823397942515605
лежали,0.1344389680918485,0.026932035237834752
лежало,0.009210920095424,0.042778717130804
лежат,0.45849957369176164,0.16672803079836687
лежит,0.6638221879785366,0.7750403732253488
лежку,2.175361369907255e-06,0.00012852333999938264
лез,0.001204099842036,0.0830735045714055
лень,0.098785771973623,0.456305107466179
лепешку,0.2983881673287905,0.001371992076194566
лесом,0.098049105992631,0.000532123339724
лет,0.7859254431665661,0.8681969282178693
летела,0.006621046558934,0.02765682385252
лету,0.1070426487895866,0.1069056085144305
ли,0.8197249616223774,0.7132486909583771
ливень,0.054014121546354495,0.003114797865405452
линию,0.99255507496888,0.193314034062393
лицах,0.053051896028334496,0.5874107176576802
лице,0.860373183982324,0.6523390076409065
лицо,0.3527674447026516,0.37430239827797906
лицом,0.151423416220253,0.9981840507316351
лицу,0.9991492281634256,0.6568253923521555
лишен,0.8482796723264181,0.35237520315631404
лишнее,0.000130511045331,0.016461104285022666
лишние,0.000177201901852,0.009314729427123001
лишний,0.000438248199116,0.00010711439659000001
лишним,0.946004833715512,0.00357176115676
лишних,0.8553810615074474,0.1341645924810809
лишь,0.628028933079227,0.17127481184189522
лоб,0.7363982651538646,0.2637711558879015
ложись,0.401679973136357,0.0030684286503207163
лом,0.391294048113788,0.032784694213180005
лопатки,0.046668674262982,0.184414268004426
лопатой,0.0022815460368739997,0.004581022905974
лопни,0.000350866268323,0.006461607546508314
лукавого,0.1399447598964565,0.001342724083674229
луны,0.439206828614421,0.07047153526564101
лучше,0.5049358280268336,0.4588942368038685
лучшем,0.843215839850979,0.8862033766243681
лучшему,0.9952006520282212,0.7455116821051527
лучших,0.9765507968850622,0.05588349024404451
любезны,0.33967210529469827,0.3233656666954595
любо-дорого,0.00040573553913860784,9.622914466984806e-05
любое,0.7847351722002036,0.5885611774495036
любой,0.8718977197816096,0.13851930968322787
любому,0.323650068626321,0.17964629899918927
люди,0.019176410352919,0.17709226959100952
людях,0.3844636660687185,0.2933450560990135
мази,0.02753232054113475,0.09213374340346576
макаром,0.009339007992659,0.0039228192369625
максимум,0.040985316103023,0.009049144094193001
мала,6.460994962984223e-06,0.473379039757786
малая,0.97338177177231,0.014741941881477
маленькая,0.7144315496433168,0.053549321731216674
маленький,0.523059805712093,0.06310005999682594
мало,0.43302164758640904,0.5074292976002978
мало-мальски,4.128945871612856e-05,1.0285283208824421e-05
малого,0.996710304420872,0.002256424595485
малой,0.8781125107309891,0.22787647495110103
манером,0.00750973883545,4.5986152794413925e-05
маслу,0.228514055048858,0.0008859063484014026
масса,0.11306619953612933,0.1308225503320271
массе,0.9730061582151782,0.001134543044006139
мастак,0.079735205786972,0.003646568458632305
матом,0.5552385488248475,0.0070681731190295
мать,0.8867134455680301,0.000533976040568
махом,0.693759089038098,0.000328886681168258
маху,0.26668165279211664,0.28696169131825794
мгновение,0.8135173963635629,0.07645816179415117
мгновенно,0.000872920662047,0.038606338077408264
ме,0.617092996190316,0.3088810219750629
мед,4.2268382319637824e-05,0.006003516782323
между,0.8373177074970851,0.602135425812924
мелочи,0.004483537557565,0.19190918875446403
мельком,0.061361658882153,0.3036483370306885
менее,0.9955567561913906,0.8171704179897838
меньше,0.574027905742743,0.593447995538128
меньшей,0.181346670956272,0.308146323887213
меня,0.7674257427680068,0.3136604558758979
мере,0.9846012410553501,0.2209317698496327
мертвым,0.16560927489881,0.04548940549022234
меру,0.11762899694586075,0.21113149798694736
меры,0.4020134155476115,0.48323748601315153
места,0.9913142185534081,0.6021218321090422
месте,0.9991849883257639,0.5870245928483083
место,0.7870674210694976,0.998803261329075
месту,0.998664020638394,0.9469587993706361
мечтаю,0.168002641017712,3.734456449112548e-05
мешает,0.6563612221221438,0.3836142557557373
мешало,0.503905875463463,0.10132780274764251
мешка,0.329100331011314,0.3815841041732915
мешок,0.1923678431480785,0.0645713968857375
миг,0.11004988477147341,0.0442021271473262
мизинца,0.2068295489204263,0.009657603141365002
мил,0.6765599974722496,0.3130083251376315
миленькие,0.022978145420654,0.018577688375438668
миленький,0.001468907569415,0.0006163410821040001
миллион,0.058835496577952,0.10515852262347518
милое,0.2581874753209395,0.10119378181222652
милости,0.7536685657829858,0.06066408802913026
милость,0.6542092140905699,0.3098209972028317
милую,0.9731067716368712,0.09376973104587334
милю,0.004800050126698,0.000193521636952
мимо,0.999724106628078,0.774728328963176
минимум,0.957725662785804,0.00016753331882700002
минус,0.1622019284110847,0.3474144294649232
минут,0.9792250912723667,0.6172649174994149
минутах,0.998292799293358,0.005380319423033001
минутку,0.4319721869008575,0.06578450065414793
минуточку,0.007648777471128334,0.0037071417188769503
минуту,0.4469832792485115,0.2977188625321725
минуты,0.976007646036926,0.17843705200955254
мире,0.550763264247625,0.8723914217070301
мириады,0.002091269630414,4.4871658122538016e-07
миром,0.076004555920424,0.9287828625652631
мне,0.9119614208900846,0.5018821420111447
многих,0.0037307216917115,0.030231458690906255
много,0.694980164633618,0.47376405256844406
многом,0.953680715840314,0.922435790915595
множество,0.9362460978174946,0.173059462831608
мог,0.7183114306660656,0.4495218479076388
могилы,0.101999382963772,0.039983845614348
могла,0.150821247297971,0.4411579774165315
могли,0.907307243261621,0.7205621394788081
могло,0.1032638651618155,0.48408101196525355
могу,0.7339068605974435,0.24157480937397827
моде,0.45121843341181705,0.39598783010963856
моду,0.96851950804337,0.000862772220924
мое,0.5457070417438945,0.33344981674563257
можем,0.794132555404359,0.45923838592814503
может,0.8371466883436132,0.2615046018073354
можешь,0.994900968245737,0.33476800879639307
можно,0.6025257542179118,0.6961004348353574
мозга,0.9981207219971107,0.5927821948827321
мои,0.8614372585967761,0.34228535423404405
мой,0.9506930979360343,0.13215856759222158
момент,0.6817174060076969,0.34452050340625184
морем,0.001363177227665,0.0008572095646230001
морочила,0.1928379447579,4.0447864906008757e-07
моя,0.9695600885597291,0.22402653813064202
мусорку,0.146901443899537,0.12836518422338405
мы,0.8826797412368177,0.5762258206688182
мысли,0.9889400032173935,0.19691836723319206
мысль,0.015607435725604,0.4499616112757635
мыслях,0.9814267785887824,0.019076300705697668
мягко,0.98930348907294,0.00011575932940000001
на,0.9373991675141492,0.843593639887161
набрался,0.33172633849542105,0.43226624547386105
навеки,0.3352927704289445,0.0021496287499360002
наверное,0.27346807784863336,0.14368954786961177
наверняка,0.10298401007317182,0.17065383494231065
навсегда,0.9993912113670472,0.021067856066578003
навскидку,2.241604767937631e-05,0.00011687647153695923
навстречу,0.5058783101628855,0.3787888384293312
навяжет,9.244844919291247e-05,2.313139692924726e-07
награду,0.2989141739863017,0.3817927055079637
над,0.9876240418704556,0.8474723692423618
надеяться,0.34500789286647704,0.048662471273677003
надлежало,0.087795337165388,0.0027724712072720002
надлежит,0.018015586623031002,0.00018246459028
надо,0.6373753748266562,0.38034887035565595
надобности,0.162737442576607,0.412169447811969
надоело,0.3074362294542537,0.10933596024227316
наездами,0.017799402426588,0.00571076165113925
назад,0.0958798464320845,0.9709469418265833
назвали,0.4963885542873301,0.35934966495594
названием,0.996698586219629,0.986715360948853
назвать,0.90366847058993,0.6445067295926804
назло,0.08931517727672687,0.030878349466772346
называется,0.36314773908278,0.2616927537709
называют,0.730282928616933,0.8175141875069926
наиболее,0.059466833969446006,0.4421014611458735
наизнанку,0.087173939339928,0.6517548864485971
наименее,2.1339654784078476e-05,0.104141424800707
наказание,0.005819288018892,0.0005454035552940001
накатанной,0.2119240783882755,0.09569794704596768
наконец,0.6021560896509988,0.04173783713514514
налево,0.9997785581818512,0.000315966445669
наличии,0.334636056520976,0.6846790942998986
наличный,0.927308488064383,1.1668644214353831e-05
намазано,0.0045929968961275,0.0006566595807796251
намерения,0.000263585256066,4.061556658607087e-06
намного,0.17600277494922134,0.07498922981020593
напасешься,0.00018686594476333387,0.0002745268553659431
наподобие,0.099625193888495,0.09230875662127422
напоминает,0.006844837892051,0.7473712461107861
напрасно,0.001360682161774,0.01841164455409752
напролет,2.7895836878054214e-05,0.07879133142489896
нарочно,0.006611984772913111,0.056624822251296475
насилу,2.9305645700292037e-05,4.914843593699585e-05
наскока,0.0019483890462432363,0.002209841035801579
наскоками,8.391057731616127e-08,1.3265021705036938e-07
насколько,0.5473601038207719,0.23794579276326555
настоящий,0.020749154449397,0.046102822063193
насчет,0.2588544364197775,0.11700987858931332
натворили,0.011150956648773,0.19575859904360954
наутек,0.006694836410009,0.000692720046277
нафиг,0.07731406955702483,0.038993263635798865
находилась,0.07891739826300251,0.012544316469028
находите,0.180305607127115,0.14571375820587726
находится,0.404209207664064,0.059829522874705006
находишь,0.6058307025770356,0.11170103297403076
нахрен,0.007318864950712001,0.0018632741243084447
начала,0.5767623410318191,0.662571239654917
начинал,0.04111555378199,0.17439530910662077
начинала,0.000126342166605,0.010629620639442
нашел,0.005231376165088,0.18183751887644328
нашло,0.9729775225274874,0.7173376778460857
не,0.9004508937385415,0.9721952259254053
небо,0.9357774732866706,0.7148012777236528
небольшим,0.575540619954938,0.044603969457023
небом,0.999005830246893,0.8047202205887021
небось,0.02545793941194591,0.0032378042296520543
невесть,0.012101096283811,0.607374746012816
невзирая,0.0158569720479295,0.002086937456588
неволей,0.006074313303307,0.00021956716831215913
невпроворот,0.0021189481203912563,0.0011166053202243838
невредимый,0.438979367461716,0.025929433281127828
невредимым,0.9980365878435,0.913281070275992
негде,0.575345348139483,0.4315884379186996
негусто,0.00022487078354476537,8.74543510849857e-05
недавно,0.09189042027393551,0.07187699707954451
недалеком,0.84268180711521,0.936183327858046
неделя,0.889162969733272,0.41824008321049133
недостаточно,0.000134612310277,0.24517586881954803
нежели,0.006815772591861,0.12433084314132802
независимо,0.5251481683374051,0.03439754111797702
незаметно,0.08075957354953446,0.17990877971526154
незапамятных,0.165341022336258,0.5914121192400658
незачем,0.06345416175089001,0.23515676162525087
незнамо,0.005302044788831,0.004067200876078001
неимением,0.6409274175274415,0.5215279544268503
неймется,9.402168012367122e-07,3.255663394598388e-06
некогда,0.128801253944304,0.018860993038568294
некого,0.9977737270244512,0.006617587214479001
некому,0.432925048896289,0.6461391145342495
некотором,0.0179557919777165,0.23396669058199068
некуда,0.8360742653137909,0.6318366105751196
неладен,0.233983406067923,0.005930605871057
неладна,0.387715617254357,0.0005043779701300001
неладное,0.4977983528572235,0.7301729737015312
нельзя,0.49303530817634567,0.33981720493826617
немилости,0.000270668526773,5.815056625372706e-07
немного,0.20029384274106585,0.10714537943132851
немножко,0.004279769830145333,0.015714065478533396
ненадолго,0.010362141995160501,0.30210584613638247
необходимо,0.023395530195901,0.21246768843820152
необходимости,0.315707815534524,0.17823966824814802
необыкновенно,0.0010005458914706467,0.003744205749421334
неподалеку,0.197019049703061,0.0650831843090115
непочатый,0.016651240455498,1.979695247521991e-05
неродной,0.000137824384901,0.00017264192301840836
несешь,0.150185184532167,0.2584264773737812
несло,0.0197015862661615,0.028744940106374264
несмотря,0.995500044103048,0.961623921417688
несчастью,0.010652641762102,0.18549051865366
нет,0.6309296162184219,0.6599233437288657
нету,0.012688451302269,0.024927158344834336
неужели,0.0124042099710065,0.19461287249879003
нечего,0.5206315812203056,0.43419735571529927
нечему,0.362246338954635,0.35749590315577984
ни,0.7653343725472237,0.9366339569226041
ни-ни,0.0082360649381625,0.0006582133931387128
нигде,0.26281127907980906,0.19719778743563962
ниже,0.96699688346803,0.16025368767137776
никак,0.3671479934963647,0.08360812373982801
никаким,0.8566389601735,0.17453700190475105
никаких,0.7623358749975537,0.7349543565965748
никакого,0.128590327484347,0.5990888403836017
никакой,0.29273752388650104,0.4505403447262339
никогда,0.585998499592814,0.9974983488126321
никто,0.5960344256560384,0.8668863694412566
никуда,0.605009369949649,0.3644309913127819
ним,0.896522051930099,0.41491930808308103
нипочем,0.0008565363552607593,0.00022308953794601346
нисколько,0.0065040824759770004,1.4670133419201023e-05
ниточке,0.000292060061672,0.0016384395660323555
ничего,0.6418117138599276,0.6900158799907
ничто,0.00892430008569925,0.3189840394617028
но,0.6298414917669638,0.2556635098078345
новинку,0.010780801162593,4.8480448756567405e-05
новой,0.057403867247369,0.020357998709768
новом,0.8725554016413211,0.09359650927719451
новостью,0.168324873194531,0.468772035912475
ног,0.8589160357181121,0.34574040009588486
нога,0.99908435817342,0.04349972346287101
ногам,0.992234786161398,0.2524912962705713
ногами,0.9564659002726993,0.38223716556508586
ноги,0.8517636926208896,0.4357085266394849
ногой,0.39714334257884687,0.11127154934346935
ногтей,0.001868823137569,0.9148512506105521
ногу,0.9808190106098954,0.2523440891285409
ножах,0.049442228584942,0.00036595489698400003
ноль,0.3630980397653345,0.4231160605156528
норме,0.36196108807972754,0.005812098661674501
нос,0.7749873013257853,0.5507319061543863
носа,0.605118119788718,0.2118309017393262
носил,0.12744440551744,0.1097713517843821
носит,0.881526975414991,0.081872908941841
носом,0.7317567457800118,0.3321749926215083
носу,0.821327289546074,0.319519470555437
носят,0.7027710667876901,0.375009238965481
нотам,0.179602280444287,0.00209651589177512
ночи,0.985109114169876,0.986601051992373
ночь,0.9148518665613162,0.5225095414690429
ну,0.6238149723677793,0.15848209986797737
ну-ка,0.002008764431566,0.0013773485158056667
нужен,0.7059221725017887,0.40280941100489304
нужно,0.23326102719288583,0.14553864874016423
нужны,0.863196023087009,0.7512482768560581
нуле,0.019887841413766,7.766440245966705e-05
нуля,0.37954642986707,0.05942128208108151
нутру,0.040490914092712,0.0103445257664645
о,0.7970680280554326,0.506651768900882
о-го-го,1.8391668007793975e-06,6.174080481375022e-07
об,0.9935502757145805,0.9035882237690428
оба,0.9619996413223032,0.010270049650013501
обед,0.993081489017076,0.2356129232939618
обернулась,0.19933051783092104,0.10800103111491421
обернулось,0.031513337765916,0.05781863916151601
обернулся,0.029478633245937,5.3539633125984924e-05
обиде,0.184352879248332,0.31166701899676136
обидел,0.9988321607524172,0.086808144335722
обидно,0.371332744269218,0.005476170057725001
обидного,0.013598335518937165,0.01401939755944406
области,0.929236895961113,0.30496433623436603
обнимку,0.063320412274443,0.053156731608458505
обогнал,0.120902591544307,0.030324539570721003
обозримом,0.8410049320952441,0.7081586436514495
обойдется,0.607361380600082,0.153439413516958
обойдутся,0.903791176782283,0.0035609969919770004
обойтись,0.9909700442472312,0.48641449570155254
обошла,0.9273748309588912,0.15876454765447703
образе,0.10432192585428635,0.44489196875345055
образом,0.9301094792866225,0.9085931023688388
образу,0.99991274641219,0.0821634207364665
образцу,0.306067799048133,0.051629889613274006
обращает,0.93620265815632,0.9878012797044711
обухом,0.0102976714010035,0.0061582123658869845
обход,0.250815077281475,0.0020439801627540003
общей,0.2791692411898875,0.154533768297593
общими,0.317504499689975,0.05884662644353067
объемом,0.13333589181514,0.40920355476197856
обычае,0.027475344178888,0.06353419421869734
обычаю,0.002033538256397,0.001561459432716
обычно,0.059897303206832,0.021425685520768505
обычным,0.17671601841913767,0.07865520247002067
обязуется,0.006329027313020001,0.0003933510463190821
оглядки,0.6043675642571855,0.048324119510235505
огне,0.013111580149066,0.2224975834331112
огнем,0.5140530853515778,0.33176893424348564
огня,0.9786051233316206,0.13569790971439977
огонь,0.0001850670853962707,0.034455048199081004
огурчик,0.011996474870205,0.00010172422983374882
один,0.6287532293476421,0.6251025117772083
одинаково,0.15265999146116624,0.1688030771569925
одна,0.5533119222580766,0.6452820681184158
однажды,0.0771584512114685,0.2832549584840064
одни,0.3222161061740935,0.621662784521438
одним,0.8479095984451974,0.6905683837273369
одно,0.7263867358420758,0.652201292295221
одновременно,0.601388337012649,0.00017598340886050003
одного,0.7995402008700635,0.4764391713124483
одной,0.7677748468496238,0.3350521864304407
одном,0.9591710185566586,0.7877159501785456
одному,0.8001548552087661,0.3383140380353513
одну,0.5647333821487975,0.7183761448656502
одолжение,0.3034298848172205,0.0004232596494867006
ожидал,0.680157766371958,0.3759221185885704
ожидали,0.6198004901005151,0.009704601238928
ожидания,0.9561340897195972,0.2455489097517607
ой,0.072556014863058,0.14282424591845502
ока,0.9975675184600334,0.6003891544547768
оказавшись,0.006493311370553,0.12957945405894
оказались,0.02415625888721,0.0013608417817940002
оказаться,0.245207644102548,0.6231216835069541
океан,0.018801532967555,0.024412967341881336
океане,0.015360100651629,0.9811091694880221
океаном,0.008853600720175,0.060921119443477875
окном,0.282047651200015,0.7005081031675728
около,0.6966878983488756,0.6897251088594321
окольными,0.006236710253843,0.002253096955425
оком,0.628796066414363,0.9520088290119401
окончательно,0.0187078928113548,0.04534588401075269
окромя,1.0952890573654663e-05,6.39798491606942e-05
окружении,0.001988011958677,0.052910169007058
оно,0.891039867499704,0.19823188555236998
опаски,0.013735351171623,0.00021197500696007164
оперы,0.281738157811411,0.00014405766894900001
осадок,0.06427337524759175,0.38964066113509654
основании,0.4708031792564,0.252304981255974
оснований,0.3690108960313895,0.2865797392294704
основаниях,0.8103918316350641,0.9956308244400851
основе,0.46638500571632,0.4897018202220175
особенно,0.018102385493453332,0.26059633883365985
особенности,0.473395930261174,0.018388532927319002
оставалось,0.728131332175848,0.2113023044648465
оставил,0.420243485780538,0.314481036198873
оставили,0.7257675047746761,0.6258930994316371
оставите,0.644694025158911,0.30925859403261996
оставить,0.958099827211272,0.3847748547986425
оставь,0.8532168174454182,0.26988293071806785
оставьте,0.795910680048945,0.3888118205761288
остается,0.5336028369351005,0.3235191599954568
остаешься,0.041934262337566,0.025824621917512003
остальных,0.13476285538806748,0.02631163031167172
остатка,0.44537427631732607,0.0190513279226615
остатком,0.08405871746242799,0.00017187871321742027
острастки,2.29360314759841e-07,3.6940427337793774e-08
острого,0.704811865694356,0.0029794908589460003
острый,0.403937701361627,0.052670495561503
от,0.9466839562645372,0.8228045468842394
отбоя,0.7912338560302631,0.00010063042619743725
отвечают,0.311007394658142,0.15142944486752752
отвечающие,0.613394336933343,0.7398008235240611
отвода,0.9455707899526951,0.755834410484257
отводу,0.00046484095758,0.000170494035527
отдалении,2.7234541694119933e-05,0.0026267619035740004
отдали,0.14482615755421666,0.2922715334515594
отдать,0.149794502761036,0.300277178635283
отдельности,0.942299225641559,9.30025879795693e-06
откажешь,0.6411329222336777,0.005503734181616334
откладывать,0.6134860545818501,0.001565826286370089
открыв,0.511839736947148,0.07683757100825801
открытую,0.0742454404715945,0.44428681331073205
открытым,0.7306754952671716,0.4291198163916717
откуда,0.9119909408747429,0.6700859927626134
откуп,0.960829560321246,0.00021072606982800002
отлете,2.147015462505798e-05,0.000288821815444
отличается,0.822842682800007,0.9960785182705056
отличалась,0.9635229377749,0.053712273302750004
отличался,0.881922516651305,0.4001289225050061
отлично,0.76313247865921,0.012823728952445712
отнимешь,0.8562972316884321,0.004317482217507
относилось,0.003274144187014,0.000235927967013
относился,0.010063298716603,0.252342339776695
относятся,0.2849110763274,0.7556908086738325
отношении,0.907963149587018,0.9899300680159061
отношениях,0.9460981556215755,0.686481002690106
отойдут,0.000344630683062,1.161423684932753e-06
оторвать,0.5085917686821271,0.26634955627869206
отошла,0.02241774190994,0.126453620194854
отрезало,0.537576740727147,0.017191147661850977
отродясь,0.000127543158346,8.452267501559672e-05
отсутствие,0.5199187426401264,0.07691188230932751
отсутствием,0.997684844348626,0.9504253369834921
отсутствовало,0.001267241877442,1.5117387353259092e-05
оттого,0.351538506496574,0.00046974870635800006
оттуда,0.918178472867294,0.2310266795146947
отходя,0.9777846418477799,0.1086503347243465
отчаялся,0.0016461577158640001,0.0007018574059267033
отчего,0.035578651341949,0.0028393718646125003
отъезде,0.003004251069798,7.758443327289977e-05
ох,0.6833128231770716,0.11675370028589149
охапки,0.082966298060801,0.282109396534343
охапку,0.050362236442522995,0.06117070511431626
охота,0.000518088809249,0.014494986871578333
охотку,1.6608879287141945e-05,8.866287112350917e-06
охотой,0.000275461290376,0.9995953290813401
очевидно,0.009819885152998,0.19731290965869075
очень,0.46367183748300994,0.3702715305891198
очереди,0.26525407882896973,0.5091165335191726
очередь,0.9203957356256898,0.12572419838476376
очистки,0.982494063674174,0.26748947981903803
очков,0.6702115087054776,0.669004723848531
очумелая,1.0869694666562992e-05,7.454805587814171e-09
ошалелый,0.000158741475963,0.00014669692901419875
ошибку,0.9421264203680917,0.23523266499102877
падает,0.618522621327884,0.213917357638294
палец,0.978111155486219,0.25621487273520654
палки,0.978221456636762,0.00037170362410700005
пальцам,0.7377020498532613,0.051890382745708175
пальцах,0.637449747896042,2.8088529463625557e-05
пальцев,0.978779365124564,0.802456174897285
пальцем,0.5035490579596921,0.613968866123611
памяти,0.3719109000327491,0.5163633785866155
память,0.6437022642561493,0.23973806278463838
пар,0.037874270575985504,0.001750194357012408
параллельно,0.1884200864425082,0.05323184679029859
пари,0.9958657551254927,0.39471037885660704
пахнет,0.8988228445337764,0.40798383163658036
пеленок,0.0416597144111835,0.0028539041664337877
пень,0.5554654259673073,0.17266109106150437
первая,0.916801483427888,0.9397428517152241
перво-наперво,9.611760374349029e-08,1.1865862753217451e-06
первого,0.9837075721776424,0.3877229701492452
первое,0.5150588523550808,0.09743323828342648
первой,0.7916669549908135,0.017425304158077002
первом,0.46584026727126054,0.47609948189653706
первую,0.9983671193802096,0.6000381146928331
первый,0.3994413422077425,0.37686390471187814
первым,0.997773489833622,0.264259826696264
первых,0.8676557112449266,0.8690584752243197
перевалил,0.993034888915407,0.044080971435975
переводя,0.9893822538053039,0.322613250913858
перед,0.9856411628106229,0.6420034314395255
передали,0.9367574706954267,0.2610147042864082
передано,0.9413463030558332,0.281191743521691
передышки,0.003077232409243,0.0007054543103200001
переименовать,0.004651853947789,6.700992081876796e-05
переносит,0.009022590002574,0.000353834023079
перепуга,0.131882388103351,1.0338543220154875e-05
перепугу,0.009280099288613,0.006971055895944
перерыва,0.1662785336303825,0.1613392677551848
переставая,0.054796652793876,0.028288848723453
перестает,0.044575733391772,0.934723205276584
перестал,0.7206338977299487,0.1504803512062505
перестали,0.578668604923071,0.010281480198147641
перестаньте,0.000237379065656,0.063758297839016
пересчитать,0.9395146307233371,0.0065575169704170004
перец,0.15978518498296748,0.0417643532856585
перешагнул,0.697578707431836,0.13258653896795766
периодами,3.150762548471419e-08,0.000536099929775
перспективе,0.165933019482603,0.7262898085045311
перцу,0.001385829878590288,0.05007602487150752
печенок,0.013932125810450377,0.0034484454285975
плакал,3.370694289572368e-05,0.45778397293743034
плакали,0.000317157405878,0.2704636301773735
пламенем,0.968531699607272,0.727910127322646
плане,0.249374605994309,0.9771227971304591
плачь,0.8075945397940241,0.13030014169641935
плеча,0.8285116485623035,0.22077321459453125
плечах,0.9973313602302192,0.33586857405290904
плечу,0.19610622273425898,0.5932441316729885
плинтуса,0.0005897619654,1.8117371929345367e-05
плохи,0.591413828724074,0.4036610378674177
плохо,0.9402300942967745,0.6925336357360611
площадью,0.852759927844382,0.4648331193664525
плюс,0.1773504863293732,0.006841923120522026
по,0.9360807850226218,0.9343340979022668
по-вашему,9.127007422143614e-05,0.0033706734175777187
по-видимому,0.116876735419762,0.004651044069964
по-детски,0.004141639748887333,0.002997637513599414
по-моему,0.002743439282925333,0.022835065018890724
по-прежнему,0.002365469766012318,0.012169132263932502
по-своему,0.057619677552746,0.0064609447190025005
по-твоему,0.0008712304099774999,0.04147276383200587
побери,0.396043271786277,0.45182876402300004
побоку,7.300418645040962e-05,4.0443314606369994e-05
повезло,0.6252080477184068,0.250918850376962
повелось,0.32802683372319796,0.052310834340833286
поверхности,0.9941455374864412,0.021532897662999
повод,0.6480467178368807,0.312625177874376
поворачивается,0.973189007677929,0.6098613569662018
повредило,0.142803270789287,0.010862291567625
погибель,4.036173688867146e-05,1.5877995995280433e-05
погоди,0.02033251254156,0.0028828942213973605
погодите,0.0008969727119585027,0.002663024983806385
погодя,0.609154976059283,1.320910869349309e-06
погоняет,0.000529849884268,0.002754388720534
под,0.8892103365279268,0.6831163077555021
подавал,0.690346091276814,0.026419446797704003
подавись,0.616284870776258,0.002606811326185
подавитесь,5.028838736992209e-07,0.0012401950578585
подает,0.896060649743146,9.30627042354254e-05
подальше,0.9143148571802678,0.6054755164247541
подарок,0.0344924221567195,0.15614835012549283
подать,0.989206525899281,0.3983742898692423
подачи,0.25573985986367814,0.5248884958558748
подаю,0.35225143335703,0.14318895029112413
подбор,0.661841857551418,0.18053830751274402
подвел,0.970518417385664,0.0124300406041825
поделать,0.6911313626960771,0.6134733642776168
поделите,0.308138412085252,5.9554442414160766e-05
подери,0.335195100121577,0.11971065004220827
подлости,0.016764330913068,0.018010487213995
подменили,0.729923138334253,0.0016079314679322782
поднял,0.491555804951525,0.33577845528878236
подняли,0.263174980755848,0.3754814372504387
подобает,0.14315350515069,0.00556589623045
подобно,0.5341934220430551,0.005431497614511001
подожди,0.001025359611576,0.021641065877059402
подождите,0.000412753428258,8.82429936490412e-05
подряд,0.33406909425180237,0.6348676571744875
подумаешь,0.0072716901957900005,0.006786484932761665
подумай,0.5513025443017501,0.03414164872061518
подумайте,0.0469611248464945,0.24224670239254795
подумать,0.7832396557260489,0.32907109117008837
подход,0.000183836410066,0.9065990753639581
подходе,0.4444676006534796,0.4775381441772427
подходил,0.39546654472424053,0.10923446773069401
подходило,0.7311359552652761,0.671960159756515
подчас,0.00011376120664225457,0.00046274691500179606
пожалуйста,0.26274783026580123,0.4909491488422925
пожарном,0.006439176877455,0.052623690005977004
пожарный,0.003993286606189,0.094525866116885
пожелаешь,0.4562984284237165,0.008284557662568227
позволим,0.967333598253104,0.067942828456219
позволите,0.6234683765047311,0.25015015479246355
позволишь,0.0024329142662024997,0.045725988582576586
позвольте,0.481410475141021,0.006427779851151501
позволю,0.8749361666323591,0.7999978689892341
поздно,0.06455617085094449,0.8242671555090206
поздравляли,0.035095300262475,0.05723485109771376
поздравляю,0.872789251386979,0.0234680081611615
пойдем,0.042898126182935,0.18027998110947105
пойду,0.098670785652297,0.026465603494887004
пойми,0.0014017450640095,0.0049605867276745
пока,0.7809446774336347,0.36372443732207077
поколение,0.99324634345773,0.2277052336633667
поколения,0.980316557524721,0.970819431453758
полагается,0.03737443212656567,0.12274808560703353
полдень,0.127470710201459,0.056487042136584
полдороге,3.5882599534109844e-05,0.0006857558251065001
полезли,0.49079558768882703,0.0184005407312715
полно,0.27448084995180405,0.03251609245967851
полной,0.6304165703883525,0.2605146285621834
полном,0.6296730641133589,0.7813416649707922
полностью,0.9952726789779572,0.001425464625585
полноты,0.9235567736779532,0.053367468586794004
полную,0.5081289862320431,0.834934939246159
полны,0.990654885513166,0.8884443457458371
полный,0.6292470013690131,0.16563031999801467
полным,0.660221179166261,0.34347733631612054
полным-полно,1.1703324339212412e-05,0.0004470020035233973
половина,0.791167553366927,0.370853892585132
половине,0.9712878342051272,0.905149321705573
половину,0.828965524819484,0.008972862203049001
положении,0.231571573756377,8.866505316125701e-09
положения,0.796590666575229,0.593843673796799
положено,0.17740197516581027,0.0791419437146283
полон,0.8365485409009537,0.486932970547429
получилось,0.5909427827501479,0.11710115996920267
получите,0.096519836242114,0.02612225721378902
получишь,0.5143627612752844,0.15082436423419485
полы,0.985339034874748,0.001951875298773
пользу,0.9763032034293252,0.44236631404611537
пользуются,0.7294401993471191,0.3094542758894865
помаленечку,2.297057990281292e-08,2.058454334450071e-08
помаленьку,4.872802193625551e-07,2.4087046166454054e-06
поманить,0.029589332334458,0.010748087795585
помимо,0.1827863422719465,0.19028463193474085
поминай,0.938599237636731,0.3055528339578894
помине,0.8711278711835378,0.9817092589110641
помирай,0.023404120239782,0.04441279547946265
помнится,0.002419075790174,8.441427054651676e-06
помню,0.926716841683914,0.12263499885608677
помойку,0.018421943550429,0.12710415533646374
помощи,0.997013336541568,0.7583885110851143
помпы,0.000696196182956786,0.00018208223092147915
помяни,0.001715009635929,0.003428628313426645
понемногу,0.003875555569567,0.0004193004277417829
понемножку,6.178829504267674e-09,6.49806872429594e-08
понимаете,0.5246075213267429,0.31427078609463893
понимаешь,0.7090086514621825,0.1318878585755019
понимании,0.025049794666336,0.002431854502644
понимать,0.1193100041136005,0.3299136191556983
понимаю,0.40336326152521,0.3495794423168517
понимают,0.960112218431412,0.050911090850836005
понял,0.346782207871577,0.39644939654783906
понятия,0.953536968703868,0.09749939951205801
понятно,0.4844350519310875,0.17199500081128483
понять,0.528641015411011,0.012803716113859002
попадется,7.918850340886429e-08,0.0009223015368250001
попаду,0.069500335125375,0.067416296055175
попадя,0.8963267901078801,0.053305395448591
попало,0.2683952615502105,0.015896416884145
поперек,0.999919361600285,0.05379821939778401
пополам,0.9999586369276119,0.12544986824769883
попомни,0.302439162317277,0.08388559004651694
попробует,0.656289675540172,0.6814721045859545
попробуй,0.528399644544391,0.208393568508245
попробуйте,0.663569917841477,0.027503131598382004
попросил,0.600652661806056,0.0735334272380715
пор,0.9988931060413974,0.9899949754645153
пора,0.5379446601776574,0.30105394390091705
поразит,0.02483179519234,0.011204999594293
порога,0.0785688809102975,0.039648884481941
порой,0.001231518013387,0.0016360638440880001
пороху,0.6345983677303261,0.3607566822955135
поры,0.5294031237072215,0.6322996097392992
порядка,0.012180459788898,0.013902199714181001
порядке,0.9113815707302363,0.5346926931363504
порядком,0.5572115881667968,0.23813344355007932
поскольку,0.422102826467213,0.012781719363600001
после,0.7022401602987511,0.895750979808152
последнее,0.9637402741529496,0.5975029029351541
последние,0.20398918503319,0.7804328482339066
последний,0.8919669362349641,0.4990811554180688
последняя,0.5357180108253651,0.06389859463943771
последующем,0.000168079970683,0.11605301621307601
послушать,0.2875380404577406,0.022141681328503936
посмотрим,0.9098654368264221,0.4169689449589823
поспешил,0.0321639627616985,0.0014350683425823334
поспешила,0.46596238932195,0.5915562876690885
поспорить,0.6651319649670496,0.01641869097324043
поставив,0.013904321183361,0.3272215186052927
постепенно,0.439964414110738,0.10120450752644
постой,0.0006368533457073333,0.0071397801684251255
постфактум,1.4167152933799923e-05,4.159336539040628e-05
потерял,0.5853266568814738,0.1756726974754144
потеряла,0.457197260976703,0.07927005554829004
потеху,0.054160125027543,0.0015048131236560002
потихоньку,0.053455896234764,0.008400328990291334
поток,0.18903616201800752,0.4158957621522022
потоке,0.042627526207504,0.2597957881071037
потоку,0.383544884496421,0.044240233547272
потолка,0.8716665345509576,0.15831904507067301
потом,0.44890722573856323,0.38549869509505086
потому,0.4623705153097385,0.0031756820286022503
потрохами,0.012598364812395499,0.0014713434362960002
потрясло,0.328189230421803,0.003987408460048
похож,0.939129050325374,0.682375806337054
похоже,0.7426750228587221,0.43212323424987603
похожи,0.979098668969754,0.948986616608789
почве,0.5506219357837484,0.011998583604882
почем,0.009396686019342532,0.0017866149416239177
почему,0.8319437289284843,0.4944269742159878
почти,0.029771377310801,0.12113607270546901
пошел,0.3351492431703545,0.3908397614294458
пошла,0.441513217656438,0.088399474527404
пошлет,0.485633910695998,0.286840231981756
пошли,0.0276883332303255,0.1675314739233911
пошло,0.9960393691289721,0.40055774558477114
поэтому,0.068426153917852,0.012372230145318667
права,0.9215611316873886,0.5203508742431182
правах,0.937309196142454,0.031059645794151002
правда,0.13574849233667488,0.03597871757799663
правде,0.9755597952088921,0.6008211788976425
правилам,0.8852772140317401,0.8405347294147261
правило,0.4743171194655125,0.3739065615528435
правильно,0.9736135963370582,0.23217387813396603
право,0.38580517919886603,0.7956578890002726
правую,0.9969367926468872,0.006246641933256
практике,0.8724066439538525,0.014668865492722252
практически,0.20187921895444952,0.06102230754427651
прах,0.9995473288991792,0.0033393897592425
превзошла,0.854961596874208,0.0479230822022585
предварительно,0.053268188628873,0.5857574605700581
пределе,0.4288583106036383,0.0018252054948580002
предложил,0.3173774898671275,0.09731870153376265
предложила,0.400212046718994,0.035537929216422334
представить,0.8995043075040756,0.560415054275867
представиться,0.451661293991425,0.134786122091978
представлениям,0.054830369676231,0.658240361095069
представляет,0.9691617995230039,0.39588901240818136
представлял,0.115269225657245,0.0202810902678915
представляю,0.608988778578302,0.3166222420513914
представляют,0.914047417641445,0.9746702860719941
прежде,0.49221713486630553,0.4291887329009405
преимущественно,0.001610272224339,0.0086310228211195
прекрасный,0.9784874343960792,0.07266579434324501
претензии,0.0840314197135385,0.39126783993684006
при,0.9246943654408242,0.7604376146431462
прибавить,0.167347542995485,0.0274825978507
приблизительно,0.0305455245482525,0.016787574835694877
приведи,0.053514778180189,0.42480765884617766
привела,0.994093818334655,0.521543115358564
привести,0.9944803700005352,0.7833577768969877
привет,0.02277097627868,0.38276063015639356
приветствую,0.081164541320782,0.08094774032666167
привлекает,0.148817164998976,0.2300635738837195
привлекал,0.035147172858193,0.0015879941454260001
привлекают,0.885492719403242,0.10494711891571351
приводила,0.6409349950201001,0.3239652499244388
пригоршня,2.571798396632065e-06,0.0020431170164630003
придачу,0.174058705402076,0.3541890487956873
придают,0.000851112777508,0.9159068442903341
придется,0.1588968048348986,0.17858367904171055
призму,0.613658154616686,0.934781058495014
прийти,0.996685204455768,0.986119725599602
прикидывается,0.0011169365910505,0.07844261322479316
прикидывайся,0.012161358432754,0.05279579542006895
прикурить,0.000225049397707,0.000819134409862
прилавка,2.5122910949881023e-05,0.0038326027207110005
пример,0.6187046838492674,0.6533345899978231
примера,0.000468241301028,0.018955872217682804
примерно,0.206932320711434,0.137721811261448
принимает,0.295233677916133,0.184843320863482
принципу,0.8961043074698349,0.0766532779797385
принявшая,0.3551775549919,0.42955442240258207
принял,0.045318122937945,0.45551947315224406
принялся,0.049182999188645,0.07256606955885408
принято,0.000197677162389,0.061258474263732
природе,0.4043259819882915,0.4605482438505015
пристало,0.0479842523557235,0.0009087378381660501
присутствует,0.050031240895729,7.8561059536014e-05
притворяешься,0.015755045785523,0.000345554548049
притворялась,0.053744685637748,0.015953310349651445
притворялся,1.432018362104894e-06,5.718291278854698e-06
притворяться,0.263327246109858,0.23345801592634027
притворяюсь,0.012988078037503,2.4906013166868573e-09
приходилась,0.296033811742157,0.0012955795507220002
приходился,0.9662603816046472,0.20690790513499513
причем,0.004889650917382,0.17132086542833702
причудами,0.0023565110447848216,0.0005776974469085001
пришел,0.319986326259107,0.1142594393766985
пришелся,0.000119234650626,0.23619364351162003
пришло,0.675616120388112,0.8833259646355192
пришлось,0.9676033251061812,0.5983181035776145
пришьешь,4.949179607710229e-05,0.0004384123811371331
про,0.6732009999660619,0.8972150892953098
проблем,0.906944684117807,0.5146505958974711
проблема,0.571796670521995,0.5568058046900091
пробовал,0.005555656187985667,0.041569938634347124
пробовала,0.003148660011648,0.00041381235455250005
пробовать,0.020689839294659,0.000143702514482
пробы,0.994483199490627,0.0024695542421319526
проведешь,0.0450463050092405,0.003444020102731746
программе,0.714294246705232,0.013241854296470056
продолжение,0.0051134945038255,0.18069725912186602
продыха,3.6406922606815546e-08,5.1976287974927475e-08
прозвали,0.021112876064474498,0.072649990322644
произвести,0.9675336866768752,0.006743925650486001
прокатит,0.031101477922655,0.001069672729144668
проклят,0.9844347102599157,0.1723970450835685
промах,0.14986978389079872,0.10912874986578276
промаха,8.227140645435201e-05,0.022191821754930004
промаху,2.7132452303021853e-05,6.052470791985387e-06
пропасть,0.0004607134553610516,0.041270062276618585
прорва,2.051600901789781e-05,0.080235307098471
прорву,0.00392770855760738,0.0053822222982389525
просим,0.6086421220340803,0.12290034779494013
просит,0.364463379701823,0.017117061462207
прости,0.5201743911644571,0.11682927951555101
простите,0.509014435636989,0.107336759125066
просто,0.33598750296234975,0.06361688252849172
простыл,0.9984992998310123,0.434189072885372
просьба,0.000706857752963,0.22138590912408201
просьбы,0.513658860677311,0.19970200289903903
против,0.7088171047642667,0.527222069330549
протянутой,0.04859130449884,0.053928701226643505
прохода,0.042946097099922,0.3901330874295082
проходит,0.289208091153852,0.303068328497865
проходу,0.020687520988772,0.18026759959619154
прочат,0.001869545630916,0.0009863837931316669
прочего,0.9761121207463832,0.9951016032683621
прочему,0.997437226041019,4.1262077741154754e-07
прочим,0.9581640506095062,0.000532072091944
прочих,0.031312654756059,0.040626128175027004
прочь,0.33957244061775727,0.19512345597860503
прошла,0.318373347936752,0.007787606272972001
прошло,0.6434320020213242,0.036392250459727
прошу,0.6637917441818386,0.35313680858178803
прощание,0.232301611001937,0.029832309720212502
прощения,0.9758817964179651,0.648210631226888
пруд,0.997072470805557,0.500131814452294
пруди,0.996765453820564,0.5092291502310906
прыть,0.09036142010267,0.0001223215956206294
прямая,0.992981686154997,0.344860908343251
прямо,0.1271421960980038,0.23880859887678194
прямой,0.9906801727417487,0.04862251931284495
прямым,0.483329577335462,0.253059960955136
псу,0.200718120685205,0.11182787849019313
птица,0.155048731043969,8.190989571287464e-08
птичьих,0.413570396402984,0.022985855122029
пудов,0.028099681485615438,0.04270096214505504
пуза,0.000483096263039,2.667872873402117e-05
пускай,0.003999049229275,0.0040610990233026665
пусто,0.6156960313291241,0.025339085613862864
пустом,0.9980867147032729,0.035259028015426
пустыми,0.9466499707094606,0.4865909280376104
пусть,0.5914421977682931,0.36405370745189075
пустяков,0.0108887279589485,0.00017644284518514557
путь,0.21505401413275935,0.34445262842933083
пух,0.996406402694425,3.762095772567503e-08
пушистый,0.7168875168667341,0.01497006162546925
пушки,0.268760378441729,0.3293908675722569
пущей,0.181397085733173,0.92131592324006
пытаемся,0.579867626063676,0.259308622787365
пыталась,0.254644450101351,0.12227100845196476
пытался,0.167885903291891,0.46831832628524406
пьяни,0.016404473575869,0.005967209795274334
пьянке,7.4020756691594704e-06,0.00052098544408
пятам,0.9424399661412537,0.18009782658856785
пятерку,0.008843874436749501,0.0009001557461635885
пяти,0.939928962551188,0.01727055707089525
пяток,0.0006309690982903891,0.33496395246248206
пятьсот,0.002812737290428,0.000321493293507
рабочем,0.196429295623602,0.45932267433143603
равен,0.5819149366112742,0.07589595185110784
равных,0.24185831131697524,0.9711131721507781
равняется,0.095047730187584,0.034620825019345006
рад,0.063489846940665,9.603359012914582e-05
ради,0.7267889695604562,0.603871475219727
радиусе,0.994710735135666,5.004534029815073e-06
радиусом,6.395334590679855e-05,0.000152936699757
радости,0.120075966659507,0.3081079188148114
радость,0.916222444098678,0.14825571650851535
раж,0.171163079440691,0.0017208294316340001
раз,0.7150601881463923,0.6082764173724111
разбега,0.030723728442312,9.263492889773866e-06
разбегались,0.8541241225950831,0.00013862401837300001
разбегаются,0.38326292855623306,0.013730593403386478
разбирается,0.012210635314544,0.017462593392515
разбираюсь,0.988810209631026,0.000417435442913
разбора,0.45529247901143677,0.009273357372257
разве,0.4608981577769607,0.3202729608730942
развязал,0.456414754070203,0.044075608365495005
разговоров,0.23338236432776502,0.015479001981022478
разе,0.35711323744860346,0.5271127302642366
разительно,0.000196200498516,0.066703055448316
разлив,0.095347822922844,0.5497433085513618
размаху,0.066946756120203,0.41155637207084805
размениваться,0.0003276632572195,0.003412985621214724
разменял,0.0015358283471713335,0.0016769150145589165
разница,0.9907143907529393,0.15520900562742698
разом,0.9994718820581662,0.181585406502691
разрешите,0.233906705576731,0.011611495198554
разумеется,0.01429458821357,0.034175192151294005
рак,0.99736231778695,0.037523772633527505
ракурсе,0.050766879904091,0.0005646243304490001
рамки,0.27856151870351303,0.007109425179553001
ранжиру,0.000105653546881,6.863311536490466e-10
рано,0.7515070340463597,0.45937717466474237
раньше,0.5042950567718301,0.5063806538732121
распорядился,0.04254273727878266,0.023279128095034504
распоряжение,0.27339247068086264,0.004846642907459284
распоряжении,0.283662190302493,0.4412457322526852
рассвета,0.981501764115671,0.152253215207266
расстояние,0.7906731637680378,0.33009189422849905
расстоянии,0.9662243048937421,0.6993945460697966
рассудке,0.0068637948329175,0.342940698770788
расчет,0.78010203946941,0.12988934592745402
расчете,0.07032110187698801,0.01435551957698
расшибиться,0.027706608853102,0.002336140080612
редкость,0.463761158579352,0.14276355836897334
река,0.068107533877387,0.001279140608352
рекой,7.002608368640933e-05,0.056697716454462005
репертуаре,0.32767827084829504,0.0107003428012235
речи,0.9605385443087631,0.31501779780152134
речь,0.235342624154943,0.9846552192919471
решено,0.100355034780996,0.001067191487073
решеткой,0.000171172883883,0.24981797688904603
решетку,0.26102445699752824,0.0013092182579572465
рискуете,0.112164847554771,0.0021313299961330003
робкого,0.894445082344926,0.0027362747714957383
ровен,0.099673350117385,0.027007190917655
ровно,0.1146962449224495,0.05380087152960861
ровным,0.9998426090869736,0.030802215093814506
ровня,0.035905229825358334,8.712698975610457e-05
рода,0.9995033824367372,0.560363582092478
родила,0.99997663552505,0.8742417008489711
рождению,0.090925662402627,0.06380376435747001
рознь,0.910823838504167,0.0005661715569533271
роли,0.965621729374296,0.593543218460724
роль,0.9992099634600099,0.25726057891310905
ролях,0.8062838878426375,0.564756043475887
россыпи,0.005123304167909,2.763465781017214e-10
рост,0.9992481061218885,0.6177622214732905
росту,0.007568319021415,0.9902217376054521
рот,0.9388775162574152,0.140953069621641
рубежа,0.216074575939814,0.0013514696967450001
рук,0.7877573811069439,0.504958770293385
рука,0.9924395266059812,0.002984989897774
рукава,0.253161735037176,0.9912360901791861
руками,0.9744947165823264,0.39849458410728456
руках,0.7605991808330996,0.020477316666536002
руки,0.8032635927742817,0.4580043365044915
руководством,0.421680224560749,0.020288400642043
рукой,0.9661614362618884,0.7310066513318428
руку,0.9117206079863042,0.7035435655436223
руля,0.9880673721213612,0.9032104922730195
русло,0.994542387692917,0.00032660154788000003
ручья,0.8873200068635431,0.004258747020123001
рыли,0.50682556388331,0.0007351253863980001
рыть,0.680152733496338,0.236344527811577
ряд,0.5885981289152888,0.09921359030871224
ряда,0.989004007036023,0.028477295201414003
рядом,0.9999707051831221,0.2531163533499738
с,0.9314303429981332,0.955471377410588
сам,0.615582262987339,0.5598354485612835
сама,0.0024221837463588992,0.4652287592842719
самая,0.7102633114491078,0.6867165825772212
сами,0.6118398498071955,0.790082749399853
само,0.9339378299596981,0.029287978523706
самое,0.8097561029488414,0.8093020485000313
самом,0.9196064004029822,0.6313316013924807
самую,0.980674926306704,0.776643151807873
самые,0.9832806457376395,0.3869845038703135
самый,0.9090305045078908,0.34889964001811186
самым,0.9912763198947987,0.4564576254933255
самых,0.9919991867055632,0.624242303795834
сбились,0.906299277523358,2.1449334761808257e-06
свежести,0.8841266070324051,0.002924075350493
свежую,0.9228041539325081,0.153641355125401
свели,0.162726174035598,1.4158462949391583e-05
сверх,0.8329531523977969,0.10430740370380782
сверху,0.2336979050342195,0.034327601554121505
свет,0.7953615593339717,0.5757373162957725
свете,0.6506332637561371,0.9518782559397071
светит,0.23155948157757733,0.017926459197062667
свистнет,0.294579515853156,8.51624416584062e-05
свободе,0.590962541292492,0.029947844701653
свободное,0.049033580260639996,0.2266083002394344
сводит,0.6927618799867571,0.98156144910523
свое,0.18560800219434134,0.3485440493459397
своего,0.992929265104778,0.5004070855863351
своей,0.9843964284052152,0.7463790593603971
своем,0.4487017382919752,0.4533539718794782
своему,0.9003171669571671,0.82621345899436
своим,0.9815669713320782,0.4715000521659037
своими,0.9921085310445352,0.46081834223979
своих,0.332503789794699,0.7177076635003585
свойство,0.5729006417741511,0.17889012781884736
свою,0.8966281262966369,0.7140370607240438
связи,0.9978466014127065,0.623586669341473
святых,0.9426896767699072,0.8606005676962625
сгоряча,2.857911509966822e-06,3.147258802985339e-06
сдается,0.28359574865014675,0.467335539770215
сделай,0.8424024642593748,0.3818245221193819
сделайте,0.9669506270012086,0.3764534708385462
сделалась,0.000783953604725,0.033866372946282
сделалось,5.151658919753429e-05,0.0016823009786410001
сделался,0.002750740885465,0.0009188918149837271
сдуло,0.9710896786760547,0.3823488496043749
се,0.0065636695141132115,0.061188340205972504
себе,0.6693574846494986,0.5667835391414509
себя,0.8205360704415523,0.7497612572748954
севере,0.002170450517958,0.043933120750071004
сего,0.9981477854887042,0.1318764742392505
сегодня,0.6629367838717879,0.05279132738634134
сегодняшний,0.993671276857684,0.9632331265185976
седьмого,0.29766951815894827,0.024464192473142
сей,0.9904878648681821,0.177213410742037
сейчас,0.5342474211165462,0.03650695400133117
секрете,0.502012151729569,0.00017174030627212895
секунды,0.9451313437970374,0.04870305589686401
селу,0.996997417158279,0.023573160506595
сердца,0.994048708848764,0.016612489947617
сердце,0.0282080523221655,0.3250008888180603
сердцем,0.7361695875717318,0.22072879518392852
сердцу,0.104223381291557,0.7541750288903853
серьезно,0.017263635193465,0.3103911127507619
сидеть,0.9614900054009492,0.351778378180773
сидит,0.6948632846542063,0.18586922910481865
сидишь,0.04102688487494,0.599649013279112
сидячем,0.009772236862484,0.00024416454655500005
сил,0.8267196469740881,0.23098480190113177
силам,0.101188028737353,0.21708067830787903
силами,0.9752133793280072,0.865028229278058
силах,0.09870022568073725,0.5471664022838986
силе,0.937001281464416,1.437812337301755e-06
силу,0.6442884927116416,0.061847784968266505
силы,0.9994169299293892,0.028919211982454004
сильно,0.20385486882154383,0.465585945726632
синим,0.9173790641647841,0.08823950843380701
скажем,0.4998544904183708,0.0012857302189171053
скажет,0.333527181527374,0.19288817921285928
скажешь,0.2436936461056861,0.329400868358053
скажи,0.1845497211064315,0.20415032929175675
скажите,0.183432638488662,0.127108808378184
скажу,0.4342072223167987,0.2381144946961093
сказал,0.6948747092225263,0.42418000006630424
сказала,0.053002948653287,0.14870036859548666
сказанному,0.004682508041072,0.0017321230772715
сказать,0.7096615487686685,0.28100701411190093
сказке,0.09841789637871501,0.43339045276839655
скамьи,0.956630640978634,0.6534980340133111
сквозь,0.43017858565640954,0.10661496941370201
скинулись,0.000629223685066,0.00026438591570234767
сколь,0.6074638816139201,0.2836855690510641
сколько,0.6151471329181991,0.7814891441024981
скончания,0.8487742754381781,0.9698870950035301
скорее,0.7738427800236427,0.39323087004746676
скорей,0.03167539500819975,0.009226950587043701
скоро,0.34191128520345526,0.37702552928222727
скором,0.9841295582218175,0.11706083433681601
скрипом,0.05681666241368,0.29918346499762905
слабости,0.001997506555554,5.699283982296784e-05
слава,0.9622508047631916,0.7341760294448947
славный,0.00653388781298,0.062054112105148
славу,0.7499810460914009,0.37262227852537055
слегка,0.0240458719853885,0.001009210393552
след,0.9999567894342045,0.28321798069634235
следа,0.2360551845830445,0.17464022111665253
следам,0.9999187058723572,0.126290800492175
следует,0.44188155089180264,0.03891695579412775
слез,0.4771821675865988,0.06927625965063068
слишком,0.6699659933413736,0.21189565254609494
слов,0.5300754405596261,0.857744560098261
слова,0.8794118533336831,0.4858732734490725
словах,0.9964394606962568,0.03550119476846475
слове,0.9977821361514061,0.7860448214573493
словно,0.514769416078622,0.058950056056668004
слово,0.7906658673804614,0.4334655198539692
словом,0.9974132720644575,0.24977636905834577
словца,0.952029408297629,0.9915663945769351
сломить,0.015416074160188,0.015358991291580623
слухам,0.947818938781496,0.0015284719243871582
слухи,0.9770458584423536,0.19902946827765172
слуху,0.1272010636577915,0.20181262827976051
случай,0.7914689454217599,0.40283678894052644
случаю,0.8229473887998171,0.123448719516697
случая,0.99474854001339,0.12405978364268401
случилось,0.140609565352739,0.06400313714924351
случись,0.2960192366132645,0.07234533870563253
слыл,0.007932082733685,0.0206328308652065
слыла,0.001085398777261,0.0010188925814975
слыли,0.000528905061666,0.0007281108576990001
слыхом,0.014685552932397,0.9360494746559785
слышать,0.9264960230765412,0.613047084813042
слышь,0.001250900104688,0.0035572012941647475
смеете,0.8781679396446316,0.6715844762017791
смеешь,0.6419274792056535,0.4043767412340095
смерти,0.5098518145646819,0.6462938285321016
смерть,0.998615753180116,3.253228092571002e-05
смеха,0.3311151394459563,0.05747602947166007
смеху,5.614406496592564e-06,0.09075989266074701
смешного,0.124135620558108,0.09176981061834617
смею,1.4561198947241753e-05,0.453493471653433
смогли,0.344505830473179,0.039028689658556
смогу,0.854877792160826,0.045628464769212
смотреть,0.47542053453287514,0.21283515860156946
смотри,0.026272813369288,0.018905523989484946
смотрите,0.012539585358044,0.011293556547569502
смотрю,0.29168092592336553,0.0712751644724194
смотря,0.055323367625481,0.517088305305152
смотрят,0.953080328839078,0.731027902661325
смысл,0.8620798635320568,0.4661917595284473
снаружи,0.2514355864862848,0.08107847740305746
снег,0.9655335853402135,0.06026495728992919
снова,0.6898960883380088,0.06861973389887026
сняла,0.053786137851478,0.5506726540048431
сняло,0.7597548064871665,0.5245996125138589
снять,0.956142698815182,0.36102228098981404
со,0.9709429187814681,0.9097326144300822
собак,0.993698503371578,0.000109585143314
собака,0.5210394207685848,0.006943941307499334
собаку,0.9810697502844272,0.3760643874128605
соберешь,0.29081026921430775,0.0006415594882033846
собой,0.8100519988898307,0.9240456630722802
собрать,0.2549218726685,0.7881320546928471
собственности,0.0573099745073195,0.9974377410779971
собственность,0.41441351457582903,0.06497686762301033
совершенная,0.0009822718980545,0.020407162917708502
совершенно,0.02167656281236,0.210315640361179
совершенной,0.000989137378005,0.00638688709605
совершил,0.682559900495167,0.8771588652378011
совести,0.8928789621166053,0.4237387642186706
совесть,0.13798397356329953,0.01746593419563868
совсем,0.5476857785039704,0.3289609536094039
согласно,0.1147632740349585,0.2026336704644735
создан,0.4217199795545935,0.213156933873487
сознания,0.9790843621271351,0.172441095876634
созрел,0.012631631308339,5.078037491740802e-05
сойти,0.757936599493633,0.5915401986204487
соку,0.31317985391721503,0.6127942100751796
солдаты,0.220064936687032,0.3649621214577845
сомневаться,0.6073607126554114,0.058574888646537
сомнения,0.6395416111783876,0.34923742498719784
сорт,0.052095379868716,0.0157508224044905
сорта,0.7973940695914976,0.047031632499866
составит,0.80742537381544,0.2739361453131586
состоянии,0.878845086179576,0.37557254513137606
сотни,0.013943666702046,0.15955945313647735
сочти,0.259485213816594,0.00020428811333118735
сошлись,0.00968902779848,0.08186094933054
спас,0.8650402008883301,0.128490612327076
спасибо,0.5376796700033375,0.5473736639271884
спасли,0.9936582474073252,0.002090751268144
спасти,0.974555580858196,0.026096791091075003
спеху,0.021041686573599,1.01636583286016e-07
спиной,0.8571637855970755,0.024753341576948987
сплошной,0.17585391565517136,0.02257562800034756
сплошные,0.095067351098591,0.028993958989869336
сплошь,0.7721394677222391,0.0027813599293303078
спора,0.0001533432695465,0.20153619950236853
спорадически,0.0002836744664001767,1.5689148423015632e-08
спору,0.00577687324322,0.001070909917413
справедливости,0.0037783758636943787,0.029759922260799
спроса,0.0960927889068055,0.1339717378877264
спускай,0.8605888277940541,2.0630171996613262e-05
спускала,0.117612870215143,0.009961902204058001
спустя,0.987913074247807,0.31151402962984304
сразу,0.6949257170375255,0.2989913170029258
среди,0.302872380856527,0.5018775056115192
средней,0.9978880282019952,0.047187126524465
среднем,0.748133330904154,0.139551794097539
средних,0.9788667401618312,0.9846410420264751
среды,0.019899013205202334,0.725744544392235
средь,0.767736698786723,0.0021671760197080757
сродни,0.5201288046130955,0.07100187241040834
срок,0.41523332927116224,0.6157488026581007
ставит,0.8978259706796231,0.463189858320854
ставить,0.8422139932498917,0.780696885480288
стадо,0.9686262394462736,0.13139738405257725
стал,0.8320951390649238,0.39126422337620403
стали,0.308837475641285,0.4872225272171615
стало,0.7838093577537375,0.5612305377441471
стану,0.002198143882811,0.08992762782935558
станут,0.035610658653644,0.065406991568157
старое,0.388562656584996,0.38701041458218277
стати,0.9649988916073772,0.6164786440181711
статься,0.41610047812836,0.00011122886432500001
стенах,0.5325084637230186,0.6554013802530295
стенку,0.754846395803477,0.018944405696944
стеной,0.05278508318207278,0.4847989577511505
степени,0.5064272627772215,0.8273412820150345
сто,0.3889793895911658,0.03226623165906309
стоила,0.049031461212906,0.27785907673643834
стоило,0.34731842004996133,0.3138399147494207
стоит,0.5422795942121078,0.341337278518741
столом,0.8268542253208175,0.2511129866226909
столь,0.987816051638832,0.070100374758464
столько,0.8025675782047915,0.566703556443333
стопроцентно,0.005753691473876078,0.00013104927708600548
стороне,0.5536029024750696,0.9232602527174091
сторону,0.9721793788249495,0.82686544828089
стороны,0.9722069253392043,0.7878891228293643
стою,0.394270920135937,0.37173734541371106
стоял,0.816923859861271,0.42083512760031266
стояла,0.07684258754492866,0.26283364911679236
стоят,0.442706399998684,0.5774569443326776
страже,0.5478822596985355,0.004399135141013791
страха,0.030796526990545,0.055723466864425
страшен,0.008004879763754,0.589649473569696
страшная,0.25169790735306036,0.036398184166112256
страшно,0.010690455925438306,0.0421068716441094
страшное,0.0085426878179885,0.21655316085211126
стряслось,0.001293719668872,0.012495320938106501
ступала,0.9430829918491026,0.20819820639766876
стыда,0.06984608905383101,0.3249928960783484
стыдно,0.2868007625389195,0.10931228282875005
стынет,0.386803727777959,0.06826305483172701
судить,0.5836252506209121,0.010464486591521
судьба,0.03534707469280375,0.20858158970952576
судя,0.999714456092126,0.9984304544772881
сумасшедшая,0.375279841706815,0.00017061038316237308
сумасшедшей,0.061160450692075,3.8430673944872345e-05
сумасшедшие,0.092977774919316,0.008185393547955
сумасшедший,0.127738903545991,0.016725815575622072
сумеем,0.018936823678179,0.00028040474901600004
сумели,0.002006798641327,0.138119213656064
суть,0.0280016439433442,0.30972161433991974
сучка,0.9829063839421717,0.2218010191187002
сущности,0.2422588120451175,0.007279795422036823
схвачено,0.06736352148136,0.0006048254699057501
сходил,0.7978480613914601,0.12078730570060718
счастье,0.281308251973176,0.34860332421310003
счесть,0.009719102037059,0.165194591649918
счет,0.20199623538205147,0.2189109628967128
счета,0.3019689582325796,0.4268108932177904
счете,0.093176359936442,0.7656254350679831
счетом,0.618188622809925,0.4099103005264559
счету,0.9966904148869192,0.8165646588016506
считали,0.188964410723966,0.024664479492176
считанные,0.405710984372951,0.2751391821964299
считать,0.9892315112709824,0.666439486730992
считая,0.9973414477786512,0.011154124079161623
съел,0.9972104508941926,0.04529589430891705
сюда,0.0019903345088582956,0.45369240665085053
сяк,0.001866323397093,0.533425862003005
та,0.4928003112306295,0.8327686024101166
так,0.6203368450134137,0.6484052644428755
так-то,0.018231153373525665,0.007950849481967644
такая,0.6542989881718233,0.2874413741472718
также,0.4793644399299121,0.07575298411561926
таки,0.000298508374517,0.24684414305669702
такие,0.3857393150187997,0.5188564485202081
таким,0.9985998597473826,0.566427639106151
таких,0.34206762580161726,0.47357972850331503
таков,0.9864789384537735,0.00541068734629975
таковой,0.743582124374157,0.0011812046579080001
такого,0.667389494321665,0.04533743010121501
такое,0.8700248706567897,0.5625320167530468
такой,0.5375837365341183,0.6601861873953045
такт,0.73018477899915,0.0029089337283050003
такую,0.863611694513938,0.19627093178596625
там,0.5869362852971667,0.31341911830941344
твои,0.447212309289416,0.038180742575391
твоя,0.097895852494403,0.34254348678073643
те,0.998846194840424,0.29723531179389334
тебе,0.2597765867136516,0.17465298911468335
текстом,0.9972618494696638,0.6341328284512103
теле,0.001411415962208,0.5347334853144721
тележка,0.7674903776132193,0.8219408816879322
тело,0.9982164778453152,0.14595588297679102
телом,0.855980329303661,0.12286147687661052
тем,0.7722971385688718,0.6755311108712038
теме,0.13349954198566036,0.0467960969566141
темна,0.836459817345245,0.047552368107763504
темпе,9.480462044940374e-06,0.002222942666877
тему,0.4304125209403468,0.0886999754702122
тени,0.17903740440657248,0.3210003432661102
теперь,0.90920637189712,0.5082892828258601
тепло,0.12821583589666502,0.30369746804428005
теста,0.961150825349973,0.00201768491778525
тех,0.8573289014431686,0.6243161512323949
течение,0.454973385333506,0.0037376944032810003
типа,0.009255374148542,0.122030206227333
тихий,0.131926171019166,0.09199213415837243
то,0.8732912598185341,0.7989516885410366
то-то,0.000272798107043,1.0985415928388321e-05
тогда,0.9652790841068097,0.02793537733255867
того,0.7525150994069721,0.49602076873154904
тоже,0.42343740724126955,0.2685235155031578
той,0.708319921195934,0.990049356345692
толика,0.123239750699573,0.003162067048730194
толк,0.9932138291619296,0.6136670712899611
толком,0.5566305720520544,0.3226983503851304
толку,0.49183633508564,0.17768242921448504
толпа,0.247149503432461,0.002664205758119
толпу,0.077267302374007,0.018619764161032
толщиной,0.356777824018161,0.31787747740060723
только,0.6142017906202655,0.48912776451486184
том,0.978909495297381,0.779127597686681
тому,0.9913225909896669,0.2710862613219364
торопиться,0.6144717096933211,0.001362161634984
тот,0.9038800077995816,0.7122794124011311
тотального,0.002480524991385,0.002403789302727
тотальный,0.077776164454139,0.22979809918970637
тотчас,0.0009303687054087934,0.001997941921912667
точка,0.04693815552311,0.4582216180058854
точку,0.027002265041728,0.51409091635749
точнее,0.068972594145503,0.003954955645959667
точно,0.3779662452834437,0.17291372244778339
точности,0.996502752117507,0.000273796878364
тошно,0.313394329812388,0.031221063008488165
тощий,0.000605844679328,0.000260896038528
требованиям,0.7113182864507661,0.7797358907463976
тренде,0.10920224742848525,0.0045943003957525
треском,0.184904566386534,0.00019642316524900002
тресни,0.149746512717227,0.8112081548233151
трети,0.9144214549717912,0.18380650947629001
третьем,0.7906020522847317,0.41579154189080925
три,0.960555498492328,0.8456176340259596
триста,0.0009916778554605,0.0034610449039537503
трогало,0.5434848758737011,0.011260449033986
труд,0.777672153137408,0.3832450981676647
труда,0.6740290518723421,0.32339762923080906
труп,0.8836513742212642,0.21589106573414601
трын-трава,2.792640065002795e-09,4.346400466760567e-09
туда,0.38858710239432476,0.4288034988871891
туда-сюда,1.2611640963503717e-05,0.0001520762824183373
тут,0.4242498239797663,0.2228735746284958
туча,0.018996385031853,1.8540737172467463e-05
тучей,1.9496903244652142e-05,0.023349574700907
ты,0.6272954412419539,0.42156846464968734
тыл,0.321083776302627,0.0029489923737318386
тыла,0.215253804119619,0.16099991389407853
тылу,0.9847670355808532,0.5451041925227891
тысячи,0.1250224429494555,0.23348454552702602
тьма,0.000634249830358,1.586298697910169e-05
тьма-тьмущая,7.069308731098373e-09,1.5100179487812746e-06
тютю,7.430025561755965e-07,7.087522835706462e-05
тяжелым,0.628994240032519,0.07437647678429452
тянул,0.6704074141312284,0.01361741514073308
у,0.8552039357624535,0.5943248831914245
увидите,0.6296259390537781,0.01439097588681675
увидишь,0.9692425302041332,8.946510033171976e-05
увы,0.163821287836931,0.009850485938903501
угла,0.9968757389336094,0.2199766857916669
углом,0.5355391288533906,0.44091464865518903
угодно,0.6150285505975399,0.6426254404065684
угол,0.9992091293503825,0.30364409421041977
угораздило,0.00014251147103261605,0.0012292976454674998
угорелая,0.000514112122349,2.886709419970282e-07
удивление,0.7623309319778041,0.464082569053652
удивленьем,0.000118791884493,5.23952050480775e-07
удовольствие,0.9687778292392051,0.299795395731616
удовольствием,0.5497495925091394,0.19750856519994767
уж,0.5522726313728488,0.3824557918356784
ужас,0.8568063262476091,0.168912168330544
ужасно,0.006476463015511533,0.008404817199986706
ужасной,0.0017689064279,0.00019609319099200001
ужасный,0.137261766239332,0.0008761052896830001
ужасу,0.114658626918211,0.430345221868228
уже,0.6273075933815073,0.38035292754874267
уйма,0.026804705909707,1.972518187489915e-06
уйму,0.002710460853328,0.0034072356829672095
указ,0.025383861480654,0.3885959298836315
укладывается,0.9877503611405992,0.7216823086563371
укор,0.000434929588901,0.16569184989177602
уложилась,0.000106862880755,0.000356235836316
уложился,0.029001550957417,0.057275322672085
ума,0.9950765833043287,0.7189908040782889
уме,0.9970079163916227,0.5202229548639631
умеет,0.490273643169844,0.7406500986262887
умеешь,0.8428845560956071,0.15671524091836359
умел,0.021420412235765,0.0020192781508560002
умеют,0.010730919764152,0.28569616028566003
умираю,2.4714030748531516e-05,0.0051421435922805615
умножить,0.093400107573123,0.07321149900061719
умом,0.364441439414856,0.0011132455652440002
уму,0.071518288256469,0.3293026401782444
умудрился,0.196258832731601,0.05706944479119801
упаси,0.367133541979323,0.08398423364523286
упокой,0.021279526077339,0.1929461971366875
упомнишь,0.1726196048101357,0.06123953087791465
упор,0.38762056533606254,0.6984753043902261
упряжке,0.003181833386473,0.11145506466646352
урок,0.5117126723265045,0.10821840998479453
уроком,0.187386917456228,0.9417877465990021
условии,0.998629662275155,9.653677605868348e-09
условиям,0.45396519356303555,0.7912908234372991
услугами,0.983440636096873,0.975242743112217
уст,0.99425394149957,0.07011491714842234
уста,0.9974223234093992,0.00019257330264100002
устах,0.194694160500996,0.005592155874238
утверждению,0.01405961016423,0.036651318153214006
утра,0.9677697317734067,0.5572700543098967
ух,0.830178028962158,0.04174192737878763
уходит,0.6160001465963001,0.0052018222178555
учета,0.43751959460996764,0.008821032541885333
учетом,0.9256969115790472,0.9325391109501641
уши,0.27429838948210883,0.27158233533129983
факт,0.017182798029874997,0.7319293663089551
фейерверк,1.546417702969305e-05,0.005305099768487049
фибрами,0.06353418058594801,0.0084585824323875
фиг,0.0054614258505985,0.02677923300256189
финишной,0.9985647694696852,0.000125050226403
фиолетово,0.021201089562032,0.12930058536497352
флагом,0.10959379344416902,0.38156327793378003
флаконе,0.8989251090161281,1.8851523889975393e-07
фонтан,0.084189369167782,5.124463034904629e-06
форме,0.005803301891298,0.255187581002496
форму,0.774825792510438,8.081303601132661e-05
фору,0.010345966339101,0.0015109801594590001
фронтам,0.427539015767183,0.018615847866440233
фронте,0.992654204918824,0.007166790194243
фу,0.018215179823784223,0.0031768040643092785
фэ,6.507205287208538e-05,5.984871199526917e-06
характер,0.996865946655926,0.3118107117005805
хватает,0.600669468416423,0.46653368995704986
хватается,0.27442172959367,0.19121750676375202
хватало,0.5362631639912107,0.226377815015131
хватило,0.5023778729010013,0.29938685943563564
хватит,0.5369374689168788,0.30752861849990537
хватить,0.974632802889377,0.9903910229503851
хвост,0.9984512071133166,0.23308692237851208
хвоста,0.083673990781859,0.18227928325356113
хвосте,0.060154537227778,0.03216346629806975
хвостиком,0.0705607137698135,0.2767779255990765
хвостом,0.278334608851762,0.479363032181824
хлебом,0.995939714685339,0.002592915281311
хлоп,1.633223166414037e-05,0.10240923026020375
хны,0.9412145030134548,0.8957013443116755
ходил,0.1335502954601285,0.05828295879652883
ходить,0.7730136534459561,0.45280963304654653
ходом,0.747808842454412,0.7223011297189059
ходу,0.4051212210061727,0.048472032267983835
ходят,0.5217086580414235,0.36696648210012667
холодно,0.96307260890562,0.8231800483578371
хором,0.1967041480259802,0.16103817529719974
хорош,0.17870947864422038,0.10406455692028801
хороша,0.735749342620413,0.10355855005022668
хорошей,0.9751690948248355,0.12082995358750528
хороши,0.5725835931302254,0.13487745666508952
хорошо,0.06511424042204916,0.25557945801377097
хотел,0.6031856282660027,0.19625923719891858
хотела,0.21217704295075573,0.4094191408944024
хотите,0.8207563088145133,0.2597030951103085
хоть,0.5839302653840088,0.35213596877426523
хотя,0.7952854949903614,0.036186730246044164
хотят,0.945591295508864,0.251228160800803
хочет,0.480619613726826,0.384513930345575
хочется,0.2535158750987477,0.019840027843354337
хочешь,0.6853858380263911,0.44891600913186136
хочу,0.6005603727937648,0.4248376278549756
храни,0.00895085904702,0.006001957562236597
хрен,0.1508872169565485,0.09405569193299895
хрена,0.27125518961536654,0.2931409338793483
христа,0.916266337944438,0.505793513718743
хромает,0.021522013078378,0.15276595159846426
худо-бедно,3.108928784120742e-07,3.1941850612801457e-06
худого,0.000106926084719,0.019563986611802555
хуже,0.8978748323191988,0.21722255377438038
цвета,0.5145690930537136,0.7004813915778043
цвете,0.379075310030317,0.0018098775129300002
целиком,0.9476125671030045,0.0017058221907072502
целую,0.3974670817980696,0.18493360013099164
целый,0.5391235960510941,0.2649830220320585
целыми,0.2630123852158618,0.47151105133752336
целых,0.19469204967922332,0.12092659800735
целью,0.951514223927067,0.6725148493789397
цена,0.9222917420271135,0.32800893675496534
цене,0.2774963273693945,0.5942172541442776
ценой,0.991110557829134,0.543276957369782
центре,0.9831994821107665,0.29207693627737036
цены,0.26048397602745754,0.25363442396331476
час,0.7344238731064265,0.35557917602445244
часа,0.7244728664845614,0.3150106680384809
часов,0.24900079277008003,0.6979517051628118
часом,0.0018478364780243383,0.24238846925137242
части,0.9814296045902342,0.47206178116206116
часть,0.141508976992414,0.2295597693286625
часу,0.8639316959983978,0.13279549638382376
чего,0.6508463000480811,0.3386694358911712
человек,0.7363887917728836,0.6419074128910524
человека,0.8966378200889249,0.24065345589300727
чем,0.6832249518298577,0.6653324544735424
чем-то,0.17823458349378168,0.2304034886826944
чему,0.9149910003143835,0.8586974844595311
черед,0.117349023015027,3.355350658965453e-07
чередом,0.9878155934049472,0.00014646805203600001
через,0.6474409865833058,0.7323996202740892
чересчур,0.000432560612292,0.005249871005448
черный,0.7500971589811081,0.002064553618953
черт,0.5263308939639071,0.29995742770313005
черта,0.4694115975522894,0.24649674400488666
чертов,0.003974105846085,0.00273605300212258
чертовой,0.993539264958972,0.64103395195763
чертовски,0.015811026637466336,0.011167520718607016
чертом,0.05748418023497517,0.0006101603322941786
черту,0.6184408394444548,0.45450206488717204
чести,0.5714526291862322,0.3798987660398399
честно,0.8695205022264639,0.3686338011166084
честное,0.7589874034487271,0.37870617020745007
честном,0.979760820779168,0.0524113549429945
честь,0.9891751279631102,0.2011025402971162
честью,0.381577749731587,0.008101291429236001
чета,0.4676274283314574,0.059441289309994094
четверть,0.275016792761871,0.033565696752126666
четыре,0.9746984842804112,0.9964162260624221
четырех,0.55077514812947,0.02013829362788467
чешет,4.35638598523212e-05,0.0010169490096521027
чину,0.009195389994203,0.0028297188624600003
числа,0.48290653122841004,0.2818688257697235
числился,0.07265846062834327,0.01435023805208592
числится,0.003645035522239,0.0043690229215100004
число,0.9942242460485572,0.11025151567675268
числу,0.47619116691918423,0.26806906605783754
чисто,0.00025277298087,0.009650154025297
чистое,0.229208640407129,0.055510505530886003
чистой,0.46914237075055154,0.5008768454562985
чистым,0.162151589706864,0.0012082754638390002
чрезвычайно,0.00043502645109,0.0026834515109220003
что,0.7690968785556755,0.7157721421097825
что-то,0.21690934799194797,0.12811174671823777
чтоб,0.7158276641477758,0.060758879638199946
чтобы,0.808466894168417,0.589629127848759
чувств,0.6028311746667756,0.504253524785479
чувствах,0.999720889772409,0.9991119648382821
чудо,0.024647526045505,0.002027442934247
чудом,0.001784024257044,0.855275764440782
чужд,0.039444249761179,0.16060362003341302
чужими,0.040746432015211,0.00027068138276600004
чужой,0.38710449656093704,0.23455154686950186
чур,0.4437284837708317,0.0238266860877044
чуть,0.43472547631700387,0.3609311499512012
чуть-чуть,0.000260556140225,0.008981203532614
шагов,0.18979029923993,0.25315089926733425
шагу,0.38895701643148256,0.22511279397728665
шансы,0.8684234333279506,0.37684646932215266
шатко,0.9971420910468012,0.07810886139055101
шел,0.005280361567083,0.00023613550680700001
шиворот-навыворот,1.592904775099478e-05,2.0473948042728046e-07
широкую,0.505945930818502,3.266937543313e-07
шквал,0.2582711855721975,0.132218947830759
шквалом,0.00603631416174,0.26431701920009704
шкуру,0.15951627301763532,0.1652859828071927
шли,0.065974314610434,0.20148950070758234
шло,0.999761042494754,0.1574640785604375
шоколаде,0.2694801272507485,0.000236897047167
штык,0.0029471203127990706,0.014283064605741335
шутка,0.026171480619637748,0.34659553187557074
шутки,0.9995731783564781,0.020151369502059
шутку,0.66199721753244,0.2535406577747899
эдак,0.545973915484389,0.236096879439763
эпоху,0.5649422300064151,0.1967088973510477
эта,0.6174596184165355,0.5164193004715526
эти,0.36868969080434333,0.4594909869733392
это,0.5800131011300155,0.59259981905788
этой,0.060759111039955,0.45714732486308907
этот,0.3141860768261374,0.666637972496468
эх,0.329163569807152,0.16975005957769365
юге,0.185427730654866,0.239920908199335
я,0.8923443438158843,0.5783673748502437
язык,0.9340670445589657,0.49752219135625936
яйца,0.9987979097403692,0.002200914816736
ясен,0.6284796911533421,0.4084914156680224
ясное,0.05480506863006275,0.011350889736311688
ящик,0.999301750254123,0.10204743172040658
