form,mean_in,count_in,mean_out,count_out,diff
а,0.7850917016881626,337,0.5508112380326303,14,0.23428046365553223
абсолютно,0.0733722908745274,5,0.07701377222479272,18,-0.0036414813502653187
абсолютного,0.15717483056171752,2,0.045778807706873405,6,0.11139602285484412
абсолютной,0.047889231469758,1,0.2031629158332617,12,-0.1552736843635037
абсолютный,0.525312245018243,1,0.07053319514428896,16,0.45477904987395407
абсолютным,0.021306997851563002,1,0.07793165434981952,6,-0.05662465649825652
абсурда,0.83703732498434,1,0.05959139040020527,13,0.7774459345841348
абы,0.05224337791001928,5,0.05552249856369704,16,-0.0032791206536777542
авангарде,0.25530311645109266,3,0.0011637532815543846,7,0.2541393631695383
авансом,0.0001699739934586955,5,0.00187729894139212,9,-0.0017073249479334245
авось,0.012888580041471608,8,0.03243032703731325,24,-0.019541746995841644
автомате,0.0025491851215152326,3,0.021454080103396365,7,-0.01890489498188113
автопилоте,0.00022106047974104182,3,8.464544031930333e-05,1,0.00013641503942173847
адрес,0.4593968125735352,5,0.15328724810787656,24,0.3061095644656586
адресу,0.7464672087753713,3,0.4057543489271758,12,0.3407128598481955
адская,0.296609842949808,1,0.05282256718856389,18,0.24378727576124415
адски,2.0814218463163854e-05,5,0.0005937123463096353,17,-0.0005728981278464714
адский,0.10933218463203002,3,0.006989672731180259,13,0.10234251190084977
адской,0.033908313780707,1,0.02015259549013158,10,0.013755718290575421
ажуре,0.0122223746809565,4,0.04224866274860692,19,-0.030026288067650418
аза,3.3457168039007806e-07,3,0.023532736000605497,15,-0.023532401428925105
ай,0.9829153937272053,6,0.20763753231360332,35,0.775277861413602
аккурат,0.06011616749209653,6,0.006678677104960605,20,0.053437490387135925
алфавиту,0.04692349379008767,3,0.1924348196352533,5,-0.14551132584516563
ан,0.274910448874207,5,0.2255056432183485,12,0.0494048056558585
апельсинах,0.1288552279258505,2,0.02223396438469867,6,0.10662126354115183
априори,3.212252538625684e-06,5,5.615189854627796e-06,8,-2.4029373160021122e-06
арсенал,0.1116310344265425,4,0.03975485775201409,15,0.07187617667452842
арсенале,0.038328656731178,1,0.025810557219356378,6,0.012518099511821625
африке,0.8230318803642624,5,0.1283033500691547,20,0.6947285302951077
ах,0.2168538375767201,20,0.11726303757365368,28,0.09959080000306643
б,0.12674879537264136,6,0.1338939394857137,10,-0.007145144113072349
бабушке,0.08779631280986933,3,0.06024890061291388,24,0.027547412196955445
базаре,0.023086093040171403,5,0.020286630809778553,16,0.0027994622303928497
балды,0.00014119520152001304,5,0.0031158366509156012,24,-0.002974641449395588
баран,0.002465782290972,1,0.025031848651732466,18,-0.022566066360760466
баранов,0.4705399826107886,5,0.047609203531040555,13,0.4229307790797481
барского,0.5752017077742146,5,0.031346520245789516,8,0.5438551875284251
батарея,0.06889579475118575,4,0.05055956237690629,21,0.018336232374279456
батареями,0.0007195365810460001,1,0.28300706493705263,5,-0.2822875283560066
бдительным,0.7572400957303577,5,0.022783250866271542,14,0.7344568448640861
бе,0.9570187123286441,5,0.09626124780667894,9,0.8607574645219651
бегах,0.19312592133352702,2,0.00821610156286935,4,0.18490981977065768
бегу,0.1243101116188404,5,0.06852523916623095,27,0.05578487245260945
беда,0.07333383008328499,6,0.14354413609522473,35,-0.07021030601193974
бедных,0.05338526335546641,5,0.13519602767312303,13,-0.08181076431765662
беду,0.354592025617897,3,0.1511608022282326,18,0.20343122338966438
без,0.8815073936128734,324,0.5730626043016183,16,0.3084447893112552
безгранично,3.418515438011133e-06,1,0.013179788203225398,17,-0.013176369687787386
безграничный,0.022411571102837,1,0.03279103107276133,8,-0.010379459969924329
бездна,0.00024796005449637066,5,0.053254880729500804,18,-0.05300692067500443
безмерно,0.024875693743711003,1,0.00990073200326247,11,0.014974961740448533
безмерное,0.00020858743346700002,1,0.0033189080119952288,10,-0.0031103205785282285
безо,0.24653077809196802,5,0.1974521170491977,14,0.04907866104277031
безобразия,0.015901569550517185,5,0.0025160257578540762,14,0.013385543792663109
безудержное,0.019920694023391,1,0.07047119717701696,14,-0.050550503153625956
бела,0.9848791809595745,5,0.6580267280873365,12,0.32685245287223796
белы,0.1604538635944827,3,0.2693174218591541,12,-0.1088635582646714
белый,0.6848580215644956,6,0.33071863655710215,15,0.35413938500739345
бельмеса,0.0005718276135632278,5,0.00027963776146020945,12,0.00029218985210301834
берегу,0.0040344831796256,5,0.24474817650182393,13,-0.24071369332219833
берет,0.45766622421728237,3,0.25197337159980926,12,0.2056928526174731
берите,0.33284072499050205,2,0.0273392466401346,29,0.30550147835036745
берущие,0.762770115409363,1,0.1654685556222,4,0.597301559787163
берущий,0.198581479562555,1,0.08276188501159797,9,0.11581959455095704
бесконечно,0.0012409467180480001,2,0.13884001365581233,16,-0.13759906693776433
бесконечное,0.944991892899646,1,0.09802010765975587,13,0.8469717852398901
беспорядке,0.18446108578014372,3,0.016395992232958,3,0.1680650935471857
беспредельно,6.604661207120112e-06,1,0.0005458534697636041,18,-0.000539248808556484
беспредельные,2.199445848077349e-05,1,0.0011944423538597765,14,-0.001172447895379003
бесятся,0.19135962378280502,1,0.0008151386133175426,27,0.19054448516948747
бешенные,0.012332602961833,1,0.001479022232632397,10,0.010853580729200603
бешусь,0.021040811256594003,1,0.0019162788029729479,20,0.019124532453621054
библии,0.001057426706577,1,0.1985118766306932,16,-0.1974544499241162
битком,0.952163164356933,3,0.3291374348804427,16,0.6230257294764903
битый,0.12870299524111015,5,0.00346847778878297,9,0.12523451745232717
бишь,0.10991137929902202,5,0.0055029868588584215,9,0.1044083924401636
благим,0.20347490384302802,3,0.0002520001301414293,2,0.2032229037128866
благо,0.5761378937567586,15,0.013208080528914624,16,0.562929813227844
благоволите,2.753435204201951e-06,3,0.0014264735694147562,16,-0.0014237201342105542
благодарим,0.0018199560999190001,1,0.2580911427382069,23,-0.2562711866382879
благодарю,0.7861329387466963,4,0.2208226122792553,32,0.5653103264674411
благодаря,0.9158954583637566,15,0.22681395929904163,5,0.6890814990647149
блаженном,0.309061404490301,3,0.04370453741631335,8,0.26535686707398765
блеске,0.3413317485791767,3,0.04936315997646333,8,0.29196858860271335
близка,0.574079816197509,3,0.2649459075631196,17,0.30913390863438944
близки,0.8707539943101286,2,0.29210506469859177,14,0.5786489296115368
близко,0.7440002939585968,3,0.28402003543454596,15,0.45998025852405083
близок,0.7714718947248617,5,0.15288282524681227,16,0.6185890694780494
бог,0.4296982384007633,71,0.29694925004253775,24,0.13274898835822557
бога,0.39494697780960675,10,0.2932900727281836,14,0.10165690508142317
богом,0.5176022812712451,3,0.15681961003693096,14,0.3607826712343141
боем,0.23069233781745835,3,0.3686839670652048,18,-0.13799162924774644
боже,0.3378626246484148,5,0.4334051417621521,30,-0.09554251711373729
божеский,0.14215103912918567,3,0.1045536673446223,11,0.03759737178456336
божий,0.8553353424887739,3,0.131049574407082,12,0.7242857680816919
божьей,0.6943097706866723,3,0.10422907341486702,5,0.5900806972718053
боится,0.9817112523780216,2,0.14646506525402575,23,0.8352461871239958
бок,0.9943301921973328,15,0.4584268906909977,14,0.535903301506335
бокам,0.633532861315303,3,0.2941999307816943,10,0.33933293053360863
боки,0.43218578597253976,4,0.00024176168957507874,5,0.4319440242829647
боком,0.2686294641796415,6,0.1286057309278521,17,0.1400237332517894
боку,0.940908087873432,5,0.0388858817225974,14,0.9020222061508346
более,0.8997422489950048,30,0.4944590980268094,13,0.4052831509681954
болеем,0.007493134401986,1,0.06254890122821817,23,-0.05505576682623217
болеет,0.12433096202578701,2,0.010169578747322302,18,0.11416138327846471
болеешь,0.24906794715871203,1,0.01696134868044547,37,0.23210659847826656
болел,0.43313493009042103,1,0.22639806980786098,20,0.20673686028256005
болела,0.010919758803680001,1,0.17341831395840132,24,-0.1624985551547213
болею,0.637917240619273,1,0.003395528444002825,32,0.6345217121752702
болеющий,0.024637604569213004,1,0.00036880100128,1,0.024268803567933005
боли,0.7053047191295858,5,0.24678823264070368,16,0.4585164864888821
болит,0.7388684536138025,7,0.308726290898362,32,0.4301421627154405
больно,0.02426510581250084,9,0.22351101930536885,22,-0.19924591349286802
больше,0.4551858069147207,28,0.6115274809240017,19,-0.15634167400928095
большей,0.9942641151123667,5,0.6520421834494722,6,0.3422219316628945
большие,0.9397101808954877,5,0.1170009341589324,13,0.8227092467365553
большим,0.942184348269049,3,0.40072566723314734,9,0.5414586810359017
большинстве,0.9073851742502265,8,0.33002264430359135,3,0.5773625299466352
большого,0.833935859613154,3,0.3338357741564859,12,0.5001000854566681
большое,0.621011755827613,3,0.3090777131818283,13,0.3119340426457847
большой,0.9160414218168326,5,0.07223982778004513,8,0.8438015940367875
большому,0.9992928740234571,1,0.30474481727655484,7,0.6945480567469022
борт,0.8498172629447891,2,0.22800019926701673,13,0.6218170636777723
бортом,0.920669863936696,1,0.2753329658458998,4,0.6453368980907963
бору,0.9499131005375544,3,0.23550355504706288,9,0.7144095454904915
боюсь,0.21797601275333633,6,0.12865118960956465,43,0.08932482314377169
боя,0.3245523544730566,5,0.3248155472149527,12,-0.0002631927418961233
боялась,0.364146091037438,1,0.11414875058608813,24,0.24999734045134986
боялись,0.9874547716283921,1,0.16643066229029135,19,0.8210241093381008
боялся,0.52732222719384,1,0.09053804696105401,23,0.43678418023278603
боятся,0.9904589636244331,1,0.1323331479502589,23,0.8581258156741742
брал,0.03069257721975367,3,0.06411936673293786,22,-0.03342678951318419
брат,0.8618917490458271,1,0.3084349881831066,19,0.5534567608627206
брать,0.9605001118992735,2,0.40356031514921625,16,0.5569397967500573
браться,0.0103139021921715,2,0.25565455010441995,18,-0.24534064791224847
бросив,0.0029728988620500003,1,0.4070702967857206,7,-0.4040973979236706
бросил,0.45220873413192453,2,0.2201695243769804,15,0.23203920975494413
бросила,0.23240408677256852,2,0.13868560028722693,20,0.09371848648534159
бросилась,0.663044170175578,2,0.15453708741477476,23,0.5085070827608033
бросились,0.8795709461518271,1,0.0953432845427491,15,0.784227661609078
бросило,0.7828877991489831,1,0.1172016679902253,4,0.6656861311587579
бросился,0.4232764097031187,3,0.04504926185056108,23,0.3782271478525576
брось,0.238410937806341,2,0.10252389301309116,39,0.13588704479324987
бросьте,0.004192566253269,3,0.01450425525339358,35,-0.01031168900012458
будем,0.5109038819121485,6,0.3988933761637804,21,0.11201050574836813
будет,0.48413499952416306,30,0.460951272510929,25,0.023183727013234068
будешь,0.5212083293149475,4,0.3514114482652899,33,0.16979688104965762
будто,0.30183913945273555,35,0.026526335442928803,11,0.27531280400980673
буду,0.7690062376535368,4,0.32326002024514533,27,0.4457462174083915
будучи,0.8557342001868576,5,0.6105875637759071,6,0.24514663641095058
будущем,0.7782118708876467,5,0.4368609385270362,9,0.3413509323606104
будь,0.8901320284718399,65,0.5927167757073405,14,0.2974152527644994
будьте,0.9390203138321872,7,0.5304941640541738,24,0.4085261497780134
буква,0.843230289619702,3,0.44133589444505467,19,0.40189439517464737
букву,0.9758209387402802,3,0.45877076290000657,17,0.5170501758402737
буквы,0.9939337793174806,5,0.20862911961225875,15,0.7853046597052219
букет,0.20403898385391628,4,0.2430533129828523,13,-0.039014329128936015
букете,5.59697986882694e-06,1,0.009779430015707084,10,-0.009773833035838257
бум-бум,0.0006969436355717528,7,0.00041941913391152155,27,0.0002775245016602312
бурлит,0.003797622902138093,2,0.011794445563209398,17,-0.007996822661071306
бухты-барахты,7.462788493925906e-06,4,1.1183745546727078e-05,15,-3.720957052801172e-06
бы,0.8385416998222821,410,0.7338827686352655,16,0.10465893118701664
бывает,0.9734856619647181,5,0.3812886901055098,20,0.5921969718592083
бывало,0.9912493282010463,10,0.043724435352210295,22,0.947524892848836
был,0.8733511099175257,6,0.7388817225575405,14,0.13446938735998526
была,0.5930282059712767,3,0.5204747181994719,18,0.07255348777180481
были,0.793085118432272,1,0.5195843226743772,13,0.2735007957578949
было,0.8849596325827681,49,0.6427363836542848,17,0.24222324892848335
быстро,0.22537136055996781,5,0.22933626769670473,19,-0.003964907136736917
быть,0.9159710830078938,46,0.7289241407209931,12,0.18704694228690066
бьюсь,0.9513236792417026,5,0.2301954611429261,16,0.7211282180987765
в,0.949619428098895,1950,0.7947853548348733,19,0.15483407326402165
вагон,0.3373718275461311,6,0.13306913372544643,18,0.20430269382068467
вагоном,0.00014063046397000002,1,0.15141433110032432,15,-0.1512737006363543
важности,0.28396008111270005,3,0.5549775844260662,12,-0.2710175033133661
валится,0.111059693041423,1,0.15200939882246353,15,-0.04094970578104053
валко,0.9986291541093688,5,0.09647572118931878,6,0.90215343292005
валялся,0.994332284118402,3,0.05358965021967343,18,0.9407426338987286
вам,0.23497628550936056,9,0.22879777084572583,24,0.006178514663634727
вариант,0.3822170557937094,5,0.26843493449771183,10,0.11378212129599757
варила,0.005822469440588333,3,0.08517651679334012,14,-0.07935404735275178
варимся,0.675844014609028,3,0.09946296176887005,8,0.576381052840158
варит,0.022297999183695003,2,0.051459767010239965,27,-0.029161767826544963
варятся,0.28373080415663304,1,0.06055921139682026,13,0.2231715927598128
ваше,0.22392868464104243,5,0.23759738056653984,23,-0.01366869592549741
вверх,0.9109329518471896,11,0.3179527108379125,13,0.592980241009277
ввиду,0.4780390296805451,10,0.4024813740797932,6,0.07555765560075195
вдвоем,0.014715498724955752,4,0.033570581734572474,22,-0.018855083009616722
вдвойне,0.0621075165635156,4,0.021092239145020914,18,0.041015277418494686
вдобавок,0.062164432571804006,2,0.0009518139800424865,8,0.06121261859176152
вдогонку,0.0012998336551156668,3,0.04685798377349775,27,-0.04555815011838209
вдоль,0.5049560657945237,10,0.205149112248689,6,0.29980695354583464
вдруг,0.3214100299244533,28,0.07472606080108211,24,0.24668396912337115
ведем,0.03778559332267,1,0.09205649338056145,11,-0.054270900057891446
ведет,0.209062007237996,4,0.11681393036726388,17,0.09224807687073212
ведете,0.096732480656381,1,0.2966271910883448,26,-0.19989471043196377
ведешь,0.023882951255357002,1,0.2885413072013342,29,-0.2646583559459772
ведома,0.1812082632239534,8,0.034647671835533876,5,0.1465605913884195
ведут,0.8568414079139157,6,0.3640033622595146,15,0.49283804565440115
ведь,0.530636155634617,8,0.10032287560678103,25,0.4303132800278359
везет,0.22780776791400723,5,0.1463912344479878,32,0.08141653346601943
век,0.0024535727709925526,5,0.518655172415241,16,-0.5162015996442484
века,0.29729655617666967,8,0.7114783653196084,13,-0.41418180914293873
веками,6.32899588362709e-05,2,0.27250947431453953,9,-0.2724461843557033
веки,0.9901205572764343,15,0.45423587699964385,17,0.5358846802767905
веков,0.8462326556960267,13,0.3774203592686847,11,0.46881229642734196
вел,0.072225622024074,3,0.13933074064734824,16,-0.06710511862327424
вела,0.5978705592740456,3,0.2276277737859671,14,0.37024278548807854
велел,0.5106362343580536,5,0.13817837768089217,21,0.37245785667716147
велели,0.05490244804929234,3,0.031873614468015024,31,0.023028833581277317
великое,0.5618137687011281,5,0.06926662204411199,23,0.4925471466570161
величиной,0.08570915741566301,2,0.029775492301564187,11,0.05593366511409882
верится,0.6865876594541634,3,0.3242536037784426,26,0.36233405567572086
вернее,0.06823168023272434,3,0.0046038628370682596,16,0.06362781739565608
верно,0.08311417953510734,9,0.2868820113459464,17,-0.20376783181083902
верной,0.7224075616422231,3,0.02545360101396854,11,0.6969539606282545
вероятно,0.03909982302611267,3,0.06598811743174324,7,-0.026888294405630564
вероятности,0.18933655779612002,2,0.07474306736241917,10,0.11459349043370085
версту,0.290477237421124,4,0.000342366814464478,6,0.29013487060665955
верти,0.014949898303866208,3,0.0037206327339728467,20,0.01122926556989336
вертит,0.10836772793151202,2,0.06046449413049282,11,0.0479032338010192
вертят,0.257972340233255,1,0.045374877400528896,11,0.2125974628327261
верх,0.7639072525695899,5,0.37508207116617415,8,0.38882518140341576
верхам,0.010772464405203333,3,0.004040184287679625,5,0.006732280117523708
вес,0.5629278054330489,11,0.34702746956267827,19,0.2159003358703706
весом,0.8847599978727356,4,0.25197173617884905,7,0.6327882616938866
вести,0.9636940984737256,2,0.48241129061489735,8,0.4812828078588282
весть,0.1455758126392602,5,0.24201131455387603,17,-0.09643550191461583
весу,0.21072682236400933,3,0.2862832167102923,11,-0.07555639434628295
весь,0.8048019607046356,33,0.3779515194758731,18,0.42685044122876253
ветерком,0.24661054649562933,3,0.12158472178495917,11,0.12502582471067014
ветрил,0.009930491942848,3,0.004522754918393256,9,0.005407737024454745
ветром,0.9320671775509918,6,0.20763513451335913,14,0.7244320430376326
вечер,0.022099267887633,1,0.20064384521448556,17,-0.17854457732685255
вечера,0.6600148024797968,4,0.34293898552495505,13,0.31707581695484177
вечно,0.282009847499291,6,0.14796276831929386,20,0.13404707917999711
вечность,0.8989403595618063,3,0.11174927845944387,15,0.7871910811023625
вечные,0.8917129879884749,5,0.026150788137096575,16,0.8655621998513783
вещей,0.6257878402467407,8,0.3340465466672497,16,0.291741293579491
вещь,0.011711729520577668,3,0.20865369366017203,22,-0.19694196413959436
взад,0.9983460691435241,3,0.822794963686014,17,0.17555110545751007
взводе,0.25654206115250416,3,0.04384861627281943,22,0.21269344487968472
взгляд,0.9701693959000044,14,0.058730056089141,4,0.9114393398108633
взгляда,0.775802407886661,3,0.34679179367977275,15,0.42901061420688824
взглянешь,0.33154180555353063,5,0.02732653289582887,16,0.30421527265770176
вздумай,0.13210141586904134,3,0.10619382717896939,37,0.025907588690071953
вздумайте,0.060898840817239,1,0.03823146420736862,29,0.02266737660987038
взял,0.5016420076418814,9,0.1658820399472429,19,0.33575996769463845
взяла,0.7671535144135575,2,0.2591058927514846,19,0.5080476216620728
взялась,0.119291360490963,1,0.2224441161681292,24,-0.1031527556771662
взяли,0.5859135277678194,4,0.2950765125198982,15,0.29083701524792116
взялись,0.09034442856422101,1,0.291325210865415,20,-0.200980782301194
взяло,0.280106523782075,1,0.05503029835074329,18,0.2250762254313317
взялся,0.6610117760890656,5,0.2548865366599444,22,0.4061252394291212
взята,0.39783560109387606,1,0.12509356419691733,8,0.27274203689695875
взять,0.9083093670311883,19,0.20403869827432672,19,0.7042706687568615
взяться,0.9754660643048477,3,0.510356661930964,17,0.46510940237388376
вид,0.7518063337566228,31,0.5139105161606446,17,0.2378958175959781
видавший,0.9729156667222973,5,0.010382790388345414,3,0.9625328763339519
видано,0.40501385432326986,5,0.14046044665857124,26,0.2645534076646986
видел,0.3525646488829744,3,0.2603584685334175,13,0.09220618034955691
видели,0.5999244104833765,5,0.23817633560872883,21,0.36174807487464766
видимо,0.09317099207836352,2,0.10091280858958766,15,-0.007741816511224145
видимо-невидимо,1.021091116861026e-06,5,1.1924394593717675e-07,19,9.018471709238492e-07
видимости,0.3396092227850363,3,0.5772698448375491,8,-0.23766062205251276
видит,0.6474066054256435,8,0.2534558327783116,12,0.39395077264733197
видите,0.42132481732596316,8,0.23056046617367573,32,0.19076435115228743
видишь,0.236438579838678,9,0.06091334200961337,24,0.17552523782906462
виднее,0.400260203558532,5,0.2273917607204145,30,0.17286844283811748
видно,0.7147231707666162,7,0.29777105186363445,17,0.4169521189029817
видом,0.6556124385847727,18,0.48932074301100054,6,0.16629169557377216
виду,0.701039456987791,24,0.7958564081238958,10,-0.09481695113610478
виды,0.8180879818511032,7,0.5310461989324594,10,0.2870417829186438
видывал,0.9886644513734131,1,0.3160381845135091,20,0.6726262668599039
видят,0.5178429417309931,2,0.2612964573517836,19,0.2565464843792095
вижу,0.737154037068908,1,0.37997818680853684,25,0.3571758502603712
вине,0.664047736415052,6,0.062057895195775176,11,0.6019898412192768
виноват,0.6276319151386445,8,0.35461722041331356,22,0.2730146947253309
виновата,0.9733952533373775,2,0.27962870608575147,24,0.6937665472516261
виноваты,0.9946717538269311,1,0.3787982390314391,23,0.6158735147954919
виной,0.9537265376629124,3,0.29521939080327003,17,0.6585071468596424
висел,0.047334369088454,2,0.14753263434269442,24,-0.10019826525424042
висела,0.3424208355483105,2,0.059016402389023795,14,0.2834044331592867
висели,0.387201018697978,1,0.05940972647573623,14,0.3277912922222418
висело,0.036175777953938004,1,0.10142752485872908,15,-0.06525174690479107
висит,0.6982411697063861,2,0.1440820084864268,17,0.5541591612199592
вишь,0.0003668294451776925,2,0.00409618404857769,23,-0.0037293546033999973
включает,0.9728762312830246,2,0.2366048049081166,7,0.736271426374908
включал,0.49870927217407907,2,0.1998661862856078,10,0.2988430858884713
включающий,0.35798680343417005,1,0.067470494636967,1,0.290516308797203
включая,0.7532148788007796,5,0.2587984465610626,4,0.49441643223971704
включительно,0.0446975403770784,5,0.014472906945575334,3,0.030224633431503063
вкупе,0.105801530983391,5,0.00026021270788200004,1,0.105541318275509
вкус,0.8183122479553872,5,0.3554423072627548,12,0.4628699406926324
вкусом,0.5608113391125775,4,0.22754891758695303,5,0.33326242152562446
вкусу,0.22695685985298064,8,0.707208909701671,1,-0.4802520498486904
власти,0.6098638664978933,8,0.4246657226911042,19,0.18519814380678906
влезет,0.37387151374747624,5,0.05361495687997694,17,0.3202565568674993
влитой,0.009152586750204,2,0.005380661967611999,15,0.003771924782592001
вместе,0.8715913914592163,10,0.15338763239624756,13,0.7182037590629687
вместо,0.6845142786603166,10,0.2731738905996443,10,0.41134038806067225
вне,0.7129139784772517,34,0.3456676068910303,12,0.36724637158622137
внезапно,0.061556793003173,1,0.06348878592883093,16,-0.0019319929256579327
вниз,0.8156997722858577,13,0.41383717020882094,20,0.4018626020770367
внимания,0.7988023573090397,10,0.6781422818789924,8,0.12066007543004731
внутри,0.4469081726821741,5,0.1197293983879314,6,0.3271787742942427
внутрь,0.5861830867495614,3,0.4077151920018407,10,0.17846789474772073
во,0.9488474324708017,184,0.7618943029238877,16,0.186953129546914
вовек,0.014965233115625818,5,0.004940943064042394,7,0.010024290051583423
вовремя,0.12408241418895528,7,0.22049909929273595,18,-0.09641668510378067
вовсе,0.15776451437977518,5,0.0940295602946,4,0.06373495408517518
вода,0.9983035917570277,5,0.39647681881195235,12,0.6018267729450753
воды,0.9976334098314658,3,0.5509851916859723,14,0.4466482181454935
воз,0.013195285431635444,3,0.07781357262914561,15,-0.06461828719751017
воздух,0.2636391067527175,4,0.49036316334059266,13,-0.22672405658787514
воздухе,0.006019302307406001,3,0.538567250938385,16,-0.532547948630979
возможности,0.9862684947720544,4,0.26224899215181546,7,0.724019502620239
возражает,0.11265830819029701,1,0.022686782840286978,17,0.08997152535001003
возражаете,0.32568069416570156,2,0.284517375624997,31,0.04116331854070454
возражаешь,0.028175217571904002,2,0.3102634760112861,34,-0.2820882584393821
возрасте,0.4796327863913314,5,0.021358609376611,2,0.4582741770147204
возьмем,0.034005745538580004,1,0.07274819039267291,28,-0.03874244485409291
возьмет,0.6118374258873556,2,0.0941302154847764,29,0.5177072104025792
возьмется,0.560539902595661,1,0.021695306132943307,10,0.5388445964627177
возьмешь,0.7316074131930611,5,0.0712155276696911,33,0.66039188552337
возьми,0.6202429745672686,9,0.2183179680973013,39,0.4019250064699673
возьмись,0.9929852005960638,4,0.010626908425727001,2,0.9823582921703368
возьмите,0.0815479534740155,2,0.11096474234426165,27,-0.029416788870246152
возьму,0.041507329932506005,1,0.2362176098174335,40,-0.1947102798849275
возьмут,0.001429094837408,1,0.1710733491539673,19,-0.1696442543165593
вокруг,0.9972566163199864,3,0.41334479153800285,16,0.5839118247819836
воле,0.735880637591225,6,0.1390786237934541,13,0.596802013797771
волей,0.169926662581071,1,0.3515461150777863,8,-0.18161945249671532
волей-неволей,5.706041339038568e-06,2,3.5936429970993576e-06,6,2.1123983419392106e-06
волен,0.0006115445220795001,2,0.1294320928094824,19,-0.1288205482874029
волна,0.9260824916287521,1,0.4611011650630139,17,0.4649813265657382
волне,0.52709800152566,5,0.16331587781907544,7,0.3637821237065846
волну,0.9969959251868711,2,0.07192369126675166,17,0.9250722339201194
волны,0.887343846627301,1,0.12808363660881225,9,0.7592602100184888
волоске,0.451539951829969,3,0.25448904524425564,23,0.19705090658571334
волосы,0.987534100393292,3,0.23668652320348332,14,0.7508475771898087
вольные,0.7494285242356308,3,0.022694900224802205,11,0.7267336240108285
вольных,0.9202574949036134,3,0.015584483648219202,5,0.9046730112553942
волю,0.2958084968198083,3,0.19100267852869351,14,0.1048058182911148
воля,0.9931325505675768,5,0.17732265532289007,14,0.8158098952446867
вон,0.8233396010860851,11,0.1402971584177584,25,0.6830424426683267
вообще,0.4211015974076077,12,0.15551737568453847,26,0.2655842217230693
вопреки,0.5694960878943224,5,0.44913156615955396,11,0.12036452173476841
вопрос,0.37820717695403167,14,0.5527525086535792,16,-0.1745453316995475
вопросам,0.30439871088859666,5,0.3513057839577441,11,-0.04690707306914743
вопросов,0.45913572081561554,2,0.2349627767157455,9,0.22417294409987004
вопросом,0.9773955572599444,3,0.4784601375409712,9,0.4989354197189732
ворота,0.8538079401770943,4,0.19994585154444225,10,0.653862088632652
воротил,0.29406876332660203,1,0.0008205602535786162,4,0.2932482030730234
воротили,0.7768354162273,1,0.11509489196152003,10,0.66174052426578
воротит,0.226701082858857,2,0.07583255608680034,25,0.15086852677205667
воротить,0.5421776449927848,3,0.08243576595032603,22,0.4597418790424587
воротишь,0.012989954663743001,1,0.08986446049539021,29,-0.0768745058316472
ворох,0.1499080316032415,6,0.058119849159037854,8,0.09178818244420366
вороха,4.363258511416498e-06,1,0.002115904559217769,8,-0.0021115413007063524
воспрещается,0.00301532435881,1,0.0002894865769924336,12,0.0027258377818175665
востоке,0.2544653390287505,2,0.6493188364381914,7,-0.3948534974094409
вот,0.6717655259081233,169,0.32359066037029777,29,0.34817486553782556
вот-вот,0.15588560185001948,10,0.0030154594759784505,15,0.15287014237404103
вошедший,0.8812675651938151,1,0.09287828691853672,17,0.7883892782752784
вошли,0.9799787141540751,1,0.33485280153178315,14,0.6451259126222919
впадает,0.29515281180909203,1,0.5237115158188117,14,-0.22855870400971967
впал,0.656865261882948,5,3.5154055631877966e-05,2,0.6568301078273161
впали,0.928340910016459,1,0.006396653255760556,9,0.9219442567606985
вперед,0.5390004974628633,11,0.42631171617998515,11,0.11268878128287813
впечатление,0.987764484788315,3,0.5921540144978548,13,0.39561047029046026
вполне,0.02768099463976525,4,0.16316277720543465,13,-0.1354817825656694
впоследствии,0.186924379089559,5,0.014707359506231203,5,0.1722170195833278
вправду,0.12486946064259802,2,0.08651370526367465,24,0.03835575537892337
вправе,0.11238798561035282,5,0.16712417418605435,9,-0.05473618857570153
впредь,0.1818975433298024,8,0.0051532958158626635,12,0.17674424751393975
впрочем,0.3888080426148778,4,0.10504183764552738,19,0.2837662049693504
впрягаться,0.49827822840684605,2,0.0004405678482796383,12,0.49783766055856643
впрягаются,0.20425140637719003,1,2.0594239086071633e-05,1,0.20423081213810396
впрямь,0.09402231293057935,3,0.019700374007666527,18,0.07432193892291282
впустую,0.029477782210165,2,0.05238174286662667,12,-0.022903960656461667
врагу,0.5476445406619338,3,0.11501851232985334,14,0.43262602833208047
вразрез,0.2194907896972557,3,0.0023194607322549136,3,0.21717132896500077
вращалась,0.08918934840827701,1,0.09567451513009345,15,-0.0064851667218164405
вращался,0.039977684861984004,1,0.05027410808050129,7,-0.010296423218517287
вращаться,0.022919545548782002,1,0.34541207539620683,7,-0.3224925298474248
вращаюсь,0.364585378749236,1,0.06644540796927673,9,0.2981399707799593
вращаясь,3.663735196239353e-06,1,0.00351752720937921,4,-0.0035138634741829705
вред,0.9311941363333487,3,0.3535089739143308,8,0.5776851624190179
вреда,0.329436704689933,2,0.37301679085656403,11,-0.043580086166631005
времен,0.5612978479886527,12,0.31147006354112444,12,0.24982778444752823
времена,0.8218070411453229,18,0.6015767320766213,13,0.22023030906870156
временам,0.005354532980957001,3,0.7862733412811841,1,-0.7809188083002271
временами,0.023263601229854804,5,0.011146280640485692,17,0.012117320589369112
временем,0.9905662530468818,8,0.20004698061302487,7,0.790519272433857
времени,0.9008890202809331,29,0.593240909921288,10,0.3076481103596451
время,0.8987789099897375,104,0.7759872965674747,13,0.12279161342226286
вровень,0.09881554271093088,10,0.0023360946772970526,8,0.09647944803363383
вроде,0.4167798721800946,15,0.1557571664055054,18,0.2610227057745892
все,0.5852391377908779,287,0.422068608084448,16,0.16317052970642987
всегда,0.4875214735289885,11,0.28844483832499984,21,0.19907663520398866
всего,0.8182098577235033,55,0.7300592431960745,15,0.08815061452742878
всего-навсего,0.018258772498941558,5,0.0136391800935799,12,0.004619592405361658
всей,0.8363116672768167,25,0.4344219515010103,8,0.4018897157758064
всем,0.7675355947395575,52,0.4468865151242287,20,0.32064907961532874
всеми,0.88655568861087,14,0.8654236283770118,5,0.021132060233858163
всему,0.8671560269412675,16,0.5735033002377166,11,0.2936527267035509
всеоружии,0.03944897260045334,6,7.296926586871103e-11,1,0.039448972527484076
всех,0.8378154406554666,44,0.37345682105400685,15,0.4643586196014598
вслед,0.654016386056164,3,0.5562599849149671,28,0.09775640114119688
вследствие,0.22088574834638688,14,0.541579308138172,2,-0.32069355979178515
всплеснул,0.253951206578412,2,0.14174323375934364,30,0.11220797281906839
всплеснула,0.4677769132030626,2,0.3199062229937209,25,0.14787069020934168
всплеснуть,0.681917980133197,1,5.711559263841407e-05,2,0.6818608645405586
встал,0.33488086691426905,1,0.26017389040361677,23,0.07470697651065228
встанешь,0.0019060568492640002,1,0.11944221763797135,21,-0.11753616078870735
встань,0.024267113370695502,2,0.007299208667658406,27,0.016967904703037096
встаньте,0.019761958487114,1,0.038709986111033115,31,-0.018948027623919114
встать,0.21627871594913203,3,0.15392244800358487,24,0.06235626794554716
всю,0.9100137627773146,27,0.6176606572476503,15,0.2923531055296643
вся,0.4731952510528541,12,0.5631411837460301,18,-0.08994593269317597
всякие,0.27769907448964903,1,0.10298349692248204,24,0.174715577567167
всякий,0.7327585960743279,7,0.4089891007965059,17,0.323769495277822
всякими,0.970290758510943,1,0.02913716679651417,6,0.9411535917144289
всяких,0.7060377165552351,12,0.23983786162133597,10,0.4661998549338991
всякого,0.695985534556442,11,0.012751005875161325,10,0.6832345286812807
всякой,0.982741299942757,1,0.3584401978195547,17,0.6243011021232023
всячески,0.08675357106975001,3,0.0488332633794393,5,0.03792030769031071
втаптывал,0.000258929768279,1,0.000141759430712,1,0.000117170337567
втаптывала,0.042627853574775006,1,6.1771161183958056e-09,1,0.04262784739765889
втаптывать,0.0066068776311050004,1,0.0020673259249400036,2,0.004539551706164997
втоптал,0.00971465907901,1,0.010655827813914732,9,-0.0009411687349047317
вторая,0.9454029889088231,1,0.2093602500356194,20,0.7360427388732037
второго,0.607212624466798,3,0.14085267085279812,10,0.4663599536139999
второй,0.4727482827038904,3,0.3099099717604491,16,0.1628383109434413
вторых,0.9454967356835274,3,0.17669476766334838,13,0.7688019680201791
втройне,1.1005491811358742e-05,1,1.1370678104683314e-05,13,-3.6518629332457165e-07
вчетвером,0.00015748556176000002,1,0.0022612799324346735,16,-0.0021037943706746732
вы,0.0905796833162782,5,0.471706428762173,30,-0.3811267454458948
выбор,0.9278492159453398,4,0.32722584101132013,13,0.6006233749340196
выброс,0.020742119368981002,1,0.09280461322841808,13,-0.07206249385943708
выгодном,0.05185735288947433,3,0.13240194927287355,9,-0.08054459638339923
выдавал,0.52571927473585,1,0.0528274626769874,20,0.4728918120588626
выдавать,0.9112707391098901,1,0.2623457500253192,16,0.648924989084571
выдавая,0.7750543681937011,1,0.0411720359922245,2,0.7338823322014766
выдает,0.012690066841900001,1,0.03685666442044883,12,-0.024166597578548832
выеденного,0.5001085876997574,3,0.05522284185260724,11,0.4448857458471502
вызвала,0.48479368728105005,1,0.4502314645164854,19,0.034562222764564665
вызвали,0.7658389359969371,2,0.24440269638555115,19,0.521436239611386
вызваны,0.059669805086845,1,0.21147640931664083,7,-0.15180660422979583
выкид,1.769069670534153e-06,2,7.234747823075929e-05,1,-7.057840856022514e-05
вылитая,0.0001773807710731542,3,4.3063545368750354e-05,18,0.00013431722570440385
вылитый,0.0001775503570667048,2,0.00043148133801047855,18,-0.0002539309809437738
вынос,0.33930227226430026,4,0.1665434466328131,18,0.17275882563148717
выноси,0.7665282643425484,3,0.15655287530068254,24,0.6099753890418659
выносит,0.02953837025214567,3,0.004126932190037591,14,0.025411438062108077
выносят,0.004079346018617368,2,0.006070746349777159,23,-0.0019914003311597905
вынудил,0.0031959749787840003,1,0.09991157944108227,11,-0.09671560446229827
вынудит,0.066434588757824,1,0.07667193718108267,6,-0.010237348423258671
выпавший,0.20395288978484602,1,0.15745068804381487,6,0.046502201741031146
выпал,0.812890914588254,2,0.23438546338634986,21,0.5785054512019041
выпала,0.24845934217455404,2,0.22906336763495272,19,0.01939597453960132
выпустив,0.20350764652223402,1,0.14300912705936503,5,0.060498519462868994
выпустил,0.9469871271966541,1,0.18570700803803095,13,0.7612801191586231
выпустили,0.42235708731272903,1,0.09300430962436985,15,0.3293527776883592
выпустит,0.411024273902367,1,0.13601730803041256,19,0.27500696587195445
выражению,0.150150912683269,3,0.3457344662358957,3,-0.19558355355262672
выражения,0.013183172080737335,3,0.18467413946500613,10,-0.1714909673842688
вырост,0.0024873288409472194,3,0.0025744275504100862,2,-8.709870946286679e-05
высоко,0.38148718324863506,3,0.29923972490825956,8,0.0822474583403755
высокого,0.32079300915533604,1,0.2922018391654425,8,0.028591169989893528
высокой,0.230984549224927,2,0.41512611205249256,4,-0.18414156282756555
высоте,0.7923814100742996,3,0.4072684799511453,11,0.38511293012315434
высотой,0.9959565056403531,1,0.4145601354815482,12,0.581396370158805
высоту,0.966017709923886,1,0.47444524547537065,12,0.4915724644485154
выставила,0.005674555229857,1,0.030567392500653476,11,-0.024892837270796477
выставлять,0.09037079456886701,1,0.40058097988003977,16,-0.3102101853111727
выставляют,0.0023523016338,1,0.2657104449926336,10,-0.26335814335883356
высшей,0.7776013690753069,5,0.1175223576848415,12,0.6600790113904653
выходе,0.8628697445463016,5,0.654907429729892,2,0.2079623148164096
выходит,1.577408337051168e-05,1,0.24132919240995018,15,-0.24131341832657968
вычесть,0.04431676863142818,5,0.0003335077078160875,11,0.04398326092361209
вычетом,0.001917419144956973,5,7.320465194203238e-05,6,0.0018442144930149406
выше,0.9588727367425129,11,0.4024335783960111,12,0.5564391583465018
выяснилось,0.041617464390729005,5,0.17757696113760682,12,-0.13595949674687782
гаком,0.011424024579896401,5,0.00032886091556000004,1,0.011095163664336402
галереи,4.7405747458541436e-05,1,0.018506016873122935,5,-0.018458611125664395
галерея,0.16967325620165633,3,0.24583135291169497,12,-0.07615809671003865
галопом,0.06979507627640734,3,0.10567482614745097,21,-0.03587974987104363
галочки,0.006149979526225667,3,0.01825779175252206,15,-0.012107812226296394
гарантий,0.21422767559362543,5,0.1825315602873781,18,0.03169611530624733
где,0.7377250536886423,36,0.47123964988073,14,0.26648540380791225
где-то,0.017057335428349606,5,0.022220040660510018,15,-0.0051627052321604125
главе,0.9836791295306135,10,0.0092866186139885,2,0.974392510916625
главный,0.017986886801038503,2,0.3182467076724677,6,-0.3002598208714292
главным,0.9916767743864581,3,0.167637248212434,8,0.8240395261740241
главу,0.8568147592168064,3,0.3232761693217527,12,0.5335385898950538
глаз,0.7588755757435499,25,0.29666278633679094,15,0.462212789406759
глаза,0.7926447941215563,62,0.3091364920426357,25,0.4835083020789206
глазами,0.7047871192251749,5,0.6910574189751939,11,0.013729700249980992
глазах,0.8902106412430472,8,0.0025792574913610002,1,0.8876313837516862
глазки,0.19616788738499702,1,0.17332410498667394,13,0.022843782398323076
глазком,0.7578658215029526,6,0.15548134743730416,14,0.6023844740656484
глазок,0.06363855599958801,2,0.08063511404432469,16,-0.01699655804473668
глазом,0.6476929761304024,3,0.34116950627043635,15,0.3065234698599661
глазу,0.9981205561330485,3,0.50935191544548,4,0.48876864068756853
глотка,0.20656899049113953,4,0.12601542307100938,14,0.08055356742013015
глотку,0.7294738323731398,3,0.2087925470063263,22,0.5206812853668135
глубине,0.7624389522453046,10,0.2999326766504613,9,0.46250627559484325
глубиной,0.5990282841051671,1,0.1376828757882607,6,0.4613454083169064
глубины,0.8995356279646681,11,0.12264544322319641,10,0.7768901847414718
глубокая,0.006002292118997001,1,0.04124839462465197,21,-0.03524610250565497
глубокий,0.0015472490054950002,1,0.17330264204844703,11,-0.17175539304295204
глубокого,0.327387275300251,1,0.30446990459415724,9,0.022917370706093787
глубокой,0.7305331500113116,4,0.4002212626720353,8,0.3303118873392763
гляди,0.9936940658135278,4,0.12517248614614646,32,0.8685215796673813
глядишь,0.4088310397162377,5,0.018609279926630994,19,0.3902217597896067
глядя,0.3395940257293914,3,0.5311091503137451,8,-0.19151512458435366
глядят,0.9997117504873877,6,0.049011941981001415,13,0.9506998085063862
гнула,0.08137214640602901,1,0.05812041144441375,20,0.023251734961615256
гнуть,0.9962112646133631,1,0.09721585107580075,21,0.8989954135375623
говори,0.6195904538511967,18,0.21283741030964262,34,0.40675304354155406
говорил,0.5101634457817434,8,0.1520440019976188,13,0.35811944378412464
говорила,0.24642927422573482,6,0.16172969175400573,20,0.0846995824717291
говорили,0.043469860860550005,2,0.1545560142425998,18,-0.11108615338204979
говорит,0.6327847732419369,5,0.24071179860363903,9,0.39207297463829793
говорите,0.305129088654865,4,0.3307475372689715,30,-0.025618448614106504
говорится,0.542058291956594,2,0.06146545032436921,5,0.4805928416322248
говорить,0.48138579775244483,19,0.36596929549845914,16,0.1154165022539857
говоришь,0.17650614379772353,6,0.24892626697667716,35,-0.07242012317895363
говорю,0.8449233058355059,6,0.15606457149448086,26,0.6888587343410251
говоря,0.903960946090936,63,0.5947243456940468,5,0.30923660039688927
говорят,0.11375548039593984,6,0.3265543396336758,21,-0.21279885923773595
год,0.7753748090908076,4,0.44306476311555015,9,0.33231004597525743
годам,0.6687809613294724,3,0.6658782602024316,15,0.00290270112704083
годами,0.5894003772873221,1,0.2234600429425041,15,0.365940334344818
годах,0.007158584169715453,6,0.014303531340279,2,-0.007144947170563548
годилась,0.053786096976222005,1,0.06696811414228628,19,-0.01318201716606427
годилось,3.8129697218632404e-05,1,0.023262792572256462,13,-0.02322466287503783
годится,0.6677771881228071,6,0.026776845024360077,23,0.641000343098447
году,0.795508205672942,6,0.9465260851824823,10,-0.15101787950954026
годы,0.049470964743755,1,0.6651083615718562,9,-0.6156373968281011
голимая,0.0009317597294843186,2,4.644368450726889e-05,9,0.0008853160449770498
голимый,0.007501449484689472,3,0.00016782876652671644,6,0.007333620718162756
голова,0.6848906694729087,13,0.39055987440808526,17,0.2943307950648234
голове,0.6654348681539164,14,0.47683966648804654,17,0.18859520166586985
головой,0.7756954861134209,18,0.580349789142891,16,0.19534569697052984
голову,0.7997893003270976,42,0.5699601663388629,17,0.22982913398823468
головы,0.4765314063225649,6,0.4066353415465307,14,0.06989606477603422
голодном,0.8972280001529224,3,0.024764986248253545,8,0.8724630139046688
голодный,0.5995222269240984,3,0.04007362256979337,13,0.559448604354305
голое,0.996135603610442,3,0.04835666561638468,12,0.9477789379940573
голой,0.000158094979801,1,0.302094385245738,10,-0.301936290265937
голом,0.35690655515618935,7,0.04881840565436405,10,0.3080881495018253
голос,0.9765012888579829,13,0.39956958428863504,18,0.5769317045693478
голосе,0.000344243526935,2,0.5496241957262985,19,-0.5492799521993635
голубом,0.9875223883717307,3,0.06736267077451563,10,0.920159717597215
голую,0.0034625408676600003,1,0.028711200244721992,10,-0.025248659377061992
голые,0.004111825950953001,2,0.1086083627773841,12,-0.1044965368264311
голыми,0.946963965652422,9,0.16015322432173243,14,0.7868107413306896
гонял,0.9618281181204045,5,0.05758305050001653,15,0.9042450676203879
гора,0.11578308252579352,4,0.23839490780248027,17,-0.12261182527668675
горазд,0.3921295664415286,8,0.04228401096306254,14,0.349845555478466
гораздо,0.3439768246670364,5,0.2511887071059883,18,0.0927881175610481
горами,0.9656173171309685,5,0.2733568242574619,20,0.6922604928735067
горах,0.45292052346736106,5,0.34281165913943634,3,0.11010886432792472
горбом,0.0051745550591973345,3,0.000295889156121366,19,0.004878665903075968
горе,0.9952711209182357,2,0.09497531287662803,18,0.9002958080416077
горем,0.454590145097693,1,0.17346023437470356,11,0.28112991072298943
гори,0.20707752448920744,7,0.1520324615842843,24,0.05504506290492314
горите,0.013738681479904001,1,0.05327636305690023,31,-0.03953768157699623
горле,0.9975556495970376,4,0.4049114368880791,19,0.5926442127089584
горло,0.8708070672324167,14,0.12720090349676375,14,0.743606163735653
город,0.35691562285221434,3,0.333620355192779,11,0.023295267659435348
городом,0.7275379501683267,5,0.18969057505291761,16,0.537847375115409
городу,0.995435005807607,3,0.016326245814694267,5,0.9791087599929128
горох,0.9397179104736404,3,0.3373466932600443,17,0.6023712172135961
горстка,0.008207633093466667,3,0.005301833199878745,13,0.002905799893587922
горстки,0.0005070614250600001,1,0.043910968330459925,5,-0.04340390690539993
горстку,0.068406673617523,1,0.09885791804714426,7,-0.030451244429621258
горячим,0.8468530481003297,3,0.12331921953524219,10,0.7235338285650875
господи,0.005443707182098001,1,0.09711378501302795,32,-0.09167007783092995
господь,0.2187169668683159,7,0.2839560766325346,12,-0.06523910976421868
гости,0.39181977140610535,3,0.15850410883273722,16,0.23331566257336814
гостях,0.5039123048150314,3,0.06881835803633433,15,0.435093946778697
готов,0.1732140092065403,11,0.21112064891902627,26,-0.03790663971248598
готова,0.08105316245685601,1,0.3232989425465181,15,-0.24224578008966208
готовности,0.604210352057111,1,0.3514411117512482,9,0.25276924030586284
готовность,0.185900804742648,3,0.2735526024009344,10,-0.08765179765828637
готовностью,0.20457773551174802,1,0.10084770515467106,15,0.10373003035707695
готово,0.356679037647463,1,0.331577548960116,24,0.025101488687347018
готовы,0.828117524657128,2,0.438395675246202,15,0.38972184941092597
град,0.643462965119898,2,0.27745082684523054,12,0.36601213827466744
градом,0.3457668632038797,3,0.4190513483885381,8,-0.07328448518465835
градусов,0.8745489584367561,1,0.6371102348316184,18,0.23743872360513762
грамм,0.4151780246908007,5,0.3272980767328106,14,0.08787994795799009
грамма,0.013188086953137002,1,0.07911547913418202,13,-0.06592739218104501
грани,0.914429924210515,5,0.135868898795702,3,0.7785610254148131
границах,0.08902047809809581,5,0.13718094112684295,9,-0.048160463028747144
границей,0.24600525285657468,3,0.3657718505651295,2,-0.11976659770855483
границу,0.6519744426145281,3,0.4984982553261368,5,0.1534761872883913
границы,0.46764599407883023,6,0.1940530206431659,9,0.27359297343566436
гранью,0.5162855371178107,3,0.014201358750456482,8,0.5020841783673542
гребете,0.020114396047433,1,0.0038321503459096983,7,0.016282245701523302
гребут,0.570440714693845,2,0.03659530095081303,18,0.5338454137430321
греет,0.520900145751869,1,0.027192555190396882,16,0.4937075905614722
грела,0.177217886760653,1,0.0166076228558972,15,0.1606102639047558
грех,0.3738073070321002,18,0.08545345049759913,23,0.2883538565345011
греха,0.5615622848052129,6,0.18824950371783603,18,0.37331278108737687
грехом,0.21212763154187977,4,0.14291455118385485,9,0.06921308035802493
грешным,0.009175950229408827,3,0.005095980671288964,8,0.004079969558119864
греют,0.022654390844647,1,0.030304552755172083,19,-0.0076501619105250815
гроб,0.6406189202683648,3,0.06960460448917359,16,0.5710143157791912
гробу,0.7367077159010871,5,0.0153487460703495,2,0.7213589698307376
грош,0.7897429469524,6,0.1992297822150608,17,0.5905131647373392
грубо,0.1852693230235934,5,0.04689306245887248,14,0.1383762605647209
груда,0.090465633889363,1,0.14315060743128064,12,-0.05268497354191763
груди,0.6547152955423128,4,0.19644161043391564,13,0.45827368510839717
грудой,0.328464468708349,1,0.0956345240488272,12,0.23282994465952178
груду,0.2825196226270937,3,0.1320804035581782,14,0.15043921906891547
грудь,0.184970065782899,1,0.20857974512698144,16,-0.023609679344082424
груз,0.15811718624329701,3,0.39329980597749825,10,-0.23518261973420124
грузом,0.9983197651611267,3,0.25150708768894264,14,0.7468126774721842
грязи,0.7570313034964794,8,0.21672963771691983,11,0.5403016657795596
грязь,0.7751451052612784,5,0.23573395585600204,13,0.5394111494052765
гугу,0.0017147230198466667,3,0.4227774194338064,2,-0.42106269641395977
гулькин,0.12268694924492377,4,0.0001033094874259304,8,0.12258363975749784
гуся,0.8437390964873035,5,0.0016575391673068814,20,0.8420815573199966
д,0.27543294661982304,1,0.14573066977639712,8,0.12970227684342592
да,0.5723405073034368,131,0.3083719523086911,36,0.2639685549947457
дабы,0.03989498728508051,4,0.14737070402874533,3,-0.10747571674366482
давай,0.29570517864806056,20,0.24412946960349877,39,0.051575709044561796
давался,0.35226131071731503,1,0.04782714904425931,23,0.3044341616730557
даваться,0.37817178457243605,1,0.05397228059422922,14,0.32419950397820685
давил,0.001761210434131,1,0.05336062331629278,17,-0.05159941288216178
давит,0.004520717458291,1,0.008645572895188415,24,-0.004124855436897415
давлением,0.5069601617657935,4,0.26775095556188905,11,0.23920920620390446
давних,0.28559658361421963,5,0.10572454887953923,9,0.17987203473468039
давно,0.35958987143352156,14,0.1695288744295305,13,0.19006099700399107
давным-давно,0.0007691666482431717,5,0.010073063578324678,14,-0.009303896930081507
давят,0.059425125438708,1,0.0015560931562917585,23,0.057869032282416244
дадим,0.4948694031092771,2,0.28702246927469904,29,0.20784693383457803
дадите,0.611397185141732,1,0.04083987719023128,36,0.5705573079515007
дадут,0.3624750549881117,3,0.21894091217973333,22,0.1435341428083784
дается,0.9757209876872691,1,0.14397530077805895,12,0.8317456869092101
даже,0.5802821106066872,19,0.21000682018866565,15,0.37027529041802154
дай,0.8326176061979812,44,0.34201567001186595,35,0.49060193618611525
дайте,0.086748640319473,1,0.14619436511622577,33,-0.059445724796752766
дал,0.6942133033045329,6,0.37912353803818144,5,0.31508976526635146
дала,0.48350226968501336,6,0.28819764847216106,14,0.1953046212128523
далее,0.997665599481488,4,0.20623020494997546,9,0.7914353945315126
далеко,0.7740644601342443,20,0.461757579797469,4,0.31230688033677534
дали,0.594767946254069,5,0.31840008172549517,15,0.27636786452857387
дались,0.014517992783587001,1,0.10145991525731976,22,-0.08694192247373275
далось,0.9962681407653751,1,0.1911642031393636,19,0.8051039376260114
дался,0.039873398964960005,1,0.14102966257865232,24,-0.10115626361369232
дальнейшем,0.029652723768406004,2,0.25714619917157605,7,-0.22749347540317005
дальних,0.0022666748209843337,6,0.08767473993079464,8,-0.0854080651098103
дальше,0.7081489309099553,6,0.27471026979272994,23,0.4334386611172254
дам,0.040816619739511575,7,0.14908165350712985,24,-0.10826503376761827
данный,0.7050577007721006,4,0.24994395333163108,10,0.4551137474404695
даром,0.3945435641939031,8,0.18943956627118141,19,0.20510399792272166
даст,0.6688089097110053,8,0.3288841460122048,15,0.3399247636988005
дать,0.9331074311237475,11,0.43299866186431135,12,0.5001087692594361
дашь,0.02273074109757825,4,0.15918909034656212,32,-0.13645834924898387
даю,0.9750845908778016,10,0.19990888773205737,26,0.7751757031457442
два,0.8071882188198818,16,0.37017203645119323,14,0.43701618236868855
дважды,0.9936733242191726,3,0.32828337382564493,11,0.6653899503935277
две,0.948432207722873,8,0.43000391654134584,12,0.5184282911815271
двери,0.5904465442492954,5,0.3261154322577773,17,0.26433111199151815
дверьми,0.206105565199894,1,0.06063466466438209,12,0.14547090053551193
дверью,0.4450087734699954,5,0.5024850188610172,18,-0.05747624539102175
дверями,0.9658336203432276,2,0.5087762964916673,6,0.4570573238515603
двоих,0.285367643542441,3,0.0580197430875176,20,0.22734790045492337
дворе,0.6789488343614974,5,0.5355977480477699,21,0.1433510863137275
двумя,0.253941436693849,1,0.3695643054376144,8,-0.11562286874376543
двух,0.8444013663699179,5,0.5594547272511137,11,0.28494663911880425
девался,0.0383303410397365,4,0.05989187692307506,28,-0.021561535883338555
девать,0.5699899421117727,5,0.3633471829050159,25,0.2066427592067568
деваться,0.49751362185394554,12,0.16025730460812662,30,0.33725631724581895
девках,0.1862745572025417,3,0.0001575144001420827,5,0.18611704280239963
дежурный,0.828590993701794,1,0.019984714880619592,17,0.8086062788211744
действием,0.300871428177584,4,0.042491911195409786,8,0.2583795169821742
действии,0.22662189364727361,5,0.047570997066486057,5,0.17905089658078754
действительно,0.008597509340349,3,0.05696870304786142,17,-0.04837119370751242
действительности,0.014744204888368667,3,0.1178916322960351,12,-0.10314742740766643
дел,0.6854335966309746,8,0.7739265074728657,9,-0.08849291084189115
дела,0.7685447840850317,10,0.3621170332707727,20,0.40642775081425897
делает,0.5015534446447866,4,0.5961579074903934,12,-0.09460446284560686
делал,0.8033384021026047,3,0.12904680606333555,15,0.6742915960392691
делали,0.9739905213448585,2,0.2039950887875425,16,0.7699954325573161
делать,0.7510382433048067,25,0.3590332784730038,26,0.3920049648318029
делают,0.855820711640751,4,0.3410028803778121,14,0.5148178312629389
делится,0.5204699643869509,10,0.3718886714709735,10,0.14858129291597744
дело,0.6655562135739691,116,0.5238321670258331,20,0.14172404654813597
делом,0.8693011390875797,7,0.6852842999772458,11,0.18401683911033384
делу,0.6898662708140074,8,0.278605243570751,11,0.4112610272432564
денег,0.7077515520842796,2,0.2694406853269697,12,0.43831086675730996
день,0.8587740253834987,32,0.5501270179941101,18,0.30864700738938855
деньги,0.33104972801746835,3,0.3062660055607428,16,0.024783722456725554
держа,0.32133568822127107,3,0.5851155854968154,13,-0.26377989727554435
держал,0.4832064149283165,4,0.3593535544429504,16,0.12385286048536609
держала,0.504854614785858,3,0.2757452330903368,20,0.2291093816955212
держали,0.08103836527146575,4,0.13832352108855744,14,-0.05728515581709169
держался,0.34128752702831905,1,0.12029437039871027,23,0.22099315662960878
держат,0.7340579434541612,8,0.21250256333682907,12,0.5215553801173322
держать,0.72682600495016,8,0.6559427015518033,15,0.07088330339835669
держащиеся,2.5838496523162272e-05,1,0.07861056723247968,7,-0.07858472873595652
держащих,0.550389430458996,1,0.007276978667963334,3,0.5431124517910327
держи,0.3758851423975793,3,0.06686935075635796,35,0.30901579164122134
держит,0.5234239296566434,6,0.27595936837678986,17,0.24746456127985356
держите,0.5235610190680761,3,0.15573631006164498,31,0.36782470900643105
держится,0.6052828289089701,3,0.2360897464484329,16,0.3691930824605372
держу,0.176743549066562,5,0.4163424503290272,23,-0.23959890126246522
дернул,0.35198745679641064,5,0.12261398233936208,22,0.22937347445704856
десяти,0.06093960143853551,4,0.026466205787336137,15,0.034473395651199376
десятка,0.9999647948431502,3,0.17534905655429592,10,0.8246157382888543
десяток,0.7787659550794305,5,0.25573952130189226,13,0.5230264337775382
десятых,0.2797562180445983,3,0.026367224205141163,9,0.2533889938394572
детей,0.7821514768615825,5,0.4113588673382287,10,0.3707926095233538
детство,0.85925095365402,3,0.35454699041719145,22,0.5047039632368286
диагонали,0.2087073977459721,6,0.00027811021632615825,2,0.20842928752964596
диаметре,0.6821223474793765,2,0.5754450757345412,10,0.10667727174483532
диаметром,0.591286589464566,3,0.3800695032144504,6,0.21121708625011565
диво,0.0630356097644905,2,0.02886031561368405,31,0.03417529415080646
диву,0.6803550310378048,3,0.1137509314836334,3,0.5666040995541715
дикая,0.004078805032519,1,0.05372349108014685,12,-0.04964468604762785
дикий,0.016589233014856,1,0.04875558660694457,16,-0.03216635359208857
диким,0.006464741019894001,1,0.19544256837615195,8,-0.18897782735625795
дико,0.039233090386944884,9,0.03910280144519892,15,0.00013028894174596517
диковинку,0.042055300362405006,3,0.051673349115410015,21,-0.00961804875300501
дикое,0.0013962643973580002,1,0.007664324258492665,12,-0.006268059861134665
длинным,0.2514932499956987,3,0.1707648248464867,10,0.08072842514921202
длиной,0.788027001367543,2,0.17101014303596462,8,0.6170168583315784
длину,0.6674630140302458,4,0.4523314073391539,8,0.21513160669109188
для,0.841825555780663,104,0.6988398216647076,18,0.1429857341159554
дневал,0.11141133173143768,3,0.000770607291951,1,0.11064072443948668
дневать,0.004162551269865001,1,0.00013008230871312286,6,0.004032468961151878
дней,0.8043401273019121,1,0.4908325852469943,17,0.31350754205491776
днем,0.8112232037283991,3,0.1744608101539989,18,0.6367623935744002
дни,0.7372319191636582,8,0.39942297001200533,14,0.3378089491516528
дном,0.7167266454176907,3,0.5626108934380372,8,0.15411575197965355
дню,0.660431603219067,3,0.4148571248999199,15,0.24557447831914714
днюют,0.517196556386622,1,3.835419787234665e-05,1,0.5171582021887496
дня,0.9078577310477298,23,0.4792818453454193,16,0.42857588570231053
дням,0.9938687929137489,5,0.19492409632476038,6,0.7989446965889885
днях,0.4051147923086405,8,0.45515340670908655,2,-0.050038614400446046
до,0.9355310665887823,364,0.6514604322623063,18,0.28407063432647595
добавить,0.19643708707769184,5,0.22395648716726066,14,-0.027519400089568824
добавление,0.043480711038382004,3,0.11961270998114942,9,-0.07613199894276743
добираться,0.219075491000735,2,0.19016762308788954,18,0.02890786791284547
добр,0.7802352548435291,1,0.3182921493025794,18,0.4619431055409497
добра,0.9663194923753619,5,0.3798473316411073,25,0.5864721607342546
добрая,0.000262861680586,1,0.10274800693070758,23,-0.10248514525012159
добро,0.0012157902236412002,5,0.17180174112236207,20,-0.17058595089872086
доброго,0.8740612232678547,5,0.20762809541910524,12,0.6664331278487495
доброй,0.4959889736625227,3,0.36897546206276005,6,0.12701351159976265
добру,0.2673791516321617,3,0.309712303959204,17,-0.04233315232704232
добры,0.5605324460654386,2,0.5312143948997883,16,0.02931805116565034
доведена,0.10440097314759401,1,1.784143922989982e-08,1,0.10440095530615479
доведет,0.338585021428336,4,0.2470846632131372,13,0.09150035821519881
довели,0.16222662216705802,1,9.626199069111454e-05,6,0.1621303601763669
доверху,0.039330553045532034,3,0.015806219116788946,9,0.023524333928743087
довершение,0.7187931067884488,5,0.11752658488072254,9,0.6012665219077262
довести,0.6875140210191174,3,0.00030484014541250004,2,0.6872091808737049
доводил,0.29450547408354505,2,0.0001033776096321213,4,0.2944020964739129
доводили,0.034752389653385,1,1.9090708305769592e-05,3,0.03473329894507923
доводить,0.9355776207159381,1,8.137506084610189e-05,3,0.9354962456550919
доводят,0.844195967878512,1,2.6399679563692173e-05,1,0.8441695681989484
довольно,0.18887281509580955,11,0.09035903873115687,14,0.09851377636465268
дождем,0.009285995665707,1,0.3036809278468851,11,-0.2943949321811781
дождемся,0.8004884868032751,1,0.02084891563303856,29,0.7796395711702365
дождется,0.8602721581170001,1,0.00546047535041197,23,0.8548116827665881
дождусь,0.1452342017288,1,0.008836302352836004,27,0.136397899375964
дождь,0.21361451906329068,3,0.4326690634776627,22,-0.21905454441437203
дождя,1.8674894810569944e-05,1,0.32452022101187733,18,-0.3245015461170668
доз,0.0015162267701810002,1,0.0416523356656426,9,-0.040136108895461604
дозу,0.6431552788714341,2,0.255614501952555,13,0.3875407769188791
дозы,0.440883140813615,2,0.045256728939017894,11,0.39562641187459713
доказательство,0.08210004978636501,1,0.41292652659555645,7,-0.3308264768091914
доктор,0.5812054912212002,5,0.17227491810108048,14,0.40893057312011977
долг,0.2823857605632727,3,0.2600589435336371,25,0.02232681702963557
долгий,0.511720573559563,3,0.07523350235732718,18,0.43648707120223584
долго,0.9951765857412568,3,0.3623913501558774,21,0.6327852355853794
долгом,0.0058586589522515,2,0.3548986607912747,6,-0.3490400018390232
долгу,0.44074137545658615,6,0.529713156869228,16,-0.08897178141264189
доле,1.851108004010348e-05,1,0.006519599314705187,4,-0.006501088234665084
должен,0.6353967790746621,4,0.7461455219714576,12,-0.11074874289679548
должно,0.7914425619818519,5,0.6648977161476594,17,0.12654484583419257
доли,0.1870558016447742,6,0.44100767207172803,7,-0.25395187042695383
долой,0.30857031041582267,6,0.21966936657891148,16,0.08890094383691119
долю,0.9430431131390881,2,0.6457145611338835,8,0.2973285520052046
доля,0.965601109310378,3,0.3881434913742213,15,0.5774576179361567
дом,0.15628436189678344,5,0.37239696883077433,15,-0.2161126069339909
дома,0.681189637792449,3,0.25458377093297974,11,0.4266058668594693
домик,0.9967352406153668,3,0.024054250255909126,16,0.9726809903594577
дому,0.7371539950047619,5,0.15676746958246857,21,0.5803865254222933
дополнение,0.944597695309846,5,0.45551173596976874,8,0.4890859593400773
допустил,0.126263884955302,1,0.17009607516528655,19,-0.04383219020998455
дорога,0.9944713106284092,8,0.4493700381897508,15,0.5451012724386584
дороге,0.4673213195220491,3,0.2442004023036179,16,0.2231209172184312
дороги,0.952100158614126,2,0.37250959301873976,10,0.5795905655953862
дорогого,0.506884176488353,3,0.20424392787354878,15,0.30264024861480426
дорогой,0.20524482370087335,3,0.16371589274923673,20,0.04152893095163662
дороже,0.9474115003641037,3,0.24684783547609784,19,0.7005636648880058
дорожке,0.6017934547179661,1,0.1317467287820476,10,0.47004672593591845
доставкой,0.005765424825185,4,0.019606945592216478,5,-0.013841520767031478
достаточно,0.5256440963508816,13,0.15786934192551255,15,0.36777475442536905
достигает,0.4420505483030517,3,0.20158174630567197,11,0.24046880199737972
достигал,0.5862408656434941,1,0.026783240376972134,12,0.559457625266522
достигали,0.975570456105128,1,0.03535568075241941,11,0.9402147753527086
доходит,0.975367500250651,2,0.46619548239918224,17,0.5091720178514687
доходя,0.08642946616184871,3,0.011061652830198087,9,0.07536781333165063
доходят,0.5625860975250886,2,0.3402898907026065,13,0.22229620682248208
дошло,0.9909604265129897,3,0.5879395647953329,18,0.4030208617176567
др,0.5387685666886576,2,0.26001689108993203,3,0.27875167559872555
древних,0.18880018955395703,3,0.29679231572774684,11,-0.10799212617378981
древности,0.6944319639555718,5,0.27694900769396397,7,0.41748295626160786
друг,0.9968417602992149,10,0.6867731532488506,14,0.3100686070503643
другая,0.35444582756448867,3,0.227974813830603,16,0.12647101373388567
другие,0.6801168144048463,6,0.5121108792854262,5,0.16800593511942008
другим,0.7758694272085951,1,0.401251319021865,5,0.3746181081867301
другими,0.466113097042464,5,0.5657969034353898,4,-0.09968380639292579
других,0.7390247139460575,7,0.1566849426055532,5,0.5823397713405043
другого,0.8544511654751001,5,0.38747606612644225,11,0.4669750993486579
другое,0.6718126101265783,6,0.3973925020979005,18,0.27442010802867783
другой,0.622602629583498,26,0.2940235710489883,13,0.3285790585345097
другом,0.3133688295688805,8,0.5964854948730166,15,-0.2831166653041361
другому,0.5520363928861197,3,0.8112870046680802,12,-0.2592506117819605
дружку,0.110420409780225,1,0.005780181281214737,3,0.10464022849901027
дулом,0.4929357927578384,3,0.028037706478482936,16,0.46489808627935547
думает,0.020299493621536,1,0.2292234625305471,13,-0.2089239689090111
думаете,0.6372455903242926,2,0.4370393804357007,27,0.20020620988859195
думаешь,0.789691083159047,1,0.28161584936501405,25,0.508075233794033
думай,0.28863743555477567,3,0.15673331453352038,27,0.1319041210212553
думайте,0.20440273785383503,2,0.10617416047835655,22,0.09822857737547848
думал,0.5670812662859137,3,0.19314129241511155,19,0.37393997387080213
думала,0.09255223930763401,2,0.2562642083671019,19,-0.1637119690594679
думаю,0.7400524333255996,2,0.26512901859485255,24,0.474923414730747
думая,0.7160851796164213,4,0.26911141181197157,9,0.4469737678044497
дураках,0.5351893476981043,3,0.07320541658816385,20,0.4619839311099405
дурила,0.13381678003500902,1,5.037032258831594e-05,21,0.1337664097124207
дурит,0.042021396159341,1,0.0017556222964328978,27,0.040265773862908104
дурить,4.592804968286586e-05,1,0.004179946223508987,26,-0.004134018173826121
дурью,0.07190692565443167,3,0.00339595798205529,14,0.06851096767237638
дух,0.2317833875253946,5,0.45864420053436733,11,-0.22686081300897273
духу,0.422324883252917,6,0.23747779527060076,8,0.18484708798231625
душа,0.7141654329819058,9,0.20696328621350024,19,0.5072021467684056
душе,0.5598976808523812,7,0.39526313656184964,17,0.1646345442905316
душевной,0.9377967100775005,6,0.28401459764729464,13,0.6537821124302059
души,0.6885721144431006,28,0.1262983240496791,14,0.5622737903934215
душой,0.7950265953326211,17,0.2379709470620948,17,0.5570556482705263
душу,0.7384148853815852,15,0.5024217413461399,14,0.23599314403544525
дыбом,0.676071383686952,3,0.5440626673267035,18,0.13200871636024847
дым,0.022173602555495334,3,0.2612718382574731,18,-0.23909823570197775
дыхании,0.751534995623236,5,0.515375752851999,9,0.236159242771237
дыхания,0.345909748987173,3,0.13535661898849277,12,0.21055312999868026
дышат,0.874333382390071,2,0.05039822670150274,17,0.8239351556885682
дышать,0.970736117773016,2,0.36110821699792334,14,0.6096279007750927
европам,0.04740151391939113,3,0.018288302265349575,7,0.029113211654041557
его,0.315201609513484,3,0.332845106817185,22,-0.01764349730370096
едва,0.16555053947987255,26,0.18871305422644846,9,-0.023162514746575907
едва-едва,0.0001854184104773518,5,3.969992140127305e-07,2,0.0001850214112633391
единицы,0.12904802847234098,5,0.12628939639060463,12,0.0027586320817363508
едино,0.261690854500234,2,0.1328342054384959,16,0.1288566490617381
единого,0.5077390007478008,7,0.35786307655366184,9,0.14987592419413892
единой,0.35126764246679704,1,0.6280608098068272,6,-0.2767931673400302
едином,0.005250545162673333,3,0.24405114099459738,9,-0.23880059583192403
единственная,0.0010379642990010001,1,0.22838347014383728,11,-0.2273455058448363
единственное,0.6943334729332022,4,0.4459681180847666,15,0.24836535484843564
ежели,0.004113998135911765,5,0.0024839780307038036,16,0.0016300201052079615
ей-богу,0.00016810298014006896,5,0.00016471902684151284,31,3.3839532985561202e-06
еле,0.1731964773585083,6,0.2167952818309183,26,-0.04359880447241002
еле-еле,0.0003614974602306864,6,0.004000094272388685,14,-0.003638596812157998
епархия,0.045913498909779804,5,0.042671202612198124,15,0.00324229629758168
если,0.8206214687074805,172,0.4817244005582783,9,0.33889706814920223
естественным,0.459247817447527,8,0.08092284278012069,13,0.37832497466740633
есть,0.6420227239487167,35,0.4689431295320382,20,0.17307959441667853
еще,0.3864102551259656,173,0.15536399144618276,19,0.23104626367978284
ж,0.10583764340402842,5,0.47286868667530024,24,-0.36703104327127184
жалко,0.31298999187556303,2,0.1629839080327732,32,0.15000608384278982
жаль,0.3670318078274658,8,0.15639003408565386,21,0.21064177374181195
жанра,0.6428716633124246,6,0.2288074316623709,11,0.4140642316500537
жару,0.9993932641673146,2,0.19286163026747197,22,0.8065316338998426
ждал,0.15789099040961702,2,0.279776704674827,18,-0.12188571426521
ждала,0.07382808985728201,2,0.22683606865117742,28,-0.1530079787938954
ждем,0.837798559607517,1,0.2562965886019753,27,0.5815019710055418
ждет,0.479079681852781,2,0.2162152486317852,17,0.2628644332209958
ждешь,0.127320828440567,1,0.07659351466428709,29,0.05072731377627991
жду,0.8629127702976821,1,0.3474868180708183,34,0.5154259522268638
же,0.8103467416803766,192,0.49414755311395964,17,0.31619918856641693
желаем,0.048677036722110004,1,0.16264012244664225,19,-0.11396308572453225
желании,0.48363619899174,1,0.7351245232604569,8,-0.25148832426871687
желать,0.9989244225892601,3,0.2916748507681517,18,0.7072495718211084
желаю,0.4084140237067862,5,0.2888054867704482,34,0.119608536936338
желудок,0.8114106282290201,7,0.11744444937840542,17,0.6939661788506146
жестоко,0.0050840412851711906,5,0.0959032741644999,23,-0.0908192328793287
живое,0.8862900597213804,3,0.2011187099658628,12,0.6851713497555176
живут,0.893102298341749,1,0.261617510880417,14,0.6314847874613321
жизни,0.7553340797990591,17,0.6386475420191506,12,0.11668653777990845
жизнь,0.7710067695902069,15,0.45433053899339276,22,0.3166762305968141
жилах,0.9990986107607618,4,0.5327744015253708,12,0.466324209235391
жиру,0.001015417408268433,4,0.019048808619689755,16,-0.01803339121142132
жить,0.9807149657555388,3,0.26026087130108033,21,0.7204540944544585
житья,0.04219653121912,5,0.001234071718783225,15,0.04096245950033678
жуткая,0.016231175443069002,1,0.016039295298648292,19,0.00019188014442070994
жутко,0.013088054436414446,9,0.007390336244930976,18,0.005697718191483471
жуткую,0.07350759903318167,3,0.06130129056678018,6,0.012206308466401493
жутчайшая,0.000917833736511,1,3.520574278117694e-09,2,0.000917830215936722
за,0.8927593118297957,523,0.6493371689508067,22,0.243422142878989
заблаговременно,0.007508845053737,2,0.09267130948440637,7,-0.08516246443066937
забот,0.24953801805708853,2,0.0457964074635939,18,0.20374161059349463
заботы,0.176075857669305,1,0.09580287144699125,17,0.08027298622231376
забралом,0.22438857167075868,3,0.19658654033668116,7,0.02780203133407752
забыла,0.10045738561257751,2,0.12037548755232733,27,-0.019918101939749813
забыли,0.060310029369259006,1,0.334834367868503,15,-0.274524338499244
забытой,0.9973335048709966,2,0.04478890221005027,8,0.9525446026609463
забытые,0.8566602056410191,1,0.00927277794050614,6,0.8473874277005129
завались,0.2161846938646047,3,0.0016697819940267786,20,0.21451491187057792
завершение,0.03398832052737281,5,0.04622091820169053,26,-0.012232597674317724
завершилась,0.18728157428417902,1,0.05315780001165363,16,0.1341237742725254
завершился,0.25785362603420053,2,0.07161445635340394,20,0.1862391696807966
зависимости,0.9969951483877554,7,0.7076066858660287,3,0.2893884625217267
зависть,0.6226253531294846,3,0.04088261465687296,20,0.5817427384726117
завороженный,0.00029588844722400003,2,0.00746990475700703,18,-0.00717401630978303
завтра,0.8757591679554764,9,0.08748107414738597,22,0.7882780938080904
завязке,0.00019518898703178993,3,0.0016807222672483788,6,-0.001485533280216589
завязку,0.4643491876669435,6,0.0018125068165734542,2,0.46253668085037003
заглядение,0.00048295988411400004,1,3.969095227335331e-05,7,0.0004432689318406467
загляденье,0.14914353331013652,2,0.00978343800978309,24,0.13936009530035343
загодя,7.813207039952319e-06,1,4.682866557113075e-06,8,3.130340482839244e-06
заголовком,0.7986665327901246,2,0.470122118219283,1,0.32854441457084155
загорелись,0.1692668073166108,5,0.05573074597510936,28,0.11353606134150146
задал,0.092711212623831,1,0.5047344736236906,25,-0.41202326099985964
задала,0.057455007778656,1,0.3394015983855294,16,-0.28194659060687344
задаст,0.38369187224761,2,0.22543168553311055,16,0.15826018671449943
задатки,0.0163034409012076,5,0.0591122452580161,8,-0.042808804356808505
задворки,0.002529376300051935,2,6.410519139870114e-05,20,0.0024652711086532338
задней,0.9904451549014158,3,0.4018610324270196,9,0.5885841224743962
задним,0.963611268428742,5,0.36100256046964846,9,0.6026087079590936
задних,0.9959443567602727,3,0.33063680043379323,13,0.6653075563264794
задом,0.9907465287830334,3,0.04688900113785954,12,0.9438575276451738
задоринки,0.9875808757580874,3,0.46621273076326364,17,0.5213681449948238
задурят,0.006289753988037001,1,1.6180170594848253e-06,3,0.006288135970977516
зазрения,0.9418209882477141,3,0.00038036553164544823,4,0.9414406227160687
заикаться,0.27882940039957405,5,0.11679729874313978,16,0.16203210165643428
займет,0.00017951458588,1,0.3110430967790227,11,-0.3108635821931427
закадычных,9.740400632944953e-05,1,1.038565564985106e-06,7,9.636544076446443e-05
заказ,0.4888747400647742,5,0.07737225168595488,25,0.4115024883788193
заката,0.9576255425783011,3,0.097460797644646,13,0.8601647449336551
закате,0.08044092759376861,5,0.001331054886209,2,0.07910987270755962
закатил,0.033686314896099336,3,0.099907321488865,18,-0.06622100659276567
закатила,0.7349831315234031,1,0.3122634354415642,27,0.4227196960818389
закатит,0.000253482749507,1,0.13885376907876304,10,-0.13860028632925603
заклад,0.9992914300912702,5,0.25005217568529475,4,0.7492392544059754
закона,0.6347663055060414,3,0.20211701064127602,5,0.4326492948647654
законам,0.9170320247195914,3,0.5379344767369504,14,0.37909754798264106
закону,0.7373983360826986,7,0.14077876349393673,9,0.5966195725887619
закончилась,0.20433392808143203,2,0.40134277382115785,17,-0.19700884573972582
закоренелые,0.0037438221728360002,2,0.0025663885506772067,8,0.0011774336221587935
закрытыми,0.982996118271387,3,0.8982349742220007,15,0.08476114404938628
закрыть,0.910100504637812,3,0.18678630200119734,18,0.7233142026366146
залейся,0.045839971200143007,2,0.028917942118594282,25,0.016922029081548724
залилась,0.613683968706995,2,0.16788064983654635,31,0.44580331887044866
залились,0.100206226651912,1,0.09487461438402083,21,0.005331612267891181
залился,0.18775394298921652,2,0.1296371062210303,25,0.058116836768186214
заложниках,0.4588083494327894,3,0.002967144660468939,8,0.4558412047723205
заложники,0.727223858559949,3,0.01059806719310653,27,0.7166257913668425
заметил,0.023578863672400002,1,0.057242240874714106,8,-0.033663377202314104
замечанию,0.063352333194646,2,0.003102099105529,1,0.060250234089117005
замками,0.07559221933686068,3,0.017842823380865142,6,0.05774939595599554
замком,0.2271387835664407,3,0.28775014343692057,15,-0.06061135987047986
замок,0.11617057320388068,3,0.3152521247116658,19,-0.19908155150778511
занавес,0.171730126105566,3,0.2211123107324398,19,-0.0493821846268738
занесло,0.9817668838691267,3,0.42342213904932285,23,0.5583447448198038
занимает,0.0217812590800685,2,0.39517429282813676,16,-0.37339303374806826
занимайся,0.12292973009943768,3,0.24925942483395255,23,-0.12632969473451489
занимайтесь,0.15810762758908953,2,0.1822725064400717,29,-0.024164878850982174
занимать,0.6289037240279113,5,0.2503271469625447,17,0.37857657706536657
заняла,0.18190193987677403,1,0.33005629467476283,17,-0.1481543547979888
заняло,0.556462412625324,1,0.3910207590421243,18,0.16544165358319973
заодно,0.19104808575843918,11,0.036949774658223945,10,0.15409831110021524
запарке,0.0005702761051792075,3,0.000994240976599,1,-0.00042396487141979254
запасе,0.3346924755328334,3,0.16084149775948087,15,0.1738509777733525
запахом,0.41833009373959706,4,0.30194970941969557,7,0.1163803843199015
запинки,0.020559764797241333,3,7.436886920349418e-07,1,0.020559021108549298
запрещается,0.056053163657715975,3,0.040489917774414075,16,0.0155632458833019
запрещено,0.40943953156616236,6,0.23599030128737136,16,0.173449230278791
заранее,0.0705414556693875,2,0.13260880583433182,10,-0.062067350164944315
заре,0.489429310850414,2,0.24829291617089636,3,0.24113639467951767
зари,0.903783642135606,10,0.09243757999235198,15,0.811346062143254
зародыше,0.0006030730438523827,3,1.014703109489784e-05,1,0.0005929260127574849
заря,0.9987326026361264,3,0.09724857036789004,15,0.9014840322682364
заслугам,0.638901952688341,3,0.23663577696657967,3,0.4022661757217614
заставил,0.475343257922947,1,0.5643287268391591,13,-0.08898546891621212
заставило,0.9837471844593281,1,0.6200865951961577,20,0.36366058926317035
заставить,0.733139842378546,1,0.5713601206299855,17,0.16177972174856048
засучив,0.9776810909103287,3,0.01080122571817,1,0.9668798651921587
затей,0.03768766889012034,3,0.005198476828999725,9,0.032489192061120616
затем,0.4949096971328529,5,0.14016752671170257,9,0.3547421704211503
зато,0.1677197889003404,5,0.05727694481504075,22,0.11044284408529964
затравки,0.02489683196885767,3,0.0005308287078961306,5,0.024366003260961538
захватило,0.520223179520531,1,0.10046737260456344,15,0.41975580691596753
захоти,0.005699345416116401,5,0.009327880038532828,16,-0.0036285346224164275
захочет,0.21551950294295322,5,0.1517263655200909,16,0.06379313742286233
зачастую,0.014995226809797601,5,0.006386795822142447,8,0.008608430987655154
зачем,0.5774070292998589,10,0.5335912939387085,31,0.043815735361150354
защитой,0.5911480461890559,5,0.26011336925818007,10,0.33103467693087585
заядлый,0.033757255614252,1,0.009349794656066796,10,0.024407460958185207
заядлым,0.274587443932786,1,0.01567413240314455,13,0.2589133115296415
звали,0.9999265971317813,5,0.20886440008907936,18,0.791062197042702
звать,0.005300799822736801,5,0.13081190274661442,30,-0.12551110292387763
звезды,0.1678733076465822,5,0.03404014110744561,17,0.1338331665391366
звонка,0.9998387958116187,6,0.14495659531546642,23,0.8548822004961523
здесь,0.38352690350757884,15,0.20819670954363292,13,0.17533019396394592
здоров,0.46118523258826916,14,0.1244150059233682,26,0.336770226664901
здорово,0.3426220238043042,8,0.022263329698231006,26,0.32035869410607315
здравом,0.886958035204145,3,0.6126941804576619,9,0.27426385474648307
здравствует,0.9061105414560907,6,0.00012881928076482647,4,0.9059817221753259
земель,0.9835282339239395,2,0.17434755772400326,11,0.8091806761999363
земли,0.36348526972816914,9,0.2768080148646295,6,0.08667725486353961
землю,0.8471308664835538,5,0.22339538245135265,11,0.6237354840322011
земля,0.784364323788842,3,0.30516026996807905,17,0.479204053820763
зимой,0.865122996683601,3,0.006189041829777358,14,0.8589339548538237
зимуют,0.8468369456786277,3,0.043048645860717924,18,0.8037882998179098
злобу,0.7850276788099407,3,0.08282746615640717,13,0.7022002126535336
знаем,0.9464886133599496,2,0.5174737782976447,22,0.42901483506230487
знает,0.6934424277301294,42,0.44313622252227686,14,0.2503062052078526
знаете,0.5554532182265982,9,0.2896760089022671,28,0.26577720932433113
знаешь,0.12083680270969434,3,0.3128521837797262,29,-0.19201538107003185
знак,0.9746245827885438,4,0.27248781325549837,24,0.7021367695330454
знаком,0.6620156933746852,5,0.4620579615844778,19,0.19995773179020743
знал,0.6501439416314122,14,0.13666776091637822,19,0.513476180715034
знала,0.22704634226279402,2,0.17373199995903338,20,0.05331434230376064
знали,0.8372452823270894,3,0.2303397156750037,20,0.6069055666520857
знаменем,0.3453209670302535,6,0.03283347457965757,7,0.3124874924505959
знамя,0.6279975741268544,5,0.10754924477238503,17,0.5204483293544694
знать,0.8010127967059006,33,0.27035753244147187,22,0.5306552642644288
значение,0.8972626824766725,11,0.3426363518129414,11,0.5546263306637311
значения,0.9575899324550867,5,0.5009281987447534,6,0.45666173371033336
значит,0.5223625709741456,15,0.274952569106421,27,0.2474100018677246
значительно,0.1013483476457322,5,0.08014661486483408,13,0.02120173278089811
знаю,0.5395299714114101,27,0.5243839446040982,26,0.015146026807311919
знают,0.4667858375886935,2,0.4869788089827213,18,-0.02019297139402776
зовут,0.7606930005562236,5,0.6178744469472673,30,0.14281855360895623
золота,0.9978059398985627,3,0.22973421416988424,17,0.7680717257286784
зрения,0.9994396175213536,5,0.8493406225611372,8,0.1500989949602164
зря,0.569862259173513,16,0.16468211500290997,25,0.405180144170603
зуб,0.449616527300566,13,0.29722291302828796,18,0.15239361427227804
зубам,0.47120774008934707,3,0.08453744198068641,20,0.38667029810866066
и,0.8386716957331612,986,0.46941990446753584,15,0.3692517912656254
ивановскую,0.0003063398394571409,3,0.06220765414262741,13,-0.06190131430317027
играем,0.9375608523257221,1,0.23904696397240247,26,0.6985138883533196
играет,0.7360997146556345,7,0.33981779158108344,13,0.39628192307455107
играл,0.8454377901552261,2,0.30662038080441645,16,0.5388174093508097
играла,0.006976815111713001,1,0.20046200784608378,14,-0.1934851927343708
играли,0.0077201266987380005,1,0.1577414627968696,21,-0.1500213360981316
играло,0.15457060870369801,1,0.0688383015354637,14,0.08573230716823431
играть,0.994998443017522,1,0.20321092476844785,11,0.7917875182490742
играют,0.9500680715958151,1,0.20876030628456946,16,0.7413077653112456
игрушки,0.45110048133260655,2,0.2111782679027427,22,0.23992221342986386
игры,0.3467035990272307,6,0.48604711161330366,11,-0.13934351258607297
идее,0.3029527380404517,3,0.08148848519105602,7,0.2214642528493957
идем,0.36451572849046054,2,0.14217914744909005,28,0.2223365810413705
идет,0.21665393663443777,8,0.27965268797056997,13,-0.0629987513361322
иди,0.44664797179721283,5,0.3325093425289396,36,0.11413862926827323
идите,0.5135228803910951,1,0.09559933021970314,35,0.41792355017139193
идти,0.138632187237339,2,0.2775122080722669,16,-0.1388800208349279
идут,0.2714618163494904,5,0.22589392831975988,13,0.045567888029730524
иже,0.23138883173413202,3,0.04648389936142979,4,0.18490493237270222
из,0.9069912401914593,196,0.7125963558083582,10,0.19439488438310104
из-за,0.36733892899484105,28,0.2706976346636531,10,0.09664129433118795
из-под,0.2673265887667454,18,0.3940962856383027,10,-0.12676969687155726
избави,0.03063056270237527,5,0.05190273440483718,17,-0.021272171702461908
избытке,0.29849462087523365,3,0.05544027930088188,8,0.24305434157435177
известно,0.6011378572920986,8,0.49858976237416763,10,0.10254809491793093
известный,0.48780274060760453,4,0.4184576160602325,6,0.06934512454737202
извини,0.18071826779843,2,0.0461078794279234,30,0.1346103883705066
извините,0.303741282520392,1,0.06567184988722921,28,0.2380694326331628
извне,0.218295521336129,5,0.01959422465919857,5,0.19870129667693043
изволь,0.006420632218723611,3,0.0028194625798315625,26,0.0036011696388920486
изнутри,0.1367255111828907,3,0.016391857641627348,14,0.12033365354126335
изо,0.9876133068073123,5,0.6516840151421067,15,0.3359292916652056
изредка,0.22084370306439002,5,0.019994048500776247,14,0.20084965456361378
или,0.8348066833446658,56,0.37407507039567933,20,0.46073161294898646
имевшиеся,0.002499219992933,1,0.0034204172153586287,2,-0.0009211972224256286
имеет,0.7262183130136928,16,0.6470479787756608,10,0.07917033423803199
имеешь,0.844871896262514,1,0.4335192438281129,25,0.4113526524344011
имей,0.25975585965560083,5,0.06755604606716903,21,0.1921998135884318
имел,0.4058606009632054,5,0.4064373547811915,16,-0.0005767538179860532
имела,0.25896814513937133,3,0.3387698428445682,8,-0.07980169770519685
имели,0.29893633447998624,4,0.3691126512927832,6,-0.07017631681279696
имело,0.2900906397371038,5,0.15187585554778332,10,0.13821478418932048
именем,0.20960758043563674,11,0.2939006656465757,11,-0.08429308521093895
имени,0.6006673201240036,10,0.7643913411146299,9,-0.16372402099062633
именно,0.5654458676218449,15,0.2990325415152356,17,0.2664133261066093
иметь,0.9978597963002622,6,0.49214073164305083,4,0.5057190646572114
имею,0.8251500206391491,1,0.5133046044848898,24,0.3118454161542593
имеют,0.8878515936291898,16,0.62789682267874,7,0.2599547709504497
имеющиеся,0.7793295370596021,1,0.32099784959895566,7,0.4583316874606464
имеющий,0.8432764425179711,1,0.2896628114590925,6,0.5536136310588786
имея,0.9363775999031171,1,0.28536688248941466,8,0.6510107174137024
имя,0.7651259651391132,10,0.3828679732946549,18,0.38225799184445836
иначе,0.43508128819455627,13,0.3684398830966445,15,0.06664140509791178
иногда,0.9508770393233679,10,0.05217350951915146,13,0.8987035298042164
иное,0.530008077418465,2,0.2348491079647068,9,0.2951589694537582
иной,0.36352115547923064,8,0.251820885247925,4,0.11170027023130563
интереса,0.042493401063886,3,0.26663088908986615,19,-0.22413748802598016
интересах,0.9714528336256136,6,0.26314329603182,1,0.7083095375937936
иным,0.9146392098143151,1,0.03681893855148442,8,0.8778202712628307
иными,0.4639324389516403,3,0.2346513837970139,8,0.22928105515462643
искать,0.63100157275037,1,0.22217677017300463,15,0.4088248025773654
исключая,0.2207286008041522,5,0.004011406187352751,4,0.21671719461679945
исключением,0.8389655703033068,5,0.12438453528082376,8,0.714581035022483
исключения,0.9428894772598123,8,0.45088859594151304,12,0.4920008813182993
исключительно,0.0046925295702128,5,0.040410868539979626,15,-0.035718338969766825
испокон,0.18561114708939222,5,0.3042228296012088,9,-0.11861168251181656
исходе,0.8759009683702454,3,0.4420082155213185,6,0.4338927528489269
итак,0.38708237672025947,5,0.09450810658147087,31,0.2925742701387886
их,0.08275209808718541,5,0.23570562729888764,16,-0.15295352921170224
ишь,0.10516023587844041,5,0.013873145277581577,34,0.09128709060085884
йоту,0.4058815072660799,8,0.2444719598501944,5,0.1614095474158855
йоты,7.102639414088442e-05,1,0.0006847369751571208,13,-0.0006137105810162364
к,0.9596869303408073,227,0.9794674948085114,16,-0.019780564467704043
каблук,0.025517795388552002,3,0.011870855082190756,15,0.013646940306361247
каблуком,0.2293663632074947,3,0.14249047004186172,8,0.08687589316563299
кабы,0.0035126544678670004,3,0.0008481095932842379,17,0.0026645448745827626
кадр,0.022817787188629004,2,0.16172494489847686,16,-0.13890715770984785
кадром,0.5399691993116454,3,0.07797153600508601,3,0.46199766330655945
каждого,0.24225999584067023,5,0.6521761590904535,14,-0.4099161632497832
каждом,0.9764432229487001,8,0.4294922877789297,9,0.5469509351697703
каждому,0.9956006702984456,2,0.40151510177372945,15,0.5940855685247162
каждую,0.7847414105004291,4,0.29148256901650066,12,0.49325884148392846
каждый,0.5676509284409259,29,0.49319823889768394,14,0.07445268954324197
каждым,0.9766101252995952,8,0.604127472000839,8,0.3724826532987562
кажется,0.42115158551503873,3,0.47419127277624373,20,-0.053039687261205004
казалось,0.2275513091787635,2,0.5154432846834607,18,-0.28789197550469714
как,0.8004253684739477,855,0.5084099944479487,16,0.2920153740259991
как-никак,0.0008279950385433653,5,0.0004824123788462884,18,0.0003455826596970769
как-то,0.19783353796296202,7,0.029073239461913696,16,0.16876029850104832
какая,0.8003894651126552,26,0.5443517359032941,31,0.2560377292093611
какие,0.8453003436905596,33,0.5967439377280066,25,0.24855640596255302
каким,0.9259130760018218,12,0.6532028342082148,12,0.27271024179360703
каким-нибудь,0.000102419693753,1,0.008942265633173069,8,-0.008839845939420068
какими,0.9856361871233951,3,0.47719052800273243,9,0.5084456591206626
каких,0.8173201787412274,8,0.7852647318158275,17,0.032055446925399966
каков,0.18255647238751668,6,0.12103603476998757,26,0.06152043761752911
какого,0.7320738999933357,16,0.5508081879377316,17,0.18126571205560416
какое,0.6794251783194961,25,0.5812673651382434,20,0.09815781318125272
какой,0.7701509648000202,77,0.6822827070954831,17,0.0878682577045371
какой-нибудь,0.009846309169456,4,0.042450020553266264,12,-0.03260371138381026
каком,0.8584400784469788,4,0.6445514299744355,14,0.2138886484725433
каком-то,0.5417276268108077,3,0.3526266013599867,10,0.18910102545082097
какую,0.6130729945812795,8,0.4555138343998628,18,0.1575591601814167
каменной,0.949471794655922,1,0.141588910305109,10,0.807882884350813
капельку,0.012864448459238249,5,0.0218298449832489,13,-0.008965396524010651
капле,0.000619474789926,1,0.16237853770234534,15,-0.16175906291241934
капли,0.649127579470388,14,0.2968949196048762,14,0.35223265986551183
каплю,0.00924704295773,1,0.1464635617340328,13,-0.1372165187763028
капля,0.04221697828717701,2,0.23669875033862353,23,-0.1944817720514465
караван,0.2091914162144554,3,0.17022415963225007,14,0.03896725658220532
караване,0.0001120560128,1,0.001198760788591811,11,-0.0010867047757918112
караваны,0.041381155651966005,1,0.2195788165035981,4,-0.17819766085163208
карандаше,0.0016722960261751328,3,0.007021755019240973,7,-0.00534945899306584
караулом,0.0005976759987000609,3,0.15815184200986523,13,-0.15755416601116518
кардинальным,0.15413943736784635,3,0.00072604331442,1,0.15341339405342636
кармане,0.924384579604793,3,0.4403453964165057,21,0.4840391831882873
карману,0.8262658174148791,3,0.12228985031769035,17,0.7039759670971888
карточный,0.7192027617484235,3,0.09989151624176927,7,0.6193112455066542
карьер,0.9592832791598004,3,0.10950458744655171,9,0.8497786917132487
касается,0.8362389059236324,9,0.64754878516649,10,0.18869012075714242
касательно,0.044487536558389607,5,0.018985248562394814,5,0.025502287995994792
касаются,0.745606730838546,1,0.2533667428083235,17,0.4922399880302225
кассу,0.008782030850220602,5,0.09333406879896233,19,-0.08455203794874173
кассы,0.6290786065603806,10,0.04244859564048017,12,0.5866300109199004
катись,0.045605996105219,1,0.028042752553343462,35,0.01756324355187554
катит,0.007544038244767601,5,0.0676687022767059,23,-0.06012466403193831
катушку,0.6134741737017959,5,0.24448058979282494,13,0.36899358390897097
каша,0.7416287155605937,3,0.15389175373820524,21,0.5877369618223884
каюк,0.001504040567459,1,0.0014843921353505248,25,1.9648432108475234e-05
квадрате,0.11231005364843372,7,0.0017881110620200002,1,0.11052194258641372
квадратный,0.5291884215449214,3,0.32981799360709363,10,0.19937042793782778
квиты,0.008526704974047675,4,0.0050348419920278305,25,0.003491862982019845
кем,0.9984158569502295,5,0.5821987736751832,20,0.41621708327504625
километр,0.8913659716302984,3,0.3131176930340712,18,0.5782482785962272
кинулась,0.0004907767877090001,1,0.05999326285503894,15,-0.05950248606732994
кинулись,0.021605700272344,1,0.04725596906797729,24,-0.025650268795633292
кинулся,0.0011947022092445002,2,0.031867049900404835,24,-0.030672347691160336
кипа,0.1573864877777251,4,0.03929374387004565,13,0.11809274390767945
кипит,0.010239110458715001,1,0.052138082161030816,18,-0.04189897170231582
кирдык,3.9598887485707756e-05,1,6.541436899254749e-05,21,-2.5815481506839733e-05
китайской,0.18762854724496603,3,0.21553021226361982,6,-0.027901665018653793
китая,0.2023194020485237,3,0.1057594236265255,14,0.09655997842199819
кишит,0.9513314960629055,3,0.11551989520206843,15,0.8358116008608371
кишмя,0.38380138385282003,3,0.35851076692428563,13,0.025290616928534404
кладезем,0.0001674557355225,2,0.02581411727560572,12,-0.02564666154008322
кладезь,0.0011962532543605374,3,0.007858879301058932,16,-0.006662626046698395
классике,0.068918008390129,3,0.06068808650743805,9,0.00822992188269095
клейма,0.23101979912569637,3,0.0053727637970438,11,0.22564703532865257
клеймо,2.856189734180504e-05,2,0.06595440998379413,15,-0.06592584808645233
клонит,0.4208244999103867,5,0.21656904508812475,20,0.20425545482226193
клонишь,0.7396543578963951,1,0.11469443109812835,21,0.6249599267982667
клонят,0.000799895565175,1,0.002603546809597884,10,-0.001803651244422884
ключе,0.03572074205833967,3,0.00018659770149130595,2,0.03553414435684837
клюют,0.9934207081780175,4,0.17754603570359723,18,0.8158746724744204
ко,0.9928678491774225,8,0.8710294958484489,19,0.12183835332897364
ковер,0.6728294777247821,4,0.13545466765011227,17,0.5373748100746698
коврижки,0.044033837465104406,5,0.000208288749327286,15,0.04382554871577712
когда,0.5237388211268768,42,0.4450351310844196,10,0.07870369004245714
когда-нибудь,0.0426479509380958,5,0.07687119212871786,13,-0.03422324119062206
кого,0.9774390613260756,5,0.42204056602026524,17,0.5553984953058104
когтях,0.002127981188536,3,2.2410028878176323e-05,2,0.0021055711596578235
кое-как,0.000876904071767592,5,0.000811886901372544,9,6.501717039504801e-05
коем,0.9969784196502094,10,0.9484274489216938,20,0.04855097072851555
козу,0.5490075528076268,5,0.0038389197285119605,12,0.5451686330791149
кои,0.9949218507052466,2,0.9961413103948746,2,-0.0012194596896279997
кои-то,0.7803545250203587,3,0.5760682540207841,13,0.20428627099957464
кой,0.38976067563043504,3,0.2194419691503834,27,0.17031870648005165
колее,0.45825033862555953,2,0.020159698290804003,8,0.43809064033475553
колена,0.9816423711961088,3,0.1817268303979054,12,0.7999155407982034
коленке,0.016049759423734,3,0.055640684190484686,21,-0.03959092476675069
коли,0.0046022958782762,5,0.009509635135271399,17,-0.004907339256995199
колоду,0.8829676704721211,1,0.1450483984839019,12,0.7379192719882192
колокола,0.5718397304495673,5,0.28002169106439606,12,0.2918180393851712
колокольни,0.35390153435725547,5,0.011987133365565443,9,0.34191440099169
колпаком,0.07159396648080034,3,0.16220560732744316,8,-0.09061164084664282
коль,0.9510139846348877,5,0.04732381998885537,21,0.9036901646460324
ком,0.5156959032967627,4,0.3048020549401153,19,0.21089384835664743
команде,0.8300890845768031,2,0.20364779698631233,10,0.6264412875904908
командованием,0.8928566921805391,4,0.14996849481255878,4,0.7428881973679803
комок,0.135018378889416,1,0.22835961786086093,15,-0.09334123897144492
компании,0.416006656780298,5,0.13899293185836606,13,0.277013724921932
компанию,0.41946545438369204,5,0.2842441970025644,10,0.1352212573811276
компьютером,0.451316006120323,4,0.10889903287612258,12,0.34241697324420045
кому,0.32597695902324386,5,0.45155704873486824,15,-0.12558008971162438
конец,0.8060238889678853,4,0.3105968755480456,13,0.49542701341983975
конечно,0.23865790445164603,3,0.11300119839458102,22,0.12565670605706503
конкуренции,0.5610514017022794,3,0.11070341018720709,13,0.4503479915150723
конкурса,0.24270219049861133,3,0.35164744287290994,9,-0.10894525237429861
контролем,0.8927179891127951,3,0.60588794416606,9,0.28683004494673514
контроль,0.7151601406463474,3,0.17344102898331956,7,0.5417191116630278
кону,0.489483372654193,3,3.668668046441482e-05,3,0.4894466859737286
конца,0.6497628229406529,22,0.546551252342201,11,0.10321157059845187
концами,0.9997167471809494,5,0.29670048478571814,9,0.7030162623952312
конце,0.9996271369429781,12,0.514132155044082,6,0.48549498189889606
концов,0.9017850522872298,15,0.02320330135753954,2,0.8785817509296903
концом,0.9981968677730771,5,0.17275824857606042,7,0.8254386191970167
концу,0.9988751253745974,5,0.6177762027031949,11,0.38109892267140255
концы,0.5466954356819541,10,0.2254095494953088,11,0.32128588618664533
кончай,0.11450587503734438,3,0.0014550213840500215,33,0.11305085365329437
кончайте,0.0030563728135070004,2,0.0036562861208172975,36,-0.0005999133073102971
кончено,0.020295922180745003,1,0.09836658658651412,30,-0.07807066440576912
кончиков,0.8607776853161321,3,0.5804570708828521,6,0.28032061443327994
кончилось,0.19140047338594335,3,0.09991794213618181,29,0.09148253124976154
конь,0.9506895702395011,3,0.09219272257738664,25,0.8584968476621144
копеек,0.41752880444504586,5,0.06643149239271073,21,0.35109731205233513
копейками,0.00726218489408,4,0.012992538566592217,4,-0.0057303536725122175
копейки,0.32811756578896145,13,0.26644184600369913,21,0.06167571978526232
копейку,0.0022591968774343333,6,0.08229108394166812,21,-0.08003188706423378
копна,0.17418412648588902,1,0.04499115859129296,10,0.12919296789459606
копнами,0.00020934217348100002,1,0.07933400095296823,8,-0.07912465877948724
копне,0.0763962070047145,2,0.004217726887524805,14,0.07217848011718969
копной,4.5624576871366663e-05,1,0.2566905960461152,6,-0.25664497146924387
корень,0.3365407114222724,9,0.11275568175683583,14,0.22378502966543656
корки,0.997008631988869,6,0.027812699963669214,16,0.9691959320251998
корми,0.9827909488079767,3,0.3627924966113557,20,0.619998452196621
кормила,0.0007593280806800001,1,0.10903224905794652,21,-0.10827292097726653
корню,0.3958162501486672,5,3.366611147955039e-05,2,0.3957825840371877
короба,0.9941722027635425,5,0.0006733352216625781,10,0.9934988675418799
короткой,0.830608769328656,3,0.24459079973256417,11,0.5860179695960919
короче,0.1789060882380054,10,0.007285648338220104,29,0.17162043989978532
косо,0.27292770195408506,3,0.0014228277395663337,15,0.27150487421451874
костей,0.9827605664335453,6,0.11948205417347302,10,0.8632785122600722
костях,0.06174678058401467,3,0.024086948753671004,5,0.03765983183034367
косяками,0.002472379344108,1,0.00782353764753263,11,-0.00535115830342463
косяком,0.004543276227345706,2,0.05131436974460525,14,-0.04677109351725955
кот,0.9920981978581703,3,0.19511709482096862,20,0.7969811030372017
котле,0.7905390877389809,4,0.14390295311880855,11,0.6466361346201723
которую,0.9333670077976781,1,0.7635579130221954,7,0.16980909477548267
которые,0.9637702644609566,4,0.4784023926880064,3,0.4853678717729502
который,0.8911804934863651,1,0.6818240164550502,11,0.20935647703131488
которым,0.9600660694226101,1,0.7597976568183604,5,0.20026841260424966
коту,0.5519501333066085,3,0.005130484035520276,15,0.5468196492710882
краем,0.9605261476260083,5,0.6515643745869105,12,0.3089617730390978
край,0.9173741334595988,13,0.48117570545229604,11,0.4361984280073028
крайней,0.8948874310419537,5,0.013713417438025,1,0.8811740136039287
крайнем,0.6777626298856838,5,0.13195631307448502,5,0.5458063168111988
крайности,0.32065781714876734,3,0.08076250455627726,11,0.23989531259249008
кранты,0.005478543220035,1,0.0014822730109445368,31,0.003996270209090463
красе,0.9694563063645252,5,0.0396468875443914,4,0.9298094188201338
красивые,0.8868126187050894,3,0.17223095046679052,23,0.7145816682382989
краснел,0.001308958637047,1,0.014204821428201966,12,-0.012895862791154965
краснеть,0.077424561637544,3,0.060761573436894846,18,0.01666298820064916
красного,0.9096540851167316,2,0.503140354893078,8,0.40651373022365367
красной,0.6288423647385953,3,0.22294928657253252,4,0.4058930781660628
красоты,0.02689600232813334,3,0.33318811777220764,14,-0.3062921154440743
крат,0.5202149586966966,3,0.5558966429650511,13,-0.0356816842683545
краю,0.49195500695698247,10,0.390804744320277,10,0.10115026263670546
края,0.9794357918287858,8,0.41306595053180944,12,0.5663698412969764
краях,0.5262850169233088,3,0.06597695401991067,3,0.4603080629033981
крест,0.569325292739508,3,0.4131119458550748,15,0.15621334688443322
крестил,0.2321633679732225,2,0.012223177055796543,18,0.21994019091742598
крестить,0.12688445112934135,3,0.07517230447343672,15,0.05171214665590464
крова,0.5634377271652988,5,0.16258829020348764,9,0.4008494369618112
крови,0.5796247679308377,3,0.38586829236355674,12,0.19375647556728098
кровь,0.576945638563531,12,0.38988634892889645,15,0.18705928963463453
кровью,0.8648319967335284,3,0.352811481940243,13,0.5120205147932855
кроме,0.7553634285963652,24,0.1473367019243082,5,0.6080267266720569
крошек,0.004156512131123001,1,0.0012338713318137333,12,0.0029226407993092674
крошка,0.016350286544017,1,0.03818890449951448,18,-0.02183861795549748
крошки,0.1944270296335959,8,0.2870594375079818,15,-0.0926324078743859
круг,0.008479606923449333,3,0.44864012425905664,17,-0.4401605173356073
круга,0.02734085681798799,4,0.21482295593596532,11,-0.18748209911797734
круге,0.138138528560938,1,0.1930899604736159,10,-0.0549514319126779
круглого,0.00025780638059089335,3,0.19274112130007082,5,-0.19248331491947993
круглый,0.7764754243122041,3,0.033547683427573964,12,0.7429277408846301
круглым,0.00547678675373836,3,0.13644730243241088,5,-0.13097051567867252
кругу,0.3939611023469102,7,0.4087780214313487,7,-0.014816919084438551
кружок,0.1287809315234357,3,0.09932939802806035,23,0.029451533495375354
крупица,0.15449680517952305,2,0.022681399892839144,12,0.1318154052866839
крупицу,0.08195150743993501,1,0.006180327992300918,9,0.07577117944763409
крупицы,0.0200740060643915,2,0.001595486464951688,7,0.018478519599439813
крути,0.4896210706667421,3,0.3027019304910815,15,0.18691914017566058
крылом,0.16900902110045102,3,0.20085075323054127,12,-0.031841732130090256
крыльях,0.2883313790843587,3,0.4206043182021393,10,-0.1322729391177806
крышей,0.9929091980049648,3,0.35697130607687716,12,0.6359378919280876
крыши,0.9664140408128006,6,0.23977301940406887,16,0.7266410214087318
крышка,0.056440032926767005,1,0.16130555202239666,19,-0.10486551909562966
кряду,0.0039824947891305,2,0.002372408002507026,10,0.001610086786623474
кстати,0.5406278954413338,8,0.1367951439469057,20,0.4038327514944281
кто,0.7903814460078854,71,0.722553584134758,21,0.06782786187312739
кубе,0.032123296118506506,2,0.0626857460477486,15,-0.03056244992924209
куда,0.7248302624253926,71,0.39994408657721353,21,0.3248861758481791
кукареку,2.3248784222451875e-06,2,3.2411428944448685e-05,17,-3.0086550522203497e-05
кулисами,0.12282244027252602,3,0.00011562453854501327,2,0.12270681573398101
кулисы,0.3544885953250506,5,0.006890335567199455,8,0.34759825975785114
куличиках,0.0004514630051074997,5,4.7373930551225006e-05,1,0.0004040890745562747
курс,0.99589754395112,5,0.32700888651754695,13,0.6688886574335731
курсе,0.8951162267226376,10,0.5347722694845853,20,0.36034395723805224
куры,0.5365788294922971,4,0.004324853552924412,12,0.5322539759393726
куча,0.183363810278658,2,0.25019130327158895,21,-0.06682749299293095
кучи,0.5200393326414103,5,0.005323034559128201,10,0.5147162980822821
кучка,0.39875882284199066,3,0.14280108103823272,13,0.25595774180375797
кучкой,0.07488228924639201,1,0.0540994677231009,12,0.020782821523291112
кучку,0.002472523344915,1,0.16065673549905113,7,-0.15818421215413614
кучу,0.37531735081465434,3,0.25553000363484524,16,0.1197873471798091
лавина,0.08978748180569851,2,0.08565141682517875,15,0.0041360649805197575
лавиной,0.098167208632258,1,0.00099598368005149,10,0.09717122495220651
лавину,0.0006720426158020001,2,0.0070035855227577526,13,-0.006331542906955753
лад,0.016351906075517664,3,0.4500272009152087,9,-0.43367529483969103
ладан,0.7003296443948268,4,0.0011236750567219865,13,0.6992059693381049
ладно,0.3294797077446775,15,0.1882932535379871,36,0.1411864542066904
ладони,0.969997316006389,5,0.10634163945144175,23,0.8636556765549473
лады,0.6064695038297161,3,0.013648985996276728,12,0.5928205178334394
лампочки,0.7340081156967809,5,0.0435961636878818,16,0.6904119520088992
левой,0.24880712958655216,6,0.30605648497701327,16,-0.05724935539046111
левую,0.6074030154650675,3,0.306482440006323,14,0.30092057545874445
легенде,0.5167582175093726,2,0.41892966352351696,3,0.0978285539858556
легион,0.027305952506223294,3,0.25286578158186407,13,-0.22555982907564076
легкий,0.104150170580288,2,0.100784774395107,17,0.003365396185181002
легких,0.00226468721828,1,0.38312035478698214,13,-0.38085566756870215
легко,0.5194539179059061,7,0.14009273972422037,17,0.37936117818168574
легкого,0.3344792884200494,3,0.18722772469404844,12,0.14725156372600098
легкой,0.30893800048610703,1,0.4976746930941272,9,-0.18873669260802017
легком,0.37919109246999505,1,0.013420850361298501,4,0.3657702421086966
легче,0.7279411322497826,6,0.18213028035247567,27,0.5458108518973069
лежал,0.043190975794974,1,0.17865600960012848,25,-0.13546503380515448
лежала,0.6468607851635003,3,0.2520682494277166,22,0.3947925357357837
лежали,0.13443896809184852,4,0.11335015939585771,28,0.021088808695990807
лежало,0.007228483700166001,2,0.10346782619063621,24,-0.09623934249047021
лежат,0.41784994451625923,5,0.15955383068919002,21,0.2582961138270692
лежит,0.7418066011738507,3,0.4486087653843926,16,0.29319783578945807
лежку,2.1753613699072548e-06,2,0.0012408466258966263,21,-0.001238671264526719
лез,0.001204099842036,1,0.03886305875565134,9,-0.03765895891361534
лезет,0.9969164145691791,1,0.3555864103768646,20,0.6413300041923145
лень,0.05508676779439001,4,0.24572318423782563,20,-0.19063641644343562
лепешку,0.486928924668203,3,0.026902590191993602,11,0.4600263344762094
лес,0.4314297128405136,3,0.21983259697846308,17,0.21159711586205054
леса,0.464389485890188,1,0.16547285637122439,13,0.29891662951896364
лесом,0.098049105992631,1,0.10950729481909394,12,-0.011458188826462934
лет,0.8568979809771999,36,0.8193527259774441,16,0.037545254999755806
летела,0.05393431678940701,2,0.03172001536130831,21,0.0222143014280987
лететь,0.55179766136557,1,0.06040214335632949,23,0.4913955180092405
летом,0.9041256236665127,3,0.16616726888173183,11,0.7379583547847809
лету,0.22360012773367263,10,0.12180609928650303,12,0.1017940284471696
ли,0.9197928965176939,139,0.6668571439434676,21,0.2529357525742263
ливень,0.028991361224759604,5,0.04266927443447404,11,-0.013677913209714437
линии,0.7428939823200688,4,0.09824522524679345,7,0.6446487570732753
линию,0.9962477266475603,3,0.1120073352857611,10,0.8842403913617992
лица,0.7573219383249037,8,0.47641380888450263,12,0.28090812944040106
лицах,0.276222034401806,3,0.5177631000636642,18,-0.24154106566185823
лице,0.8893474997668548,8,0.5952419016018023,16,0.29410559816505244
лицо,0.6703039993409946,16,0.3533446852356154,18,0.3169593141053792
лицом,0.8440910683319165,9,0.32434228780809043,9,0.5197487805238261
лицу,0.9934362695682772,8,0.42968750235138464,17,0.5637487672168926
лично,0.010197115000124334,3,0.06080422240759212,19,-0.05060710740746778
личном,0.5565850438900045,4,0.3156675145937958,11,0.24091752929620874
лишен,0.6707222996339536,2,0.2851174262359584,11,0.38560487339799515
лишком,0.12166165688186269,3,1.7227071192864449e-06,1,0.1216599341747434
лишку,1.008377597379614e-06,1,0.03890611134603297,15,-0.03890510296843559
лишнего,0.5792361002867176,2,0.1875860862150752,21,0.39165001407164235
лишнее,0.000130511045331,1,0.13681226409980185,19,-0.13668175305447086
лишние,0.00017720190185200002,1,0.07606291163786451,28,-0.07588570973601251
лишний,0.000438248199116,1,0.0759450359156071,16,-0.0755067877164911
лишним,0.6743197973863986,10,0.01447709539766799,8,0.6598427019887306
лишних,0.8476387429651622,6,0.09624113510372675,11,0.7513976078614354
лишь,0.6337539040452184,30,0.14696749102181222,10,0.48678641302340614
лоб,0.7156791193926206,16,0.18523896051955727,19,0.5304401588730634
ложись,0.2442694928198575,2,0.010632145302735561,41,0.23363734751712192
ложном,0.13314084810012836,3,0.030209314634733253,4,0.1029315334653951
локоть,0.928416800129168,3,0.20581896758499363,13,0.7225978325441744
лом,0.3004819100502022,5,0.021057461419777792,25,0.2794244486304244
лопатки,0.24282486432162367,3,0.12050596785414812,9,0.12231889646747555
лопатой,0.0028379752555493334,3,0.030329980635276768,21,-0.027492005379727433
лопни,0.0009917585464590001,2,0.002945457022645648,23,-0.0019536984761866476
лукавого,0.12661694654153668,3,0.0005966647140828957,6,0.12602028182745378
луны,0.40176411865805106,5,0.160856980624379,12,0.24090713803367206
лучше,0.4542439038681578,46,0.40520491681930143,21,0.04903898704885634
лучшего,0.9986873512500795,3,0.1756075509199524,11,0.8230798003301271
лучшем,0.707894187627244,8,0.45263283510378666,5,0.25526135252345733
лучшему,0.997193427392595,3,0.8205667282501284,19,0.17662669914246654
лучших,0.98091455539529,3,0.3134458549688771,9,0.6674687004264129
львиная,0.05722134766096062,3,0.017146618094064137,7,0.04007472956689648
любезны,0.2982019113784902,5,0.2566828835741022,24,0.04151902780438804
любо-дорого,0.0011678733758407952,5,5.053704220698752e-05,23,0.0011173363336338077
любое,0.851602007483183,3,0.3315150784908511,11,0.520086928992332
любой,0.9072919024702872,18,0.20493514751841335,11,0.7023567549518739
любому,0.23667671870062434,3,0.19949895573939297,18,0.037177762961231375
людей,0.33609816000233356,7,0.22774414814858077,12,0.10835401185375279
люди,0.008576447847800333,3,0.25153588560292983,14,-0.2429594377551295
людях,0.16743398867881967,6,0.2603604442954788,15,-0.0929264556166591
лямку,0.19152358498957733,3,0.15066681138193447,14,0.040856773607642866
мази,0.034677552472138336,3,0.029295181258429056,7,0.00538237121370928
макар,0.9988904382395513,5,0.013550742926090594,10,0.9853396953134607
макаром,0.016377188990438,3,0.01985824954723899,10,-0.003481060556800992
максимум,0.040985316103023,2,0.059284560693272655,18,-0.018299244590249654
мала,6.460994962984223e-06,3,0.24676633326519692,17,-0.24675987227023394
малая,0.9739905615043881,4,0.2805865846797557,9,0.6934039768246324
маленькая,0.7851306679918676,4,0.21494444864246975,18,0.5701862193493978
маленький,0.3914020818587576,4,0.15001380886129506,15,0.24138827299746252
мало,0.4792970368934788,29,0.39120446403769527,16,0.08809257285578354
мало-мальски,0.0024308869331949503,5,1.0285283208824421e-05,1,0.0024206016499861258
мало-помалу,2.3845283173066806e-05,3,0.00023740343344746755,8,-0.00021355815027440076
малого,0.9619454419518914,5,0.33690012452315027,10,0.6250453174287411
малой,0.7575294601224073,3,0.14280129085976534,6,0.614728169262642
манером,0.0033853421326743333,3,0.01383120882933972,15,-0.010445866696665387
марки,0.005661322880555,2,0.2895928241275158,11,-0.2839315012469608
маркой,0.04417610938870434,3,0.5281101652143145,6,-0.4839340558256102
маслу,0.7207066036947666,3,0.005671765146682601,7,0.715034838548084
масса,0.0862216239193758,5,0.1755933725427957,17,-0.0893717486234199
массе,0.8456124087063093,8,0.32549780649163546,10,0.5201146022146739
массой,0.638444509568845,1,0.125615484803214,5,0.5128290247656311
мастак,0.039960397747219004,2,0.008404428383744797,29,0.031555969363474205
мастей,0.7094949460844303,3,0.15018600219517186,2,0.5593089438892584
матери,0.944701999772078,1,0.1377428670785217,13,0.8069591326935563
матом,0.56878037366673,3,0.1313777613957212,13,0.43740261227100874
мать,0.8951934896394667,2,0.2327835665129625,16,0.6624099231265042
маха,0.034086662878027,1,0.012127227089038075,12,0.02195943578898893
махом,0.48145855656558173,3,0.0009583314306910192,13,0.4805002251348907
маху,0.31337149556684896,6,0.2854753513290135,9,0.02789614423783543
маяться,0.32576540762211303,3,0.0003372558570064976,25,0.32542815176510653
мгновение,0.698612719356636,8,0.13242716295905876,18,0.5661855563975773
мгновенно,0.0024561820480055794,5,0.025708086834735404,16,-0.023251904786729824
ме,0.41541975861555985,5,0.05897105793301692,13,0.3564487006825429
мед,4.2268382319637824e-05,1,0.10006049871134093,22,-0.1000182303290213
медом,0.946643600122143,3,0.029599399704761505,10,0.9170442004173814
между,0.7906473974761992,8,0.896249448091706,4,-0.10560205061550687
мелочам,0.09388978365241701,3,0.07284245691376157,12,0.021047326738655447
мелочи,0.5492253295039864,3,0.08435235338603905,20,0.4648729761179473
мельком,0.0162395983366306,5,0.08813150034582641,13,-0.07189190200919582
менее,0.9887900351460032,11,0.6277558008164443,4,0.36103423432955883
меньше,0.5364103436958162,7,0.26835983609591024,15,0.26805050759990595
меньшей,0.33801623310021234,6,0.32104454106255054,4,0.0169716920376618
меня,0.8059818311932186,12,0.3303390697918462,26,0.47564276140137246
мере,0.9134874973428082,41,0.2209317698496327,3,0.6925557274931755
мертвым,0.21099703880755602,3,0.1224685932823111,13,0.08852844552524491
меру,0.1599826196209168,5,0.3211821513612397,16,-0.16119953174032287
меры,0.5620409004507113,8,0.43107894917152567,8,0.13096195127918564
места,0.9943771666223842,16,0.4490006174367943,13,0.5453765491855899
месте,0.9820122975086946,24,0.7240305360069381,7,0.25798176150175645
место,0.7638305216052255,8,0.5744783045023575,11,0.18935221710286798
месту,0.996978682291721,2,0.6026842710293416,5,0.3942944112623794
мечтать,0.9021120251715551,1,0.3194449177290436,14,0.5826671074425115
мечтаю,0.168002641017712,1,0.10796425347270096,21,0.06003838754501105
мечтая,0.530985761194802,1,0.058311490727171504,2,0.4726742704676305
мешает,0.6294080956018481,6,0.2458309672393204,26,0.38357712836252766
мешало,0.3821662428970648,4,0.14240249727598125,24,0.23976374562108355
мешка,0.32910033101131403,1,0.29366753633265613,11,0.0354327946786579
мешком,0.658879959389371,1,0.183831275055983,14,0.47504868433338804
мешок,0.12919392689486633,3,0.08235041644544719,10,0.046843510449419146
миг,0.14585532484910435,9,0.08915125820840705,16,0.0567040666406973
мизинца,0.13811011097804318,3,0.0036010204426013557,9,0.13450909053544183
мил,0.7618089479167461,3,0.2654006735438389,20,0.49640827437290724
миленькие,0.022978145420654003,1,0.004410479249382529,31,0.018567666171271473
миленький,0.0014689075694150002,1,0.0021770466452382038,35,-0.0007081390758232036
миленького,0.008418055519321,1,0.0013192817013569543,19,0.0070987738179640455
миллиметр,0.22908428860589353,2,0.004788424215711754,13,0.22429586439018176
миллион,0.06345711802967001,5,0.07759477455079343,18,-0.01413765652112342
милое,0.2581874753209395,2,0.056790578023342204,13,0.2013968972975973
милости,0.34105778896022965,11,0.09739160703430495,13,0.2436661819259247
милость,0.6167753878353522,10,0.2462148143645363,11,0.37056057347081595
милую,0.9757740365839185,3,0.06998176193046085,9,0.9057922746534577
милю,0.004800050126698,2,0.03822580803656506,9,-0.03342575790986706
мимо,0.9714323559791129,5,0.6840874023315305,17,0.2873449536475824
минимум,0.4142134168698993,7,0.11327997151635764,9,0.30093344535354166
минус,0.1149303164283817,8,0.35200229260520094,19,-0.23707197617681924
минусе,0.001254341887291479,3,0.00013468740897298772,3,0.0011196544783184912
минут,0.986459256768189,12,0.5517115452541709,18,0.43474771151401814
минутах,0.9903751658535384,3,0.485393415844789,6,0.5049817500087493
минуте,0.628366223711463,1,0.41947230375047967,11,0.20889391996098333
минутку,0.4561645684962947,3,0.046476453025172164,36,0.40968811547112255
минуточку,0.0091388466467574,5,0.01098552530477511,31,-0.0018466786580177107
минуту,0.4633263345769651,11,0.3249484569740454,18,0.1383778776029197
минуты,0.9796511403938085,3,0.3543306133057025,16,0.625320527088106
мира,0.998087465048862,3,0.4041501899749411,9,0.5939372750739209
мире,0.550763264247625,1,0.5652015233866783,11,-0.014438259139053278
мириады,0.001104148099807027,4,0.0001504427406812025,7,0.0009537053591258244
миром,0.44951609061298586,5,0.37721485156395584,9,0.07230123904903002
младая,0.002581954271834,1,0.00061401443989781,18,0.0019679398319361902
мне,0.8975207375673995,30,0.5772666272307443,17,0.3202541103366552
мнению,0.7502047339742214,3,0.608567602897863,3,0.14163713107635834
мнения,0.9996613219271171,1,0.47483910296002807,9,0.524822218967089
многих,0.0144718069234178,5,0.04681832111402421,5,-0.03234651419060641
много,0.5869703678464735,16,0.5188512505812928,21,0.06811911726518072
многом,0.8943019547223645,5,0.3530630094082956,12,0.5412389453140689
множество,0.9620107181228852,5,0.0878802213141621,11,0.8741304968087231
мог,0.7425353531186312,25,0.43595107838373287,13,0.3065842747348983
могилы,0.101999382963772,1,0.04137732491452548,11,0.06062205804924652
могла,0.13264789994871135,6,0.4591761369602665,10,-0.32652823701155514
могли,0.907307243261621,1,0.36714806295383823,10,0.5401591803077828
могло,0.2864035017968868,5,0.5767673766264549,13,-0.29036387482956816
могу,0.3949466037823735,12,0.3538227355530525,24,0.041123868229321014
могут,0.910021276823593,1,0.6771587146269649,8,0.23286256219662815
моде,0.45121843341181705,2,0.29364676161779785,15,0.1575716717940192
моду,0.35009862537154274,3,0.2239447262608913,17,0.12615389911065145
мое,0.4465059257106891,3,0.2757534607434533,25,0.17075246496723578
можем,0.794132555404359,1,0.408376164745605,15,0.385756390658754
может,0.8615497246268208,39,0.24624151693582383,15,0.6153082076909969
можешь,0.994900968245737,1,0.2936354059457251,30,0.7012655623000119
можно,0.6698886596839455,52,0.5944041724101009,18,0.0754844872738446
мозга,0.9982583527531341,3,0.5150835706646602,10,0.483174782088474
мозгам,0.1279038613399322,5,0.04638817056649083,18,0.08151569077344137
мои,0.9150217711232755,5,0.37548213312682366,18,0.5395396379964519
мой,0.9506930979360343,3,0.34856292453666715,20,0.6021301733993671
мокрого,0.49414149019956344,5,0.05308591804477415,15,0.4410555721547893
молодости,0.9871232588337621,1,0.07545041290525291,13,0.9116728459285092
момент,0.8391399669253156,20,0.42485425729976,13,0.41428570962555555
море,0.10737254480722526,4,0.16782458083893498,15,-0.06045203603170972
морем,0.13841184194479042,5,0.18082304370345817,13,-0.04241120175866775
морочат,0.020077065616803003,1,0.0007709617660044435,11,0.019306103850798558
морочила,0.1928379447579,1,5.943531302210688e-05,4,0.1927785094448779
морочили,0.011314960934592002,1,0.055105332886235085,12,-0.043790371951643085
морочите,0.27663734155146,1,0.034293356938456025,26,0.242343984613004
моря,0.9570574584793136,2,0.20528606098085517,13,0.7517713974984583
моя,0.9697612731323426,5,0.3030225488388343,19,0.6667387242935083
мусорку,0.10070582186064651,2,0.02870195731051219,20,0.07200386455013433
мы,0.9408433945910859,4,0.4111792078998034,17,0.5296641866912826
мысли,0.9855238908477953,3,0.1921155627265914,16,0.793408328121204
мысль,0.05590047729899381,5,0.2933174216023901,17,-0.2374169443033963
мыслях,0.9845592455408249,4,0.019859366097016003,8,0.9646998794438089
мягко,0.6836202922104352,5,0.09604979584841374,18,0.5875704963620214
на,0.9401780032350155,1397,0.8551371237508006,16,0.0850408794842149
набит,0.7455655739091681,1,0.13310693527970016,16,0.6124586386294679
набралась,0.9700056637646461,2,0.13311136066106766,21,0.8368943031035785
набрался,0.54796163772794,3,0.20080589282368722,21,0.3471557449042528
навеки,0.170437940597397,4,0.02652914598969195,13,0.14390879460770506
наверное,0.24042541812005322,5,0.12249662511735523,27,0.11792879300269798
наверняка,0.0733046926941007,10,0.054890077265603625,16,0.018414615428497073
навсегда,0.9995306776559166,5,0.19703178526149795,18,0.8024988923944187
навскидку,1.8084095833725855e-05,8,6.985958017224043e-05,19,-5.177548433851458e-05
навстречу,0.4015816246474964,5,0.5073623168449104,19,-0.10578069219741398
навяжет,9.244844919291247e-05,1,4.741115424149692e-05,5,4.5037294951415555e-05
навязать,0.008970609805997001,1,0.2097078887438189,8,-0.2007372789378219
награду,0.3503299129261918,5,0.25974480405049505,14,0.09058510887569676
над,0.9815845087786496,6,0.7770418973113482,11,0.20454261146730135
надежде,0.9383620622408767,8,0.5130469721564523,6,0.42531509008442436
надеяться,0.40870910981291236,3,0.4626569413872452,19,-0.05394783157433286
надлежало,0.08779533716538801,1,0.0015997055183498772,13,0.08619563164703813
надлежащим,0.5785782824799647,3,0.000843617918486,2,0.5777346645614787
надлежит,0.014247083834086731,4,0.0026518993025660127,11,0.011595184531520718
надо,0.6296885713095732,52,0.32173398584864005,31,0.3079545854609332
надобности,0.27757946330223565,6,0.14871831106877165,8,0.128861152233464
надоело,0.42524262107496985,5,0.2004927644636428,31,0.22474985661132704
наездами,0.014246949652273199,5,0.001517222006394461,14,0.012729727645878737
назад,0.695751268903365,15,0.9395293738178131,8,-0.24377810491444807
назвали,0.5777770807415513,4,0.20546608575033987,17,0.37231099499121145
названием,0.9961490351702323,3,0.8286260488203891,7,0.1675229863498432
назвать,0.90366847058993,1,0.5942162677221192,15,0.30945220286781083
назидание,0.30964619756255984,5,6.057488121890139e-06,3,0.30964014007443796
назло,0.0598308139658833,8,0.13230494725405348,15,-0.07247413328817018
называемый,0.9722244159348058,3,0.10049684608948638,3,0.8717275698453194
называется,0.2917144047626623,10,0.24093933324731628,29,0.05077507151534602
называют,0.730282928616933,1,0.36132681894210633,10,0.36895610967482667
наиболее,0.03725609892519257,7,0.29179802230720137,6,-0.2545419233820088
наизнанку,0.5933986098699494,5,0.6714310684096844,9,-0.07803245853973495
наименее,2.1339654784078473e-05,1,0.04508668465987211,7,-0.045065345005088034
найдешь,0.48478056869474306,1,0.14646001866987138,27,0.3383205500248717
наказание,0.5399596663141463,4,0.29364535792525387,18,0.2463143083888924
накатанной,0.29125586700570644,5,0.13988765233033262,17,0.1513682146753738
накладе,0.04212713454388074,4,0.000318165526078423,3,0.04180896901780232
наклонной,0.34824304403256473,3,0.02004573340612523,14,0.3281973106264395
наконец,0.3854094003532997,8,0.06197250441148493,19,0.32343689594181474
наконец-то,0.061497456358036474,2,0.000240502700704,2,0.061256953657332476
налево,0.9997785581818511,1,0.44136868332126494,18,0.5584098748605861
наличии,0.23446691252562601,4,0.692742831274171,5,-0.458275918748545
наличный,0.57548328820168,3,0.02791760819562032,8,0.5475656800060598
намазано,0.008153377766576667,3,0.0010660307608609792,23,0.007087347005715687
намерения,0.259147915631386,3,0.10626879483016452,7,0.15287912080122149
намного,0.17998301623761268,6,0.12688165561178086,19,0.05310136062583182
напасешься,0.00017980364400862372,5,0.00011483330588405011,28,6.497033812457361e-05
наперед,0.6857655256753393,3,0.05479312510586058,11,0.6309724005694788
наперекор,7.453444198667742e-05,5,2.9657112584523265e-05,6,4.487732940215415e-05
наплакал,0.04457006438954767,3,3.319040659547361e-07,1,0.04456973248548172
наподобие,0.05828050602292775,4,0.031674552365139434,10,0.02660595365778832
напоминает,0.38565864671929173,3,0.35798015003710826,18,0.027678496682183473
напоминающая,0.301970961795812,1,0.15928760091445884,6,0.14268336088135317
направо,0.9943618980016711,1,0.4889861989933769,15,0.5053756990082942
напрасно,0.04990304115492633,3,0.047210640883623596,22,0.002692400271302735
например,0.7701141707088848,4,0.12691739587876943,7,0.6431967748301153
напролет,0.0001878013033032218,5,0.33458007772422677,17,-0.33439227642092356
нарастающей,0.007644946118999084,3,0.01991971256258157,7,-0.012274766443582486
нарочно,0.004882345418536001,5,0.02459994940396201,28,-0.01971760398542601
нарушение,0.5705934401925135,5,0.38874021512954726,20,0.1818532250629662
нас,0.9627551271715553,4,0.3395921813225534,14,0.6231629458490019
насилу,4.329276951807136e-05,5,0.00015499956641422058,19,-0.00011170679689614921
наскока,0.001700464546199389,5,0.0025314259419180383,13,-0.0008309613957186493
наскоками,9.706019300096973e-06,5,6.150346463673881e-06,2,3.5556728364230928e-06
насколько,0.6223579375288499,16,0.3698485818094147,14,0.2525093557194352
настанет,0.21917384179448302,1,0.03704821343748167,17,0.18212562835700136
настолько,0.6546238463142009,5,0.6121336215953528,4,0.04249022471884811
настоящий,0.020749154449397,2,0.1350495680680252,10,-0.11430041361862821
насчет,0.3662866092750628,23,0.15396793126669892,30,0.21231867800836388
натворили,0.027350972908214,3,0.048313760267134916,21,-0.020962787358920914
натуре,0.10037472598660502,3,0.22502721240486537,12,-0.12465248641826035
наутек,0.039325819372911,3,0.030971240509279453,10,0.008354578863631546
нафиг,0.11516261928479334,6,0.02800095029094173,33,0.08716166899385161
находилась,0.22669822633993605,3,0.0444877777948497,11,0.18221044854508636
находились,0.074793253516032,1,0.15801632188683862,10,-0.08322306837080662
находите,0.18030560712711502,2,0.1310545752571645,32,0.04925103186995053
находится,0.40420920766406404,1,0.1788460332116447,9,0.22536317445241935
находишь,0.6681321953185764,3,0.1054152170058204,19,0.5627169783127559
нахрен,0.009668296616416251,4,0.005651472362307574,33,0.004016824254108677
нацело,1.662189169178842e-06,2,5.9087986250919205e-06,9,-4.246609455913079e-06
начала,0.5767623410318191,3,0.4106163466193341,9,0.166145994412485
начали,0.40003062452860305,2,0.2969777585188792,18,0.10305286600972385
начинал,0.05441328819489975,4,0.1442237239114292,16,-0.08981043571652945
начинала,0.00012634216660500002,1,0.2256264562152274,16,-0.22550011404862239
начнет,0.11724526983336402,1,0.18810844806037214,9,-0.07086317822700812
начнут,0.6133370242932691,1,0.31111559530482646,16,0.3022214289884426
наше,0.4755648804677838,5,0.29333746843851183,17,0.18222741202927195
нашел,0.11170496828960987,7,0.2828195158268718,12,-0.17111454753726196
наши,0.826207512189541,5,0.3336474059119203,9,0.4925601062776207
нашло,0.9820438049114684,5,0.45193583428766915,12,0.5301079706237992
не,0.9157142360835236,1849,0.8597571311092135,11,0.05595710497431017
небо,0.9403038661406363,3,0.4946236534075228,18,0.44568021273311353
небольшим,0.218793120657504,3,0.14075766705341558,5,0.07803545360408842
небом,0.9947729639441354,3,0.3788651571921851,7,0.6159078067519503
небось,0.03618364388391552,6,0.007091688728885512,31,0.029091955155030005
невдалеке,0.1073313991054165,2,0.00524106439110857,15,0.10209033471430794
неведении,0.9432884832142258,3,0.28890452741502753,8,0.6543839557991982
невесть,0.017228736651068603,5,0.182890309668495,16,-0.1656615730174264
невзирая,0.019649442116986503,6,0.004791968696038168,5,0.014857473420948335
неволей,0.006074313303307001,1,0.0005793441429027315,9,0.0054949691604042694
невооруженным,0.21312654416338592,5,0.04867083896140103,6,0.16445570520198488
невпроворот,0.0013098597163782395,5,0.0008966605125924653,20,0.0004131992037857742
невредимый,0.7124286740869076,2,0.25331797958564395,16,0.4591106945012636
невредимым,0.9980365878435,1,0.15854112383987656,11,0.8394954640036234
негде,0.7167056023058141,10,0.33240076974547655,24,0.3843048325603376
негусто,0.00018147735126049347,5,6.230531261029606e-05,26,0.00011917203865019741
недавно,0.0722940347982814,5,0.2547961848430006,10,-0.1825021500447192
недалеком,0.84268180711521,1,0.48675630669102016,6,0.35592550042418986
неделя,0.8402291791584584,5,0.2489900858719968,25,0.5912390932864616
недостатком,0.002475898684877,2,0.22030589846209034,3,-0.21782999977721335
недостаточно,0.0459761273102642,5,0.3623310779263495,19,-0.3163549506160853
нежели,0.016513299506883336,3,0.11773808801233202,9,-0.10122478850544868
независимо,0.5983884356684764,10,0.017549500242962854,6,0.5808389354255136
незаметно,0.08075957354953445,4,0.18420338686456234,17,-0.10344381331502789
незапамятных,0.3569372199747695,2,0.44371554523422746,9,-0.08677832525945794
незачем,0.04355185706367361,5,0.12330816291069498,21,-0.07975630584702137
незнамо,0.2775742103359011,6,0.001301683283230888,12,0.2762725270526702
неимением,0.6409274175274415,2,0.4809758013039641,11,0.15995161622347742
неймется,2.5997211709921807e-06,5,8.343076131157977e-06,30,-5.7433549601657966e-06
некогда,0.21489728867180405,5,0.16840233171254343,10,0.04649495695926062
некого,0.45652407721645566,5,0.30341563738312094,21,0.15310843983333472
некому,0.35561884880485445,5,0.28590975291081794,22,0.06970909589403651
некотором,0.20692965260323853,4,0.40334791850537255,18,-0.19641826590213401
некоторых,0.004545972001683334,3,0.29291762790851683,10,-0.2883716559068335
некуда,0.8223902874320642,23,0.5915389259371693,24,0.23085136149489494
неладен,0.089058559923911,3,0.0029655532385594718,2,0.08609300668535153
неладна,0.23038117342110903,2,0.00016846908168168917,3,0.23021270433942734
неладное,0.4977983528572235,2,0.4817520324105843,15,0.01604632044663923
нельзя,0.5185338572889256,35,0.42858889206906037,25,0.08994496521986528
немилости,0.001605597241863826,3,4.585042345977287e-05,8,0.001559746818404053
немного,0.31097719836365484,7,0.20603135077652598,20,0.10494584758712885
немножко,0.004279769830145334,3,0.016935370024727458,21,-0.012655600194582124
ненадолго,0.006985563205128667,3,0.13356451846932516,21,-0.1265789552641965
ненормальная,0.021118266161045,1,0.006074232495224138,26,0.015044033665820862
необходима,0.9181342539491201,1,0.1479431472915121,21,0.7701911066576079
необходимо,0.0342473920015396,5,0.1929549060981018,10,-0.1587075140965622
необходимости,0.5268795477069358,3,0.37448337606964555,4,0.15239617163729025
необыкновенно,0.0010005458914706467,2,0.002533981138261751,12,-0.0015334352467911041
неожиданно,0.000694377834076,1,0.1399207385163495,18,-0.1392263606822735
неохота,0.009853161636597501,2,0.015700122121490332,33,-0.005846960484892831
неподалеку,0.19701904970306103,1,0.044422606731628886,16,0.15259644297143216
непочатый,0.006138335218746334,3,1.149256032703274e-05,5,0.006126842658419301
неправдами,0.9990606375860507,3,0.15469232975641756,5,0.8443683078296331
нерешительности,0.2092540493094182,5,0.0004976663559724936,2,0.20875638295344573
неродной,0.00017629697085133332,3,0.00015908979826142233,16,1.720717258991099e-05
несет,0.194814722130998,2,0.4421894755819909,12,-0.24737475345099288
несете,0.025599174298904,1,0.12763691855429218,28,-0.10203774425538818
несешь,0.150185184532167,1,0.07624631026035805,30,0.07393887427180895
несло,0.018752413317379337,3,0.09139377104224865,24,-0.07264135772486931
несмотря,0.9707264126051525,9,0.7918753883842193,5,0.17885102422093313
несолоно,0.8961138107471328,3,0.869179802379318,1,0.026934008367814788
нести,0.537752662450334,1,0.18873392614259132,10,0.3490187363077427
несу,0.328276822956358,1,0.07182033788573823,22,0.2564564850706198
несут,0.6032276637708374,4,0.27038319414641987,13,0.3328444696244175
несчастью,0.0074150376284206,5,0.20500747029311917,4,-0.19759243266469856
нет,0.7253940856279256,122,0.5720377923008182,30,0.15335629332710743
нет-нет,0.1264647049556592,5,4.3655582282842297e-07,1,0.12646426839983638
нету,0.012688451302269001,1,0.03648784754662419,35,-0.023799396244355186
неужели,0.01648994138001167,3,0.13812451903961576,34,-0.12163457765960409
неужто,0.002298788723014,2,0.004977977852915982,32,-0.002679189129901982
неурочное,0.001197419584886,1,0.009136302856568013,10,-0.007938883271682013
неурочный,0.00010866602404664222,2,0.005754145297839846,10,-0.0056454792737932035
нехорошее,0.009473742116225,1,0.01820766522569884,22,-0.008733923109473839
нечего,0.6225793866032504,32,0.47002676259729925,26,0.15255262400595115
нечему,0.491771104606946,3,0.37776243711265556,28,0.11400866749429045
ни,0.8450397323819364,420,0.7341384347971969,4,0.11090129758473954
ни-ни,0.009211034756736621,5,0.00026237462571477866,25,0.008948660131021843
нигде,0.35334483935797045,5,0.11518284376264233,15,0.23816199559532814
ниже,0.8381151245238038,7,0.31099182806526654,14,0.5271232964585373
никак,0.39041130083993514,25,0.0949472738038499,5,0.2954640270360852
никакая,0.3778092675609305,5,0.28176784659787985,7,0.09604142096305063
никаким,0.8566389601735,3,0.16692867560226612,11,0.689710284571234
никаких,0.7306855493682515,6,0.6975343563850391,19,0.03315119298321234
никакого,0.171109930970625,3,0.7097245091205152,22,-0.5386145781498902
никакое,0.463065886092391,1,0.0089533353233176,5,0.4541125507690734
никакой,0.3328800256448152,6,0.4640590123017474,23,-0.13117898665693217
никогда,0.5118913951061733,11,0.9974983488126321,1,-0.4856069537064588
никто,0.8159857602123483,7,0.7349489468482749,14,0.08103681336407331
никуда,0.605009369949649,2,0.49774106715861116,17,0.10726830279103788
ним,0.896522051930099,1,0.299240530325159,13,0.5972815216049401
нипочем,0.0017943390180224347,6,0.002153466743309956,14,-0.0003591277252875211
нисколько,0.018045339803460732,11,6.241098280561682e-05,8,0.017982928820655115
ниточке,0.005324802489582961,4,0.0006247499299657247,14,0.004700052559617236
нитью,0.8877419855375807,3,0.253122348668248,8,0.6346196368693326
ничего,0.5770127669787098,82,0.5033506936061694,8,0.07366207337254049
ничем,0.055298164853531805,5,0.30003376578440566,3,-0.24473560093087385
ничто,0.008593690830136001,3,0.09966551549586176,12,-0.09107182466572576
ничуть,0.22507283903303432,10,1.7350489078360332e-05,1,0.22505548854395596
но,0.7135682244840968,103,0.21272884258789945,22,0.5008393818961974
новинку,0.32189149244658805,3,0.0685693688615305,9,0.25332212358505757
новой,0.048374812513597674,3,0.16773807753873451,8,-0.11936326502513683
новом,0.8725554016413211,1,0.2684672574877446,16,0.6040881441535765
новость,0.721695419129138,1,0.13060136785030338,27,0.5910940512788346
новостью,0.16832487319453102,1,0.13870381524570083,16,0.029621057948830187
ног,0.8374452022223102,21,0.5551201900112218,11,0.2823250122110884
нога,0.9993601227577461,3,0.1390325834990832,20,0.8603275392586629
ногам,0.9734926857907904,5,0.17448446812041205,14,0.7990082176703783
ногами,0.8482166637410206,10,0.2942328849855823,10,0.5539837787554382
ноге,0.990088154409919,3,0.4049884423475174,11,0.5850997120624016
ноги,0.6713801985892028,13,0.3329795245910677,17,0.3384006739981351
ногой,0.5299172085993605,7,0.07139393240571976,16,0.45852327619364075
ногтей,0.417138302842557,5,0.6821915280603726,7,-0.26505322521781566
ногу,0.9091350432232576,10,0.20030613996865423,20,0.7088289032546033
ножах,0.10876933038662334,3,0.0019248745786640507,9,0.10684445580795929
ноль,0.3630980397653345,2,0.22477260089687795,27,0.13832543886845655
норме,0.3155245238344164,10,0.11204999324455718,6,0.20347453058985926
нос,0.6694627175742079,16,0.41192332172060453,17,0.2575393958536034
носа,0.497359268596747,6,0.3560743966290505,14,0.1412848719676965
носил,0.12744440551744002,1,0.20015393369339343,10,-0.07270952817595341
носила,0.046102720576784,1,0.22838299629951686,18,-0.18228027572273287
носит,0.506220877620583,4,0.4260333442677073,14,0.0801875333528757
носом,0.712340621962983,12,0.3733893185496548,19,0.3389513034133282
носу,0.793531553909659,9,0.39139322994636344,19,0.4021383239632956
носят,0.7027710667876901,2,0.39332826374340524,14,0.30944280304428484
нотам,0.378821567974978,3,0.005386358147644441,13,0.3734352098273336
ночевал,0.990071644217136,3,0.023683621641140986,13,0.966388022575995
ночевать,0.964473657789594,1,0.07248710882889134,27,0.8919865489607027
ночи,0.6093834015138941,5,0.531418348243394,14,0.07796505327050018
ночуют,0.9807007415407131,1,0.02217652592137268,15,0.9585242156193404
ночь,0.6750193734417119,13,0.3306895777644724,19,0.34432979567723954
нраву,0.4235920966698214,3,0.0030851788104100004,1,0.4205069178594114
ну,0.6241830791548983,95,0.1858879359908243,35,0.43829514316407403
ну-ка,0.0012647396381195001,2,0.02200069334939593,31,-0.02073595371127643
нужен,0.6956477544185293,7,0.40243505120036394,21,0.2932127032181654
нужна,0.031419376628892,1,0.3214211699456841,25,-0.2900017933167921
нужно,0.33217990082974436,15,0.2034185608274442,17,0.12876134000230016
нужны,0.863196023087009,1,0.5047267096882846,19,0.35846931339872445
нуле,0.025978223170547397,5,0.00022407114954216603,4,0.02575415202100523
нуля,0.6868796878826631,5,0.24712862540271174,15,0.4397510624799513
нулям,0.0018987574893052919,4,0.007104971383201501,2,-0.005206213893896209
нутру,0.01645933932243133,3,0.002163782466244613,18,0.014295556856186718
нюхал,0.6884691532923191,1,0.13332739034672825,21,0.5551417629455908
о,0.9243593528473568,110,0.4996095813310742,6,0.4247497715162826
о-го-го,1.250695751092333e-06,5,5.982579346874728e-07,24,6.524378164048602e-07
об,0.9942472743290434,10,0.8747050132386494,17,0.11954226109039401
оба,0.9094983233772691,3,0.158107569678247,20,0.7513907536990221
обгон,0.004332722239445387,2,0.008126000944534367,21,-0.00379327870508898
обделил,0.36617899574878005,1,0.1687896267531495,21,0.19738936899563053
обе,0.9906059136096174,3,0.15058376487500225,18,0.8400221487346151
обед,0.973115951988862,3,0.08509317938973238,23,0.8880227725991297
обеими,0.117502303610651,1,0.43134838534065045,10,-0.31384608172999945
обернулась,0.19933051783092104,3,0.05175318323012767,27,0.14757733460079336
обернулось,0.031513337765916,1,0.023331112177922813,21,0.008182225587993187
обернулся,0.029478633245937004,1,0.03343224419061712,27,-0.003953610944680115
обиде,0.5097200466913366,3,0.22887622984718758,20,0.28084381684414905
обидел,0.8989165196502621,2,0.15001519200331723,24,0.7489013276469448
обидно,0.41115250254305896,3,0.09398458959624685,25,0.3171679129468121
обидного,0.01277676014549422,3,0.007806321230150161,17,0.00497043891534406
обиняков,0.0006615432579553334,3,2.1048440059741325e-05,2,0.0006404948178955921
области,0.786445670649715,2,0.6505165988314411,4,0.13592907181827396
обнимку,0.158094513293405,5,0.12624515270472486,13,0.031849360588680126
обогнав,0.048011053313687005,1,0.26389160537813083,5,-0.21588055206444384
обогнал,0.120902591544307,1,0.07147864168190704,22,0.049423949862399966
обозримом,0.758071283859537,2,0.45272426152242634,12,0.3053470223371107
обойдется,0.607361380600082,2,0.12606838089295513,29,0.4812929997071269
обойдутся,0.903791176782283,1,0.0398244320806475,24,0.8639667447016356
обойтись,0.9909700442472311,1,0.3807204832633665,25,0.6102495609838646
обошла,0.9273748309588911,1,0.29778333398839435,12,0.6295914969704968
обошлись,0.8375508540942941,1,0.059918562780237536,18,0.7776322913140565
образе,0.11373532496735121,5,0.627936949028243,3,-0.5142016240608919
образом,0.8918040341319299,25,0.8577489508521264,12,0.034055083279803444
образу,0.9986833770741814,3,0.27995250833431334,6,0.7187308687398681
образцу,0.36113441076646347,5,0.026824410580906004,2,0.33431000018555745
обратно,0.9799437994315621,1,0.19568921943731885,12,0.7842545799942432
обращает,0.9079599497766291,2,0.5134242129193244,11,0.3945357368573047
обращал,0.21000396006476302,1,0.3666451759913288,12,-0.15664121592656577
обрез,0.6258422739149899,6,0.0008459311854229126,15,0.6249963427295671
обстановке,0.2605875929053198,5,0.06586324978492102,3,0.19472434312039877
обухом,0.011947538599460667,3,0.004318473194490782,16,0.007629065404969886
обхвате,0.04276096580367433,3,0.04407145212328749,5,-0.001310486319613155
обход,0.086056964325757,3,0.07193080347766807,14,0.014126160848088931
обчелся,0.07971977365480068,3,0.01075338345109645,16,0.06896639020370424
общей,0.39655909169104825,4,0.36810564020565295,9,0.028453451485395298
общими,0.6497683271715253,3,0.2974685962526039,7,0.3522997309189214
общих,0.5257920373432448,3,0.42606918221373247,10,0.09972285512951229
объемом,0.14654541219815775,4,0.24920752471161203,6,-0.10266211251345428
обыкновению,0.4954720441696012,6,0.15811833722622953,2,0.3373537069433717
обычае,0.1372982977607435,2,0.02240553772996518,13,0.11489276003077833
обычаю,0.13894290987648836,3,0.001561459432716,1,0.13738145044377237
обычно,0.07185882155706501,3,0.048290965590759474,17,0.023567855966305534
обычным,0.17671601841913767,3,0.1830368978965432,16,-0.006320879477405533
обязуется,0.0055472117534056675,3,0.0024728357164109766,8,0.003074376036994691
обязуются,0.011630953955209002,1,0.007355246138775729,7,0.004275707816433273
обязывались,0.0021607126511060002,1,1.0854425464679355e-06,2,0.0021596272085595324
оглядки,0.5830923473611864,5,0.048324119510235505,2,0.5347682278509509
оглядкой,0.12518193645911035,3,0.12358115094261728,11,0.0016007855164930779
огне,0.008771435977388022,3,0.34766396996237503,9,-0.33889253398498703
огнем,0.4827919543399382,7,0.20231805215097795,14,0.2804739021889603
огня,0.7920942077494924,3,0.21738371782494717,12,0.5747104899245452
огонь,0.011100376377554174,5,0.08934499603697534,12,-0.07824461965942116
огоньком,0.0038309254152063335,3,0.08972909482816029,11,-0.08589816941295395
огурчик,0.145005018082444,2,0.027927023462835522,14,0.1170779946196085
один,0.7729250603213902,74,0.5341523837797169,20,0.23877267654167333
одинаково,0.2621283442562314,5,0.27041131302050414,11,-0.008282968764272758
одна,0.6572750694683485,17,0.5527239967219135,19,0.10455107274643494
однажды,0.2539091384536357,10,0.1905844592761605,11,0.06332467917747522
одни,0.5978110895679624,10,0.4712448233399452,13,0.12656626622801714
одним,0.8671539009131328,25,0.6426042835683132,11,0.2245496173448196
одних,0.42051592599840004,1,0.4274170747360464,8,-0.0069011487376463565
одно,0.7762915528917156,42,0.5581872336041402,15,0.21810431928757534
одновременно,0.5695424391826771,2,0.05550901032097775,10,0.5140334288616993
одного,0.749321906379929,8,0.4057225311110081,5,0.3435993752689209
одной,0.8035402553207165,17,0.4958721398011835,13,0.307668115519533
одном,0.9149974774706466,10,0.657283210368139,13,0.25771426710250767
одному,0.5493150883091199,9,0.5481793092849437,15,0.0011357790241761645
одну,0.45247381308923285,5,0.6830585195797677,14,-0.23058470649053486
одолжение,0.34959454627145164,3,0.03281950635447785,13,0.3167750399169738
ожидал,0.680157766371958,2,0.2444261891297598,24,0.43573157724219824
ожидали,0.6198004901005151,1,0.0903204373215153,22,0.5294800527789998
ожидания,0.7492738329274292,5,0.3309299657286644,11,0.4183438671987648
ой,0.072556014863058,1,0.24467400046537313,31,-0.17211798560231512
ока,0.9978635330234262,5,0.5805948152173881,11,0.41726871780603814
оказавшись,0.0064933113705530005,1,0.23419378018437065,11,-0.22770046881381764
оказалась,0.115057147886648,1,0.2167683749932486,20,-0.1017112271066006
оказались,0.024156258887210003,1,0.1829500962160091,17,-0.1587938373287991
оказался,0.13329703861918635,3,0.21154122133905373,26,-0.07824418271986738
оказаться,0.507619486591506,2,0.27502482772589004,7,0.23259465886561598
океан,0.018801532967555,1,0.1230200985155052,15,-0.1042185655479502
океане,0.015360100651629,1,0.4384225262718812,14,-0.4230624256202522
океаном,0.008853600720175001,2,0.05184270933880413,15,-0.04298910861862913
океаны,0.000850142326583,1,0.08970607326307038,10,-0.08885593093648739
окном,0.2619847070098293,4,0.6178705402301883,18,-0.355885833220359
околичностей,0.00018061748989835094,3,9.708133654954992e-05,5,8.353615334880102e-05
около,0.7033646862974328,8,0.44045086788089016,7,0.2629138184165426
окольными,0.014800750823617167,6,0.0011542100581755244,2,0.013646540765441643
оком,0.6524112881174803,5,0.3729110834392584,5,0.2795002046782219
окончательно,0.0187078928113548,5,0.20029995498014933,16,-0.18159206216879453
окромя,8.937565794975986e-06,5,3.768812203106375e-05,14,-2.8750556236087762e-05
окружении,0.38285356127358317,10,0.035459340363064334,3,0.34739422091051886
он,0.9975376116050931,1,0.23623188219247293,11,0.7613057294126202
оно,0.8492622380718136,14,0.2542048136709108,19,0.5950574244009028
опаски,0.01608940369517667,3,0.0004890481611142567,8,0.015600355534062412
опередивший,0.49364452500391204,1,2.7002415885869616e-05,5,0.49361752258802616
оперы,0.21990627156968837,3,0.34198191221839125,9,-0.12207564064870288
опор,0.6909174183419451,1,0.2698520240968036,11,0.4210653942451415
опять,0.5101873495328361,1,0.05975571803670436,26,0.4504316314961317
осадок,0.13482364745355982,5,0.32459572531467806,10,-0.18977207786111824
основании,0.8092228868492363,10,0.2139621571108955,2,0.5952607297383408
оснований,0.5177682817587367,8,0.4217454951074968,11,0.09602278665123987
основаниях,0.8598984717735031,3,0.7686352356612478,4,0.09126323611225529
основе,0.6730543870824465,5,0.406419540398401,3,0.26663484668404547
особенно,0.156453432126292,4,0.16402653279557836,15,-0.007573100669286348
особенности,0.331822274081338,4,0.04640285070676516,13,0.2854194233745729
особого,0.933280895425258,2,0.41996551394975656,13,0.5133153814755015
особое,0.158842584107383,1,0.2080849129969937,12,-0.04924232888961069
особой,0.49854232826710254,2,0.14606156999895714,8,0.3524807582681454
особых,0.7738466809142721,1,0.12826958555304882,18,0.6455770953612233
оставалось,0.8068353161696896,3,0.19874297242111055,25,0.608092343748579
оставившая,0.8860506785478011,1,0.2553538655496735,7,0.6306968129981276
оставил,0.5949846657184881,3,0.1937404331473894,12,0.40124423257109865
оставила,0.961859330688533,1,0.11925519741777085,11,0.8426041332707621
оставили,0.7257675047746761,1,0.2531151978158485,19,0.4726523069588276
оставим,0.9968972218197821,1,0.22549563677036005,26,0.771401585049422
оставите,0.644694025158911,1,0.1335904981547438,25,0.5111035270041673
оставить,0.6392502943297497,3,0.6719298250803929,7,-0.032679530750643226
оставляет,0.9805900230526601,2,0.24225407960460482,5,0.7383359434480552
оставлял,0.605301673636058,2,0.011387876987422508,15,0.5939137966486355
оставь,0.8532168174454181,2,0.12485322030992263,36,0.7283635971354955
оставьте,0.795910680048945,1,0.2550651645421982,35,0.5408455155067469
остается,0.5336028369351005,2,0.23270256341416742,15,0.30090027352093307
остаешься,0.041934262337566,1,0.06688149090423198,25,-0.02494722856666598
осталось,0.044152215115032006,1,0.2342478618832708,21,-0.19009564676823879
остальных,0.277938052866377,5,0.12839618919423337,11,0.14954186367214364
остатка,0.39308225728775803,5,0.012730908590250048,3,0.380351348697508
остатком,0.03559624659453658,5,0.0006543905773370931,10,0.034941856017199485
острастки,0.004017027960704782,3,6.0961798816573335e-06,2,0.004010931780823125
острого,0.704811865694356,1,0.09586969099366771,12,0.6089421747006883
острое,0.410581869240412,1,0.044151656922133714,12,0.3664302123182783
острой,0.022151443837068,1,0.027250989411126286,7,-0.005099545574058284
острый,0.294066262697656,2,0.1624558376805058,9,0.1316104250171502
от,0.9359045410141991,306,0.8612897642297067,12,0.07461477678449235
отбою,0.0020673205882410003,1,0.0004294309814213086,23,0.0016378896068196917
отбоя,0.39561759798660157,2,0.02735491108630672,21,0.36826268690029484
ответ,0.4675464640327007,3,0.31708370779377076,24,0.15046275623892996
отвечает,0.339350192141303,1,0.4072684379188946,13,-0.06791824577759159
отвечают,0.31100739465814203,1,0.17608083923320758,13,0.13492655542493445
отвечающие,0.613394336933343,1,0.7398008235240611,1,-0.12640648659071807
отвечающих,0.633926733572794,1,0.291748665215924,2,0.34217806835687004
отвода,0.9455707899526951,2,0.3866923531221608,9,0.5588784368305342
отводу,0.00046484095758000005,1,0.01401478861354707,6,-0.013549947655967069
отдалении,0.015691664219628376,3,0.003872221818409017,10,0.01181944240121936
отдали,0.14482615755421666,3,0.12435248446157236,23,0.020473673092644293
отдан,0.5350145400179861,1,0.4010597529506504,9,0.1339547870673357
отдано,0.8836723881088121,1,0.09528275408562002,14,0.7883896340231921
отданы,0.632445046901923,1,0.25647416565843034,11,0.3759708812434927
отдать,0.21491636279929552,2,0.43747171170447074,20,-0.22255534890517523
отдельности,0.7793590370567558,6,0.2447288838340235,4,0.5346301532227323
откажешь,0.6411329222336777,3,0.005872931554265856,21,0.6352599906794119
откладывать,0.5831552008841584,3,0.1928219768380299,22,0.39033322404612847
открыв,0.4899325415209587,3,0.1081304837347152,5,0.38180205778624354
открытой,0.2767134985305917,3,0.563059084385226,11,-0.2863455858546343
открытую,0.05266667212088901,3,0.4548073347895029,12,-0.4021406626686139
открытым,0.7242951058530905,13,0.46419218547236096,16,0.2601029203807296
откуда,0.8622049331509243,15,0.6160836263440985,22,0.24612130680682576
откуп,0.9557877022435417,5,0.20164768601568328,10,0.7541400162278584
отлете,0.0005743349262303344,5,0.0002278554326525434,9,0.000346479493577791
отличается,0.822842682800007,1,0.6564180575155013,14,0.16642462528450574
отличалась,0.5944036491166835,2,0.41084950397603187,12,0.18355414514065166
отличался,0.881922516651305,1,0.2673268781273725,11,0.6145956385239326
отличаются,0.9075562740095401,1,0.7608738521695837,7,0.1466824218399564
отличие,0.9990445865725516,5,0.28316601424743704,5,0.7158785723251145
отлично,0.3816098516380141,2,0.0582247812634075,24,0.32338507037460656
отнимешь,0.593527635012662,3,0.019496474611341838,33,0.5740311604013202
относилось,0.0032741441870140003,1,0.1352889828767926,15,-0.13201483868977862
относился,0.010063298716603001,1,0.3561901516298063,14,-0.3461268529132033
относятся,0.6377611401599587,3,0.7474288537360227,8,-0.10966771357606409
отношении,0.30124873209116887,7,0.4949900052798669,2,-0.19374127318869805
отношениях,0.7756803241174176,5,0.5122094300401877,9,0.2634708940772299
отныне,0.2062838577697205,10,0.0028635996085384858,7,0.203420258161182
отнять,0.430072337648472,5,0.19231409754003262,15,0.2377582401084394
отойдут,0.00034463068306200004,1,0.04420700794583764,10,-0.043862377262775636
оторвать,0.602460027485663,3,0.3701615156452275,18,0.23229851184043548
отошел,0.077302883369495,1,0.11218308824350523,28,-0.03488020487401022
отошла,0.022417741909940003,1,0.2135117511092546,21,-0.1910940091993146
отошло,0.002299568577773,1,0.0488729301114042,18,-0.0465733615336312
отрезало,0.198780364711343,3,0.03887870851015395,25,0.15990165620118904
отродясь,0.016091209209592,2,8.452267501559672e-05,1,0.016006686534576403
отсутствие,0.36350405656209184,5,0.1351222594424432,17,0.22838179711964865
отсутствием,0.997684844348626,1,0.518247522580741,8,0.479437321767885
отсутствовало,0.001267241877442,1,0.046741880789457076,16,-0.04547463891201507
отсутствует,0.019473259275612,1,0.11446307367127875,17,-0.09498981439566676
отсюда,0.5176383978981741,7,0.11479233249537743,31,0.40284606540279666
оттого,0.4134882186613402,5,0.004599171643231962,5,0.40888904701810824
оттуда,0.918178472867294,1,0.18267912507655773,18,0.7354993477907363
отходя,0.9809588375000382,5,0.06540571302360056,12,0.9155531244764377
отчаялись,0.00020299504353,1,0.004596043834987953,11,-0.004393048791457953
отчаялся,0.0016461577158640001,2,0.00012534215787230339,14,0.0015208155579916967
отчего,0.0802703482725412,5,0.03168892595423758,13,0.048581422318303626
отъезде,0.020580202039860333,3,0.05617835259570714,14,-0.03559815055584681
ох,0.6612333262141943,7,0.0849052586960872,36,0.5763280675181071
охапки,0.08296629806080101,1,0.039035325097100095,10,0.043930972963700916
охапку,0.2717188809091012,7,0.11903536229839444,8,0.15268351861070673
охота,0.04233315579105467,3,0.11284158680618536,27,-0.07050843101513068
охотку,0.00012294231552455182,3,4.434554261344162e-06,2,0.00011850776126320766
охотой,0.0022139240491683334,3,0.3926244836498655,10,-0.3904105596006972
очевидно,0.013812336411963,2,0.13791117751324275,11,-0.12409884110127975
очень,0.4575633965612786,31,0.3766472767226019,20,0.08091611983867669
очереди,0.417956546248899,17,0.48456436352791316,15,-0.06660781727901416
очередь,0.9469121959186123,13,0.09618060031129015,7,0.8507315956073221
очертя,0.08556430439268835,6,1.9291407652921058e-07,1,0.08556411147861182
очистки,0.9664466062237734,3,0.28311647781542715,8,0.6833301284083463
очков,0.7793162555920011,3,0.38384056249401965,15,0.3954756930979815
очумелая,1.0869694666562992e-05,1,1.8963178955093817e-05,11,-8.093484288530826e-06
ошалелый,0.000158741475963,1,0.0019262268792001602,16,-0.0017674854032371603
ошибки,0.08580888660458226,4,0.20465957198401527,12,-0.11885068537943301
ошибку,0.9372806743698259,4,0.44268937655149837,14,0.4945912978183275
ошпаренный,0.010145991702764002,1,1.0772301476402229e-05,3,0.0101352194012876
п,0.07189494764706901,1,0.3133926408959751,13,-0.24149769324890613
падает,0.618522621327884,1,0.24447146270652176,11,0.3740511586213623
пайке,0.8825669368498811,3,0.02745492415422752,15,0.8551120126956535
палец,0.9781111554862191,2,0.30444956119716643,19,0.6736615942890527
палки,0.8360140513121004,3,0.019620526914525874,17,0.8163935243975745
пальцам,0.7070288395413692,7,0.13995080817481187,11,0.5670780313665573
пальцах,0.637449747896042,1,0.26963100740016405,14,0.367818740495878
пальцев,0.9787793651245641,1,0.6143956128255029,16,0.36438375229906117
пальцем,0.41742768175882644,5,0.4303596282042159,17,-0.012931946445389475
памяти,0.4504426764913595,13,0.48770976628692825,12,-0.03726708979556875
память,0.7829243993220589,6,0.1807497069145765,18,0.6021746924074824
пар,0.3004774071781388,5,0.14222501939288937,12,0.15825238778524944
пара,0.5981575067898335,2,0.10713770754159013,14,0.49101979924824335
параде,0.05871632945142966,3,0.07262038076085521,20,-0.013904051309425548
параллельно,0.13460298996311262,7,0.0409686834766307,14,0.09363430648648192
парах,0.69764076530272,3,0.14957891140293525,13,0.5480618538997848
паре,0.31862060869903536,3,0.20343317805629402,18,0.11518743064274134
пари,0.9954995698901465,5,0.2806929137800675,16,0.714806656110079
пару,0.4809520469718577,3,0.6619212308847859,9,-0.1809691839129282
парусах,0.46662060469917555,2,0.0156152333028801,14,0.45100537139629543
пасхи,0.00022761588126315029,2,0.12314467723220361,10,-0.12291706135094047
пахнет,0.8667934538133892,5,0.4334747702861062,24,0.43331868352728303
пеленок,0.028828540974767336,3,0.0016490977968077157,15,0.02717944317795962
пеной,0.9981481422042014,3,0.07475152777178175,13,0.9233966144324197
пень,0.612863301292867,4,0.12447856477954397,23,0.48838473651332304
первая,0.916801483427888,1,0.38992104796389626,18,0.5268804354639918
перво-наперво,2.381709437783502e-07,3,5.960424630478292e-07,11,-3.57871519269479e-07
первого,0.8821633506627942,7,0.451139018431829,7,0.43102433223096515
первое,0.6481963769514913,9,0.21040038119160023,18,0.43779599575989114
первой,0.768671955549677,8,0.3650547626880637,7,0.40361719286161335
первом,0.5614520465982203,3,0.3781411102130176,11,0.18331093638520274
первому,0.47869647388097497,3,0.1813964224546796,15,0.29730005142629534
первости,0.0006456717548485,2,0.000870423826117747,6,-0.00022475207126924695
первую,0.7549350625910902,8,0.6207172803914653,6,0.13421778219962488
первый,0.4097448085006873,13,0.30660645510728596,13,0.10313835339340133
первым,0.9895285109694271,3,0.21489049311457628,15,0.7746380178548508
первых,0.8687919566462807,9,0.5104009872798855,6,0.35839096936639525
перевалил,0.7899733641634056,3,0.023743936880438094,9,0.7662294272829675
перевалило,0.8316880771841576,2,0.41549773009490565,3,0.41619034708925196
переводя,0.9913242802177461,3,0.47444864781368734,6,0.5168756324040588
перед,0.9251410514171098,23,0.660626831000155,12,0.2645142204169548
передали,0.9367574706954266,2,0.09266580351278426,17,0.8440916671826423
передано,0.9413463030558331,1,0.34916835047059047,7,0.5921779525852426
передышки,0.0033499390852906666,3,0.0004681473482165781,16,0.0028817917370740883
переименовал,0.007721244612199,1,0.02621887546764382,8,-0.01849763085544482
переименовали,0.947101807988542,1,0.046022285866018094,8,0.901079522122524
переименовать,0.49143518852051704,2,0.022255533265497306,10,0.46917965525501976
переименуйте,0.009557893580267,1,4.797668462339789e-06,1,0.00955309591180466
перекладных,0.0015276044602245843,3,3.210615433030818e-08,1,0.0015275723540702538
переносит,0.009022590002574,1,0.1085109748796781,12,-0.0994883848771041
переносить,0.06409025804175512,2,0.10154591472621775,13,-0.03745565668446263
перепуга,0.13045944356048,3,0.019119480613811145,22,0.11133996294666886
перепугу,0.006482315114376501,2,0.049319284161745386,18,-0.04283696904736888
перепутье,0.0053684564119345,2,1.3187325389426845e-07,2,0.005368324538680606
перерыва,0.37515750051072283,5,0.2948866583429746,11,0.08027084216774821
переставал,0.9716437946523651,1,0.1737931450241065,11,0.7978506496282586
переставали,0.005285964352660001,2,0.151893576926753,8,-0.14660761257409302
переставая,0.46257965415810665,5,0.030581871956519,2,0.43199778220158763
перестаем,0.0013528478096910001,1,0.22584321838673913,7,-0.22449037057704813
перестает,0.044575733391772,1,0.3327875536105911,17,-0.2882118202188191
перестал,0.7206338977299486,2,0.26194951784030246,20,0.4586843798896461
перестали,0.578668604923071,1,0.264557863166169,22,0.314110741756902
перестаньте,0.00023737906565600002,1,0.014838533125783562,31,-0.01460115406012756
пересчитать,0.8326571879835216,5,0.1496558182074228,14,0.6830013697760988
перехватило,0.9766513639936051,1,0.6142482060329685,19,0.3624031579606366
перец,0.1597851849829675,2,0.07646197479522056,9,0.08332321018774695
перешагнув,0.033820346073087,1,0.12987094718084977,4,-0.09605060110776276
перешагнул,0.697578707431836,1,0.16620558170021665,16,0.5313731257316194
перешагнуть,0.145644775488386,1,0.012809932715632048,13,0.13283484277275395
периодами,3.635922199924687e-05,5,0.0027008384533820005,3,-0.0026644792313827536
периодически,0.04386048300558241,5,0.009734854381141755,8,0.03412562862444066
персоной,0.9967262596923909,5,0.22386176664547427,8,0.7728644930469166
перспективе,0.0958196333709085,2,0.369260352695002,2,-0.27344071932409353
перцу,0.0039911031021623074,7,0.025066132461548783,20,-0.021075029359386474
печенок,0.03420553444224469,4,0.0028212542482559987,13,0.03138428019398869
пешком,0.4586958693744229,2,0.10640336944598346,21,0.3522924999284395
пику,0.0032201730130562004,5,0.00039134947832973697,5,0.0028288235347264635
писаному,0.0880725552605055,2,0.09118459668992912,8,-0.0031120414294236176
плакал,3.554921611711192e-05,3,0.14554780975231826,24,-0.14551226053620114
плакали,0.000245061787257,2,0.20438694071424807,23,-0.20414187892699107
пламенем,0.9475507520862411,2,0.40307357123751253,13,0.5444771808487285
плане,0.35838638561554803,8,0.9572615068088456,2,-0.5988751211932976
плачь,0.38436801372678503,3,0.13424653060332842,32,0.2501214831234566
плеча,0.6461691360312762,5,0.26930572655738666,14,0.3768634094738896
плечах,0.9916454791343485,5,0.272457115092538,21,0.7191883640418105
плечо,0.9366081460548312,4,0.36583440994712735,21,0.5707737361077039
плечу,0.3107471943052474,8,0.6280624976698747,3,-0.31731530336462727
плинтуса,0.0011976506403255,4,9.982479722757229e-05,11,0.0010978258430979278
плоскости,0.9059391595907991,1,0.28315375535640347,5,0.6227854042343957
плоти,0.9989069013296191,3,0.24803373243890212,9,0.750873168890717
плоть,0.9863414872050007,3,0.16912549732112575,9,0.8172159898838749
плохи,0.7873525990709896,5,0.1710895128298647,23,0.6162630862411249
плохо,0.4791494074744584,6,0.17682022851361717,20,0.3023291789608412
площадью,0.8154197340446521,5,0.27214973373063445,13,0.5432700003140176
плюс,0.33032082511756616,9,0.05735791410567384,24,0.2729629110118923
плюс-минус,3.497507585746637e-07,2,1.6852718230817842e-06,10,-1.3355210645071205e-06
по,0.9374486593507015,708,0.864448470780834,10,0.07300018856986756
по-вашему,9.127007422143614e-05,1,0.04038681459216272,32,-0.04029554451794128
по-видимому,0.0938542333413065,2,0.01595065592487155,6,0.07790357741643496
по-детски,0.0035571334761155004,4,0.006930060384605785,20,-0.0033729269084902844
по-моему,0.0031087923772382003,5,0.03566196757393931,35,-0.03255317519670111
по-прежнему,0.005596328884619671,5,0.03344245508825007,12,-0.0278461262036304
по-своему,0.04724526317070846,5,0.011304632981193394,15,0.035940630189515065
по-твоему,0.000891645511271,3,0.01936260071095155,32,-0.018470955199680547
побери,0.396043271786277,1,0.36493088683819425,22,0.031112384948082772
побоку,3.664662515386533e-05,2,8.335856318927339e-05,23,-4.671193803540806e-05
побрал,0.9909784432018043,5,0.5152007698116835,4,0.4757776733901208
повезло,0.744805033892476,6,0.19768429787586542,31,0.5471207360166106
повелось,0.299697778939482,5,0.02495414526848671,19,0.2747436336709953
поверхности,0.8332088500875153,4,0.11775037230644625,8,0.7154584777810691
повестке,0.677663978255422,3,0.10373972425611869,10,0.5739242539993034
повестку,0.9752911225236355,3,0.26652896938744985,16,0.7087621531361856
повод,0.7339981060768712,5,0.3027933425206532,12,0.431204763556218
повода,0.885825589555252,1,0.2822495491887665,14,0.6035760403664856
поворачивается,0.8341897604273086,3,0.23623477870526804,23,0.5979549817220406
повредило,0.200794250191304,2,0.053178458907060626,18,0.14761579128424338
погибель,0.008289204649717224,3,0.0007889832278202526,19,0.007500221421896972
погоди,0.119824016801187,5,0.04854219155854593,31,0.07128182524264107
погодите,0.0007128644693826695,4,0.011756438875695725,36,-0.011043574406313057
погодя,0.5126645177766788,3,0.11399608890391971,17,0.39866842887275905
погоняет,0.004459156959880667,3,0.008970970035202874,17,-0.004511813075322207
под,0.8948991521980326,218,0.6657388444606791,12,0.22916030773735352
подавал,0.7714498783977025,2,0.1624119163779279,14,0.6090379620197746
подавись,0.658513835749146,4,0.037877918551840854,35,0.6206359171973052
подавитесь,5.028838736992209e-07,1,0.003468211994221978,36,-0.0034677091103482785
подает,0.8462299548985006,2,0.06860567964235202,19,0.7776242752561486
подальше,0.9379887946129721,9,0.49028370757764805,16,0.4477050870353241
подарок,0.025094974594621334,3,0.18280921293981958,22,-0.15771423834519824
подать,0.9926517928282294,3,0.36512196876629177,17,0.6275298240619376
подачи,0.21779267336530445,5,0.30284567782683214,10,-0.08505300446152769
подаю,0.35225143335703,1,0.08953379426716525,20,0.2627176390898648
подбор,0.884235977309344,3,0.03898149815091806,16,0.845254479158426
подведена,0.9583981979097551,1,0.1785183907704903,19,0.7798798071392647
подвел,0.4927139287319155,2,0.1227698362063264,20,0.36994409252558913
подвернется,0.00033843918412300005,1,0.00386172491675791,11,-0.00352328573263491
поделать,0.3728683853861631,7,0.34397937147942464,24,0.02888901390673848
поделите,0.308138412085252,1,0.020737190775085197,15,0.2874012213101668
подери,0.33519510012157705,1,0.1456926087166135,31,0.18950249140496356
поди,0.023010064254653,1,0.08062915536652024,30,-0.057619091111867235
подлости,0.13207924948388472,7,0.009520695182362518,14,0.1225585543015222
подменили,0.5686525695921714,3,0.13190138527706333,20,0.43675118431510807
подмывало,0.3236150868929327,3,0.012245880784368939,13,0.3113692061085638
поднял,0.491555804951525,1,0.24898434013825052,17,0.2425714648132745
подняли,0.5343188333275656,4,0.277183349561448,22,0.25713548376611756
подобает,0.29085866860347476,7,0.14678226867284602,9,0.14407639993062873
подобию,0.9998923667068148,3,0.028784172713099816,3,0.971108193993715
подобно,0.8954123622917335,5,0.27028953498640285,7,0.6251228273053306
подобного,0.9077875715544426,2,0.12353971416415711,18,0.7842478573902855
подобное,0.9677957916298863,4,0.2416390041707912,19,0.7261567874590951
подожди,0.00052269893411292,2,0.045118401803022595,36,-0.044595702868909674
подождите,0.017511132635065412,3,0.026925563692438842,34,-0.00941443105737343
подряд,0.3707350073511509,8,0.5176819403813734,15,-0.1469469330302225
подтверждение,0.713426912817996,3,0.4052903040374476,11,0.3081366087805484
подумаешь,0.010444809141092502,4,0.005230338404200465,29,0.005214470736892037
подумай,0.4171261352743467,3,0.05451960653669829,32,0.3626065287376484
подумайте,0.046961124846494506,2,0.10339625434921819,30,-0.05643512950272368
подумал,0.44052832528364366,3,0.2064425393938761,18,0.23408578588976756
подумать,0.6396416444920289,14,0.21514141819105143,10,0.42450022630097745
подхвате,0.04374696097327067,3,0.007071264363992544,14,0.03667569660927812
подход,0.000183836410066,1,0.43389012276783334,12,-0.43370628635776737
подходе,0.3504314690017963,12,0.42771449216796753,13,-0.07728302316617125
подходил,0.39546654472424053,2,0.14003624592203787,17,0.2554302988022027
подходили,0.018663243745126002,1,0.2894441684165072,16,-0.2707809246713812
подходило,0.7311359552652761,1,0.11746977658778196,18,0.6136661786774942
подходят,0.9685375122121841,1,0.11545670818954779,17,0.8530808040226363
подчас,0.0003759738907025696,5,0.001137822813244031,9,-0.0007618489225414615
пожалуйста,0.3253629811683431,10,0.4440622531193569,30,-0.11869927195101376
пожарном,0.006237438741796,3,0.05150687632566642,8,-0.04526943758387042
пожарный,0.0039932866061890004,1,0.10951884270212582,11,-0.10552555609593682
пожелает,0.8155602445018351,2,0.11760010108687667,14,0.6979601434149584
пожелаешь,0.5436704844526091,3,0.012516243176591186,18,0.531154241276018
позволим,0.967333598253104,1,0.2630463743379938,16,0.7042872239151102
позволите,0.6234683765047311,2,0.2770919068446151,31,0.346376469660116
позволишь,0.0024329142662025,2,0.07860803339933418,30,-0.07617511913313169
позвольте,0.5286447855870208,3,0.09107171460857168,28,0.4375730709784491
позволю,0.5453513318755381,2,0.35552798387383727,18,0.1898233480017008
поздно,0.6881310989751818,6,0.4420446369139487,23,0.24608646206123308
поздравляла,0.072352989962416,1,0.12292949450390428,16,-0.05057650454148828
поздравляли,0.035095300262475,1,0.05043759372398519,21,-0.015342293461510184
поздравляю,0.872789251386979,1,0.22671039751687988,34,0.6460788538700992
пойдем,0.042898126182935,3,0.11861511114449502,36,-0.07571698496156001
пойдет,0.873427575285433,1,0.23143808820288128,8,0.6419894870825518
пойду,0.098670785652297,1,0.16759973981641804,33,-0.06892895416412104
пойми,0.31675463635031903,3,0.08743246852600878,32,0.22932216782431025
пока,0.8604460053702034,21,0.20236321726339368,24,0.6580827881068098
покажет,0.8816197506480261,3,0.3240784431262562,23,0.5575413075217699
покажу,0.6751885734233357,3,0.34321465387898714,35,0.3319739195443486
покажут,0.658354880140223,2,0.14024063616036508,13,0.518114243979858
покамест,1.882583385615685e-05,4,7.005110899786795e-06,11,1.1820722956370054e-05
покладая,0.9889453528789504,3,0.0022936982108420004,1,0.9866516546681083
поколение,0.9912581250925419,3,0.47937495255650353,10,0.5118831725360383
поколения,0.9846759430076707,3,0.6504814422361431,7,0.33419450077152757
полагается,0.03737443212656567,3,0.024454490589456156,24,0.01291994153710951
полдень,0.127470710201459,2,0.06063339202129755,21,0.06683731818016145
полдороге,0.003045131424771055,2,0.0008572462508350542,11,0.0021878851739360007
полдороги,0.00022443099878200002,1,0.0001001405867479564,14,0.00012429041203404362
полезли,0.6298374232499803,4,0.04393483338609549,24,0.5859025898638848
полета,0.7477257749850796,3,0.03309467910261296,15,0.7146310958824666
полна,0.9138546348563861,1,0.3332254308215602,16,0.5806292040348259
полная,0.024406951625961,2,0.19978297928641792,19,-0.1753760276604569
полно,0.1715063372762498,5,0.05554150819899826,19,0.11596482907725156
полное,0.093459365664217,1,0.35070983667136835,12,-0.25725047100715137
полной,0.7381556882205976,13,0.1921537965245815,8,0.5460018916960161
полном,0.6036620853674717,18,0.6349432329006204,8,-0.0312811475331487
полностью,0.8526156758574511,4,0.19534369136979593,10,0.6572719844876552
полноте,0.2621989646496787,3,0.0014792778170472443,11,0.2607196868326314
полнотой,0.013367618084727334,3,0.20395291852186342,5,-0.1905853004371361
полноты,0.6444021969920947,3,0.14178486962352188,8,0.5026173273685728
полную,0.5933830396212464,3,0.5875541843355628,10,0.005828855285683554
полны,0.9821922734312165,2,0.483279902364379,15,0.4989123710668375
полный,0.8079400328666932,4,0.39287939403468936,15,0.4150606388320039
полным,0.4572459587398597,3,0.6890488368262526,15,-0.23180287808639294
полным-полно,0.0004705337628074042,3,0.00032449219700585283,26,0.00014604156580155136
половина,0.791167553366927,1,0.19707392768524448,11,0.5940936256816826
половине,0.7537509197886871,2,0.5519776902430742,10,0.20177322954561294
половиной,0.6846365610349441,1,0.7682534516478408,14,-0.08361689061289668
половину,0.828965524819484,1,0.33933604954475993,16,0.4896294752747241
положении,0.708322564594624,6,0.0037236631403141586,2,0.7045989014543098
положения,0.5051020986269917,3,0.3194058744084246,10,0.18569622421856713
положено,0.2059726524614597,10,0.07061881170154263,16,0.13535384075991708
положит,0.9948898555048705,3,0.033468422973896066,10,0.9614214325309745
полон,0.8365485409009535,2,0.5017456134661328,23,0.33480292743482076
полочкам,0.3876874269362017,5,1.734576770183753e-05,1,0.3876700811684998
полпинка,0.003175945362486081,3,1.1034823376976359e-07,1,0.0031758350142523113
получилось,0.560148239455821,6,0.1014955899449694,27,0.4586526495108516
получите,0.09651983624211401,1,0.22608313078956613,30,-0.12956329454745213
получишь,0.3945421231489085,4,0.24006664805260217,27,0.15447547509630635
полы,0.9883763319395547,3,0.07328702448010448,13,0.9150893074594502
пользоваться,0.065123962036404,1,0.37129642066979324,13,-0.30617245863338927
пользу,0.8045721113499298,5,0.5299828639646251,11,0.27458924738530466
пользуются,0.7294401993471191,2,0.5821024841825988,17,0.14733771516452032
пользующихся,0.028755193023416004,1,0.054089323468733505,4,-0.0253341304453175
помаленечку,2.297057990281292e-08,1,1.5570253788759568e-07,21,-1.3273195798478274e-07
помаленьку,4.872802193625551e-07,1,4.859094941099454e-06,24,-4.371814721736899e-06
поманить,0.11108017101897934,3,0.0033511831627667,10,0.10772898785621264
помимо,0.3091410959425454,12,0.19829008959811456,5,0.11085100634443085
поминай,0.7593406807828512,5,0.25025387617459977,26,0.5090868046082515
помине,0.9099096622113567,5,0.6915151429904367,21,0.21839451922092
помирай,0.0215734454031774,5,0.018786187785189888,31,0.002787257617987513
помнится,0.05057175097236633,3,0.011401723530364899,12,0.03917002744200143
помнишь,0.0066453675750565,2,0.0910667602375833,29,-0.0844213926625268
помножить,0.0016907049951026157,2,0.0020879664431571157,11,-0.00039726144805450007
помню,0.950252883121362,3,0.12404268319805552,21,0.8262101999233065
помойку,0.018421943550429,1,0.09465529557829645,18,-0.07623335202786745
помощи,0.9981761097621747,3,0.6400519187736883,8,0.35812419098848647
помощью,0.936983317774018,5,0.7362003179197298,6,0.20078299985428816
помпой,0.04134887878908433,3,0.0017648433193613508,3,0.03958403546972298
помпы,0.0006961961829567861,3,0.00022974425295194128,16,0.0004664519300048448
помяни,0.0015034258066125002,2,0.004343101618723399,19,-0.002839675812110899
понемногу,0.0027080515328620006,2,0.012788568530133397,16,-0.010080516997271397
понемножечку,4.526156514438096e-12,1,3.0377164313877437e-09,11,-3.0331902748733057e-09
понемножку,1.0824963510866932e-08,2,6.211368172031958e-07,15,-6.103118536923289e-07
понимает,0.191971402373108,1,0.24649380781667155,14,-0.05452240544356354
понимаете,0.5127707493420443,5,0.3059182595581068,29,0.20685248978393744
понимаешь,0.4314998129449707,7,0.15009565782227316,25,0.28140415512269756
понимании,0.10895995602970826,4,0.2304499419390987,3,-0.12148998590939045
понимать,0.1972083702298832,5,0.14250692676632984,12,0.05470144346355335
понимаю,0.365666863881837,8,0.45239938873777097,23,-0.08673252485593397
понимают,0.9719136079860706,2,0.30527823487282646,21,0.6666353731132442
понял,0.346782207871577,2,0.3079837917100035,17,0.03879841616157348
понятия,0.9485654422476919,5,0.42190826219093963,17,0.5266571800567523
понятно,0.28276324548156,4,0.20292085313917457,23,0.07984239234238544
понять,0.5353234167168179,10,0.1611540268895415,8,0.37416938982727643
попа,0.002973159157876858,5,0.0655133757986689,10,-0.06254021664079204
попадется,7.918850340886429e-08,1,0.04339021223156867,17,-0.043390133043065264
попаду,0.069500335125375,1,0.1750474228916425,21,-0.10554708776626749
попадя,0.946208028186031,5,0.014200600744518144,4,0.9320074274415129
попала,0.8026209336613771,2,0.3668721738113371,17,0.43574875985004
попало,0.471750493316802,10,0.23429193890016053,16,0.2374585544166415
поперек,0.999935489116979,5,0.36416366060663846,12,0.6357718285103406
пополам,0.9999027198797638,5,0.30652707455942824,20,0.6933756453203355
попомни,0.302439162317277,1,0.03055784737125879,35,0.27188131494601825
попробует,0.6831878344761151,2,0.21965062004317218,16,0.46353721443294293
попробуй,0.528399644544391,1,0.07976631453105022,29,0.4486333300133408
попробуйте,0.370712140572447,2,0.08219246773558604,30,0.288519672836861
попросил,0.5537233091754977,3,0.09153866427983991,20,0.4621846448956578
попусту,0.0005022882676450001,1,0.06677459171681323,23,-0.06627230344916822
пор,0.900535069760801,25,0.9888054963270766,7,-0.0882704265662756
пора,0.48875133327216275,30,0.27770539916481335,30,0.2110459341073494
поразивший,0.536897753574882,1,0.025041522459364834,5,0.5118562311155171
поразит,0.024831795192340002,1,0.0071814814510693485,6,0.017650313741270653
порога,0.08536773770584401,3,0.03807352166293822,20,0.04729421604290579
порой,0.2988342724185695,6,0.03164035923191257,7,0.267193913186657
пороху,0.4524459163541053,4,0.06760032793181758,11,0.3848455884222877
пору,0.28035141417768,7,0.2500948667955663,4,0.030256547382113697
поры,0.6809939871332538,18,0.31113024409915546,15,0.3698637430340983
порядка,0.050517139267808,5,0.12245274144508163,8,-0.07193560217727363
порядке,0.8020698342806823,18,0.5198777649971916,9,0.2821920692834907
порядком,0.6948539624500865,9,0.09806718920764385,13,0.5967867732424426
поскольку,0.264035460437577,4,0.05586329889139251,2,0.20817216154618445
после,0.8455123946253313,16,0.7864330400946595,13,0.05907935453067181
последнего,0.6655805036044984,3,0.2926316815100296,9,0.3729488220944688
последнее,0.9637402741529496,2,0.4317885326950471,10,0.5319517414579025
последней,0.9971748760704081,1,0.17436373087221668,11,0.8228111451981914
последнем,0.7486703618757291,2,0.08421047935766023,7,0.6644598825180689
последние,0.42307360259532284,5,0.5653264352965062,10,-0.14225283270118333
последний,0.6605608640414659,9,0.27642527249417514,15,0.3841355915472907
последним,0.735269628626097,1,0.23974309835685984,12,0.4955265302692372
последняя,0.5357180108253651,1,0.07342300302885511,15,0.46229500779650995
последующем,0.000168079970683,1,0.030112662586162502,4,-0.0299445826154795
послушать,0.3873921053239419,6,0.057729017316351626,16,0.3296630880075903
посмотреть,0.023968444824211003,1,0.5012501132494317,11,-0.4772816684252207
посмотрим,0.6616014522138712,5,0.31002824167219256,32,0.35157321054167867
поспешил,0.0321639627616985,2,0.0617651089456727,21,-0.0296011461839742
поспешила,0.46596238932195005,1,0.06860725556663476,21,0.3973551337553153
поспорить,0.7411470923306588,4,0.13402092850691982,17,0.607126163823739
посредством,0.25157970269664076,5,0.004498030725840041,5,0.24708167197080072
поставив,0.013904321183361,1,0.18167716040688556,8,-0.16777283922352457
поставил,0.558599610437483,3,0.294068284504148,8,0.26453132593333495
поставили,0.66778806478841,1,0.2337296748423993,19,0.43405838994601076
поставить,0.9497474329345805,4,0.20793023683287534,10,0.7418171961017052
поставлен,0.76896220255043,1,0.3488276120253623,17,0.42013459052506774
поставленном,0.0223166193045515,2,0.103979506988741,2,-0.0816628876841895
поставьте,0.11882412439012902,1,0.037186231349351756,26,0.08163789304077726
постепенно,0.1927091899823822,5,0.1917611807050938,13,0.0009480092772884141
постой,0.019933924643463375,8,0.011065352401064934,27,0.008868572242398442
постойте,2.3867872798291902e-05,1,0.005635029812419898,37,-0.005611161939621605
постфактум,9.469189149582421e-06,5,4.8139932213060307e-05,9,-3.867074306347789e-05
посылках,0.007672725897998668,3,0.0008134076325777647,14,0.006859318265420903
поте,0.7664693980855923,3,0.30797030020376504,1,0.4584990978818273
потерял,0.5753480005910451,4,0.3224881801646233,17,0.2528598204264218
потеряла,0.45719726097670305,1,0.2953998396536025,21,0.16179742132310054
потеху,0.06318198986921181,5,0.0035662834916209154,6,0.059615706377590894
потихоньку,0.086551765590163,2,0.01574613720606716,15,0.07080562838409585
поток,0.6148937636968,5,0.33253013328636766,12,0.2823636304104324
потоке,0.042627526207504006,1,0.4302492754910533,10,-0.3876217492835493
потоку,0.38354488449642105,1,0.07358313619643103,9,0.30996174829999
потолка,0.8577100955390085,5,0.15897135659638484,12,0.6987387389426236
потом,0.4566661747934182,22,0.36376062927739117,16,0.09290554551602703
потому,0.5889415190605277,13,0.0344955506117176,5,0.5544459684488101
потрохами,0.010412945603826001,3,0.0016627867496087178,16,0.008750158854217283
потрясло,0.32818923042180304,1,0.009308706360310054,14,0.318880524061493
похож,0.9587483007246577,3,0.8050566174351763,14,0.15369168328948135
похожа,0.9806372015190516,2,0.6095213503254971,20,0.3711158511935545
похоже,0.7331351713801267,10,0.3562945550085493,19,0.37684061637157745
похожи,0.9790986689697541,1,0.6512422868325006,17,0.32785638213725343
почве,0.6156963181928974,5,0.011998583604882,2,0.6036977345880153
почем,0.04930471829706593,22,0.001378398526575404,25,0.04792631977049053
почему,0.8169421268512506,11,0.36457033636938874,30,0.4523717904818618
почете,0.012840261240209403,5,0.000552398303751,1,0.012287862936458404
почти,0.4103392594297717,3,0.08137239320550416,11,0.3289668662242675
почуяли,0.5508578022654861,1,0.09739878776396786,17,0.4534590145015182
пошевелю,0.00493003429834,1,0.003211565000672064,5,0.0017184692976679361
пошел,0.3741863746344683,4,0.1925126718526954,24,0.1816737027817729
пошла,0.295186065822297,2,0.29715636769562376,27,-0.001970301873326752
пошлет,0.21714123392733733,3,0.02237799198785437,17,0.19476324193948297
пошли,0.034502962292664335,3,0.15450407728713858,17,-0.12000111499447425
пошло,0.9982996852227973,10,0.22534164232394066,23,0.7729580428988567
поэтому,0.287146170401799,5,0.0706718180269684,15,0.21647435237483062
пр,0.018402840031936,2,0.033235524480236193,6,-0.014832684448300194
права,0.9189241981704106,4,0.4628588582627479,11,0.4560653399076627
правах,0.6760484036587993,8,0.29245189142796535,7,0.3835965122308339
правда,0.2747296299561421,20,0.025354127759277374,19,0.24937550219686472
правдами,0.9996152408630284,3,0.16275190336327922,5,0.8368633374997492
правде,0.8591834579920411,3,0.7886678130400668,17,0.07051564495197427
правилам,0.5203771049773143,4,0.29342601980418676,12,0.2269510851731275
правило,0.401665046561383,5,0.18726745593756525,4,0.21439759062381777
правильно,0.976877287846796,5,0.2741158221448767,19,0.7027614657019192
право,0.1163038604366488,10,0.7398830512427012,12,-0.6235791908060524
правую,0.9969367926468871,1,0.31054363822709424,12,0.6863931544197928
практике,0.7872998875740361,3,0.30850933148192267,8,0.47879055609211346
практически,0.20187921895444952,2,0.10612705347987221,6,0.09575216547457731
прах,0.9990091462970404,3,0.028302568900672374,9,0.970706577396368
пребываешь,0.000710395744128,1,0.0007173559237000908,8,-6.9601795720907866e-06
пребывал,0.1326159931023755,2,0.029736810017188878,6,0.10287918308518663
пребывали,0.007881674839615,1,0.05741084755363201,3,-0.04952917271401701
пребывать,0.0012419347143900002,1,0.00038273401904556897,3,0.0008592006953444312
пребываю,0.0178955218125455,2,0.0011860785874407394,11,0.016709443225104762
пребывают,0.0008976128687656482,3,0.006803297666948,2,-0.005905684798182352
превзошла,0.854961596874208,1,0.11071020920919618,14,0.7442513876650119
превзошли,0.5561007938249578,4,0.18616124508724843,12,0.3699395487377094
превыше,0.23411079625587602,3,0.02960799629850139,13,0.20450279995737464
преданию,0.5916591974080525,2,0.11123945298301985,6,0.48041974442503266
предварительно,0.2790026237240638,5,0.27906549340123527,5,-6.286967717145098e-05
пределе,0.505969153364863,5,0.0005317976720904647,5,0.5054373556927726
предлогом,0.6089583241646082,5,0.31748170733379155,4,0.2914766168308166
предложил,0.31737748986712755,2,0.23023702507124688,14,0.08714046479588067
предложила,0.400212046718994,1,0.10831379044451486,21,0.2918982562744792
предложите,0.011470125089633,1,0.01425915696450592,24,-0.0027890318748729197
представить,0.6286672243487478,3,0.4497060586267843,6,0.17896116572196347
представиться,0.6486518847597507,5,0.17044197281083703,23,0.4782099119489136
представлениям,0.0781028991799345,4,0.4939385054493133,4,-0.41583560626937877
представляет,0.96309662121323,5,0.4135951057644785,11,0.5495015154487515
представлял,0.11526922565724501,2,0.1790598595937303,11,-0.06379063393648529
представляю,0.571709018309528,4,0.20736197697347084,19,0.3643470413360572
представляют,0.9590710754250478,3,0.45501959481717263,10,0.5040514806078751
прежде,0.7056024347631722,7,0.44491411313906165,12,0.26068832162411054
преимущественно,0.0111798481516428,5,0.009399051026271001,8,0.0017807971253717986
прекрасный,0.9514558005737148,5,0.18167863458778175,17,0.769777165985933
прекрати,0.272933337070928,2,0.0176682089521807,37,0.2552651281187473
прекратите,0.15962258152689202,1,0.00858777577030219,33,0.1510348057565898
претензии,0.08721528099349034,3,0.1694296920690943,19,-0.08221441107560397
преувеличения,0.4599536326249385,2,0.005843866790297714,7,0.4541097658346408
при,0.9250741808345488,66,0.769641781983107,9,0.1554323988514419
прибавить,0.337077515498777,3,0.13965397801068533,12,0.1974235374880917
прибавь,0.00046422693418700004,1,0.0006374538389318335,20,-0.00017322690474483343
прибавьте,0.004165173598208,1,0.022852315754958528,11,-0.018687142156750526
приблизительно,0.038092092536114,6,0.012778229010453244,16,0.025313863525660757
приведи,0.057732948160348345,3,0.3810326400811204,31,-0.32329969192077207
привела,0.994093818334655,1,0.3924943641700511,16,0.6015994541646039
привести,0.9959457807395934,3,0.6574557681552069,8,0.3384900125843865
привет,0.2474408603183315,4,0.2725683973692776,37,-0.025127537050946114
приветствуем,0.08362191088111401,4,0.0034970964340704644,13,0.08012481444704354
приветствую,0.081164541320782,1,0.030053783961504366,33,0.05111075735927764
привлекает,0.144347715513397,3,0.21818368343116146,20,-0.07383596791776445
привлекал,0.035147172858193,1,0.074802668602818,14,-0.039655495744625006
привлекают,0.885492719403242,1,0.09602832793467371,13,0.7894643914685683
приводила,0.6409349950201001,1,0.2220317196793448,8,0.41890327534075533
приводит,0.338957654419485,1,0.47871600254340557,6,-0.13975834812392057
привычке,0.18080474852924366,3,0.000811128370834,2,0.17999362015840967
пригоршня,0.01398812641825073,5,0.006287233935468525,16,0.007700892482782204
придавал,0.7319648790518171,1,0.6401488908987545,12,0.09181598815306258
придавать,0.9481776695850861,1,0.4501776020713598,9,0.4980000675137263
придаем,0.7979407341562421,1,0.3837089656190198,9,0.4142317685372223
придачу,0.1134490342048908,5,0.1385291875870199,10,-0.0250801533821291
придают,0.46655616190806254,2,0.3730393785295262,8,0.09351678337853636
придет,0.13005550496697,4,0.08985258361372457,17,0.04020292135324542
придется,0.21103344223404616,13,0.12173241872608438,19,0.08930102350796178
придутся,6.076894555939843e-06,1,0.03581238693515062,15,-0.03580631004059468
призму,0.6322448183335567,3,0.4550862786312217,3,0.17715853970233503
прийти,0.996685204455768,1,0.5424259274798497,14,0.4542592769759183
прикидывается,0.035072103223376665,3,0.04516617465025573,16,-0.010094071426879063
прикидывайся,0.0511229936759235,2,0.05176878204791551,41,-0.000645788371992008
прикрас,0.006715126205268801,5,3.11112309898608e-05,4,0.006684014974278941
прикрытием,0.6952589963610558,4,0.03768023094927762,8,0.6575787654117782
прикурить,0.0011785160404194001,5,0.0009892854094512822,15,0.0001892306309681179
прилавка,0.14957051235368765,3,0.00579264581671666,8,0.143777866536971
применении,0.7870060288394629,5,0.4536889527520504,8,0.3333170760874125
пример,0.7277226566918235,25,0.49991431712069945,21,0.227808339571124
примера,0.5175623544180488,10,0.2753296856523767,11,0.24223266876567207
примерами,0.7725570082044833,4,0.008500420896457,5,0.7640565873080263
примерно,0.16826635877861357,9,0.1813269994774374,13,-0.013060640698823844
принимает,0.29523367791613303,1,0.37106444321669835,12,-0.07583076530056532
принимаешь,0.6581185152522289,4,0.16899950257107366,11,0.4891190126811552
принципу,0.7462242208313846,5,0.10481133583914881,5,0.6414128849922358
принявшая,0.3551775549919,1,0.6009451961471457,3,-0.2457676411552457
принял,0.508969272918325,2,0.595804821911107,9,-0.0868355489927819
приняла,0.44041651348776856,4,0.43766668463063335,14,0.002749828857135206
приняли,0.181391253179914,1,0.35905849941992896,13,-0.17766724624001495
принялся,0.022166311546846444,5,0.18661401059170724,10,-0.16444769904486078
принято,0.000197677162389,1,0.602827678483376,6,-0.602630001320987
принять,0.169229437331979,1,0.29273634014688105,7,-0.12350690281490204
припеваючи,5.017952809227401e-06,4,2.8356132623871513e-06,7,2.1823395468402494e-06
природе,0.39778343097930535,11,0.2764663640582596,12,0.12131706692104577
присест,0.304101454089091,3,0.14384171860939754,10,0.16025973547969347
пристало,0.26224732077393764,5,0.0009515951162420063,6,0.26129572565769565
пристрастием,0.29053528327305733,3,2.9652544985822927e-07,1,0.29053498674760747
присутствует,0.050031240895729,1,0.10071494269638762,8,-0.05068370180065861
присутствуют,0.012932596853546,2,0.23103361146523083,9,-0.21810101461168482
притворяется,0.8451404792430031,1,0.03667629850940775,24,0.8084641807335953
притворяешься,0.015755045785523,1,0.0012662367690535396,33,0.01448880901646946
притворялась,0.053744685637748,2,0.008373869758595179,23,0.04537081587915282
притворялся,0.2270790386385243,4,0.018749343688693167,17,0.20832969494983114
притворяться,0.263327246109858,1,0.06101955570048716,20,0.20230769040937086
притворяюсь,0.012988078037503,1,0.0023902667666196955,19,0.010597811270883306
притворяются,0.45399935569215505,1,0.005482582492318799,17,0.44851677319983624
притронется,0.002215151351375,1,0.021374316418077098,5,-0.019159165066702098
притронулись,6.410885585319463e-05,1,6.550545919218573e-05,6,-1.3966033389910975e-06
притронулся,0.014661660441141,1,0.0006032322471847552,18,0.014058428193956245
приходилась,0.555610699749783,2,0.1282449639178039,9,0.4273657358319791
приходился,0.9662603816046471,1,0.23495569371725472,8,0.7313046878873923
приходится,0.7996950880178888,7,0.27174431815752015,15,0.5279507698603687
прицеле,0.5391924166120327,3,0.18406001950456094,13,0.3551323971074717
причем,0.147839980694607,5,0.15527627169172328,7,-0.0074362909971162905
причине,0.8102261647038691,10,0.0069040474700480005,1,0.8033221172338211
причитается,0.38770099741830105,2,0.0038245668048059295,16,0.38387643061349513
причудами,0.0017037013901492145,3,0.0003258221004398511,4,0.0013778792897093635
пришел,0.227043284992428,2,0.15628521514141797,14,0.07075806985101005
пришелся,0.37305537273304,4,0.161522688638693,18,0.211532684094347
пришлась,0.155392118819488,1,0.2729407791877002,8,-0.11754866036821221
пришло,0.42000183661443075,8,0.41184976455752603,14,0.008152072056904713
пришлось,0.6538044876789747,3,0.20324959816267674,14,0.45055488951629796
пришьешь,5.1128145018642246e-05,3,0.00011173991099995746,12,-6.0611765981315214e-05
про,0.5886568380618077,11,0.5749173984873642,19,0.013739439574443457
пробил,0.07097647233563299,3,0.0572361787975572,13,0.013740293538075793
проблем,0.6796370055204187,3,0.17872182032597259,7,0.5009151851944461
проблема,0.6659788913941317,3,0.1515010276876203,11,0.5144778637065114
пробовал,0.005555656187985668,3,0.027686991244564505,26,-0.022131335056578837
пробовала,0.0031486600116480004,1,0.02294733862557331,24,-0.01979867861392531
пробовать,0.020689839294659,1,0.06768430647062748,20,-0.04699446717596848
пробы,0.4905521088183757,3,0.1508288705435033,13,0.3397232382748724
провались,0.030249475839782002,1,0.024075749795510984,31,0.006173726044271018
проведешь,0.037858855847330404,5,0.05149460378241475,17,-0.013635747935084347
программе,0.7677311128191346,4,0.038411678750816226,9,0.7293194340683185
продолжение,0.005431392874881,5,0.2167495927642102,23,-0.2113181998893292
продыха,3.640692260681554e-08,1,4.077409617881163e-06,6,-4.041002695274347e-06
продыху,7.09011402562737e-05,2,0.00018084719684574718,11,-0.00010994605658947348
прозвали,0.11112687530904139,5,0.08169577409485738,16,0.029431101214184005
произвела,0.9804789208438001,1,0.3464897732375972,16,0.6339891476062028
произвели,0.836752178628801,1,0.4274458151695674,11,0.4093063634592336
произвести,0.9675336866768751,1,0.26330439755697543,9,0.7042292891198997
пройдет,0.8753794118602536,2,0.07402330191567687,12,0.8013561099445767
прокатит,0.03461225107744641,5,0.013134408832249304,11,0.021477842245197103
проклят,0.987449768903347,8,0.09814293346740748,14,0.8893068354359396
проклята,0.9281846342514721,2,0.09994888670551223,6,0.8282357475459599
промах,0.2048140363209617,6,0.1409765373269303,18,0.0638374989940314
промаха,0.0009601418359686761,2,0.04054463278095448,14,-0.039584490944985805
промаху,2.7132452303021853e-05,1,0.0015847845794263033,13,-0.0015576521271232814
пропади,0.7584923248699805,2,0.4757284512667602,27,0.2827638736032203
пропадом,0.6780384517162901,3,0.6328483491729199,29,0.04519010254337019
пропасть,0.0006349625032488413,5,0.09224272435745831,19,-0.09160776185420946
прописал,0.32522658970600143,5,0.10537896214543503,15,0.21984762756056642
прорва,0.00818258367128645,2,0.007499029140701396,13,0.0006835545305850545
прорву,0.005026234819617173,3,0.002780266338972517,9,0.0022459684806446557
просим,0.6086421220340803,4,0.14327410037986177,19,0.46536802165421853
просит,0.08948855338023046,5,0.05261215579733685,15,0.03687639758289361
просится,0.018904955801251,1,0.004564357070176235,21,0.014340598731074766
прости,0.5201743911644571,1,0.16529122691257236,21,0.3548831642518847
простите,0.43631286143032255,2,0.15250910682380778,27,0.28380375460651475
просто,0.45694063773408733,17,0.11663014648229418,18,0.34031049125179313
простоте,0.5219051172194117,6,0.13752829573884695,7,0.38437682148056473
простыл,0.9990128818691761,5,0.46141962908501616,22,0.53759325278416
просыпу,0.02471708749988667,3,0.00478718619817,2,0.01992990130171667
просьба,0.09495733652994466,3,0.2000710825833994,20,-0.10511374605345473
просьбой,0.7384380280614491,1,0.4505107523779325,5,0.2879272756835166
просьбы,0.513658860677311,1,0.07618788659467522,15,0.4374709740826358
против,0.7588833077953415,23,0.47218550527193043,10,0.2866978025234111
противном,0.9097457620947118,5,0.005043723046326,2,0.9047020390483858
противовес,0.4627998465295199,5,0.0002809404414913335,4,0.46251890608802854
протянутой,0.16319723833457703,3,0.2161315867313649,9,-0.05293434839678787
прохода,0.042946097099922004,1,0.0979767394920648,18,-0.055030642392142795
проходило,0.201185621402932,1,0.16537508936411546,12,0.03581053203881654
проходит,0.7202702140448403,4,0.1595062495251428,13,0.5607639645196975
проходу,0.015609102332095,2,0.12054894134833041,14,-0.10493983901623541
проч,0.020361144166623,1,0.0411207550909866,5,-0.0207596109243636
прочат,0.0018695456309160002,1,0.011527207527513662,18,-0.009657661896597662
прочего,0.7906582152663926,5,0.3119138499564837,6,0.4787443653099089
прочее,0.19315147805755203,2,0.1431858783069767,10,0.049965599750575324
прочему,0.9679636045839981,5,0.29390832681393875,2,0.6740552777700594
прочие,0.7680539026036061,1,0.2097258063845679,7,0.5583280962190382
прочили,0.10141853256085102,2,0.01090937890850848,13,0.09050915365234255
прочим,0.9490220143859152,5,0.2584745516641997,3,0.6905474627217154
прочих,0.10894691023246603,7,0.02044915015368567,3,0.08849776007878035
прочь,0.31649973859829944,7,0.1701515185499328,18,0.14634822004836665
прошла,0.31837334793675204,1,0.28967591614417676,11,0.02869743179257528
прошло,0.6583546289790725,7,0.23416793176522427,18,0.4241866972138482
прошлом,0.43244230659875105,3,0.19133555158294702,1,0.24110675501580403
прошу,0.7575954650998906,8,0.3791990483864278,20,0.3783964167134628
прощание,0.296478113964235,2,0.2339823095795195,19,0.062495804384715525
прощанье,0.35331281296660905,1,3.274990351743841e-05,3,0.3532800630630916
проще,0.42634182865399267,3,0.14526706089232708,18,0.2810747677616656
прощения,0.979316966361816,5,0.5794373536463496,12,0.39987961271546635
пруд,0.9982175106360597,5,0.39463764995231865,13,0.603579860683741
пруди,0.9989498924594198,5,0.7432824678586154,18,0.2556674246008044
прыть,0.045492440624973006,2,0.02117387629744621,6,0.024318564327526795
прямая,0.7669647967783947,3,0.1974113486568145,13,0.5695534481215802
прямо,0.293471780414518,15,0.13540237720802373,13,0.15806940320649426
прямой,0.7000619686751958,6,0.1378050864517838,6,0.562256882223412
прямым,0.5664283395321935,2,0.11738947625687714,7,0.4490388632753164
псевдонимом,0.6367147719941407,5,0.061888986031633,6,0.5748257859625078
псу,0.200718120685205,2,0.09430149202758767,16,0.10641662865761733
птица,0.08049064595846851,2,0.19909388981258852,14,-0.11860324385412001
птичьего,0.4424882623491167,3,0.15316840657635522,10,0.2893198557727615
птичьих,0.6002516948523281,3,0.04062727617934813,8,0.55962441867298
пудов,0.02283864642482022,6,0.03956999337332814,17,-0.016731346948507916
пуза,0.07917358600566667,3,0.00046127353581353455,11,0.07871231246985314
пульсе,0.9149004114793557,3,0.13078072521800124,8,0.7841196862613545
пунктам,0.17363762294041138,3,0.42054350417621156,2,-0.24690588123580018
пускай,0.0035377885433990003,2,0.016391027004659536,35,-0.012853238461260536
пусто,0.7296669025484163,5,0.09678391550051132,32,0.6328829870479049
пустой,0.35280750391668403,1,0.2644608581817661,21,0.0883466457349179
пустом,0.9275129117040327,5,0.050678634490306254,8,0.8768342772137264
пустыми,0.9656503602795528,5,0.3818479739583201,13,0.5838023863212327
пусть,0.5693188222320077,20,0.3602573732690832,24,0.2090614489629245
пустяков,0.010888727958948501,2,0.07484198801392121,15,-0.0639532600549727
пути,0.6467875243080187,3,0.379574730922512,17,0.2672127933855067
путь,0.18580142661709922,5,0.4546705856447473,18,-0.2688691590276481
путями,0.9954505477686911,6,0.46562918436862394,8,0.5298213634000672
пух,0.9982395442142508,3,0.20502073123212225,20,0.7932188129821285
пушистый,0.497548620145582,5,0.05590053689867383,6,0.4416480832469082
пушки,0.4613405571361603,4,0.20861226653174506,15,0.25272829060441526
пуще,0.010035017460931,1,0.02599044216799313,14,-0.015955424707062127
пущей,0.16767588044239368,3,0.7568412499243014,7,-0.5891653694819077
пыла,1.242650139877665e-07,1,0.0364932332424199,11,-0.03649310897740591
пылу,0.9412198615157976,2,0.3054299182942532,12,0.6357899432215444
пытаемся,0.579867626063676,1,0.21884853000813306,16,0.36101909605554294
пытаетесь,0.016264451206503,1,0.10043104683242025,16,-0.08416659562591725
пытается,0.49649524875793305,1,0.1878959105681345,4,0.30859933818979857
пыталась,0.254644450101351,1,0.15442530834746407,12,0.10021914175388694
пытался,0.16788590329189101,1,0.23059047753253126,8,-0.06270457424064024
пьяни,0.39561858669717803,2,0.015114692846360939,16,0.38050389385081707
пьянке,7.4020756691594704e-06,1,0.00453156626077017,12,-0.004524164185101011
пят,0.556429066103999,3,0.2650137614480358,4,0.2914153046559632
пятам,0.9602670276229107,3,0.49042270996946624,8,0.4698443176534445
пятерку,0.008843874436749501,2,0.02595571612564543,17,-0.01711184168889593
пяти,0.9505849637850513,5,0.04723606815165482,11,0.9033488956333965
пяток,0.000723360411713538,4,0.09510614585328737,17,-0.09438278544157383
пять,0.811449606100568,2,0.3236200623139917,11,0.48782954378657634
пятьсот,0.002753028728811667,3,0.035157970105820106,15,-0.03240494137700844
работали,0.6584073885596611,1,0.09256792816936622,13,0.5658394603902949
рабочем,0.33970858947301336,3,0.4214908007416234,6,-0.08178221126861002
равен,0.6624434006291035,5,0.2216086291254766,12,0.4408347715036268
равных,0.21665869292007872,10,0.34902180094589913,8,-0.1323631080258204
равняется,0.08701196273144701,3,0.10807733574114542,10,-0.021065373009698407
рад,0.43545677626276474,3,0.29177648460758326,19,0.14368029165518148
ради,0.6885821171373048,33,0.49401841960180004,8,0.19456369753550473
радиусе,0.9003970884152841,5,5.004534029815073e-06,1,0.9003920838812542
радиусом,0.0029709243706723992,2,0.017885518908219503,4,-0.014914594537547104
радости,0.10219017765734702,5,0.21486003859705138,17,-0.11266986093970437
радость,0.9174727097730596,5,0.16330186670939362,22,0.754170843063666
радостью,0.6468980666771741,1,0.261257763368357,11,0.3856403033088171
радостях,0.018327232414344002,3,0.030203849231458333,3,-0.01187661681711433
раж,0.25733921082948036,3,0.04912289491286284,8,0.20821631591661752
раз,0.7611841035114812,110,0.5134559345719971,8,0.24772816893948413
раз-другой,1.7454955303752531e-06,2,0.000186683993813,1,-0.00018493849828262477
разбега,0.07858279756787633,5,0.00027814973213371265,7,0.07830464783574262
разбегались,0.8541241225950831,1,0.0035607631159408006,8,0.8505633594791423
разбегаются,0.4248732831435061,12,0.019582179448361377,16,0.4052911036951447
разбирается,0.013692129372863002,2,0.32085069720186454,10,-0.3071585678290015
разбираешься,0.018153886497427,1,0.22719592371211447,25,-0.20904203721468748
разбирался,0.08801749005801168,3,0.003273179085149138,5,0.08474431097286254
разбираюсь,0.9888102096310261,1,0.004778425191970397,15,0.9840317844390557
разбора,0.2848390626052394,5,0.07532974717410117,6,0.2095093154311382
разбором,0.002817297763183795,3,0.10549932079059766,3,-0.10268202302741387
разве,0.4705415705178733,17,0.27983865076899095,24,0.19070291974888237
развязав,0.003916851108962001,1,0.029419966649416988,7,-0.025503115540454986
развязал,0.45641475407020304,1,0.09955864063121764,13,0.3568561134389854
разговоров,0.13267016835375534,9,0.006562731410204209,10,0.12610743694355112
разгона,0.0010186251922238542,2,0.004400399883405993,7,-0.003381774691182138
разгону,0.0015931890413980001,1,0.0013179759708955626,10,0.0002752130705024375
разделить,0.024560183469513,3,0.5998928621379663,11,-0.5753326786684533
разе,0.3571132374486035,2,0.25709117211310245,12,0.10002206533550106
разительно,0.2418567359499728,5,0.03239831206826307,9,0.20945842388170974
разлив,0.15812772859739668,3,0.11796804294097825,15,0.040159685656418434
размаха,0.011295863443688001,1,0.13055074640411166,9,-0.11925488296042365
размаху,0.04825582328486701,2,0.2576433499513628,8,-0.2093875266664958
размениваться,0.01122067377123746,5,0.0011609814745435533,21,0.010059692296693906
разменял,0.0012517735389147501,4,0.0008104821716009311,18,0.000441291367313819
размером,0.9529282514621827,3,0.35949822569114925,5,0.5934300257710334
разница,0.9925720732004798,5,0.41801272524742644,22,0.5745593479530533
разницы,0.9808795605449685,5,0.26218201700118654,16,0.7186975435437819
разнообразия,0.04109759529444434,3,0.029946975358071386,7,0.011150619936372952
разные,0.8044622338959231,1,0.5868825519124715,12,0.21757968198345157
разом,0.9041301854393053,5,0.09988328262090135,9,0.804246902818404
разрешите,0.11696097849927248,2,0.03242460685440037,31,0.0845363716448721
разряда,0.328823195590046,4,0.2666058077251873,7,0.0622173878648587
разу,0.8423558423310701,11,0.32575408612745854,2,0.5166017562036116
разумеется,0.15671373654659818,6,0.06410092373878948,15,0.0926128128078087
разы,0.7534951383335622,5,0.42159169587989803,2,0.33190344245366415
райские,1.8725747012231503e-05,1,0.19850206451815433,11,-0.1984833387711421
райский,0.196762185315453,1,0.04909550093912255,17,0.14766668437633046
райского,0.05562551122493101,1,0.026976849215040916,10,0.02864866200989009
райское,0.008132641986691001,1,0.01634082708083098,14,-0.008208185094139979
райской,0.014398517606011001,1,0.011703538110510508,4,0.002694979495500493
рак,0.9981040184028156,2,0.14918014078069042,16,0.8489238776221252
раки,0.9138577267471217,3,0.000501371810818407,9,0.9133563549363033
раком,0.003020710325087,1,0.06233731085573826,17,-0.059316600530651256
ракурса,0.0030165269965450707,3,1.8570321791964372e-05,1,0.0029979566747531062
ракурсе,0.017258624831781103,3,0.00037794650228501294,6,0.01688067832949609
рамки,0.4541483948851415,6,0.30868311277225696,12,0.14546528211288456
ранжиру,0.00033270011331783196,3,6.863311536490466e-10,1,0.0003326994269866783
рано,0.888070105834934,7,0.28454771333810586,22,0.603522392496828
раньше,0.4027161189189874,5,0.2338234421225175,13,0.1688926767964699
раскусил,0.010452866839038,1,0.001087248999970583,18,0.009365617839067418
распорядилась,0.670454298121357,1,0.3102284419654772,20,0.3602258561558798
распорядился,0.032394638300644756,4,0.015417996418451207,13,0.016976641882193548
распоряжение,0.22944660183177681,5,0.029642813830163033,14,0.19980378800161377
распоряжении,0.32545687992003225,5,0.48620810168568246,15,-0.1607512217656502
рассвета,0.983515778097375,3,0.08283483323543785,12,0.9006809448619372
рассказывай,0.000740473752372,2,0.06238282322529476,34,-0.061642349472922756
рассказывайте,0.009836895152974002,1,0.0994931873280955,29,-0.0896562921751215
рассрочку,0.00023143700703345707,3,7.2907836814228364e-06,1,0.00022414622335203423
расстановкой,0.48235404671888366,3,0.1267557107808087,10,0.355598335938075
расстояние,0.8849909766741696,5,0.40767629616837003,12,0.47731468050579956
расстоянии,0.9685789941266424,3,0.7340887829972522,10,0.23449021112939017
рассудке,0.010663694634667334,3,0.4487074301306954,7,-0.4380437354960281
расти,0.9994357433717351,1,0.5501257301144553,10,0.4493100132572798
растрепанных,0.012083943867747,3,0.005191181574208176,8,0.0068927622935388245
расцвете,0.00010887951478300001,1,0.45678952226180053,13,-0.45668064274701753
расчет,0.7785784854712198,3,0.05360044531458449,16,0.7249780401566353
расчета,0.5002429181362695,2,0.05118621852213452,17,0.449056699614135
расчете,0.2996495862172191,11,0.043996640196925986,5,0.2556529460202931
расшибись,0.07332706042108901,1,3.5168577154328823e-06,4,0.07332354356337357
расшибиться,0.027706608853102003,1,0.0007863159642102036,3,0.0269202928888918
расшибусь,0.033449305825997006,1,5.545697248125447e-05,9,0.03339384885351575
редкость,0.3877731351755338,4,0.16265061902213523,25,0.22512251615339857
резаные,0.025736593732441502,2,0.01623825089441967,6,0.009498342838021832
резаный,0.026247905878840003,1,1.2659974125446502e-05,2,0.026235245904714558
река,0.03410087418392766,2,0.1337291077036618,23,-0.09962823351973416
рекой,7.002608368640933e-05,1,0.19549386349817732,16,-0.1954238374144909
репертуаре,0.24237238105891637,3,0.09312730390607175,7,0.14924507715284463
речи,0.9807610028862411,15,0.6437633042508782,11,0.3369976986353629
речь,0.19043581877151777,8,0.8800115929298528,10,-0.689575774158335
решено,0.073029794508152,3,0.221715106574172,15,-0.14868531206602
решеткой,0.5418573595827475,5,0.44692234565928457,8,0.09493501392346293
решетку,0.17413924880083284,3,0.025862055232148174,12,0.14827719356868466
ринулся,0.005330459792364,1,0.02707115965733081,18,-0.02174069986496681
рисковал,0.0031542513030140005,1,0.015744824082406166,13,-0.012590572779392167
рискует,0.029108708404316,1,0.32766236624921447,14,-0.29855365784489846
рискуете,0.24854189535270602,2,0.12067271750301654,15,0.12786917784968949
рискую,0.023860281908148002,1,0.04176143583582626,23,-0.01790115392767826
робкого,0.8699448377795568,3,0.0012635716445870623,11,0.8686812661349698
ровен,0.03334876194519406,3,0.006140433795723626,8,0.027208328149470433
ровно,0.09172417154979973,7,0.05337167311145346,13,0.03835249843834627
ровном,0.9612737771026567,3,0.05436446334051075,4,0.906909313762146
ровным,0.9998860270573587,5,0.06981023038107245,9,0.9300757966762863
ровня,0.03590522982535834,3,4.963254077431719e-05,13,0.035855597284584026
рога,0.9268953230042426,4,0.31200869278102444,13,0.6148866302232181
рода,0.9995051351405347,5,0.605667172666375,7,0.3938379624741597
роде,0.414251848088504,2,0.5941005394412214,20,-0.17984869135271742
родила,0.9999806288815856,2,0.3661995153154438,19,0.6337811135661418
роду,0.9966746794301238,3,0.300284359662833,7,0.6963903197672907
рождению,0.263532457411697,3,0.130678739674333,7,0.132853717737364
розницу,0.04663461233248133,3,0.0008538482492224626,5,0.045780764083258874
рознь,0.46338147682223,5,0.25713318082300685,22,0.20624829599922317
роли,0.9910541417344909,5,0.486142341219672,5,0.504911800514819
роль,0.9993138283617492,5,0.29379883409022806,12,0.7055149942715211
ролях,0.9318134082981753,6,0.2518731160491263,8,0.679940292249049
россыпи,0.010002183971040501,2,0.0007044922629840068,6,0.009297691708056494
россыпь,0.14549306444909568,3,0.0824286939547409,9,0.06306437049435479
рост,0.9933058218993089,7,0.5134378038594305,10,0.47986801803987844
росту,0.172108113678504,3,0.36255609554091867,12,-0.19044798186241466
рот,0.8538015026111477,10,0.2722546419354483,10,0.5815468606756995
рта,0.9999155681709514,3,0.5908626922532904,17,0.40905287591766104
рты,0.513691560090879,1,0.43049276018018484,11,0.08319879991069418
рубежа,0.46199519335695866,5,0.12252983655559181,4,0.33946535680136686
рублем,0.14575858194941635,3,0.023740580690186093,13,0.12201800125923026
рук,0.9141161513275423,27,0.3201010332438946,15,0.5940151180836477
рука,0.9480470742767645,3,0.42861376126199446,12,0.51943331301477
рукава,0.8656991106860783,6,0.33554717453918603,9,0.5301519361468923
рукам,0.1414160163963198,5,0.3835888880787404,14,-0.24217287168242063
руками,0.9695718094992881,28,0.3980209520149723,15,0.5715508574843158
руках,0.6162752519356026,10,0.38199102958643366,3,0.23428422234916896
руки,0.8151361406514323,46,0.3128351070726198,12,0.5023010335788125
руководством,0.6798986795571756,10,0.019099640717583206,7,0.6607990388395925
рукой,0.8742150695111047,17,0.5822391745668127,19,0.291975894944292
руку,0.8355807885700891,17,0.5808869606061333,20,0.2546938279639558
рулем,0.5988217668211843,4,0.00036685669343750006,2,0.5984549101277468
руля,0.8522513788769097,6,0.26294633956266217,12,0.5893050393142476
русло,0.7514592708614757,3,0.18699100125792995,9,0.5644682696035457
ручья,0.9572611312450023,3,0.06707377836947262,13,0.8901873528755297
рыли,0.50682556388331,1,0.1717394347401178,10,0.33508612914319225
рыло,0.011064449601756001,1,0.04574952267418357,14,-0.03468507307242757
рыть,0.6147769035257561,4,0.1605476457919197,9,0.4542292577338364
ряд,0.7893932516142751,11,0.3851472519887088,10,0.4042459996255663
ряда,0.8501687707257424,3,0.028477295201414003,2,0.8216914755243284
рядом,0.999596088071925,5,0.18123541698369572,13,0.8183606710882293
ряду,0.494543655875459,4,0.39182157005481955,4,0.10272208582063946
с,0.9349739253671969,787,0.9420126478436265,13,-0.00703872247642956
сам,0.5658589285978358,41,0.444223635647094,16,0.12163529295074182
сама,0.20366183318784697,5,0.28084030747731725,13,-0.07717847428947028
самая,0.6407445675200649,8,0.6381841101044545,17,0.0025604574156103954
сами,0.37703105791905517,12,0.22601486647215577,15,0.1510161914468994
само,0.9704655598101374,5,0.3969206910207735,17,0.5735448687893638
самое,0.9463910049885773,18,0.8444605670174495,16,0.10193043797112777
самой,0.6120820715472606,2,0.27545077617515,7,0.33663129537211056
самом,0.9555280624952597,13,0.7405070790214173,8,0.21502098347384235
самому,0.00010220470651100001,1,0.2468652969968637,11,-0.24676309229035268
саму,0.8516405184758921,1,0.11980581712725644,7,0.7318347013486356
самую,0.980674926306704,1,0.5269615913164172,9,0.4537133349902869
самые,0.9925132219850931,7,0.4256366785591013,6,0.5668765434259917
самый,0.9105218141932195,17,0.5120808815621181,18,0.3984409326311015
самым,0.9912763198947986,2,0.6800092014443611,10,0.31126711845043753
самых,0.9812561042646051,5,0.5540267983972387,7,0.4272293058673664
сахар,0.3581370358250605,2,0.10054282270468926,11,0.25759421312037123
сбилась,0.9480009936144921,1,0.14934207725919238,21,0.7986589163552997
сбились,0.46060095320238953,2,0.22254749694888493,17,0.2380534562535046
сбился,0.9458778459986716,2,0.17580681998179354,26,0.7700710260168782
свежести,0.9350149974553663,4,0.22278614763199034,7,0.712228849823376
свежий,0.9839887042301031,1,0.09024863884610851,18,0.8937400653839946
свежую,0.9371570270480397,3,0.047609016892492084,8,0.8895480101555476
свели,0.16272617403559803,1,0.025351936166811653,12,0.1373742378687864
сверх,0.4611276686475277,10,0.06844998654866709,12,0.3926776820988606
сверху,0.5798746511048362,6,0.07368112505598089,12,0.5061935260488553
свет,0.7350618533895812,17,0.33995721004065244,16,0.39510464334892875
свете,0.6895242748384043,15,0.5837027709614305,13,0.10582150387697375
светит,0.23155948157757733,3,0.208747101061378,20,0.022812380516199326
свинья,0.936566260697949,2,0.04062292284822641,22,0.8959433378497226
свистнет,0.3329957235823015,2,0.03174560011339926,16,0.30125012346890223
свободе,0.590962541292492,1,0.09133694118169565,12,0.4996256001107964
свободен,0.011711125003724001,1,0.11808072074154788,20,-0.10636959573782388
свободное,0.04940246680938941,5,0.1650810524327862,12,-0.11567858562339679
сводим,0.18312646455858,1,0.13285582875189475,15,0.050270635806685254
сводит,0.8441242281013945,2,0.5618349660597776,14,0.282289262041617
сводить,0.937618833885215,1,0.2755786828821049,15,0.6620401510031102
сводят,0.779455660799914,1,0.019271523714542695,6,0.7601841370853714
свое,0.3003205384588281,25,0.43419632383294504,9,-0.13387578537411693
своего,0.9923118204046253,5,0.4216418742248518,11,0.5706699461797735
своей,0.9733074056204161,12,0.7039497890585935,5,0.26935761656182255
своем,0.4839392786853809,10,0.4542971322760581,11,0.029642146409322778
своему,0.9335874900680698,3,0.6338134519422663,7,0.2997740381258035
свои,0.8518154877749278,4,0.37452968449657903,3,0.47728580327834874
своим,0.840714399529,10,0.6561033101564675,7,0.18461108937253246
своими,0.9935672368373907,2,0.6815391825671913,10,0.3120280542701994
своих,0.7274343943847246,6,0.374171025852586,5,0.3532633685321386
свой,0.9212608964968018,6,0.5874165974118276,13,0.33384429908497415
свойство,0.6718277601092373,4,0.08747062307241518,13,0.5843571370368221
свою,0.9505686509024763,9,0.43128415996588637,11,0.5192844909365899
своя,0.9968934308034041,1,0.41113957056905176,22,0.5857538602343524
связи,0.9687808934545667,5,0.4273201020887469,7,0.5414607913658198
связке,0.416913979654888,1,0.09316807240032811,8,0.32374590725455993
святое,0.001315690357397,1,0.054050353173831375,23,-0.05273466281643437
святых,0.968918487509223,3,0.5313459684683346,9,0.43757251904088845
сгоряча,2.857911509966822e-06,1,1.013214353689055e-05,13,-7.274232026923728e-06
сдается,0.32490349892616227,5,0.26118150784630423,18,0.06372199107985804
сделай,0.7012194238507948,6,0.30064343207157757,22,0.40057599177921727
сделайте,0.9669506270012086,2,0.2522464465175229,23,0.7147041804836857
сделалась,0.0004270098177417592,2,0.006530372917209472,15,-0.006103363099467712
сделалось,5.151658919753429e-05,1,0.01567886806717567,15,-0.015627351477978134
сделался,0.003868628562991,2,0.006349760968801689,18,-0.0024811324058106893
сделать,0.017103708157948,1,0.3262514132924008,10,-0.30914770513445283
сдуло,0.9710896786760547,3,0.31326003627722715,32,0.6578296423988275
сдуру,5.1732893458516425e-05,1,0.00032751862008480827,15,-0.00027578572662629187
се,0.3386297356869876,9,0.2729966340257211,20,0.06563310166126651
себе,0.6914708070251572,71,0.6018360549465914,12,0.08963475207856575
себя,0.8460140565758011,51,0.679134411870958,15,0.16687964470484307
севере,0.0021704505179580003,1,0.09366743473832653,15,-0.09149698422036853
сего,0.9975993875458976,8,0.052650210823912885,8,0.9449491767219848
сегодня,0.5915627398227092,11,0.10080674444223646,18,0.49075599538047276
сегодняшний,0.9948976315918294,3,0.8072600568356407,10,0.1876375747561887
седьмого,0.342193522698843,3,0.03464157709572675,15,0.3075519456031163
сей,0.9937786179080643,5,0.09723762720338945,9,0.8965409907046749
сейчас,0.49922466959201417,8,0.12219749604783185,17,0.3770271735441823
секрете,0.7795464071079687,5,0.0013025946896831155,7,0.7782438124182857
секрету,0.3276639235256664,5,0.011090626092228209,3,0.3165732974334382
секунды,0.9487357446647989,5,0.17355942019895026,10,0.7751763244658487
селу,0.9942919244341754,3,0.010280344876341897,11,0.9840115795578335
семимильными,0.004994649097809667,3,7.010950308948843e-06,1,0.004987638147500718
семью,0.7814598358567363,3,0.14582970790958544,13,0.6356301279471508
сердца,0.9949062659334937,3,0.360570782979082,13,0.6343354829544117
сердце,0.3850307483802303,7,0.29663847798161286,13,0.08839227039861747
сердцем,0.8953529124618179,17,0.233727669520161,16,0.6616252429416569
сердцу,0.104223381291557,1,0.41351894138152073,9,-0.30929556008996373
серьезно,0.017263635193465,2,0.11152559659064111,19,-0.0942619613971761
сидеть,0.9614900054009491,1,0.3037813059195221,13,0.657708699481427
сидит,0.7415113532647333,4,0.09981663034096573,11,0.6416947229237675
сидишь,0.04102688487494,1,0.1834661367151229,21,-0.1424392518401829
сидорову,6.686557324962258e-05,5,4.7299664741716874e-05,7,1.9565908507905706e-05
сидячем,0.07232784485170433,3,0.000696305636619625,8,0.07163153921508471
сикось-накось,4.479603554584076e-09,3,1.508870974098063e-07,8,-1.4640749385522223e-07
сил,0.8265306239535308,10,0.24782082425566934,6,0.5787097996978615
силам,0.4027982320397029,5,0.2645475396053678,5,0.13825069243433508
силами,0.9181116529081507,5,0.46214075957484446,9,0.4559708933333062
силах,0.085108387909198,3,0.23438841467910598,8,-0.14928002676990798
силе,0.6697844793947398,5,0.2219320158017482,9,0.44785246359299163
силой,0.8012100838246425,2,0.43233452528906946,16,0.3688755585355731
силою,0.00045673129774900003,1,0.680717201632813,1,-0.680260470335064
силу,0.7112439498902875,21,0.17859340980149818,6,0.5326505400887893
силы,0.995800542563705,6,0.1600349914344932,11,0.8357655511292118
сильно,0.19998453471660038,11,0.3286722036030279,13,-0.12868766888642752
синим,0.8287534211720065,3,0.28351267765408844,15,0.5452407435179181
скажем,0.4614829549551149,12,0.0018658179993678238,9,0.4596171369557471
скажет,0.419485502424304,4,0.06578843849632855,17,0.35369706392797545
скажете,0.118475467377692,2,0.18676859293991188,33,-0.06829312556221988
скажешь,0.16532805686825805,9,0.2792249597213195,30,-0.11389690285306145
скажи,0.2140212027176055,11,0.23022617868379522,30,-0.016204975966189722
скажите,0.6727516352586981,4,0.10481954298940187,23,0.5679320922692962
скажу,0.5828286193015997,14,0.2123962681497935,28,0.37043235115180617
сказал,0.6745201169196273,13,0.4031094341759244,20,0.27141068274370295
сказала,0.053002948653287,1,0.23049981744364295,21,-0.17749686879035595
сказанному,0.002438104509526321,5,0.0016591364987991804,5,0.0007789680107271404
сказать,0.6639043506601715,48,0.43329721356128564,14,0.23060713709888586
сказке,0.16786617143574123,5,0.17386463743921504,17,-0.005998466003473812
скамьи,0.9693735441483594,3,0.1376003459617739,14,0.8317731981865855
сквозь,0.3851910016893953,8,0.34590457335991065,8,0.039286428329484646
скинемся,0.00020170612876100003,1,1.0398649946611235e-05,10,0.0001913074788143888
скинувшись,1.010122724620732e-05,1,2.18647737389578e-06,4,7.91474987231154e-06
скинулись,0.00058637327174,2,0.0001551542858296458,22,0.00043121898591035426
складчину,4.07653158722086e-05,3,1.4181532624170118e-06,1,3.9347162609791586e-05
склоне,0.39403561919567137,3,0.06984914406226089,9,0.3241864751334105
скобками,0.161361100406523,3,0.1394633661604456,6,0.021897734246077383
сколь,0.6438870000226923,8,0.22459000727229134,9,0.41929699275040094
сколько,0.7215802431812811,40,0.6924380202735554,19,0.029142222907725723
скончания,0.6394038895843023,4,0.46137809080831654,9,0.17802579877598573
скорее,0.6139181628151991,24,0.31935283028148775,14,0.2945653325337113
скорей,0.034165914280426334,3,0.03575933818300045,27,-0.0015934239025741162
скоро,0.4996403902497158,8,0.3158868164741061,18,0.1837535737756097
скором,0.9887434678544192,5,0.2183420920136785,8,0.7704013758407408
скорую,0.9992523480856633,3,0.4080441896372558,20,0.5912081584484075
скрипом,0.40461761969341237,3,0.18394483521845484,6,0.22067278447495753
слабости,0.002539300355343667,3,0.09475321950465337,15,-0.09221391914930971
слабость,0.011463672692755,1,0.08946814097724233,13,-0.07800446828448733
слава,0.9578078584641567,5,0.7376463672665898,24,0.2201614911975669
славного,0.001471979414219,1,0.03781429642000396,5,-0.03634231700578496
славный,0.0065338878129800005,1,0.04125694619530359,23,-0.03472305838232359
славу,0.7559267378669373,8,0.38506581443446786,6,0.37086092343246946
слегка,0.013199326329555002,5,0.04119756833373072,14,-0.02799824200417572
след,0.9999659077904756,5,0.2735223414903097,18,0.7264435663001658
следа,0.4877433488016844,3,0.47134218193494354,15,0.01640116686674087
следам,0.999873897362353,3,0.14325672222378816,8,0.8566171751385648
следовало,0.09360148938899,2,0.22001725862210117,13,-0.12641576923311115
следовательно,0.21017723257279625,5,0.005123007258917714,7,0.20505422531387854
следует,0.2907677855094684,13,0.07488264183624121,10,0.2158851436732272
следующим,0.9496618570959832,2,0.645729593936795,11,0.3039322631591882
слез,0.5229882740787978,8,0.1036887748447665,16,0.41929949923403126
слезах,0.26715870740920433,3,2.9861699101127223e-05,2,0.2671288457101032
слишком,0.7236930463235993,8,0.21586359772657418,13,0.5078294485970252
слов,0.5650452605739452,9,0.4734765662506718,8,0.09156869432327341
слова,0.8316655659667842,37,0.3699229435764608,17,0.4617426223903234
словами,0.9994983467190997,7,0.7187563052540082,8,0.2807420414650914
словах,0.9011706045966064,8,0.25170340145962766,13,0.6494672031369787
слове,0.998065971017311,8,0.5781257768528054,12,0.41994019416450556
словно,0.32782200535666045,5,0.09197787977812201,7,0.23584412557853845
слово,0.8609054425753373,27,0.4043486580661535,17,0.4565567845091838
словом,0.8313827103515915,11,0.14406721990770643,8,0.6873154904438851
слову,0.9410860528614323,7,0.516239312283727,9,0.42484674057770533
словца,0.523602502340444,2,0.38545272511130435,18,0.13814977722913968
сложилось,0.299799803062818,2,0.3060881651997869,9,-0.0062883621369688725
слом,0.1671050752454737,3,0.0015934785939651437,16,0.16551159665150855
сломить,0.051435150686224604,5,0.06891039996477712,7,-0.017475249278552513
слух,0.8043713601414374,3,0.2562303285150031,16,0.5481410316264343
слухам,0.7182847994120971,5,0.00776984535954946,4,0.7105149540525476
слухи,0.9777386755739675,5,0.21899824897518885,14,0.7587404265987787
слуху,0.07052163790590076,4,0.23472847483115378,12,-0.164206836925253
случай,0.774728061462412,12,0.3756491612762997,26,0.3990789001861123
случаю,0.9195043996575739,9,0.086271708837385,2,0.8332326908201889
случая,0.9930555215700096,5,0.09500989951086303,15,0.8980456220591466
случилось,0.17307710873502802,3,0.08665708012401915,19,0.08642002861100886
случись,0.1780008880547946,5,0.20517711493596813,9,-0.02717622688117352
слывет,5.5189462393347966e-05,1,0.0002301740364345896,6,-0.00017498457404124161
слыл,0.007932082733685,1,0.00513508992534941,9,0.00279699280833559
слыла,0.0006842049761080001,2,0.0017242517670848078,11,-0.0010400467909768077
слыли,0.0005289050616660001,1,0.004665891005401363,10,-0.004136985943735363
слыхивал,0.9653633665481961,1,0.26841973540502445,14,0.6969436311431716
слыхивала,0.8744938027635751,2,0.09832032948514696,18,0.7761734732784282
слыхивали,0.795187307359415,1,0.1338604022570653,11,0.6613269051023497
слыхом,0.47301782255937963,5,0.3896373433177283,7,0.08338047924165132
слышать,0.867410558880518,5,0.3963776996335303,15,0.4710328592469877
слышь,0.0012358335761572,5,0.003555159479280038,31,-0.002319325903122838
смаком,0.08732150473428034,3,0.00065368771771125,8,0.08666781701656909
смеем,0.004582738611546001,1,0.018137640343444214,10,-0.013554901731898213
смеете,0.8602836531550458,3,0.5046067406377446,30,0.35567691251730127
смеешь,0.6419274792056535,2,0.3016529764097975,23,0.340274502795856
смей,0.38969714510750236,3,0.002775979414852,1,0.38692116569265034
смерти,0.5576152289691453,10,0.49769862293878386,14,0.05991660603036142
смерть,0.998602793445697,3,0.14677149506333376,15,0.8518312983823633
смеха,0.22371145608208984,6,0.1255451242542706,19,0.09816633182781923
смеху,5.614406496592564e-06,1,0.2940203242164136,19,-0.294014709809917
смешного,0.2538719829477387,9,0.09392054158464906,21,0.15995144136308964
смею,0.019113602418281625,2,0.032039773135550745,21,-0.01292617071726912
смогли,0.344505830473179,1,0.31543127727094267,8,0.029074553202236342
смогу,0.854877792160826,1,0.23486053962274955,24,0.6200172525380765
смотрел,0.881887376526941,1,0.3120998834845169,13,0.5697874930424242
смотрела,0.009154453251731,1,0.2513230381581292,20,-0.24216858490639817
смотреть,0.5553505166992174,9,0.17938403642849665,21,0.37596648027072077
смотри,0.23767348537860025,4,0.03417852148025192,33,0.20349496389834834
смотрите,0.13098483623491766,3,0.04880730964724355,29,0.0821775265876741
смотрю,0.3223540660544502,6,0.10893699069375024,22,0.21341707536069998
смотря,0.08833567385587421,5,0.3603142173821797,20,-0.2719785435263055
смотрят,0.9530803288390781,1,0.36735386889366967,17,0.5857264599454084
смысл,0.9204607837306427,10,0.36931138219595333,11,0.5511494015346894
смысле,0.5583032046115131,21,0.48018306562969704,1,0.07812013898181602
снаружи,0.20146062112930402,5,0.17004139545417724,20,0.03141922567512678
снег,0.9761825759384019,3,0.22509243017023656,17,0.7510901457681654
снизу,0.9150842086920501,3,0.20762484209756005,13,0.70745936659449
снова,0.8413457514030958,12,0.08451934378446693,26,0.7568264076186288
сняла,0.053786137851478004,1,0.202261580522603,15,-0.148475442671125
сняло,0.7978077870032717,3,0.5028798454758011,21,0.2949279415274706
снять,0.3573503044650037,3,0.41559937457449575,13,-0.05824907010949204
со,0.9694859635957767,71,0.8198070344929675,9,0.1496789291028091
собак,0.9965303297438448,4,0.27351029194289517,16,0.7230200378009497
собака,0.5210394207685848,3,0.13510514053563044,27,0.38593428023295434
собаку,0.9768583924295079,5,0.09799614789051818,15,0.8788622445389898
соберешь,0.3584589731949957,3,0.007910995565802879,20,0.3505479776291928
собой,0.7102249135860793,29,0.9275126598689756,9,-0.21728774628289627
собрать,0.4415739793859224,3,0.18586791635755137,14,0.25570606302837107
собственно,0.10822710861027451,4,0.22615960181395076,12,-0.11793249320367624
собственной,0.9723368445502196,5,0.20735864052854172,7,0.7649782040216779
собственности,0.30835126132975865,5,0.5406377517075686,6,-0.2322864903778099
собственность,0.5840348185543668,5,0.16488372050618255,16,0.41915109804818423
совершенная,0.0009822718980545,2,0.039388880675960095,14,-0.038406608777905596
совершенно,0.1396010301543314,5,0.134727152390191,14,0.0048738777641403885
совершенное,0.00196937579281,1,0.025616114400593033,10,-0.023646738607783033
совершенной,0.000989137378005,1,0.011250648619829067,7,-0.010261511241824067
совершенную,0.004197834230879,1,0.015879777477523702,8,-0.011681943246644701
совершил,0.5896008587565575,2,0.46366333152184186,9,0.12593752723471568
совести,0.6646070279417299,12,0.43242042542391834,17,0.23218660251781154
совесть,0.17678333042352334,3,0.1191934063221836,25,0.05758992410133974
совестью,0.2098827584926947,3,0.2403761744129843,15,-0.030493415920289618
совпали,0.001368136361387,1,0.10469412232990412,20,-0.10332598596851712
совсем,0.4938062522318383,28,0.24363823433598666,18,0.25016801789585164
согласно,0.2631607566266916,5,0.1469191976001705,4,0.11624155902652109
создан,0.5313843156812113,5,0.1691279274440109,8,0.36225638823720036
сознания,0.7476594821565634,5,0.17825481980725552,8,0.5694046623493079
созрел,0.012631631308339001,1,0.024453237286435104,21,-0.011821605978096103
сойдет,0.704020588594459,1,0.20322141675172387,18,0.5007991718427351
сойти,0.8690262154031864,14,0.7167023173738928,21,0.15232389802929358
соки,0.4487831857060419,5,0.06564454066642401,7,0.3831386450396179
соку,0.3679472725907944,5,0.4050064648941287,14,-0.03705919230333432
солдаты,0.15493210763413803,3,0.11500911382936532,22,0.03992299380477271
соль,0.028416573346917502,2,0.12206607587371827,12,-0.09364950252680077
сомневаться,0.7511916468948809,5,0.3326066464934491,18,0.4185850004014318
сомнения,0.7301602613175525,10,0.2824027760728161,15,0.4477574852447364
сообщению,0.08844064454173334,3,0.014150953938650334,6,0.074289690603083
сорт,0.34074918341303556,2,0.055243127224630845,19,0.28550605618840474
сорта,0.4860615012586245,4,0.14325913152045555,9,0.34280236973816897
сосенке,0.364944995160124,3,0.011520978325928934,5,0.3534240168341951
соскучишься,0.010938464132236335,3,0.0003390558765598935,28,0.010599408255676441
составит,0.7709650517770903,5,0.15626910377791417,7,0.6146959479991762
состоянии,0.7363774682679785,7,0.7049816658580366,7,0.031395802409941886
сотни,0.052378870583287336,3,0.2212482645624396,12,-0.16886939397915227
сотых,0.001093119454078,1,0.1628278208214638,8,-0.1617347013673858
соусом,0.46187747164289106,3,0.15160278682865416,7,0.3102746848142369
сохранности,0.9983430176329201,3,0.14692444445182648,6,0.8514185731810936
сочла,0.798836461136567,1,0.19257387202606183,9,0.6062625891105052
сочли,0.5467040404587601,1,0.15424290244270575,8,0.3924611380160543
сочтет,0.017502102953052,1,0.25794312825083704,6,-0.24044102529778505
сочти,0.23177144189432153,2,0.0016769509038138512,16,0.2300944909905077
сошлись,0.23631138102593502,4,0.13378114316247355,17,0.10253023786346147
спас,0.8650402008883301,1,0.08130269116022334,21,0.7837375097281067
спаси,0.03376937689747167,3,0.1405843369623029,22,-0.10681496006483124
спасибо,0.5941573622077665,18,0.4256406257416375,34,0.16851673646612897
спасли,0.9936582474073251,1,0.2696152015581454,25,0.7240430458491798
спасти,0.974555580858196,1,0.17633061464812902,19,0.798224966210067
спеху,0.015432324184104501,4,0.000578751148158129,13,0.014853573035946373
спеша,0.7180005412235525,3,0.027243034934841242,3,0.6907575062887112
спиной,0.8917886278306293,14,0.024753341576948987,2,0.8670352862536803
спит,0.996628565305687,2,0.17060201713973872,21,0.8260265481659483
сплошная,0.018464061566393002,1,0.12333180476130554,21,-0.10486774319491253
сплошной,0.17585391565517136,3,0.02411650301689546,13,0.1517374126382759
сплошные,0.095067351098591,1,0.046597830795875615,21,0.04846952030271539
сплошь,0.8171018006290849,5,0.007688173085907388,12,0.8094136275431775
спокойной,0.9946843359293066,3,0.4901689773725865,18,0.5045153585567201
спокойным,0.933857323748375,3,0.04538120496502182,11,0.8884761187833532
спора,0.00015334326954650001,2,0.06665692689769756,11,-0.06650358362815106
спорадически,0.0001421218499278244,5,5.566292925280956e-06,7,0.00013655555700254344
спору,0.003923289790283667,3,0.05743250363216512,17,-0.05350921384188145
способен,0.4940441428236596,5,0.035744687517789,8,0.4582994553058706
справедливости,0.004769251916510586,3,0.02350677721399596,10,-0.018737525297485375
спроса,0.11638962300645099,5,0.39512128672512925,13,-0.27873166371867825
спроси,0.766568899980532,1,0.20810875730835482,26,0.5584601426721771
спросите,0.9395039374682591,1,0.2537581862999449,34,0.6857457511683143
спускай,0.8605888277940541,1,0.013969337548903699,34,0.8466194902451504
спускала,0.11761287021514301,1,0.026199394764808436,8,0.09141347545033457
спускать,0.9473860569928271,1,0.05832068680043833,21,0.8890653701923887
спустя,0.667032043889468,3,0.3004006700392058,8,0.36663137385026223
спьяну,5.760730795589276e-08,1,2.4783722247329245e-05,16,-2.472611493937335e-05
спят,0.9963860461297591,1,0.12208507337807668,19,0.8743009727516824
сравнении,0.9418570059758338,3,0.46183497460785755,3,0.4800220313679762
сравнению,0.998696493685542,5,0.008606368400029001,1,0.990090125285513
сразу,0.6875305906063192,12,0.2366384547819535,14,0.45089213582436566
среде,0.556338456076122,5,0.4714512306687165,2,0.08488722540740545
среди,0.31080850960914697,13,0.3774443677780189,7,-0.06663585816887191
среднего,0.4493218474030157,3,0.46774197330411293,7,-0.018420125901097262
средней,0.9420667691108551,3,0.047187126524465,1,0.8948796425863901
среднем,0.8769684631624395,5,0.6786025199144018,4,0.1983659432480377
средних,0.9529903740024107,3,0.5118965371421281,8,0.4410938368602826
среды,0.076425887712288,4,0.5354474185989042,5,-0.45902153088661624
средь,0.5912415335100982,4,0.025036355345640183,12,0.566205178164458
сродни,0.5614811496160257,5,0.32393824971766516,14,0.23754289989836053
срок,0.3969229829364367,8,0.4499558227612112,22,-0.053032839824774525
ставил,0.9822854816391421,1,0.04165714501036358,15,0.9406283366287785
ставила,0.9832994217119561,1,0.05298196084503466,11,0.9303174608669214
ставили,0.6608545283161618,3,0.07826991915309854,9,0.5825846091630632
ставит,0.8978259706796231,1,0.4064650525011431,13,0.49136091817848
ставить,0.9182688795534762,6,0.3099052778967034,13,0.6083636016567728
ставишь,0.996131792366139,1,0.06385697080129131,23,0.9322748215648478
ставлю,0.46876544188505204,1,0.09198097869790493,20,0.3767844631871471
ставят,0.757993858609007,4,0.30610989997789245,12,0.4518839586311146
стадо,0.982760245509762,5,0.2846512690090822,13,0.6981089765006798
стал,0.7997666494569358,9,0.3288304387375662,11,0.4709362107193696
стала,0.33036259688074404,1,0.20778018426548592,9,0.12258241261525812
стали,0.517852726734844,3,0.46086492533640505,6,0.0569878013984389
стало,0.8267982126307605,10,0.34750936911238567,11,0.4792888435183748
станет,0.00958847473213,1,0.20786573098002592,9,-0.1982772562478959
стану,0.002198143882811,3,0.174445869385567,26,-0.172247725502756
станут,0.020680511423171503,2,0.032276884550844875,8,-0.011596373127673372
старинке,0.07275369916335434,3,0.0215306485636285,2,0.05122305059972583
старое,0.270259461938635,3,0.26040796122480586,12,0.00985150071382912
старой,0.9863904774178934,3,0.09076945816162453,10,0.8956210192562689
стати,0.9707378418406598,5,0.5413741106509409,20,0.42936373118971893
статься,0.14841033492467734,3,0.022350858121627307,11,0.12605947680305002
статьям,0.5199673357922961,6,0.6108889237292346,7,-0.0909215879369385
стеклышко,1.7494650756333683e-05,1,0.00038939735541958855,15,-0.00037190270466325485
стенах,0.7241286955910781,7,0.3602724443332397,12,0.3638562512578384
стене,0.008347395522817,1,0.2803588409144665,8,-0.2720114453916495
стенку,0.754846395803477,1,0.12512592740268472,17,0.6297204684007923
стеной,0.26320870354271164,5,0.34216805950184104,12,-0.0789593559591294
степени,0.4453077475389377,20,0.7532970323286527,9,-0.30798928478971505
стиле,0.4275397420558685,5,0.00778582774789,1,0.4197539143079785
сто,0.5413083432027724,30,0.022421367508345075,13,0.5188869756944273
сто-пятьсот,4.958963189761654e-10,1,3.89541944765662e-09,1,-3.399523128680454e-09
стоил,0.7666290774776591,1,0.10563407878241853,18,0.6609949986952406
стоила,0.049031461212906004,1,0.2700496937712534,21,-0.22101823255834738
стоило,0.5492510876337406,7,0.2575916044917766,15,0.29165948314196405
стоит,0.5746712179252913,49,0.38483689691599005,15,0.18983432100930125
стоите,0.10902661090028401,1,0.04227775994486157,26,0.06674885095542243
столетия,0.009177854302617,1,0.0503473191633085,2,-0.0411694648606915
столом,0.790472565884069,5,0.22243827900343394,13,0.5680342868806351
столь,0.9226851997051353,4,0.1430303492836916,10,0.7796548504214437
столько,0.6831272209244255,10,0.3013851403554546,9,0.38174208056897085
стопроцентная,0.27894496078003356,2,0.007373903137686145,18,0.2715710576423474
стопроцентно,0.0035049867179261737,5,0.0001227767221850756,9,0.0033822099957410983
стопроцентное,0.01212347883853,1,0.05030643758461424,11,-0.03818295874608424
стопроцентную,0.052305159757099005,1,0.05335240380249045,12,-0.0010472440453914433
стопудово,1.0098974727940008e-06,2,3.1257242615882443e-06,14,-2.1158267887942436e-06
стороне,0.661928163299912,11,0.5249343068503562,5,0.13699385644955575
сторону,0.889686668170008,8,0.5407549075967706,7,0.3489317605732374
стороны,0.9745322575818532,24,0.8040253570024487,11,0.17050690057940454
стою,0.394270920135937,1,0.13339119990806575,24,0.26087972022787126
стоял,0.816923859861271,1,0.2050135158287296,16,0.6119103440325414
стояла,0.07684258754492868,3,0.18389922436896086,19,-0.10705663682403219
стоят,0.28143347431625704,2,0.4714461009958018,13,-0.19001262667954477
страже,0.5478822596985355,2,0.0018909598055441442,5,0.5459912998929914
страха,0.5421581551949444,3,0.17093051536426976,17,0.37122763983067464
страхом,0.4996533582837682,5,0.22671907724003776,11,0.27293428104373046
страшен,0.027770926607063005,2,0.22166001480329256,19,-0.19388908819622955
страшенные,2.990848089034842e-07,1,0.00013825551303757054,14,-0.00013795642822866705
страшная,0.25169790735306036,3,0.06995450375211472,25,0.18174340360094565
страшно,0.014530710902252506,7,0.04832645773601295,19,-0.033795746833760444
страшное,0.13175655431373975,4,0.1071384944801751,19,0.02461805983356466
страшной,0.6983354021060251,4,0.11363558543471344,8,0.5846998166713117
страшный,0.006158339020423001,1,0.06214938228648561,25,-0.05599104326606261
строго,0.35369382132540006,5,0.12041925479301417,11,0.23327456653238587
строго-настрого,5.700211629150291e-05,2,1.874068034128635e-05,4,3.8261435950216565e-05
стряслось,0.0012937196688720001,1,0.010713300773012113,30,-0.009419581104140113
ступала,0.9527769309025391,3,0.3686284839545355,9,0.5841484469480036
стыда,0.06984608905383101,3,0.289017123794662,11,-0.219171034740831
стыдно,0.5657153993920531,18,0.09561938785879977,30,0.4700960115332533
стыду,0.5807739673359857,3,5.992510063478148e-09,1,0.5807739613434757
стынет,0.45928977202056426,4,0.040259239828932154,24,0.4190305321916321
судить,0.5359557731007689,5,0.26770256181839963,15,0.2682532112823693
судьба,0.04517266584963267,3,0.12614015713052742,20,-0.08096749128089475
судьбами,0.6679969037064007,3,0.1285668545576457,10,0.539430049148755
судя,0.7706784446228228,4,0.9934925249515556,8,-0.22281408032873284
сумасшедшая,0.37527984170681505,1,0.021676732638523113,26,0.35360310906829195
сумасшедшей,0.06116045069207501,1,0.013809446705734545,13,0.04735100398634046
сумасшедшем,0.076585673010995,1,0.02034829030653,6,0.056237382704465
сумасшедшие,0.09297777491931601,1,0.0317319355814923,15,0.06124583933782371
сумасшедший,0.12773890354599102,1,0.022296039874858595,20,0.10544286367113243
сумеем,0.018936823678179,1,0.02252797621995065,15,-0.0035911525417716486
сумел,0.138370336763186,1,0.06813904311245667,9,0.07023129365072933
сумели,0.0020067986413270004,1,0.037053089736065886,9,-0.035046291094738884
сути,0.396084115748411,3,0.3120106275631882,3,0.08407348818522281
суть,0.04834206201090272,7,0.2919282059431717,16,-0.243586143932269
сучка,0.9829063839421718,3,0.08230366046917513,21,0.9006027234729966
существу,0.005631039548748,3,0.033237896906441335,3,-0.027606857357693335
сущности,0.1214340832891638,5,0.007279795422036823,2,0.11415428786712697
сфере,0.000124388632312,1,0.1524618197230916,5,-0.1523374310907796
схвачено,0.0433749677512816,5,0.0015152296449464039,16,0.0418597381063352
сходил,0.79784806139146,2,0.13566440412336447,21,0.6621836572680956
сходят,0.9569566062260111,1,0.31118492343698806,11,0.645771682789023
счастье,0.5430548848933402,6,0.20968585919260407,20,0.3333690257007361
счастью,0.7000586315822819,5,0.007213308610804444,2,0.6928453229714774
счел,0.47189104866677206,2,0.2824942291832616,5,0.18939681948351045
счесть,0.05955888515584463,4,0.08980242723875868,3,-0.030243542082914056
счет,0.2230305749785828,10,0.4362061801847606,7,-0.2131756052061778
счета,0.41152449328508395,14,0.40851975551609837,15,0.003004737768985577
счете,0.6399458813087276,5,0.2594960139281332,3,0.38044986738059444
счетом,0.5171421879113629,8,0.3354491769963442,7,0.18169301091501872
счету,0.593153463971634,5,0.3607364587806364,10,0.23241700519099762
считает,0.45079383117457006,1,0.003721943551267667,3,0.4470718876233024
считал,0.294647145046457,1,0.071532808780222,11,0.223114336266235
считали,0.18896441072396603,1,0.018302445847190603,10,0.17066196487677543
считанные,0.455838800256379,5,0.44912373021763824,12,0.006715070038740778
считать,0.9908334960542436,5,0.334859972101242,11,0.6559735239530016
считая,0.7799856467364686,5,0.30536154598693777,3,0.4746241007495309
съел,0.9167080769904474,5,0.08150742763857415,14,0.8352006493518733
сюда,0.4646321359289975,6,0.18620657514155675,15,0.27842556078744074
сяк,0.0018663233970930002,1,0.38813820380361086,8,-0.3862718804065179
сям,0.7120379249239006,2,0.4218124394035659,6,0.2902254855203347
т,0.99981109243427,2,0.5047099450089375,8,0.4951011474253325
та,0.7428895956955395,4,0.3287209509992757,9,0.4141686446962638
так,0.7046810097552081,329,0.5382237707196798,13,0.16645723903552834
так-то,0.03384283158014125,8,0.020188499471481953,25,0.013654332108659299
такая,0.4601986029749892,16,0.38589961266240386,19,0.07429899031258536
также,0.50129070743683,11,0.06186219278137334,14,0.4394285146554567
таки,0.00029850837451700005,1,0.34368386471582885,13,-0.34338535634131184
такие,0.4338466238829659,13,0.48281093155467064,23,-0.04896430767170473
таким,0.784031787769426,17,0.31333297175727504,5,0.4706988160121509
таких,0.3866958690216557,3,0.33239956236063833,13,0.05429630666101737
таков,0.6914660123667934,3,0.057101596853842536,15,0.6343644155129509
таковая,0.00028389047439200004,1,0.06793309904431304,4,-0.06764920856992103
таковой,0.7032480422193808,4,0.0010977006772049645,7,0.7021503415421758
такого,0.6113391294453275,4,0.30496367385375717,11,0.30637545559157037
такое,0.7238532224324185,8,0.4025823015607324,17,0.32127092087168607
такой,0.6155337625256824,41,0.45349430761681636,11,0.162039454908866
такт,0.6514184114363321,3,0.053483069330648295,5,0.5979353421056838
такую,0.9072636701970517,3,0.2543334977809794,13,0.6529301724160723
там,0.6721132252730128,47,0.2353553646614212,19,0.43675786061159155
твои,0.447212309289416,1,0.18380255689459088,26,0.2634097523948251
твоя,0.09789585249440301,2,0.16325418205373093,24,-0.06535832955932792
те,0.9759889561959216,4,0.400069722795852,8,0.5759192334000696
тебе,0.39920915138804236,10,0.1925497861911375,25,0.20665936519690487
текстом,0.9969187479153571,6,0.4290362712721275,8,0.5678824766432296
текущий,0.031767046496361,2,0.06674412190938657,7,-0.03497707541302557
теле,0.14437853663150302,3,0.18652333812429944,7,-0.042144801492796424
тележка,0.6921122149229321,3,0.2797597976264294,11,0.4123524172965027
тело,0.9964236953922004,3,0.20617861735530368,7,0.7902450780368968
телом,0.6905750124358341,3,0.2760554129078436,12,0.4145195995279905
телят,0.31122458547681103,5,0.004619117541124668,8,0.3066054679356864
тем,0.8563400666120078,53,0.6255420565816875,6,0.2307980100303203
теме,0.0727871113304416,10,0.1350303089878458,14,-0.06224319765740419
темна,0.7691168424848174,10,0.015084167570481305,20,0.7540326749143361
темпе,0.03737171505043247,2,0.002222942666877,1,0.035148772383555474
тему,0.44703101482703733,14,0.13861668187510007,23,0.30841433295193726
темы,0.27789666024583864,3,0.18935737337578232,16,0.08853928687005633
тени,0.3603546748370978,5,0.18452593614919988,13,0.17582873868789795
теперь,0.6840338367631565,5,0.20197065169336986,31,0.4820631850697867
тепло,0.14479793492718132,3,0.15912342017344594,17,-0.014325485246264619
теста,0.7532923812884977,3,0.31366541815608984,9,0.4396269631324079
тех,0.7838666491246394,15,0.6217913021782017,6,0.16207534694643777
течение,0.5143095099782066,5,0.0037376944032810003,1,0.5105718155749256
течением,0.8836890155868712,3,0.40678068345051344,11,0.47690833213635775
типа,0.3183561426552612,5,0.04542340487868331,11,0.2729327377765779
типу,0.6944193450434456,5,0.49979164762771877,4,0.19462769741572683
тихий,0.09966291444672,4,0.07339520923807824,18,0.02626770520864176
то,0.8932558954880621,261,0.8274754189657775,6,0.06578047652228458
то-то,0.0744081244512946,9,0.034372633636964814,30,0.04003549081432979
тогда,0.8892687817835145,10,0.05179191591394836,17,0.8374768658695662
того,0.9214580369865756,132,0.41640660212877306,4,0.5050514348578026
тоже,0.5345092135244971,14,0.1466093121451104,27,0.3878999013793867
той,0.906188442705855,16,0.5136441179251483,5,0.39254432478070667
толика,0.2244331662751718,4,0.03946395618872225,19,0.18496921008644954
толк,0.9039654049476741,11,0.5196513816242215,20,0.38431402332345255
толком,0.617729119143084,6,0.16526171884897717,18,0.45246740029410687
толку,0.7982611608951987,5,0.2230027201779354,31,0.5752584407172633
толпа,0.5804649391480046,2,0.18350309165511042,25,0.39696184749289415
толпу,0.077267302374007,1,0.12915666338048024,9,-0.051889361006473234
толпы,0.273791346410933,2,0.12714478006189056,13,0.14664656634904244
толщиной,0.35677782401816105,1,0.4526742376705116,8,-0.09589641365235058
только,0.6500148034450243,178,0.3803555675676958,15,0.2696592358773285
том,0.9783004240786888,51,0.8976372470496564,7,0.08066317702903236
тому,0.9822960613774828,29,0.4766096808704306,11,0.5056863805070522
тонны,0.17152283426763332,5,0.19980019939470284,15,-0.02827736512706952
торопиться,0.6144717096933211,1,0.047197972636836324,29,0.5672737370564848
торопишься,0.16048370186250102,2,0.01899710663744165,31,0.14148659522505938
торца,0.014257350543525601,5,0.0027958297866568006,5,0.011461520756868801
тот,0.9259345125545062,12,0.5410141748032046,7,0.38492033775130163
тотальная,0.0018544206716270002,1,0.004742883256421479,14,-0.002888462584794479
тотального,0.002480524991385,1,0.0050437419975711455,7,-0.0025632170061861454
тотальное,0.07080753714922401,1,0.0011517992360211343,11,0.06965573791320288
тотальный,0.07777616445413901,2,0.08601992207390172,11,-0.008243757619762704
тотчас,0.0015969593360192762,5,0.0013333468470723576,16,0.00026361248894691863
точка,0.04166203840901,5,0.34359852455490747,21,-0.30193648614589746
точки,0.9988804360630077,5,0.7512592402343655,5,0.24762119582864217
точку,0.6595884479802319,9,0.6057177639346651,18,0.05387068404556672
точнее,0.41187268177851755,2,0.01551853768270283,12,0.3963541440958147
точно,0.39261831723688045,21,0.21865697422148306,20,0.1739613430153974
точности,0.5889890893528188,4,0.08839686355931432,6,0.5005922257935045
точь-в-точь,0.00012085195762099312,4,5.9596290718940574e-06,14,0.00011489232854909907
тошно,0.3297162294874524,5,0.04787540296503728,30,0.2818408265224151
тощий,0.000830609152099,3,0.017731594650441194,11,-0.016900985498342194
трава,0.9999529145487651,1,0.23871272874859276,16,0.7612401858001724
требованиям,0.8057855074063773,4,0.5753220593021625,6,0.23046344810421482
трезвую,0.9619164481607928,3,0.04912871053592987,10,0.912787737624863
тренде,0.12037434231675935,3,0.021090163370065217,14,0.09928417894669414
треском,0.3760851741219673,8,0.23562097581635302,3,0.14046419830561427
тресни,0.133159625605192,3,0.4185253822919334,21,-0.2853657566867414
трети,0.9144214549717911,1,0.25311566794429885,10,0.6613057870274922
треть,0.35441913256607205,1,0.06824981412513376,4,0.2861693184409383
третьем,0.802086988666145,3,0.25254805243906125,9,0.5495389362270837
три,0.9691080403181974,8,0.274170169886626,16,0.6949378704315714
тридевять,0.0011043891318283166,2,6.77565348771685e-09,1,0.0011043823561748289
триста,0.0010368117332796667,3,0.1039480559958673,18,-0.10291124426258763
трогало,0.18403622643237172,3,0.018424419773022106,12,0.1656118066593496
труд,0.8678720940880371,5,0.19706231701085455,11,0.6708097770771826
труда,0.7815015705166921,8,0.43976038387412536,9,0.34174118664256675
трудом,0.9685386585963235,6,0.5289068890593497,3,0.4396317695369738
труп,0.9210624549993924,3,0.08530950941880418,24,0.8357529455805882
трын-трава,1.0835772670998401e-08,5,1.2806779129647766e-09,12,9.555094758033624e-09
туда,0.6543446482423656,18,0.3840633220690292,17,0.2702813261733364
туда-сюда,0.0006014465405015881,7,0.0011339069306810373,8,-0.0005324603901794492
тут,0.5684016039751476,46,0.29735231586851296,25,0.27104928810663464
туча,0.018996385031853,1,0.14531925090369543,12,-0.12632286587184244
тучей,1.9496903244652142e-05,1,0.0026605484910412185,9,-0.0026410515877965664
тучи,0.35806345710166354,2,0.051615383649514984,12,0.30644807345214853
тучу,0.12808870852644602,1,0.05398493463460301,11,0.07410377389184301
ты,0.6257580939228489,18,0.38334683921540386,22,0.242411254707445
тыл,0.46645319831313437,3,0.07168953489927743,12,0.39476366341385694
тыла,0.29504476523677053,4,0.1507256307688872,9,0.14431913446788333
тылу,0.5438956647593226,5,0.2676483118846293,3,0.2762473528746933
тысячи,0.0516768060287864,5,0.3239045615140927,10,-0.2722277554853063
тысячных,7.753084334987485e-06,1,0.010072643993408901,8,-0.010064890909073913
тьма,0.5010173381711118,4,0.11951823080886732,16,0.3814991073622445
тьма-тьмущая,1.5265898172712665e-06,3,2.0870250770497046e-06,18,-5.604352597784382e-07
тю-тю,5.505736675344706e-05,4,7.853586508733479e-06,23,4.720378024471358e-05
тютю,7.430025561755965e-07,1,0.000568013541060914,12,-0.0005672705385047383
тяжелым,0.25144909081437766,3,0.09847322017381067,12,0.152975870640567
тяните,0.000730639776749,1,0.058862468611092025,36,-0.05813182883434303
тянул,0.810944885580409,7,0.046343546223461304,19,0.7646013393569477
тянуть,0.657668147024276,2,0.0619042779458071,28,0.5957638690784689
у,0.9138467931810316,277,0.6587083432800065,9,0.2551384499010251
убить,0.2061691624037008,5,0.22779025135448103,25,-0.021621088950780215
уверенностью,0.6214667498675891,3,0.008980211557298001,1,0.6124865383102911
увидите,0.6296259390537781,2,0.2225669903423355,21,0.40705894871144255
увидишь,0.9692425302041331,1,0.21985894208522366,29,0.7493835881189095
увы,0.11890350072868361,5,0.042430788569390386,13,0.07647271215929322
угла,0.9960466380772617,8,0.2919529379440788,17,0.7040937001331828
углом,0.7840039531012942,6,0.2751875396537965,20,0.5088164134474977
углу,0.6112745158649864,3,0.24797369959360055,19,0.36330081627138583
угодно,0.6704888450930571,29,0.5885599537599508,15,0.08192889133310621
угол,0.9988525740171681,5,0.405334296017178,8,0.5935182779999901
угораздило,0.0002692297126157441,3,0.025999798727152676,22,-0.025730569014536932
угорелая,0.0024843074385165,2,6.116947490493879e-07,5,0.0024836957437674506
удалось,0.7731863804984483,6,0.425807601447813,11,0.34737877905063536
ударе,0.04440347833747934,3,0.6000027868253662,9,-0.5555993084878869
ударят,0.5717287537136441,1,0.05928035280182123,16,0.5124484009118229
удержа,9.93313671780809e-06,1,3.714880175299342e-05,4,-2.721566503518533e-05
удержу,0.0021473630586855003,2,0.004641732609168604,17,-0.002494369550483104
удивление,0.5055483868848626,2,0.1089277892394408,14,0.3966205976454218
удивленье,9.181499795594413e-05,1,0.00011799760406044269,12,-2.6182606104498555e-05
удивленьем,0.00011879188449300001,1,0.00013071341824056164,9,-1.1921533747561634e-05
удовольствие,0.9786084911202857,3,0.5019885613560827,12,0.476619929764203
удовольствием,0.6127041782531844,4,0.3693817072989254,9,0.24332247095425896
уж,0.6507505247543054,90,0.3394323830081683,30,0.3113181417461371
ужаленный,0.0154404080448275,2,0.0007522899734276824,9,0.014688118071399818
ужас,0.8366431112823536,4,0.07532514239503345,18,0.7613179688873202
ужасная,0.020847384325553,1,0.027317579146637388,24,-0.0064701948210843865
ужаснейшего,3.1031212476986094e-05,1,0.00010565817841238842,4,-7.462696593540233e-05
ужасно,0.00559713859094375,8,0.01662954164601462,29,-0.011032403055070871
ужасное,0.0290948655810895,2,0.04097298445402459,13,-0.011878118872935092
ужасной,0.0017689064279000001,1,0.05413782259854215,14,-0.05236891617064215
ужасный,0.137261766239332,1,0.026111888400972037,22,0.11114987783835997
ужасу,0.2028912873220205,2,0.26779139675689967,6,-0.06490010943487917
уже,0.6900582043567234,27,0.3327273741528795,24,0.3573308302038439
уйдя,0.198965062338911,1,0.0179540611379189,4,0.18101100120099212
уйма,0.10975265020598102,5,0.08939633016411479,14,0.02035632004186623
уйму,0.00428104826558425,4,0.005738804877946753,12,-0.0014577566123625029
уйти,0.011979543109072,1,0.20975108207503915,15,-0.19777153896596714
указ,0.2908392103977427,3,0.2918167169997604,10,-0.0009775066020177303
укладывается,0.9809827120338376,2,0.25473439686311333,10,0.7262483151707242
уклонилась,0.21820033536871802,1,0.1829928829401237,22,0.03520745242859433
уклонился,0.004539578448553,1,0.017311777650248224,13,-0.012772199201695224
уклониться,0.033367458814046,1,0.07588656082312094,8,-0.04251910200907494
укор,0.0381981627854554,5,0.01576289450165829,13,0.022435268283797112
улицы,0.8659952346157104,3,0.17842668475385445,16,0.6875685498618559
уложилась,0.00010686288075500001,1,0.00011326266608043087,7,-6.399785325430856e-06
уложился,0.0155491248840025,2,0.0028871158843712507,24,0.01266200899963125
уложитесь,0.028027663767675,1,0.000939856275575071,4,0.02708780749209993
уложится,3.2492421428354417e-06,1,0.0004728829875461896,6,-0.0004696337454033542
ум,0.475033631651665,3,0.22857723060462776,18,0.24645640104703725
ума,0.9843307860325398,18,0.7150368079622307,22,0.2692939780703091
уме,0.6114191621213242,13,0.3533991371288428,9,0.2580200249924814
умеет,0.27829542166791943,5,0.2571545515887634,12,0.02114087007915605
умеешь,0.8428845560956071,1,0.2674945087469804,31,0.5753900473486266
умел,0.021420412235765,1,0.06621847015484587,16,-0.04479805791908087
умеют,0.010730919764152,1,0.21543210994375445,16,-0.20470119017960245
умираю,3.593490634038519e-05,5,0.017712768808793737,32,-0.01767683390245335
умножить,0.13861654184613953,2,0.07747821379156845,10,0.061138328054571076
умом,0.3319210926319457,3,0.23767371801502593,13,0.09424737461691976
уму,0.13807370808008268,6,0.3759199718430093,12,-0.2378462637629266
умудрился,0.10434542233239788,5,0.1587255875070795,7,-0.05438016517468161
унисон,0.030581795539453668,3,0.0003113251658710392,4,0.030270470373582627
упаси,0.266201363765527,3,0.10282548090323215,23,0.16337588286229485
упокой,0.007481350796536227,3,0.07744875874844769,10,-0.06996740795191146
упомнишь,0.2357900858435614,5,0.0861771274120525,25,0.1496129584315089
упор,0.41081680902794143,9,0.27717421047374013,3,0.1336425985542013
упряжке,0.026182050398585004,2,0.14045696397829924,11,-0.11427491357971423
ура,0.016090563492622334,3,0.03924716595386193,20,-0.023156602461239593
урок,0.5007248894042963,4,0.1638723417114768,20,0.33685254769281947
уроком,0.187386917456228,1,0.21110448477183286,10,-0.023717567315604843
урывками,0.00017901449157170792,5,3.453370925715344e-05,13,0.00014448078231455447
усилиями,0.9635316440946248,3,0.252395205851021,5,0.7111364382436038
условии,0.9876468343910626,4,1.9268346597908044e-05,2,0.9876275660444647
условиям,0.5602993786604619,5,0.6293610787286893,7,-0.06906170006822743
условиях,0.7205443884122109,5,0.894030430412587,2,-0.1734860420003761
услугами,0.9232808669717247,5,0.567823342060618,5,0.3554575249111067
усмотрение,0.5618444997816864,5,0.00038716691677799405,2,0.5614573328649084
успехом,0.9973740614585784,5,0.8869500361988082,8,0.11042402525977024
уст,0.9909223672072475,3,0.05607043238875183,7,0.9348519348184956
уста,0.9959858050970718,3,0.03370686367807243,7,0.9622789414189994
устатка,1.6028149828967542e-08,1,2.1125458828938805e-07,5,-1.952264384604205e-07
устатку,5.5923943966638003e-05,2,2.283147145719106e-05,17,3.309247250944695e-05
устах,0.45953956582034805,6,0.023797454684374005,2,0.43574211113597405
устроила,0.721886458729844,1,0.14961786842746305,22,0.572268590302381
устроили,0.042960441831099504,4,0.1408662570090267,19,-0.09790581517792718
утверждению,0.014124038818019002,2,0.016801174717837004,6,-0.002677135899818002
утра,0.8357547312594535,8,0.530127840766324,15,0.3056268904931295
ух,0.8136363705548973,5,0.05891730079082931,31,0.754719069764068
уха,0.923612981400157,2,0.28410345758147293,13,0.6395095238186841
уходит,0.6160001465963001,2,0.30251315811852353,10,0.31348698847777656
учета,0.32503016479288205,5,0.04712170213032496,12,0.2779084626625571
учетом,0.6853676514376295,3,0.589006219003533,3,0.09636143243409645
ушел,0.3141719779428325,2,0.08264638456146384,20,0.2315255933813687
уши,0.37069840225379735,9,0.23241914000043323,21,0.13827926225336412
ушли,0.8456633198962991,1,0.2629993734862689,19,0.5826639464100302
ущерб,0.9604615859467116,2,0.5091581876383682,6,0.45130339830834343
факт,0.21001151566392404,5,0.388380314870479,10,-0.178368799206555
фейерверк,0.0004353806609026872,3,0.03410710051256209,14,-0.033671719851659405
фейерверком,0.0032088727157590004,2,0.1377594979684274,7,-0.1345506252526684
фи,0.6441253105664446,2,0.004255277319632988,18,0.6398700332468117
фибрами,0.06353418058594801,2,0.01948271340683779,7,0.04405146717911022
фиг,0.008711609149795333,3,0.05491757959244255,28,-0.046205970442647216
фига,0.012740271501999,1,0.113690449114163,33,-0.100950177612164
финишной,0.9969251357755464,3,0.518456246442788,7,0.47846888933275844
фиолетово,0.007771398793085999,3,0.0856450455780866,14,-0.0778736467850006
фишка,0.014965209271180668,3,0.028827367068550023,14,-0.013862157797369355
флагом,0.10959379344416902,3,0.40895215617008646,11,-0.2993583627259174
флаконе,0.30697040676706305,3,0.20840895445074226,12,0.0985614523163208
фонтан,0.027410811144112802,5,0.022821489588110026,16,0.0045893215560027754
фонтаны,0.29424178384902355,2,0.004370216710715317,7,0.28987156713830825
форме,0.3159104128880192,7,0.132000967338474,2,0.1839094455495452
форменное,0.014391162520042002,1,0.014572922506171314,17,-0.00018175998612931198
форменный,0.018481158184728,2,0.030556258387389443,22,-0.012075100202661442
форму,0.8793125295612596,4,0.034115813435609876,9,0.8451967161256497
форса,0.00021980683054800002,1,0.00018870656222072445,9,3.110026832727557e-05
форсу,0.0001346968776272267,2,8.069518122680812e-05,13,5.400169640041859e-05
фору,0.4921558412718247,3,0.0048855794755041084,11,0.4872702617963206
фронтам,0.6587785437257907,5,0.010652888479254819,10,0.6481256552465359
фронте,0.9767978240747693,4,0.029974787071038605,15,0.9468230370037307
фрукт,0.02350241448519741,3,0.03441519816514706,21,-0.010912783679949647
фу,0.0163427715937072,5,0.009497744811645472,30,0.0068450267820617285
фэ,7.344893247378057e-05,3,0.0009382045995588144,18,-0.0008647556670850338
характер,0.9467278629658603,5,0.49805311801837504,9,0.44867474494748527
характеризуется,0.08807914291046119,2,0.10290364824869833,9,-0.014824505338237134
характеризуются,0.347557476043861,1,0.04531755304822782,3,0.3022399229956332
хватает,0.5156968187956961,7,0.46976377933379465,17,0.045933039461901415
хватается,0.38649313568074506,2,0.1728203925521026,19,0.21367274312864246
хватал,0.7577764176663601,1,0.008972809769344501,6,0.7488036078970156
хватало,0.5011971639556755,11,0.26912792376855704,19,0.23206924018711844
хватило,0.5012624316034321,10,0.3148973474101267,25,0.18636508419330539
хватит,0.5480551492977812,26,0.2465840343559253,37,0.3014711149418559
хватить,0.974632802889377,1,0.6263324376087138,26,0.3483003652806632
хвост,0.9663154806624273,5,0.2322921299535811,10,0.7340233507088463
хвоста,0.04203489255849441,3,0.1022980024149725,12,-0.06026310985647809
хвосте,0.16392304957746262,5,0.20311950578287788,15,-0.03919645620541526
хвостиком,0.0940387726232456,5,0.11052181504832097,12,-0.016483042425075367
хвостом,0.08523776389187226,4,0.2878648995925987,16,-0.20262713570072644
хлеба,0.9933416330049747,3,0.15591306188413323,15,0.8374285711208415
хлебавши,0.9335171629926787,3,0.4790643695772742,7,0.4544527934154045
хлебах,0.42631654210178777,6,1.456852865677973e-05,3,0.426301973573131
хлебом,0.9943677805258927,3,0.1058181292686457,15,0.888549651257247
хлоп,0.015648874754017883,5,0.0761783898501773,30,-0.06052951509615942
хны,0.9231262399461344,3,0.7984483836144776,23,0.12467785633165684
ходил,0.1335502954601285,2,0.06398416224381766,19,0.06956613321631085
ходили,0.704348898903263,1,0.2797705476762979,12,0.42457835122696513
ходит,0.6384416935599481,1,0.24270460546314634,18,0.39573708809680175
ходить,0.9539792305088389,6,0.23361473186847997,25,0.720364498640359
ходом,0.7663401233393298,6,0.7905039818110593,10,-0.024163858471729527
ходу,0.5416492478928157,24,0.030616300515107803,5,0.5110329473777079
ходьбы,0.6254672448245037,3,0.1184097391560343,7,0.5070575056684694
ходят,0.5382883985104209,8,0.26088454451918247,23,0.2774038539912384
холодно,0.9484796863044958,3,0.16265370669090676,27,0.785825979613589
хором,0.12749339106160706,5,0.2424378345356592,22,-0.11494444347405214
хорош,0.3078497768080443,12,0.10012762631855064,24,0.20772215048949366
хороша,0.6400052425468149,7,0.1655575351727086,23,0.4744477073741063
хорошей,0.9793515930109151,5,0.1608744873837223,17,0.8184771056271929
хороши,0.39098604616952304,5,0.14801834206330844,16,0.2429677041062146
хорошо,0.171831501314742,9,0.22007564416367031,18,-0.048244142848928306
хотел,0.5267692219980714,24,0.1599199384837266,20,0.3668492835143448
хотела,0.30419675730200524,8,0.22407208290049083,16,0.08012467440151441
хотелось,0.002040075567739,1,0.37041900559622776,13,-0.36837893002848876
хотите,0.6582619455273255,7,0.31940931300439085,29,0.3388526325229347
хоть,0.6712423321722665,79,0.3891415304789894,14,0.28210080169327706
хотя,0.7356024557974588,16,0.016772113814113417,12,0.7188303419833454
хотят,0.9455912955088641,1,0.26790177866536397,13,0.6776895168435002
хочет,0.6570207311178901,4,0.2572047302320677,11,0.39981600088582236
хочется,0.3182875970843665,4,0.17013754255878635,19,0.14815005452558014
хочешь,0.7003530233399355,22,0.34767642399895377,28,0.3526765993409818
хочу,0.6402066188664776,16,0.2693048203521515,26,0.3709017985143261
храни,0.20941241147663536,3,0.11060618944482581,26,0.09880622203180955
хрен,0.13562985138567857,9,0.07980653201248998,30,0.05582331937318859
хрена,0.4081312064012128,4,0.26537053454668535,29,0.14276067185452745
христа,0.7543264909366331,6,0.25116995291745925,9,0.5031565380191738
хромает,0.008583360857755944,5,0.023389846139444368,24,-0.014806485281688424
худо-бедно,6.522648104276346e-06,10,2.6254205391239137e-06,4,3.8972275651524326e-06
худого,0.00024589192975204324,5,0.06684736795725577,7,-0.06660147602750373
худшему,0.268376150170327,2,0.09874445590664825,13,0.16963169426367875
хуже,0.7640447275301138,11,0.18258773992056238,17,0.5814569876095514
хухры-мухры,2.9530775953427585e-06,4,2.0380074107624774e-07,7,2.7492768542665106e-06
цвета,0.5071581407319072,4,0.5620419160123687,11,-0.05488377528046151
цвете,0.379075310030317,2,0.13982584692890473,11,0.2392494631014123
целиком,0.963567971281441,3,0.05615551747108145,7,0.9074124538103595
целости,0.48162118003908727,5,0.040574110269058924,6,0.44104706977002833
целую,0.5009064294554793,8,0.17864368161523062,19,0.32226274784024866
целый,0.5426172365292833,4,0.3074375342385934,16,0.2351797022906899
целым,0.9144708980371761,1,0.11465900942683001,6,0.799811888610346
целыми,0.2630123852158618,2,0.5071426873358115,13,-0.24413030211994968
целых,0.2622029301992837,6,0.1418068977375894,17,0.12039603246169431
целью,0.9633694491727529,15,0.6758698054066505,4,0.2874996437661024
цена,0.9477963349924757,3,0.18713974304042558,17,0.7606565919520502
цене,0.21469841601803963,5,0.5526339037744268,9,-0.33793548775638715
ценой,0.9591337518595885,11,0.4527002909547435,10,0.506433460904845
центре,0.9778944995974197,5,0.42808007304920026,8,0.5498144265482194
цены,0.2113691347663417,3,0.31592004801129414,9,-0.10455091324495244
час,0.7160227225541365,31,0.3244512981051322,25,0.3915714244490043
часа,0.8160188756025423,3,0.37308091721533876,20,0.4429379583872035
часами,0.052867780233177,1,0.1492931664733818,14,-0.0964253862402048
часах,0.966925097275877,1,0.6186761456343396,10,0.34824895164153746
часов,0.5968577688765976,4,0.40496103359101104,11,0.19189673528558654
часом,0.0013401837777688925,3,0.25036006362095603,24,-0.24901987984318713
части,0.9817749710131398,5,0.5057738917576575,8,0.4760010792554823
часть,0.19681595356694753,2,0.35997921164909696,12,-0.16316325808214943
часу,0.8281637286424933,6,0.3054634993651234,20,0.5227002292773699
чего,0.6959747616466765,99,0.360324698901966,18,0.3356500627447105
человек,0.719624936544807,6,0.44144928849111026,9,0.2781756480536967
человека,0.8821190451199394,5,0.23921465858043917,7,0.6429043865395003
чем,0.7343380138944176,84,0.5757579309994701,17,0.1585800828949474
чем-то,0.0999055818256462,8,0.24121445137028336,16,-0.14130886954463717
чему,0.9244296131532381,25,0.5646361820027004,8,0.35979343115053775
черед,0.21096269464859704,3,0.28786767917815814,24,-0.0769049845295611
чередом,0.8280200840875978,3,0.310218116469758,3,0.5178019676178398
через,0.7446002647540289,46,0.7347567592782135,12,0.009843505475815362
чересчур,0.00043256061229200005,1,0.020894594514398943,13,-0.020462033902106942
черный,0.3330312337913974,3,0.12679933226150208,17,0.2062319015298953
черт,0.4051810363471001,42,0.38052410564716266,26,0.024656930699937463
черт-те,0.08986227915780301,1,0.01126426860746833,15,0.07859801055033468
черта,0.4931662581857898,20,0.18914591402071823,19,0.30402034416507157
чертиков,0.19176310297291604,2,0.04240630002703588,21,0.14935680294588016
чертов,0.0027571449435640004,3,0.049391911600404494,24,-0.04663476665684049
чертовой,0.6912723953116775,4,0.9090550447622106,17,-0.21778264945053305
чертовски,0.0164322648395482,5,0.011104968478814993,21,0.005327296360733208
чертом,0.065820926288413,5,0.03751462437093421,16,0.028306301917478793
черту,0.5413066584156484,34,0.3318370012115115,7,0.2094696572041369
чести,0.6280227390616601,21,0.3496700128475072,12,0.27835272621415286
честно,0.8761734015560677,5,0.21509358346605575,18,0.6610798180900119
честное,0.8229263091233937,5,0.16582104009163173,13,0.657105269031762
честном,0.9574445477714274,8,0.33489523286149164,8,0.6225493149099357
честь,0.9129034017480582,14,0.31700432219383956,21,0.5958990795542186
честью,0.35088075291420395,3,0.18888441560726235,17,0.1619963373069416
чета,0.5323280484125931,8,0.03869379433275094,8,0.4936342540798421
четверти,0.631102866291773,1,0.30199382975020606,9,0.329109036541567
четверть,0.275016792761871,1,0.08032023117763708,11,0.19469656158423393
четыре,0.9764053059930444,3,0.3399713483556833,10,0.6364339576373611
четырех,0.7086454610904918,3,0.01582007450173529,7,0.6928253865887565
чешет,0.00020846661322545244,5,0.126234447582421,19,-0.12602598096919554
чинов,0.006179308211934,3,0.21240879579552524,5,-0.20622948758359125
чину,0.022395594932819504,6,0.0017274805157933802,3,0.020668114417026123
числа,0.7612672385386821,5,0.183282933793344,9,0.577984304745338
числился,0.06483878242883837,8,0.009622899826044116,9,0.05521588260279425
числится,0.0018251722577221816,2,0.07104682738607927,9,-0.0692216551283571
число,0.9958418564221784,3,0.18805634206774663,8,0.8077855143544317
числом,0.8425523598136373,5,0.21667630365247978,5,0.6258760561611575
числу,0.38305477187188386,5,0.4032216927813474,9,-0.020166920909463537
чисто,0.00025277298087000003,1,0.10983096814010596,16,-0.10957819515923596
чистое,0.12024748766482801,2,0.03566481860107142,12,0.08458266906375658
чистой,0.5301000728475506,4,0.3315846360269783,15,0.19851543682057227
чистом,0.9062180504238947,3,0.3603837728993799,16,0.5458342775245149
чистый,0.6583362836051597,3,0.05466778287932469,13,0.603668500725835
чистым,0.20824010362604337,3,0.21278884967807984,17,-0.004548746052036479
чрезвычайно,0.0049713615595976665,3,0.010862067717582557,9,-0.005890706157984891
что,0.8477188291433599,851,0.6810555956786761,11,0.1666632334646838
что-то,0.21297710694874594,13,0.16569388861460502,18,0.047283218334140925
чтоб,0.7506044475473039,9,0.11711081915415393,24,0.63349362839315
чтобы,0.8279637180742806,193,0.6574538291278322,10,0.17050988894644836
чувств,0.6999274214240697,3,0.1684040357785723,7,0.5315233856454974
чувствах,0.9995860101007731,3,0.6323468406379016,9,0.3672391694628715
чувством,0.9794553039072421,3,0.5563953806540126,11,0.4230599232532295
чудо,0.137183391730967,4,0.11140697418151489,15,0.025776417549452105
чудом,0.2743525756611606,5,0.19580060709429956,14,0.07855196856686106
чужд,0.100889702998957,3,0.18453429192118834,7,-0.08364458892223134
чуждый,0.0018631462905420002,1,0.0008999421845450001,1,0.0009632041059970001
чужими,0.5235520156378785,3,0.09179402127802527,10,0.4317579943598532
чужих,0.6194780196453754,3,0.10528783680565802,11,0.5141901828397174
чужой,0.31389245774307034,3,0.12949832922971133,18,0.184394128513359
чур,0.27011431196550184,5,0.051024458502211024,31,0.21908985346329082
чуточки,0.0029926026687286666,3,9.85029649925048e-08,1,0.002992504165763674
чуть,0.49779607542287646,30,0.3370703861912891,14,0.16072568923158737
чуть-чуть,0.000260556140225,1,0.004429641927505341,23,-0.004169085787280341
чуял,4.757108421905933e-05,1,0.005185825224141284,15,-0.005138254139922225
шаг,0.8564699194190803,5,0.5406732490748181,8,0.3157966703442623
шага,0.027479377450308668,3,0.43822967635221294,12,-0.4107502989019043
шагами,0.9931822455809085,3,0.6415104046361508,5,0.3516718409447577
шагов,0.12693289580015601,3,0.25320006735777023,15,-0.12626717155761422
шагом,0.9993015055018865,3,0.9023143046239995,11,0.09698720087788693
шагу,0.5594714652324869,10,0.24750822470904307,14,0.3119632405234438
шансы,0.7970697676975476,5,0.4174142491929019,14,0.3796555185046457
шатко,0.9968858986645392,5,0.032404816319637555,15,0.9644810823449017
шел,0.0063187276351225,2,0.07399673226750782,11,-0.06767800463238531
шею,0.5648984943541185,2,0.19697491514619384,9,0.36792357920792473
шиворот,0.0238559254948142,5,9.183831983847691e-11,1,0.023855925402975882
шиворот-навыворот,1.592904775099478e-05,3,2.758437127992698e-06,16,1.3170610623002084e-05
шириной,0.9177570705225011,1,0.23600927987100545,11,0.6817477906514957
ширину,0.9081080752331692,2,0.3406354491020566,11,0.5674726261311125
широкую,0.816990102011506,6,0.1391785643502147,9,0.6778115376612913
ширь,0.5063063925744969,3,0.001135969385254413,8,0.5051704231892425
шквал,0.42687735603968,4,0.18197837490866894,16,0.24489898113101108
шквалом,0.006036314161740001,1,0.07989348220568286,7,-0.07385716804394286
школьной,0.9975960831656074,3,0.22352867913468072,10,0.7740674040309268
шкуру,0.15951627301763535,3,0.12234799474639838,13,0.037168278271236976
шли,0.0449614918478212,5,0.08199555535707367,10,-0.03703406350925247
шло,0.9998896723863918,3,0.15638992877854155,17,0.8434997436078503
шоколаде,0.3225712218693135,7,0.00011867464734105325,2,0.3224525472219724
штык,0.004101209255218842,5,0.011017221730426836,21,-0.006916012475207994
шумок,0.07395615827184221,5,0.0040538028811853265,8,0.06990235539065688
шутка,0.059395808891033165,6,0.057701051819134035,24,0.0016947570718991306
шутки,0.9982062917070048,3,0.03325515122947845,24,0.9649511404775264
шутку,0.71216597429349,8,0.21223111246631654,12,0.4999348618271735
щеки,0.9981805448022264,3,0.13570297550069652,15,0.8624775693015299
эдак,0.4951079731168325,2,0.08187114712052387,14,0.4132368259963086
энтузиазме,0.6973313393159547,3,0.009084269128821773,12,0.6882470701871329
эпизодически,5.8684851065937555e-05,5,0.01642324778041402,10,-0.016364562929348084
эпоху,0.7349871598741579,4,0.39455724748830673,9,0.34042991238585113
эру,0.001275226037006,1,0.05030342630627625,4,-0.04902820026927025
эта,0.6174596184165355,2,0.3735490021167798,14,0.2439106162997557
этаким,0.0025738470570230002,3,0.0009499084434936668,6,0.0016239386135293334
эти,0.6844251207402406,7,0.35370860642705565,12,0.330716514313185
этим,0.9339081415003324,5,0.48801880838301104,12,0.4458893331173214
этих,0.0034179843883510004,1,0.21698977003877182,10,-0.21357178565042081
это,0.6759369455902648,161,0.5304582686014931,21,0.1454786769887717
этого,0.6610929470926703,8,0.45822814373238496,15,0.20286480336028534
этой,0.14603552119355534,3,0.5279171580662086,13,-0.3818816368726533
этом,0.7985089724369647,5,0.6212730495246318,20,0.17723592291233292
этот,0.5787733070272313,11,0.5108111477073161,19,0.06796215931991523
эту,0.7211607052844151,2,0.3654872271482596,17,0.3556734781361555
эх,0.26576612743295963,5,0.2272969942355735,31,0.038469133197386124
юге,0.185427730654866,1,0.1585944493437521,10,0.0268332813111139
я,0.8680989181274624,38,0.5599357663133311,20,0.30816315181413134
явись,0.009790891742536001,3,0.03942722202330442,19,-0.029636330280768418
явочным,0.00691758615264318,6,5.729057003687966e-06,1,0.006911857095639492
язык,0.9512771439243801,8,0.4360012842688981,12,0.5152758596554821
яйца,0.9960260616147621,3,0.3433776749759962,9,0.652648386638766
ясен,0.40506758336990806,5,0.11163593206166884,23,0.2934316513082392
ясно,0.46882561235278714,8,0.24801729358460348,11,0.22080831876818366
ясное,0.09271562196028701,5,0.025760215668285794,17,0.06695540629200122
ящик,0.9989931771221018,3,0.10865751005694214,9,0.8903356670651597
