form,pos,mean_in,count_in,mean_out,count_out,diff
а,CONJ,0.8053899150229822,337,0.5895490800695756,14,0.21584083495340656
абсолютно,ADVB,0.09129190165549475,4,0.07861792123730937,16,0.012673980418185377
абсолютного,ADJF,0.157245996408164,2,0.05496952233033854,5,0.10227647407782546
абсолютной,ADJF,0.04789400473237,1,0.22178085397965958,11,-0.1738868492472896
авось,PRCL,0.0205250422237436,5,0.06869882410831868,11,-0.04817378188457508
адрес,NOUN,0.4594437718391414,5,0.20488956999551977,18,0.25455420184362165
адресу,NOUN,0.7464679280916847,3,0.4059556485153731,12,0.34051227957631164
ай,INTJ,0.9886817236741381,6,0.21467618709713304,35,0.7740055365770051
аккурат,ADVB,0.0721289993263774,5,0.00885572517515967,15,0.06327327415121772
ан,CONJ,0.28461205661296807,5,0.23145896084027584,12,0.05315309577269223
арсенал,NOUN,0.14776350681980402,3,0.05554554463630315,9,0.09221796218350087
африке,NOUN,0.823088747262954,5,0.12908595694443603,20,0.694002790318518
ах,INTJ,0.21895451013406234,20,0.12313913055809882,28,0.09581537957596352
б,PRCL,0.1267940414448575,6,0.1342206290457393,10,-0.007426587600881801
бабушке,NOUN,0.08782843500375666,3,0.0724364350979153,20,0.015391999905841364
баран,NOUN,0.002465782221406,1,0.02948097822275751,15,-0.027015196001351507
батарея,NOUN,0.06900109862908675,4,0.05750530578532312,18,0.011495792843763633
бе,NONE,0.9571177601814267,5,0.1237787964248905,7,0.8333389637565362
бегу,NOUN,0.1293421019377996,5,0.08781673368953477,21,0.04152536824826483
беда,NOUN,0.11140464339405276,4,0.15777333566833068,32,-0.04636869227427792
бедных,NOUN,0.053430558147374005,5,0.153326709466372,11,-0.099896151318998
беду,NOUN,0.3546008442838984,3,0.15480259800038831,18,0.19979824628351006
без,PREP,0.8929731181537425,324,0.5754300316693839,16,0.3175430864843586
безмерно,ADVB,0.024875693023204002,1,0.010869198360887414,10,0.014006494662316588
безо,PREP,0.9749775171279904,5,0.7319661970250305,14,0.2430113201029599
белый,ADJF,0.6919282476107275,6,0.3353582875492667,15,0.35656996006146074
берегу,NOUN,0.0040497256384692,5,0.2684917790302275,12,-0.26444205339175825
берет,VERB,0.7462496062119798,3,0.34106243214652404,12,0.40518717406545574
бесконечно,ADVB,0.001240946701727,2,0.15867419722962908,14,-0.15743325052790208
бесконечное,ADJF,0.9450523853302001,1,0.11585814945944746,11,0.8291942358707526
беспорядке,NOUN,0.18656347804547532,3,0.016408866950465336,3,0.17015461109500998
бишь,PRCL,0.109911378845572,5,0.005502986884594653,9,0.10440839196097736
благо,NOUN,0.5767690294577427,15,0.013840388423677684,16,0.562928641034065
благодарю,VERB,0.9872908592224121,3,0.5316760843011754,9,0.4556147749212367
благодаря,PREP,0.9662005305290218,13,0.012902717804535502,2,0.9532978127244862
близка,ADJS,0.7815050681432084,3,0.26934535758610884,17,0.5121597105570996
близки,ADJS,0.8742133378982541,2,0.31815761736028636,14,0.5560557205379677
близко,ADVB,0.7440002759297683,3,0.3276645627069784,13,0.41633571322278984
близок,ADJS,0.773561684787273,5,0.19683190019713895,16,0.5767297845901341
бог,NOUN,0.778509051598031,71,0.40908482772162297,24,0.369424223876408
бога,NOUN,0.8226346701383587,10,0.43742382540725705,13,0.3852108447311016
богом,NOUN,0.9237006902694698,3,0.25080712517508463,13,0.6728935650943851
боем,NOUN,0.23077332655278304,3,0.3688843759936285,18,-0.13811104944084546
боже,NOUN,0.7512572526931758,5,0.6455093365705877,30,0.10574791612258805
божий,ADJF,0.8835425178209938,3,0.13943384551120327,11,0.7441086723097905
божьей,ADJF,0.278009384870529,1,0.015931436413666,2,0.262077948456863
боится,VERB,0.9890561103820796,2,0.18052450388395258,20,0.808531606498127
бок,NOUN,0.9946442882219946,15,0.45936262467044503,14,0.5352816635515496
бокам,NOUN,0.6335883388916647,3,0.29483649560133884,10,0.3387518432903258
боком,ADVB,0.26862946990877334,6,0.16817467245566395,13,0.1004547974531094
боку,NOUN,0.9864046573638913,5,0.06500281666922043,14,0.9214018406946708
более,ADVB,0.9005824436744051,30,0.49451904588092355,13,0.40606339779348155
болел,VERB,0.43490323424339206,1,0.24918957215145576,19,0.1857136620919363
болела,VERB,0.036242224276065,1,0.2896334794607654,24,-0.2533912551847004
боли,NOUN,0.7053088992834087,5,0.2635907923181848,15,0.4417181069652239
болит,VERB,0.7493992070002211,7,0.3597923836816331,30,0.38960682331858804
больно,ADVB,0.024277440897877284,9,0.2718744007628019,18,-0.2475969598649246
больше,COMP,0.4695301968518088,27,0.6317321740482978,19,-0.16220197719648904
большей,ADJF,0.9942693591117857,5,0.6321546367369588,5,0.3621147223748269
большие,ADJF,0.9583765745162957,5,0.12433242099359566,12,0.8340441535227
большим,ADJF,0.9422818620999647,3,0.4010217526617147,9,0.54126010943825
большинстве,NOUN,0.9075882360339163,8,0.3318345596392947,3,0.5757536763946216
большого,ADJF,0.8342234293619787,3,0.23331680790417655,9,0.6009066214578022
большое,ADJF,0.6215605934460954,3,0.3278806212159296,12,0.2936799722301658
большой,ADJF,0.9225198864936827,5,0.08300619638924044,7,0.8395136901044422
большому,ADJF,0.999293982982635,1,0.3517653216816443,6,0.6475286613009907
борт,NOUN,0.85193383693695,2,0.2470042453617979,12,0.6049295915751521
бортом,NOUN,0.9206938147544861,1,0.275992124865297,4,0.6447016898891891
боюсь,VERB,0.26286277291364923,5,0.1659286231714594,34,0.09693414974218983
боя,NOUN,0.3249071870930488,5,0.3266621145291229,12,-0.0017549274360741385
боялась,VERB,0.6093366146087641,1,0.3280236821288281,22,0.281312932479936
боялись,VERB,0.9963805079460141,1,0.26828251335915465,18,0.7280979945868594
боялся,VERB,0.584951937198638,1,0.16816966665315985,22,0.4167822705454782
боятся,VERB,0.998906135559082,1,0.1527355856728121,23,0.8461705498862699
брал,VERB,0.43093179911375,3,0.20312433485430212,21,0.2278074642594479
брат,NOUN,0.8619556427001951,1,0.3291757317048092,18,0.5327799109953859
брать,INFN,0.9658970832824706,2,0.40420278897363415,16,0.5616942943088364
бросил,VERB,0.45256612775847255,2,0.22481982884588983,15,0.22774629891258272
бросила,VERB,0.5354216694831846,2,0.21352851803726453,20,0.32189315144592007
бросилась,VERB,0.6632657349109645,2,0.1697133501785127,21,0.49355238473245183
бросились,VERB,0.879957318305969,1,0.11168778926143032,13,0.7682695290445387
бросился,VERB,0.42426442106564793,3,0.049973566712154915,22,0.374290854353493
брось,VERB,0.478334665298461,1,0.18051700743126242,22,0.2978176578671986
будем,VERB,0.5158697056273617,6,0.5858067994316415,18,-0.06993709380427982
будет,VERB,0.5387407914493918,27,0.5927990140952166,25,-0.05405822264582483
будешь,VERB,0.41686058044433505,1,0.4620069964501969,28,-0.045146416005861834
будто,CONJ,0.3301941593647366,32,0.032159711430721716,9,0.2980344479340149
буду,VERB,0.8023422434926031,4,0.45916576852852614,22,0.34317647496407694
будучи,GRND,0.8573555469512939,5,0.7389319807291026,5,0.1184235662221913
будущем,NOUN,0.7786163628101345,5,0.43718610026149246,9,0.341430262548642
будь,VERB,0.9124802908501941,65,0.6578352064680072,14,0.2546450843821869
будьте,VERB,0.9715849260489143,6,0.8638155193856126,13,0.1077694066633017
буква,NOUN,0.8835280934969582,3,0.5146938629503193,17,0.3688342305466389
букву,NOUN,0.9900871316591894,3,0.46371644007055696,17,0.5263706915886324
буквы,NOUN,0.9939350605010985,5,0.24129706728294473,13,0.7526379932181537
букет,NOUN,0.2040389890516961,4,0.2872405211793522,11,-0.08320153212765613
бы,PRCL,0.8385443250479729,410,0.7338841061573472,16,0.10466021889062571
бывает,VERB,0.9735275864601128,5,0.42318908945261036,18,0.5503384970075025
бывало,CONJ,0.9912493288516993,10,0.050056814615446116,18,0.9411925142362532
был,VERB,0.8942806571722027,6,0.74575927454446,14,0.14852138262774273
была,VERB,0.6468760867913561,3,0.6076134398786555,18,0.03926264691270065
были,VERB,0.9731121063232421,1,0.5462398668034715,13,0.4268722395197706
было,VERB,0.8921087074036498,49,0.6615100476671663,17,0.23059865973648352
быстро,ADVB,0.22544204629957623,5,0.22940180318604833,19,-0.003959756886472099
быть,INFN,0.9181412911933399,46,0.7336644480625786,12,0.1844768431307613
в,PREP,0.9539582998959869,1950,0.8376778444569358,19,0.11628045543905108
вагон,NOUN,0.33746772767214356,6,0.14730173919633613,16,0.19016598847580743
важности,NOUN,0.2839673459529874,3,0.5550066261688089,12,-0.2710392802158215
валялся,VERB,0.9943323135375971,3,0.05686878872866636,17,0.9374635248089307
вам,NPRO,0.32778375264671095,9,0.3499333138291447,24,-0.022149561182433775
вариант,NOUN,0.3828556722030038,5,0.268509688111953,10,0.11434598409105079
ваше,ADJF,0.4497057497501367,3,0.3922183693438351,18,0.057487380406301636
вверх,ADVB,0.9109329581260678,11,0.3437072057160999,12,0.5672257524099679
ввиду,PREP,0.9399184137582779,4,0.4829775876365597,5,0.4569408261217182
вдвоем,ADVB,0.019501493001977,3,0.03516796517102329,21,-0.015666472169046288
вдвойне,ADVB,0.0621075150204429,4,0.022330491701468773,17,0.039777023318974127
вдобавок,ADVB,0.062339952215552004,2,0.0002547084814064643,2,0.06208524373414554
вдогонку,ADVB,0.001299833646043667,3,0.046857983454527574,27,-0.045558149808483904
вдоль,PREP,0.5611118181970797,9,0.20536911735931984,6,0.35574270083775983
вдруг,ADVB,0.3223906213378146,28,0.0749682671087911,24,0.24742235422902348
ведет,VERB,0.7563217133283613,4,0.2769527195570321,14,0.4793689937713292
ведома,NOUN,0.18120826367521603,8,0.034647673311803455,5,0.14656059036341257
ведут,VERB,0.858553608258565,6,0.4064592544106871,14,0.4520943538478779
ведь,PRCL,0.5317946058930825,8,0.10071903706106193,25,0.43107556883202053
везет,VERB,0.48841376136988357,4,0.18883129580478863,28,0.29958246556509494
век,NOUN,0.009944252669811,1,0.6921021756910094,12,-0.6821579230211984
века,NOUN,0.29903201406705154,8,0.8609069995582099,12,-0.5618749854911584
веками,NOUN,0.00011602418089700002,1,0.3111553923226889,8,-0.3110393681417919
веки,NOUN,0.9901205619176225,15,0.45423587941674143,17,0.5358846825008812
веков,NOUN,0.878161244667493,13,0.4476390203185881,11,0.4305222243489049
вел,VERB,0.7726029356320693,3,0.3224944824532027,15,0.45010845317886655
вела,VERB,0.9009791811307267,3,0.5571725320948571,13,0.34380664903586966
велел,VERB,0.5108695864677422,5,0.13861115841432103,21,0.37225842805342113
велели,VERB,0.05505754131202867,3,0.03937431185620055,28,0.015683229455828118
великое,NOUN,0.5618137598037712,5,0.08414070420221532,18,0.47767305560155593
величиной,NOUN,0.08580117858946251,2,0.029918579141270274,11,0.05588259944819224
верится,VERB,0.6908210515975948,3,0.33797618521144573,25,0.35284486638614904
вернее,COMP,0.08236488746479101,2,0.00761612333735625,4,0.07474876412743475
верно,CONJ,0.08336404400728845,9,0.3482566953669965,14,-0.2648926513597081
верной,ADJF,0.722479085127512,3,0.0299798641150112,10,0.6924992210125008
вероятно,CONJ,0.055996638722717006,2,0.09004894697791276,5,-0.03405230825519575
вероятности,NOUN,0.1894488297402855,2,0.07476481497242245,10,0.11468401476786307
верх,NOUN,0.7640626519918439,5,0.37539161771906004,8,0.3886710342727838
вес,NOUN,0.5688572365113276,11,0.34805590456907254,19,0.22080133194225504
весом,NOUN,0.8854785561561578,4,0.3181333625023915,7,0.5673451936537663
вести,INFN,0.9641537368297576,2,0.4883574971772756,8,0.47579623965248197
весть,VERB,0.1455758124589916,5,0.2129518570019195,14,-0.0673760445429279
весу,NOUN,0.21076321601867634,3,0.321489265803062,11,-0.11072604978438563
весь,ADJF,0.8083309492265632,33,0.40136900218374816,17,0.4069619470428151
ветром,NOUN,0.9321614305178323,6,0.243609485480798,12,0.6885519450370343
вечер,NOUN,0.022104453295469003,1,0.20092127075066107,17,-0.17881681745519207
вечера,NOUN,0.660375043749809,4,0.3716803206140558,12,0.28869472313575323
вечно,ADVB,0.2820098519926732,6,0.18407194776045757,16,0.09793790423221563
вечность,NOUN,0.8989429871241245,3,0.12895216885598831,13,0.7699908182681361
вечные,ADJF,0.8918997406959528,5,0.037835269715948805,11,0.854064470980004
вещей,NOUN,0.6259530555835222,8,0.3566436612745743,15,0.2693093943089479
вещь,NOUN,0.011839125266608666,3,0.2186145564927362,21,-0.20677543122612754
взад,ADVB,0.998346070448557,3,0.8227949606350995,17,0.17555110981345756
взгляд,NOUN,0.9701864251068656,14,0.08864561375230526,4,0.8815408113545603
взгляда,NOUN,0.7759213447570797,3,0.35956856417060373,15,0.416352780586476
вздумай,VERB,0.13210141410430234,3,0.10619382741009024,37,0.0259075866942121
взял,VERB,0.5864307109473477,9,0.19685115031324998,16,0.3895795606340977
взяла,VERB,0.779543459415435,2,0.38536009300312557,18,0.39418336641230944
взялась,VERB,0.120536036789417,1,0.26818268328956313,23,-0.14764664650014614
взяли,VERB,0.7947319547335304,3,0.3343478670555795,14,0.4603840876779509
взялись,VERB,0.092375233769416,1,0.3234642159781954,19,-0.2310889822087794
взялся,VERB,0.6882953524589535,5,0.28370015482148947,22,0.404595197637464
взять,INFN,0.9424593448638913,19,0.24178933083385315,16,0.7006700140300381
взяться,INFN,0.9767506519953404,3,0.5157980711177084,17,0.460952580877632
вид,NOUN,0.7531235755624005,31,0.5142709883477755,17,0.238852587214625
видел,VERB,0.35856780161460206,3,0.3800193340016096,13,-0.021451532387007533
видели,VERB,0.6880565738305446,5,0.3403060663442467,19,0.34775050748629793
видимо,ADVB,0.09375102585181551,2,0.10091811936169162,15,-0.007167093509876113
видимости,NOUN,0.339609699944655,3,0.577270197519908,8,-0.23766049757525304
видит,VERB,0.7296176016330714,5,0.4291763967223229,10,0.30044120491074855
видите,VERB,0.4683340474564046,7,0.3636326585713371,21,0.10470138888506753
видишь,VERB,0.44945612363517223,5,0.15765755574011509,16,0.29179856789505715
виднее,COMP,0.4002615959383542,5,0.2354119183427707,29,0.1648496775955835
видно,CONJ,0.7148489862281291,7,0.3602843284191161,14,0.354564657809013
видом,NOUN,0.656456004414293,18,0.5770894040664034,6,0.07936660034788956
виду,NOUN,0.7546573821221042,24,0.8039170451462262,10,-0.04925966302412199
виды,NOUN,0.8189328866345537,7,0.5926446840167041,9,0.22628820261784954
видят,VERB,0.5201310142874711,2,0.3215510646359206,19,0.1985799496515505
вижу,VERB,0.808145821094512,1,0.4433036168186881,23,0.364842204275824
вине,NOUN,0.6640866448481874,6,0.07525511166948627,11,0.5888315331787011
виноват,ADJS,0.6805677395313973,8,0.4365887537100607,18,0.2439789858213366
виновата,ADJS,0.978664696216583,2,0.4564596499498981,21,0.522205046266685
виноваты,ADJS,0.9969758987426751,1,0.39678164913576314,22,0.6001942496069119
виной,NOUN,0.9537265698115028,3,0.2918815547203864,10,0.6618450150911164
висел,VERB,0.15632975846529001,2,0.3596228961184044,24,-0.2032931376531144
висела,VERB,0.37190143764018957,2,0.21614399510404533,14,0.15575744253614424
висели,VERB,0.39408484101295405,1,0.13797942083640755,14,0.25610542017654647
висело,VERB,0.47746843099594105,1,0.36750151190596275,15,0.1099669190899783
висит,VERB,0.7984431087970731,2,0.15724856122666483,17,0.6411945475704083
включает,VERB,0.9793446063995356,2,0.23726761176450403,7,0.7420769946350315
включал,VERB,0.9797471761703491,2,0.29468883924127975,10,0.6850583369290694
включая,PREP,0.7532148659229276,5,0.3450542887439951,3,0.40816057717893256
вкупе,ADVB,0.1058015310205512,5,0.00026021272060400004,1,0.1055413182999472
вкус,NOUN,0.8183124959468836,5,0.3846890764437951,11,0.4336234195030885
вкусом,NOUN,0.5608183424919838,4,0.22757796862861124,5,0.3332403738633726
вкусу,NOUN,0.226959501887904,8,0.7079088687896721,1,-0.48094936690176804
власти,NOUN,0.645583232864737,8,0.42793426254004396,19,0.217648970324693
вместе,ADVB,0.8717056430876253,10,0.15341260721190564,13,0.7182930358757197
вместо,PREP,0.6847516055640875,10,0.2771117778262119,10,0.40763982773787566
вне,PREP,0.741865276265889,30,0.4148386986511465,10,0.3270265776147426
внезапно,ADVB,0.061560399830341006,1,0.06388234649966719,16,-0.002321946669326183
вниз,ADVB,0.8156997773509755,13,0.4138371700522835,20,0.40186260729869205
внимания,NOUN,0.82590581998229,10,0.6965481281513344,8,0.12935769183095558
внутри,PREP,0.44724208461120707,5,0.1437099331603346,5,0.3035321514508725
внутрь,ADVB,0.586183093100165,3,0.42333268425217147,9,0.16285040884799357
во,PREP,0.9582585936169259,184,0.7853892489220012,16,0.17286934469492465
вовремя,ADVB,0.12408241666188144,7,0.2204990970235228,18,-0.09641668036164136
вовсе,ADVB,0.15776451374404116,5,0.094029559404589,4,0.06373495433945216
вода,NOUN,0.9989042401313777,5,0.4718256458174432,10,0.5270785943139344
воды,NOUN,0.9978545705477394,3,0.5531005882990676,14,0.4447539822486718
воз,NOUN,0.013197986222469794,3,0.08244751792241367,14,-0.06924953169994388
воздух,NOUN,0.26370993873570076,4,0.57567722054029,11,-0.31196728180458927
воздухе,NOUN,0.006033040932379,3,0.5867075207679585,16,-0.5806744798355795
возможности,NOUN,0.9864228218793866,4,0.2635964873645981,7,0.7228263345147885
возражает,VERB,0.11396109312772701,1,0.023169861288203898,17,0.09079123183952312
возражаете,VERB,0.32574605941772405,2,0.28985479539410436,31,0.035891264023619696
возрасте,NOUN,0.4797198765911158,5,0.021524656796827503,2,0.4581952197942883
возьмет,VERB,0.6720700114965436,2,0.18559182506479246,22,0.4864781864317511
возьмешь,VERB,0.9441548287868495,4,0.31307461496500727,25,0.6310802138218423
возьми,VERB,0.6455029523414039,9,0.36133689558345344,25,0.2841660567579504
возьмите,VERB,0.44705307111144055,2,0.3460663798730817,10,0.10098669123835885
возьму,VERB,0.042038779705762,1,0.32025827154064057,37,-0.2782194918348786
возьмут,VERB,0.041153393685817004,1,0.2157933742296572,19,-0.1746399805438402
вокруг,PREP,0.9972644845644627,3,0.4138461320872006,16,0.583418352477262
воле,NOUN,0.7388048507273192,6,0.1527059016410086,13,0.5860989490863105
волна,NOUN,0.9289301633834831,1,0.4967453792050941,16,0.432184784178389
волне,NOUN,0.5283753540366887,5,0.1949154983740297,6,0.333459855662659
волну,NOUN,0.9980120062828062,2,0.07688616325538028,16,0.9211258430274258
волны,NOUN,0.888077020645141,1,0.13050484585821479,9,0.7575721747869263
волосы,NOUN,0.988220075766245,3,0.30198144952935907,11,0.686238626236886
волю,NOUN,0.29617295041680336,3,0.20637755615797843,13,0.08979539425882493
воля,NOUN,0.9931415915489193,5,0.20518724798239366,12,0.7879543435665257
вон,ADVB,0.8287253840403118,11,0.26663223568958977,13,0.5620931483507221
вообще,ADVB,0.4211186975347417,12,0.1618518645100988,25,0.2592668330246429
вопреки,PREP,0.5254869647324081,4,0.5536962487603885,8,-0.028209284027980397
вопрос,NOUN,0.3782788991395912,14,0.5616116144227933,16,-0.1833327152832021
вопросам,NOUN,0.47474689856171565,5,0.40441532839428246,11,0.07033157016743319
вопросов,NOUN,0.45986811071634254,2,0.24717386349220713,8,0.2126942472241354
вопросом,NOUN,0.9774721860885617,3,0.5837493112517722,9,0.39372287483678947
ворота,NOUN,0.8538144677877421,4,0.22494883417514014,9,0.628865633612602
ворох,NOUN,0.14990802964894048,6,0.058119849218570205,8,0.09178818043037028
востоке,NOUN,0.29964437335729555,2,0.679369118995964,7,-0.3797247456386684
вот,PRCL,0.6990677057892857,169,0.3690451605703099,29,0.3300225452189758
вошли,VERB,0.980647981166839,1,0.4168617981844218,13,0.5637861829824172
впадает,VERB,0.29515281319618203,1,0.5237115144263949,14,-0.22855870123021282
впал,VERB,0.6568652649875727,5,6.974310235818848e-05,1,0.6567955218852145
вперед,ADVB,0.816752206195484,11,0.6112720670385489,9,0.2054801391569352
впечатление,NOUN,0.9944249192873631,3,0.6463459630807237,12,0.3480789562066394
вполне,ADVB,0.0009451140795130002,3,0.1633325207442862,13,-0.1623874066647732
впоследствии,ADVB,0.18696132004260962,5,0.020969919685739666,3,0.16599140035686996
вправду,ADVB,0.12486946210265101,2,0.0902751687716095,23,0.03459429333104151
вправе,PRED,0.11238798759877641,5,0.16712417726456655,9,-0.054736189665790136
впредь,ADVB,0.18189754536979252,8,0.00558934147077421,11,0.1763082038990183
впрочем,CONJ,0.3894880579318845,4,0.10638670377145273,19,0.2831013541604318
впрямь,ADVB,0.09402231491791668,3,0.02085920342461956,17,0.07316311149329713
впустую,ADVB,0.029477782081812003,2,0.05714369041883866,11,-0.02766590833702666
врагу,NOUN,0.8260076940059655,2,0.1172501756916187,14,0.7087575183143469
вред,NOUN,0.9312638441721597,3,0.39862509853472616,7,0.5326387456374335
вреда,NOUN,0.329704314470291,2,0.4153922472191462,11,-0.08568793274885517
времен,NOUN,0.7740921427806216,12,0.42349760820313004,12,0.3505945345774915
времена,NOUN,0.8777958816952172,18,0.6021977066993711,13,0.27559817499584605
временам,NOUN,0.005486260653317667,3,0.786437809467315,1,-0.7809515488139973
временами,ADVB,0.028752504658768253,4,0.009421656549960371,9,0.019330848108807884
временем,NOUN,0.99095494300127,8,0.20088965001299788,7,0.7900652929882721
времени,NOUN,0.9015107488837731,29,0.5962097167968745,10,0.3053010320868986
время,NOUN,0.9091079563771084,104,0.7941534208277093,13,0.11495453554939905
вроде,PRCL,0.45418379938928366,14,0.19381857917531778,14,0.2603652202139659
все,PRCL,0.8235234685906592,287,0.6545025767991316,16,0.16902089179152757
всегда,ADVB,0.48756599716249477,11,0.3024435204060861,20,0.1851224767564087
всего,ADJF,0.8264922626401209,55,0.7312508703519895,15,0.09524139228813133
всей,ADJF,0.8371820568665858,25,0.49735009800808994,7,0.3398319588584958
всем,ADJF,0.8685915134116711,51,0.5280909850752271,19,0.34050052833644395
всеми,ADJF,0.9542215649898232,13,0.8669682502746578,5,0.0872533147151654
всему,ADJF,0.8677594377659257,16,0.6094135796566574,11,0.25834585810926824
всех,ADJF,0.8657872343266549,44,0.41705606156028774,15,0.4487311727663672
вслед,PREP,0.94688457250595,1,0.599524435052724,26,0.347360137453226
вследствие,PREP,0.33515457825786904,9,0.5415792912244795,2,-0.2064247129666104
встал,VERB,0.33517587184906,1,0.2780543853666374,22,0.0571214864824226
встать,INFN,0.21892054875691666,3,0.18467113789074535,20,0.03424941086617131
всю,ADJF,0.910471505588955,27,0.6193707635005311,15,0.29110074208842385
вся,ADJF,0.494657411240041,12,0.5945341252695973,18,-0.09987671402955628
всякие,ADJF,0.280791819095611,1,0.11938587279040583,21,0.1614059463052052
всякий,ADJF,0.7327794539076937,7,0.4964862087009737,14,0.23629324520672002
всякими,ADJF,0.9810930490493771,1,0.029350302356760335,6,0.9517427466926168
всяких,ADJF,0.7062672839189564,12,0.23995155985539843,10,0.46631572406355803
всякого,ADJF,0.6972340672192244,11,0.014225102520463375,9,0.683008964698761
всякой,ADJF,0.983047902584075,1,0.35965616479627266,17,0.6233917377878024
всячески,ADVB,0.08675356915531002,3,0.06104130414314526,4,0.02571226501216476
вторая,ADJF,0.9478565454483031,1,0.21125523557311637,20,0.7366013098751867
второго,ADJF,0.6075327595074967,3,0.1767370045181445,8,0.43079575498935224
второй,ADJF,0.4808045178651807,3,0.31174993951572055,16,0.16905457834946014
вторых,ADJF,0.9458096226056414,3,0.28379029963245206,12,0.6620193229731893
вы,NPRO,0.1505778111517424,5,0.6319541189043468,30,-0.4813763077526044
выбор,NOUN,0.9278820604085921,4,0.3548572974978011,12,0.573024762910791
выброс,NOUN,0.020742120221257,1,0.10399574328733792,11,-0.08325362306608092
выдавал,VERB,0.877032816410064,1,0.15337549298792472,20,0.7236573234221393
выдавать,INFN,0.9113666415214531,1,0.2802829904636984,15,0.6310836510577547
выдает,VERB,0.012775433249771002,1,0.05452991936962769,8,-0.04175448611985669
вызвала,VERB,0.732862949371337,1,0.47105274165331007,19,0.26181020771802693
вызвали,VERB,0.7665116488933561,2,0.2889461653780417,18,0.4775654835153144
выкид,NOUN,1.76906974047597e-06,2,7.234748045448214e-05,1,-7.057841071400617e-05
вынос,NOUN,0.3393022743985053,4,0.18531661471991623,13,0.15398565967858907
выпал,VERB,0.9098091125488276,2,0.2700950662378756,19,0.639714046310952
выпала,VERB,0.7071989476680751,2,0.23035042223033797,19,0.47684852543773715
выпустил,VERB,0.948601961135864,1,0.19047830054720735,12,0.7581236605886567
выпустили,VERB,0.431365370750427,1,0.10017587717473843,14,0.3311894935756886
выражению,NOUN,0.15018859381477,3,0.3460490584063027,3,-0.19586046459153267
выражения,NOUN,0.013286857535906667,3,0.18690695734067017,10,-0.1736200998047635
высоко,ADVB,0.5740664899349205,2,0.2993514537657229,8,0.27471503616919757
высокого,ADJF,0.32090550661087003,1,0.37596506199666374,7,-0.05505955538579371
высокой,ADJF,0.9818779230117796,2,0.41688612755387977,4,0.5649917954578998
высоте,NOUN,0.7923896114031471,3,0.40925323307436107,11,0.38313637832878605
высотой,NOUN,0.99656194448471,1,0.45331371926956515,11,0.5432482252151449
высоту,NOUN,0.9668995141983031,1,0.4754511052960875,12,0.49144840890221564
высшей,ADJF,0.7800177812576289,5,0.1506041594669411,12,0.6294136217906878
выходе,NOUN,0.8632938623428341,5,0.6556052565574646,2,0.20768860578536952
выходит,VERB,1.9603337932494472e-05,1,0.4476253963204926,9,-0.4476057929825601
выше,ADVB,0.9589146700772369,11,0.4025360334538462,12,0.5563786366233907
выяснилось,VERB,0.041617632657289,5,0.21185682509094428,10,-0.17023919243365526
галереи,NOUN,4.758375507663005e-05,1,0.018516611613449217,5,-0.018469027858372587
галопом,ADVB,0.104255400365218,2,0.11678235524939372,19,-0.012526954884175712
гарантий,NOUN,0.26914831288158864,5,0.19776863046723073,18,0.07137968241435791
где,ADVB,0.7598828665084305,36,0.5020251372562984,14,0.25785772925213213
главе,NOUN,0.9857356905937191,10,0.009343616700789,2,0.9763920738929301
главный,ADJF,0.018152534961700002,2,0.31930059877534656,6,-0.30114806381364656
главным,ADJF,0.9923202196756994,3,0.28566154302097774,4,0.7066586766547216
главу,NOUN,0.9999582370122271,3,0.4143119751963899,11,0.5856462618158371
глаз,NOUN,0.867994880713522,25,0.3112688708701167,15,0.5567260098434054
глаза,NOUN,0.7969773711745562,62,0.37571877517689206,24,0.4212585959976642
глазами,NOUN,0.7067045152187345,5,0.6922492601654742,11,0.014455255053260285
глазах,NOUN,0.8905182182788844,8,0.0025887060910460002,1,0.8879295121878384
глазки,NOUN,0.196169570088386,1,0.18780157631651137,12,0.008367993771874638
глазом,NOUN,0.6486887137095131,3,0.3903249283786859,15,0.2583637853308272
глазу,NOUN,0.9981230298678078,3,0.5186856414256905,4,0.47943738844211725
глотку,NOUN,0.7295200030008947,3,0.2196387807434582,21,0.5098812222574365
глубине,NOUN,0.7827038258314128,10,0.30428008023429526,9,0.4784237455971176
глубиной,NOUN,0.599207162857055,1,0.1414483158178539,6,0.4577588470392011
глубины,NOUN,0.9379644556479018,11,0.132680646895096,10,0.8052838087528058
глубокий,ADJF,0.0015490079531440002,1,0.17368967451329764,11,-0.17214066656015364
глубокого,ADJF,0.327587693929672,1,0.3048533878950867,9,0.022734306034585317
глубокой,ADJF,0.7306425762362778,4,0.40073754650074955,8,0.32990502973552827
гляди,VERB,0.9959304034709928,4,0.20373995810361203,22,0.7921904453673808
глядишь,VERB,0.4091013647615906,5,0.027767127252165347,13,0.38133423750942524
глядя,GRND,0.339599708250413,3,0.5507634889800097,8,-0.21116378072959668
глядят,VERB,0.9999168912569677,6,0.08020757826234294,10,0.9197093129946248
говори,VERB,0.9039197226779326,18,0.37878468268900134,24,0.5251350399889313
говорил,VERB,0.5395515002310274,8,0.3085817581304576,12,0.2309697421005698
говорила,VERB,0.50839995034039,4,0.32124456054972134,19,0.18715538979066865
говорили,VERB,0.660745859146118,1,0.27763985377428674,14,0.3831060053718313
говорит,VERB,0.6537638425827021,5,0.29937086439531363,8,0.3543929781873885
говорите,VERB,0.36673007765784804,4,0.43445039405140434,26,-0.0677203163935563
говорится,VERB,0.5420920923352236,2,0.07874688431620541,5,0.4633452080190182
говорить,INFN,0.4825472599017968,19,0.3668024612707082,16,0.11574479863108861
говоришь,VERB,0.3943999583231437,6,0.29045713521367256,33,0.10394282310947112
говорю,VERB,0.8466718991597489,6,0.20798168626381042,25,0.6386902128959385
говоря,GRND,0.9052883268348751,63,0.7472828365862368,4,0.1580054902486383
говорят,VERB,0.15290176371733302,6,0.40744845387770884,19,-0.2545466901603758
год,NOUN,0.775584107264876,4,0.5080774871425491,9,0.26750662012232695
годам,NOUN,0.6688354164361948,3,0.7138586774487821,15,-0.045023261012587246
годами,NOUN,0.58962345123291,1,0.26320427358419085,13,0.3264191776487192
годах,NOUN,0.015844951694209835,6,0.015744247939437,2,0.00010070375477283511
годится,VERB,0.6677771868805086,6,0.030557369330141602,19,0.6372198175503669
году,NOUN,0.8054671001931029,6,0.9492071330547329,10,-0.14374003286163006
годы,NOUN,0.055424023419618,1,0.6788042750623486,9,-0.6233802516427306
голова,NOUN,0.8096216735430061,11,0.5122746571221132,11,0.2973470164208929
голове,NOUN,0.6918621742100052,14,0.4792377202179252,17,0.21262445399207996
головой,NOUN,0.7792942595098992,18,0.5879859122660488,16,0.19130834724385037
голову,NOUN,0.806578568737244,42,0.6663257898762818,16,0.1402527788609622
головы,NOUN,0.47699860320426485,6,0.4824893047513722,13,-0.005490701547107346
голодный,ADJF,0.5995278755823767,3,0.05803172957067392,11,0.5414961460117028
голой,ADJF,0.00015909991634500002,1,0.31176594926509954,10,-0.31160684934875454
голос,NOUN,0.976562651304098,13,0.4045999614948715,18,0.5719626898092265
голосе,NOUN,0.00035264508915100007,2,0.5506897418710742,19,-0.5503370967819232
голубом,ADJF,0.9875234365463251,3,0.0676701018361196,10,0.9198533347102056
голые,ADJF,0.004140653443755,2,0.12221255994782819,11,-0.11807190650407319
голыми,ADJF,0.9470536377694868,9,0.16244484398625217,14,0.7846087937832347
гора,NOUN,0.22987875249236803,2,0.29294347532725445,14,-0.06306472283488643
гораздо,ADVB,0.34401997625827746,5,0.26596368698451134,17,0.07805628927376612
горами,NOUN,0.9656221389770504,5,0.3003368187807301,18,0.6652853201963203
горах,NOUN,0.4555413322523233,5,0.3474166840314857,3,0.10812464822083762
горе,NOUN,0.9957234859466546,2,0.11531513242710649,15,0.8804083535195482
горем,NOUN,0.454615771770477,1,0.19084033087572116,10,0.26377544089475585
горле,NOUN,0.9978054314851759,4,0.40602716171231673,19,0.5917782697728591
горло,NOUN,0.8718854774321825,14,0.12741651276103572,14,0.7444689646711468
город,NOUN,0.37956115851799604,3,0.33662642900493284,11,0.04293472951306321
городом,NOUN,0.7291138708591457,5,0.2114141767068451,15,0.5176996941523007
городу,NOUN,0.9954362710316974,3,0.016521158465183802,5,0.9789151125665136
горох,NOUN,0.9397178888320917,3,0.3584308583067462,16,0.5812870305253455
горячим,ADJF,0.8468708594640094,3,0.12381802128111272,10,0.7230528381828967
господи,NOUN,0.12148915231227801,1,0.13168198955781873,32,-0.010192837245540723
господь,NOUN,0.40506107062101326,5,0.3744823721237475,10,0.030578698497265744
гости,NOUN,0.39193130532900433,3,0.21149091134429862,12,0.1804403939847057
гостях,NOUN,0.5056079526742298,3,0.07429891385254399,14,0.43130903882168575
готов,ADJS,0.31295629836469174,7,0.21726836579014466,26,0.09568793257454708
готова,ADJS,0.182797476649284,1,0.37701610719474593,15,-0.19421863054546193
готовности,NOUN,0.6089178919792171,1,0.35154083148647547,9,0.2573770604927416
готовность,NOUN,0.27558548748493156,2,0.27374154482677093,10,0.0018439426581606244
готовностью,NOUN,0.20517973601818001,1,0.10091588013262127,15,0.10426385588555874
готово,ADJS,0.35912573337554904,1,0.3745920549739486,22,-0.015466321598399557
готовы,ADJS,0.8311695158481596,2,0.45395465077211417,15,0.3772148650760454
град,NOUN,0.6457025259733196,2,0.3670995410737097,9,0.2786029848996099
градом,NOUN,0.3461574300502733,3,0.41911556934064687,8,-0.07295813929037359
градусов,NOUN,0.8749028444290161,1,0.6391172062735255,18,0.23578563815549058
грамм,NOUN,0.4151818258687848,5,0.40161810525543284,14,0.013563720613351982
грани,NOUN,0.9147825360298153,5,0.13627331486592667,3,0.7785092211638887
границах,NOUN,0.08919174857437541,5,0.198716821439221,9,-0.1095250728648456
границей,NOUN,0.24825354172692904,3,0.42540119471959753,2,-0.1771476529926685
границу,NOUN,0.6557471454143521,3,0.5017009627132208,5,0.15404618270113124
границы,NOUN,0.46927258372306785,6,0.20383501627171988,9,0.26543756745134794
грех,NOUN,0.4475966607841348,15,0.0974391993304854,19,0.3501574614536494
греха,NOUN,0.5616102038572227,6,0.18955476200790106,18,0.37205544184932166
грехом,NOUN,0.21212779358029327,4,0.14314580898434917,9,0.0689819845959441
гроб,NOUN,0.6406887959844118,3,0.08566826611338595,13,0.5550205298710258
гробу,NOUN,0.7367942690849298,5,0.015378277923446001,2,0.7214159911614838
грош,NOUN,0.7897437959909436,6,0.19923902863550125,17,0.5905047673554423
грубо,ADVB,0.909287273883819,1,0.05049994130268466,13,0.8587873325811344
груди,NOUN,0.6550826430320735,4,0.19663395145191556,13,0.458448691580158
груду,NOUN,0.28464488436778373,3,0.16426391231237,14,0.12038097205541373
грудь,NOUN,0.196744009852409,1,0.2238513596731835,15,-0.027107349820774507
груз,NOUN,0.15856946298542068,3,0.3953284716233606,10,-0.23675900863793992
грузом,NOUN,0.9983200033505755,3,0.2516840166884187,14,0.7466359866621568
грязи,NOUN,0.7570670023560521,8,0.21720994188481965,11,0.5398570604712324
грязь,NOUN,0.7768534421920771,5,0.28180127146432865,11,0.49505217072774843
д,ADVB,0.27564355731010404,1,0.16960925655075637,8,0.10603430075934767
да,PRCL,0.5996106760889895,131,0.3620353369892146,36,0.23757533909977496
дабы,CONJ,0.04876286520933067,3,0.012394263409078001,1,0.03636860180025267
давай,VERB,0.41588835391448764,20,0.33471766453033314,39,0.0811706893841545
давит,VERB,0.004521735943853001,1,0.007206545697824047,21,-0.002684809753971046
давлением,NOUN,0.5078798878239466,4,0.2950856207501028,10,0.21279426707384375
давних,ADJF,0.28559761112555804,5,0.10572887743182902,9,0.17986873369372902
давно,ADVB,0.4069682884340479,12,0.16955782122050292,13,0.237410467213545
дадим,VERB,0.49978724386892204,2,0.4414638927631706,22,0.05832335110575143
дадут,VERB,0.8062261343002316,3,0.33071511829475586,20,0.47551101600547574
дается,VERB,0.975721001625061,1,0.1568211681187672,11,0.8188998335062938
даже,PRCL,0.5942122010318067,19,0.22885374733426292,15,0.36535845369754383
дай,VERB,0.8592643868753588,44,0.4086965807950674,34,0.4505678060802914
дайте,VERB,0.155993089079856,1,0.2966497545712622,8,-0.14065666549140618
дал,VERB,0.7604531619387364,6,0.4656317226588721,5,0.29482143927986426
дала,VERB,0.7029898017644879,6,0.34891888352439493,13,0.35407091824009296
далее,ADVB,0.9976663589477534,4,0.20629667775776567,9,0.7913696811899877
далеко,ADVB,0.7742020156234499,20,0.4619723670184608,4,0.31222964860498914
дали,VERB,0.6366865545511242,5,0.40391224714067653,13,0.2327743074104477
дальнейшем,ADJF,0.029664587229489503,2,0.2572666749890356,7,-0.2276020877595461
дальних,ADJF,0.0022670590260526666,6,0.08777368721234732,8,-0.08550662818629466
дальше,COMP,0.708384634306033,6,0.28733683214721295,22,0.4210478021588201
дам,VERB,0.12128066268217287,7,0.18553054784509437,24,-0.0642498851629215
данный,ADJF,0.7054074034094806,4,0.47987333685159655,4,0.22553406655788405
даром,ADVB,0.5251924700817954,6,0.21171499519144074,17,0.3134774748903546
даст,VERB,0.7644898742437358,8,0.3843670456169219,14,0.3801228286268139
дать,INFN,0.9449455358765338,11,0.48453616266223476,11,0.4604093732142991
дашь,VERB,0.023315413156524002,2,0.2911791320805905,24,-0.26786371892406646
даю,VERB,0.9753087282180782,10,0.3226900737764395,11,0.6526186544416388
два,NUMR,0.8084802497178313,16,0.37955868027659384,14,0.42892156944123744
дважды,ADVB,0.9940280914306635,3,0.4514273307868274,8,0.5426007606438361
две,NUMR,0.9490897953510281,8,0.4346667894472675,12,0.5144230059037607
двери,NOUN,0.5915339902043341,5,0.36528707605183947,17,0.2262469141524946
дверью,NOUN,0.45123965442180597,5,0.5183157066478287,18,-0.0670760522260227
дверями,NOUN,0.9673609733581541,2,0.523602127602013,6,0.4437588457561411
двоих,NUMR,0.2853760768969847,3,0.06131969669341262,19,0.22405638020357208
дворе,NOUN,0.6789974570274349,5,0.5459293439732085,21,0.1330681130542264
двумя,NUMR,0.25394704937934803,1,0.42269511946610006,7,-0.16874807008675202
двух,NUMR,0.8445866942405698,5,0.5596204891064019,11,0.2849662051341678
деваться,INFN,0.4975136242186025,12,0.16025730346182135,30,0.33725632075678114
дежурный,ADJF,0.82883208990097,1,0.025752516719736322,13,0.8030795731812337
действием,NOUN,0.30101163336075804,4,0.04267129335448742,8,0.2583403400062706
действии,NOUN,0.22665461159922376,5,0.05371256343205405,5,0.1729420481671697
действительно,ADVB,0.00859945420719,3,0.056978150674052534,17,-0.048378696466862534
действительности,NOUN,0.014747265726327334,3,0.117919780190277,12,-0.10317251446394968
дел,NOUN,0.6868479996919629,8,0.7746640052646394,9,-0.08781600557267655
дела,NOUN,0.7752508521080014,10,0.3980738069175886,19,0.3771770451904128
делает,VERB,0.5315792448818678,4,0.669582463462244,11,-0.13800321858037623
делал,VERB,0.9646946390469867,3,0.23157674351435414,15,0.7331178955326325
делали,VERB,0.9765868186950675,2,0.4385190795811854,14,0.5380677391138821
делать,INFN,0.762641856372356,25,0.3899160003469049,24,0.37272585602545116
делают,VERB,0.8774639517068861,4,0.41054109217865087,14,0.4669228595282352
делится,VERB,0.5720643281005318,10,0.37331778284351425,10,0.19874654525701752
дело,NOUN,0.6754553921750927,116,0.584480316231125,19,0.0909750759439677
делом,NOUN,0.8718316640172683,7,0.7008618223719,11,0.17096984164536833
делу,NOUN,0.7297191638499494,8,0.28275476377034026,11,0.44696440007960914
денег,NOUN,0.7089072763919826,2,0.27241994756817145,12,0.43648732882381114
день,NOUN,0.8600202458910641,32,0.5521113247385878,18,0.30790892115247626
деньги,NOUN,0.33622700100143704,3,0.32513258107937826,15,0.011094419922058785
держа,GRND,0.46928608696907703,2,0.7670061737298962,12,-0.2977200867608192
держал,VERB,0.5160693986108523,4,0.6567079105589069,16,-0.14063851194805455
держала,VERB,0.6392655571301774,3,0.5341191617821761,19,0.1051463953480013
держали,VERB,0.30573187209665703,4,0.27996706347247285,14,0.025764808624184177
держался,VERB,0.9208302497863771,1,0.2215394592814842,20,0.6992907905048928
держат,VERB,0.7651527374982829,8,0.24195159020099258,12,0.5232011472972904
держать,INFN,0.7274868339300153,8,0.6970509290157885,13,0.030435904914226874
держи,VERB,0.9800688624382016,2,0.21207573287829257,15,0.767993129559909
держит,VERB,0.5306131293376284,6,0.348369353916188,17,0.18224377542144038
держите,VERB,0.8572146693865453,3,0.25194430248250516,21,0.6052703669040402
держится,VERB,0.6658949057261144,3,0.24680409914498075,16,0.4190908065811337
дернул,VERB,0.5709040078024067,3,0.15749843219770354,17,0.41340557560470315
десяти,NUMR,0.06836569181177725,4,0.0265345409590126,15,0.04183115085276465
десятка,NOUN,0.9999647935231524,3,0.22639287263154945,9,0.773571920891603
десяток,NOUN,0.7788223360665139,5,0.2598404836820775,13,0.5189818523844363
детей,NOUN,0.8009079098701475,5,0.40381192409485134,9,0.39709598577529615
детство,NOUN,0.8593003153800964,3,0.37175954934320415,21,0.4875407660368923
диаметром,NOUN,0.5914550026257831,3,0.39593644067645034,6,0.19551856194933276
дикая,ADJF,0.0040831323713060004,1,0.09153843960458642,7,-0.08745530723328042
дикий,ADJF,0.016600079834461,1,0.06002300857037908,13,-0.043422928735918076
диким,ADJF,0.006467708852142,1,0.2234100587915493,7,-0.21694234993940728
дико,ADVB,0.0504349523632428,7,0.03910280107441652,15,0.011332151288826281
длинным,ADJF,0.74731034040451,1,0.17125682197511152,10,0.5760535184293986
длиной,NOUN,0.788255453109741,2,0.32335868757218056,4,0.46489676553756043
длину,NOUN,0.6678408142179245,4,0.4533979974949029,8,0.21444281672302162
для,PREP,0.8471097924989753,104,0.7125000448690517,18,0.13460974762992362
дней,NOUN,0.8044020533561701,1,0.4911526380216369,17,0.3132494153345332
днем,NOUN,0.97115155061086,3,0.4696700676364482,13,0.5014814829744119
дни,NOUN,0.7373426314443344,8,0.5015238157727497,11,0.2358188156715847
дном,NOUN,0.716728011767069,3,0.6438981677804672,7,0.07282984398660186
дню,NOUN,0.9076623320579524,3,0.48620541834018405,11,0.4214569137177684
дня,NOUN,0.9081410880645977,23,0.48077277280390207,16,0.42736831526069563
дням,NOUN,0.993921852111816,5,0.1967349908663885,6,0.7971868612454276
днях,NOUN,0.40726001933217004,8,0.45589786558412004,2,-0.04863784625195
до,PREP,0.939514860321491,364,0.661987319504583,18,0.277527540816908
добавить,INFN,0.19645128026604622,5,0.2612467940252822,12,-0.064795513759236
добираться,INFN,0.219075489789247,2,0.20134902498273904,17,0.01772646480650797
добр,ADJS,0.782383561134338,1,0.3386412335215326,18,0.44374232761280546
добра,NOUN,0.9663370847702024,5,0.3926541089938833,25,0.5736829757763191
добро,ADVB,0.0012395590194496,5,0.23023346857576094,16,-0.22899390955631133
доброго,ADJF,0.8740766644477839,5,0.20584113398945153,10,0.6682355304583323
доброй,ADJF,0.49600425362586936,3,0.42499116901308265,5,0.07101308461278671
добру,NOUN,0.2673947232154504,3,0.3097741024177543,17,-0.042379379202303946
добры,ADJS,0.5608145892620086,2,0.5687929987286525,15,-0.007978409466643965
довести,INFN,0.7977412343025201,2,0.00030515520484100005,2,0.7974360790976791
довольно,ADVB,0.20847015023464271,10,0.09222411412674024,13,0.11624603610790248
дождем,NOUN,0.009291371330618001,1,0.30616913177072963,11,-0.2968777604401116
дождь,NOUN,0.21524632473786634,3,0.5024618340815462,19,-0.2872155093436799
дождя,NOUN,2.501789640518836e-05,1,0.3351741725475419,18,-0.3351491546511367
доз,NOUN,0.001519615994766,1,0.04688561727380101,8,-0.045366001279035006
дозу,NOUN,0.6431706696748725,2,0.27696365197092104,12,0.3662070177039514
доказательство,NOUN,0.08282509446144101,1,0.5775175526738161,5,-0.49469245821237506
доктор,NOUN,0.7386492118239398,4,0.17470312234997531,14,0.5639460894739645
долг,NOUN,0.3402781474869694,3,0.2837785118325602,23,0.056499635654409186
долгий,ADJF,0.511721559024105,3,0.07990982506153642,17,0.43181173396256856
долго,ADVB,0.9952757557233175,3,0.36279075807847405,21,0.6324849976448434
долгом,NOUN,0.005858727497979501,2,0.35511561163002586,6,-0.34925688413204636
долгу,NOUN,0.44081890536472174,6,0.5651255401263519,15,-0.12430663476163012
должен,ADJS,0.733466755598783,4,0.7499805617456632,12,-0.01651380614688014
должно,ADJS,0.8246146664023393,4,0.724686416564509,16,0.09992824983783022
доли,NOUN,0.2668873543540632,6,0.4451008829720581,7,-0.1782135286179949
долю,NOUN,0.943598538637161,2,0.6460110965417695,8,0.29758744209539156
доля,NOUN,0.9665975371996557,3,0.44211681290079646,13,0.5244807242988592
дом,NOUN,0.1584861546754834,5,0.44339708429761177,15,-0.2849109296221284
дома,NOUN,0.6817041238149004,3,0.26532519502903873,11,0.4163789287858617
домик,NOUN,0.9967401822408034,3,0.024986078535080693,13,0.9717541037057227
дому,NOUN,0.7473108053207393,5,0.27651924288365926,20,0.4707915624370801
дополнение,NOUN,0.9445976853370661,5,0.6073453625043229,6,0.3372523228327432
допустил,VERB,0.12672805786132801,1,0.17153149905942305,19,-0.04480344119809504
дорога,NOUN,0.9950608164072035,8,0.48278084340771354,14,0.5122799729994899
дороге,NOUN,0.46744609872500037,3,0.27413106503081464,16,0.19331503369418573
дороги,NOUN,0.9532109498977657,2,0.3748973601846951,10,0.5783135897130706
дорогого,ADJF,0.5070939326833467,3,0.21939930938788116,14,0.2876946232954655
дорогой,NOUN,0.205268430213133,3,0.17251847563066322,19,0.03274995458246979
дороже,COMP,0.9474134842554721,3,0.26134189088525567,18,0.6860715933702164
дорожке,NOUN,0.602250516414642,1,0.1318494656501566,10,0.4704010507644854
достаточно,ADVB,0.6011671027676623,11,0.16848702414426914,14,0.43268007862339314
достигает,VERB,0.4437652503450707,3,0.2183698200297287,11,0.22539543031534198
доходит,VERB,0.9753684997558585,2,0.49486543938655764,16,0.48050306036930085
дошло,VERB,0.9914981325467425,3,0.6765521857887502,16,0.31494594675799226
др,NOUN,0.5387723445892331,2,0.38727219251086314,2,0.15150015207836992
древних,ADJF,0.32189555217822335,3,0.31086045669243545,11,0.011035095485787905
древности,NOUN,0.6944319576025006,5,0.27694900604598927,7,0.4174829515565114
друг,NOUN,0.9978940486907956,10,0.6911471523344513,14,0.3067468963563442
другая,ADJF,0.604884453117847,3,0.43917522090487127,8,0.16570923221297573
другие,ADJF,0.6830409665902453,6,0.5139889407088044,5,0.16905202588144086
другим,ADJF,0.777528762817382,1,0.40435189250856585,5,0.3731768703088162
другими,ADJF,0.4741350710391995,5,0.5673647783696645,4,-0.09322970733046498
других,ADJF,0.7406669088772361,7,0.1575011202134188,5,0.5831657886638173
другого,ADJF,0.8901142477989195,5,0.3968532234569213,11,0.49326102434199814
другое,ADJF,0.6807054405411082,6,0.3927075906316387,13,0.28799784990946947
другой,ADJF,0.6497154270943537,26,0.2964386942521038,13,0.3532767328422499
другом,NOUN,0.31370865134522274,8,0.5969639788318692,15,-0.2832553274866465
другому,ADJF,0.6853709618250523,3,0.8227972922225789,12,-0.1374263303975266
думает,VERB,0.025345133617520003,1,0.2941446413236307,12,-0.2687995077061107
думаете,VERB,0.6516219377517696,2,0.5152526053425385,24,0.1363693324092311
думаешь,VERB,0.80630087852478,1,0.4283261147128148,21,0.37797476381196526
думай,VERB,0.4839264452457425,2,0.25871356685092867,24,0.22521287839481385
думал,VERB,0.6573434422413508,3,0.3568514390608466,16,0.3004920031805042
думала,VERB,0.0994908213615415,2,0.4603724910153278,18,-0.3608816696537863
думаю,VERB,0.7432395815849295,2,0.29548557106560686,24,0.4477540105193227
думая,GRND,0.7171652483084467,4,0.42224277183413456,6,0.2949224764743122
дух,NOUN,0.2897020762320603,4,0.4610591118054629,11,-0.1713570355734026
духу,NOUN,0.423477998624245,6,0.2544472171575755,8,0.1690307814666695
душа,NOUN,0.7160821937852431,9,0.2314865360214535,17,0.48459565776378954
душе,NOUN,0.5601476243963196,7,0.4487407166976477,15,0.1114069076986719
душевной,ADJF,0.9377979238828019,6,0.287451455060573,13,0.6503464688222289
души,NOUN,0.6893765661973569,28,0.1619625466439832,11,0.5274140195533736
душой,NOUN,0.7964302441653079,17,0.23882626383505395,17,0.5576039803302539
душу,NOUN,0.7391888323763848,15,0.5038226666261572,14,0.23536616575022762
дыбом,ADVB,0.6760713911304866,3,0.5760663524968761,17,0.10000503863361054
дым,NOUN,0.022194483705485667,3,0.3553542572346762,13,-0.3331597735291905
дыхания,NOUN,0.45342276493708233,3,0.14159047340179573,12,0.3118322915352866
дышать,INFN,0.983356118202209,2,0.41967805007425296,12,0.5636780681279561
его,NPRO,0.3152890404065443,3,0.33535039427012825,22,-0.02006135386358393
едва,ADVB,0.16565831112809656,26,0.18874955472872657,9,-0.02309124360063
единицы,NOUN,0.16132684459444102,4,0.15250591236235725,10,0.008820932232083772
едино,ADJS,0.26174622029066,2,0.15394923521567455,14,0.10779698507498547
единого,ADJF,0.5128504788236955,7,0.3072698344640225,8,0.205580644359673
единой,ADJF,0.352253079414367,1,0.6294547962024803,6,-0.27720171678811334
едином,ADJF,0.005251189383367001,3,0.24428658036049392,9,-0.23903539097712692
единственная,ADJF,0.0010432339040560002,1,0.32546189388570645,9,-0.3244186599816505
единственное,ADJF,0.9330614209175111,1,0.5221344074234364,10,0.4109270134940747
ежели,CONJ,0.006839626110983133,3,0.0033231209781655,12,0.003516505132817633
еле,ADVB,0.1740288272588557,6,0.269886640262484,21,-0.09585781300362828
если,CONJ,0.8391156964069012,172,0.5776222149531044,9,0.2614934814537968
естественным,ADJF,0.4592912890948349,8,0.08206875825551516,13,0.3772225308393198
есть,INFN,0.6425784895296337,35,0.4786575258338412,20,0.1639209636957925
еще,ADVB,0.6284653500396743,173,0.2663177423451802,19,0.3621476076944941
ж,PRCL,0.1058399416506284,5,0.47294249504920977,24,-0.36710255339858133
жалко,ADVB,0.313279448804678,2,0.23655290168629853,22,0.07672654711837948
жаль,PRED,0.4702123100093251,6,0.21125717432490357,12,0.2589551356844215
жанра,NOUN,0.6428717548648514,6,0.2516927834285008,10,0.39117897143635055
жару,NOUN,0.9994067251682276,2,0.21271005016569644,20,0.7866966750025312
ждал,VERB,0.43001931905746404,2,0.4608016693293593,18,-0.030782350271895242
ждала,VERB,0.23739850148558553,2,0.403075789280242,26,-0.16567728779465649
ждем,VERB,0.8728002905845641,1,0.31521355959121083,20,0.5575867309933533
ждет,VERB,0.503643051721155,2,0.36268485738992207,16,0.1409581943312329
ждешь,VERB,0.14121674001216802,1,0.16738914703124746,22,-0.02617240701907944
жду,VERB,0.8704342842102051,1,0.44569321996935307,26,0.424741064240852
же,PRCL,0.8103467399378128,192,0.4941475549698863,17,0.3161991849679265
желании,NOUN,0.483682453632354,1,0.7352186039788645,8,-0.2515361503465105
желать,INFN,0.9989244739214578,3,0.33974592005645615,17,0.6591785538650017
желаю,VERB,0.5545072034001346,4,0.46705702956042855,19,0.08745017383970605
желудок,NOUN,0.8116146538938792,7,0.11760767785316943,17,0.6940069760407098
жестоко,ADVB,0.005084041453664573,5,0.10026224710236385,22,-0.09517820564869928
живое,ADJF,0.8862954179445901,3,0.2019638779753824,12,0.6843315399692077
живут,VERB,0.8953313827514641,1,0.2928025176016874,14,0.6025288651497767
жизни,NOUN,0.7572970519609307,17,0.63936107357343,12,0.1179359783875007
жизнь,NOUN,0.7716503418982026,15,0.45514818416400343,22,0.31650215773419915
жилах,NOUN,0.9990985989570613,4,0.5327744022294302,12,0.46632419672763115
жить,INFN,0.9819557070732113,3,0.27881374014663995,19,0.7031419669265714
жуткая,ADJF,0.016246514394879,1,0.021501328323730286,14,-0.005254813928851285
жутко,ADVB,0.013088054696304445,9,0.009482553618518857,14,0.0036055010777855875
за,PREP,0.8964089011296228,523,0.6961845083331515,22,0.2002243927964713
забот,NOUN,0.2600037865340705,2,0.05344182388125724,16,0.2065619626528133
заботы,NOUN,0.33040198683738703,1,0.0974902194395643,17,0.2329117673978227
забыла,VERB,0.13503623381257002,2,0.25097010664736663,27,-0.11593387283479661
забыли,VERB,0.060566261410713,1,0.40038245124742333,15,-0.33981618983671036
завершение,NOUN,0.0630189765244718,5,0.05999288783995058,20,0.0030260886845212207
завершилась,VERB,0.18916413187980602,1,0.05330573470837363,16,0.1358583971714324
завершился,VERB,0.258383848704397,2,0.0702450071600504,19,0.18813884154434662
зависимости,NOUN,0.9971051130975991,7,0.7141043245792383,3,0.28300078851836075
зависть,NOUN,0.62262600644802,3,0.04329824461073172,19,0.5793277618372883
завтра,ADVB,0.8760655091868501,9,0.10135020923792681,19,0.7747152999489233
загорелись,VERB,0.1693801850080486,5,0.060145393057041016,26,0.10923479195100759
задал,VERB,0.09526841342449101,1,0.5990312258628276,22,-0.5037628124383366
задала,VERB,0.64933031797409,1,0.4376100164699319,16,0.2117203015041581
задней,ADJF,0.9904935956001282,3,0.40229242657207737,9,0.5882011690280509
задним,ADJF,0.9636113047599789,5,0.36150745974413795,9,0.6021038450158409
задних,ADJF,0.9959465463956197,3,0.3309190322089793,13,0.6650275141866404
задом,ADVB,0.9907465378443397,3,0.04688900192424194,12,0.9438575359200978
заказ,NOUN,0.48888678895309523,5,0.09347492437146168,21,0.3954118645816336
заката,NOUN,0.9576334953308101,3,0.09752756268202385,13,0.8601059326487862
закате,NOUN,0.08045065398327961,5,0.0013370589440455,2,0.07911359503923411
закатил,VERB,0.07416567330559033,3,0.10219925783762675,18,-0.028033584532036415
закатила,VERB,0.740453004837036,1,0.31537853504124924,27,0.4250744697957868
заклад,NOUN,0.9992914319038387,5,0.25005217832222076,4,0.7492392535816179
закона,NOUN,0.635765732421229,3,0.21394474594853802,5,0.421820986472691
законам,NOUN,0.9805211623509725,3,0.5627034366563225,14,0.41781772569465003
закону,NOUN,0.7669499005590161,7,0.11189860543890938,8,0.6550512951201067
закончилась,VERB,0.21755781769752452,2,0.41535105548888007,17,-0.19779323779135555
закрытыми,ADJF,0.9835005005200701,3,0.8983824133872981,15,0.08511808713277202
закрыть,INFN,0.9157822132110591,3,0.2073194031254384,16,0.7084628100856207
заметил,VERB,0.037327140569686,1,0.08295784680433321,8,-0.04563070623464721
замком,NOUN,0.22741073913251333,3,0.30993831511320075,15,-0.08252757598068741
замок,NOUN,0.11836217121162868,3,0.37065711665341267,17,-0.252294945441784
занавес,NOUN,0.17173012671992136,3,0.34975847850485736,12,-0.178028351784936
занесло,VERB,0.9819737672805781,3,0.4237797585665837,23,0.5581940087139944
занимает,VERB,0.022642084397375,2,0.40741060150321534,16,-0.38476851710584037
занимать,INFN,0.6289047434926028,5,0.2666396275651547,16,0.36226511592744814
заняла,VERB,0.299067556858062,1,0.47254041103406025,16,-0.17347285417599823
заняло,VERB,0.6518232822418211,1,0.5084960597450839,17,0.14332722249673713
заодно,ADVB,0.19259424442266565,11,0.046206439554225,8,0.14638780486844066
запасе,NOUN,0.33565191427866564,3,0.16100898443043316,15,0.1746429298482325
запахом,NOUN,0.4188006822951133,4,0.30223139955861716,7,0.11656928273649614
запрещено,PRTS,0.5137998808175323,5,0.23793244176704276,16,0.2758674390504895
заранее,ADVB,0.0705414536205345,2,0.1328700344556632,8,-0.0623285808351287
заре,NOUN,0.489429516717791,2,0.25973116296033033,3,0.22969835375746067
зари,NOUN,0.903834670782089,10,0.09890649280324759,14,0.8049281779788414
заря,NOUN,0.9987328449885048,3,0.17537259243908865,8,0.8233602525494161
заслугам,NOUN,0.6389031166521211,3,0.23700518533587403,3,0.40189793131624707
заставил,VERB,0.47852885723114,1,0.6827239449261326,13,-0.20419508769499262
заставило,VERB,0.9856902360916131,1,0.702533761411905,20,0.28315647467970806
затей,NOUN,0.03768770567451834,3,0.005211463654025183,9,0.03247624202049316
затем,ADVB,0.495001450926065,5,0.14026483773098578,9,0.3547366131950792
зато,CONJ,0.168038289994001,5,0.057293365598359486,22,0.11074492439564151
захочет,VERB,0.2160641022026534,5,0.19557570674134223,13,0.020488395461311176
зачастую,ADVB,0.014995226962491401,5,0.00850690340606267,6,0.006488323556428732
зачем,ADVB,0.6283992418088016,10,0.5514458083858088,30,0.07695343342299277
защитой,NOUN,0.5915674149990078,5,0.3860127757523307,9,0.2055546392466771
звали,VERB,0.999933016300201,5,0.5674734332670381,13,0.4324595830331629
звать,INFN,0.9015909314155575,5,0.3078777439639385,29,0.5937131874516189
звезды,NOUN,0.8560753464698786,2,0.06037677659454208,12,0.7956985698753365
звонка,NOUN,0.9998412132263179,6,0.14673697853639647,23,0.8531042346899215
здесь,ADVB,0.3835711131493246,15,0.209235419841626,13,0.17433569330769863
здоров,ADJS,0.477649143246318,14,0.1566507063924349,22,0.32099843685388313
здорово,INTJ,0.342812979011796,8,0.029996740263252903,17,0.31281623874854314
здравом,ADJF,0.8869605064392087,3,0.6130792733472636,9,0.273881233091945
здравствует,VERB,0.9061105350653328,6,0.00025751929570086966,2,0.905853015769632
земель,NOUN,0.9837506115436552,2,0.2253093374284531,11,0.758441274115202
земли,NOUN,0.38120558361212376,9,0.30989321185431085,6,0.07131237175781291
землю,NOUN,0.8493339776992794,5,0.2734637587796893,10,0.5758702189195901
земля,NOUN,0.8022265434265133,3,0.3156901357921438,17,0.48653640763436956
зимой,ADVB,0.865321258703867,3,0.009674769207776376,8,0.8556464894960907
злобу,NOUN,0.7850393851598096,3,0.08995453935115875,12,0.6950848458086509
знаем,VERB,0.9573599696159361,2,0.5720478003958384,22,0.3853121692200977
знает,VERB,0.7112183192345709,42,0.4622903600601208,14,0.2489279591744501
знаете,VERB,0.8220466971397398,5,0.5286749434308146,16,0.2933717537089252
знаешь,VERB,0.8663378556569414,3,0.6111368361836002,19,0.2552010194733413
знак,NOUN,0.9746590256690976,4,0.259833920434175,22,0.7148251052349226
знаком,NOUN,0.6644057214260098,5,0.46265000381084154,19,0.2017557176151683
знал,VERB,0.7436851271029026,14,0.29035377287073016,18,0.4533313542321724
знала,VERB,0.626538693904876,2,0.542350474254865,19,0.084188219650011
знали,VERB,0.9092141389846797,3,0.438422094344308,19,0.4707920446403717
знамя,NOUN,0.6280585914850232,5,0.13985435721112374,13,0.4882042342738995
знать,INFN,0.8247677506473278,33,0.2915516910212486,21,0.5332160596260791
значение,NOUN,0.9011572870341212,11,0.37617256415251143,10,0.5249847228816098
значения,NOUN,0.9626974821090695,5,0.5039185185451055,6,0.45877896356396397
значит,CONJ,0.5225630198944898,15,0.28570627884451216,26,0.23685674104997767
значительно,ADVB,0.1013483442366118,5,0.08014661460541725,13,0.021201729631194557
знаю,VERB,0.5824635002762075,25,0.575436258067687,24,0.007027242208520579
знают,VERB,0.486060010036453,2,0.5429649941267112,17,-0.05690498409025818
зовут,VERB,0.8087795555591579,5,0.6982831070440464,29,0.11049644851511153
золота,NOUN,0.997827510039011,3,0.245039137125104,16,0.7527883729139071
зрения,NOUN,0.9996508479118346,5,0.8496317671797438,8,0.1500190807320908
зря,ADVB,0.5699546574651316,16,0.20025644053821406,20,0.36969821692691757
зуб,NOUN,0.5940006860117941,9,0.3242495296640562,17,0.26975115634773794
зубам,NOUN,0.4712079446762794,3,0.08475404009222945,20,0.38645390458404993
и,CONJ,0.8451201306834519,986,0.49146209036310484,15,0.3536580403203471
играет,VERB,0.7541408325944625,7,0.4405282835553706,12,0.3136125490390919
играл,VERB,0.958891451358795,2,0.4333636733121234,15,0.5255277780466716
играла,VERB,0.961502909660339,1,0.3936380245476563,13,0.5678648851126827
играли,VERB,0.960587203502655,1,0.3444389899216019,18,0.6161482135810532
играть,INFN,0.9959840178489681,1,0.20430055637420538,11,0.7916834614747627
играют,VERB,0.9580635428428651,1,0.25845713148592003,15,0.6996064113569451
игрушки,NOUN,0.4526739120483395,2,0.23386359295691314,20,0.21881031909142637
игры,NOUN,0.35115434415638386,6,0.5413953309878703,10,-0.19024098683148644
идее,NOUN,0.30385227501392303,3,0.09623564823414134,6,0.2076166267797817
идем,VERB,0.38096443563699706,2,0.28582889190777944,15,0.09513554372921762
идет,VERB,0.627067938446998,7,0.39365088911010626,13,0.23341704933689178
иди,VERB,0.4492987228091801,5,0.35612474173224906,36,0.09317398107693103
идите,VERB,0.6430748701095581,1,0.2366953142096887,17,0.4063795558998694
идти,INFN,0.139130115509033,2,0.29677468085040604,15,-0.15764456534137303
идут,VERB,0.2956257262267166,5,0.3273621517000715,12,-0.03173642547335487
из,PREP,0.9133682940369088,196,0.7135143110062921,10,0.19985398303061663
известно,PRED,0.601140036363176,8,0.5540289015819624,9,0.04711113478121365
известный,ADJF,0.9687251895666118,4,0.4194523816307382,6,0.5492728079358735
извини,VERB,0.31961293518543205,2,0.11775806537256163,13,0.20185486981287043
извините,VERB,0.404540508985519,1,0.13341129040885985,14,0.27112921857665917
извне,ADVB,0.21829551719129023,5,0.024492684700817002,4,0.19380283249047323
изнутри,ADVB,0.2049440064874935,2,0.016622556944639322,11,0.18832144954285418
изо,PREP,0.9980440020561213,5,0.8482183190909296,11,0.14982568296519172
изредка,ADVB,0.27536734077148106,4,0.025431819181903435,11,0.24993552158957763
или,CONJ,0.8604018227862457,56,0.3748689291707702,20,0.48553289361547547
имеет,VERB,0.8226624737183249,15,0.6789992471458386,10,0.1436632265724863
имеешь,VERB,0.983070075511932,1,0.6267527661630475,23,0.3563173093488845
имел,VERB,0.6841525435447688,5,0.6372559552546586,16,0.04689658829011023
имела,VERB,0.9691287477811175,3,0.7255033294786695,8,0.243625418302448
имели,VERB,0.6259995810687541,4,0.7045319775740303,6,-0.07853239650527621
имело,VERB,0.9916386604309081,4,0.5948991884361017,10,0.3967394719948064
именем,NOUN,0.330053786281496,7,0.3625478065287093,9,-0.03249402024721332
имени,NOUN,0.6007836729288095,10,0.859438773244619,8,-0.2586551003158095
именно,PRCL,0.6057220634788137,14,0.2991371273117901,17,0.30658493616702365
иметь,INFN,0.9981474677721658,6,0.49412011797539857,4,0.5040273497967672
имею,VERB,0.9965302348136901,1,0.949936453582874,21,0.046593781230816034
имеют,VERB,0.9380402006208892,16,0.6494366941707472,7,0.288603506450142
имеющиеся,PRTF,0.7794191241264341,1,0.38664839885313984,4,0.39277072527329426
имеющий,PRTF,0.865621507167816,1,0.6319061258691359,6,0.2337153812986802
имея,GRND,0.9981278777122491,1,0.3338518046907013,7,0.6642760730215478
имя,NOUN,0.7660950105637309,10,0.3487889834159427,16,0.41730602714778814
иначе,ADVB,0.43723325374034694,13,0.6036480046136093,9,-0.1664147508732624
иногда,ADVB,0.9670946240425107,10,0.05684072295859189,12,0.9102539010839188
иное,ADJF,0.5301588810980316,2,0.2639511358574959,8,0.26620774524053564
иной,ADJF,0.5471061081625518,4,0.335913139065572,3,0.21119296909697977
интереса,NOUN,0.042552800849079336,3,0.26745003707324705,19,-0.2248972362241677
интересах,NOUN,0.9715748528639471,6,0.26331204175949,1,0.7082628111044571
иным,ADJF,0.9150500893592831,1,0.06554250133558463,7,0.8495075880236985
иными,ADJF,0.6105230152606961,2,0.42151900629202466,3,0.18900400896867142
искать,INFN,0.631160914897918,1,0.26821548549075125,12,0.3629454294071668
исключением,NOUN,0.8394777625799176,5,0.142209761809291,7,0.6972680007706266
исключения,NOUN,0.9429276064038273,8,0.5342911373485214,11,0.40863646905530593
исключительно,PRCL,0.004692529531893801,5,0.04662547836330877,13,-0.04193294883141497
исходе,NOUN,0.8759220639864598,3,0.4421680195240087,6,0.4337540444624511
итак,CONJ,0.3870823800563806,5,0.09450810792012804,31,0.2925742721362526
их,NPRO,0.08276824039639841,5,0.23864205938298208,16,-0.15587381898658367
к,PREP,0.9741766890239747,227,0.9867264293134208,16,-0.01254974028944611
каблук,NOUN,0.025517893993916,3,0.01614871273208782,11,0.009369181261828181
кадр,NOUN,0.022983652655966004,2,0.1830741708701156,14,-0.1600905182141496
каждого,ADJF,0.2461476920987474,5,0.6550116722106132,14,-0.40886398011186575
каждом,ADJF,0.9767306894063947,8,0.43048690161150316,9,0.5462437877948916
каждому,ADJF,0.9976998269557946,2,0.40292539962683754,13,0.594774427328957
каждую,ADJF,0.879586080710093,3,0.3832588999607131,11,0.4963271807493799
каждый,ADJF,0.5930066187514775,29,0.494181350712876,14,0.09882526803860153
каждым,ADJF,0.9772935658693309,8,0.609961957132327,8,0.3673316087370039
кажется,VERB,0.4320614685614897,3,0.5080236623529341,20,-0.07596219379144437
казалось,VERB,0.310217102989554,2,0.553640274201623,18,-0.24342317121206897
как,CONJ,0.8155841470356313,855,0.5406018722569567,16,0.27498227477867465
какая,ADJF,0.8330190941834675,26,0.5468293017512483,31,0.2861897924322192
какие,ADJF,0.8600785020089732,33,0.6878729942813512,25,0.172205507727622
каким,ADJF,0.9577785784547976,11,0.879462622106075,8,0.07831595634872268
какими,ADJF,0.9994718829790749,3,0.678687542676925,4,0.32078434030214986
каких,ADJF,0.9626802972384857,7,0.8937156669479523,14,0.06896463029053335
каков,ADJS,0.25857170857489076,4,0.21693897061049888,14,0.041632737964391875
какого,ADJF,0.9593487381935115,9,0.736985725787235,12,0.22236301240627654
какое,ADJF,0.7739954331517215,25,0.6277178775421095,19,0.14627755560961198
какой,ADJF,0.7935970623398426,77,0.6850872614886608,17,0.10850980085118178
каком,ADJF,0.9888361096382139,4,0.6675060040184426,14,0.32133010561977127
какую,ADJF,0.615073230816051,8,0.8556663638779091,7,-0.24059313306185803
каменной,ADJF,0.9495460391044611,1,0.14172394554079762,10,0.8078220935636635
капли,NOUN,0.6493946228708536,14,0.3200096043555482,13,0.3293850185153054
капля,NOUN,0.026849841699004003,1,0.27269802549158106,20,-0.24584818379257706
караван,NOUN,0.20919141661912946,3,0.23726873783889424,10,-0.028077321219764778
кармане,NOUN,0.9246730804443354,3,0.532764608066645,20,0.39190847237769033
карьер,NOUN,0.9592832724253331,3,0.12317056003303112,8,0.836112712392302
касается,VERB,0.8411633968353268,9,0.6491683520609509,10,0.1919950447743759
касательно,PREP,0.044487535394727606,5,0.01898524919033621,5,0.025502286204391395
касаются,VERB,0.7890098690986631,1,0.3109898891125335,17,0.4780199799861296
кассы,NOUN,0.6291088899422898,10,0.04749976228712956,11,0.5816091276551602
каша,NOUN,0.7438770532608027,3,0.20234975659059226,16,0.5415272966702104
квадратный,ADJF,0.5291940867900844,3,0.33024270923342514,10,0.19895137755665926
кем,NPRO,0.9984300494194027,5,0.7504683082391106,14,0.24796174118029213
километр,NOUN,0.8914754192034398,3,0.35295993132785897,16,0.5385154878755808
кинулась,VERB,0.000690799497533,1,0.06433755480441003,14,-0.06364675530687702
кинулись,VERB,0.021673092618584,1,0.047443598664054766,24,-0.025770506045470765
кинулся,VERB,0.0012365613365545002,2,0.03352411895056001,23,-0.03228755761400551
китайской,ADJF,0.18771942394475102,3,0.21575428479506267,6,-0.02803486085031165
китая,NOUN,0.202326041956742,3,0.10661811981377171,14,0.09570792214297029
ко,PREP,0.9981361702084537,8,0.8870591074228281,19,0.11107706278562557
ковер,NOUN,0.6729467697441576,4,0.1538757664391592,15,0.5190710033049983
когда,CONJ,0.5401819939520678,42,0.4548500205855812,10,0.08533197336648657
кого,NPRO,0.9776219010353084,5,0.5077782306055135,14,0.4698436704297949
коем,ADJF,0.9974392950534817,10,0.9485375067150013,20,0.04890178833848047
кои,ADJF,0.9967021942138671,2,0.9983712136745446,2,-0.0016690194606775455
кой,ADJF,0.389786131680011,3,0.2874670458516422,24,0.10231908582836885
колена,NOUN,0.9816519816716508,3,0.36238468332150325,12,0.6192672983501475
коли,CONJ,0.007509937509894001,3,0.010128872879169378,16,-0.002618935369275378
колокола,NOUN,0.5718437783420081,5,0.3767639122686681,9,0.19507986607333994
коль,CONJ,0.9629488825798029,5,0.047731502342901654,21,0.9152173802369012
ком,NPRO,0.5175967440009113,4,0.3672150119984706,18,0.15038173200244065
команде,NOUN,0.830099701881408,2,0.20497332485392641,10,0.6251263770274816
командованием,NOUN,0.8949091434478755,4,0.15022589708678377,4,0.7446832463610917
комок,NOUN,0.13501837849617002,1,0.2791962610502497,12,-0.14417788255407968
компании,NOUN,0.43650587797164897,5,0.1432447153946173,13,0.29326116257703166
компанию,NOUN,0.4195874829776578,5,0.2850721776296263,10,0.13451530534803152
компьютером,NOUN,0.4525563253555443,4,0.10907508074402918,12,0.34348124461151514
кому,NPRO,0.3299230393022296,5,0.4961178750575826,15,-0.166194835755353
конец,NOUN,0.8065592460334295,4,0.4961898383480727,8,0.31036940768535687
конечно,CONJ,0.240403587619463,3,0.11303911462891797,22,0.12736447299054504
конкуренции,NOUN,0.5610514034827547,3,0.11070341024326123,13,0.4503479932394935
конкурса,NOUN,0.24271364758412003,3,0.3520217540984349,9,-0.10930810651431486
контролем,NOUN,0.8929665883382157,3,0.6070112074020364,9,0.28595538093617934
контроль,NOUN,0.7158474624156947,3,0.173457004304509,7,0.5423904581111858
конца,NOUN,0.6822867749502789,21,0.5472608059644695,11,0.13502596898580943
концами,NOUN,0.9997868895530697,5,0.317358389991568,8,0.6824284995615018
конце,NOUN,0.9998532881339388,12,0.5143864070996637,6,0.48546688103427516
концов,NOUN,0.9018130143483476,15,0.046453870832920005,1,0.8553591435154276
концом,NOUN,0.9991271972656246,5,0.24682296074461144,5,0.7523042365210132
концу,NOUN,0.9988829731941216,5,0.6184034724296489,11,0.3804795007644727
концы,NOUN,0.5470159511198285,10,0.24925191366928584,10,0.29776403745054264
кончено,ADJS,0.020295921713113,1,0.12829300937858523,23,-0.10799708766547222
конь,NOUN,0.9507152239481603,3,0.1672634872142482,14,0.7834517367339121
копеек,NOUN,0.4175360366702076,5,0.06659009619276379,21,0.3509459404774438
копейки,NOUN,0.328152521155201,13,0.2667450305085536,21,0.06140749064664741
корень,NOUN,0.6389838019385928,5,0.15405258258920135,10,0.4849312193493915
короткой,ADJF,0.8306866089502964,3,0.24565502844581494,11,0.5850315805044815
короче,CONJ,0.210261439006509,7,0.006876687312276945,7,0.20338475169423206
костей,NOUN,0.9833576083183283,6,0.14950578987190913,8,0.8338518184464192
кот,NOUN,0.9931037823359167,3,0.19714548207994048,20,0.7959583002559762
которую,ADJF,0.9386152029037471,1,0.7955272155148637,7,0.1430879873888834
которые,ADJF,0.9705321192741391,4,0.4822810143232344,3,0.4882511049509047
который,ADJF,0.892754733562469,1,0.6964480464600701,11,0.19630668710239896
которым,ADJF,0.9658846259117121,1,0.7800658464431761,5,0.18581877946853598
краем,NOUN,0.9993813037872311,3,0.6818796095244576,8,0.3175016942627735
край,NOUN,0.9184827056641758,13,0.6769893349347167,8,0.2414933707294591
крайней,ADJF,0.8953718304634091,5,0.013737485744059,1,0.8816343447193501
крайнем,ADJF,0.677957737445831,5,0.13220238016219737,5,0.5457553572836336
крайности,NOUN,0.3206578170259787,3,0.08076250419007223,11,0.23989531283590643
красивые,ADJF,0.8868631521860754,3,0.18027500625149387,22,0.7065881459345815
красного,ADJF,0.9096989333629606,2,0.5753474178990078,7,0.3343515154639528
красоты,NOUN,0.026927434315439005,3,0.37015039691826856,13,-0.3432229626028296
крат,NOUN,0.5202149649461107,3,0.555905255802477,13,-0.035690290856366214
краю,NOUN,0.49345712430658695,10,0.42144535033876257,10,0.07201177396782438
края,NOUN,0.9894469454884525,8,0.530130346263335,11,0.4593165992251175
краях,NOUN,0.526643262050735,3,0.06804639244607301,3,0.45859686960466195
крест,NOUN,0.569899023743346,3,0.4293214718190328,15,0.1405775519243132
крови,NOUN,0.5802588405398027,3,0.3876352638277842,12,0.19262357671201852
кровь,NOUN,0.6881805993616578,10,0.41838693859088855,14,0.2697936607707692
кровью,NOUN,0.8650058309237161,3,0.38316588070119867,12,0.4818399502225174
кроме,PREP,0.7688566396633781,24,0.1475467692362142,5,0.6213098704271639
крошки,NOUN,0.19442702462583777,8,0.3075636181047064,14,-0.11313659347886862
круг,NOUN,0.008598346981064334,3,0.44975866823241417,17,-0.44116032125134985
круга,NOUN,0.027930663118410744,4,0.2150084922031961,11,-0.18707782908478535
круге,NOUN,0.45192772150039606,1,0.19527421116945282,10,0.25665351033094325
круглый,ADJF,0.7774322827657061,3,0.041513020748323776,9,0.7359192620173823
круглым,ADJF,0.005481034477270168,3,0.17052799776138233,4,-0.16504696328411217
кругу,NOUN,0.4403715601989196,7,0.4588053202522649,7,-0.018433760053345294
кружок,NOUN,0.12878092637887037,3,0.12023923290620257,19,0.008541693472667797
крути,VERB,0.489621167381604,3,0.3495109137645785,13,0.1401102536170255
крылом,NOUN,0.16925803031578335,3,0.3114336857318197,11,-0.14217565541603633
крыльях,NOUN,0.288543531050284,3,0.4212801949237469,10,-0.1327366638734629
крышей,NOUN,0.9931116898854567,3,0.37002136921122003,12,0.6230903206742366
крыши,NOUN,0.9666437407334643,6,0.24116079857799316,16,0.7254829421554712
крышка,NOUN,0.05644087120890601,1,0.21032078472606847,14,-0.15387991351716246
кстати,CONJ,0.5408401447348292,8,0.14364957350373564,19,0.3971905712310936
кто,NPRO,0.8246003395294058,71,0.7993461526930329,21,0.025254186836372927
куда,CONJ,0.7366924886534084,71,0.4152251440987341,21,0.3214673445546743
курс,NOUN,0.9960731625556942,5,0.42591271680721493,10,0.5701604457484792
курсе,NOUN,0.8963288903236387,10,0.5362886298447844,20,0.3600402604788543
куча,NOUN,0.18393437564373,2,0.29436955404364346,18,-0.11043517839991346
кучи,NOUN,0.5200448337942358,5,0.01889640061482222,9,0.5011484331794136
кучу,NOUN,0.37583606441815665,3,0.25968126792397994,16,0.1161547964941767
лад,NOUN,0.01635209225544967,3,0.4500403078741828,9,-0.43368821561873316
ладно,ADJS,0.32977379335400914,15,0.1883214003513175,36,0.14145239300269163
ладони,NOUN,0.9704563617706293,5,0.11855914599304464,22,0.8518972157775847
лампочки,NOUN,0.7340081572532653,5,0.04659462956891079,15,0.6874135276843545
левой,ADJF,0.2488304082071402,6,0.32310078699498845,15,-0.07427037878784826
левую,ADJF,0.6076182425022121,3,0.3761434830763994,12,0.2314747594258127
легенде,NOUN,0.5168212503194806,2,0.41964773159997965,3,0.09717351871950092
легион,NOUN,0.0409539137035605,2,0.3285820400284133,10,-0.2876281263248528
легкий,ADJF,0.024581983685493,1,0.10499809752385501,15,-0.08041611383836202
легко,ADVB,0.7135630726814265,5,0.15784426271372115,15,0.5557188099677053
легкого,ADJF,0.501703925430774,2,0.20206741080134283,12,0.2996365146294312
легкой,ADJF,0.30918899178504905,1,0.4978964121805294,9,-0.18870742039548033
легком,ADJF,0.379502475261688,1,0.04802181750225434,3,0.3314806577594337
легче,COMP,0.7666039943695067,5,0.20477816450390143,24,0.5618258298656053
лежал,VERB,0.043327651917934,1,0.26326413013283934,23,-0.21993647821490533
лежала,VERB,0.6598092404504611,3,0.3942557592610161,21,0.265553481189445
лежали,VERB,0.349650420248508,4,0.2664931316667876,27,0.08315728858172039
лежало,VERB,0.0091859211679545,2,0.33641790063431126,24,-0.32723197946635674
лежат,VERB,0.5065259195864199,5,0.24294137520094664,18,0.2635845443854733
лежит,VERB,0.7512001295884444,3,0.4679773370153266,16,0.2832227925731178
лез,VERB,0.9928044676780701,1,0.08255297442277233,9,0.9102514932552978
лезет,VERB,0.9970782399177551,1,0.38402627179981935,19,0.6130519681179358
лень,NOUN,0.05508735901094026,4,0.28879960320645076,17,-0.2337122441955105
лес,NOUN,0.4376341617996027,3,0.23244898360451943,17,0.20518517819508325
леса,NOUN,0.46633422374725303,1,0.18363818953033195,12,0.2826960342169211
лесом,NOUN,0.09812390804290701,1,0.11965454318983935,11,-0.021530635146932348
лет,NOUN,0.8582963188075353,36,0.8264957796782251,16,0.031800539129310246
летела,VERB,0.29605459049344,2,0.11750509525223726,21,0.17854949524120275
лететь,INFN,0.554129242897033,1,0.0662362526579831,21,0.4878929902390499
летом,NOUN,0.904945313930511,3,0.18298161974234922,10,0.7219636941881618
лету,NOUN,0.22360235651431082,10,0.12160812525325977,8,0.10199423126105105
ли,CONJ,0.9197998987234938,139,0.6668835997448431,21,0.25291629897865064
ливень,NOUN,0.0289913609623904,5,0.058420873630893,8,-0.029429512668502602
линии,NOUN,0.7430085018277166,4,0.12754671322181785,6,0.6154617886058987
линию,NOUN,0.9962529738744097,3,0.08973123131727288,8,0.9065217425571368
лица,NOUN,0.7574815619736905,8,0.5244445137002247,11,0.23303704827346583
лицах,NOUN,0.2768658767648347,3,0.6135664549591531,18,-0.33670057819431837
лице,NOUN,0.8902316391468045,8,0.6128582818491846,16,0.2773733572976199
лицо,NOUN,0.6708588222973045,16,0.3766438829822132,17,0.29421493931509135
лицом,NOUN,0.8453334470589952,9,0.3651950882049272,8,0.48013835885406797
лицу,NOUN,0.9935381338000292,8,0.4338591516408243,17,0.559678982159205
лично,ADVB,0.014315266627818003,2,0.08829623137493209,13,-0.07398096474711409
личном,ADJF,0.5567529760301109,4,0.3161071030719371,11,0.24064587295817375
лишен,PRTS,0.673513740301132,2,0.31565397966053255,10,0.35785976064059943
лишнего,ADJF,0.6010904461145395,2,0.2017242828675076,20,0.39936616324703195
лишнее,ADJF,0.000187706769793,1,0.15347848137838876,17,-0.15329077460859578
лишние,ADJF,0.000178449816303,1,0.09152002356131513,24,-0.09134157374501213
лишний,ADJF,0.7493984103202821,1,0.0871351971865282,14,0.6622632131337539
лишним,ADJF,0.6746576339006419,10,0.01666467613540543,7,0.6579929577652365
лишних,ADJF,0.8477863371372217,6,0.10431130911063043,10,0.7434750280265913
лишь,PRCL,0.6450634423201939,30,0.1471471806988116,10,0.49791626162138225
лоб,NOUN,0.7159476172091669,16,0.18896620961762253,18,0.5269814075915443
локоть,NOUN,0.9747872948646541,3,0.22245354559988886,13,0.7523337492647653
лом,NOUN,0.3005390077829354,5,0.02289499582881529,23,0.27764401195412014
луны,NOUN,0.8138280749320981,5,0.23095821807774755,11,0.5828698568543506
лучше,COMP,0.455789857407343,46,0.4498817459767447,20,0.0059081114305983284
лучшего,ADJF,0.9989420374234514,3,0.14111754128599446,9,0.857824496137457
лучшем,ADJF,0.708803488872945,8,0.4609352905303236,5,0.24786819834262136
лучшему,ADJF,0.9972545703252154,3,0.8210104130159471,19,0.17624415730926823
лучших,ADJF,0.9817623297373448,3,0.3159155926098007,9,0.665846737127544
любезны,ADJS,0.2982028685510154,5,0.25671300059669444,24,0.04148986795432097
любое,ADJF,0.8518208265304564,3,0.4723477267793242,7,0.37947309975113225
любой,ADJF,0.908147596650653,18,0.26204392793588294,10,0.6461036687147701
любому,ADJF,0.2367458716034887,3,0.24560839994228395,14,-0.00886252833879525
людей,NOUN,0.4022586641034906,7,0.24050705185315224,12,0.16175161225033835
люди,NOUN,0.05232000304385967,3,0.27240786581891185,13,-0.22008786277505218
людях,NOUN,0.1687111517918912,6,0.26778902851316727,15,-0.09907787672127608
макар,NOUN,0.9988904356956481,5,0.021448242465945472,6,0.9774421932297026
максимум,PRCL,0.040985317900776,2,0.0915903928077606,11,-0.0506050749069846
мала,ADJS,2.384861424313082e-05,3,0.3096004491053458,16,-0.30957660049110264
малая,ADJF,0.9754176288843153,4,0.316424167438526,8,0.6589934614457893
маленькая,ADJF,0.9917757809162135,4,0.26474228170700326,15,0.7270334992092102
маленький,ADJF,0.462861310690641,4,0.16936644739773563,13,0.2934948632929054
мало,NUMR,0.48910639421805574,29,0.3913130726664344,16,0.09779332155162135
малого,NOUN,0.961946141719818,5,0.37408600565039585,9,0.5878601360694221
малой,ADJF,0.7940746347109471,3,0.143734063089747,6,0.6503405716212001
марки,NOUN,0.0056615129069535,2,0.28995574845810673,11,-0.28429423555115324
масса,NOUN,0.08640102073550181,5,0.2147835048869564,13,-0.1283824841514546
массе,NOUN,0.8484236458316442,8,0.3335254801280367,10,0.5148981657036076
массой,NOUN,0.6405286788940431,1,0.1258717175514898,5,0.5146569613425533
матери,NOUN,0.944803655147552,1,0.15093957341014128,12,0.7938640817374107
мать,NOUN,0.8953484296798706,2,0.24941583713322524,15,0.6459325925466454
махом,NOUN,0.48145901163418997,3,0.0009590922530989212,13,0.48049991938109105
мгновение,NOUN,0.7488944623000858,8,0.16064221032732848,16,0.5882522519727573
мгновенно,ADVB,0.002456182052992216,5,0.027420226378792704,15,-0.02496404432580049
мед,NOUN,4.2471678170841194e-05,1,0.11529479822207811,19,-0.11525232654390727
медом,NOUN,0.946644643942515,3,0.04854235526484701,6,0.8981022886776681
между,PREP,0.8432925270171834,8,0.9050206840038295,4,-0.06172815698664613
мелочи,NOUN,0.5494371708482501,3,0.09566751588570449,18,0.45376965496254557
мельком,ADVB,0.016239598405081202,5,0.09540755004036278,12,-0.07916795163528158
менее,ADVB,0.9887900298291982,11,0.8365233540534968,3,0.1522666757757014
меньше,COMP,0.5365241039544341,7,0.2878932033906619,14,0.24863090056377218
меньшей,ADJF,0.3380553877602017,6,0.3274156465195115,4,0.010639741240690226
меня,NPRO,0.8072257240613298,12,0.35276901905308433,25,0.4544567050082454
мере,NOUN,0.9135842068893149,41,0.22093275686105066,3,0.6926514500282642
меру,NOUN,0.1601044830866152,5,0.3245894991507892,16,-0.164485016064174
меры,NOUN,0.5640840757987458,8,0.43485681101446927,8,0.12922726478427649
места,NOUN,0.9956750497221942,16,0.4542857821641236,13,0.5413892675580707
месте,NOUN,0.9824889848629631,24,0.7251219536576949,7,0.25736703120526816
место,NOUN,0.7672300264239307,8,0.6334846730343994,10,0.1337453533895313
месту,NOUN,0.996979117393493,2,0.6068458482623095,5,0.3901332691311835
мечтать,INFN,0.9021828770637511,1,0.3201263921035072,14,0.5820564849602439
мешает,VERB,0.6473451840380824,6,0.27106839156104756,25,0.3762767924770348
мешало,VERB,0.543664716184139,4,0.32512331389158955,23,0.21854140229254948
мешка,NOUN,0.329441398382186,1,0.29408166803080876,11,0.03535973035137724
мешком,NOUN,0.6590227484703061,1,0.18400637631585945,14,0.4750163721544466
мешок,NOUN,0.19483759440481602,2,0.1311060871055812,10,0.06373150729923482
миг,NOUN,0.14588503407301434,9,0.089245346175225,16,0.05663968789778934
мил,NOUN,0.7618123690287271,3,0.2654393957212046,20,0.49637297330752245
миллион,NOUN,0.0666950156795788,5,0.09954205179911887,16,-0.03284703611954007
милости,NOUN,0.35602002787507203,9,0.1236033641467651,10,0.23241666372830694
милость,NOUN,0.6167770535219457,10,0.27596558088063994,9,0.34081147264130573
мимо,PREP,0.9733578443527217,5,0.6843514214509492,17,0.2890064229017725
минимум,NOUN,0.41421366821409034,7,0.14558848856917628,7,0.26862517964491406
минус,CONJ,0.11493031456279787,8,0.37108615731590827,18,-0.25615584275311043
минут,NOUN,0.9868414402008053,12,0.5521634932633278,18,0.4346779469374775
минуте,NOUN,0.6299532055854791,1,0.4655927735555447,10,0.1643604320299344
минутку,NOUN,0.456164568662643,3,0.05721384424662624,29,0.39895072441601676
минуту,NOUN,0.4647829217984423,11,0.34946972854873665,17,0.11531319324970563
минуты,NOUN,0.9964600205421444,3,0.35591428659245106,16,0.6405457339496934
мира,NOUN,0.9987716476122533,3,0.41398950552360825,9,0.5847821420886451
мире,NOUN,0.551482617855072,1,0.565503738143227,11,-0.014021120288154942
миром,NOUN,0.44974161329446327,5,0.37784927923348693,9,0.07189233406097634
мне,NPRO,0.897812312096357,30,0.6281114489059234,17,0.2697008631904336
мнению,NOUN,0.7505577206611628,3,0.6090170741081234,3,0.14154064655303933
мнения,NOUN,0.999799609184265,1,0.5538463431876147,8,0.4459532659966503
многих,ADJF,0.0144940799102182,5,0.046825476922094204,5,-0.032331397011876005
много,ADVB,0.6182494144886728,16,0.527985774853732,21,0.09026363963494077
многом,NPRO,0.8944806694984431,5,0.35345125892915,12,0.541029410569293
множество,NOUN,0.9625062823295589,5,0.09695941368117891,10,0.86554686864838
мог,VERB,0.9270021820068357,25,0.7239920425300412,13,0.20301013947679447
могилы,NOUN,0.102082602679729,1,0.042576294902986825,11,0.05950630777674218
могла,VERB,0.9577178955078121,3,0.6629581740126007,9,0.29475972149521135
могли,VERB,0.9489525556564331,1,0.7072962022696928,9,0.2416563533867403
могло,VERB,0.9949264377355573,4,0.8282351585893101,13,0.16669127914624726
могу,VERB,0.3990322599420318,12,0.5295104303264189,14,-0.13047817038438708
могут,VERB,0.982598483562469,1,0.6957839592359957,8,0.28681452432647336
моде,NOUN,0.45757728070020603,2,0.29464243427500997,15,0.16293484642519607
моду,NOUN,0.3501270655542607,3,0.2391760309988054,16,0.1109510345554553
мое,ADJF,0.9835990667343139,3,0.45108946189672333,24,0.5325096048375906
можем,VERB,0.8209707736968991,1,0.4576812109776901,14,0.363289562719209
может,VERB,0.8848262683321264,39,0.28782991746362885,15,0.5969963508684976
можешь,VERB,0.9976007938385011,1,0.45360203510150254,25,0.5439987587369985
можно,PRED,0.6720066049780979,52,0.5999391217095151,18,0.07206748326858281
мозга,NOUN,0.9982609748840328,3,0.5165648428257551,10,0.48169613205827766
мои,ADJF,0.9164198517799373,5,0.3769931531225863,18,0.539426698657351
мой,ADJF,0.9515100518862404,3,0.3495176406926473,20,0.601992411193593
молодости,NOUN,0.9871250987052911,1,0.07549320032764525,13,0.9116318983776458
момент,NOUN,0.839175449684262,20,0.42528549377591507,13,0.413889955908347
море,NOUN,0.10782986570848102,4,0.25007460729684633,10,-0.1422447415883653
морем,NOUN,0.1406250853557134,5,0.19605702723280624,12,-0.055431941877092855
моря,NOUN,0.9601698219776151,2,0.2060209577763225,13,0.7541488642012926
моя,ADJF,0.9717312455177304,5,0.3415129688458841,17,0.6302182766718463
мы,NPRO,0.9665606915950773,4,0.42438118989058893,17,0.5421795017044884
мысли,NOUN,0.988938152790069,3,0.22560408093656073,15,0.7633340718535083
мысль,NOUN,0.055980241438373615,5,0.30935358837014015,15,-0.25337334693176655
мыслях,NOUN,0.9876278787851328,4,0.03397594940906813,8,0.9536519293760647
мягко,ADVB,0.6836202919483183,5,0.11367119910921901,15,0.5699490928390993
на,PREP,0.9442999765115907,1397,0.8763749906793233,16,0.06792498583226736
навеки,ADVB,0.170437933695211,4,0.02873969073607399,12,0.14169824295913702
наверное,CONJ,0.24051574543118442,5,0.12341018779099765,27,0.11710555764018678
наверняка,ADVB,0.0733179543050932,10,0.0797520230857609,11,-0.006434068780667698
навсегда,ADVB,0.9995306849479672,5,0.22162572905403924,16,0.7779049558939279
навстречу,ADVB,0.4015816193073983,5,0.5349741309133198,18,-0.13339251160592153
награду,NOUN,0.35106500498950444,5,0.2606578175164028,14,0.09040718747310161
над,PREP,0.9816685517628985,6,0.7777269968064499,11,0.2039415549564486
надежде,NOUN,0.9384500980377192,8,0.5131169891295331,6,0.4253331089081861
надеяться,INFN,0.4096904247999187,3,0.4910679322751493,18,-0.08137750747523059
надлежало,VERB,0.095761328935623,1,0.014865916753758333,13,0.08089541218186466
надлежит,VERB,0.01441748336947014,4,0.002675688923173331,11,0.011741794446296808
надо,PRED,0.6441929614386303,52,0.33209482515831584,31,0.3120981362803144
надобности,NOUN,0.277579467122753,6,0.148718312070741,8,0.128861155052012
надоело,VERB,0.4252426266670223,5,0.24840849294148892,25,0.17683413372553336
назад,ADVB,0.6957512684787309,15,0.9395293742418286,8,-0.24377810576309766
назвали,VERB,0.7739535868167872,3,0.28489661364389224,15,0.4890569731728949
названием,NOUN,0.99771503607432,3,0.8292696305683679,7,0.1684454055059521
назвать,INFN,0.9059084057807921,1,0.5944043406595783,15,0.31150406512121387
назло,ADVB,0.05983081421982169,8,0.16537625742080286,12,-0.10554544320098116
называемый,PRTF,0.9754720330238341,3,0.10364588223334648,3,0.8718261507904876
называется,VERB,0.2926355489995328,10,0.303890479507875,24,-0.011254930508342198
называют,VERB,0.7544179558753961,1,0.4026461258530613,10,0.35177183002233475
наиболее,ADVB,0.037565703769879284,7,0.29196919097254637,6,-0.2544034872026671
наизнанку,ADVB,0.5933986067771908,5,0.6714310701266359,9,-0.07803246334944514
найдешь,VERB,0.967742383480072,1,0.2605893231469353,24,0.7071530603331367
наказание,NOUN,0.5401032343506809,4,0.3313493446498792,16,0.20875388970080166
наконец,ADVB,0.3854450602084394,8,0.06197770503984775,19,0.32346735516859165
налево,ADVB,0.9997785687446591,1,0.43499089503893595,16,0.5647876737057231
наличии,NOUN,0.23625788872595802,4,0.6966725945472715,5,-0.4604147058213135
намерения,NOUN,0.269499679251263,3,0.10783881515674518,7,0.16166086409451783
намного,ADVB,0.17998301858703233,6,0.16019468146065827,15,0.019788337126374067
наподобие,PREP,0.05828050523996301,4,0.03957814052637307,8,0.018702364713589943
напоминает,VERB,0.7191133946180341,2,0.3639502927819392,18,0.35516310183609495
направо,ADVB,0.994361877441406,1,0.6112231668482002,12,0.3831387105932058
напрасно,ADVB,0.04990603153904266,3,0.06476587606368817,16,-0.014859844524645505
например,CONJ,0.793680608272552,4,0.1400716873883663,7,0.6536089208841858
нарочно,ADVB,0.004882345325313,5,0.028697838443690272,24,-0.023815493118377273
нарушение,NOUN,0.5906004443764682,5,0.6106261301320042,13,-0.020025685755535982
нас,NPRO,0.9627850055694576,4,0.3440713613693199,14,0.6187136442001377
насколько,ADVB,0.6814666793992118,12,0.45850725556495775,9,0.22295942383425404
настолько,ADVB,0.6549199670553202,5,0.6122185923159118,4,0.04270137473940838
настоящий,ADJF,0.020798851735889502,2,0.1691573060234074,8,-0.1483584542875179
насчет,PREP,0.6749047370951456,23,0.24928581006348674,22,0.42561892703165893
натуре,NOUN,0.10037535557057668,3,0.22508284302549889,12,-0.1247074874549222
находилась,VERB,0.3471835702657697,3,0.17530073783183775,11,0.17188283243393193
находились,VERB,0.9413268566131591,1,0.358036689460277,10,0.5832901671528821
находится,VERB,0.43320593237876803,1,0.187409254825777,9,0.24579667755299103
начала,NOUN,0.5769064947962758,3,0.46252716088201806,8,0.1143793339142577
начали,VERB,0.676850765943527,2,0.3947354821139012,16,0.2821152838296258
начинал,VERB,0.06911494444648202,4,0.18860538604450527,13,-0.11949044159802326
начинала,VERB,0.0007401651819230001,1,0.3250873956208425,15,-0.3243472304389195
начнет,VERB,0.6938708424568171,1,0.2316597855339443,9,0.4622110569228728
начнут,VERB,0.6203290820121761,1,0.34772526919186875,16,0.2726038128203073
наше,ADJF,0.47608702480792964,5,0.3849711612296788,13,0.09111586357825086
нашел,VERB,0.26709544239565675,4,0.4307720380718815,10,-0.16367659567622478
наши,ADJF,0.8264945954084393,5,0.3341987126817304,9,0.4922958827267089
нашло,VERB,0.982425963878631,5,0.47328026883587837,12,0.5091456950427526
не,PRCL,0.9224172513035103,1849,0.8629273501309477,11,0.05948990117256259
небо,NOUN,0.9486169616381325,3,0.5183013081548169,15,0.4303156534833156
небольшим,ADJF,0.218814191408455,3,0.1432719869189892,5,0.0755422044894658
небом,NOUN,0.9947965741157531,3,0.4423416398240075,6,0.5524549342917455
небось,PRCL,0.0543897213938175,4,0.011375899147950438,19,0.04301382224586706
неведении,NOUN,0.9432884852091467,3,0.28890452372979736,8,0.6543839614793493
невесть,PRCL,0.02145785931497775,4,0.19499949494299126,15,-0.1735416356280135
невзирая,PREP,0.0292959468206385,4,0.007896699734070334,3,0.021399247086568166
негде,PRED,0.7167056032456451,10,0.3468529783523355,23,0.36985262489330967
недавно,ADVB,0.07231354935502121,5,0.31758347083814387,8,-0.24526992148312265
неделя,NOUN,0.9526442289352414,5,0.31915464247576864,20,0.6334895864594727
недостаточно,ADVB,0.0459761261707168,5,0.362331078865712,19,-0.3163549526949952
нежели,CONJ,0.016513299196958,3,0.11773808766156378,9,-0.10122478846460578
независимо,ADVB,0.9660257597764329,6,0.017549499992279605,6,0.9484762597841533
незаметно,ADVB,0.08075957030632688,4,0.18420338561016963,17,-0.10344381530384275
незачем,PRED,0.04355185693129861,5,0.1522572769148712,17,-0.1087054199835726
некогда,ADVB,0.21489729000022603,5,0.24055934881773364,7,-0.025662058817507605
некого,ADJF,0.456524211354553,5,0.30341593822508656,21,0.15310827312946645
некому,NPRO,0.3556188555434342,5,0.31449540375760954,20,0.04112345178582466
некотором,ADJF,0.20715682208538003,4,0.4037528062860167,18,-0.19659598420063665
некоторых,ADJF,0.004550324714121334,3,0.3237007383949168,9,-0.3191504136807955
некуда,PRED,0.822390288924393,23,0.6760123482062699,21,0.14637794071812316
неладное,ADJF,0.49779836460947957,2,0.516162289657846,14,-0.01836392504836648
нельзя,PRED,0.5190416836312834,35,0.4289642155729229,25,0.09007746805836053
немного,ADVB,0.31099281939012613,7,0.2061266065225932,20,0.10486621286753292
немножко,ADVB,0.004279769879455,3,0.018707629132748867,19,-0.014427859253293866
ненадолго,ADVB,0.0069855629359753335,3,0.15582305457852835,18,-0.14883749164255303
необходима,ADJS,0.920104086399078,1,0.15567908890927762,20,0.7644249974898004
необходимо,PRED,0.0342599121853704,5,0.21447661842426458,9,-0.1802167062388942
необходимости,NOUN,0.5268915494283034,3,0.37460277415811977,4,0.15228877527018364
необыкновенно,ADVB,0.001000545899842013,2,0.0025339811771418652,12,-0.0015334352772998522
неожиданно,ADVB,0.0006943778134880001,1,0.13995278714523005,18,-0.13925840933174205
неподалеку,ADVB,0.27836105227470404,1,0.07888716358441596,12,0.1994738886902881
нерешительности,NOUN,0.20925405099987943,5,0.0004976663385602133,2,0.2087563846613192
несет,VERB,0.39020493626594505,1,0.5117375255490924,11,-0.12153258928314731
несло,VERB,0.1679627969861027,3,0.24556111752463008,23,-0.07759832053852739
несмотря,PREP,0.9713308877415123,9,0.7919078957289455,5,0.17942299201256684
нести,INFN,0.5388224124908441,1,0.18988812242168893,10,0.3489342900691551
несут,VERB,0.6245952621102325,4,0.2874014950042082,12,0.33719376710602433
несчастью,NOUN,0.0074153385328824,5,0.20500913552677935,4,-0.19759379699389695
нет,PRED,0.7294459640349081,122,0.5949897714620236,29,0.13445619257288455
нету,PRED,0.012688451446592001,1,0.04352443127848712,29,-0.030835979831895115
неужели,PRCL,0.016530609767262668,3,0.14287081016201086,33,-0.1263402003947482
неужто,INTJ,0.004442392848432001,1,0.12521237134933402,1,-0.12076997850090203
нечего,NPRO,0.6938669198192653,30,0.5829564054107492,21,0.11091051440851607
ни,PRCL,0.847202037913181,420,0.7601351588964456,4,0.08706687901673549
нигде,ADVB,0.3533448432222934,5,0.14374047305856608,12,0.20960437016372735
ниже,PREP,0.8391032900129042,7,0.3165788659599553,9,0.5225244240529489
никак,ADVB,0.3914420303184301,25,0.09506626656657267,5,0.2963757637518574
никакая,ADJF,0.8165437877178185,2,0.036243766931874886,5,0.7803000207859436
никаким,ADJF,0.8566791017850234,3,0.1803475684444286,9,0.6763315333405948
никаких,ADJF,0.7463784292340274,6,0.7171834217650546,14,0.029195007468972856
никакого,ADJF,0.17960550119945137,3,0.6965655786916607,19,-0.5169600774922093
никакой,ADJF,0.33464733740159547,6,0.5311644460049133,20,-0.19651710860331784
никогда,ADVB,0.5145982185547997,11,0.9975369572639461,1,-0.4829387387091464
никто,NPRO,0.8199826862130842,7,0.7359778987509858,14,0.08400478746209838
никуда,ADVB,0.6050093770027156,2,0.49136683349497556,15,0.11364254350774006
ним,NPRO,0.962407112121582,1,0.36863346849209955,13,0.5937736436294825
нисколько,ADVB,0.0198472440009931,10,9.338118557021843e-05,5,0.019753862815422882
ничего,ADVB,0.5831983737772329,82,0.5263807417722997,8,0.05681763200493328
ничем,NPRO,0.05533268640283441,5,0.45007891207933404,2,-0.39474622567649964
ничто,NPRO,0.010849807411432,1,0.147039665474551,8,-0.136189858063119
но,CONJ,0.7159642893640158,103,0.26629818695470314,22,0.44966610240931265
новой,ADJF,0.06323723339786068,3,0.16796045686351102,8,-0.10472322346565034
новом,ADJF,0.874327659606933,1,0.30782308251319296,14,0.56650457709374
новость,NOUN,0.722094774246215,1,0.1567420424223444,22,0.5653527318238707
новостью,NOUN,0.16842821240425102,1,0.14663969727348525,16,0.021788515130765768
ног,NOUN,0.8397652432322497,21,0.582320018988949,11,0.25744522424330063
нога,NOUN,0.9994029204050697,3,0.18529536232041768,15,0.8141075580846521
ногам,NOUN,0.9741495490074152,5,0.21140678716862227,12,0.762742761838793
ногами,NOUN,0.8506735697388645,10,0.30721132335020185,10,0.5434622463886627
ноге,NOUN,0.9900943636894223,3,0.44688955359160853,10,0.5432048100978137
ноги,NOUN,0.6972400322750518,12,0.379501682769235,15,0.3177383495058168
ногой,NOUN,0.5316257509257408,7,0.1854212384479292,16,0.3462045124778116
ногтей,NOUN,0.4171392129734152,5,0.6822843562279424,7,-0.26514514325452715
ногу,NOUN,0.9092266023159021,10,0.24317048369557556,20,0.6660561186203265
ноль,NOUN,0.36309804394841155,2,0.24257261175574926,25,0.12052543219266229
норме,NOUN,0.3157958978088568,10,0.11281726850817551,6,0.20297862930068128
нос,NOUN,0.6723618415089728,16,0.4422445269665327,16,0.2301173145424401
носа,NOUN,0.5890943268314001,6,0.43429078590901626,14,0.1548035409223838
носил,VERB,0.9426129460334771,1,0.3751276919945662,10,0.5674852540389109
носила,VERB,0.704924166202545,1,0.39663663712498265,18,0.3082875290775624
носит,VERB,0.5429250746965403,4,0.5070100799452376,14,0.035914994751302665
носом,NOUN,0.7934407393137611,12,0.4177134454743385,17,0.37572729383942266
носу,NOUN,0.8241457740465796,9,0.41759863780125145,19,0.4065471362453282
носят,VERB,0.7322470545768736,2,0.46447089648739,14,0.2677761580894836
ночевать,INFN,0.964473664760589,1,0.07828478206748465,25,0.8861888826931044
ночи,NOUN,0.6094842672348019,5,0.5726422242016544,13,0.03684204303314742
ночь,NOUN,0.67618381160383,13,0.3311991244631104,19,0.3449846871407196
ну,PRCL,0.6557737712918564,95,0.25913415792331584,35,0.3966396133685406
нужен,ADJS,0.7145193261759618,7,0.42669445186620525,20,0.28782487430975656
нужна,ADJS,0.031761862337589,1,0.4133492653854769,20,-0.3815874030478879
нужно,PRED,0.33221828565001427,15,0.20354094993501076,17,0.1286773357150035
нужны,ADJS,0.8636037707328791,1,0.5084352134252086,19,0.3551685573076705
нуля,NOUN,0.6868800336029379,5,0.24720411527487693,15,0.43967591832806097
о,PREP,0.9281003370711746,110,0.5086070693408445,6,0.41949326773033
об,PREP,0.9978351116180416,10,0.9290399446206931,17,0.06879516699734856
оба,NUMR,0.9130952755610143,3,0.15973842362977814,20,0.7533568519312361
обе,NUMR,0.990632037321726,3,0.19691288981606053,15,0.7937191475056655
обед,NOUN,0.9731183250745138,3,0.10802393677325453,18,0.8650943883012593
обеими,NUMR,0.13733425736427302,1,0.4864453938272261,9,-0.3491111364629531
обернулась,VERB,0.200445205982153,3,0.05441112665773003,26,0.14603407932442297
обернулся,VERB,0.029786307364702003,1,0.03837086916332158,24,-0.008584561798619578
обидел,VERB,0.8989326655864711,2,0.16365428114721117,22,0.73527838443926
обидно,ADVB,0.41115249041467866,3,0.11179925175383638,21,0.2993532386608423
области,NOUN,0.7873591482639306,2,0.6510569453239438,4,0.13630220293998685
обойдется,VERB,0.9969122409820551,1,0.2021352036014524,24,0.7947770373806027
обойтись,INFN,0.9940250515937801,1,0.4312518495280524,24,0.5627732020657277
обошла,VERB,0.9331039786338801,1,0.2983823965344825,12,0.6347215820993976
образе,NOUN,0.113858110271394,5,0.6293844257791834,3,-0.5155263155077894
образом,NOUN,0.8918101239204403,25,0.8577537089586252,12,0.03405641496181511
образу,NOUN,0.9986834724744154,3,0.2808779854870707,6,0.7178054869873447
образцу,NOUN,0.3611598640680308,5,0.0268384105293075,2,0.3343214535387233
обратно,ADVB,0.979943811893463,1,0.23474380951374713,10,0.7452000023797158
обращает,VERB,0.9168361425399776,2,0.7170184366405006,9,0.199817705899477
обращал,VERB,0.242631748318672,1,0.6345675620832475,12,-0.3919358137645755
обрез,NOUN,0.6258422650474432,6,0.0009349941332258462,13,0.6249072709142174
обстановке,NOUN,0.26063911020755726,5,0.066031924448907,3,0.19460718575865027
обход,NOUN,0.086056959815323,3,0.10011051194535366,10,-0.01405355213003065
общей,ADJF,0.40710425330325906,4,0.37106004552980315,9,0.036044207773455905
общими,ADJF,0.6511957248051957,3,0.3224661854120699,7,0.3287295393931258
общих,ADJF,0.5258080959320067,3,0.42670303406193827,10,0.09910506187006846
объемом,NOUN,0.147158263251185,4,0.2544543853728097,6,-0.10729612212162468
обыкновению,NOUN,0.4954720443735517,6,0.15811834088526602,2,0.33735370348828564
обычаю,NOUN,0.139021068733806,3,0.001562598859891,1,0.13745846987391502
обычно,ADVB,0.071865918114781,3,0.04994042040540459,17,0.021925497709376414
обычным,ADJF,0.17694945881764035,3,0.1835280125451385,16,-0.00657855372749816
огне,NOUN,0.008841319487449218,3,0.3497046692355067,9,-0.3408633497480575
огнем,NOUN,0.6184289125459532,7,0.2606017537909788,14,0.35782715875497445
огня,NOUN,0.7923123141129808,3,0.22240872739348508,12,0.5699035867194957
огонь,NOUN,0.011124790109368659,5,0.09895269972780173,11,-0.08782790961843306
один,ADJF,0.7883055234012092,74,0.5596696991069616,20,0.22863582429424756
одинаково,ADVB,0.26212834122707085,5,0.27041131516770345,11,-0.008282973940632599
одна,ADJF,0.6926309209015655,17,0.5782602589920552,19,0.11437066190951028
однажды,ADVB,0.2539653634652491,10,0.19061374366653785,11,0.06335161979871126
одни,ADJF,0.5996435690671202,10,0.612192172557115,8,-0.012548603489994758
одним,ADJF,0.8698865506052968,25,0.6521769593977789,11,0.21770959120751798
одних,ADJF,0.43271791934967,1,0.42947207146062244,8,0.0032458478890475817
одно,ADJF,0.7862537219466283,42,0.5621966093778604,15,0.22405711256876792
одновременно,ADVB,0.54041987657547,1,0.09159600049072901,6,0.44882387608474095
одного,ADJF,0.7538207061588761,8,0.4070036051794882,5,0.3468171009793879
одной,ADJF,0.8378365896642204,16,0.5188468232965809,13,0.3189897663676394
одном,ADJF,0.9166243016719815,10,0.694803735742775,13,0.22182056592920651
одному,ADJF,0.5946122192674207,9,0.612455137360554,13,-0.01784291809313332
одну,ADJF,0.4642456405330444,5,0.7012782626283852,13,-0.23703262209534082
ожидал,VERB,0.9582608938217161,2,0.29668146651965766,24,0.6615794273020584
ожидали,VERB,0.644980490207672,1,0.15519663858936963,21,0.4897838516183024
ожидания,NOUN,0.7503894567489621,5,0.332332390154161,11,0.4180570665948011
ой,INTJ,0.08691421151161101,1,0.25655983255203435,31,-0.16964562104042336
ока,NOUN,0.9978635311126706,5,0.7206557220003255,9,0.2772078091123451
оказалась,VERB,0.115789175033569,1,0.2252958797875177,20,-0.10950670475394869
оказались,VERB,0.032658532261848006,1,0.2048779309599703,17,-0.1722193986981223
оказался,VERB,0.13393899255121736,3,0.21724954853282044,26,-0.08331055598160308
оказаться,INFN,0.5532166510820385,2,0.275478147768548,7,0.27773850331349054
океан,NOUN,0.026719322428107,1,0.15383142665890137,12,-0.12711210423079436
океане,NOUN,0.015390499494969002,1,0.43963364557254964,14,-0.4242431460775806
океаном,NOUN,0.0088760243961585,2,0.051959057079511206,15,-0.04308303268335271
окном,NOUN,0.4174436293542383,4,0.6402531159110363,18,-0.222809486556798
около,PREP,0.7034239694476124,8,0.4405642894229716,7,0.26285968002464083
окончательно,ADVB,0.018707892869133203,5,0.20029995524055227,16,-0.18159206237141906
окружении,NOUN,0.3830759812612081,10,0.035610789510731336,3,0.3474651917504768
он,NPRO,0.997584998607635,1,0.3041356993331146,11,0.6934492992745205
оно,NPRO,0.8527057506144041,14,0.2557185013865815,19,0.5969872492278226
оперы,NOUN,0.21990890055894832,3,0.3421263001930326,9,-0.12221739963408426
опор,NOUN,0.690917432308197,1,0.27469018206447354,11,0.4162272502437235
опять,ADVB,0.510245501995086,1,0.05979223181650233,26,0.45045327017858366
основании,NOUN,0.8094985902309414,10,0.218609996140003,2,0.5908885940909384
оснований,NOUN,0.5562024619430299,8,0.43055308198513936,11,0.12564937995789055
основе,NOUN,0.6730719625949856,5,0.40683027411190137,3,0.2662416884830842
особенно,ADVB,0.15665811064536625,4,0.19856502491359854,15,-0.04190691426823229
особенности,NOUN,0.33182577230036225,4,0.06120218980649901,10,0.27062358249386326
особого,ADJF,0.934358686208725,2,0.351339067332446,8,0.583019618876279
особое,ADJF,0.15892191231250702,1,0.19854179414158465,11,-0.039619881829077636
особой,ADJF,0.49905383586883506,2,0.14632570981848364,8,0.3527281260503514
особых,ADJF,0.774358391761779,1,0.13411342986749764,17,0.6402449618942814
оставалось,VERB,0.9722165664037067,3,0.39865225851535746,20,0.5735643078883492
оставил,VERB,0.9028204480806984,3,0.30453442264762143,9,0.598286025433077
оставила,VERB,0.9901535511016841,1,0.0971543561123928,9,0.8929991949892914
оставили,VERB,0.769591331481933,1,0.3304962116688124,18,0.43909511981312066
оставим,VERB,0.99915599822998,1,0.3105312021145636,18,0.6886247961154164
оставить,INFN,0.6420590359096724,3,0.6766540195260724,7,-0.03459498361640001
оставляет,VERB,0.9859257340431211,2,0.2476906358904666,5,0.7382350981526545
оставлял,VERB,0.9104166030883785,2,0.16025240551401368,15,0.7501641975743648
оставь,VERB,0.9966582953929901,2,0.24744350570849427,17,0.7492147896844958
оставьте,VERB,0.9348008036613461,1,0.5052958068861492,18,0.42950499677519693
остается,VERB,0.9160610437393186,2,0.38980173525799555,14,0.5262593084813231
осталось,VERB,0.044180653989315005,1,0.3225327127663853,18,-0.27835205877707025
остальных,ADJF,0.27839622348546944,5,0.16404419046739302,8,0.11435203301807642
остатка,NOUN,0.39309455603361065,5,0.029628588319610162,2,0.36346596771400047
острого,ADJF,0.7054645419120781,1,0.10665883345063727,11,0.5988057084614408
острое,ADJF,0.41103914380073503,1,0.05258946935917778,9,0.35844967444155723
острой,ADJF,0.022165730595588,1,0.027495161447274572,7,-0.0053294308516865715
острый,ADJF,0.294465281069278,2,0.09292978949633786,6,0.20153549157294015
от,PREP,0.9425383344371056,306,0.8916877557833985,12,0.05085057865370701
ответ,NOUN,0.4682196204860997,3,0.3232829458235448,24,0.14493667466255494
отвечает,VERB,0.344218879938125,1,0.4825485680679165,12,-0.13832968812979152
отвечают,VERB,0.31307759881019503,1,0.20028029807256656,13,0.11279730073762848
отдалении,NOUN,0.01569166433910107,3,0.003872221812161626,10,0.011819442526939445
отдали,VERB,0.14690480676169135,3,0.14788616623818113,21,-0.0009813594764897793
отдать,INFN,0.214999578893184,2,0.44255262055876254,20,-0.22755304166557855
отдельности,NOUN,0.7793590476115542,6,0.2447288837640825,4,0.5346301638474716
откладывать,INFN,0.583155194918314,3,0.2121035013205978,20,0.3710516935977162
открыв,GRND,0.4916479239861167,3,0.0631697634235015,2,0.4284781605626152
открытой,ADJF,0.27801781892776434,3,0.6156767389991061,11,-0.3376589200713418
открытую,ADJF,0.052743545422951,3,0.45554655836895064,12,-0.40280301294599963
открытым,ADJF,0.7253600840385139,13,0.496058802438589,15,0.2293012815999249
откуда,ADVB,0.8794403906911608,15,0.6368145833793357,22,0.24262580731182504
откуп,NOUN,0.9557877063751217,5,0.20164768616490902,10,0.7541400202102126
отличается,VERB,0.849042534828186,1,0.6677827292254989,14,0.18125980560268717
отличалась,VERB,0.9331702589988701,2,0.7922337266306078,12,0.1409365323682623
отличался,VERB,0.9084620475769041,1,0.6347046440297902,11,0.27375740354711386
отличаются,VERB,0.928119421005249,1,0.806500890425273,7,0.12161853057997607
отличие,NOUN,0.9990550398826598,5,0.22076406772248403,4,0.7782909721601757
отлично,ADVB,8.749972766963766e-05,1,0.05897200257273452,18,-0.058884502845064884
относилось,VERB,0.745767891407012,1,0.5599419466763109,15,0.18582594473070113
относился,VERB,0.755903601646423,1,0.6899926992706379,13,0.06591090237578512
относятся,VERB,0.7638959884643551,3,0.7949391826987263,8,-0.031043194234371185
отношении,NOUN,0.30381012702959387,7,0.49881484381330654,2,-0.19500471678371267
отношениях,NOUN,0.7757697984576221,5,0.5151923886603773,9,0.26057740979724475
отныне,ADVB,0.28932771760966164,7,0.012961112894117001,1,0.27636660471554464
отнять,INFN,0.4300849534571166,5,0.206080459388301,14,0.22400449406881562
оторвать,INFN,0.6025625367959337,3,0.3898894531063402,17,0.21267308368959353
отошел,VERB,0.078463062644004,1,0.13542771147267915,23,-0.05696464882867515
отошла,VERB,0.022453980520367,1,0.2508227496062111,18,-0.22836876908584408
отсутствие,NOUN,0.5043585866689678,5,0.2670756051084024,8,0.23728298156056543
отсутствием,NOUN,0.999957561492919,1,0.5993483847206721,7,0.40060917677224694
отсутствует,VERB,0.019492575898766,1,0.14891669706363808,15,-0.1294241211648721
отсюда,ADVB,0.5233364602816952,7,0.21941658844525555,16,0.30391987183643965
оттуда,ADVB,0.919041216373443,1,0.2529600976030658,13,0.6660811187703772
отчего,ADJF,0.080290736071765,5,0.06314279150683384,6,0.017147944564931156
отъезде,NOUN,0.020583476716031335,3,0.05635737952070431,14,-0.03577390280467298
ох,INTJ,0.7471213723931989,7,0.09261282638908554,36,0.6545085460041133
охапку,NOUN,0.2717188834212715,7,0.11903536325007692,8,0.15268352017119458
охота,NOUN,0.042340178896362,3,0.09423062495388836,20,-0.05189044605752636
охотой,NOUN,0.002229207864729,3,0.43693483947168255,9,-0.4347056316069535
очевидно,ADJS,0.013827476650476001,2,0.1389529101698739,11,-0.1251254335193979
очень,ADVB,0.45771812341896956,31,0.3807158513343889,20,0.07700227208458066
очереди,NOUN,0.41833245410474307,17,0.5617577813547816,13,-0.14342532725003854
очередь,NOUN,0.9469140355403602,13,0.11322264636207018,6,0.8336913891782901
очистки,NOUN,0.9664465983708698,3,0.2831164811650519,8,0.6833301172058179
очков,NOUN,0.779318471749623,3,0.38403009020245565,15,0.39528838154716733
ошибки,NOUN,0.10716047021196551,4,0.2514610479200196,10,-0.1443005777080541
ошибку,NOUN,0.9457823485136028,4,0.47925349750689067,14,0.4665288510067121
п,NOUN,0.071999937295913,1,0.3158848815051333,13,-0.24388494420922027
падает,VERB,0.663596093654632,1,0.26013143353206486,11,0.40346466012256715
палец,NOUN,0.99919718503952,2,0.3206915156486881,19,0.678505669390832
палки,NOUN,0.8360154628753658,3,0.020109865475071733,17,0.815905597400294
пальцам,NOUN,0.713639448888508,7,0.1544262162467925,10,0.5592132326417155
пальцах,NOUN,0.6374597549438471,1,0.27078106275361485,14,0.36667869219023225
пальцев,NOUN,0.9787842631340021,1,0.674872142320964,16,0.3039121208130381
пальцем,NOUN,0.5236892867833373,4,0.5038970975562249,17,0.019792189227112345
памяти,NOUN,0.4506270839319765,13,0.5309691202326737,11,-0.08034203630069725
память,NOUN,0.7838550545275208,6,0.214761997090378,15,0.5690930574371428
пар,NOUN,0.306335498206317,5,0.14250615475733214,12,0.16382934344898487
пара,NOUN,0.9940335452556606,2,0.14185229908328703,12,0.8521812461723736
параллельно,ADVB,0.15702571276165114,6,0.09542211352284811,6,0.06160359923880303
паре,NOUN,0.3197502984354887,3,0.21619674415320714,17,0.10355355428228155
пари,NOUN,0.9956317782402035,5,0.34549302337067095,13,0.6501387548695325
пару,NOUN,0.5220055157939587,3,0.6628569502435205,9,-0.14085143444956183
пахнет,VERB,0.9749922871589657,5,0.48106605418094284,23,0.49392623297802285
пень,VERB,0.6128633096814153,4,0.12447856459466058,23,0.4883847450867548
первая,ADJF,0.9194167256355281,1,0.3944793719880783,18,0.5249373536474498
первого,ADJF,0.8825531559331071,7,0.5224416682419052,6,0.36011148769120194
первое,ADJF,0.6491297359267868,9,0.23335757801888699,17,0.4157721579078998
первой,ADJF,0.768965600058436,8,0.4270660258489438,6,0.34189957420949213
первом,ADJF,0.562206735213597,3,0.37869566759102474,11,0.18351106762257224
первому,ADJF,0.4802042630811527,3,0.2028634244010645,14,0.2773408386800882
первую,ADJF,0.7552072368562218,8,0.6786148786544797,5,0.07659235820174215
первый,ADJF,0.41148144775965706,13,0.34680464186627996,12,0.0646768058933771
первым,ADJF,0.9900699853897091,3,0.23642559667544708,15,0.7536443887142621
первых,ADJF,0.8693697187635628,9,0.5126235158374276,6,0.35674620292613524
переводя,GRND,0.9913403987884517,3,0.4764259466901419,6,0.5149144520983098
перед,PREP,0.9365513332836003,23,0.661144173377882,12,0.2754071599057183
передали,VERB,0.9377799928188321,2,0.14431845882427252,16,0.7934615339945595
передано,PRTS,0.9418504834175111,1,0.3676671724034733,7,0.5741833110140377
переносить,INFN,0.06409025821721993,2,0.10154591641611838,13,-0.03745565819889844
перерыва,NOUN,0.3752708312124008,5,0.32442033822881033,10,0.050850492983590456
переставал,VERB,0.97277146577835,1,0.21491765328108173,11,0.7578538124972684
переставая,GRND,0.46261891722679105,5,0.032085209153592004,2,0.430533708073199
перестает,VERB,0.045318685472011004,1,0.36415468996733535,16,-0.31883600449532434
перестал,VERB,0.9415240883827206,2,0.3077223452919015,19,0.6338017430908192
перестали,VERB,0.751078426837921,1,0.2673927638965816,22,0.4836856629413394
перехватило,VERB,0.9766622185707091,1,0.6145947368564326,19,0.3620674817142765
перец,NOUN,0.159786287695169,2,0.09789452132411315,7,0.061891766371055854
периодически,ADVB,0.0438604837283488,5,0.011123713420861428,7,0.03273677030748737
персоной,NOUN,0.9967262864112849,5,0.22413231927202978,8,0.7725939671392551
перспективе,NOUN,0.095821588300168,2,0.375410676002502,2,-0.279589087702334
пешком,ADVB,0.4586958648360448,2,0.13089831313033023,16,0.32779755170571456
плакал,VERB,8.448126902713138e-05,2,0.14919054200557438,24,-0.14910606073654725
пламенем,NOUN,0.9475559592247006,2,0.40346132612131197,13,0.5440946331033887
плане,NOUN,0.3585385740734634,8,0.958287179470062,2,-0.5997486053965986
плачь,VERB,0.3855286339918767,3,0.14363062009409336,30,0.24189801389778334
плеча,NOUN,0.6462181866168972,5,0.2819212307305339,14,0.36429695588636335
плечах,NOUN,0.991683745384216,5,0.2816393022214812,21,0.7100444431627349
плечо,NOUN,0.9990763217210765,4,0.3917625682428475,20,0.607313753478229
плечу,NOUN,0.3110442741308357,8,0.6295669823884956,3,-0.31852270825765994
плоскости,NOUN,0.9059391617774961,1,0.28315374423400463,5,0.6227854175434915
плоти,NOUN,0.9990562796592708,3,0.2481147369156432,9,0.7509415427436276
плоть,NOUN,0.9918358325958248,3,0.16920149148187255,9,0.8226343411139522
плохи,ADJS,0.8130741357803339,5,0.21873556171721253,21,0.5943385740631214
плохо,PRED,0.5746612384915346,5,0.18577312066152296,19,0.38888811783001165
площадью,NOUN,0.816558194160461,5,0.3524153279728236,10,0.46414286618763745
плюс,CONJ,0.33231511948363496,9,0.09904030479558988,13,0.23327481468804506
по,PREP,0.9448894033926052,708,0.8646408364176746,10,0.08024856697493055
побери,VERB,0.396052658557891,1,0.3661907392086872,22,0.02986191934920379
побрал,VERB,0.991027903556823,5,0.6434727832674976,4,0.34755512028932545
повезло,VERB,0.7450779577096299,6,0.22752567485090155,27,0.5175522828587283
поверхности,NOUN,0.8332567512989041,4,0.11814275769574988,8,0.7151139936031542
повод,NOUN,0.7420472502708433,5,0.3615041010081762,10,0.3805431492626671
повода,NOUN,0.8877283334732051,1,0.2869477686791856,14,0.6007805647940195
поворачивается,VERB,0.8341902494430538,3,0.25893535792350814,21,0.5752548915195457
погоди,VERB,0.1475172662394465,4,0.0638105817256819,13,0.0837066845137646
погодя,ADVB,0.5126645167668661,3,0.12919476340369587,15,0.38346975336317024
под,PREP,0.8962944920277305,218,0.6896014451049265,12,0.206693046922804
подавал,VERB,0.773232907056808,2,0.22119515696171438,14,0.5520377500950937
подает,VERB,0.877735644578933,2,0.088895691879871,18,0.788839952699062
подальше,COMP,0.9384972121980452,9,0.509347016428364,16,0.42915019576968116
подарок,NOUN,0.025582019394884335,3,0.21022030310782563,20,-0.1846382837129413
подать,INFN,0.9926646749178564,3,0.4164351129904385,15,0.5762295619274178
подачи,NOUN,0.2177934117615218,5,0.30319583592936344,10,-0.08540242416784163
подбор,NOUN,0.8842359781265258,3,0.08625839332151843,7,0.7979775848050074
подвел,VERB,0.9722108244895931,1,0.1492937945174029,17,0.8229170299721902
поделать,INFN,0.6038367460880956,7,0.349455298564862,24,0.25438144752323355
поднял,VERB,0.494595229625701,1,0.29522926214073436,15,0.19936596748496666
подняли,VERB,0.534947339445352,4,0.3241948144746183,19,0.2107525249707337
подобает,VERB,0.2908586702708685,7,0.16510097345775387,8,0.1257576968131146
подобно,PREP,0.9892665445804594,4,0.4031441385547317,3,0.5861224060257277
подобного,ADJF,0.9092545509338376,2,0.14457026089075908,15,0.7646842900430785
подобное,ADJF,0.999085679650306,4,0.2764493488347696,15,0.7226363308155364
подожди,VERB,0.0005260669386187769,2,0.046257253554358085,12,-0.04573118661573931
подряд,ADVB,0.370735008269548,8,0.5176819407407792,15,-0.1469469324712312
подтверждение,NOUN,0.7143533031145727,3,0.4125958196818823,11,0.3017574834326904
подумаешь,VERB,0.039466537535190006,1,0.028382564299034456,9,0.01108397323615555
подумай,VERB,0.419901256759961,3,0.05405710315462736,20,0.3658441536053336
подумайте,VERB,0.0499606481753285,2,0.13354241746401338,24,-0.08358176928868488
подумал,VERB,0.4410595397154487,3,0.2629443688765984,17,0.1781151708388503
подумать,INFN,0.8162955634973262,11,0.22792061255313403,10,0.5883749509441922
подход,NOUN,0.00018387049203700002,1,0.4821516372771422,11,-0.4819677667851052
подходе,NOUN,0.3504759605663514,12,0.4278190785654046,13,-0.07734311799905319
подходил,VERB,0.7596259415149685,2,0.22545430033485958,16,0.534171641180109
подходили,VERB,0.7299067378044121,1,0.3584569692175132,16,0.3714497685868989
подходят,VERB,0.9720353484153741,1,0.1746593270836451,16,0.797376021331729
подчас,ADVB,0.0003759738930965584,5,0.0020069161695570907,5,-0.0016309422764605322
пожалуйста,PRCL,0.32543592248111913,10,0.45967445935218976,29,-0.13423853687107062
пожелает,VERB,0.8156923949718475,2,0.1190358794888843,14,0.6966565154829633
позволите,VERB,0.624607756733894,2,0.3553259541524588,26,0.2692818025814352
позвольте,VERB,0.5602166851361586,3,0.3462628139173568,7,0.21395387121880183
позволю,VERB,0.5456928312778471,2,0.3830615731353374,17,0.16263125814250967
поздно,ADVB,0.6881311004981394,6,0.4626834962935387,20,0.2254476042046007
пойдем,VERB,0.27170442789793003,2,0.2354245520344355,22,0.03627987586349454
пойдет,VERB,0.9141180515289301,1,0.4321682055597192,7,0.4819498459692109
пойду,VERB,0.107705138623714,1,0.24350342911633577,27,-0.13579829049262176
пойми,VERB,0.47516931919380956,2,0.17556084751571568,23,0.2996084716780939
пока,ADVB,0.8662953830900643,21,0.21420150986280792,24,0.6520938732272563
покажет,VERB,0.9565992951393122,3,0.359373628900605,22,0.5972256662387072
покажу,VERB,0.676242277026176,3,0.36243221452722524,31,0.31381006249895077
покажут,VERB,0.6590086668729781,2,0.1496313956118819,13,0.5093772712610962
поколение,NOUN,0.9998481273651117,3,0.47955635137914177,10,0.52029177598597
поколения,NOUN,0.9997054735819494,3,0.6536230192785811,7,0.34608245430336826
полагается,VERB,0.06666554138064335,3,0.025419755059051946,24,0.0412457863215914
полдень,NOUN,0.128402444068342,2,0.06752951457206295,19,0.06087292949627905
полезли,VERB,0.6298652365803713,4,0.048202142440872286,22,0.581663094139499
полета,NOUN,0.9862646261850987,3,0.07691824207357305,15,0.9093463841115257
полна,ADJS,0.92674034833908,1,0.34114445124396253,16,0.5855958970951175
полная,ADJF,0.0244603168102905,2,0.23476981668363764,16,-0.21030949987334713
полно,ADVB,0.21431385446339776,4,0.07013092634539696,15,0.14418292811800082
полное,ADJF,0.095415279269218,1,0.36021363235671383,11,-0.26479835308749583
полной,ADJF,0.7386419013715705,13,0.19226242397780827,8,0.5463794773937622
полном,ADJF,0.6044412942396266,18,0.6355044674128291,8,-0.031063173173202507
полностью,ADVB,0.8526311591267584,4,0.20787450888504544,9,0.6447566502417129
полноты,NOUN,0.6444021960099534,3,0.1417848697601579,8,0.5026173262497955
полную,ADJF,0.593532224496205,3,0.5914758528502997,10,0.0020563716459053305
полны,ADJS,0.9890879988670346,2,0.5021101868973343,15,0.48697781196970025
полный,ADJF,0.8086374476552003,4,0.5018784677117762,13,0.30675897994342405
полным,ADJF,0.45777970676620733,3,0.6778508746730426,14,-0.22007116790683529
половина,NOUN,0.7925757765769951,1,0.2179770676419135,10,0.5745987089350816
половине,NOUN,0.7810956835746761,2,0.5588808102533218,10,0.22221487332135426
половиной,NOUN,0.692412137985229,1,0.768801546522549,14,-0.0763894085373199
половину,NOUN,0.829133689403533,1,0.38956025076497847,14,0.4395734386385546
положении,NOUN,0.8713514059782025,6,0.007552153430879001,1,0.8637992525473235
положения,NOUN,0.505717277526855,3,0.3202682044982789,10,0.1854490730285761
положено,PRTS,0.20598415562417313,10,0.07078310073393336,16,0.13520105489023976
полон,ADJS,0.8460901379585266,2,0.5291265887961183,23,0.3169635491624083
получилось,VERB,0.7118807435035701,6,0.11053964389849605,26,0.6013410996050741
получите,VERB,0.12351132929325101,1,0.3295190802633122,23,-0.20600775097006122
получишь,VERB,0.39737185987178203,4,0.3147285914707488,24,0.08264326840103325
полы,NOUN,0.9883763392766314,3,0.0862536910667996,11,0.9021226482098318
пользоваться,INFN,0.06517288088798501,1,0.4392266406423662,11,-0.3740537597543812
пользу,NOUN,0.8045738384127613,5,0.5300669855109427,11,0.27450685290181864
пользуются,VERB,0.9589644670486446,2,0.6989844011909817,17,0.25998006585766287
помимо,PREP,0.3093336033634837,12,0.19840495921525828,5,0.11092864414822542
помине,NOUN,0.9099097132682799,5,0.6915151890397755,21,0.21839452422850436
помнится,CONJ,0.0688922612462185,2,0.02276978071972712,5,0.04612248052649138
помнишь,VERB,0.0067970765521745006,2,0.2001380457895716,16,-0.19334096923739708
помню,VERB,0.9505512714385983,3,0.1751373541492887,15,0.7754139172893096
помощи,NOUN,0.9988349676132201,3,0.6404206203296776,8,0.3584143472835425
помощью,NOUN,0.9375736951828,5,0.7366113699972625,6,0.20096232518553747
понемногу,ADVB,0.0027080514701075,2,0.01453896417764765,14,-0.01183091270754015
понимает,VERB,0.19586342573165802,1,0.26219388125537035,14,-0.06633045552371233
понимаете,VERB,0.5681527075357731,5,0.36080930983647663,25,0.20734339769929644
понимаешь,VERB,0.5101094370086984,6,0.1741536817862647,22,0.3359557552224337
понимании,NOUN,0.10897278180345851,4,0.23248241624484367,3,-0.12350963444138516
понимать,INFN,0.19726351052522623,5,0.15558346181271793,11,0.0416800487125083
понимаю,VERB,0.3657568860799069,8,0.4849573658906257,22,-0.1192004798107188
понимают,VERB,0.9806191623210906,2,0.319067086003044,21,0.6615520763180466
понял,VERB,0.43221601843833857,2,0.403091132156987,16,0.02912488628135157
понятия,NOUN,0.9501770973205564,5,0.4170612206395998,13,0.5331158766809567
понятно,ADVB,0.28341876051854303,4,0.21219279310687147,22,0.07122596741167156
понять,INFN,0.5361535415053362,10,0.16151805466506589,8,0.37463548684027037
попала,VERB,0.804296433925628,2,0.5272887049204044,15,0.27700772900522364
попало,VERB,0.4718054707162079,10,0.2738929486222328,16,0.19791252209397509
поперек,ADVB,0.999935483932495,5,0.36416365919194454,12,0.6357718247405504
пополам,ADVB,0.9999027132987971,5,0.32265989820184293,19,0.6772428150969542
попробует,VERB,0.6939005553722382,2,0.2227186785403314,16,0.47118187683190677
попробуй,VERB,0.8921205997467041,1,0.1445158110283568,19,0.7476047887183472
попробуйте,VERB,0.8768457174301145,2,0.16231348188787967,15,0.7145322355422349
попросил,VERB,0.6331976950168604,3,0.09573573516268154,19,0.5374619598541789
попусту,ADVB,0.000502288283314,1,0.06677459240350349,23,-0.06627230412018949
пор,NOUN,0.9005712795257562,25,0.9888389706611628,7,-0.08826769113540656
пора,NOUN,0.5421240123471723,27,0.3547249660272919,22,0.1873990463198804
порога,NOUN,0.08537296826640701,3,0.03822800082307319,20,0.047144967443333824
порой,ADVB,0.2988814915685597,6,0.042760717484633795,5,0.2561207740839259
пору,NOUN,0.28045313612424844,7,0.2502310045529155,4,0.03022213157133291
поры,NOUN,0.6852220467343508,18,0.31472443710917963,15,0.3704976096251712
порядка,NOUN,0.07714765202254001,5,0.1227496613573745,8,-0.04560200933483449
порядке,NOUN,0.8021754482761021,18,0.5199648870362172,9,0.28221056123988486
порядком,NOUN,0.6954474283589253,9,0.10685700517759228,12,0.588590423181333
поскольку,CONJ,0.2641065446659918,4,0.0559152136556795,2,0.2081913310103123
после,PREP,0.8576302137225863,16,0.8475663707806509,13,0.010063842941935408
последнего,ADJF,0.666106628874937,3,0.2933862298272689,9,0.37272039904766807
последнее,ADJF,0.9646486639976501,2,0.4789427925522125,9,0.48570587144543764
последней,ADJF,0.9972572326660151,1,0.1922576321885567,10,0.8049996004774583
последнем,ADJF,0.7487730681896205,2,0.0860060219035529,7,0.6627670462860676
последние,ADJF,0.423617516085505,5,0.5657820994558274,10,-0.14216458337032234
последний,ADJF,0.6611575122094813,9,0.2766355257287307,15,0.3845219864807506
последним,ADJF,0.7364034652709961,1,0.2745927310659843,11,0.4618107342050118
последняя,ADJF,0.538009762763977,1,0.10677949614020854,9,0.4312302666237685
послушать,INFN,0.3876480502149204,6,0.06177188101622306,15,0.32587616919869733
посмотреть,INFN,0.023980366066098,1,0.6104150339961048,9,-0.5864346679300068
посмотрим,VERB,0.6633064746856684,5,0.42300670748491825,22,0.24029976720075014
поспешил,VERB,0.039823519065976004,2,0.06893041328098617,20,-0.02910689421501017
поспешила,VERB,0.472768127918243,1,0.07784630187204473,19,0.3949218260461983
поспорить,INFN,0.741147097200155,4,0.13402092805325264,17,0.6071261691469024
посредством,PREP,0.3140638871118423,4,0.004498030666217727,5,0.30956585644562457
поставив,GRND,0.019225988537073,1,0.3784883285406972,6,-0.35926234000362417
поставил,VERB,0.5811943610509234,3,0.305211720988154,8,0.27598264006276935
поставили,VERB,0.668448269367218,1,0.3087373414697743,15,0.35971092789744374
поставить,INFN,0.9499286562204357,4,0.2597628657649689,8,0.6901657904554668
поставлен,PRTS,0.7703108787536621,1,0.3746806746130457,16,0.3956302041406164
постепенно,ADVB,0.19285846501588783,5,0.19200419523426332,13,0.000854269781624506
постой,VERB,0.022687390417558715,7,0.0020948499777655124,8,0.0205925404397932
потерял,VERB,0.8607705533504482,4,0.3942718379607864,16,0.46649871538966176
потеряла,VERB,0.995110571384429,1,0.39981394295613204,21,0.595296628428297
потихоньку,ADVB,0.08655176684260302,2,0.019446192679121083,12,0.06710557416348194
поток,NOUN,0.767747029662132,4,0.35358711556446765,11,0.4141599140976644
потоке,NOUN,0.042899500578641,1,0.430456085586047,10,-0.387556585007406
потолка,NOUN,0.8577152848243708,5,0.15907900158587485,12,0.6986362832384959
потом,ADVB,0.4570056765713322,22,0.4161105736025738,14,0.04089510296875837
потому,ADVB,0.589849655731366,13,0.034875693829962404,5,0.5549739619014037
похож,ADJS,0.961936215559641,3,0.8803557547239153,13,0.08158046083572579
похожа,ADJS,0.9914354979991906,2,0.6892739833887098,19,0.3021615146104808
похоже,ADVB,0.7332422229461367,10,0.37559410859749787,18,0.35764811434863886
похожи,ADJS,0.9823056459426881,1,0.6588086491888934,17,0.32349699675379473
почве,NOUN,0.6157005360350009,5,0.0120103184744945,2,0.6036902175605063
почему,ADVB,0.8452649739655577,11,0.3889530915866388,30,0.45631188237891884
почти,ADVB,0.4103697302440801,3,0.0917641723517585,11,0.3186055578923216
пошел,VERB,0.551488600671291,4,0.33648842107504556,24,0.21500017959624546
пошла,VERB,0.320357300341129,2,0.36712027922792706,23,-0.046762978886798034
пошли,VERB,0.027956168400123,2,0.2013368620559605,13,-0.1733806936558375
пошло,VERB,0.9995037436485286,10,0.23309841963640268,23,0.7664053240121259
поэтому,ADVB,0.28750445544719644,5,0.07568909366714845,14,0.211815361780048
пр,ADJF,0.0184047473594545,2,0.03327042255023075,6,-0.01486567519077625
права,NOUN,0.9646487981081003,4,0.5590282416436817,10,0.40562055646441864
правах,NOUN,0.6761757862113879,8,0.2943827935627525,7,0.38179299264863537
правда,PRCL,0.28132333147950667,20,0.027736739938661686,19,0.25358659154084495
правде,NOUN,0.8592185378074645,3,0.7893501483451791,17,0.06986838946228535
правилам,NOUN,0.5204110071063035,4,0.29383038554321145,12,0.22658062156309206
правило,NOUN,0.4016780912876124,5,0.1873714364410255,4,0.2143066548465869
правильно,ADVB,0.9769187569618222,5,0.31774425030152953,16,0.6591745066602926
право,NOUN,0.18448218284174747,6,0.7538810446858402,11,-0.5693988618440927
правую,ADJF,0.997396409511566,1,0.3112476341905976,12,0.6861487753209685
практике,NOUN,0.7873765031496681,3,0.30978695346857366,8,0.47758954968109446
практически,ADVB,0.20192142238374752,2,0.10613345780711776,6,0.09578796457662976
прах,NOUN,0.9990091323852535,3,0.031827308337326686,8,0.9671818240479267
пребывал,VERB,0.1333519704639905,2,0.03303355445514894,6,0.10031841600884156
пребывать,INFN,0.0012430013157420001,1,0.00039165670098840203,3,0.000851344614753598
превыше,ADVB,0.23411078937351634,3,0.029607996487846157,13,0.2045027928856702
преданию,NOUN,0.5916635096073145,2,0.11124585704722684,6,0.48041765256008767
предварительно,ADVB,0.3487221589311953,4,0.34882972285049596,4,-0.00010756391930066833
пределе,NOUN,0.5059988547116516,5,0.0009561798768112001,5,0.5050426748348404
предлогом,NOUN,0.6090386390686032,5,0.317784119630232,4,0.2912545194383712
предложил,VERB,0.3181848078966135,2,0.2533264333256875,13,0.06485837457092603
предложила,VERB,0.402324140071868,1,0.12968663562441182,21,0.27263750444745616
представить,INFN,0.628671670953432,3,0.4497272992448414,6,0.17894437170859062
представиться,INFN,0.6486630603671069,5,0.17046589756769762,23,0.47819716279940927
представлениям,NOUN,0.07817500340752251,4,0.4941728361591225,4,-0.41599783275159996
представляет,VERB,0.9945852637290953,5,0.42291932269422783,11,0.5716659410348675
представлял,VERB,0.9884822666645046,2,0.27006956630132367,11,0.7184127003631808
представляю,VERB,0.9882377386093141,1,0.25180814420253606,13,0.736429594406778
представляют,VERB,0.9963915348052971,3,0.466737214932044,10,0.5296543198732531
прежде,PREP,0.7056991886680144,7,0.4449649356926477,12,0.2607342529753667
преимущественно,ADVB,0.011179848224855602,5,0.009399051135914875,8,0.001780797088940727
прекрасный,ADJF,0.9515652298927302,5,0.19301154170250326,16,0.758553688190227
претензии,NOUN,0.087317963906874,3,0.2153945329696092,15,-0.12807656906273518
при,PREP,0.9270060736065107,66,0.791906691673729,9,0.1350993819327817
прибавить,INFN,0.3372204750776287,3,0.1397985923558732,12,0.1974218827217555
приблизительно,ADVB,0.03809209237806434,6,0.014600549393252144,14,0.023491542984812194
привела,VERB,0.9967134594917291,1,0.4862886357066141,16,0.510424823785115
привести,INFN,0.9962339599927263,3,0.6576868353877213,8,0.338547124605005
привет,NOUN,0.24751077534165203,4,0.28800478201425983,35,-0.0404940066726078
привлекает,VERB,0.14439208805561035,3,0.22999496610239104,19,-0.08560287804678068
приводит,VERB,0.360403656959533,1,0.4934781926373639,6,-0.1330745356778309
привычке,NOUN,0.18091014663999236,3,0.0008931418415155002,2,0.18001700479847685
придавал,VERB,0.7652042508125301,1,0.7694825222715732,12,-0.004278271459043137
придачу,NOUN,0.1134490324184296,5,0.13852919039636571,10,-0.025080157977936113
придет,VERB,0.231022991240024,2,0.1654874197736106,15,0.06553557146641342
придется,VERB,0.291878492047544,12,0.20843577326741014,16,0.08344271878013387
прийти,INFN,0.997050344944,1,0.5444167539078205,14,0.4526335910361795
прикрытием,NOUN,0.6964733675122258,4,0.043256963717534604,7,0.6532164037946911
применении,NOUN,0.7870575308799739,5,0.4547543314984063,8,0.3323031993815676
пример,NOUN,0.7282017110660668,25,0.50143045959322,21,0.22677125147284682
примера,NOUN,0.5185112711478721,10,0.28286705779729227,11,0.23564421335057983
примерно,ADVB,0.1683432070745358,9,0.18135451421123663,13,-0.013011307136700845
принимает,VERB,0.304698169231414,1,0.4253580735319036,11,-0.12065990430048956
принципу,NOUN,0.7479079246520992,5,0.18374804160557642,5,0.5641598830465228
принял,VERB,0.9728808104991911,2,0.6635986053281356,9,0.3092822051710554
приняла,VERB,0.44875618442893006,4,0.5209096725254004,12,-0.07215348809647038
приняли,VERB,0.18168181180953902,1,0.4925114735184855,12,-0.3108296617089465
принялся,VERB,0.022708929155487,5,0.1909606102650797,10,-0.1682516811095927
принято,PRTS,0.00019775803957600003,1,0.7117659442126748,5,-0.7115681861730988
принять,INFN,0.16934083402156802,1,0.31690751631478076,7,-0.14756668229321274
природе,NOUN,0.3983422981744458,11,0.27668886721949043,12,0.12165343095495534
присутствует,VERB,0.052762974053621,1,0.10742489464655569,8,-0.05466192059293469
присутствуют,VERB,0.015441872907103502,2,0.2669863810169768,8,-0.2515445081098733
притворяться,INFN,0.263327240943908,1,0.0677890368519402,18,0.19553820409196782
приходится,VERB,0.8002948000627965,7,0.2871959734397626,15,0.5130988266230339
причем,CONJ,0.30069561991840565,5,0.3950269445776933,4,-0.09433132465928762
причине,NOUN,0.8113278153818099,10,0.015348677523434,1,0.7959791378583758
пришел,VERB,0.9543973505496975,2,0.3042323912419043,14,0.6501649593077932
пришелся,VERB,0.54092260877951,3,0.18491092112569285,17,0.3560116876538172
пришло,VERB,0.47932360001972707,7,0.4241047997326985,14,0.05521880028702858
пришлось,VERB,0.6542989634520677,3,0.23429334198675594,14,0.4200056214653118
про,PREP,0.5887741691602222,11,0.6209388311070043,19,-0.032164661946782136
пробил,VERB,0.10603322833776452,2,0.06232410121645138,12,0.04370912712131314
проблем,NOUN,0.6800973514715825,3,0.21416403699134018,7,0.4659333144802423
проблема,NOUN,0.7143014073371885,2,0.21417947912899113,9,0.5001219282081973
пробовал,VERB,0.005573389818891335,3,0.030293705222599044,24,-0.02472031540370771
пробовать,INFN,0.020894533023238,1,0.08472444044400548,16,-0.06382990742076748
пробы,NOUN,0.4905523310105,3,0.15089083322121777,13,0.33966149778928223
программе,NOUN,0.7677790485322471,4,0.038797631890499666,9,0.7289814166417474
продолжение,NOUN,0.0054316936759274004,5,0.2714775412518971,16,-0.2660458475759697
прозвали,VERB,0.1111268767155702,5,0.08676988274867908,15,0.024356993966891116
произвела,VERB,0.9824669957160951,1,0.3855457360664631,15,0.596921259649632
произвели,VERB,0.8382207155227661,1,0.4302922806845425,11,0.4079284348382236
произвести,INFN,0.9675998091697691,1,0.263356041276387,9,0.7042437678933821
пройдет,VERB,0.9951917529106136,2,0.1663090158719564,10,0.8288827370386571
проклят,ADJS,0.9874730780720707,8,0.08931277748469736,12,0.8981603005873734
промах,NOUN,0.20481403986961264,6,0.16909658610093045,15,0.035717453768682184
пропасть,NOUN,0.000635475150920408,5,0.10333998519576255,17,-0.10270451004484214
просим,VERB,0.9956823438405988,4,0.5062700061329942,11,0.4894123377076046
просит,VERB,0.0929161537831528,5,0.08344896883621263,12,0.009467184946940169
прости,VERB,0.520373523235321,1,0.27392128592812964,12,0.2464522373071914
простите,VERB,0.44130773842334703,2,0.22529160470394496,12,0.21601613371940206
просто,PRCL,0.45750921816729406,17,0.11751653369315584,18,0.3399926844741382
просьба,NOUN,0.1419878435845015,2,0.25065783896752647,16,-0.10866999538302496
просьбой,NOUN,0.738976538181304,1,0.45094592086097673,5,0.2880306173203273
просьбы,NOUN,0.513955116271972,1,0.07637080384841557,15,0.43758431242355644
против,PREP,0.7589431846838278,23,0.47253918308415405,10,0.2864040015996738
противном,ADJF,0.9097457528114312,5,0.005043723125708501,2,0.9047020296857227
прохода,NOUN,0.14988961815834,1,0.12565740487865043,15,0.02423221327968958
проходило,VERB,0.7321725487709041,1,0.3120381937333146,12,0.4201343550375895
проходит,VERB,0.791718699038028,4,0.2034158748137994,12,0.5883028242242286
проходу,NOUN,0.06695331633090951,2,0.14463335201323263,13,-0.07768003568232312
проч,ADJF,0.020361239090561003,1,0.041125455149449,5,-0.020764216058887997
прочего,NPRO,0.7906595870852466,5,0.31262502128568737,6,0.4780345657995593
прочее,NPRO,0.19337208569049802,2,0.1446098363026972,10,0.04876224938780083
прочие,ADJF,0.7685962319374081,1,0.29358819872140823,5,0.4750080332159999
прочим,VERB,0.9490220069885249,5,0.38744578277692154,2,0.5615762242116034
прочих,ADJF,0.10897821723483457,7,0.02045421022921767,3,0.0885240070056169
прочь,ADVB,0.34393119563658986,6,0.19049432652536713,16,0.15343686911122273
прошла,VERB,0.35747471451759305,1,0.38622247317107367,8,-0.028747758653480615
прошло,VERB,0.6620013884135653,7,0.24910784643402067,18,0.4128935419795446
прошлом,ADJF,0.43260848522186235,3,0.1913443505764,1,0.24126413464546234
прошу,VERB,0.8038444817066189,5,0.5097655818732858,13,0.29407889983333313
прощание,NOUN,0.6160282790660856,2,0.39508074680634275,16,0.22094753225974284
прощанье,NOUN,0.9223299026489251,1,0.0015498784288181069,2,0.920780024220107
проще,COMP,0.4298439677804704,3,0.1727237145074464,15,0.257120253273024
прощения,NOUN,0.9934738636016842,5,0.5894550724575912,12,0.404018791144093
пруд,NOUN,0.9982460498809811,5,0.41693233344267294,12,0.5813137164383082
прямая,ADJF,0.767708281675974,3,0.28208342811073295,9,0.4856248535652411
прямо,ADVB,0.31441549617531,14,0.155244485723828,11,0.159171010451482
прямой,ADJF,0.7005375126997625,6,0.13809813000462598,6,0.5624393826951365
прямым,ADJF,0.5668415576219555,2,0.13800775259490616,6,0.4288338050270494
псевдонимом,NOUN,0.6376633703708647,5,0.06189978176492605,6,0.5757635886059387
птица,NOUN,0.08052070066332752,2,0.2326784327012007,12,-0.1521577320378732
пунктам,NOUN,0.1738938316702837,3,0.4267982691526405,2,-0.2529044374823568
пусто,ADVB,0.7296669006347652,5,0.11050620968866717,28,0.619160690946098
пустой,ADJF,0.35304597020149203,1,0.31651730491093466,19,0.03652866529055737
пустом,ADJF,0.9275168299674983,5,0.05100438042427375,8,0.8765124495432245
пустыми,ADJF,0.9656709074974058,5,0.4149478684727603,12,0.5507230390246456
пусть,PRCL,0.5859926691278812,20,0.3609251956077055,24,0.2250674735201757
пути,NOUN,0.6467927594979601,3,0.40821874694825006,16,0.23857401254971006
путь,NOUN,0.18631346635520402,5,0.4833069602797392,17,-0.29699349392453517
путями,NOUN,0.9954994618892664,6,0.5324973315000531,7,0.46300213038921334
пух,NOUN,0.9982404708862301,3,0.2278594812447886,18,0.7703809896414415
пушки,NOUN,0.4643605542369183,4,0.26257288898038145,12,0.20178766525653685
пуще,ADVB,0.010035017505288001,1,0.030290909365615504,12,-0.020255891860327502
пыла,NOUN,1.314017140430223e-06,1,0.11834541052054535,11,-0.11834409650340492
пытаемся,VERB,0.6280412673950191,1,0.3214997320818444,14,0.3065415353131747
пытаетесь,VERB,0.017737761139869003,1,0.12383811002752373,15,-0.10610034888765474
пытается,VERB,0.719839572906494,1,0.2867436874657865,4,0.43309588544070754
пыталась,VERB,0.714679479598999,1,0.3558628909871909,10,0.3588165886118081
пытался,VERB,0.8550344109535211,1,0.27950766966387125,8,0.5755267412896499
пят,NOUN,0.5564340750376383,3,0.2650209870189423,4,0.29141308801869603
пятам,NOUN,0.960267086823781,3,0.49042386534256327,8,0.46984322148121777
пяти,NUMR,0.9509580969810483,5,0.0560209201648826,10,0.8949371768161657
пять,NUMR,0.811556220054626,2,0.3243137057023963,11,0.4872425143522297
пятьсот,NUMR,0.0027591408385579997,3,0.037707976993321214,14,-0.03494883615476321
работали,VERB,0.6692099571228021,1,0.25091386672416227,11,0.4182960903986398
рабочем,ADJF,0.3398599413534003,3,0.4223538897931571,6,-0.08249394843975677
равен,ADJS,0.7001776993274682,5,0.22772911122441028,12,0.4724485881030579
равных,ADJF,0.21669763494282912,10,0.35130122973350764,8,-0.13460359479067852
рад,ADJS,0.43625493844350133,3,0.29203237277349514,19,0.1442225656700062
ради,PREP,0.6972104741966926,29,0.6542205518732463,6,0.04298992232344623
радости,NOUN,0.10387034937739319,5,0.23075585865342374,16,-0.12688550927603054
радость,NOUN,0.9177350878715513,5,0.1892833036022474,19,0.7284517842693039
радостью,NOUN,0.6469564437866211,1,0.2619851779758882,11,0.3849712658107329
раз,NOUN,0.7655738464355549,110,0.5142329198424699,8,0.25134092659308505
разбирается,VERB,0.014137267135083002,2,0.32163179054623414,10,-0.30749452341115113
разбирался,VERB,0.6645756562550857,3,0.008439691955936371,5,0.6561359642991493
разбираюсь,VERB,0.993740022182464,1,0.005724068439943321,13,0.9880159537425207
разве,PRCL,0.4802195541560645,17,0.29353452524905416,23,0.18668502890701033
разговоров,NOUN,0.13325683090564133,9,0.007581103870203389,9,0.12567572703543795
разделить,INFN,0.025268455152399335,3,0.6000628015079362,11,-0.574794346355537
разлив,GRND,0.158127724581087,3,0.10769019930275008,9,0.050437525278336934
размаху,NOUN,0.048259198665618,2,0.25764769595116327,8,-0.20938849728554526
размером,NOUN,0.9630529681841531,3,0.37988557200878825,5,0.5831673961753648
разница,NOUN,0.9926226496696471,5,0.5866169321530971,13,0.40600571751655
разницы,NOUN,0.9809026718139645,5,0.2824149267553968,15,0.6984877450585677
разнообразия,NOUN,0.04109811969101367,3,0.034988539814851706,6,0.006109579876161966
разные,ADJF,0.8047797083854671,1,0.6046919162617992,12,0.2000877921236679
разом,ADVB,0.9041301846504206,5,0.09988328329119256,9,0.804246901359228
разрешите,VERB,0.23668271303176802,1,0.09146131095706694,11,0.14522140207470108
разряда,NOUN,0.32887562504038154,4,0.2666511679082238,7,0.06222445713215774
разу,NOUN,0.8437199917706573,11,0.38335257768630954,2,0.4603674140843477
разумеется,CONJ,0.15672823150331716,6,0.06410772538899087,15,0.09262050611432629
разы,NOUN,0.7539078891277311,5,0.424603216350078,2,0.3293046727776531
рак,NOUN,0.998469978570938,2,0.23036598227627061,10,0.7681039962946674
рамки,NOUN,0.5415057937304176,6,0.33676379243413285,11,0.20474200129628478
рано,ADVB,0.8889031112194056,7,0.3444029681688533,18,0.5445001430505523
раньше,COMP,0.4035323225427413,5,0.3301818097631131,9,0.07335051277962817
распорядился,VERB,0.032394638546974754,4,0.015417996155391241,13,0.016976642391583512
распоряжение,NOUN,0.2353610835969442,5,0.038892808098029266,13,0.19646827549891493
распоряжении,NOUN,0.32585132271051387,5,0.48675368187638574,15,-0.16090235916587187
рассвета,NOUN,0.9836847782135004,3,0.08508743521330508,12,0.8985973430001953
расстояние,NOUN,0.9998960793018341,2,0.6652230210228087,7,0.3346730582790254
расстоянии,NOUN,0.9691951076189674,3,0.7440377937396984,10,0.22515731387926907
расти,INFN,0.999701917171478,1,0.552538651018403,10,0.447163266153075
расчет,NOUN,0.9641814430554705,3,0.10556175774231923,13,0.8586196853131512
расчета,NOUN,0.9999926686286921,1,0.05220556412077404,17,0.947787104507918
расчете,NOUN,0.35167564203341756,9,0.055240296467672256,4,0.2964353455657453
редкость,NOUN,0.3877731375396248,4,0.1626506222164602,25,0.22512251532316457
река,NOUN,0.035165174329449614,2,0.1469115110383806,19,-0.11174633670893099
рекой,NOUN,7.011275738477707e-05,1,0.20004001967936294,16,-0.19996990692197816
речи,NOUN,0.9812811096509294,15,0.6994280876269009,11,0.2818530220240285
речь,NOUN,0.21831217594444713,8,0.8886288587003941,10,-0.670316682755947
решено,PRTS,0.12459377758204866,3,0.31093143980615384,12,-0.1863376622241052
решеткой,NOUN,0.8987270593643184,3,0.5105897476896641,7,0.38813731167465426
решетку,NOUN,0.5234882831573481,1,0.043664048185746256,8,0.4798242349716018
ринулся,VERB,0.005385505035519001,1,0.027100744581288052,18,-0.021715239545769052
рисковал,VERB,0.42418041825294406,1,0.026087687681121508,12,0.39809273057182254
рискует,VERB,0.029111899435520002,1,0.35293768902816425,14,-0.32382578959264424
ровно,ADVB,0.028632416971958754,4,0.05805489480068559,12,-0.029422477828726836
ровным,ADJF,0.9998860239982601,5,0.0698723076946201,9,0.9300137163036399
рога,NOUN,0.9317147284746166,4,0.36872338904124047,11,0.5629913394333761
рода,NOUN,0.9995708227157589,5,0.6058887790090269,7,0.393682043706732
роде,NOUN,0.41431174054741804,2,0.5942623211303721,20,-0.1799505805829541
родила,VERB,0.9999807178974145,2,0.3866516491382043,18,0.6133290687592101
роду,NOUN,0.9966753125190727,3,0.3005480741350242,7,0.6961272383840484
роли,NOUN,0.9954650998115534,5,0.5115858274861236,5,0.4838792723254298
роль,NOUN,0.9994114160537715,5,0.34975086571648684,10,0.6496605503372846
ролях,NOUN,0.93189063668251,6,0.25298717577061275,8,0.6789034609118973
рост,NOUN,0.9933068241391859,7,0.5168579694814975,10,0.4764488546576884
росту,NOUN,0.17212014381463267,3,0.39797037901272103,11,-0.22585023519808836
рот,NOUN,0.8543377391993998,10,0.27917703147977546,9,0.5751607077196244
рта,NOUN,0.9999161561330153,3,0.5922579406897588,17,0.40765821544325653
рты,NOUN,0.870060861110687,1,0.564493447902019,11,0.305567413208668
рубежа,NOUN,0.4621583297848696,5,0.12272696653621963,4,0.33943136324865
рук,NOUN,0.9180672142516679,27,0.3259733878464122,15,0.5920938264052558
рука,NOUN,0.9770307938257847,3,0.43696509392854405,12,0.5400656998972406
рукава,NOUN,0.8660113612810766,6,0.43537536615310357,7,0.430635995127973
рукам,NOUN,0.144064161740243,5,0.38633450098690664,14,-0.24227033924666364
руками,NOUN,0.9708142418946535,28,0.555256333488684,13,0.4155579084059695
руках,NOUN,0.6200658902525898,10,0.3873348006357747,3,0.23273108961681516
руки,NOUN,0.8314081296000788,46,0.3185611420922209,12,0.5128469875078578
руководством,NOUN,0.6805606126785275,10,0.023059671754405,6,0.6575009409241225
рукой,NOUN,0.8790748110588855,17,0.6295786216667486,18,0.2494961893921369
руку,NOUN,0.8372959851848834,17,0.6136657165829089,20,0.22363026860197444
рулем,NOUN,0.49612152576446505,1,0.000548862270079,2,0.49557266349438606
руля,NOUN,0.8522530024250344,6,0.2902485001475059,11,0.5620045022775285
русло,NOUN,0.7514595091342923,3,0.24084432691571586,7,0.5106151822185764
ручья,NOUN,0.9572614828745521,3,0.06711613189187209,13,0.8901453509826801
ряд,NOUN,0.7895817993716757,11,0.4264012737354879,9,0.3631805256361878
ряда,NOUN,0.8532336155573521,3,0.0287180179730055,2,0.8245155975843466
рядом,ADVB,0.999599993228912,5,0.19634907205211938,12,0.8032509211767926
ряду,NOUN,0.5030490756034848,4,0.3921151676913718,4,0.110933907912113
с,PREP,0.9441294693819975,787,0.9584002815760096,13,-0.014270812194012161
сам,ADJF,0.6134745976149395,41,0.4626078911563378,16,0.15086670645860167
сама,ADJF,0.21485266663948974,5,0.4069194315763354,11,-0.19206676493684569
самая,ADJF,0.7782055756542828,8,0.6724218630364961,14,0.10578371261778674
сами,ADJF,0.48827807344496205,10,0.28827629216781697,12,0.20000178127714507
само,ADJF,0.9979281574487684,4,0.4709541957325803,15,0.5269739617161882
самое,ADJF,0.947894841432571,18,0.8456293111667034,16,0.1022655302658676
самой,ADJF,0.6157920509576795,2,0.27613358226205587,7,0.33965846869562366
самом,ADJF,0.9556584541614236,13,0.7425828999839719,8,0.21307555417745172
самому,ADJF,0.0014461050741370002,1,0.27017794557865554,11,-0.26873184050451854
саму,ADJF,0.855267822742462,1,0.12485049383082772,7,0.7304173289116344
самую,ADJF,0.9898027777671811,1,0.5284128139416373,9,0.46138996382554376
самые,ADJF,0.9949751155717029,7,0.42737103501955614,6,0.5676040805521467
самый,ADJF,0.911532780703376,17,0.5542716299494103,15,0.3572611507539657
самым,ADJF,0.9917463958263391,2,0.6843719151284956,9,0.30737448069784346
самых,ADJF,0.9815788507461543,5,0.5547339530395606,7,0.4268448977065936
сахар,NOUN,0.35874517471529505,2,0.13898339613780267,8,0.21976177857749238
свежий,ADJF,0.985500156879425,1,0.12448890995270023,13,0.8610112469267248
свежую,ADJF,0.9371889233589168,3,0.0476787069632604,8,0.8895102163956564
сверх,PREP,0.5910439908998338,7,0.09018674809259256,9,0.5008572428072413
сверху,ADVB,0.5801391728843249,6,0.16362365704762816,5,0.41651551583669677
свет,NOUN,0.7357683935860058,17,0.3420087816193695,16,0.3937596119666363
свете,NOUN,0.6896368107603238,15,0.6336631731052568,12,0.05597363765506702
светит,VERB,0.2315594899312897,3,0.23191144507642156,18,-0.0003519551451318659
свинья,NOUN,0.9367940723896021,2,0.04263190760693279,21,0.8941621647826693
свободе,NOUN,0.590978562831878,1,0.09160227283791701,12,0.499376289993961
свободен,ADJS,0.011776433326303001,1,0.1375942107762154,18,-0.1258177774499124
свободное,ADJF,0.0494106259196994,5,0.1967305393186503,10,-0.1473199133989509
сводит,VERB,0.9849114716053001,2,0.5765981430927887,14,0.40831332851251145
свое,ADJF,0.6301211855219053,24,0.671750078598658,9,-0.04162889307675266
своего,ADJF,0.9925675153732298,5,0.4230770467018536,11,0.5694904686713762
своей,ADJF,0.9780470232168831,12,0.7060910522937769,5,0.2719559709231062
своем,ADJF,0.7530971109867093,10,0.5868262243033805,11,0.1662708866833288
своему,ADJF,0.93511680761973,3,0.6353326450501164,7,0.2997841625696136
свои,ADJF,0.8592206984758373,4,0.37713452366491135,3,0.4820861748109259
своим,ADJF,0.84324097931385,10,0.657405992703778,7,0.18583498661007203
своими,ADJF,0.9990939795970911,2,0.685037256032228,10,0.31405672356486314
своих,ADJF,0.7280392448107396,6,0.37519455300643967,5,0.3528446918042999
свой,ADJF,0.9273520410060881,6,0.5894506423053542,13,0.337901398700734
свойство,NOUN,0.6753397509455679,4,0.10228794169106709,11,0.5730518092545007
свою,ADJF,0.9510169757737051,9,0.432707368692552,11,0.5183096070811531
своя,ADJF,0.9999858736991881,1,0.4715059834656318,19,0.5284798902335563
связи,NOUN,0.9688179135322569,5,0.4989217345913249,6,0.469896178940932
святое,ADJF,0.0013171682367100002,1,0.06903023973669968,18,-0.06771307149998967
святых,ADJF,0.9691780805587764,3,0.6001154081459386,8,0.36906267241283786
сдается,VERB,0.3006755361954367,3,0.3360981368174983,14,-0.035422600622061595
сделай,VERB,0.6249508659044897,3,0.4860283687843803,14,0.13892249712010935
сделайте,VERB,0.993034034967422,2,0.4846046305416771,12,0.5084294044257449
сделалась,VERB,0.00043520086910543997,2,0.007029247656280778,14,-0.006594046787175338
сделалось,VERB,5.450959361041897e-05,1,0.016839171251730577,14,-0.01678466165812016
сделался,VERB,0.0038734448608005005,2,0.006122062291788172,17,-0.0022486174309876714
сделать,INFN,0.017106544226408,1,0.36488946961859836,9,-0.34778292539219036
се,NPRO,0.4971383281622869,9,0.7738265394438025,16,-0.2766882112815156
себе,NPRO,0.6929379584330039,71,0.602839042471411,12,0.09009891596159292
себя,NPRO,0.8469839019109674,51,0.680016336147673,15,0.1669675657632944
сего,NPRO,0.9976182058453554,8,0.06019146379964772,7,0.9374267420457078
сегодня,ADVB,0.6016474183310158,11,0.1008867096742147,18,0.5007607086568011
сегодняшний,ADJF,0.9955451488494867,3,0.8078025908209379,10,0.1877425580285489
седьмого,ADJF,0.3422573705514267,3,0.04018155622179585,13,0.3020758143296308
сей,ADJF,0.9938389420509335,5,0.10942066987922716,8,0.8844182721717063
сейчас,ADVB,0.4993039265682452,8,0.1243465387139136,17,0.3749573878543316
секунды,NOUN,0.9745457172393793,5,0.25584239303352624,10,0.7187033242058531
семью,NOUN,0.7814611593882241,3,0.1476863806604407,13,0.6337747787277834
сердца,NOUN,0.9950259725252781,3,0.39563824824290306,12,0.5993877242823751
сердце,NOUN,0.4170153494924303,7,0.2984989336512692,13,0.11851641584116107
сердцем,NOUN,0.8959771937088051,17,0.268369091280744,14,0.6276081024280611
сердцу,NOUN,0.10434067994356101,1,0.41450846932517954,9,-0.31016778938161854
серьезно,ADVB,0.05492817983031201,1,0.16390738740001812,17,-0.10897920756970611
сидеть,INFN,0.9645020365715021,1,0.3041667828085614,13,0.6603352537629408
сидит,VERB,0.7504965066909788,4,0.124162096518557,10,0.6263344101724218
сидишь,VERB,0.05629885941743801,1,0.26670330041679297,16,-0.21040444099935496
сил,NOUN,0.8282328188419339,10,0.3000314351171248,5,0.5282013837248091
силам,NOUN,0.4038331388495856,5,0.34208920691162326,4,0.06174393193796235
силами,NOUN,0.9183568239212032,5,0.4625203435619667,9,0.4558364803592365
силах,NOUN,0.08569085970520901,3,0.28666013776455623,8,-0.20096927805934722
силе,NOUN,0.6705836296081539,5,0.2225562094261272,9,0.4480274201820267
силой,NOUN,0.8063531219959255,2,0.44406991832738596,16,0.3622832036685395
силою,NOUN,0.9974567294120781,1,0.7286351919174191,1,0.268821537494659
силу,NOUN,0.7115474731794421,21,0.181840594237049,6,0.5297068789423931
силы,NOUN,0.9958816866079961,6,0.27628004742372314,9,0.719601639184273
сильно,ADVB,0.23924208887749204,9,0.3287829713416818,13,-0.08954088246418973
синим,ADJF,0.8289376298586525,3,0.30580932754258183,14,0.5231283023160707
скажем,CONJ,0.5358073204341858,9,0.00405409632367025,4,0.5317532241105155
скажет,VERB,0.7017173469066615,4,0.1879437447933009,16,0.5137736021133607
скажете,VERB,0.9973441660404201,2,0.2938070795076309,31,0.7035370865327892
скажешь,VERB,0.361725020911035,5,0.36082383633280735,30,0.0009011845782276318
скажи,VERB,0.36182739769058286,11,0.4603175702504809,12,-0.09849017255989806
скажите,VERB,0.9890383084615068,3,0.13206274231197251,4,0.8569755661495342
скажу,VERB,0.842691409335072,7,0.2857433672927848,21,0.5569480420422872
сказал,VERB,0.7991279329244902,13,0.43771219961345154,20,0.3614157333110387
сказала,VERB,0.183066606521606,1,0.31636625226764414,21,-0.13329964574603814
сказать,INFN,0.6481839251897653,44,0.4710340130214504,13,0.17714991216831488
сказке,NOUN,0.16867038479540444,5,0.17521479553868272,17,-0.006544410743278273
скамьи,NOUN,0.9694515665372206,3,0.15548767928808352,13,0.8139638872491372
сквозь,PREP,0.38553546415641854,8,0.34609491689479865,8,0.039440547261619885
склоне,NOUN,0.39404908816019674,3,0.09221952775907144,9,0.3018295604011253
сколь,ADVB,0.6438869947014605,8,0.2846081035635762,7,0.3592788911378843
сколько,ADVB,0.755959921443718,40,0.7141507412184418,19,0.04180918022527624
скорее,CONJ,0.6004746609198094,22,0.3195296095873342,14,0.2809450513324752
скорей,COMP,0.03430999132494067,3,0.019259156175298206,19,0.015050835149642464
скоро,ADVB,0.499757426194264,8,0.32283107969265534,18,0.17692634650160866
скором,ADJF,0.9887436628341671,5,0.21973122423003086,8,0.7690124386041363
скорую,ADJF,0.9992525180180865,3,0.32697920103091727,5,0.6722733169871692
скрипом,NOUN,0.4046377415458357,3,0.18398944404907483,6,0.22064829749676088
слабости,NOUN,0.002545764436944667,3,0.09480540154399897,15,-0.0922596371070543
слабость,NOUN,0.011465870775282001,1,0.09059510710526007,13,-0.07912923632997806
слава,NOUN,0.9927827358245844,5,0.7558454054615136,24,0.23693733036307085
славный,ADJF,0.006533887702971,1,0.0386216325217291,18,-0.0320877448187581
славу,NOUN,0.7559545347467059,8,0.5784320742823178,4,0.17752246046438813
слегка,ADVB,0.013199326361063602,5,0.044337671957551235,13,-0.031138345596487635
след,NOUN,0.9999787688255306,5,0.3342223980751652,17,0.6657563707503654
следа,NOUN,0.49159963677326773,3,0.5045672912926721,15,-0.012967654519404348
следам,NOUN,0.999879439671834,3,0.18112462572753377,8,0.8187548139443003
следовало,VERB,0.14150048047304103,2,0.3323020830630407,10,-0.19080160258999967
следует,VERB,0.29198156719884005,13,0.0753344306023786,10,0.21664713659646145
следующим,ADJF,0.9499021768569946,2,0.6462111586535514,11,0.30369101820344324
слез,NOUN,0.8728805407881732,8,0.15622278519822383,16,0.7166577555899494
слезах,NOUN,0.2675222528729737,3,3.193075463059358e-05,2,0.2674903221183431
слишком,ADVB,0.7238556845113631,8,0.23359114180008525,12,0.49026454271127784
слов,NOUN,0.5651067197322841,9,0.48646707809530176,8,0.07863964163698234
слова,NOUN,0.834384832405359,37,0.37080612451630707,17,0.4635787078890519
словами,NOUN,0.9997019086565285,7,0.7213446961250151,8,0.27835721253151346
словах,NOUN,0.902030818164348,8,0.2959785968078689,13,0.6060522213564792
слове,NOUN,0.9980968609452244,8,0.5900575164026421,12,0.4080393445425823
словно,CONJ,0.328175508230924,5,0.09227722758389789,7,0.23589828064702612
слово,NOUN,0.8620026967039811,27,0.4307751236474355,16,0.43122757305654563
словом,NOUN,0.8326214951547706,11,0.573711618781089,2,0.25890987637368157
слову,NOUN,0.9516835212707517,7,0.5260549673435481,9,0.42562855392720367
сложилось,VERB,0.30001635849475805,2,0.3069273596758846,9,-0.00691100118112653
слом,NOUN,0.16710507683455902,3,0.0019542117861065804,13,0.16515086504845244
слух,NOUN,0.8043849865595494,3,0.27408127544653543,14,0.530303711113014
слухам,NOUN,0.7183024615049357,5,0.01036409145399328,3,0.7079383700509424
слухи,NOUN,0.9780507683753962,5,0.269121528108867,11,0.7089292402665291
случай,NOUN,0.7763084403219785,12,0.39160527969841447,25,0.3847031606235641
случаю,NOUN,0.9197408490710784,9,0.08686471544206101,2,0.8328761336290175
случая,NOUN,0.9968056082725522,5,0.09651266597793393,15,0.9002929422946182
случилось,VERB,0.17541663100322036,3,0.11549274207663922,16,0.05992388892658114
слышать,INFN,0.8674148082733149,5,0.3978539170178309,15,0.46956089125548395
смей,VERB,0.3907809183001514,3,0.002798940055072,1,0.3879819782450794
смерти,NOUN,0.5578332051634783,10,0.5051768832407622,14,0.05265632192271619
смерть,NOUN,0.9986978769302364,3,0.14748480549675722,15,0.8512130714334791
смеха,NOUN,0.2829458311200138,5,0.12730152136503367,19,0.15564430975498014
смеху,NOUN,0.004003757145255,1,0.3506152349633763,17,-0.3466114778181213
смешного,ADJF,0.25387521502044436,9,0.09395871584239876,21,0.1599164991780456
смею,VERB,0.038483429700136004,1,0.04435723247024682,16,-0.005873802770110813
смогли,VERB,0.344934582710266,1,0.38258909247815565,8,-0.03765450976788964
смогу,VERB,0.857112765312194,1,0.25560574354797866,24,0.6015070217642153
смотрел,VERB,0.9215389490127561,1,0.45299525684318814,13,0.468543692169568
смотрела,VERB,0.9259122610092161,1,0.5374284367365023,19,0.3884838242727138
смотреть,INFN,0.6212529316544531,8,0.19340100686225106,19,0.427851924792202
смотри,VERB,0.3222088897600767,3,0.11573780176695392,12,0.2064710879931228
смотрите,VERB,0.1918931417167185,2,0.10373605788663501,16,0.0881570838300835
смотрю,VERB,0.3888136843219396,5,0.22701800786307966,8,0.16179567645885992
смотря,GRND,0.15055788960307767,3,0.5641594843140666,14,-0.4136015947109889
смотрят,VERB,0.9866846203804011,1,0.4833270611570159,17,0.5033575592233852
смысл,NOUN,0.9211013078689574,10,0.44297634181566503,9,0.47812496605329236
смысле,NOUN,0.5583101594377127,21,0.48102420568466103,1,0.07728595375305164
снаружи,ADVB,0.327557762114641,3,0.17901169515666066,19,0.14854606695798034
снег,NOUN,0.9763402541478475,3,0.2395575219045435,16,0.736782732243304
снизу,ADVB,0.9150842229525243,3,0.24531614716992864,11,0.6697680757825957
снова,ADVB,0.841627579182386,12,0.08458687110340551,26,0.7570407080789805
сняла,VERB,0.053945977240800004,1,0.24040064530272456,15,-0.18645466806192457
снять,INFN,0.35754903654257403,3,0.4040209235284813,11,-0.04647188698590726
со,PREP,0.9726759447178367,71,0.8304231729772351,9,0.14225277174060158
собак,NOUN,0.9966204166412351,4,0.2962860402503787,16,0.7003343763908565
собака,NOUN,0.522455662488937,3,0.19809727752969244,18,0.32435838495924463
собаку,NOUN,0.9784515023231501,5,0.11225520541691829,14,0.8661962969062319
собой,NPRO,0.7137835025365846,29,0.9348432024319963,9,-0.22105969989541163
собрать,INFN,0.4420062849918997,3,0.19707183601657025,13,0.24493444897532946
собственно,PRCL,0.13872601091861667,3,0.2931490551693257,9,-0.15442304425070905
собственной,ADJF,0.9724495172500607,5,0.20746389736554413,7,0.7649856198845165
собственности,NOUN,0.30942572616040664,5,0.6495532372966404,5,-0.34012751113623374
собственность,NOUN,0.5880504558328534,5,0.1759592629372487,15,0.4120911928956047
совершенно,ADVB,0.1396361159160728,5,0.14430757769598362,13,-0.004671461779910818
совершенное,ADJF,0.00197292654775,1,0.03663695123720647,7,-0.03466402468945647
совершенной,ADJF,0.000989150372333,1,0.015800012182444,5,-0.014810861810110999
совершил,VERB,0.5903492420911786,2,0.4674485492675251,9,0.12290069282365346
совести,NOUN,0.6648022076115007,12,0.4326188781620546,17,0.23218332944944609
совесть,NOUN,0.17683136619355802,3,0.1567278072007431,19,0.020103558992814907
совестью,NOUN,0.20989768703778533,3,0.257780634448863,14,-0.04788294741107768
совсем,ADVB,0.49402041181123646,28,0.25075593061590085,18,0.2432644811953356
согласно,PREP,0.26316075623035406,5,0.14700282231206024,4,0.11615793391829382
создан,PRTS,0.5818494766950603,5,0.21317664124736788,7,0.36867283544769236
сознания,NOUN,0.7476990140974517,5,0.1785225127678125,8,0.5691765013296392
сойдет,VERB,0.7781439423561091,1,0.4842271301316098,13,0.2939168122244993
сойти,INFN,0.8704513029328409,14,0.7599837838949568,21,0.1104675190378841
солдаты,NOUN,0.1552587555100517,3,0.1622328752841891,16,-0.006974119774137394
соль,NOUN,0.037654045969247006,1,0.13563406395223823,11,-0.09798001798299122
сомневаться,INFN,0.7513719916343684,5,0.37375980736760495,16,0.37761218426676346
сомнения,NOUN,0.7957479774951931,10,0.40173036329162426,11,0.39401761420356884
сообщению,NOUN,0.08850897351900666,3,0.014173023169859834,6,0.07433595034914683
сорт,NOUN,0.341202301904559,2,0.07282006542715949,14,0.26838223647739956
сорта,NOUN,0.4861647337675088,4,0.14454768163462423,9,0.34161705213288457
составит,VERB,0.8776254296302793,5,0.182261286072649,7,0.6953641435576303
состоянии,NOUN,0.7367133399072497,7,0.7050050346712977,7,0.03170830523595203
сотни,NOUN,0.075768176931887,2,0.22479801236962235,12,-0.14902983543773535
соусом,NOUN,0.4619076649347937,3,0.15165907606881587,7,0.31024858886597784
сохранности,NOUN,0.9983430107434584,3,0.1469244493259789,6,0.8514185614174795
сочла,VERB,0.804046392440795,1,0.23888916509167704,8,0.565157227349118
сочли,VERB,0.548699617385864,1,0.15810314289410551,8,0.3905964744917585
сошлись,VERB,0.23631139070494078,4,0.16107168836944202,14,0.07523970233549876
спас,VERB,0.9022390842437741,1,0.09339410993656858,21,0.8088449743072055
спасибо,INTJ,0.6686369339513469,16,0.4586639711830036,31,0.20997296276834332
спасли,VERB,0.9983226060867311,1,0.28820911528979765,24,0.7101134907969334
спасти,INFN,0.9750478267669671,1,0.19604620904497314,17,0.7790016177219939
спеша,GRND,0.7181039849917091,3,0.027540925996921,3,0.6905630589947881
спиной,NOUN,0.9073078760078971,14,0.0253089632897165,2,0.8819989127181805
спит,VERB,0.9983415901660916,2,0.18939764150280433,19,0.8089439486632872
сплошная,ADJF,0.018524371087551002,1,0.16179854532674615,16,-0.14327417423919514
сплошной,ADJF,0.17705536847158002,3,0.026195441976596668,12,0.15085992649498334
сплошные,ADJF,0.095101661980152,1,0.06949248356977415,14,0.025609178410377853
сплошь,ADVB,0.9976521730422974,4,0.010250624126152803,9,0.9874015489161445
спокойной,ADJF,0.9947027564048764,3,0.4791711678490312,12,0.5155315885558451
спокойным,ADJF,0.9394656817118324,3,0.10408127411607256,11,0.8353844075957598
спора,NOUN,0.000295421399641,1,0.06733128935014598,11,-0.06703586795050498
способен,ADJS,0.6065122373402114,5,0.0359506095919635,8,0.5705616277482479
справедливости,NOUN,0.004769725893613964,3,0.023543302927282087,10,-0.018773577033668123
спроса,NOUN,0.1164996664505448,5,0.45292813685395744,13,-0.3364284704034126
спроси,VERB,0.768490135669708,1,0.3212361613194738,18,0.44725397435023423
спросите,VERB,0.940453886985778,1,0.35492132274695865,25,0.5855325642388194
спустя,PREP,0.9939041733741756,2,0.3004851979203517,8,0.6934189754538238
спят,VERB,0.9974177479743951,1,0.15604156428914043,15,0.8413761836852547
сравнении,NOUN,0.9450704058011367,3,0.46183538814269265,3,0.483235017658444
сравнению,NOUN,0.9990868926048275,5,0.008607764728367,1,0.9904791278764605
сразу,ADVB,0.6875597078663603,12,0.23667621545506032,14,0.4508834924113
среде,NOUN,0.5565577983856198,5,0.47619736567139553,2,0.08036043271422427
среди,PREP,0.31086894554587463,13,0.37751546927860774,7,-0.06664652373273311
среднего,NOUN,0.4494870056708651,3,0.4633525335827166,6,-0.013865527911851527
средней,ADJF,0.9498421152432753,3,0.047279275953769004,1,0.9025628392895063
среднем,NOUN,0.8769685626029965,5,0.6787303350865839,4,0.19823822751641262
средних,ADJF,0.9529927968978877,3,0.5127158695177054,8,0.4402769273801823
среды,NOUN,0.07659512161626425,4,0.5366837590932843,5,-0.46008863747702
средь,PREP,0.787266055742899,3,0.02731016448106742,11,0.7599558912618316
сродни,PREP,0.561481155455112,5,0.3239382486561741,14,0.23754290679893791
срок,NOUN,0.4003479720491892,8,0.5238902442862223,18,-0.12354227223703312
ставил,VERB,0.9909010529518121,1,0.19970544819183716,14,0.7911956047599749
ставила,VERB,0.9911249876022331,1,0.26694513747663023,11,0.7241798501256029
ставили,VERB,0.9025155703226724,3,0.2999691372606316,8,0.6025464330620407
ставит,VERB,0.989855766296386,1,0.4726618380787277,13,0.5171939282176583
ставить,INFN,0.9183326164881384,6,0.3239832991966972,10,0.5943493172914411
ставлю,VERB,0.8206238746643061,1,0.1593987997146538,15,0.6612250749496523
ставят,VERB,0.8476375639438622,4,0.38088917903078223,10,0.46674838491308
стадо,NOUN,0.9850287914276119,5,0.37584983125816457,10,0.6091789601694473
стал,VERB,0.8153762883610192,9,0.3621712383729487,11,0.4532050499880705
стала,VERB,0.331308126449584,1,0.24048811874672515,8,0.09082000770285886
стали,VERB,0.5261132717132561,3,0.4731299802660937,6,0.05298329144716235
стало,VERB,0.934752725064754,8,0.36731283679943155,11,0.5674398882653224
станут,VERB,0.119375668466091,1,0.09533915045903951,8,0.02403651800705149
старое,NOUN,0.2703194456795847,3,0.28419594693299205,11,-0.013876501253407336
старой,ADJF,0.9864398042360937,3,0.10937521014628629,7,0.8770645940898074
стати,NOUN,0.9707384109497065,5,0.541398376371944,20,0.4293400345777625
статьям,NOUN,0.5199746087503926,6,0.6219217800202644,7,-0.10194717126987185
стенах,NOUN,0.7255401323948584,7,0.43016781347493294,12,0.29537231891992544
стене,NOUN,0.008395645767450001,1,0.2856667721644038,8,-0.2772711263969538
стенку,NOUN,0.75579810142517,1,0.13517243253227157,16,0.6206256688928984
стеной,NOUN,0.26341531850493977,5,0.35104125044260054,12,-0.08762593193766077
степени,NOUN,0.44547092411667066,20,0.753482999073134,9,-0.3080120749564633
стиле,NOUN,0.427565022371709,5,0.007797373458743001,1,0.41976764891296603
сто,NOUN,0.5575050693392158,30,0.036029389911443416,13,0.5214756794277724
стоил,VERB,0.996156990528106,1,0.47136708397524363,17,0.5247899065528624
стоила,VERB,0.43276312947273204,1,0.5220682962822403,17,-0.08930516680950823
стоило,VERB,0.6976785259321328,4,0.5408693937441473,13,0.15680913218798542
стоит,VERB,0.6703565385360502,47,0.5388831511760747,12,0.1314733873599755
столетия,NOUN,0.009203131310641,1,0.050387091003358,2,-0.041183959692717
столом,NOUN,0.8076522469520565,5,0.2564576718454746,13,0.5511945751065819
столь,ADVB,0.9228105247020716,4,0.1431275881361212,10,0.7796829365659503
столько,ADVB,0.759579381698535,9,0.34035183454398027,8,0.41922754715455474
стороне,NOUN,0.6674970924991195,11,0.5290284778573546,5,0.13846861464176485
сторону,NOUN,0.8928094170987602,8,0.5417107431484115,7,0.35109867395034866
стороны,NOUN,0.9752292359868683,24,0.8048031683720179,11,0.17042606761485035
стою,VERB,0.39929175376892,1,0.20663523289840627,16,0.19265652087051374
стоял,VERB,0.8173063397407531,1,0.2193625163209311,15,0.597943823419822
стояла,VERB,0.12646571702013368,3,0.2130391838382864,19,-0.08657346681815273
стоят,VERB,0.2981924116611475,2,0.5269019796554246,12,-0.2287095679942771
страже,NOUN,0.5479224249720566,2,0.002309623449400369,5,0.5456128015226562
страха,NOUN,0.5435183855394516,3,0.17441571165414504,17,0.3691026738853066
страхом,NOUN,0.49967875927686667,5,0.23135796054372176,11,0.2683207987331449
страшен,ADJS,0.027772667817771,2,0.2516860153879911,17,-0.22391334757022013
страшная,ADJF,0.066235041245818,2,0.07352690290341894,24,-0.007291861657600943
страшно,ADVB,0.014533621304767874,7,0.04835322408440574,19,-0.033819602779637865
страшное,ADJF,0.17555504354337803,3,0.12014524368115541,17,0.05540979986222262
страшной,ADJF,0.6984970048069951,4,0.1173853656528079,8,0.5811116391541872
страшный,ADJF,0.006169361062347001,1,0.06909114823351248,21,-0.06292178717116548
строго,ADVB,0.5308465659618375,2,0.12041925509286261,11,0.41042731086897494
стряслось,VERB,0.001293719629757,1,0.011082724315326586,29,-0.009789004685569586
стыда,NOUN,0.06987991525481067,3,0.31797034853880146,10,-0.24809043328399077
стыдно,ADVB,0.5989922271931869,17,0.11473759334985471,25,0.48425463384333217
судить,INFN,0.5359558194875714,5,0.30879522096522344,13,0.227160598522348
судьба,NOUN,0.045181662309914335,3,0.17700799181121865,14,-0.13182632950130432
судя,GRND,0.9958263933658595,4,0.9935390576720233,8,0.002287335693836212
сумасшедшая,ADJF,0.38175058364868103,1,0.034729119695839174,19,0.34702146395284184
сумасшедший,ADJF,0.129055753350257,1,0.0362841157813132,16,0.09277163756894381
сумеем,VERB,0.019067343324422,1,0.02134730449636493,14,-0.002279961171942929
сумел,VERB,0.138501197099685,1,0.07791044472105513,8,0.060590752378629875
сумели,VERB,0.0027723291423170002,1,0.037887603658923664,9,-0.03511527451660666
сути,NOUN,0.3960841198762253,3,0.31201063661622636,3,0.08407348325999897
суть,VERB,0.04876799317675472,7,0.325687568300054,12,-0.2769195751232993
существу,NOUN,0.00563110562507,3,0.03327616746537367,3,-0.027645061840303672
сущности,NOUN,0.121435114461928,5,0.00728157727644396,2,0.11415353718548404
сфере,NOUN,0.000133536566863,1,0.1535274663008746,5,-0.1533939297340116
сходил,VERB,0.9850085377693171,2,0.2067827474399416,19,0.7782257903293754
счастье,NOUN,0.5441032176216439,6,0.2641925476309548,16,0.27991066999068914
счастью,NOUN,0.7002645492553706,5,0.0075035015106545006,2,0.6927610477447161
счел,VERB,0.504391431808471,1,0.2902093373239036,5,0.21418209448456743
счет,NOUN,0.7400155961513513,10,0.7405883180243623,7,-0.0005727218730110506
счета,NOUN,0.23131893111276378,5,0.4804028433102824,13,-0.2490839121975186
счете,NOUN,0.327913463115692,1,0.3354981073704642,3,-0.007584644254772177
счетом,NOUN,0.7874558458786393,8,0.4336856994237413,7,0.35377014645489796
счету,NOUN,0.6578568018351987,3,0.40107125008944394,10,0.25678555174575474
считает,VERB,0.844051301479339,1,0.004990031671089,3,0.83906126980825
считал,VERB,0.50650554895401,1,0.22269260282628195,10,0.28381294612772806
считали,VERB,0.8104066848754881,1,0.3036219373345369,10,0.5067847475409512
считанные,PRTF,0.45588528811931567,5,0.4899525396520563,11,-0.03406725153274065
считать,INFN,0.9911804914474486,5,0.373211358301341,10,0.6179691331461076
считая,GRND,0.7814360916614529,5,0.31113886826399934,3,0.47029722339745356
съел,VERB,0.997085380554199,5,0.09788940154612613,12,0.8991959790080729
сюда,ADVB,0.6956136603457703,4,0.25247112947346767,11,0.44314253087230265
т,ADVB,0.9998395442962645,2,0.5049946494873433,8,0.49484489480892124
та,ADJF,0.9336782842874523,4,0.3401878700949758,9,0.5934904141924764
так,CONJ,0.7123880277018113,329,0.556228123457493,13,0.15615990424431836
такая,ADJF,0.560416967531182,16,0.38721980128320826,19,0.1731971662479737
также,PRCL,0.5014045766808765,11,0.06217953955404302,14,0.4392250371268334
таки,PRCL,0.00029850838473000004,1,0.3436838655987646,13,-0.3433853572140346
такие,ADJF,0.43490151724276593,13,0.48446734443954753,23,-0.0495658271967816
таким,ADJF,0.7845896307159869,17,0.3254021802917121,5,0.4591874504242748
таких,ADJF,0.9219611883163451,1,0.33397703234536097,13,0.5879841559709842
таков,ADJS,0.6915133570631341,3,0.09072488477532775,9,0.6007884722878063
таковой,ADJF,0.7294884771108623,4,0.04199004729646983,6,0.6874984298143925
такого,ADJF,0.6153234802186486,4,0.30786200063666885,10,0.3074614795819797
такое,ADJF,0.8061561360955235,8,0.4343932094634507,16,0.3717629266320728
такой,ADJF,0.6534083257997177,41,0.5070176006040786,11,0.14639072519563912
такт,NOUN,0.6514184226592378,3,0.0668537280084815,4,0.5845646946507563
такую,ADJF,0.995937168598175,2,0.30057177184657563,11,0.6953653967515994
там,ADVB,0.6722457192000989,47,0.25186003204189966,19,0.42038568715819924
твои,ADJF,0.45325985550880404,1,0.20743374461744632,23,0.24582611089135772
твоя,ADJF,0.098686216253554,2,0.19596362834363346,20,-0.09727741209007945
те,ADJF,0.9764956086874006,4,0.4063648662035459,8,0.5701307424838546
тебе,NPRO,0.39937965609133197,10,0.19450460150837845,25,0.20487505458295352
текстом,NOUN,0.9969202776749925,6,0.42912818584591117,8,0.5677920918290813
текущий,ADJF,0.0317870359867805,2,0.07782746718294184,6,-0.04604043119616134
теле,NOUN,0.1444069982050367,3,0.18672796321698076,7,-0.04232096501194407
тело,NOUN,0.996603111426035,3,0.21805927140812825,5,0.7785438400179068
телом,NOUN,0.694060385227203,3,0.2767684069597934,12,0.41729197826740966
тем,CONJ,0.8576350724851743,53,0.6312107754250363,6,0.226424297060138
теме,NOUN,0.0738773935940111,10,0.13611556701445243,14,-0.06223817342044133
темпе,NOUN,0.03833207417392254,2,0.002237036358565,1,0.036095037815357535
тему,NOUN,0.46405201165803805,14,0.14786485336315433,22,0.31618715829488375
темы,NOUN,0.277977182452256,3,0.21392257534704742,15,0.06405460710520858
тени,NOUN,0.360675203800201,5,0.18525907089770002,13,0.175416132902501
теперь,ADVB,0.6840928584337232,5,0.20758925890596913,31,0.4765035995277541
тепло,ADVB,0.14489955703417434,3,0.1692320609664643,16,-0.024332503932289945
теста,NOUN,0.7532924513022103,3,0.31366897158376417,9,0.4396234797184462
тех,ADJF,0.8301302521179115,15,0.6729283457001047,6,0.15720190641780674
течение,NOUN,0.6774820327758784,5,0.0037821556907140005,1,0.6736998770851643
течением,NOUN,0.883703649044036,3,0.42938411338689664,11,0.45431953565713934
типа,NOUN,0.31881197094917263,5,0.05568484909498561,9,0.263127121854187
типу,NOUN,0.6950097501277919,5,0.5001167408190663,4,0.19489300930872555
тихий,ADJF,0.0996676373179065,4,0.03385613034837485,13,0.06581150696953164
то,CONJ,0.8948107324439138,261,0.8275680045286808,6,0.067242727915233
тогда,ADVB,0.9054746419191357,10,0.05372124662116016,17,0.8517533952979756
того,ADJF,0.9228654598868378,132,0.4166567535430653,4,0.5062087063437725
тоже,PRCL,0.6514898662765818,12,0.16525740429400035,24,0.4862324619825814
той,ADJF,0.9100852012634272,16,0.6468359045684335,4,0.26324929669499364
толк,INTJ,0.903977131301706,11,0.5776119687555664,18,0.32636516254613956
толком,ADVB,0.6177291267861921,6,0.17498223137666966,17,0.4427468954095224
толку,NOUN,0.8009769141674038,5,0.24897962126933273,29,0.5519972928980711
толпа,NOUN,0.915299177169799,1,0.2194235027360434,21,0.6958756744337556
толпу,NOUN,0.081614650785923,1,0.13008958816761929,9,-0.04847493738169628
толпы,NOUN,0.540709376335144,1,0.1397883842908333,12,0.40092099204431075
толщиной,NOUN,0.356777817010879,1,0.5172459186084908,7,-0.16046810159761177
только,ADVB,0.6542004567784844,178,0.38236070562464447,15,0.2718397511538399
том,ADJF,0.9783850773876785,51,0.8983928305762151,7,0.07999224681146344
тому,ADJF,0.9824399886460136,29,0.5376551426947114,10,0.4447848459513022
тонны,NOUN,0.17156566286175753,5,0.3044540301780211,10,-0.13288836731626355
торопиться,INFN,0.615314424037933,1,0.05481278782447998,25,0.5605016362134531
тот,ADJF,0.9294076363245641,12,0.6146980616774398,7,0.31470957464712435
тотчас,ADVB,0.0015969593443511316,5,0.001395414539471203,15,0.00020154480487992866
точка,NOUN,0.041678038262761605,5,0.40153164919926554,18,-0.3598536109365039
точки,NOUN,0.9995619773864742,5,0.7550205651670691,5,0.24454141221940517
точку,NOUN,0.6604472286999221,9,0.5961774442488706,17,0.06426978445105147
точнее,CONJ,0.41219854727387356,2,0.059185549616813,3,0.35301299765706057
точно,ADVB,0.44697061044418956,21,0.2195751987543185,20,0.22739541168987107
точности,NOUN,0.5889912939164783,4,0.0895145350198915,6,0.4994767588965868
тошно,ADJS,0.32971623239573045,5,0.055228167903875594,26,0.27448806449185487
тощий,ADJF,0.0008306091185653334,3,0.019486492206055563,10,-0.01865588308749023
трава,NOUN,0.9999583959579461,1,0.3489306505348805,11,0.6510277454230656
требованиям,NOUN,0.8161103427410121,4,0.5782002285122867,6,0.23791011422872543
треском,NOUN,0.3760866267548404,8,0.236090649074564,3,0.13999597768027638
трети,NOUN,0.914941370487213,1,0.254048488932312,10,0.660892881554901
треть,NOUN,0.354522675275802,1,0.06861995952203825,4,0.28590271575376375
третьем,ADJF,0.8021359841028843,3,0.2673729198674357,9,0.5347630642354486
три,NUMR,0.9692068472504612,8,0.2794933199184011,16,0.6897135273320602
триста,NUMR,0.001123958849348,2,0.11703403118508464,16,-0.11591007233573664
труд,NOUN,0.868101608753204,5,0.23774970080756355,11,0.6303519079456404
труда,NOUN,0.7839347254484889,8,0.3698822108563033,8,0.41405251459218556
трудом,NOUN,0.9685963193575539,6,0.5291317403316494,3,0.4394645790259044
труп,NOUN,0.921089430650075,3,0.10206201506152815,20,0.8190274155885469
туда,ADVB,0.7801055220934354,16,0.4103981386870141,17,0.36970738340642134
тут,ADVB,0.5685153291763166,46,0.299359256898169,25,0.26915607227814764
тучи,NOUN,0.686667382717132,1,0.0600672411064804,8,0.6266001416106516
ты,NPRO,0.6299478004996971,18,0.39670531189238445,22,0.23324248860731267
тыл,NOUN,0.46812495589256237,3,0.08605012472198663,10,0.3820748311705757
тыла,NOUN,0.3027814310044045,4,0.15077679175647032,9,0.1520046392479342
тылу,NOUN,0.5447749321348959,5,0.2678035791310923,3,0.2769713530038036
тысячи,NOUN,0.1318556447513395,2,0.3604190587130784,9,-0.22856341396173888
тьма,NOUN,0.501343724507023,4,0.13710296003929565,14,0.36424076446772735
тяжелым,ADJF,0.36179590970277753,2,0.10530921326911351,12,0.256486696433664
тянул,VERB,0.8531546081815442,7,0.10671329550789034,18,0.7464413126736539
тянуть,INFN,0.6600901186466216,2,0.07266240425299922,24,0.5874277143936224
у,PREP,0.9404119426646814,277,0.6671569595734275,9,0.27325498309125396
убить,INFN,0.2531672046557101,4,0.23792666580993638,24,0.015240538845773699
уверенностью,NOUN,0.6254224696507055,3,0.009022247046232001,1,0.6164002226044735
увидите,VERB,0.7051007449626916,2,0.31697829386776893,19,0.38812245109492266
увидишь,VERB,0.996633768081665,1,0.31367105650029475,28,0.6829627115813703
увы,INTJ,0.11975780261564022,5,0.04246125474590046,13,0.07729654786973975
угла,NOUN,0.9974017515778536,8,0.29262480967650695,17,0.7047769419013467
углом,NOUN,0.7845345524450139,6,0.30865444777817935,18,0.47588010466683456
углу,NOUN,0.611296067635218,3,0.2525075317119345,19,0.3587885359232835
угодно,ADJS,0.6704888463758955,29,0.5885599542486788,15,0.08192889212721666
угол,NOUN,0.9989913702011106,5,0.48446302900057503,7,0.5145283412005356
удалось,VERB,0.7735520601272579,6,0.54307667310867,9,0.23047538701858783
ударе,NOUN,0.044403637759387,3,0.604884939242361,9,-0.5604813014829739
удивление,NOUN,0.5055526047945016,2,0.1173380490189836,13,0.388214555775518
удовольствие,NOUN,0.9786174893379207,3,0.5029997688397995,12,0.47561772049812123
удовольствием,NOUN,0.6130177229642866,4,0.36950153430613325,9,0.24351618865815333
уж,ADVB,0.6606651118406762,90,0.33975510509820467,30,0.32091000674247155
ужас,NOUN,0.8368460834026336,4,0.10125456980537001,13,0.7355915135972635
ужасная,ADJF,0.020866433158516003,1,0.03561909711182389,18,-0.01475266395330789
ужасно,ADVB,0.005341436314795144,7,0.01783854346225129,27,-0.012497107147456148
ужасное,ADJF,0.029098286759108,2,0.04424167800652823,12,-0.01514339124742023
ужасной,ADJF,0.0017806562827900002,1,0.05472030570672308,14,-0.05293964942393308
ужасный,ADJF,0.137332528829574,1,0.03141657311318624,17,0.10591595571638776
уже,ADVB,0.6901322262085694,27,0.3354722818597411,24,0.3546599443488283
уйти,INFN,0.021625313907861002,1,0.21440688227303276,15,-0.19278156836517174
указ,NOUN,0.29085211642086467,3,0.3611228030858907,8,-0.070270686665026
уклониться,INFN,0.033367458730936,1,0.08659503461292029,7,-0.05322757588198428
укор,NOUN,0.03819816193426921,5,0.0186288718998638,11,0.019569290034405412
улицы,NOUN,0.8668005069096877,3,0.17938762188714427,16,0.6874128850225434
ум,NOUN,0.47518064081668804,3,0.22958551404776154,18,0.2455951267689265
ума,NOUN,0.9843428068690826,18,0.7150885891823625,22,0.2692542176867201
уме,NOUN,0.6114858898262561,13,0.3538973790645181,9,0.25758851076173794
умеет,VERB,0.2827589496970172,5,0.26865953297237816,12,0.014099416724639047
умеешь,VERB,0.8453399538993831,1,0.29895667167108564,29,0.5463832822282975
умел,VERB,0.457910269498825,1,0.3296090503819864,15,0.12830121911683862
умеют,VERB,0.010831270366907,1,0.24205821805766609,14,-0.23122694769075908
умом,NOUN,0.33202771842479634,3,0.26254636340422594,12,0.0694813550205704
уму,NOUN,0.13808215937266685,6,0.37683641553369546,11,-0.2387542561610286
умудрился,VERB,0.10434542043731157,5,0.1851797430620835,6,-0.08083432262477194
упор,NOUN,0.4108168064720097,9,0.3492380121250276,2,0.0615787943469821
урок,NOUN,0.5009256671182808,4,0.20545129049969513,16,0.29547437661858567
усилиями,NOUN,0.9637311697006224,3,0.3151872461239687,4,0.6485439235766537
условии,NOUN,0.9877705425024028,4,0.007721005473285001,2,0.9800495370291178
условиям,NOUN,0.5605459555983539,5,0.6299213918724228,7,-0.06937543627406895
условиях,NOUN,0.7209721565246578,5,0.8941270112991331,2,-0.17315485477447523
услугами,NOUN,0.9241385817527767,5,0.5681156345672205,5,0.35602294718555627
успехом,NOUN,0.9973752617835997,5,0.8879499398171896,8,0.10942532196641008
уст,NOUN,0.9978839556376133,3,0.05661254325720376,7,0.9412714123804096
уста,NOUN,0.9975416262944533,3,0.04574029478826501,5,0.9518013315061883
устах,NOUN,0.46010287703635755,6,0.023799788439646,2,0.4363030885967116
устроила,VERB,0.723035633563995,1,0.21912376843956688,20,0.5039118651244281
устроили,VERB,0.04298652382567475,4,0.17182116481285392,16,-0.12883464098717917
утверждению,NOUN,0.014143741689622001,2,0.016809111461042834,6,-0.0026653697714208325
утра,NOUN,0.8357930444180961,8,0.5302311313649014,15,0.3055619130531947
уха,NOUN,0.9263247549533841,2,0.37164572881738384,12,0.5546790261360002
уходит,VERB,0.7351526916027066,2,0.3049910491099576,10,0.43016164249274896
учетом,NOUN,0.6858265846967694,3,0.5891169533133503,3,0.09670963138341904
ушел,VERB,0.34266087412834156,2,0.17663443089674807,14,0.1660264432315935
уши,NOUN,0.38285915729486236,9,0.2997103704041551,19,0.08314878689070726
ушли,VERB,0.8486645221710201,1,0.3183286615067592,19,0.5303358606642609
ущерб,NOUN,0.9607802331447596,2,0.5091844036554294,6,0.4515958294893302
факт,NOUN,0.2100136073306198,5,0.4347713597946694,9,-0.2247577524640496
фи,INTJ,0.6441334933042521,2,0.014681844253936422,5,0.6294516490503157
фиг,NOUN,0.015459228307008,1,0.0640981891927666,24,-0.04863896088575859
флагом,NOUN,0.10966216027736635,3,0.4094630627527785,11,-0.29980090247541213
фонтан,NOUN,0.0274620622512878,5,0.03043161413866788,12,-0.00296955188738008
форме,NOUN,0.3177861785516139,7,0.133049070835113,2,0.1847371077165009
форму,NOUN,0.9180139899253843,4,0.0344384169843071,9,0.8835755729410772
фронте,NOUN,0.977520421147346,4,0.0304010684679568,15,0.9471193526793893
фрукт,NOUN,0.023507457959567293,3,0.03619089526493964,20,-0.012683437305372348
характер,NOUN,0.9467672586441036,5,0.5601309663616117,8,0.38663629228249186
характеризуется,VERB,0.08807914043791235,2,0.11553438601549665,8,-0.027455245577584303
хватает,VERB,0.6512897663882795,7,0.5222075522469819,16,0.1290822141412976
хватало,VERB,0.6736213761297134,11,0.538036886970267,19,0.13558448915944643
хватило,VERB,0.7803350205533204,10,0.3994429050397589,25,0.3808921155135615
хватит,VERB,0.6271513344157328,24,0.35591419640843847,27,0.2712371380072943
хватить,INFN,0.975146412849426,1,0.6815751013904806,25,0.29357131145894544
хвост,NOUN,0.9674961566925047,5,0.2347318590156644,10,0.7327642976768403
хвоста,NOUN,0.04551388519564823,3,0.11174930516426657,11,-0.06623541996861834
хвосте,NOUN,0.22471065833233245,5,0.21794055603626367,14,0.006770102296068781
хвостом,NOUN,0.08562788335530039,4,0.2883441555076156,16,-0.20271627215231522
хлеба,NOUN,0.993436197439829,3,0.17983215247792136,13,0.8136040449619076
хлебом,NOUN,0.9943763017654415,3,0.11421137321000896,14,0.8801649285554325
хлоп,INTJ,0.015871738024816107,5,0.1401078473857067,20,-0.12423610936089059
ходил,VERB,0.43034697137773004,2,0.0852213936159382,16,0.34512557776179187
ходили,VERB,0.8129507303237911,1,0.5226902116555715,12,0.29026051866821956
ходит,VERB,0.6792854070663451,1,0.3416261933937975,15,0.3376592136725476
ходить,INFN,0.9541221062342323,6,0.27371102196997,23,0.6804110842642623
ходом,NOUN,0.7696191618839895,6,0.790583584271371,10,-0.0209644223873815
ходу,NOUN,0.5418213613205197,24,0.1693261194042856,5,0.3724952419162341
ходьбы,NOUN,0.6254672308762864,3,0.11840973777205843,7,0.507057493104228
ходят,VERB,0.677624630928039,5,0.29630543136921544,22,0.3813191995588236
холодно,ADVB,0.9484796921412147,3,0.16265370673181637,27,0.7858259854093984
хором,ADVB,0.12749338738067276,5,0.2539820133350158,21,-0.12648862595434304
хорош,ADJS,0.3189285207384572,12,0.10956781928931937,24,0.20936070144913782
хороша,ADJS,0.7464342725773646,6,0.24201094121154754,18,0.5044233313658171
хорошей,ADJF,0.9849895477294917,5,0.16660611267091976,17,0.8183834350585719
хороши,ADJS,0.6521758983532584,3,0.205739214873084,13,0.4464366834801744
хорошо,ADVB,0.1743118473225166,9,0.22099674722671248,18,-0.04668489990419589
хотел,VERB,0.6046322554911427,17,0.32013732267369005,20,0.2844949328174527
хотела,VERB,0.7861353695392606,5,0.42070004673053774,15,0.3654353228087228
хотелось,VERB,0.041121665388345004,1,0.522912382317537,11,-0.481790716929192
хотите,VERB,0.6653075271419111,7,0.4615392851687608,21,0.2037682419731503
хоть,PRCL,0.67245621130952,79,0.3894525866832863,14,0.28300362462623374
хотя,CONJ,0.7385739644596465,16,0.02136466120403642,12,0.71720930325561
хотят,VERB,0.9522829651832581,1,0.2926976371269955,13,0.6595853280562626
хочет,VERB,0.7381341122090813,4,0.2986750728027382,11,0.4394590394063431
хочется,VERB,0.3452712688595053,4,0.1814737930544647,16,0.16379747580504062
хочешь,VERB,0.7534412589262828,22,0.445384943811487,22,0.30805631511479575
хочу,VERB,0.6701198553200808,16,0.3228689447737097,26,0.3472509105463711
хрен,NOUN,0.18519932000587336,6,0.10550413419350621,20,0.07969518581236715
хрена,NOUN,0.40827928483486126,4,0.3031117974210891,28,0.10516748741377213
христа,NOUN,0.7543314117938276,6,0.251840541682516,9,0.5024908701113115
хуже,COMP,0.7680193067274307,11,0.20624032065970782,15,0.5617789860677229
цвета,NOUN,0.5123541364446278,4,0.6321416344493624,10,-0.11978749800473465
целиком,ADVB,0.9635679721832271,3,0.05615551842876258,7,0.9074124537544646
целую,ADJF,0.5726180822322406,7,0.2381920292973513,14,0.33442605293488936
целый,ADJF,0.5473454557359215,4,0.33081020340323397,15,0.21653525233268756
целым,ADJF,0.916217267513275,1,0.11489066349652867,6,0.8013266040167464
целыми,ADJF,0.527273952960968,1,0.7326580153700579,9,-0.2053840624090899
целых,ADJF,0.2637310283413772,6,0.1522199209139213,16,0.11151110742745587
целью,NOUN,0.9636654814084369,15,0.8454891741275785,2,0.11817630728085837
цена,NOUN,0.9480137030283607,3,0.2554382912348952,11,0.6925754117934655
цене,NOUN,0.2150490716099736,5,0.5595171712791646,9,-0.34446809966919095
ценой,NOUN,0.9591548334468492,11,0.4527935196948415,10,0.5063613137520077
центре,NOUN,0.978088021278381,5,0.45040426999548755,8,0.5276837512828935
цены,NOUN,0.21147096613033933,3,0.5348887830972671,5,-0.32341781696692773
час,NOUN,0.7458839954984979,29,0.36916773114816387,22,0.37671626435033406
часа,NOUN,0.8182863394419351,3,0.3772975937463339,20,0.44098874569560115
часами,ADVB,0.052867781370878004,1,0.17417234912136279,12,-0.12130456775048479
часах,NOUN,0.9670498371124261,1,0.6880968891523981,9,0.278952947960028
часов,NOUN,0.5975841954350465,4,0.44379085086984504,10,0.15379334456520144
часом,NOUN,0.001386343833776838,3,0.3071860190636164,21,-0.3057996752298396
части,NOUN,0.9836797475814814,5,0.5103351434663634,8,0.4733446041151179
часть,NOUN,0.22135532647371253,2,0.3627743398925906,12,-0.14141901341887808
часу,NOUN,0.8781487643718716,6,0.3803436539012178,20,0.4978051104706538
чего,NPRO,0.804864406613915,99,0.5620064399040793,17,0.24285796670983573
человек,NOUN,0.7219042032957073,6,0.45142221502545765,9,0.2704819882702496
человека,NOUN,0.8896099448204039,5,0.24406686092593802,7,0.6455430838944659
чем,CONJ,0.8080423654997744,67,0.6270291775226186,17,0.18101318797715582
чему,NPRO,0.9246271836757656,25,0.7335258249193429,5,0.19110135875642265
черед,NOUN,0.21096269538005133,3,0.34510404864253086,20,-0.13414135326247953
через,PREP,0.7453967261371078,46,0.7502629732092219,12,-0.004866247072114027
чересчур,ADVB,0.00043256059871000005,1,0.02260256031180032,12,-0.02216999971309032
черный,ADJF,0.5494366784890491,3,0.19180206237360795,15,0.3576346161154411
черт,NOUN,0.391087375327414,36,0.3977645061188372,25,-0.00667713079142318
черта,NOUN,0.5127387578341811,19,0.19051391315245636,15,0.32222484468172474
чертов,ADJS,0.00775253213942,1,0.07888686816925912,15,-0.07113433602983912
чертовой,ADJF,0.6689371963342028,3,0.908970681019127,16,-0.24003348468492425
чертовски,ADVB,0.020428228599484503,4,0.015428227190568225,15,0.005000001408916278
черту,NOUN,0.6053999920952174,21,0.3353739553632032,7,0.27002603673201425
чести,NOUN,0.6281803481369497,21,0.38003338432331013,11,0.24814696381363954
честно,ADVB,0.8538514971733091,1,0.23560991705744488,16,0.6182415801158643
честное,ADJF,0.8813008219003673,4,0.25060440093996733,9,0.6306964209604
честь,NOUN,0.9149699823132579,14,0.3329432055621505,20,0.5820267767511074
честью,NOUN,0.35088429600000337,3,0.2686732298013964,13,0.08221106619860696
чета,NOUN,0.5323281302116808,8,0.04180860086437704,7,0.49051952934730375
четверти,NOUN,0.631163299083709,1,0.308563672821037,9,0.322599626262672
четверть,NOUN,0.275028407573699,1,0.08776620720745956,10,0.18726220036623945
четыре,NUMR,0.9764265219370521,3,0.3404716445133086,10,0.6359548774237436
четырех,NUMR,0.9215446909268694,3,0.029346121275531,7,0.8921985696513384
чинов,NOUN,0.006180203054099667,3,0.2126923348274429,5,-0.20651213177334324
числа,NOUN,0.7613115221261972,5,0.18377991641561145,9,0.5775316057105858
число,NOUN,0.9960323770840956,3,0.24670704205830837,6,0.7493253350257872
числом,NOUN,0.8425538182258603,5,0.271695050927519,4,0.5708587672983413
числу,NOUN,0.38312941747717505,5,0.4033881870370043,9,-0.02025876955982925
чистое,ADJF,0.22941726446151703,1,0.04998956884744274,11,0.1794276956140743
чистой,ADJF,0.5328930187970398,4,0.3363656180299581,14,0.19652740076708164
чистом,ADJF,0.9062230189641314,3,0.37595401771977727,16,0.530269001244354
чистый,ADJF,0.6591016973058377,3,0.06487967376112126,12,0.5942220235447164
чистым,ADJF,0.20938806235790233,3,0.22213948975481498,17,-0.012751427396912651
чрезвычайно,ADVB,0.004971361592954667,3,0.012177500229881375,8,-0.007206138636926708
что,CONJ,0.8759517907855134,851,0.7884840138933871,11,0.08746777689212637
чтоб,CONJ,0.7696042921808027,9,0.11730491361231504,24,0.6522993785684876
чтобы,CONJ,0.8282799500163153,193,0.7396846562623971,10,0.08859529375391817
чувств,NOUN,0.7041225433349604,3,0.1686960138072853,7,0.5354265295276751
чувствах,NOUN,0.9995869596799207,3,0.6325267257375845,9,0.3670602339423362
чувством,NOUN,0.9794661601384478,3,0.566953260705552,11,0.4125128994328958
чудо,NOUN,0.13727298518642728,4,0.14240722868602074,11,-0.0051342434995934605
чудом,ADVB,0.2743525779806072,5,0.1958006072739437,14,0.0785519707066635
чужд,ADJS,0.10088970419019401,3,0.18453429681228134,7,-0.08364459262208733
чужими,ADJF,0.523580240706602,3,0.09797771209341563,10,0.42560252861318637
чужих,ADJF,0.6194976369539894,3,0.11600526298279831,10,0.5034923739711911
чужой,ADJF,0.3153530185421304,3,0.0962039476962873,14,0.21914907084584306
чур,INTJ,0.2703341179061674,5,0.13841753267133702,10,0.13191658523483038
чуть,ADVB,0.5006022644251057,30,0.3626924655400212,14,0.13790979888508448
шаг,NOUN,0.8569864511489864,5,0.633829678275755,7,0.22315677287323143
шага,NOUN,0.027967138254704007,3,0.542327194086586,12,-0.514360055831882
шагами,NOUN,0.9931842684745784,3,0.642417830228805,5,0.35076643824577336
шагов,NOUN,0.12756289188594802,3,0.25393984427209887,15,-0.12637695238615085
шагом,NOUN,0.9997054934501648,3,0.9030335166237567,11,0.09667197682640805
шагу,NOUN,0.6620362460613246,10,0.36348262434815554,12,0.29855362171316907
шансы,NOUN,0.7974824070930479,5,0.5420303386636073,12,0.25545206842944057
шел,VERB,0.06361644715070701,1,0.2251082489415739,9,-0.16149180179086692
шею,NOUN,0.565520286560058,2,0.2176166003864633,8,0.34790368617359474
шириной,NOUN,0.9179335832595821,1,0.2575413286220277,10,0.6603922546375544
ширину,NOUN,0.9081554412841796,2,0.39172290551578015,10,0.5164325357683994
широкую,ADJF,0.8169915492956833,6,0.156707236223155,8,0.6602843130725283
шквал,NOUN,0.4268773474032053,4,0.18197837036859657,16,0.24489897703460875
школьной,ADJF,0.9978847304979958,3,0.2236408274620766,10,0.7742439030359192
шкуру,NOUN,0.15955082451303768,3,0.13480468350947625,12,0.024746141003561428
шли,VERB,0.38512194156646684,5,0.3572627524327896,9,0.027859189133677242
шло,VERB,0.999953428904215,3,0.3769206978271108,17,0.6230327310771042
шутка,NOUN,0.11558208156202426,4,0.09453653240091468,14,0.02104554916110958
шутки,NOUN,0.9982072114944458,3,0.03779382588323775,21,0.960413385611208
шутку,NOUN,0.7121735829859968,8,0.21424964407636524,12,0.4979239389096315
щеки,NOUN,0.9984051386515294,3,0.13990694121457592,14,0.8584981974369534
эдак,ADVB,0.49510796368122056,2,0.09547469941079086,12,0.3996332642704297
эпоху,NOUN,0.7364476695656771,4,0.44420948625520357,8,0.2922381833104735
эта,ADJF,0.6183009892702096,2,0.4111603433598892,14,0.2071406459103204
эти,ADJF,0.685072270887238,7,0.38600495897910764,11,0.29906731190813035
этим,NPRO,0.9345037460327145,5,0.5306767821311946,11,0.40382696390151984
этих,ADJF,0.003426014212891,1,0.2173257688991721,10,-0.2138997546862811
это,PRCL,0.6870265339576399,161,0.5575414833923177,21,0.12948505056532222
этого,NPRO,0.6615117746405298,8,0.4636110370978708,15,0.19790073754265897
этой,ADJF,0.14813703298568667,3,0.5282895278472164,13,-0.3801524948615297
этом,NPRO,0.7998026192188259,5,0.6227767359465356,20,0.1770258832722903
этот,ADJF,0.637410682372071,11,0.5167009864955229,19,0.12070969587654812
эту,ADJF,0.7253859043121336,2,0.38803712045773825,16,0.3373487838543953
эх,INTJ,0.26576612330973104,5,0.23471507908931594,30,0.031051044220415103
юге,NOUN,0.185542583465576,1,0.17746772969581334,9,0.008074853769762663
я,NPRO,0.8888330389010275,38,0.599201987404376,20,0.28963105149665147
язык,NOUN,0.9517281726002689,8,0.4763169928284528,11,0.4754111797718161
яйца,NOUN,0.9960351387659704,3,0.4516581212270205,7,0.54437701753895
ясен,ADJS,0.803495198488235,2,0.11216444554069961,21,0.6913307529475354
ясно,ADVB,0.46914326399564693,8,0.3031361631842118,9,0.1660071008114351
ясное,ADJF,0.06922753155231401,1,0.036513304782298535,12,0.032714226770015474
ящик,NOUN,0.9989956021308898,3,0.1471801655227731,7,0.8518154366081166
