form,mean_in,count_in,mean_out,count_out,diff
адрес,0.4593968125735352,5,0.2043330744242493,18,0.2550637381492859
адресу,0.7464672087753713,3,0.4057543489271758,12,0.3407128598481955
ай,0.9829153937272053,6,0.20763753231360332,35,0.775277861413602
аккурат,0.0721289987606544,5,0.008855725123887359,15,0.06327327363676705
ан,0.274910448874207,5,0.2255056432183485,12,0.0494048056558585
африке,0.8230318803642624,5,0.1283033500691547,20,0.6947285302951077
б,0.12674879537264136,6,0.1338939394857137,10,-0.007145144113072349
бабушке,0.08779631280986933,3,0.07226298177800458,20,0.015533331031864744
баран,0.002465782290972,1,0.02948097750049282,15,-0.02701519520952082
бе,0.9570187123286441,5,0.12376233575398118,7,0.8332563765746629
бегу,0.1243101116188404,5,0.08770212404036004,21,0.036607987578480355
беда,0.10976595129262251,4,0.15696751491554822,32,-0.04720156362292571
бедных,0.05338526335546641,5,0.152700682516054,11,-0.0993154191605876
беду,0.354592025617897,3,0.1511608022282326,18,0.20343122338966438
безмерно,0.024875693743711003,1,0.010869198316861117,10,0.014006495426849886
безо,0.24653077809196802,5,0.1974521170491977,14,0.04907866104277031
белый,0.6848580215644956,6,0.33071863655710215,15,0.35413938500739345
берегу,0.0040344831796256,5,0.2651438443242188,12,-0.26110936114459316
берет,0.45766622421728237,3,0.25197337159980926,12,0.2056928526174731
бесконечно,0.0012409467180480001,2,0.15867419921184495,14,-0.15743325249379694
бесконечное,0.944991892899646,1,0.11582441273616438,11,0.8291674801634816
беспорядке,0.18446108578014372,3,0.016395992232958,3,0.1680650935471857
бишь,0.10991137929902202,5,0.0055029868588584215,9,0.1044083924401636
благо,0.5761378937567586,15,0.013208080528914624,16,0.562929813227844
благодарю,0.981672600640449,3,0.5295640010818885,9,0.45210859955856053
близка,0.574079816197509,3,0.2649459075631196,17,0.30913390863438944
близки,0.8707539943101286,2,0.29210506469859177,14,0.5786489296115368
близко,0.7440002939585968,3,0.3276645615446477,13,0.4163357324139491
близок,0.7714718947248617,5,0.15288282524681227,16,0.6185890694780494
бог,0.4296982384007633,71,0.29694925004253775,24,0.13274898835822557
бога,0.39494697780960675,10,0.3158061803149084,13,0.07914079749469832
богом,0.5176022812712451,3,0.16453194199074989,13,0.3530703392804952
боем,0.23069233781745835,3,0.3686839670652048,18,-0.13799162924774644
боже,0.3378626246484148,5,0.4334051417621521,30,-0.09554251711373729
божий,0.8553353424887739,3,0.1106183000932532,11,0.7447170423955206
божьей,0.27566143579850705,1,0.015605510052253501,2,0.2600559257462535
боится,0.9817112523780216,2,0.16814538925672715,20,0.8135658631212944
бок,0.9943301921973328,15,0.4584268906909977,14,0.535903301506335
бокам,0.633532861315303,3,0.2941999307816943,10,0.33933293053360863
боком,0.2686294641796415,6,0.16817467101336808,13,0.10045479316627343
боку,0.940908087873432,5,0.0388858817225974,14,0.9020222061508346
более,0.8997422489950048,30,0.4944590980268094,13,0.4052831509681954
болел,0.43313493009042103,1,0.2383136238214442,19,0.19482130626897684
болела,0.010919758803680001,1,0.17341831395840132,24,-0.1624985551547213
боли,0.7053047191295858,5,0.2632388860214946,15,0.4420658331080912
болит,0.7388684536138025,7,0.32920550364679146,30,0.409662949967011
больше,0.4692604758623218,27,0.6115274809240017,19,-0.14226700506167989
большей,0.9942641151123667,5,0.6315429940593102,5,0.36272112105305643
большие,0.9397101808954877,5,0.12409332306313602,12,0.8156168578323517
большим,0.942184348269049,3,0.40072566723314734,9,0.5414586810359017
большинстве,0.9073851742502265,8,0.33002264430359135,3,0.5773625299466352
большого,0.833935859613154,3,0.2261262619356964,9,0.6078095976774576
большое,0.621011755827613,3,0.3269951296980594,12,0.29401662612955365
большой,0.9160414218168326,5,0.08253223782760873,7,0.8335091839892238
большому,0.9992928740234571,1,0.3513888214993517,6,0.6479040525241054
борт,0.8498172629447891,2,0.24600693697820045,12,0.6038103259665887
бортом,0.920669863936696,1,0.2753329658458998,4,0.6453368980907963
боюсь,0.2605218642479862,5,0.15955639501093558,34,0.1009654692370506
боя,0.3245523544730566,5,0.3248155472149527,12,-0.0002631927418961233
боялась,0.364146091037438,1,0.12452587323708139,22,0.2396202178003566
боялись,0.9874547716283921,1,0.17567537384078993,18,0.8117793977876022
боялся,0.52732222719384,1,0.09464726740437092,22,0.4326749597894691
боятся,0.9904589636244331,1,0.1323331479502589,23,0.8581258156741742
брал,0.03069257721975367,3,0.05490808687390829,21,-0.02421550965415462
брат,0.8618917490458271,1,0.32546549381294004,18,0.5364262552328871
брать,0.9605001118992735,2,0.40356031514921625,16,0.5569397967500573
бросилась,0.663044170175578,2,0.16921393509334037,21,0.49383023508223767
бросились,0.8795709461518271,1,0.1098102452362885,13,0.7697607009155386
бросился,0.4232764097031187,3,0.04709694826060533,22,0.37617946144251335
будем,0.5109038819121485,6,0.4401450915327125,18,0.07075879037943605
буду,0.7690062376535368,4,0.3882724826172099,22,0.3807337550363269
будущем,0.7782118708876467,5,0.4368609385270362,9,0.3413509323606104
будьте,0.9623512886863734,6,0.7959346978099412,13,0.16641659087643224
буква,0.843230289619702,3,0.49297418332724896,17,0.3502561062924531
букву,0.9758209387402802,3,0.45877076290000657,17,0.5170501758402737
буквы,0.9939337793174806,5,0.24072461300629777,13,0.7532091663111828
бывает,0.9734856619647181,5,0.4225163060910307,18,0.5509693558736874
бывало,0.9912493282010463,10,0.05005681410989145,18,0.9411925140911548
был,0.8733511099175257,6,0.7388817225575405,14,0.13446938735998526
была,0.5930282059712767,3,0.5204747181994719,18,0.07255348777180481
были,0.793085118432272,1,0.5195843226743772,13,0.2735007957578949
было,0.8849596325827681,49,0.6427363836542848,17,0.24222324892848335
быстро,0.22537136055996781,5,0.22933626769670473,19,-0.003964907136736917
быть,0.9159710830078938,46,0.7289241407209931,12,0.18704694228690066
важности,0.28396008111270005,3,0.5549775844260662,12,-0.2710175033133661
валялся,0.994332284118402,3,0.05674167469814072,17,0.9375906094202613
вам,0.23497628550936056,9,0.22879777084572583,24,0.006178514663634727
вариант,0.3822170557937094,5,0.26843493449771183,10,0.11378212129599757
ваше,0.341850043324045,3,0.2679519938802498,18,0.07389804944379519
вверх,0.9109329518471896,11,0.3437072041952745,12,0.5672257476519151
вдвоем,0.019501493561652667,3,0.03516796482854593,21,-0.015666471266893262
вдвойне,0.0621075165635156,4,0.022330492238401802,17,0.03977702432511379
вдобавок,0.062164432571804006,2,0.00025456320750525844,2,0.06190986936429875
вдоль,0.5610581265915783,9,0.205149112248689,6,0.35590901434288924
ведома,0.1812082632239534,8,0.034647671835533876,5,0.1465605913884195
везет,0.2835212898702838,4,0.167280821252975,28,0.1162404686173088
века,0.29729655617666967,8,0.7705388914481405,12,-0.4732423352714708
веками,0.00011595533890400001,1,0.3065625505385215,8,-0.3064465951996175
веки,0.9901205572764343,15,0.45423587699964385,17,0.5358846802767905
веков,0.8462326556960267,13,0.3774203592686847,11,0.46881229642734196
велел,0.5106362343580536,5,0.13817837768089217,21,0.37245785667716147
велели,0.05490244804929234,3,0.03450643636758032,28,0.02039601168171202
великое,0.5618137687011281,5,0.0841407036048891,18,0.47767306509623897
величиной,0.08570915741566301,2,0.029775492301564187,11,0.05593366511409882
верится,0.6865876594541634,3,0.3355160182431354,25,0.351071641211028
вернее,0.08216073139527551,2,0.007595893027235501,4,0.07456483836804001
верной,0.7224075616422231,3,0.0279975831358724,10,0.6944099785063507
вероятно,0.05598473143588951,2,0.09004043853589554,5,-0.03405570710000603
вероятности,0.18933655779612002,2,0.07474306736241917,10,0.11459349043370085
верх,0.7639072525695899,5,0.37508207116617415,8,0.38882518140341576
вес,0.5629278054330489,11,0.34702746956267827,19,0.2159003358703706
весом,0.8847599978727356,4,0.25197173617884905,7,0.6327882616938866
весть,0.1455758126392602,5,0.2129518578215625,14,-0.06737604518230231
весу,0.21072682236400933,3,0.2862832167102923,11,-0.07555639434628295
ветром,0.9320671775509918,6,0.2422387306121986,12,0.6898284469387932
вечер,0.022099267887633,1,0.20064384521448556,17,-0.17854457732685255
вечера,0.6600148024797968,4,0.37151710511361785,12,0.288497697366179
вечность,0.8989403595618063,3,0.12893629675976864,13,0.7700040628020377
вечные,0.8917129879884749,5,0.03777049522775582,11,0.8539424927607191
вещей,0.6257878402467407,8,0.3562919217892252,15,0.2694959184575155
вещь,0.011711729520577668,3,0.21858891378160888,21,-0.20687718426103122
взад,0.9983460691435241,3,0.822794963686014,17,0.17555110545751007
взгляд,0.9701693959000044,14,0.058730056089141,4,0.9114393398108633
взгляда,0.775802407886661,3,0.34679179367977275,15,0.42901061420688824
вздумай,0.13210141586904134,3,0.10619382717896939,37,0.025907588690071953
взял,0.5016420076418814,9,0.17552177132663987,16,0.3261202363152415
взяла,0.7671535144135575,2,0.2735005944248548,18,0.4936529199887027
взялась,0.119291360490963,1,0.2320498136151979,23,-0.11275845312423488
взяли,0.7768908302144447,3,0.31525117883304643,14,0.4616396513813983
взялись,0.09034442856422101,1,0.30664545620510053,19,-0.21630102764087952
взялся,0.6610117760890656,5,0.2548865366599444,22,0.4061252394291212
взять,0.9083093670311883,19,0.23935679436850882,16,0.6689525726626795
взяться,0.9754660643048477,3,0.510356661930964,17,0.46510940237388376
вид,0.7518063337566228,31,0.5139105161606446,17,0.2378958175959781
видел,0.3525646488829744,3,0.2603584685334175,13,0.09220618034955691
видели,0.5999244104833765,5,0.2627253938720464,19,0.3371990166113301
видимо,0.09317099207836352,2,0.10091280858958766,15,-0.007741816511224145
видимости,0.3396092227850363,3,0.5772698448375491,8,-0.23766062205251276
видит,0.7184113182942087,5,0.2953270447338202,10,0.42308427356038847
видите,0.4540903983843826,7,0.33095297174109967,21,0.12313742664328292
видишь,0.36629458186375646,5,0.08275516264173005,16,0.2835394192220264
видно,0.7147231707666162,7,0.3583987540307069,14,0.35632441673590926
видом,0.6556124385847727,18,0.48932074301100054,6,0.16629169557377216
виду,0.701039456987791,24,0.7958564081238958,10,-0.09481695113610478
виды,0.8180879818511032,7,0.5899964182502466,9,0.22809156360085658
видят,0.5178429417309931,2,0.2612964573517836,19,0.2565464843792095
вижу,0.737154037068908,1,0.412449342437419,23,0.32470469463148904
вине,0.664047736415052,6,0.062057895195775176,11,0.6019898412192768
виноват,0.6276319151386445,8,0.4308460218123801,18,0.1967858933262644
виновата,0.9733952533373775,2,0.31955847835609397,21,0.6538367749812836
виноваты,0.9946717538269311,1,0.3960163389258731,22,0.5986554149010579
виной,0.9537265376629124,3,0.29175863954768505,10,0.6619678981152273
висел,0.047334369088454,2,0.14753263434269442,24,-0.10019826525424042
висела,0.3424208355483105,2,0.059016402389023795,14,0.2834044331592867
висели,0.387201018697978,1,0.05940972647573623,14,0.3277912922222418
висело,0.036175777953938004,1,0.10142752485872908,15,-0.06525174690479107
висит,0.6982411697063861,2,0.1440820084864268,17,0.5541591612199592
включает,0.9728762312830246,2,0.2366048049081166,7,0.736271426374908
включал,0.49870927217407907,2,0.1998661862856078,10,0.2988430858884713
вкупе,0.105801530983391,5,0.00026021270788200004,1,0.105541318275509
вкус,0.8183122479553872,5,0.38453833795514536,11,0.4337739100002418
вкусом,0.5608113391125775,4,0.22754891758695303,5,0.33326242152562446
вкусу,0.22695685985298064,8,0.707208909701671,1,-0.4802520498486904
власти,0.6098638664978933,8,0.4246657226911042,19,0.18519814380678906
вместе,0.8715913914592163,10,0.15338763239624756,13,0.7182037590629687
вне,0.7408110152755144,30,0.41476236233257263,10,0.3260486529429418
внезапно,0.061556793003173,1,0.06348878592883093,16,-0.0019319929256579327
вниз,0.8156997722858577,13,0.41383717020882094,20,0.4018626020770367
внимания,0.7988023573090397,10,0.6781422818789924,8,0.12066007543004731
во,0.9488474324708017,184,0.7618943029238877,16,0.186953129546914
вовсе,0.15776451437977518,5,0.0940295602946,4,0.06373495408517518
вода,0.9983035917570277,5,0.4699707898891635,10,0.5283328018678641
воды,0.9976334098314658,3,0.5509851916859723,14,0.4466482181454935
воздух,0.2636391067527175,4,0.5741659486392474,11,-0.3105268418865299
воздухе,0.006019302307406001,3,0.538567250938385,16,-0.532547948630979
возможности,0.9862684947720544,4,0.26224899215181546,7,0.724019502620239
возражает,0.11265830819029701,1,0.022686782840286978,17,0.08997152535001003
возражаете,0.32568069416570156,2,0.284517375624997,31,0.04116331854070454
возрасте,0.4796327863913314,5,0.021358609376611,2,0.4582741770147204
возьмет,0.6118374258873556,2,0.12316532591867832,22,0.4886720999686772
возьмешь,0.7989325525751458,4,0.09154694051676432,25,0.7073856120583815
возьми,0.6202429745672686,9,0.33752194102682287,25,0.28272103354044575
возьмите,0.0815479534740155,2,0.29788842548357763,10,-0.21634047200956213
возьму,0.041507329932506005,1,0.2553042016287272,37,-0.2137968716962212
возьмут,0.001429094837408,1,0.1710733491539673,19,-0.1696442543165593
вокруг,0.9972566163199864,3,0.41334479153800285,16,0.5839118247819836
воле,0.735880637591225,6,0.1390786237934541,13,0.596802013797771
волна,0.9260824916287521,1,0.48978468263833896,16,0.43629780899041315
волне,0.52709800152566,5,0.19045868707020366,6,0.33663931445545636
волну,0.9969959251868711,2,0.0764167859742583,16,0.9205791392126128
волны,0.887343846627301,1,0.12808363660881225,9,0.7592602100184888
волосы,0.987534100393292,3,0.3011830585826245,11,0.6863510418106675
волю,0.2958084968198083,3,0.20567057050645257,13,0.09013792631335574
воля,0.9931325505675768,5,0.20485286813149808,12,0.7882796824360787
вон,0.8233396010860851,11,0.2661826827036228,13,0.5571569183824623
вообще,0.4211015974076077,12,0.16173620704689712,25,0.2593653903607106
вопрос,0.37820717695403167,14,0.5527525086535792,16,-0.1745453316995475
вопросам,0.30439871088859666,5,0.3513057839577441,11,-0.04690707306914743
вопросов,0.45913572081561554,2,0.24232598994701426,8,0.21680973086860128
вопросом,0.9773955572599444,3,0.4784601375409712,9,0.4989354197189732
ворота,0.8538079401770943,4,0.22214499490967024,9,0.6316629452674241
востоке,0.2544653390287505,2,0.6493188364381914,7,-0.3948534974094409
вошли,0.9799787141540751,1,0.36006225340927667,13,0.6199164607447984
впадает,0.29515281180909203,1,0.5237115158188117,14,-0.22855870400971967
впал,0.656865261882948,5,6.974310031450136e-05,1,0.6567955187826335
вперед,0.5390004974628633,11,0.5210346918635084,9,0.0179658055993549
впечатление,0.987764484788315,3,0.6415001332201581,12,0.34626435156815694
вполне,0.0009191037653573335,3,0.16316277720543465,13,-0.1622436734400773
вправду,0.12486946064259802,2,0.09027516837931512,23,0.034594292263282894
впредь,0.1818975433298024,8,0.005589341463014815,11,0.17630820186678758
впрямь,0.09402231293057935,3,0.02085920322976467,17,0.07316310970081467
впустую,0.029477782210165,2,0.05714369006244169,11,-0.027665907852276687
врагу,0.8211365404014521,2,0.11501851232985334,14,0.7061180280715987
вред,0.9311941363333487,3,0.39845165129398274,7,0.5327424850393659
вреда,0.329436704689933,2,0.37301679085656403,11,-0.043580086166631005
времен,0.5612978479886527,12,0.31147006354112444,12,0.24982778444752823
времена,0.8218070411453229,18,0.6015767320766213,13,0.22023030906870156
временам,0.005354532980957001,3,0.7862733412811841,1,-0.7809188083002271
временем,0.9905662530468818,8,0.20004698061302487,7,0.790519272433857
времени,0.9008890202809331,29,0.593240909921288,10,0.3076481103596451
время,0.8987789099897375,104,0.7759872965674747,13,0.12279161342226286
всей,0.8363116672768167,25,0.49648210068982596,7,0.33982956658699076
всеми,0.9507532595630053,13,0.8654236283770118,5,0.08532963118599346
всему,0.8671560269412675,16,0.5735033002377166,11,0.2936527267035509
вслед,0.946101072373219,1,0.5990490490972674,26,0.34705202327595164
встал,0.33488086691426905,1,0.27135322841214493,22,0.06352763850212412
встать,0.21627871594913203,3,0.1824616105874993,20,0.03381710536163274
вся,0.4731952510528541,12,0.5631411837460301,18,-0.08994593269317597
всякие,0.27769907448964903,1,0.1176854154283179,21,0.16001365906133114
всякий,0.7327585960743279,7,0.49592997633644115,14,0.23682861973788677
всякими,0.970290758510943,1,0.02913716679651417,6,0.9411535917144289
всякого,0.695985534556442,11,0.01416778428184054,9,0.6818177502746015
всякой,0.982741299942757,1,0.3584401978195547,17,0.6243011021232023
вторая,0.9454029889088231,1,0.2093602500356194,20,0.7360427388732037
второго,0.607212624466798,3,0.17603812563518728,8,0.43117449883161074
второй,0.4727482827038904,3,0.3099099717604491,16,0.1628383109434413
вторых,0.9454967356835274,3,0.19141882754764436,12,0.754077908135883
вы,0.0905796833162782,5,0.471706428762173,30,-0.3811267454458948
выбор,0.9278492159453398,4,0.35449314922664915,12,0.5733560667186905
выброс,0.020742119368981002,1,0.10399574277647418,11,-0.08325362340749318
выдавал,0.52571927473585,1,0.0528274626769874,20,0.4728918120588626
выдавать,0.9112707391098901,1,0.2798354436936624,15,0.6314352954162277
выдает,0.012690066841900001,1,0.05348140606696919,8,-0.04079133922506919
вызвала,0.48479368728105005,1,0.4502314645164854,19,0.034562222764564665
вызвали,0.7658389359969371,2,0.257960045652666,18,0.507878890344271
выкид,1.769069670534153e-06,2,7.234747823075929e-05,1,-7.057840856022514e-05
вынос,0.33930227226430026,4,0.18531661602372024,13,0.15398565624058003
выпал,0.812890914588254,2,0.2589157749057515,19,0.5539751396825026
выпала,0.24845934217455404,2,0.22906336763495272,19,0.01939597453960132
выпустил,0.9469871271966541,1,0.18283794774177378,12,0.7641491794548804
выпустили,0.42235708731272903,1,0.09953131091082221,14,0.3228257764019068
выражению,0.150150912683269,3,0.3457344662358957,3,-0.19558355355262672
выражения,0.013183172080737335,3,0.18467413946500613,10,-0.1714909673842688
высоко,0.5719284336116596,2,0.29923972490825956,8,0.2726887087034
высокого,0.32079300915533604,1,0.33394404346875844,7,-0.013151034313422405
высокой,0.230984549224927,2,0.41512611205249256,4,-0.18414156282756555
высоте,0.7923814100742996,3,0.4072684799511453,11,0.38511293012315434
высотой,0.9959565056403531,1,0.4522470578542521,11,0.543709447786101
высоту,0.966017709923886,1,0.47444524547537065,12,0.4915724644485154
высшей,0.7776013690753069,5,0.1175223576848415,12,0.6600790113904653
выходе,0.8628697445463016,5,0.654907429729892,2,0.2079623148164096
выходит,1.577408337051168e-05,1,0.3996530545567434,9,-0.3996372804733729
выше,0.9588727367425129,11,0.4024335783960111,12,0.5564391583465018
выяснилось,0.041617464390729005,5,0.21179683479136027,10,-0.17017937040063127
галопом,0.1042554021067355,2,0.11678235245656488,19,-0.012526950349829369
гарантий,0.21422767559362543,5,0.1825315602873781,18,0.03169611530624733
главе,0.9836791295306135,10,0.0092866186139885,2,0.974392510916625
главный,0.017986886801038503,2,0.3182467076724677,6,-0.3002598208714292
главным,0.9916767743864581,3,0.2836624627210225,4,0.7080143116654356
главу,0.8568147592168064,3,0.32530590523129016,11,0.5315088539855162
глаз,0.7588755757435499,25,0.29666278633679094,15,0.462212789406759
глаза,0.7926447941215563,62,0.3214328815502778,24,0.4712119125712785
глазами,0.7047871192251749,5,0.6910574189751939,11,0.013729700249980992
глазах,0.8902106412430472,8,0.0025792574913610002,1,0.8876313837516862
глазки,0.19616788738499702,1,0.1877629687216185,12,0.00840491866337853
глазом,0.6476929761304024,3,0.34116950627043635,15,0.3065234698599661
глазу,0.9981205561330485,3,0.50935191544548,4,0.48876864068756853
глотку,0.7294738323731398,3,0.21873504897386303,21,0.5107387833992767
глубине,0.7624389522453046,10,0.2999326766504613,9,0.46250627559484325
глубиной,0.5990282841051671,1,0.1376828757882607,6,0.4613454083169064
глубины,0.8995356279646681,11,0.12264544322319641,10,0.7768901847414718
гляди,0.9936940658135278,4,0.16487256298463923,22,0.8288215028288886
глядя,0.3395940257293914,3,0.5311091503137451,8,-0.19151512458435366
глядят,0.9997117504873877,6,0.0636680059172859,10,0.9360437445701018
говори,0.6195904538511967,18,0.26273313428651063,24,0.3568573195646861
говорил,0.5101634457817434,8,0.1646690313190551,12,0.34549441446268836
говорит,0.6327847732419369,5,0.27078357921983776,8,0.3620011940220992
говорите,0.305129088654865,4,0.3815986269344748,26,-0.07646953827960984
говорится,0.542058291956594,2,0.06146545032436921,5,0.4805928416322248
говорить,0.48138579775244483,19,0.36596929549845914,16,0.1154165022539857
говоришь,0.17650614379772353,6,0.2639952390421608,33,-0.08748909524443729
говорю,0.8449233058355059,6,0.16153958964404924,25,0.6833837161914567
говоря,0.903960946090936,63,0.7433799869626618,4,0.1605809591282742
говорят,0.11375548039593984,6,0.3593533365766566,19,-0.24559785618071672
год,0.7753748090908076,4,0.44306476311555015,9,0.33231004597525743
годам,0.6687809613294724,3,0.6658782602024316,15,0.00290270112704083
годами,0.5894003772873221,1,0.2574244917690998,13,0.33197588551822227
годах,0.007158584169715453,6,0.014303531340279,2,-0.007144947170563548
годится,0.6677771881228071,6,0.030557369682722834,19,0.6372198184400842
году,0.795508205672942,6,0.9465260851824823,10,-0.15101787950954026
годы,0.049470964743755,1,0.6651083615718562,9,-0.6156373968281011
голова,0.8072863048264829,11,0.5096763209111111,11,0.29760998391537175
голове,0.6654348681539164,14,0.47683966648804654,17,0.18859520166586985
головой,0.7756954861134209,18,0.580349789142891,16,0.19534569697052984
голову,0.7997893003270976,42,0.6049332357286792,16,0.19485606459841842
головы,0.4765314063225649,6,0.43791300516678056,13,0.038618401155784354
голодный,0.5995222269240984,3,0.047316673433876535,11,0.5522055534902218
голос,0.9765012888579829,13,0.39956958428863504,18,0.5769317045693478
голосе,0.000344243526935,2,0.5496241957262985,19,-0.5492799521993635
голубом,0.9875223883717307,3,0.06736267077451563,10,0.920159717597215
голыми,0.946963965652422,9,0.16015322432173243,14,0.7868107413306896
гора,0.228895099550282,2,0.2877093967147259,14,-0.05881429716444389
горами,0.9656173171309685,5,0.2987671503993547,18,0.6668501667316138
горах,0.45292052346736106,5,0.34281165913943634,3,0.11010886432792472
горе,0.9952711209182357,2,0.11344498603921568,15,0.88182613487902
горем,0.454590145097693,1,0.19080341936211445,10,0.2637867257355786
горле,0.9975556495970376,4,0.4049114368880791,19,0.5926442127089584
горло,0.8708070672324167,14,0.12720090349676375,14,0.743606163735653
город,0.35691562285221434,3,0.333620355192779,11,0.023295267659435348
городом,0.7275379501683267,5,0.20233656630683397,15,0.5252013838614927
городу,0.995435005807607,3,0.016326245814694267,5,0.9791087599929128
горох,0.9397179104736404,3,0.3584308612490294,16,0.5812870492246109
горячим,0.8468530481003297,3,0.12331921953524219,10,0.7235338285650875
господи,0.005443707182098001,1,0.09711378501302795,32,-0.09167007783092995
господь,0.30456878255344844,5,0.33803227978302464,10,-0.0334634972295762
гости,0.39181977140610535,3,0.21079254797017943,12,0.18102722343592592
гостях,0.5039123048150314,3,0.07363108398681442,14,0.43028122082821696
готовы,0.828117524657128,2,0.438395675246202,15,0.38972184941092597
градусов,0.8745489584367561,1,0.6371102348316184,18,0.23743872360513762
грамм,0.4151780246908007,5,0.3272980767328106,14,0.08787994795799009
грани,0.914429924210515,5,0.135868898795702,3,0.7785610254148131
границах,0.08902047809809581,5,0.13718094112684295,9,-0.048160463028747144
границей,0.24600525285657468,3,0.3657718505651295,2,-0.11976659770855483
границу,0.6519744426145281,3,0.4984982553261368,5,0.1534761872883913
границы,0.46764599407883023,6,0.1940530206431659,9,0.27359297343566436
греха,0.5615622848052129,6,0.18824950371783603,18,0.37331278108737687
грехом,0.21212763154187977,4,0.14291455118385485,9,0.06921308035802493
гроб,0.6406189202683648,3,0.08559781893714156,13,0.5550211013312232
гробу,0.7367077159010871,5,0.0153487460703495,2,0.7213589698307376
грош,0.7897429469524,6,0.1992297822150608,17,0.5905131647373392
грубо,0.9092872787563671,1,0.050499940687741184,13,0.8587873380686258
груди,0.6547152955423128,4,0.19644161043391564,13,0.45827368510839717
грудь,0.184970065782899,1,0.22248488114216408,15,-0.03751481535926507
груз,0.15811718624329701,3,0.39329980597749825,10,-0.23518261973420124
грузом,0.9983197651611267,3,0.25150708768894264,14,0.7468126774721842
грязи,0.7570313034964794,8,0.21672963771691983,11,0.5403016657795596
грязь,0.7751451052612784,5,0.2779879998955572,11,0.4971571053657212
д,0.27543294661982304,1,0.14573066977639712,8,0.12970227684342592
давит,0.004520717458291,1,0.0071527977325496666,21,-0.0026320802742586663
давлением,0.5069601617657935,4,0.29452605110823654,10,0.21243411065755696
давних,0.28559658361421963,5,0.10572454887953923,9,0.17987203473468039
давно,0.3970100090276219,12,0.1695288744295305,13,0.2274811345980914
дадим,0.4948694031092771,2,0.374979553030267,22,0.1198898500790101
дадут,0.3624750549881117,3,0.24045244311071734,20,0.12202261187739438
дается,0.9757209876872691,1,0.1568211681957243,11,0.8188998194915448
даже,0.5802821106066872,19,0.21000682018866565,15,0.37027529041802154
дайте,0.086748640319473,1,0.16381380017581426,8,-0.07706515985634126
дала,0.48350226968501336,6,0.31036633586886764,13,0.17313593381614573
далее,0.997665599481488,4,0.20623020494997546,9,0.7914353945315126
далеко,0.7740644601342443,20,0.461757579797469,4,0.31230688033677534
дали,0.594767946254069,5,0.36736615332501493,13,0.2274017929290541
дальнейшем,0.029652723768406004,2,0.25714619917157605,7,-0.22749347540317005
дальних,0.0022666748209843337,6,0.08767473993079464,8,-0.0854080651098103
дальше,0.7081489309099553,6,0.28718655690767664,22,0.4209623740022787
данный,0.7050577007721006,4,0.47958016440648804,4,0.22547753636561257
даром,0.5251924609333702,6,0.21171499361589394,17,0.3134774673174763
даст,0.6688089097110053,8,0.35237574589936843,14,0.31643316381163683
даю,0.9750845908778016,10,0.3024140848683707,11,0.6726705060094309
два,0.8071882188198818,16,0.37017203645119323,14,0.43701618236868855
дважды,0.9936733242191726,3,0.45069687213976717,8,0.5429764520794055
две,0.948432207722873,8,0.43000391654134584,12,0.5184282911815271
двери,0.5904465442492954,5,0.3261154322577773,17,0.26433111199151815
дверью,0.4450087734699954,5,0.5024850188610172,18,-0.05747624539102175
дверями,0.9658336203432276,2,0.5087762964916673,6,0.4570573238515603
двоих,0.285367643542441,3,0.06107222563222584,19,0.22429541791021515
дворе,0.6789488343614974,5,0.5355977480477699,21,0.1433510863137275
двумя,0.253941436693849,1,0.4223510013584856,7,-0.16840956466463658
двух,0.8444013663699179,5,0.5594547272511137,11,0.28494663911880425
деваться,0.49751362185394554,12,0.16025730460812662,30,0.33725631724581895
дежурный,0.828590993701794,1,0.02574378828339164,13,0.8028472054184024
действием,0.300871428177584,4,0.042491911195409786,8,0.2583795169821742
действии,0.22662189364727361,5,0.047570997066486057,5,0.17905089658078754
действительно,0.008597509340349,3,0.05696870304786142,17,-0.04837119370751242
действительности,0.014744204888368667,3,0.1178916322960351,12,-0.10314742740766643
дел,0.6854335966309746,8,0.7739265074728657,9,-0.08849291084189115
дела,0.7685447840850317,10,0.38117448237006124,19,0.38737030171497044
делает,0.5015534446447866,4,0.6500238860778138,11,-0.14847044143302723
делал,0.8033384021026047,3,0.12904680606333555,15,0.6742915960392691
делали,0.9739905213448585,2,0.23253737678877734,14,0.7414531445560812
делать,0.7510382433048067,25,0.3889505305389653,24,0.36208771276584145
делают,0.855820711640751,4,0.3410028803778121,14,0.5148178312629389
делится,0.5204699643869509,10,0.3718886714709735,10,0.14858129291597744
делом,0.8693011390875797,7,0.6852842999772458,11,0.18401683911033384
делу,0.6898662708140074,8,0.278605243570751,11,0.4112610272432564
денег,0.7077515520842796,2,0.2694406853269697,12,0.43831086675730996
день,0.8587740253834987,32,0.5501270179941101,18,0.30864700738938855
деньги,0.33104972801746835,3,0.3218783964009497,15,0.009171331616518674
держа,0.46364352701570705,2,0.6333363948757609,12,-0.16969286786005383
держал,0.4832064149283165,4,0.3593535544429504,16,0.12385286048536609
держала,0.504854614785858,3,0.29025711482436095,19,0.21459749996149707
держали,0.08103836527146575,4,0.13832352108855744,14,-0.05728515581709169
держался,0.34128752702831905,1,0.13832210600906852,20,0.20296542101925052
держат,0.7340579434541612,8,0.21250256333682907,12,0.5215553801173322
держать,0.72682600495016,8,0.6956247142087318,13,0.03120129074142819
держи,0.5412234900154775,2,0.13611284369459103,15,0.4051106463208865
держит,0.5234239296566434,6,0.27595936837678986,17,0.24746456127985356
держите,0.5235610190680761,3,0.22385810260292532,21,0.29970291646515074
держится,0.6052828289089701,3,0.2360897464484329,16,0.3691930824605372
дернул,0.5707340597604896,3,0.1560205195889861,17,0.4147135401715035
десяти,0.06093960143853551,4,0.026466205787336137,15,0.034473395651199376
десятка,0.9999647948431502,3,0.1947877916747447,9,0.8051770031684055
детей,0.7821514768615825,5,0.39261826504139524,9,0.38953321182018724
детство,0.85925095365402,3,0.37142900421025926,21,0.4878219494437608
диаметром,0.591286589464566,3,0.3800695032144504,6,0.21121708625011565
длинным,0.7473080276992851,1,0.1707648248464867,10,0.5765432028527984
длиной,0.788027001367543,2,0.3221970251355343,4,0.4658299762320087
длину,0.6674630140302458,4,0.4523314073391539,8,0.21513160669109188
дней,0.8043401273019121,1,0.4908325852469943,17,0.31350754205491776
днем,0.8112232037283991,3,0.24047702337889107,13,0.570746180349508
дни,0.7372319191636582,8,0.4929629292775223,11,0.24426898988613588
дном,0.7167266454176907,3,0.6429838587752971,7,0.07374278664239364
дню,0.660431603219067,3,0.47257020934814514,11,0.18786139387092188
дня,0.9078577310477298,23,0.4792818453454193,16,0.42857588570231053
дням,0.9938687929137489,5,0.19492409632476038,6,0.7989446965889885
днях,0.4051147923086405,8,0.45515340670908655,2,-0.050038614400446046
добавить,0.19643708707769184,5,0.2611866359663106,12,-0.06474954888861875
добираться,0.219075491000735,2,0.2013490228266117,17,0.017726468174123294
добр,0.7802352548435291,1,0.3182921493025794,18,0.4619431055409497
добра,0.9663194923753619,5,0.3798473316411073,25,0.5864721607342546
добро,0.0012157902236412002,5,0.20863149363693415,16,-0.20741570341329293
доброго,0.8740612232678547,5,0.205807281025541,10,0.6682539422423137
доброй,0.4959889736625227,3,0.4244627082658097,5,0.07152626539671303
добру,0.2673791516321617,3,0.309712303959204,17,-0.04233315232704232
добры,0.5605324460654386,2,0.5666282858136668,15,-0.006095839748228138
довести,0.7975867728885546,2,0.00030484014541250004,2,0.7972819327431421
доказательство,0.08210004978636501,1,0.5770742582873066,5,-0.49497420850094165
доктор,0.7261977580478425,4,0.17227491810108048,14,0.553922839946762
долг,0.2823857605632727,3,0.28266806684377144,23,-0.0002823062804987453
долгий,0.511720573559563,3,0.07957377627420818,17,0.4321467972853548
долго,0.9951765857412568,3,0.3623913501558774,21,0.6327852355853794
долгом,0.0058586589522515,2,0.3548986607912747,6,-0.3490400018390232
долгу,0.44074137545658615,6,0.5650269780973514,15,-0.12428560264076521
должно,0.7698833686780537,4,0.703997295274381,16,0.0658860734036727
доли,0.1870558016447742,6,0.44100767207172803,7,-0.25395187042695383
долю,0.9430431131390881,2,0.6457145611338835,8,0.2973285520052046
доля,0.965601109310378,3,0.4374489311999291,13,0.5281521781104489
дом,0.15628436189678344,5,0.37239696883077433,15,-0.2161126069339909
дома,0.681189637792449,3,0.25458377093297974,11,0.4266058668594693
домик,0.9967352406153668,3,0.024730237962075925,13,0.9720050026532908
дому,0.7371539950047619,5,0.16460350182836855,20,0.5725504931763933
дополнение,0.944597695309846,5,0.6073453616097678,6,0.33725233370007823
допустил,0.126263884955302,1,0.17009607516528655,19,-0.04383219020998455
дорога,0.9944713106284092,8,0.48146786534327274,14,0.5130034452851364
дороге,0.4673213195220491,3,0.2442004023036179,16,0.2231209172184312
дороги,0.952100158614126,2,0.37250959301873976,10,0.5795905655953862
дорогого,0.506884176488353,3,0.218832777592285,14,0.288051398896068
дорогой,0.20524482370087335,3,0.17232560014387877,19,0.03291922355699459
дороже,0.9474115003641037,3,0.2605602462824722,18,0.6868512540816315
дорожке,0.6017934547179661,1,0.1317467287820476,10,0.47004672593591845
достаточно,0.601018904591114,11,0.1684289956254302,14,0.4325899089656837
доходит,0.975367500250651,2,0.4947954972388381,16,0.4805720030118129
дошло,0.9909604265129897,3,0.6425907772215153,16,0.3483696492914744
др,0.5387685666886576,2,0.38725828637956206,2,0.15151028030909552
древних,0.18880018955395703,3,0.29679231572774684,11,-0.10799212617378981
древности,0.6944319639555718,5,0.27694900769396397,7,0.41748295626160786
друг,0.9968417602992149,10,0.6867731532488506,14,0.3100686070503643
другая,0.35444582756448867,3,0.4361411447346293,8,-0.08169531717014061
другие,0.6801168144048463,6,0.5121108792854262,5,0.16800593511942008
другим,0.7758694272085951,1,0.401251319021865,5,0.3746181081867301
другими,0.466113097042464,5,0.5657969034353898,4,-0.09968380639292579
других,0.7390247139460575,7,0.1566849426055532,5,0.5823397713405043
другого,0.8544511654751001,5,0.38747606612644225,11,0.4669750993486579
другое,0.6718126101265783,6,0.39181213518221336,13,0.280000474944365
другой,0.622602629583498,26,0.2940235710489883,13,0.3285790585345097
другом,0.3133688295688805,8,0.5964854948730166,15,-0.2831166653041361
другому,0.5520363928861197,3,0.8112870046680802,12,-0.2592506117819605
думает,0.020299493621536,1,0.24831080256731153,12,-0.22801130894577554
думаете,0.6372455903242926,2,0.4882394099285205,24,0.14900618039577213
думаешь,0.789691083159047,1,0.32772231707818306,21,0.46196876608086396
думай,0.36755868407871856,2,0.1761109781035527,24,0.19144770597516586
думал,0.5670812662859137,3,0.22892271949446316,16,0.3381585467914505
думала,0.09255223930763401,2,0.2696234357675165,18,-0.1770711964598825
думаю,0.7400524333255996,2,0.26512901859485255,24,0.474923414730747
думая,0.7160851796164213,4,0.35691585451021685,6,0.3591693251062044
дух,0.289328692066725,4,0.45864420053436733,11,-0.16931550846764232
духу,0.422324883252917,6,0.23747779527060076,8,0.18484708798231625
душа,0.7141654329819058,9,0.23067765915293606,17,0.4834877738289698
душе,0.5598976808523812,7,0.44796488755012653,15,0.1119327933022547
душевной,0.9377967100775005,6,0.28401459764729464,13,0.6537821124302059
души,0.6885721144431006,28,0.16054593428346206,11,0.5280261801596385
душой,0.7950265953326211,17,0.2379709470620948,17,0.5570556482705263
душу,0.7384148853815852,15,0.5024217413461399,14,0.23599314403544525
дыбом,0.676071383686952,3,0.5760663536032107,17,0.10000503008374129
дым,0.022173602555495334,3,0.3544506626729387,13,-0.33227706011744335
дыхания,0.345909748987173,3,0.13535661898849277,12,0.21055312999868026
дышать,0.970736117773016,2,0.4193057899022796,12,0.5514303278707364
его,0.315201609513484,3,0.332845106817185,22,-0.01764349730370096
едино,0.261690854500234,2,0.15176878202126867,14,0.10992207247896532
единого,0.5077390007478008,7,0.30500923621452924,8,0.20272976453327152
единой,0.35126764246679704,1,0.6280608098068272,6,-0.2767931673400302
едином,0.005250545162673333,3,0.24405114099459738,9,-0.23880059583192403
единственная,0.0010379642990010001,1,0.2685323540160163,9,-0.2674943897170153
единственное,0.930260883839304,1,0.5211610472831117,10,0.4090998365561923
ежели,0.006836640220274688,3,0.0032955391644760835,12,0.0035411010557986045
естественным,0.459247817447527,8,0.08092284278012069,13,0.37832497466740633
ж,0.10583764340402842,5,0.47286868667530024,24,-0.36703104327127184
жалко,0.31298999187556303,2,0.23641193249318626,22,0.07657805938237677
жанра,0.6428716633124246,6,0.25168817382660785,10,0.39118348948581677
жару,0.9993932641673146,2,0.21214160058146847,20,0.7872516635858461
ждал,0.15789099040961702,2,0.279776704674827,18,-0.12188571426521
ждала,0.07382808985728201,2,0.24385767060282143,26,-0.17002958074553942
ждем,0.837798559607517,1,0.28575986196926395,20,0.5520386976382531
ждет,0.479079681852781,2,0.22972776614967524,16,0.24935191570310575
ждешь,0.127320828440567,1,0.09503896125916617,22,0.03228186718140083
жду,0.8629127702976821,1,0.3485860986297408,26,0.5143266716679413
желании,0.48363619899174,1,0.7351245232604569,8,-0.25148832426871687
желать,0.9989244225892601,3,0.3085897187623901,17,0.6903347038268699
желаю,0.5094782543138537,4,0.4420475279512117,19,0.06743072636264202
желудок,0.8114106282290201,7,0.11744444937840542,17,0.6939661788506146
живое,0.8862900597213804,3,0.2011187099658628,12,0.6851713497555176
живут,0.893102298341749,1,0.261617510880417,14,0.6314847874613321
жизни,0.7553340797990591,17,0.6386475420191506,12,0.11668653777990845
жизнь,0.7710067695902069,15,0.45433053899339276,22,0.3166762305968141
жилах,0.9990986107607618,4,0.5327744015253708,12,0.466324209235391
жить,0.9807149657555388,3,0.2767968005826502,19,0.7039181651728886
забот,0.24953801805708853,2,0.05149171713579644,16,0.19804630092129208
заботы,0.176075857669305,1,0.09580287144699125,17,0.08027298622231376
забыла,0.10045738561257751,2,0.12037548755232733,27,-0.019918101939749813
забыли,0.060310029369259006,1,0.334834367868503,15,-0.274524338499244
завершение,0.03398832052737281,5,0.05985375649047593,20,-0.025865435963103124
завершилась,0.18728157428417902,1,0.05315780001165363,16,0.1341237742725254
завершился,0.25785362603420053,2,0.07011637552762356,19,0.18773725050657697
зависимости,0.9969951483877554,7,0.7076066858660287,3,0.2893884625217267
зависть,0.6226253531294846,3,0.04302449127263475,19,0.5796008618568499
завтра,0.8757591679554764,9,0.10126422640768111,19,0.7744949415477953
загорелись,0.1692668073166108,5,0.06001217317113487,26,0.10925463414547594
задал,0.092711212623831,1,0.5571651920689086,22,-0.4644539794450776
задала,0.057455007778656,1,0.3394015983855294,16,-0.28194659060687344
задней,0.9904451549014158,3,0.4018610324270196,9,0.5885841224743962
задним,0.963611268428742,5,0.36100256046964846,9,0.6026087079590936
задних,0.9959443567602727,3,0.33063680043379323,13,0.6653075563264794
задом,0.9907465287830334,3,0.04688900113785954,12,0.9438575276451738
заказ,0.4888747400647742,5,0.09200116085825469,21,0.39687357920651956
заката,0.9576255425783011,3,0.097460797644646,13,0.8601647449336551
закате,0.08044092759376861,5,0.001331054886209,2,0.07910987270755962
заклад,0.9992914300912702,5,0.25005217568529475,4,0.7492392544059754
закона,0.6347663055060414,3,0.20211701064127602,5,0.4326492948647654
законам,0.9170320247195914,3,0.5379344767369504,14,0.37909754798264106
закону,0.7373983360826986,7,0.10898628384422357,8,0.628412052238475
закончилась,0.20433392808143203,2,0.40134277382115785,17,-0.19700884573972582
закрытыми,0.982996118271387,3,0.8982349742220007,15,0.08476114404938628
закрыть,0.910100504637812,3,0.18280198137043852,16,0.7272985232673734
заметил,0.023578863672400002,1,0.057242240874714106,8,-0.033663377202314104
замком,0.2271387835664407,3,0.28775014343692057,15,-0.06061135987047986
замок,0.11617057320388068,3,0.35229967842794335,17,-0.23612910522406266
занавес,0.171730126105566,3,0.34975848102053836,12,-0.17802835491497235
занесло,0.9817668838691267,3,0.42342213904932285,23,0.5583447448198038
занимает,0.0217812590800685,2,0.39517429282813676,16,-0.37339303374806826
занимать,0.6289037240279113,5,0.26591851834983116,16,0.3629852056780801
заняла,0.18190193987677403,1,0.3506591673592584,16,-0.16875722748248437
заняло,0.556462412625324,1,0.4140170356429722,17,0.14244537698235182
запасе,0.3346924755328334,3,0.16084149775948087,15,0.1738509777733525
запахом,0.41833009373959706,4,0.30194970941969557,7,0.1163803843199015
заранее,0.0705414556693875,2,0.1328700342202954,8,-0.062328578550907884
заре,0.489429310850414,2,0.24829291617089636,3,0.24113639467951767
зари,0.903783642135606,10,0.09884645699129742,14,0.8049371851443086
заря,0.9987326026361264,3,0.175334566797833,8,0.8233980358382934
заслугам,0.638901952688341,3,0.23663577696657967,3,0.4022661757217614
заставил,0.475343257922947,1,0.5643287268391591,13,-0.08898546891621212
заставило,0.9837471844593281,1,0.6200865951961577,20,0.36366058926317035
затей,0.03768766889012034,3,0.005198476828999725,9,0.032489192061120616
затем,0.4949096971328529,5,0.14016752671170257,9,0.3547421704211503
захочет,0.21551950294295322,5,0.1849376438406271,13,0.03058185910232611
зачем,0.5774070292998589,10,0.5513125276420756,30,0.026094501657783264
защитой,0.5911480461890559,5,0.28901482497271924,9,0.3021332212163367
звали,0.9999265971317813,5,0.2826446835372589,13,0.7172819135945224
звезды,0.4190957636374161,2,0.04765081865555884,12,0.3714449449818572
звонка,0.9998387958116187,6,0.14495659531546642,23,0.8548822004961523
здесь,0.38352690350757884,15,0.20819670954363292,13,0.17533019396394592
здорово,0.3426220238043042,8,0.029917662542810985,17,0.3127043612614932
здравом,0.886958035204145,3,0.6126941804576619,9,0.27426385474648307
здравствует,0.9061105414560907,6,0.0002575192893770774,2,0.9058530221667136
земель,0.9835282339239395,2,0.17434755772400326,11,0.8091806761999363
земли,0.36348526972816914,9,0.2768080148646295,6,0.08667725486353961
землю,0.8471308664835538,5,0.245718362639606,10,0.6014125038439478
земля,0.784364323788842,3,0.30516026996807905,17,0.479204053820763
зимой,0.865122996683601,3,0.009668847886917877,8,0.8554541487966831
злобу,0.7850276788099407,3,0.08971974383997744,12,0.6953079349699633
знаем,0.9464886133599496,2,0.5174737782976447,22,0.42901483506230487
знаете,0.7290143218342451,5,0.5005095206670714,16,0.22850480116717364
знаешь,0.12083680270969434,3,0.4701752271294087,19,-0.34933842441971436
знак,0.9746245827885438,4,0.25117710495575957,22,0.7234474778327842
знаком,0.6620156933746852,5,0.4620579615844778,19,0.19995773179020743
знал,0.6501439416314122,14,0.14424650399192745,18,0.5058974376394847
знала,0.22704634226279402,2,0.1828583394668337,19,0.04418800279596033
знали,0.8372452823270894,3,0.24245819095915808,19,0.5947870913679313
знамя,0.6279975741268544,5,0.13971952126057352,13,0.4882780528662809
знать,0.8010127967059006,33,0.2832311741884773,21,0.5177816225174233
значение,0.8972626824766725,11,0.3758365832071039,10,0.5214260992695686
значения,0.9575899324550867,5,0.5009281987447534,6,0.45666173371033336
знают,0.4667858375886935,2,0.5155977707891478,17,-0.048811933200454294
золота,0.9978059398985627,3,0.24399893911019643,16,0.7538070007883663
зрения,0.9994396175213536,5,0.8493406225611372,8,0.1500989949602164
зря,0.569862259173513,16,0.20014141135370145,20,0.3697208478198115
зуб,0.5740541046382002,9,0.3147062490173976,17,0.2593478556208026
зубам,0.47120774008934707,3,0.08453744198068641,20,0.38667029810866066
играет,0.7360997146556345,7,0.3681302174650685,12,0.367969497190566
играл,0.8454377901552261,2,0.3270565527021932,15,0.518381237453033
играла,0.006976815111713001,1,0.21588208783109555,13,-0.20890527271938256
играли,0.0077201266987380005,1,0.18397427453427595,18,-0.17625414783553794
играть,0.994998443017522,1,0.20321092476844785,11,0.7917875182490742
играют,0.9500680715958151,1,0.22267413912576448,15,0.7273939324700506
игрушки,0.45110048133260655,2,0.23225749863119743,20,0.21884298270140912
игры,0.3467035990272307,6,0.5343555996192254,10,-0.18765200059199472
идее,0.3029527380404517,3,0.09506588495757667,6,0.20788685308287502
иди,0.44664797179721283,5,0.3325093425289396,36,0.11413862926827323
идите,0.5135228803910951,1,0.18112120477005822,17,0.33240167562103684
известно,0.6011378572920986,8,0.553983236287991,9,0.04715462100410761
известный,0.48780274060760453,4,0.4184576160602325,6,0.06934512454737202
извини,0.18071826779843,2,0.09614402142618947,13,0.08457424637224054
извините,0.303741282520392,1,0.1295381150234868,14,0.1742031674969052
изо,0.9876133068073123,5,0.8181420861458815,11,0.16947122066143083
имеет,0.7493638296914217,15,0.6470479787756608,10,0.1023158509157609
имеешь,0.844871896262514,1,0.4705564997483145,23,0.37431539651419954
имел,0.4058606009632054,5,0.4064373547811915,16,-0.0005767538179860532
имела,0.25896814513937133,3,0.3387698428445682,8,-0.07980169770519685
имели,0.29893633447998624,4,0.3691126512927832,6,-0.07017631681279696
имело,0.34312622777721075,4,0.15187585554778332,10,0.19125037222942742
иметь,0.9978597963002622,6,0.49214073164305083,4,0.5057190646572114
имею,0.8251500206391491,1,0.5861411304126862,21,0.23900889022646288
имеют,0.8878515936291898,16,0.62789682267874,7,0.2599547709504497
имеющиеся,0.7793295370596021,1,0.386573572262664,4,0.3927559647969381
имеющий,0.8432764425179711,1,0.2896628114590925,6,0.5536136310588786
имея,0.9363775999031171,1,0.260330025555125,7,0.6760475743479921
имя,0.7651259651391132,10,0.34513766032180737,16,0.41998830481730587
иначе,0.43508128819455627,13,0.6034091039054988,9,-0.16832781571094257
иное,0.530008077418465,2,0.263724594738593,8,0.266283482679872
иной,0.5370387194698261,4,0.335445018104761,3,0.20159370136506505
интереса,0.042493401063886,3,0.26663088908986615,19,-0.22413748802598016
интересах,0.9714528336256136,6,0.26314329603182,1,0.7083095375937936
иным,0.9146392098143151,1,0.04207868496236927,7,0.8725605248519459
иными,0.6049977404361365,2,0.41708597173934575,3,0.18791176869679077
искать,0.63100157275037,1,0.26737168100970976,12,0.3636298917406603
исключением,0.8389655703033068,5,0.14213155313145315,7,0.6968340171718537
исключения,0.9428894772598123,8,0.491864451002805,11,0.4510250262570073
исходе,0.8759009683702454,3,0.4420082155213185,6,0.4338927528489269
их,0.08275209808718541,5,0.23570562729888764,16,-0.15295352921170224
каблук,0.025517795388552002,3,0.016131902301240182,11,0.00938589308731182
кадр,0.022817787188629004,2,0.18282801090109088,14,-0.16001022371246187
каждом,0.9764432229487001,8,0.4294922877789297,9,0.5469509351697703
каждым,0.9766101252995952,8,0.604127472000839,8,0.3724826532987562
кажется,0.42115158551503873,3,0.47419127277624373,20,-0.053039687261205004
казалось,0.2275513091787635,2,0.5154432846834607,18,-0.28789197550469714
какие,0.8453003436905596,33,0.5967439377280066,25,0.24855640596255302
каким,0.9300965982415815,11,0.8771326792290236,8,0.052963919012557925
какими,0.9856361871233951,3,0.6296119144358903,4,0.3560242726875048
каких,0.9303338169543627,7,0.8928221162016508,14,0.03751170075271193
какого,0.958903141235615,9,0.7321850354345205,12,0.22671810580109453
каком,0.8584400784469788,4,0.6445514299744355,14,0.2138886484725433
какую,0.6130729945812795,8,0.8512683031095285,7,-0.238195308528249
каменной,0.949471794655922,1,0.141588910305109,10,0.807882884350813
капли,0.649127579470388,14,0.31973254816209984,13,0.3293950313082882
кармане,0.924384579604793,3,0.4623522048344313,20,0.46203237477036174
карьер,0.9592832791598004,3,0.12317056156414168,8,0.8361127175956587
касается,0.8362389059236324,9,0.64754878516649,10,0.18869012075714242
касаются,0.745606730838546,1,0.2533667428083235,17,0.4922399880302225
кассы,0.6290786065603806,10,0.04630237941397755,11,0.5827762271464031
каша,0.7416287155605937,3,0.20172941441837802,16,0.5398993011422157
квадратный,0.5291884215449214,3,0.32981799360709363,10,0.19937042793782778
кем,0.9984158569502295,5,0.7466310416792913,14,0.2517848152709382
километр,0.8913659716302984,3,0.35225716568358445,16,0.539108805946714
кинулась,0.0004907767877090001,1,0.06403664134185401,14,-0.06354586455414502
кинулись,0.021605700272344,1,0.04725596906797729,24,-0.025650268795633292
кинулся,0.0011947022092445002,2,0.033229716237641094,23,-0.03203501402839659
китайской,0.18762854724496603,3,0.21553021226361982,6,-0.027901665018653793
китая,0.2023194020485237,3,0.1057594236265255,14,0.09655997842199819
ко,0.9928678491774225,8,0.8710294958484489,19,0.12183835332897364
ковер,0.6728294777247821,4,0.1534878068876481,15,0.519341670837134
когда,0.5237388211268768,42,0.4450351310844196,10,0.07870369004245714
кого,0.9774390613260756,5,0.5044060995396831,14,0.47303296178639254
коем,0.9969784196502094,10,0.9484274489216938,20,0.04855097072851555
кои,0.9949218507052466,2,0.9961413103948746,2,-0.0012194596896279997
кой,0.38976067563043504,3,0.24460540571005715,24,0.1451552699203779
колена,0.9816423711961088,3,0.1817268303979054,12,0.7999155407982034
коли,0.007455686255054668,3,0.010064274267404923,16,-0.0026085880123502547
колокола,0.5718397304495673,5,0.37336123048861025,9,0.198478499960957
коль,0.9510139846348877,5,0.04732381998885537,21,0.9036901646460324
ком,0.5156959032967627,4,0.3217352937136047,18,0.19396060958315803
команде,0.8300890845768031,2,0.20364779698631233,10,0.6264412875904908
командованием,0.8928566921805391,4,0.14996849481255878,4,0.7428881973679803
комок,0.135018378889416,1,0.2791962617892269,12,-0.1441778828998109
компании,0.416006656780298,5,0.13899293185836606,13,0.277013724921932
компанию,0.41946545438369204,5,0.2842441970025644,10,0.1352212573811276
компьютером,0.451316006120323,4,0.10889903287612258,12,0.34241697324420045
кому,0.32597695902324386,5,0.45155704873486824,15,-0.12558008971162438
конец,0.8060238889678853,4,0.4957569365534735,8,0.3102669524144118
конкуренции,0.5610514017022794,3,0.11070341018720709,13,0.4503479915150723
конкурса,0.24270219049861133,3,0.35164744287290994,9,-0.10894525237429861
контролем,0.8927179891127951,3,0.60588794416606,9,0.28683004494673514
контроль,0.7151601406463474,3,0.17344102898331956,7,0.5417191116630278
конца,0.6806975166316032,21,0.546551252342201,11,0.13414626428940213
концами,0.9997167471809494,5,0.31524533138278904,8,0.6844714157981604
конце,0.9996271369429781,12,0.514132155044082,6,0.48549498189889606
концов,0.9017850522872298,15,0.046385224090613006,1,0.8553998281966169
концом,0.9981968677730771,5,0.2413237143222169,5,0.7568731534508603
концу,0.9988751253745974,5,0.6177762027031949,11,0.38109892267140255
концы,0.5466954356819541,10,0.24789802151135282,10,0.2987974141706013
кончено,0.020295922180745003,1,0.1282930086135628,23,-0.1079970864328178
конь,0.9506895702395011,3,0.1642247972124251,14,0.786464773027076
копеек,0.41752880444504586,5,0.06643149239271073,21,0.35109731205233513
копейки,0.32811756578896145,13,0.26644184600369913,21,0.06167571978526232
корень,0.6047073217438427,5,0.15218915207591815,10,0.4525181696679245
короткой,0.830608769328656,3,0.24459079973256417,11,0.5860179695960919
короче,0.2092370313935056,7,0.006110227939848656,7,0.20312680345365694
костей,0.9827605664335453,6,0.1491225381592489,8,0.8336380282742963
кот,0.9920981978581703,3,0.19511709482096862,20,0.7969811030372017
которую,0.9333670077976781,1,0.7635579130221954,7,0.16980909477548267
которые,0.9637702644609566,4,0.4784023926880064,3,0.4853678717729502
который,0.8911804934863651,1,0.6818240164550502,11,0.20935647703131488
которым,0.9600660694226101,1,0.7597976568183604,5,0.20026841260424966
краем,0.9993810773747054,3,0.6771616466629051,8,0.32221943071180026
край,0.9173741334595988,13,0.6579576270210921,8,0.2594165064385068
крайней,0.8948874310419537,5,0.013713417438025,1,0.8811740136039287
крайнем,0.6777626298856838,5,0.13195631307448502,5,0.5458063168111988
крайности,0.32065781714876734,3,0.08076250455627726,11,0.23989531259249008
красивые,0.8868126187050894,3,0.18005841522735563,22,0.7067542034777338
красного,0.9096540851167316,2,0.5730999728981859,7,0.3365541122185457
красоты,0.02689600232813334,3,0.35881725445975565,13,-0.3319212521316223
крат,0.5202149586966966,3,0.5558966429650511,13,-0.0356816842683545
краю,0.49195500695698247,10,0.390804744320277,10,0.10115026263670546
края,0.9794357918287858,8,0.4450523532612087,11,0.5343834385675772
краях,0.5262850169233088,3,0.06597695401991067,3,0.4603080629033981
крест,0.569325292739508,3,0.4131119458550748,15,0.15621334688443322
крови,0.5796247679308377,3,0.38586829236355674,12,0.19375647556728098
кровь,0.6877428804073558,10,0.4176292771228857,14,0.27011360328447004
кровью,0.8648319967335284,3,0.3822104817906742,12,0.4826215149428542
круг,0.008479606923449333,3,0.44864012425905664,17,-0.4401605173356073
круга,0.02734085681798799,4,0.21482295593596532,11,-0.18748209911797734
круге,0.138138528560938,1,0.1930899604736159,10,-0.0549514319126779
круглый,0.7764754243122041,3,0.04135361447364612,9,0.7351218098385579
круглым,0.00547678675373836,3,0.17038077324541584,4,-0.16490398649167748
кругу,0.3939611023469102,7,0.4087780214313487,7,-0.014816919084438551
кружок,0.1287809315234357,3,0.12023923501203009,19,0.008541696511405614
крути,0.4896210706667421,3,0.3492249405814912,13,0.14039613008525087
крылом,0.16900902110045102,3,0.21590566879922557,11,-0.04689664769877455
крыльях,0.2883313790843587,3,0.4206043182021393,10,-0.1322729391177806
крышей,0.9929091980049648,3,0.35697130607687716,12,0.6359378919280876
крыши,0.9664140408128006,6,0.23977301940406887,16,0.7266410214087318
крышка,0.056440032926767005,1,0.20922007896306716,14,-0.15278004603630016
кстати,0.5406278954413338,8,0.1436204843882644,19,0.3970074110530694
курс,0.99589754395112,5,0.42373595088994154,10,0.5721615930611784
курсе,0.8951162267226376,10,0.5347722694845853,20,0.36034395723805224
кучи,0.5200393326414103,5,0.0034384154156883334,9,0.516600917225722
лад,0.016351906075517664,3,0.4500272009152087,9,-0.43367529483969103
ладони,0.969997316006389,5,0.11088624414540554,22,0.8591110718609836
лампочки,0.7340081156967809,5,0.04650113296652308,15,0.6875069827302579
левой,0.24880712958655216,6,0.32297583024333976,15,-0.0741687006567876
левую,0.6074030154650675,3,0.3324936037117004,12,0.2749094117533671
легенде,0.5167582175093726,2,0.41892966352351696,3,0.0978285539858556
легко,0.7129328245512923,5,0.1575103245883112,15,0.5554224999629811
легкого,0.5016898127041995,2,0.18722772469404844,12,0.3144620880101511
легче,0.7665982866099119,5,0.20476423774771102,24,0.5618340488622009
лежал,0.043190975794974,1,0.19355725218883602,23,-0.15036627639386202
лежала,0.6468607851635003,3,0.26406962220659197,21,0.38279116295690835
лежали,0.13443896809184852,4,0.11754682836092288,27,0.01689213973092564
лежало,0.007228483700166001,2,0.10346782619063621,24,-0.09623934249047021
лежат,0.41784994451625923,5,0.1860978843693932,18,0.23175206014686603
лежит,0.7418066011738507,3,0.4486087653843926,16,0.29319783578945807
лез,0.001204099842036,1,0.03886305875565134,9,-0.03765895891361534
лезет,0.9969164145691791,1,0.3743008254540895,19,0.6226155891150896
летела,0.05393431678940701,2,0.03172001536130831,21,0.0222143014280987
лететь,0.55179766136557,1,0.06580865738123967,21,0.4859890039843303
летом,0.9041256236665127,3,0.18273676984790482,10,0.721388853818608
лету,0.22360012773367263,10,0.12160773256039513,8,0.1019923951732775
линии,0.7428939823200688,4,0.11131389960767868,6,0.6315800827123901
линию,0.9962477266475603,3,0.08950933383624964,8,0.9067383928113107
лица,0.7573219383249037,8,0.5189625608073487,11,0.23835937751755498
лицах,0.276222034401806,3,0.5177631000636642,18,-0.24154106566185823
лице,0.8893474997668548,8,0.5952419016018023,16,0.29410559816505244
лицо,0.6703039993409946,16,0.37411881870657115,17,0.29618518063442345
лицом,0.8440910683319165,9,0.36488503433109826,8,0.47920603400081824
лицу,0.9934362695682772,8,0.42968750235138464,17,0.5637487672168926
личном,0.5565850438900045,4,0.3156675145937958,11,0.24091752929620874
лишен,0.6707222996339536,2,0.3136291003758719,10,0.3570931992580817
лишнего,0.5792361002867176,2,0.1969650098956309,20,0.38227109039108664
лишнее,0.000130511045331,1,0.15290643069403315,17,-0.15277591964870216
лишние,0.00017720190185200002,1,0.08872473495606414,24,-0.08854753305421215
лишний,0.000438248199116,1,0.0867663404537646,14,-0.0863280922546486
лишним,0.6743197973863986,10,0.01653996933492486,7,0.6577798280514737
лишних,0.8476387429651622,6,0.10402069708356361,10,0.7436180458815985
лишь,0.6337539040452184,30,0.14696749102181222,10,0.48678641302340614
лоб,0.7156791193926206,16,0.18883919173722466,18,0.526839927655396
локоть,0.928416800129168,3,0.20581896758499363,13,0.7225978325441744
лом,0.3004819100502022,5,0.0228882099023726,23,0.2775937001478296
луны,0.40176411865805106,5,0.17546323685871565,11,0.2263008817993354
лучше,0.4542439038681578,46,0.4254606008470317,20,0.028783303021126083
лучшего,0.9986873512500795,3,0.1110213869956696,9,0.8876659642544098
лучшем,0.707894187627244,8,0.45263283510378666,5,0.25526135252345733
лучшему,0.997193427392595,3,0.8205667282501284,19,0.17662669914246654
лучших,0.98091455539529,3,0.3134458549688771,9,0.6674687004264129
любезны,0.2982019113784902,5,0.2566828835741022,24,0.04151902780438804
любое,0.851602007483183,3,0.47161256879645946,7,0.3799894386867236
любой,0.9072919024702872,18,0.2254267966805263,10,0.6818651057897609
любому,0.23667671870062434,3,0.24515515004303207,14,-0.008478431342407722
люди,0.008576447847800333,3,0.270883060723125,13,-0.2623066128753247
макар,0.9988904382395513,5,0.021448241988361594,6,0.9774421962511897
максимум,0.040985316103023,2,0.0915903905752513,11,-0.0506050744722283
мала,6.460994962984223e-06,3,0.2621892140405924,16,-0.26218275304562944
малая,0.9739905615043881,4,0.3156596011466797,8,0.6583309603577084
маленькая,0.7851306679918676,4,0.24719586890932335,15,0.5379347990825443
маленький,0.3914020818587576,4,0.16206884170715627,13,0.2293332401516013
малого,0.9619454419518914,5,0.3740827578484464,9,0.5878626841034449
малой,0.7575294601224073,3,0.14280129085976534,6,0.614728169262642
марки,0.005661322880555,2,0.2895928241275158,11,-0.2839315012469608
массе,0.8456124087063093,8,0.32549780649163546,10,0.5201146022146739
массой,0.638444509568845,1,0.125615484803214,5,0.5128290247656311
матери,0.944701999772078,1,0.14921976564095435,12,0.7954822341311236
мать,0.8951934896394667,2,0.24828495571655226,15,0.6469085339229144
махом,0.48145855656558173,3,0.0009583314306910192,13,0.4805002251348907
мгновение,0.698612719356636,8,0.14896811255199455,16,0.5496446068046414
мед,4.2268382319637824e-05,1,0.11413773600076588,19,-0.11409546761844624
медом,0.946643600122143,3,0.048202982360076675,6,0.8984406177620663
между,0.7906473974761992,8,0.896249448091706,4,-0.10560205061550687
мелочи,0.5492253295039864,3,0.09369974725718276,18,0.4555255822468036
менее,0.9887900351460032,11,0.8365233664799927,3,0.15226666866601046
меньше,0.5364103436958162,7,0.28751609503914344,14,0.24889424865667276
меньшей,0.33801623310021234,6,0.32104454106255054,4,0.0169716920376618
меня,0.8059818311932186,12,0.34355032631590277,25,0.4624315048773159
мере,0.9134874973428082,41,0.2209317698496327,3,0.6925557274931755
меру,0.1599826196209168,5,0.3211821513612397,16,-0.16119953174032287
меры,0.5620409004507113,8,0.43107894917152567,8,0.13096195127918564
места,0.9943771666223842,16,0.4490006174367943,13,0.5453765491855899
месте,0.9820122975086946,24,0.7240305360069381,7,0.25798176150175645
место,0.7638305216052255,8,0.6316260260713922,10,0.1322044955338333
месту,0.996978682291721,2,0.6026842710293416,5,0.3942944112623794
мечтать,0.9021120251715551,1,0.3194449177290436,14,0.5826671074425115
мешает,0.6294080956018481,6,0.2556632867647772,25,0.3737448088370709
мешало,0.3821662428970648,4,0.14859390332312988,23,0.23357233957393492
миг,0.14585532484910435,9,0.08915125820840705,16,0.0567040666406973
мил,0.7618089479167461,3,0.2654006735438389,20,0.49640827437290724
милости,0.3560187953286779,9,0.12348800509749283,10,0.23253079023118509
милость,0.6167753878353522,10,0.27579659451228133,9,0.3409787933230709
мимо,0.9714323559791129,5,0.6840874023315305,17,0.2873449536475824
минимум,0.4142134168698993,7,0.14558773051731605,7,0.26862568635258327
минус,0.1149303164283817,8,0.3710861549528501,18,-0.2561558385244684
минуте,0.628366223711463,1,0.4614195053003888,10,0.16694671841107422
минутку,0.4561645684962947,3,0.05721384446107999,29,0.3989507240352147
минуту,0.4633263345769651,11,0.3440609760636153,17,0.1192653585133498
минуты,0.9796511403938085,3,0.3543306133057025,16,0.625320527088106
мира,0.998087465048862,3,0.4041501899749411,9,0.5939372750739209
мире,0.550763264247625,1,0.5652015233866783,11,-0.014438259139053278
миром,0.44951609061298586,5,0.37721485156395584,9,0.07230123904903002
мне,0.8975207375673995,30,0.5772666272307443,17,0.3202541103366552
мнению,0.7502047339742214,3,0.608567602897863,3,0.14163713107635834
мнения,0.9996613219271171,1,0.5341893322490803,8,0.4654719896780368
много,0.5869703678464735,16,0.5188512505812928,21,0.06811911726518072
многом,0.8943019547223645,5,0.3530630094082956,12,0.5412389453140689
множество,0.9620107181228852,5,0.09662289919228581,10,0.8653878189305994
мог,0.7425353531186312,25,0.43595107838373287,13,0.3065842747348983
могилы,0.101999382963772,1,0.04137732491452548,11,0.06062205804924652
могла,0.11318930072940635,3,0.477478872450791,9,-0.36428957172138465
могли,0.907307243261621,1,0.40444831825334104,9,0.50285892500828
могло,0.3441040004356175,4,0.5767673766264549,13,-0.23266337619083743
могу,0.3949466037823735,12,0.48035873425148523,14,-0.08541213046911172
моде,0.45121843341181705,2,0.29364676161779785,15,0.1575716717940192
моду,0.35009862537154274,3,0.23779792981498374,16,0.112300695556559
мое,0.4465059257106891,3,0.28723662375848424,24,0.15926930195220484
можешь,0.994900968245737,1,0.35005972531164575,25,0.6448412429340913
мозга,0.9982583527531341,3,0.5150835706646602,10,0.483174782088474
мой,0.9506930979360343,3,0.34856292453666715,20,0.6021301733993671
молодости,0.9871232588337621,1,0.07545041290525291,13,0.9116728459285092
момент,0.8391399669253156,20,0.42485425729976,13,0.41428570962555555
морем,0.13841184194479042,5,0.19575761163696515,12,-0.057345769692174725
моя,0.9697612731323426,5,0.33864583535363457,17,0.631115437778708
мы,0.9408433945910859,4,0.4111792078998034,17,0.5296641866912826
мысли,0.9855238908477953,3,0.20492318968059614,15,0.7806007011671992
мысль,0.05590047729899381,5,0.30703263652070945,15,-0.2511321592217156
мыслях,0.9845592455408249,4,0.019859366097016003,8,0.9646998794438089
мягко,0.6836202922104352,5,0.11367120022526349,15,0.5699490919851717
навсегда,0.9995306776559166,5,0.2216257302833781,16,0.7779049473725386
награду,0.3503299129261918,5,0.25974480405049505,14,0.09058510887569676
надежде,0.9383620622408767,8,0.5130469721564523,6,0.42531509008442436
надеяться,0.40870910981291236,3,0.48835515883465114,18,-0.07964604902173877
надлежало,0.08779533716538801,1,0.0015997055183498772,13,0.08619563164703813
надлежит,0.014247083834086731,4,0.0026518993025660127,11,0.011595184531520718
надо,0.6296885713095732,52,0.32173398584864005,31,0.3079545854609332
надобности,0.27757946330223565,6,0.14871831106877165,8,0.128861152233464
надоело,0.42524262107496985,5,0.24840849147840913,25,0.17683412959656072
назад,0.695751268903365,15,0.9395293738178131,8,-0.24377810491444807
назвали,0.7601337487630975,3,0.23285425775781973,15,0.5272794910052777
названием,0.9961490351702323,3,0.8286260488203891,7,0.1675229863498432
назвать,0.90366847058993,1,0.5942162677221192,15,0.30945220286781083
называемый,0.9722244159348058,3,0.10049684608948638,3,0.8717275698453194
называется,0.2917144047626623,10,0.2910105121860099,24,0.0007038925766524318
называют,0.730282928616933,1,0.36132681894210633,10,0.36895610967482667
наиболее,0.03725609892519257,7,0.29179802230720137,6,-0.2545419233820088
найдешь,0.48478056869474306,1,0.16474549703132838,24,0.3200350716634147
наказание,0.5399596663141463,4,0.33031508045745356,16,0.2096445858566927
наконец,0.3854094003532997,8,0.06197250441148493,19,0.32343689594181474
налево,0.9997785581818511,1,0.4349908981715277,16,0.5647876600103234
наличии,0.23446691252562601,4,0.692742831274171,5,-0.458275918748545
намерения,0.259147915631386,3,0.10626879483016452,7,0.15287912080122149
направо,0.9943618980016711,1,0.6112231489649577,12,0.3831387490367134
напрасно,0.04990304115492633,3,0.0647248744257644,16,-0.014821833270838067
нарочно,0.004882345418536001,5,0.028697838762779163,24,-0.023815493344243162
нарушение,0.5705934401925135,5,0.559009107400438,13,0.011584332792075491
нас,0.9627551271715553,4,0.3395921813225534,14,0.6231629458490019
насколько,0.6805881840660155,12,0.4576074784580122,9,0.22298070560800332
настолько,0.6546238463142009,5,0.6121336215953528,4,0.04249022471884811
настоящий,0.020749154449397,2,0.16863542260707415,8,-0.14788626815767714
насчет,0.3662866092750628,23,0.2037826890612355,22,0.16250392021382729
натуре,0.10037472598660502,3,0.22502721240486537,12,-0.12465248641826035
находилась,0.22669822633993605,3,0.0444877777948497,11,0.18221044854508636
находились,0.074793253516032,1,0.15801632188683862,10,-0.08322306837080662
находится,0.40420920766406404,1,0.1788460332116447,9,0.22536317445241935
начала,0.5767623410318191,3,0.4618537235351734,8,0.11490861749664572
начали,0.40003062452860305,2,0.3336948194572062,16,0.06633580507139686
начнет,0.11724526983336402,1,0.18810844806037214,9,-0.07086317822700812
начнут,0.6133370242932691,1,0.31111559530482646,16,0.3022214289884426
наше,0.4755648804677838,5,0.383295490427027,13,0.0922693900407568
наши,0.826207512189541,5,0.3336474059119203,9,0.4925601062776207
нашло,0.9820438049114684,5,0.45193583428766915,12,0.5301079706237992
небо,0.9403038661406363,3,0.4895626330475026,15,0.45074123309313374
небольшим,0.218793120657504,3,0.14075766705341558,5,0.07803545360408842
небом,0.9947729639441354,3,0.44027738313712744,6,0.554495580807008
неведении,0.9432884832142258,3,0.28890452741502753,8,0.6543839557991982
невзирая,0.029295947307598505,4,0.007896699867102,3,0.021399247440496504
неделя,0.8402291791584584,5,0.3066032413623837,20,0.5336259377960747
независимо,0.9660257596688702,6,0.017549500242962854,6,0.9484762594259073
незаметно,0.08075957354953445,4,0.18420338686456234,17,-0.10344381331502789
некотором,0.20692965260323853,4,0.40334791850537255,18,-0.19641826590213401
некоторых,0.004545972001683334,3,0.3234758451353019,9,-0.3189298731336186
неладное,0.4977983528572235,2,0.5161622911534541,14,-0.01836393829623062
немного,0.31097719836365484,7,0.20603135077652598,20,0.10494584758712885
немножко,0.004279769830145334,3,0.01870762910222463,19,-0.014427859272079298
необходима,0.9181342539491201,1,0.15533660125628915,20,0.762797652692831
необходимости,0.5268795477069358,3,0.37448337606964555,4,0.15239617163729025
необыкновенно,0.0010005458914706467,2,0.002533981138261751,12,-0.0015334352467911041
неожиданно,0.000694377834076,1,0.1399207385163495,18,-0.1392263606822735
неподалеку,0.19701904970306103,1,0.054124618235115766,12,0.14289443146794525
нерешительности,0.2092540493094182,5,0.0004976663559724936,2,0.20875638295344573
несет,0.38948871513328004,1,0.4823880345983293,11,-0.09289931946504926
несло,0.018752413317379337,3,0.09536740234164187,23,-0.07661498902426253
несмотря,0.9707264126051525,9,0.7918753883842193,5,0.17885102422093313
несчастью,0.0074150376284206,5,0.20500747029311917,4,-0.19759243266469856
нету,0.012688451302269001,1,0.043524431492449944,29,-0.030835980190180943
неужели,0.01648994138001167,3,0.14229493194743997,33,-0.1258049905674283
неужто,0.004442393015013001,1,0.12521237202458302,1,-0.12076997900957001
нигде,0.35334483935797045,5,0.1437404721661332,12,0.20960436719183725
ниже,0.8381151245238038,7,0.31647867001669355,9,0.5216364545071102
никакая,0.8066431341640041,2,0.03551309731204602,5,0.7711300368519581
никаким,0.8566389601735,3,0.1792004056415887,9,0.6774385545319114
никаких,0.7306855493682515,6,0.7155683331833218,14,0.015117216184929672
никакого,0.171109930970625,3,0.6949763856451463,19,-0.5238664546745213
никакой,0.3328800256448152,6,0.4872927970632775,20,-0.15441277141846227
никогда,0.5118913951061733,11,0.9974983488126321,1,-0.4856069537064588
никто,0.8159857602123483,7,0.7349489468482749,14,0.08103681336407331
никуда,0.605009369949649,2,0.4913668320778192,15,0.11364253787182982
ним,0.896522051930099,1,0.299240530325159,13,0.5972815216049401
нисколько,0.0198472439515311,10,9.3381183794881e-05,5,0.01975386276773622
ничем,0.055298164853531805,5,0.450030504885266,2,-0.39473234003173424
ничто,0.010314983677713,1,0.14586237473777186,8,-0.13554739106005886
новой,0.048374812513597674,3,0.16773807753873451,8,-0.11936326502513683
новом,0.8725554016413211,1,0.30572446966931655,14,0.5668309319720045
новость,0.721695419129138,1,0.14825622450804837,22,0.5734391946210897
новостью,0.16832487319453102,1,0.13870381524570083,16,0.029621057948830187
ног,0.8374452022223102,21,0.5551201900112218,11,0.2823250122110884
нога,0.9993601227577461,3,0.18492106217577928,15,0.8144390605819668
ногам,0.9734926857907904,5,0.2035625942740967,12,0.7699300915166937
ногами,0.8482166637410206,10,0.2942328849855823,10,0.5539837787554382
ноге,0.990088154409919,3,0.44548727671349153,10,0.5446008776964275
ноги,0.6922082416668967,12,0.37718682434670414,15,0.3150214173201925
ногой,0.5299172085993605,7,0.07139393240571976,16,0.45852327619364075
ногтей,0.417138302842557,5,0.6821915280603726,7,-0.26505322521781566
ногу,0.9091350432232576,10,0.20030613996865423,20,0.7088289032546033
ноль,0.3630980397653345,2,0.24257261363198993,25,0.12052542613334458
норме,0.3155245238344164,10,0.11204999324455718,6,0.20347453058985926
нос,0.6694627175742079,16,0.43698994600471885,16,0.2324727715694891
носа,0.497359268596747,6,0.3560743966290505,14,0.1412848719676965
носом,0.712340621962983,12,0.41642246278720174,17,0.29591815917578124
носу,0.793531553909659,9,0.39139322994636344,19,0.4021383239632956
носят,0.7027710667876901,2,0.39332826374340524,14,0.30944280304428484
ночевать,0.964473657789594,1,0.07828478125376007,25,0.886188876535834
ночи,0.6093834015138941,5,0.5722245356158021,13,0.03715886589809203
ночь,0.6750193734417119,13,0.3306895777644724,19,0.34432979567723954
ну,0.6241830791548983,95,0.1858879359908243,35,0.43829514316407403
нужен,0.6956477544185293,7,0.42250765974728327,20,0.27314009467124606
нужна,0.031419376628892,1,0.40079596372402476,20,-0.36937658709513277
нужно,0.33217990082974436,15,0.2034185608274442,17,0.12876134000230016
нужны,0.863196023087009,1,0.5047267096882846,19,0.35846931339872445
нуля,0.6868796878826631,5,0.24712862540271174,15,0.4397510624799513
о,0.9243593528473568,110,0.4996095813310742,6,0.4247497715162826
об,0.9942472743290434,10,0.8747050132386494,17,0.11954226109039401
оба,0.9094983233772691,3,0.158107569678247,20,0.7513907536990221
обе,0.9906059136096174,3,0.18064002821605715,15,0.8099658853935602
обед,0.973115951988862,3,0.10792790927463118,18,0.8651880427142309
обеими,0.117502303610651,1,0.47227801727438035,9,-0.35477571366372934
обидел,0.8989165196502621,2,0.16360124675651186,22,0.7353152728937502
обидно,0.41115250254305896,3,0.11179925176388834,21,0.29935325077917063
области,0.786445670649715,2,0.6505165988314411,4,0.13592907181827396
обойдется,0.996442502070028,1,0.15224465943953233,24,0.8441978426304957
обойтись,0.9909700442472311,1,0.3965837775401435,24,0.5943862667070876
обошла,0.9273748309588911,1,0.29778333398839435,12,0.6295914969704968
образе,0.11373532496735121,5,0.627936949028243,3,-0.5142016240608919
образу,0.9986833770741814,3,0.27995250833431334,6,0.7187308687398681
образцу,0.36113441076646347,5,0.026824410580906004,2,0.33431000018555745
обратно,0.9799437994315621,1,0.23474380956874952,10,0.7451999898628126
обращает,0.9079599497766291,2,0.6246297972283179,9,0.2833301525483112
обращал,0.21000396006476302,1,0.3666451759913288,12,-0.15664121592656577
обрез,0.6258422739149899,6,0.0009349941267654434,13,0.6249072797882245
обстановке,0.2605875929053198,5,0.06586324978492102,3,0.19472434312039877
обход,0.086056964325757,3,0.10011051035017707,10,-0.014053546024420063
общей,0.39655909169104825,4,0.36810564020565295,9,0.028453451485395298
общими,0.6497683271715253,3,0.2974685962526039,7,0.3522997309189214
общих,0.5257920373432448,3,0.42606918221373247,10,0.09972285512951229
объемом,0.14654541219815775,4,0.24920752471161203,6,-0.10266211251345428
обыкновению,0.4954720441696012,6,0.15811833722622953,2,0.3373537069433717
обычаю,0.13894290987648836,3,0.001561459432716,1,0.13738145044377237
обычно,0.07185882155706501,3,0.048290965590759474,17,0.023567855966305534
обычным,0.17671601841913767,3,0.1830368978965432,16,-0.006320879477405533
огне,0.008771435977388022,3,0.34766396996237503,9,-0.33889253398498703
огнем,0.4827919543399382,7,0.20231805215097795,14,0.2804739021889603
огня,0.7920942077494924,3,0.21738371782494717,12,0.5747104899245452
одних,0.42051592599840004,1,0.4274170747360464,8,-0.0069011487376463565
одновременно,0.5376965413527051,1,0.09157975140985318,6,0.44611678994285187
одного,0.749321906379929,8,0.4057225311110081,5,0.3435993752689209
одной,0.8233379450354654,16,0.4958721398011835,13,0.3274658052342819
одном,0.9149974774706466,10,0.657283210368139,13,0.25771426710250767
одному,0.5493150883091199,9,0.5452331356457046,13,0.004081952663415267
ожидал,0.680157766371958,2,0.2444261891297598,24,0.43573157724219824
ожидали,0.6198004901005151,1,0.09462137868035259,21,0.5251791114201625
ожидания,0.7492738329274292,5,0.3309299657286644,11,0.4183438671987648
ой,0.072556014863058,1,0.24467400046537313,31,-0.17211798560231512
ока,0.9978635330234262,5,0.7095732541073722,9,0.2882902789160541
оказалась,0.115057147886648,1,0.2167683749932486,20,-0.1017112271066006
оказались,0.024156258887210003,1,0.1829500962160091,17,-0.1587938373287991
оказался,0.13329703861918635,3,0.21154122133905373,26,-0.07824418271986738
оказаться,0.507619486591506,2,0.27502482772589004,7,0.23259465886561598
окном,0.2619847070098293,4,0.6178705402301883,18,-0.355885833220359
окончательно,0.0187078928113548,5,0.20029995498014933,16,-0.18159206216879453
окружении,0.38285356127358317,10,0.035459340363064334,3,0.34739422091051886
он,0.9975376116050931,1,0.23623188219247293,11,0.7613057294126202
оно,0.8492622380718136,14,0.2542048136709108,19,0.5950574244009028
оперы,0.21990627156968837,3,0.34198191221839125,9,-0.12207564064870288
опор,0.6909174183419451,1,0.2698520240968036,11,0.4210653942451415
опять,0.5101873495328361,1,0.05975571803670436,26,0.4504316314961317
основании,0.8092228868492363,10,0.2139621571108955,2,0.5952607297383408
оснований,0.5177682817587367,8,0.4217454951074968,11,0.09602278665123987
основе,0.6730543870824465,5,0.406419540398401,3,0.26663484668404547
особенно,0.156453432126292,4,0.16402653279557836,15,-0.007573100669286348
особенности,0.331822274081338,4,0.05558580995556641,10,0.27623646412577163
особого,0.933280895425258,2,0.3508198144462173,8,0.5824610809790407
особое,0.158842584107383,1,0.19839809227729385,11,-0.03955550816991085
особой,0.49854232826710254,2,0.14606156999895714,8,0.3524807582681454
особых,0.7738466809142721,1,0.1338679551808791,17,0.639978725733393
оставалось,0.8068353161696896,3,0.24662234110526643,20,0.5602129750644231
оставил,0.5949846657184881,3,0.2251488510053402,9,0.36983581471314786
оставила,0.961859330688533,1,0.06273338546766989,9,0.8991259452208631
оставили,0.7257675047746761,1,0.26699370153897106,18,0.45877380323570505
оставим,0.9968972218197821,1,0.19984860840883986,18,0.7970486134109422
оставить,0.6392502943297497,3,0.6719298250803929,7,-0.032679530750643226
оставляет,0.9805900230526601,2,0.24225407960460482,5,0.7383359434480552
оставлял,0.605301673636058,2,0.011387876987422508,15,0.5939137966486355
оставь,0.8532168174454181,2,0.1651922431273523,17,0.6880245743180657
оставьте,0.795910680048945,1,0.3578969303708738,18,0.4380137496780713
остается,0.5336028369351005,2,0.24931167078919186,14,0.2842911661459086
осталось,0.044152215115032006,1,0.27174414126991797,18,-0.22759192615488597
остальных,0.277938052866377,5,0.1638385857534348,8,0.11409946711294222
остатка,0.39308225728775803,5,0.018844102678589072,2,0.374238154609169
ответ,0.4675464640327007,3,0.31708370779377076,24,0.15046275623892996
отвечает,0.339350192141303,1,0.4412062444105418,12,-0.10185605226923877
отвечают,0.31100739465814203,1,0.17608083923320758,13,0.13492655542493445
отдалении,0.015691664219628376,3,0.003872221818409017,10,0.01181944240121936
отдали,0.14482615755421666,3,0.1361917479048874,21,0.008634409649329267
отдать,0.21491636279929552,2,0.43747171170447074,20,-0.22255534890517523
отдельности,0.7793590370567558,6,0.2447288838340235,4,0.5346301532227323
откладывать,0.5831552008841584,3,0.21210350302781422,20,0.3710516978563442
открыв,0.4899325415209587,3,0.0590199764036345,2,0.43091256511732423
открытой,0.2767134985305917,3,0.563059084385226,11,-0.2863455858546343
открытую,0.05266667212088901,3,0.4548073347895029,12,-0.4021406626686139
открытым,0.7242951058530905,13,0.4951382943824974,15,0.22915681147059314
откуда,0.8622049331509243,15,0.6160836263440985,22,0.24612130680682576
откуп,0.9557877022435417,5,0.20164768601568328,10,0.7541400162278584
отличие,0.9990445865725516,5,0.220469881397469,4,0.7785747051750825
отлично,8.722461681820799e-05,1,0.058897984470556004,18,-0.05881075985373779
относилось,0.0032741441870140003,1,0.1352889828767926,15,-0.13201483868977862
относился,0.010063298716603001,1,0.38241690901693964,13,-0.37235361030033665
относятся,0.6377611401599587,3,0.7474288537360227,8,-0.10966771357606409
отношении,0.30124873209116887,7,0.4949900052798669,2,-0.19374127318869805
отношениях,0.7756803241174176,5,0.5122094300401877,9,0.2634708940772299
отнять,0.430072337648472,5,0.2060319279791823,14,0.22404040966928973
оторвать,0.602460027485663,3,0.38938990627332787,17,0.2130701212123351
отсутствие,0.36350405656209184,5,0.26611180062877493,8,0.0973922559333169
отсутствием,0.997684844348626,1,0.5920871770954113,7,0.4055976672532148
отсутствует,0.019473259275612,1,0.12964780158662148,15,-0.11017454231100948
отсюда,0.5176383978981741,7,0.21936113860976084,16,0.2982772592884133
оттуда,0.918178472867294,1,0.25290417086988354,13,0.6652743019974106
отъезде,0.020580202039860333,3,0.05617835259570714,14,-0.03559815055584681
ох,0.6612333262141943,7,0.0849052586960872,36,0.5763280675181071
охота,0.04233315579105467,3,0.09365151789000538,20,-0.05131836209895071
охотой,0.0022139240491683334,3,0.43624828368364005,9,-0.43403435963447173
очевидно,0.013812336411963,2,0.13791117751324275,11,-0.12409884110127975
очереди,0.417956546248899,17,0.5590797737629377,13,-0.14112322751403872
очередь,0.9469121959186123,13,0.11214722374784851,6,0.8347649721707638
очистки,0.9664466062237734,3,0.28311647781542715,8,0.6833301284083463
очков,0.7793162555920011,3,0.38384056249401965,15,0.3954756930979815
ошибки,0.08580888660458226,4,0.2455459517187919,10,-0.15973706511420965
ошибку,0.9372806743698259,4,0.44268937655149837,14,0.4945912978183275
п,0.07189494764706901,1,0.3133926408959751,13,-0.24149769324890613
падает,0.618522621327884,1,0.24447146270652176,11,0.3740511586213623
палец,0.9781111554862191,2,0.30444956119716643,19,0.6736615942890527
палки,0.8360140513121004,3,0.019620526914525874,17,0.8163935243975745
пальцам,0.7070288395413692,7,0.15394588555615224,10,0.5530829539852169
пальцах,0.637449747896042,1,0.26963100740016405,14,0.367818740495878
пальцев,0.9787793651245641,1,0.6143956128255029,16,0.36438375229906117
пальцем,0.5217843325309238,4,0.4303596282042159,17,0.0914247043267079
памяти,0.4504426764913595,13,0.5300449872010337,11,-0.07960231070967416
память,0.7829243993220589,6,0.21446510133285393,15,0.568459297989205
пар,0.3004774071781388,5,0.14222501939288937,12,0.15825238778524944
пара,0.5981575067898335,2,0.12487853182009424,12,0.47327897496973925
параллельно,0.15702570836945073,6,0.09542211426922631,6,0.061603594100224424
паре,0.31862060869903536,3,0.21539494414883575,17,0.1032256645501996
пари,0.9954995698901465,5,0.3454433427518643,13,0.6500562271382823
пару,0.4809520469718577,3,0.6619212308847859,9,-0.1809691839129282
пахнет,0.8667934538133892,5,0.45232149523219256,23,0.4144719585811967
пень,0.612863301292867,4,0.12447856477954397,23,0.48838473651332304
первая,0.916801483427888,1,0.38992104796389626,18,0.5268804354639918
первого,0.8821633506627942,7,0.5192625673265762,6,0.362900783336218
первое,0.6481963769514913,9,0.22264872923858406,17,0.4255476477129073
первой,0.768671955549677,8,0.4258171500845325,6,0.3428548054651445
первом,0.5614520465982203,3,0.3781411102130176,11,0.18331093638520274
первому,0.47869647388097497,3,0.19435261979414545,14,0.2843438540868295
первую,0.7549350625910902,8,0.6638722748948322,5,0.09106278769625797
первый,0.4097448085006873,13,0.3320620236124003,12,0.077682784888287
первым,0.9895285109694271,3,0.21489049311457628,15,0.7746380178548508
первых,0.8687919566462807,9,0.5104009872798855,6,0.35839096936639525
переводя,0.9913242802177461,3,0.47444864781368734,6,0.5168756324040588
передали,0.9367574706954266,2,0.09845729826526664,16,0.83830017243016
передано,0.9413463030558331,1,0.34916835047059047,7,0.5921779525852426
переносить,0.06409025804175512,2,0.10154591472621775,13,-0.03745565668446263
перерыва,0.37515750051072283,5,0.32437491914971445,10,0.05078258136100838
переставал,0.9716437946523651,1,0.1737931450241065,11,0.7978506496282586
переставая,0.46257965415810665,5,0.030581871956519,2,0.43199778220158763
перестает,0.044575733391772,1,0.3535845549564347,16,-0.3090088215646627
перестал,0.7206338977299486,2,0.2757349909777493,19,0.4448989067521993
перестали,0.578668604923071,1,0.264557863166169,22,0.314110741756902
перехватило,0.9766513639936051,1,0.6142482060329685,19,0.3624031579606366
перец,0.1597851849829675,2,0.097857197919108,7,0.061927987063859505
персоной,0.9967262596923909,5,0.22386176664547427,8,0.7728644930469166
перспективе,0.0958196333709085,2,0.369260352695002,2,-0.27344071932409353
пешком,0.4586958693744229,2,0.1308983122325211,16,0.32779755714190184
пламенем,0.9475507520862411,2,0.40307357123751253,13,0.5444771808487285
плане,0.35838638561554803,8,0.9572615068088456,2,-0.5988751211932976
плачь,0.38436801372678503,3,0.14319526138739566,30,0.24117275233938937
плеча,0.6461691360312762,5,0.26930572655738666,14,0.3768634094738896
плечах,0.9916454791343485,5,0.272457115092538,21,0.7191883640418105
плечо,0.9366081460548312,4,0.38412517499976184,20,0.5524829710550694
плечу,0.3107471943052474,8,0.6280624976698747,3,-0.31731530336462727
плоскости,0.9059391595907991,1,0.28315375535640347,5,0.6227854042343957
плоти,0.9989069013296191,3,0.24803373243890212,9,0.750873168890717
плоть,0.9863414872050007,3,0.16912549732112575,9,0.8172159898838749
плохи,0.7873525990709896,5,0.18737741689878015,21,0.5999751821722095
площадью,0.8154197340446521,5,0.3514048591593292,10,0.4640148748853229
плюс,0.33032082511756616,9,0.0983269596810811,13,0.23199386543648506
побери,0.396043271786277,1,0.36493088683819425,22,0.031112384948082772
побрал,0.9909784432018043,5,0.5152007698116835,4,0.4757776733901208
повезло,0.744805033892476,6,0.22584964378216005,27,0.5189553901103159
поверхности,0.8332088500875153,4,0.11775037230644625,8,0.7154584777810691
повод,0.7339981060768712,5,0.3607118533030457,10,0.3732862527738255
повода,0.885825589555252,1,0.2822495491887665,14,0.6035760403664856
поворачивается,0.8341897604273086,3,0.25872970718782534,21,0.5754600532394833
погодя,0.5126645177766788,3,0.12919476484520892,15,0.38346975293146984
подавал,0.7714498783977025,2,0.1624119163779279,14,0.6090379620197746
подает,0.8462299548985006,2,0.07241706581425389,18,0.7738128890842467
подальше,0.9379887946129721,9,0.49028370757764805,16,0.4477050870353241
подарок,0.025094974594621334,3,0.2007609353459258,20,-0.17566596075130445
подать,0.9926517928282294,3,0.4137770158572182,15,0.5788747769710112
подачи,0.21779267336530445,5,0.30284567782683214,10,-0.08505300446152769
подбор,0.884235977309344,3,0.08625839450451502,7,0.797977582804829
подвел,0.970518417385664,1,0.144256213599657,17,0.826262203786007
поделать,0.3728683853861631,7,0.34397937147942464,24,0.02888901390673848
подобает,0.29085866860347476,7,0.16510097323946427,8,0.1257576953640105
подобно,0.9857170973539031,4,0.40307627511004235,3,0.5826408222438608
подобного,0.9077875715544426,2,0.14432572384780223,15,0.7634618477066404
подобное,0.9677957916298863,4,0.274835987461411,15,0.6929598041684752
подряд,0.3707350073511509,8,0.5176819403813734,15,-0.1469469330302225
подтверждение,0.713426912817996,3,0.4052903040374476,11,0.3081366087805484
подумай,0.4171261352743467,3,0.049167614269350644,20,0.3679585210049961
подумайте,0.046961124846494506,2,0.12918310549073672,24,-0.08222198064424222
подумал,0.44052832528364366,3,0.21836551174424348,17,0.22216281353940018
подумать,0.8138566642864539,11,0.21514141819105143,10,0.5987152460954024
подход,0.000183836410066,1,0.47332409189290386,11,-0.4731402554828379
подходе,0.3504314690017963,12,0.42771449216796753,13,-0.07728302316617125
подходил,0.39546654472424053,2,0.14878644522124843,16,0.2466800995029921
подходили,0.018663243745126002,1,0.2894441684165072,16,-0.2707809246713812
подходят,0.9685375122121841,1,0.12258012643229944,16,0.8459573857798847
пожелает,0.8155602445018351,2,0.11760010108687667,14,0.6979601434149584
позволите,0.6234683765047311,2,0.32951757624136124,26,0.29395080026336984
позвольте,0.5286447855870208,3,0.3217897543576034,7,0.2068550312294174
позволю,0.5453513318755381,2,0.3243329556087311,17,0.22101837626680698
поздно,0.6881310989751818,6,0.462683497075847,20,0.22544760189933477
пойду,0.098670785652297,1,0.19886899973135955,27,-0.10019821407906254
пойми,0.47463402920759706,2,0.12132302277514084,23,0.3533110064324562
покажет,0.8816197506480261,3,0.33880923531403523,22,0.5428105153339908
покажу,0.6751885734233357,3,0.3572699680841736,31,0.3179186053391621
покажут,0.658354880140223,2,0.14024063616036508,13,0.518114243979858
поколение,0.9912581250925419,3,0.47937495255650353,10,0.5118831725360383
поколения,0.9846759430076707,3,0.6504814422361431,7,0.33419450077152757
полагается,0.03737443212656567,3,0.024454490589456156,24,0.01291994153710951
полдень,0.127470710201459,2,0.06694549072258406,19,0.060525219478874945
полезли,0.6298374232499803,4,0.047923273073395896,22,0.5819141501765843
полета,0.7477257749850796,3,0.03309467910261296,15,0.7146310958824666
полной,0.7381556882205976,13,0.1921537965245815,8,0.5460018916960161
полном,0.6036620853674717,18,0.6349432329006204,8,-0.0312811475331487
полностью,0.8526156758574511,4,0.2078570455628739,9,0.6447586302945773
полноты,0.6444021969920947,3,0.14178486962352188,8,0.5026173273685728
полным,0.4572459587398597,3,0.6767078703051738,14,-0.21946191156531408
половина,0.791167553366927,1,0.21671026046801342,10,0.5744572928989136
половине,0.7537509197886871,2,0.5519776902430742,10,0.20177322954561294
половиной,0.6846365610349441,1,0.7682534516478408,14,-0.08361689061289668
половину,0.828965524819484,1,0.38771407553175585,14,0.4412514492877282
положении,0.708322564594624,6,0.007447317414123001,1,0.700875247180501
положения,0.5051020986269917,3,0.3194058744084246,10,0.18569622421856713
положено,0.2059726524614597,10,0.07061881170154263,16,0.13535384075991708
получилось,0.560148239455821,6,0.10539848856510226,26,0.4547497508907188
получите,0.09651983624211401,1,0.29274653042733323,23,-0.1962266941852192
получишь,0.3945421231489085,4,0.2700729477570807,24,0.12446917539182784
полы,0.9883763319395547,3,0.08625369301451193,11,0.9021226389250427
пользоваться,0.065123962036404,1,0.43874548409432923,11,-0.3736215220579252
пользу,0.8045721113499298,5,0.5299828639646251,11,0.27458924738530466
пользуются,0.7294401993471191,2,0.5821024841825988,17,0.14733771516452032
помине,0.9099096622113567,5,0.6915151429904367,21,0.21839451922092
помнится,0.06887916392891451,2,0.022758994011177765,5,0.04612016991773674
помнишь,0.0066453675750565,2,0.16282143977805105,16,-0.15617607220299456
помню,0.950252883121362,3,0.1684473957466005,15,0.7818054873747615
помощи,0.9981761097621747,3,0.6400519187736883,8,0.35812419098848647
помощью,0.936983317774018,5,0.7362003179197298,6,0.20078299985428816
понемногу,0.0027080515328620006,2,0.01453896423826674,14,-0.011830912705404739
понимает,0.191971402373108,1,0.24649380781667155,14,-0.05452240544356354
понимаете,0.5127707493420443,5,0.3548279892903782,25,0.15794276005166608
понимаешь,0.5034048758269072,6,0.17051260886557865,22,0.33289226696132856
понимании,0.10895995602970826,4,0.2304499419390987,3,-0.12148998590939045
понимать,0.1972083702298832,5,0.15546185475347282,11,0.04174651547641037
понимаю,0.365666863881837,8,0.4729315275031823,22,-0.10726466362134529
понимают,0.9719136079860706,2,0.30527823487282646,21,0.6666353731132442
понял,0.346782207871577,2,0.3272240929575746,16,0.01955811491400239
понятия,0.9485654422476919,5,0.4160004373450906,13,0.5325650049026013
понятно,0.28276324548156,4,0.21214448216714502,22,0.070618763314415
понять,0.5353234167168179,10,0.1611540268895415,8,0.37416938982727643
поперек,0.999935489116979,5,0.36416366060663846,12,0.6357718285103406
пополам,0.9999027198797638,5,0.32265990082252277,19,0.677242819057241
попробует,0.6831878344761151,2,0.21965062004317218,16,0.46353721443294293
попробуй,0.528399644544391,1,0.12134938481937985,19,0.4070502597250112
попробуйте,0.370712140572447,2,0.15644627566699879,15,0.21426586490544822
попросил,0.5537233091754977,3,0.08877661327589348,19,0.46494669589960425
попусту,0.0005022882676450001,1,0.06677459171681323,23,-0.06627230344916822
пор,0.900535069760801,25,0.9888054963270766,7,-0.0882704265662756
порога,0.08536773770584401,3,0.03807352166293822,20,0.04729421604290579
пору,0.28035141417768,7,0.2500948667955663,4,0.030256547382113697
поры,0.6809939871332538,18,0.31113024409915546,15,0.3698637430340983
порядка,0.050517139267808,5,0.12245274144508163,8,-0.07193560217727363
порядке,0.8020698342806823,18,0.5198777649971916,9,0.2821920692834907
порядком,0.6948539624500865,9,0.10623924912809914,12,0.5886147133219873
после,0.8455123946253313,16,0.7864330400946595,13,0.05907935453067181
последнего,0.6655805036044984,3,0.2926316815100296,9,0.3729488220944688
последнее,0.9637402741529496,2,0.47671659394981464,9,0.48702368020313497
последней,0.9971748760704081,1,0.19177031819991044,10,0.8054045578704977
последнем,0.7486703618757291,2,0.08421047935766023,7,0.6644598825180689
последние,0.42307360259532284,5,0.5653264352965062,10,-0.14225283270118333
последний,0.6605608640414659,9,0.27642527249417514,15,0.3841355915472907
последним,0.735269628626097,1,0.26145178997931756,11,0.47381783864677945
последняя,0.5357180108253651,1,0.10631425591241234,9,0.42940375491295274
послушать,0.3873921053239419,6,0.06157601042264628,15,0.32581609490129565
посмотреть,0.023968444824211003,1,0.6028756564366726,9,-0.5789072116124616
посмотрим,0.6616014522138712,5,0.37978768319273803,22,0.2818137690211332
поспорить,0.7411470923306588,4,0.13402092850691982,17,0.607126163823739
поставив,0.013904321183361,1,0.22831071848282639,6,-0.2144063972994654
поставил,0.558599610437483,3,0.294068284504148,8,0.26453132593333495
поставили,0.66778806478841,1,0.2958028341988168,15,0.3719852305895932
поставить,0.9497474329345805,4,0.25959269558483755,8,0.690154737349743
поставлен,0.76896220255043,1,0.37062570889429025,16,0.39833649365613977
потерял,0.5753480005910451,4,0.3426436137146374,16,0.23270438687640765
потеряла,0.45719726097670305,1,0.2953998396536025,21,0.16179742132310054
потолка,0.8577100955390085,5,0.15897135659638484,12,0.6987387389426236
потом,0.4566661747934182,22,0.4156943201238073,14,0.040971854669610897
потому,0.5889415190605277,13,0.0344955506117176,5,0.5544459684488101
похож,0.9587483007246577,3,0.8639431118286279,13,0.09480518889602974
похожа,0.9806372015190516,2,0.6360194441806478,19,0.34461775733840383
похоже,0.7331351713801267,10,0.3754965771383889,18,0.35763859424173783
похожи,0.9790986689697541,1,0.6512422868325006,17,0.32785638213725343
почве,0.6156963181928974,5,0.011998583604882,2,0.6036977345880153
почему,0.8169421268512506,11,0.36457033636938874,30,0.4523717904818618
почти,0.4103392594297717,3,0.08137239320550416,11,0.3289668662242675
пошла,0.295186065822297,2,0.33721844913837684,23,-0.042032383316079835
пошли,0.027903903942564003,2,0.20118070808395316,13,-0.17327680414138916
пошло,0.9982996852227973,10,0.22534164232394066,23,0.7729580428988567
пр,0.018402840031936,2,0.033235524480236193,6,-0.014832684448300194
права,0.9189241981704106,4,0.5073523304266457,10,0.41157186774376486
правах,0.6760484036587993,8,0.29245189142796535,7,0.3835965122308339
правде,0.8591834579920411,3,0.7886678130400668,17,0.07051564495197427
правилам,0.5203771049773143,4,0.29342601980418676,12,0.2269510851731275
правило,0.401665046561383,5,0.18726745593756525,4,0.21439759062381777
правильно,0.976877287846796,5,0.31766745003844105,16,0.6592098378083548
правую,0.9969367926468871,1,0.31054363822709424,12,0.6863931544197928
практике,0.7872998875740361,3,0.30850933148192267,8,0.47879055609211346
практически,0.20187921895444952,2,0.10612705347987221,6,0.09575216547457731
прах,0.9990091462970404,3,0.03182730775100742,8,0.967181838546033
пребывал,0.1326159931023755,2,0.029736810017188878,6,0.10287918308518663
пребывать,0.0012419347143900002,1,0.00038273401904556897,3,0.0008592006953444312
превыше,0.23411079625587602,3,0.02960799629850139,13,0.20450279995737464
преданию,0.5916591974080525,2,0.11123945298301985,6,0.48041974442503266
пределе,0.505969153364863,5,0.0005317976720904647,5,0.5054373556927726
предлогом,0.6089583241646082,5,0.31748170733379155,4,0.2914766168308166
предложил,0.31737748986712755,2,0.24525928870358654,13,0.07211820116354101
предложила,0.400212046718994,1,0.10831379044451486,21,0.2918982562744792
представить,0.6286672243487478,3,0.4497060586267843,6,0.17896116572196347
представиться,0.6486518847597507,5,0.17044197281083703,23,0.4782099119489136
представлениям,0.0781028991799345,4,0.4939385054493133,4,-0.41583560626937877
представляет,0.96309662121323,5,0.4135951057644785,11,0.5495015154487515
представлял,0.11526922565724501,2,0.1790598595937303,11,-0.06379063393648529
представляю,0.9696281494594151,1,0.1886401433353167,13,0.7809880061240984
представляют,0.9590710754250478,3,0.45501959481717263,10,0.5040514806078751
прежде,0.7056024347631722,7,0.44491411313906165,12,0.26068832162411054
прекрасный,0.9514558005737148,5,0.19288707586053191,16,0.7585687247131829
претензии,0.08721528099349034,3,0.21408399135412182,15,-0.12686871036063146
прибавить,0.337077515498777,3,0.13965397801068533,12,0.1974235374880917
приблизительно,0.038092092536114,6,0.014600549408750095,14,0.023491543127363908
привела,0.994093818334655,1,0.3924943641700511,16,0.6015994541646039
привести,0.9959457807395934,3,0.6574557681552069,8,0.3384900125843865
привет,0.2474408603183315,4,0.28752043266289434,35,-0.04007957234456283
привлекает,0.144347715513397,3,0.2296208526584796,19,-0.08527313714508258
приводит,0.338957654419485,1,0.47871600254340557,6,-0.13975834812392057
привычке,0.18080474852924366,3,0.000811128370834,2,0.17999362015840967
придавал,0.7319648790518171,1,0.6401488908987545,12,0.09181598815306258
придачу,0.1134490342048908,5,0.1385291875870199,10,-0.0250801533821291
придет,0.1909413759784035,2,0.10183156826880321,15,0.08910980770960028
прийти,0.996685204455768,1,0.5424259274798497,14,0.4542592769759183
прикрытием,0.6952589963610558,4,0.04306218445482794,7,0.6521968119062279
применении,0.7870060288394629,5,0.4536889527520504,8,0.3333170760874125
пример,0.7277226566918235,25,0.49991431712069945,21,0.227808339571124
примера,0.5175623544180488,10,0.2753296856523767,11,0.24223266876567207
примерно,0.16826635877861357,9,0.1813269994774374,13,-0.013060640698823844
принимает,0.29523367791613303,1,0.40041395426460125,11,-0.10518027634846822
принципу,0.7462242208313846,5,0.10481133583914881,5,0.6414128849922358
принял,0.508969272918325,2,0.595804821911107,9,-0.0868355489927819
приняла,0.44041651348776856,4,0.5074912180993316,12,-0.06707470461156306
приняли,0.181391253179914,1,0.388980032336185,12,-0.207588779156271
принято,0.000197677162389,1,0.7115461532384273,5,-0.7113484760760382
принять,0.169229437331979,1,0.29273634014688105,7,-0.12350690281490204
природе,0.39778343097930535,11,0.2764663640582596,12,0.12131706692104577
присутствует,0.050031240895729,1,0.10071494269638762,8,-0.05068370180065861
присутствуют,0.012932596853546,2,0.25991280382119425,8,-0.24698020696764825
притворяться,0.263327246109858,1,0.06778903726788604,18,0.19553820884197198
причине,0.8102261647038691,10,0.0069040474700480005,1,0.8033221172338211
пришел,0.227043284992428,2,0.15628521514141797,14,0.07075806985101005
пришелся,0.49658882441412233,3,0.17102393581787484,17,0.3255648885962475
пришло,0.4619623555374927,7,0.41184976455752603,14,0.050112590979966676
пришлось,0.6538044876789747,3,0.20324959816267674,14,0.45055488951629796
про,0.5886568380618077,11,0.5749173984873642,19,0.013739439574443457
пробил,0.10601593926498451,2,0.06200440065574777,12,0.04401153860923674
проблем,0.6796370055204187,3,0.17872182032597259,7,0.5009151851944461
проблема,0.7130700018302001,2,0.18514593490162168,9,0.5279240669285784
пробы,0.4905521088183757,3,0.1508288705435033,13,0.3397232382748724
программе,0.7677311128191346,4,0.038411678750816226,9,0.7293194340683185
продолжение,0.005431392874881,5,0.2698172704318373,16,-0.2643858775569563
прозвали,0.11112687530904139,5,0.08676988221189107,15,0.024356993097150323
произвела,0.9804789208438001,1,0.3695889609121803,15,0.6108899599316198
произвели,0.836752178628801,1,0.4274458151695674,11,0.4093063634592336
произвести,0.9675336866768751,1,0.26330439755697543,9,0.7042292891198997
пройдет,0.8753794118602536,2,0.08219509341577855,10,0.793184318444475
проклят,0.987449768903347,8,0.08901106783656836,12,0.8984387010667787
промах,0.2048140363209617,6,0.16909658728045823,15,0.035717449040503474
просим,0.6086421220340803,4,0.24524080928505623,11,0.3634013127490241
просит,0.08948855338023046,5,0.06540600236900011,12,0.024082551011230344
прости,0.5201743911644571,1,0.1830842948853407,12,0.33709009627911635
простите,0.43631286143032255,2,0.19672783383504952,12,0.23958502759527303
просьба,0.1419553521184905,2,0.24986370278003917,16,-0.10790835066154866
просьбой,0.7384380280614491,1,0.4505107523779325,5,0.2879272756835166
просьбы,0.513658860677311,1,0.07618788659467522,15,0.4374709740826358
против,0.7588833077953415,23,0.47218550527193043,10,0.2866978025234111
противном,0.9097457620947118,5,0.005043723046326,2,0.9047020390483858
прохода,0.042946097099922004,1,0.11756632022447802,15,-0.07462022312455602
проходило,0.201185621402932,1,0.16537508936411546,12,0.03581053203881654
проходит,0.7202702140448403,4,0.17102380966450617,12,0.5492464043803341
проходу,0.015609102332095,2,0.129821697754911,13,-0.114212595422816
проч,0.020361144166623,1,0.0411207550909866,5,-0.0207596109243636
прочего,0.7906582152663926,5,0.3119138499564837,6,0.4787443653099089
прочее,0.19315147805755203,2,0.1431858783069767,10,0.049965599750575324
прочие,0.7680539026036061,1,0.2934988230022436,5,0.47455507960136245
прочим,0.9490220143859152,5,0.38744579145032754,2,0.5615762229355876
прочь,0.3439312008427032,6,0.19049432766001614,16,0.15343687318268703
прошла,0.31837334793675204,1,0.38372967653422163,8,-0.06535632859746959
прошло,0.6583546289790725,7,0.23416793176522427,18,0.4241866972138482
прошлом,0.43244230659875105,3,0.19133555158294702,1,0.24110675501580403
прощание,0.296478113964235,2,0.2760535211514413,16,0.02042459281279374
прощанье,0.35331281296660905,1,4.850470615632418e-05,2,0.35326430826045274
проще,0.42634182865399267,3,0.1720719760076427,15,0.25426985264634994
прощения,0.979316966361816,5,0.5794373536463496,12,0.39987961271546635
пруд,0.9982175106360597,5,0.4169130423689534,12,0.5813044682671062
прямая,0.7669647967783947,3,0.2816549314714109,9,0.4853098653069838
прямой,0.7000619686751958,6,0.1378050864517838,6,0.562256882223412
прямым,0.5664283395321935,2,0.13689925676586617,6,0.42952908276632734
псевдонимом,0.6367147719941407,5,0.061888986031633,6,0.5748257859625078
птица,0.08049064595846851,2,0.2321801624314627,12,-0.15168951647299417
пунктам,0.17363762294041138,3,0.42054350417621156,2,-0.24690588123580018
пусто,0.7296669025484163,5,0.11050620867401525,28,0.619160693874401
пустой,0.35280750391668403,1,0.29225791475185686,19,0.06054958916482717
пустом,0.9275129117040327,5,0.050678634490306254,8,0.8768342772137264
пустыми,0.9656503602795528,5,0.41366269795253313,12,0.5519876623270197
пусть,0.5693188222320077,20,0.3602573732690832,24,0.2090614489629245
пути,0.6467875243080187,3,0.39881551435342166,16,0.247972009954597
путь,0.18580142661709922,5,0.48122783842795147,17,-0.2954264118108523
путями,0.9954505477686911,6,0.5321465792646641,7,0.463303968504027
пух,0.9982395442142508,3,0.22780065178264086,18,0.7704388924316099
пушки,0.4613405571361603,4,0.26034586625018546,12,0.20099469088597482
пуще,0.010035017460931,1,0.030290909454411902,12,-0.0202558919934809
пыла,1.242650139877665e-07,1,0.0364932332424199,11,-0.03649310897740591
пят,0.556429066103999,3,0.2650137614480358,4,0.2914153046559632
пятам,0.9602670276229107,3,0.49042270996946624,8,0.4698443176534445
пяти,0.9505849637850513,5,0.0516497647027598,10,0.8989351990822915
пять,0.811449606100568,2,0.3236200623139917,11,0.48782954378657634
пятьсот,0.002753028728811667,3,0.037662415065602695,14,-0.034909386336791026
работали,0.6584073885596611,1,0.09891505562350167,11,0.5594923329361594
рабочем,0.33970858947301336,3,0.4214908007416234,6,-0.08178221126861002
равен,0.6624434006291035,5,0.2216086291254766,12,0.4408347715036268
равных,0.21665869292007872,10,0.34902180094589913,8,-0.1323631080258204
ради,0.6933171785109693,29,0.6537475453283995,6,0.039569633182569786
радости,0.10219017765734702,5,0.22360722017313792,16,-0.1214170425157909
радость,0.9174727097730596,5,0.18880244479003977,19,0.7286702649830199
радостью,0.6468980666771741,1,0.261257763368357,11,0.3856403033088171
раз,0.7611841035114812,110,0.5134559345719971,8,0.24772816893948413
разбирается,0.013692129372863002,2,0.32085069720186454,10,-0.3071585678290015
разбирался,0.08801749005801168,3,0.003273179085149138,5,0.08474431097286254
разбираюсь,0.9888102096310261,1,0.005511497449676333,13,0.9832987121813497
разве,0.4705415705178733,17,0.2920004679472004,23,0.1785411025706729
разговоров,0.13267016835375534,9,0.007241691009899121,9,0.1254284773438562
разделить,0.024560183469513,3,0.5998928621379663,11,-0.5753326786684533
разлив,0.15812772859739668,3,0.1076901962905436,9,0.05043753230685308
размаху,0.04825582328486701,2,0.2576433499513628,8,-0.2093875266664958
размером,0.9529282514621827,3,0.35949822569114925,5,0.5934300257710334
разница,0.9925720732004798,5,0.5864625010778173,13,0.4061095721226625
разницы,0.9808795605449685,5,0.27921845239017995,15,0.7016611081547885
разнообразия,0.04109759529444434,3,0.03493649174618927,6,0.0061611035482550675
разные,0.8044622338959231,1,0.5868825519124715,12,0.21757968198345157
разом,0.9041301854393053,5,0.09988328262090135,9,0.804246902818404
разрешите,0.23390670557673102,1,0.09068345048094285,11,0.14322325509578815
разряда,0.328823195590046,4,0.2666058077251873,7,0.0622173878648587
разу,0.8423558423310701,11,0.32575408612745854,2,0.5166017562036116
разумеется,0.15671373654659818,6,0.06410092373878948,15,0.0926128128078087
разы,0.7534951383335622,5,0.42159169587989803,2,0.33190344245366415
рак,0.9981040184028156,2,0.22947895328287382,10,0.7686250651199418
рамки,0.4541483948851415,6,0.3367448098270815,11,0.11740358505806003
рано,0.888070105834934,7,0.34406493386901127,18,0.5440051719659227
раньше,0.4027161189189874,5,0.31949769290765595,9,0.08321842601133145
распоряжение,0.22944660183177681,5,0.03192286471689497,13,0.19752373711488186
распоряжении,0.32545687992003225,5,0.48620810168568246,15,-0.1607512217656502
рассвета,0.983515778097375,3,0.08283483323543785,12,0.9006809448619372
расстояние,0.9981815628521525,2,0.5570403857453484,7,0.4411411771068041
расстоянии,0.9685789941266424,3,0.7340887829972522,10,0.23449021112939017
расти,0.9994357433717351,1,0.5501257301144553,10,0.4493100132572798
расчет,0.7785784854712198,3,0.06558546067276688,13,0.7129930247984528
расчета,0.9999924898711531,1,0.05118621852213452,17,0.9488062713490185
расчете,0.35137618802529336,9,0.05499179850987676,4,0.29638438951541657
редкость,0.3877731351755338,4,0.16265061902213523,25,0.22512251615339857
река,0.03410087418392766,2,0.142816858943503,19,-0.10871598475957533
рекой,7.002608368640933e-05,1,0.19549386349817732,16,-0.1954238374144909
речи,0.9807610028862411,15,0.6437633042508782,11,0.3369976986353629
речь,0.19043581877151777,8,0.8800115929298528,10,-0.689575774158335
решеткой,0.8947656374367617,3,0.5099619012762022,7,0.3848037361605595
решетку,0.522038072408844,1,0.03878588260646775,8,0.4832521898023763
ринулся,0.005330459792364,1,0.02707115965733081,18,-0.02174069986496681
ровно,0.028608732685108502,4,0.057789740728934,12,-0.0291810080438255
ровным,0.9998860270573587,5,0.06981023038107245,9,0.9300757966762863
рога,0.9268953230042426,4,0.3686201979776811,11,0.5582751250265615
рода,0.9995051351405347,5,0.605667172666375,7,0.3938379624741597
роде,0.414251848088504,2,0.5941005394412214,20,-0.17984869135271742
родила,0.9999806288815856,2,0.3865214063538985,18,0.6134592225276871
роду,0.9966746794301238,3,0.300284359662833,7,0.6963903197672907
роли,0.9910541417344909,5,0.486142341219672,5,0.504911800514819
роль,0.9993138283617492,5,0.34931311312519947,10,0.6500007152365497
ролях,0.9318134082981753,6,0.2518731160491263,8,0.679940292249049
рост,0.9933058218993089,7,0.5134378038594305,10,0.47986801803987844
росту,0.172108113678504,3,0.3955157347557439,11,-0.2234076210772399
рот,0.8538015026111477,10,0.2789021633780172,9,0.5748993392331305
рта,0.9999155681709514,3,0.5908626922532904,17,0.40905287591766104
рты,0.513691560090879,1,0.43049276018018484,11,0.08319879991069418
рубежа,0.46199519335695866,5,0.12252983655559181,4,0.33946535680136686
рук,0.9141161513275423,27,0.3201010332438946,15,0.5940151180836477
рука,0.9480470742767645,3,0.42861376126199446,12,0.51943331301477
рукава,0.8656991106860783,6,0.4306759893420004,7,0.4350231213440779
рукам,0.1414160163963198,5,0.3835888880787404,14,-0.24217287168242063
руками,0.9695718094992881,28,0.4592531125603082,13,0.5103186969389799
руках,0.6162752519356026,10,0.38199102958643366,3,0.23428422234916896
руки,0.8151361406514323,46,0.3128351070726198,12,0.5023010335788125
руководством,0.6798986795571756,10,0.02222373776079074,6,0.6576749417963849
руку,0.8355807885700891,17,0.5808869606061333,20,0.2546938279639558
рулем,0.49363435193134503,1,0.00036685669343750006,2,0.4932674952379075
руля,0.8522513788769097,6,0.2868308271728233,11,0.5654205517040864
русло,0.7514592708614757,3,0.24037200253898763,7,0.5110872683224881
ручья,0.9572611312450023,3,0.06707377836947262,13,0.8901873528755297
ряда,0.8501687707257424,3,0.028477295201414003,2,0.8216914755243284
рядом,0.999596088071925,5,0.19633468092297893,12,0.8032614071489461
ряду,0.494543655875459,4,0.39182157005481955,4,0.10272208582063946
сама,0.20366183318784697,5,0.33165471321359025,11,-0.12799288002574327
само,0.9956371350707396,4,0.4498275765192752,15,0.5458095585514644
самое,0.9463910049885773,18,0.8444605670174495,16,0.10193043797112777
самом,0.9555280624952597,13,0.7405070790214173,8,0.21502098347384235
самому,0.00010220470651100001,1,0.2468652969968637,11,-0.24676309229035268
самую,0.980674926306704,1,0.5269615913164172,9,0.4537133349902869
самые,0.9925132219850931,7,0.4256366785591013,6,0.5668765434259917
самым,0.9912763198947986,2,0.6833223714039586,9,0.30795394849084
самых,0.9812561042646051,5,0.5540267983972387,7,0.4272293058673664
сахар,0.3581370358250605,2,0.13762164717604108,8,0.22051538864901943
свежий,0.9839887042301031,1,0.12358366972215293,13,0.8604050345079501
свежую,0.9371570270480397,3,0.047609016892492084,8,0.8895480101555476
сверх,0.5910439873660442,7,0.09018674705169333,9,0.500857240314351
сверху,0.5798746511048362,6,0.16345017012008356,5,0.4164244809847526
свет,0.7350618533895812,17,0.33995721004065244,16,0.39510464334892875
свете,0.6895242748384043,15,0.6323442097153441,12,0.057180065123060175
светит,0.23155948157757733,3,0.23191144770860517,18,-0.0003519661310278366
свинья,0.936566260697949,2,0.04255462232962267,21,0.8940116383683263
свободе,0.590962541292492,1,0.09133694118169565,12,0.4996256001107964
свободен,0.011711125003724001,1,0.12928798992548085,18,-0.11757686492175685
свободное,0.04940246680938941,5,0.19662769988244472,10,-0.1472252330730553
сводит,0.8441242281013945,2,0.5618349660597776,14,0.282289262041617
свое,0.31281692921793947,24,0.43419632383294504,9,-0.12137939461500558
своего,0.9923118204046253,5,0.4216418742248518,11,0.5706699461797735
своей,0.9733074056204161,12,0.7039497890585935,5,0.26935761656182255
своем,0.4839392786853809,10,0.4542971322760581,11,0.029642146409322778
своему,0.9335874900680698,3,0.6338134519422663,7,0.2997740381258035
свои,0.8518154877749278,4,0.37452968449657903,3,0.47728580327834874
своим,0.840714399529,10,0.6561033101564675,7,0.18461108937253246
своими,0.9935672368373907,2,0.6815391825671913,10,0.3120280542701994
своих,0.7274343943847246,6,0.374171025852586,5,0.3532633685321386
свой,0.9212608964968018,6,0.5874165974118276,13,0.33384429908497415
свойство,0.6718277601092373,4,0.10221334562445522,11,0.5696144144847821
свою,0.9505686509024763,9,0.43128415996588637,11,0.5192844909365899
своя,0.9968934308034041,1,0.4587017278623889,19,0.5381917029410153
связи,0.9687808934545667,5,0.49853547790676056,6,0.4702454155478062
святое,0.001315690357397,1,0.0683973294508941,18,-0.06708163909349711
святых,0.968918487509223,3,0.5977510336441576,8,0.37116745386506544
сдается,0.3006747690187053,3,0.3357483344487436,14,-0.035073565430038256
сделай,0.6068896002504557,3,0.4591163605989035,14,0.1477732396515522
сделайте,0.9669506270012086,2,0.3631174537089393,12,0.6038331732922693
сделать,0.017103708157948,1,0.36243894306278535,9,-0.34533523490483736
се,0.3386297356869876,9,0.3410075563167261,16,-0.0023778206297384585
себя,0.8460140565758011,51,0.679134411870958,15,0.16687964470484307
сего,0.9975993875458976,8,0.060169093812463,7,0.9374302937334346
сегодня,0.5915627398227092,11,0.10080674444223646,18,0.49075599538047276
сегодняшний,0.9948976315918294,3,0.8072600568356407,10,0.1876375747561887
седьмого,0.342193522698843,3,0.03976972794078185,13,0.30242379475806114
сей,0.9937786179080643,5,0.10939208279043461,8,0.8843865351176297
сейчас,0.49922466959201417,8,0.12219749604783185,17,0.3770271735441823
секунды,0.9487357446647989,5,0.17355942019895026,10,0.7751763244658487
семью,0.7814598358567363,3,0.14582970790958544,13,0.6356301279471508
сердца,0.9949062659334937,3,0.39056042927075857,12,0.6043458366627352
сердце,0.3850307483802303,7,0.29663847798161286,13,0.08839227039861747
сердцем,0.8953529124618179,17,0.2670320592959541,14,0.6283208531658638
сердцу,0.104223381291557,1,0.41351894138152073,9,-0.30929556008996373
серьезно,0.031495607105002,1,0.12462646742097361,17,-0.0931308603159716
сидеть,0.9614900054009491,1,0.3037813059195221,13,0.657708699481427
сидит,0.7415113532647333,4,0.10965229711206621,10,0.631859056152667
сидишь,0.04102688487494,1,0.23341982726104496,16,-0.19239294238610496
сил,0.8265306239535308,10,0.29713207995305085,5,0.52939854400048
силам,0.4027982320397029,5,0.33032332737817527,4,0.07247490466152762
силами,0.9181116529081507,5,0.46214075957484446,9,0.4559708933333062
силах,0.085108387909198,3,0.23438841467910598,8,-0.14928002676990798
силе,0.6697844793947398,5,0.2219320158017482,9,0.44785246359299163
силой,0.8012100838246425,2,0.43233452528906946,16,0.3688755585355731
силою,0.00045673129774900003,1,0.680717201632813,1,-0.680260470335064
силу,0.7112439498902875,21,0.17859340980149818,6,0.5326505400887893
силы,0.995800542563705,6,0.19160445035781826,9,0.8041960922058867
синим,0.8287534211720065,3,0.30373671882037295,14,0.5250167023516334
скажет,0.419485502424304,4,0.06989819260185083,16,0.3495873098224532
скажете,0.118475467377692,2,0.19836994390959606,31,-0.07989447653190405
скажешь,0.27479789656745607,5,0.2792249597213195,30,-0.004427063153863431
скажи,0.2140212027176055,11,0.38728070294562117,12,-0.17325950022801567
скажите,0.8358579675153767,3,0.1209853299393515,4,0.7148726375760251
сказал,0.6745201169196273,13,0.4031094341759244,20,0.27141068274370295
сказала,0.053002948653287,1,0.23049981744364295,21,-0.17749686879035595
сказать,0.6418159659545946,44,0.46662776843227416,13,0.1751881975223204
сказке,0.16786617143574123,5,0.17386463743921504,17,-0.005998466003473812
скамьи,0.9693735441483594,3,0.1481849214588568,13,0.8211886226895027
сквозь,0.3851910016893953,8,0.34590457335991065,8,0.039286428329484646
склоне,0.39403561919567137,3,0.06984914406226089,9,0.3241864751334105
сколь,0.6438870000226923,8,0.284608103569922,7,0.3592788964527703
скорее,0.599947513966183,22,0.31935283028148775,14,0.2805946836846952
скорей,0.034165914280426334,3,0.01497903792971913,19,0.019186876350707205
скором,0.9887434678544192,5,0.2183420920136785,8,0.7704013758407408
скорую,0.9992523480856633,3,0.32662447146672885,5,0.6726278766189344
скрипом,0.40461761969341237,3,0.18394483521845484,6,0.22067278447495753
слабости,0.002539300355343667,3,0.09475321950465337,15,-0.09221391914930971
слабость,0.011463672692755,1,0.08946814097724233,13,-0.07800446828448733
слава,0.9578078584641567,5,0.7376463672665898,24,0.2201614911975669
славу,0.7559267378669373,8,0.577243665095943,4,0.17868307277099427
след,0.9999659077904756,5,0.2894768529074347,17,0.7104890548830409
следа,0.4877433488016844,3,0.47134218193494354,15,0.01640116686674087
следам,0.999873897362353,3,0.14325672222378816,8,0.8566171751385648
следовало,0.09360148938899,2,0.2859486004195137,10,-0.1923471110305237
следует,0.2907677855094684,13,0.07488264183624121,10,0.2158851436732272
следующим,0.9496618570959832,2,0.645729593936795,11,0.3039322631591882
слез,0.5229882740787978,8,0.1036887748447665,16,0.41929949923403126
слезах,0.26715870740920433,3,2.9861699101127223e-05,2,0.2671288457101032
слишком,0.7236930463235993,8,0.23354361336675353,12,0.49014943295684577
слов,0.5650452605739452,9,0.4734765662506718,8,0.09156869432327341
слова,0.8316655659667842,37,0.3699229435764608,17,0.4617426223903234
словами,0.9994983467190997,7,0.7187563052540082,8,0.2807420414650914
словах,0.9011706045966064,8,0.25170340145962766,13,0.6494672031369787
слове,0.998065971017311,8,0.5781257768528054,12,0.41994019416450556
слово,0.8609054425753373,27,0.42937486412783554,16,0.43153057844750176
слову,0.9410860528614323,7,0.516239312283727,9,0.42484674057770533
сложилось,0.299799803062818,2,0.3060881651997869,9,-0.0062883621369688725
слом,0.1671050752454737,3,0.00195421179339788,13,0.1651508634520758
слух,0.8043713601414374,3,0.27400747084613297,14,0.5303638892953044
слухам,0.7182847994120971,5,0.010354007936792439,3,0.7079307914753047
слухи,0.9777386755739675,5,0.26897185052211187,11,0.7087668250518557
случай,0.774728061462412,12,0.38947604144637826,25,0.38525202001603376
случаю,0.9195043996575739,9,0.086271708837385,2,0.8332326908201889
случая,0.9930555215700096,5,0.09500989951086303,15,0.8980456220591466
случилось,0.17307710873502802,3,0.09339141179903569,16,0.07968569693599233
слышать,0.867410558880518,5,0.3963776996335303,15,0.4710328592469877
смей,0.38969714510750236,3,0.002775979414852,1,0.38692116569265034
смерти,0.5576152289691453,10,0.49769862293878386,14,0.05991660603036142
смерть,0.998602793445697,3,0.14677149506333376,15,0.8518312983823633
смеха,0.26797830303794024,5,0.1255451242542706,19,0.14243317878366962
смеху,5.614406496592564e-06,1,0.328609634626233,17,-0.3286040202197364
смешного,0.2538719829477387,9,0.09392054158464906,21,0.15995144136308964
смею,0.038212643637616006,1,0.04171819866851893,16,-0.0035055550309029265
смогли,0.344505830473179,1,0.31543127727094267,8,0.029074553202236342
смогу,0.854877792160826,1,0.23486053962274955,24,0.6200172525380765
смотрел,0.881887376526941,1,0.3120998834845169,13,0.5697874930424242
смотрела,0.009154453251731,1,0.2645096960854108,19,-0.25535524283367983
смотреть,0.6207180205508042,8,0.19287501706739074,19,0.4278430034834134
смотри,0.30983666264679366,3,0.061426530991196084,12,0.24841013165559758
смотрите,0.1902074616733545,2,0.08477659030395095,16,0.10543087136940356
смотрят,0.9530803288390781,1,0.36735386889366967,17,0.5857264599454084
смысл,0.9204607837306427,10,0.4428303683809914,9,0.4776304153496513
смысле,0.5583032046115131,21,0.48018306562969704,1,0.07812013898181602
снег,0.9761825759384019,3,0.23897851530626696,16,0.7372040606321348
снизу,0.9150842086920501,3,0.24531614664179127,11,0.6697680620502588
снова,0.8413457514030958,12,0.08451934378446693,26,0.7568264076186288
со,0.9694859635957767,71,0.8198070344929675,9,0.1496789291028091
собак,0.9965303297438448,4,0.27351029194289517,16,0.7230200378009497
собака,0.5210394207685848,3,0.19618744428304996,18,0.3248519764855348
собаку,0.9768583924295079,5,0.10488840939321233,14,0.8719699830362956
собой,0.7102249135860793,29,0.9275126598689756,9,-0.21728774628289627
собрать,0.4415739793859224,3,0.1967000128758483,13,0.24487396651007412
собственно,0.13863414977455002,3,0.29313069149050736,9,-0.15449654171595734
собственной,0.9723368445502196,5,0.20735864052854172,7,0.7649782040216779
собственности,0.30835126132975865,5,0.648765199791781,5,-0.3404139384620224
собственность,0.5840348185543668,5,0.17587379239154843,15,0.40816102616281835
совершил,0.5896008587565575,2,0.46366333152184186,9,0.12593752723471568
совести,0.6646070279417299,12,0.43242042542391834,17,0.23218660251781154
совесть,0.17678333042352334,3,0.15670194376210062,19,0.02008138666142273
совестью,0.2098827584926947,3,0.2575458625190603,14,-0.047663104026365616
совсем,0.4938062522318383,28,0.24363823433598666,18,0.25016801789585164
создан,0.5313843156812113,5,0.19320182515658588,7,0.33818249052462535
сознания,0.7476594821565634,5,0.17825481980725552,8,0.5694046623493079
сойдет,0.704020588594459,1,0.28130335381926797,13,0.4227172347751911
сойти,0.8690262154031864,14,0.7167023173738928,21,0.15232389802929358
солдаты,0.15493210763413803,3,0.15727737328262964,16,-0.002345265648491607
соль,0.037653565388100003,1,0.13316294976049298,11,-0.09550938437239298
сомневаться,0.7511916468948809,5,0.3735041979597649,16,0.377687448935116
сомнения,0.7301602613175525,10,0.37879196160781686,11,0.35136829970973565
сообщению,0.08844064454173334,3,0.014150953938650334,6,0.074289690603083
сорт,0.34074918341303556,2,0.07269639999609742,14,0.26805278341693817
сорта,0.4860615012586245,4,0.14325913152045555,9,0.34280236973816897
составит,0.7709650517770903,5,0.15626910377791417,7,0.6146959479991762
состоянии,0.7363774682679785,7,0.7049816658580366,7,0.031395802409941886
соусом,0.46187747164289106,3,0.15160278682865416,7,0.3102746848142369
сохранности,0.9983430176329201,3,0.14692444445182648,6,0.8514185731810936
сошлись,0.23631138102593502,4,0.16107168981992478,14,0.07523969120601023
спас,0.8650402008883301,1,0.08130269116022334,21,0.7837375097281067
спасибо,0.6675640266719497,16,0.4575331557705969,31,0.2100308709013528
спасли,0.9936582474073251,1,0.280848658851545,24,0.7128095885557801
спасти,0.974555580858196,1,0.19583314081846065,17,0.7787224400397355
спеша,0.7180005412235525,3,0.027243034934841242,3,0.6907575062887112
спиной,0.8917886278306293,14,0.024753341576948987,2,0.8670352862536803
спит,0.996628565305687,2,0.18847122539356306,19,0.8081573399121239
сплошь,0.997652180543063,4,0.010250624311668245,9,0.9874015562313948
спокойной,0.9946843359293066,3,0.4786214964629802,12,0.5160628394663265
спокойным,0.933857323748375,3,0.04538120496502182,11,0.8884761187833532
спора,0.00017740362511700002,1,0.06665692689769756,11,-0.06647952327258055
способен,0.4940441428236596,5,0.035744687517789,8,0.4582994553058706
справедливости,0.004769251916510586,3,0.02350677721399596,10,-0.018737525297485375
спроса,0.11638962300645099,5,0.39512128672512925,13,-0.27873166371867825
спроси,0.766568899980532,1,0.291915433899517,18,0.474653466081015
спросите,0.9395039374682591,1,0.34376694193251817,25,0.595736995535741
спустя,0.9939015280897896,2,0.3004006700392058,8,0.6935008580505838
спят,0.9963860461297591,1,0.15324492322481353,15,0.8431411229049456
сравнении,0.9418570059758338,3,0.46183497460785755,3,0.4800220313679762
сравнению,0.998696493685542,5,0.008606368400029001,1,0.990090125285513
среде,0.556338456076122,5,0.4714512306687165,2,0.08488722540740545
среди,0.31080850960914697,13,0.3774443677780189,7,-0.06663585816887191
среднего,0.4493218474030157,3,0.46334444669745994,6,-0.014022599294444271
средней,0.9420667691108551,3,0.047187126524465,1,0.8948796425863901
среднем,0.8769684631624395,5,0.6786025199144018,4,0.1983659432480377
средних,0.9529903740024107,3,0.5118965371421281,8,0.4410938368602826
среды,0.076425887712288,4,0.5354474185989042,5,-0.45902153088661624
средь,0.787266061670568,3,0.0273101642693793,11,0.7599558974011887
срок,0.3969229829364367,8,0.5237251252307509,18,-0.1268021422943142
ставил,0.9822854816391421,1,0.044025386562436264,14,0.9382600950767058
ставила,0.9832994217119561,1,0.05298196084503466,11,0.9303174608669214
ставили,0.6608545283161618,3,0.08805349858277876,8,0.572801029733383
ставит,0.8978259706796231,1,0.4064650525011431,13,0.49136091817848
ставить,0.9182688795534762,6,0.3230048375507728,10,0.5952640420027034
ставлю,0.46876544188505204,1,0.12189055349099957,15,0.34687488839405245
ставят,0.757993858609007,4,0.3673222000871264,10,0.3906716585218806
стадо,0.982760245509762,5,0.36861112571783206,10,0.61414911979193
старое,0.270259461938635,3,0.28407281761019304,11,-0.013813355671558059
старой,0.9863904774178934,3,0.10857972932251145,7,0.877810748095382
стати,0.9707378418406598,5,0.5413741106509409,20,0.42936373118971893
статьям,0.5199673357922961,6,0.6108889237292346,7,-0.0909215879369385
стенах,0.7241286955910781,7,0.3602724443332397,12,0.3638562512578384
стене,0.008347395522817,1,0.2803588409144665,8,-0.2720114453916495
стенку,0.754846395803477,1,0.13294556782379563,16,0.6219008279796814
стеной,0.26320870354271164,5,0.34216805950184104,12,-0.0789593559591294
степени,0.4453077475389377,20,0.7532970323286527,9,-0.30798928478971505
стиле,0.4275397420558685,5,0.00778582774789,1,0.4197539143079785
сто,0.5413083432027724,30,0.022421367508345075,13,0.5188869756944273
стоил,0.7666290774776591,1,0.10956039187875873,17,0.6570686855989003
столетия,0.009177854302617,1,0.0503473191633085,2,-0.0411694648606915
столом,0.790472565884069,5,0.22243827900343394,13,0.5680342868806351
столь,0.9226851997051353,4,0.1430303492836916,10,0.7796548504214437
столько,0.757102862142147,9,0.33799340686564794,8,0.419109455276499
стороне,0.661928163299912,11,0.5249343068503562,5,0.13699385644955575
сторону,0.889686668170008,8,0.5407549075967706,7,0.3489317605732374
стороны,0.9745322575818532,24,0.8040253570024487,11,0.17050690057940454
стою,0.394270920135937,1,0.1964927705615089,16,0.1977781495744281
стоял,0.816923859861271,1,0.21859038104375178,15,0.5983334788175192
стояла,0.07684258754492868,3,0.18389922436896086,19,-0.10705663682403219
стоят,0.28143347431625704,2,0.5105537746971426,12,-0.22912030038088554
страже,0.5478822596985355,2,0.0018909598055441442,5,0.5459912998929914
страха,0.5421581551949444,3,0.17093051536426976,17,0.37122763983067464
страхом,0.4996533582837682,5,0.22671907724003776,11,0.27293428104373046
страшен,0.027770926607063005,2,0.24731540235484856,17,-0.21954447574778554
страшная,0.0661665334773,2,0.07282551608656905,24,-0.006658982609269046
страшное,0.17539735319414904,3,0.11974205742985422,17,0.055655295764294815
страшной,0.6983354021060251,4,0.11363558543471344,8,0.5846998166713117
страшный,0.006158339020423001,1,0.06894192725886682,21,-0.06278358823844382
строго,0.5308465791877496,2,0.12041925479301417,11,0.4104273243947354
стряслось,0.0012937196688720001,1,0.01108272420104207,29,-0.00978900453217007
стыда,0.06984608905383101,3,0.3179181307516416,10,-0.2480720416978106
стыдно,0.5989922229441038,17,0.11473759171882567,25,0.4842546312252781
судить,0.5359557731007689,5,0.3087940822213049,13,0.22716169087946403
судьба,0.04517266584963267,3,0.1730607200541519,14,-0.12788805420451924
судя,0.7706784446228228,4,0.9934925249515556,8,-0.22281408032873284
сумасшедшая,0.37527984170681505,1,0.029635792582399064,19,0.345644049124416
сумасшедший,0.12773890354599102,1,0.02786258477586389,16,0.09987631877012712
сумеем,0.018936823678179,1,0.02038273477123198,14,-0.0014459110930529796
сумел,0.138370336763186,1,0.07656026757876751,8,0.06181006918441849
сумели,0.0020067986413270004,1,0.037053089736065886,9,-0.035046291094738884
сути,0.396084115748411,3,0.3120106275631882,3,0.08407348818522281
суть,0.04834206201090272,7,0.3243281927448059,12,-0.27598613073390316
существу,0.005631039548748,3,0.033237896906441335,3,-0.027606857357693335
сущности,0.1214340832891638,5,0.007279795422036823,2,0.11415428786712697
сфере,0.000124388632312,1,0.1524618197230916,5,-0.1523374310907796
сходил,0.79784806139146,2,0.14773464094849975,19,0.6501134204429603
счастье,0.5430548848933402,6,0.2620099559753309,16,0.2810449289180093
счастью,0.7000586315822819,5,0.007213308610804444,2,0.6928453229714774
счет,0.2230305749785828,10,0.4362061801847606,7,-0.2131756052061778
счета,0.23045471007481644,5,0.47136076128826426,13,-0.24090605121344782
счете,0.32789401120425404,1,0.2594960139281332,3,0.06839799727612084
счетом,0.5171421879113629,8,0.3354491769963442,7,0.18169301091501872
счету,0.6575664441048867,3,0.3607364587806364,10,0.2968299853242503
считает,0.45079383117457006,1,0.003721943551267667,3,0.4470718876233024
считал,0.294647145046457,1,0.07868163579497471,10,0.21596550925148228
считали,0.18896441072396603,1,0.018302445847190603,10,0.17066196487677543
считать,0.9908334960542436,5,0.3683452891558684,10,0.6224882068983753
считая,0.7799856467364686,5,0.30536154598693777,3,0.4746241007495309
съел,0.9167080769904474,5,0.09363259112049509,12,0.8230754858699524
сюда,0.6955891521302366,4,0.2524059984993379,11,0.4431831536308987
т,0.99981109243427,2,0.5047099450089375,8,0.4951011474253325
та,0.7428895956955395,4,0.3287209509992757,9,0.4141686446962638
также,0.50129070743683,11,0.06186219278137334,14,0.4394285146554567
таким,0.784031787769426,17,0.31333297175727504,5,0.4706988160121509
таких,0.9211059860484501,1,0.33239956236063833,13,0.5887064236878117
таков,0.6914660123667934,3,0.09013393740189045,9,0.6013320749649029
таковой,0.7032480422193808,4,0.0012768822573201272,6,0.7019711599620606
такого,0.6113391294453275,4,0.3035718547314219,10,0.30776727471390564
такое,0.7238532224324185,8,0.4277428527980433,16,0.29611036963437515
такт,0.6514184114363321,3,0.0668537295999193,4,0.5845646818364127
такую,0.9952508303202796,2,0.2846348935104962,11,0.7106159368097834
там,0.6721132252730128,47,0.2353553646614212,19,0.43675786061159155
твои,0.447212309289416,1,0.20626732419614086,23,0.24094498509327517
твоя,0.09789585249440301,2,0.1935796365804176,20,-0.09568378408601459
те,0.9759889561959216,4,0.400069722795852,8,0.5759192334000696
тебе,0.39920915138804236,10,0.1925497861911375,25,0.20665936519690487
текстом,0.9969187479153571,6,0.4290362712721275,8,0.5678824766432296
текущий,0.031767046496361,2,0.077711057719784,6,-0.045944011223422995
теле,0.14437853663150302,3,0.18652333812429944,7,-0.042144801492796424
тело,0.9964236953922004,3,0.21733114038894322,5,0.7790925550032572
телом,0.6905750124358341,3,0.2760554129078436,12,0.4145195995279905
тем,0.8563400666120078,53,0.6255420565816875,6,0.2307980100303203
теме,0.0727871113304416,10,0.1350303089878458,14,-0.06224319765740419
темпе,0.03737171505043247,2,0.002222942666877,1,0.035148772383555474
тему,0.44703101482703733,14,0.14491738787284844,22,0.30211362695418886
темы,0.27789666024583864,3,0.20081682745724633,15,0.07707983278859232
тени,0.3603546748370978,5,0.18452593614919988,13,0.17582873868789795
теперь,0.6840338367631565,5,0.20197065169336986,31,0.4820631850697867
тепло,0.14479793492718132,3,0.1690668872497613,16,-0.024268952322579973
теста,0.7532923812884977,3,0.31366541815608984,9,0.4396269631324079
тех,0.7838666491246394,15,0.6217913021782017,6,0.16207534694643777
течение,0.5143095099782066,5,0.0037376944032810003,1,0.5105718155749256
течением,0.8836890155868712,3,0.40678068345051344,11,0.47690833213635775
типу,0.6944193450434456,5,0.49979164762771877,4,0.19462769741572683
тихий,0.09966291444672,4,0.03340827445862323,13,0.06625463998809678
тогда,0.8892687817835145,10,0.05179191591394836,17,0.8374768658695662
того,0.9214580369865756,132,0.41640660212877306,4,0.5050514348578026
тоже,0.6058571976049998,12,0.16488618018798948,24,0.4409710174170103
той,0.906188442705855,16,0.642036134514242,4,0.26415230819161295
толк,0.9039654049476741,11,0.577390039864647,18,0.3265753650830271
толком,0.617729119143084,6,0.17498223421909245,17,0.4427468849239916
толку,0.7982611608951987,5,0.23837702832837593,29,0.5598841325668228
толщиной,0.35677782401816105,1,0.5172459181955635,7,-0.1604680941774025
том,0.9783004240786888,51,0.8976372470496564,7,0.08066317702903236
тому,0.9822960613774828,29,0.5232766766001837,10,0.4590193847772991
торопиться,0.6144717096933211,1,0.05471936563941535,25,0.5597523440539057
тот,0.9259345125545062,12,0.5410141748032046,7,0.38492033775130163
точка,0.04166203840901,5,0.4004707952498181,18,-0.3588087568408081
точки,0.9988804360630077,5,0.7512592402343655,5,0.24762119582864217
точку,0.6595884479802319,9,0.593385645803421,17,0.06620280217681085
точнее,0.41187268177851755,2,0.058978129152854004,3,0.35289455262566355
точности,0.5889890893528188,4,0.08839686355931432,6,0.5005922257935045
тошно,0.3297162294874524,5,0.05522816709849059,26,0.2744880623889618
тощий,0.000830609152099,3,0.019486492062657314,10,-0.018655882910558315
трава,0.9999529145487651,1,0.3461770548679279,11,0.6537758596808372
требованиям,0.8057855074063773,4,0.5753220593021625,6,0.23046344810421482
треском,0.3760851741219673,8,0.23562097581635302,3,0.14046419830561427
трети,0.9144214549717911,1,0.25311566794429885,10,0.6613057870274922
треть,0.35441913256607205,1,0.06824981412513376,4,0.2861693184409383
третьем,0.802086988666145,3,0.25254805243906125,9,0.5495389362270837
три,0.9691080403181974,8,0.274170169886626,16,0.6949378704315714
труд,0.8678720940880371,5,0.19706231701085455,11,0.6708097770771826
труда,0.7815015705166921,8,0.3698531003633308,8,0.4116484701533613
трудом,0.9685386585963235,6,0.5289068890593497,3,0.4396317695369738
труп,0.9210624549993924,3,0.10156297557376621,20,0.8194994794256262
туда,0.7261810268725257,16,0.3840633220690292,17,0.3421177048034965
тут,0.5684016039751476,46,0.29735231586851296,25,0.27104928810663464
ты,0.6257580939228489,18,0.38334683921540386,22,0.242411254707445
тыл,0.46645319831313437,3,0.08602529320255368,10,0.38042790511058067
тыла,0.29504476523677053,4,0.1507256307688872,9,0.14431913446788333
тылу,0.5438956647593226,5,0.2676483118846293,3,0.2762473528746933
тяжелым,0.361609244381137,2,0.09847322017381067,12,0.26313602420732635
тянул,0.810944885580409,7,0.038912696958478765,18,0.7720321886219302
тянуть,0.657668147024276,2,0.07189542072078293,24,0.5857727263034931
убить,0.252130429183903,4,0.23717575847527697,24,0.014954670708626022
уверенностью,0.6214667498675891,3,0.008980211557298001,1,0.6124865383102911
увидите,0.6296259390537781,2,0.2458881402291572,19,0.3837377988246209
увидишь,0.9692425302041331,1,0.22771052279646095,28,0.7415320074076721
угла,0.9960466380772617,8,0.2919529379440788,17,0.7040937001331828
углом,0.7840039531012942,6,0.30576073963237665,18,0.47824321346891757
углу,0.6112745158649864,3,0.24797369959360055,19,0.36330081627138583
угол,0.9988525740171681,5,0.4589587293260517,7,0.5398938446911163
ударе,0.04440347833747934,3,0.6000027868253662,9,-0.5555993084878869
удивление,0.5055483868848626,2,0.11730429901845416,13,0.3882440878664084
удовольствие,0.9786084911202857,3,0.5019885613560827,12,0.476619929764203
удовольствием,0.6127041782531844,4,0.3693817072989254,9,0.24332247095425896
уж,0.6507505247543054,90,0.3394323830081683,30,0.3113181417461371
ужас,0.8366431112823536,4,0.09928238730872031,13,0.7373607239736333
ужасная,0.020847384325553,1,0.03520049203889272,18,-0.014353107713339721
ужасное,0.0290948655810895,2,0.04422021064063397,12,-0.015125345059544472
ужасной,0.0017689064279000001,1,0.05413782259854215,14,-0.05236891617064215
ужасный,0.137261766239332,1,0.031331979933473066,17,0.10592978630585895
уже,0.6900582043567234,27,0.3327273741528795,24,0.3573308302038439
уйти,0.011979543109072,1,0.20975108207503915,15,-0.19777153896596714
указ,0.2908392103977427,3,0.3496845647278789,8,-0.05884535433013621
уклониться,0.033367458814046,1,0.08659503208159951,7,-0.05322757326755351
укор,0.0381981627854554,5,0.018628871687781354,11,0.01956929109767405
улицы,0.8659952346157104,3,0.17842668475385445,16,0.6875685498618559
ум,0.475033631651665,3,0.22857723060462776,18,0.24645640104703725
ума,0.9843307860325398,18,0.7150368079622307,22,0.2692939780703091
уме,0.6114191621213242,13,0.3533991371288428,9,0.2580200249924814
умом,0.3319210926319457,3,0.2574755929116337,12,0.074445499720312
уму,0.13807370808008268,6,0.36862724560978855,11,-0.23055353752970587
упор,0.41081680902794143,9,0.3492380136872837,2,0.061578795340657744
урок,0.5007248894042963,4,0.20449274278693189,16,0.2962321466173644
усилиями,0.9635316440946248,3,0.3151112517049835,4,0.6484203923896412
условии,0.9876468343910626,4,1.9268346597908044e-05,2,0.9876275660444647
условиям,0.5602993786604619,5,0.6293610787286893,7,-0.06906170006822743
условиях,0.7205443884122109,5,0.894030430412587,2,-0.1734860420003761
услугами,0.9232808669717247,5,0.567823342060618,5,0.3554575249111067
успехом,0.9973740614585784,5,0.8869500361988082,8,0.11042402525977024
уст,0.9909223672072475,3,0.05607043238875183,7,0.9348519348184956
уста,0.9959858050970718,3,0.0457232807847628,5,0.950262524312309
устах,0.45953956582034805,6,0.023797454684374005,2,0.43574211113597405
устроила,0.721886458729844,1,0.16454247272867328,20,0.5573439860011707
устроили,0.042960441831099504,4,0.16725156217273857,16,-0.12429112034163906
утверждению,0.014124038818019002,2,0.016801174717837004,6,-0.002677135899818002
утра,0.8357547312594535,8,0.530127840766324,15,0.3056268904931295
уха,0.923612981400157,2,0.30777513510844695,12,0.61583784629171
уходит,0.6160001465963001,2,0.30251315811852353,10,0.31348698847777656
учетом,0.6853676514376295,3,0.589006219003533,3,0.09636143243409645
ушел,0.3141719779428325,2,0.11437645155620398,14,0.19979552638662856
уши,0.37069840225379735,9,0.2565625962874893,19,0.11413580596630807
ушли,0.8456633198962991,1,0.2629993734862689,19,0.5826639464100302
ущерб,0.9604615859467116,2,0.5091581876383682,6,0.45130339830834343
факт,0.21001151566392404,5,0.43098522718928095,9,-0.22097371152535691
фи,0.6441253105664446,2,0.01425359872426639,5,0.6298717118421783
фиг,0.015211975748189001,1,0.0640513146976963,24,-0.0488393389495073
флагом,0.10959379344416902,3,0.40895215617008646,11,-0.2993583627259174
форме,0.3159104128880192,7,0.132000967338474,2,0.1839094455495452
форму,0.8793125295612596,4,0.034115813435609876,9,0.8451967161256497
фронте,0.9767978240747693,4,0.029974787071038605,15,0.9468230370037307
фрукт,0.02350241448519741,3,0.03613588822770446,20,-0.012633473742507048
характер,0.9467278629658603,5,0.560051577724068,8,0.3866762852417923
хватило,0.5012624316034321,10,0.3148973474101267,25,0.18636508419330539
хватить,0.974632802889377,1,0.6513857266996504,25,0.3232470761897266
хвост,0.9663154806624273,5,0.2322921299535811,10,0.7340233507088463
хвоста,0.04203489255849441,3,0.1115978094689437,11,-0.06956291691044929
хвосте,0.16392304957746262,5,0.21761218132059645,14,-0.05368913174313383
хвостом,0.08523776389187226,4,0.2878648995925987,16,-0.20262713570072644
хлеба,0.9933416330049747,3,0.17975141609585796,13,0.8135902169091167
хлебом,0.9943677805258927,3,0.1131913588391696,14,0.881176421686723
хлоп,0.015648874754017883,5,0.1050967572064262,20,-0.08944788245240831
ходил,0.1335502954601285,2,0.04583567615320957,16,0.08771461930691893
ходили,0.704348898903263,1,0.2797705476762979,12,0.42457835122696513
ходит,0.6384416935599481,1,0.2912068231441032,15,0.3472348704158449
ходить,0.9539792305088389,6,0.24881143757612054,23,0.7051677929327184
ходом,0.7663401233393298,6,0.7905039818110593,10,-0.024163858471729527
ходу,0.5416492478928157,24,0.030616300515107803,5,0.5110329473777079
ходьбы,0.6254672448245037,3,0.1184097391560343,7,0.5070575056684694
ходят,0.4503917170186774,5,0.27272728323341205,22,0.17766443378526536
холодно,0.9484796863044958,3,0.16265370669090676,27,0.785825979613589
хорошей,0.9793515930109151,5,0.1608744873837223,17,0.8184771056271929
хотел,0.4038173693809058,17,0.1599199384837266,20,0.2438974308971792
хотела,0.4278340590609564,5,0.2364021374704934,15,0.191431921590463
хотелось,0.002040075567739,1,0.38925336131571925,11,-0.38721328574798025
хотите,0.6582619455273255,7,0.40016018949096943,21,0.2581017560363561
хотят,0.9455912955088641,1,0.26790177866536397,13,0.6776895168435002
хочет,0.6570207311178901,4,0.2572047302320677,11,0.39981600088582236
хочется,0.3182875970843665,4,0.16660532308336914,16,0.15168227400099735
хочешь,0.7003530233399355,22,0.4076055878848983,22,0.29274743545503723
хочу,0.6402066188664776,16,0.2693048203521515,26,0.3709017985143261
хрен,0.18484992704027303,6,0.10123017084647563,20,0.0836197561937974
хрена,0.4081312064012128,4,0.2746396394294082,28,0.1334915669718046
христа,0.7543264909366331,6,0.25116995291745925,9,0.5031565380191738
хуже,0.7640447275301138,11,0.2035408113382275,15,0.5605039161918863
целиком,0.963567971281441,3,0.05615551747108145,7,0.9074124538103595
целым,0.9144708980371761,1,0.11465900942683001,6,0.799811888610346
целью,0.9633694491727529,15,0.8176978082567865,2,0.1456716409159664
цена,0.9477963349924757,3,0.2550097958969568,11,0.6927865390955189
цене,0.21469841601803963,5,0.5526339037744268,9,-0.33793548775638715
ценой,0.9591337518595885,11,0.4527002909547435,10,0.506433460904845
центре,0.9778944995974197,5,0.42808007304920026,8,0.5498144265482194
цены,0.2113691347663417,3,0.5172267808639852,5,-0.30585764609764354
час,0.7449094038160918,29,0.3686227225029304,22,0.37628668131316145
часа,0.8160188756025423,3,0.37308091721533876,20,0.4429379583872035
часами,0.052867780233177,1,0.17417235089393368,12,-0.12130457066075667
часах,0.966925097275877,1,0.6874164959612739,9,0.2795086013146032
часов,0.5968577688765976,4,0.44313412873749297,10,0.1537236401391046
часом,0.0013401837777688925,3,0.2851056107227147,21,-0.2837654269449458
части,0.9817749710131398,5,0.5057738917576575,8,0.4760010792554823
часть,0.19681595356694753,2,0.35997921164909696,12,-0.16316325808214943
часу,0.8281637286424933,6,0.3054634993651234,20,0.5227002292773699
человека,0.8821190451199394,5,0.23921465858043917,7,0.6429043865395003
чему,0.9244296131532381,25,0.7139302528630724,5,0.2104993602901657
черед,0.21096269464859704,3,0.345104049276667,20,-0.13414135462806995
чересчур,0.00043256061229200005,1,0.02260255991834936,12,-0.02216999930605736
черный,0.3330312337913974,3,0.13829256134511983,15,0.19473867244627754
черт,0.3902029871662791,36,0.395744417527205,25,-0.005541430360925914
черта,0.5121538211421214,19,0.18995518113870258,15,0.3221986400034188
чертовой,0.6689370536718827,3,0.9089692526990448,16,-0.2400321990271621
черту,0.6052888002469535,21,0.3318370012115115,7,0.27345179903544203
чести,0.6280227390616601,21,0.3791731133028556,11,0.24884962575880448
честно,0.8537057213850261,1,0.23551043419861364,16,0.6181952871864125
честное,0.8757822806713426,4,0.22964505733622742,9,0.6461372233351151
честь,0.9129034017480582,14,0.3327763874677633,20,0.5801270142802949
честью,0.35088075291420395,3,0.24089825830436712,13,0.10998249460983683
чета,0.5323280484125931,8,0.04177946720471879,7,0.49054858120787426
четверти,0.631102866291773,1,0.30199382975020606,9,0.329109036541567
четверть,0.275016792761871,1,0.08750331763587099,10,0.18751347512600003
четыре,0.9764053059930444,3,0.3399713483556833,10,0.6364339576373611
четырех,0.7086454610904918,3,0.01582007450173529,7,0.6928253865887565
чинов,0.006179308211934,3,0.21240879579552524,5,-0.20622948758359125
числа,0.7612672385386821,5,0.183282933793344,9,0.577984304745338
число,0.9958418564221784,3,0.24603816054291885,6,0.7498036958792595
числом,0.8425523598136373,5,0.2708443494977931,4,0.5717080103158442
числу,0.38305477187188386,5,0.4032216927813474,9,-0.020166920909463537
чистом,0.9062180504238947,3,0.3603837728993799,16,0.5458342775245149
чистым,0.20824010362604337,3,0.21278884967807984,17,-0.004548746052036479
чрезвычайно,0.0049713615595976665,3,0.0121775003016135,8,-0.007206138742015834
чувств,0.6999274214240697,3,0.1684040357785723,7,0.5315233856454974
чувствах,0.9995860101007731,3,0.6323468406379016,9,0.3672391694628715
чувством,0.9794553039072421,3,0.5563953806540126,11,0.4230599232532295
чудо,0.137183391730967,4,0.1419869263424303,11,-0.004803534611463295
чудом,0.2743525756611606,5,0.19580060709429956,14,0.07855196856686106
чужд,0.100889702998957,3,0.18453429192118834,7,-0.08364458892223134
чужими,0.5235520156378785,3,0.09179402127802527,10,0.4317579943598532
чужих,0.6194780196453754,3,0.11581203420704951,10,0.5036659854383259
чужой,0.31389245774307034,3,0.09592065191711084,14,0.21797180582595949
чур,0.27011431196550184,5,0.1382072330647165,10,0.13190707890078535
чуть,0.49779607542287646,30,0.3370703861912891,14,0.16072568923158737
шаг,0.8564699194190803,5,0.6176936007462768,7,0.23877631867280358
шага,0.027479377450308668,3,0.43822967635221294,12,-0.4107502989019043
шагами,0.9931822455809085,3,0.6415104046361508,5,0.3516718409447577
шагов,0.12693289580015601,3,0.25320006735777023,15,-0.12626717155761422
шагом,0.9993015055018865,3,0.9023143046239995,11,0.09698720087788693
шагу,0.5594714652324869,10,0.28872635093882826,12,0.27074511429365866
шансы,0.7970697676975476,5,0.4845387119136621,12,0.31253105578388546
шею,0.5648984943541185,2,0.21605626178143783,8,0.3488422325726807
шириной,0.9177570705225011,1,0.2572222571898101,10,0.6605348133326909
ширину,0.9081080752331692,2,0.32498519745223076,10,0.5831228777809384
широкую,0.816990102011506,6,0.15657584405727226,8,0.6604142579542338
школьной,0.9975960831656074,3,0.22352867913468072,10,0.7740674040309268
шло,0.9998896723863918,3,0.15638992877854155,17,0.8434997436078503
шутка,0.08882646720229476,4,0.09104194673189715,14,-0.002215479529602396
шутки,0.9982062917070048,3,0.03704622319651346,21,0.9611600685104913
шутку,0.71216597429349,8,0.21223111246631654,12,0.4999348618271735
щеки,0.9981805448022264,3,0.11940722801033068,14,0.8787733167918957
эдак,0.4951079731168325,2,0.09547469870162917,12,0.39963327441520335
эпоху,0.7349871598741579,4,0.44387624965132616,8,0.2911109102228317
эта,0.6174596184165355,2,0.3735490021167798,14,0.2439106162997557
эти,0.6844251207402406,7,0.38561680773108775,11,0.2988083130091529
этим,0.9339081415003324,5,0.5285241435621194,11,0.405383997938213
этих,0.0034179843883510004,1,0.21698977003877182,10,-0.21357178565042081
этого,0.6610929470926703,8,0.45822814373238496,15,0.20286480336028534
этой,0.14603552119355534,3,0.5279171580662086,13,-0.3818816368726533
этом,0.7985089724369647,5,0.6212730495246318,20,0.17723592291233292
этот,0.5787733070272313,11,0.5108111477073161,19,0.06796215931991523
эту,0.7211607052844151,2,0.38741577278623307,16,0.33374493249818205
эх,0.26576612743295963,5,0.2347150779362805,30,0.03105104949667914
юге,0.185427730654866,1,0.17590231592652747,9,0.009525414728338538
язык,0.9512771439243801,8,0.47555284357316074,11,0.4757243003512194
яйца,0.9960260616147621,3,0.44147426576814297,7,0.5545517958466192
ясен,0.7830303507879621,2,0.1108187171982159,21,0.6722116335897462
ясно,0.46882561235278714,8,0.3030616710664503,9,0.1657639412863368
ясное,0.06921851273723101,1,0.03599695735014896,12,0.03322155538708205
ящик,0.9989931771221018,3,0.13970237149220766,7,0.8592908056298941
