form,pos,mean_in,count_in,mean_out,count_out,diff
а,CONJ,0.7850917016881626,337,0.5508112380326303,14,0.23428046365553223
абсолютно,ADVB,0.0912556101890925,4,0.07858425670930189,16,0.01267135347979062
абсолютного,ADJF,0.15717483056171752,2,0.05493455738667087,5,0.10224027317504665
абсолютной,ADJF,0.047889231469758,1,0.22162470835258502,11,-0.17373547688282703
авось,PRCL,0.020525041938791,5,0.06869882186317353,11,-0.04817377992438253
адрес,NOUN,0.4593968125735352,5,0.2043330744242493,18,0.2550637381492859
адресу,NOUN,0.7464672087753713,3,0.4057543489271758,12,0.3407128598481955
ай,INTJ,0.9829153937272053,6,0.20763753231360332,35,0.775277861413602
аккурат,ADVB,0.0721289987606544,5,0.008855725123887359,15,0.06327327363676705
ан,CONJ,0.274910448874207,5,0.2255056432183485,12,0.0494048056558585
арсенал,NOUN,0.14776350894920234,3,0.05554554598347215,9,0.09221796296573019
африке,NOUN,0.8230318803642624,5,0.1283033500691547,20,0.6947285302951077
ах,INTJ,0.2168538375767201,20,0.11726303757365368,28,0.09959080000306643
б,PRCL,0.12674879537264136,6,0.1338939394857137,10,-0.007145144113072349
бабушке,NOUN,0.08779631280986933,3,0.07226298177800458,20,0.015533331031864744
баран,NOUN,0.002465782290972,1,0.02948097750049282,15,-0.02701519520952082
батарея,NOUN,0.06889579475118575,4,0.05715506510824328,18,0.011740729642942468
бе,NONE,0.9570187123286441,5,0.12376233575398118,7,0.8332563765746629
бегу,NOUN,0.1243101116188404,5,0.08770212404036004,21,0.036607987578480355
беда,NOUN,0.10976595129262251,4,0.15696751491554822,32,-0.04720156362292571
бедных,NOUN,0.05338526335546641,5,0.152700682516054,11,-0.0993154191605876
беду,NOUN,0.354592025617897,3,0.1511608022282326,18,0.20343122338966438
без,PREP,0.8815073936128734,324,0.5730626043016183,16,0.3084447893112552
безмерно,ADVB,0.024875693743711003,1,0.010869198316861117,10,0.014006495426849886
безо,PREP,0.24653077809196802,5,0.1974521170491977,14,0.04907866104277031
белый,ADJF,0.6848580215644956,6,0.33071863655710215,15,0.35413938500739345
берегу,NOUN,0.0040344831796256,5,0.2651438443242188,12,-0.26110936114459316
берет,VERB,0.45766622421728237,3,0.25197337159980926,12,0.2056928526174731
бесконечно,ADVB,0.0012409467180480001,2,0.15867419921184495,14,-0.15743325249379694
бесконечное,ADJF,0.944991892899646,1,0.11582441273616438,11,0.8291674801634816
беспорядке,NOUN,0.18446108578014372,3,0.016395992232958,3,0.1680650935471857
бишь,PRCL,0.10991137929902202,5,0.0055029868588584215,9,0.1044083924401636
благо,NOUN,0.5761378937567586,15,0.013208080528914624,16,0.562929813227844
благодарю,VERB,0.981672600640449,3,0.5295640010818885,9,0.45210859955856053
благодаря,PREP,0.9659695389182279,13,0.0128688930755535,2,0.9531006458426744
близка,ADJS,0.574079816197509,3,0.2649459075631196,17,0.30913390863438944
близки,ADJS,0.8707539943101286,2,0.29210506469859177,14,0.5786489296115368
близко,ADVB,0.7440002939585968,3,0.3276645615446477,13,0.4163357324139491
близок,ADJS,0.7714718947248617,5,0.15288282524681227,16,0.6185890694780494
бог,NOUN,0.4296982384007633,71,0.29694925004253775,24,0.13274898835822557
бога,NOUN,0.39494697780960675,10,0.3158061803149084,13,0.07914079749469832
богом,NOUN,0.5176022812712451,3,0.16453194199074989,13,0.3530703392804952
боем,NOUN,0.23069233781745835,3,0.3686839670652048,18,-0.13799162924774644
боже,NOUN,0.3378626246484148,5,0.4334051417621521,30,-0.09554251711373729
божий,ADJF,0.8553353424887739,3,0.1106183000932532,11,0.7447170423955206
божьей,ADJF,0.27566143579850705,1,0.015605510052253501,2,0.2600559257462535
боится,VERB,0.9817112523780216,2,0.16814538925672715,20,0.8135658631212944
бок,NOUN,0.9943301921973328,15,0.4584268906909977,14,0.535903301506335
бокам,NOUN,0.633532861315303,3,0.2941999307816943,10,0.33933293053360863
боком,ADVB,0.2686294641796415,6,0.16817467101336808,13,0.10045479316627343
боку,NOUN,0.940908087873432,5,0.0388858817225974,14,0.9020222061508346
более,ADVB,0.8997422489950048,30,0.4944590980268094,13,0.4052831509681954
болел,VERB,0.43313493009042103,1,0.2383136238214442,19,0.19482130626897684
болела,VERB,0.010919758803680001,1,0.17341831395840132,24,-0.1624985551547213
боли,NOUN,0.7053047191295858,5,0.2632388860214946,15,0.4420658331080912
болит,VERB,0.7388684536138025,7,0.32920550364679146,30,0.409662949967011
больно,ADVB,0.02426510581250084,9,0.2717454756910601,18,-0.24748036987855926
больше,COMP,0.4692604758623218,27,0.6115274809240017,19,-0.14226700506167989
большей,ADJF,0.9942641151123667,5,0.6315429940593102,5,0.36272112105305643
большие,ADJF,0.9397101808954877,5,0.12409332306313602,12,0.8156168578323517
большим,ADJF,0.942184348269049,3,0.40072566723314734,9,0.5414586810359017
большинстве,NOUN,0.9073851742502265,8,0.33002264430359135,3,0.5773625299466352
большого,ADJF,0.833935859613154,3,0.2261262619356964,9,0.6078095976774576
большое,ADJF,0.621011755827613,3,0.3269951296980594,12,0.29401662612955365
большой,ADJF,0.9160414218168326,5,0.08253223782760873,7,0.8335091839892238
большому,ADJF,0.9992928740234571,1,0.3513888214993517,6,0.6479040525241054
борт,NOUN,0.8498172629447891,2,0.24600693697820045,12,0.6038103259665887
бортом,NOUN,0.920669863936696,1,0.2753329658458998,4,0.6453368980907963
боюсь,VERB,0.2605218642479862,5,0.15955639501093558,34,0.1009654692370506
боя,NOUN,0.3245523544730566,5,0.3248155472149527,12,-0.0002631927418961233
боялась,VERB,0.364146091037438,1,0.12452587323708139,22,0.2396202178003566
боялись,VERB,0.9874547716283921,1,0.17567537384078993,18,0.8117793977876022
боялся,VERB,0.52732222719384,1,0.09464726740437092,22,0.4326749597894691
боятся,VERB,0.9904589636244331,1,0.1323331479502589,23,0.8581258156741742
брал,VERB,0.03069257721975367,3,0.05490808687390829,21,-0.02421550965415462
брат,NOUN,0.8618917490458271,1,0.32546549381294004,18,0.5364262552328871
брать,INFN,0.9605001118992735,2,0.40356031514921625,16,0.5569397967500573
бросил,VERB,0.45220873413192453,2,0.2201695243769804,15,0.23203920975494413
бросила,VERB,0.23240408677256852,2,0.13868560028722693,20,0.09371848648534159
бросилась,VERB,0.663044170175578,2,0.16921393509334037,21,0.49383023508223767
бросились,VERB,0.8795709461518271,1,0.1098102452362885,13,0.7697607009155386
бросился,VERB,0.4232764097031187,3,0.04709694826060533,22,0.37617946144251335
брось,VERB,0.47642373196000504,1,0.1756629942332259,22,0.30076073772677914
будем,VERB,0.5109038819121485,6,0.4401450915327125,18,0.07075879037943605
будет,VERB,0.5363579742312841,27,0.460951272510929,25,0.07540670172035507
будешь,VERB,0.390578991120253,1,0.39324078969638404,28,-0.0026617985761310248
будто,CONJ,0.33009806522954005,32,0.032141633543372954,9,0.2979564316861671
буду,VERB,0.7690062376535368,4,0.3882724826172099,22,0.3807337550363269
будучи,GRND,0.8557342001868576,5,0.7320845101109745,5,0.12364969007588311
будущем,NOUN,0.7782118708876467,5,0.4368609385270362,9,0.3413509323606104
будь,VERB,0.8901320284718399,65,0.5927167757073405,14,0.2974152527644994
будьте,VERB,0.9623512886863734,6,0.7959346978099412,13,0.16641659087643224
буква,NOUN,0.843230289619702,3,0.49297418332724896,17,0.3502561062924531
букву,NOUN,0.9758209387402802,3,0.45877076290000657,17,0.5170501758402737
буквы,NOUN,0.9939337793174806,5,0.24072461300629777,13,0.7532091663111828
букет,NOUN,0.20403898385391628,4,0.2872405187255633,11,-0.083201534871647
бы,PRCL,0.8385416998222821,410,0.7338827686352655,16,0.10465893118701664
бывает,VERB,0.9734856619647181,5,0.4225163060910307,18,0.5509693558736874
бывало,CONJ,0.9912493282010463,10,0.05005681410989145,18,0.9411925140911548
был,VERB,0.8733511099175257,6,0.7388817225575405,14,0.13446938735998526
была,VERB,0.5930282059712767,3,0.5204747181994719,18,0.07255348777180481
были,VERB,0.793085118432272,1,0.5195843226743772,13,0.2735007957578949
было,VERB,0.8849596325827681,49,0.6427363836542848,17,0.24222324892848335
быстро,ADVB,0.22537136055996781,5,0.22933626769670473,19,-0.003964907136736917
быть,INFN,0.9159710830078938,46,0.7289241407209931,12,0.18704694228690066
в,PREP,0.949619428098895,1950,0.7947853548348733,19,0.15483407326402165
вагон,NOUN,0.3373718275461311,6,0.14704802119472846,16,0.19032380635140264
важности,NOUN,0.28396008111270005,3,0.5549775844260662,12,-0.2710175033133661
валялся,VERB,0.994332284118402,3,0.05674167469814072,17,0.9375906094202613
вам,NPRO,0.23497628550936056,9,0.22879777084572583,24,0.006178514663634727
вариант,NOUN,0.3822170557937094,5,0.26843493449771183,10,0.11378212129599757
ваше,ADJF,0.341850043324045,3,0.2679519938802498,18,0.07389804944379519
вверх,ADVB,0.9109329518471896,11,0.3437072041952745,12,0.5672257476519151
ввиду,PREP,0.9399184134006988,4,0.48297758575448685,5,0.45694082764621197
вдвоем,ADVB,0.019501493561652667,3,0.03516796482854593,21,-0.015666471266893262
вдвойне,ADVB,0.0621075165635156,4,0.022330492238401802,17,0.03977702432511379
вдобавок,ADVB,0.062164432571804006,2,0.00025456320750525844,2,0.06190986936429875
вдогонку,ADVB,0.0012998336551156668,3,0.04685798377349775,27,-0.04555815011838209
вдоль,PREP,0.5610581265915783,9,0.205149112248689,6,0.35590901434288924
вдруг,ADVB,0.3214100299244533,28,0.07472606080108211,24,0.24668396912337115
ведет,VERB,0.209062007237996,4,0.14181342755646023,14,0.06724857968153578
ведома,NOUN,0.1812082632239534,8,0.034647671835533876,5,0.1465605913884195
ведут,VERB,0.8568414079139157,6,0.38998902725031204,14,0.4668523806636037
ведь,PRCL,0.530636155634617,8,0.10032287560678103,25,0.4303132800278359
везет,VERB,0.2835212898702838,4,0.167280821252975,28,0.1162404686173088
век,NOUN,0.006795781881776,1,0.6911995496693981,12,-0.6844037677876221
века,NOUN,0.29729655617666967,8,0.7705388914481405,12,-0.4732423352714708
веками,NOUN,0.00011595533890400001,1,0.3065625505385215,8,-0.3064465951996175
веки,NOUN,0.9901205572764343,15,0.45423587699964385,17,0.5358846802767905
веков,NOUN,0.8462326556960267,13,0.3774203592686847,11,0.46881229642734196
вел,VERB,0.072225622024074,3,0.14861912264741398,15,-0.07639350062333998
вела,VERB,0.5978705592740456,3,0.24513631375334016,13,0.3527342455207055
велел,VERB,0.5106362343580536,5,0.13817837768089217,21,0.37245785667716147
велели,VERB,0.05490244804929234,3,0.03450643636758032,28,0.02039601168171202
великое,NOUN,0.5618137687011281,5,0.0841407036048891,18,0.47767306509623897
величиной,NOUN,0.08570915741566301,2,0.029775492301564187,11,0.05593366511409882
верится,VERB,0.6865876594541634,3,0.3355160182431354,25,0.351071641211028
вернее,COMP,0.08216073139527551,2,0.007595893027235501,4,0.07456483836804001
верно,CONJ,0.08311417953510734,9,0.34804570973022775,14,-0.2649315301951204
верной,ADJF,0.7224075616422231,3,0.0279975831358724,10,0.6944099785063507
вероятно,CONJ,0.05598473143588951,2,0.09004043853589554,5,-0.03405570710000603
вероятности,NOUN,0.18933655779612002,2,0.07474306736241917,10,0.11459349043370085
верх,NOUN,0.7639072525695899,5,0.37508207116617415,8,0.38882518140341576
вес,NOUN,0.5629278054330489,11,0.34702746956267827,19,0.2159003358703706
весом,NOUN,0.8847599978727356,4,0.25197173617884905,7,0.6327882616938866
вести,INFN,0.9636940984737256,2,0.48241129061489735,8,0.4812828078588282
весть,VERB,0.1455758126392602,5,0.2129518578215625,14,-0.06737604518230231
весу,NOUN,0.21072682236400933,3,0.2862832167102923,11,-0.07555639434628295
весь,ADJF,0.8048019607046356,33,0.39975914973403287,17,0.40504281097060274
ветром,NOUN,0.9320671775509918,6,0.2422387306121986,12,0.6898284469387932
вечер,NOUN,0.022099267887633,1,0.20064384521448556,17,-0.17854457732685255
вечера,NOUN,0.6600148024797968,4,0.37151710511361785,12,0.288497697366179
вечно,ADVB,0.282009847499291,6,0.1840719464098439,16,0.09793790108944708
вечность,NOUN,0.8989403595618063,3,0.12893629675976864,13,0.7700040628020377
вечные,ADJF,0.8917129879884749,5,0.03777049522775582,11,0.8539424927607191
вещей,NOUN,0.6257878402467407,8,0.3562919217892252,15,0.2694959184575155
вещь,NOUN,0.011711729520577668,3,0.21858891378160888,21,-0.20687718426103122
взад,ADVB,0.9983460691435241,3,0.822794963686014,17,0.17555110545751007
взгляд,NOUN,0.9701693959000044,14,0.058730056089141,4,0.9114393398108633
взгляда,NOUN,0.775802407886661,3,0.34679179367977275,15,0.42901061420688824
вздумай,VERB,0.13210141586904134,3,0.10619382717896939,37,0.025907588690071953
взял,VERB,0.5016420076418814,9,0.17552177132663987,16,0.3261202363152415
взяла,VERB,0.7671535144135575,2,0.2735005944248548,18,0.4936529199887027
взялась,VERB,0.119291360490963,1,0.2320498136151979,23,-0.11275845312423488
взяли,VERB,0.7768908302144447,3,0.31525117883304643,14,0.4616396513813983
взялись,VERB,0.09034442856422101,1,0.30664545620510053,19,-0.21630102764087952
взялся,VERB,0.6610117760890656,5,0.2548865366599444,22,0.4061252394291212
взять,INFN,0.9083093670311883,19,0.23935679436850882,16,0.6689525726626795
взяться,INFN,0.9754660643048477,3,0.510356661930964,17,0.46510940237388376
вид,NOUN,0.7518063337566228,31,0.5139105161606446,17,0.2378958175959781
видел,VERB,0.3525646488829744,3,0.2603584685334175,13,0.09220618034955691
видели,VERB,0.5999244104833765,5,0.2627253938720464,19,0.3371990166113301
видимо,ADVB,0.09317099207836352,2,0.10091280858958766,15,-0.007741816511224145
видимости,NOUN,0.3396092227850363,3,0.5772698448375491,8,-0.23766062205251276
видит,VERB,0.7184113182942087,5,0.2953270447338202,10,0.42308427356038847
видите,VERB,0.4540903983843826,7,0.33095297174109967,21,0.12313742664328292
видишь,VERB,0.36629458186375646,5,0.08275516264173005,16,0.2835394192220264
виднее,COMP,0.400260203558532,5,0.23523076093345424,29,0.16502944262507774
видно,CONJ,0.7147231707666162,7,0.3583987540307069,14,0.35632441673590926
видом,NOUN,0.6556124385847727,18,0.48932074301100054,6,0.16629169557377216
виду,NOUN,0.701039456987791,24,0.7958564081238958,10,-0.09481695113610478
виды,NOUN,0.8180879818511032,7,0.5899964182502466,9,0.22809156360085658
видят,VERB,0.5178429417309931,2,0.2612964573517836,19,0.2565464843792095
вижу,VERB,0.737154037068908,1,0.412449342437419,23,0.32470469463148904
вине,NOUN,0.664047736415052,6,0.062057895195775176,11,0.6019898412192768
виноват,ADJS,0.6276319151386445,8,0.4308460218123801,18,0.1967858933262644
виновата,ADJS,0.9733952533373775,2,0.31955847835609397,21,0.6538367749812836
виноваты,ADJS,0.9946717538269311,1,0.3960163389258731,22,0.5986554149010579
виной,NOUN,0.9537265376629124,3,0.29175863954768505,10,0.6619678981152273
висел,VERB,0.047334369088454,2,0.14753263434269442,24,-0.10019826525424042
висела,VERB,0.3424208355483105,2,0.059016402389023795,14,0.2834044331592867
висели,VERB,0.387201018697978,1,0.05940972647573623,14,0.3277912922222418
висело,VERB,0.036175777953938004,1,0.10142752485872908,15,-0.06525174690479107
висит,VERB,0.6982411697063861,2,0.1440820084864268,17,0.5541591612199592
включает,VERB,0.9728762312830246,2,0.2366048049081166,7,0.736271426374908
включал,VERB,0.49870927217407907,2,0.1998661862856078,10,0.2988430858884713
включая,PREP,0.7532148788007796,5,0.34505428427953405,3,0.4081605945212456
вкупе,ADVB,0.105801530983391,5,0.00026021270788200004,1,0.105541318275509
вкус,NOUN,0.8183122479553872,5,0.38453833795514536,11,0.4337739100002418
вкусом,NOUN,0.5608113391125775,4,0.22754891758695303,5,0.33326242152562446
вкусу,NOUN,0.22695685985298064,8,0.707208909701671,1,-0.4802520498486904
власти,NOUN,0.6098638664978933,8,0.4246657226911042,19,0.18519814380678906
вместе,ADVB,0.8715913914592163,10,0.15338763239624756,13,0.7182037590629687
вместо,PREP,0.6845142786603166,10,0.2731738905996443,10,0.41134038806067225
вне,PREP,0.7408110152755144,30,0.41476236233257263,10,0.3260486529429418
внезапно,ADVB,0.061556793003173,1,0.06348878592883093,16,-0.0019319929256579327
вниз,ADVB,0.8156997722858577,13,0.41383717020882094,20,0.4018626020770367
внимания,NOUN,0.7988023573090397,10,0.6781422818789924,8,0.12066007543004731
внутри,PREP,0.4469081726821741,5,0.1436752062989657,5,0.3032329663832084
внутрь,ADVB,0.5861830867495614,3,0.4233326884793562,9,0.16285039827020525
во,PREP,0.9488474324708017,184,0.7618943029238877,16,0.186953129546914
вовремя,ADVB,0.12408241418895528,7,0.22049909929273595,18,-0.09641668510378067
вовсе,ADVB,0.15776451437977518,5,0.0940295602946,4,0.06373495408517518
вода,NOUN,0.9983035917570277,5,0.4699707898891635,10,0.5283328018678641
воды,NOUN,0.9976334098314658,3,0.5509851916859723,14,0.4466482181454935
воз,NOUN,0.013195285431635444,3,0.08241556867784437,14,-0.06922028324620894
воздух,NOUN,0.2636391067527175,4,0.5741659486392474,11,-0.3105268418865299
воздухе,NOUN,0.006019302307406001,3,0.538567250938385,16,-0.532547948630979
возможности,NOUN,0.9862684947720544,4,0.26224899215181546,7,0.724019502620239
возражает,VERB,0.11265830819029701,1,0.022686782840286978,17,0.08997152535001003
возражаете,VERB,0.32568069416570156,2,0.284517375624997,31,0.04116331854070454
возрасте,NOUN,0.4796327863913314,5,0.021358609376611,2,0.4582741770147204
возьмет,VERB,0.6118374258873556,2,0.12316532591867832,22,0.4886720999686772
возьмешь,VERB,0.7989325525751458,4,0.09154694051676432,25,0.7073856120583815
возьми,VERB,0.6202429745672686,9,0.33752194102682287,25,0.28272103354044575
возьмите,VERB,0.0815479534740155,2,0.29788842548357763,10,-0.21634047200956213
возьму,VERB,0.041507329932506005,1,0.2553042016287272,37,-0.2137968716962212
возьмут,VERB,0.001429094837408,1,0.1710733491539673,19,-0.1696442543165593
вокруг,PREP,0.9972566163199864,3,0.41334479153800285,16,0.5839118247819836
воле,NOUN,0.735880637591225,6,0.1390786237934541,13,0.596802013797771
волна,NOUN,0.9260824916287521,1,0.48978468263833896,16,0.43629780899041315
волне,NOUN,0.52709800152566,5,0.19045868707020366,6,0.33663931445545636
волну,NOUN,0.9969959251868711,2,0.0764167859742583,16,0.9205791392126128
волны,NOUN,0.887343846627301,1,0.12808363660881225,9,0.7592602100184888
волосы,NOUN,0.987534100393292,3,0.3011830585826245,11,0.6863510418106675
волю,NOUN,0.2958084968198083,3,0.20567057050645257,13,0.09013792631335574
воля,NOUN,0.9931325505675768,5,0.20485286813149808,12,0.7882796824360787
вон,ADVB,0.8233396010860851,11,0.2661826827036228,13,0.5571569183824623
вообще,ADVB,0.4211015974076077,12,0.16173620704689712,25,0.2593653903607106
вопреки,PREP,0.5245426841568286,4,0.5504110060496888,8,-0.025868321892860258
вопрос,NOUN,0.37820717695403167,14,0.5527525086535792,16,-0.1745453316995475
вопросам,NOUN,0.30439871088859666,5,0.3513057839577441,11,-0.04690707306914743
вопросов,NOUN,0.45913572081561554,2,0.24232598994701426,8,0.21680973086860128
вопросом,NOUN,0.9773955572599444,3,0.4784601375409712,9,0.4989354197189732
ворота,NOUN,0.8538079401770943,4,0.22214499490967024,9,0.6316629452674241
ворох,NOUN,0.1499080316032415,6,0.058119849159037854,8,0.09178818244420366
востоке,NOUN,0.2544653390287505,2,0.6493188364381914,7,-0.3948534974094409
вот,PRCL,0.6717655259081233,169,0.32359066037029777,29,0.34817486553782556
вошли,VERB,0.9799787141540751,1,0.36006225340927667,13,0.6199164607447984
впадает,VERB,0.29515281180909203,1,0.5237115158188117,14,-0.22855870400971967
впал,VERB,0.656865261882948,5,6.974310031450136e-05,1,0.6567955187826335
вперед,ADVB,0.5390004974628633,11,0.5210346918635084,9,0.0179658055993549
впечатление,NOUN,0.987764484788315,3,0.6415001332201581,12,0.34626435156815694
вполне,ADVB,0.0009191037653573335,3,0.16316277720543465,13,-0.1622436734400773
впоследствии,ADVB,0.186924379089559,5,0.020968620630930333,3,0.16595575845862867
вправду,ADVB,0.12486946064259802,2,0.09027516837931512,23,0.034594292263282894
вправе,PRED,0.11238798561035282,5,0.16712417418605435,9,-0.05473618857570153
впредь,ADVB,0.1818975433298024,8,0.005589341463014815,11,0.17630820186678758
впрочем,CONJ,0.3888080426148778,4,0.10504183764552738,19,0.2837662049693504
впрямь,ADVB,0.09402231293057935,3,0.02085920322976467,17,0.07316310970081467
впустую,ADVB,0.029477782210165,2,0.05714369006244169,11,-0.027665907852276687
врагу,NOUN,0.8211365404014521,2,0.11501851232985334,14,0.7061180280715987
вред,NOUN,0.9311941363333487,3,0.39845165129398274,7,0.5327424850393659
вреда,NOUN,0.329436704689933,2,0.37301679085656403,11,-0.043580086166631005
времен,NOUN,0.5612978479886527,12,0.31147006354112444,12,0.24982778444752823
времена,NOUN,0.8218070411453229,18,0.6015767320766213,13,0.22023030906870156
временам,NOUN,0.005354532980957001,3,0.7862733412811841,1,-0.7809188083002271
временами,ADVB,0.028752504179730753,4,0.009421656742815677,9,0.019330847436915075
временем,NOUN,0.9905662530468818,8,0.20004698061302487,7,0.790519272433857
времени,NOUN,0.9008890202809331,29,0.593240909921288,10,0.3076481103596451
время,NOUN,0.8987789099897375,104,0.7759872965674747,13,0.12279161342226286
вроде,PRCL,0.4451136658885617,14,0.19370157504293678,14,0.25141209084562494
все,PRCL,0.5852391377908779,287,0.422068608084448,16,0.16317052970642987
всегда,ADVB,0.4875214735289885,11,0.30229889024971296,20,0.18522258327927554
всего,ADJF,0.8182098577235033,55,0.7300592431960745,15,0.08815061452742878
всей,ADJF,0.8363116672768167,25,0.49648210068982596,7,0.33982956658699076
всем,ADJF,0.7825830563959051,51,0.4701689491819024,19,0.3124141072140027
всеми,ADJF,0.9507532595630053,13,0.8654236283770118,5,0.08532963118599346
всему,ADJF,0.8671560269412675,16,0.5735033002377166,11,0.2936527267035509
всех,ADJF,0.8378154406554666,44,0.37345682105400685,15,0.4643586196014598
вслед,PREP,0.946101072373219,1,0.5990490490972674,26,0.34705202327595164
вследствие,PREP,0.3351545782929267,9,0.541579308138172,2,-0.2064247298452453
встал,VERB,0.33488086691426905,1,0.27135322841214493,22,0.06352763850212412
встать,INFN,0.21627871594913203,3,0.1824616105874993,20,0.03381710536163274
всю,ADJF,0.9100137627773146,27,0.6176606572476503,15,0.2923531055296643
вся,ADJF,0.4731952510528541,12,0.5631411837460301,18,-0.08994593269317597
всякие,ADJF,0.27769907448964903,1,0.1176854154283179,21,0.16001365906133114
всякий,ADJF,0.7327585960743279,7,0.49592997633644115,14,0.23682861973788677
всякими,ADJF,0.970290758510943,1,0.02913716679651417,6,0.9411535917144289
всяких,ADJF,0.7060377165552351,12,0.23983786162133597,10,0.4661998549338991
всякого,ADJF,0.695985534556442,11,0.01416778428184054,9,0.6818177502746015
всякой,ADJF,0.982741299942757,1,0.3584401978195547,17,0.6243011021232023
всячески,ADVB,0.08675357106975001,3,0.06104130283413001,4,0.025712268235620006
вторая,ADJF,0.9454029889088231,1,0.2093602500356194,20,0.7360427388732037
второго,ADJF,0.607212624466798,3,0.17603812563518728,8,0.43117449883161074
второй,ADJF,0.4727482827038904,3,0.3099099717604491,16,0.1628383109434413
вторых,ADJF,0.9454967356835274,3,0.19141882754764436,12,0.754077908135883
вы,NPRO,0.0905796833162782,5,0.471706428762173,30,-0.3811267454458948
выбор,NOUN,0.9278492159453398,4,0.35449314922664915,12,0.5733560667186905
выброс,NOUN,0.020742119368981002,1,0.10399574277647418,11,-0.08325362340749318
выдавал,VERB,0.52571927473585,1,0.0528274626769874,20,0.4728918120588626
выдавать,INFN,0.9112707391098901,1,0.2798354436936624,15,0.6314352954162277
выдает,VERB,0.012690066841900001,1,0.05348140606696919,8,-0.04079133922506919
вызвала,VERB,0.48479368728105005,1,0.4502314645164854,19,0.034562222764564665
вызвали,VERB,0.7658389359969371,2,0.257960045652666,18,0.507878890344271
выкид,NOUN,1.769069670534153e-06,2,7.234747823075929e-05,1,-7.057840856022514e-05
вынос,NOUN,0.33930227226430026,4,0.18531661602372024,13,0.15398565624058003
выпал,VERB,0.812890914588254,2,0.2589157749057515,19,0.5539751396825026
выпала,VERB,0.24845934217455404,2,0.22906336763495272,19,0.01939597453960132
выпустил,VERB,0.9469871271966541,1,0.18283794774177378,12,0.7641491794548804
выпустили,VERB,0.42235708731272903,1,0.09953131091082221,14,0.3228257764019068
выражению,NOUN,0.150150912683269,3,0.3457344662358957,3,-0.19558355355262672
выражения,NOUN,0.013183172080737335,3,0.18467413946500613,10,-0.1714909673842688
высоко,ADVB,0.5719284336116596,2,0.29923972490825956,8,0.2726887087034
высокого,ADJF,0.32079300915533604,1,0.33394404346875844,7,-0.013151034313422405
высокой,ADJF,0.230984549224927,2,0.41512611205249256,4,-0.18414156282756555
высоте,NOUN,0.7923814100742996,3,0.4072684799511453,11,0.38511293012315434
высотой,NOUN,0.9959565056403531,1,0.4522470578542521,11,0.543709447786101
высоту,NOUN,0.966017709923886,1,0.47444524547537065,12,0.4915724644485154
высшей,ADJF,0.7776013690753069,5,0.1175223576848415,12,0.6600790113904653
выходе,NOUN,0.8628697445463016,5,0.654907429729892,2,0.2079623148164096
выходит,VERB,1.577408337051168e-05,1,0.3996530545567434,9,-0.3996372804733729
выше,ADVB,0.9588727367425129,11,0.4024335783960111,12,0.5564391583465018
выяснилось,VERB,0.041617464390729005,5,0.21179683479136027,10,-0.17017937040063127
галереи,NOUN,4.7405747458541436e-05,1,0.018506016873122935,5,-0.018458611125664395
галопом,ADVB,0.1042554021067355,2,0.11678235245656488,19,-0.012526950349829369
гарантий,NOUN,0.21422767559362543,5,0.1825315602873781,18,0.03169611530624733
где,ADVB,0.7377250536886423,36,0.47123964988073,14,0.26648540380791225
главе,NOUN,0.9836791295306135,10,0.0092866186139885,2,0.974392510916625
главный,ADJF,0.017986886801038503,2,0.3182467076724677,6,-0.3002598208714292
главным,ADJF,0.9916767743864581,3,0.2836624627210225,4,0.7080143116654356
главу,NOUN,0.8568147592168064,3,0.32530590523129016,11,0.5315088539855162
глаз,NOUN,0.7588755757435499,25,0.29666278633679094,15,0.462212789406759
глаза,NOUN,0.7926447941215563,62,0.3214328815502778,24,0.4712119125712785
глазами,NOUN,0.7047871192251749,5,0.6910574189751939,11,0.013729700249980992
глазах,NOUN,0.8902106412430472,8,0.0025792574913610002,1,0.8876313837516862
глазки,NOUN,0.19616788738499702,1,0.1877629687216185,12,0.00840491866337853
глазом,NOUN,0.6476929761304024,3,0.34116950627043635,15,0.3065234698599661
глазу,NOUN,0.9981205561330485,3,0.50935191544548,4,0.48876864068756853
глотку,NOUN,0.7294738323731398,3,0.21873504897386303,21,0.5107387833992767
глубине,NOUN,0.7624389522453046,10,0.2999326766504613,9,0.46250627559484325
глубиной,NOUN,0.5990282841051671,1,0.1376828757882607,6,0.4613454083169064
глубины,NOUN,0.8995356279646681,11,0.12264544322319641,10,0.7768901847414718
глубокий,ADJF,0.0015472490054950002,1,0.17330264204844703,11,-0.17175539304295204
глубокого,ADJF,0.327387275300251,1,0.30446990459415724,9,0.022917370706093787
глубокой,ADJF,0.7305331500113116,4,0.4002212626720353,8,0.3303118873392763
гляди,VERB,0.9936940658135278,4,0.16487256298463923,22,0.8288215028288886
глядишь,VERB,0.4088310397162377,5,0.027160621115077572,13,0.38167041860116013
глядя,GRND,0.3395940257293914,3,0.5311091503137451,8,-0.19151512458435366
глядят,VERB,0.9997117504873877,6,0.0636680059172859,10,0.9360437445701018
говори,VERB,0.6195904538511967,18,0.26273313428651063,24,0.3568573195646861
говорил,VERB,0.5101634457817434,8,0.1646690313190551,12,0.34549441446268836
говорила,VERB,0.35892636333808675,4,0.1702415432088143,19,0.18868482012927246
говорили,VERB,0.07448962019820901,1,0.19859734385455272,14,-0.1241077236563437
говорит,VERB,0.6327847732419369,5,0.27078357921983776,8,0.3620011940220992
говорите,VERB,0.305129088654865,4,0.3815986269344748,26,-0.07646953827960984
говорится,VERB,0.542058291956594,2,0.06146545032436921,5,0.4805928416322248
говорить,INFN,0.48138579775244483,19,0.36596929549845914,16,0.1154165022539857
говоришь,VERB,0.17650614379772353,6,0.2639952390421608,33,-0.08748909524443729
говорю,VERB,0.8449233058355059,6,0.16153958964404924,25,0.6833837161914567
говоря,GRND,0.903960946090936,63,0.7433799869626618,4,0.1605809591282742
говорят,VERB,0.11375548039593984,6,0.3593533365766566,19,-0.24559785618071672
год,NOUN,0.7753748090908076,4,0.44306476311555015,9,0.33231004597525743
годам,NOUN,0.6687809613294724,3,0.6658782602024316,15,0.00290270112704083
годами,NOUN,0.5894003772873221,1,0.2574244917690998,13,0.33197588551822227
годах,NOUN,0.007158584169715453,6,0.014303531340279,2,-0.007144947170563548
годится,VERB,0.6677771881228071,6,0.030557369682722834,19,0.6372198184400842
году,NOUN,0.795508205672942,6,0.9465260851824823,10,-0.15101787950954026
годы,NOUN,0.049470964743755,1,0.6651083615718562,9,-0.6156373968281011
голова,NOUN,0.8072863048264829,11,0.5096763209111111,11,0.29760998391537175
голове,NOUN,0.6654348681539164,14,0.47683966648804654,17,0.18859520166586985
головой,NOUN,0.7756954861134209,18,0.580349789142891,16,0.19534569697052984
голову,NOUN,0.7997893003270976,42,0.6049332357286792,16,0.19485606459841842
головы,NOUN,0.4765314063225649,6,0.43791300516678056,13,0.038618401155784354
голодный,ADJF,0.5995222269240984,3,0.047316673433876535,11,0.5522055534902218
голой,ADJF,0.000158094979801,1,0.302094385245738,10,-0.301936290265937
голос,NOUN,0.9765012888579829,13,0.39956958428863504,18,0.5769317045693478
голосе,NOUN,0.000344243526935,2,0.5496241957262985,19,-0.5492799521993635
голубом,ADJF,0.9875223883717307,3,0.06736267077451563,10,0.920159717597215
голые,ADJF,0.004111825950953001,2,0.11840367149641545,11,-0.11429184554546246
голыми,ADJF,0.946963965652422,9,0.16015322432173243,14,0.7868107413306896
гора,NOUN,0.228895099550282,2,0.2877093967147259,14,-0.05881429716444389
гораздо,ADVB,0.3439768246670364,5,0.2658758248270488,17,0.07810099983998758
горами,NOUN,0.9656173171309685,5,0.2987671503993547,18,0.6668501667316138
горах,NOUN,0.45292052346736106,5,0.34281165913943634,3,0.11010886432792472
горе,NOUN,0.9952711209182357,2,0.11344498603921568,15,0.88182613487902
горем,NOUN,0.454590145097693,1,0.19080341936211445,10,0.2637867257355786
горле,NOUN,0.9975556495970376,4,0.4049114368880791,19,0.5926442127089584
горло,NOUN,0.8708070672324167,14,0.12720090349676375,14,0.743606163735653
город,NOUN,0.35691562285221434,3,0.333620355192779,11,0.023295267659435348
городом,NOUN,0.7275379501683267,5,0.20233656630683397,15,0.5252013838614927
городу,NOUN,0.995435005807607,3,0.016326245814694267,5,0.9791087599929128
горох,NOUN,0.9397179104736404,3,0.3584308612490294,16,0.5812870492246109
горячим,ADJF,0.8468530481003297,3,0.12331921953524219,10,0.7235338285650875
господи,NOUN,0.005443707182098001,1,0.09711378501302795,32,-0.09167007783092995
господь,NOUN,0.30456878255344844,5,0.33803227978302464,10,-0.0334634972295762
гости,NOUN,0.39181977140610535,3,0.21079254797017943,12,0.18102722343592592
гостях,NOUN,0.5039123048150314,3,0.07363108398681442,14,0.43028122082821696
готов,ADJS,0.24022600181690915,7,0.21112064891902627,26,0.02910535289788288
готова,ADJS,0.08105316245685601,1,0.3232989425465181,15,-0.24224578008966208
готовности,NOUN,0.604210352057111,1,0.3514411117512482,9,0.25276924030586284
готовность,NOUN,0.275453067858768,2,0.2735526024009344,10,0.0019004654578336222
готовностью,NOUN,0.20457773551174802,1,0.10084770515467106,15,0.10373003035707695
готово,ADJS,0.356679037647463,1,0.3617081492398877,22,-0.005029111592424695
готовы,ADJS,0.828117524657128,2,0.438395675246202,15,0.38972184941092597
град,NOUN,0.643462965119898,2,0.3634815784149755,9,0.27998138670492245
градом,NOUN,0.3457668632038797,3,0.4190513483885381,8,-0.07328448518465835
градусов,NOUN,0.8745489584367561,1,0.6371102348316184,18,0.23743872360513762
грамм,NOUN,0.4151780246908007,5,0.3272980767328106,14,0.08787994795799009
грани,NOUN,0.914429924210515,5,0.135868898795702,3,0.7785610254148131
границах,NOUN,0.08902047809809581,5,0.13718094112684295,9,-0.048160463028747144
границей,NOUN,0.24600525285657468,3,0.3657718505651295,2,-0.11976659770855483
границу,NOUN,0.6519744426145281,3,0.4984982553261368,5,0.1534761872883913
границы,NOUN,0.46764599407883023,6,0.1940530206431659,9,0.27359297343566436
грех,NOUN,0.4474971872027496,15,0.09725122291307577,19,0.35024596428967386
греха,NOUN,0.5615622848052129,6,0.18824950371783603,18,0.37331278108737687
грехом,NOUN,0.21212763154187977,4,0.14291455118385485,9,0.06921308035802493
гроб,NOUN,0.6406189202683648,3,0.08559781893714156,13,0.5550211013312232
гробу,NOUN,0.7367077159010871,5,0.0153487460703495,2,0.7213589698307376
грош,NOUN,0.7897429469524,6,0.1992297822150608,17,0.5905131647373392
грубо,ADVB,0.9092872787563671,1,0.050499940687741184,13,0.8587873380686258
груди,NOUN,0.6547152955423128,4,0.19644161043391564,13,0.45827368510839717
груду,NOUN,0.2825196226270937,3,0.1320804035581782,14,0.15043921906891547
грудь,NOUN,0.184970065782899,1,0.22248488114216408,15,-0.03751481535926507
груз,NOUN,0.15811718624329701,3,0.39329980597749825,10,-0.23518261973420124
грузом,NOUN,0.9983197651611267,3,0.25150708768894264,14,0.7468126774721842
грязи,NOUN,0.7570313034964794,8,0.21672963771691983,11,0.5403016657795596
грязь,NOUN,0.7751451052612784,5,0.2779879998955572,11,0.4971571053657212
д,ADVB,0.27543294661982304,1,0.14573066977639712,8,0.12970227684342592
да,PRCL,0.5723405073034368,131,0.3083719523086911,36,0.2639685549947457
дабы,CONJ,0.04876286517621334,3,0.012394263599703002,1,0.03636860157651034
давай,VERB,0.29570517864806056,20,0.24412946960349877,39,0.051575709044561796
давит,VERB,0.004520717458291,1,0.0071527977325496666,21,-0.0026320802742586663
давлением,NOUN,0.5069601617657935,4,0.29452605110823654,10,0.21243411065755696
давних,ADJF,0.28559658361421963,5,0.10572454887953923,9,0.17987203473468039
давно,ADVB,0.3970100090276219,12,0.1695288744295305,13,0.2274811345980914
дадим,VERB,0.4948694031092771,2,0.374979553030267,22,0.1198898500790101
дадут,VERB,0.3624750549881117,3,0.24045244311071734,20,0.12202261187739438
дается,VERB,0.9757209876872691,1,0.1568211681957243,11,0.8188998194915448
даже,PRCL,0.5802821106066872,19,0.21000682018866565,15,0.37027529041802154
дай,VERB,0.8326176061979812,44,0.35207398735861795,34,0.48054361883936325
дайте,VERB,0.086748640319473,1,0.16381380017581426,8,-0.07706515985634126
дал,VERB,0.6942133033045329,6,0.37912353803818144,5,0.31508976526635146
дала,VERB,0.48350226968501336,6,0.31036633586886764,13,0.17313593381614573
далее,ADVB,0.997665599481488,4,0.20623020494997546,9,0.7914353945315126
далеко,ADVB,0.7740644601342443,20,0.461757579797469,4,0.31230688033677534
дали,VERB,0.594767946254069,5,0.36736615332501493,13,0.2274017929290541
дальнейшем,ADJF,0.029652723768406004,2,0.25714619917157605,7,-0.22749347540317005
дальних,ADJF,0.0022666748209843337,6,0.08767473993079464,8,-0.0854080651098103
дальше,COMP,0.7081489309099553,6,0.28718655690767664,22,0.4209623740022787
дам,VERB,0.040816619739511575,7,0.14908165350712985,24,-0.10826503376761827
данный,ADJF,0.7050577007721006,4,0.47958016440648804,4,0.22547753636561257
даром,ADVB,0.5251924609333702,6,0.21171499361589394,17,0.3134774673174763
даст,VERB,0.6688089097110053,8,0.35237574589936843,14,0.31643316381163683
дать,INFN,0.9331074311237475,11,0.4721228307201002,11,0.4609846004036473
дашь,VERB,0.0174123104207035,2,0.21046772726401886,24,-0.19305541684331534
даю,VERB,0.9750845908778016,10,0.3024140848683707,11,0.6726705060094309
два,NUMR,0.8071882188198818,16,0.37017203645119323,14,0.43701618236868855
дважды,ADVB,0.9936733242191726,3,0.45069687213976717,8,0.5429764520794055
две,NUMR,0.948432207722873,8,0.43000391654134584,12,0.5184282911815271
двери,NOUN,0.5904465442492954,5,0.3261154322577773,17,0.26433111199151815
дверью,NOUN,0.4450087734699954,5,0.5024850188610172,18,-0.05747624539102175
дверями,NOUN,0.9658336203432276,2,0.5087762964916673,6,0.4570573238515603
двоих,NUMR,0.285367643542441,3,0.06107222563222584,19,0.22429541791021515
дворе,NOUN,0.6789488343614974,5,0.5355977480477699,21,0.1433510863137275
двумя,NUMR,0.253941436693849,1,0.4223510013584856,7,-0.16840956466463658
двух,NUMR,0.8444013663699179,5,0.5594547272511137,11,0.28494663911880425
деваться,INFN,0.49751362185394554,12,0.16025730460812662,30,0.33725631724581895
дежурный,ADJF,0.828590993701794,1,0.02574378828339164,13,0.8028472054184024
действием,NOUN,0.300871428177584,4,0.042491911195409786,8,0.2583795169821742
действии,NOUN,0.22662189364727361,5,0.047570997066486057,5,0.17905089658078754
действительно,ADVB,0.008597509340349,3,0.05696870304786142,17,-0.04837119370751242
действительности,NOUN,0.014744204888368667,3,0.1178916322960351,12,-0.10314742740766643
дел,NOUN,0.6854335966309746,8,0.7739265074728657,9,-0.08849291084189115
дела,NOUN,0.7685447840850317,10,0.38117448237006124,19,0.38737030171497044
делает,VERB,0.5015534446447866,4,0.6500238860778138,11,-0.14847044143302723
делал,VERB,0.8033384021026047,3,0.12904680606333555,15,0.6742915960392691
делали,VERB,0.9739905213448585,2,0.23253737678877734,14,0.7414531445560812
делать,INFN,0.7510382433048067,25,0.3889505305389653,24,0.36208771276584145
делают,VERB,0.855820711640751,4,0.3410028803778121,14,0.5148178312629389
делится,VERB,0.5204699643869509,10,0.3718886714709735,10,0.14858129291597744
дело,NOUN,0.6655562135739691,116,0.5513603022413068,19,0.11419591133266227
делом,NOUN,0.8693011390875797,7,0.6852842999772458,11,0.18401683911033384
делу,NOUN,0.6898662708140074,8,0.278605243570751,11,0.4112610272432564
денег,NOUN,0.7077515520842796,2,0.2694406853269697,12,0.43831086675730996
день,NOUN,0.8587740253834987,32,0.5501270179941101,18,0.30864700738938855
деньги,NOUN,0.33104972801746835,3,0.3218783964009497,15,0.009171331616518674
держа,GRND,0.46364352701570705,2,0.6333363948757609,12,-0.16969286786005383
держал,VERB,0.4832064149283165,4,0.3593535544429504,16,0.12385286048536609
держала,VERB,0.504854614785858,3,0.29025711482436095,19,0.21459749996149707
держали,VERB,0.08103836527146575,4,0.13832352108855744,14,-0.05728515581709169
держался,VERB,0.34128752702831905,1,0.13832210600906852,20,0.20296542101925052
держат,VERB,0.7340579434541612,8,0.21250256333682907,12,0.5215553801173322
держать,INFN,0.72682600495016,8,0.6956247142087318,13,0.03120129074142819
держи,VERB,0.5412234900154775,2,0.13611284369459103,15,0.4051106463208865
держит,VERB,0.5234239296566434,6,0.27595936837678986,17,0.24746456127985356
держите,VERB,0.5235610190680761,3,0.22385810260292532,21,0.29970291646515074
держится,VERB,0.6052828289089701,3,0.2360897464484329,16,0.3691930824605372
дернул,VERB,0.5707340597604896,3,0.1560205195889861,17,0.4147135401715035
десяти,NUMR,0.06093960143853551,4,0.026466205787336137,15,0.034473395651199376
десятка,NOUN,0.9999647948431502,3,0.1947877916747447,9,0.8051770031684055
десяток,NOUN,0.7787659550794305,5,0.25573952130189226,13,0.5230264337775382
детей,NOUN,0.7821514768615825,5,0.39261826504139524,9,0.38953321182018724
детство,NOUN,0.85925095365402,3,0.37142900421025926,21,0.4878219494437608
диаметром,NOUN,0.591286589464566,3,0.3800695032144504,6,0.21121708625011565
дикая,ADJF,0.004078805032519,1,0.09145236175908757,7,-0.08737355672656856
дикий,ADJF,0.016589233014856,1,0.059740797050213394,13,-0.043151564035357394
диким,ADJF,0.006464741019894001,1,0.223352707425131,7,-0.216887966405237
дико,ADVB,0.0504349535823256,7,0.03910280144519892,15,0.011332152137126683
длинным,ADJF,0.7473080276992851,1,0.1707648248464867,10,0.5765432028527984
длиной,NOUN,0.788027001367543,2,0.3221970251355343,4,0.4658299762320087
длину,NOUN,0.6674630140302458,4,0.4523314073391539,8,0.21513160669109188
для,PREP,0.841825555780663,104,0.6988398216647076,18,0.1429857341159554
дней,NOUN,0.8043401273019121,1,0.4908325852469943,17,0.31350754205491776
днем,NOUN,0.8112232037283991,3,0.24047702337889107,13,0.570746180349508
дни,NOUN,0.7372319191636582,8,0.4929629292775223,11,0.24426898988613588
дном,NOUN,0.7167266454176907,3,0.6429838587752971,7,0.07374278664239364
дню,NOUN,0.660431603219067,3,0.47257020934814514,11,0.18786139387092188
дня,NOUN,0.9078577310477298,23,0.4792818453454193,16,0.42857588570231053
дням,NOUN,0.9938687929137489,5,0.19492409632476038,6,0.7989446965889885
днях,NOUN,0.4051147923086405,8,0.45515340670908655,2,-0.050038614400446046
до,PREP,0.9355310665887823,364,0.6514604322623063,18,0.28407063432647595
добавить,INFN,0.19643708707769184,5,0.2611866359663106,12,-0.06474954888861875
добираться,INFN,0.219075491000735,2,0.2013490228266117,17,0.017726468174123294
добр,ADJS,0.7802352548435291,1,0.3182921493025794,18,0.4619431055409497
добра,NOUN,0.9663194923753619,5,0.3798473316411073,25,0.5864721607342546
добро,ADVB,0.0012157902236412002,5,0.20863149363693415,16,-0.20741570341329293
доброго,ADJF,0.8740612232678547,5,0.205807281025541,10,0.6682539422423137
доброй,ADJF,0.4959889736625227,3,0.4244627082658097,5,0.07152626539671303
добру,NOUN,0.2673791516321617,3,0.309712303959204,17,-0.04233315232704232
добры,ADJS,0.5605324460654386,2,0.5666282858136668,15,-0.006095839748228138
довести,INFN,0.7975867728885546,2,0.00030484014541250004,2,0.7972819327431421
довольно,ADVB,0.2077156172910369,10,0.09221049434539794,13,0.11550512294563897
дождем,NOUN,0.009285995665707,1,0.3036809278468851,11,-0.2943949321811781
дождь,NOUN,0.21361451906329068,3,0.49963696490250736,19,-0.28602244583921665
дождя,NOUN,1.8674894810569944e-05,1,0.32452022101187733,18,-0.3245015461170668
доз,NOUN,0.0015162267701810002,1,0.0468584486113882,8,-0.0453422218412072
дозу,NOUN,0.6431552788714341,2,0.2769157068318339,12,0.36623957203960017
доказательство,NOUN,0.08210004978636501,1,0.5770742582873066,5,-0.49497420850094165
доктор,NOUN,0.7261977580478425,4,0.17227491810108048,14,0.553922839946762
долг,NOUN,0.2823857605632727,3,0.28266806684377144,23,-0.0002823062804987453
долгий,ADJF,0.511720573559563,3,0.07957377627420818,17,0.4321467972853548
долго,ADVB,0.9951765857412568,3,0.3623913501558774,21,0.6327852355853794
долгом,NOUN,0.0058586589522515,2,0.3548986607912747,6,-0.3490400018390232
долгу,NOUN,0.44074137545658615,6,0.5650269780973514,15,-0.12428560264076521
должен,ADJS,0.6353967790746621,4,0.7461455219714576,12,-0.11074874289679548
должно,ADJS,0.7698833686780537,4,0.703997295274381,16,0.0658860734036727
доли,NOUN,0.1870558016447742,6,0.44100767207172803,7,-0.25395187042695383
долю,NOUN,0.9430431131390881,2,0.6457145611338835,8,0.2973285520052046
доля,NOUN,0.965601109310378,3,0.4374489311999291,13,0.5281521781104489
дом,NOUN,0.15628436189678344,5,0.37239696883077433,15,-0.2161126069339909
дома,NOUN,0.681189637792449,3,0.25458377093297974,11,0.4266058668594693
домик,NOUN,0.9967352406153668,3,0.024730237962075925,13,0.9720050026532908
дому,NOUN,0.7371539950047619,5,0.16460350182836855,20,0.5725504931763933
дополнение,NOUN,0.944597695309846,5,0.6073453616097678,6,0.33725233370007823
допустил,VERB,0.126263884955302,1,0.17009607516528655,19,-0.04383219020998455
дорога,NOUN,0.9944713106284092,8,0.48146786534327274,14,0.5130034452851364
дороге,NOUN,0.4673213195220491,3,0.2442004023036179,16,0.2231209172184312
дороги,NOUN,0.952100158614126,2,0.37250959301873976,10,0.5795905655953862
дорогого,ADJF,0.506884176488353,3,0.218832777592285,14,0.288051398896068
дорогой,NOUN,0.20524482370087335,3,0.17232560014387877,19,0.03291922355699459
дороже,COMP,0.9474115003641037,3,0.2605602462824722,18,0.6868512540816315
дорожке,NOUN,0.6017934547179661,1,0.1317467287820476,10,0.47004672593591845
достаточно,ADVB,0.601018904591114,11,0.1684289956254302,14,0.4325899089656837
достигает,VERB,0.4420505483030517,3,0.20158174630567197,11,0.24046880199737972
доходит,VERB,0.975367500250651,2,0.4947954972388381,16,0.4805720030118129
дошло,VERB,0.9909604265129897,3,0.6425907772215153,16,0.3483696492914744
др,NOUN,0.5387685666886576,2,0.38725828637956206,2,0.15151028030909552
древних,ADJF,0.18880018955395703,3,0.29679231572774684,11,-0.10799212617378981
древности,NOUN,0.6944319639555718,5,0.27694900769396397,7,0.41748295626160786
друг,NOUN,0.9968417602992149,10,0.6867731532488506,14,0.3100686070503643
другая,ADJF,0.35444582756448867,3,0.4361411447346293,8,-0.08169531717014061
другие,ADJF,0.6801168144048463,6,0.5121108792854262,5,0.16800593511942008
другим,ADJF,0.7758694272085951,1,0.401251319021865,5,0.3746181081867301
другими,ADJF,0.466113097042464,5,0.5657969034353898,4,-0.09968380639292579
других,ADJF,0.7390247139460575,7,0.1566849426055532,5,0.5823397713405043
другого,ADJF,0.8544511654751001,5,0.38747606612644225,11,0.4669750993486579
другое,ADJF,0.6718126101265783,6,0.39181213518221336,13,0.280000474944365
другой,ADJF,0.622602629583498,26,0.2940235710489883,13,0.3285790585345097
другом,NOUN,0.3133688295688805,8,0.5964854948730166,15,-0.2831166653041361
другому,ADJF,0.5520363928861197,3,0.8112870046680802,12,-0.2592506117819605
думает,VERB,0.020299493621536,1,0.24831080256731153,12,-0.22801130894577554
думаете,VERB,0.6372455903242926,2,0.4882394099285205,24,0.14900618039577213
думаешь,VERB,0.789691083159047,1,0.32772231707818306,21,0.46196876608086396
думай,VERB,0.36755868407871856,2,0.1761109781035527,24,0.19144770597516586
думал,VERB,0.5670812662859137,3,0.22892271949446316,16,0.3381585467914505
думала,VERB,0.09255223930763401,2,0.2696234357675165,18,-0.1770711964598825
думаю,VERB,0.7400524333255996,2,0.26512901859485255,24,0.474923414730747
думая,GRND,0.7160851796164213,4,0.35691585451021685,6,0.3591693251062044
дух,NOUN,0.289328692066725,4,0.45864420053436733,11,-0.16931550846764232
духу,NOUN,0.422324883252917,6,0.23747779527060076,8,0.18484708798231625
душа,NOUN,0.7141654329819058,9,0.23067765915293606,17,0.4834877738289698
душе,NOUN,0.5598976808523812,7,0.44796488755012653,15,0.1119327933022547
душевной,ADJF,0.9377967100775005,6,0.28401459764729464,13,0.6537821124302059
души,NOUN,0.6885721144431006,28,0.16054593428346206,11,0.5280261801596385
душой,NOUN,0.7950265953326211,17,0.2379709470620948,17,0.5570556482705263
душу,NOUN,0.7384148853815852,15,0.5024217413461399,14,0.23599314403544525
дыбом,ADVB,0.676071383686952,3,0.5760663536032107,17,0.10000503008374129
дым,NOUN,0.022173602555495334,3,0.3544506626729387,13,-0.33227706011744335
дыхания,NOUN,0.345909748987173,3,0.13535661898849277,12,0.21055312999868026
дышать,INFN,0.970736117773016,2,0.4193057899022796,12,0.5514303278707364
его,NPRO,0.315201609513484,3,0.332845106817185,22,-0.01764349730370096
едва,ADVB,0.16555053947987255,26,0.18871305422644846,9,-0.023162514746575907
единицы,NOUN,0.16130098451976776,4,0.15154708568782366,10,0.009753898831944108
едино,ADJS,0.261690854500234,2,0.15176878202126867,14,0.10992207247896532
единого,ADJF,0.5077390007478008,7,0.30500923621452924,8,0.20272976453327152
единой,ADJF,0.35126764246679704,1,0.6280608098068272,6,-0.2767931673400302
едином,ADJF,0.005250545162673333,3,0.24405114099459738,9,-0.23880059583192403
единственная,ADJF,0.0010379642990010001,1,0.2685323540160163,9,-0.2674943897170153
единственное,ADJF,0.930260883839304,1,0.5211610472831117,10,0.4090998365561923
ежели,CONJ,0.006836640220274688,3,0.0032955391644760835,12,0.0035411010557986045
еле,ADVB,0.1731964773585083,6,0.26835075171915124,21,-0.09515427436064294
если,CONJ,0.8206214687074805,172,0.4817244005582783,9,0.33889706814920223
естественным,ADJF,0.459247817447527,8,0.08092284278012069,13,0.37832497466740633
есть,INFN,0.6420227239487167,35,0.4689431295320382,20,0.17307959441667853
еще,ADVB,0.3864102551259656,173,0.15536399144618276,19,0.23104626367978284
ж,PRCL,0.10583764340402842,5,0.47286868667530024,24,-0.36703104327127184
жалко,ADVB,0.31298999187556303,2,0.23641193249318626,22,0.07657805938237677
жаль,PRED,0.4651031116037759,6,0.21096605497189383,12,0.254137056631882
жанра,NOUN,0.6428716633124246,6,0.25168817382660785,10,0.39118348948581677
жару,NOUN,0.9993932641673146,2,0.21214160058146847,20,0.7872516635858461
ждал,VERB,0.15789099040961702,2,0.279776704674827,18,-0.12188571426521
ждала,VERB,0.07382808985728201,2,0.24385767060282143,26,-0.17002958074553942
ждем,VERB,0.837798559607517,1,0.28575986196926395,20,0.5520386976382531
ждет,VERB,0.479079681852781,2,0.22972776614967524,16,0.24935191570310575
ждешь,VERB,0.127320828440567,1,0.09503896125916617,22,0.03228186718140083
жду,VERB,0.8629127702976821,1,0.3485860986297408,26,0.5143266716679413
же,PRCL,0.8103467416803766,192,0.49414755311395964,17,0.31619918856641693
желании,NOUN,0.48363619899174,1,0.7351245232604569,8,-0.25148832426871687
желать,INFN,0.9989244225892601,3,0.3085897187623901,17,0.6903347038268699
желаю,VERB,0.5094782543138537,4,0.4420475279512117,19,0.06743072636264202
желудок,NOUN,0.8114106282290201,7,0.11744444937840542,17,0.6939661788506146
жестоко,ADVB,0.0050840412851711906,5,0.10026224706447531,22,-0.09517820577930412
живое,ADJF,0.8862900597213804,3,0.2011187099658628,12,0.6851713497555176
живут,VERB,0.893102298341749,1,0.261617510880417,14,0.6314847874613321
жизни,NOUN,0.7553340797990591,17,0.6386475420191506,12,0.11668653777990845
жизнь,NOUN,0.7710067695902069,15,0.45433053899339276,22,0.3166762305968141
жилах,NOUN,0.9990986107607618,4,0.5327744015253708,12,0.466324209235391
жить,INFN,0.9807149657555388,3,0.2767968005826502,19,0.7039181651728886
жуткая,ADJF,0.016231175443069002,1,0.021428021866616572,14,-0.00519684642354757
жутко,ADVB,0.013088054436414446,9,0.009482553583254857,14,0.003605500853159589
за,PREP,0.8927593118297957,523,0.6493371689508067,22,0.243422142878989
забот,NOUN,0.24953801805708853,2,0.05149171713579644,16,0.19804630092129208
заботы,NOUN,0.176075857669305,1,0.09580287144699125,17,0.08027298622231376
забыла,VERB,0.10045738561257751,2,0.12037548755232733,27,-0.019918101939749813
забыли,VERB,0.060310029369259006,1,0.334834367868503,15,-0.274524338499244
завершение,NOUN,0.03398832052737281,5,0.05985375649047593,20,-0.025865435963103124
завершилась,VERB,0.18728157428417902,1,0.05315780001165363,16,0.1341237742725254
завершился,VERB,0.25785362603420053,2,0.07011637552762356,19,0.18773725050657697
зависимости,NOUN,0.9969951483877554,7,0.7076066858660287,3,0.2893884625217267
зависть,NOUN,0.6226253531294846,3,0.04302449127263475,19,0.5796008618568499
завтра,ADVB,0.8757591679554764,9,0.10126422640768111,19,0.7744949415477953
загорелись,VERB,0.1692668073166108,5,0.06001217317113487,26,0.10925463414547594
задал,VERB,0.092711212623831,1,0.5571651920689086,22,-0.4644539794450776
задала,VERB,0.057455007778656,1,0.3394015983855294,16,-0.28194659060687344
задней,ADJF,0.9904451549014158,3,0.4018610324270196,9,0.5885841224743962
задним,ADJF,0.963611268428742,5,0.36100256046964846,9,0.6026087079590936
задних,ADJF,0.9959443567602727,3,0.33063680043379323,13,0.6653075563264794
задом,ADVB,0.9907465287830334,3,0.04688900113785954,12,0.9438575276451738
заказ,NOUN,0.4888747400647742,5,0.09200116085825469,21,0.39687357920651956
заката,NOUN,0.9576255425783011,3,0.097460797644646,13,0.8601647449336551
закате,NOUN,0.08044092759376861,5,0.001331054886209,2,0.07910987270755962
закатил,VERB,0.033686314896099336,3,0.099907321488865,18,-0.06622100659276567
закатила,VERB,0.7349831315234031,1,0.3122634354415642,27,0.4227196960818389
заклад,NOUN,0.9992914300912702,5,0.25005217568529475,4,0.7492392544059754
закона,NOUN,0.6347663055060414,3,0.20211701064127602,5,0.4326492948647654
законам,NOUN,0.9170320247195914,3,0.5379344767369504,14,0.37909754798264106
закону,NOUN,0.7373983360826986,7,0.10898628384422357,8,0.628412052238475
закончилась,VERB,0.20433392808143203,2,0.40134277382115785,17,-0.19700884573972582
закрытыми,ADJF,0.982996118271387,3,0.8982349742220007,15,0.08476114404938628
закрыть,INFN,0.910100504637812,3,0.18280198137043852,16,0.7272985232673734
заметил,VERB,0.023578863672400002,1,0.057242240874714106,8,-0.033663377202314104
замком,NOUN,0.2271387835664407,3,0.28775014343692057,15,-0.06061135987047986
замок,NOUN,0.11617057320388068,3,0.35229967842794335,17,-0.23612910522406266
занавес,NOUN,0.171730126105566,3,0.34975848102053836,12,-0.17802835491497235
занесло,VERB,0.9817668838691267,3,0.42342213904932285,23,0.5583447448198038
занимает,VERB,0.0217812590800685,2,0.39517429282813676,16,-0.37339303374806826
занимать,INFN,0.6289037240279113,5,0.26591851834983116,16,0.3629852056780801
заняла,VERB,0.18190193987677403,1,0.3506591673592584,16,-0.16875722748248437
заняло,VERB,0.556462412625324,1,0.4140170356429722,17,0.14244537698235182
заодно,ADVB,0.19104808575843918,11,0.04618462669681225,8,0.14486345906162693
запасе,NOUN,0.3346924755328334,3,0.16084149775948087,15,0.1738509777733525
запахом,NOUN,0.41833009373959706,4,0.30194970941969557,7,0.1163803843199015
запрещено,PRTS,0.4911291879531799,5,0.23599030128737136,16,0.25513888666580853
заранее,ADVB,0.0705414556693875,2,0.1328700342202954,8,-0.062328578550907884
заре,NOUN,0.489429310850414,2,0.24829291617089636,3,0.24113639467951767
зари,NOUN,0.903783642135606,10,0.09884645699129742,14,0.8049371851443086
заря,NOUN,0.9987326026361264,3,0.175334566797833,8,0.8233980358382934
заслугам,NOUN,0.638901952688341,3,0.23663577696657967,3,0.4022661757217614
заставил,VERB,0.475343257922947,1,0.5643287268391591,13,-0.08898546891621212
заставило,VERB,0.9837471844593281,1,0.6200865951961577,20,0.36366058926317035
затей,NOUN,0.03768766889012034,3,0.005198476828999725,9,0.032489192061120616
затем,ADVB,0.4949096971328529,5,0.14016752671170257,9,0.3547421704211503
зато,CONJ,0.1677197889003404,5,0.05727694481504075,22,0.11044284408529964
захочет,VERB,0.21551950294295322,5,0.1849376438406271,13,0.03058185910232611
зачастую,ADVB,0.014995226809797601,5,0.008506903493559462,6,0.006488323316238139
зачем,ADVB,0.5774070292998589,10,0.5513125276420756,30,0.026094501657783264
защитой,NOUN,0.5911480461890559,5,0.28901482497271924,9,0.3021332212163367
звали,VERB,0.9999265971317813,5,0.2826446835372589,13,0.7172819135945224
звать,INFN,0.005300799822736801,5,0.1351586308299394,29,-0.1298578310072026
звезды,NOUN,0.4190957636374161,2,0.04765081865555884,12,0.3714449449818572
звонка,NOUN,0.9998387958116187,6,0.14495659531546642,23,0.8548822004961523
здесь,ADVB,0.38352690350757884,15,0.20819670954363292,13,0.17533019396394592
здоров,ADJS,0.46118523258826916,14,0.14698289423719246,22,0.3142023383510767
здорово,INTJ,0.3426220238043042,8,0.029917662542810985,17,0.3127043612614932
здравом,ADJF,0.886958035204145,3,0.6126941804576619,9,0.27426385474648307
здравствует,VERB,0.9061105414560907,6,0.0002575192893770774,2,0.9058530221667136
земель,NOUN,0.9835282339239395,2,0.17434755772400326,11,0.8091806761999363
земли,NOUN,0.36348526972816914,9,0.2768080148646295,6,0.08667725486353961
землю,NOUN,0.8471308664835538,5,0.245718362639606,10,0.6014125038439478
земля,NOUN,0.784364323788842,3,0.30516026996807905,17,0.479204053820763
зимой,ADVB,0.865122996683601,3,0.009668847886917877,8,0.8554541487966831
злобу,NOUN,0.7850276788099407,3,0.08971974383997744,12,0.6953079349699633
знаем,VERB,0.9464886133599496,2,0.5174737782976447,22,0.42901483506230487
знает,VERB,0.6934424277301294,42,0.44313622252227686,14,0.2503062052078526
знаете,VERB,0.7290143218342451,5,0.5005095206670714,16,0.22850480116717364
знаешь,VERB,0.12083680270969434,3,0.4701752271294087,19,-0.34933842441971436
знак,NOUN,0.9746245827885438,4,0.25117710495575957,22,0.7234474778327842
знаком,NOUN,0.6620156933746852,5,0.4620579615844778,19,0.19995773179020743
знал,VERB,0.6501439416314122,14,0.14424650399192745,18,0.5058974376394847
знала,VERB,0.22704634226279402,2,0.1828583394668337,19,0.04418800279596033
знали,VERB,0.8372452823270894,3,0.24245819095915808,19,0.5947870913679313
знамя,NOUN,0.6279975741268544,5,0.13971952126057352,13,0.4882780528662809
знать,INFN,0.8010127967059006,33,0.2832311741884773,21,0.5177816225174233
значение,NOUN,0.8972626824766725,11,0.3758365832071039,10,0.5214260992695686
значения,NOUN,0.9575899324550867,5,0.5009281987447534,6,0.45666173371033336
значит,CONJ,0.5223625709741456,15,0.28538160839413196,26,0.23698096258001367
значительно,ADVB,0.1013483476457322,5,0.08014661486483408,13,0.02120173278089811
знаю,VERB,0.5454338567499735,25,0.5621514459902165,24,-0.016717589240243025
знают,VERB,0.4667858375886935,2,0.5155977707891478,17,-0.048811933200454294
зовут,VERB,0.7606930005562236,5,0.6391790906646393,29,0.12151390989158428
золота,NOUN,0.9978059398985627,3,0.24399893911019643,16,0.7538070007883663
зрения,NOUN,0.9994396175213536,5,0.8493406225611372,8,0.1500989949602164
зря,ADVB,0.569862259173513,16,0.20014141135370145,20,0.3697208478198115
зуб,NOUN,0.5740541046382002,9,0.3147062490173976,17,0.2593478556208026
зубам,NOUN,0.47120774008934707,3,0.08453744198068641,20,0.38667029810866066
и,CONJ,0.8386716957331612,986,0.46941990446753584,15,0.3692517912656254
играет,VERB,0.7360997146556345,7,0.3681302174650685,12,0.367969497190566
играл,VERB,0.8454377901552261,2,0.3270565527021932,15,0.518381237453033
играла,VERB,0.006976815111713001,1,0.21588208783109555,13,-0.20890527271938256
играли,VERB,0.0077201266987380005,1,0.18397427453427595,18,-0.17625414783553794
играть,INFN,0.994998443017522,1,0.20321092476844785,11,0.7917875182490742
играют,VERB,0.9500680715958151,1,0.22267413912576448,15,0.7273939324700506
игрушки,NOUN,0.45110048133260655,2,0.23225749863119743,20,0.21884298270140912
игры,NOUN,0.3467035990272307,6,0.5343555996192254,10,-0.18765200059199472
идее,NOUN,0.3029527380404517,3,0.09506588495757667,6,0.20788685308287502
идем,VERB,0.36451572849046054,2,0.25485595730516514,15,0.10965977118529541
идет,VERB,0.24556696853249532,7,0.27965268797056997,13,-0.034085719438074646
иди,VERB,0.44664797179721283,5,0.3325093425289396,36,0.11413862926827323
идите,VERB,0.5135228803910951,1,0.18112120477005822,17,0.33240167562103684
идти,INFN,0.138632187237339,2,0.2960122476801091,15,-0.1573800604427701
идут,VERB,0.2714618163494904,5,0.2397289751740027,12,0.03173284117548769
из,PREP,0.9069912401914593,196,0.7125963558083582,10,0.19439488438310104
известно,PRED,0.6011378572920986,8,0.553983236287991,9,0.04715462100410761
известный,ADJF,0.48780274060760453,4,0.4184576160602325,6,0.06934512454737202
извини,VERB,0.18071826779843,2,0.09614402142618947,13,0.08457424637224054
извините,VERB,0.303741282520392,1,0.1295381150234868,14,0.1742031674969052
извне,ADVB,0.218295521336129,5,0.02449268423647775,4,0.19380283709965127
изнутри,ADVB,0.20494400152287953,2,0.016622556356682715,11,0.1883214451661968
изо,PREP,0.9876133068073123,5,0.8181420861458815,11,0.16947122066143083
изредка,ADVB,0.2753673333677208,4,0.025431818922558382,11,0.2499355144451624
или,CONJ,0.8348066833446658,56,0.37407507039567933,20,0.46073161294898646
имеет,VERB,0.7493638296914217,15,0.6470479787756608,10,0.1023158509157609
имеешь,VERB,0.844871896262514,1,0.4705564997483145,23,0.37431539651419954
имел,VERB,0.4058606009632054,5,0.4064373547811915,16,-0.0005767538179860532
имела,VERB,0.25896814513937133,3,0.3387698428445682,8,-0.07980169770519685
имели,VERB,0.29893633447998624,4,0.3691126512927832,6,-0.07017631681279696
имело,VERB,0.34312622777721075,4,0.15187585554778332,10,0.19125037222942742
именем,NOUN,0.3291822662531713,7,0.3591246651832789,9,-0.029942398930107583
имени,NOUN,0.6006673201240036,10,0.859222616284405,8,-0.2585552961604014
именно,PRCL,0.605672947137531,14,0.2990325415152356,17,0.30664040562229533
иметь,INFN,0.9978597963002622,6,0.49214073164305083,4,0.5057190646572114
имею,VERB,0.8251500206391491,1,0.5861411304126862,21,0.23900889022646288
имеют,VERB,0.8878515936291898,16,0.62789682267874,7,0.2599547709504497
имеющиеся,PRTF,0.7793295370596021,1,0.386573572262664,4,0.3927559647969381
имеющий,PRTF,0.8432764425179711,1,0.2896628114590925,6,0.5536136310588786
имея,GRND,0.9363775999031171,1,0.260330025555125,7,0.6760475743479921
имя,NOUN,0.7651259651391132,10,0.34513766032180737,16,0.41998830481730587
иначе,ADVB,0.43508128819455627,13,0.6034091039054988,9,-0.16832781571094257
иногда,ADVB,0.9508770393233679,10,0.05651766966073479,12,0.8943593696626331
иное,ADJF,0.530008077418465,2,0.263724594738593,8,0.266283482679872
иной,ADJF,0.5370387194698261,4,0.335445018104761,3,0.20159370136506505
интереса,NOUN,0.042493401063886,3,0.26663088908986615,19,-0.22413748802598016
интересах,NOUN,0.9714528336256136,6,0.26314329603182,1,0.7083095375937936
иным,ADJF,0.9146392098143151,1,0.04207868496236927,7,0.8725605248519459
иными,ADJF,0.6049977404361365,2,0.41708597173934575,3,0.18791176869679077
искать,INFN,0.63100157275037,1,0.26737168100970976,12,0.3636298917406603
исключением,NOUN,0.8389655703033068,5,0.14213155313145315,7,0.6968340171718537
исключения,NOUN,0.9428894772598123,8,0.491864451002805,11,0.4510250262570073
исключительно,PRCL,0.0046925295702128,5,0.04662547789578439,13,-0.04193294832557159
исходе,NOUN,0.8759009683702454,3,0.4420082155213185,6,0.4338927528489269
итак,CONJ,0.38708237672025947,5,0.09450810658147087,31,0.2925742701387886
их,NPRO,0.08275209808718541,5,0.23570562729888764,16,-0.15295352921170224
к,PREP,0.9596869303408073,227,0.9794674948085114,16,-0.019780564467704043
каблук,NOUN,0.025517795388552002,3,0.016131902301240182,11,0.00938589308731182
кадр,NOUN,0.022817787188629004,2,0.18282801090109088,14,-0.16001022371246187
каждого,ADJF,0.24225999584067023,5,0.6521761590904535,14,-0.4099161632497832
каждом,ADJF,0.9764432229487001,8,0.4294922877789297,9,0.5469509351697703
каждому,ADJF,0.9956006702984456,2,0.39600669626205903,13,0.5995939740363865
каждую,ADJF,0.8747705490421597,3,0.28877405757029756,11,0.5859964914718621
каждый,ADJF,0.5676509284409259,29,0.49319823889768394,14,0.07445268954324197
каждым,ADJF,0.9766101252995952,8,0.604127472000839,8,0.3724826532987562
кажется,VERB,0.42115158551503873,3,0.47419127277624373,20,-0.053039687261205004
казалось,VERB,0.2275513091787635,2,0.5154432846834607,18,-0.28789197550469714
как,CONJ,0.8004253684739477,855,0.5084099944479487,16,0.2920153740259991
какая,ADJF,0.8003894651126552,26,0.5443517359032941,31,0.2560377292093611
какие,ADJF,0.8453003436905596,33,0.5967439377280066,25,0.24855640596255302
каким,ADJF,0.9300965982415815,11,0.8771326792290236,8,0.052963919012557925
какими,ADJF,0.9856361871233951,3,0.6296119144358903,4,0.3560242726875048
каких,ADJF,0.9303338169543627,7,0.8928221162016508,14,0.03751170075271193
каков,ADJS,0.25740718143488606,4,0.21528590208796494,14,0.042121279346921114
какого,ADJF,0.958903141235615,9,0.7321850354345205,12,0.22671810580109453
какое,ADJF,0.6794251783194961,25,0.6117610093708322,19,0.0676641689486639
какой,ADJF,0.7701509648000202,77,0.6822827070954831,17,0.0878682577045371
каком,ADJF,0.8584400784469788,4,0.6445514299744355,14,0.2138886484725433
какую,ADJF,0.6130729945812795,8,0.8512683031095285,7,-0.238195308528249
каменной,ADJF,0.949471794655922,1,0.141588910305109,10,0.807882884350813
капли,NOUN,0.649127579470388,14,0.31973254816209984,13,0.3293950313082882
капля,NOUN,0.026727412786925003,1,0.2706578494151388,20,-0.24393043662821381
караван,NOUN,0.2091914162144554,3,0.2372687383305052,10,-0.028077322116049824
кармане,NOUN,0.924384579604793,3,0.4623522048344313,20,0.46203237477036174
карьер,NOUN,0.9592832791598004,3,0.12317056156414168,8,0.8361127175956587
касается,VERB,0.8362389059236324,9,0.64754878516649,10,0.18869012075714242
касательно,PREP,0.044487536558389607,5,0.018985248562394814,5,0.025502287995994792
касаются,VERB,0.745606730838546,1,0.2533667428083235,17,0.4922399880302225
кассы,NOUN,0.6290786065603806,10,0.04630237941397755,11,0.5827762271464031
каша,NOUN,0.7416287155605937,3,0.20172941441837802,16,0.5398993011422157
квадратный,ADJF,0.5291884215449214,3,0.32981799360709363,10,0.19937042793782778
кем,NPRO,0.9984158569502295,5,0.7466310416792913,14,0.2517848152709382
километр,NOUN,0.8913659716302984,3,0.35225716568358445,16,0.539108805946714
кинулась,VERB,0.0004907767877090001,1,0.06403664134185401,14,-0.06354586455414502
кинулись,VERB,0.021605700272344,1,0.04725596906797729,24,-0.025650268795633292
кинулся,VERB,0.0011947022092445002,2,0.033229716237641094,23,-0.03203501402839659
китайской,ADJF,0.18762854724496603,3,0.21553021226361982,6,-0.027901665018653793
китая,NOUN,0.2023194020485237,3,0.1057594236265255,14,0.09655997842199819
ко,PREP,0.9928678491774225,8,0.8710294958484489,19,0.12183835332897364
ковер,NOUN,0.6728294777247821,4,0.1534878068876481,15,0.519341670837134
когда,CONJ,0.5237388211268768,42,0.4450351310844196,10,0.07870369004245714
кого,NPRO,0.9774390613260756,5,0.5044060995396831,14,0.47303296178639254
коем,ADJF,0.9969784196502094,10,0.9484274489216938,20,0.04855097072851555
кои,ADJF,0.9949218507052466,2,0.9961413103948746,2,-0.0012194596896279997
кой,ADJF,0.38976067563043504,3,0.24460540571005715,24,0.1451552699203779
колена,NOUN,0.9816423711961088,3,0.1817268303979054,12,0.7999155407982034
коли,CONJ,0.007455686255054668,3,0.010064274267404923,16,-0.0026085880123502547
колокола,NOUN,0.5718397304495673,5,0.37336123048861025,9,0.198478499960957
коль,CONJ,0.9510139846348877,5,0.04732381998885537,21,0.9036901646460324
ком,NPRO,0.5156959032967627,4,0.3217352937136047,18,0.19396060958315803
команде,NOUN,0.8300890845768031,2,0.20364779698631233,10,0.6264412875904908
командованием,NOUN,0.8928566921805391,4,0.14996849481255878,4,0.7428881973679803
комок,NOUN,0.135018378889416,1,0.2791962617892269,12,-0.1441778828998109
компании,NOUN,0.416006656780298,5,0.13899293185836606,13,0.277013724921932
компанию,NOUN,0.41946545438369204,5,0.2842441970025644,10,0.1352212573811276
компьютером,NOUN,0.451316006120323,4,0.10889903287612258,12,0.34241697324420045
кому,NPRO,0.32597695902324386,5,0.45155704873486824,15,-0.12558008971162438
конец,NOUN,0.8060238889678853,4,0.4957569365534735,8,0.3102669524144118
конечно,CONJ,0.23865790445164603,3,0.11300119839458102,22,0.12565670605706503
конкуренции,NOUN,0.5610514017022794,3,0.11070341018720709,13,0.4503479915150723
конкурса,NOUN,0.24270219049861133,3,0.35164744287290994,9,-0.10894525237429861
контролем,NOUN,0.8927179891127951,3,0.60588794416606,9,0.28683004494673514
контроль,NOUN,0.7151601406463474,3,0.17344102898331956,7,0.5417191116630278
конца,NOUN,0.6806975166316032,21,0.546551252342201,11,0.13414626428940213
концами,NOUN,0.9997167471809494,5,0.31524533138278904,8,0.6844714157981604
конце,NOUN,0.9996271369429781,12,0.514132155044082,6,0.48549498189889606
концов,NOUN,0.9017850522872298,15,0.046385224090613006,1,0.8553998281966169
концом,NOUN,0.9981968677730771,5,0.2413237143222169,5,0.7568731534508603
концу,NOUN,0.9988751253745974,5,0.6177762027031949,11,0.38109892267140255
концы,NOUN,0.5466954356819541,10,0.24789802151135282,10,0.2987974141706013
кончено,ADJS,0.020295922180745003,1,0.1282930086135628,23,-0.1079970864328178
конь,NOUN,0.9506895702395011,3,0.1642247972124251,14,0.786464773027076
копеек,NOUN,0.41752880444504586,5,0.06643149239271073,21,0.35109731205233513
копейки,NOUN,0.32811756578896145,13,0.26644184600369913,21,0.06167571978526232
корень,NOUN,0.6047073217438427,5,0.15218915207591815,10,0.4525181696679245
короткой,ADJF,0.830608769328656,3,0.24459079973256417,11,0.5860179695960919
короче,CONJ,0.2092370313935056,7,0.006110227939848656,7,0.20312680345365694
костей,NOUN,0.9827605664335453,6,0.1491225381592489,8,0.8336380282742963
кот,NOUN,0.9920981978581703,3,0.19511709482096862,20,0.7969811030372017
которую,ADJF,0.9333670077976781,1,0.7635579130221954,7,0.16980909477548267
которые,ADJF,0.9637702644609566,4,0.4784023926880064,3,0.4853678717729502
который,ADJF,0.8911804934863651,1,0.6818240164550502,11,0.20935647703131488
которым,ADJF,0.9600660694226101,1,0.7597976568183604,5,0.20026841260424966
краем,NOUN,0.9993810773747054,3,0.6771616466629051,8,0.32221943071180026
край,NOUN,0.9173741334595988,13,0.6579576270210921,8,0.2594165064385068
крайней,ADJF,0.8948874310419537,5,0.013713417438025,1,0.8811740136039287
крайнем,ADJF,0.6777626298856838,5,0.13195631307448502,5,0.5458063168111988
крайности,NOUN,0.32065781714876734,3,0.08076250455627726,11,0.23989531259249008
красивые,ADJF,0.8868126187050894,3,0.18005841522735563,22,0.7067542034777338
красного,ADJF,0.9096540851167316,2,0.5730999728981859,7,0.3365541122185457
красоты,NOUN,0.02689600232813334,3,0.35881725445975565,13,-0.3319212521316223
крат,NOUN,0.5202149586966966,3,0.5558966429650511,13,-0.0356816842683545
краю,NOUN,0.49195500695698247,10,0.390804744320277,10,0.10115026263670546
края,NOUN,0.9794357918287858,8,0.4450523532612087,11,0.5343834385675772
краях,NOUN,0.5262850169233088,3,0.06597695401991067,3,0.4603080629033981
крест,NOUN,0.569325292739508,3,0.4131119458550748,15,0.15621334688443322
крови,NOUN,0.5796247679308377,3,0.38586829236355674,12,0.19375647556728098
кровь,NOUN,0.6877428804073558,10,0.4176292771228857,14,0.27011360328447004
кровью,NOUN,0.8648319967335284,3,0.3822104817906742,12,0.4826215149428542
кроме,PREP,0.7553634285963652,24,0.1473367019243082,5,0.6080267266720569
крошки,NOUN,0.1944270296335959,8,0.30756361932397047,14,-0.11313658969037457
круг,NOUN,0.008479606923449333,3,0.44864012425905664,17,-0.4401605173356073
круга,NOUN,0.02734085681798799,4,0.21482295593596532,11,-0.18748209911797734
круге,NOUN,0.138138528560938,1,0.1930899604736159,10,-0.0549514319126779
круглый,ADJF,0.7764754243122041,3,0.04135361447364612,9,0.7351218098385579
круглым,ADJF,0.00547678675373836,3,0.17038077324541584,4,-0.16490398649167748
кругу,NOUN,0.3939611023469102,7,0.4087780214313487,7,-0.014816919084438551
кружок,NOUN,0.1287809315234357,3,0.12023923501203009,19,0.008541696511405614
крути,VERB,0.4896210706667421,3,0.3492249405814912,13,0.14039613008525087
крылом,NOUN,0.16900902110045102,3,0.21590566879922557,11,-0.04689664769877455
крыльях,NOUN,0.2883313790843587,3,0.4206043182021393,10,-0.1322729391177806
крышей,NOUN,0.9929091980049648,3,0.35697130607687716,12,0.6359378919280876
крыши,NOUN,0.9664140408128006,6,0.23977301940406887,16,0.7266410214087318
крышка,NOUN,0.056440032926767005,1,0.20922007896306716,14,-0.15278004603630016
кстати,CONJ,0.5406278954413338,8,0.1436204843882644,19,0.3970074110530694
кто,NPRO,0.7903814460078854,71,0.722553584134758,21,0.06782786187312739
куда,CONJ,0.7248302624253926,71,0.39994408657721353,21,0.3248861758481791
курс,NOUN,0.99589754395112,5,0.42373595088994154,10,0.5721615930611784
курсе,NOUN,0.8951162267226376,10,0.5347722694845853,20,0.36034395723805224
куча,NOUN,0.183363810278658,2,0.2917844262348869,18,-0.10842061595622887
кучи,NOUN,0.5200393326414103,5,0.0034384154156883334,9,0.516600917225722
кучу,NOUN,0.37531735081465434,3,0.25553000363484524,16,0.1197873471798091
лад,NOUN,0.016351906075517664,3,0.4500272009152087,9,-0.43367529483969103
ладно,ADJS,0.3294797077446775,15,0.1882932535379871,36,0.1411864542066904
ладони,NOUN,0.969997316006389,5,0.11088624414540554,22,0.8591110718609836
лампочки,NOUN,0.7340081156967809,5,0.04650113296652308,15,0.6875069827302579
левой,ADJF,0.24880712958655216,6,0.32297583024333976,15,-0.0741687006567876
левую,ADJF,0.6074030154650675,3,0.3324936037117004,12,0.2749094117533671
легенде,NOUN,0.5167582175093726,2,0.41892966352351696,3,0.0978285539858556
легион,NOUN,0.0409539154362745,2,0.32858203744152503,10,-0.2876281220052505
легкий,ADJF,0.024513135514608,1,0.10463129509968885,15,-0.08011815958508085
легко,ADVB,0.7129328245512923,5,0.1575103245883112,15,0.5554224999629811
легкого,ADJF,0.5016898127041995,2,0.18722772469404844,12,0.3144620880101511
легкой,ADJF,0.30893800048610703,1,0.4976746930941272,9,-0.18873669260802017
легком,ADJF,0.37919109246999505,1,0.011563287182894668,3,0.3676278052871004
легче,COMP,0.7665982866099119,5,0.20476423774771102,24,0.5618340488622009
лежал,VERB,0.043190975794974,1,0.19355725218883602,23,-0.15036627639386202
лежала,VERB,0.6468607851635003,3,0.26406962220659197,21,0.38279116295690835
лежали,VERB,0.13443896809184852,4,0.11754682836092288,27,0.01689213973092564
лежало,VERB,0.007228483700166001,2,0.10346782619063621,24,-0.09623934249047021
лежат,VERB,0.41784994451625923,5,0.1860978843693932,18,0.23175206014686603
лежит,VERB,0.7418066011738507,3,0.4486087653843926,16,0.29319783578945807
лез,VERB,0.001204099842036,1,0.03886305875565134,9,-0.03765895891361534
лезет,VERB,0.9969164145691791,1,0.3743008254540895,19,0.6226155891150896
лень,NOUN,0.05508676779439001,4,0.28879244303648804,17,-0.23370567524209804
лес,NOUN,0.4314297128405136,3,0.21983259697846308,17,0.21159711586205054
леса,NOUN,0.464389485890188,1,0.17879688109295153,12,0.28559260479723647
лесом,NOUN,0.098049105992631,1,0.1194487816478242,11,-0.021399675655193198
лет,NOUN,0.8568979809771999,36,0.8193527259774441,16,0.037545254999755806
летела,VERB,0.05393431678940701,2,0.03172001536130831,21,0.0222143014280987
лететь,INFN,0.55179766136557,1,0.06580865738123967,21,0.4859890039843303
летом,NOUN,0.9041256236665127,3,0.18273676984790482,10,0.721388853818608
лету,NOUN,0.22360012773367263,10,0.12160773256039513,8,0.1019923951732775
ли,CONJ,0.9197928965176939,139,0.6668571439434676,21,0.2529357525742263
ливень,NOUN,0.028991361224759604,5,0.0584208736832105,8,-0.029429512458450897
линии,NOUN,0.7428939823200688,4,0.11131389960767868,6,0.6315800827123901
линию,NOUN,0.9962477266475603,3,0.08950933383624964,8,0.9067383928113107
лица,NOUN,0.7573219383249037,8,0.5189625608073487,11,0.23835937751755498
лицах,NOUN,0.276222034401806,3,0.5177631000636642,18,-0.24154106566185823
лице,NOUN,0.8893474997668548,8,0.5952419016018023,16,0.29410559816505244
лицо,NOUN,0.6703039993409946,16,0.37411881870657115,17,0.29618518063442345
лицом,NOUN,0.8440910683319165,9,0.36488503433109826,8,0.47920603400081824
лицу,NOUN,0.9934362695682772,8,0.42968750235138464,17,0.5637487672168926
лично,ADVB,0.014042507088009502,2,0.0880537341409963,13,-0.07401122705298681
личном,ADJF,0.5565850438900045,4,0.3156675145937958,11,0.24091752929620874
лишен,PRTS,0.6707222996339536,2,0.3136291003758719,10,0.3570931992580817
лишнего,ADJF,0.5792361002867176,2,0.1969650098956309,20,0.38227109039108664
лишнее,ADJF,0.000130511045331,1,0.15290643069403315,17,-0.15277591964870216
лишние,ADJF,0.00017720190185200002,1,0.08872473495606414,24,-0.08854753305421215
лишний,ADJF,0.000438248199116,1,0.0867663404537646,14,-0.0863280922546486
лишним,ADJF,0.6743197973863986,10,0.01653996933492486,7,0.6577798280514737
лишних,ADJF,0.8476387429651622,6,0.10402069708356361,10,0.7436180458815985
лишь,PRCL,0.6337539040452184,30,0.14696749102181222,10,0.48678641302340614
лоб,NOUN,0.7156791193926206,16,0.18883919173722466,18,0.526839927655396
локоть,NOUN,0.928416800129168,3,0.20581896758499363,13,0.7225978325441744
лом,NOUN,0.3004819100502022,5,0.0228882099023726,23,0.2775937001478296
луны,NOUN,0.40176411865805106,5,0.17546323685871565,11,0.2263008817993354
лучше,COMP,0.4542439038681578,46,0.4254606008470317,20,0.028783303021126083
лучшего,ADJF,0.9986873512500795,3,0.1110213869956696,9,0.8876659642544098
лучшем,ADJF,0.707894187627244,8,0.45263283510378666,5,0.25526135252345733
лучшему,ADJF,0.997193427392595,3,0.8205667282501284,19,0.17662669914246654
лучших,ADJF,0.98091455539529,3,0.3134458549688771,9,0.6674687004264129
любезны,ADJS,0.2982019113784902,5,0.2566828835741022,24,0.04151902780438804
любое,ADJF,0.851602007483183,3,0.47161256879645946,7,0.3799894386867236
любой,ADJF,0.9072919024702872,18,0.2254267966805263,10,0.6818651057897609
любому,ADJF,0.23667671870062434,3,0.24515515004303207,14,-0.008478431342407722
людей,NOUN,0.33609816000233356,7,0.22774414814858077,12,0.10835401185375279
люди,NOUN,0.008576447847800333,3,0.270883060723125,13,-0.2623066128753247
людях,NOUN,0.16743398867881967,6,0.2603604442954788,15,-0.0929264556166591
макар,NOUN,0.9988904382395513,5,0.021448241988361594,6,0.9774421962511897
максимум,PRCL,0.040985316103023,2,0.0915903905752513,11,-0.0506050744722283
мала,ADJS,6.460994962984223e-06,3,0.2621892140405924,16,-0.26218275304562944
малая,ADJF,0.9739905615043881,4,0.3156596011466797,8,0.6583309603577084
маленькая,ADJF,0.7851306679918676,4,0.24719586890932335,15,0.5379347990825443
маленький,ADJF,0.3914020818587576,4,0.16206884170715627,13,0.2293332401516013
мало,NUMR,0.4792970368934788,29,0.39120446403769527,16,0.08809257285578354
малого,NOUN,0.9619454419518914,5,0.3740827578484464,9,0.5878626841034449
малой,ADJF,0.7575294601224073,3,0.14280129085976534,6,0.614728169262642
марки,NOUN,0.005661322880555,2,0.2895928241275158,11,-0.2839315012469608
масса,NOUN,0.0862216239193758,5,0.21412780202922524,13,-0.12790617810984944
массе,NOUN,0.8456124087063093,8,0.32549780649163546,10,0.5201146022146739
массой,NOUN,0.638444509568845,1,0.125615484803214,5,0.5128290247656311
матери,NOUN,0.944701999772078,1,0.14921976564095435,12,0.7954822341311236
мать,NOUN,0.8951934896394667,2,0.24828495571655226,15,0.6469085339229144
махом,NOUN,0.48145855656558173,3,0.0009583314306910192,13,0.4805002251348907
мгновение,NOUN,0.698612719356636,8,0.14896811255199455,16,0.5496446068046414
мгновенно,ADVB,0.0024561820480055794,5,0.027420226771511576,15,-0.024964044723505996
мед,NOUN,4.2268382319637824e-05,1,0.11413773600076588,19,-0.11409546761844624
медом,NOUN,0.946643600122143,3,0.048202982360076675,6,0.8984406177620663
между,PREP,0.7906473974761992,8,0.896249448091706,4,-0.10560205061550687
мелочи,NOUN,0.5492253295039864,3,0.09369974725718276,18,0.4555255822468036
мельком,ADVB,0.0162395983366306,5,0.09540754978772693,12,-0.07916795145109634
менее,ADVB,0.9887900351460032,11,0.8365233664799927,3,0.15226666866601046
меньше,COMP,0.5364103436958162,7,0.28751609503914344,14,0.24889424865667276
меньшей,ADJF,0.33801623310021234,6,0.32104454106255054,4,0.0169716920376618
меня,NPRO,0.8059818311932186,12,0.34355032631590277,25,0.4624315048773159
мере,NOUN,0.9134874973428082,41,0.2209317698496327,3,0.6925557274931755
меру,NOUN,0.1599826196209168,5,0.3211821513612397,16,-0.16119953174032287
меры,NOUN,0.5620409004507113,8,0.43107894917152567,8,0.13096195127918564
места,NOUN,0.9943771666223842,16,0.4490006174367943,13,0.5453765491855899
месте,NOUN,0.9820122975086946,24,0.7240305360069381,7,0.25798176150175645
место,NOUN,0.7638305216052255,8,0.6316260260713922,10,0.1322044955338333
месту,NOUN,0.996978682291721,2,0.6026842710293416,5,0.3942944112623794
мечтать,INFN,0.9021120251715551,1,0.3194449177290436,14,0.5826671074425115
мешает,VERB,0.6294080956018481,6,0.2556632867647772,25,0.3737448088370709
мешало,VERB,0.3821662428970648,4,0.14859390332312988,23,0.23357233957393492
мешка,NOUN,0.32910033101131403,1,0.29366753633265613,11,0.0354327946786579
мешком,NOUN,0.658879959389371,1,0.183831275055983,14,0.47504868433338804
мешок,NOUN,0.1923678431480785,2,0.08235041644544719,10,0.11001742670263132
миг,NOUN,0.14585532484910435,9,0.08915125820840705,16,0.0567040666406973
мил,NOUN,0.7618089479167461,3,0.2654006735438389,20,0.49640827437290724
миллион,NOUN,0.06345711802967001,5,0.0872044131359638,16,-0.023747295106293795
милости,NOUN,0.3560187953286779,9,0.12348800509749283,10,0.23253079023118509
милость,NOUN,0.6167753878353522,10,0.27579659451228133,9,0.3409787933230709
мимо,PREP,0.9714323559791129,5,0.6840874023315305,17,0.2873449536475824
минимум,NOUN,0.4142134168698993,7,0.14558773051731605,7,0.26862568635258327
минус,CONJ,0.1149303164283817,8,0.3710861549528501,18,-0.2561558385244684
минут,NOUN,0.986459256768189,12,0.5517115452541709,18,0.43474771151401814
минуте,NOUN,0.628366223711463,1,0.4614195053003888,10,0.16694671841107422
минутку,NOUN,0.4561645684962947,3,0.05721384446107999,29,0.3989507240352147
минуту,NOUN,0.4633263345769651,11,0.3440609760636153,17,0.1192653585133498
минуты,NOUN,0.9796511403938085,3,0.3543306133057025,16,0.625320527088106
мира,NOUN,0.998087465048862,3,0.4041501899749411,9,0.5939372750739209
мире,NOUN,0.550763264247625,1,0.5652015233866783,11,-0.014438259139053278
миром,NOUN,0.44951609061298586,5,0.37721485156395584,9,0.07230123904903002
мне,NPRO,0.8975207375673995,30,0.5772666272307443,17,0.3202541103366552
мнению,NOUN,0.7502047339742214,3,0.608567602897863,3,0.14163713107635834
мнения,NOUN,0.9996613219271171,1,0.5341893322490803,8,0.4654719896780368
многих,ADJF,0.0144718069234178,5,0.04681832111402421,5,-0.03234651419060641
много,ADVB,0.5869703678464735,16,0.5188512505812928,21,0.06811911726518072
многом,NPRO,0.8943019547223645,5,0.3530630094082956,12,0.5412389453140689
множество,NOUN,0.9620107181228852,5,0.09662289919228581,10,0.8653878189305994
мог,VERB,0.7425353531186312,25,0.43595107838373287,13,0.3065842747348983
могилы,NOUN,0.101999382963772,1,0.04137732491452548,11,0.06062205804924652
могла,VERB,0.11318930072940635,3,0.477478872450791,9,-0.36428957172138465
могли,VERB,0.907307243261621,1,0.40444831825334104,9,0.50285892500828
могло,VERB,0.3441040004356175,4,0.5767673766264549,13,-0.23266337619083743
могу,VERB,0.3949466037823735,12,0.48035873425148523,14,-0.08541213046911172
могут,VERB,0.910021276823593,1,0.6771587146269649,8,0.23286256219662815
моде,NOUN,0.45121843341181705,2,0.29364676161779785,15,0.1575716717940192
моду,NOUN,0.35009862537154274,3,0.23779792981498374,16,0.112300695556559
мое,ADJF,0.4465059257106891,3,0.28723662375848424,24,0.15926930195220484
можем,VERB,0.794132555404359,1,0.43753715116486774,14,0.35659540423949126
может,VERB,0.8615497246268208,39,0.24624151693582383,15,0.6153082076909969
можешь,VERB,0.994900968245737,1,0.35005972531164575,25,0.6448412429340913
можно,PRED,0.6698886596839455,52,0.5944041724101009,18,0.0754844872738446
мозга,NOUN,0.9982583527531341,3,0.5150835706646602,10,0.483174782088474
мои,ADJF,0.9150217711232755,5,0.37548213312682366,18,0.5395396379964519
мой,ADJF,0.9506930979360343,3,0.34856292453666715,20,0.6021301733993671
молодости,NOUN,0.9871232588337621,1,0.07545041290525291,13,0.9116728459285092
момент,NOUN,0.8391399669253156,20,0.42485425729976,13,0.41428570962555555
море,NOUN,0.10737254480722526,4,0.24853674706205534,10,-0.14116420225483006
морем,NOUN,0.13841184194479042,5,0.19575761163696515,12,-0.057345769692174725
моря,NOUN,0.9570574584793136,2,0.20528606098085517,13,0.7517713974984583
моя,ADJF,0.9697612731323426,5,0.33864583535363457,17,0.631115437778708
мы,NPRO,0.9408433945910859,4,0.4111792078998034,17,0.5296641866912826
мысли,NOUN,0.9855238908477953,3,0.20492318968059614,15,0.7806007011671992
мысль,NOUN,0.05590047729899381,5,0.30703263652070945,15,-0.2511321592217156
мыслях,NOUN,0.9845592455408249,4,0.019859366097016003,8,0.9646998794438089
мягко,ADVB,0.6836202922104352,5,0.11367120022526349,15,0.5699490919851717
на,PREP,0.9401780032350155,1397,0.8551371237508006,16,0.0850408794842149
навеки,ADVB,0.170437940597397,4,0.028739690201663698,12,0.1416982503957333
наверное,CONJ,0.24042541812005322,5,0.12249662511735523,27,0.11792879300269798
наверняка,ADVB,0.0733046926941007,10,0.07974871750831519,11,-0.006444024814214494
навсегда,ADVB,0.9995306776559166,5,0.2216257302833781,16,0.7779049473725386
навстречу,ADVB,0.4015816246474964,5,0.5349741392642593,18,-0.13339251461676288
награду,NOUN,0.3503299129261918,5,0.25974480405049505,14,0.09058510887569676
над,PREP,0.9815845087786496,6,0.7770418973113482,11,0.20454261146730135
надежде,NOUN,0.9383620622408767,8,0.5130469721564523,6,0.42531509008442436
надеяться,INFN,0.40870910981291236,3,0.48835515883465114,18,-0.07964604902173877
надлежало,VERB,0.08779533716538801,1,0.0015997055183498772,13,0.08619563164703813
надлежит,VERB,0.014247083834086731,4,0.0026518993025660127,11,0.011595184531520718
надо,PRED,0.6296885713095732,52,0.32173398584864005,31,0.3079545854609332
надобности,NOUN,0.27757946330223565,6,0.14871831106877165,8,0.128861152233464
надоело,VERB,0.42524262107496985,5,0.24840849147840913,25,0.17683412959656072
назад,ADVB,0.695751268903365,15,0.9395293738178131,8,-0.24377810491444807
назвали,VERB,0.7601337487630975,3,0.23285425775781973,15,0.5272794910052777
названием,NOUN,0.9961490351702323,3,0.8286260488203891,7,0.1675229863498432
назвать,INFN,0.90366847058993,1,0.5942162677221192,15,0.30945220286781083
назло,ADVB,0.0598308139658833,8,0.1653762548410795,12,-0.10554544087519621
называемый,PRTF,0.9722244159348058,3,0.10049684608948638,3,0.8717275698453194
называется,VERB,0.2917144047626623,10,0.2910105121860099,24,0.0007038925766524318
называют,VERB,0.730282928616933,1,0.36132681894210633,10,0.36895610967482667
наиболее,ADVB,0.03725609892519257,7,0.29179802230720137,6,-0.2545419233820088
наизнанку,ADVB,0.5933986098699494,5,0.6714310684096844,9,-0.07803245853973495
найдешь,VERB,0.48478056869474306,1,0.16474549703132838,24,0.3200350716634147
наказание,NOUN,0.5399596663141463,4,0.33031508045745356,16,0.2096445858566927
наконец,ADVB,0.3854094003532997,8,0.06197250441148493,19,0.32343689594181474
налево,ADVB,0.9997785581818511,1,0.4349908981715277,16,0.5647876600103234
наличии,NOUN,0.23446691252562601,4,0.692742831274171,5,-0.458275918748545
намерения,NOUN,0.259147915631386,3,0.10626879483016452,7,0.15287912080122149
намного,ADVB,0.17998301623761268,6,0.1601946801000743,15,0.019788336137538387
наподобие,PREP,0.05828050602292775,4,0.03957814089428803,8,0.018702365128639722
напоминает,VERB,0.575065551132912,2,0.35798015003710826,18,0.21708540109580376
направо,ADVB,0.9943618980016711,1,0.6112231489649577,12,0.3831387490367134
напрасно,ADVB,0.04990304115492633,3,0.0647248744257644,16,-0.014821833270838067
например,CONJ,0.7701141707088848,4,0.12691739587876943,7,0.6431967748301153
нарочно,ADVB,0.004882345418536001,5,0.028697838762779163,24,-0.023815493344243162
нарушение,NOUN,0.5705934401925135,5,0.559009107400438,13,0.011584332792075491
нас,NPRO,0.9627551271715553,4,0.3395921813225534,14,0.6231629458490019
насколько,ADVB,0.6805881840660155,12,0.4576074784580122,9,0.22298070560800332
настолько,ADVB,0.6546238463142009,5,0.6121336215953528,4,0.04249022471884811
настоящий,ADJF,0.020749154449397,2,0.16863542260707415,8,-0.14788626815767714
насчет,PREP,0.3662866092750628,23,0.2037826890612355,22,0.16250392021382729
натуре,NOUN,0.10037472598660502,3,0.22502721240486537,12,-0.12465248641826035
находилась,VERB,0.22669822633993605,3,0.0444877777948497,11,0.18221044854508636
находились,VERB,0.074793253516032,1,0.15801632188683862,10,-0.08322306837080662
находится,VERB,0.40420920766406404,1,0.1788460332116447,9,0.22536317445241935
начала,NOUN,0.5767623410318191,3,0.4618537235351734,8,0.11490861749664572
начали,VERB,0.40003062452860305,2,0.3336948194572062,16,0.06633580507139686
начинал,VERB,0.05441328819489975,4,0.17231518775365495,13,-0.1179018995587552
начинала,VERB,0.00012634216660500002,1,0.24062327297291228,15,-0.24049693080630727
начнет,VERB,0.11724526983336402,1,0.18810844806037214,9,-0.07086317822700812
начнут,VERB,0.6133370242932691,1,0.31111559530482646,16,0.3022214289884426
наше,ADJF,0.4755648804677838,5,0.383295490427027,13,0.0922693900407568
нашел,VERB,0.19424870263128702,4,0.2976560947609984,10,-0.1034073921297114
наши,ADJF,0.826207512189541,5,0.3336474059119203,9,0.4925601062776207
нашло,VERB,0.9820438049114684,5,0.45193583428766915,12,0.5301079706237992
не,PRCL,0.9157142360835236,1849,0.8597571311092135,11,0.05595710497431017
небо,NOUN,0.9403038661406363,3,0.4895626330475026,15,0.45074123309313374
небольшим,ADJF,0.218793120657504,3,0.14075766705341558,5,0.07803545360408842
небом,NOUN,0.9947729639441354,3,0.44027738313712744,6,0.554495580807008
небось,PRCL,0.05425751993406625,4,0.011331843879927606,19,0.04292567605413865
неведении,NOUN,0.9432884832142258,3,0.28890452741502753,8,0.6543839557991982
невесть,PRCL,0.021457859254124502,4,0.19499949675621628,15,-0.17354163750209178
невзирая,PREP,0.029295947307598505,4,0.007896699867102,3,0.021399247440496504
негде,PRED,0.7167056023058141,10,0.34685297701511314,23,0.369852625290701
недавно,ADVB,0.0722940347982814,5,0.31747711027625464,8,-0.24518307547797324
неделя,NOUN,0.8402291791584584,5,0.3066032413623837,20,0.5336259377960747
недостаточно,ADVB,0.0459761273102642,5,0.3623310779263495,19,-0.3163549506160853
нежели,CONJ,0.016513299506883336,3,0.11773808801233202,9,-0.10122478850544868
независимо,ADVB,0.9660257596688702,6,0.017549500242962854,6,0.9484762594259073
незаметно,ADVB,0.08075957354953445,4,0.18420338686456234,17,-0.10344381331502789
незачем,PRED,0.04355185706367361,5,0.1522572794806462,17,-0.1087054224169726
некогда,ADVB,0.21489728867180405,5,0.24055934557109696,7,-0.025662056899292907
некого,ADJF,0.45652407721645566,5,0.30341563738312094,21,0.15310843983333472
некому,NPRO,0.35561884880485445,5,0.31449540489689676,20,0.04112344390795769
некотором,ADJF,0.20692965260323853,4,0.40334791850537255,18,-0.19641826590213401
некоторых,ADJF,0.004545972001683334,3,0.3234758451353019,9,-0.3189298731336186
некуда,PRED,0.8223902874320642,23,0.6760123493351768,21,0.14637793809688737
неладное,ADJF,0.4977983528572235,2,0.5161622911534541,14,-0.01836393829623062
нельзя,PRED,0.5185338572889256,35,0.42858889206906037,25,0.08994496521986528
немного,ADVB,0.31097719836365484,7,0.20603135077652598,20,0.10494584758712885
немножко,ADVB,0.004279769830145334,3,0.01870762910222463,19,-0.014427859272079298
ненадолго,ADVB,0.006985563205128667,3,0.15582305541763167,18,-0.148837492212503
необходима,ADJS,0.9181342539491201,1,0.15533660125628915,20,0.762797652692831
необходимо,PRED,0.0342473920015396,5,0.21432126363179915,9,-0.18007387163025956
необходимости,NOUN,0.5268795477069358,3,0.37448337606964555,4,0.15239617163729025
необыкновенно,ADVB,0.0010005458914706467,2,0.002533981138261751,12,-0.0015334352467911041
неожиданно,ADVB,0.000694377834076,1,0.1399207385163495,18,-0.1392263606822735
неподалеку,ADVB,0.19701904970306103,1,0.054124618235115766,12,0.14289443146794525
нерешительности,NOUN,0.2092540493094182,5,0.0004976663559724936,2,0.20875638295344573
несет,VERB,0.38948871513328004,1,0.4823880345983293,11,-0.09289931946504926
несло,VERB,0.018752413317379337,3,0.09536740234164187,23,-0.07661498902426253
несмотря,PREP,0.9707264126051525,9,0.7918753883842193,5,0.17885102422093313
нести,INFN,0.537752662450334,1,0.18873392614259132,10,0.3490187363077427
несут,VERB,0.6032276637708374,4,0.2808675090736715,12,0.3223601546971659
несчастью,NOUN,0.0074150376284206,5,0.20500747029311917,4,-0.19759243266469856
нет,PRED,0.7253940856279256,122,0.5917624045192538,29,0.13363168110867185
нету,PRED,0.012688451302269001,1,0.043524431492449944,29,-0.030835980190180943
неужели,PRCL,0.01648994138001167,3,0.14229493194743997,33,-0.1258049905674283
неужто,INTJ,0.004442393015013001,1,0.12521237202458302,1,-0.12076997900957001
нечего,NPRO,0.6602566527982435,30,0.5814788175458243,21,0.07877783525241921
ни,PRCL,0.8450397323819364,420,0.7341384347971969,4,0.11090129758473954
нигде,ADVB,0.35334483935797045,5,0.1437404721661332,12,0.20960436719183725
ниже,PREP,0.8381151245238038,7,0.31647867001669355,9,0.5216364545071102
никак,ADVB,0.39041130083993514,25,0.0949472738038499,5,0.2954640270360852
никакая,ADJF,0.8066431341640041,2,0.03551309731204602,5,0.7711300368519581
никаким,ADJF,0.8566389601735,3,0.1792004056415887,9,0.6774385545319114
никаких,ADJF,0.7306855493682515,6,0.7155683331833218,14,0.015117216184929672
никакого,ADJF,0.171109930970625,3,0.6949763856451463,19,-0.5238664546745213
никакой,ADJF,0.3328800256448152,6,0.4872927970632775,20,-0.15441277141846227
никогда,ADVB,0.5118913951061733,11,0.9974983488126321,1,-0.4856069537064588
никто,NPRO,0.8159857602123483,7,0.7349489468482749,14,0.08103681336407331
никуда,ADVB,0.605009369949649,2,0.4913668320778192,15,0.11364253787182982
ним,NPRO,0.896522051930099,1,0.299240530325159,13,0.5972815216049401
нисколько,ADVB,0.0198472439515311,10,9.3381183794881e-05,5,0.01975386276773622
ничего,ADVB,0.5770127669787098,82,0.5033506936061694,8,0.07366207337254049
ничем,NPRO,0.055298164853531805,5,0.450030504885266,2,-0.39473234003173424
ничто,NPRO,0.010314983677713,1,0.14586237473777186,8,-0.13554739106005886
но,CONJ,0.7135682244840968,103,0.21272884258789945,22,0.5008393818961974
новой,ADJF,0.048374812513597674,3,0.16773807753873451,8,-0.11936326502513683
новом,ADJF,0.8725554016413211,1,0.30572446966931655,14,0.5668309319720045
новость,NOUN,0.721695419129138,1,0.14825622450804837,22,0.5734391946210897
новостью,NOUN,0.16832487319453102,1,0.13870381524570083,16,0.029621057948830187
ног,NOUN,0.8374452022223102,21,0.5551201900112218,11,0.2823250122110884
нога,NOUN,0.9993601227577461,3,0.18492106217577928,15,0.8144390605819668
ногам,NOUN,0.9734926857907904,5,0.2035625942740967,12,0.7699300915166937
ногами,NOUN,0.8482166637410206,10,0.2942328849855823,10,0.5539837787554382
ноге,NOUN,0.990088154409919,3,0.44548727671349153,10,0.5446008776964275
ноги,NOUN,0.6922082416668967,12,0.37718682434670414,15,0.3150214173201925
ногой,NOUN,0.5299172085993605,7,0.07139393240571976,16,0.45852327619364075
ногтей,NOUN,0.417138302842557,5,0.6821915280603726,7,-0.26505322521781566
ногу,NOUN,0.9091350432232576,10,0.20030613996865423,20,0.7088289032546033
ноль,NOUN,0.3630980397653345,2,0.24257261363198993,25,0.12052542613334458
норме,NOUN,0.3155245238344164,10,0.11204999324455718,6,0.20347453058985926
нос,NOUN,0.6694627175742079,16,0.43698994600471885,16,0.2324727715694891
носа,NOUN,0.497359268596747,6,0.3560743966290505,14,0.1412848719676965
носил,VERB,0.12744440551744002,1,0.20015393369339343,10,-0.07270952817595341
носила,VERB,0.046102720576784,1,0.22838299629951686,18,-0.18228027572273287
носит,VERB,0.506220877620583,4,0.4260333442677073,14,0.0801875333528757
носом,NOUN,0.712340621962983,12,0.41642246278720174,17,0.29591815917578124
носу,NOUN,0.793531553909659,9,0.39139322994636344,19,0.4021383239632956
носят,VERB,0.7027710667876901,2,0.39332826374340524,14,0.30944280304428484
ночевать,INFN,0.964473657789594,1,0.07828478125376007,25,0.886188876535834
ночи,NOUN,0.6093834015138941,5,0.5722245356158021,13,0.03715886589809203
ночь,NOUN,0.6750193734417119,13,0.3306895777644724,19,0.34432979567723954
ну,PRCL,0.6241830791548983,95,0.1858879359908243,35,0.43829514316407403
нужен,ADJS,0.6956477544185293,7,0.42250765974728327,20,0.27314009467124606
нужна,ADJS,0.031419376628892,1,0.40079596372402476,20,-0.36937658709513277
нужно,PRED,0.33217990082974436,15,0.2034185608274442,17,0.12876134000230016
нужны,ADJS,0.863196023087009,1,0.5047267096882846,19,0.35846931339872445
нуля,NOUN,0.6868796878826631,5,0.24712862540271174,15,0.4397510624799513
о,PREP,0.9243593528473568,110,0.4996095813310742,6,0.4247497715162826
об,PREP,0.9942472743290434,10,0.8747050132386494,17,0.11954226109039401
оба,NUMR,0.9094983233772691,3,0.158107569678247,20,0.7513907536990221
обе,NUMR,0.9906059136096174,3,0.18064002821605715,15,0.8099658853935602
обед,NOUN,0.973115951988862,3,0.10792790927463118,18,0.8651880427142309
обеими,NUMR,0.117502303610651,1,0.47227801727438035,9,-0.35477571366372934
обернулась,VERB,0.19933051783092104,3,0.05374366853135427,26,0.14558684929956678
обернулся,VERB,0.029478633245937004,1,0.03739123697674381,24,-0.007912603730806808
обидел,VERB,0.8989165196502621,2,0.16360124675651186,22,0.7353152728937502
обидно,ADVB,0.41115250254305896,3,0.11179925176388834,21,0.29935325077917063
области,NOUN,0.786445670649715,2,0.6505165988314411,4,0.13592907181827396
обойдется,VERB,0.996442502070028,1,0.15224465943953233,24,0.8441978426304957
обойтись,INFN,0.9909700442472311,1,0.3965837775401435,24,0.5943862667070876
обошла,VERB,0.9273748309588911,1,0.29778333398839435,12,0.6295914969704968
образе,NOUN,0.11373532496735121,5,0.627936949028243,3,-0.5142016240608919
образом,NOUN,0.8918040341319299,25,0.8577489508521264,12,0.034055083279803444
образу,NOUN,0.9986833770741814,3,0.27995250833431334,6,0.7187308687398681
образцу,NOUN,0.36113441076646347,5,0.026824410580906004,2,0.33431000018555745
обратно,ADVB,0.9799437994315621,1,0.23474380956874952,10,0.7451999898628126
обращает,VERB,0.9079599497766291,2,0.6246297972283179,9,0.2833301525483112
обращал,VERB,0.21000396006476302,1,0.3666451759913288,12,-0.15664121592656577
обрез,NOUN,0.6258422739149899,6,0.0009349941267654434,13,0.6249072797882245
обстановке,NOUN,0.2605875929053198,5,0.06586324978492102,3,0.19472434312039877
обход,NOUN,0.086056964325757,3,0.10011051035017707,10,-0.014053546024420063
общей,ADJF,0.39655909169104825,4,0.36810564020565295,9,0.028453451485395298
общими,ADJF,0.6497683271715253,3,0.2974685962526039,7,0.3522997309189214
общих,ADJF,0.5257920373432448,3,0.42606918221373247,10,0.09972285512951229
объемом,NOUN,0.14654541219815775,4,0.24920752471161203,6,-0.10266211251345428
обыкновению,NOUN,0.4954720441696012,6,0.15811833722622953,2,0.3373537069433717
обычаю,NOUN,0.13894290987648836,3,0.001561459432716,1,0.13738145044377237
обычно,ADVB,0.07185882155706501,3,0.048290965590759474,17,0.023567855966305534
обычным,ADJF,0.17671601841913767,3,0.1830368978965432,16,-0.006320879477405533
огне,NOUN,0.008771435977388022,3,0.34766396996237503,9,-0.33889253398498703
огнем,NOUN,0.4827919543399382,7,0.20231805215097795,14,0.2804739021889603
огня,NOUN,0.7920942077494924,3,0.21738371782494717,12,0.5747104899245452
огонь,NOUN,0.011100376377554174,5,0.09731577961562526,11,-0.08621540323807109
один,ADJF,0.7729250603213902,74,0.5341523837797169,20,0.23877267654167333
одинаково,ADVB,0.2621283442562314,5,0.27041131302050414,11,-0.008282968764272758
одна,ADJF,0.6572750694683485,17,0.5527239967219135,19,0.10455107274643494
однажды,ADVB,0.2539091384536357,10,0.1905844592761605,11,0.06332467917747522
одни,ADJF,0.5978110895679624,10,0.6070158261163335,8,-0.009204736548371173
одним,ADJF,0.8671539009131328,25,0.6426042835683132,11,0.2245496173448196
одних,ADJF,0.42051592599840004,1,0.4274170747360464,8,-0.0069011487376463565
одно,ADJF,0.7762915528917156,42,0.5581872336041402,15,0.21810431928757534
одновременно,ADVB,0.5376965413527051,1,0.09157975140985318,6,0.44611678994285187
одного,ADJF,0.749321906379929,8,0.4057225311110081,5,0.3435993752689209
одной,ADJF,0.8233379450354654,16,0.4958721398011835,13,0.3274658052342819
одном,ADJF,0.9149974774706466,10,0.657283210368139,13,0.25771426710250767
одному,ADJF,0.5493150883091199,9,0.5452331356457046,13,0.004081952663415267
одну,ADJF,0.45247381308923285,5,0.6945702340021599,13,-0.24209642091292705
ожидал,VERB,0.680157766371958,2,0.2444261891297598,24,0.43573157724219824
ожидали,VERB,0.6198004901005151,1,0.09462137868035259,21,0.5251791114201625
ожидания,NOUN,0.7492738329274292,5,0.3309299657286644,11,0.4183438671987648
ой,INTJ,0.072556014863058,1,0.24467400046537313,31,-0.17211798560231512
ока,NOUN,0.9978635330234262,5,0.7095732541073722,9,0.2882902789160541
оказалась,VERB,0.115057147886648,1,0.2167683749932486,20,-0.1017112271066006
оказались,VERB,0.024156258887210003,1,0.1829500962160091,17,-0.1587938373287991
оказался,VERB,0.13329703861918635,3,0.21154122133905373,26,-0.07824418271986738
оказаться,INFN,0.507619486591506,2,0.27502482772589004,7,0.23259465886561598
океан,NOUN,0.018801532967555,1,0.15375718821066914,12,-0.13495565524311415
океане,NOUN,0.015360100651629,1,0.4384225262718812,14,-0.4230624256202522
океаном,NOUN,0.008853600720175001,2,0.05184270933880413,15,-0.04298910861862913
окном,NOUN,0.2619847070098293,4,0.6178705402301883,18,-0.355885833220359
около,PREP,0.7033646862974328,8,0.44045086788089016,7,0.2629138184165426
окончательно,ADVB,0.0187078928113548,5,0.20029995498014933,16,-0.18159206216879453
окружении,NOUN,0.38285356127358317,10,0.035459340363064334,3,0.34739422091051886
он,NPRO,0.9975376116050931,1,0.23623188219247293,11,0.7613057294126202
оно,NPRO,0.8492622380718136,14,0.2542048136709108,19,0.5950574244009028
оперы,NOUN,0.21990627156968837,3,0.34198191221839125,9,-0.12207564064870288
опор,NOUN,0.6909174183419451,1,0.2698520240968036,11,0.4210653942451415
опять,ADVB,0.5101873495328361,1,0.05975571803670436,26,0.4504316314961317
основании,NOUN,0.8092228868492363,10,0.2139621571108955,2,0.5952607297383408
оснований,NOUN,0.5177682817587367,8,0.4217454951074968,11,0.09602278665123987
основе,NOUN,0.6730543870824465,5,0.406419540398401,3,0.26663484668404547
особенно,ADVB,0.156453432126292,4,0.16402653279557836,15,-0.007573100669286348
особенности,NOUN,0.331822274081338,4,0.05558580995556641,10,0.27623646412577163
особого,ADJF,0.933280895425258,2,0.3508198144462173,8,0.5824610809790407
особое,ADJF,0.158842584107383,1,0.19839809227729385,11,-0.03955550816991085
особой,ADJF,0.49854232826710254,2,0.14606156999895714,8,0.3524807582681454
особых,ADJF,0.7738466809142721,1,0.1338679551808791,17,0.639978725733393
оставалось,VERB,0.8068353161696896,3,0.24662234110526643,20,0.5602129750644231
оставил,VERB,0.5949846657184881,3,0.2251488510053402,9,0.36983581471314786
оставила,VERB,0.961859330688533,1,0.06273338546766989,9,0.8991259452208631
оставили,VERB,0.7257675047746761,1,0.26699370153897106,18,0.45877380323570505
оставим,VERB,0.9968972218197821,1,0.19984860840883986,18,0.7970486134109422
оставить,INFN,0.6392502943297497,3,0.6719298250803929,7,-0.032679530750643226
оставляет,VERB,0.9805900230526601,2,0.24225407960460482,5,0.7383359434480552
оставлял,VERB,0.605301673636058,2,0.011387876987422508,15,0.5939137966486355
оставь,VERB,0.8532168174454181,2,0.1651922431273523,17,0.6880245743180657
оставьте,VERB,0.795910680048945,1,0.3578969303708738,18,0.4380137496780713
остается,VERB,0.5336028369351005,2,0.24931167078919186,14,0.2842911661459086
осталось,VERB,0.044152215115032006,1,0.27174414126991797,18,-0.22759192615488597
остальных,ADJF,0.277938052866377,5,0.1638385857534348,8,0.11409946711294222
остатка,NOUN,0.39308225728775803,5,0.018844102678589072,2,0.374238154609169
острого,ADJF,0.704811865694356,1,0.10458511128388782,11,0.6002267544104682
острое,ADJF,0.410581869240412,1,0.05250334490212828,9,0.35807852433828374
острой,ADJF,0.022151443837068,1,0.027250989411126286,7,-0.005099545574058284
острый,ADJF,0.294066262697656,2,0.0926806355094652,6,0.2013856271881908
от,PREP,0.9359045410141991,306,0.8612897642297067,12,0.07461477678449235
ответ,NOUN,0.4675464640327007,3,0.31708370779377076,24,0.15046275623892996
отвечает,VERB,0.339350192141303,1,0.4412062444105418,12,-0.10185605226923877
отвечают,VERB,0.31100739465814203,1,0.17608083923320758,13,0.13492655542493445
отдалении,NOUN,0.015691664219628376,3,0.003872221818409017,10,0.01181944240121936
отдали,VERB,0.14482615755421666,3,0.1361917479048874,21,0.008634409649329267
отдать,INFN,0.21491636279929552,2,0.43747171170447074,20,-0.22255534890517523
отдельности,NOUN,0.7793590370567558,6,0.2447288838340235,4,0.5346301532227323
откладывать,INFN,0.5831552008841584,3,0.21210350302781422,20,0.3710516978563442
открыв,GRND,0.4899325415209587,3,0.0590199764036345,2,0.43091256511732423
открытой,ADJF,0.2767134985305917,3,0.563059084385226,11,-0.2863455858546343
открытую,ADJF,0.05266667212088901,3,0.4548073347895029,12,-0.4021406626686139
открытым,ADJF,0.7242951058530905,13,0.4951382943824974,15,0.22915681147059314
откуда,ADVB,0.8622049331509243,15,0.6160836263440985,22,0.24612130680682576
откуп,NOUN,0.9557877022435417,5,0.20164768601568328,10,0.7541400162278584
отличается,VERB,0.822842682800007,1,0.6564180575155013,14,0.16642462528450574
отличалась,VERB,0.5944036491166835,2,0.41084950397603187,12,0.18355414514065166
отличался,VERB,0.881922516651305,1,0.2673268781273725,11,0.6145956385239326
отличаются,VERB,0.9075562740095401,1,0.7608738521695837,7,0.1466824218399564
отличие,NOUN,0.9990445865725516,5,0.220469881397469,4,0.7785747051750825
отлично,ADVB,8.722461681820799e-05,1,0.058897984470556004,18,-0.05881075985373779
относилось,VERB,0.0032741441870140003,1,0.1352889828767926,15,-0.13201483868977862
относился,VERB,0.010063298716603001,1,0.38241690901693964,13,-0.37235361030033665
относятся,VERB,0.6377611401599587,3,0.7474288537360227,8,-0.10966771357606409
отношении,NOUN,0.30124873209116887,7,0.4949900052798669,2,-0.19374127318869805
отношениях,NOUN,0.7756803241174176,5,0.5122094300401877,9,0.2634708940772299
отныне,ADVB,0.2891554340726499,7,0.012949522335576,1,0.2762059117370739
отнять,INFN,0.430072337648472,5,0.2060319279791823,14,0.22404040966928973
оторвать,INFN,0.602460027485663,3,0.38938990627332787,17,0.2130701212123351
отошел,VERB,0.077302883369495,1,0.13298409825145138,23,-0.055681214881956376
отошла,VERB,0.022417741909940003,1,0.24893539996214498,18,-0.22651765805220497
отсутствие,NOUN,0.36350405656209184,5,0.26611180062877493,8,0.0973922559333169
отсутствием,NOUN,0.997684844348626,1,0.5920871770954113,7,0.4055976672532148
отсутствует,VERB,0.019473259275612,1,0.12964780158662148,15,-0.11017454231100948
отсюда,ADVB,0.5176383978981741,7,0.21936113860976084,16,0.2982772592884133
оттуда,ADVB,0.918178472867294,1,0.25290417086988354,13,0.6652743019974106
отчего,ADJF,0.0802703482725412,5,0.06303550042127333,6,0.017234847851267873
отъезде,NOUN,0.020580202039860333,3,0.05617835259570714,14,-0.03559815055584681
ох,INTJ,0.6612333262141943,7,0.0849052586960872,36,0.5763280675181071
охапку,NOUN,0.2717188809091012,7,0.11903536229839444,8,0.15268351861070673
охота,NOUN,0.04233315579105467,3,0.09365151789000538,20,-0.05131836209895071
охотой,NOUN,0.0022139240491683334,3,0.43624828368364005,9,-0.43403435963447173
очевидно,ADJS,0.013812336411963,2,0.13791117751324275,11,-0.12409884110127975
очень,ADVB,0.4575633965612786,31,0.3766472767226019,20,0.08091611983867669
очереди,NOUN,0.417956546248899,17,0.5590797737629377,13,-0.14112322751403872
очередь,NOUN,0.9469121959186123,13,0.11214722374784851,6,0.8347649721707638
очистки,NOUN,0.9664466062237734,3,0.28311647781542715,8,0.6833301284083463
очков,NOUN,0.7793162555920011,3,0.38384056249401965,15,0.3954756930979815
ошибки,NOUN,0.08580888660458226,4,0.2455459517187919,10,-0.15973706511420965
ошибку,NOUN,0.9372806743698259,4,0.44268937655149837,14,0.4945912978183275
п,NOUN,0.07189494764706901,1,0.3133926408959751,13,-0.24149769324890613
падает,VERB,0.618522621327884,1,0.24447146270652176,11,0.3740511586213623
палец,NOUN,0.9781111554862191,2,0.30444956119716643,19,0.6736615942890527
палки,NOUN,0.8360140513121004,3,0.019620526914525874,17,0.8163935243975745
пальцам,NOUN,0.7070288395413692,7,0.15394588555615224,10,0.5530829539852169
пальцах,NOUN,0.637449747896042,1,0.26963100740016405,14,0.367818740495878
пальцев,NOUN,0.9787793651245641,1,0.6143956128255029,16,0.36438375229906117
пальцем,NOUN,0.5217843325309238,4,0.4303596282042159,17,0.0914247043267079
памяти,NOUN,0.4504426764913595,13,0.5300449872010337,11,-0.07960231070967416
память,NOUN,0.7829243993220589,6,0.21446510133285393,15,0.568459297989205
пар,NOUN,0.3004774071781388,5,0.14222501939288937,12,0.15825238778524944
пара,NOUN,0.5981575067898335,2,0.12487853182009424,12,0.47327897496973925
параллельно,ADVB,0.15702570836945073,6,0.09542211426922631,6,0.061603594100224424
паре,NOUN,0.31862060869903536,3,0.21539494414883575,17,0.1032256645501996
пари,NOUN,0.9954995698901465,5,0.3454433427518643,13,0.6500562271382823
пару,NOUN,0.4809520469718577,3,0.6619212308847859,9,-0.1809691839129282
пахнет,VERB,0.8667934538133892,5,0.45232149523219256,23,0.4144719585811967
пень,VERB,0.612863301292867,4,0.12447856477954397,23,0.48838473651332304
первая,ADJF,0.916801483427888,1,0.38992104796389626,18,0.5268804354639918
первого,ADJF,0.8821633506627942,7,0.5192625673265762,6,0.362900783336218
первое,ADJF,0.6481963769514913,9,0.22264872923858406,17,0.4255476477129073
первой,ADJF,0.768671955549677,8,0.4258171500845325,6,0.3428548054651445
первом,ADJF,0.5614520465982203,3,0.3781411102130176,11,0.18331093638520274
первому,ADJF,0.47869647388097497,3,0.19435261979414545,14,0.2843438540868295
первую,ADJF,0.7549350625910902,8,0.6638722748948322,5,0.09106278769625797
первый,ADJF,0.4097448085006873,13,0.3320620236124003,12,0.077682784888287
первым,ADJF,0.9895285109694271,3,0.21489049311457628,15,0.7746380178548508
первых,ADJF,0.8687919566462807,9,0.5104009872798855,6,0.35839096936639525
переводя,GRND,0.9913242802177461,3,0.47444864781368734,6,0.5168756324040588
перед,PREP,0.9251410514171098,23,0.660626831000155,12,0.2645142204169548
передали,VERB,0.9367574706954266,2,0.09845729826526664,16,0.83830017243016
передано,PRTS,0.9413463030558331,1,0.34916835047059047,7,0.5921779525852426
переносить,INFN,0.06409025804175512,2,0.10154591472621775,13,-0.03745565668446263
перерыва,NOUN,0.37515750051072283,5,0.32437491914971445,10,0.05078258136100838
переставал,VERB,0.9716437946523651,1,0.1737931450241065,11,0.7978506496282586
переставая,GRND,0.46257965415810665,5,0.030581871956519,2,0.43199778220158763
перестает,VERB,0.044575733391772,1,0.3535845549564347,16,-0.3090088215646627
перестал,VERB,0.7206338977299486,2,0.2757349909777493,19,0.4448989067521993
перестали,VERB,0.578668604923071,1,0.264557863166169,22,0.314110741756902
перехватило,VERB,0.9766513639936051,1,0.6142482060329685,19,0.3624031579606366
перец,NOUN,0.1597851849829675,2,0.097857197919108,7,0.061927987063859505
периодически,ADVB,0.04386048300558241,5,0.011123713497286145,7,0.032736769508296265
персоной,NOUN,0.9967262596923909,5,0.22386176664547427,8,0.7728644930469166
перспективе,NOUN,0.0958196333709085,2,0.369260352695002,2,-0.27344071932409353
пешком,ADVB,0.4586958693744229,2,0.1308983122325211,16,0.32779755714190184
плакал,VERB,3.647035272780604e-05,2,0.14554780975231826,24,-0.14551133939959046
пламенем,NOUN,0.9475507520862411,2,0.40307357123751253,13,0.5444771808487285
плане,NOUN,0.35838638561554803,8,0.9572615068088456,2,-0.5988751211932976
плачь,VERB,0.38436801372678503,3,0.14319526138739566,30,0.24117275233938937
плеча,NOUN,0.6461691360312762,5,0.26930572655738666,14,0.3768634094738896
плечах,NOUN,0.9916454791343485,5,0.272457115092538,21,0.7191883640418105
плечо,NOUN,0.9366081460548312,4,0.38412517499976184,20,0.5524829710550694
плечу,NOUN,0.3107471943052474,8,0.6280624976698747,3,-0.31731530336462727
плоскости,NOUN,0.9059391595907991,1,0.28315375535640347,5,0.6227854042343957
плоти,NOUN,0.9989069013296191,3,0.24803373243890212,9,0.750873168890717
плоть,NOUN,0.9863414872050007,3,0.16912549732112575,9,0.8172159898838749
плохи,ADJS,0.7873525990709896,5,0.18737741689878015,21,0.5999751821722095
плохо,PRED,0.5744859346884088,5,0.1857317565170585,19,0.3887541781713503
площадью,NOUN,0.8154197340446521,5,0.3514048591593292,10,0.4640148748853229
плюс,CONJ,0.33032082511756616,9,0.0983269596810811,13,0.23199386543648506
по,PREP,0.9374486593507015,708,0.864448470780834,10,0.07300018856986756
побери,VERB,0.396043271786277,1,0.36493088683819425,22,0.031112384948082772
побрал,VERB,0.9909784432018043,5,0.5152007698116835,4,0.4757776733901208
повезло,VERB,0.744805033892476,6,0.22584964378216005,27,0.5189553901103159
поверхности,NOUN,0.8332088500875153,4,0.11775037230644625,8,0.7154584777810691
повод,NOUN,0.7339981060768712,5,0.3607118533030457,10,0.3732862527738255
повода,NOUN,0.885825589555252,1,0.2822495491887665,14,0.6035760403664856
поворачивается,VERB,0.8341897604273086,3,0.25872970718782534,21,0.5754600532394833
погоди,VERB,0.14727917851826075,4,0.06318083740943549,13,0.08409834110882526
погодя,ADVB,0.5126645177766788,3,0.12919476484520892,15,0.38346975293146984
под,PREP,0.8948991521980326,218,0.6657388444606791,12,0.22916030773735352
подавал,VERB,0.7714498783977025,2,0.1624119163779279,14,0.6090379620197746
подает,VERB,0.8462299548985006,2,0.07241706581425389,18,0.7738128890842467
подальше,COMP,0.9379887946129721,9,0.49028370757764805,16,0.4477050870353241
подарок,NOUN,0.025094974594621334,3,0.2007609353459258,20,-0.17566596075130445
подать,INFN,0.9926517928282294,3,0.4137770158572182,15,0.5788747769710112
подачи,NOUN,0.21779267336530445,5,0.30284567782683214,10,-0.08505300446152769
подбор,NOUN,0.884235977309344,3,0.08625839450451502,7,0.797977582804829
подвел,VERB,0.970518417385664,1,0.144256213599657,17,0.826262203786007
поделать,INFN,0.3728683853861631,7,0.34397937147942464,24,0.02888901390673848
поднял,VERB,0.491555804951525,1,0.28168046508464983,15,0.20987533986687518
подняли,VERB,0.5343188333275656,4,0.3207370542473582,19,0.21358177908020737
подобает,VERB,0.29085866860347476,7,0.16510097323946427,8,0.1257576953640105
подобно,PREP,0.9857170973539031,4,0.40307627511004235,3,0.5826408222438608
подобного,ADJF,0.9077875715544426,2,0.14432572384780223,15,0.7634618477066404
подобное,ADJF,0.9677957916298863,4,0.274835987461411,15,0.6929598041684752
подожди,VERB,0.00052269893411292,2,0.04592110652522475,12,-0.04539840759111183
подряд,ADVB,0.3707350073511509,8,0.5176819403813734,15,-0.1469469330302225
подтверждение,NOUN,0.713426912817996,3,0.4052903040374476,11,0.3081366087805484
подумаешь,VERB,0.039237112273655006,1,0.016427982084780097,9,0.02280913018887491
подумай,VERB,0.4171261352743467,3,0.049167614269350644,20,0.3679585210049961
подумайте,VERB,0.046961124846494506,2,0.12918310549073672,24,-0.08222198064424222
подумал,VERB,0.44052832528364366,3,0.21836551174424348,17,0.22216281353940018
подумать,INFN,0.8138566642864539,11,0.21514141819105143,10,0.5987152460954024
подход,NOUN,0.000183836410066,1,0.47332409189290386,11,-0.4731402554828379
подходе,NOUN,0.3504314690017963,12,0.42771449216796753,13,-0.07728302316617125
подходил,VERB,0.39546654472424053,2,0.14878644522124843,16,0.2466800995029921
подходили,VERB,0.018663243745126002,1,0.2894441684165072,16,-0.2707809246713812
подходят,VERB,0.9685375122121841,1,0.12258012643229944,16,0.8459573857798847
подчас,ADVB,0.0003759738907025696,5,0.0020069161772215158,5,-0.0016309422865189462
пожалуйста,PRCL,0.3253629811683431,10,0.4593633787741641,29,-0.134000397605821
пожелает,VERB,0.8155602445018351,2,0.11760010108687667,14,0.6979601434149584
позволите,VERB,0.6234683765047311,2,0.32951757624136124,26,0.29395080026336984
позвольте,VERB,0.5286447855870208,3,0.3217897543576034,7,0.2068550312294174
позволю,VERB,0.5453513318755381,2,0.3243329556087311,17,0.22101837626680698
поздно,ADVB,0.6881310989751818,6,0.462683497075847,20,0.22544760189933477
пойдем,VERB,0.063766885944233,2,0.1668856817141127,22,-0.10311879576987969
пойдет,VERB,0.873427575285433,1,0.2597085081995749,7,0.6137190670858581
пойду,VERB,0.098670785652297,1,0.19886899973135955,27,-0.10019821407906254
пойми,VERB,0.47463402920759706,2,0.12132302277514084,23,0.3533110064324562
пока,ADVB,0.8604460053702034,21,0.20236321726339368,24,0.6580827881068098
покажет,VERB,0.8816197506480261,3,0.33880923531403523,22,0.5428105153339908
покажу,VERB,0.6751885734233357,3,0.3572699680841736,31,0.3179186053391621
покажут,VERB,0.658354880140223,2,0.14024063616036508,13,0.518114243979858
поколение,NOUN,0.9912581250925419,3,0.47937495255650353,10,0.5118831725360383
поколения,NOUN,0.9846759430076707,3,0.6504814422361431,7,0.33419450077152757
полагается,VERB,0.03737443212656567,3,0.024454490589456156,24,0.01291994153710951
полдень,NOUN,0.127470710201459,2,0.06694549072258406,19,0.060525219478874945
полезли,VERB,0.6298374232499803,4,0.047923273073395896,22,0.5819141501765843
полета,NOUN,0.7477257749850796,3,0.03309467910261296,15,0.7146310958824666
полна,ADJS,0.9138546348563861,1,0.3332254308215602,16,0.5806292040348259
полная,ADJF,0.024406951625961,2,0.2337022384869371,16,-0.2092952868609761
полно,ADVB,0.21431384894586702,4,0.0701309269377789,15,0.14418292200808813
полное,ADJF,0.093459365664217,1,0.35955271142947404,11,-0.266093345765257
полной,ADJF,0.7381556882205976,13,0.1921537965245815,8,0.5460018916960161
полном,ADJF,0.6036620853674717,18,0.6349432329006204,8,-0.0312811475331487
полностью,ADVB,0.8526156758574511,4,0.2078570455628739,9,0.6447586302945773
полноты,NOUN,0.6444021969920947,3,0.14178486962352188,8,0.5026173273685728
полную,ADJF,0.5933830396212464,3,0.5875541843355628,10,0.005828855285683554
полны,ADJS,0.9821922734312165,2,0.483279902364379,15,0.4989123710668375
полный,ADJF,0.8079400328666932,4,0.4520844353769747,13,0.35585559748971857
полным,ADJF,0.4572459587398597,3,0.6767078703051738,14,-0.21946191156531408
половина,NOUN,0.791167553366927,1,0.21671026046801342,10,0.5744572928989136
половине,NOUN,0.7537509197886871,2,0.5519776902430742,10,0.20177322954561294
половиной,NOUN,0.6846365610349441,1,0.7682534516478408,14,-0.08361689061289668
половину,NOUN,0.828965524819484,1,0.38771407553175585,14,0.4412514492877282
положении,NOUN,0.708322564594624,6,0.007447317414123001,1,0.700875247180501
положения,NOUN,0.5051020986269917,3,0.3194058744084246,10,0.18569622421856713
положено,PRTS,0.2059726524614597,10,0.07061881170154263,16,0.13535384075991708
полон,ADJS,0.8365485409009535,2,0.5017456134661328,23,0.33480292743482076
получилось,VERB,0.560148239455821,6,0.10539848856510226,26,0.4547497508907188
получите,VERB,0.09651983624211401,1,0.29274653042733323,23,-0.1962266941852192
получишь,VERB,0.3945421231489085,4,0.2700729477570807,24,0.12446917539182784
полы,NOUN,0.9883763319395547,3,0.08625369301451193,11,0.9021226389250427
пользоваться,INFN,0.065123962036404,1,0.43874548409432923,11,-0.3736215220579252
пользу,NOUN,0.8045721113499298,5,0.5299828639646251,11,0.27458924738530466
пользуются,VERB,0.7294401993471191,2,0.5821024841825988,17,0.14733771516452032
помимо,PREP,0.3091410959425454,12,0.19829008959811456,5,0.11085100634443085
помине,NOUN,0.9099096622113567,5,0.6915151429904367,21,0.21839451922092
помнится,CONJ,0.06887916392891451,2,0.022758994011177765,5,0.04612016991773674
помнишь,VERB,0.0066453675750565,2,0.16282143977805105,16,-0.15617607220299456
помню,VERB,0.950252883121362,3,0.1684473957466005,15,0.7818054873747615
помощи,NOUN,0.9981761097621747,3,0.6400519187736883,8,0.35812419098848647
помощью,NOUN,0.936983317774018,5,0.7362003179197298,6,0.20078299985428816
понемногу,ADVB,0.0027080515328620006,2,0.01453896423826674,14,-0.011830912705404739
понимает,VERB,0.191971402373108,1,0.24649380781667155,14,-0.05452240544356354
понимаете,VERB,0.5127707493420443,5,0.3548279892903782,25,0.15794276005166608
понимаешь,VERB,0.5034048758269072,6,0.17051260886557865,22,0.33289226696132856
понимании,NOUN,0.10895995602970826,4,0.2304499419390987,3,-0.12148998590939045
понимать,INFN,0.1972083702298832,5,0.15546185475347282,11,0.04174651547641037
понимаю,VERB,0.365666863881837,8,0.4729315275031823,22,-0.10726466362134529
понимают,VERB,0.9719136079860706,2,0.30527823487282646,21,0.6666353731132442
понял,VERB,0.346782207871577,2,0.3272240929575746,16,0.01955811491400239
понятия,NOUN,0.9485654422476919,5,0.4160004373450906,13,0.5325650049026013
понятно,ADVB,0.28276324548156,4,0.21214448216714502,22,0.070618763314415
понять,INFN,0.5353234167168179,10,0.1611540268895415,8,0.37416938982727643
попала,VERB,0.8026209336613771,2,0.39199778174831507,15,0.41062315191306203
попало,VERB,0.471750493316802,10,0.23429193890016053,16,0.2374585544166415
поперек,ADVB,0.999935489116979,5,0.36416366060663846,12,0.6357718285103406
пополам,ADVB,0.9999027198797638,5,0.32265990082252277,19,0.677242819057241
попробует,VERB,0.6831878344761151,2,0.21965062004317218,16,0.46353721443294293
попробуй,VERB,0.528399644544391,1,0.12134938481937985,19,0.4070502597250112
попробуйте,VERB,0.370712140572447,2,0.15644627566699879,15,0.21426586490544822
попросил,VERB,0.5537233091754977,3,0.08877661327589348,19,0.46494669589960425
попусту,ADVB,0.0005022882676450001,1,0.06677459171681323,23,-0.06627230344916822
пор,NOUN,0.900535069760801,25,0.9888054963270766,7,-0.0882704265662756
пора,NOUN,0.5411954028764531,27,0.35427855686486354,22,0.18691684601158953
порога,NOUN,0.08536773770584401,3,0.03807352166293822,20,0.04729421604290579
порой,ADVB,0.2988342724185695,6,0.0427496846950794,5,0.25608458772349013
пору,NOUN,0.28035141417768,7,0.2500948667955663,4,0.030256547382113697
поры,NOUN,0.6809939871332538,18,0.31113024409915546,15,0.3698637430340983
порядка,NOUN,0.050517139267808,5,0.12245274144508163,8,-0.07193560217727363
порядке,NOUN,0.8020698342806823,18,0.5198777649971916,9,0.2821920692834907
порядком,NOUN,0.6948539624500865,9,0.10623924912809914,12,0.5886147133219873
поскольку,CONJ,0.264035460437577,4,0.05586329889139251,2,0.20817216154618445
после,PREP,0.8455123946253313,16,0.7864330400946595,13,0.05907935453067181
последнего,ADJF,0.6655805036044984,3,0.2926316815100296,9,0.3729488220944688
последнее,ADJF,0.9637402741529496,2,0.47671659394981464,9,0.48702368020313497
последней,ADJF,0.9971748760704081,1,0.19177031819991044,10,0.8054045578704977
последнем,ADJF,0.7486703618757291,2,0.08421047935766023,7,0.6644598825180689
последние,ADJF,0.42307360259532284,5,0.5653264352965062,10,-0.14225283270118333
последний,ADJF,0.6605608640414659,9,0.27642527249417514,15,0.3841355915472907
последним,ADJF,0.735269628626097,1,0.26145178997931756,11,0.47381783864677945
последняя,ADJF,0.5357180108253651,1,0.10631425591241234,9,0.42940375491295274
послушать,INFN,0.3873921053239419,6,0.06157601042264628,15,0.32581609490129565
посмотреть,INFN,0.023968444824211003,1,0.6028756564366726,9,-0.5789072116124616
посмотрим,VERB,0.6616014522138712,5,0.37978768319273803,22,0.2818137690211332
поспешил,VERB,0.0321639627616985,2,0.06480747266764879,20,-0.03264350990595029
поспешила,VERB,0.46596238932195005,1,0.07578636545037998,19,0.3901760238715701
поспорить,INFN,0.7411470923306588,4,0.13402092850691982,17,0.607126163823739
посредством,PREP,0.31406389241606353,4,0.004498030725840041,5,0.3095658616902235
поставив,GRND,0.013904321183361,1,0.22831071848282639,6,-0.2144063972994654
поставил,VERB,0.558599610437483,3,0.294068284504148,8,0.26453132593333495
поставили,VERB,0.66778806478841,1,0.2958028341988168,15,0.3719852305895932
поставить,INFN,0.9497474329345805,4,0.25959269558483755,8,0.690154737349743
поставлен,PRTS,0.76896220255043,1,0.37062570889429025,16,0.39833649365613977
постепенно,ADVB,0.1927091899823822,5,0.1917611807050938,13,0.0009480092772884141
постой,VERB,0.022683136161581716,7,0.002088035791108365,8,0.02059510037047335
потерял,VERB,0.5753480005910451,4,0.3426436137146374,16,0.23270438687640765
потеряла,VERB,0.45719726097670305,1,0.2953998396536025,21,0.16179742132310054
потихоньку,ADVB,0.086551765590163,2,0.019446192828198167,12,0.06710557276196484
поток,NOUN,0.7671199835609736,4,0.3520367005634952,11,0.4150832829974784
потоке,NOUN,0.042627526207504006,1,0.4302492754910533,10,-0.3876217492835493
потолка,NOUN,0.8577100955390085,5,0.15897135659638484,12,0.6987387389426236
потом,ADVB,0.4566661747934182,22,0.4156943201238073,14,0.040971854669610897
потому,ADVB,0.5889415190605277,13,0.0344955506117176,5,0.5544459684488101
похож,ADJS,0.9587483007246577,3,0.8639431118286279,13,0.09480518889602974
похожа,ADJS,0.9806372015190516,2,0.6360194441806478,19,0.34461775733840383
похоже,ADVB,0.7331351713801267,10,0.3754965771383889,18,0.35763859424173783
похожи,ADJS,0.9790986689697541,1,0.6512422868325006,17,0.32785638213725343
почве,NOUN,0.6156963181928974,5,0.011998583604882,2,0.6036977345880153
почему,ADVB,0.8169421268512506,11,0.36457033636938874,30,0.4523717904818618
почти,ADVB,0.4103392594297717,3,0.08137239320550416,11,0.3289668662242675
пошел,VERB,0.3741863746344683,4,0.1925126718526954,24,0.1816737027817729
пошла,VERB,0.295186065822297,2,0.33721844913837684,23,-0.042032383316079835
пошли,VERB,0.027903903942564003,2,0.20118070808395316,13,-0.17327680414138916
пошло,VERB,0.9982996852227973,10,0.22534164232394066,23,0.7729580428988567
поэтому,ADVB,0.287146170401799,5,0.07562238084274565,14,0.21152378955905338
пр,ADJF,0.018402840031936,2,0.033235524480236193,6,-0.014832684448300194
права,NOUN,0.9189241981704106,4,0.5073523304266457,10,0.41157186774376486
правах,NOUN,0.6760484036587993,8,0.29245189142796535,7,0.3835965122308339
правда,PRCL,0.2747296299561421,20,0.025354127759277374,19,0.24937550219686472
правде,NOUN,0.8591834579920411,3,0.7886678130400668,17,0.07051564495197427
правилам,NOUN,0.5203771049773143,4,0.29342601980418676,12,0.2269510851731275
правило,NOUN,0.401665046561383,5,0.18726745593756525,4,0.21439759062381777
правильно,ADVB,0.976877287846796,5,0.31766745003844105,16,0.6592098378083548
право,NOUN,0.1843668030550717,6,0.7514634051206959,11,-0.5670966020656242
правую,ADJF,0.9969367926468871,1,0.31054363822709424,12,0.6863931544197928
практике,NOUN,0.7872998875740361,3,0.30850933148192267,8,0.47879055609211346
практически,ADVB,0.20187921895444952,2,0.10612705347987221,6,0.09575216547457731
прах,NOUN,0.9990091462970404,3,0.03182730775100742,8,0.967181838546033
пребывал,VERB,0.1326159931023755,2,0.029736810017188878,6,0.10287918308518663
пребывать,INFN,0.0012419347143900002,1,0.00038273401904556897,3,0.0008592006953444312
превыше,ADVB,0.23411079625587602,3,0.02960799629850139,13,0.20450279995737464
преданию,NOUN,0.5916591974080525,2,0.11123945298301985,6,0.48041974442503266
предварительно,ADVB,0.34872215668192774,4,0.3488297306459818,4,-0.00010757396405403075
пределе,NOUN,0.505969153364863,5,0.0005317976720904647,5,0.5054373556927726
предлогом,NOUN,0.6089583241646082,5,0.31748170733379155,4,0.2914766168308166
предложил,VERB,0.31737748986712755,2,0.24525928870358654,13,0.07211820116354101
предложила,VERB,0.400212046718994,1,0.10831379044451486,21,0.2918982562744792
представить,INFN,0.6286672243487478,3,0.4497060586267843,6,0.17896116572196347
представиться,INFN,0.6486518847597507,5,0.17044197281083703,23,0.4782099119489136
представлениям,NOUN,0.0781028991799345,4,0.4939385054493133,4,-0.41583560626937877
представляет,VERB,0.96309662121323,5,0.4135951057644785,11,0.5495015154487515
представлял,VERB,0.11526922565724501,2,0.1790598595937303,11,-0.06379063393648529
представляю,VERB,0.9696281494594151,1,0.1886401433353167,13,0.7809880061240984
представляют,VERB,0.9590710754250478,3,0.45501959481717263,10,0.5040514806078751
прежде,PREP,0.7056024347631722,7,0.44491411313906165,12,0.26068832162411054
преимущественно,ADVB,0.0111798481516428,5,0.009399051026271001,8,0.0017807971253717986
прекрасный,ADJF,0.9514558005737148,5,0.19288707586053191,16,0.7585687247131829
претензии,NOUN,0.08721528099349034,3,0.21408399135412182,15,-0.12686871036063146
при,PREP,0.9250741808345488,66,0.769641781983107,9,0.1554323988514419
прибавить,INFN,0.337077515498777,3,0.13965397801068533,12,0.1974235374880917
приблизительно,ADVB,0.038092092536114,6,0.014600549408750095,14,0.023491543127363908
привела,VERB,0.994093818334655,1,0.3924943641700511,16,0.6015994541646039
привести,INFN,0.9959457807395934,3,0.6574557681552069,8,0.3384900125843865
привет,NOUN,0.2474408603183315,4,0.28752043266289434,35,-0.04007957234456283
привлекает,VERB,0.144347715513397,3,0.2296208526584796,19,-0.08527313714508258
приводит,VERB,0.338957654419485,1,0.47871600254340557,6,-0.13975834812392057
привычке,NOUN,0.18080474852924366,3,0.000811128370834,2,0.17999362015840967
придавал,VERB,0.7319648790518171,1,0.6401488908987545,12,0.09181598815306258
придачу,NOUN,0.1134490342048908,5,0.1385291875870199,10,-0.0250801533821291
придет,VERB,0.1909413759784035,2,0.10183156826880321,15,0.08910980770960028
придется,VERB,0.22424290613475603,12,0.1441300067469402,16,0.08011289938781582
прийти,INFN,0.996685204455768,1,0.5424259274798497,14,0.4542592769759183
прикрытием,NOUN,0.6952589963610558,4,0.04306218445482794,7,0.6521968119062279
применении,NOUN,0.7870060288394629,5,0.4536889527520504,8,0.3333170760874125
пример,NOUN,0.7277226566918235,25,0.49991431712069945,21,0.227808339571124
примера,NOUN,0.5175623544180488,10,0.2753296856523767,11,0.24223266876567207
примерно,ADVB,0.16826635877861357,9,0.1813269994774374,13,-0.013060640698823844
принимает,VERB,0.29523367791613303,1,0.40041395426460125,11,-0.10518027634846822
принципу,NOUN,0.7462242208313846,5,0.10481133583914881,5,0.6414128849922358
принял,VERB,0.508969272918325,2,0.595804821911107,9,-0.0868355489927819
приняла,VERB,0.44041651348776856,4,0.5074912180993316,12,-0.06707470461156306
приняли,VERB,0.181391253179914,1,0.388980032336185,12,-0.207588779156271
принялся,VERB,0.022166311546846444,5,0.18661401059170724,10,-0.16444769904486078
принято,PRTS,0.000197677162389,1,0.7115461532384273,5,-0.7113484760760382
принять,INFN,0.169229437331979,1,0.29273634014688105,7,-0.12350690281490204
природе,NOUN,0.39778343097930535,11,0.2764663640582596,12,0.12131706692104577
присутствует,VERB,0.050031240895729,1,0.10071494269638762,8,-0.05068370180065861
присутствуют,VERB,0.012932596853546,2,0.25991280382119425,8,-0.24698020696764825
притворяться,INFN,0.263327246109858,1,0.06778903726788604,18,0.19553820884197198
приходится,VERB,0.7996950880178888,7,0.27174431815752015,15,0.5279507698603687
причем,CONJ,0.147839980694607,5,0.2709857621157673,4,-0.12314578142116031
причине,NOUN,0.8102261647038691,10,0.0069040474700480005,1,0.8033221172338211
пришел,VERB,0.227043284992428,2,0.15628521514141797,14,0.07075806985101005
пришелся,VERB,0.49658882441412233,3,0.17102393581787484,17,0.3255648885962475
пришло,VERB,0.4619623555374927,7,0.41184976455752603,14,0.050112590979966676
пришлось,VERB,0.6538044876789747,3,0.20324959816267674,14,0.45055488951629796
про,PREP,0.5886568380618077,11,0.5749173984873642,19,0.013739439574443457
пробил,VERB,0.10601593926498451,2,0.06200440065574777,12,0.04401153860923674
проблем,NOUN,0.6796370055204187,3,0.17872182032597259,7,0.5009151851944461
проблема,NOUN,0.7130700018302001,2,0.18514593490162168,9,0.5279240669285784
пробовал,VERB,0.005555656187985668,3,0.02999207512423067,24,-0.024436418936245003
пробовать,INFN,0.020689839294659,1,0.08459052960571059,16,-0.06390069031105158
пробы,NOUN,0.4905521088183757,3,0.1508288705435033,13,0.3397232382748724
программе,NOUN,0.7677311128191346,4,0.038411678750816226,9,0.7293194340683185
продолжение,NOUN,0.005431392874881,5,0.2698172704318373,16,-0.2643858775569563
прозвали,VERB,0.11112687530904139,5,0.08676988221189107,15,0.024356993097150323
произвела,VERB,0.9804789208438001,1,0.3695889609121803,15,0.6108899599316198
произвели,VERB,0.836752178628801,1,0.4274458151695674,11,0.4093063634592336
произвести,INFN,0.9675336866768751,1,0.26330439755697543,9,0.7042292891198997
пройдет,VERB,0.8753794118602536,2,0.08219509341577855,10,0.793184318444475
проклят,ADJS,0.987449768903347,8,0.08901106783656836,12,0.8984387010667787
промах,NOUN,0.2048140363209617,6,0.16909658728045823,15,0.035717449040503474
пропасть,NOUN,0.0006349625032488413,5,0.10309467507686806,17,-0.10245971257361922
просим,VERB,0.6086421220340803,4,0.24524080928505623,11,0.3634013127490241
просит,VERB,0.08948855338023046,5,0.06540600236900011,12,0.024082551011230344
прости,VERB,0.5201743911644571,1,0.1830842948853407,12,0.33709009627911635
простите,VERB,0.43631286143032255,2,0.19672783383504952,12,0.23958502759527303
просто,PRCL,0.45694063773408733,17,0.11663014648229418,18,0.34031049125179313
просьба,NOUN,0.1419553521184905,2,0.24986370278003917,16,-0.10790835066154866
просьбой,NOUN,0.7384380280614491,1,0.4505107523779325,5,0.2879272756835166
просьбы,NOUN,0.513658860677311,1,0.07618788659467522,15,0.4374709740826358
против,PREP,0.7588833077953415,23,0.47218550527193043,10,0.2866978025234111
противном,ADJF,0.9097457620947118,5,0.005043723046326,2,0.9047020390483858
прохода,NOUN,0.042946097099922004,1,0.11756632022447802,15,-0.07462022312455602
проходило,VERB,0.201185621402932,1,0.16537508936411546,12,0.03581053203881654
проходит,VERB,0.7202702140448403,4,0.17102380966450617,12,0.5492464043803341
проходу,NOUN,0.015609102332095,2,0.129821697754911,13,-0.114212595422816
проч,ADJF,0.020361144166623,1,0.0411207550909866,5,-0.0207596109243636
прочего,NPRO,0.7906582152663926,5,0.3119138499564837,6,0.4787443653099089
прочее,NPRO,0.19315147805755203,2,0.1431858783069767,10,0.049965599750575324
прочие,ADJF,0.7680539026036061,1,0.2934988230022436,5,0.47455507960136245
прочим,VERB,0.9490220143859152,5,0.38744579145032754,2,0.5615762229355876
прочих,ADJF,0.10894691023246603,7,0.02044915015368567,3,0.08849776007878035
прочь,ADVB,0.3439312008427032,6,0.19049432766001614,16,0.15343687318268703
прошла,VERB,0.31837334793675204,1,0.38372967653422163,8,-0.06535632859746959
прошло,VERB,0.6583546289790725,7,0.23416793176522427,18,0.4241866972138482
прошлом,ADJF,0.43244230659875105,3,0.19133555158294702,1,0.24110675501580403
прошу,VERB,0.802443114299501,5,0.4391777203320289,13,0.3632653939674721
прощание,NOUN,0.296478113964235,2,0.2760535211514413,16,0.02042459281279374
прощанье,NOUN,0.35331281296660905,1,4.850470615632418e-05,2,0.35326430826045274
проще,COMP,0.42634182865399267,3,0.1720719760076427,15,0.25426985264634994
прощения,NOUN,0.979316966361816,5,0.5794373536463496,12,0.39987961271546635
пруд,NOUN,0.9982175106360597,5,0.4169130423689534,12,0.5813044682671062
прямая,ADJF,0.7669647967783947,3,0.2816549314714109,9,0.4853098653069838
прямо,ADVB,0.31438650078647645,14,0.15408112312258682,11,0.16030537766388964
прямой,ADJF,0.7000619686751958,6,0.1378050864517838,6,0.562256882223412
прямым,ADJF,0.5664283395321935,2,0.13689925676586617,6,0.42952908276632734
псевдонимом,NOUN,0.6367147719941407,5,0.061888986031633,6,0.5748257859625078
птица,NOUN,0.08049064595846851,2,0.2321801624314627,12,-0.15168951647299417
пунктам,NOUN,0.17363762294041138,3,0.42054350417621156,2,-0.24690588123580018
пусто,ADVB,0.7296669025484163,5,0.11050620867401525,28,0.619160693874401
пустой,ADJF,0.35280750391668403,1,0.29225791475185686,19,0.06054958916482717
пустом,ADJF,0.9275129117040327,5,0.050678634490306254,8,0.8768342772137264
пустыми,ADJF,0.9656503602795528,5,0.41366269795253313,12,0.5519876623270197
пусть,PRCL,0.5693188222320077,20,0.3602573732690832,24,0.2090614489629245
пути,NOUN,0.6467875243080187,3,0.39881551435342166,16,0.247972009954597
путь,NOUN,0.18580142661709922,5,0.48122783842795147,17,-0.2954264118108523
путями,NOUN,0.9954505477686911,6,0.5321465792646641,7,0.463303968504027
пух,NOUN,0.9982395442142508,3,0.22780065178264086,18,0.7704388924316099
пушки,NOUN,0.4613405571361603,4,0.26034586625018546,12,0.20099469088597482
пуще,ADVB,0.010035017460931,1,0.030290909454411902,12,-0.0202558919934809
пыла,NOUN,1.242650139877665e-07,1,0.0364932332424199,11,-0.03649310897740591
пытаемся,VERB,0.579867626063676,1,0.2500499776652759,14,0.3298176483984001
пытаетесь,VERB,0.016264451206503,1,0.10712034258808645,15,-0.09085589138158345
пытается,VERB,0.49649524875793305,1,0.1878959105681345,4,0.30859933818979857
пыталась,VERB,0.254644450101351,1,0.18529309587938575,10,0.06935135422196526
пытался,VERB,0.16788590329189101,1,0.23059047753253126,8,-0.06270457424064024
пят,NOUN,0.556429066103999,3,0.2650137614480358,4,0.2914153046559632
пятам,NOUN,0.9602670276229107,3,0.49042270996946624,8,0.4698443176534445
пяти,NUMR,0.9505849637850513,5,0.0516497647027598,10,0.8989351990822915
пять,NUMR,0.811449606100568,2,0.3236200623139917,11,0.48782954378657634
пятьсот,NUMR,0.002753028728811667,3,0.037662415065602695,14,-0.034909386336791026
работали,VERB,0.6584073885596611,1,0.09891505562350167,11,0.5594923329361594
рабочем,ADJF,0.33970858947301336,3,0.4214908007416234,6,-0.08178221126861002
равен,ADJS,0.6624434006291035,5,0.2216086291254766,12,0.4408347715036268
равных,ADJF,0.21665869292007872,10,0.34902180094589913,8,-0.1323631080258204
рад,ADJS,0.43545677626276474,3,0.29177648460758326,19,0.14368029165518148
ради,PREP,0.6933171785109693,29,0.6537475453283995,6,0.039569633182569786
радости,NOUN,0.10219017765734702,5,0.22360722017313792,16,-0.1214170425157909
радость,NOUN,0.9174727097730596,5,0.18880244479003977,19,0.7286702649830199
радостью,NOUN,0.6468980666771741,1,0.261257763368357,11,0.3856403033088171
раз,NOUN,0.7611841035114812,110,0.5134559345719971,8,0.24772816893948413
разбирается,VERB,0.013692129372863002,2,0.32085069720186454,10,-0.3071585678290015
разбирался,VERB,0.08801749005801168,3,0.003273179085149138,5,0.08474431097286254
разбираюсь,VERB,0.9888102096310261,1,0.005511497449676333,13,0.9832987121813497
разве,PRCL,0.4705415705178733,17,0.2920004679472004,23,0.1785411025706729
разговоров,NOUN,0.13267016835375534,9,0.007241691009899121,9,0.1254284773438562
разделить,INFN,0.024560183469513,3,0.5998928621379663,11,-0.5753326786684533
разлив,GRND,0.15812772859739668,3,0.1076901962905436,9,0.05043753230685308
размаху,NOUN,0.04825582328486701,2,0.2576433499513628,8,-0.2093875266664958
размером,NOUN,0.9529282514621827,3,0.35949822569114925,5,0.5934300257710334
разница,NOUN,0.9925720732004798,5,0.5864625010778173,13,0.4061095721226625
разницы,NOUN,0.9808795605449685,5,0.27921845239017995,15,0.7016611081547885
разнообразия,NOUN,0.04109759529444434,3,0.03493649174618927,6,0.0061611035482550675
разные,ADJF,0.8044622338959231,1,0.5868825519124715,12,0.21757968198345157
разом,ADVB,0.9041301854393053,5,0.09988328262090135,9,0.804246902818404
разрешите,VERB,0.23390670557673102,1,0.09068345048094285,11,0.14322325509578815
разряда,NOUN,0.328823195590046,4,0.2666058077251873,7,0.0622173878648587
разу,NOUN,0.8423558423310701,11,0.32575408612745854,2,0.5166017562036116
разумеется,CONJ,0.15671373654659818,6,0.06410092373878948,15,0.0926128128078087
разы,NOUN,0.7534951383335622,5,0.42159169587989803,2,0.33190344245366415
рак,NOUN,0.9981040184028156,2,0.22947895328287382,10,0.7686250651199418
рамки,NOUN,0.4541483948851415,6,0.3367448098270815,11,0.11740358505806003
рано,ADVB,0.888070105834934,7,0.34406493386901127,18,0.5440051719659227
раньше,COMP,0.4027161189189874,5,0.31949769290765595,9,0.08321842601133145
распорядился,VERB,0.032394638300644756,4,0.015417996418451207,13,0.016976641882193548
распоряжение,NOUN,0.22944660183177681,5,0.03192286471689497,13,0.19752373711488186
распоряжении,NOUN,0.32545687992003225,5,0.48620810168568246,15,-0.1607512217656502
рассвета,NOUN,0.983515778097375,3,0.08283483323543785,12,0.9006809448619372
расстояние,NOUN,0.9981815628521525,2,0.5570403857453484,7,0.4411411771068041
расстоянии,NOUN,0.9685789941266424,3,0.7340887829972522,10,0.23449021112939017
расти,INFN,0.9994357433717351,1,0.5501257301144553,10,0.4493100132572798
расчет,NOUN,0.7785784854712198,3,0.06558546067276688,13,0.7129930247984528
расчета,NOUN,0.9999924898711531,1,0.05118621852213452,17,0.9488062713490185
расчете,NOUN,0.35137618802529336,9,0.05499179850987676,4,0.29638438951541657
редкость,NOUN,0.3877731351755338,4,0.16265061902213523,25,0.22512251615339857
река,NOUN,0.03410087418392766,2,0.142816858943503,19,-0.10871598475957533
рекой,NOUN,7.002608368640933e-05,1,0.19549386349817732,16,-0.1954238374144909
речи,NOUN,0.9807610028862411,15,0.6437633042508782,11,0.3369976986353629
речь,NOUN,0.19043581877151777,8,0.8800115929298528,10,-0.689575774158335
решено,PRTS,0.073029794508152,3,0.2743601619320245,12,-0.2013303674238725
решеткой,NOUN,0.8947656374367617,3,0.5099619012762022,7,0.3848037361605595
решетку,NOUN,0.522038072408844,1,0.03878588260646775,8,0.4832521898023763
ринулся,VERB,0.005330459792364,1,0.02707115965733081,18,-0.02174069986496681
рисковал,VERB,0.0031542513030140005,1,0.017056708346231162,12,-0.013902457043217162
рискует,VERB,0.029108708404316,1,0.32766236624921447,14,-0.29855365784489846
ровно,ADVB,0.028608732685108502,4,0.057789740728934,12,-0.0291810080438255
ровным,ADJF,0.9998860270573587,5,0.06981023038107245,9,0.9300757966762863
рога,NOUN,0.9268953230042426,4,0.3686201979776811,11,0.5582751250265615
рода,NOUN,0.9995051351405347,5,0.605667172666375,7,0.3938379624741597
роде,NOUN,0.414251848088504,2,0.5941005394412214,20,-0.17984869135271742
родила,VERB,0.9999806288815856,2,0.3865214063538985,18,0.6134592225276871
роду,NOUN,0.9966746794301238,3,0.300284359662833,7,0.6963903197672907
роли,NOUN,0.9910541417344909,5,0.486142341219672,5,0.504911800514819
роль,NOUN,0.9993138283617492,5,0.34931311312519947,10,0.6500007152365497
ролях,NOUN,0.9318134082981753,6,0.2518731160491263,8,0.679940292249049
рост,NOUN,0.9933058218993089,7,0.5134378038594305,10,0.47986801803987844
росту,NOUN,0.172108113678504,3,0.3955157347557439,11,-0.2234076210772399
рот,NOUN,0.8538015026111477,10,0.2789021633780172,9,0.5748993392331305
рта,NOUN,0.9999155681709514,3,0.5908626922532904,17,0.40905287591766104
рты,NOUN,0.513691560090879,1,0.43049276018018484,11,0.08319879991069418
рубежа,NOUN,0.46199519335695866,5,0.12252983655559181,4,0.33946535680136686
рук,NOUN,0.9141161513275423,27,0.3201010332438946,15,0.5940151180836477
рука,NOUN,0.9480470742767645,3,0.42861376126199446,12,0.51943331301477
рукава,NOUN,0.8656991106860783,6,0.4306759893420004,7,0.4350231213440779
рукам,NOUN,0.1414160163963198,5,0.3835888880787404,14,-0.24217287168242063
руками,NOUN,0.9695718094992881,28,0.4592531125603082,13,0.5103186969389799
руках,NOUN,0.6162752519356026,10,0.38199102958643366,3,0.23428422234916896
руки,NOUN,0.8151361406514323,46,0.3128351070726198,12,0.5023010335788125
руководством,NOUN,0.6798986795571756,10,0.02222373776079074,6,0.6576749417963849
рукой,NOUN,0.8742150695111047,17,0.6145855557879877,18,0.25962951372311704
руку,NOUN,0.8355807885700891,17,0.5808869606061333,20,0.2546938279639558
рулем,NOUN,0.49363435193134503,1,0.00036685669343750006,2,0.4932674952379075
руля,NOUN,0.8522513788769097,6,0.2868308271728233,11,0.5654205517040864
русло,NOUN,0.7514592708614757,3,0.24037200253898763,7,0.5110872683224881
ручья,NOUN,0.9572611312450023,3,0.06707377836947262,13,0.8901873528755297
ряд,NOUN,0.7893932516142751,11,0.4262680481741296,9,0.3631252034401455
ряда,NOUN,0.8501687707257424,3,0.028477295201414003,2,0.8216914755243284
рядом,ADVB,0.999596088071925,5,0.19633468092297893,12,0.8032614071489461
ряду,NOUN,0.494543655875459,4,0.39182157005481955,4,0.10272208582063946
с,PREP,0.9349739253671969,787,0.9420126478436265,13,-0.00703872247642956
сам,ADJF,0.5658589285978358,41,0.444223635647094,16,0.12163529295074182
сама,ADJF,0.20366183318784697,5,0.33165471321359025,11,-0.12799288002574327
самая,ADJF,0.6407445675200649,8,0.6685939626085806,14,-0.027849395088515694
сами,ADJF,0.4521543140327025,10,0.28165925241724177,12,0.17049506161546074
само,ADJF,0.9956371350707396,4,0.4498275765192752,15,0.5458095585514644
самое,ADJF,0.9463910049885773,18,0.8444605670174495,16,0.10193043797112777
самой,ADJF,0.6120820715472606,2,0.27545077617515,7,0.33663129537211056
самом,ADJF,0.9555280624952597,13,0.7405070790214173,8,0.21502098347384235
самому,ADJF,0.00010220470651100001,1,0.2468652969968637,11,-0.24676309229035268
саму,ADJF,0.8516405184758921,1,0.11980581712725644,7,0.7318347013486356
самую,ADJF,0.980674926306704,1,0.5269615913164172,9,0.4537133349902869
самые,ADJF,0.9925132219850931,7,0.4256366785591013,6,0.5668765434259917
самый,ADJF,0.9105218141932195,17,0.5523470653202517,15,0.35817474887296785
самым,ADJF,0.9912763198947986,2,0.6833223714039586,9,0.30795394849084
самых,ADJF,0.9812561042646051,5,0.5540267983972387,7,0.4272293058673664
сахар,NOUN,0.3581370358250605,2,0.13762164717604108,8,0.22051538864901943
свежий,ADJF,0.9839887042301031,1,0.12358366972215293,13,0.8604050345079501
свежую,ADJF,0.9371570270480397,3,0.047609016892492084,8,0.8895480101555476
сверх,PREP,0.5910439873660442,7,0.09018674705169333,9,0.500857240314351
сверху,ADVB,0.5798746511048362,6,0.16345017012008356,5,0.4164244809847526
свет,NOUN,0.7350618533895812,17,0.33995721004065244,16,0.39510464334892875
свете,NOUN,0.6895242748384043,15,0.6323442097153441,12,0.057180065123060175
светит,VERB,0.23155948157757733,3,0.23191144770860517,18,-0.0003519661310278366
свинья,NOUN,0.936566260697949,2,0.04255462232962267,21,0.8940116383683263
свободе,NOUN,0.590962541292492,1,0.09133694118169565,12,0.4996256001107964
свободен,ADJS,0.011711125003724001,1,0.12928798992548085,18,-0.11757686492175685
свободное,ADJF,0.04940246680938941,5,0.19662769988244472,10,-0.1472252330730553
сводит,VERB,0.8441242281013945,2,0.5618349660597776,14,0.282289262041617
свое,ADJF,0.31281692921793947,24,0.43419632383294504,9,-0.12137939461500558
своего,ADJF,0.9923118204046253,5,0.4216418742248518,11,0.5706699461797735
своей,ADJF,0.9733074056204161,12,0.7039497890585935,5,0.26935761656182255
своем,ADJF,0.4839392786853809,10,0.4542971322760581,11,0.029642146409322778
своему,ADJF,0.9335874900680698,3,0.6338134519422663,7,0.2997740381258035
свои,ADJF,0.8518154877749278,4,0.37452968449657903,3,0.47728580327834874
своим,ADJF,0.840714399529,10,0.6561033101564675,7,0.18461108937253246
своими,ADJF,0.9935672368373907,2,0.6815391825671913,10,0.3120280542701994
своих,ADJF,0.7274343943847246,6,0.374171025852586,5,0.3532633685321386
свой,ADJF,0.9212608964968018,6,0.5874165974118276,13,0.33384429908497415
свойство,NOUN,0.6718277601092373,4,0.10221334562445522,11,0.5696144144847821
свою,ADJF,0.9505686509024763,9,0.43128415996588637,11,0.5192844909365899
своя,ADJF,0.9968934308034041,1,0.4587017278623889,19,0.5381917029410153
связи,NOUN,0.9687808934545667,5,0.49853547790676056,6,0.4702454155478062
святое,ADJF,0.001315690357397,1,0.0683973294508941,18,-0.06708163909349711
святых,ADJF,0.968918487509223,3,0.5977510336441576,8,0.37116745386506544
сдается,VERB,0.3006747690187053,3,0.3357483344487436,14,-0.035073565430038256
сделай,VERB,0.6068896002504557,3,0.4591163605989035,14,0.1477732396515522
сделайте,VERB,0.9669506270012086,2,0.3631174537089393,12,0.6038331732922693
сделалась,VERB,0.0004270098177417592,2,0.006990917278395353,14,-0.006563907460653594
сделалось,VERB,5.151658919753429e-05,1,0.016798687369436814,14,-0.016747170780239278
сделался,VERB,0.003868628562991,2,0.006077758917309965,17,-0.002209130354318965
сделать,INFN,0.017103708157948,1,0.36243894306278535,9,-0.34533523490483736
се,NPRO,0.3386297356869876,9,0.3410075563167261,16,-0.0023778206297384585
себе,NPRO,0.6914708070251572,71,0.6018360549465914,12,0.08963475207856575
себя,NPRO,0.8460140565758011,51,0.679134411870958,15,0.16687964470484307
сего,NPRO,0.9975993875458976,8,0.060169093812463,7,0.9374302937334346
сегодня,ADVB,0.5915627398227092,11,0.10080674444223646,18,0.49075599538047276
сегодняшний,ADJF,0.9948976315918294,3,0.8072600568356407,10,0.1876375747561887
седьмого,ADJF,0.342193522698843,3,0.03976972794078185,13,0.30242379475806114
сей,ADJF,0.9937786179080643,5,0.10939208279043461,8,0.8843865351176297
сейчас,ADVB,0.49922466959201417,8,0.12219749604783185,17,0.3770271735441823
секунды,NOUN,0.9487357446647989,5,0.17355942019895026,10,0.7751763244658487
семью,NOUN,0.7814598358567363,3,0.14582970790958544,13,0.6356301279471508
сердца,NOUN,0.9949062659334937,3,0.39056042927075857,12,0.6043458366627352
сердце,NOUN,0.3850307483802303,7,0.29663847798161286,13,0.08839227039861747
сердцем,NOUN,0.8953529124618179,17,0.2670320592959541,14,0.6283208531658638
сердцу,NOUN,0.104223381291557,1,0.41351894138152073,9,-0.30929556008996373
серьезно,ADVB,0.031495607105002,1,0.12462646742097361,17,-0.0931308603159716
сидеть,INFN,0.9614900054009491,1,0.3037813059195221,13,0.657708699481427
сидит,VERB,0.7415113532647333,4,0.10965229711206621,10,0.631859056152667
сидишь,VERB,0.04102688487494,1,0.23341982726104496,16,-0.19239294238610496
сил,NOUN,0.8265306239535308,10,0.29713207995305085,5,0.52939854400048
силам,NOUN,0.4027982320397029,5,0.33032332737817527,4,0.07247490466152762
силами,NOUN,0.9181116529081507,5,0.46214075957484446,9,0.4559708933333062
силах,NOUN,0.085108387909198,3,0.23438841467910598,8,-0.14928002676990798
силе,NOUN,0.6697844793947398,5,0.2219320158017482,9,0.44785246359299163
силой,NOUN,0.8012100838246425,2,0.43233452528906946,16,0.3688755585355731
силою,NOUN,0.00045673129774900003,1,0.680717201632813,1,-0.680260470335064
силу,NOUN,0.7112439498902875,21,0.17859340980149818,6,0.5326505400887893
силы,NOUN,0.995800542563705,6,0.19160445035781826,9,0.8041960922058867
сильно,ADVB,0.2392132804386078,9,0.3286722036030279,13,-0.08945892316442011
синим,ADJF,0.8287534211720065,3,0.30373671882037295,14,0.5250167023516334
скажем,CONJ,0.5356121685600513,9,0.004052190888995001,4,0.5315599776710563
скажет,VERB,0.419485502424304,4,0.06989819260185083,16,0.3495873098224532
скажете,VERB,0.118475467377692,2,0.19836994390959606,31,-0.07989447653190405
скажешь,VERB,0.27479789656745607,5,0.2792249597213195,30,-0.004427063153863431
скажи,VERB,0.2140212027176055,11,0.38728070294562117,12,-0.17325950022801567
скажите,VERB,0.8358579675153767,3,0.1209853299393515,4,0.7148726375760251
скажу,VERB,0.8386564088628303,7,0.2574670092009474,21,0.5811893996618829
сказал,VERB,0.6745201169196273,13,0.4031094341759244,20,0.27141068274370295
сказала,VERB,0.053002948653287,1,0.23049981744364295,21,-0.17749686879035595
сказать,INFN,0.6418159659545946,44,0.46662776843227416,13,0.1751881975223204
сказке,NOUN,0.16786617143574123,5,0.17386463743921504,17,-0.005998466003473812
скамьи,NOUN,0.9693735441483594,3,0.1481849214588568,13,0.8211886226895027
сквозь,PREP,0.3851910016893953,8,0.34590457335991065,8,0.039286428329484646
склоне,NOUN,0.39403561919567137,3,0.06984914406226089,9,0.3241864751334105
сколь,ADVB,0.6438870000226923,8,0.284608103569922,7,0.3592788964527703
сколько,ADVB,0.7215802431812811,40,0.6924380202735554,19,0.029142222907725723
скорее,CONJ,0.599947513966183,22,0.31935283028148775,14,0.2805946836846952
скорей,COMP,0.034165914280426334,3,0.01497903792971913,19,0.019186876350707205
скоро,ADVB,0.4996403902497158,8,0.3158868164741061,18,0.1837535737756097
скором,ADJF,0.9887434678544192,5,0.2183420920136785,8,0.7704013758407408
скорую,ADJF,0.9992523480856633,3,0.32662447146672885,5,0.6726278766189344
скрипом,NOUN,0.40461761969341237,3,0.18394483521845484,6,0.22067278447495753
слабости,NOUN,0.002539300355343667,3,0.09475321950465337,15,-0.09221391914930971
слабость,NOUN,0.011463672692755,1,0.08946814097724233,13,-0.07800446828448733
слава,NOUN,0.9578078584641567,5,0.7376463672665898,24,0.2201614911975669
славный,ADJF,0.0065338878129800005,1,0.038621633417015085,18,-0.03208774560403509
славу,NOUN,0.7559267378669373,8,0.577243665095943,4,0.17868307277099427
слегка,ADVB,0.013199326329555002,5,0.04433767194589078,13,-0.031138345616335775
след,NOUN,0.9999659077904756,5,0.2894768529074347,17,0.7104890548830409
следа,NOUN,0.4877433488016844,3,0.47134218193494354,15,0.01640116686674087
следам,NOUN,0.999873897362353,3,0.14325672222378816,8,0.8566171751385648
следовало,VERB,0.09360148938899,2,0.2859486004195137,10,-0.1923471110305237
следует,VERB,0.2907677855094684,13,0.07488264183624121,10,0.2158851436732272
следующим,ADJF,0.9496618570959832,2,0.645729593936795,11,0.3039322631591882
слез,NOUN,0.5229882740787978,8,0.1036887748447665,16,0.41929949923403126
слезах,NOUN,0.26715870740920433,3,2.9861699101127223e-05,2,0.2671288457101032
слишком,ADVB,0.7236930463235993,8,0.23354361336675353,12,0.49014943295684577
слов,NOUN,0.5650452605739452,9,0.4734765662506718,8,0.09156869432327341
слова,NOUN,0.8316655659667842,37,0.3699229435764608,17,0.4617426223903234
словами,NOUN,0.9994983467190997,7,0.7187563052540082,8,0.2807420414650914
словах,NOUN,0.9011706045966064,8,0.25170340145962766,13,0.6494672031369787
слове,NOUN,0.998065971017311,8,0.5781257768528054,12,0.41994019416450556
словно,CONJ,0.32782200535666045,5,0.09197787977812201,7,0.23584412557853845
слово,NOUN,0.8609054425753373,27,0.42937486412783554,16,0.43153057844750176
словом,NOUN,0.8313827103515915,11,0.5718883271252756,2,0.2594943832263159
слову,NOUN,0.9410860528614323,7,0.516239312283727,9,0.42484674057770533
сложилось,VERB,0.299799803062818,2,0.3060881651997869,9,-0.0062883621369688725
слом,NOUN,0.1671050752454737,3,0.00195421179339788,13,0.1651508634520758
слух,NOUN,0.8043713601414374,3,0.27400747084613297,14,0.5303638892953044
слухам,NOUN,0.7182847994120971,5,0.010354007936792439,3,0.7079307914753047
слухи,NOUN,0.9777386755739675,5,0.26897185052211187,11,0.7087668250518557
случай,NOUN,0.774728061462412,12,0.38947604144637826,25,0.38525202001603376
случаю,NOUN,0.9195043996575739,9,0.086271708837385,2,0.8332326908201889
случая,NOUN,0.9930555215700096,5,0.09500989951086303,15,0.8980456220591466
случилось,VERB,0.17307710873502802,3,0.09339141179903569,16,0.07968569693599233
слышать,INFN,0.867410558880518,5,0.3963776996335303,15,0.4710328592469877
смей,VERB,0.38969714510750236,3,0.002775979414852,1,0.38692116569265034
смерти,NOUN,0.5576152289691453,10,0.49769862293878386,14,0.05991660603036142
смерть,NOUN,0.998602793445697,3,0.14677149506333376,15,0.8518312983823633
смеха,NOUN,0.26797830303794024,5,0.1255451242542706,19,0.14243317878366962
смеху,NOUN,5.614406496592564e-06,1,0.328609634626233,17,-0.3286040202197364
смешного,ADJF,0.2538719829477387,9,0.09392054158464906,21,0.15995144136308964
смею,VERB,0.038212643637616006,1,0.04171819866851893,16,-0.0035055550309029265
смогли,VERB,0.344505830473179,1,0.31543127727094267,8,0.029074553202236342
смогу,VERB,0.854877792160826,1,0.23486053962274955,24,0.6200172525380765
смотрел,VERB,0.881887376526941,1,0.3120998834845169,13,0.5697874930424242
смотрела,VERB,0.009154453251731,1,0.2645096960854108,19,-0.25535524283367983
смотреть,INFN,0.6207180205508042,8,0.19287501706739074,19,0.4278430034834134
смотри,VERB,0.30983666264679366,3,0.061426530991196084,12,0.24841013165559758
смотрите,VERB,0.1902074616733545,2,0.08477659030395095,16,0.10543087136940356
смотрю,VERB,0.38676061690739705,5,0.20841234978525963,8,0.17834826712213742
смотря,GRND,0.14573461657686967,3,0.5099871905025128,14,-0.36425257392564314
смотрят,VERB,0.9530803288390781,1,0.36735386889366967,17,0.5857264599454084
смысл,NOUN,0.9204607837306427,10,0.4428303683809914,9,0.4776304153496513
смысле,NOUN,0.5583032046115131,21,0.48018306562969704,1,0.07812013898181602
снаружи,ADVB,0.32653432983363134,3,0.17891960873536591,19,0.14761472109826543
снег,NOUN,0.9761825759384019,3,0.23897851530626696,16,0.7372040606321348
снизу,ADVB,0.9150842086920501,3,0.24531614664179127,11,0.6697680620502588
снова,ADVB,0.8413457514030958,12,0.08451934378446693,26,0.7568264076186288
сняла,VERB,0.053786137851478004,1,0.202261580522603,15,-0.148475442671125
снять,INFN,0.3573503044650037,3,0.4038666973325073,11,-0.046516392867503586
со,PREP,0.9694859635957767,71,0.8198070344929675,9,0.1496789291028091
собак,NOUN,0.9965303297438448,4,0.27351029194289517,16,0.7230200378009497
собака,NOUN,0.5210394207685848,3,0.19618744428304996,18,0.3248519764855348
собаку,NOUN,0.9768583924295079,5,0.10488840939321233,14,0.8719699830362956
собой,NPRO,0.7102249135860793,29,0.9275126598689756,9,-0.21728774628289627
собрать,INFN,0.4415739793859224,3,0.1967000128758483,13,0.24487396651007412
собственно,PRCL,0.13863414977455002,3,0.29313069149050736,9,-0.15449654171595734
собственной,ADJF,0.9723368445502196,5,0.20735864052854172,7,0.7649782040216779
собственности,NOUN,0.30835126132975865,5,0.648765199791781,5,-0.3404139384620224
собственность,NOUN,0.5840348185543668,5,0.17587379239154843,15,0.40816102616281835
совершенно,ADVB,0.1396010301543314,5,0.14416997739653253,13,-0.004568947242201138
совершенное,ADJF,0.00196937579281,1,0.03656326113496781,7,-0.03459388534215781
совершенной,ADJF,0.000989137378005,1,0.015750773606846003,5,-0.014761636228841003
совершил,VERB,0.5896008587565575,2,0.46366333152184186,9,0.12593752723471568
совести,NOUN,0.6646070279417299,12,0.43242042542391834,17,0.23218660251781154
совесть,NOUN,0.17678333042352334,3,0.15670194376210062,19,0.02008138666142273
совестью,NOUN,0.2098827584926947,3,0.2575458625190603,14,-0.047663104026365616
совсем,ADVB,0.4938062522318383,28,0.24363823433598666,18,0.25016801789585164
согласно,PREP,0.2631607566266916,5,0.1469191976001705,4,0.11624155902652109
создан,PRTS,0.5313843156812113,5,0.19320182515658588,7,0.33818249052462535
сознания,NOUN,0.7476594821565634,5,0.17825481980725552,8,0.5694046623493079
сойдет,VERB,0.704020588594459,1,0.28130335381926797,13,0.4227172347751911
сойти,INFN,0.8690262154031864,14,0.7167023173738928,21,0.15232389802929358
солдаты,NOUN,0.15493210763413803,3,0.15727737328262964,16,-0.002345265648491607
соль,NOUN,0.037653565388100003,1,0.13316294976049298,11,-0.09550938437239298
сомневаться,INFN,0.7511916468948809,5,0.3735041979597649,16,0.377687448935116
сомнения,NOUN,0.7301602613175525,10,0.37879196160781686,11,0.35136829970973565
сообщению,NOUN,0.08844064454173334,3,0.014150953938650334,6,0.074289690603083
сорт,NOUN,0.34074918341303556,2,0.07269639999609742,14,0.26805278341693817
сорта,NOUN,0.4860615012586245,4,0.14325913152045555,9,0.34280236973816897
составит,VERB,0.7709650517770903,5,0.15626910377791417,7,0.6146959479991762
состоянии,NOUN,0.7363774682679785,7,0.7049816658580366,7,0.031395802409941886
сотни,NOUN,0.027049698249532503,2,0.2212482645624396,12,-0.1941985663129071
соусом,NOUN,0.46187747164289106,3,0.15160278682865416,7,0.3102746848142369
сохранности,NOUN,0.9983430176329201,3,0.14692444445182648,6,0.8514185731810936
сочла,VERB,0.798836461136567,1,0.21664559763074975,8,0.5821908635058173
сочли,VERB,0.5467040404587601,1,0.15424290244270575,8,0.3924611380160543
сошлись,VERB,0.23631138102593502,4,0.16107168981992478,14,0.07523969120601023
спас,VERB,0.8650402008883301,1,0.08130269116022334,21,0.7837375097281067
спасибо,INTJ,0.6675640266719497,16,0.4575331557705969,31,0.2100308709013528
спасли,VERB,0.9936582474073251,1,0.280848658851545,24,0.7128095885557801
спасти,INFN,0.974555580858196,1,0.19583314081846065,17,0.7787224400397355
спеша,GRND,0.7180005412235525,3,0.027243034934841242,3,0.6907575062887112
спиной,NOUN,0.8917886278306293,14,0.024753341576948987,2,0.8670352862536803
спит,VERB,0.996628565305687,2,0.18847122539356306,19,0.8081573399121239
сплошная,ADJF,0.018464061566393002,1,0.1612898870188772,16,-0.1428258254524842
сплошной,ADJF,0.17585391565517136,3,0.026115540569156086,12,0.14973837508601529
сплошные,ADJF,0.095067351098591,1,0.06935358835219108,14,0.02571376274639993
сплошь,ADVB,0.997652180543063,4,0.010250624311668245,9,0.9874015562313948
спокойной,ADJF,0.9946843359293066,3,0.4786214964629802,12,0.5160628394663265
спокойным,ADJF,0.933857323748375,3,0.04538120496502182,11,0.8884761187833532
спора,NOUN,0.00017740362511700002,1,0.06665692689769756,11,-0.06647952327258055
способен,ADJS,0.4940441428236596,5,0.035744687517789,8,0.4582994553058706
справедливости,NOUN,0.004769251916510586,3,0.02350677721399596,10,-0.018737525297485375
спроса,NOUN,0.11638962300645099,5,0.39512128672512925,13,-0.27873166371867825
спроси,VERB,0.766568899980532,1,0.291915433899517,18,0.474653466081015
спросите,VERB,0.9395039374682591,1,0.34376694193251817,25,0.595736995535741
спустя,PREP,0.9939015280897896,2,0.3004006700392058,8,0.6935008580505838
спят,VERB,0.9963860461297591,1,0.15324492322481353,15,0.8431411229049456
сравнении,NOUN,0.9418570059758338,3,0.46183497460785755,3,0.4800220313679762
сравнению,NOUN,0.998696493685542,5,0.008606368400029001,1,0.990090125285513
сразу,ADVB,0.6875305906063192,12,0.2366384547819535,14,0.45089213582436566
среде,NOUN,0.556338456076122,5,0.4714512306687165,2,0.08488722540740545
среди,PREP,0.31080850960914697,13,0.3774443677780189,7,-0.06663585816887191
среднего,NOUN,0.4493218474030157,3,0.46334444669745994,6,-0.014022599294444271
средней,ADJF,0.9420667691108551,3,0.047187126524465,1,0.8948796425863901
среднем,NOUN,0.8769684631624395,5,0.6786025199144018,4,0.1983659432480377
средних,ADJF,0.9529903740024107,3,0.5118965371421281,8,0.4410938368602826
среды,NOUN,0.076425887712288,4,0.5354474185989042,5,-0.45902153088661624
средь,PREP,0.787266061670568,3,0.0273101642693793,11,0.7599558974011887
сродни,PREP,0.5614811496160257,5,0.32393824971766516,14,0.23754289989836053
срок,NOUN,0.3969229829364367,8,0.5237251252307509,18,-0.1268021422943142
ставил,VERB,0.9822854816391421,1,0.044025386562436264,14,0.9382600950767058
ставила,VERB,0.9832994217119561,1,0.05298196084503466,11,0.9303174608669214
ставили,VERB,0.6608545283161618,3,0.08805349858277876,8,0.572801029733383
ставит,VERB,0.8978259706796231,1,0.4064650525011431,13,0.49136091817848
ставить,INFN,0.9182688795534762,6,0.3230048375507728,10,0.5952640420027034
ставлю,VERB,0.46876544188505204,1,0.12189055349099957,15,0.34687488839405245
ставят,VERB,0.757993858609007,4,0.3673222000871264,10,0.3906716585218806
стадо,NOUN,0.982760245509762,5,0.36861112571783206,10,0.61414911979193
стал,VERB,0.7997666494569358,9,0.3288304387375662,11,0.4709362107193696
стала,VERB,0.33036259688074404,1,0.21598180208033002,8,0.11438079480041402
стали,VERB,0.517852726734844,3,0.46086492533640505,6,0.0569878013984389
стало,VERB,0.9277495927419278,8,0.34750936911238567,11,0.5802402236295421
станут,VERB,0.005750364192699001,1,0.032276884550844875,8,-0.026526520358145875
старое,NOUN,0.270259461938635,3,0.28407281761019304,11,-0.013813355671558059
старой,ADJF,0.9863904774178934,3,0.10857972932251145,7,0.877810748095382
стати,NOUN,0.9707378418406598,5,0.5413741106509409,20,0.42936373118971893
статьям,NOUN,0.5199673357922961,6,0.6108889237292346,7,-0.0909215879369385
стенах,NOUN,0.7241286955910781,7,0.3602724443332397,12,0.3638562512578384
стене,NOUN,0.008347395522817,1,0.2803588409144665,8,-0.2720114453916495
стенку,NOUN,0.754846395803477,1,0.13294556782379563,16,0.6219008279796814
стеной,NOUN,0.26320870354271164,5,0.34216805950184104,12,-0.0789593559591294
степени,NOUN,0.4453077475389377,20,0.7532970323286527,9,-0.30798928478971505
стиле,NOUN,0.4275397420558685,5,0.00778582774789,1,0.4197539143079785
сто,NOUN,0.5413083432027724,30,0.022421367508345075,13,0.5188869756944273
стоил,VERB,0.7666290774776591,1,0.10956039187875873,17,0.6570686855989003
стоила,VERB,0.049031461212906004,1,0.262738483350643,17,-0.21370702213773698
стоило,VERB,0.5099050722649936,4,0.2957055616164307,13,0.2141995106485629
стоит,VERB,0.5953419791759241,47,0.47944931606018354,12,0.11589266311574059
столетия,NOUN,0.009177854302617,1,0.0503473191633085,2,-0.0411694648606915
столом,NOUN,0.790472565884069,5,0.22243827900343394,13,0.5680342868806351
столь,ADVB,0.9226851997051353,4,0.1430303492836916,10,0.7796548504214437
столько,ADVB,0.757102862142147,9,0.33799340686564794,8,0.419109455276499
стороне,NOUN,0.661928163299912,11,0.5249343068503562,5,0.13699385644955575
сторону,NOUN,0.889686668170008,8,0.5407549075967706,7,0.3489317605732374
стороны,NOUN,0.9745322575818532,24,0.8040253570024487,11,0.17050690057940454
стою,VERB,0.394270920135937,1,0.1964927705615089,16,0.1977781495744281
стоял,VERB,0.816923859861271,1,0.21859038104375178,15,0.5983334788175192
стояла,VERB,0.07684258754492868,3,0.18389922436896086,19,-0.10705663682403219
стоят,VERB,0.28143347431625704,2,0.5105537746971426,12,-0.22912030038088554
страже,NOUN,0.5478822596985355,2,0.0018909598055441442,5,0.5459912998929914
страха,NOUN,0.5421581551949444,3,0.17093051536426976,17,0.37122763983067464
страхом,NOUN,0.4996533582837682,5,0.22671907724003776,11,0.27293428104373046
страшен,ADJS,0.027770926607063005,2,0.24731540235484856,17,-0.21954447574778554
страшная,ADJF,0.0661665334773,2,0.07282551608656905,24,-0.006658982609269046
страшно,ADVB,0.014530710902252506,7,0.04832645773601295,19,-0.033795746833760444
страшное,ADJF,0.17539735319414904,3,0.11974205742985422,17,0.055655295764294815
страшной,ADJF,0.6983354021060251,4,0.11363558543471344,8,0.5846998166713117
страшный,ADJF,0.006158339020423001,1,0.06894192725886682,21,-0.06278358823844382
строго,ADVB,0.5308465791877496,2,0.12041925479301417,11,0.4104273243947354
стряслось,VERB,0.0012937196688720001,1,0.01108272420104207,29,-0.00978900453217007
стыда,NOUN,0.06984608905383101,3,0.3179181307516416,10,-0.2480720416978106
стыдно,ADVB,0.5989922229441038,17,0.11473759171882567,25,0.4842546312252781
судить,INFN,0.5359557731007689,5,0.3087940822213049,13,0.22716169087946403
судьба,NOUN,0.04517266584963267,3,0.1730607200541519,14,-0.12788805420451924
судя,GRND,0.7706784446228228,4,0.9934925249515556,8,-0.22281408032873284
сумасшедшая,ADJF,0.37527984170681505,1,0.029635792582399064,19,0.345644049124416
сумасшедший,ADJF,0.12773890354599102,1,0.02786258477586389,16,0.09987631877012712
сумеем,VERB,0.018936823678179,1,0.02038273477123198,14,-0.0014459110930529796
сумел,VERB,0.138370336763186,1,0.07656026757876751,8,0.06181006918441849
сумели,VERB,0.0020067986413270004,1,0.037053089736065886,9,-0.035046291094738884
сути,NOUN,0.396084115748411,3,0.3120106275631882,3,0.08407348818522281
суть,VERB,0.04834206201090272,7,0.3243281927448059,12,-0.27598613073390316
существу,NOUN,0.005631039548748,3,0.033237896906441335,3,-0.027606857357693335
сущности,NOUN,0.1214340832891638,5,0.007279795422036823,2,0.11415428786712697
сфере,NOUN,0.000124388632312,1,0.1524618197230916,5,-0.1523374310907796
сходил,VERB,0.79784806139146,2,0.14773464094849975,19,0.6501134204429603
счастье,NOUN,0.5430548848933402,6,0.2620099559753309,16,0.2810449289180093
счастью,NOUN,0.7000586315822819,5,0.007213308610804444,2,0.6928453229714774
счел,VERB,0.5041152273638441,1,0.2824942291832616,5,0.22162099818058245
счет,NOUN,0.2230305749785828,10,0.4362061801847606,7,-0.2131756052061778
счета,NOUN,0.23045471007481644,5,0.47136076128826426,13,-0.24090605121344782
счете,NOUN,0.32789401120425404,1,0.2594960139281332,3,0.06839799727612084
счетом,NOUN,0.5171421879113629,8,0.3354491769963442,7,0.18169301091501872
счету,NOUN,0.6575664441048867,3,0.3607364587806364,10,0.2968299853242503
считает,VERB,0.45079383117457006,1,0.003721943551267667,3,0.4470718876233024
считал,VERB,0.294647145046457,1,0.07868163579497471,10,0.21596550925148228
считали,VERB,0.18896441072396603,1,0.018302445847190603,10,0.17066196487677543
считанные,PRTF,0.455838800256379,5,0.4899516477315219,11,-0.03411284747514287
считать,INFN,0.9908334960542436,5,0.3683452891558684,10,0.6224882068983753
считая,GRND,0.7799856467364686,5,0.30536154598693777,3,0.4746241007495309
съел,VERB,0.9167080769904474,5,0.09363259112049509,12,0.8230754858699524
сюда,ADVB,0.6955891521302366,4,0.2524059984993379,11,0.4431831536308987
т,ADVB,0.99981109243427,2,0.5047099450089375,8,0.4951011474253325
та,ADJF,0.7428895956955395,4,0.3287209509992757,9,0.4141686446962638
так,CONJ,0.7046810097552081,329,0.5382237707196798,13,0.16645723903552834
такая,ADJF,0.4601986029749892,16,0.38589961266240386,19,0.07429899031258536
также,PRCL,0.50129070743683,11,0.06186219278137334,14,0.4394285146554567
таки,PRCL,0.00029850837451700005,1,0.34368386471582885,13,-0.34338535634131184
такие,ADJF,0.4338466238829659,13,0.48281093155467064,23,-0.04896430767170473
таким,ADJF,0.784031787769426,17,0.31333297175727504,5,0.4706988160121509
таких,ADJF,0.9211059860484501,1,0.33239956236063833,13,0.5887064236878117
таков,ADJS,0.6914660123667934,3,0.09013393740189045,9,0.6013320749649029
таковой,ADJF,0.7032480422193808,4,0.0012768822573201272,6,0.7019711599620606
такого,ADJF,0.6113391294453275,4,0.3035718547314219,10,0.30776727471390564
такое,ADJF,0.7238532224324185,8,0.4277428527980433,16,0.29611036963437515
такой,ADJF,0.6155337625256824,41,0.45349430761681636,11,0.162039454908866
такт,NOUN,0.6514184114363321,3,0.0668537295999193,4,0.5845646818364127
такую,ADJF,0.9952508303202796,2,0.2846348935104962,11,0.7106159368097834
там,ADVB,0.6721132252730128,47,0.2353553646614212,19,0.43675786061159155
твои,ADJF,0.447212309289416,1,0.20626732419614086,23,0.24094498509327517
твоя,ADJF,0.09789585249440301,2,0.1935796365804176,20,-0.09568378408601459
те,ADJF,0.9759889561959216,4,0.400069722795852,8,0.5759192334000696
тебе,NPRO,0.39920915138804236,10,0.1925497861911375,25,0.20665936519690487
текстом,NOUN,0.9969187479153571,6,0.4290362712721275,8,0.5678824766432296
текущий,ADJF,0.031767046496361,2,0.077711057719784,6,-0.045944011223422995
теле,NOUN,0.14437853663150302,3,0.18652333812429944,7,-0.042144801492796424
тело,NOUN,0.9964236953922004,3,0.21733114038894322,5,0.7790925550032572
телом,NOUN,0.6905750124358341,3,0.2760554129078436,12,0.4145195995279905
тем,CONJ,0.8563400666120078,53,0.6255420565816875,6,0.2307980100303203
теме,NOUN,0.0727871113304416,10,0.1350303089878458,14,-0.06224319765740419
темпе,NOUN,0.03737171505043247,2,0.002222942666877,1,0.035148772383555474
тему,NOUN,0.44703101482703733,14,0.14491738787284844,22,0.30211362695418886
темы,NOUN,0.27789666024583864,3,0.20081682745724633,15,0.07707983278859232
тени,NOUN,0.3603546748370978,5,0.18452593614919988,13,0.17582873868789795
теперь,ADVB,0.6840338367631565,5,0.20197065169336986,31,0.4820631850697867
тепло,ADVB,0.14479793492718132,3,0.1690668872497613,16,-0.024268952322579973
теста,NOUN,0.7532923812884977,3,0.31366541815608984,9,0.4396269631324079
тех,ADJF,0.7838666491246394,15,0.6217913021782017,6,0.16207534694643777
течение,NOUN,0.5143095099782066,5,0.0037376944032810003,1,0.5105718155749256
течением,NOUN,0.8836890155868712,3,0.40678068345051344,11,0.47690833213635775
типа,NOUN,0.3183561426552612,5,0.05542954743586591,9,0.26292659521939526
типу,NOUN,0.6944193450434456,5,0.49979164762771877,4,0.19462769741572683
тихий,ADJF,0.09966291444672,4,0.03340827445862323,13,0.06625463998809678
то,CONJ,0.8932558954880621,261,0.8274754189657775,6,0.06578047652228458
тогда,ADVB,0.8892687817835145,10,0.05179191591394836,17,0.8374768658695662
того,ADJF,0.9214580369865756,132,0.41640660212877306,4,0.5050514348578026
тоже,PRCL,0.6058571976049998,12,0.16488618018798948,24,0.4409710174170103
той,ADJF,0.906188442705855,16,0.642036134514242,4,0.26415230819161295
толк,INTJ,0.9039654049476741,11,0.577390039864647,18,0.3265753650830271
толком,ADVB,0.617729119143084,6,0.17498223421909245,17,0.4427468849239916
толку,NOUN,0.7982611608951987,5,0.23837702832837593,29,0.5598841325668228
толпа,NOUN,0.913780374863548,1,0.21811165335925672,21,0.6956687215042913
толпу,NOUN,0.077267302374007,1,0.12915666338048024,9,-0.051889361006473234
толпы,NOUN,0.540580375538338,1,0.13515815175799076,12,0.4054222237803473
толщиной,NOUN,0.35677782401816105,1,0.5172459181955635,7,-0.1604680941774025
только,ADVB,0.6500148034450243,178,0.3803555675676958,15,0.2696592358773285
том,ADJF,0.9783004240786888,51,0.8976372470496564,7,0.08066317702903236
тому,ADJF,0.9822960613774828,29,0.5232766766001837,10,0.4590193847772991
тонны,NOUN,0.17152283426763332,5,0.29967421518788007,10,-0.12815138092024675
торопиться,INFN,0.6144717096933211,1,0.05471936563941535,25,0.5597523440539057
тот,ADJF,0.9259345125545062,12,0.5410141748032046,7,0.38492033775130163
тотчас,ADVB,0.0015969593360192762,5,0.0013954145460858482,15,0.00020154478993342803
точка,NOUN,0.04166203840901,5,0.4004707952498181,18,-0.3588087568408081
точки,NOUN,0.9988804360630077,5,0.7512592402343655,5,0.24762119582864217
точку,NOUN,0.6595884479802319,9,0.593385645803421,17,0.06620280217681085
точнее,CONJ,0.41187268177851755,2,0.058978129152854004,3,0.35289455262566355
точно,ADVB,0.39261831723688045,21,0.21865697422148306,20,0.1739613430153974
точности,NOUN,0.5889890893528188,4,0.08839686355931432,6,0.5005922257935045
тошно,ADJS,0.3297162294874524,5,0.05522816709849059,26,0.2744880623889618
тощий,ADJF,0.000830609152099,3,0.019486492062657314,10,-0.018655882910558315
трава,NOUN,0.9999529145487651,1,0.3461770548679279,11,0.6537758596808372
требованиям,NOUN,0.8057855074063773,4,0.5753220593021625,6,0.23046344810421482
треском,NOUN,0.3760851741219673,8,0.23562097581635302,3,0.14046419830561427
трети,NOUN,0.9144214549717911,1,0.25311566794429885,10,0.6613057870274922
треть,NOUN,0.35441913256607205,1,0.06824981412513376,4,0.2861693184409383
третьем,ADJF,0.802086988666145,3,0.25254805243906125,9,0.5495389362270837
три,NUMR,0.9691080403181974,8,0.274170169886626,16,0.6949378704315714
триста,NUMR,0.001118128370362,2,0.11691233206810338,16,-0.11579420369774138
труд,NOUN,0.8678720940880371,5,0.19706231701085455,11,0.6708097770771826
труда,NOUN,0.7815015705166921,8,0.3698531003633308,8,0.4116484701533613
трудом,NOUN,0.9685386585963235,6,0.5289068890593497,3,0.4396317695369738
труп,NOUN,0.9210624549993924,3,0.10156297557376621,20,0.8194994794256262
туда,ADVB,0.7261810268725257,16,0.3840633220690292,17,0.3421177048034965
тут,ADVB,0.5684016039751476,46,0.29735231586851296,25,0.27104928810663464
тучи,NOUN,0.6859048894922041,1,0.05922604029972185,8,0.6266788491924822
ты,NPRO,0.6257580939228489,18,0.38334683921540386,22,0.242411254707445
тыл,NOUN,0.46645319831313437,3,0.08602529320255368,10,0.38042790511058067
тыла,NOUN,0.29504476523677053,4,0.1507256307688872,9,0.14431913446788333
тылу,NOUN,0.5438956647593226,5,0.2676483118846293,3,0.2762473528746933
тысячи,NOUN,0.12446449306554701,2,0.35878866764141937,9,-0.23432417457587235
тьма,NOUN,0.5010173381711118,4,0.13647764902658865,14,0.36453968914452317
тяжелым,ADJF,0.361609244381137,2,0.09847322017381067,12,0.26313602420732635
тянул,VERB,0.810944885580409,7,0.038912696958478765,18,0.7720321886219302
тянуть,INFN,0.657668147024276,2,0.07189542072078293,24,0.5857727263034931
у,PREP,0.9138467931810316,277,0.6587083432800065,9,0.2551384499010251
убить,INFN,0.252130429183903,4,0.23717575847527697,24,0.014954670708626022
уверенностью,NOUN,0.6214667498675891,3,0.008980211557298001,1,0.6124865383102911
увидите,VERB,0.6296259390537781,2,0.2458881402291572,19,0.3837377988246209
увидишь,VERB,0.9692425302041331,1,0.22771052279646095,28,0.7415320074076721
увы,INTJ,0.11890350072868361,5,0.042430788569390386,13,0.07647271215929322
угла,NOUN,0.9960466380772617,8,0.2919529379440788,17,0.7040937001331828
углом,NOUN,0.7840039531012942,6,0.30576073963237665,18,0.47824321346891757
углу,NOUN,0.6112745158649864,3,0.24797369959360055,19,0.36330081627138583
угодно,ADJS,0.6704888450930571,29,0.5885599537599508,15,0.08192889133310621
угол,NOUN,0.9988525740171681,5,0.4589587293260517,7,0.5398938446911163
удалось,VERB,0.7731863804984483,6,0.5178912787357329,9,0.2552951017627154
ударе,NOUN,0.04440347833747934,3,0.6000027868253662,9,-0.5555993084878869
удивление,NOUN,0.5055483868848626,2,0.11730429901845416,13,0.3882440878664084
удовольствие,NOUN,0.9786084911202857,3,0.5019885613560827,12,0.476619929764203
удовольствием,NOUN,0.6127041782531844,4,0.3693817072989254,9,0.24332247095425896
уж,ADVB,0.6507505247543054,90,0.3394323830081683,30,0.3113181417461371
ужас,NOUN,0.8366431112823536,4,0.09928238730872031,13,0.7373607239736333
ужасная,ADJF,0.020847384325553,1,0.03520049203889272,18,-0.014353107713339721
ужасно,ADVB,0.005341436240520715,7,0.017838543509843756,27,-0.01249710726932304
ужасное,ADJF,0.0290948655810895,2,0.04422021064063397,12,-0.015125345059544472
ужасной,ADJF,0.0017689064279000001,1,0.05413782259854215,14,-0.05236891617064215
ужасный,ADJF,0.137261766239332,1,0.031331979933473066,17,0.10592978630585895
уже,ADVB,0.6900582043567234,27,0.3327273741528795,24,0.3573308302038439
уйти,INFN,0.011979543109072,1,0.20975108207503915,15,-0.19777153896596714
указ,NOUN,0.2908392103977427,3,0.3496845647278789,8,-0.05884535433013621
уклониться,INFN,0.033367458814046,1,0.08659503208159951,7,-0.05322757326755351
укор,NOUN,0.0381981627854554,5,0.018628871687781354,11,0.01956929109767405
улицы,NOUN,0.8659952346157104,3,0.17842668475385445,16,0.6875685498618559
ум,NOUN,0.475033631651665,3,0.22857723060462776,18,0.24645640104703725
ума,NOUN,0.9843307860325398,18,0.7150368079622307,22,0.2692939780703091
уме,NOUN,0.6114191621213242,13,0.3533991371288428,9,0.2580200249924814
умеет,VERB,0.27829542166791943,5,0.2571545515887634,12,0.02114087007915605
умеешь,VERB,0.8428845560956071,1,0.2806108005896075,29,0.5622737555059996
умел,VERB,0.021420412235765,1,0.07040313009454673,15,-0.04898271785878172
умеют,VERB,0.010730919764152,1,0.23879259551111318,14,-0.22806167574696118
умом,NOUN,0.3319210926319457,3,0.2574755929116337,12,0.074445499720312
уму,NOUN,0.13807370808008268,6,0.36862724560978855,11,-0.23055353752970587
умудрился,VERB,0.10434542233239788,5,0.18517974720225652,6,-0.08083432486985864
упор,NOUN,0.41081680902794143,9,0.3492380136872837,2,0.061578795340657744
урок,NOUN,0.5007248894042963,4,0.20449274278693189,16,0.2962321466173644
усилиями,NOUN,0.9635316440946248,3,0.3151112517049835,4,0.6484203923896412
условии,NOUN,0.9876468343910626,4,1.9268346597908044e-05,2,0.9876275660444647
условиям,NOUN,0.5602993786604619,5,0.6293610787286893,7,-0.06906170006822743
условиях,NOUN,0.7205443884122109,5,0.894030430412587,2,-0.1734860420003761
услугами,NOUN,0.9232808669717247,5,0.567823342060618,5,0.3554575249111067
успехом,NOUN,0.9973740614585784,5,0.8869500361988082,8,0.11042402525977024
уст,NOUN,0.9909223672072475,3,0.05607043238875183,7,0.9348519348184956
уста,NOUN,0.9959858050970718,3,0.0457232807847628,5,0.950262524312309
устах,NOUN,0.45953956582034805,6,0.023797454684374005,2,0.43574211113597405
устроила,VERB,0.721886458729844,1,0.16454247272867328,20,0.5573439860011707
устроили,VERB,0.042960441831099504,4,0.16725156217273857,16,-0.12429112034163906
утверждению,NOUN,0.014124038818019002,2,0.016801174717837004,6,-0.002677135899818002
утра,NOUN,0.8357547312594535,8,0.530127840766324,15,0.3056268904931295
уха,NOUN,0.923612981400157,2,0.30777513510844695,12,0.61583784629171
уходит,VERB,0.6160001465963001,2,0.30251315811852353,10,0.31348698847777656
учетом,NOUN,0.6853676514376295,3,0.589006219003533,3,0.09636143243409645
ушел,VERB,0.3141719779428325,2,0.11437645155620398,14,0.19979552638662856
уши,NOUN,0.37069840225379735,9,0.2565625962874893,19,0.11413580596630807
ушли,VERB,0.8456633198962991,1,0.2629993734862689,19,0.5826639464100302
ущерб,NOUN,0.9604615859467116,2,0.5091581876383682,6,0.45130339830834343
факт,NOUN,0.21001151566392404,5,0.43098522718928095,9,-0.22097371152535691
фи,INTJ,0.6441253105664446,2,0.01425359872426639,5,0.6298717118421783
фиг,NOUN,0.015211975748189001,1,0.0640513146976963,24,-0.0488393389495073
флагом,NOUN,0.10959379344416902,3,0.40895215617008646,11,-0.2993583627259174
фонтан,NOUN,0.027410811144112802,5,0.03041991866115988,12,-0.003009107517047079
форме,NOUN,0.3159104128880192,7,0.132000967338474,2,0.1839094455495452
форму,NOUN,0.8793125295612596,4,0.034115813435609876,9,0.8451967161256497
фронте,NOUN,0.9767978240747693,4,0.029974787071038605,15,0.9468230370037307
фрукт,NOUN,0.02350241448519741,3,0.03613588822770446,20,-0.012633473742507048
характер,NOUN,0.9467278629658603,5,0.560051577724068,8,0.3866762852417923
характеризуется,VERB,0.08807914291046119,2,0.11553438728532837,8,-0.027455244374867183
хватает,VERB,0.5156968187956961,7,0.4991144352612956,16,0.016582383534400447
хватало,VERB,0.5011971639556755,11,0.26912792376855704,19,0.23206924018711844
хватило,VERB,0.5012624316034321,10,0.3148973474101267,25,0.18636508419330539
хватит,VERB,0.5937072927590056,24,0.331912366384107,27,0.2617949263748986
хватить,INFN,0.974632802889377,1,0.6513857266996504,25,0.3232470761897266
хвост,NOUN,0.9663154806624273,5,0.2322921299535811,10,0.7340233507088463
хвоста,NOUN,0.04203489255849441,3,0.1115978094689437,11,-0.06956291691044929
хвосте,NOUN,0.16392304957746262,5,0.21761218132059645,14,-0.05368913174313383
хвостом,NOUN,0.08523776389187226,4,0.2878648995925987,16,-0.20262713570072644
хлеба,NOUN,0.9933416330049747,3,0.17975141609585796,13,0.8135902169091167
хлебом,NOUN,0.9943677805258927,3,0.1131913588391696,14,0.881176421686723
хлоп,INTJ,0.015648874754017883,5,0.1050967572064262,20,-0.08944788245240831
ходил,VERB,0.1335502954601285,2,0.04583567615320957,16,0.08771461930691893
ходили,VERB,0.704348898903263,1,0.2797705476762979,12,0.42457835122696513
ходит,VERB,0.6384416935599481,1,0.2912068231441032,15,0.3472348704158449
ходить,INFN,0.9539792305088389,6,0.24881143757612054,23,0.7051677929327184
ходом,NOUN,0.7663401233393298,6,0.7905039818110593,10,-0.024163858471729527
ходу,NOUN,0.5416492478928157,24,0.030616300515107803,5,0.5110329473777079
ходьбы,NOUN,0.6254672448245037,3,0.1184097391560343,7,0.5070575056684694
ходят,VERB,0.4503917170186774,5,0.27272728323341205,22,0.17766443378526536
холодно,ADVB,0.9484796863044958,3,0.16265370669090676,27,0.785825979613589
хором,ADVB,0.12749339106160706,5,0.25398201374878554,21,-0.12648862268717848
хорош,ADJS,0.3078497768080443,12,0.10012762631855064,24,0.20772215048949366
хороша,ADJS,0.7451873964936834,6,0.2088422402377973,18,0.5363451562558861
хорошей,ADJF,0.9793515930109151,5,0.1608744873837223,17,0.8184771056271929
хороши,ADJS,0.6501280757620241,3,0.17731892858256532,13,0.4728091471794588
хорошо,ADVB,0.171831501314742,9,0.22007564416367031,18,-0.048244142848928306
хотел,VERB,0.4038173693809058,17,0.1599199384837266,20,0.2438974308971792
хотела,VERB,0.4278340590609564,5,0.2364021374704934,15,0.191431921590463
хотелось,VERB,0.002040075567739,1,0.38925336131571925,11,-0.38721328574798025
хотите,VERB,0.6582619455273255,7,0.40016018949096943,21,0.2581017560363561
хоть,PRCL,0.6712423321722665,79,0.3891415304789894,14,0.28210080169327706
хотя,CONJ,0.7356024557974588,16,0.016772113814113417,12,0.7188303419833454
хотят,VERB,0.9455912955088641,1,0.26790177866536397,13,0.6776895168435002
хочет,VERB,0.6570207311178901,4,0.2572047302320677,11,0.39981600088582236
хочется,VERB,0.3182875970843665,4,0.16660532308336914,16,0.15168227400099735
хочешь,VERB,0.7003530233399355,22,0.4076055878848983,22,0.29274743545503723
хочу,VERB,0.6402066188664776,16,0.2693048203521515,26,0.3709017985143261
хрен,NOUN,0.18484992704027303,6,0.10123017084647563,20,0.0836197561937974
хрена,NOUN,0.4081312064012128,4,0.2746396394294082,28,0.1334915669718046
христа,NOUN,0.7543264909366331,6,0.25116995291745925,9,0.5031565380191738
хуже,COMP,0.7640447275301138,11,0.2035408113382275,15,0.5605039161918863
цвета,NOUN,0.5071581407319072,4,0.6182457171275776,10,-0.11108757639567035
целиком,ADVB,0.963567971281441,3,0.05615551747108145,7,0.9074124538103595
целую,ADJF,0.5723957934652427,7,0.2372554912064798,14,0.3351403022587629
целый,ADJF,0.5426172365292833,4,0.32778704278348353,15,0.21483019374579976
целым,ADJF,0.9144708980371761,1,0.11465900942683001,6,0.799811888610346
целыми,ADJF,0.52594637943581,1,0.732056178468795,9,-0.20610979903298499
целых,ADJF,0.2622029301992837,6,0.15066359345077765,16,0.11153933674850605
целью,NOUN,0.9633694491727529,15,0.8176978082567865,2,0.1456716409159664
цена,NOUN,0.9477963349924757,3,0.2550097958969568,11,0.6927865390955189
цене,NOUN,0.21469841601803963,5,0.5526339037744268,9,-0.33793548775638715
ценой,NOUN,0.9591337518595885,11,0.4527002909547435,10,0.506433460904845
центре,NOUN,0.9778944995974197,5,0.42808007304920026,8,0.5498144265482194
цены,NOUN,0.2113691347663417,3,0.5172267808639852,5,-0.30585764609764354
час,NOUN,0.7449094038160918,29,0.3686227225029304,22,0.37628668131316145
часа,NOUN,0.8160188756025423,3,0.37308091721533876,20,0.4429379583872035
часами,ADVB,0.052867780233177,1,0.17417235089393368,12,-0.12130457066075667
часах,NOUN,0.966925097275877,1,0.6874164959612739,9,0.2795086013146032
часов,NOUN,0.5968577688765976,4,0.44313412873749297,10,0.1537236401391046
часом,NOUN,0.0013401837777688925,3,0.2851056107227147,21,-0.2837654269449458
части,NOUN,0.9817749710131398,5,0.5057738917576575,8,0.4760010792554823
часть,NOUN,0.19681595356694753,2,0.35997921164909696,12,-0.16316325808214943
часу,NOUN,0.8281637286424933,6,0.3054634993651234,20,0.5227002292773699
чего,NPRO,0.6959747616466765,99,0.3814020388304422,17,0.3145727228162343
человек,NOUN,0.719624936544807,6,0.44144928849111026,9,0.2781756480536967
человека,NOUN,0.8821190451199394,5,0.23921465858043917,7,0.6429043865395003
чем,CONJ,0.8076533327962212,67,0.5757579309994701,17,0.23189540179675106
чему,NPRO,0.9244296131532381,25,0.7139302528630724,5,0.2104993602901657
черед,NOUN,0.21096269464859704,3,0.345104049276667,20,-0.13414135462806995
через,PREP,0.7446002647540289,46,0.7347567592782135,12,0.009843505475815362
чересчур,ADVB,0.00043256061229200005,1,0.02260255991834936,12,-0.02216999930605736
черный,ADJF,0.3330312337913974,3,0.13829256134511983,15,0.19473867244627754
черт,NOUN,0.3902029871662791,36,0.395744417527205,25,-0.005541430360925914
черта,NOUN,0.5121538211421214,19,0.18995518113870258,15,0.3221986400034188
чертов,ADJS,0.007743910961463001,1,0.0788796212710159,15,-0.0711357103095529
чертовой,ADJF,0.6689370536718827,3,0.9089692526990448,16,-0.2400321990271621
чертовски,ADVB,0.0204282284383255,4,0.015428227194197876,15,0.005000001244127625
черту,NOUN,0.6052888002469535,21,0.3318370012115115,7,0.27345179903544203
чести,NOUN,0.6280227390616601,21,0.3791731133028556,11,0.24884962575880448
честно,ADVB,0.8537057213850261,1,0.23551043419861364,16,0.6181952871864125
честное,ADJF,0.8757822806713426,4,0.22964505733622742,9,0.6461372233351151
честь,NOUN,0.9129034017480582,14,0.3327763874677633,20,0.5801270142802949
честью,NOUN,0.35088075291420395,3,0.24089825830436712,13,0.10998249460983683
чета,NOUN,0.5323280484125931,8,0.04177946720471879,7,0.49054858120787426
четверти,NOUN,0.631102866291773,1,0.30199382975020606,9,0.329109036541567
четверть,NOUN,0.275016792761871,1,0.08750331763587099,10,0.18751347512600003
четыре,NUMR,0.9764053059930444,3,0.3399713483556833,10,0.6364339576373611
четырех,NUMR,0.7086454610904918,3,0.01582007450173529,7,0.6928253865887565
чинов,NOUN,0.006179308211934,3,0.21240879579552524,5,-0.20622948758359125
числа,NOUN,0.7612672385386821,5,0.183282933793344,9,0.577984304745338
число,NOUN,0.9958418564221784,3,0.24603816054291885,6,0.7498036958792595
числом,NOUN,0.8425523598136373,5,0.2708443494977931,4,0.5717080103158442
числу,NOUN,0.38305477187188386,5,0.4032216927813474,9,-0.020166920909463537
чистое,ADJF,0.22920864040712902,1,0.038876043547617006,11,0.190332596859512
чистой,ADJF,0.5301000728475506,4,0.3348414501620521,14,0.19525862268549848
чистом,ADJF,0.9062180504238947,3,0.3603837728993799,16,0.5458342775245149
чистый,ADJF,0.6583362836051597,3,0.05911401772325567,12,0.5992222658819041
чистым,ADJF,0.20824010362604337,3,0.21278884967807984,17,-0.004548746052036479
чрезвычайно,ADVB,0.0049713615595976665,3,0.0121775003016135,8,-0.007206138742015834
что,CONJ,0.8477188291433599,851,0.6810555956786761,11,0.1666632334646838
чтоб,CONJ,0.7506044475473039,9,0.11711081915415393,24,0.63349362839315
чтобы,CONJ,0.8279637180742806,193,0.6574538291278322,10,0.17050988894644836
чувств,NOUN,0.6999274214240697,3,0.1684040357785723,7,0.5315233856454974
чувствах,NOUN,0.9995860101007731,3,0.6323468406379016,9,0.3672391694628715
чувством,NOUN,0.9794553039072421,3,0.5563953806540126,11,0.4230599232532295
чудо,NOUN,0.137183391730967,4,0.1419869263424303,11,-0.004803534611463295
чудом,ADVB,0.2743525756611606,5,0.19580060709429956,14,0.07855196856686106
чужд,ADJS,0.100889702998957,3,0.18453429192118834,7,-0.08364458892223134
чужими,ADJF,0.5235520156378785,3,0.09179402127802527,10,0.4317579943598532
чужих,ADJF,0.6194780196453754,3,0.11581203420704951,10,0.5036659854383259
чужой,ADJF,0.31389245774307034,3,0.09592065191711084,14,0.21797180582595949
чур,INTJ,0.27011431196550184,5,0.1382072330647165,10,0.13190707890078535
чуть,ADVB,0.49779607542287646,30,0.3370703861912891,14,0.16072568923158737
шаг,NOUN,0.8564699194190803,5,0.6176936007462768,7,0.23877631867280358
шага,NOUN,0.027479377450308668,3,0.43822967635221294,12,-0.4107502989019043
шагами,NOUN,0.9931822455809085,3,0.6415104046361508,5,0.3516718409447577
шагов,NOUN,0.12693289580015601,3,0.25320006735777023,15,-0.12626717155761422
шагом,NOUN,0.9993015055018865,3,0.9023143046239995,11,0.09698720087788693
шагу,NOUN,0.5594714652324869,10,0.28872635093882826,12,0.27074511429365866
шансы,NOUN,0.7970697676975476,5,0.4845387119136621,12,0.31253105578388546
шел,VERB,0.007357093703162,1,0.08022629942428322,9,-0.07286920572112122
шею,NOUN,0.5648984943541185,2,0.21605626178143783,8,0.3488422325726807
шириной,NOUN,0.9177570705225011,1,0.2572222571898101,10,0.6605348133326909
ширину,NOUN,0.9081080752331692,2,0.32498519745223076,10,0.5831228777809384
широкую,ADJF,0.816990102011506,6,0.15657584405727226,8,0.6604142579542338
шквал,NOUN,0.42687735603968,4,0.18197837490866894,16,0.24489898113101108
школьной,ADJF,0.9975960831656074,3,0.22352867913468072,10,0.7740674040309268
шкуру,NOUN,0.15951627301763535,3,0.13253819337599176,12,0.026978079641643588
шли,VERB,0.0449614918478212,5,0.09110353315721349,9,-0.04614204130939229
шло,VERB,0.9998896723863918,3,0.15638992877854155,17,0.8434997436078503
шутка,NOUN,0.08882646720229476,4,0.09104194673189715,14,-0.002215479529602396
шутки,NOUN,0.9982062917070048,3,0.03704622319651346,21,0.9611600685104913
шутку,NOUN,0.71216597429349,8,0.21223111246631654,12,0.4999348618271735
щеки,NOUN,0.9981805448022264,3,0.11940722801033068,14,0.8787733167918957
эдак,ADVB,0.4951079731168325,2,0.09547469870162917,12,0.39963327441520335
эпоху,NOUN,0.7349871598741579,4,0.44387624965132616,8,0.2911109102228317
эта,ADJF,0.6174596184165355,2,0.3735490021167798,14,0.2439106162997557
эти,ADJF,0.6844251207402406,7,0.38561680773108775,11,0.2988083130091529
этим,NPRO,0.9339081415003324,5,0.5285241435621194,11,0.405383997938213
этих,ADJF,0.0034179843883510004,1,0.21698977003877182,10,-0.21357178565042081
это,PRCL,0.6759369455902648,161,0.5304582686014931,21,0.1454786769887717
этого,NPRO,0.6610929470926703,8,0.45822814373238496,15,0.20286480336028534
этой,ADJF,0.14603552119355534,3,0.5279171580662086,13,-0.3818816368726533
этом,NPRO,0.7985089724369647,5,0.6212730495246318,20,0.17723592291233292
этот,ADJF,0.5787733070272313,11,0.5108111477073161,19,0.06796215931991523
эту,ADJF,0.7211607052844151,2,0.38741577278623307,16,0.33374493249818205
эх,INTJ,0.26576612743295963,5,0.2347150779362805,30,0.03105104949667914
юге,NOUN,0.185427730654866,1,0.17590231592652747,9,0.009525414728338538
я,NPRO,0.8680989181274624,38,0.5599357663133311,20,0.30816315181413134
язык,NOUN,0.9512771439243801,8,0.47555284357316074,11,0.4757243003512194
яйца,NOUN,0.9960260616147621,3,0.44147426576814297,7,0.5545517958466192
ясен,ADJS,0.7830303507879621,2,0.1108187171982159,21,0.6722116335897462
ясно,ADVB,0.46882561235278714,8,0.3030616710664503,9,0.1657639412863368
ясное,ADJF,0.06921851273723101,1,0.03599695735014896,12,0.03322155538708205
ящик,NOUN,0.9989931771221018,3,0.13970237149220766,7,0.8592908056298941
