form,pos,mean_in,count_in,mean_out,count_out,diff
а,CONJ,0.887240356083086,337,0.7857142857142857,14,0.10152607036880035
абсолютно,ADVB,0.0,5,0.1111111111111111,18,-0.1111111111111111
абсолютного,ADJF,0.0,2,0.0,6,0.0
абсолютной,ADJF,0.0,1,0.25,12,-0.25
абсолютный,ADJF,1.0,1,0.1875,16,0.8125
абсолютным,ADJF,0.0,1,0.0,6,0.0
абсурда,NOUN,1.0,1,0.15384615384615385,13,0.8461538461538461
абы,NOUN,0.0,5,0.125,16,-0.125
авангарде,NOUN,0.3333333333333333,3,0.0,7,0.3333333333333333
авансом,ADVB,0.0,5,0.0,9,0.0
авось,PRCL,0.0,8,0.041666666666666664,24,-0.041666666666666664
автомате,NOUN,0.0,3,0.0,7,0.0
автопилоте,NOUN,0.0,3,0.0,1,0.0
адрес,NOUN,0.6,5,0.25,24,0.35
адресу,NOUN,1.0,3,0.5,12,0.5
адская,ADJF,1.0,1,0.1111111111111111,18,0.8888888888888888
адски,ADVB,0.0,5,0.0,17,0.0
адский,ADJF,0.6666666666666666,3,0.0,13,0.6666666666666666
адской,ADJF,0.0,1,0.1,10,-0.1
ажуре,NOUN,0.0,4,0.05263157894736842,19,-0.05263157894736842
аза,NOUN,0.0,3,0.06666666666666667,15,-0.06666666666666667
ай,INTJ,1.0,6,0.22857142857142856,35,0.7714285714285715
аккурат,ADVB,0.16666666666666666,6,0.0,20,0.16666666666666666
алфавиту,NOUN,0.0,3,0.2,5,-0.2
ан,CONJ,0.4,5,0.25,12,0.15000000000000002
апельсинах,NOUN,1.0,2,0.0,6,1.0
априори,ADVB,0.0,5,0.0,8,0.0
арсенал,NOUN,0.0,4,0.06666666666666667,15,-0.06666666666666667
арсенале,NOUN,0.0,1,0.16666666666666666,6,-0.16666666666666666
африке,NOUN,1.0,5,0.15,20,0.85
ах,INTJ,0.2,20,0.17857142857142858,28,0.021428571428571436
б,PRCL,0.0,6,0.1,10,-0.1
бабушке,NOUN,0.0,3,0.08333333333333333,24,-0.08333333333333333
базаре,NOUN,0.0,5,0.125,16,-0.125
балды,NOUN,0.0,5,0.0,24,0.0
баран,NOUN,0.0,1,0.05555555555555555,18,-0.05555555555555555
баранов,NOUN,1.0,5,0.07692307692307693,13,0.9230769230769231
барского,ADJF,1.0,5,0.0,8,1.0
батарея,NOUN,0.0,4,0.047619047619047616,21,-0.047619047619047616
батареями,NOUN,0.0,1,0.4,5,-0.4
бдительным,ADJF,1.0,5,0.07142857142857142,14,0.9285714285714286
бе,NONE,1.0,5,0.1111111111111111,9,0.8888888888888888
бегах,NOUN,0.5,2,0.0,4,0.5
бегу,NOUN,0.2,5,0.037037037037037035,27,0.16296296296296298
беда,NOUN,0.0,6,0.2,35,-0.2
бедных,NOUN,0.2,5,0.23076923076923078,13,-0.03076923076923077
беду,NOUN,0.3333333333333333,3,0.2222222222222222,18,0.1111111111111111
без,PREP,0.9382716049382716,324,0.6875,16,0.25077160493827155
безгранично,ADVB,0.0,1,0.0,17,0.0
безграничный,ADJF,0.0,1,0.0,8,0.0
бездна,NOUN,0.0,5,0.05555555555555555,18,-0.05555555555555555
безмерно,ADVB,0.0,1,0.0,11,0.0
безмерное,ADJF,0.0,1,0.0,10,0.0
безо,PREP,0.0,5,0.0,14,0.0
безобразия,NOUN,0.0,5,0.0,14,0.0
безудержное,ADJF,0.0,1,0.2857142857142857,14,-0.2857142857142857
бела,NOUN,1.0,5,0.75,12,0.25
белы,NOUN,0.6666666666666666,3,0.3333333333333333,12,0.3333333333333333
белый,ADJF,1.0,6,0.4666666666666667,15,0.5333333333333333
бельмеса,NOUN,0.0,5,0.0,12,0.0
берегу,NOUN,0.0,5,0.46153846153846156,13,-0.46153846153846156
берет,VERB,1.0,3,0.3333333333333333,12,0.6666666666666667
берите,VERB,0.5,2,0.06896551724137931,29,0.43103448275862066
берущие,PRTF,1.0,1,0.25,4,0.75
берущий,PRTF,0.0,1,0.1111111111111111,9,-0.1111111111111111
бесконечно,ADVB,0.0,2,0.1875,16,-0.1875
бесконечное,ADJF,1.0,1,0.07692307692307693,13,0.9230769230769231
беспорядке,NOUN,0.3333333333333333,3,0.0,3,0.3333333333333333
беспредельно,ADVB,0.0,1,0.0,18,0.0
беспредельные,ADJF,0.0,1,0.0,14,0.0
бесятся,VERB,1.0,1,0.0,27,1.0
бешенные,ADJF,0.0,1,0.0,10,0.0
бешусь,VERB,0.0,1,0.0,20,0.0
библии,NOUN,0.0,1,0.25,16,-0.25
битком,ADVB,1.0,3,0.4375,16,0.5625
битый,ADJF,0.2,5,0.0,9,0.2
бишь,PRCL,0.0,5,0.0,9,0.0
благим,ADJF,0.3333333333333333,3,0.0,2,0.3333333333333333
благо,NOUN,0.6666666666666666,15,0.0,16,0.6666666666666666
благоволите,VERB,0.0,3,0.0,16,0.0
благодарим,VERB,0.0,1,0.30434782608695654,23,-0.30434782608695654
благодарю,VERB,0.75,4,0.3125,32,0.4375
благодаря,PREP,1.0,15,0.4,5,0.6
блаженном,ADJF,0.6666666666666666,3,0.125,8,0.5416666666666666
блеске,NOUN,0.6666666666666666,3,0.125,8,0.5416666666666666
близка,ADJS,0.6666666666666666,3,0.23529411764705882,17,0.4313725490196078
близки,ADJS,1.0,2,0.35714285714285715,14,0.6428571428571428
близко,ADVB,1.0,3,0.3333333333333333,15,0.6666666666666667
близок,ADJS,0.8,5,0.1875,16,0.6125
бог,NOUN,0.4507042253521127,71,0.4166666666666667,24,0.034037558685446
бога,NOUN,0.3,10,0.5,14,-0.2
богом,NOUN,0.6666666666666666,3,0.21428571428571427,14,0.45238095238095233
боем,NOUN,0.3333333333333333,3,0.3888888888888889,18,-0.05555555555555558
боже,NOUN,0.4,5,0.4666666666666667,30,-0.06666666666666665
божеский,ADJF,0.3333333333333333,3,0.18181818181818182,11,0.1515151515151515
божий,ADJF,1.0,3,0.25,12,0.75
божьей,ADJF,0.6666666666666666,3,0.2,5,0.4666666666666666
боится,VERB,1.0,2,0.2608695652173913,23,0.7391304347826086
бок,NOUN,1.0,15,0.5714285714285714,14,0.4285714285714286
бокам,NOUN,0.6666666666666666,3,0.4,10,0.2666666666666666
боки,NOUN,0.75,4,0.0,5,0.75
боком,ADVB,0.16666666666666666,6,0.17647058823529413,17,-0.009803921568627472
боку,NOUN,1.0,5,0.0,14,1.0
более,ADVB,0.9666666666666667,30,0.5384615384615384,13,0.42820512820512824
болеем,VERB,0.0,1,0.13043478260869565,23,-0.13043478260869565
болеет,VERB,0.5,2,0.1111111111111111,18,0.3888888888888889
болеешь,VERB,0.0,1,0.05405405405405406,37,-0.05405405405405406
болел,VERB,1.0,1,0.35,20,0.65
болела,VERB,0.0,1,0.2916666666666667,24,-0.2916666666666667
болею,VERB,1.0,1,0.0,32,1.0
болеющий,PRTF,0.0,1,0.0,1,0.0
боли,NOUN,0.8,5,0.4375,16,0.36250000000000004
болит,VERB,0.7142857142857143,7,0.5625,32,0.1517857142857143
больно,ADVB,0.0,9,0.2727272727272727,22,-0.2727272727272727
больше,COMP,0.6071428571428571,28,0.7368421052631579,19,-0.12969924812030076
большей,ADJF,1.0,5,0.6666666666666666,6,0.33333333333333337
большие,ADJF,1.0,5,0.15384615384615385,13,0.8461538461538461
большим,ADJF,1.0,3,0.6666666666666666,9,0.33333333333333337
большинстве,NOUN,1.0,8,0.6666666666666666,3,0.33333333333333337
большого,ADJF,1.0,3,0.4166666666666667,12,0.5833333333333333
большое,ADJF,1.0,3,0.46153846153846156,13,0.5384615384615384
большой,ADJF,1.0,5,0.125,8,0.875
большому,ADJF,1.0,1,0.5714285714285714,7,0.4285714285714286
борт,NOUN,1.0,2,0.38461538461538464,13,0.6153846153846154
бортом,NOUN,1.0,1,0.25,4,0.75
бору,NOUN,1.0,3,0.4444444444444444,9,0.5555555555555556
боюсь,VERB,0.5,6,0.20930232558139536,43,0.2906976744186046
боя,NOUN,0.4,5,0.4166666666666667,12,-0.016666666666666663
боялась,VERB,1.0,1,0.125,24,0.875
боялись,VERB,1.0,1,0.21052631578947367,19,0.7894736842105263
боялся,VERB,1.0,1,0.13043478260869565,23,0.8695652173913043
боятся,VERB,1.0,1,0.17391304347826086,23,0.8260869565217391
брал,VERB,0.0,3,0.09090909090909091,22,-0.09090909090909091
брат,NOUN,1.0,1,0.42105263157894735,19,0.5789473684210527
брать,INFN,1.0,2,0.6875,16,0.3125
браться,INFN,0.0,2,0.3888888888888889,18,-0.3888888888888889
бросив,GRND,0.0,1,0.5714285714285714,7,-0.5714285714285714
бросил,VERB,0.5,2,0.3333333333333333,15,0.16666666666666669
бросила,VERB,0.0,2,0.2,20,-0.2
бросилась,VERB,1.0,2,0.21739130434782608,23,0.782608695652174
бросились,VERB,1.0,1,0.06666666666666667,15,0.9333333333333333
бросило,VERB,1.0,1,0.25,4,0.75
бросился,VERB,0.6666666666666666,3,0.0,23,0.6666666666666666
брось,VERB,0.5,2,0.10256410256410256,39,0.39743589743589747
бросьте,VERB,0.0,3,0.0,35,0.0
будем,VERB,0.6666666666666666,6,0.5238095238095238,21,0.1428571428571428
будет,VERB,0.5,30,0.56,25,-0.06000000000000005
будешь,VERB,1.0,4,0.42424242424242425,33,0.5757575757575757
будто,CONJ,0.34285714285714286,35,0.0,11,0.34285714285714286
буду,VERB,1.0,4,0.48148148148148145,27,0.5185185185185186
будучи,GRND,1.0,5,0.6666666666666666,6,0.33333333333333337
будущем,NOUN,0.8,5,0.4444444444444444,9,0.3555555555555556
будь,VERB,0.9230769230769231,65,0.7142857142857143,14,0.20879120879120883
будьте,VERB,1.0,7,0.625,24,0.375
буква,NOUN,1.0,3,0.6842105263157895,19,0.3157894736842105
букву,NOUN,1.0,3,0.7058823529411765,17,0.2941176470588235
буквы,NOUN,1.0,5,0.26666666666666666,15,0.7333333333333334
букет,NOUN,0.25,4,0.38461538461538464,13,-0.13461538461538464
букете,NOUN,0.0,1,0.0,10,0.0
бум-бум,NOUN,0.0,7,0.0,27,0.0
бурлит,VERB,0.0,2,0.0,17,0.0
бухты-барахты,ADVB,0.0,4,0.0,15,0.0
бы,PRCL,0.9048780487804878,410,0.75,16,0.15487804878048783
бывает,VERB,1.0,5,0.5,20,0.5
бывало,CONJ,1.0,10,0.045454545454545456,22,0.9545454545454546
был,VERB,1.0,6,0.9285714285714286,14,0.0714285714285714
была,VERB,0.6666666666666666,3,0.6111111111111112,18,0.05555555555555547
были,VERB,1.0,1,0.6923076923076923,13,0.3076923076923077
было,VERB,0.9387755102040817,49,0.7647058823529411,17,0.17406962785114055
быстро,ADVB,0.4,5,0.47368421052631576,19,-0.07368421052631574
быть,INFN,0.9782608695652174,46,0.8333333333333334,12,0.14492753623188404
бьюсь,VERB,1.0,5,0.25,16,0.75
в,PREP,0.9707692307692307,1950,0.8421052631578947,19,0.12866396761133603
вагон,NOUN,0.3333333333333333,6,0.16666666666666666,18,0.16666666666666666
вагоном,NOUN,0.0,1,0.13333333333333333,15,-0.13333333333333333
важности,NOUN,1.0,3,0.6666666666666666,12,0.33333333333333337
валится,VERB,0.0,1,0.2,15,-0.2
валко,ADVB,1.0,5,0.16666666666666666,6,0.8333333333333334
валялся,VERB,1.0,3,0.05555555555555555,18,0.9444444444444444
вам,NPRO,0.2222222222222222,9,0.2916666666666667,24,-0.06944444444444448
вариант,NOUN,0.6,5,0.6,10,0.0
варила,VERB,0.0,3,0.14285714285714285,14,-0.14285714285714285
варимся,VERB,1.0,3,0.125,8,0.875
варит,VERB,0.0,2,0.2222222222222222,27,-0.2222222222222222
варятся,VERB,1.0,1,0.23076923076923078,13,0.7692307692307692
ваше,ADJF,0.4,5,0.34782608695652173,23,0.05217391304347829
вверх,ADVB,1.0,11,0.46153846153846156,13,0.5384615384615384
ввиду,PREP,0.6,10,0.5,6,0.09999999999999998
вдвоем,ADVB,0.0,4,0.045454545454545456,22,-0.045454545454545456
вдвойне,ADVB,0.25,4,0.0,18,0.25
вдобавок,ADVB,0.0,2,0.0,8,0.0
вдогонку,ADVB,0.0,3,0.037037037037037035,27,-0.037037037037037035
вдоль,PREP,0.5,10,0.16666666666666666,6,0.33333333333333337
вдруг,ADVB,0.39285714285714285,28,0.08333333333333333,24,0.30952380952380953
ведем,VERB,0.0,1,0.09090909090909091,11,-0.09090909090909091
ведет,VERB,0.25,4,0.058823529411764705,17,0.19117647058823528
ведете,VERB,0.0,1,0.46153846153846156,26,-0.46153846153846156
ведешь,VERB,0.0,1,0.41379310344827586,29,-0.41379310344827586
ведома,NOUN,0.125,8,0.0,5,0.125
ведут,VERB,1.0,6,0.4,15,0.6
ведь,PRCL,0.625,8,0.08,25,0.545
везет,VERB,0.2,5,0.1875,32,0.012500000000000011
век,NOUN,0.0,5,0.625,16,-0.625
века,NOUN,0.375,8,0.7692307692307693,13,-0.3942307692307693
веками,NOUN,0.0,2,0.3333333333333333,9,-0.3333333333333333
веки,NOUN,1.0,15,0.5294117647058824,17,0.47058823529411764
веков,NOUN,1.0,13,0.45454545454545453,11,0.5454545454545454
вел,VERB,0.0,3,0.25,16,-0.25
вела,VERB,0.6666666666666666,3,0.2857142857142857,14,0.38095238095238093
велел,VERB,0.6,5,0.19047619047619047,21,0.4095238095238095
велели,VERB,0.0,3,0.03225806451612903,31,-0.03225806451612903
великое,NOUN,1.0,5,0.13043478260869565,23,0.8695652173913043
величиной,NOUN,0.0,2,0.0,11,0.0
верится,VERB,1.0,3,0.5,26,0.5
вернее,COMP,0.0,3,0.0,16,0.0
верно,CONJ,0.1111111111111111,9,0.4117647058823529,17,-0.3006535947712418
верной,ADJF,1.0,3,0.0,11,1.0
вероятно,CONJ,0.0,3,0.0,7,0.0
вероятности,NOUN,0.0,2,0.0,10,0.0
версту,NOUN,0.5,4,0.0,6,0.5
верти,VERB,0.0,3,0.0,20,0.0
вертит,VERB,0.5,2,0.0,11,0.5
вертят,VERB,1.0,1,0.09090909090909091,11,0.9090909090909091
верх,NOUN,0.8,5,0.375,8,0.42500000000000004
верхам,NOUN,0.0,3,0.0,5,0.0
вес,NOUN,0.7272727272727273,11,0.47368421052631576,19,0.25358851674641153
весом,NOUN,1.0,4,0.14285714285714285,7,0.8571428571428572
вести,INFN,1.0,2,0.5,8,0.5
весть,VERB,0.0,5,0.29411764705882354,17,-0.29411764705882354
весу,NOUN,0.3333333333333333,3,0.36363636363636365,11,-0.03030303030303033
весь,ADJF,0.8484848484848485,33,0.5555555555555556,18,0.29292929292929293
ветерком,NOUN,0.3333333333333333,3,0.09090909090909091,11,0.2424242424242424
ветрил,NOUN,0.0,3,0.0,9,0.0
ветром,NOUN,1.0,6,0.2857142857142857,14,0.7142857142857143
вечер,NOUN,0.0,1,0.17647058823529413,17,-0.17647058823529413
вечера,NOUN,1.0,4,0.3076923076923077,13,0.6923076923076923
вечно,ADVB,0.3333333333333333,6,0.25,20,0.08333333333333331
вечность,NOUN,1.0,3,0.13333333333333333,15,0.8666666666666667
вечные,ADJF,1.0,5,0.0625,16,0.9375
вещей,NOUN,0.625,8,0.5,16,0.125
вещь,NOUN,0.0,3,0.22727272727272727,22,-0.22727272727272727
взад,ADVB,1.0,3,0.8235294117647058,17,0.17647058823529416
взводе,NOUN,0.3333333333333333,3,0.045454545454545456,22,0.28787878787878785
взгляд,NOUN,1.0,14,0.0,4,1.0
взгляда,NOUN,1.0,3,0.3333333333333333,15,0.6666666666666667
взглянешь,VERB,0.6,5,0.0,16,0.6
вздумай,VERB,0.0,3,0.10810810810810811,37,-0.10810810810810811
вздумайте,VERB,0.0,1,0.034482758620689655,29,-0.034482758620689655
взял,VERB,0.6666666666666666,9,0.3157894736842105,19,0.3508771929824561
взяла,VERB,1.0,2,0.3684210526315789,19,0.631578947368421
взялась,VERB,0.0,1,0.20833333333333334,24,-0.20833333333333334
взяли,VERB,0.75,4,0.3333333333333333,15,0.4166666666666667
взялись,VERB,0.0,1,0.4,20,-0.4
взяло,VERB,0.0,1,0.05555555555555555,18,-0.05555555555555555
взялся,VERB,1.0,5,0.4090909090909091,22,0.5909090909090908
взята,PRTS,1.0,1,0.25,8,0.75
взять,INFN,0.9473684210526315,19,0.3157894736842105,19,0.631578947368421
взяться,INFN,1.0,3,0.6470588235294118,17,0.3529411764705882
вид,NOUN,0.9354838709677419,31,0.5882352941176471,17,0.3472485768500948
видавший,PRTF,1.0,5,0.0,3,1.0
видано,PRTS,0.8,5,0.2692307692307692,26,0.5307692307692309
видел,VERB,0.3333333333333333,3,0.5384615384615384,13,-0.20512820512820512
видели,VERB,0.8,5,0.23809523809523808,21,0.5619047619047619
видимо,ADVB,0.5,2,0.13333333333333333,15,0.3666666666666667
видимо-невидимо,ADVB,0.0,5,0.0,19,0.0
видимости,NOUN,0.3333333333333333,3,0.625,8,-0.2916666666666667
видит,VERB,0.75,8,0.3333333333333333,12,0.4166666666666667
видите,VERB,0.5,8,0.3125,32,0.1875
видишь,VERB,0.2222222222222222,9,0.125,24,0.09722222222222221
виднее,COMP,0.4,5,0.36666666666666664,30,0.03333333333333338
видно,CONJ,0.8571428571428571,7,0.47058823529411764,17,0.38655462184873945
видом,NOUN,0.7777777777777778,18,0.5,6,0.2777777777777778
виду,NOUN,0.75,24,0.8,10,-0.050000000000000044
виды,NOUN,0.8571428571428571,7,0.6,10,0.2571428571428571
видывал,VERB,1.0,1,0.4,20,0.6
видят,VERB,0.5,2,0.3157894736842105,19,0.1842105263157895
вижу,VERB,1.0,1,0.56,25,0.43999999999999995
вине,NOUN,0.6666666666666666,6,0.09090909090909091,11,0.5757575757575757
виноват,ADJS,0.75,8,0.45454545454545453,22,0.29545454545454547
виновата,ADJS,1.0,2,0.3333333333333333,24,0.6666666666666667
виноваты,ADJS,1.0,1,0.43478260869565216,23,0.5652173913043479
виной,NOUN,1.0,3,0.4117647058823529,17,0.5882352941176471
висел,VERB,0.0,2,0.16666666666666666,24,-0.16666666666666666
висела,VERB,0.5,2,0.07142857142857142,14,0.4285714285714286
висели,VERB,1.0,1,0.07142857142857142,14,0.9285714285714286
висело,VERB,0.0,1,0.13333333333333333,15,-0.13333333333333333
висит,VERB,1.0,2,0.29411764705882354,17,0.7058823529411764
вишь,PRCL,0.0,2,0.0,23,0.0
включает,VERB,1.0,2,0.42857142857142855,7,0.5714285714285714
включал,VERB,0.5,2,0.3,10,0.2
включающий,PRTF,0.0,1,0.0,1,0.0
включая,PREP,0.8,5,0.25,4,0.55
включительно,ADVB,0.0,5,0.0,3,0.0
вкупе,ADVB,0.0,5,0.0,1,0.0
вкус,NOUN,0.8,5,0.5,12,0.30000000000000004
вкусом,NOUN,0.5,4,0.2,5,0.3
вкусу,NOUN,0.25,8,1.0,1,-0.75
власти,NOUN,0.75,8,0.5263157894736842,19,0.22368421052631582
влезет,VERB,0.6,5,0.17647058823529413,17,0.4235294117647058
влитой,PRTF,0.0,2,0.0,15,0.0
вместе,ADVB,0.9,10,0.3076923076923077,13,0.5923076923076923
вместо,PREP,0.7,10,0.4,10,0.29999999999999993
вне,PREP,0.8529411764705882,34,0.4166666666666667,12,0.4362745098039215
внезапно,ADVB,0.0,1,0.0625,16,-0.0625
вниз,ADVB,0.8461538461538461,13,0.6,20,0.24615384615384617
внимания,NOUN,0.9,10,0.75,8,0.15000000000000002
внутри,PREP,0.6,5,0.3333333333333333,6,0.26666666666666666
внутрь,ADVB,0.6666666666666666,3,0.5,10,0.16666666666666663
во,PREP,0.967391304347826,184,0.8125,16,0.15489130434782605
вовек,ADVB,0.0,5,0.0,7,0.0
вовремя,ADVB,0.14285714285714285,7,0.2222222222222222,18,-0.07936507936507936
вовсе,ADVB,0.4,5,0.0,4,0.4
вода,NOUN,1.0,5,0.5833333333333334,12,0.41666666666666663
воды,NOUN,1.0,3,0.7857142857142857,14,0.2142857142857143
воз,NOUN,0.0,3,0.06666666666666667,15,-0.06666666666666667
воздух,NOUN,0.25,4,0.5384615384615384,13,-0.28846153846153844
воздухе,NOUN,0.0,3,0.6875,16,-0.6875
возможности,NOUN,1.0,4,0.5714285714285714,7,0.4285714285714286
возражает,VERB,0.0,1,0.058823529411764705,17,-0.058823529411764705
возражаете,VERB,0.5,2,0.3548387096774194,31,0.14516129032258063
возражаешь,VERB,0.0,2,0.47058823529411764,34,-0.47058823529411764
возрасте,NOUN,0.6,5,0.0,2,0.6
возьмем,VERB,0.0,1,0.07142857142857142,28,-0.07142857142857142
возьмет,VERB,1.0,2,0.1724137931034483,29,0.8275862068965517
возьмется,VERB,1.0,1,0.0,10,1.0
возьмешь,VERB,1.0,5,0.12121212121212122,33,0.8787878787878788
возьми,VERB,0.8888888888888888,9,0.2564102564102564,39,0.6324786324786325
возьмись,VERB,1.0,4,0.0,2,1.0
возьмите,VERB,0.0,2,0.18518518518518517,27,-0.18518518518518517
возьму,VERB,0.0,1,0.275,40,-0.275
возьмут,VERB,0.0,1,0.21052631578947367,19,-0.21052631578947367
вокруг,PREP,1.0,3,0.5,16,0.5
воле,NOUN,0.8333333333333334,6,0.15384615384615385,13,0.6794871794871795
волей,NOUN,0.0,1,0.5,8,-0.5
волей-неволей,ADVB,0.0,2,0.0,6,0.0
волен,ADJS,0.0,2,0.15789473684210525,19,-0.15789473684210525
волна,NOUN,1.0,1,0.5294117647058824,17,0.47058823529411764
волне,NOUN,0.6,5,0.14285714285714285,7,0.45714285714285713
волну,NOUN,1.0,2,0.058823529411764705,17,0.9411764705882353
волны,NOUN,1.0,1,0.2222222222222222,9,0.7777777777777778
волоске,NOUN,0.3333333333333333,3,0.43478260869565216,23,-0.10144927536231885
волосы,NOUN,1.0,3,0.42857142857142855,14,0.5714285714285714
вольные,ADJF,1.0,3,0.0,11,1.0
вольных,ADJF,1.0,3,0.0,5,1.0
волю,NOUN,0.3333333333333333,3,0.21428571428571427,14,0.11904761904761904
воля,NOUN,1.0,5,0.2857142857142857,14,0.7142857142857143
вон,ADVB,0.8181818181818182,11,0.16,25,0.6581818181818182
вообще,ADVB,0.5,12,0.2692307692307692,26,0.23076923076923078
вопреки,PREP,0.8,5,0.5454545454545454,11,0.25454545454545463
вопрос,NOUN,0.35714285714285715,14,0.625,16,-0.26785714285714285
вопросам,NOUN,0.8,5,0.5454545454545454,11,0.25454545454545463
вопросов,NOUN,0.5,2,0.3333333333333333,9,0.16666666666666669
вопросом,NOUN,1.0,3,0.6666666666666666,9,0.33333333333333337
ворота,NOUN,1.0,4,0.2,10,0.8
воротил,VERB,0.0,1,0.0,4,0.0
воротили,VERB,1.0,1,0.1,10,0.9
воротит,VERB,0.5,2,0.12,25,0.38
воротить,INFN,0.6666666666666666,3,0.09090909090909091,22,0.5757575757575757
воротишь,VERB,0.0,1,0.1724137931034483,29,-0.1724137931034483
ворох,NOUN,0.16666666666666666,6,0.125,8,0.04166666666666666
вороха,NOUN,0.0,1,0.0,8,0.0
воспрещается,VERB,0.0,1,0.0,12,0.0
востоке,NOUN,0.5,2,0.7142857142857143,7,-0.2142857142857143
вот,PRCL,0.7633136094674556,169,0.4482758620689655,29,0.3150377473984901
вот-вот,ADVB,0.2,10,0.0,15,0.2
вошедший,PRTF,1.0,1,0.11764705882352941,17,0.8823529411764706
вошли,VERB,1.0,1,0.5714285714285714,14,0.4285714285714286
впадает,VERB,0.0,1,0.5714285714285714,14,-0.5714285714285714
впал,VERB,0.8,5,0.0,2,0.8
впали,VERB,1.0,1,0.0,9,1.0
вперед,ADVB,0.6363636363636364,11,0.7272727272727273,11,-0.09090909090909094
впечатление,NOUN,1.0,3,0.6923076923076923,13,0.3076923076923077
вполне,ADVB,0.0,4,0.3076923076923077,13,-0.3076923076923077
впоследствии,ADVB,0.4,5,0.0,5,0.4
вправду,ADVB,0.0,2,0.041666666666666664,24,-0.041666666666666664
вправе,PRED,0.2,5,0.2222222222222222,9,-0.0222222222222222
впредь,ADVB,0.25,8,0.0,12,0.25
впрочем,CONJ,0.75,4,0.10526315789473684,19,0.6447368421052632
впрягаться,INFN,1.0,2,0.0,12,1.0
впрягаются,VERB,1.0,1,0.0,1,1.0
впрямь,ADVB,0.0,3,0.0,18,0.0
впустую,ADVB,0.0,2,0.16666666666666666,12,-0.16666666666666666
врагу,NOUN,0.6666666666666666,3,0.21428571428571427,14,0.45238095238095233
вразрез,ADVB,0.3333333333333333,3,0.0,3,0.3333333333333333
вращалась,VERB,0.0,1,0.2,15,-0.2
вращался,VERB,0.0,1,0.0,7,0.0
вращаться,INFN,0.0,1,0.5714285714285714,7,-0.5714285714285714
вращаюсь,VERB,1.0,1,0.1111111111111111,9,0.8888888888888888
вращаясь,GRND,0.0,1,0.0,4,0.0
вред,NOUN,1.0,3,0.5,8,0.5
вреда,NOUN,1.0,2,0.5454545454545454,11,0.4545454545454546
времен,NOUN,0.75,12,0.4166666666666667,12,0.3333333333333333
времена,NOUN,0.8333333333333334,18,0.9230769230769231,13,-0.08974358974358976
временам,NOUN,0.0,3,1.0,1,-1.0
временами,ADVB,0.0,5,0.0,17,0.0
временем,NOUN,1.0,8,0.14285714285714285,7,0.8571428571428572
времени,NOUN,0.9310344827586207,29,0.7,10,0.2310344827586207
время,NOUN,0.9423076923076923,104,0.8461538461538461,13,0.09615384615384615
вровень,ADVB,0.1,10,0.0,8,0.1
вроде,PRCL,0.5333333333333333,15,0.16666666666666666,18,0.3666666666666667
все,PRCL,0.6515679442508711,287,0.625,16,0.026567944250871056
всегда,ADVB,0.7272727272727273,11,0.42857142857142855,21,0.29870129870129875
всего,ADJF,0.9272727272727272,55,0.7333333333333333,15,0.19393939393939397
всего-навсего,ADVB,0.0,5,0.0,12,0.0
всей,ADJF,0.84,25,0.5,8,0.33999999999999997
всем,ADJF,0.9038461538461539,52,0.5,20,0.40384615384615385
всеми,ADJF,0.9285714285714286,14,1.0,5,-0.0714285714285714
всему,ADJF,0.9375,16,0.6363636363636364,11,0.30113636363636365
всеоружии,NOUN,0.0,6,0.0,1,0.0
всех,ADJF,0.9545454545454546,44,0.4,15,0.5545454545454546
вслед,PREP,0.6666666666666666,3,0.6428571428571429,28,0.023809523809523725
вследствие,PREP,0.21428571428571427,14,0.5,2,-0.2857142857142857
всплеснул,VERB,0.5,2,0.3333333333333333,30,0.16666666666666669
всплеснула,VERB,1.0,2,0.48,25,0.52
всплеснуть,INFN,1.0,1,0.0,2,1.0
встал,VERB,1.0,1,0.34782608695652173,23,0.6521739130434783
встанешь,VERB,0.0,1,0.19047619047619047,21,-0.19047619047619047
встань,VERB,0.0,2,0.037037037037037035,27,-0.037037037037037035
встаньте,VERB,0.0,1,0.0967741935483871,31,-0.0967741935483871
встать,INFN,0.3333333333333333,3,0.20833333333333334,24,0.12499999999999997
всю,ADJF,0.8888888888888888,27,0.7333333333333333,15,0.15555555555555556
вся,ADJF,0.5833333333333334,12,0.7777777777777778,18,-0.19444444444444442
всякие,ADJF,1.0,1,0.16666666666666666,24,0.8333333333333334
всякий,ADJF,0.7142857142857143,7,0.35294117647058826,17,0.36134453781512604
всякими,ADJF,1.0,1,0.0,6,1.0
всяких,ADJF,0.75,12,0.3,10,0.45
всякого,ADJF,0.8181818181818182,11,0.0,10,0.8181818181818182
всякой,ADJF,1.0,1,0.47058823529411764,17,0.5294117647058824
всячески,ADVB,0.0,3,0.0,5,0.0
втаптывал,VERB,0.0,1,0.0,1,0.0
втаптывала,VERB,0.0,1,0.0,1,0.0
втаптывать,INFN,0.0,1,0.0,2,0.0
втоптал,VERB,0.0,1,0.0,9,0.0
вторая,ADJF,1.0,1,0.25,20,0.75
второго,ADJF,1.0,3,0.1,10,0.9
второй,ADJF,0.6666666666666666,3,0.5,16,0.16666666666666663
вторых,ADJF,1.0,3,0.3076923076923077,13,0.6923076923076923
втройне,ADVB,0.0,1,0.0,13,0.0
вчетвером,ADVB,0.0,1,0.0,16,0.0
вы,NPRO,0.0,5,0.6333333333333333,30,-0.6333333333333333
выбор,NOUN,1.0,4,0.46153846153846156,13,0.5384615384615384
выброс,NOUN,0.0,1,0.15384615384615385,13,-0.15384615384615385
выгодном,ADJF,0.0,3,0.2222222222222222,9,-0.2222222222222222
выдавал,VERB,1.0,1,0.05,20,0.95
выдавать,INFN,1.0,1,0.3125,16,0.6875
выдавая,GRND,1.0,1,0.0,2,1.0
выдает,VERB,0.0,1,0.16666666666666666,12,-0.16666666666666666
выеденного,PRTF,0.6666666666666666,3,0.18181818181818182,11,0.4848484848484848
вызвала,VERB,1.0,1,0.631578947368421,19,0.368421052631579
вызвали,VERB,1.0,2,0.3157894736842105,19,0.6842105263157895
вызваны,PRTS,0.0,1,0.42857142857142855,7,-0.42857142857142855
выкид,NOUN,0.0,2,0.0,1,0.0
вылитая,ADJF,0.0,3,0.0,18,0.0
вылитый,ADJF,0.0,2,0.0,18,0.0
вынос,NOUN,0.25,4,0.3888888888888889,18,-0.1388888888888889
выноси,VERB,1.0,3,0.25,24,0.75
выносит,VERB,0.0,3,0.0,14,0.0
выносят,VERB,0.0,2,0.0,23,0.0
вынудил,VERB,0.0,1,0.2727272727272727,11,-0.2727272727272727
вынудит,VERB,0.0,1,0.16666666666666666,6,-0.16666666666666666
выпавший,PRTF,0.0,1,0.16666666666666666,6,-0.16666666666666666
выпал,VERB,1.0,2,0.47619047619047616,21,0.5238095238095238
выпала,VERB,0.0,2,0.3684210526315789,19,-0.3684210526315789
выпустив,GRND,1.0,1,0.2,5,0.8
выпустил,VERB,1.0,1,0.15384615384615385,13,0.8461538461538461
выпустили,VERB,1.0,1,0.13333333333333333,15,0.8666666666666667
выпустит,VERB,1.0,1,0.15789473684210525,19,0.8421052631578947
выражению,NOUN,0.3333333333333333,3,0.3333333333333333,3,0.0
выражения,NOUN,0.0,3,0.5,10,-0.5
вырост,NOUN,0.0,3,0.0,2,0.0
высоко,ADVB,0.6666666666666666,3,0.375,8,0.29166666666666663
высокого,ADJF,1.0,1,0.75,8,0.25
высокой,ADJF,0.0,2,0.5,4,-0.5
высоте,NOUN,1.0,3,0.6363636363636364,11,0.36363636363636365
высотой,NOUN,1.0,1,0.5,12,0.5
высоту,NOUN,1.0,1,0.5,12,0.5
выставила,VERB,0.0,1,0.09090909090909091,11,-0.09090909090909091
выставлять,INFN,0.0,1,0.5,16,-0.5
выставляют,VERB,0.0,1,0.3,10,-0.3
высшей,ADJF,1.0,5,0.08333333333333333,12,0.9166666666666666
выходе,NOUN,1.0,5,0.5,2,0.5
выходит,VERB,0.0,1,0.26666666666666666,15,-0.26666666666666666
вычесть,INFN,0.2,5,0.0,11,0.2
вычетом,NOUN,0.0,5,0.0,6,0.0
выше,ADVB,1.0,11,0.5833333333333334,12,0.41666666666666663
выяснилось,VERB,0.0,5,0.25,12,-0.25
гаком,NOUN,0.0,5,0.0,1,0.0
галереи,NOUN,0.0,1,0.0,5,0.0
галерея,NOUN,0.3333333333333333,3,0.25,12,0.08333333333333331
галопом,ADVB,0.0,3,0.09523809523809523,21,-0.09523809523809523
галочки,NOUN,0.0,3,0.0,15,0.0
гарантий,NOUN,0.2,5,0.3333333333333333,18,-0.1333333333333333
где,ADVB,0.8611111111111112,36,0.5714285714285714,14,0.28968253968253976
где-то,ADVB,0.0,5,0.06666666666666667,15,-0.06666666666666667
главе,NOUN,1.0,10,0.0,2,1.0
главный,ADJF,0.0,2,0.5,6,-0.5
главным,ADJF,1.0,3,0.25,8,0.75
главу,NOUN,1.0,3,0.4166666666666667,12,0.5833333333333333
глаз,NOUN,0.8,25,0.3333333333333333,15,0.46666666666666673
глаза,NOUN,0.8870967741935484,62,0.48,25,0.4070967741935484
глазами,NOUN,1.0,5,0.8181818181818182,11,0.18181818181818177
глазах,NOUN,1.0,8,0.0,1,1.0
глазки,NOUN,0.0,1,0.23076923076923078,13,-0.23076923076923078
глазком,NOUN,0.8333333333333334,6,0.21428571428571427,14,0.6190476190476191
глазок,NOUN,0.5,2,0.3125,16,0.1875
глазом,NOUN,1.0,3,0.3333333333333333,15,0.6666666666666667
глазу,NOUN,1.0,3,0.5,4,0.5
глотка,NOUN,0.25,4,0.21428571428571427,14,0.035714285714285726
глотку,NOUN,0.6666666666666666,3,0.22727272727272727,22,0.43939393939393934
глубине,NOUN,0.9,10,0.3333333333333333,9,0.5666666666666667
глубиной,NOUN,1.0,1,0.16666666666666666,6,0.8333333333333334
глубины,NOUN,1.0,11,0.2,10,0.8
глубокая,ADJF,0.0,1,0.047619047619047616,21,-0.047619047619047616
глубокий,ADJF,0.0,1,0.2727272727272727,11,-0.2727272727272727
глубокого,ADJF,0.0,1,0.4444444444444444,9,-0.4444444444444444
глубокой,ADJF,0.75,4,0.625,8,0.125
гляди,VERB,1.0,4,0.125,32,0.875
глядишь,VERB,0.6,5,0.0,19,0.6
глядя,GRND,0.3333333333333333,3,0.625,8,-0.2916666666666667
глядят,VERB,1.0,6,0.07692307692307693,13,0.9230769230769231
гнула,VERB,0.0,1,0.1,20,-0.1
гнуть,INFN,1.0,1,0.19047619047619047,21,0.8095238095238095
говори,VERB,0.6666666666666666,18,0.2647058823529412,34,0.40196078431372545
говорил,VERB,0.875,8,0.07692307692307693,13,0.7980769230769231
говорила,VERB,0.16666666666666666,6,0.2,20,-0.033333333333333354
говорили,VERB,0.0,2,0.2777777777777778,18,-0.2777777777777778
говорит,VERB,0.8,5,0.3333333333333333,9,0.46666666666666673
говорите,VERB,0.25,4,0.36666666666666664,30,-0.11666666666666664
говорится,VERB,0.5,2,0.2,5,0.3
говорить,INFN,0.631578947368421,19,0.375,16,0.256578947368421
говоришь,VERB,0.3333333333333333,6,0.37142857142857144,35,-0.038095238095238126
говорю,VERB,1.0,6,0.15384615384615385,26,0.8461538461538461
говоря,GRND,0.9841269841269841,63,0.6,5,0.3841269841269841
говорят,VERB,0.3333333333333333,6,0.47619047619047616,21,-0.14285714285714285
год,NOUN,0.75,4,0.5555555555555556,9,0.19444444444444442
годам,NOUN,0.6666666666666666,3,0.6666666666666666,15,0.0
годами,NOUN,1.0,1,0.3333333333333333,15,0.6666666666666667
годах,NOUN,0.0,6,0.0,2,0.0
годилась,VERB,0.0,1,0.15789473684210525,19,-0.15789473684210525
годилось,VERB,0.0,1,0.0,13,0.0
годится,VERB,0.6666666666666666,6,0.0,23,0.6666666666666666
году,NOUN,0.8333333333333334,6,1.0,10,-0.16666666666666663
годы,NOUN,0.0,1,0.8888888888888888,9,-0.8888888888888888
голимая,ADJF,0.0,2,0.0,9,0.0
голимый,ADJF,0.0,3,0.0,6,0.0
голова,NOUN,0.7692307692307693,13,0.5882352941176471,17,0.1809954751131222
голове,NOUN,0.7142857142857143,14,0.7647058823529411,17,-0.05042016806722682
головой,NOUN,0.8888888888888888,18,0.75,16,0.13888888888888884
голову,NOUN,0.8571428571428571,42,0.6470588235294118,17,0.2100840336134453
головы,NOUN,0.5,6,0.6428571428571429,14,-0.1428571428571429
голодном,ADJF,1.0,3,0.0,8,1.0
голодный,ADJF,0.6666666666666666,3,0.07692307692307693,13,0.5897435897435896
голое,ADJF,1.0,3,0.16666666666666666,12,0.8333333333333334
голой,ADJF,0.0,1,0.5,10,-0.5
голом,ADJF,0.42857142857142855,7,0.1,10,0.3285714285714285
голос,NOUN,1.0,13,0.6111111111111112,18,0.38888888888888884
голосе,NOUN,0.0,2,0.631578947368421,19,-0.631578947368421
голубом,ADJF,1.0,3,0.0,10,1.0
голую,ADJF,0.0,1,0.1,10,-0.1
голые,ADJF,0.0,2,0.25,12,-0.25
голыми,ADJF,1.0,9,0.2857142857142857,14,0.7142857142857143
гонял,VERB,1.0,5,0.2,15,0.8
гора,NOUN,0.25,4,0.29411764705882354,17,-0.04411764705882354
горазд,ADJS,0.375,8,0.07142857142857142,14,0.3035714285714286
гораздо,ADVB,0.4,5,0.6111111111111112,18,-0.21111111111111114
горами,NOUN,1.0,5,0.3,20,0.7
горах,NOUN,0.8,5,0.3333333333333333,3,0.46666666666666673
горбом,NOUN,0.0,3,0.0,19,0.0
горе,NOUN,1.0,2,0.16666666666666666,18,0.8333333333333334
горем,NOUN,0.0,1,0.18181818181818182,11,-0.18181818181818182
гори,VERB,0.2857142857142857,7,0.20833333333333334,24,0.07738095238095236
горите,VERB,0.0,1,0.06451612903225806,31,-0.06451612903225806
горле,NOUN,1.0,4,0.47368421052631576,19,0.5263157894736843
горло,NOUN,1.0,14,0.21428571428571427,14,0.7857142857142857
город,NOUN,0.6666666666666666,3,0.45454545454545453,11,0.2121212121212121
городом,NOUN,1.0,5,0.4375,16,0.5625
городу,NOUN,1.0,3,0.0,5,1.0
горох,NOUN,1.0,3,0.35294117647058826,17,0.6470588235294117
горстка,NOUN,0.0,3,0.0,13,0.0
горстки,NOUN,0.0,1,0.2,5,-0.2
горстку,NOUN,1.0,1,0.14285714285714285,7,0.8571428571428572
горячим,ADJF,1.0,3,0.2,10,0.8
господи,NOUN,0.0,1,0.15625,32,-0.15625
господь,NOUN,0.42857142857142855,7,0.4166666666666667,12,0.011904761904761862
гости,NOUN,0.6666666666666666,3,0.1875,16,0.47916666666666663
гостях,NOUN,1.0,3,0.13333333333333333,15,0.8666666666666667
готов,ADJS,0.18181818181818182,11,0.23076923076923078,26,-0.04895104895104896
готова,ADJS,0.0,1,0.4,15,-0.4
готовности,NOUN,1.0,1,0.3333333333333333,9,0.6666666666666667
готовность,NOUN,0.3333333333333333,3,0.3,10,0.033333333333333326
готовностью,NOUN,0.0,1,0.13333333333333333,15,-0.13333333333333333
готово,ADJS,0.0,1,0.5416666666666666,24,-0.5416666666666666
готовы,ADJS,1.0,2,0.5333333333333333,15,0.4666666666666667
град,NOUN,1.0,2,0.3333333333333333,12,0.6666666666666667
градом,NOUN,0.6666666666666666,3,0.625,8,0.04166666666666663
градусов,NOUN,1.0,1,0.7222222222222222,18,0.2777777777777778
грамм,NOUN,0.6,5,0.5,14,0.09999999999999998
грамма,NOUN,0.0,1,0.15384615384615385,13,-0.15384615384615385
грани,NOUN,1.0,5,0.3333333333333333,3,0.6666666666666667
границах,NOUN,0.0,5,0.1111111111111111,9,-0.1111111111111111
границей,NOUN,0.3333333333333333,3,0.5,2,-0.16666666666666669
границу,NOUN,1.0,3,0.4,5,0.6
границы,NOUN,0.5,6,0.2222222222222222,9,0.2777777777777778
гранью,NOUN,0.6666666666666666,3,0.0,8,0.6666666666666666
гребете,VERB,0.0,1,0.0,7,0.0
гребут,VERB,1.0,2,0.16666666666666666,18,0.8333333333333334
греет,VERB,1.0,1,0.0625,16,0.9375
грела,VERB,1.0,1,0.06666666666666667,15,0.9333333333333333
грех,NOUN,0.5,18,0.17391304347826086,23,0.32608695652173914
греха,NOUN,0.6666666666666666,6,0.2777777777777778,18,0.38888888888888884
грехом,NOUN,0.0,4,0.1111111111111111,9,-0.1111111111111111
грешным,ADJF,0.0,3,0.0,8,0.0
греют,VERB,0.0,1,0.10526315789473684,19,-0.10526315789473684
гроб,NOUN,0.6666666666666666,3,0.0625,16,0.6041666666666666
гробу,NOUN,0.8,5,0.0,2,0.8
грош,NOUN,1.0,6,0.17647058823529413,17,0.8235294117647058
грубо,ADVB,0.2,5,0.07142857142857142,14,0.1285714285714286
груда,NOUN,0.0,1,0.16666666666666666,12,-0.16666666666666666
груди,NOUN,0.75,4,0.3076923076923077,13,0.4423076923076923
грудой,NOUN,1.0,1,0.25,12,0.75
груду,NOUN,0.3333333333333333,3,0.14285714285714285,14,0.19047619047619047
грудь,NOUN,0.0,1,0.3125,16,-0.3125
груз,NOUN,0.3333333333333333,3,0.5,10,-0.16666666666666669
грузом,NOUN,1.0,3,0.21428571428571427,14,0.7857142857142857
грязи,NOUN,0.875,8,0.36363636363636365,11,0.5113636363636364
грязь,NOUN,1.0,5,0.38461538461538464,13,0.6153846153846154
гугу,INTJ,0.0,3,0.5,2,-0.5
гулькин,ADJF,0.5,4,0.0,8,0.5
гуся,NOUN,1.0,5,0.0,20,1.0
д,ADVB,0.0,1,0.125,8,-0.125
да,PRCL,0.6412213740458015,131,0.5,36,0.14122137404580148
дабы,CONJ,0.0,4,0.3333333333333333,3,-0.3333333333333333
давай,VERB,0.35,20,0.3333333333333333,39,0.016666666666666663
давался,VERB,1.0,1,0.043478260869565216,23,0.9565217391304348
даваться,INFN,0.0,1,0.07142857142857142,14,-0.07142857142857142
давил,VERB,0.0,1,0.058823529411764705,17,-0.058823529411764705
давит,VERB,0.0,1,0.041666666666666664,24,-0.041666666666666664
давлением,NOUN,0.5,4,0.36363636363636365,11,0.13636363636363635
давних,ADJF,0.4,5,0.0,9,0.4
давно,ADVB,0.42857142857142855,14,0.23076923076923078,13,0.19780219780219777
давным-давно,ADVB,0.0,5,0.07142857142857142,14,-0.07142857142857142
давят,VERB,0.0,1,0.0,23,0.0
дадим,VERB,0.5,2,0.3103448275862069,29,0.1896551724137931
дадите,VERB,1.0,1,0.08333333333333333,36,0.9166666666666666
дадут,VERB,0.3333333333333333,3,0.2727272727272727,22,0.06060606060606061
дается,VERB,1.0,1,0.16666666666666666,12,0.8333333333333334
даже,PRCL,0.7368421052631579,19,0.26666666666666666,15,0.4701754385964912
дай,VERB,0.8636363636363636,44,0.42857142857142855,35,0.4350649350649351
дайте,VERB,0.0,1,0.3333333333333333,33,-0.3333333333333333
дал,VERB,0.8333333333333334,6,0.6,5,0.2333333333333334
дала,VERB,0.5,6,0.5,14,0.0
далее,ADVB,1.0,4,0.3333333333333333,9,0.6666666666666667
далеко,ADVB,0.85,20,0.75,4,0.09999999999999998
дали,VERB,0.6,5,0.4666666666666667,15,0.1333333333333333
дались,VERB,0.0,1,0.09090909090909091,22,-0.09090909090909091
далось,VERB,1.0,1,0.21052631578947367,19,0.7894736842105263
дался,VERB,0.0,1,0.16666666666666666,24,-0.16666666666666666
дальнейшем,ADJF,0.0,2,0.42857142857142855,7,-0.42857142857142855
дальних,ADJF,0.0,6,0.125,8,-0.125
дальше,COMP,0.8333333333333334,6,0.43478260869565216,23,0.3985507246376812
дам,VERB,0.0,7,0.16666666666666666,24,-0.16666666666666666
данный,ADJF,0.75,4,0.4,10,0.35
даром,ADVB,0.5,8,0.21052631578947367,19,0.2894736842105263
даст,VERB,0.75,8,0.5333333333333333,15,0.21666666666666667
дать,INFN,1.0,11,0.5833333333333334,12,0.41666666666666663
дашь,VERB,0.0,4,0.1875,32,-0.1875
даю,VERB,1.0,10,0.34615384615384615,26,0.6538461538461539
два,NUMR,1.0,16,0.7857142857142857,14,0.2142857142857143
дважды,ADVB,1.0,3,0.36363636363636365,11,0.6363636363636364
две,NUMR,1.0,8,0.75,12,0.25
двери,NOUN,0.6,5,0.47058823529411764,17,0.12941176470588234
дверьми,NOUN,0.0,1,0.08333333333333333,12,-0.08333333333333333
дверью,NOUN,0.6,5,0.5555555555555556,18,0.0444444444444444
дверями,NOUN,1.0,2,0.6666666666666666,6,0.33333333333333337
двоих,NUMR,0.0,3,0.15,20,-0.15
дворе,NOUN,0.6,5,0.6190476190476191,21,-0.01904761904761909
двумя,NUMR,0.0,1,0.625,8,-0.625
двух,NUMR,1.0,5,0.7272727272727273,11,0.2727272727272727
девался,VERB,0.0,4,0.10714285714285714,28,-0.10714285714285714
девать,INFN,0.8,5,0.72,25,0.08000000000000007
деваться,INFN,0.6666666666666666,12,0.3333333333333333,30,0.3333333333333333
девках,NOUN,1.0,3,0.0,5,1.0
дежурный,ADJF,1.0,1,0.0,17,1.0
действием,NOUN,0.5,4,0.0,8,0.5
действии,NOUN,0.6,5,0.0,5,0.6
действительно,ADVB,0.0,3,0.058823529411764705,17,-0.058823529411764705
действительности,NOUN,0.0,3,0.16666666666666666,12,-0.16666666666666666
дел,NOUN,1.0,8,0.7777777777777778,9,0.2222222222222222
дела,NOUN,1.0,10,0.5,20,0.5
делает,VERB,0.75,4,0.6666666666666666,12,0.08333333333333337
делал,VERB,1.0,3,0.13333333333333333,15,0.8666666666666667
делали,VERB,1.0,2,0.25,16,0.75
делать,INFN,0.92,25,0.4230769230769231,26,0.49692307692307697
делают,VERB,1.0,4,0.5714285714285714,14,0.4285714285714286
делится,VERB,0.7,10,0.4,10,0.29999999999999993
дело,NOUN,0.75,116,0.8,20,-0.050000000000000044
делом,NOUN,1.0,7,0.8181818181818182,11,0.18181818181818177
делу,NOUN,0.75,8,0.36363636363636365,11,0.38636363636363635
денег,NOUN,1.0,2,0.5,12,0.5
день,NOUN,0.9375,32,0.7777777777777778,18,0.1597222222222222
деньги,NOUN,0.3333333333333333,3,0.5,16,-0.16666666666666669
держа,GRND,0.3333333333333333,3,0.7692307692307693,13,-0.43589743589743596
держал,VERB,0.5,4,0.4375,16,0.0625
держала,VERB,0.6666666666666666,3,0.25,20,0.41666666666666663
держали,VERB,0.25,4,0.14285714285714285,14,0.10714285714285715
держался,VERB,0.0,1,0.13043478260869565,23,-0.13043478260869565
держат,VERB,1.0,8,0.3333333333333333,12,0.6666666666666667
держать,INFN,1.0,8,0.8666666666666667,15,0.1333333333333333
держащиеся,PRTF,0.0,1,0.14285714285714285,7,-0.14285714285714285
держащих,PRTF,1.0,1,0.0,3,1.0
держи,VERB,0.6666666666666666,3,0.05714285714285714,35,0.6095238095238095
держит,VERB,0.8333333333333334,6,0.35294117647058826,17,0.4803921568627451
держите,VERB,0.3333333333333333,3,0.16129032258064516,31,0.17204301075268816
держится,VERB,1.0,3,0.3125,16,0.6875
держу,VERB,0.4,5,0.5652173913043478,23,-0.16521739130434776
дернул,VERB,0.4,5,0.18181818181818182,22,0.2181818181818182
десяти,NUMR,0.25,4,0.0,15,0.25
десятка,NOUN,1.0,3,0.3,10,0.7
десяток,NOUN,0.8,5,0.46153846153846156,13,0.3384615384615385
десятых,ADJF,0.6666666666666666,3,0.1111111111111111,9,0.5555555555555556
детей,NOUN,1.0,5,0.8,10,0.19999999999999996
детство,NOUN,1.0,3,0.45454545454545453,22,0.5454545454545454
диагонали,NOUN,0.3333333333333333,6,0.0,2,0.3333333333333333
диаметре,NOUN,1.0,2,0.8,10,0.19999999999999996
диаметром,NOUN,0.6666666666666666,3,0.5,6,0.16666666666666663
диво,NOUN,0.0,2,0.06451612903225806,31,-0.06451612903225806
диву,NOUN,0.6666666666666666,3,0.3333333333333333,3,0.3333333333333333
дикая,ADJF,0.0,1,0.08333333333333333,12,-0.08333333333333333
дикий,ADJF,0.0,1,0.125,16,-0.125
диким,ADJF,0.0,1,0.25,8,-0.25
дико,ADVB,0.1111111111111111,9,0.0,15,0.1111111111111111
диковинку,NOUN,0.0,3,0.047619047619047616,21,-0.047619047619047616
дикое,ADJF,0.0,1,0.0,12,0.0
длинным,ADJF,0.3333333333333333,3,0.3,10,0.033333333333333326
длиной,NOUN,1.0,2,0.375,8,0.625
длину,NOUN,0.75,4,0.625,8,0.125
для,PREP,0.9038461538461539,104,0.8888888888888888,18,0.014957264957265015
дневал,VERB,0.3333333333333333,3,0.0,1,0.3333333333333333
дневать,INFN,0.0,1,0.0,6,0.0
дней,NOUN,1.0,1,0.7647058823529411,17,0.23529411764705888
днем,NOUN,1.0,3,0.2222222222222222,18,0.7777777777777778
дни,NOUN,0.875,8,0.42857142857142855,14,0.44642857142857145
дном,NOUN,1.0,3,0.875,8,0.125
дню,NOUN,1.0,3,0.4,15,0.6
днюют,VERB,1.0,1,0.0,1,1.0
дня,NOUN,0.9565217391304348,23,0.625,16,0.3315217391304348
дням,NOUN,1.0,5,0.16666666666666666,6,0.8333333333333334
днях,NOUN,0.875,8,0.5,2,0.375
до,PREP,0.967032967032967,364,0.6666666666666666,18,0.3003663003663004
добавить,INFN,0.2,5,0.35714285714285715,14,-0.15714285714285714
добавление,NOUN,0.0,3,0.2222222222222222,9,-0.2222222222222222
добираться,INFN,0.5,2,0.2222222222222222,18,0.2777777777777778
добр,ADJS,1.0,1,0.3888888888888889,18,0.6111111111111112
добра,NOUN,1.0,5,0.52,25,0.48
добрая,ADJF,0.0,1,0.17391304347826086,23,-0.17391304347826086
добро,ADVB,0.0,5,0.25,20,-0.25
доброго,ADJF,1.0,5,0.25,12,0.75
доброй,ADJF,0.6666666666666666,3,0.6666666666666666,6,0.0
добру,NOUN,0.3333333333333333,3,0.4117647058823529,17,-0.0784313725490196
добры,ADJS,0.5,2,0.6875,16,-0.1875
доведена,PRTS,1.0,1,0.0,1,1.0
доведет,VERB,0.25,4,0.3076923076923077,13,-0.05769230769230771
довели,VERB,0.0,1,0.0,6,0.0
доверху,ADVB,0.0,3,0.0,9,0.0
довершение,NOUN,1.0,5,0.3333333333333333,9,0.6666666666666667
довести,INFN,1.0,3,0.0,2,1.0
доводил,VERB,0.5,2,0.0,4,0.5
доводили,VERB,0.0,1,0.0,3,0.0
доводить,INFN,1.0,1,0.0,3,1.0
доводят,VERB,1.0,1,0.0,1,1.0
довольно,ADVB,0.2727272727272727,11,0.07142857142857142,14,0.20129870129870128
дождем,NOUN,0.0,1,0.45454545454545453,11,-0.45454545454545453
дождемся,VERB,1.0,1,0.034482758620689655,29,0.9655172413793104
дождется,VERB,1.0,1,0.043478260869565216,23,0.9565217391304348
дождусь,VERB,0.0,1,0.0,27,0.0
дождь,NOUN,0.6666666666666666,3,0.5454545454545454,22,0.12121212121212122
дождя,NOUN,0.0,1,0.5,18,-0.5
доз,NOUN,0.0,1,0.0,9,0.0
дозу,NOUN,1.0,2,0.23076923076923078,13,0.7692307692307692
дозы,NOUN,0.5,2,0.09090909090909091,11,0.40909090909090906
доказательство,NOUN,0.0,1,0.5714285714285714,7,-0.5714285714285714
доктор,NOUN,0.6,5,0.21428571428571427,14,0.3857142857142857
долг,NOUN,0.6666666666666666,3,0.32,25,0.3466666666666666
долгий,ADJF,0.6666666666666666,3,0.1111111111111111,18,0.5555555555555556
долго,ADVB,1.0,3,0.42857142857142855,21,0.5714285714285714
долгом,NOUN,0.0,2,0.3333333333333333,6,-0.3333333333333333
долгу,NOUN,0.5,6,0.5625,16,-0.0625
доле,NOUN,0.0,1,0.0,4,0.0
должен,ADJS,0.75,4,0.75,12,0.0
должно,ADJS,0.8,5,0.8235294117647058,17,-0.0235294117647058
доли,NOUN,0.16666666666666666,6,0.5714285714285714,7,-0.40476190476190477
долой,ADVB,0.3333333333333333,6,0.3125,16,0.020833333333333315
долю,NOUN,1.0,2,0.75,8,0.25
доля,NOUN,1.0,3,0.5333333333333333,15,0.4666666666666667
дом,NOUN,0.2,5,0.6,15,-0.39999999999999997
дома,NOUN,1.0,3,0.45454545454545453,11,0.5454545454545454
домик,NOUN,1.0,3,0.0625,16,0.9375
дому,NOUN,1.0,5,0.14285714285714285,21,0.8571428571428572
дополнение,NOUN,1.0,5,0.625,8,0.375
допустил,VERB,0.0,1,0.3157894736842105,19,-0.3157894736842105
дорога,NOUN,1.0,8,0.4666666666666667,15,0.5333333333333333
дороге,NOUN,0.6666666666666666,3,0.5,16,0.16666666666666663
дороги,NOUN,1.0,2,0.4,10,0.6
дорогого,ADJF,0.6666666666666666,3,0.3333333333333333,15,0.3333333333333333
дорогой,NOUN,0.3333333333333333,3,0.25,20,0.08333333333333331
дороже,COMP,1.0,3,0.3684210526315789,19,0.631578947368421
дорожке,NOUN,1.0,1,0.1,10,0.9
доставкой,NOUN,0.0,4,0.0,5,0.0
достаточно,ADVB,0.6923076923076923,13,0.13333333333333333,15,0.558974358974359
достигает,VERB,0.6666666666666666,3,0.2727272727272727,11,0.3939393939393939
достигал,VERB,1.0,1,0.0,12,1.0
достигали,VERB,1.0,1,0.09090909090909091,11,0.9090909090909091
доходит,VERB,1.0,2,0.47058823529411764,17,0.5294117647058824
доходя,GRND,0.0,3,0.0,9,0.0
доходят,VERB,0.5,2,0.6153846153846154,13,-0.11538461538461542
дошло,VERB,1.0,3,0.8333333333333334,18,0.16666666666666663
др,NOUN,1.0,2,0.3333333333333333,3,0.6666666666666667
древних,ADJF,0.3333333333333333,3,0.45454545454545453,11,-0.12121212121212122
древности,NOUN,0.8,5,0.2857142857142857,7,0.5142857142857143
друг,NOUN,1.0,10,0.8571428571428571,14,0.1428571428571429
другая,ADJF,0.3333333333333333,3,0.3125,16,0.020833333333333315
другие,ADJF,0.8333333333333334,6,0.8,5,0.033333333333333326
другим,ADJF,1.0,1,0.4,5,0.6
другими,ADJF,0.4,5,0.5,4,-0.09999999999999998
других,ADJF,1.0,7,0.4,5,0.6
другого,ADJF,1.0,5,0.45454545454545453,11,0.5454545454545454
другое,ADJF,0.6666666666666666,6,0.6111111111111112,18,0.05555555555555547
другой,ADJF,0.7307692307692307,26,0.46153846153846156,13,0.26923076923076916
другом,NOUN,0.375,8,0.6666666666666666,15,-0.29166666666666663
другому,ADJF,1.0,3,0.8333333333333334,12,0.16666666666666663
дружку,NOUN,0.0,1,0.0,3,0.0
дулом,NOUN,0.6666666666666666,3,0.0625,16,0.6041666666666666
думает,VERB,0.0,1,0.38461538461538464,13,-0.38461538461538464
думаете,VERB,1.0,2,0.5185185185185185,27,0.4814814814814815
думаешь,VERB,1.0,1,0.4,25,0.6
думай,VERB,0.6666666666666666,3,0.14814814814814814,27,0.5185185185185185
думайте,VERB,0.0,2,0.09090909090909091,22,-0.09090909090909091
думал,VERB,0.6666666666666666,3,0.21052631578947367,19,0.45614035087719296
думала,VERB,0.0,2,0.3684210526315789,19,-0.3684210526315789
думаю,VERB,1.0,2,0.4166666666666667,24,0.5833333333333333
думая,GRND,0.75,4,0.4444444444444444,9,0.3055555555555556
дураках,NOUN,1.0,3,0.25,20,0.75
дурила,VERB,0.0,1,0.0,21,0.0
дурит,VERB,0.0,1,0.0,27,0.0
дурить,INFN,0.0,1,0.0,26,0.0
дурью,NOUN,0.3333333333333333,3,0.0,14,0.3333333333333333
дух,NOUN,0.2,5,0.7272727272727273,11,-0.5272727272727273
духу,NOUN,0.3333333333333333,6,0.25,8,0.08333333333333331
душа,NOUN,0.8888888888888888,9,0.21052631578947367,19,0.6783625730994152
душе,NOUN,0.8571428571428571,7,0.4117647058823529,17,0.4453781512605042
душевной,ADJF,1.0,6,0.38461538461538464,13,0.6153846153846154
души,NOUN,0.75,28,0.21428571428571427,14,0.5357142857142857
душой,NOUN,0.9411764705882353,17,0.29411764705882354,17,0.6470588235294117
душу,NOUN,0.8,15,0.5,14,0.30000000000000004
дыбом,ADVB,0.6666666666666666,3,0.5555555555555556,18,0.11111111111111105
дым,NOUN,0.0,3,0.3333333333333333,18,-0.3333333333333333
дыхании,NOUN,0.8,5,0.7777777777777778,9,0.022222222222222254
дыхания,NOUN,0.6666666666666666,3,0.16666666666666666,12,0.5
дышат,VERB,1.0,2,0.058823529411764705,17,0.9411764705882353
дышать,INFN,1.0,2,0.5,14,0.5
европам,NOUN,0.3333333333333333,3,0.14285714285714285,7,0.19047619047619047
его,NPRO,0.0,3,0.45454545454545453,22,-0.45454545454545453
едва,ADVB,0.11538461538461539,26,0.2222222222222222,9,-0.10683760683760682
едва-едва,ADVB,0.0,5,0.0,2,0.0
единицы,NOUN,0.2,5,0.25,12,-0.04999999999999999
едино,ADJS,0.0,2,0.1875,16,-0.1875
единого,ADJF,0.42857142857142855,7,0.4444444444444444,9,-0.015873015873015872
единой,ADJF,0.0,1,0.6666666666666666,6,-0.6666666666666666
едином,ADJF,0.0,3,0.4444444444444444,9,-0.4444444444444444
единственная,ADJF,0.0,1,0.18181818181818182,11,-0.18181818181818182
единственное,ADJF,1.0,4,0.5333333333333333,15,0.4666666666666667
ежели,CONJ,0.0,5,0.0,16,0.0
ей-богу,INTJ,0.0,5,0.0,31,0.0
еле,ADVB,0.3333333333333333,6,0.3076923076923077,26,0.025641025641025605
еле-еле,ADVB,0.0,6,0.0,14,0.0
епархия,NOUN,0.0,5,0.0,15,0.0
если,CONJ,0.9244186046511628,172,0.7777777777777778,9,0.14664082687338498
естественным,ADJF,0.5,8,0.15384615384615385,13,0.34615384615384615
есть,INFN,0.7142857142857143,35,0.6,20,0.11428571428571432
еще,ADVB,0.5086705202312138,173,0.21052631578947367,19,0.29814420444174017
ж,PRCL,0.2,5,0.5416666666666666,24,-0.3416666666666666
жалко,ADVB,0.5,2,0.21875,32,0.28125
жаль,PRED,0.625,8,0.3333333333333333,21,0.2916666666666667
жанра,NOUN,1.0,6,0.36363636363636365,11,0.6363636363636364
жару,NOUN,1.0,2,0.2727272727272727,22,0.7272727272727273
ждал,VERB,0.0,2,0.3333333333333333,18,-0.3333333333333333
ждала,VERB,0.0,2,0.2857142857142857,28,-0.2857142857142857
ждем,VERB,1.0,1,0.4444444444444444,27,0.5555555555555556
ждет,VERB,0.5,2,0.4117647058823529,17,0.08823529411764708
ждешь,VERB,0.0,1,0.10344827586206896,29,-0.10344827586206896
жду,VERB,1.0,1,0.5,34,0.5
же,PRCL,0.8697916666666666,192,0.6470588235294118,17,0.22273284313725483
желаем,VERB,0.0,1,0.15789473684210525,19,-0.15789473684210525
желании,NOUN,1.0,1,0.875,8,0.125
желать,INFN,1.0,3,0.2222222222222222,18,0.7777777777777778
желаю,VERB,0.6,5,0.4117647058823529,34,0.18823529411764706
желудок,NOUN,1.0,7,0.17647058823529413,17,0.8235294117647058
жестоко,ADVB,0.0,5,0.13043478260869565,23,-0.13043478260869565
живое,ADJF,1.0,3,0.3333333333333333,12,0.6666666666666667
живут,VERB,1.0,1,0.35714285714285715,14,0.6428571428571428
жизни,NOUN,0.8823529411764706,17,0.9166666666666666,12,-0.03431372549019607
жизнь,NOUN,0.8666666666666667,15,0.5454545454545454,22,0.3212121212121213
жилах,NOUN,1.0,4,0.5833333333333334,12,0.41666666666666663
жиру,NOUN,0.0,4,0.125,16,-0.125
жить,INFN,1.0,3,0.38095238095238093,21,0.6190476190476191
житья,NOUN,0.0,5,0.0,15,0.0
жуткая,ADJF,0.0,1,0.0,19,0.0
жутко,ADVB,0.0,9,0.0,18,0.0
жуткую,ADJF,0.0,3,0.16666666666666666,6,-0.16666666666666666
жутчайшая,ADJF,0.0,1,0.0,2,0.0
за,PREP,0.9235181644359465,523,0.6818181818181818,22,0.2416999826177647
заблаговременно,ADVB,0.0,2,0.14285714285714285,7,-0.14285714285714285
забот,NOUN,0.5,2,0.1111111111111111,18,0.3888888888888889
заботы,NOUN,0.0,1,0.11764705882352941,17,-0.11764705882352941
забралом,NOUN,0.6666666666666666,3,0.2857142857142857,7,0.38095238095238093
забыла,VERB,0.0,2,0.18518518518518517,27,-0.18518518518518517
забыли,VERB,0.0,1,0.4,15,-0.4
забытой,ADJF,1.0,2,0.125,8,0.875
забытые,ADJF,1.0,1,0.0,6,1.0
завались,VERB,0.3333333333333333,3,0.0,20,0.3333333333333333
завершение,NOUN,0.0,5,0.038461538461538464,26,-0.038461538461538464
завершилась,VERB,0.0,1,0.0,16,0.0
завершился,VERB,0.5,2,0.1,20,0.4
зависимости,NOUN,1.0,7,0.6666666666666666,3,0.33333333333333337
зависть,NOUN,0.6666666666666666,3,0.05,20,0.6166666666666666
завороженный,PRTF,0.0,2,0.0,18,0.0
завтра,ADVB,1.0,9,0.13636363636363635,22,0.8636363636363636
завязке,NOUN,0.0,3,0.0,6,0.0
завязку,NOUN,0.6666666666666666,6,0.0,2,0.6666666666666666
заглядение,NOUN,0.0,1,0.0,7,0.0
загляденье,NOUN,0.5,2,0.0,24,0.5
загодя,ADVB,0.0,1,0.0,8,0.0
заголовком,NOUN,1.0,2,1.0,1,0.0
загорелись,VERB,0.2,5,0.14285714285714285,28,0.05714285714285716
задал,VERB,0.0,1,0.64,25,-0.64
задала,VERB,0.0,1,0.4375,16,-0.4375
задаст,VERB,0.5,2,0.3125,16,0.1875
задатки,NOUN,0.0,5,0.125,8,-0.125
задворки,NOUN,0.0,2,0.0,20,0.0
задней,ADJF,1.0,3,0.7777777777777778,9,0.2222222222222222
задним,ADJF,1.0,5,0.5555555555555556,9,0.4444444444444444
задних,ADJF,1.0,3,0.38461538461538464,13,0.6153846153846154
задом,ADVB,1.0,3,0.08333333333333333,12,0.9166666666666666
задоринки,NOUN,1.0,3,0.5882352941176471,17,0.4117647058823529
задурят,VERB,0.0,1,0.0,3,0.0
зазрения,NOUN,1.0,3,0.0,4,1.0
заикаться,INFN,0.4,5,0.3125,16,0.08750000000000002
займет,VERB,0.0,1,0.36363636363636365,11,-0.36363636363636365
закадычных,ADJF,0.0,1,0.0,7,0.0
заказ,NOUN,0.6,5,0.08,25,0.52
заката,NOUN,1.0,3,0.07692307692307693,13,0.9230769230769231
закате,NOUN,0.2,5,0.0,2,0.2
закатил,VERB,0.0,3,0.16666666666666666,18,-0.16666666666666666
закатила,VERB,1.0,1,0.4444444444444444,27,0.5555555555555556
закатит,VERB,0.0,1,0.2,10,-0.2
заклад,NOUN,1.0,5,0.25,4,0.75
закона,NOUN,0.6666666666666666,3,0.2,5,0.4666666666666666
законам,NOUN,1.0,3,0.6428571428571429,14,0.3571428571428571
закону,NOUN,0.8571428571428571,7,0.2222222222222222,9,0.6349206349206349
закончилась,VERB,0.0,2,0.5882352941176471,17,-0.5882352941176471
закоренелые,ADJF,0.0,2,0.0,8,0.0
закрытыми,ADJF,1.0,3,1.0,15,0.0
закрыть,INFN,1.0,3,0.2777777777777778,18,0.7222222222222222
залейся,VERB,0.0,2,0.12,25,-0.12
залилась,VERB,1.0,2,0.25806451612903225,31,0.7419354838709677
залились,VERB,0.0,1,0.23809523809523808,21,-0.23809523809523808
залился,VERB,0.0,2,0.32,25,-0.32
заложниках,NOUN,0.6666666666666666,3,0.0,8,0.6666666666666666
заложники,NOUN,1.0,3,0.0,27,1.0
заметил,VERB,0.0,1,0.125,8,-0.125
замечанию,NOUN,0.0,2,0.0,1,0.0
замками,NOUN,0.0,3,0.0,6,0.0
замком,NOUN,0.3333333333333333,3,0.4,15,-0.06666666666666671
замок,NOUN,0.3333333333333333,3,0.47368421052631576,19,-0.14035087719298245
занавес,NOUN,0.0,3,0.3157894736842105,19,-0.3157894736842105
занесло,VERB,1.0,3,0.5217391304347826,23,0.4782608695652174
занимает,VERB,0.0,2,0.5,16,-0.5
занимайся,VERB,0.6666666666666666,3,0.391304347826087,23,0.27536231884057966
занимайтесь,VERB,0.0,2,0.27586206896551724,29,-0.27586206896551724
занимать,INFN,0.8,5,0.29411764705882354,17,0.5058823529411764
заняла,VERB,0.0,1,0.5294117647058824,17,-0.5294117647058824
заняло,VERB,1.0,1,0.5555555555555556,18,0.4444444444444444
заодно,ADVB,0.2727272727272727,11,0.1,10,0.1727272727272727
запарке,NOUN,0.0,3,0.0,1,0.0
запасе,NOUN,0.3333333333333333,3,0.13333333333333333,15,0.19999999999999998
запахом,NOUN,0.5,4,0.2857142857142857,7,0.2142857142857143
запинки,NOUN,0.0,3,0.0,1,0.0
запрещается,VERB,0.0,3,0.0625,16,-0.0625
запрещено,PRTS,0.6666666666666666,6,0.3125,16,0.35416666666666663
заранее,ADVB,0.0,2,0.2,10,-0.2
заре,NOUN,0.5,2,0.3333333333333333,3,0.16666666666666669
зари,NOUN,1.0,10,0.13333333333333333,15,0.8666666666666667
зародыше,NOUN,0.0,3,0.0,1,0.0
заря,NOUN,1.0,3,0.13333333333333333,15,0.8666666666666667
заслугам,NOUN,0.6666666666666666,3,0.6666666666666666,3,0.0
заставил,VERB,1.0,1,0.7692307692307693,13,0.23076923076923073
заставило,VERB,1.0,1,0.75,20,0.25
заставить,INFN,1.0,1,0.6470588235294118,17,0.3529411764705882
засучив,GRND,1.0,3,0.0,1,1.0
затей,NOUN,0.0,3,0.0,9,0.0
затем,ADVB,0.8,5,0.1111111111111111,9,0.6888888888888889
зато,CONJ,0.2,5,0.045454545454545456,22,0.15454545454545454
затравки,NOUN,0.0,3,0.0,5,0.0
захватило,VERB,1.0,1,0.06666666666666667,15,0.9333333333333333
захоти,VERB,0.0,5,0.0,16,0.0
захочет,VERB,0.4,5,0.3125,16,0.08750000000000002
зачастую,ADVB,0.0,5,0.0,8,0.0
зачем,ADVB,0.7,10,0.6451612903225806,31,0.05483870967741933
защитой,NOUN,0.8,5,0.3,10,0.5
заядлый,ADJF,0.0,1,0.0,10,0.0
заядлым,ADJF,1.0,1,0.07692307692307693,13,0.9230769230769231
звали,VERB,1.0,5,0.2222222222222222,18,0.7777777777777778
звать,INFN,0.0,5,0.16666666666666666,30,-0.16666666666666666
звезды,NOUN,0.2,5,0.058823529411764705,17,0.1411764705882353
звонка,NOUN,1.0,6,0.17391304347826086,23,0.8260869565217391
здесь,ADVB,0.4,15,0.23076923076923078,13,0.16923076923076924
здоров,ADJS,0.6428571428571429,14,0.15384615384615385,26,0.48901098901098905
здорово,INTJ,0.625,8,0.0,26,0.625
здравом,ADJF,1.0,3,0.6666666666666666,9,0.33333333333333337
здравствует,VERB,1.0,6,0.0,4,1.0
земель,NOUN,1.0,2,0.18181818181818182,11,0.8181818181818181
земли,NOUN,0.4444444444444444,9,0.3333333333333333,6,0.1111111111111111
землю,NOUN,1.0,5,0.36363636363636365,11,0.6363636363636364
земля,NOUN,1.0,3,0.4117647058823529,17,0.5882352941176471
зимой,ADVB,1.0,3,0.0,14,1.0
зимуют,VERB,1.0,3,0.1111111111111111,18,0.8888888888888888
злобу,NOUN,1.0,3,0.23076923076923078,13,0.7692307692307692
знаем,VERB,1.0,2,0.6818181818181818,22,0.31818181818181823
знает,VERB,0.7619047619047619,42,0.6428571428571429,14,0.11904761904761896
знаете,VERB,0.7777777777777778,9,0.39285714285714285,28,0.38492063492063494
знаешь,VERB,0.0,3,0.4482758620689655,29,-0.4482758620689655
знак,NOUN,1.0,4,0.3333333333333333,24,0.6666666666666667
знаком,NOUN,0.8,5,0.5263157894736842,19,0.27368421052631586
знал,VERB,0.8571428571428571,14,0.21052631578947367,19,0.6466165413533834
знала,VERB,0.0,2,0.1,20,-0.1
знали,VERB,1.0,3,0.3,20,0.7
знаменем,NOUN,0.3333333333333333,6,0.14285714285714285,7,0.19047619047619047
знамя,NOUN,0.8,5,0.17647058823529413,17,0.6235294117647059
знать,INFN,0.9393939393939394,33,0.3181818181818182,22,0.6212121212121213
значение,NOUN,1.0,11,0.2727272727272727,11,0.7272727272727273
значения,NOUN,1.0,5,0.6666666666666666,6,0.33333333333333337
значит,CONJ,0.6,15,0.2962962962962963,27,0.3037037037037037
значительно,ADVB,0.2,5,0.07692307692307693,13,0.12307692307692308
знаю,VERB,0.7407407407407407,27,0.7692307692307693,26,-0.028490028490028574
знают,VERB,0.5,2,0.6111111111111112,18,-0.11111111111111116
зовут,VERB,0.8,5,0.8,30,0.0
золота,NOUN,1.0,3,0.35294117647058826,17,0.6470588235294117
зрения,NOUN,1.0,5,0.875,8,0.125
зря,ADVB,0.625,16,0.24,25,0.385
зуб,NOUN,0.6923076923076923,13,0.3333333333333333,18,0.358974358974359
зубам,NOUN,0.6666666666666666,3,0.05,20,0.6166666666666666
и,CONJ,0.90973630831643,986,0.6,15,0.30973630831643006
ивановскую,ADJF,0.0,3,0.07692307692307693,13,-0.07692307692307693
играем,VERB,1.0,1,0.3076923076923077,26,0.6923076923076923
играет,VERB,0.8571428571428571,7,0.5384615384615384,13,0.31868131868131866
играл,VERB,1.0,2,0.375,16,0.625
играла,VERB,0.0,1,0.21428571428571427,14,-0.21428571428571427
играли,VERB,0.0,1,0.14285714285714285,21,-0.14285714285714285
играло,VERB,0.0,1,0.07142857142857142,14,-0.07142857142857142
играть,INFN,1.0,1,0.2727272727272727,11,0.7272727272727273
играют,VERB,1.0,1,0.375,16,0.625
игрушки,NOUN,1.0,2,0.3181818181818182,22,0.6818181818181819
игры,NOUN,0.5,6,0.6363636363636364,11,-0.13636363636363635
идее,NOUN,0.3333333333333333,3,0.2857142857142857,7,0.047619047619047616
идем,VERB,0.5,2,0.21428571428571427,28,0.2857142857142857
идет,VERB,0.125,8,0.5384615384615384,13,-0.41346153846153844
иди,VERB,0.4,5,0.5277777777777778,36,-0.12777777777777777
идите,VERB,1.0,1,0.14285714285714285,35,0.8571428571428572
идти,INFN,0.5,2,0.5,16,0.0
идут,VERB,0.2,5,0.3076923076923077,13,-0.1076923076923077
иже,NOUN,0.3333333333333333,3,0.25,4,0.08333333333333331
из,PREP,0.9540816326530612,196,0.8,10,0.15408163265306118
из-за,PREP,0.42857142857142855,28,0.3,10,0.12857142857142856
из-под,PREP,0.5,18,0.5,10,0.0
избави,VERB,0.2,5,0.058823529411764705,17,0.1411764705882353
избытке,NOUN,0.6666666666666666,3,0.125,8,0.5416666666666666
известно,PRED,0.75,8,0.6,10,0.15000000000000002
известный,ADJF,0.5,4,0.3333333333333333,6,0.16666666666666669
извини,VERB,0.0,2,0.03333333333333333,30,-0.03333333333333333
извините,VERB,1.0,1,0.07142857142857142,28,0.9285714285714286
извне,ADVB,0.2,5,0.0,5,0.2
изволь,VERB,0.0,3,0.0,26,0.0
изнутри,ADVB,0.0,3,0.07142857142857142,14,-0.07142857142857142
изо,PREP,1.0,5,0.7333333333333333,15,0.2666666666666667
изредка,ADVB,0.4,5,0.07142857142857142,14,0.3285714285714286
или,CONJ,0.875,56,0.4,20,0.475
имевшиеся,PRTF,0.0,1,0.0,2,0.0
имеет,VERB,0.875,16,0.7,10,0.17500000000000004
имеешь,VERB,1.0,1,0.48,25,0.52
имей,VERB,0.2,5,0.19047619047619047,21,0.009523809523809545
имел,VERB,0.4,5,0.5,16,-0.09999999999999998
имела,VERB,0.0,3,0.375,8,-0.375
имели,VERB,0.25,4,0.3333333333333333,6,-0.08333333333333331
имело,VERB,0.4,5,0.1,10,0.30000000000000004
именем,NOUN,0.18181818181818182,11,0.45454545454545453,11,-0.2727272727272727
имени,NOUN,1.0,10,0.8888888888888888,9,0.11111111111111116
именно,PRCL,0.6,15,0.35294117647058826,17,0.24705882352941172
иметь,INFN,1.0,6,0.5,4,0.5
имею,VERB,1.0,1,0.5,24,0.5
имеют,VERB,1.0,16,0.7142857142857143,7,0.2857142857142857
имеющиеся,PRTF,1.0,1,0.42857142857142855,7,0.5714285714285714
имеющий,PRTF,1.0,1,0.3333333333333333,6,0.6666666666666667
имея,GRND,1.0,1,0.375,8,0.625
имя,NOUN,0.9,10,0.4444444444444444,18,0.4555555555555556
иначе,ADVB,0.46153846153846156,13,0.4,15,0.06153846153846154
иногда,ADVB,1.0,10,0.0,13,1.0
иное,ADJF,0.5,2,0.2222222222222222,9,0.2777777777777778
иной,ADJF,0.5,8,0.25,4,0.25
интереса,NOUN,0.0,3,0.3684210526315789,19,-0.3684210526315789
интересах,NOUN,1.0,6,0.0,1,1.0
иным,ADJF,1.0,1,0.0,8,1.0
иными,ADJF,0.6666666666666666,3,0.125,8,0.5416666666666666
искать,INFN,1.0,1,0.4666666666666667,15,0.5333333333333333
исключая,PREP,0.4,5,0.0,4,0.4
исключением,NOUN,0.8,5,0.25,8,0.55
исключения,NOUN,1.0,8,0.5,12,0.5
исключительно,PRCL,0.0,5,0.06666666666666667,15,-0.06666666666666667
испокон,ADVB,0.2,5,0.3333333333333333,9,-0.1333333333333333
исходе,NOUN,1.0,3,0.6666666666666666,6,0.33333333333333337
итак,CONJ,0.6,5,0.16129032258064516,31,0.43870967741935485
их,NPRO,0.0,5,0.1875,16,-0.1875
ишь,INTJ,0.2,5,0.058823529411764705,34,0.1411764705882353
йоту,NOUN,0.75,8,0.2,5,0.55
йоты,NOUN,0.0,1,0.0,13,0.0
к,PREP,0.9779735682819384,227,1.0,16,-0.022026431718061623
каблук,NOUN,0.0,3,0.0,15,0.0
каблуком,NOUN,0.6666666666666666,3,0.25,8,0.41666666666666663
кабы,CONJ,0.0,3,0.0,17,0.0
кадр,NOUN,0.0,2,0.3125,16,-0.3125
кадром,NOUN,0.6666666666666666,3,0.3333333333333333,3,0.3333333333333333
каждого,ADJF,0.4,5,0.7857142857142857,14,-0.3857142857142857
каждом,ADJF,1.0,8,0.4444444444444444,9,0.5555555555555556
каждому,ADJF,1.0,2,0.6,15,0.4
каждую,ADJF,1.0,4,0.3333333333333333,12,0.6666666666666667
каждый,ADJF,0.5862068965517241,29,0.5714285714285714,14,0.014778325123152691
каждым,ADJF,1.0,8,0.625,8,0.375
кажется,VERB,0.6666666666666666,3,0.55,20,0.11666666666666659
казалось,VERB,0.5,2,0.5555555555555556,18,-0.05555555555555558
как,CONJ,0.8748538011695907,855,0.6875,16,0.18735380116959066
как-никак,ADVB,0.0,5,0.0,18,0.0
как-то,ADVB,0.42857142857142855,7,0.0625,16,0.36607142857142855
какая,ADJF,0.9230769230769231,26,0.6774193548387096,31,0.2456575682382135
какие,ADJF,0.9090909090909091,33,0.64,25,0.26909090909090905
каким,ADJF,1.0,12,0.8333333333333334,12,0.16666666666666663
каким-нибудь,ADJF,0.0,1,0.0,8,0.0
какими,ADJF,1.0,3,0.5555555555555556,9,0.4444444444444444
каких,ADJF,0.875,8,0.8235294117647058,17,0.05147058823529416
каков,ADJS,0.16666666666666666,6,0.11538461538461539,26,0.051282051282051266
какого,ADJF,0.875,16,0.5882352941176471,17,0.2867647058823529
какое,ADJF,0.8,25,0.65,20,0.15000000000000002
какой,ADJF,0.8441558441558441,77,0.7647058823529411,17,0.07944996180290298
какой-нибудь,ADJF,0.0,4,0.08333333333333333,12,-0.08333333333333333
каком,ADJF,0.75,4,0.7142857142857143,14,0.0357142857142857
каком-то,ADJF,0.6666666666666666,3,0.5,10,0.16666666666666663
какую,ADJF,0.625,8,0.5555555555555556,18,0.06944444444444442
каменной,ADJF,1.0,1,0.2,10,0.8
капельку,ADVB,0.0,5,0.0,13,0.0
капле,NOUN,0.0,1,0.3333333333333333,15,-0.3333333333333333
капли,NOUN,0.6428571428571429,14,0.35714285714285715,14,0.28571428571428575
каплю,NOUN,0.0,1,0.23076923076923078,13,-0.23076923076923078
капля,NOUN,0.0,2,0.30434782608695654,23,-0.30434782608695654
караван,NOUN,0.3333333333333333,3,0.14285714285714285,14,0.19047619047619047
караване,NOUN,0.0,1,0.0,11,0.0
караваны,NOUN,0.0,1,0.25,4,-0.25
карандаше,NOUN,0.0,3,0.14285714285714285,7,-0.14285714285714285
караулом,NOUN,0.0,3,0.23076923076923078,13,-0.23076923076923078
кардинальным,ADJF,0.3333333333333333,3,0.0,1,0.3333333333333333
кармане,NOUN,1.0,3,0.5714285714285714,21,0.4285714285714286
карману,NOUN,1.0,3,0.17647058823529413,17,0.8235294117647058
карточный,ADJF,1.0,3,0.14285714285714285,7,0.8571428571428572
карьер,NOUN,1.0,3,0.1111111111111111,9,0.8888888888888888
касается,VERB,1.0,9,0.7,10,0.30000000000000004
касательно,PREP,0.0,5,0.0,5,0.0
касаются,VERB,1.0,1,0.4117647058823529,17,0.5882352941176471
кассу,NOUN,0.0,5,0.10526315789473684,19,-0.10526315789473684
кассы,NOUN,0.7,10,0.16666666666666666,12,0.5333333333333333
катись,VERB,0.0,1,0.02857142857142857,35,-0.02857142857142857
катит,VERB,0.0,5,0.17391304347826086,23,-0.17391304347826086
катушку,NOUN,0.8,5,0.38461538461538464,13,0.4153846153846154
каша,NOUN,1.0,3,0.23809523809523808,21,0.7619047619047619
каюк,NOUN,0.0,1,0.0,25,0.0
квадрате,NOUN,0.2857142857142857,7,0.0,1,0.2857142857142857
квадратный,ADJF,0.6666666666666666,3,0.3,10,0.36666666666666664
квиты,NOUN,0.0,4,0.0,25,0.0
кем,NPRO,1.0,5,0.65,20,0.35
километр,NOUN,1.0,3,0.5,18,0.5
кинулась,VERB,0.0,1,0.06666666666666667,15,-0.06666666666666667
кинулись,VERB,0.0,1,0.041666666666666664,24,-0.041666666666666664
кинулся,VERB,0.0,2,0.0,24,0.0
кипа,NOUN,0.25,4,0.0,13,0.25
кипит,VERB,0.0,1,0.1111111111111111,18,-0.1111111111111111
кирдык,NOUN,0.0,1,0.0,21,0.0
китайской,ADJF,0.3333333333333333,3,0.16666666666666666,6,0.16666666666666666
китая,NOUN,0.3333333333333333,3,0.14285714285714285,14,0.19047619047619047
кишит,VERB,1.0,3,0.13333333333333333,15,0.8666666666666667
кишмя,ADVB,0.3333333333333333,3,0.46153846153846156,13,-0.12820512820512825
кладезем,NOUN,0.0,2,0.08333333333333333,12,-0.08333333333333333
кладезь,NOUN,0.0,3,0.0,16,0.0
классике,NOUN,0.0,3,0.0,9,0.0
клейма,NOUN,0.6666666666666666,3,0.0,11,0.6666666666666666
клеймо,NOUN,0.0,2,0.06666666666666667,15,-0.06666666666666667
клонит,VERB,0.6,5,0.4,20,0.19999999999999996
клонишь,VERB,1.0,1,0.2857142857142857,21,0.7142857142857143
клонят,VERB,0.0,1,0.0,10,0.0
ключе,NOUN,0.0,3,0.0,2,0.0
клюют,VERB,1.0,4,0.2222222222222222,18,0.7777777777777778
ко,PREP,1.0,8,0.9473684210526315,19,0.052631578947368474
ковер,NOUN,0.75,4,0.11764705882352941,17,0.6323529411764706
коврижки,NOUN,0.0,5,0.0,15,0.0
когда,CONJ,0.6190476190476191,42,0.5,10,0.11904761904761907
когда-нибудь,ADVB,0.2,5,0.23076923076923078,13,-0.03076923076923077
кого,NPRO,1.0,5,0.47058823529411764,17,0.5294117647058824
когтях,NOUN,0.0,3,0.0,2,0.0
кое-как,ADVB,0.0,5,0.0,9,0.0
коем,ADJF,1.0,10,0.95,20,0.050000000000000044
козу,NOUN,0.6,5,0.0,12,0.6
кои,ADJF,1.0,2,1.0,2,0.0
кои-то,ADJF,1.0,3,0.6923076923076923,13,0.3076923076923077
кой,ADJF,0.3333333333333333,3,0.2962962962962963,27,0.037037037037037035
колее,NOUN,1.0,2,0.0,8,1.0
колена,NOUN,1.0,3,0.25,12,0.75
коленке,NOUN,0.0,3,0.19047619047619047,21,-0.19047619047619047
коли,CONJ,0.0,5,0.0,17,0.0
колоду,NOUN,1.0,1,0.25,12,0.75
колокола,NOUN,0.6,5,0.3333333333333333,12,0.26666666666666666
колокольни,NOUN,0.6,5,0.1111111111111111,9,0.4888888888888889
колпаком,NOUN,0.3333333333333333,3,0.375,8,-0.041666666666666685
коль,CONJ,1.0,5,0.047619047619047616,21,0.9523809523809523
ком,NPRO,0.75,4,0.3157894736842105,19,0.4342105263157895
команде,NOUN,1.0,2,0.4,10,0.6
командованием,NOUN,1.0,4,0.25,4,0.75
комок,NOUN,0.0,1,0.3333333333333333,15,-0.3333333333333333
компании,NOUN,0.6,5,0.3076923076923077,13,0.29230769230769227
компанию,NOUN,0.4,5,0.3,10,0.10000000000000003
компьютером,NOUN,0.5,4,0.16666666666666666,12,0.33333333333333337
кому,NPRO,0.4,5,0.5333333333333333,15,-0.1333333333333333
конец,NOUN,0.75,4,0.3076923076923077,13,0.4423076923076923
конечно,CONJ,0.6666666666666666,3,0.22727272727272727,22,0.43939393939393934
конкуренции,NOUN,0.6666666666666666,3,0.15384615384615385,13,0.5128205128205128
конкурса,NOUN,0.3333333333333333,3,0.6666666666666666,9,-0.3333333333333333
контролем,NOUN,1.0,3,0.6666666666666666,9,0.33333333333333337
контроль,NOUN,1.0,3,0.2857142857142857,7,0.7142857142857143
кону,NOUN,0.6666666666666666,3,0.0,3,0.6666666666666666
конца,NOUN,0.6818181818181818,22,0.6363636363636364,11,0.045454545454545414
концами,NOUN,1.0,5,0.4444444444444444,9,0.5555555555555556
конце,NOUN,1.0,12,0.6666666666666666,6,0.33333333333333337
концов,NOUN,0.9333333333333333,15,0.0,2,0.9333333333333333
концом,NOUN,1.0,5,0.14285714285714285,7,0.8571428571428572
концу,NOUN,1.0,5,0.8181818181818182,11,0.18181818181818177
концы,NOUN,0.5,10,0.36363636363636365,11,0.13636363636363635
кончай,VERB,0.3333333333333333,3,0.0,33,0.3333333333333333
кончайте,VERB,0.0,2,0.0,36,0.0
кончено,ADJS,0.0,1,0.13333333333333333,30,-0.13333333333333333
кончиков,NOUN,1.0,3,0.8333333333333334,6,0.16666666666666663
кончилось,VERB,0.3333333333333333,3,0.06896551724137931,29,0.26436781609195403
конь,NOUN,1.0,3,0.16,25,0.84
копеек,NOUN,0.8,5,0.047619047619047616,21,0.7523809523809524
копейками,NOUN,0.0,4,0.0,4,0.0
копейки,NOUN,0.5384615384615384,13,0.38095238095238093,21,0.1575091575091575
копейку,NOUN,0.0,6,0.23809523809523808,21,-0.23809523809523808
копна,NOUN,0.0,1,0.2,10,-0.2
копнами,NOUN,0.0,1,0.25,8,-0.25
копне,NOUN,0.0,2,0.0,14,0.0
копной,NOUN,0.0,1,0.5,6,-0.5
корень,NOUN,0.3333333333333333,9,0.14285714285714285,14,0.19047619047619047
корки,NOUN,1.0,6,0.0625,16,0.9375
корми,VERB,1.0,3,0.5,20,0.5
кормила,VERB,0.0,1,0.14285714285714285,21,-0.14285714285714285
корню,NOUN,1.0,5,0.0,2,1.0
короба,NOUN,1.0,5,0.0,10,1.0
короткой,ADJF,1.0,3,0.36363636363636365,11,0.6363636363636364
короче,CONJ,0.2,10,0.0,29,0.2
косо,ADVB,0.3333333333333333,3,0.0,15,0.3333333333333333
костей,NOUN,1.0,6,0.2,10,0.8
костях,NOUN,0.0,3,0.0,5,0.0
косяками,NOUN,0.0,1,0.0,11,0.0
косяком,ADVB,0.0,2,0.14285714285714285,14,-0.14285714285714285
кот,NOUN,1.0,3,0.25,20,0.75
котле,NOUN,1.0,4,0.36363636363636365,11,0.6363636363636364
которую,ADJF,1.0,1,1.0,7,0.0
которые,ADJF,1.0,4,0.3333333333333333,3,0.6666666666666667
который,ADJF,1.0,1,0.7272727272727273,11,0.2727272727272727
которым,ADJF,1.0,1,1.0,5,0.0
коту,NOUN,1.0,3,0.0,15,1.0
краем,NOUN,1.0,5,0.75,12,0.25
край,NOUN,0.9230769230769231,13,0.5454545454545454,11,0.3776223776223777
крайней,ADJF,1.0,5,0.0,1,1.0
крайнем,ADJF,0.8,5,0.2,5,0.6000000000000001
крайности,NOUN,0.6666666666666666,3,0.18181818181818182,11,0.4848484848484848
кранты,PRED,0.0,1,0.0,31,0.0
красе,NOUN,1.0,5,0.0,4,1.0
красивые,ADJF,1.0,3,0.30434782608695654,23,0.6956521739130435
краснел,VERB,0.0,1,0.08333333333333333,12,-0.08333333333333333
краснеть,INFN,0.3333333333333333,3,0.1111111111111111,18,0.2222222222222222
красного,ADJF,1.0,2,0.75,8,0.25
красной,ADJF,1.0,3,0.5,4,0.5
красоты,NOUN,0.3333333333333333,3,0.5,14,-0.16666666666666669
крат,NOUN,0.6666666666666666,3,0.6923076923076923,13,-0.02564102564102566
краю,NOUN,0.5,10,0.5,10,0.0
края,NOUN,1.0,8,0.5,12,0.5
краях,NOUN,0.6666666666666666,3,0.0,3,0.6666666666666666
крест,NOUN,0.6666666666666666,3,0.5333333333333333,15,0.1333333333333333
крестил,VERB,0.5,2,0.0,18,0.5
крестить,INFN,0.0,3,0.06666666666666667,15,-0.06666666666666667
крова,NOUN,1.0,5,0.4444444444444444,9,0.5555555555555556
крови,NOUN,0.6666666666666666,3,0.4166666666666667,12,0.24999999999999994
кровь,NOUN,0.5833333333333334,12,0.5333333333333333,15,0.050000000000000044
кровью,NOUN,1.0,3,0.38461538461538464,13,0.6153846153846154
кроме,PREP,0.875,24,0.2,5,0.675
крошек,NOUN,0.0,1,0.0,12,0.0
крошка,NOUN,0.0,1,0.05555555555555555,18,-0.05555555555555555
крошки,NOUN,0.25,8,0.4,15,-0.15000000000000002
круг,NOUN,0.0,3,0.5882352941176471,17,-0.5882352941176471
круга,NOUN,0.0,4,0.36363636363636365,11,-0.36363636363636365
круге,NOUN,0.0,1,0.2,10,-0.2
круглого,ADJF,0.0,3,0.4,5,-0.4
круглый,ADJF,1.0,3,0.0,12,1.0
круглым,ADJF,0.0,3,0.4,5,-0.4
кругу,NOUN,0.42857142857142855,7,0.7142857142857143,7,-0.28571428571428575
кружок,NOUN,0.3333333333333333,3,0.17391304347826086,23,0.15942028985507245
крупица,NOUN,0.5,2,0.0,12,0.5
крупицу,NOUN,1.0,1,0.0,9,1.0
крупицы,NOUN,0.0,2,0.0,7,0.0
крути,VERB,0.6666666666666666,3,0.4,15,0.2666666666666666
крылом,NOUN,0.3333333333333333,3,0.16666666666666666,12,0.16666666666666666
крыльях,NOUN,0.6666666666666666,3,0.5,10,0.16666666666666663
крышей,NOUN,1.0,3,0.5833333333333334,12,0.41666666666666663
крыши,NOUN,1.0,6,0.25,16,0.75
крышка,NOUN,0.0,1,0.3157894736842105,19,-0.3157894736842105
кряду,ADVB,0.0,2,0.0,10,0.0
кстати,CONJ,0.5,8,0.2,20,0.3
кто,NPRO,0.8450704225352113,71,0.9047619047619048,21,-0.059691482226693515
кубе,NOUN,0.0,2,0.06666666666666667,15,-0.06666666666666667
куда,CONJ,0.7746478873239436,71,0.5238095238095238,21,0.2508383635144198
кукареку,INTJ,0.0,2,0.0,17,0.0
кулисами,NOUN,0.6666666666666666,3,0.0,2,0.6666666666666666
кулисы,NOUN,0.6,5,0.0,8,0.6
куличиках,NOUN,0.0,5,0.0,1,0.0
курс,NOUN,1.0,5,0.46153846153846156,13,0.5384615384615384
курсе,NOUN,1.0,10,0.65,20,0.35
куры,NOUN,0.75,4,0.0,12,0.75
куча,NOUN,0.0,2,0.2857142857142857,21,-0.2857142857142857
кучи,NOUN,0.6,5,0.0,10,0.6
кучка,NOUN,0.6666666666666666,3,0.46153846153846156,13,0.20512820512820507
кучкой,NOUN,1.0,1,0.08333333333333333,12,0.9166666666666666
кучку,NOUN,0.0,1,0.42857142857142855,7,-0.42857142857142855
кучу,NOUN,0.6666666666666666,3,0.25,16,0.41666666666666663
лавина,NOUN,0.0,2,0.13333333333333333,15,-0.13333333333333333
лавиной,NOUN,1.0,1,0.0,10,1.0
лавину,NOUN,0.0,2,0.07692307692307693,13,-0.07692307692307693
лад,NOUN,0.0,3,0.5555555555555556,9,-0.5555555555555556
ладан,NOUN,1.0,4,0.0,13,1.0
ладно,ADJS,0.4666666666666667,15,0.2777777777777778,36,0.18888888888888888
ладони,NOUN,1.0,5,0.17391304347826086,23,0.8260869565217391
лады,NOUN,1.0,3,0.08333333333333333,12,0.9166666666666666
лампочки,NOUN,1.0,5,0.0,16,1.0
левой,ADJF,0.3333333333333333,6,0.375,16,-0.041666666666666685
левую,ADJF,0.3333333333333333,3,0.35714285714285715,14,-0.023809523809523836
легенде,NOUN,0.5,2,0.3333333333333333,3,0.16666666666666669
легион,NOUN,0.0,3,0.38461538461538464,13,-0.38461538461538464
легкий,ADJF,0.5,2,0.17647058823529413,17,0.32352941176470584
легких,ADJF,0.0,1,0.5384615384615384,13,-0.5384615384615384
легко,ADVB,0.7142857142857143,7,0.17647058823529413,17,0.5378151260504201
легкого,ADJF,0.3333333333333333,3,0.25,12,0.08333333333333331
легкой,ADJF,1.0,1,0.6666666666666666,9,0.33333333333333337
легком,ADJF,1.0,1,0.0,4,1.0
легче,COMP,1.0,6,0.2222222222222222,27,0.7777777777777778
лежал,VERB,0.0,1,0.2,25,-0.2
лежала,VERB,0.6666666666666666,3,0.22727272727272727,22,0.43939393939393934
лежали,VERB,0.25,4,0.14285714285714285,28,0.10714285714285715
лежало,VERB,0.0,2,0.041666666666666664,24,-0.041666666666666664
лежат,VERB,0.8,5,0.23809523809523808,21,0.5619047619047619
лежит,VERB,1.0,3,0.5625,16,0.4375
лежку,NOUN,0.0,2,0.0,21,0.0
лез,VERB,0.0,1,0.0,9,0.0
лезет,VERB,1.0,1,0.5,20,0.5
лень,NOUN,0.0,4,0.35,20,-0.35
лепешку,NOUN,0.6666666666666666,3,0.09090909090909091,11,0.5757575757575757
лес,NOUN,0.6666666666666666,3,0.5294117647058824,17,0.13725490196078427
леса,NOUN,1.0,1,0.23076923076923078,13,0.7692307692307692
лесом,NOUN,0.0,1,0.08333333333333333,12,-0.08333333333333333
лет,NOUN,0.8888888888888888,36,0.9375,16,-0.04861111111111116
летела,VERB,0.0,2,0.0,21,0.0
лететь,INFN,1.0,1,0.08695652173913043,23,0.9130434782608696
летом,NOUN,1.0,3,0.2727272727272727,11,0.7272727272727273
лету,NOUN,0.3,10,0.16666666666666666,12,0.13333333333333333
ли,CONJ,0.9496402877697842,139,0.8095238095238095,21,0.14011647824597462
ливень,NOUN,0.0,5,0.0,11,0.0
линии,NOUN,0.75,4,0.2857142857142857,7,0.4642857142857143
линию,NOUN,1.0,3,0.2,10,0.8
лица,NOUN,0.75,8,0.5833333333333334,12,0.16666666666666663
лицах,NOUN,0.3333333333333333,3,0.7222222222222222,18,-0.3888888888888889
лице,NOUN,1.0,8,0.625,16,0.375
лицо,NOUN,0.75,16,0.5,18,0.25
лицом,NOUN,0.8888888888888888,9,0.3333333333333333,9,0.5555555555555556
лицу,NOUN,1.0,8,0.5294117647058824,17,0.47058823529411764
лично,ADVB,0.0,3,0.10526315789473684,19,-0.10526315789473684
личном,ADJF,0.5,4,0.36363636363636365,11,0.13636363636363635
лишен,PRTS,1.0,2,0.45454545454545453,11,0.5454545454545454
лишком,NOUN,0.3333333333333333,3,0.0,1,0.3333333333333333
лишку,NOUN,0.0,1,0.13333333333333333,15,-0.13333333333333333
лишнего,ADJF,1.0,2,0.38095238095238093,21,0.6190476190476191
лишнее,ADJF,0.0,1,0.15789473684210525,19,-0.15789473684210525
лишние,ADJF,0.0,1,0.10714285714285714,28,-0.10714285714285714
лишний,ADJF,0.0,1,0.125,16,-0.125
лишним,ADJF,0.9,10,0.0,8,0.9
лишних,ADJF,1.0,6,0.18181818181818182,11,0.8181818181818181
лишь,PRCL,0.7666666666666667,30,0.1,10,0.6666666666666667
лоб,NOUN,0.8125,16,0.15789473684210525,19,0.6546052631578947
ложись,VERB,0.5,2,0.024390243902439025,41,0.47560975609756095
ложном,ADJF,0.0,3,0.0,4,0.0
локоть,NOUN,1.0,3,0.3076923076923077,13,0.6923076923076923
лом,NOUN,0.6,5,0.04,25,0.5599999999999999
лопатки,NOUN,0.3333333333333333,3,0.5555555555555556,9,-0.22222222222222227
лопатой,NOUN,0.0,3,0.09523809523809523,21,-0.09523809523809523
лопни,VERB,0.0,2,0.0,23,0.0
лукавого,NOUN,0.3333333333333333,3,0.0,6,0.3333333333333333
луны,NOUN,0.6,5,0.25,12,0.35
лучше,COMP,0.6086956521739131,46,0.5714285714285714,21,0.037267080745341685
лучшего,ADJF,1.0,3,0.2727272727272727,11,0.7272727272727273
лучшем,ADJF,0.75,8,0.4,5,0.35
лучшему,ADJF,1.0,3,0.9473684210526315,19,0.052631578947368474
лучших,ADJF,1.0,3,0.3333333333333333,9,0.6666666666666667
львиная,ADJF,0.3333333333333333,3,0.0,7,0.3333333333333333
любезны,ADJS,0.4,5,0.20833333333333334,24,0.19166666666666668
любо-дорого,ADVB,0.0,5,0.0,23,0.0
любое,ADJF,1.0,3,0.45454545454545453,11,0.5454545454545454
любой,ADJF,0.9444444444444444,18,0.2727272727272727,11,0.6717171717171717
любому,ADJF,0.3333333333333333,3,0.2777777777777778,18,0.055555555555555525
людей,NOUN,0.42857142857142855,7,0.5,12,-0.07142857142857145
люди,NOUN,0.0,3,0.5,14,-0.5
людях,NOUN,0.16666666666666666,6,0.5333333333333333,15,-0.3666666666666667
лямку,NOUN,0.6666666666666666,3,0.21428571428571427,14,0.45238095238095233
мази,NOUN,0.0,3,0.14285714285714285,7,-0.14285714285714285
макар,NOUN,1.0,5,0.1,10,0.9
макаром,NOUN,0.0,3,0.1,10,-0.1
максимум,PRCL,0.0,2,0.1111111111111111,18,-0.1111111111111111
мала,ADJS,0.0,3,0.35294117647058826,17,-0.35294117647058826
малая,ADJF,1.0,4,0.3333333333333333,9,0.6666666666666667
маленькая,ADJF,0.75,4,0.4444444444444444,18,0.3055555555555556
маленький,ADJF,0.75,4,0.4666666666666667,15,0.2833333333333333
мало,NUMR,0.4827586206896552,29,0.375,16,0.1077586206896552
мало-мальски,ADVB,0.0,5,0.0,1,0.0
мало-помалу,ADVB,0.0,3,0.0,8,0.0
малого,NOUN,1.0,5,0.4,10,0.6
малой,ADJF,1.0,3,0.0,6,1.0
манером,NOUN,0.0,3,0.0,15,0.0
марки,NOUN,0.0,2,0.36363636363636365,11,-0.36363636363636365
маркой,NOUN,0.0,3,0.6666666666666666,6,-0.6666666666666666
маслу,NOUN,1.0,3,0.0,7,1.0
масса,NOUN,0.2,5,0.17647058823529413,17,0.023529411764705882
массе,NOUN,0.875,8,0.4,10,0.475
массой,NOUN,1.0,1,0.2,5,0.8
мастак,NOUN,0.0,2,0.0,29,0.0
мастей,NOUN,1.0,3,0.5,2,0.5
матери,NOUN,1.0,1,0.15384615384615385,13,0.8461538461538461
матом,NOUN,1.0,3,0.15384615384615385,13,0.8461538461538461
мать,NOUN,1.0,2,0.25,16,0.75
маха,NOUN,0.0,1,0.0,12,0.0
махом,NOUN,0.6666666666666666,3,0.0,13,0.6666666666666666
маху,NOUN,0.5,6,0.4444444444444444,9,0.05555555555555558
маяться,INFN,0.6666666666666666,3,0.0,25,0.6666666666666666
мгновение,NOUN,0.75,8,0.2222222222222222,18,0.5277777777777778
мгновенно,ADVB,0.0,5,0.0,16,0.0
ме,NONE,0.6,5,0.07692307692307693,13,0.523076923076923
мед,NOUN,0.0,1,0.09090909090909091,22,-0.09090909090909091
медом,NOUN,1.0,3,0.1,10,0.9
между,PREP,0.875,8,1.0,4,-0.125
мелочам,NOUN,0.3333333333333333,3,0.16666666666666666,12,0.16666666666666666
мелочи,NOUN,0.6666666666666666,3,0.2,20,0.4666666666666666
мельком,ADVB,0.0,5,0.23076923076923078,13,-0.23076923076923078
менее,ADVB,1.0,11,0.75,4,0.25
меньше,COMP,0.5714285714285714,7,0.26666666666666666,15,0.30476190476190473
меньшей,ADJF,0.16666666666666666,6,0.25,4,-0.08333333333333334
меня,NPRO,0.9166666666666666,12,0.46153846153846156,26,0.45512820512820507
мере,NOUN,0.8780487804878049,41,0.0,3,0.8780487804878049
меру,NOUN,0.2,5,0.4375,16,-0.2375
меры,NOUN,0.875,8,0.5,8,0.375
места,NOUN,1.0,16,0.6153846153846154,13,0.3846153846153846
месте,NOUN,1.0,24,0.8571428571428571,7,0.1428571428571429
место,NOUN,0.875,8,0.7272727272727273,11,0.1477272727272727
месту,NOUN,1.0,2,0.6,5,0.4
мечтать,INFN,1.0,1,0.5,14,0.5
мечтаю,VERB,0.0,1,0.14285714285714285,21,-0.14285714285714285
мечтая,GRND,1.0,1,0.0,2,1.0
мешает,VERB,0.6666666666666666,6,0.2692307692307692,26,0.3974358974358974
мешало,VERB,0.5,4,0.16666666666666666,24,0.33333333333333337
мешка,NOUN,1.0,1,0.2727272727272727,11,0.7272727272727273
мешком,NOUN,1.0,1,0.21428571428571427,14,0.7857142857142857
мешок,NOUN,0.3333333333333333,3,0.2,10,0.1333333333333333
миг,NOUN,0.1111111111111111,9,0.0625,16,0.048611111111111105
мизинца,NOUN,0.3333333333333333,3,0.0,9,0.3333333333333333
мил,NOUN,1.0,3,0.3,20,0.7
миленькие,ADJF,0.0,1,0.0,31,0.0
миленький,ADJF,0.0,1,0.0,35,0.0
миленького,ADJF,0.0,1,0.0,19,0.0
миллиметр,NOUN,0.5,2,0.0,13,0.5
миллион,NOUN,0.2,5,0.2222222222222222,18,-0.0222222222222222
милое,ADJF,1.0,2,0.23076923076923078,13,0.7692307692307692
милости,NOUN,0.36363636363636365,11,0.07692307692307693,13,0.2867132867132867
милость,NOUN,0.6,10,0.2727272727272727,11,0.32727272727272727
милую,ADJF,1.0,3,0.2222222222222222,9,0.7777777777777778
милю,NOUN,0.0,2,0.1111111111111111,9,-0.1111111111111111
мимо,PREP,1.0,5,0.8235294117647058,17,0.17647058823529416
минимум,NOUN,0.5714285714285714,7,0.1111111111111111,9,0.4603174603174603
минус,CONJ,0.125,8,0.42105263157894735,19,-0.29605263157894735
минусе,NOUN,0.0,3,0.0,3,0.0
минут,NOUN,1.0,12,0.7222222222222222,18,0.2777777777777778
минутах,NOUN,1.0,3,0.5,6,0.5
минуте,NOUN,1.0,1,0.6363636363636364,11,0.36363636363636365
минутку,NOUN,1.0,3,0.027777777777777776,36,0.9722222222222222
минуточку,NOUN,0.0,5,0.0,31,0.0
минуту,NOUN,0.45454545454545453,11,0.3888888888888889,18,0.06565656565656564
минуты,NOUN,1.0,3,0.5,16,0.5
мира,NOUN,1.0,3,0.4444444444444444,9,0.5555555555555556
мире,NOUN,1.0,1,0.6363636363636364,11,0.36363636363636365
мириады,NOUN,0.0,4,0.0,7,0.0
миром,NOUN,0.6,5,0.4444444444444444,9,0.15555555555555556
младая,ADJF,0.0,1,0.0,18,0.0
мне,NPRO,0.9333333333333333,30,0.7058823529411765,17,0.22745098039215683
мнению,NOUN,1.0,3,1.0,3,0.0
мнения,NOUN,1.0,1,0.6666666666666666,9,0.33333333333333337
многих,ADJF,0.0,5,0.0,5,0.0
много,ADVB,0.6875,16,0.6190476190476191,21,0.06845238095238093
многом,NPRO,1.0,5,0.4166666666666667,12,0.5833333333333333
множество,NOUN,1.0,5,0.0,11,1.0
мог,VERB,0.8,25,0.5384615384615384,13,0.2615384615384616
могилы,NOUN,0.0,1,0.09090909090909091,11,-0.09090909090909091
могла,VERB,0.0,6,0.7,10,-0.7
могли,VERB,1.0,1,0.4,10,0.6
могло,VERB,0.2,5,0.6153846153846154,13,-0.4153846153846154
могу,VERB,0.4166666666666667,12,0.5416666666666666,24,-0.12499999999999994
могут,VERB,1.0,1,0.875,8,0.125
моде,NOUN,1.0,2,0.4,15,0.6
моду,NOUN,0.3333333333333333,3,0.35294117647058826,17,-0.019607843137254943
мое,ADJF,0.3333333333333333,3,0.36,25,-0.026666666666666672
можем,VERB,1.0,1,0.4666666666666667,15,0.5333333333333333
может,VERB,0.8974358974358975,39,0.4,15,0.49743589743589745
можешь,VERB,1.0,1,0.4,30,0.6
можно,PRED,0.7307692307692307,52,0.6666666666666666,18,0.0641025641025641
мозга,NOUN,1.0,3,0.7,10,0.30000000000000004
мозгам,NOUN,0.4,5,0.05555555555555555,18,0.34444444444444444
мои,ADJF,1.0,5,0.6111111111111112,18,0.38888888888888884
мой,ADJF,1.0,3,0.4,20,0.6
мокрого,ADJF,0.6,5,0.06666666666666667,15,0.5333333333333333
молодости,NOUN,1.0,1,0.15384615384615385,13,0.8461538461538461
момент,NOUN,0.9,20,0.5384615384615384,13,0.3615384615384616
море,NOUN,0.25,4,0.26666666666666666,15,-0.016666666666666663
морем,NOUN,0.0,5,0.3076923076923077,13,-0.3076923076923077
морочат,VERB,0.0,1,0.0,11,0.0
морочила,VERB,0.0,1,0.0,4,0.0
морочили,VERB,0.0,1,0.08333333333333333,12,-0.08333333333333333
морочите,VERB,1.0,1,0.07692307692307693,26,0.9230769230769231
моря,NOUN,1.0,2,0.46153846153846156,13,0.5384615384615384
моя,ADJF,1.0,5,0.3684210526315789,19,0.631578947368421
мусорку,NOUN,0.0,2,0.05,20,-0.05
мы,NPRO,1.0,4,0.5294117647058824,17,0.47058823529411764
мысли,NOUN,1.0,3,0.3125,16,0.6875
мысль,NOUN,0.0,5,0.4117647058823529,17,-0.4117647058823529
мыслях,NOUN,1.0,4,0.0,8,1.0
мягко,ADVB,0.6,5,0.1111111111111111,18,0.4888888888888889
на,PREP,0.964924838940587,1397,0.875,16,0.089924838940587
набит,ADJS,1.0,1,0.125,16,0.875
набралась,VERB,1.0,2,0.14285714285714285,21,0.8571428571428572
набрался,VERB,0.6666666666666666,3,0.3333333333333333,21,0.3333333333333333
навеки,ADVB,0.25,4,0.0,13,0.25
наверное,CONJ,0.6,5,0.1111111111111111,27,0.4888888888888889
наверняка,ADVB,0.1,10,0.0625,16,0.037500000000000006
навсегда,ADVB,1.0,5,0.2777777777777778,18,0.7222222222222222
навскидку,ADVB,0.0,8,0.0,19,0.0
навстречу,ADVB,0.4,5,0.5789473684210527,19,-0.17894736842105263
навяжет,VERB,0.0,1,0.0,5,0.0
навязать,INFN,0.0,1,0.375,8,-0.375
награду,NOUN,0.4,5,0.2857142857142857,14,0.11428571428571432
над,PREP,1.0,6,0.9090909090909091,11,0.09090909090909094
надежде,NOUN,1.0,8,0.5,6,0.5
надеяться,INFN,0.3333333333333333,3,0.5263157894736842,19,-0.19298245614035087
надлежало,VERB,0.0,1,0.0,13,0.0
надлежащим,ADJF,0.6666666666666666,3,0.0,2,0.6666666666666666
надлежит,VERB,0.0,4,0.0,11,0.0
надо,PRED,0.75,52,0.4838709677419355,31,0.2661290322580645
надобности,NOUN,0.3333333333333333,6,0.25,8,0.08333333333333331
надоело,VERB,0.4,5,0.25806451612903225,31,0.14193548387096777
наездами,NOUN,0.0,5,0.0,14,0.0
назад,ADVB,0.6666666666666666,15,1.0,8,-0.33333333333333337
назвали,VERB,0.75,4,0.29411764705882354,17,0.45588235294117646
названием,NOUN,1.0,3,0.8571428571428571,7,0.1428571428571429
назвать,INFN,1.0,1,0.8,15,0.19999999999999996
назидание,NOUN,0.4,5,0.0,3,0.4
назло,ADVB,0.0,8,0.13333333333333333,15,-0.13333333333333333
называемый,PRTF,1.0,3,0.3333333333333333,3,0.6666666666666667
называется,VERB,0.4,10,0.27586206896551724,29,0.12413793103448278
называют,VERB,1.0,1,0.4,10,0.6
наиболее,ADVB,0.0,7,0.16666666666666666,6,-0.16666666666666666
наизнанку,ADVB,0.8,5,0.7777777777777778,9,0.022222222222222254
наименее,ADVB,0.0,1,0.14285714285714285,7,-0.14285714285714285
найдешь,VERB,1.0,1,0.18518518518518517,27,0.8148148148148149
наказание,NOUN,0.75,4,0.3888888888888889,18,0.3611111111111111
накатанной,PRTF,0.4,5,0.35294117647058826,17,0.047058823529411764
накладе,NOUN,0.0,4,0.0,3,0.0
наклонной,ADJF,0.3333333333333333,3,0.0,14,0.3333333333333333
наконец,ADVB,0.5,8,0.05263157894736842,19,0.4473684210526316
наконец-то,CONJ,0.0,2,0.0,2,0.0
налево,ADVB,1.0,1,0.4444444444444444,18,0.5555555555555556
наличии,NOUN,0.25,4,1.0,5,-0.75
наличный,ADJF,1.0,3,0.125,8,0.875
намазано,PRTS,0.0,3,0.0,23,0.0
намерения,NOUN,0.3333333333333333,3,0.14285714285714285,7,0.19047619047619047
намного,ADVB,0.0,6,0.05263157894736842,19,-0.05263157894736842
напасешься,VERB,0.0,5,0.0,28,0.0
наперед,ADVB,1.0,3,0.18181818181818182,11,0.8181818181818181
наперекор,PREP,0.0,5,0.0,6,0.0
наплакал,VERB,0.0,3,0.0,1,0.0
наподобие,PREP,0.0,4,0.0,10,0.0
напоминает,VERB,0.3333333333333333,3,0.3888888888888889,18,-0.05555555555555558
напоминающая,PRTF,0.0,1,0.16666666666666666,6,-0.16666666666666666
направо,ADVB,1.0,1,0.6,15,0.4
напрасно,ADVB,0.0,3,0.045454545454545456,22,-0.045454545454545456
например,CONJ,1.0,4,0.2857142857142857,7,0.7142857142857143
напролет,ADVB,0.0,5,0.47058823529411764,17,-0.47058823529411764
нарастающей,PRTF,0.0,3,0.0,7,0.0
нарочно,ADVB,0.0,5,0.03571428571428571,28,-0.03571428571428571
нарушение,NOUN,0.8,5,0.5,20,0.30000000000000004
нас,NPRO,1.0,4,0.5,14,0.5
насилу,ADVB,0.0,5,0.0,19,0.0
наскока,NOUN,0.0,5,0.0,13,0.0
наскоками,NOUN,0.0,5,0.0,2,0.0
насколько,ADVB,0.6875,16,0.35714285714285715,14,0.33035714285714285
настанет,VERB,0.0,1,0.058823529411764705,17,-0.058823529411764705
настолько,ADVB,0.8,5,0.75,4,0.050000000000000044
настоящий,ADJF,0.0,2,0.2,10,-0.2
насчет,PREP,0.34782608695652173,23,0.2,30,0.14782608695652172
натворили,VERB,0.0,3,0.09523809523809523,21,-0.09523809523809523
натуре,NOUN,0.3333333333333333,3,0.4166666666666667,12,-0.08333333333333337
наутек,ADVB,0.0,3,0.0,10,0.0
нафиг,ADVB,0.16666666666666666,6,0.09090909090909091,33,0.07575757575757575
находилась,VERB,0.3333333333333333,3,0.09090909090909091,11,0.2424242424242424
находились,VERB,0.0,1,0.2,10,-0.2
находите,VERB,0.0,2,0.15625,32,-0.15625
находится,VERB,1.0,1,0.2222222222222222,9,0.7777777777777778
находишь,VERB,1.0,3,0.15789473684210525,19,0.8421052631578947
нахрен,NOUN,0.0,4,0.0,33,0.0
нацело,ADVB,0.0,2,0.0,9,0.0
начала,NOUN,0.6666666666666666,3,0.5555555555555556,9,0.11111111111111105
начали,VERB,0.5,2,0.3888888888888889,18,0.1111111111111111
начинал,VERB,0.0,4,0.1875,16,-0.1875
начинала,VERB,0.0,1,0.25,16,-0.25
начнет,VERB,0.0,1,0.1111111111111111,9,-0.1111111111111111
начнут,VERB,1.0,1,0.375,16,0.625
наше,ADJF,0.6,5,0.4117647058823529,17,0.18823529411764706
нашел,VERB,0.14285714285714285,7,0.5833333333333334,12,-0.4404761904761905
наши,ADJF,0.8,5,0.3333333333333333,9,0.46666666666666673
нашло,VERB,1.0,5,0.6666666666666666,12,0.33333333333333337
не,PRCL,0.9561925365062196,1849,0.9090909090909091,11,0.04710162741531054
небо,NOUN,1.0,3,0.6666666666666666,18,0.33333333333333337
небольшим,ADJF,0.3333333333333333,3,0.0,5,0.3333333333333333
небом,NOUN,1.0,3,0.42857142857142855,7,0.5714285714285714
небось,PRCL,0.0,6,0.0,31,0.0
невдалеке,ADVB,0.0,2,0.0,15,0.0
неведении,NOUN,1.0,3,0.375,8,0.625
невесть,PRCL,0.0,5,0.1875,16,-0.1875
невзирая,PREP,0.0,6,0.0,5,0.0
неволей,ADVB,0.0,1,0.0,9,0.0
невооруженным,ADJF,0.2,5,0.16666666666666666,6,0.033333333333333354
невпроворот,ADVB,0.0,5,0.0,20,0.0
невредимый,ADJF,1.0,2,0.4375,16,0.5625
невредимым,ADJF,1.0,1,0.18181818181818182,11,0.8181818181818181
негде,PRED,0.9,10,0.4583333333333333,24,0.4416666666666667
негусто,ADVB,0.0,5,0.0,26,0.0
недавно,ADVB,0.0,5,0.4,10,-0.4
недалеком,ADJF,1.0,1,0.6666666666666666,6,0.33333333333333337
неделя,NOUN,1.0,5,0.28,25,0.72
недостатком,NOUN,0.0,2,0.3333333333333333,3,-0.3333333333333333
недостаточно,ADVB,0.0,5,0.5263157894736842,19,-0.5263157894736842
нежели,CONJ,0.0,3,0.0,9,0.0
независимо,ADVB,0.6,10,0.0,6,0.6
незаметно,ADVB,0.0,4,0.29411764705882354,17,-0.29411764705882354
незапамятных,ADJF,0.5,2,0.6666666666666666,9,-0.16666666666666663
незачем,PRED,0.0,5,0.14285714285714285,21,-0.14285714285714285
незнамо,ADVB,0.3333333333333333,6,0.0,12,0.3333333333333333
неимением,NOUN,1.0,2,0.6363636363636364,11,0.36363636363636365
неймется,VERB,0.0,5,0.0,30,0.0
некогда,ADVB,0.2,5,0.3,10,-0.09999999999999998
некого,ADJF,0.6,5,0.38095238095238093,21,0.21904761904761905
некому,NPRO,0.4,5,0.5,22,-0.09999999999999998
некотором,ADJF,0.5,4,0.6111111111111112,18,-0.11111111111111116
некоторых,ADJF,0.0,3,0.6,10,-0.6
некуда,PRED,0.9130434782608695,23,0.625,24,0.2880434782608695
неладен,ADJS,0.0,3,0.0,2,0.0
неладна,ADJS,0.5,2,0.0,3,0.5
неладное,ADJF,0.5,2,0.8,15,-0.30000000000000004
нельзя,PRED,0.5428571428571428,35,0.6,25,-0.05714285714285716
немилости,NOUN,0.0,3,0.0,8,0.0
немного,ADVB,0.42857142857142855,7,0.3,20,0.12857142857142856
немножко,ADVB,0.0,3,0.0,21,0.0
ненадолго,ADVB,0.0,3,0.23809523809523808,21,-0.23809523809523808
ненормальная,ADJF,0.0,1,0.0,26,0.0
необходима,ADJS,1.0,1,0.23809523809523808,21,0.7619047619047619
необходимо,PRED,0.0,5,0.2,10,-0.2
необходимости,NOUN,1.0,3,0.75,4,0.25
необыкновенно,ADVB,0.0,2,0.0,12,0.0
неожиданно,ADVB,0.0,1,0.16666666666666666,18,-0.16666666666666666
неохота,NOUN,0.0,2,0.06060606060606061,33,-0.06060606060606061
неподалеку,ADVB,0.0,1,0.0,16,0.0
непочатый,ADJF,0.0,3,0.0,5,0.0
неправдами,NOUN,1.0,3,0.4,5,0.6
нерешительности,NOUN,0.6,5,0.0,2,0.6
неродной,ADJF,0.0,3,0.0,16,0.0
несет,VERB,0.0,2,0.5,12,-0.5
несете,VERB,0.0,1,0.2857142857142857,28,-0.2857142857142857
несешь,VERB,1.0,1,0.1,30,0.9
несло,VERB,0.0,3,0.16666666666666666,24,-0.16666666666666666
несмотря,PREP,1.0,9,0.8,5,0.19999999999999996
несолоно,ADVB,1.0,3,1.0,1,0.0
нести,INFN,1.0,1,0.2,10,0.8
несу,VERB,1.0,1,0.13636363636363635,22,0.8636363636363636
несут,VERB,0.75,4,0.38461538461538464,13,0.36538461538461536
несчастью,NOUN,0.0,5,0.5,4,-0.5
нет,PRED,0.7868852459016393,122,0.6666666666666666,30,0.1202185792349727
нет-нет,VERB,0.4,5,0.0,1,0.4
нету,PRED,0.0,1,0.0,35,0.0
неужели,PRCL,0.0,3,0.17647058823529413,34,-0.17647058823529413
неужто,INTJ,0.0,2,0.0,32,0.0
неурочное,ADJF,0.0,1,0.1,10,-0.1
неурочный,ADJF,0.0,2,0.0,10,0.0
нехорошее,ADJF,0.0,1,0.045454545454545456,22,-0.045454545454545456
нечего,NPRO,0.65625,32,0.5384615384615384,26,0.11778846153846156
нечему,NPRO,1.0,3,0.4642857142857143,28,0.5357142857142857
ни,PRCL,0.95,420,0.75,4,0.19999999999999996
ни-ни,INTJ,0.0,5,0.0,25,0.0
нигде,ADVB,0.4,5,0.13333333333333333,15,0.2666666666666667
ниже,PREP,1.0,7,0.35714285714285715,14,0.6428571428571428
никак,ADVB,0.48,25,0.2,5,0.27999999999999997
никакая,ADJF,0.6,5,0.2857142857142857,7,0.3142857142857143
никаким,ADJF,1.0,3,0.2727272727272727,11,0.7272727272727273
никаких,ADJF,0.8333333333333334,6,0.8947368421052632,19,-0.06140350877192979
никакого,ADJF,0.3333333333333333,3,0.9090909090909091,22,-0.5757575757575757
никакое,ADJF,1.0,1,0.0,5,1.0
никакой,ADJF,0.6666666666666666,6,0.5652173913043478,23,0.10144927536231885
никогда,ADVB,0.6363636363636364,11,1.0,1,-0.36363636363636365
никто,NPRO,1.0,7,0.9285714285714286,14,0.0714285714285714
никуда,ADVB,1.0,2,0.5294117647058824,17,0.47058823529411764
ним,NPRO,1.0,1,0.5384615384615384,13,0.46153846153846156
нипочем,ADVB,0.0,6,0.0,14,0.0
нисколько,ADVB,0.0,11,0.0,8,0.0
ниточке,NOUN,0.0,4,0.0,14,0.0
нитью,NOUN,1.0,3,0.25,8,0.75
ничего,ADVB,0.6829268292682927,82,0.5,8,0.18292682926829273
ничем,NPRO,0.0,5,0.3333333333333333,3,-0.3333333333333333
ничто,NPRO,0.0,3,0.08333333333333333,12,-0.08333333333333333
ничуть,ADVB,0.5,10,0.0,1,0.5
но,CONJ,0.8446601941747572,103,0.3181818181818182,22,0.526478375992939
новинку,NOUN,0.6666666666666666,3,0.1111111111111111,9,0.5555555555555556
новой,ADJF,0.0,3,0.25,8,-0.25
новом,ADJF,1.0,1,0.4375,16,0.5625
новость,NOUN,1.0,1,0.2222222222222222,27,0.7777777777777778
новостью,NOUN,0.0,1,0.25,16,-0.25
ног,NOUN,0.9523809523809523,21,0.7272727272727273,11,0.22510822510822504
нога,NOUN,1.0,3,0.15,20,0.85
ногам,NOUN,1.0,5,0.21428571428571427,14,0.7857142857142857
ногами,NOUN,0.9,10,0.3,10,0.6000000000000001
ноге,NOUN,1.0,3,0.45454545454545453,11,0.5454545454545454
ноги,NOUN,0.9230769230769231,13,0.47058823529411764,17,0.4524886877828055
ногой,NOUN,0.42857142857142855,7,0.125,16,0.30357142857142855
ногтей,NOUN,0.6,5,0.7142857142857143,7,-0.11428571428571432
ногу,NOUN,1.0,10,0.25,20,0.75
ножах,NOUN,0.3333333333333333,3,0.0,9,0.3333333333333333
ноль,NOUN,0.5,2,0.2962962962962963,27,0.20370370370370372
норме,NOUN,0.4,10,0.16666666666666666,6,0.23333333333333336
нос,NOUN,0.8125,16,0.5882352941176471,17,0.22426470588235292
носа,NOUN,0.6666666666666666,6,0.42857142857142855,14,0.23809523809523808
носил,VERB,0.0,1,0.3,10,-0.3
носила,VERB,0.0,1,0.2777777777777778,18,-0.2777777777777778
носит,VERB,0.5,4,0.5714285714285714,14,-0.0714285714285714
носом,NOUN,0.9166666666666666,12,0.42105263157894735,19,0.4956140350877193
носу,NOUN,1.0,9,0.3684210526315789,19,0.631578947368421
носят,VERB,1.0,2,0.42857142857142855,14,0.5714285714285714
нотам,NOUN,0.6666666666666666,3,0.0,13,0.6666666666666666
ночевал,VERB,1.0,3,0.0,13,1.0
ночевать,INFN,1.0,1,0.07407407407407407,27,0.9259259259259259
ночи,NOUN,0.6,5,0.5,14,0.09999999999999998
ночуют,VERB,1.0,1,0.0,15,1.0
ночь,NOUN,0.6923076923076923,13,0.42105263157894735,19,0.27125506072874495
нраву,NOUN,0.3333333333333333,3,0.0,1,0.3333333333333333
ну,PRCL,0.7473684210526316,95,0.3142857142857143,35,0.4330827067669173
ну-ка,INTJ,0.0,2,0.06451612903225806,31,-0.06451612903225806
нужен,ADJS,1.0,7,0.7142857142857143,21,0.2857142857142857
нужна,ADJS,0.0,1,0.4,25,-0.4
нужно,PRED,0.4666666666666667,15,0.23529411764705882,17,0.23137254901960785
нужны,ADJS,1.0,1,0.6842105263157895,19,0.3157894736842105
нуле,NOUN,0.0,5,0.0,4,0.0
нуля,NOUN,0.8,5,0.26666666666666666,15,0.5333333333333334
нулям,NOUN,0.0,4,0.0,2,0.0
нутру,NOUN,0.0,3,0.0,18,0.0
нюхал,VERB,1.0,1,0.3333333333333333,21,0.6666666666666667
о,PREP,0.9454545454545454,110,0.5,6,0.44545454545454544
о-го-го,ADJF,0.0,5,0.0,24,0.0
об,PREP,1.0,10,0.9411764705882353,17,0.05882352941176472
оба,NUMR,1.0,3,0.2,20,0.8
обгон,NOUN,0.0,2,0.0,21,0.0
обделил,VERB,1.0,1,0.2857142857142857,21,0.7142857142857143
обе,NUMR,1.0,3,0.16666666666666666,18,0.8333333333333334
обед,NOUN,1.0,3,0.08695652173913043,23,0.9130434782608696
обеими,NUMR,0.0,1,0.6,10,-0.6
обернулась,VERB,0.3333333333333333,3,0.14814814814814814,27,0.18518518518518517
обернулось,VERB,0.0,1,0.047619047619047616,21,-0.047619047619047616
обернулся,VERB,0.0,1,0.07407407407407407,27,-0.07407407407407407
обиде,NOUN,1.0,3,0.3,20,0.7
обидел,VERB,1.0,2,0.20833333333333334,24,0.7916666666666666
обидно,ADVB,0.6666666666666666,3,0.12,25,0.5466666666666666
обидного,ADJF,0.0,3,0.0,17,0.0
обиняков,NOUN,0.0,3,0.0,2,0.0
области,NOUN,1.0,2,0.5,4,0.5
обнимку,NOUN,0.4,5,0.46153846153846156,13,-0.06153846153846154
обогнав,GRND,0.0,1,0.4,5,-0.4
обогнал,VERB,0.0,1,0.18181818181818182,22,-0.18181818181818182
обозримом,ADJF,1.0,2,0.5833333333333334,12,0.41666666666666663
обойдется,VERB,1.0,2,0.13793103448275862,29,0.8620689655172413
обойдутся,VERB,1.0,1,0.041666666666666664,24,0.9583333333333334
обойтись,INFN,1.0,1,0.6,25,0.4
обошла,VERB,1.0,1,0.25,12,0.75
обошлись,VERB,1.0,1,0.16666666666666666,18,0.8333333333333334
образе,NOUN,0.2,5,0.6666666666666666,3,-0.4666666666666666
образом,NOUN,0.92,25,1.0,12,-0.07999999999999996
образу,NOUN,1.0,3,0.3333333333333333,6,0.6666666666666667
образцу,NOUN,0.8,5,0.0,2,0.8
обратно,ADVB,1.0,1,0.25,12,0.75
обращает,VERB,1.0,2,0.6363636363636364,11,0.36363636363636365
обращал,VERB,0.0,1,0.3333333333333333,12,-0.3333333333333333
обрез,NOUN,0.6666666666666666,6,0.0,15,0.6666666666666666
обстановке,NOUN,0.2,5,0.3333333333333333,3,-0.1333333333333333
обухом,NOUN,0.0,3,0.0,16,0.0
обхвате,NOUN,0.0,3,0.0,5,0.0
обход,NOUN,0.0,3,0.07142857142857142,14,-0.07142857142857142
обчелся,VERB,0.6666666666666666,3,0.0,16,0.6666666666666666
общей,ADJF,0.75,4,0.4444444444444444,9,0.3055555555555556
общими,ADJF,0.6666666666666666,3,0.2857142857142857,7,0.38095238095238093
общих,ADJF,0.6666666666666666,3,0.6,10,0.06666666666666665
объемом,NOUN,0.25,4,0.3333333333333333,6,-0.08333333333333331
обыкновению,NOUN,0.6666666666666666,6,0.5,2,0.16666666666666663
обычае,NOUN,0.0,2,0.0,13,0.0
обычаю,NOUN,0.3333333333333333,3,0.0,1,0.3333333333333333
обычно,ADVB,0.0,3,0.058823529411764705,17,-0.058823529411764705
обычным,ADJF,0.0,3,0.1875,16,-0.1875
обязуется,VERB,0.0,3,0.0,8,0.0
обязуются,VERB,0.0,1,0.0,7,0.0
обязывались,VERB,0.0,1,0.0,2,0.0
оглядки,NOUN,1.0,5,0.5,2,0.5
оглядкой,NOUN,0.3333333333333333,3,0.2727272727272727,11,0.06060606060606061
огне,NOUN,0.0,3,0.5555555555555556,9,-0.5555555555555556
огнем,NOUN,0.7142857142857143,7,0.21428571428571427,14,0.5
огня,NOUN,1.0,3,0.25,12,0.75
огонь,NOUN,0.0,5,0.08333333333333333,12,-0.08333333333333333
огоньком,NOUN,0.0,3,0.09090909090909091,11,-0.09090909090909091
огурчик,NOUN,0.5,2,0.0,14,0.5
один,ADJF,0.8648648648648649,74,0.65,20,0.2148648648648649
одинаково,ADVB,0.2,5,0.45454545454545453,11,-0.2545454545454545
одна,ADJF,0.6470588235294118,17,0.5789473684210527,19,0.06811145510835914
однажды,ADVB,0.3,10,0.2727272727272727,11,0.027272727272727282
одни,ADJF,0.7,10,0.6153846153846154,13,0.08461538461538454
одним,ADJF,0.92,25,0.6363636363636364,11,0.2836363636363637
одних,ADJF,1.0,1,0.625,8,0.375
одно,ADJF,0.8095238095238095,42,0.6666666666666666,15,0.1428571428571429
одновременно,ADVB,1.0,2,0.1,10,0.9
одного,ADJF,1.0,8,0.4,5,0.6
одной,ADJF,0.8823529411764706,17,0.5384615384615384,13,0.3438914027149321
одном,ADJF,1.0,10,0.7692307692307693,13,0.23076923076923073
одному,ADJF,0.7777777777777778,9,0.6,15,0.1777777777777778
одну,ADJF,0.6,5,0.7857142857142857,14,-0.18571428571428572
одолжение,NOUN,1.0,3,0.07692307692307693,13,0.9230769230769231
ожидал,VERB,0.5,2,0.3333333333333333,24,0.16666666666666669
ожидали,VERB,1.0,1,0.09090909090909091,22,0.9090909090909091
ожидания,NOUN,1.0,5,0.45454545454545453,11,0.5454545454545454
ой,INTJ,0.0,1,0.41935483870967744,31,-0.41935483870967744
ока,NOUN,1.0,5,0.5454545454545454,11,0.4545454545454546
оказавшись,GRND,0.0,1,0.18181818181818182,11,-0.18181818181818182
оказалась,VERB,0.0,1,0.25,20,-0.25
оказались,VERB,0.0,1,0.29411764705882354,17,-0.29411764705882354
оказался,VERB,0.0,3,0.3076923076923077,26,-0.3076923076923077
оказаться,INFN,0.5,2,0.2857142857142857,7,0.2142857142857143
океан,NOUN,0.0,1,0.13333333333333333,15,-0.13333333333333333
океане,NOUN,0.0,1,0.5714285714285714,14,-0.5714285714285714
океаном,NOUN,0.0,2,0.0,15,0.0
океаны,NOUN,0.0,1,0.2,10,-0.2
окном,NOUN,0.5,4,0.7777777777777778,18,-0.2777777777777778
околичностей,NOUN,0.0,3,0.0,5,0.0
около,PREP,0.875,8,0.5714285714285714,7,0.3035714285714286
окольными,ADJF,0.0,6,0.0,2,0.0
оком,NOUN,1.0,5,0.6,5,0.4
окончательно,ADVB,0.0,5,0.375,16,-0.375
окромя,PREP,0.0,5,0.0,14,0.0
окружении,NOUN,0.4,10,0.3333333333333333,3,0.06666666666666671
он,NPRO,1.0,1,0.2727272727272727,11,0.7272727272727273
оно,NPRO,0.9285714285714286,14,0.3684210526315789,19,0.5601503759398496
опаски,NOUN,0.0,3,0.0,8,0.0
опередивший,PRTF,1.0,1,0.0,5,1.0
оперы,NOUN,0.3333333333333333,3,0.4444444444444444,9,-0.1111111111111111
опор,NOUN,1.0,1,0.2727272727272727,11,0.7272727272727273
опять,ADVB,1.0,1,0.07692307692307693,26,0.9230769230769231
осадок,NOUN,0.2,5,0.4,10,-0.2
основании,NOUN,0.9,10,0.5,2,0.4
оснований,NOUN,0.625,8,0.36363636363636365,11,0.26136363636363635
основаниях,NOUN,1.0,3,0.75,4,0.25
основе,NOUN,0.8,5,0.6666666666666666,3,0.13333333333333341
особенно,ADVB,0.25,4,0.26666666666666666,15,-0.016666666666666663
особенности,NOUN,0.5,4,0.07692307692307693,13,0.4230769230769231
особого,ADJF,1.0,2,0.6153846153846154,13,0.3846153846153846
особое,ADJF,0.0,1,0.4166666666666667,12,-0.4166666666666667
особой,ADJF,0.5,2,0.125,8,0.375
особых,ADJF,1.0,1,0.16666666666666666,18,0.8333333333333334
оставалось,VERB,1.0,3,0.24,25,0.76
оставившая,PRTF,1.0,1,0.42857142857142855,7,0.5714285714285714
оставил,VERB,0.6666666666666666,3,0.3333333333333333,12,0.3333333333333333
оставила,VERB,1.0,1,0.09090909090909091,11,0.9090909090909091
оставили,VERB,1.0,1,0.3157894736842105,19,0.6842105263157895
оставим,VERB,1.0,1,0.3076923076923077,26,0.6923076923076923
оставите,VERB,1.0,1,0.2,25,0.8
оставить,INFN,0.6666666666666666,3,0.8571428571428571,7,-0.19047619047619047
оставляет,VERB,1.0,2,0.4,5,0.6
оставлял,VERB,0.5,2,0.0,15,0.5
оставь,VERB,1.0,2,0.1111111111111111,36,0.8888888888888888
оставьте,VERB,1.0,1,0.2857142857142857,35,0.7142857142857143
остается,VERB,1.0,2,0.3333333333333333,15,0.6666666666666667
остаешься,VERB,0.0,1,0.12,25,-0.12
осталось,VERB,0.0,1,0.38095238095238093,21,-0.38095238095238093
остальных,ADJF,0.4,5,0.2727272727272727,11,0.12727272727272732
остатка,NOUN,0.4,5,0.0,3,0.4
остатком,NOUN,0.0,5,0.0,10,0.0
острастки,NOUN,0.0,3,0.0,2,0.0
острого,ADJF,1.0,1,0.16666666666666666,12,0.8333333333333334
острое,ADJF,1.0,1,0.08333333333333333,12,0.9166666666666666
острой,ADJF,0.0,1,0.14285714285714285,7,-0.14285714285714285
острый,ADJF,1.0,2,0.1111111111111111,9,0.8888888888888888
от,PREP,0.9673202614379085,306,1.0,12,-0.0326797385620915
отбою,NOUN,0.0,1,0.0,23,0.0
отбоя,NOUN,0.5,2,0.047619047619047616,21,0.4523809523809524
ответ,NOUN,0.6666666666666666,3,0.4166666666666667,24,0.24999999999999994
отвечает,VERB,0.0,1,0.5384615384615384,13,-0.5384615384615384
отвечают,VERB,0.0,1,0.23076923076923078,13,-0.23076923076923078
отвечающие,PRTF,1.0,1,1.0,1,0.0
отвечающих,PRTF,1.0,1,0.5,2,0.5
отвода,NOUN,1.0,2,0.8888888888888888,9,0.11111111111111116
отводу,NOUN,0.0,1,0.0,6,0.0
отдалении,NOUN,0.0,3,0.0,10,0.0
отдали,VERB,0.3333333333333333,3,0.21739130434782608,23,0.11594202898550723
отдан,PRTS,1.0,1,0.6666666666666666,9,0.33333333333333337
отдано,PRTS,1.0,1,0.14285714285714285,14,0.8571428571428572
отданы,PRTS,1.0,1,0.36363636363636365,11,0.6363636363636364
отдать,INFN,0.5,2,0.45,20,0.04999999999999999
отдельности,NOUN,1.0,6,0.25,4,0.75
откажешь,VERB,0.6666666666666666,3,0.0,21,0.6666666666666666
откладывать,INFN,0.6666666666666666,3,0.22727272727272727,22,0.43939393939393934
открыв,GRND,0.6666666666666666,3,0.2,5,0.4666666666666666
открытой,ADJF,0.3333333333333333,3,0.7272727272727273,11,-0.393939393939394
открытую,ADJF,0.3333333333333333,3,0.5,12,-0.16666666666666669
открытым,ADJF,0.8461538461538461,13,0.5,16,0.34615384615384615
откуда,ADVB,0.9333333333333333,15,0.6818181818181818,22,0.2515151515151516
откуп,NOUN,1.0,5,0.2,10,0.8
отлете,NOUN,0.0,5,0.0,9,0.0
отличается,VERB,1.0,1,0.7142857142857143,14,0.2857142857142857
отличалась,VERB,0.5,2,0.4166666666666667,12,0.08333333333333331
отличался,VERB,1.0,1,0.2727272727272727,11,0.7272727272727273
отличаются,VERB,1.0,1,0.8571428571428571,7,0.1428571428571429
отличие,NOUN,1.0,5,0.4,5,0.6
отлично,ADVB,0.5,2,0.125,24,0.375
отнимешь,VERB,0.6666666666666666,3,0.0,33,0.6666666666666666
относилось,VERB,0.0,1,0.2,15,-0.2
относился,VERB,0.0,1,0.42857142857142855,14,-0.42857142857142855
относятся,VERB,0.6666666666666666,3,1.0,8,-0.33333333333333337
отношении,NOUN,0.2857142857142857,7,0.5,2,-0.2142857142857143
отношениях,NOUN,0.8,5,0.8888888888888888,9,-0.0888888888888888
отныне,ADVB,0.2,10,0.0,7,0.2
отнять,INFN,0.4,5,0.2,15,0.2
отойдут,VERB,0.0,1,0.1,10,-0.1
оторвать,INFN,0.6666666666666666,3,0.5555555555555556,18,0.11111111111111105
отошел,VERB,0.0,1,0.21428571428571427,28,-0.21428571428571427
отошла,VERB,0.0,1,0.2857142857142857,21,-0.2857142857142857
отошло,VERB,0.0,1,0.05555555555555555,18,-0.05555555555555555
отрезало,VERB,0.3333333333333333,3,0.0,25,0.3333333333333333
отродясь,ADVB,0.0,2,0.0,1,0.0
отсутствие,NOUN,0.6,5,0.17647058823529413,17,0.4235294117647058
отсутствием,NOUN,1.0,1,0.625,8,0.375
отсутствовало,VERB,0.0,1,0.0625,16,-0.0625
отсутствует,VERB,0.0,1,0.17647058823529413,17,-0.17647058823529413
отсюда,ADVB,0.5714285714285714,7,0.22580645161290322,31,0.34562211981566815
оттого,ADVB,0.4,5,0.0,5,0.4
оттуда,ADVB,1.0,1,0.2222222222222222,18,0.7777777777777778
отходя,GRND,1.0,5,0.25,12,0.75
отчаялись,VERB,0.0,1,0.0,11,0.0
отчаялся,VERB,0.0,2,0.0,14,0.0
отчего,ADJF,0.0,5,0.0,13,0.0
отъезде,NOUN,0.3333333333333333,3,0.07142857142857142,14,0.26190476190476186
ох,INTJ,0.7142857142857143,7,0.05555555555555555,36,0.6587301587301587
охапки,NOUN,0.0,1,0.1,10,-0.1
охапку,NOUN,0.14285714285714285,7,0.125,8,0.01785714285714285
охота,NOUN,0.0,3,0.18518518518518517,27,-0.18518518518518517
охотку,NOUN,0.0,3,0.0,2,0.0
охотой,NOUN,0.0,3,0.4,10,-0.4
очевидно,ADJS,0.0,2,0.18181818181818182,11,-0.18181818181818182
очень,ADVB,0.5483870967741935,31,0.6,20,-0.05161290322580647
очереди,NOUN,0.5882352941176471,17,0.6,15,-0.0117647058823529
очередь,NOUN,0.9230769230769231,13,0.14285714285714285,7,0.7802197802197803
очертя,ADVB,0.0,6,0.0,1,0.0
очистки,NOUN,1.0,3,0.375,8,0.625
очков,NOUN,0.6666666666666666,3,0.6,15,0.06666666666666665
очумелая,ADJF,0.0,1,0.0,11,0.0
ошалелый,ADJF,0.0,1,0.0,16,0.0
ошибки,NOUN,0.25,4,0.25,12,0.0
ошибку,NOUN,1.0,4,0.7142857142857143,14,0.2857142857142857
ошпаренный,PRTF,0.0,1,0.0,3,0.0
п,NOUN,0.0,1,0.38461538461538464,13,-0.38461538461538464
падает,VERB,1.0,1,0.36363636363636365,11,0.6363636363636364
пайке,NOUN,1.0,3,0.06666666666666667,15,0.9333333333333333
палец,NOUN,1.0,2,0.631578947368421,19,0.368421052631579
палки,NOUN,1.0,3,0.058823529411764705,17,0.9411764705882353
пальцам,NOUN,0.7142857142857143,7,0.2727272727272727,11,0.4415584415584416
пальцах,NOUN,1.0,1,0.35714285714285715,14,0.6428571428571428
пальцев,NOUN,1.0,1,0.75,16,0.25
пальцем,NOUN,0.6,5,0.7058823529411765,17,-0.10588235294117654
памяти,NOUN,0.46153846153846156,13,0.6666666666666666,12,-0.20512820512820507
память,NOUN,0.8333333333333334,6,0.2777777777777778,18,0.5555555555555556
пар,NOUN,0.4,5,0.25,12,0.15000000000000002
пара,NOUN,0.5,2,0.14285714285714285,14,0.35714285714285715
параде,NOUN,0.0,3,0.2,20,-0.2
параллельно,ADVB,0.14285714285714285,7,0.14285714285714285,14,0.0
парах,NOUN,1.0,3,0.23076923076923078,13,0.7692307692307692
паре,NOUN,0.6666666666666666,3,0.2777777777777778,18,0.38888888888888884
пари,NOUN,1.0,5,0.25,16,0.75
пару,NOUN,0.6666666666666666,3,0.7777777777777778,9,-0.11111111111111116
парусах,NOUN,0.5,2,0.0,14,0.5
пасхи,NOUN,0.0,2,0.3,10,-0.3
пахнет,VERB,1.0,5,0.625,24,0.375
пеленок,NOUN,0.0,3,0.0,15,0.0
пеной,NOUN,1.0,3,0.07692307692307693,13,0.9230769230769231
пень,VERB,1.0,4,0.21739130434782608,23,0.782608695652174
первая,ADJF,1.0,1,0.5,18,0.5
перво-наперво,ADVB,0.0,3,0.0,11,0.0
первого,ADJF,1.0,7,0.5714285714285714,7,0.4285714285714286
первое,ADJF,0.6666666666666666,9,0.3333333333333333,18,0.3333333333333333
первой,ADJF,0.875,8,0.42857142857142855,7,0.44642857142857145
первом,ADJF,0.6666666666666666,3,0.5454545454545454,11,0.12121212121212122
первому,ADJF,0.6666666666666666,3,0.2,15,0.4666666666666666
первости,NOUN,0.0,2,0.0,6,0.0
первую,ADJF,0.75,8,0.8333333333333334,6,-0.08333333333333337
первый,ADJF,0.46153846153846156,13,0.46153846153846156,13,0.0
первым,ADJF,1.0,3,0.4,15,0.6
первых,ADJF,1.0,9,0.6666666666666666,6,0.33333333333333337
перевалил,VERB,1.0,3,0.0,9,1.0
перевалило,VERB,1.0,2,0.6666666666666666,3,0.33333333333333337
переводя,GRND,1.0,3,0.5,6,0.5
перед,PREP,0.9565217391304348,23,0.6666666666666666,12,0.2898550724637682
передали,VERB,1.0,2,0.058823529411764705,17,0.9411764705882353
передано,PRTS,1.0,1,0.42857142857142855,7,0.5714285714285714
передышки,NOUN,0.0,3,0.0,16,0.0
переименовал,VERB,0.0,1,0.125,8,-0.125
переименовали,VERB,1.0,1,0.125,8,0.875
переименовать,INFN,0.5,2,0.2,10,0.3
переименуйте,VERB,0.0,1,0.0,1,0.0
перекладных,ADJF,0.0,3,0.0,1,0.0
переносит,VERB,0.0,1,0.25,12,-0.25
переносить,INFN,0.5,2,0.15384615384615385,13,0.34615384615384615
перепуга,NOUN,0.0,3,0.0,22,0.0
перепугу,NOUN,0.0,2,0.2222222222222222,18,-0.2222222222222222
перепутье,NOUN,0.0,2,0.0,2,0.0
перерыва,NOUN,0.4,5,0.36363636363636365,11,0.036363636363636376
переставал,VERB,1.0,1,0.2727272727272727,11,0.7272727272727273
переставали,VERB,0.0,2,0.25,8,-0.25
переставая,GRND,0.8,5,0.0,2,0.8
перестаем,VERB,0.0,1,0.42857142857142855,7,-0.42857142857142855
перестает,VERB,0.0,1,0.47058823529411764,17,-0.47058823529411764
перестал,VERB,1.0,2,0.4,20,0.6
перестали,VERB,1.0,1,0.3181818181818182,22,0.6818181818181819
перестаньте,VERB,0.0,1,0.0,31,0.0
пересчитать,INFN,1.0,5,0.21428571428571427,14,0.7857142857142857
перехватило,VERB,1.0,1,0.7894736842105263,19,0.21052631578947367
перец,NOUN,0.0,2,0.1111111111111111,9,-0.1111111111111111
перешагнув,GRND,0.0,1,0.25,4,-0.25
перешагнул,VERB,1.0,1,0.3125,16,0.6875
перешагнуть,INFN,0.0,1,0.0,13,0.0
периодами,NOUN,0.0,5,0.0,3,0.0
периодически,ADVB,0.0,5,0.0,8,0.0
персоной,NOUN,1.0,5,0.25,8,0.75
перспективе,NOUN,0.5,2,0.5,2,0.0
перцу,NOUN,0.0,7,0.05,20,-0.05
печенок,NOUN,0.0,4,0.0,13,0.0
пешком,ADVB,0.5,2,0.23809523809523808,21,0.2619047619047619
пику,NOUN,0.0,5,0.0,5,0.0
писаному,ADJF,0.0,2,0.125,8,-0.125
плакал,VERB,0.0,3,0.20833333333333334,24,-0.20833333333333334
плакали,VERB,0.0,2,0.2608695652173913,23,-0.2608695652173913
пламенем,NOUN,1.0,2,0.46153846153846156,13,0.5384615384615384
плане,NOUN,0.625,8,1.0,2,-0.375
плачь,VERB,0.6666666666666666,3,0.21875,32,0.44791666666666663
плеча,NOUN,0.8,5,0.5,14,0.30000000000000004
плечах,NOUN,1.0,5,0.23809523809523808,21,0.7619047619047619
плечо,NOUN,1.0,4,0.5238095238095238,21,0.47619047619047616
плечу,NOUN,0.25,8,1.0,3,-0.75
плинтуса,NOUN,0.0,4,0.0,11,0.0
плоскости,NOUN,1.0,1,0.4,5,0.6
плоти,NOUN,1.0,3,0.2222222222222222,9,0.7777777777777778
плоть,NOUN,1.0,3,0.2222222222222222,9,0.7777777777777778
плохи,ADJS,1.0,5,0.30434782608695654,23,0.6956521739130435
плохо,PRED,0.5,6,0.3,20,0.2
площадью,NOUN,1.0,5,0.38461538461538464,13,0.6153846153846154
плюс,CONJ,0.4444444444444444,9,0.08333333333333333,24,0.3611111111111111
плюс-минус,INTJ,0.0,2,0.0,10,0.0
по,PREP,0.9717514124293786,708,0.9,10,0.07175141242937855
по-вашему,ADVB,0.0,1,0.125,32,-0.125
по-видимому,CONJ,0.5,2,0.16666666666666666,6,0.33333333333333337
по-детски,ADVB,0.0,4,0.05,20,-0.05
по-моему,CONJ,0.0,5,0.2571428571428571,35,-0.2571428571428571
по-прежнему,ADVB,0.0,5,0.08333333333333333,12,-0.08333333333333333
по-своему,ADVB,0.2,5,0.0,15,0.2
по-твоему,ADVB,0.0,3,0.0,32,0.0
побери,VERB,0.0,1,0.2727272727272727,22,-0.2727272727272727
побоку,PRED,0.0,2,0.0,23,0.0
побрал,VERB,1.0,5,0.75,4,0.25
повезло,VERB,0.8333333333333334,6,0.25806451612903225,31,0.5752688172043011
повелось,VERB,1.0,5,0.10526315789473684,19,0.8947368421052632
поверхности,NOUN,1.0,4,0.375,8,0.625
повестке,NOUN,0.6666666666666666,3,0.1,10,0.5666666666666667
повестку,NOUN,1.0,3,0.3125,16,0.6875
повод,NOUN,1.0,5,0.3333333333333333,12,0.6666666666666667
повода,NOUN,1.0,1,0.42857142857142855,14,0.5714285714285714
поворачивается,VERB,1.0,3,0.34782608695652173,23,0.6521739130434783
повредило,VERB,0.5,2,0.16666666666666666,18,0.33333333333333337
погибель,NOUN,0.0,3,0.0,19,0.0
погоди,VERB,0.2,5,0.06451612903225806,31,0.13548387096774195
погодите,VERB,0.0,4,0.027777777777777776,36,-0.027777777777777776
погодя,ADVB,0.6666666666666666,3,0.11764705882352941,17,0.5490196078431372
погоняет,VERB,0.0,3,0.0,17,0.0
под,PREP,0.9220183486238532,218,0.75,12,0.17201834862385323
подавал,VERB,1.0,2,0.14285714285714285,14,0.8571428571428572
подавись,VERB,1.0,4,0.08571428571428572,35,0.9142857142857143
подавитесь,VERB,0.0,1,0.027777777777777776,36,-0.027777777777777776
подает,VERB,1.0,2,0.05263157894736842,19,0.9473684210526316
подальше,COMP,1.0,9,0.5625,16,0.4375
подарок,NOUN,0.0,3,0.3181818181818182,22,-0.3181818181818182
подать,INFN,1.0,3,0.4117647058823529,17,0.5882352941176471
подачи,NOUN,0.2,5,0.5,10,-0.3
подаю,VERB,0.0,1,0.15,20,-0.15
подбор,NOUN,1.0,3,0.0625,16,0.9375
подведена,PRTS,1.0,1,0.15789473684210525,19,0.8421052631578947
подвел,VERB,0.5,2,0.2,20,0.3
подвернется,VERB,0.0,1,0.0,11,0.0
поделать,INFN,0.2857142857142857,7,0.375,24,-0.0892857142857143
поделите,VERB,0.0,1,0.06666666666666667,15,-0.06666666666666667
подери,VERB,1.0,1,0.1935483870967742,31,0.8064516129032258
поди,INTJ,0.0,1,0.06666666666666667,30,-0.06666666666666667
подлости,NOUN,0.2857142857142857,7,0.0,14,0.2857142857142857
подменили,VERB,0.6666666666666666,3,0.2,20,0.4666666666666666
подмывало,VERB,0.3333333333333333,3,0.0,13,0.3333333333333333
поднял,VERB,1.0,1,0.29411764705882354,17,0.7058823529411764
подняли,VERB,0.5,4,0.4090909090909091,22,0.09090909090909088
подобает,VERB,0.2857142857142857,7,0.2222222222222222,9,0.06349206349206349
подобию,NOUN,1.0,3,0.0,3,1.0
подобно,PREP,1.0,5,0.2857142857142857,7,0.7142857142857143
подобного,ADJF,1.0,2,0.1111111111111111,18,0.8888888888888888
подобное,ADJF,1.0,4,0.3157894736842105,19,0.6842105263157895
подожди,VERB,0.0,2,0.05555555555555555,36,-0.05555555555555555
подождите,VERB,0.0,3,0.029411764705882353,34,-0.029411764705882353
подряд,ADVB,0.625,8,0.6,15,0.025000000000000022
подтверждение,NOUN,0.6666666666666666,3,0.5454545454545454,11,0.12121212121212122
подумаешь,VERB,0.0,4,0.0,29,0.0
подумай,VERB,0.6666666666666666,3,0.0625,32,0.6041666666666666
подумайте,VERB,0.0,2,0.1,30,-0.1
подумал,VERB,0.6666666666666666,3,0.3888888888888889,18,0.27777777777777773
подумать,INFN,0.6428571428571429,14,0.3,10,0.3428571428571429
подхвате,NOUN,0.0,3,0.0,14,0.0
подход,NOUN,0.0,1,0.5,12,-0.5
подходе,NOUN,0.5833333333333334,12,0.6153846153846154,13,-0.03205128205128205
подходил,VERB,0.5,2,0.17647058823529413,17,0.32352941176470584
подходили,VERB,0.0,1,0.3125,16,-0.3125
подходило,VERB,1.0,1,0.16666666666666666,18,0.8333333333333334
подходят,VERB,1.0,1,0.11764705882352941,17,0.8823529411764706
подчас,ADVB,0.0,5,0.0,9,0.0
пожалуйста,PRCL,0.6,10,0.6,30,0.0
пожарном,ADJF,0.0,3,0.125,8,-0.125
пожарный,ADJF,0.0,1,0.18181818181818182,11,-0.18181818181818182
пожелает,VERB,1.0,2,0.14285714285714285,14,0.8571428571428572
пожелаешь,VERB,0.6666666666666666,3,0.0,18,0.6666666666666666
позволим,VERB,1.0,1,0.3125,16,0.6875
позволите,VERB,1.0,2,0.3225806451612903,31,0.6774193548387097
позволишь,VERB,0.0,2,0.1,30,-0.1
позвольте,VERB,0.6666666666666666,3,0.14285714285714285,28,0.5238095238095237
позволю,VERB,0.5,2,0.3888888888888889,18,0.1111111111111111
поздно,ADVB,0.6666666666666666,6,0.5217391304347826,23,0.14492753623188404
поздравляла,VERB,0.0,1,0.1875,16,-0.1875
поздравляли,VERB,0.0,1,0.14285714285714285,21,-0.14285714285714285
поздравляю,VERB,1.0,1,0.3235294117647059,34,0.6764705882352942
пойдем,VERB,0.0,3,0.16666666666666666,36,-0.16666666666666666
пойдет,VERB,1.0,1,0.375,8,0.625
пойду,VERB,0.0,1,0.30303030303030304,33,-0.30303030303030304
пойми,VERB,0.3333333333333333,3,0.125,32,0.20833333333333331
пока,ADVB,1.0,21,0.3333333333333333,24,0.6666666666666667
покажет,VERB,1.0,3,0.4782608695652174,23,0.5217391304347826
покажу,VERB,0.6666666666666666,3,0.4,35,0.2666666666666666
покажут,VERB,0.5,2,0.15384615384615385,13,0.34615384615384615
покамест,ADVB,0.0,4,0.0,11,0.0
покладая,NOUN,1.0,3,0.0,1,1.0
поколение,NOUN,1.0,3,0.6,10,0.4
поколения,NOUN,1.0,3,0.8571428571428571,7,0.1428571428571429
полагается,VERB,0.0,3,0.041666666666666664,24,-0.041666666666666664
полдень,NOUN,0.0,2,0.14285714285714285,21,-0.14285714285714285
полдороге,NOUN,0.0,2,0.0,11,0.0
полдороги,NOUN,0.0,1,0.0,14,0.0
полезли,VERB,0.75,4,0.08333333333333333,24,0.6666666666666666
полета,NOUN,1.0,3,0.0,15,1.0
полна,ADJS,1.0,1,0.375,16,0.625
полная,ADJF,0.0,2,0.47368421052631576,19,-0.47368421052631576
полно,ADVB,0.2,5,0.05263157894736842,19,0.1473684210526316
полное,ADJF,0.0,1,0.5833333333333334,12,-0.5833333333333334
полной,ADJF,0.8461538461538461,13,0.375,8,0.47115384615384615
полном,ADJF,0.6666666666666666,18,0.875,8,-0.20833333333333337
полностью,ADVB,0.75,4,0.3,10,0.45
полноте,NOUN,0.3333333333333333,3,0.0,11,0.3333333333333333
полнотой,NOUN,0.0,3,0.2,5,-0.2
полноты,NOUN,0.6666666666666666,3,0.125,8,0.5416666666666666
полную,ADJF,1.0,3,0.6,10,0.4
полны,ADJS,1.0,2,0.4666666666666667,15,0.5333333333333333
полный,ADJF,0.75,4,0.5333333333333333,15,0.21666666666666667
полным,ADJF,0.3333333333333333,3,0.7333333333333333,15,-0.39999999999999997
полным-полно,ADVB,0.0,3,0.0,26,0.0
половина,NOUN,1.0,1,0.09090909090909091,11,0.9090909090909091
половине,NOUN,1.0,2,0.6,10,0.4
половиной,NOUN,1.0,1,0.8571428571428571,14,0.1428571428571429
половину,NOUN,1.0,1,0.375,16,0.625
положении,NOUN,0.8333333333333334,6,0.0,2,0.8333333333333334
положения,NOUN,1.0,3,0.4,10,0.6
положено,PRTS,0.2,10,0.0625,16,0.1375
положит,VERB,1.0,3,0.1,10,0.9
полон,ADJS,1.0,2,0.5652173913043478,23,0.4347826086956522
полочкам,NOUN,0.4,5,0.0,1,0.4
полпинка,NOUN,0.0,3,0.0,1,0.0
получилось,VERB,0.6666666666666666,6,0.1111111111111111,27,0.5555555555555556
получите,VERB,0.0,1,0.26666666666666666,30,-0.26666666666666666
получишь,VERB,0.5,4,0.37037037037037035,27,0.12962962962962965
полы,NOUN,1.0,3,0.07692307692307693,13,0.9230769230769231
пользоваться,INFN,0.0,1,0.5384615384615384,13,-0.5384615384615384
пользу,NOUN,0.8,5,0.7272727272727273,11,0.07272727272727275
пользуются,VERB,1.0,2,0.7647058823529411,17,0.23529411764705888
пользующихся,PRTF,0.0,1,0.0,4,0.0
помаленечку,ADVB,0.0,1,0.0,21,0.0
помаленьку,ADVB,0.0,1,0.0,24,0.0
поманить,INFN,0.3333333333333333,3,0.0,10,0.3333333333333333
помимо,PREP,0.25,12,0.2,5,0.04999999999999999
поминай,VERB,0.8,5,0.23076923076923078,26,0.5692307692307692
помине,NOUN,1.0,5,0.7142857142857143,21,0.2857142857142857
помирай,VERB,0.0,5,0.03225806451612903,31,-0.03225806451612903
помнится,CONJ,0.0,3,0.0,12,0.0
помнишь,VERB,0.0,2,0.06896551724137931,29,-0.06896551724137931
помножить,INFN,0.0,2,0.0,11,0.0
помню,VERB,1.0,3,0.14285714285714285,21,0.8571428571428572
помойку,NOUN,0.0,1,0.2222222222222222,18,-0.2222222222222222
помощи,NOUN,1.0,3,0.625,8,0.375
помощью,NOUN,1.0,5,0.8333333333333334,6,0.16666666666666663
помпой,NOUN,0.0,3,0.0,3,0.0
помпы,NOUN,0.0,3,0.0,16,0.0
помяни,VERB,0.0,2,0.0,19,0.0
понемногу,ADVB,0.0,2,0.0,16,0.0
понемножечку,ADVB,0.0,1,0.0,11,0.0
понемножку,ADVB,0.0,2,0.0,15,0.0
понимает,VERB,0.0,1,0.42857142857142855,14,-0.42857142857142855
понимаете,VERB,0.8,5,0.4482758620689655,29,0.3517241379310345
понимаешь,VERB,0.42857142857142855,7,0.16,25,0.26857142857142857
понимании,NOUN,0.25,4,0.3333333333333333,3,-0.08333333333333331
понимать,INFN,0.2,5,0.16666666666666666,12,0.033333333333333354
понимаю,VERB,0.375,8,0.6521739130434783,23,-0.27717391304347827
понимают,VERB,1.0,2,0.47619047619047616,21,0.5238095238095238
понял,VERB,0.5,2,0.47058823529411764,17,0.02941176470588236
понятия,NOUN,1.0,5,0.5882352941176471,17,0.4117647058823529
понятно,ADVB,0.25,4,0.34782608695652173,23,-0.09782608695652173
понять,INFN,1.0,10,0.25,8,0.75
попа,NOUN,0.0,5,0.2,10,-0.2
попадется,VERB,0.0,1,0.058823529411764705,17,-0.058823529411764705
попаду,VERB,0.0,1,0.3333333333333333,21,-0.3333333333333333
попадя,GRND,1.0,5,0.0,4,1.0
попала,VERB,1.0,2,0.47058823529411764,17,0.5294117647058824
попало,VERB,0.6,10,0.25,16,0.35
поперек,ADVB,1.0,5,0.3333333333333333,12,0.6666666666666667
пополам,ADVB,1.0,5,0.35,20,0.65
попомни,VERB,1.0,1,0.05714285714285714,35,0.9428571428571428
попробует,VERB,1.0,2,0.3125,16,0.6875
попробуй,VERB,1.0,1,0.13793103448275862,29,0.8620689655172413
попробуйте,VERB,0.5,2,0.06666666666666667,30,0.43333333333333335
попросил,VERB,1.0,3,0.15,20,0.85
попусту,ADVB,0.0,1,0.08695652173913043,23,-0.08695652173913043
пор,NOUN,0.92,25,1.0,7,-0.07999999999999996
пора,NOUN,0.6666666666666666,30,0.43333333333333335,30,0.23333333333333328
поразивший,PRTF,1.0,1,0.0,5,1.0
поразит,VERB,0.0,1,0.0,6,0.0
порога,NOUN,0.0,3,0.0,20,0.0
порой,ADVB,0.3333333333333333,6,0.14285714285714285,7,0.19047619047619047
пороху,NOUN,0.75,4,0.09090909090909091,11,0.6590909090909091
пору,NOUN,0.2857142857142857,7,0.25,4,0.0357142857142857
поры,NOUN,0.7222222222222222,18,0.3333333333333333,15,0.3888888888888889
порядка,NOUN,0.0,5,0.125,8,-0.125
порядке,NOUN,0.8888888888888888,18,0.4444444444444444,9,0.4444444444444444
порядком,NOUN,0.6666666666666666,9,0.15384615384615385,13,0.5128205128205128
поскольку,CONJ,0.5,4,0.0,2,0.5
после,PREP,0.875,16,0.8461538461538461,13,0.028846153846153855
последнего,ADJF,0.6666666666666666,3,0.3333333333333333,9,0.3333333333333333
последнее,ADJF,1.0,2,0.6,10,0.4
последней,ADJF,1.0,1,0.18181818181818182,11,0.8181818181818181
последнем,ADJF,1.0,2,0.14285714285714285,7,0.8571428571428572
последние,ADJF,0.6,5,0.7,10,-0.09999999999999998
последний,ADJF,0.8888888888888888,9,0.3333333333333333,15,0.5555555555555556
последним,ADJF,1.0,1,0.25,12,0.75
последняя,ADJF,1.0,1,0.13333333333333333,15,0.8666666666666667
последующем,ADJF,0.0,1,0.0,4,0.0
послушать,INFN,0.6666666666666666,6,0.0,16,0.6666666666666666
посмотреть,INFN,0.0,1,0.6363636363636364,11,-0.6363636363636364
посмотрим,VERB,0.6,5,0.4375,32,0.16249999999999998
поспешил,VERB,0.0,2,0.047619047619047616,21,-0.047619047619047616
поспешила,VERB,1.0,1,0.09523809523809523,21,0.9047619047619048
поспорить,INFN,0.75,4,0.17647058823529413,17,0.5735294117647058
посредством,PREP,0.2,5,0.0,5,0.2
поставив,GRND,0.0,1,0.125,8,-0.125
поставил,VERB,0.6666666666666666,3,0.625,8,0.04166666666666663
поставили,VERB,1.0,1,0.2631578947368421,19,0.736842105263158
поставить,INFN,1.0,4,0.1,10,0.9
поставлен,PRTS,1.0,1,0.35294117647058826,17,0.6470588235294117
поставленном,PRTF,0.0,2,0.0,2,0.0
поставьте,VERB,0.0,1,0.11538461538461539,26,-0.11538461538461539
постепенно,ADVB,0.4,5,0.46153846153846156,13,-0.06153846153846154
постой,VERB,0.0,8,0.0,27,0.0
постойте,VERB,0.0,1,0.02702702702702703,37,-0.02702702702702703
постфактум,ADVB,0.0,5,0.0,9,0.0
посылках,NOUN,0.0,3,0.0,14,0.0
поте,NOUN,1.0,3,1.0,1,0.0
потерял,VERB,1.0,4,0.4117647058823529,17,0.5882352941176471
потеряла,VERB,0.0,1,0.38095238095238093,21,-0.38095238095238093
потеху,NOUN,0.2,5,0.0,6,0.2
потихоньку,ADVB,0.0,2,0.0,15,0.0
поток,NOUN,0.8,5,0.4166666666666667,12,0.38333333333333336
потоке,NOUN,0.0,1,0.6,10,-0.6
потоку,NOUN,1.0,1,0.2222222222222222,9,0.7777777777777778
потолка,NOUN,1.0,5,0.25,12,0.75
потом,ADVB,0.5454545454545454,22,0.5625,16,-0.017045454545454586
потому,ADVB,0.5384615384615384,13,0.0,5,0.5384615384615384
потрохами,NOUN,0.0,3,0.0,16,0.0
потрясло,VERB,1.0,1,0.0,14,1.0
похож,ADJS,1.0,3,0.9285714285714286,14,0.0714285714285714
похожа,ADJS,1.0,2,0.7,20,0.30000000000000004
похоже,ADVB,0.9,10,0.631578947368421,19,0.268421052631579
похожи,ADJS,1.0,1,0.7058823529411765,17,0.2941176470588235
почве,NOUN,0.6,5,0.0,2,0.6
почем,ADVB,0.045454545454545456,22,0.0,25,0.045454545454545456
почему,ADVB,0.9090909090909091,11,0.5,30,0.40909090909090906
почете,NOUN,0.0,5,0.0,1,0.0
почти,ADVB,0.6666666666666666,3,0.0,11,0.6666666666666666
почуяли,VERB,1.0,1,0.17647058823529413,17,0.8235294117647058
пошевелю,VERB,0.0,1,0.0,5,0.0
пошел,VERB,1.0,4,0.3333333333333333,24,0.6666666666666667
пошла,VERB,0.5,2,0.48148148148148145,27,0.018518518518518545
пошлет,VERB,0.6666666666666666,3,0.0,17,0.6666666666666666
пошли,VERB,0.0,3,0.17647058823529413,17,-0.17647058823529413
пошло,VERB,1.0,10,0.2608695652173913,23,0.7391304347826086
поэтому,ADVB,0.2,5,0.06666666666666667,15,0.13333333333333336
пр,ADJF,0.0,2,0.16666666666666666,6,-0.16666666666666666
права,NOUN,1.0,4,0.5454545454545454,11,0.4545454545454546
правах,NOUN,0.75,8,0.42857142857142855,7,0.32142857142857145
правда,PRCL,0.25,20,0.0,19,0.25
правдами,NOUN,1.0,3,0.2,5,0.8
правде,NOUN,1.0,3,0.8823529411764706,17,0.11764705882352944
правилам,NOUN,0.75,4,0.4166666666666667,12,0.3333333333333333
правило,NOUN,0.6,5,0.25,4,0.35
правильно,ADVB,1.0,5,0.42105263157894735,19,0.5789473684210527
право,NOUN,0.1,10,0.75,12,-0.65
правую,ADJF,1.0,1,0.4166666666666667,12,0.5833333333333333
практике,NOUN,1.0,3,0.25,8,0.75
практически,ADVB,0.5,2,0.0,6,0.5
прах,NOUN,1.0,3,0.0,9,1.0
пребываешь,VERB,0.0,1,0.0,8,0.0
пребывал,VERB,0.0,2,0.0,6,0.0
пребывали,VERB,0.0,1,0.3333333333333333,3,-0.3333333333333333
пребывать,INFN,0.0,1,0.0,3,0.0
пребываю,VERB,0.0,2,0.0,11,0.0
пребывают,VERB,0.0,3,0.0,2,0.0
превзошла,VERB,1.0,1,0.21428571428571427,14,0.7857142857142857
превзошли,VERB,0.75,4,0.25,12,0.5
превыше,ADVB,0.3333333333333333,3,0.0,13,0.3333333333333333
преданию,NOUN,0.5,2,0.16666666666666666,6,0.33333333333333337
предварительно,ADVB,0.2,5,0.4,5,-0.2
пределе,NOUN,0.6,5,0.0,5,0.6
предлогом,NOUN,1.0,5,0.5,4,0.5
предложил,VERB,1.0,2,0.35714285714285715,14,0.6428571428571428
предложила,VERB,1.0,1,0.14285714285714285,21,0.8571428571428572
предложите,VERB,0.0,1,0.041666666666666664,24,-0.041666666666666664
представить,INFN,0.6666666666666666,3,0.6666666666666666,6,0.0
представиться,INFN,0.8,5,0.30434782608695654,23,0.4956521739130435
представлениям,NOUN,0.0,4,0.5,4,-0.5
представляет,VERB,1.0,5,0.36363636363636365,11,0.6363636363636364
представлял,VERB,0.0,2,0.2727272727272727,11,-0.2727272727272727
представляю,VERB,0.75,4,0.3157894736842105,19,0.4342105263157895
представляют,VERB,1.0,3,0.6,10,0.4
прежде,PREP,0.7142857142857143,7,0.4166666666666667,12,0.2976190476190476
преимущественно,ADVB,0.0,5,0.0,8,0.0
прекрасный,ADJF,1.0,5,0.17647058823529413,17,0.8235294117647058
прекрати,VERB,0.5,2,0.05405405405405406,37,0.44594594594594594
прекратите,VERB,0.0,1,0.030303030303030304,33,-0.030303030303030304
претензии,NOUN,0.0,3,0.21052631578947367,19,-0.21052631578947367
преувеличения,NOUN,1.0,2,0.0,7,1.0
при,PREP,0.9545454545454546,66,0.8888888888888888,9,0.06565656565656575
прибавить,INFN,0.3333333333333333,3,0.25,12,0.08333333333333331
прибавь,VERB,0.0,1,0.0,20,0.0
прибавьте,VERB,0.0,1,0.0,11,0.0
приблизительно,ADVB,0.0,6,0.0,16,0.0
приведи,VERB,0.0,3,0.5161290322580645,31,-0.5161290322580645
привела,VERB,1.0,1,0.625,16,0.375
привести,INFN,1.0,3,0.625,8,0.375
привет,NOUN,0.25,4,0.35135135135135137,37,-0.10135135135135137
приветствуем,VERB,0.25,4,0.0,13,0.25
приветствую,VERB,0.0,1,0.030303030303030304,33,-0.030303030303030304
привлекает,VERB,0.3333333333333333,3,0.25,20,0.08333333333333331
привлекал,VERB,0.0,1,0.2857142857142857,14,-0.2857142857142857
привлекают,VERB,1.0,1,0.3076923076923077,13,0.6923076923076923
приводила,VERB,1.0,1,0.375,8,0.625
приводит,VERB,1.0,1,0.6666666666666666,6,0.33333333333333337
привычке,NOUN,0.3333333333333333,3,0.0,2,0.3333333333333333
пригоршня,NOUN,0.0,5,0.0,16,0.0
придавал,VERB,1.0,1,0.6666666666666666,12,0.33333333333333337
придавать,INFN,1.0,1,0.4444444444444444,9,0.5555555555555556
придаем,VERB,1.0,1,0.5555555555555556,9,0.4444444444444444
придачу,NOUN,0.0,5,0.3,10,-0.3
придают,VERB,0.5,2,0.5,8,0.0
придет,VERB,0.0,4,0.11764705882352941,17,-0.11764705882352941
придется,VERB,0.23076923076923078,13,0.15789473684210525,19,0.07287449392712553
придутся,VERB,0.0,1,0.0,15,0.0
призму,NOUN,1.0,3,0.6666666666666666,3,0.33333333333333337
прийти,INFN,1.0,1,0.6428571428571429,14,0.3571428571428571
прикидывается,VERB,0.0,3,0.125,16,-0.125
прикидывайся,VERB,0.0,2,0.04878048780487805,41,-0.04878048780487805
прикрас,NOUN,0.0,5,0.0,4,0.0
прикрытием,NOUN,0.75,4,0.125,8,0.625
прикурить,INFN,0.0,5,0.0,15,0.0
прилавка,NOUN,0.3333333333333333,3,0.0,8,0.3333333333333333
применении,NOUN,1.0,5,0.625,8,0.375
пример,NOUN,0.76,25,0.6190476190476191,21,0.14095238095238094
примера,NOUN,0.6,10,0.45454545454545453,11,0.14545454545454545
примерами,NOUN,0.75,4,0.0,5,0.75
примерно,ADVB,0.3333333333333333,9,0.23076923076923078,13,0.10256410256410253
принимает,VERB,0.0,1,0.4166666666666667,12,-0.4166666666666667
принимаешь,VERB,0.75,4,0.2727272727272727,11,0.4772727272727273
принципу,NOUN,1.0,5,0.4,5,0.6
принявшая,PRTF,0.0,1,0.6666666666666666,3,-0.6666666666666666
принял,VERB,0.5,2,0.8888888888888888,9,-0.38888888888888884
приняла,VERB,0.5,4,0.5,14,0.0
приняли,VERB,0.0,1,0.6923076923076923,13,-0.6923076923076923
принялся,VERB,0.0,5,0.2,10,-0.2
принято,PRTS,0.0,1,0.6666666666666666,6,-0.6666666666666666
принять,INFN,0.0,1,0.42857142857142855,7,-0.42857142857142855
припеваючи,ADVB,0.0,4,0.0,7,0.0
природе,NOUN,0.45454545454545453,11,0.3333333333333333,12,0.12121212121212122
присест,NOUN,1.0,3,0.3,10,0.7
пристало,VERB,0.4,5,0.0,6,0.4
пристрастием,NOUN,0.3333333333333333,3,0.0,1,0.3333333333333333
присутствует,VERB,0.0,1,0.125,8,-0.125
присутствуют,VERB,0.0,2,0.3333333333333333,9,-0.3333333333333333
притворяется,VERB,1.0,1,0.041666666666666664,24,0.9583333333333334
притворяешься,VERB,0.0,1,0.0,33,0.0
притворялась,VERB,0.0,2,0.043478260869565216,23,-0.043478260869565216
притворялся,VERB,0.5,4,0.058823529411764705,17,0.4411764705882353
притворяться,INFN,0.0,1,0.1,20,-0.1
притворяюсь,VERB,0.0,1,0.0,19,0.0
притворяются,VERB,1.0,1,0.0,17,1.0
притронется,VERB,0.0,1,0.2,5,-0.2
притронулись,VERB,0.0,1,0.0,6,0.0
притронулся,VERB,0.0,1,0.0,18,0.0
приходилась,VERB,1.0,2,0.1111111111111111,9,0.8888888888888888
приходился,VERB,1.0,1,0.375,8,0.625
приходится,VERB,0.8571428571428571,7,0.4666666666666667,15,0.3904761904761904
прицеле,NOUN,0.6666666666666666,3,0.3076923076923077,13,0.3589743589743589
причем,CONJ,0.0,5,0.14285714285714285,7,-0.14285714285714285
причине,NOUN,0.8,10,0.0,1,0.8
причитается,VERB,0.5,2,0.0,16,0.5
причудами,NOUN,0.0,3,0.0,4,0.0
пришел,VERB,0.0,2,0.21428571428571427,14,-0.21428571428571427
пришелся,VERB,0.5,4,0.2777777777777778,18,0.2222222222222222
пришлась,VERB,1.0,1,0.5,8,0.5
пришло,VERB,0.75,8,0.5714285714285714,14,0.1785714285714286
пришлось,VERB,0.6666666666666666,3,0.2857142857142857,14,0.38095238095238093
пришьешь,VERB,0.0,3,0.0,12,0.0
про,PREP,0.7272727272727273,11,0.631578947368421,19,0.09569377990430628
пробил,VERB,0.0,3,0.15384615384615385,13,-0.15384615384615385
проблем,NOUN,1.0,3,0.2857142857142857,7,0.7142857142857143
проблема,NOUN,1.0,3,0.36363636363636365,11,0.6363636363636364
пробовал,VERB,0.0,3,0.038461538461538464,26,-0.038461538461538464
пробовала,VERB,0.0,1,0.041666666666666664,24,-0.041666666666666664
пробовать,INFN,0.0,1,0.1,20,-0.1
пробы,NOUN,0.6666666666666666,3,0.23076923076923078,13,0.43589743589743585
провались,VERB,0.0,1,0.03225806451612903,31,-0.03225806451612903
проведешь,VERB,0.2,5,0.11764705882352941,17,0.0823529411764706
программе,NOUN,0.75,4,0.1111111111111111,9,0.6388888888888888
продолжение,NOUN,0.0,5,0.391304347826087,23,-0.391304347826087
продыха,NOUN,0.0,1,0.0,6,0.0
продыху,NOUN,0.0,2,0.0,11,0.0
прозвали,VERB,0.2,5,0.125,16,0.07500000000000001
произвела,VERB,1.0,1,0.375,16,0.625
произвели,VERB,1.0,1,0.5454545454545454,11,0.4545454545454546
произвести,INFN,1.0,1,0.3333333333333333,9,0.6666666666666667
пройдет,VERB,1.0,2,0.16666666666666666,12,0.8333333333333334
прокатит,VERB,0.2,5,0.09090909090909091,11,0.1090909090909091
проклят,ADJS,1.0,8,0.14285714285714285,14,0.8571428571428572
проклята,ADJS,1.0,2,0.16666666666666666,6,0.8333333333333334
промах,NOUN,0.3333333333333333,6,0.2222222222222222,18,0.1111111111111111
промаха,NOUN,0.0,2,0.07142857142857142,14,-0.07142857142857142
промаху,NOUN,0.0,1,0.0,13,0.0
пропади,VERB,1.0,2,0.6296296296296297,27,0.37037037037037035
пропадом,ADVB,0.6666666666666666,3,0.7586206896551724,29,-0.09195402298850575
пропасть,NOUN,0.0,5,0.10526315789473684,19,-0.10526315789473684
прописал,VERB,0.8,5,0.2,15,0.6000000000000001
прорва,NOUN,0.0,2,0.0,13,0.0
прорву,NOUN,0.0,3,0.0,9,0.0
просим,VERB,0.5,4,0.21052631578947367,19,0.2894736842105263
просит,VERB,0.2,5,0.06666666666666667,15,0.13333333333333336
просится,VERB,0.0,1,0.0,21,0.0
прости,VERB,1.0,1,0.3333333333333333,21,0.6666666666666667
простите,VERB,0.5,2,0.2962962962962963,27,0.20370370370370372
просто,PRCL,0.5294117647058824,17,0.1111111111111111,18,0.41830065359477125
простоте,NOUN,0.6666666666666666,6,0.14285714285714285,7,0.5238095238095237
простыл,VERB,1.0,5,0.5,22,0.5
просыпу,NOUN,0.0,3,0.0,2,0.0
просьба,NOUN,0.0,3,0.15,20,-0.15
просьбой,NOUN,1.0,1,0.6,5,0.4
просьбы,NOUN,1.0,1,0.13333333333333333,15,0.8666666666666667
против,PREP,0.8695652173913043,23,0.6,10,0.26956521739130435
противном,ADJF,1.0,5,0.0,2,1.0
противовес,NOUN,0.6,5,0.0,4,0.6
протянутой,PRTF,0.3333333333333333,3,0.3333333333333333,9,0.0
прохода,NOUN,0.0,1,0.16666666666666666,18,-0.16666666666666666
проходило,VERB,0.0,1,0.3333333333333333,12,-0.3333333333333333
проходит,VERB,1.0,4,0.23076923076923078,13,0.7692307692307692
проходу,NOUN,0.0,2,0.14285714285714285,14,-0.14285714285714285
проч,ADJF,0.0,1,0.2,5,-0.2
прочат,VERB,0.0,1,0.0,18,0.0
прочего,NPRO,0.8,5,0.3333333333333333,6,0.46666666666666673
прочее,NPRO,0.5,2,0.2,10,0.3
прочему,NPRO,1.0,5,0.5,2,0.5
прочие,ADJF,1.0,1,0.14285714285714285,7,0.8571428571428572
прочили,VERB,0.0,2,0.0,13,0.0
прочим,VERB,1.0,5,0.3333333333333333,3,0.6666666666666667
прочих,ADJF,0.14285714285714285,7,0.0,3,0.14285714285714285
прочь,ADVB,0.2857142857142857,7,0.3333333333333333,18,-0.047619047619047616
прошла,VERB,0.0,1,0.2727272727272727,11,-0.2727272727272727
прошло,VERB,1.0,7,0.3333333333333333,18,0.6666666666666667
прошлом,ADJF,1.0,3,1.0,1,0.0
прошу,VERB,0.875,8,0.5,20,0.375
прощание,NOUN,0.5,2,0.42105263157894735,19,0.07894736842105265
прощанье,NOUN,0.0,1,0.0,3,0.0
проще,COMP,0.6666666666666666,3,0.1111111111111111,18,0.5555555555555556
прощения,NOUN,1.0,5,0.8333333333333334,12,0.16666666666666663
пруд,NOUN,1.0,5,0.46153846153846156,13,0.5384615384615384
пруди,VERB,1.0,5,0.7222222222222222,18,0.2777777777777778
прыть,NOUN,0.0,2,0.0,6,0.0
прямая,ADJF,1.0,3,0.23076923076923078,13,0.7692307692307692
прямо,ADVB,0.26666666666666666,15,0.15384615384615385,13,0.11282051282051281
прямой,ADJF,0.8333333333333334,6,0.16666666666666666,6,0.6666666666666667
прямым,ADJF,1.0,2,0.2857142857142857,7,0.7142857142857143
псевдонимом,NOUN,0.8,5,0.16666666666666666,6,0.6333333333333334
псу,NOUN,0.0,2,0.125,16,-0.125
птица,NOUN,0.5,2,0.35714285714285715,14,0.14285714285714285
птичьего,ADJF,0.3333333333333333,3,0.1,10,0.2333333333333333
птичьих,ADJF,1.0,3,0.125,8,0.875
пудов,NOUN,0.0,6,0.0,17,0.0
пуза,NOUN,0.3333333333333333,3,0.0,11,0.3333333333333333
пульсе,NOUN,1.0,3,0.375,8,0.625
пунктам,NOUN,0.3333333333333333,3,0.5,2,-0.16666666666666669
пускай,CONJ,0.0,2,0.0,35,0.0
пусто,ADVB,1.0,5,0.125,32,0.875
пустой,ADJF,0.0,1,0.3333333333333333,21,-0.3333333333333333
пустом,ADJF,1.0,5,0.0,8,1.0
пустыми,ADJF,1.0,5,0.46153846153846156,13,0.5384615384615384
пусть,PRCL,0.65,20,0.5,24,0.15000000000000002
пустяков,NOUN,0.0,2,0.13333333333333333,15,-0.13333333333333333
пути,NOUN,0.6666666666666666,3,0.5294117647058824,17,0.13725490196078427
путь,NOUN,0.2,5,0.4444444444444444,18,-0.2444444444444444
путями,NOUN,1.0,6,0.5,8,0.5
пух,NOUN,1.0,3,0.25,20,0.75
пушистый,ADJF,0.8,5,0.16666666666666666,6,0.6333333333333334
пушки,NOUN,0.5,4,0.3333333333333333,15,0.16666666666666669
пуще,ADVB,0.0,1,0.0,14,0.0
пущей,ADJF,0.6666666666666666,3,0.8571428571428571,7,-0.19047619047619047
пыла,NOUN,0.0,1,0.09090909090909091,11,-0.09090909090909091
пылу,NOUN,1.0,2,0.4166666666666667,12,0.5833333333333333
пытаемся,VERB,1.0,1,0.375,16,0.625
пытаетесь,VERB,0.0,1,0.0625,16,-0.0625
пытается,VERB,1.0,1,0.25,4,0.75
пыталась,VERB,0.0,1,0.08333333333333333,12,-0.08333333333333333
пытался,VERB,0.0,1,0.5,8,-0.5
пьяни,NOUN,0.5,2,0.0,16,0.5
пьянке,NOUN,0.0,1,0.0,12,0.0
пят,NOUN,1.0,3,0.25,4,0.75
пятам,NOUN,1.0,3,0.625,8,0.375
пятерку,NOUN,0.0,2,0.058823529411764705,17,-0.058823529411764705
пяти,NUMR,1.0,5,0.09090909090909091,11,0.9090909090909091
пяток,NOUN,0.0,4,0.11764705882352941,17,-0.11764705882352941
пять,NUMR,1.0,2,0.36363636363636365,11,0.6363636363636364
пятьсот,NUMR,0.0,3,0.06666666666666667,15,-0.06666666666666667
работали,VERB,1.0,1,0.07692307692307693,13,0.9230769230769231
рабочем,ADJF,0.3333333333333333,3,0.5,6,-0.16666666666666669
равен,ADJS,0.8,5,0.3333333333333333,12,0.46666666666666673
равных,ADJF,0.2,10,0.375,8,-0.175
равняется,VERB,0.0,3,0.2,10,-0.2
рад,ADJS,0.3333333333333333,3,0.3684210526315789,19,-0.03508771929824561
ради,PREP,0.7878787878787878,33,0.5,8,0.28787878787878785
радиусе,NOUN,1.0,5,0.0,1,1.0
радиусом,NOUN,0.0,2,0.0,4,0.0
радости,NOUN,0.0,5,0.35294117647058826,17,-0.35294117647058826
радость,NOUN,1.0,5,0.13636363636363635,22,0.8636363636363636
радостью,NOUN,1.0,1,0.2727272727272727,11,0.7272727272727273
радостях,NOUN,0.0,3,0.0,3,0.0
раж,NOUN,0.3333333333333333,3,0.125,8,0.20833333333333331
раз,NOUN,0.8181818181818182,110,0.625,8,0.19318181818181823
раз-другой,ADJF,0.0,2,0.0,1,0.0
разбега,NOUN,0.2,5,0.0,7,0.2
разбегались,VERB,1.0,1,0.0,8,1.0
разбегаются,VERB,0.75,12,0.0625,16,0.6875
разбирается,VERB,0.0,2,0.4,10,-0.4
разбираешься,VERB,0.0,1,0.28,25,-0.28
разбирался,VERB,0.0,3,0.0,5,0.0
разбираюсь,VERB,1.0,1,0.0,15,1.0
разбора,NOUN,0.4,5,0.16666666666666666,6,0.23333333333333336
разбором,NOUN,0.0,3,0.3333333333333333,3,-0.3333333333333333
разве,PRCL,0.5294117647058824,17,0.3333333333333333,24,0.19607843137254904
развязав,GRND,0.0,1,0.2857142857142857,7,-0.2857142857142857
развязал,VERB,1.0,1,0.23076923076923078,13,0.7692307692307692
разговоров,NOUN,0.1111111111111111,9,0.0,10,0.1111111111111111
разгона,NOUN,0.0,2,0.0,7,0.0
разгону,NOUN,0.0,1,0.0,10,0.0
разделить,INFN,0.0,3,0.6363636363636364,11,-0.6363636363636364
разе,NOUN,0.5,2,0.5833333333333334,12,-0.08333333333333337
разительно,ADVB,0.6,5,0.1111111111111111,9,0.4888888888888889
разлив,GRND,0.3333333333333333,3,0.13333333333333333,15,0.19999999999999998
размаха,NOUN,0.0,1,0.2222222222222222,9,-0.2222222222222222
размаху,NOUN,0.0,2,0.5,8,-0.5
размениваться,INFN,0.0,5,0.0,21,0.0
разменял,VERB,0.0,4,0.0,18,0.0
размером,NOUN,1.0,3,0.4,5,0.6
разница,NOUN,1.0,5,0.5,22,0.5
разницы,NOUN,1.0,5,0.3125,16,0.6875
разнообразия,NOUN,0.0,3,0.0,7,0.0
разные,ADJF,1.0,1,0.6666666666666666,12,0.33333333333333337
разом,ADVB,1.0,5,0.1111111111111111,9,0.8888888888888888
разрешите,VERB,0.0,2,0.03225806451612903,31,-0.03225806451612903
разряда,NOUN,0.75,4,0.2857142857142857,7,0.4642857142857143
разу,NOUN,1.0,11,0.5,2,0.5
разумеется,CONJ,0.16666666666666666,6,0.06666666666666667,15,0.09999999999999999
разы,NOUN,1.0,5,0.5,2,0.5
райские,ADJF,0.0,1,0.2727272727272727,11,-0.2727272727272727
райский,ADJF,1.0,1,0.058823529411764705,17,0.9411764705882353
райского,ADJF,0.0,1,0.1,10,-0.1
райское,ADJF,0.0,1,0.0,14,0.0
райской,ADJF,0.0,1,0.0,4,0.0
рак,NOUN,1.0,2,0.25,16,0.75
раки,NOUN,1.0,3,0.0,9,1.0
раком,NOUN,0.0,1,0.23529411764705882,17,-0.23529411764705882
ракурса,NOUN,0.0,3,0.0,1,0.0
ракурсе,NOUN,0.0,3,0.0,6,0.0
рамки,NOUN,0.8333333333333334,6,0.3333333333333333,12,0.5
ранжиру,NOUN,0.0,3,0.0,1,0.0
рано,ADVB,1.0,7,0.45454545454545453,22,0.5454545454545454
раньше,COMP,0.4,5,0.38461538461538464,13,0.015384615384615385
раскусил,VERB,0.0,1,0.0,18,0.0
распорядилась,VERB,1.0,1,0.5,20,0.5
распорядился,VERB,0.0,4,0.0,13,0.0
распоряжение,NOUN,0.4,5,0.07142857142857142,14,0.3285714285714286
распоряжении,NOUN,0.6,5,0.6,15,0.0
рассвета,NOUN,1.0,3,0.08333333333333333,12,0.9166666666666666
рассказывай,VERB,0.0,2,0.08823529411764706,34,-0.08823529411764706
рассказывайте,VERB,0.0,1,0.10344827586206896,29,-0.10344827586206896
рассрочку,NOUN,0.0,3,0.0,1,0.0
расстановкой,NOUN,1.0,3,0.3,10,0.7
расстояние,NOUN,1.0,5,0.4166666666666667,12,0.5833333333333333
расстоянии,NOUN,1.0,3,0.9,10,0.09999999999999998
рассудке,NOUN,0.0,3,0.5714285714285714,7,-0.5714285714285714
расти,INFN,1.0,1,0.7,10,0.30000000000000004
растрепанных,PRTF,0.0,3,0.0,8,0.0
расцвете,NOUN,0.0,1,0.6153846153846154,13,-0.6153846153846154
расчет,NOUN,1.0,3,0.125,16,0.875
расчета,NOUN,0.5,2,0.058823529411764705,17,0.4411764705882353
расчете,NOUN,0.2727272727272727,11,0.2,5,0.0727272727272727
расшибись,VERB,0.0,1,0.0,4,0.0
расшибиться,INFN,0.0,1,0.0,3,0.0
расшибусь,VERB,0.0,1,0.0,9,0.0
редкость,NOUN,0.5,4,0.28,25,0.21999999999999997
резаные,ADJF,0.0,2,0.0,6,0.0
резаный,ADJF,0.0,1,0.0,2,0.0
река,NOUN,0.0,2,0.21739130434782608,23,-0.21739130434782608
рекой,NOUN,0.0,1,0.1875,16,-0.1875
репертуаре,NOUN,0.3333333333333333,3,0.42857142857142855,7,-0.09523809523809523
речи,NOUN,1.0,15,0.6363636363636364,11,0.36363636363636365
речь,NOUN,0.5,8,0.9,10,-0.4
решено,PRTS,0.0,3,0.26666666666666666,15,-0.26666666666666666
решеткой,NOUN,0.6,5,0.5,8,0.09999999999999998
решетку,NOUN,0.3333333333333333,3,0.0,12,0.3333333333333333
ринулся,VERB,0.0,1,0.0,18,0.0
рисковал,VERB,0.0,1,0.07692307692307693,13,-0.07692307692307693
рискует,VERB,0.0,1,0.42857142857142855,14,-0.42857142857142855
рискуете,VERB,0.5,2,0.2,15,0.3
рискую,VERB,0.0,1,0.13043478260869565,23,-0.13043478260869565
робкого,ADJF,1.0,3,0.0,11,1.0
ровно,ADVB,0.14285714285714285,7,0.0,13,0.14285714285714285
ровном,ADJF,1.0,3,0.25,4,0.75
ровным,ADJF,1.0,5,0.0,9,1.0
ровня,NOUN,0.0,3,0.0,13,0.0
рога,NOUN,1.0,4,0.3076923076923077,13,0.6923076923076923
рода,NOUN,1.0,5,0.8571428571428571,7,0.1428571428571429
роде,NOUN,0.5,2,0.7,20,-0.19999999999999996
родила,VERB,1.0,2,0.5263157894736842,19,0.4736842105263158
роду,NOUN,1.0,3,0.42857142857142855,7,0.5714285714285714
рождению,NOUN,0.3333333333333333,3,0.14285714285714285,7,0.19047619047619047
розницу,NOUN,0.0,3,0.0,5,0.0
рознь,NOUN,0.4,5,0.2727272727272727,22,0.12727272727272732
роли,NOUN,1.0,5,0.6,5,0.4
роль,NOUN,1.0,5,0.3333333333333333,12,0.6666666666666667
ролях,NOUN,1.0,6,0.375,8,0.625
россыпи,NOUN,0.0,2,0.0,6,0.0
россыпь,NOUN,0.3333333333333333,3,0.2222222222222222,9,0.1111111111111111
рост,NOUN,1.0,7,0.6,10,0.4
росту,NOUN,0.3333333333333333,3,0.5,12,-0.16666666666666669
рот,NOUN,0.9,10,0.5,10,0.4
рта,NOUN,1.0,3,0.5882352941176471,17,0.4117647058823529
рты,NOUN,1.0,1,0.6363636363636364,11,0.36363636363636365
рубежа,NOUN,0.4,5,0.25,4,0.15000000000000002
рублем,NOUN,0.3333333333333333,3,0.0,13,0.3333333333333333
рук,NOUN,0.9629629629629629,27,0.3333333333333333,15,0.6296296296296295
рука,NOUN,1.0,3,0.5,12,0.5
рукава,NOUN,0.8333333333333334,6,0.3333333333333333,9,0.5
рукам,NOUN,0.0,5,0.35714285714285715,14,-0.35714285714285715
руками,NOUN,1.0,28,0.4666666666666667,15,0.5333333333333333
руках,NOUN,0.7,10,0.3333333333333333,3,0.36666666666666664
руки,NOUN,0.8478260869565217,46,0.5,12,0.34782608695652173
руководством,NOUN,0.9,10,0.0,7,0.9
рукой,NOUN,0.9411764705882353,17,0.6842105263157895,19,0.2569659442724458
руку,NOUN,0.8823529411764706,17,0.8,20,0.08235294117647052
рулем,NOUN,0.75,4,0.0,2,0.75
руля,NOUN,0.8333333333333334,6,0.3333333333333333,12,0.5
русло,NOUN,0.6666666666666666,3,0.2222222222222222,9,0.4444444444444444
ручья,NOUN,1.0,3,0.07692307692307693,13,0.9230769230769231
рыли,VERB,1.0,1,0.3,10,0.7
рыло,NOUN,0.0,1,0.07142857142857142,14,-0.07142857142857142
рыть,INFN,1.0,4,0.1111111111111111,9,0.8888888888888888
ряд,NOUN,0.9090909090909091,11,0.5,10,0.40909090909090906
ряда,NOUN,1.0,3,0.0,2,1.0
рядом,ADVB,1.0,5,0.23076923076923078,13,0.7692307692307692
ряду,NOUN,0.75,4,0.5,4,0.25
с,PREP,0.9542566709021602,787,1.0,13,-0.04574332909783985
сам,ADJF,0.6341463414634146,41,0.5625,16,0.07164634146341464
сама,ADJF,0.2,5,0.46153846153846156,13,-0.26153846153846155
самая,ADJF,0.75,8,0.8235294117647058,17,-0.07352941176470584
сами,ADJF,0.5,12,0.3333333333333333,15,0.16666666666666669
само,ADJF,1.0,5,0.4117647058823529,17,0.5882352941176471
самое,ADJF,1.0,18,1.0,16,0.0
самой,ADJF,1.0,2,0.2857142857142857,7,0.7142857142857143
самом,ADJF,1.0,13,0.875,8,0.125
самому,ADJF,0.0,1,0.2727272727272727,11,-0.2727272727272727
саму,ADJF,1.0,1,0.14285714285714285,7,0.8571428571428572
самую,ADJF,1.0,1,0.6666666666666666,9,0.33333333333333337
самые,ADJF,1.0,7,0.6666666666666666,6,0.33333333333333337
самый,ADJF,1.0,17,0.6666666666666666,18,0.33333333333333337
самым,ADJF,1.0,2,0.9,10,0.09999999999999998
самых,ADJF,1.0,5,0.7142857142857143,7,0.2857142857142857
сахар,NOUN,0.5,2,0.09090909090909091,11,0.40909090909090906
сбилась,VERB,1.0,1,0.19047619047619047,21,0.8095238095238095
сбились,VERB,0.5,2,0.23529411764705882,17,0.2647058823529412
сбился,VERB,1.0,2,0.2692307692307692,26,0.7307692307692308
свежести,NOUN,1.0,4,0.2857142857142857,7,0.7142857142857143
свежий,ADJF,1.0,1,0.16666666666666666,18,0.8333333333333334
свежую,ADJF,1.0,3,0.125,8,0.875
свели,VERB,0.0,1,0.0,12,0.0
сверх,PREP,0.6,10,0.08333333333333333,12,0.5166666666666666
сверху,ADVB,0.6666666666666666,6,0.08333333333333333,12,0.5833333333333333
свет,NOUN,0.8235294117647058,17,0.4375,16,0.38602941176470584
свете,NOUN,0.7333333333333333,15,0.6923076923076923,13,0.04102564102564099
светит,VERB,0.3333333333333333,3,0.35,20,-0.016666666666666663
свинья,NOUN,1.0,2,0.09090909090909091,22,0.9090909090909091
свистнет,VERB,1.0,2,0.0625,16,0.9375
свободе,NOUN,1.0,1,0.3333333333333333,12,0.6666666666666667
свободен,ADJS,0.0,1,0.1,20,-0.1
свободное,ADJF,0.0,5,0.3333333333333333,12,-0.3333333333333333
сводим,VERB,0.0,1,0.2,15,-0.2
сводит,VERB,1.0,2,0.5714285714285714,14,0.4285714285714286
сводить,INFN,1.0,1,0.4,15,0.6
сводят,VERB,1.0,1,0.0,6,1.0
свое,ADJF,0.44,25,0.6666666666666666,9,-0.22666666666666663
своего,ADJF,1.0,5,0.6363636363636364,11,0.36363636363636365
своей,ADJF,1.0,12,1.0,5,0.0
своем,ADJF,0.8,10,0.7272727272727273,11,0.07272727272727275
своему,ADJF,1.0,3,0.8571428571428571,7,0.1428571428571429
свои,ADJF,1.0,4,0.3333333333333333,3,0.6666666666666667
своим,ADJF,0.9,10,0.8571428571428571,7,0.04285714285714293
своими,ADJF,1.0,2,0.9,10,0.09999999999999998
своих,ADJF,1.0,6,0.6,5,0.4
свой,ADJF,1.0,6,0.7692307692307693,13,0.23076923076923073
свойство,NOUN,0.75,4,0.07692307692307693,13,0.6730769230769231
свою,ADJF,1.0,9,0.6363636363636364,11,0.36363636363636365
своя,ADJF,1.0,1,0.5454545454545454,22,0.4545454545454546
связи,NOUN,1.0,5,0.7142857142857143,7,0.2857142857142857
связке,NOUN,1.0,1,0.125,8,0.875
святое,ADJF,0.0,1,0.08695652173913043,23,-0.08695652173913043
святых,ADJF,1.0,3,0.5555555555555556,9,0.4444444444444444
сгоряча,ADVB,0.0,1,0.0,13,0.0
сдается,VERB,0.4,5,0.3333333333333333,18,0.06666666666666671
сделай,VERB,0.8333333333333334,6,0.5,22,0.33333333333333337
сделайте,VERB,1.0,2,0.30434782608695654,23,0.6956521739130435
сделалась,VERB,0.0,2,0.0,15,0.0
сделалось,VERB,0.0,1,0.0,15,0.0
сделался,VERB,0.0,2,0.0,18,0.0
сделать,INFN,0.0,1,0.6,10,-0.6
сдуло,VERB,1.0,3,0.46875,32,0.53125
сдуру,ADVB,0.0,1,0.0,15,0.0
се,NPRO,0.3333333333333333,9,0.3,20,0.033333333333333326
себе,NPRO,0.7605633802816901,71,0.6666666666666666,12,0.0938967136150235
себя,NPRO,0.9411764705882353,51,0.7333333333333333,15,0.207843137254902
севере,NOUN,0.0,1,0.13333333333333333,15,-0.13333333333333333
сего,NPRO,1.0,8,0.0,8,1.0
сегодня,ADVB,0.6363636363636364,11,0.1111111111111111,18,0.5252525252525253
сегодняшний,ADJF,1.0,3,0.8,10,0.19999999999999996
седьмого,ADJF,1.0,3,0.0,15,1.0
сей,ADJF,1.0,5,0.0,9,1.0
сейчас,ADVB,0.625,8,0.23529411764705882,17,0.3897058823529412
секрете,NOUN,0.8,5,0.0,7,0.8
секрету,NOUN,0.6,5,0.0,3,0.6
секунды,NOUN,1.0,5,0.2,10,0.8
селу,NOUN,1.0,3,0.0,11,1.0
семимильными,ADJF,0.0,3,0.0,1,0.0
семью,NOUN,1.0,3,0.23076923076923078,13,0.7692307692307692
сердца,NOUN,1.0,3,0.38461538461538464,13,0.6153846153846154
сердце,NOUN,0.42857142857142855,7,0.46153846153846156,13,-0.032967032967033016
сердцем,NOUN,0.9411764705882353,17,0.3125,16,0.6286764705882353
сердцу,NOUN,0.0,1,0.5555555555555556,9,-0.5555555555555556
серьезно,ADVB,0.0,2,0.21052631578947367,19,-0.21052631578947367
сидеть,INFN,1.0,1,0.38461538461538464,13,0.6153846153846154
сидит,VERB,1.0,4,0.18181818181818182,11,0.8181818181818181
сидишь,VERB,0.0,1,0.2857142857142857,21,-0.2857142857142857
сидорову,NOUN,0.0,5,0.0,7,0.0
сидячем,ADJF,0.3333333333333333,3,0.0,8,0.3333333333333333
сикось-накось,ADVB,0.0,3,0.0,8,0.0
сил,NOUN,0.9,10,0.5,6,0.4
силам,NOUN,0.4,5,0.4,5,0.0
силами,NOUN,1.0,5,0.5555555555555556,9,0.4444444444444444
силах,NOUN,0.0,3,0.5,8,-0.5
силе,NOUN,1.0,5,0.2222222222222222,9,0.7777777777777778
силой,NOUN,1.0,2,0.5,16,0.5
силою,NOUN,0.0,1,1.0,1,-1.0
силу,NOUN,0.8095238095238095,21,0.16666666666666666,6,0.6428571428571429
силы,NOUN,1.0,6,0.2727272727272727,11,0.7272727272727273
сильно,ADVB,0.2727272727272727,11,0.6153846153846154,13,-0.3426573426573427
синим,ADJF,1.0,3,0.4,15,0.6
скажем,CONJ,0.5833333333333334,12,0.0,9,0.5833333333333334
скажет,VERB,0.5,4,0.058823529411764705,17,0.4411764705882353
скажете,VERB,0.0,2,0.30303030303030304,33,-0.30303030303030304
скажешь,VERB,0.3333333333333333,9,0.4,30,-0.06666666666666671
скажи,VERB,0.18181818181818182,11,0.3,30,-0.11818181818181817
скажите,VERB,0.75,4,0.34782608695652173,23,0.40217391304347827
скажу,VERB,0.7857142857142857,14,0.39285714285714285,28,0.39285714285714285
сказал,VERB,0.7692307692307693,13,0.9,20,-0.13076923076923075
сказала,VERB,0.0,1,0.38095238095238093,21,-0.38095238095238093
сказанному,PRTF,0.0,5,0.0,5,0.0
сказать,INFN,0.75,48,0.5714285714285714,14,0.1785714285714286
сказке,NOUN,0.4,5,0.23529411764705882,17,0.1647058823529412
скамьи,NOUN,1.0,3,0.21428571428571427,14,0.7857142857142857
сквозь,PREP,0.375,8,0.375,8,0.0
скинемся,VERB,0.0,1,0.0,10,0.0
скинувшись,GRND,0.0,1,0.0,4,0.0
скинулись,VERB,0.0,2,0.0,22,0.0
складчину,NOUN,0.0,3,0.0,1,0.0
склоне,NOUN,0.3333333333333333,3,0.0,9,0.3333333333333333
скобками,NOUN,0.3333333333333333,3,0.3333333333333333,6,0.0
сколь,ADVB,0.75,8,0.2222222222222222,9,0.5277777777777778
сколько,ADVB,0.75,40,0.8421052631578947,19,-0.09210526315789469
скончания,NOUN,1.0,4,0.4444444444444444,9,0.5555555555555556
скорее,CONJ,0.7083333333333334,24,0.5714285714285714,14,0.13690476190476197
скорей,COMP,0.0,3,0.07407407407407407,27,-0.07407407407407407
скоро,ADVB,0.625,8,0.3888888888888889,18,0.2361111111111111
скором,ADJF,1.0,5,0.25,8,0.75
скорую,ADJF,1.0,3,0.55,20,0.44999999999999996
скрипом,NOUN,0.3333333333333333,3,0.16666666666666666,6,0.16666666666666666
слабости,NOUN,0.0,3,0.2,15,-0.2
слабость,NOUN,0.0,1,0.23076923076923078,13,-0.23076923076923078
слава,NOUN,1.0,5,0.7916666666666666,24,0.20833333333333337
славного,ADJF,0.0,1,0.0,5,0.0
славный,ADJF,0.0,1,0.043478260869565216,23,-0.043478260869565216
славу,NOUN,0.75,8,0.5,6,0.25
слегка,ADVB,0.0,5,0.0,14,0.0
след,NOUN,1.0,5,0.3888888888888889,18,0.6111111111111112
следа,NOUN,0.6666666666666666,3,0.5333333333333333,15,0.1333333333333333
следам,NOUN,1.0,3,0.125,8,0.875
следовало,VERB,0.0,2,0.23076923076923078,13,-0.23076923076923078
следовательно,CONJ,0.4,5,0.0,7,0.4
следует,VERB,0.23076923076923078,13,0.1,10,0.13076923076923078
следующим,ADJF,1.0,2,0.7272727272727273,11,0.2727272727272727
слез,NOUN,0.875,8,0.125,16,0.75
слезах,NOUN,0.3333333333333333,3,0.0,2,0.3333333333333333
слишком,ADVB,0.75,8,0.3076923076923077,13,0.4423076923076923
слов,NOUN,0.7777777777777778,9,0.625,8,0.1527777777777778
слова,NOUN,0.8378378378378378,37,0.5882352941176471,17,0.24960254372019075
словами,NOUN,1.0,7,0.75,8,0.25
словах,NOUN,1.0,8,0.3076923076923077,13,0.6923076923076923
слове,NOUN,1.0,8,0.6666666666666666,12,0.33333333333333337
словно,CONJ,0.4,5,0.14285714285714285,7,0.2571428571428572
слово,NOUN,0.9259259259259259,27,0.47058823529411764,17,0.4553376906318083
словом,NOUN,0.8181818181818182,11,0.125,8,0.6931818181818182
слову,NOUN,1.0,7,0.6666666666666666,9,0.33333333333333337
словца,NOUN,0.5,2,0.5555555555555556,18,-0.05555555555555558
сложилось,VERB,0.5,2,0.5555555555555556,9,-0.05555555555555558
слом,NOUN,0.3333333333333333,3,0.0,16,0.3333333333333333
сломить,INFN,0.0,5,0.14285714285714285,7,-0.14285714285714285
слух,NOUN,1.0,3,0.3125,16,0.6875
слухам,NOUN,0.8,5,0.0,4,0.8
слухи,NOUN,1.0,5,0.42857142857142855,14,0.5714285714285714
слуху,NOUN,0.25,4,0.25,12,0.0
случай,NOUN,0.8333333333333334,12,0.5769230769230769,26,0.2564102564102565
случаю,NOUN,1.0,9,0.0,2,1.0
случая,NOUN,1.0,5,0.2,15,0.8
случилось,VERB,0.0,3,0.15789473684210525,19,-0.15789473684210525
случись,VERB,0.2,5,0.3333333333333333,9,-0.1333333333333333
слывет,VERB,0.0,1,0.0,6,0.0
слыл,VERB,0.0,1,0.0,9,0.0
слыла,VERB,0.0,2,0.0,11,0.0
слыли,VERB,0.0,1,0.0,10,0.0
слыхивал,VERB,1.0,1,0.35714285714285715,14,0.6428571428571428
слыхивала,VERB,1.0,2,0.1111111111111111,18,0.8888888888888888
слыхивали,VERB,1.0,1,0.18181818181818182,11,0.8181818181818181
слыхом,ADVB,0.6,5,0.5714285714285714,7,0.02857142857142858
слышать,INFN,1.0,5,0.4666666666666667,15,0.5333333333333333
слышь,INTJ,0.0,5,0.03225806451612903,31,-0.03225806451612903
смаком,NOUN,0.0,3,0.0,8,0.0
смеем,VERB,0.0,1,0.1,10,-0.1
смеете,VERB,1.0,3,0.7,30,0.30000000000000004
смеешь,VERB,1.0,2,0.4782608695652174,23,0.5217391304347826
смей,VERB,0.6666666666666666,3,0.0,1,0.6666666666666666
смерти,NOUN,0.7,10,0.5714285714285714,14,0.12857142857142856
смерть,NOUN,1.0,3,0.26666666666666666,15,0.7333333333333334
смеха,NOUN,0.3333333333333333,6,0.2631578947368421,19,0.07017543859649122
смеху,NOUN,0.0,1,0.3684210526315789,19,-0.3684210526315789
смешного,ADJF,0.3333333333333333,9,0.09523809523809523,21,0.23809523809523808
смею,VERB,0.0,2,0.047619047619047616,21,-0.047619047619047616
смогли,VERB,0.0,1,0.375,8,-0.375
смогу,VERB,1.0,1,0.3333333333333333,24,0.6666666666666667
смотрел,VERB,1.0,1,0.46153846153846156,13,0.5384615384615384
смотрела,VERB,0.0,1,0.35,20,-0.35
смотреть,INFN,0.6666666666666666,9,0.2857142857142857,21,0.38095238095238093
смотри,VERB,0.25,4,0.030303030303030304,33,0.2196969696969697
смотрите,VERB,0.3333333333333333,3,0.10344827586206896,29,0.22988505747126436
смотрю,VERB,0.5,6,0.18181818181818182,22,0.3181818181818182
смотря,GRND,0.0,5,0.4,20,-0.4
смотрят,VERB,1.0,1,0.5294117647058824,17,0.47058823529411764
смысл,NOUN,1.0,10,0.45454545454545453,11,0.5454545454545454
смысле,NOUN,0.5714285714285714,21,1.0,1,-0.4285714285714286
снаружи,ADVB,0.2,5,0.2,20,0.0
снег,NOUN,1.0,3,0.23529411764705882,17,0.7647058823529411
снизу,ADVB,1.0,3,0.23076923076923078,13,0.7692307692307692
снова,ADVB,0.9166666666666666,12,0.19230769230769232,26,0.7243589743589743
сняла,VERB,0.0,1,0.26666666666666666,15,-0.26666666666666666
сняло,VERB,1.0,3,0.6666666666666666,21,0.33333333333333337
снять,INFN,0.3333333333333333,3,0.5384615384615384,13,-0.20512820512820512
со,PREP,1.0,71,0.8888888888888888,9,0.11111111111111116
собак,NOUN,1.0,4,0.4375,16,0.5625
собака,NOUN,1.0,3,0.18518518518518517,27,0.8148148148148149
собаку,NOUN,1.0,5,0.13333333333333333,15,0.8666666666666667
соберешь,VERB,0.3333333333333333,3,0.0,20,0.3333333333333333
собой,NPRO,0.7586206896551724,29,1.0,9,-0.24137931034482762
собрать,INFN,0.3333333333333333,3,0.2857142857142857,14,0.047619047619047616
собственно,PRCL,0.0,4,0.3333333333333333,12,-0.3333333333333333
собственной,ADJF,1.0,5,0.2857142857142857,7,0.7142857142857143
собственности,NOUN,0.4,5,0.6666666666666666,6,-0.2666666666666666
собственность,NOUN,0.8,5,0.1875,16,0.6125
совершенная,ADJF,0.0,2,0.07142857142857142,14,-0.07142857142857142
совершенно,ADVB,0.2,5,0.14285714285714285,14,0.05714285714285716
совершенное,ADJF,0.0,1,0.0,9,0.0
совершенной,ADJF,0.0,1,0.0,7,0.0
совершенную,ADJF,0.0,1,0.125,8,-0.125
совершил,VERB,1.0,2,0.5555555555555556,9,0.4444444444444444
совести,NOUN,0.75,12,0.47058823529411764,17,0.27941176470588236
совесть,NOUN,0.3333333333333333,3,0.2,25,0.1333333333333333
совестью,NOUN,0.0,3,0.26666666666666666,15,-0.26666666666666666
совпали,VERB,0.0,1,0.2,20,-0.2
совсем,ADVB,0.5357142857142857,28,0.3333333333333333,18,0.20238095238095238
согласно,PREP,0.2,5,0.0,4,0.2
создан,PRTS,0.8,5,0.25,8,0.55
сознания,NOUN,0.8,5,0.375,8,0.42500000000000004
созрел,ADJS,0.0,1,0.047619047619047616,21,-0.047619047619047616
сойдет,VERB,1.0,1,0.3333333333333333,18,0.6666666666666667
сойти,INFN,0.9285714285714286,14,0.8095238095238095,21,0.11904761904761907
соки,NOUN,0.6,5,0.14285714285714285,7,0.45714285714285713
соку,NOUN,0.4,5,0.42857142857142855,14,-0.028571428571428525
солдаты,NOUN,0.3333333333333333,3,0.18181818181818182,22,0.1515151515151515
соль,NOUN,0.0,2,0.16666666666666666,12,-0.16666666666666666
сомневаться,INFN,1.0,5,0.4444444444444444,18,0.5555555555555556
сомнения,NOUN,0.8,10,0.3333333333333333,15,0.46666666666666673
сообщению,NOUN,0.0,3,0.0,6,0.0
сорт,NOUN,0.5,2,0.10526315789473684,19,0.39473684210526316
сорта,NOUN,0.75,4,0.2222222222222222,9,0.5277777777777778
сосенке,NOUN,0.6666666666666666,3,0.0,5,0.6666666666666666
соскучишься,VERB,0.0,3,0.0,28,0.0
составит,VERB,1.0,5,0.2857142857142857,7,0.7142857142857143
состоянии,NOUN,0.7142857142857143,7,0.7142857142857143,7,0.0
сотни,NOUN,0.3333333333333333,3,0.25,12,0.08333333333333331
сотых,ADJF,0.0,1,0.0,8,0.0
соусом,NOUN,1.0,3,0.14285714285714285,7,0.8571428571428572
сохранности,NOUN,1.0,3,0.16666666666666666,6,0.8333333333333334
сочла,VERB,1.0,1,0.2222222222222222,9,0.7777777777777778
сочли,VERB,1.0,1,0.25,8,0.75
сочтет,VERB,0.0,1,0.5,6,-0.5
сочти,VERB,0.0,2,0.0,16,0.0
сошлись,VERB,0.25,4,0.17647058823529413,17,0.07352941176470587
спас,VERB,1.0,1,0.09523809523809523,21,0.9047619047619048
спаси,VERB,0.0,3,0.22727272727272727,22,-0.22727272727272727
спасибо,INTJ,0.6666666666666666,18,0.6176470588235294,34,0.04901960784313719
спасли,VERB,1.0,1,0.44,25,0.56
спасти,INFN,1.0,1,0.2631578947368421,19,0.736842105263158
спеху,NOUN,0.0,4,0.0,13,0.0
спеша,GRND,1.0,3,0.0,3,1.0
спиной,NOUN,1.0,14,0.0,2,1.0
спит,VERB,1.0,2,0.2857142857142857,21,0.7142857142857143
сплошная,ADJF,0.0,1,0.09523809523809523,21,-0.09523809523809523
сплошной,ADJF,0.3333333333333333,3,0.0,13,0.3333333333333333
сплошные,ADJF,0.0,1,0.09523809523809523,21,-0.09523809523809523
сплошь,ADVB,0.8,5,0.0,12,0.8
спокойной,ADJF,1.0,3,0.6666666666666666,18,0.33333333333333337
спокойным,ADJF,1.0,3,0.09090909090909091,11,0.9090909090909091
спора,NOUN,0.0,2,0.09090909090909091,11,-0.09090909090909091
спорадически,ADVB,0.0,5,0.0,7,0.0
спору,NOUN,0.0,3,0.11764705882352941,17,-0.11764705882352941
способен,ADJS,0.6,5,0.0,8,0.6
справедливости,NOUN,0.0,3,0.0,10,0.0
спроса,NOUN,0.2,5,0.46153846153846156,13,-0.26153846153846155
спроси,VERB,1.0,1,0.34615384615384615,26,0.6538461538461539
спросите,VERB,1.0,1,0.3235294117647059,34,0.6764705882352942
спускай,VERB,1.0,1,0.029411764705882353,34,0.9705882352941176
спускала,VERB,0.0,1,0.0,8,0.0
спускать,INFN,1.0,1,0.09523809523809523,21,0.9047619047619048
спустя,PREP,0.6666666666666666,3,0.375,8,0.29166666666666663
спьяну,ADVB,0.0,1,0.0,16,0.0
спят,VERB,1.0,1,0.15789473684210525,19,0.8421052631578947
сравнении,NOUN,1.0,3,0.6666666666666666,3,0.33333333333333337
сравнению,NOUN,1.0,5,0.0,1,1.0
сразу,ADVB,0.8333333333333334,12,0.35714285714285715,14,0.4761904761904762
среде,NOUN,0.8,5,0.5,2,0.30000000000000004
среди,PREP,0.3076923076923077,13,0.5714285714285714,7,-0.2637362637362637
среднего,NOUN,0.6666666666666666,3,0.5714285714285714,7,0.09523809523809523
средней,ADJF,1.0,3,0.0,1,1.0
среднем,NOUN,1.0,5,0.75,4,0.25
средних,ADJF,1.0,3,0.75,8,0.25
среды,NOUN,0.25,4,0.6,5,-0.35
средь,PREP,0.75,4,0.0,12,0.75
сродни,PREP,0.6,5,0.5,14,0.09999999999999998
срок,NOUN,0.625,8,0.5909090909090909,22,0.03409090909090906
ставил,VERB,1.0,1,0.0,15,1.0
ставила,VERB,1.0,1,0.0,11,1.0
ставили,VERB,0.6666666666666666,3,0.1111111111111111,9,0.5555555555555556
ставит,VERB,1.0,1,0.5384615384615384,13,0.46153846153846156
ставить,INFN,1.0,6,0.46153846153846156,13,0.5384615384615384
ставишь,VERB,1.0,1,0.13043478260869565,23,0.8695652173913043
ставлю,VERB,1.0,1,0.1,20,0.9
ставят,VERB,1.0,4,0.5,12,0.5
стадо,NOUN,1.0,5,0.38461538461538464,13,0.6153846153846154
стал,VERB,0.8888888888888888,9,0.45454545454545453,11,0.4343434343434343
стала,VERB,0.0,1,0.2222222222222222,9,-0.2222222222222222
стали,VERB,0.3333333333333333,3,0.8333333333333334,6,-0.5
стало,VERB,0.9,10,0.36363636363636365,11,0.5363636363636364
станет,VERB,0.0,1,0.2222222222222222,9,-0.2222222222222222
стану,VERB,0.0,3,0.19230769230769232,26,-0.19230769230769232
станут,VERB,0.0,2,0.0,8,0.0
старинке,NOUN,0.0,3,0.0,2,0.0
старое,NOUN,0.6666666666666666,3,0.4166666666666667,12,0.24999999999999994
старой,ADJF,1.0,3,0.2,10,0.8
стати,NOUN,1.0,5,0.65,20,0.35
статься,INFN,0.3333333333333333,3,0.0,11,0.3333333333333333
статьям,NOUN,0.6666666666666666,6,0.7142857142857143,7,-0.04761904761904767
стеклышко,NOUN,0.0,1,0.0,15,0.0
стенах,NOUN,1.0,7,0.5,12,0.5
стене,NOUN,0.0,1,0.5,8,-0.5
стенку,NOUN,1.0,1,0.17647058823529413,17,0.8235294117647058
стеной,NOUN,0.2,5,0.4166666666666667,12,-0.21666666666666667
степени,NOUN,0.55,20,0.8888888888888888,9,-0.3388888888888888
стиле,NOUN,0.8,5,0.0,1,0.8
сто,NOUN,0.7,30,0.0,13,0.7
сто-пятьсот,NUMR,0.0,1,0.0,1,0.0
стоил,VERB,1.0,1,0.05555555555555555,18,0.9444444444444444
стоила,VERB,0.0,1,0.38095238095238093,21,-0.38095238095238093
стоило,VERB,0.5714285714285714,7,0.26666666666666666,15,0.30476190476190473
стоит,VERB,0.673469387755102,49,0.4666666666666667,15,0.20680272108843534
стоите,VERB,0.0,1,0.038461538461538464,26,-0.038461538461538464
столетия,NOUN,0.0,1,0.0,2,0.0
столом,NOUN,1.0,5,0.46153846153846156,13,0.5384615384615384
столь,ADVB,1.0,4,0.3,10,0.7
столько,ADVB,0.7,10,0.2222222222222222,9,0.47777777777777775
стопроцентная,ADJF,0.5,2,0.0,18,0.5
стопроцентно,ADVB,0.0,5,0.0,9,0.0
стопроцентное,ADJF,0.0,1,0.09090909090909091,11,-0.09090909090909091
стопроцентную,ADJF,0.0,1,0.08333333333333333,12,-0.08333333333333333
стопудово,ADJS,0.0,2,0.0,14,0.0
стороне,NOUN,0.8181818181818182,11,0.6,5,0.21818181818181825
сторону,NOUN,1.0,8,0.5714285714285714,7,0.4285714285714286
стороны,NOUN,1.0,24,0.8181818181818182,11,0.18181818181818177
стою,VERB,1.0,1,0.25,24,0.75
стоял,VERB,1.0,1,0.375,16,0.625
стояла,VERB,0.0,3,0.3157894736842105,19,-0.3157894736842105
стоят,VERB,0.5,2,0.6153846153846154,13,-0.11538461538461542
страже,NOUN,0.5,2,0.0,5,0.5
страха,NOUN,0.6666666666666666,3,0.29411764705882354,17,0.3725490196078431
страхом,NOUN,0.6,5,0.2727272727272727,11,0.32727272727272727
страшен,ADJS,0.0,2,0.2631578947368421,19,-0.2631578947368421
страшенные,ADJF,0.0,1,0.0,14,0.0
страшная,ADJF,0.3333333333333333,3,0.08,25,0.2533333333333333
страшно,ADVB,0.0,7,0.15789473684210525,19,-0.15789473684210525
страшное,ADJF,0.25,4,0.15789473684210525,19,0.09210526315789475
страшной,ADJF,0.75,4,0.25,8,0.5
страшный,ADJF,0.0,1,0.16,25,-0.16
строго,ADVB,0.6,5,0.2727272727272727,11,0.32727272727272727
строго-настрого,ADVB,0.0,2,0.0,4,0.0
стряслось,VERB,0.0,1,0.0,30,0.0
ступала,VERB,1.0,3,0.4444444444444444,9,0.5555555555555556
стыда,NOUN,0.3333333333333333,3,0.36363636363636365,11,-0.03030303030303033
стыдно,ADVB,0.6666666666666666,18,0.13333333333333333,30,0.5333333333333333
стыду,NOUN,0.6666666666666666,3,0.0,1,0.6666666666666666
стынет,VERB,1.0,4,0.08333333333333333,24,0.9166666666666666
судить,INFN,0.8,5,0.3333333333333333,15,0.46666666666666673
судьба,NOUN,0.0,3,0.15,20,-0.15
судьбами,NOUN,1.0,3,0.3,10,0.7
судя,GRND,0.75,4,1.0,8,-0.25
сумасшедшая,ADJF,1.0,1,0.038461538461538464,26,0.9615384615384616
сумасшедшей,ADJF,0.0,1,0.07692307692307693,13,-0.07692307692307693
сумасшедшем,ADJF,0.0,1,0.0,6,0.0
сумасшедшие,ADJF,0.0,1,0.06666666666666667,15,-0.06666666666666667
сумасшедший,ADJF,0.0,1,0.0,20,0.0
сумеем,VERB,0.0,1,0.0,15,0.0
сумел,VERB,0.0,1,0.0,9,0.0
сумели,VERB,0.0,1,0.0,9,0.0
сути,NOUN,0.3333333333333333,3,0.3333333333333333,3,0.0
суть,VERB,0.0,7,0.5,16,-0.5
сучка,NOUN,1.0,3,0.19047619047619047,21,0.8095238095238095
существу,NOUN,0.0,3,0.0,3,0.0
сущности,NOUN,0.2,5,0.0,2,0.2
сфере,NOUN,0.0,1,0.2,5,-0.2
схвачено,PRTS,0.0,5,0.0,16,0.0
сходил,VERB,1.0,2,0.2857142857142857,21,0.7142857142857143
сходят,VERB,1.0,1,0.45454545454545453,11,0.5454545454545454
счастье,NOUN,0.8333333333333334,6,0.35,20,0.4833333333333334
счастью,NOUN,1.0,5,0.0,2,1.0
счел,VERB,1.0,2,0.4,5,0.6
счесть,INFN,0.0,4,0.0,3,0.0
счет,NOUN,0.1,10,0.7142857142857143,7,-0.6142857142857143
счета,NOUN,0.5,14,0.4666666666666667,15,0.033333333333333326
счете,NOUN,0.6,5,0.3333333333333333,3,0.26666666666666666
счетом,NOUN,0.625,8,0.42857142857142855,7,0.19642857142857145
счету,NOUN,0.6,5,0.4,10,0.19999999999999996
считает,VERB,1.0,1,0.0,3,1.0
считал,VERB,1.0,1,0.09090909090909091,11,0.9090909090909091
считали,VERB,0.0,1,0.0,10,0.0
считанные,PRTF,0.4,5,0.5833333333333334,12,-0.18333333333333335
считать,INFN,1.0,5,0.36363636363636365,11,0.6363636363636364
считая,GRND,1.0,5,0.3333333333333333,3,0.6666666666666667
съел,VERB,1.0,5,0.2857142857142857,14,0.7142857142857143
сюда,ADVB,0.5,6,0.26666666666666666,15,0.23333333333333334
сяк,VERB,0.0,1,0.5,8,-0.5
сям,ADVB,1.0,2,0.5,6,0.5
т,ADVB,1.0,2,0.5,8,0.5
та,ADJF,0.75,4,0.3333333333333333,9,0.4166666666666667
так,CONJ,0.7750759878419453,329,0.7692307692307693,13,0.00584521861117604
так-то,PRCL,0.125,8,0.08,25,0.045
такая,ADJF,0.4375,16,0.5263157894736842,19,-0.08881578947368418
также,PRCL,0.45454545454545453,11,0.07142857142857142,14,0.3831168831168831
таки,PRCL,0.0,1,0.38461538461538464,13,-0.38461538461538464
такие,ADJF,0.46153846153846156,13,0.7391304347826086,23,-0.2775919732441471
таким,ADJF,0.8235294117647058,17,0.8,5,0.0235294117647058
таких,ADJF,0.6666666666666666,3,0.5384615384615384,13,0.1282051282051282
таков,ADJS,0.6666666666666666,3,0.06666666666666667,15,0.6
таковая,ADJF,0.0,1,0.0,4,0.0
таковой,ADJF,1.0,4,0.0,7,1.0
такого,ADJF,0.75,4,0.6363636363636364,11,0.11363636363636365
такое,ADJF,0.875,8,0.5294117647058824,17,0.34558823529411764
такой,ADJF,0.6341463414634146,41,0.5454545454545454,11,0.08869179600886923
такт,NOUN,0.6666666666666666,3,0.2,5,0.4666666666666666
такую,ADJF,1.0,3,0.3076923076923077,13,0.6923076923076923
там,ADVB,0.8085106382978723,47,0.42105263157894735,19,0.38745800671892494
твои,ADJF,1.0,1,0.19230769230769232,26,0.8076923076923077
твоя,ADJF,0.5,2,0.25,24,0.25
те,ADJF,1.0,4,0.5,8,0.5
тебе,NPRO,0.4,10,0.16,25,0.24000000000000002
текстом,NOUN,1.0,6,0.625,8,0.375
текущий,ADJF,0.0,2,0.14285714285714285,7,-0.14285714285714285
теле,NOUN,0.3333333333333333,3,0.2857142857142857,7,0.047619047619047616
тележка,NOUN,0.6666666666666666,3,0.2727272727272727,11,0.3939393939393939
тело,NOUN,1.0,3,0.42857142857142855,7,0.5714285714285714
телом,NOUN,0.6666666666666666,3,0.5,12,0.16666666666666663
телят,NOUN,0.8,5,0.0,8,0.8
тем,CONJ,0.8867924528301887,53,0.8333333333333334,6,0.053459119496855334
теме,NOUN,0.1,10,0.2857142857142857,14,-0.1857142857142857
темна,ADJS,0.9,10,0.0,20,0.9
темпе,NOUN,0.5,2,0.0,1,0.5
тему,NOUN,0.5,14,0.30434782608695654,23,0.19565217391304346
темы,NOUN,0.3333333333333333,3,0.25,16,0.08333333333333331
тени,NOUN,0.4,5,0.3076923076923077,13,0.09230769230769231
теперь,ADVB,0.8,5,0.25806451612903225,31,0.5419354838709678
тепло,ADVB,0.0,3,0.23529411764705882,17,-0.23529411764705882
теста,NOUN,1.0,3,0.3333333333333333,9,0.6666666666666667
тех,ADJF,0.8,15,0.8333333333333334,6,-0.033333333333333326
течение,NOUN,0.6,5,0.0,1,0.6
течением,NOUN,1.0,3,0.5454545454545454,11,0.4545454545454546
типа,NOUN,0.2,5,0.0,11,0.2
типу,NOUN,0.8,5,0.5,4,0.30000000000000004
тихий,ADJF,0.25,4,0.05555555555555555,18,0.19444444444444445
то,CONJ,0.9348659003831418,261,0.8333333333333334,6,0.1015325670498084
то-то,INTJ,0.2222222222222222,9,0.06666666666666667,30,0.15555555555555556
тогда,ADVB,1.0,10,0.058823529411764705,17,0.9411764705882353
того,ADJF,0.946969696969697,132,0.5,4,0.446969696969697
тоже,PRCL,0.6428571428571429,14,0.25925925925925924,27,0.38359788359788366
той,ADJF,1.0,16,0.6,5,0.4
толика,NOUN,0.25,4,0.05263157894736842,19,0.19736842105263158
толк,INTJ,0.9090909090909091,11,0.6,20,0.3090909090909091
толком,ADVB,0.6666666666666666,6,0.2777777777777778,18,0.38888888888888884
толку,NOUN,1.0,5,0.3225806451612903,31,0.6774193548387097
толпа,NOUN,1.0,2,0.28,25,0.72
толпу,NOUN,0.0,1,0.2222222222222222,9,-0.2222222222222222
толпы,NOUN,0.5,2,0.15384615384615385,13,0.34615384615384615
толщиной,NOUN,0.0,1,0.5,8,-0.5
только,ADVB,0.7191011235955056,178,0.5333333333333333,15,0.18576779026217227
том,ADJF,0.9803921568627451,51,1.0,7,-0.019607843137254943
тому,ADJF,1.0,29,0.5454545454545454,11,0.4545454545454546
тонны,NOUN,0.4,5,0.2,15,0.2
торопиться,INFN,1.0,1,0.0,29,1.0
торопишься,VERB,0.5,2,0.03225806451612903,31,0.467741935483871
торца,NOUN,0.0,5,0.0,5,0.0
тот,ADJF,1.0,12,0.7142857142857143,7,0.2857142857142857
тотальная,ADJF,0.0,1,0.0,14,0.0
тотального,ADJF,0.0,1,0.0,7,0.0
тотальное,ADJF,0.0,1,0.0,11,0.0
тотальный,ADJF,0.5,2,0.2727272727272727,11,0.2272727272727273
тотчас,ADVB,0.0,5,0.0,16,0.0
точка,NOUN,0.0,5,0.3333333333333333,21,-0.3333333333333333
точки,NOUN,1.0,5,0.8,5,0.19999999999999996
точку,NOUN,0.8888888888888888,9,0.7222222222222222,18,0.16666666666666663
точнее,CONJ,0.5,2,0.0,12,0.5
точно,ADVB,0.47619047619047616,21,0.25,20,0.22619047619047616
точности,NOUN,0.75,4,0.16666666666666666,6,0.5833333333333334
точь-в-точь,ADVB,0.0,4,0.0,14,0.0
тошно,ADJS,0.6,5,0.06666666666666667,30,0.5333333333333333
тощий,ADJF,0.0,3,0.0,11,0.0
трава,NOUN,1.0,1,0.25,16,0.75
требованиям,NOUN,1.0,4,0.8333333333333334,6,0.16666666666666663
трезвую,ADJF,1.0,3,0.0,10,1.0
тренде,NOUN,0.3333333333333333,3,0.07142857142857142,14,0.26190476190476186
треском,NOUN,0.375,8,0.3333333333333333,3,0.041666666666666685
тресни,VERB,0.0,3,0.47619047619047616,21,-0.47619047619047616
трети,NOUN,1.0,1,0.2,10,0.8
треть,NOUN,1.0,1,0.0,4,1.0
третьем,ADJF,1.0,3,0.3333333333333333,9,0.6666666666666667
три,NUMR,1.0,8,0.375,16,0.625
тридевять,NUMR,0.0,2,0.0,1,0.0
триста,NUMR,0.0,3,0.16666666666666666,18,-0.16666666666666666
трогало,VERB,0.3333333333333333,3,0.08333333333333333,12,0.25
труд,NOUN,1.0,5,0.18181818181818182,11,0.8181818181818181
труда,NOUN,0.75,8,0.5555555555555556,9,0.19444444444444442
трудом,NOUN,1.0,6,0.6666666666666666,3,0.33333333333333337
труп,NOUN,1.0,3,0.16666666666666666,24,0.8333333333333334
трын-трава,PRED,0.0,5,0.0,12,0.0
туда,ADVB,0.7222222222222222,18,0.4117647058823529,17,0.3104575163398693
туда-сюда,ADVB,0.0,7,0.0,8,0.0
тут,ADVB,0.6956521739130435,46,0.44,25,0.25565217391304346
туча,NOUN,0.0,1,0.25,12,-0.25
тучей,NOUN,0.0,1,0.0,9,0.0
тучи,NOUN,0.5,2,0.08333333333333333,12,0.4166666666666667
тучу,NOUN,1.0,1,0.2727272727272727,11,0.7272727272727273
ты,NPRO,0.8888888888888888,18,0.45454545454545453,22,0.4343434343434343
тыл,NOUN,0.6666666666666666,3,0.16666666666666666,12,0.5
тыла,NOUN,0.5,4,0.3333333333333333,9,0.16666666666666669
тылу,NOUN,0.6,5,0.6666666666666666,3,-0.06666666666666665
тысячи,NOUN,0.0,5,0.4,10,-0.4
тысячных,NOUN,0.0,1,0.0,8,0.0
тьма,NOUN,0.5,4,0.0625,16,0.4375
тьма-тьмущая,ADJF,0.0,3,0.0,18,0.0
тю-тю,INTJ,0.0,4,0.0,23,0.0
тютю,NOUN,0.0,1,0.0,12,0.0
тяжелым,ADJF,0.3333333333333333,3,0.25,12,0.08333333333333331
тяните,VERB,0.0,1,0.1111111111111111,36,-0.1111111111111111
тянул,VERB,0.8571428571428571,7,0.05263157894736842,19,0.8045112781954886
тянуть,INFN,1.0,2,0.14285714285714285,28,0.8571428571428572
у,PREP,0.9711191335740073,277,0.7777777777777778,9,0.19334135579622946
убить,INFN,0.4,5,0.44,25,-0.03999999999999998
уверенностью,NOUN,0.6666666666666666,3,0.0,1,0.6666666666666666
увидите,VERB,1.0,2,0.2857142857142857,21,0.7142857142857143
увидишь,VERB,1.0,1,0.3448275862068966,29,0.6551724137931034
увы,INTJ,0.2,5,0.0,13,0.2
угла,NOUN,1.0,8,0.4117647058823529,17,0.5882352941176471
углом,NOUN,0.8333333333333334,6,0.45,20,0.38333333333333336
углу,NOUN,0.6666666666666666,3,0.2631578947368421,19,0.40350877192982454
угодно,ADJS,0.7241379310344828,29,0.6666666666666666,15,0.05747126436781613
угол,NOUN,1.0,5,0.5,8,0.5
угораздило,VERB,0.0,3,0.045454545454545456,22,-0.045454545454545456
угорелая,ADJF,0.0,2,0.0,5,0.0
удалось,VERB,1.0,6,0.5454545454545454,11,0.4545454545454546
ударе,NOUN,0.0,3,0.6666666666666666,9,-0.6666666666666666
ударят,VERB,1.0,1,0.1875,16,0.8125
удержа,NOUN,0.0,1,0.0,4,0.0
удержу,VERB,0.0,2,0.0,17,0.0
удивление,NOUN,0.5,2,0.14285714285714285,14,0.35714285714285715
удивленье,NOUN,0.0,1,0.0,12,0.0
удивленьем,NOUN,0.0,1,0.0,9,0.0
удовольствие,NOUN,1.0,3,0.6666666666666666,12,0.33333333333333337
удовольствием,NOUN,1.0,4,0.5555555555555556,9,0.4444444444444444
уж,ADVB,0.7222222222222222,90,0.5,30,0.2222222222222222
ужаленный,PRTF,0.0,2,0.0,9,0.0
ужас,NOUN,1.0,4,0.1111111111111111,18,0.8888888888888888
ужасная,ADJF,0.0,1,0.0,24,0.0
ужаснейшего,ADJF,0.0,1,0.0,4,0.0
ужасно,ADVB,0.0,8,0.034482758620689655,29,-0.034482758620689655
ужасное,ADJF,0.0,2,0.0,13,0.0
ужасной,ADJF,0.0,1,0.07142857142857142,14,-0.07142857142857142
ужасный,ADJF,0.0,1,0.045454545454545456,22,-0.045454545454545456
ужасу,NOUN,0.5,2,0.3333333333333333,6,0.16666666666666669
уже,ADVB,0.9259259259259259,27,0.4583333333333333,24,0.4675925925925926
уйдя,GRND,0.0,1,0.0,4,0.0
уйма,NOUN,0.2,5,0.07142857142857142,14,0.1285714285714286
уйму,NOUN,0.0,4,0.0,12,0.0
уйти,INFN,0.0,1,0.4,15,-0.4
указ,NOUN,0.3333333333333333,3,0.4,10,-0.06666666666666671
укладывается,VERB,1.0,2,0.2,10,0.8
уклонилась,VERB,0.0,1,0.3181818181818182,22,-0.3181818181818182
уклонился,VERB,0.0,1,0.07692307692307693,13,-0.07692307692307693
уклониться,INFN,0.0,1,0.125,8,-0.125
укор,NOUN,0.0,5,0.0,13,0.0
улицы,NOUN,1.0,3,0.375,16,0.625
уложилась,VERB,0.0,1,0.0,7,0.0
уложился,VERB,0.0,2,0.041666666666666664,24,-0.041666666666666664
уложитесь,VERB,0.0,1,0.0,4,0.0
уложится,VERB,0.0,1,0.0,6,0.0
ум,NOUN,0.6666666666666666,3,0.2222222222222222,18,0.4444444444444444
ума,NOUN,1.0,18,0.7272727272727273,22,0.2727272727272727
уме,NOUN,0.6923076923076923,13,0.5555555555555556,9,0.1367521367521367
умеет,VERB,0.6,5,0.25,12,0.35
умеешь,VERB,1.0,1,0.3870967741935484,31,0.6129032258064516
умел,VERB,0.0,1,0.0625,16,-0.0625
умеют,VERB,0.0,1,0.3125,16,-0.3125
умираю,VERB,0.0,5,0.03125,32,-0.03125
умножить,INFN,0.5,2,0.2,10,0.3
умом,NOUN,0.3333333333333333,3,0.3076923076923077,13,0.025641025641025605
уму,NOUN,0.16666666666666666,6,0.5,12,-0.33333333333333337
умудрился,VERB,0.2,5,0.14285714285714285,7,0.05714285714285716
унисон,NOUN,0.0,3,0.0,4,0.0
упаси,VERB,0.3333333333333333,3,0.17391304347826086,23,0.15942028985507245
упокой,NOUN,0.0,3,0.2,10,-0.2
упомнишь,VERB,0.4,5,0.24,25,0.16000000000000003
упор,NOUN,0.6666666666666666,9,0.6666666666666666,3,0.0
упряжке,NOUN,0.0,2,0.36363636363636365,11,-0.36363636363636365
ура,INTJ,0.0,3,0.05,20,-0.05
урок,NOUN,0.5,4,0.35,20,0.15000000000000002
уроком,NOUN,1.0,1,0.3,10,0.7
урывками,ADVB,0.0,5,0.0,13,0.0
усилиями,NOUN,1.0,3,0.4,5,0.6
условии,NOUN,1.0,4,0.0,2,1.0
условиям,NOUN,0.8,5,0.7142857142857143,7,0.08571428571428574
условиях,NOUN,1.0,5,1.0,2,0.0
услугами,NOUN,1.0,5,0.6,5,0.4
усмотрение,NOUN,0.6,5,0.0,2,0.6
успехом,NOUN,1.0,5,0.875,8,0.125
уст,NOUN,1.0,3,0.0,7,1.0
уста,NOUN,1.0,3,0.0,7,1.0
устатка,NOUN,0.0,1,0.0,5,0.0
устатку,NOUN,0.0,2,0.0,17,0.0
устах,NOUN,0.8333333333333334,6,0.0,2,0.8333333333333334
устроила,VERB,1.0,1,0.2727272727272727,22,0.7272727272727273
устроили,VERB,0.0,4,0.21052631578947367,19,-0.21052631578947367
утверждению,NOUN,0.0,2,0.0,6,0.0
утра,NOUN,1.0,8,0.7333333333333333,15,0.2666666666666667
ух,INTJ,1.0,5,0.16129032258064516,31,0.8387096774193549
уха,NOUN,1.0,2,0.38461538461538464,13,0.6153846153846154
уходит,VERB,1.0,2,0.5,10,0.5
учета,NOUN,0.4,5,0.0,12,0.4
учетом,NOUN,0.6666666666666666,3,0.6666666666666666,3,0.0
ушел,VERB,0.5,2,0.3,20,0.2
уши,NOUN,0.4444444444444444,9,0.38095238095238093,21,0.06349206349206349
ушли,VERB,1.0,1,0.3157894736842105,19,0.6842105263157895
ущерб,NOUN,1.0,2,0.6666666666666666,6,0.33333333333333337
факт,NOUN,0.2,5,0.4,10,-0.2
фейерверк,NOUN,0.0,3,0.14285714285714285,14,-0.14285714285714285
фейерверком,NOUN,0.0,2,0.2857142857142857,7,-0.2857142857142857
фи,INTJ,1.0,2,0.0,18,1.0
фибрами,NOUN,0.5,2,0.0,7,0.5
фиг,NOUN,0.0,3,0.0,28,0.0
фига,NOUN,0.0,1,0.18181818181818182,33,-0.18181818181818182
финишной,ADJF,1.0,3,0.5714285714285714,7,0.4285714285714286
фиолетово,ADJS,0.0,3,0.21428571428571427,14,-0.21428571428571427
фишка,NOUN,0.0,3,0.07142857142857142,14,-0.07142857142857142
флагом,NOUN,0.0,3,0.5454545454545454,11,-0.5454545454545454
флаконе,NOUN,0.3333333333333333,3,0.3333333333333333,12,0.0
фонтан,NOUN,0.0,5,0.0625,16,-0.0625
фонтаны,NOUN,0.5,2,0.0,7,0.5
форме,NOUN,0.42857142857142855,7,0.5,2,-0.07142857142857145
форменное,ADJF,0.0,1,0.058823529411764705,17,-0.058823529411764705
форменный,ADJF,0.0,2,0.045454545454545456,22,-0.045454545454545456
форму,NOUN,1.0,4,0.0,9,1.0
форса,NOUN,0.0,1,0.0,9,0.0
форсу,NOUN,0.0,2,0.0,13,0.0
фору,NOUN,0.6666666666666666,3,0.0,11,0.6666666666666666
фронтам,NOUN,1.0,5,0.1,10,0.9
фронте,NOUN,1.0,4,0.0,15,1.0
фрукт,NOUN,0.0,3,0.14285714285714285,21,-0.14285714285714285
фу,INTJ,0.0,5,0.0,30,0.0
фэ,NONE,0.0,3,0.0,18,0.0
характер,NOUN,1.0,5,0.5555555555555556,9,0.4444444444444444
характеризуется,VERB,0.0,2,0.1111111111111111,9,-0.1111111111111111
характеризуются,VERB,1.0,1,0.0,3,1.0
хватает,VERB,0.7142857142857143,7,0.6470588235294118,17,0.0672268907563025
хватается,VERB,1.0,2,0.3157894736842105,19,0.6842105263157895
хватал,VERB,1.0,1,0.0,6,1.0
хватало,VERB,0.6363636363636364,11,0.3157894736842105,19,0.32057416267942584
хватило,VERB,0.6,10,0.4,25,0.19999999999999996
хватит,VERB,0.7307692307692307,26,0.40540540540540543,37,0.3253638253638253
хватить,INFN,1.0,1,0.6538461538461539,26,0.34615384615384615
хвост,NOUN,1.0,5,0.3,10,0.7
хвоста,NOUN,0.0,3,0.25,12,-0.25
хвосте,NOUN,0.2,5,0.26666666666666666,15,-0.06666666666666665
хвостиком,NOUN,0.0,5,0.25,12,-0.25
хвостом,NOUN,0.25,4,0.375,16,-0.125
хлеба,NOUN,1.0,3,0.26666666666666666,15,0.7333333333333334
хлебавши,GRND,1.0,3,0.7142857142857143,7,0.2857142857142857
хлебах,NOUN,0.5,6,0.0,3,0.5
хлебом,NOUN,1.0,3,0.13333333333333333,15,0.8666666666666667
хлоп,INTJ,0.0,5,0.1,30,-0.1
хны,INTJ,1.0,3,0.9565217391304348,23,0.04347826086956519
ходил,VERB,0.0,2,0.10526315789473684,19,-0.10526315789473684
ходили,VERB,1.0,1,0.5,12,0.5
ходит,VERB,1.0,1,0.3888888888888889,18,0.6111111111111112
ходить,INFN,1.0,6,0.4,25,0.6
ходом,NOUN,1.0,6,0.8,10,0.19999999999999996
ходу,NOUN,0.7083333333333334,24,0.0,5,0.7083333333333334
ходьбы,NOUN,1.0,3,0.14285714285714285,7,0.8571428571428572
ходят,VERB,0.75,8,0.5217391304347826,23,0.2282608695652174
холодно,ADVB,1.0,3,0.2222222222222222,27,0.7777777777777778
хором,ADVB,0.2,5,0.36363636363636365,22,-0.16363636363636364
хорош,ADJS,0.4166666666666667,12,0.20833333333333334,24,0.20833333333333334
хороша,ADJS,0.7142857142857143,7,0.34782608695652173,23,0.36645962732919257
хорошей,ADJF,1.0,5,0.35294117647058826,17,0.6470588235294117
хороши,ADJS,0.6,5,0.3125,16,0.2875
хорошо,ADVB,0.3333333333333333,9,0.3888888888888889,18,-0.05555555555555558
хотел,VERB,0.625,24,0.3,20,0.325
хотела,VERB,0.375,8,0.25,16,0.125
хотелось,VERB,0.0,1,0.46153846153846156,13,-0.46153846153846156
хотите,VERB,0.8571428571428571,7,0.4482758620689655,29,0.40886699507389157
хоть,PRCL,0.7088607594936709,79,0.35714285714285715,14,0.35171790235081374
хотя,CONJ,0.75,16,0.0,12,0.75
хотят,VERB,1.0,1,0.46153846153846156,13,0.5384615384615384
хочет,VERB,0.75,4,0.5454545454545454,11,0.20454545454545459
хочется,VERB,0.5,4,0.15789473684210525,19,0.34210526315789475
хочешь,VERB,0.7727272727272727,22,0.39285714285714285,28,0.37987012987012986
хочу,VERB,0.625,16,0.38461538461538464,26,0.24038461538461536
храни,VERB,0.3333333333333333,3,0.19230769230769232,26,0.141025641025641
хрен,NOUN,0.2222222222222222,9,0.13333333333333333,30,0.08888888888888888
хрена,NOUN,0.75,4,0.3793103448275862,29,0.3706896551724138
христа,NOUN,0.8333333333333334,6,0.2222222222222222,9,0.6111111111111112
хромает,VERB,0.0,5,0.041666666666666664,24,-0.041666666666666664
худо-бедно,ADVB,0.0,10,0.0,4,0.0
худого,ADJF,0.0,5,0.14285714285714285,7,-0.14285714285714285
худшему,ADJF,0.5,2,0.07692307692307693,13,0.4230769230769231
хуже,COMP,0.9090909090909091,11,0.35294117647058826,17,0.5561497326203209
хухры-мухры,NOUN,0.0,4,0.0,7,0.0
цвета,NOUN,0.5,4,0.6363636363636364,11,-0.13636363636363635
цвете,NOUN,0.5,2,0.2727272727272727,11,0.2272727272727273
целиком,ADVB,1.0,3,0.14285714285714285,7,0.8571428571428572
целости,NOUN,0.6,5,0.16666666666666666,6,0.43333333333333335
целую,ADJF,0.5,8,0.10526315789473684,19,0.39473684210526316
целый,ADJF,0.75,4,0.5,16,0.25
целым,ADJF,1.0,1,0.16666666666666666,6,0.8333333333333334
целыми,ADJF,0.5,2,0.5384615384615384,13,-0.038461538461538436
целых,ADJF,0.16666666666666666,6,0.23529411764705882,17,-0.06862745098039216
целью,NOUN,1.0,15,0.75,4,0.25
цена,NOUN,1.0,3,0.4117647058823529,17,0.5882352941176471
цене,NOUN,0.6,5,0.7777777777777778,9,-0.1777777777777778
ценой,NOUN,1.0,11,0.6,10,0.4
центре,NOUN,1.0,5,0.5,8,0.5
цены,NOUN,0.6666666666666666,3,0.5555555555555556,9,0.11111111111111105
час,NOUN,0.7741935483870968,31,0.44,25,0.33419354838709675
часа,NOUN,1.0,3,0.45,20,0.55
часами,ADVB,0.0,1,0.14285714285714285,14,-0.14285714285714285
часах,NOUN,1.0,1,0.7,10,0.30000000000000004
часов,NOUN,0.5,4,0.5454545454545454,11,-0.045454545454545414
часом,NOUN,0.0,3,0.2916666666666667,24,-0.2916666666666667
части,NOUN,1.0,5,0.625,8,0.375
часть,NOUN,0.5,2,0.5,12,0.0
часу,NOUN,1.0,6,0.35,20,0.65
чего,NPRO,0.7676767676767676,99,0.5555555555555556,18,0.21212121212121204
человек,NOUN,0.8333333333333334,6,0.7777777777777778,9,0.05555555555555558
человека,NOUN,1.0,5,0.2857142857142857,7,0.7142857142857143
чем,CONJ,0.8805970149253731,67,0.6470588235294118,17,0.23353819139596133
чем-то,NPRO,0.125,8,0.4375,16,-0.3125
чему,NPRO,0.96,25,0.625,8,0.33499999999999996
черед,NOUN,0.0,3,0.4583333333333333,24,-0.4583333333333333
чередом,NOUN,1.0,3,0.3333333333333333,3,0.6666666666666667
через,PREP,0.782608695652174,46,0.8333333333333334,12,-0.050724637681159424
чересчур,ADVB,0.0,1,0.0,13,0.0
черный,ADJF,0.3333333333333333,3,0.23529411764705882,17,0.0980392156862745
черт,NOUN,0.5,42,0.4230769230769231,26,0.07692307692307693
черт-те,ADJF,0.0,1,0.06666666666666667,15,-0.06666666666666667
черта,NOUN,0.5,20,0.2631578947368421,19,0.2368421052631579
чертиков,NOUN,0.5,2,0.19047619047619047,21,0.30952380952380953
чертов,ADJS,0.0,3,0.15789473684210525,19,-0.15789473684210525
чертовой,ADJF,0.75,4,0.9411764705882353,17,-0.19117647058823528
чертовски,ADVB,0.0,5,0.0,21,0.0
чертом,NOUN,0.0,5,0.125,16,-0.125
черту,NOUN,0.7352941176470589,34,0.42857142857142855,7,0.30672268907563033
чести,NOUN,0.7619047619047619,21,0.4166666666666667,12,0.3452380952380952
честно,ADVB,1.0,5,0.2777777777777778,18,0.7222222222222222
честное,ADJF,1.0,5,0.23076923076923078,13,0.7692307692307692
честном,ADJF,1.0,8,0.375,8,0.625
честь,NOUN,0.9285714285714286,14,0.47619047619047616,21,0.45238095238095244
честью,NOUN,0.3333333333333333,3,0.35294117647058826,17,-0.019607843137254943
чета,NOUN,0.875,8,0.0,8,0.875
четверти,NOUN,1.0,1,0.6666666666666666,9,0.33333333333333337
четверть,NOUN,0.0,1,0.09090909090909091,11,-0.09090909090909091
четыре,NUMR,1.0,3,0.3,10,0.7
четырех,NUMR,1.0,3,0.0,7,1.0
чешет,VERB,0.0,5,0.15789473684210525,19,-0.15789473684210525
чинов,NOUN,0.0,3,0.2,5,-0.2
чину,NOUN,0.0,6,0.0,3,0.0
числа,NOUN,0.8,5,0.2222222222222222,9,0.5777777777777778
числился,VERB,0.0,8,0.0,9,0.0
числится,VERB,0.0,2,0.1111111111111111,9,-0.1111111111111111
число,NOUN,1.0,3,0.0,8,1.0
числом,NOUN,1.0,5,0.4,5,0.6
числу,NOUN,0.4,5,0.4444444444444444,9,-0.0444444444444444
чисто,ADVB,0.0,1,0.0625,16,-0.0625
чистое,ADJF,0.0,2,0.0,12,0.0
чистой,ADJF,0.75,4,0.4666666666666667,15,0.2833333333333333
чистом,ADJF,1.0,3,0.4375,16,0.5625
чистый,ADJF,0.6666666666666666,3,0.07692307692307693,13,0.5897435897435896
чистым,ADJF,0.0,3,0.35294117647058826,17,-0.35294117647058826
чрезвычайно,ADVB,0.0,3,0.0,9,0.0
что,CONJ,0.9095182138660399,851,0.8181818181818182,11,0.0913363956842217
что-то,ADVB,0.3076923076923077,13,0.2777777777777778,18,0.02991452991452992
чтоб,CONJ,1.0,9,0.041666666666666664,24,0.9583333333333334
чтобы,CONJ,0.9378238341968912,193,0.8,10,0.13782383419689115
чувств,NOUN,1.0,3,0.14285714285714285,7,0.8571428571428572
чувствах,NOUN,1.0,3,0.6666666666666666,9,0.33333333333333337
чувством,NOUN,1.0,3,0.6363636363636364,11,0.36363636363636365
чудо,NOUN,0.5,4,0.13333333333333333,15,0.3666666666666667
чудом,ADVB,0.4,5,0.21428571428571427,14,0.18571428571428575
чужд,ADJS,0.0,3,0.2857142857142857,7,-0.2857142857142857
чуждый,ADJF,0.0,1,0.0,1,0.0
чужими,ADJF,0.6666666666666666,3,0.1,10,0.5666666666666667
чужих,ADJF,1.0,3,0.18181818181818182,11,0.8181818181818181
чужой,ADJF,0.6666666666666666,3,0.2222222222222222,18,0.4444444444444444
чур,INTJ,0.4,5,0.12903225806451613,31,0.2709677419354839
чуточки,NOUN,0.0,3,0.0,1,0.0
чуть,ADVB,0.6,30,0.5714285714285714,14,0.02857142857142858
чуть-чуть,ADVB,0.0,1,0.0,23,0.0
чуял,VERB,0.0,1,0.0,15,0.0
шаг,NOUN,0.8,5,0.625,8,0.17500000000000004
шага,NOUN,0.0,3,0.5,12,-0.5
шагами,NOUN,1.0,3,0.6,5,0.4
шагов,NOUN,0.0,3,0.3333333333333333,15,-0.3333333333333333
шагом,NOUN,1.0,3,1.0,11,0.0
шагу,NOUN,0.8,10,0.5,14,0.30000000000000004
шансы,NOUN,1.0,5,0.5,14,0.5
шатко,ADVB,1.0,5,0.06666666666666667,15,0.9333333333333333
шел,VERB,0.0,2,0.09090909090909091,11,-0.09090909090909091
шею,NOUN,0.5,2,0.2222222222222222,9,0.2777777777777778
шиворот,NOUN,0.0,5,0.0,1,0.0
шиворот-навыворот,ADVB,0.0,3,0.0,16,0.0
шириной,NOUN,1.0,1,0.36363636363636365,11,0.6363636363636364
ширину,NOUN,1.0,2,0.45454545454545453,11,0.5454545454545454
широкую,ADJF,0.8333333333333334,6,0.2222222222222222,9,0.6111111111111112
ширь,NOUN,1.0,3,0.0,8,1.0
шквал,NOUN,0.75,4,0.3125,16,0.4375
шквалом,NOUN,0.0,1,0.14285714285714285,7,-0.14285714285714285
школьной,ADJF,1.0,3,0.2,10,0.8
шкуру,NOUN,0.0,3,0.15384615384615385,13,-0.15384615384615385
шли,VERB,0.0,5,0.1,10,-0.1
шло,VERB,1.0,3,0.17647058823529413,17,0.8235294117647058
шоколаде,NOUN,0.42857142857142855,7,0.0,2,0.42857142857142855
штык,NOUN,0.0,5,0.047619047619047616,21,-0.047619047619047616
шумок,NOUN,0.2,5,0.0,8,0.2
шутка,NOUN,0.3333333333333333,6,0.16666666666666666,24,0.16666666666666666
шутки,NOUN,1.0,3,0.08333333333333333,24,0.9166666666666666
шутку,NOUN,0.875,8,0.25,12,0.625
щеки,NOUN,1.0,3,0.13333333333333333,15,0.8666666666666667
эдак,ADVB,1.0,2,0.07142857142857142,14,0.9285714285714286
энтузиазме,NOUN,1.0,3,0.08333333333333333,12,0.9166666666666666
эпизодически,ADVB,0.0,5,0.0,10,0.0
эпоху,NOUN,0.75,4,0.5555555555555556,9,0.19444444444444442
эру,NOUN,0.0,1,0.0,4,0.0
эта,ADJF,1.0,2,0.6428571428571429,14,0.3571428571428571
этаким,ADJF,0.0,3,0.0,6,0.0
эти,ADJF,0.7142857142857143,7,0.5,12,0.2142857142857143
этим,NPRO,1.0,5,0.6666666666666666,12,0.33333333333333337
этих,ADJF,0.0,1,0.4,10,-0.4
это,PRCL,0.8136645962732919,161,0.6666666666666666,21,0.14699792960662528
этого,NPRO,0.75,8,0.6,15,0.15000000000000002
этой,ADJF,0.0,3,0.7692307692307693,13,-0.7692307692307693
этом,NPRO,0.8,5,0.7,20,0.10000000000000009
этот,ADJF,0.8181818181818182,11,0.631578947368421,19,0.18660287081339721
эту,ADJF,1.0,2,0.4117647058823529,17,0.5882352941176471
эх,INTJ,0.6,5,0.25806451612903225,31,0.3419354838709677
юге,NOUN,0.0,1,0.2,10,-0.2
я,NPRO,0.9736842105263158,38,0.9,20,0.0736842105263158
явись,VERB,0.0,3,0.10526315789473684,19,-0.10526315789473684
явочным,ADJF,0.0,6,0.0,1,0.0
язык,NOUN,1.0,8,0.5,12,0.5
яйца,NOUN,1.0,3,0.4444444444444444,9,0.5555555555555556
ясен,ADJS,0.6,5,0.08695652173913043,23,0.5130434782608695
ясно,ADVB,0.5,8,0.2727272727272727,11,0.2272727272727273
ясное,ADJF,0.0,5,0.058823529411764705,17,-0.058823529411764705
ящик,NOUN,1.0,3,0.1111111111111111,9,0.8888888888888888
