record,sentence_id,inside,outside,diff
3,181323a30ebd1f6b0595,1.403262374956154e-05,0.8591951275606011,-0.8591810949368516
3,2bec6440455b4a56f494,0.0013417566943340002,0.8574478791718441,-0.8561061224775101
3,5ff47b91a5ed0214d678,0.4237206737353623,0.437845568126202,-0.014124894390839693
3,66c8b5d1c598baa2c6eb,0.003422151987135,0.0219048786038615,-0.0184827266167265
3,cc6f16e8c1ee0640df36,0.9655185917575291,0.5071273749086426,0.4583912168488865
4,0b33325b696832ebac53,0.9710451927210926,0.6707284720644431,0.3003167206566495
4,1a8dd51bbf81c90e2f42,0.007092394694478,0.9973813103999251,-0.9902889157054471
4,3dd3cb0d8df57b900e9b,0.211751761499115,0.5283448111468521,-0.31659304964773705
4,ba810add69882e2d58d8,0.051583749524122,0.057329781349532004,-0.005746031825410003
4,e4ae0082489b9a256abc,5.47669990580101e-05,0.6147719012232026,-0.6147171342241445
5,3e026202cb3da56e01a9,0.4288758674745664,0.0544700871058445,0.3744057803687219
6,239259b5a0e719be69f6,0.155495336188525,0.5551691575908836,-0.3996738214023586
6,7968fcbe9b25b171a9f1,0.019416782901848003,0.0172239202491965,0.0021928626526515026
6,aa1e224970d206c91e5a,0.147182877325562,0.41197705559665704,-0.264794178271095
6,af62f24fc6d4bab79e28,0.4038656894747137,0.39309505932106104,0.01077063015365265
7,43048d6f5992e69859cb,0.379305505382632,0.008428942990164001,0.370876562392468
7,8b80f51dfb6b8bf43d01,0.24118290325165032,0.6262411280308381,-0.3850582247791878
7,c8e8295825f88cef9da1,0.9339691317977521,0.9721313341627105,-0.038162202364958375
8,0496af7839e287b1c6fd,0.7546559695738226,0.57221647590129,0.18243949367253265
8,13e7a00120d746d78f82,0.9979196049537461,0.9411815517339115,0.056738053219834605
8,639209aad48c6e4b3bea,0.8874770304125005,0.48292171580428556,0.4045553146082149
8,eab66f713c71d4809a94,0.9628353256789427,0.7660810815985065,0.19675424408043618
9,15d393666cd130881cd5,0.0019436049812410002,0.731090018124785,-0.729146413143544
9,2944986c93cdb63e39fe,0.5584388122962151,0.9803446084067361,-0.42190579611052104
9,2dbf367890865d7b75f3,0.45978682656991754,0.08016025848863201,0.37962656808128553
9,325388a956940a8d9d07,0.017205786337903,0.292665772968812,-0.27545998663090904
9,b06980a28633bbf800b5,0.527740061159545,0.7544069833782285,-0.22666692221868356
10,271237a09351da820e1f,0.2970547939052894,0.33799305845743,-0.04093826455214061
11,9a6daa9f6a602da2848d,0.3612829812071019,0.9253180410467375,-0.5640350598396356
11,a6612aeec184e437c297,0.39741449436358445,0.48054869713552006,-0.08313420277193562
11,f909730fc93d0dabdbe0,0.034130688664531006,0.5646242366189635,-0.5304935479544326
12,45669fbf3c88a43d9cc7,0.057401677505381006,0.5591133023943655,-0.5017116248889845
12,50df917407ff9d001f4c,0.5895017290919596,0.08622409085673301,0.5032776382352266
12,78d1548cd3a983266b31,0.024024386607784002,0.8538845621155701,-0.829860175507786
12,d32abeff2bcf707ee310,0.028080376605858003,0.823474055727456,-0.795393679121598
12,f75e3c22464f06b5fc1d,6.313961319965345e-05,0.037379099577212,-0.037315959964012345
13,5e870143f33196e75692,0.056047469789565006,0.24171951615390752,-0.1856720463643425
13,74f2f07b8ea22062a8ad,0.42695011185933,0.045870871846625506,0.3810792400127045
13,e3067b3b725ccbee806b,0.043971597232419,0.334667176659297,-0.290695579426878
13,fd462a15583c5e424bf2,0.954429087940835,0.022169813708882,0.932259274231953
14,4555dc8aef54c80efea8,0.46034519210864555,0.383175869930639,0.07716932217800654
15,3f078fefa8fadfa15402,0.10271887049628935,0.17205406952423052,-0.06933519902794118
16,3b81be092c66bd97ed04,0.9677265599208841,0.40457637802268553,0.5631501818981985
16,d488e22b791d29f1c9d5,0.40169869807824543,0.065008703881649,0.3366899941965964
16,e0626bca43374aeca8b3,0.6623611363331245,0.5884649521552615,0.07389618417786303
17,1b045a3c5e654f20f9ec,0.036637769336592234,0.036091213150658503,0.0005465561859337303
17,6758d9ef6aae839cbb76,0.212678698907769,0.926483394539462,-0.713804695631693
17,7d6eaf1bac9f9b1f8e2c,0.004117879804348,0.6749927664954806,-0.6708748866911326
17,e9ef7c5f48145dc41d1d,0.001924847169878,0.364328205917964,-0.362403358748086
17,f1bbbb1a751610c208c6,0.14290434179997868,0.4538117026177546,-0.3109073608177759
18,55f96b9fc573c2b6afb2,0.5202784533895564,0.000561834097817,0.5197166192917394
18,9947b0fc511d2dff3707,0.33874130591423907,0.45537091351905656,-0.1166296076048175
18,a215967980c7ae616637,0.48766099578618505,0.9617562619912481,-0.47409526620506304
18,da4ce5c8ea5597139b44,0.024700842979152503,0.320723231227504,-0.29602238824835153
18,e7afea84f69fdb2db512,0.18256297860856252,0.9348650674375916,-0.752302088829029
19,15d3d887d20ed9d2f898,0.42878984719023805,0.84936746145131,-0.420577614261072
19,206a980bb200574b0b6e,0.7031222097250224,0.46445536951722455,0.23866684020779783
19,88749bcc8c544aaac473,0.29522773024124827,0.009786392468337868,0.2854413377729104
19,bcdff44a33606bd31b7d,0.5041814669836229,0.4468428232676655,0.05733864371595737
20,387c95b3e01e65a95da1,0.3247065809302432,0.6279024172985275,-0.3031958363682843
20,62e3b32c2f8bf8752a73,0.4814565706085441,0.95811419710286,-0.476657626494316
20,80371cd54fda6f315c29,0.2922103827957075,0.23723269857626553,0.054977684219441963
20,9b7570bcb3272be9ae53,0.01584583128682,0.0002828428002605,0.015562988486559499
21,516af9bfe6218a6a5cbd,0.370870121989408,0.4619001681601945,-0.09103004617078653
21,5e176362b6bde2e8073f,0.9191632094279051,0.7460104231480705,0.17315278627983455
21,6464e40e1e899dc51480,0.7586258702398281,0.648493589911537,0.11013228032829103
21,a82da0975a8234c2d5b7,0.003563116829741,0.49979482641764406,-0.4962317095879031
22,60d119974132d2256130,0.006976695347773,0.11621466032888397,-0.10923796498111098
22,84ebefa634d4ecce92cd,0.13848806235605401,0.4977768765845826,-0.35928881422852854
23,165f2d28b8eef789b8db,0.2948192111915586,0.47903588690069454,-0.18421667570913597
23,66b5fcad6968257a5dd3,0.484681507616994,0.0972517004019145,0.3874298072150795
23,82f5b97d013eead93180,2.0331406629945213e-05,0.0351904040647025,-0.03517007265807256
23,cc499c1877affdecb843,0.5316953258086701,0.9691063066061691,-0.43741098079749907
24,000bebf830622633f2ac,0.009139990528526001,0.15817030723199152,-0.1490303167034655
24,0ff862c66db7d6e6dd94,0.38202506101953404,0.46479210834175005,-0.08276704732221601
24,44b7bd8a3be98abbe8c5,0.1703012601218315,0.371520529366272,-0.2012192692444405
24,4bb02947d44f313dec80,0.8358914667278101,0.38770704692192104,0.4481844198058891
24,eca24cbee2aafb4ca365,0.507991877958839,0.5032328237788981,0.004759054179940936
25,683479315340e47e2299,0.0044290750661730004,0.0644138079448405,-0.0599847328786675
25,985ea92dd8c7e28b4a4b,0.021981528213937,0.1035682971622525,-0.08158676894831551
25,f2b64b2636aeb5ca7ea5,0.9428932904493971,0.3369993014330455,0.6058939890163515
25,f767e06b72621a55c262,0.8431032399418675,0.42748727701925754,0.41561596292261
26,b41b224503a33501f8e6,0.859136700117445,0.321283860791839,0.537852839325606
26,c03fe8f05e92e5494df4,0.7250177454964755,0.3892590729193122,0.33575867257716324
26,d95e0cad33e6efc95e77,0.09227537533598601,0.5680467988229405,-0.4757714234869545
26,e3c09e473066bb14451e,0.400841345497616,0.9976850251763261,-0.59684367967871
26,e9331cc5f63a08388c85,0.486263130821635,0.6527281516564996,-0.16646502083486453
27,2021cd79eebbb66e03b5,0.39532296362092706,0.003280450502137804,0.39204251311878924
27,4a985d60dd6ce351269e,0.22036547690725,0.49404208927743803,-0.27367661237018803
27,9835ebf9b3879497d1d1,0.43192802981576256,0.367354391685461,0.06457363813030154
28,1f027af841e5241bda75,0.0019730796459917674,0.618205714246097,-0.6162326346001052
28,2e03bdc62edd406c834b,0.0009438208769435813,0.30719832817598103,-0.30625450729903747
28,3056111887c272d2b4b5,0.0006034614651160805,0.48957379400132,-0.4889703325362039
28,9619d7a57dc6059db959,0.13998150033226184,0.11901168448266501,0.020969815849596826
29,09660b02c5053bf57433,0.8429232667770241,0.8213501851210886,0.021573081655935522
29,24439ad307f9c00412b5,0.9909447586056781,0.5657867068496665,0.4251580517560116
29,88e71b0a8d28134e5a01,0.9526123350863471,0.944481468429345,0.008130866657002134
29,9e063e10010470ac3d4d,0.8864494879248981,0.4874582169943225,0.39899127093057557
29,e995f43a315c9b2bb019,0.876835948049495,0.9981310290183731,-0.12129508096887809
30,24cedc9ba7d9d4dc6b56,0.25792896409398214,0.252334030705936,0.005594933388046119
30,4af871407a2812cf5856,0.8252622141729811,0.0026649263924037265,0.8225972877805774
30,5b36658504bdda15f9ba,0.039590020888987006,0.033651789386944506,0.0059382315020425
30,69c7c3dd416e86f160aa,0.00012047361403700001,0.0940339348926045,-0.0939134612785675
30,b1e799badbb77a564b85,0.000517908992433,0.5293080177062356,-0.5287901087138026
31,0313448f7c84129cb176,0.516751103408383,0.013681428689804001,0.503069674718579
31,15766446e9e2b8c9decb,0.465499749561738,0.8934399680217956,-0.4279402184600576
31,2511b2f14cc5f13c2269,0.35203259666860554,0.34578483457956555,0.006247762089039988
31,dc5dfa0a425af1daf66d,0.027171969703581003,0.0010717626502215,0.026100207053359505
31,f28214ecfc08c551ee83,0.3527178690386715,0.5008105255168135,-0.14809265647814196
32,0b66a1336f8b590dc33f,0.4961966282496165,0.9618606991076576,-0.46566407085804107
32,3c40f5e296694bd467e1,0.6231106424205257,0.9653336184100281,-0.34222297598950235
32,7596047cce9391fc14d9,0.5016691108806991,0.005377386371685501,0.4962917245090136
32,a1c33403c4a23c8fdbce,0.14648288385999234,0.8872198875948666,-0.7407370037348743
32,b79ef20e22e3990c22aa,0.30769869079225204,0.2006234908912785,0.10707519990097353
33,89072ef5545b2e2bd2d6,0.671677449771541,0.8532066395988326,-0.1815291898272916
33,9ad0fdb5fd85911d498b,0.013212063421145512,0.5317327124836251,-0.5185206490624795
33,a3e7c3199f73f2b541f9,0.220168908364606,0.5019226380105515,-0.28175372964594547
33,fbb518d1a831dd613a19,0.0014706695494040001,0.087484051417773,-0.086013381868369
33,ff36da7ef4172b9e8c9d,0.006356610626849,0.9988176478679911,-0.9924610372411421
34,1cf0302ba2a3d75e5aca,0.31999530480611266,0.402876287652826,-0.08288098284671336
34,f83a1b482f0e5d6e4f13,0.192693538867079,0.88520424110368,-0.692510702236601
35,1e391131039eb2475ebe,0.8295569039481201,0.4799539356844395,0.3496029682636806
35,cf9cfd516883f132c246,0.8105014322363101,0.5940746671386841,0.21642676509762604
35,d2835265f340e1154e29,0.7991263518464191,0.08242178446534351,0.7167045673810756
35,da13ca7b001131244331,0.9763622921281571,0.020139175042814927,0.9562231170853421
35,e5be3cfb4aee9fe5bac4,0.12433503673168202,0.4643356830198891,-0.3400006462882071
36,13d1c8d4989ed19b3e60,0.045513784725070006,0.49984090486701954,-0.45432712014194954
36,918d9e96ccebb5764dc9,0.024112194399682003,0.043792351334309504,-0.0196801569346275
36,b2b8159f1606c5007ed6,0.172348733347495,0.2192872549534795,-0.046938521605984496
36,cb332a12a3ff02475cae,0.68508963353753,0.037160956034656,0.6479286775028741
36,eb279aa27f3ccc4cb4b1,0.075186895148919,0.5328683812386655,-0.4576814860897465
37,613d520d1610d4c03b7c,0.345399607265485,0.7115584931558245,-0.3661588858903395
37,6fb2dd67b4d0771e8e67,0.040893641948064004,0.23411248442890953,-0.19321884248084553
37,a2e05848b865f7b48483,0.035158514045655,0.20557775391031652,-0.1704192398646615
37,a66685689d36f671ec7e,0.605932818967511,0.6529200486665621,-0.046987229699051
37,be7b7e4c36122cf6ffbb,0.021472016079851,0.10955157988576801,-0.08807956380591701
38,10ffb955d30eddeb3087,0.006351537898364501,0.596252964053636,-0.5899014261552715
38,18d067fe284a28803223,0.1368525458730575,0.050279655606619504,0.086572890266438
38,3dc15030ec84833c7c24,0.43136138237386107,0.1193862792922335,0.31197510308162757
38,76609ec2ffa3d241443c,0.32100350886182805,0.9908795197989266,-0.6698760109370986
38,fd73b4adfbd895f06ee4,0.09778816863716537,0.5379549045596835,-0.44016673592251815
39,497a96f9a57b6b899cb8,0.006163635851393,0.177828785913061,-0.171665150061668
39,6d2477197489acd397a6,0.19041350419994552,0.622864141825178,-0.4324506376252325
39,82a2baa767d5f7fc6fbf,0.12013081833944901,0.0429885354449885,0.07714228289446051
39,fc9b5680df700bdc440d,0.0033636683515120003,0.7775614897075815,-0.7741978213560695
40,41ccacf33a84c95b734c,0.25308545546106653,0.2553498078700459,-0.0022643524089793754
40,8df8fda18d2dc1ab1ed0,0.7792656912112266,0.38152740395269336,0.3977382872585332
40,9a1338b667c56b49ef73,0.054039694354728,0.070104179827564,-0.016064485472836003
40,b0627b4d085aa0dde3fc,0.12122330805104664,0.0001883108671249407,0.1210349971839217
40,ee91e1d5406d72771ff5,0.2842768183834203,0.048503317060533,0.23577350132288727
41,0a1441257aa62983542f,0.48259969203212305,0.7854589653922601,-0.30285927336013707
41,7a591ade25e40f7a8ab8,0.16697103331594737,0.0005206589158337733,0.1664503744001136
41,c192b62eaed2338b64d3,0.2007741348473739,0.4911504945903225,-0.2903763597429486
41,df0c504f8e6ed5f7910c,0.3543377528242776,0.49975918750094955,-0.14542143467667196
41,f3aa2fb7834318f6ffd5,0.40600505235934203,0.3555501225048755,0.050454929854466535
42,14e025b5a643b41d0ed4,0.01984902747097,0.09763719431957701,-0.07778816684860701
42,a1ddcb647c3b34d1e207,0.8205689045845955,0.90624265994993,-0.0856737553653345
42,aca6d5b82d2523a13389,0.4536887387487975,0.4564297419869436,-0.002741003238146078
42,c58b1e053b43adc6df43,0.5922592933504583,0.000346076800218,0.5919132165502403
42,c5d67d85579f3da99e9e,0.570452526376319,0.005148193004911,0.5653043333714081
43,0ebb7c8f0b37fcd952e1,0.7467033844679745,0.6122671048226905,0.13443627964528393
43,3bdbe768a1beeebd517a,0.6374182488352075,0.1263547981641441,0.5110634506710634
43,812f81d800482e8e7022,0.1090486101617812,0.37064830063841203,-0.26159969047663084
43,86dcaa7169ab6c6a54c4,0.4429290989396746,0.5995568612019846,-0.15662776226231
43,8fbf6a912e2b472ae2fe,0.3629378474928551,0.9818629554707701,-0.618925107977915
44,00dfbcc5641e9364fc14,0.7156788929522264,0.3648205751466295,0.3508583178055969
44,7662b9726f052a453f22,0.15846712327888024,0.15354387655397353,0.00492324672490671
44,ffc08f17b7979999a05c,0.5491070409340466,0.905092252358058,-0.3559852114240114
45,255014dd981de6bcf0cf,0.22583204392449124,0.500230596586687,-0.27439855266219576
45,475152a925d980661016,0.6948994637843778,0.49855365849391187,0.19634580529046597
45,48481a2cc97680b44226,0.09929940873196601,0.7023522820617991,-0.6030528733298332
45,49312976a5e9753ffea9,0.6261134721094919,0.37721915876867806,0.2488943133408138
45,d8d0ef04ff2efb6ccb0e,0.338476208788175,0.1784672888878115,0.16000891990036353
46,4bee6b549d01867aee47,0.407854635881581,0.006461187331080358,0.40139344855050063
46,4f190b988ccc1706468e,0.40113988713852367,0.5224920455302525,-0.12135215839172886
47,1514446bc30ffa51cb3b,0.6826127781343214,5.058250606813448e-05,0.6825621956282533
47,4aa927e9db45a6e84b8b,0.333355176403418,0.5011262838628041,-0.16777110745938612
47,85bf55fcfbeb9449fe3a,0.30318965892936584,0.2970066373295705,0.006183021599795335
47,a1ad2e84a737cc0475ca,0.6837389560628441,0.531312811367156,0.15242614469568805
48,1937a36a1b15ada3273c,0.6744532279767256,0.9307045045998381,-0.25625127662311253
48,8335fdeb89799cc1320b,0.019882035189842003,0.4995826574736016,-0.4797006222837596
48,c5ca39bbd08e5a103533,0.6180513848887741,0.7208625824025561,-0.10281119751378198
48,ed2b9a37cc47b0e930c8,0.23252065118910903,0.3386125268084595,-0.10609187561935046
48,faf876b139747cb1d7cf,0.43122647950684706,0.7281940715079706,-0.2969675920011235
49,c6eb3e88f909d72e2ef0,0.49986620537785287,0.6306873686319955,-0.13082116325414261
50,063e2b67e97085319738,0.6362813402480584,0.010310091641605002,0.6259712486064534
50,3d2873b8877b3b3b727d,0.4693932543907593,0.498837868485178,-0.02944461409441873
50,4c27de205d1f9b64b4da,0.7080437803526696,0.8047095388836096,-0.09666575853094006
50,a4644b371379b6b0612d,0.7272354333903938,0.2601905372869625,0.46704489610343125
50,fa85a80528adfed7e34d,0.732089918373545,0.24123238591895751,0.49085753245458746
51,3edb3ce1f3b05837feb3,0.5806328388463448,0.9948675440132261,-0.4142347051668813
51,697119a363e8054ab6ec,0.21540772790363757,0.520632753381322,-0.3052250254776844
51,ccaed13e178c8f4eb595,0.30769380729617574,0.6416828112748101,-0.33398900397863435
52,55326a12d1bacdc90a36,0.5845183136357486,0.574842973552474,0.00967534008327453
52,8314c6a69a2ad9a5a1ae,0.065400148788522,0.6708690083382726,-0.6054688595497506
52,9726653500e63b0f1b5f,0.35757246665502807,0.7632952620363755,-0.4057227953813475
52,cfa26cad818d60b42e7c,0.5113208669746665,0.9205617753699371,-0.4092409083952706
53,7ef930446d4c30269ba2,0.5015638055602419,0.9830853302704571,-0.48152152471021514
54,3e7f2f1d950e148d1c6f,0.084877968762657,0.504410848647388,-0.41953287988473104
54,699a685c036a7af876f0,0.39809815952645705,0.028990849473503687,0.3691073100529534
54,71905dbd81dd9637957b,0.004357271277907001,0.4990118544306935,-0.4946545831527865
54,ded84f8549ea068f187b,0.9201828059405825,0.7580108331514466,0.16217197278913598
54,dfc40b97e135ae48d875,0.3254121203175283,0.033518865536542,0.2918932547809863
55,29342f8e14f85cc2e4c1,0.020497725675774667,0.8056804288122745,-0.7851827031364998
55,5382c052ced05294eb43,0.2100981355569587,0.3699335474587411,-0.15983541190178238
55,a0a3c744efd917aac83c,0.1281923514633912,0.47218448404025803,-0.34399213257686684
55,d844f1ffa2a413b2574e,0.2605978587780453,0.0137987744956165,0.2467990842824288
55,fdbad1333e53f7b45935,0.5120377077134068,0.0018547569028848608,0.510182950810522
56,268d82cf6ec132e3b35e,0.005767242539882001,0.590347283511497,-0.584580040971615
56,2d1d4a6a20478fa7dbae,0.3412822033733381,0.6201123743545325,-0.2788301709811944
56,4c2a0f46840cd44d7b8f,0.006290064579386001,0.37570061628764423,-0.3694105517082582
56,8ebd9a7cb92d6b756127,0.186630136821113,0.027777253087374502,0.15885288373373851
56,9b614c4f9d2cd84ce65f,0.22045302268902803,0.7671485084645795,-0.5466954857755515
57,2eb0b717d7ba76168e2f,0.6439639652271394,0.6658393414002536,-0.02187537617311419
57,4cf37fb1251c61581e22,0.6254990949328955,0.9614662698723246,-0.3359671749394292
57,4dd455f8d848814d7ec9,0.000247357075922,0.7613393771734971,-0.761092020097575
57,d089b67b206a08ade887,0.502798644226902,0.17630454213340052,0.3264941020935015
58,aa63fb46ef3509d6c4a6,0.5839314766507605,0.9895276355621165,-0.40559615891135603
59,0350105c14d8d0e067ec,0.7216622533836803,0.5034697593537105,0.21819249402996976
59,7faaba00e88bc35a70c5,0.6479708568116065,0.3099825868163885,0.33798826999521797
59,bc7c6c695e87e9fda028,0.5435202624916192,0.9979284036718976,-0.4544081411802784
59,e4141fe6a487617964c2,0.663811821481691,0.2217207676149285,0.4420910538667625
59,fbcc90e70d7f95b4e885,0.6510325949463447,0.9878545633764295,-0.33682196843008483
60,65cb2bd4c7b3bbc4487b,0.5873540617369516,0.7041713160142336,-0.11681725427728196
60,cbcad681c7b13ce11bb2,0.8464224011893281,0.23993140401553054,0.6064909971737975
60,e74b950ae6d8d13b8d93,0.6507238030888499,0.27300754107635705,0.37771626201249286
60,ec4f03ec3892a3a47d5d,0.9008035526876416,0.126973193577599,0.7738303591100426
60,f98023b1f34d7c8b59a9,0.9568972306309321,0.5235352744640835,0.4333619561668486
61,4967b8b9a24bb6f3ba3a,0.38763988546597306,0.49958393941320867,-0.11194405394723561
61,555eedfb64e61a3be631,0.4745566123290696,0.00022713199672564998,0.47432948033234396
61,9825c41dc6c7f0471569,0.000246983534153143,0.6189698396674875,-0.6187228561333344
61,b4f28e00a4083d7f83b3,0.0162792662609945,0.278476841774739,-0.2621975755137445
61,f98353ea9c7ecfb7515c,0.3430949811897794,0.5002843611379115,-0.15718937994813215
62,10e0b3a44b61bf3e357b,0.107441887538835,0.2882280196384225,-0.1807861320995875
62,2c60a0f4e520d8f36c20,0.000303155563156,0.4683902711960075,-0.4680871156328515
62,88fe4e5cb0f1f1726ee4,0.0033655650101190003,0.2396702706485125,-0.2363047056383935
62,b2a1cccd167ddbceb2f2,0.023382601614989,0.6700235963532265,-0.6466409947382376
62,e691c9d699aca4f416b9,0.003262949223814,0.45552209838955304,-0.45225914916573906
63,8145df2a0918d9d1c470,0.10190955145380166,0.0192890003230225,0.08262055113077917
63,b2c6f183826e5130f033,0.13621751998961001,0.8488629784169835,-0.7126454584273736
63,c8731cf298519d4cc07a,0.5755010950626442,0.61299356653404,-0.03749247147139578
64,1f657e36f4f3e84046d0,0.423399082073723,0.45774600296876355,-0.034346920895040545
64,4355ee5d0e0e97a47d12,0.017168341429845,0.4422434964937861,-0.42507515506394106
64,ab2978a03904b0d0adc6,0.33851548750390703,0.9176948118890471,-0.5791793243851401
64,fb1a68b96c138982b200,0.19601222823077602,0.5104457668730741,-0.31443353864229806
65,2e0a465e8ed59078d36d,0.5141781154970015,0.2624903307495255,0.25168778474747605
65,4ea3db0c826bbe6aedc6,0.5704108965498875,0.074725056819822,0.4956858397300655
65,d06351f322917921871c,0.521283921023855,0.0662954604315065,0.45498846059234854
65,d35d7c0338113a761f38,0.0010384630553220001,0.8417022207984506,-0.8406637577431286
65,f846badca6966c36aec8,0.131403647971051,0.9663816323230461,-0.8349779843519951
66,69e893db0c3e4b6b08a4,0.010926753972761001,0.8490262643491671,-0.8380995103764061
66,9f52e0a8110e993295b8,6.910552000763915e-05,0.562605657295225,-0.5625365517752174
66,aa6159234f08c69f9e9a,0.566494127596304,0.5064233050922531,0.060070822504050936
66,d2fb75b17c1460a6f7ba,0.005241963928624,0.34420168577082555,-0.3389597218422015
67,a227deb83b160a90009a,0.5197156624061048,0.9571464828559125,-0.43743082044980774
67,a3ffab137cf8f5cfcaee,0.32186020325494225,0.0008600422018394396,0.3210001610531028
67,b167155394655be9896e,0.6184257701690921,0.9726958483017646,-0.35427007813267253
67,b97e80033ca3cef1c5d6,0.102023217113209,0.0002512771791635795,0.10177193993404542
67,cf1d484b9bf69745facd,0.34874681928363505,0.69698900367248,-0.3482421843888449
68,0d133b357269078d2826,0.012636187621974,0.5089135796689805,-0.49627739204700655
68,38c682d3e4f4dfde86e3,0.848812187832454,0.000391067026944,0.84842112080551
68,444e28caedfb70bd5df4,0.440346977579716,0.46407846569291555,-0.023731488113199528
68,bd1ec83c89a8c06dcd8d,0.005968254950969001,0.556106449133182,-0.550138194182213
68,c47bf7ef46e3b7578973,0.014320403962981001,0.116362721416372,-0.102042317453391
69,118ff1cb645c61f88912,0.0075386439887630005,0.08260305036846952,-0.07506440637970652
69,315a1cea6293b7e2d633,0.340458284565444,0.6080289147088875,-0.2675706301434435
69,59cf098eb826172d709b,0.0010077242726997514,0.07457214478629001,-0.07356442051359026
69,621ff1bf7324ccd760f9,0.17709761755567102,0.5767632001803511,-0.3996655826246801
69,aef07f88016dbfac3ba0,0.003210248160536,0.45505555502045003,-0.45184530685991403
70,30a9548100a5e0a4996d,0.522295050997135,0.3018034411328835,0.22049160986425154
70,752cab2be8ca9475e6e7,0.000453851261407,0.9482890753964116,-0.9478352241350047
70,983cb3f6aa822f8bb466,0.0025121049433040003,0.190362590554211,-0.187850485610907
70,b2b04047a09589f55bac,4.393661224315481e-05,0.17733259696292653,-0.17728866035068336
70,e7641c85b087d8197bd2,0.9843411638113435,0.09680240901508051,0.887538754796263
71,205bc7c0426a8d815311,0.038447177539052003,0.46438304149249304,-0.425935863953441
71,4903d7d61b7993743bd6,0.20142460414520075,0.016113462744293,0.18531114140090774
71,90cd822f30dc3001081c,0.23432049462306653,0.789266105154749,-0.5549456105316826
72,263c36b5e0d5377d7e12,0.41872485690592604,0.47298517376137256,-0.05426031685544652
72,409f151c8a3cf2210365,0.3280826486809915,0.19162697998545603,0.1364556686955355
72,72427d367556f320c79d,0.48344171322400703,0.685986295433034,-0.202544582209027
72,72c11c395ae001756fdb,0.376174480098087,0.2982751092939555,0.07789937080413151
72,949dcb2394029ffa0fa8,0.522084277180378,0.07833193463462601,0.44375234254575197
73,9f2ac7f528ca33f6e11d,0.16072948899045802,0.11899845852521751,0.041731030465240515
73,e020248c3964443a518b,0.44921476729971105,0.7961691832441455,-0.3469544159444345
73,e57cd2eaf04b5b566cc4,0.7425686890423003,0.7797640161535025,-0.037195327111202214
73,f2625b859f545bd27cee,0.00039893306283417436,0.48084244217005506,-0.4804435091072209
73,fade39d324b6c74ef6d5,0.671339888586859,0.6968878144799091,-0.025547925893050105
74,2279dfe8c074490ba152,0.05715255279615301,0.5763394822200886,-0.5191869294239355
74,3c0bfc812525eee50765,0.15116801054527002,0.9028691850602881,-0.7517011745150182
74,67142206f66d65effb60,6.794751052309539e-05,0.49567732989708857,-0.4956093823865655
74,9b67c63ae13f1d961f4a,5.905805120116252e-06,0.3130705155679075,-0.3130646097627874
74,ae8ec3ba037f250f8a66,0.24264597963201898,0.5578746628579765,-0.31522868322595754
75,673074d9122ce1a0e9c7,0.000282461282171,0.9117257837946486,-0.9114433225124776
75,67d0330b386d592bd7c1,0.011039030954564,0.43882429174192455,-0.42778526078736057
75,a8ea31b488c56888b12d,0.571401267234116,0.563491587823127,0.007909679410988968
75,ba31bc3507ebf43431d1,0.025962533210282003,0.12631062081428002,-0.10034808760399802
75,d7a3e9b4ef4283dd6377,9.353473128411652e-07,0.7033571972647505,-0.7033562619174377
76,1fabbfc5edb581fb2ff6,0.8110357901640778,0.448403378481301,0.36263241168277677
76,be02b820530bfa5110ab,4.690943640746079e-06,0.00454581174539,-0.004541120801749254
76,ebb66761e7fc8ffbaa2e,0.000331585674678,0.8353885968971635,-0.8350570112224855
76,fe9a865eb3c7f6d52511,0.4616855058898158,0.385422219850557,0.07626328603925875
77,20b20d2692157d5c53dc,0.47633931495866605,0.5123799594116986,-0.03604064445303251
77,27408a0aa3be71e5278f,0.8411256186525105,0.49712652151881304,0.3439990971336974
77,579f772265e78241cc7e,0.030801355627738003,0.48962251530093104,-0.45882115967319304
77,83b393198419384385c4,0.581093516924512,0.5931156615520341,-0.012022144627522047
77,a8fa41ea2a1bfc32e249,0.5026292829979645,0.590167784524221,-0.08753850152625653
78,06829066ee6ab5099974,0.6903940133244585,0.014966535519358,0.6754274778051005
78,08af0aa8ab2030261902,0.4981664230895211,0.35511608198147954,0.14305034110804155
78,32505a78d568fea2e62b,0.002178678228252,0.5893998192744191,-0.5872211410461671
78,58e4371bbd33e04d3e9d,0.40869312547581704,0.40567489101260906,0.0030182344632079805
79,15b2ae1d84bf2238e8cb,0.162583158914236,0.5090514836520136,-0.34646832473777756
79,8df00af32747999d9c42,0.028862815326613004,0.5145984979336465,-0.48573568260703354
79,bc5451832531ebd2908b,0.022990660917482503,0.3437970728537305,-0.32080641193624804
79,d1b4baf27a9b99975e9c,0.3562673310528285,0.006088612331660825,0.3501787187211677
80,2836f499b887ec766d30,0.48828067695789534,0.7786782919746426,-0.2903976150167472
80,a7e6269b14c19fc6cdd2,0.18727096217310651,0.402961444618559,-0.21569048244545247
80,a8e62b25f97325e82404,0.42375054161881165,0.0030737786313655003,0.42067676298744616
80,c546405f5f8de1f909a4,0.5553545901756856,0.44849805927892156,0.106856530896764
80,d0e32e357b749f88ec53,0.011232669860936,0.6195844351444035,-0.6083517652834676
81,9045cc93cb1618d3ea68,0.001111768165816,0.4512525462772055,-0.45014077811138953
81,caacfd4bc3eb8470f2b5,0.009301807887969001,0.6250924863336785,-0.6157906784457096
81,d5905d87d27a27d2a9ad,0.5434445885449936,0.48813169062256806,0.0553128979224255
81,f2b3c1e963e605c596cd,0.6126203450766611,0.9193988220286146,-0.3067784769519535
81,f4dc093e75cd2f228f1d,0.203801978328599,0.012428433457555501,0.1913735448710435
82,11578cd4cf5074dd2b04,0.9974164453153641,0.8219769931142671,0.17543945220109702
82,14f3a5ccbe3a84b52dc9,0.988959876829796,0.5439275472028595,0.4450323296269365
82,68def246264224f51e5a,0.9594981372804736,0.257667483614146,0.7018306536663277
82,b2013ba9ea6c8ea72faf,0.9892591793544436,0.019972480419164003,0.9692866989352796
82,ce0a3e21842652045b7c,0.9991962468180801,0.2467615666465975,0.7524346801714825
83,1418482a5accab062757,0.196399772945292,0.0334674906296145,0.16293228231567752
83,5fa197c77a0741b4a48a,0.8504308253701991,0.698688241484932,0.15174258388526707
83,61d68e86325ad5d8f8a9,0.023339523565034003,0.500290492519366,-0.476950968954332
83,9e8f90e8acebe1bc4dab,0.43134240833367304,0.5156406387302855,-0.0842982303966125
83,b349a5b607d4018b2c5e,0.065986483766171,0.23030505419887903,-0.16431857043270803
84,0ae1f6edbb328dc54cc1,0.0348304436647845,0.47000236066819506,-0.43517191700341057
84,1d7d95e98ded6955129d,0.06050412502753501,0.771501995845336,-0.710997870817801
84,3552be5d936a69e80b40,0.518804017643064,0.9973409154780302,-0.4785368978349661
84,50c16de086166dfcc4f5,0.0559818132739345,0.37101914466026703,-0.31503733138633255
84,d65fc70187b46d0ae357,0.14829750048172302,0.8658874782734887,-0.7175899777917656
85,50bcfb7b8d9b97cf4441,0.007257141965206,0.9252373768618376,-0.9179802348966316
85,761e4cfccdb2f271544a,0.116214487811508,0.10703047017179301,0.009184017639714992
85,809455235e8fac352285,0.037693023368989005,0.021378110371477504,0.0163149129975115
85,f67588423e4cfd8846aa,0.34826330654945803,0.17587509212410352,0.1723882144253545
85,fe01bb64e5fed94b913c,0.029158657077531003,0.46523889236193905,-0.43608023528440804
86,4800ca1089566c7f4494,0.825370886336058,0.9665964016622026,-0.14122551532614458
86,9bf0c5df4eeb38856a64,0.997909069141458,0.5688503927900526,0.4290586763514055
86,ae33697d3dc9784f219d,0.9516257517453865,0.134120029473163,0.8175057222722235
86,df4e7c94d49cf7a75e7c,0.7722272909290826,0.465345043531846,0.3068822473972366
86,fe76914183b458d16acf,0.993688106934667,0.19242258539832902,0.801265521536338
87,1658bf3019012deeb4d5,2.438455172028916e-05,0.30605975231324356,-0.3060353677615233
87,cf5f7b74e292a58314ac,0.8930454830055826,0.638373509177377,0.2546719738282056
87,d1973ee15ee889c8ef9d,0.0009404397800610001,0.43910807891811704,-0.43816763913805606
87,e3ef557b701b573f66e7,0.0064765513133560005,0.3989461658064435,-0.3924696144930875
87,eae0414561a811e8df3a,0.35238217259527305,0.5956363206808726,-0.24325414808559953
88,30c0ed3d2b64590cf572,0.010196535157286002,0.1690575260288995,-0.1588609908716135
88,6d57e5013588e2f99984,0.00032842279742,0.5947091496766356,-0.5943807268792156
88,b9151cea8a7296d302a3,0.21852018901560752,0.497119564098173,-0.2785993750825655
88,dd3b2196486cefffadb9,0.5677746111303625,0.9686210583213046,-0.4008464471909421
88,f3e5acc6608b97365d62,0.35598712982079905,0.9410577742394616,-0.5850706444186625
89,5b70cb05d06aa7e1358d,0.5275496308544735,0.035593663632023,0.4919559672224505
89,9b0e10d703a0de232597,0.2958771114306595,0.11337437376423251,0.18250273766642697
89,c3321906c30bb01196ae,0.5963069894335685,0.5403316046547675,0.05597538477880104
89,dc062e888bc47a24cebe,0.0005336242949699329,3.2623675274812354e-05,0.0005010006196951206
90,58f2e47dc90366618865,0.5625227032427506,0.4987607392525048,0.06376196399024575
92,0c8f9371cd300ce99b94,0.6493826848033646,0.9790137919302091,-0.3296311071268445
92,68576b709fefffe8bb3a,0.47628055008325304,0.556116022423672,-0.07983547234041893
92,b3501f888ec8f8ba5367,0.16625203331214702,0.34539726477401256,-0.17914523146186553
92,f03ac0df56d25e6565c4,0.005473222850233,0.31462238321755454,-0.30914916036732154
92,f5d3fdade4329c616cc2,0.0015459200864750002,0.7522116446936125,-0.7506657246071374
93,0e39bb6a030429c86f47,0.8447176503147911,0.631069922893833,0.21364772742095806
93,8f49d5d3baf47ad6e65f,0.459985365299085,0.9908716878762801,-0.5308863225771951
93,928a7e05ae021dbe63b3,0.6303133166453261,0.507251429862712,0.1230618867826141
93,b8af4debceba7601bfc6,0.079418811389143,0.590580734553046,-0.5111619231639031
93,c819b67513c52eed1635,0.06495902859965301,0.6872921117723381,-0.6223330831726851
94,2fe6fc9953daed01b6ff,0.0014497492250569793,0.49876424573286354,-0.49731449650780657
94,33975024c567122d618a,0.5175542810960739,0.3115759947281035,0.20597828636797044
94,977a640663d4d47aaa83,0.2074069991311975,0.031740770604227,0.1756662285269705
94,9a6a6a0ba492798edb57,0.22708944807976575,0.297301240349687,-0.07021179226992127
94,f07892c9a3c833244fcf,0.3553791314324137,0.5123616507360336,-0.1569825193036199
95,3a46a2b6938158dd4285,0.039456058570294,0.5023100090087466,-0.46285395043845257
95,969b176d836ddebb7411,0.295761058369893,0.37706801092326003,-0.081306952553367
95,97daae0e0ffc23673788,0.011427909592761002,0.07179793189130002,-0.060370022298539015
95,c4700f779f55776ef927,0.231096977414241,0.5756139600588026,-0.3445169826445616
96,118e4ba91cd33e512710,0.012057499683756,0.8601508258363031,-0.8480933261525471
97,a788ad8b579d10216c0f,0.08513241531376768,0.7775828308230955,-0.6924504155093278
97,d10a4a03a55489927451,0.44525779406299537,0.9443833802953151,-0.49912558623231973
97,f72a4e3e40851610a048,0.26870050309928567,0.7414747840587421,-0.47277428095945645
98,622e87c16e407f630999,0.45719782585308555,0.15511187087059503,0.3020859549824905
98,87c0d3f5221fd9c75b47,0.44229760878220703,0.0768480066229055,0.36544960215930156
98,a889e453eb307b8478e6,0.8982341627433641,0.4196871737058475,0.4785469890375166
98,aeb7da0f173ef32044e2,0.44077978437990556,0.8968599844302716,-0.45608020005036604
98,c9fd7d3396e7cbdea7ce,0.518908958844922,0.13817190718404201,0.38073705166088
100,33a3a496fda638baaddd,0.116599826370156,0.106793771189315,0.009806055180841003
100,44768c1b39665b38d755,0.5552545602074286,0.5489034216094976,0.006351138597931016
100,5bb3fb8e4eaf273bb8c6,0.010123174963660001,0.17646758334318172,-0.16634440837952172
100,d2b6cedf5789ee3eb2b0,0.447677937418878,0.4002022100580045,0.04747572736087352
100,f92d2849df644e8e89c0,0.383365441528432,0.5105874510749441,-0.12722200954651208
101,8357e49963d585829f4f,0.9912288277017631,0.022509655068702,0.9687191726330612
101,91a80053f40a042ceb5b,0.41926704043389657,0.44291618657895226,-0.0236491461450557
101,9e6192f167ddcf5bea7f,0.658355509852526,0.4454203077407795,0.2129352021117465
101,bd99f79c43799453dc24,0.8974550654110681,0.8618021266942106,0.035652938716857485
101,f07fad63f399b93db0b1,0.9236864352249171,0.9255687641345995,-0.0018823289096824292
102,aaac15ad1cfa9beda7f2,0.6721138805434571,0.4147640928012055,0.2573497877422516
102,b080781fac47a5509796,0.0410796842908945,0.3105503100990255,-0.269470625808131
102,c30fc0e9a525af35ffce,0.07662032552583468,0.0658234084813005,0.010796917044534185
103,2c47fb352c85b2af5cb8,0.7353761508328228,0.5544743163615256,0.18090183447129726
103,e905a06d1bd1d7afc790,0.7703116951299881,0.975102194146338,-0.20479049901634994
103,eb1b641a9baa7a44a4c5,0.064305390116888,0.647911604671449,-0.5836062145545611
103,fa9542b6e778befed094,0.7516661137177484,0.6572780795916351,0.0943880341261133
104,2dde46d3526a74bf2482,0.28835987488150594,0.49281340617807406,-0.20445353129656813
104,a8d36b3c2eb38d7bccfa,0.14731834957299936,0.29237454793701,-0.14505619836401065
104,aa08dde8815c6b84d4cf,0.25871990172650866,0.44678497508010806,-0.1880650733535994
104,c844be76d7a690c42f46,0.2317218768867572,0.49670369440229356,-0.2649818175155364
104,c84f6da62646dd29deb7,0.15855206912432668,0.35091031869369255,-0.19235824956936587
105,09648bc2e4b65d189cfe,0.038794847027922005,0.3498410130672716,-0.3110461660393496
105,197bd0d2fde864eae071,0.053569905878071006,0.08144690195468152,-0.02787699607661051
105,66f042f688648b360634,0.19582958751272,0.514607371857148,-0.318777784344428
105,d0effb93e00a9253c278,0.0016528268868240001,0.3342554998986875,-0.3326026730118635
105,fbbfe7e22f639d011fde,0.515195068245555,0.850903813461763,-0.33570874521620797
106,653c39b072cd8e3ff056,0.26072806516093877,0.5836728837739955,-0.32294481861305674
106,81d71ef21f1da7454b44,0.611312075378044,0.9191728683865961,-0.30786079300855207
106,950289ccc9a7cd39bd6f,0.37366551265879566,0.3492528246695195,0.02441268798927615
106,dd669283301bc56736b8,0.7501151706851291,0.43804118795392405,0.31207398273120507
107,0996463489a521a1e479,0.0941563441135855,0.982982833971235,-0.8888264898576494
107,2936f1f8d8dd7bd7a494,0.471017599977678,0.1600467395377465,0.3109708604399315
107,2ba5b0f45e9217cf6bbe,0.4007527845278484,0.5108407099398096,-0.11008792541196116
107,a3cd934f5457fb6026d4,0.9697180816695765,0.6571929671859271,0.3125251144836494
107,b5486d202e264cdf907e,0.013686561664571,0.47762028129049205,-0.46393371962592106
108,0e7043c144725182dcc1,0.445358672184959,0.3201514175587405,0.1252072546262185
108,3bfff326dcf31f598d1c,0.7949782365786361,0.8269036027295706,-0.03192536615093455
108,53e8911f135f05f19d5b,0.05645785909912951,0.53452079656544,-0.47806293746631057
108,9936d65dfd5f124981bd,0.0015220507928770002,0.4845683548295605,-0.4830463040366835
108,e64494e46bb59ec8796a,0.09253990404969752,0.643536690501501,-0.5509967864518035
109,6c2a07e1d2e238f0a306,0.8709746760357421,0.6565348894328885,0.21443978660285357
109,bc1041fbb53a40a6c554,0.48594800388023335,0.7212723334680066,-0.23532432958777322
109,f4c7b26740f937e8c94b,0.6955866562897666,0.037265852833168,0.6583208034565986
110,a6ef4082977c00405256,0.5681938315413603,0.0659425799988635,0.5022512515424968
110,ae4487d6cc528de1206d,0.4039274661287138,0.49773284851667604,-0.09380538238796227
111,14be66b00d43c5e359e2,0.9044210902964751,0.49599332791788403,0.4084277623785911
111,501f9d1f26df5da4d550,0.304778802700778,0.9964082795569795,-0.6916294768562015
111,71dafa45055b8acc94a5,7.467201509351546e-05,0.0341047637773755,-0.034030091762281986
111,7ed85217fba1f4a912a0,0.569876785003811,0.48756751578573904,0.08230926921807197
111,f8f06a971bb74c3ff62c,0.17864807054693901,0.35798823549308456,-0.17934016494614555
112,43ca3eb89727763f1236,0.115557049897114,0.4975319509275225,-0.3819749010304085
112,54b8f0cd34dd976052e2,0.5480330424723115,0.552831478004926,-0.004798435532614498
113,072103745b77f3ec73ab,0.38961249193579034,0.45520356675946905,-0.06559107482367871
113,1b8e564504cbd6c3e984,0.030965750149106006,0.5593167620209716,-0.5283510118718656
113,239b2b175bba0f0e30b3,0.33716666759122105,0.6044291388674871,-0.267262471276266
113,2a7c98ccb8333d584145,0.4965723419298227,0.4944814839637063,0.0020908579661164106
114,14f04c38d1ed3a558dc8,0.421401362145622,0.145205689306324,0.276195672839298
114,95cf0e85f0fdd797bbd3,0.7017922757164864,0.900361710495037,-0.1985694347785506
114,de6fe5f5322e4e7df40a,0.0049532582138880005,0.47859698115352106,-0.4736437229396331
114,ecb24d19ca673cab58a6,0.0019082056832580001,0.12253735452021551,-0.12062914883695751
115,279d7d7a49402cc6dd2b,0.004490982056590001,0.259361023915667,-0.254870041859077
115,4181f605066a860eaded,0.4751392700528667,0.762419471674423,-0.2872802016215563
115,9ae7d561bacbe6c6f04d,0.6746393631790725,0.7383352092448966,-0.06369584606582412
115,c2cdb645751e591f744c,0.280930832820082,0.5263316672753705,-0.24540083445528849
116,8a76092689e300a337d2,0.014610146118407,0.6300883296305371,-0.61547818351213
116,a018195e88bc582a947c,0.0024878577798325002,0.9794140203516146,-0.9769261625717821
116,ba2470f26d223410fb8c,0.005570206740442501,0.5490894233172136,-0.543519216576771
116,cb63015103f35c381671,0.007580208703954001,0.8384518770862336,-0.8308716683822795
116,eafadb8fd238acfdbaff,0.18052371427862035,0.5115830016304541,-0.33105928735183376
117,1c501525527d1d6f2631,0.0030936201762940003,0.9180520450787155,-0.9149584249024215
117,33c75d525fbb1a662c2d,0.7520361984530101,0.37502576931691256,0.3770104291360975
117,6a9111d77436a28fb60f,0.918208929338416,0.5811021242740195,0.3371068050643965
117,d406667a22854095676e,0.12991474317701301,0.5644172789883145,-0.4345025358113015
117,ff9399a8769b76f4a653,0.9871869180656541,0.32453119496758204,0.6626557230980721
118,24252046aa3485127205,0.001233085193699,0.0148471671102705,-0.013614081916571501
118,451aa3c12ad30ba3c6e9,0.8233736980862506,0.0022489043509416463,0.821124793735309
118,6ed0314590ab521dea6b,0.007019344337818,0.633958536400655,-0.626939192062837
118,8a8bef764137ccfb44e9,0.09281553619956201,0.3910098865541005,-0.2981943503545385
118,92f943a687cb2474e0ad,0.006804890492641,0.0489038251061715,-0.0420989346135305
119,34d2612ae81bfb66f978,0.9853467470202654,0.49912866685091456,0.4862180801693508
119,b9c930f3b04cab6eba4d,0.287723321055669,0.2521083936227325,0.03561492743293648
119,c365530e0bc950c0380e,0.4623673908325034,0.7353151866291351,-0.2729477957966317
119,c6ae6f16faf7a9c0b7f3,0.2566569355126727,0.000390146176648,0.2562667893360247
119,d6fc86761e8a28275087,0.168320979203077,0.3896078628525185,-0.22128688364944152
120,045c3af5e8fde10bc375,1.8045750904495675e-05,0.8916281848683951,-0.8916101391174907
120,174c9835911de5b69860,0.7609535974311971,0.998140305291733,-0.23718670786053597
120,a9ff07ba3a936d7c9a87,0.020451065016953002,0.11044893657688801,-0.08999787155993501
120,cc269f6824ef94b44590,0.6799469637873451,0.1546049011999235,0.5253420625874216
120,d4ce7334960703334d8d,0.44422979767125204,0.9056414305670941,-0.4614116328958421
121,36796cf8d934a778698c,0.9854186696932201,0.5552325029340195,0.4301861667592006
121,53e35ee0c97f25e30c47,0.009560216454989001,0.17666973122889384,-0.16710951477390484
121,5b75975add6afe6d03c9,0.091245312028235,0.4587518666170045,-0.3675065545887695
121,b19b7c27059cc319c552,0.9985712942721611,0.9336531345999466,0.06491815967221448
121,d450e27d26c4f808a9a3,0.046248525325854,0.003026202355927,0.043222322969927
122,0addf843946377466ea3,0.48303224038585557,0.26344484584182204,0.21958739454403353
122,e81f6243c419abbaf75d,0.2851727544067686,0.12370174624415473,0.16147100816261387
122,f78e821ad5d9fabb8653,0.4244145583659923,0.4016465306488745,0.022768027717117778
123,e62e24510ecbb3545e11,0.8458663408818701,0.49242420713057955,0.3534421337512905
123,f0f87f97359faa189d6f,0.6547626210339234,0.530860818146858,0.12390180288706532
124,035753f0ca31e76c1aae,0.8670933588389491,0.882656472686276,-0.015563113847326893
124,24721077ebe946f0396a,0.9839413819095241,0.2030068446969935,0.7809345372125306
124,7ab9c88ed47d2783ee33,0.08791336847730101,0.5729260414283646,-0.48501267295106354
124,a637ab7325ca2571ed1e,0.5276109042833951,0.2249272034235,0.30268370085989504
124,eb9db3b04455f4fbceb3,0.004174000270897,0.23148917690779452,-0.22731517663689751
125,6882eab17e1629743f76,0.0022793781737350002,0.013878686367975,-0.01159930819424
125,6a50cd5e4d0eb0cdd45b,0.0007264328305590001,0.4963765563703225,-0.4956501235397635
125,8577495624e481ed6cee,2.289459177133017e-08,0.5319715984265425,-0.5319715755319507
125,c295c1162412cef49502,0.001281215331955,0.005020791097239,-0.003739575765284
125,f900c5026c7c22e6d762,0.19291834953818235,0.9184871087874455,-0.7255687592492632
126,511bd3ae7e9d5a84eaba,0.9869038253648281,0.036109800189723006,0.9507940251751051
126,5e70d2b62d57a8db16cb,0.5927029045712006,0.24120668589481903,0.35149621867638153
126,7073ede7207b5e6fa56e,0.9946070261366851,0.536787279683541,0.45781974645314405
126,b45b13d6ba83835ad2d5,0.995083648969572,0.5518990449623291,0.4431846040072429
126,d0fae0de8ce198f03bcd,0.5305050583967,0.040881177835906,0.48962388056079403
127,5942df8c07eb5817a155,0.4557433286093745,0.6424900052351901,-0.18674667662581557
127,9e04c2aac28293de0fef,0.004012337633273,0.5976490349388961,-0.5936366973056231
127,d66b0165c2b526f9ee85,0.5030301478736975,0.081747792849457,0.4212823550242405
127,f48f84271a48aa6695ca,0.37649125453401905,0.38360085553923834,-0.00710960100521929
128,3abe22d5439a4b9ccabf,0.18803064381547052,0.018776880605395504,0.16925376321007501
128,7d19387987ed46aa363c,0.0029918141294100003,0.4724086938052655,-0.4694168796758555
128,8534b6e6816ec66f9857,0.05668214609990001,0.0175375620775015,0.03914458402239851
128,bca4dc87e6db0f9da82c,0.19860488506726737,0.14374014210174751,0.05486474296551985
128,f8e476709765abe6404b,0.014842283577626,0.21713357945300701,-0.20229129587538103
129,1a8b1435efd97cd8f6b7,0.39438795880524574,0.13090713060015452,0.2634808282050912
129,79c644bb39ace1365531,0.5333330850490713,0.48417351689860155,0.049159568150469735
129,859977b3650eb322a0fb,0.2857460773586718,0.3013451581922847,-0.015599080833612888
129,903d1da13c281a0208f0,0.1262491192617168,0.146914125283397,-0.0206650060216802
129,b4a03ccd52e070f2a8f5,0.13543753381088466,0.30112689180703256,-0.1656893579961479
131,2132e53b663962d1691e,4.199835210294965e-06,0.9983321258922035,-0.9983279260569933
131,51db27e9ba27c84cbddc,6.193073545306925e-06,0.02986715438854562,-0.029860961315000312
131,684671ad2c6fb73248cc,0.6009181039405473,0.7695487295354786,-0.16863062559493125
131,ab682594105b74a0139f,6.687255247056324e-06,0.3259419294382435,-0.32593524218299647
131,cc6b7c1e1a4b04204861,0.000636486331255,0.013841769565736002,-0.013205283234481002
132,70a7d6b1b712a93944c8,0.6700857540970947,0.47846476183484055,0.19162099226225415
132,9a09e646a4bdaf8f6ade,0.4850016631299299,0.6839726126620715,-0.19897094953214162
132,d0e734b332e39b2eed33,0.6465338311802344,0.7201796358825405,-0.07364580470230608
132,d752f6f29f90a6b50a53,0.6989370359626833,0.44883056187797754,0.25010647408470577
133,0673e8637c86bceaa86f,0.39636427210815806,0.7053301903402556,-0.3089659182320975
133,80b05c01e64f98b4b2d7,0.17475900994825505,0.022599709440045,0.15215930050821005
133,a2ec94e107330dec7e5b,0.6289760502382571,0.49111391207798955,0.13786213816026754
133,aa37d8b9ee9534c5011a,0.31523403303357,0.0613721668368635,0.2538618661967065
133,f6945b0e21515dfd8c9c,0.688713288122993,0.4155732403178245,0.27314004780516854
134,ca265490d4e84add7de7,0.6402655218836917,0.080578489016057,0.5596870328676347
135,5bc3555dde0cdc13d206,0.0007912336654510001,0.8798224554619796,-0.8790312217965286
135,626da2a558db018183b0,0.037366119495848005,0.973815440998649,-0.936449321502801
135,6306625d1e097b87011c,0.954401397910531,0.9925252375695836,-0.03812383965905253
135,b18642cb56f061fd51a3,0.46322373594915905,0.35271185555989654,0.11051188038926252
135,fbc9c3e7d77c54424af6,0.16073058533782,0.6067180063392056,-0.44598742100138555
136,31b2f0029bb5746b35e7,0.015307875162227001,0.006528741043735,0.008779134118492002
136,3278a45036ec827976b0,0.039650741275432,0.0014706110850706802,0.03818013019036132
136,a64fa0a8c3a4c4331530,0.0010876701410170002,0.9498549516345866,-0.9487672814935696
136,b63fa62213306d34c72f,0.7203706345334141,0.5545184121105846,0.1658522224228295
136,b9e7d8ecd8e1c9c2f88c,0.09808743435511501,0.003140289780766,0.09494714457434901
137,091417f293c3346b0f7a,0.39955126722750406,0.9802927984758105,-0.5807415312483064
137,c4e8fb933c2274f1d33b,0.0003308291006110254,0.2004633922162265,-0.20013256311561547
137,fef445a40a96e67cb472,0.014527038716820862,0.7264756733854445,-0.7119486346686237
138,bd35d9aab0c2878ac359,0.4041051944771894,0.07529027556012276,0.32881491891706666
138,c6cea4fe474aed319bd7,0.006908664546332001,0.6888260885763026,-0.6819174240299706
139,68f0ffeb19af323503c9,0.692872568963752,0.23206682988689803,0.460805739076854
139,6ed7282b5081e901cbaa,0.2979611247427435,0.000428966306646,0.2975321584360975
139,8609b28631f833f0dee4,0.7842220674885567,0.8283165784018751,-0.0440945109133184
139,9f7482cba6d6d493a67a,0.620632801502757,0.9124995151305666,-0.2918667136278096
139,b873f03e6be5f8b0ab7e,0.7712627818277124,0.8595174943046161,-0.08825471247690375
140,0289516f108337e5bf46,0.5870171483703754,0.005665080029991,0.5813520683403844
140,2b1a7f604e6c62544cbc,0.000672121506213,0.9477035065437541,-0.9470313850375411
140,5726998a36356dcb3e71,0.8055456486089847,0.4556232632979961,0.3499223853109886
140,7107c0b843d7f8fbd4e4,0.6418052339611526,0.39805469913290004,0.2437505348282526
142,15a9e69fe777fdba1c9f,0.5207883323099226,0.345359476199692,0.17542885611023062
142,46491d0a658947ab0e58,0.2617965452360335,0.00039285419892100005,0.26140369103711253
142,bc59809facaf439f9aae,0.43878940258590426,0.11975348808053402,0.3190359145053703
143,bad7f12a17b7083b47e6,0.49467943603922604,0.6521390872838976,-0.15745965124467154
144,a9c2aab4d0f7052d0e8e,5.986635264127267e-05,0.4256741067788205,-0.42561424042617924
144,d453cad74dd0cd73b8dd,0.48603476376102367,0.0099783357408765,0.4760564280201472
145,1eda497586c1e46f17f9,0.6480359689546069,0.3234552951152883,0.3245806738393186
145,39ead0213084f929f583,0.47630470426149135,0.5012969613457051,-0.024992257084213765
145,9be2b832364b465d9133,0.4990853000061137,0.46294643342121405,0.03613886658489962
145,b851a97a6c3d524f7711,0.3424145694138855,0.8353557509835356,-0.49294118156965017
147,41f054805f421597988e,0.24648131711478502,0.7101084756248826,-0.4636271585100975
147,47ce73a4d35e822f72fd,0.15618888469878325,0.35371718251670703,-0.19752829781792378
147,5d7c627bd36afb858667,2.722648818851258e-06,0.807832753756059,-0.8078300311072402
147,98a47d513d013a7de723,0.00112461912109,0.030204760772062002,-0.029080141650972002
148,2d2cb36ef12c00916fda,0.002220674076530288,0.8729698516238895,-0.8707491775473593
148,6b8c21f6d4ed6de613e4,0.472623705402322,0.8736257254009676,-0.4010020199986456
148,6ed7d16b5800f768b941,0.6237116489849841,0.43536918909625905,0.18834245988872506
148,8cb115eb6d5cf5ca4b8b,0.3329206162916887,0.15484609306066519,0.1780745232310235
148,9af741fc95db360d0ff4,0.005824438719910001,0.213369926895983,-0.207545488176073
149,03c238f72741bf1ffc04,0.001221897699162,0.014536458027899503,-0.013314560328737502
149,35f018a3e3f86c592cd7,0.968926375673224,0.53632314015381,0.43260323551941404
149,7d7b794b91faaf1878c9,0.6640453430936021,0.34941706097675007,0.314628282116852
149,9be5bd04e7fa6154d984,0.90852996402171,0.06660968473752901,0.841920279284181
149,ce776ac1979cfcac4d0b,0.22240807496621137,0.220521703341963,0.001886371624248373
150,40e6dd9b12741ac4251f,0.4693807150485875,0.014018845917257002,0.45536186913133053
150,6469906c04eae75c157b,0.915573529733968,0.35990883915106553,0.5556646905829025
150,ebc73c68fb1ba2c96980,0.051265616328265,0.0023461540660755,0.048919462262189496
150,efe7a7f84d730df1b0a5,0.058542853094239004,0.6115244038689771,-0.5529815507747381
151,0951e0a420d257152cbe,0.4205041286827983,0.0016576564922670001,0.4188464721905313
151,5191fd921bf57693e2cc,0.186320602054995,0.8721647091855871,-0.6858441071305921
151,a829c153ccb9222778e0,0.6145259235288177,0.027141982295242003,0.5873839412335757
152,078d69dbd66a34ee3d01,0.28596860275200703,0.9626390025627285,-0.6766703998107215
152,173a2e013510e8b97ec5,0.979319160680812,0.6506591113064271,0.328660049374385
152,2626f5312a86f7faabc5,0.989310722702025,0.5894207613297511,0.39988996137227395
152,7f4013817ea2854b656e,0.998136683374028,0.0016397802866455,0.9964969030873826
152,ce4bc14bdf71c2814883,0.14488501863907402,0.133632296900962,0.01125272173811201
153,38c37a3bd648853b805f,0.4519342176646423,0.04997819341864906,0.40195602424599325
153,6e42f4daaa373eb8302d,0.37307668391535903,0.024821614452293,0.34825506946306606
153,865ee490ee3b0e2a3e12,0.9419539602810896,0.6623748884344021,0.2795790718466875
153,99b16f2c3a5f99cb3e98,0.1553119377088445,0.0005663804084205001,0.154745557300424
154,79c147d5091cd45660c6,0.462182957006046,0.060074252398065006,0.402108704607981
154,8146fd852e93829d9717,0.8057643821749826,0.885138011606682,-0.07937362943169946
156,1e9a67d9dba5504e595d,0.076641879501238,0.5667022750048015,-0.4900603955035635
156,48b15c6c462cfc92225e,0.747838853384551,0.9096141091691605,-0.1617752557846095
156,dca73a39fd5b8c790f1e,0.012260694565734,0.046147940795583,-0.033887246229849
157,2e69276cccf3862cbb31,2.585592181854634e-06,0.14627356053543453,-0.14627097494325267
157,eaaa2b1e9ed73af9c5f9,0.009776275947331001,0.0010754398209090327,0.008700836126421968
158,467b377a28f96f6ab490,0.6083073364349479,0.08471331444392301,0.5235940219910249
158,5f0626d2acaaf8af4a09,0.052609256988881754,0.5746463167172285,-0.5220370597283468
158,866254074332a703a360,0.40932999782677837,0.7181174939024051,-0.3087874960756267
158,c4858cfe68da2c67706c,0.29029772610027826,0.5782186459055481,-0.2879209198052698
159,213c69db1d01a3c2f6e9,0.045385215608508,0.667343440505203,-0.621958224896695
159,3590e867568282646835,0.089764174617285,0.2220055597159175,-0.1322413850986325
159,75b56dab401878c748b2,0.9930231803318771,0.36195998101433,0.6310631993175471
159,ea2eb0daba76ca2aa3b1,0.033918634293928,0.1692221558514275,-0.1353035215574995
159,f0a0fce3ad3b32c0e0a7,0.611649158950711,0.988020065400224,-0.376370906449513
160,149d6989d4b861bef5b2,0.41735602030760505,0.7465958080250701,-0.32923978771746504
160,57f661938dd8958188d7,0.161398392913395,0.49604458314185707,-0.3346461902284621
160,d636fc4928618ab29980,0.030999536810517002,0.25713759163120803,-0.22613805482069102
160,ed8be315d29b45db2b94,0.9908662173852111,0.8971100854164196,0.09375613196879151
161,2293af98ee4c610e8cd3,0.504125898713309,0.9210357318327476,-0.4169098331194385
161,351bee8d5277c786dd9c,0.7659261989398045,0.08506484329823401,0.6808613556415705
161,9f970eb2537cbb0908aa,0.5195300234929525,0.7996367789301041,-0.2801067554371516
162,03093bca99c79c400002,0.061250526921099,0.4261240030577955,-0.3648734761366965
162,06e9c21b04283a25cb2d,0.98986114863109,0.7289238488870641,0.2609372997440259
162,82bfbdfc53a8aa17e1dd,0.9443984605840401,0.29841493545354403,0.6459835251304961
162,c60f740198d98b584155,0.005911686709463001,0.5073933465109646,-0.5014816598015016
163,423a6afa73b3956a0ad3,0.10996935927534301,0.343457181410311,-0.233487822134968
163,5198a2f075b37d3f16d5,0.9493208273356831,0.3582889168361985,0.5910319104994846
163,7be66d3bf0879b89a4bd,0.8655205679106841,0.47888351694720155,0.38663705096348255
163,9f29c344553e6e27ac4b,0.055474179712227005,0.6877207305075096,-0.6322465507952826
163,b386d325db64fe540f5d,0.024754502846922002,0.5945472385828096,-0.5697927357358875
164,49c04272c4140548f2fc,0.052904788944002,0.7316391531295501,-0.6787343641855481
164,7977443745494ac2204b,0.238862918653369,0.62752225037079,-0.388659331717421
164,80be74f66f8c97fce767,0.36717550291516804,0.5049185549926185,-0.13774305207745047
164,986f7ade9b2d4953a0d9,0.6318525817164066,0.069764411152615,0.5620881705637916
165,05dbdf3c040c03c75775,0.009010761077165001,0.3557913023136085,-0.34678054123644353
165,1aa283bfc36b5a5e7a87,1.899276586030385e-07,0.36959201369578054,-0.36959182376812194
165,1bb11c0dd8295537e429,0.36342161195646505,0.37476368034913454,-0.011342068392669491
165,2b94ce5f1ae8258f7464,0.200460801514727,0.022216512640418126,0.17824428887430888
165,a19d8c0c33dfed6a15d3,0.00010472075983200001,0.027392788413892807,-0.027288067654060808
166,10e2488da67727f393aa,0.9981671846889281,0.4983417383866142,0.49982544630231385
166,117727b27bbd7b8b0039,0.9956856244255621,0.572357029516823,0.4233285949087391
166,3d82bfbaf1fe84f9354c,0.7143829357493571,0.231307259192811,0.48307567655654604
166,45e0d54e1960cd8560b9,0.9815501136060121,0.49153222715091216,0.4900178864550999
166,dbc2d6d090c27d410ffa,0.9337717502456501,0.9406087020917211,-0.006836951846071027
167,892185a33c5421c0158d,0.40680274151755297,0.5341777212490886,-0.1273749797315356
168,55a2e706bb54709db8b6,0.33494929753129954,0.4954727797541656,-0.16052348222286605
168,7eee4ae8c687b455ac91,0.4662242923906988,0.5186731437632415,-0.05244885137254268
168,913bbd5d92c2b49a60d3,0.141480098814756,0.015530811492709,0.12594928732204702
168,d86eb2f528bd5d1e1041,0.002992685913978,0.48008584414895655,-0.47709315823497855
169,162ac89c65bea8583bee,0.28448986264192566,0.7509140703393571,-0.4664242076974314
169,36ee79beacd0a0deb8e1,0.15667854405397702,0.451526448133486,-0.294847904079509
169,73e5c343d96bee765c15,0.967604330791018,0.6119700819430636,0.35563424884795447
169,799a3aa98706ca6d2ab5,0.5054742369955366,0.5837879305754976,-0.07831369357996099
170,19c6df790b588ee98c98,0.36420663975700934,0.589760107826597,-0.2255534680695877
170,dd8c2a70f39c113a770e,0.7776574906396881,0.5198815346808745,0.25777595595881364
170,e49a389ac66e9a48b210,0.33679361836722754,0.861256506026394,-0.5244628876591665
170,e838d5601d123860a946,0.9588474775121267,0.5467486078493905,0.41209886966273623
171,2878916d99c80c5591d4,8.525703866863198e-07,0.47694279932265404,-0.47694194675226737
171,3ccc1e94d4d4ca07ca83,0.008372833100620501,0.36408839470820603,-0.35571556160758555
171,3e4eadc274b317b2d924,0.00026397065652100003,0.8227641817564375,-0.8225002110999166
171,4220d0d61c1fb82e1d07,0.08217203669127501,0.49537036167749554,-0.41319832498622056
171,f82a4bad69816fe8250d,0.233157916582986,0.5030254616974276,-0.26986754511444155
172,3ce85c032cd19a46072f,0.25735763266959494,0.04431093721492901,0.21304669545466592
172,57fbbce598211680aef9,0.22927721990650224,0.002393638432351,0.22688358147415125
172,f24960e0461bfb870cb5,0.624662200649838,0.096865049972925,0.527797150676913
173,0891a9b1e1639ec447d7,0.45442928991040776,0.9438833040718486,-0.48945401416144085
173,7499085ebaf8d0c201d4,0.13737056558754007,0.054672354459096004,0.08269821112844407
173,99f9d71e4414156a02bf,0.48417135894072755,0.665908211820422,-0.1817368528796945
173,a76e2dc960c62328574d,0.3954629736164994,0.4895997820752361,-0.09413680845873668
173,ef90c203a86a23eae5ba,0.8074696144373485,0.072672732402738,0.7347968820346106
175,303d3a85aa18614fd231,0.45961846587792216,0.288089332972887,0.17152913290503513
175,b2d0965b47866be6f2d3,0.03562213206545951,0.451423690162126,-0.4158015580966665
177,338e52347e0a293b7b34,0.33615722989682656,0.025601998463902504,0.3105552314329241
177,7ff9d43690f0b870e71d,0.5183877063143435,0.6623192501591966,-0.14393154384485307
177,83b38d3fcc7bd2a7023c,0.132652428737973,0.4312528212522365,-0.2986003925142635
177,8ce9407b2a5b3cdc5ee0,0.4549420963195693,0.394684576235853,0.060257520083716265
177,d143bf580710c6158b6d,0.05390726133395601,0.6038028102304116,-0.5498955488964556
178,a707885d4adbf3a802e2,4.213914267414549e-06,0.06974635580051351,-0.0697421418862461
178,c9b725f2bf08dad1eac7,2.574908348940523e-06,0.272617489304778,-0.2726149143964291
178,d8bc687c001c8261ba6e,0.023398500905807,0.7614688925368651,-0.7380703916310581
179,4d4c2204b38b5b23dfcb,0.00024671436215500004,0.017373462708834,-0.017126748346679002
179,4fd5ae68897dde614428,0.051011225760238005,0.23298663931323754,-0.18197541355299954
179,80ddb1e633b1a5aacf71,0.32664578227018,0.5004641985679605,-0.17381841629778055
179,9dcf68711424348c3b86,0.013106257680765001,0.5645549703194745,-0.5514487126387095
179,fcedaf4096de8122d7e1,0.005097713928857,0.42927700805293195,-0.42417929412407496
180,66434c127123be611beb,0.3136024918318405,0.3436512497713645,-0.030048757939523996
180,841bf6276e2d862663d8,0.8876984567897868,0.48659711582850407,0.4011013409612827
181,0196ad962d37bdb1ba32,0.009460669693273001,0.0964795837329075,-0.0870189140396345
181,77c6bd6f06eaa4e2c448,0.4628987879303175,0.417075029628375,0.04582375830194252
182,15af650d4555f4cf29e8,0.4532231821553325,0.606300580688459,-0.15307739853312652
182,1bfc7c1c9d66fe5d6028,0.289426444442259,0.126753261468613,0.16267318297364602
182,79fc667b91e549d6709a,0.7352071343110893,0.9940238821363365,-0.2588167478252472
182,fdd741505088df4e6d6f,0.11962055800597701,0.050283394166082004,0.06933716383989501
183,17178af0898a020a8756,0.0033705883640400003,0.22499357407979553,-0.22162298571575553
183,29ef4119aef82047917f,0.097082444463694,0.012832051535045,0.084250392928649
183,6524535f6cea76f45114,0.596377484789536,0.171550628056918,0.424826856732618
183,8fdb7a145dcfbfa290bd,0.8116382059500771,0.10956540645566,0.702072799494417
183,f4a4170e1c71ce0abdd4,0.5051102652550346,0.5013609197967915,0.003749345458243014
184,02e1b0555b5a5926ef36,0.960135077372346,0.091359225173443,0.8687758521989031
184,2f1d5fa1896e63c81d84,0.11882638997943801,0.7348838239972735,-0.6160574340178355
184,31649f55675d4af96ccf,2.8332976502093364e-05,0.5181972570851395,-0.5181689241086375
184,3d3dac9320846e3b5e8e,0.07733471929936901,0.18196825434439853,-0.10463353504502952
184,d7bce2c4512bf434871f,0.02439990959405,0.6074333710468356,-0.5830334614527856
185,217b8e4a4ed8924dbd4a,0.32275808410478135,0.10985348363639602,0.21290460046838533
185,4f59aaca2e7cb233c51f,0.29769778827221277,0.4985959775761195,-0.20089818930390674
185,60e49ee317d4db81136b,0.6160119116337144,0.005481182444101,0.6105307291896134
185,8b02be65ed9d5ea9fcd9,0.15619663229778702,0.011397729327901,0.144798902969886
185,8edd9eefc68c620ff63f,0.6004976576217567,0.0736650883210075,0.5268325693007492
186,12e5512cbafde0634d03,0.8059593086713865,0.47608208469164254,0.329877223979744
186,73d3c1632b5e59eb43db,0.6804988301851851,0.7967514039711241,-0.116252573785939
186,867a3d5175a784e7cd16,0.11575742353036651,0.514723642146375,-0.3989662186160085
186,a4796bb48eaff5e80591,0.471118052748599,0.2618784039279805,0.20923964882061852
187,48b0d016e5832fb20652,0.010117398526996502,0.2316124302668615,-0.221495031739865
187,68a0461fe6410bdf4db4,0.275474119250743,0.34477846750442703,-0.06930434825368403
188,19ecf505e33449489783,0.5397394349476933,0.8175425955367895,-0.27780316058909627
188,addbcacfb5f0d231c1fb,0.42939871529737017,0.31611968729349954,0.11327902800387063
188,c045ec9e83c371996a78,0.6659979047032535,0.46704613847070453,0.19895176623254895
189,066254ca076df19c97f8,0.39590248674669576,0.001070320120949,0.39483216662574677
190,0d6ae322744268ef3c86,0.052520870911231005,0.645935324461263,-0.593414453550032
190,74ca9814ee6dbe0ad4c1,0.7881325738432439,0.6476336499254216,0.14049892391782226
191,2fd28ff7218d8f2fa0c7,0.4538891916722805,0.3170937225523665,0.13679546911991397
191,325a56e5a335ef4cf838,0.17677267412065914,0.5159523755565896,-0.33917970143593046
191,52e613c2a1ba498dd64b,0.05861685127834214,0.9316688844686356,-0.8730520331902935
192,3dd22be6d2cd5c83f05f,0.363681749671777,7.316627149561304e-05,0.3636085834002814
192,b33730f3d1ca76a14c9f,0.15892871731956534,0.5091638758021095,-0.35023515848254416
192,d617c14f7524b7704284,0.152472418208177,0.140020763628138,0.012451654580038996
193,85a6cd8ae8694febdb34,0.00016327059166600002,0.0143585985030645,-0.0141953279113985
194,07e3bd8306a9a16efd5d,0.044574628126441,0.47202623045364456,-0.4274516023272036
194,14cbe411a9d924ee9fc7,0.2622107901090282,0.496111676358426,-0.2339008862493978
195,45a02cd9071a51019e0a,0.202036685363837,0.015710675090164,0.18632601027367302
195,551b17299a29b60d12ef,0.5370943856517011,0.28111601593091406,0.255978369720787
195,8a69090c8c9c016185a7,0.571235231338267,0.491357588398443,0.07987764293982402
195,9eae17adf657e3f23b8b,0.5751373424768563,0.531861644693419,0.04327569778343732
195,ea0a2efb6640fafb7ba7,0.31886535268105703,0.2570202480513325,0.061845104629724534
196,367a97d14b6e51e9f322,0.495893865106736,0.3784359293813445,0.11745793572539148
196,4c69dbba9c5e68d62ead,0.47866732477007856,0.9473962739507036,-0.468728949180625
196,4e8c9fc98090ad401ce9,0.558705811766623,0.1152321916931165,0.44347362007350655
196,bc2f6d565000e78df51e,0.22302891378924053,0.311278936431694,-0.08825002264245349
196,fb0e951946bf73de4a92,0.0032402338442550005,0.43082555501366954,-0.42758532116941456
197,a3ab86c24e55cc109cd4,0.6508179909651408,0.0008851640934527555,0.6499328268716881
197,ace0a76603e96973e32e,0.1937106923009425,0.8892331338110641,-0.6955224415101215
198,484995225680ce2b4db5,0.3634937855697557,0.669145840907158,-0.3056520553374023
198,694dbb25358d0593a1e1,0.43435815263973004,0.11221509270972302,0.322143059930007
199,645d5b2d66da3beb204b,0.572795521779823,0.21929091239077303,0.35350460938904993
200,093008d05e9ecc91c624,0.013161723079162002,0.41570786213930405,-0.402546139060142
200,0e2341cb6cd581352982,0.024535383496876003,0.4950168963170726,-0.47048151282019657
200,5d74558ccf0a36cce134,0.3447379944632977,0.0133976762863735,0.3313403181769242
200,6372ae58354087dc4f82,0.5994859095867531,0.577523814984213,0.02196209460254006
200,9947f080bff837ef974d,0.0009998215153045002,0.43601158292237,-0.43501176140706554
201,2522cc849bc457f606b5,0.028284464855953,0.6389300367200605,-0.6106455718641075
201,2cebc8439129df567e92,6.02136030710351e-05,0.015466661321224973,-0.015406447718153938
201,4218c002d5ce12c55588,6.542490800857381e-06,0.298725514829473,-0.2987189723386722
201,534943a70fa9845b5eb3,0.128748139000385,0.4845473192929205,-0.3557991802925355
201,fda44d18dc3301215900,0.681707132877724,0.5420043318516266,0.13970280102609745
202,656d7d66d5817542959f,0.954237243961299,0.3892489075611895,0.5649883364001096
202,76f5bf09d63bb9ffeed7,0.5988576284092471,0.5858156267401595,0.013042001669087533
202,a17caba8e32fa61cb6b1,0.15933361227657403,0.9574652536869146,-0.7981316414103405
202,b99e95a55203eb5af15d,0.9315063224244875,0.5665919377107056,0.3649143847137819
203,3c9f58be3b1ea543b532,0.07723549799581751,0.500700097924798,-0.42346459992898045
203,4832b62e20d615039632,0.36644804363935657,0.7102476688593555,-0.34379962521999896
203,636d7d1748c49db65441,0.43624215341981154,0.4166295166271585,0.019612636792653015
203,7649c0732e46001b8587,0.4332056710641379,0.37069690685437,0.06250876420976786
203,c78d36aed2335653f262,0.5472095971644757,0.9028225712482876,-0.3556129740838119
204,1205842786fc74a9d3b4,0.9696547117413351,0.2588398175622215,0.7108148941791136
204,59b8185c058ee20a8b52,0.394776455087372,0.9389070012122326,-0.5441305461248606
204,94f8d36071ea561c88cf,0.652785415299705,0.9770918205362731,-0.32430640523656806
204,957c5228e0b802ac8046,0.001650567289901,0.9479218322340536,-0.9462712649441526
205,3af22af35ac92aad5d78,0.284674818534985,0.7813535638640505,-0.49667874532906553
205,a5d274a9a09237db7165,0.24859283423713802,0.49154329115517303,-0.24295045691803502
205,b2c6f4eb36200089bcb7,0.8021404147871181,0.07238875824166051,0.7297516565454576
205,e45ada9dfd4e82b44fc2,0.49698260455206605,0.589741823539951,-0.09275921898788492
205,e74674b935b380b13482,0.22161176034476301,0.468036265058157,-0.24642450471339397
207,5a193c9fdafccc9d5569,0.5701502091113222,0.7104689633823991,-0.14031875427107687
207,bef5d8a9cf87040f2b94,0.046338719709369,0.043925841594972,0.002412878114396999
207,cbd0eaec9cdd947a2aa3,0.285383385244024,0.46307310609622404,-0.17768972085220003
207,cea2884d998aa90f5efc,0.008346069651236502,0.370538478513326,-0.3621924088620895
207,d07423ae81e3b487c598,0.7989612000831201,0.3962327930520906,0.4027284070310295
208,21b0b4585c9debabf9fd,0.01944910545656,0.3501149979224325,-0.3306658924658725
208,3b31bd65df62f9767c50,0.2167688708172625,0.47938201009435855,-0.26261313927709606
208,83efe922e487d8ee57ca,0.09849077588661852,0.4494813955745935,-0.35099061968797496
208,b0fb58836c06982483d6,0.5024161657196138,0.42697411458596957,0.07544205113364422
210,064eef912e5b5ffcd937,0.49139533746808,0.8925896409128846,-0.4011943034448046
210,34888f794ff5af08d008,0.41800700579060507,0.4615549579288215,-0.04354795213821644
210,36f65fc43d40bbbbbaf0,0.49855822880986,0.321911440780745,0.176646788029115
210,9b8999ce5102e1ec87d8,0.48537654799107005,0.4739320205968465,0.011444527394223525
210,c36320b040a6f67c1f30,0.243859588815763,0.5382900075218926,-0.2944304187061296
211,12fbaf5ffd5bd72f5533,0.42535781851796217,0.197846137952695,0.22751168056526716
211,45cc2ac1c1d2d51bb34d,0.37436862687064654,0.0734274761588535,0.30094115071179306
211,8c30736486dcb21a8279,0.0030307323181565002,0.40986085622323903,-0.40683012390508255
211,b0fe49214fb10a02a071,0.07986248860945701,0.318023925729579,-0.238161437120122
211,f66afe8fe1156e072ad2,0.048049174596413335,8.122282439612437e-06,0.04804105231397372
212,331e9424138c46d49bfb,0.001123611420438,0.48734105592789,-0.486217444507452
212,7fbc830dfc2373f72d24,0.00942070543558,0.6727822327447881,-0.663361527309208
212,aa2e5c7b305ffb9df609,0.0006878889103170001,0.7589641864097301,-0.758276297499413
212,acb352e6972db0ad3af7,0.05283933916611001,0.48868093410195207,-0.43584159493584207
212,d40afa9964fb013ca02b,2.227383242351865e-05,0.6158563080869786,-0.6158340342545551
213,06eb3d2ba1203cf9dcf3,0.474801762751251,0.18620023654044102,0.28860152621081003
213,287598787dc780e85642,0.43825301835938,0.5078565885257865,-0.0696035701664065
213,d2e9c96588f51b1ba40d,0.36955367938722433,0.6734094768032935,-0.3038557974160692
213,d3d17365b5b40954f4da,0.7437350699338945,0.5228917600160266,0.22084330991786794
213,db887402122908358dce,0.014069812671795502,0.431601661712245,-0.4175318490404495
214,0cb4221a4b2bd529b5e6,2.6049360269998896e-06,0.49452527019842707,-0.4945226652624001
214,0e12b053a9103d445c48,0.0005913972395,0.4819659897924815,-0.4813745925529815
214,5388686d0f49e812976d,0.241415692715671,0.4616463568735468,-0.22023066415787582
214,65d93776738a07bbf78c,0.09105231402283501,0.3664839406406325,-0.2754316266177975
214,83d525d5c87093180d96,0.98447969774424,0.0001626054584527727,0.9843170922857872
215,ac5950a14e608d05db2b,0.010832444932581658,0.304363216135131,-0.29353077120254933
216,4b6780a8b47f27031727,0.5368526470045526,0.5025809151082316,0.034271731896321045
216,6fc68e3ccbfeda017ad0,0.628464659338503,0.722151617069253,-0.09368695773074998
216,8037e4cb58f97dbbdb16,0.9442491019438111,0.38852325462684606,0.5557258473169651
216,e14da8636aa361ab727a,0.8413259641012191,0.019175285605563003,0.822150678495656
216,f798aaf9b07e81dd1b56,0.996491979887356,0.0059345725526025,0.9905574073347535
217,0af8fcf1556b041c210c,0.8483040306346991,0.8394969547011736,0.008807075933525477
217,0d3a145eda5b83bbbd63,0.988932958654214,0.334848977580377,0.654083981073837
217,0ed7b6a6e5c24a82a416,0.9476637860505611,0.40903972337575156,0.5386240626748096
217,6ff5cd36ec41773716fd,0.0016642221436910002,0.6004120323331895,-0.5987478101894985
217,a813f4d2abc63a93c108,0.952800744553133,0.022562675503553502,0.9302380690495795
218,40d36612852904daba0d,0.3264284633785613,0.35222407629899355,-0.025795612920432254
219,d48ac32cb4214fe3f980,0.9419758638542964,0.9917709550736171,-0.049795091219320686
219,d6b486b7814696a7c4c0,0.3113549829642538,0.557657299560658,-0.24630231659640422
220,86746a7108cd63a978bf,0.28949137076778503,0.9603420775499445,-0.6708507067821594
220,d5c7c08b04fe9ef90526,0.5279773145964217,0.5209642138196275,0.007013100776794179
221,30801b8928d4c9a375a7,0.12205347534132452,0.9743211765365816,-0.8522677011952571
221,7494c3e85b6a037b842d,0.4922014213154853,0.3111648148123495,0.1810366065031358
221,d3d5bdd7216e259079a9,0.07041946811739701,0.49394894269211503,-0.423529474574718
222,8e5a0e44323691be95cd,0.6121652623842425,0.3659787142870288,0.24618654809721374
222,9e460a4d01657b49b3d0,0.22223747322412593,0.49408464370619354,-0.27184717048206763
222,c581e9ff28c38606bc92,0.417288047606762,0.26760344194142555,0.14968460566533648
222,cd29c47f3f9814d92459,0.390375207024587,0.058914596995483,0.331460610029104
222,dd271feac81cceae48aa,0.09695323269495669,0.42234801356518703,-0.3253947808702303
223,7a0a943581743ec4db3b,0.42453983834503006,0.030705583908976004,0.3938342544360541
223,889945da22f4393fa4bb,0.6150161313614984,0.854035787951813,-0.23901965659031466
224,0f45fd4eea2de3259b05,0.5732955353915611,0.44761802523258803,0.12567751015897305
224,46da272f9b9e535e4f0d,0.20994338041563002,0.015599677900446,0.194343702515184
224,8582e47e99fcae7b1ccd,0.42934348720639254,0.9547182344289851,-0.5253747472225925
224,9265b2fd2f420d3a91cc,0.270810294639527,0.670419867967139,-0.39960957332761204
224,f869b7871443b4914b34,0.0018085688859150002,0.9319285333284001,-0.9301199644424851
225,1cce6f0bdb4b0cae2a8b,0.0018385957060890001,0.06667853562630051,-0.0648399399202115
225,a506418422252e1fcfd7,6.657821469810971e-05,0.9941865775374856,-0.9941199993227875
225,d19dc4c35d20abf7aabe,0.024240086644727002,0.0018555132350725001,0.022384573409654503
226,0e0f37c512e11c296f51,0.07256200370459401,0.491596608081458,-0.419034604376864
226,669615dfc33d5dff7bac,0.07861120566332501,0.9958250792740285,-0.9172138736107035
226,74203fbc517a7dbf8c3f,0.27603443482927703,0.8445026971297891,-0.5684682623005121
226,a653d6bced07d4719a4d,0.000166859249416,0.4924682388390206,-0.49230137958960457
227,04af19910f59b78c00e8,0.8367636754161281,0.33694239939582954,0.4998212760202985
227,3916e000d4be25ffe3f7,0.0018965022957763344,0.000206286110546,0.0016902161852303344
227,c175bf69a37c2b31237c,0.277208597125774,0.9836300551633521,-0.706421458037578
228,339ba2a607c395c029c5,0.6360952173252183,0.1727589492973849,0.46333626802783345
228,b76f1ea9f5ea50b1229c,0.34867034092085203,0.507932532713248,-0.15926219179239598
228,cf69a6e5476c9b8097c9,0.9980772818915821,0.5875058905073791,0.41057139138420295
228,cfb155b518f17388c34a,0.526534122288714,0.5905540559158295,-0.06401993362711556
228,e16402c40ea7555b4b3a,0.18718843064409502,0.2573348507378525,-0.07014642009375749
229,1d6dabce8e1128b6adfe,0.059189063083288,0.078153337427213,-0.018964274343925003
229,22a7d7b92920e5cb8209,0.05064254105503901,0.0335337573020515,0.017108783752987508
229,4a749fb2b4252fa00acd,0.01392560681063,0.5875532432227131,-0.573627636412083
229,8b8f7a6955f30bb255d5,0.014437765523973502,0.333893998002848,-0.3194562324788745
229,d1dedf2c54d62bcd9d4d,0.8670865496578861,0.6255992517340585,0.24148729792382762
230,1f42f54630b8234b6a0f,0.7720084064312822,0.135608702177942,0.6363997042533402
230,290cf60d7028d33aba2d,0.459144589098698,0.090317702369319,0.36882688672937897
230,c4af80f97eec1683f09c,0.4106548023541106,0.9217566369441006,-0.51110183458999
230,c63ecd7f2c89b275338a,0.33428107000069046,0.31990843860010254,0.01437263140058792
231,4d9118c4d783345dddc0,0.17569943471174934,0.507526854941297,-0.3318274202295477
231,744289adaf49f15c94f0,0.5230656338443683,1.9223082695471576e-09,0.52306563192206
231,9aa224b9f61e5d2af72b,0.4853632544851924,0.9860286607898601,-0.5006654063046676
232,09b3bd1ee4646f63b3c1,0.9010580423205781,0.472818773302115,0.42823926901846304
232,16ccdf3ee9e3a87b03ba,0.371497894329653,0.857809030049693,-0.48631113572004
232,6063edac4199c4f758b8,0.18284665860461402,0.135109509290262,0.04773714931435202
232,c7f59611a8095aac8765,0.48494171496012706,0.5062829736911385,-0.021341258731011448
232,f3dd370f99b20096820f,0.030207695726201512,0.05226494673844,-0.02205725101223849
233,1189cf5288f563537b87,0.36816730223293204,0.2616202366002275,0.10654706563270455
233,4d61dc3c756b5060135b,0.016874299754341,0.062521341629557,-0.045647041875215996
233,a56fb3865961dcc483b4,0.032695567741837,0.9526102539827961,-0.9199146862409591
233,b9048118256cfa6bc9ac,0.044377279384614006,0.610444074355441,-0.566066794970827
234,1520c2aeabc87e7dc307,0.009171598036149,0.9735879730821351,-0.9644163750459861
234,1a8f57a819c50ddf252b,0.001704407651788,0.39672940351527003,-0.39502499586348205
234,5937cb48894a31278ae3,6.539019980658788e-05,0.0005998954474947179,-0.00053450524768813
234,63539d82b159e94b539c,0.32118153279496453,0.5655019541376685,-0.24432042134270393
234,d4655b88c28affb3dbdb,0.087493556500324,0.37187071265446653,-0.2843771561541425
235,305eeea478e219ba5975,0.7903822204623937,0.3951134077752866,0.3952688126871071
235,ac17ceed387fef254e7c,0.607644038622095,0.4931003488697475,0.11454368975234752
235,b300cf3739e80d75a851,7.991058108494021e-07,0.22011394654163752,-0.22011314743582666
235,b812b3bb5fabd34b81f2,0.463049730395985,0.32205503348586906,0.14099469691011596
235,c5f566410cfcb38f48b4,0.15415265866336,0.031408876053655,0.122743782609705
236,396521920d32e65e0095,0.46880420019461294,0.29692014252202453,0.1718840576725884
236,94f7417e2f4175809831,0.0014216402112756927,0.6583757591903565,-0.6569541189790808
236,a3835eee90728f192449,0.60991176548492,0.5867763865168926,0.02313537896802742
236,aee6da164e170e0decba,0.5021137982741626,0.5633935819655875,-0.06127978369142495
237,4afd7ef6dd0c0cff8839,0.24648030030887802,0.283949919259884,-0.03746961895100598
237,644ebbc602577ecd5078,0.100104072946864,0.5912233266342211,-0.49111925368735704
237,d522ad47bfde5a39029c,0.682675777622872,0.881461195103868,-0.19878541748099599
237,d545198afdd7382d0d7f,0.61023702051673,0.972034289580682,-0.36179726906395204
239,346e306ad55aa2ed2200,0.004554504223946001,0.000632000934193,0.003922503289753
239,45d846d509796530fc71,0.000803184438412,0.144901304709025,-0.14409812027061297
239,9a663170221d60b2faf0,0.082035265259552,0.009719758419258501,0.0723155068402935
239,b45444d9542ae75b020e,0.007030338068422,0.9053827215268355,-0.8983523834584135
240,48661fc838c09175337d,0.021612871933239002,0.573989232153995,-0.552376360220756
240,55aed129fbf7a24bd0bf,0.7227994715364977,0.9659594730142436,-0.24316000147774586
240,8f15e6bd5a343f53aed8,0.040567144939737,0.49232753384665856,-0.45176038890692155
241,2981f4d4efad386f8455,0.000647716648492,0.9208692801189451,-0.9202215634704531
241,7cea346951b3c1468d4e,0.33657651450333803,0.851993894127506,-0.515417379624168
241,fb0115cb3d4226b45439,0.985237772607887,0.8234248359195575,0.16181293668832952
242,16126b25940d12406f6e,0.40349508575304305,0.41262407071484253,-0.00912898496179948
242,375c47e429c6c37e9702,0.0023619290185125,0.5004236303502525,-0.49806170133174
242,876b52c56a1813217a8f,0.6974845714626156,0.48282420365086604,0.21466036781174952
242,e01dea6eee76f2bf1268,0.18371831702898,0.6398005481991795,-0.4560822311701995
243,1da1cf14b2a18a03043c,0.9997209385078131,0.6477884848751945,0.3519324536326186
243,2f80b1b5bdc2ffa02104,0.974059451610185,0.8474444052143166,0.1266150463958684
243,402338a0911ba715d0df,0.9743892663156021,0.5464793368959641,0.427909929419638
243,5878c87b4a5079e7bc69,0.9472742048399345,0.7723378585596936,0.1749363462802409
243,af4fee3ecee0faf7a68c,0.8478517548477287,0.662904978274328,0.18494677657340064
244,1419af37fef86fa136f9,0.1881376004692417,0.320945824898898,-0.1328082244296563
244,1eef1ddd505eaab8277a,0.46780814721510317,0.004246282406576,0.4635618648085272
244,31537bb229c27820178b,0.31690161467968303,0.48801238177806405,-0.17111076709838102
244,cf3332d57a3e343b7bd7,0.20576976208657574,0.001392747021359,0.20437701506521674
244,e5a146c94c49fdf03475,0.5260763453149757,0.23549541055595802,0.2905809347590177
245,64ecf996ca56c6347e31,0.077122016181003,0.4509297795999655,-0.3738077634189625
246,1a6159b611484b4df94b,0.15586426596809103,0.642057433012393,-0.48619316704430204
246,945271760ad071e2ba4f,0.44582565130996255,0.00045757054571700004,0.44536808076424556
246,e02ede4104985dee3293,0.2879684956786713,0.5051886357944916,-0.2172201401158203
247,808cd8cf60e862e658fe,0.6418635637679403,0.8883834421592041,-0.24651987839126377
247,b018b594c6343bc58e30,0.6181212450493774,0.5003298199002415,0.11779142514913588
247,bcf0bd8bb130ed758ac9,0.8010149949347047,0.6207107622004816,0.18030423273422314
247,e4755238341ea478f866,0.32549894879147073,0.511203112487963,-0.18570416369649229
247,f377708b52c9d0e8931a,0.09293462507108534,0.2960150827094315,-0.20308045763834615
248,bfbf67675cf55b521d6d,0.620025833551867,0.4264583518679995,0.1935674816838675
249,18783c6d5757a85dd905,0.7404307816916034,0.8222433653695271,-0.08181258367792377
249,34d0f3d0f05a12e8b5a4,0.31093629111519305,0.5202186170776976,-0.2092823259625045
249,40f26c6aa5d5d19e606c,0.859600462248699,0.5580962876963416,0.30150417455235745
249,76217a9bd44f29bae30e,0.10187807858979368,0.8451415235613166,-0.7432634449715229
250,0b40819e0918c490d5b6,0.005206085560621,0.551226972828167,-0.546020887267546
250,2a4901036f45ef3367e3,0.008447624585268,0.064596558024041,-0.056148933438773
250,bd0de33b8367c099ab23,0.017977999320272,0.6596481455535905,-0.6416701462333185
251,a68e2c66b88ad4f1f5db,0.5043742751522996,0.318775448027843,0.18559882712445658
251,d46fe58882ef9b3fd7a4,0.363191146025372,0.4317183264892465,-0.06852718046387452
251,e97b0f923d955fff602c,0.000381697543352,0.020949371208188503,-0.020567673664836503
252,042f7fa98bdfcd0aaf93,0.09876179063944361,0.29680556594108753,-0.1980437753016439
252,9dc2a30b8ccf14db5b15,0.34432336687391113,0.8887199681982465,-0.5443966013243353
252,e0ffb7eaca0802f6ff55,0.3641824643404802,0.7072278468534605,-0.34304538251298033
252,f120251a83b3632cd9e4,0.17989526165843503,0.3780841188445705,-0.19818885718613546
253,1a9ca2a9944c392796d4,0.35055106646834905,0.49727458644355554,-0.1467235199752065
253,6caeb9e5b5ffa382cfc5,0.07262489637276301,0.028547902903591504,0.0440769934691715
253,b0fa28b0a6b58fafbf97,0.036319825109513,1.610393219367247e-06,0.03631821471629364
253,c1697564a6b1b3eb7503,0.006497778451877,0.46807180280432853,-0.46157402435245154
253,c534a5a718d49321efc9,0.312368904303219,0.5367836331508625,-0.22441472884764352
254,2480ec7c11c06c20b03c,0.9776098355489831,0.9962534943735051,-0.018643658824522014
254,317bbdeb4297c7e9f4e9,0.004850314028167897,0.452234121600929,-0.44738380757276114
254,35de88354fa1f2a69c06,0.24969905766034303,0.1843350905472055,0.06536396711313752
254,828de39cded74e19367f,0.020542225283721002,0.07332744594291,-0.052785220659189
254,d7b04bc5b9c1c6461b29,0.000292522129747,0.48515052796589103,-0.484858005836144
255,7061b21fda8b8a1d1046,0.907679225769707,0.45739736253206015,0.4502818632376469
255,77af1241a0e078cb0ffd,4.9709191873874144e-05,0.20188461285733403,-0.20183490366546014
255,a4c06d8c837739ff5a8b,0.9474976600962671,0.46918416365354954,0.4783134964427176
255,aba38617694cdfc5f3ab,0.7307604372662071,0.9412459421125097,-0.21048550484630257
256,0ca1b9d22d270d1f8d6f,0.6259612825677761,0.49119885790318907,0.134762424664587
256,1e6d343e830e72e22701,0.040755953539817,0.10603917248031201,-0.06528321894049502
256,45c364670b39115689ab,0.05035247949937,0.633836643185089,-0.583484163685719
256,a682cdf48bc64ff45e18,0.734660575298785,0.4942576153405722,0.24040295995821281
256,b3cc920e8db3705ade65,0.053872015582413,0.6683916780664181,-0.614519662484005
257,12879410cecf34074c8b,0.29226306255064805,0.9273894277536825,-0.6351263652030344
257,345d751cb26f494ecfde,0.7274859135174385,0.9890217118665106,-0.26153579834907204
257,802350e54a856caebe57,0.5938437297256396,0.5731548212140145,0.02068890851162508
258,99a7a8e7e39cd742c56b,0.4352516326030743,0.7011654755493095,-0.2659138429462352
258,c33c868f3844734088a3,0.2875483624152167,0.023639315554421003,0.2639090468607957
259,62b30e785421b91eb374,0.08351794317794901,0.9893084934781816,-0.9057905503002326
259,c80a17fa206c880b512b,0.380987389608964,0.0004357368868022122,0.3805516527221618
260,2c818aec469ec6f9f7ef,5.970308781286843e-07,0.030129373541783005,-0.030128776510904877
260,e0ad93f363a8f59e9392,1.1415387469367511e-08,0.5230627439058515,-0.523062732490464
261,2ac4d6caf2381b1e2e6c,0.47399672642759305,0.36791231635096006,0.106084410076633
261,83c1ea7912f94598dac0,0.04437025403937168,0.4808978784458855,-0.4365276244065138
261,9c2d37c56192d0d7d294,0.23617333966842136,0.985019968149565,-0.7488466284811437
261,c980c899ba5e32c188dc,0.02032678567793061,0.1751782250060745,-0.15485143932814388
261,cc8925b8618eee55a97f,0.004478995342946,0.8990057549137386,-0.8945267595707925
262,276acff05f5e6dc3e13a,0.46391088400973907,0.4850333515703861,-0.021122467560647007
262,6acaf0b274f38224087a,0.1302335820940915,0.322264045804311,-0.1920304637102195
262,ea3f501a9df3915c7d5b,0.159466552846024,0.5139501637109425,-0.3544836108649185
262,f7f6d59d3bae8660f507,0.0046203881303305,0.07223159591561701,-0.06761120778528651
264,3b7e3a31c2188349ae86,0.7565480146531396,0.12876284634499302,0.6277851683081466
266,10465680a5a56a127f85,0.06500308971529034,0.9727999201732366,-0.9077968304579462
266,973fe4f085c07a2caa1e,0.23180197915157466,0.216126175567616,0.015675803583958647
266,aeabc96b07550c406891,0.5367441825353526,0.651492170672721,-0.11474798813736842
266,eee8e1a11b62115110dd,0.4461843130066803,0.5184829068669685,-0.0722985938602882
267,27d08dbb7c4c0368f6f4,0.003147941430026271,0.49918901700681906,-0.4960410755767928
267,939b6e89fe42b6526ea3,0.28771635509161403,0.08077080155056701,0.20694555354104702
267,c69c6a4d382a5eabf8ab,0.2837804904029508,0.137490277540743,0.14629021286220778
268,19c1d33a00a523d46813,0.277791228547888,0.174490583056351,0.103300645491537
268,3beb5ecebe3ab787b7b0,0.22701225842747186,1.3588502419488618e-06,0.22701089957722992
268,4207299894c0a565060f,0.6799848625069685,0.5284362179409815,0.15154864456598705
268,7405a703f0daf1ae4306,0.32564557953479056,0.2988638989919925,0.02678168054279806
268,90f9de3748d9dbb5b5e0,0.12868273140810524,0.31345298232738955,-0.1847702509192843
269,343508db791be35557fb,0.00033635079307250005,0.5714929881205755,-0.571156637327503
269,3c389ed7e11ad134cc79,1.1201738180110811e-05,0.5003628832388001,-0.5003516815006199
269,696f55b2553e9be6ca4e,5.800407015461899e-06,0.8189785149569526,-0.8189727145499371
269,b8a03564c253271d318a,8.987328221043908e-06,0.30640737652988403,-0.306398389201663
269,d5b80ab1bfaf89a525ef,1.390619451482121e-09,0.41861912203127555,-0.4186191206406561
271,285ca7e595c17bc9c680,0.3156900079890385,0.08705928917019805,0.22863071881884045
271,604e27becf8b46f5f0d9,0.003491029958935088,0.2757848689434875,-0.27229383898455245
271,9b2154818d0a2a3b90de,0.24932599176311282,0.0085231374493825,0.24080285431373033
271,c71a7f446cee2ac6c135,0.6977834509723382,0.7012468692243136,-0.003463418251975381
272,27662e3dad17de11d3f8,0.0098648109437515,0.5044559421037695,-0.494591131160018
272,643a43b35037934e040f,0.5854505239941687,0.6099659426405085,-0.02451541864633977
272,798fb5e057017f0c900b,0.022451897245522667,0.7321669428227755,-0.7097150455772528
272,cfe938b5f1a9b7be07a1,0.4865316478329841,0.3789774094496885,0.10755423838329559
272,f01c851b3c29fbf08374,0.8819585287006003,0.48062246936828207,0.40133605933231825
273,4ad73bc9700b2a093eb8,0.00017790589513700002,0.12178106103418002,-0.12160315513904302
273,5c01fda8de78179f0f00,0.9333938024302081,0.6145836075911005,0.31881019483910755
273,8c05650ec8472d79f160,0.5315430352651043,0.40312179580599355,0.12842123945911071
274,5951dc78be3e87f1ae5a,0.018543930795414002,0.7682799785281506,-0.7497360477327365
274,8681995207684e9eb6c9,0.355618701751991,0.9538865196597641,-0.5982678179077732
274,dc19ed55e01e9a0730bb,0.12519638380992035,0.9768728867348081,-0.8516765029248877
274,f68ff0caf93b53eb5b96,0.881628599631976,0.538409235832714,0.343219363799262
274,fe08e7071147e0bf7440,0.000675021780915,0.255688799916837,-0.255013778135922
275,397f38578885bc349e54,0.4120883306512037,0.62586264441383,-0.2137743137626263
275,bf5376904bbb4b178e65,0.6416154030359851,0.49774587419245553,0.14386952884352955
276,4b7f4749493e08561c7f,0.7010036704598807,0.685067984151502,0.015935686308378605
276,86ecc838dd6b52bbd6e2,0.482215671212543,0.536311685155569,-0.054096013943026044
276,ab65a8a1a53b708e010e,0.40204083873074686,0.4387732570135675,-0.036732418282820645
277,b29a48d034dbbfe79c1b,0.0008801970062660001,0.3434483212364825,-0.3425681242302165
277,ca4ca0a79de1d97480ed,0.6447564591201443,0.6220157260797176,0.022740733040426786
277,f7fb1ade56f2c5fffa92,0.47010641555311905,0.8976958049367221,-0.427589389383603
279,0c49f1c178122a2b80a1,0.39403580695529367,0.21301180867772201,0.18102399827757165
280,10d8eaed535fb8af54d0,0.5952771431070248,0.0006929942821395205,0.5945841488248853
280,1a3e6eff0988e55d3741,0.07080633689074763,0.6202432615243356,-0.549436924633588
280,4ebcea4d59881a9c8939,0.42530549771808523,0.9700368524252825,-0.5447313547071972
280,755a4e01f8780cbe3df7,0.310715311673537,0.015792088982935,0.294923222690602
280,fd041c0c9f4b873e87b6,0.35112685505158503,0.667029127729858,-0.315902272678273
281,6c3f62e53d8e6da2b1fb,0.352341544187877,0.513600221296891,-0.16125867710901398
281,b59be4c2d349abcfbe8c,0.4015468946897205,0.5013907770158176,-0.09984388232609709
281,bc12c83c59bc13a20d5f,0.39026242020941654,0.752154787496571,-0.3618923672871545
281,c1cd882fc34262301c4a,0.7989889964418595,0.982446652428363,-0.18345765598650354
282,1d63cb76fc590480a628,0.668775749780108,0.9380419355454636,-0.26926618576535555
282,9757239f7079395706ee,0.7386468175702741,0.646925459933305,0.09172135763696909
282,9826066ebeef598dd13c,0.8102684231366415,0.3377256155891425,0.472542807547499
282,c0306b3cad7986756015,0.33706995836637416,0.9869184629362936,-0.6498485045699194
282,f8b4b23d2b72fbc13f7a,0.0007812776517020001,0.538828857678281,-0.538047580026579
283,0a216efe52205b1d9d0c,0.5029406940704033,0.084913072818597,0.4180276212518063
283,501e5b198f3a5144fbcb,0.6255766730581622,0.9960548650515031,-0.37047819199334087
283,7383eba044587720a59a,0.29860479263002376,0.807871576097492,-0.5092667834674682
284,657c752f842879a11c4a,0.00034579460478900004,0.335328062140007,-0.334982267535218
284,8b2974f86ef12a459ced,0.873964365141013,0.19197291147234252,0.6819914536686705
284,eafdbacb485121f6eb61,0.026165796394477,0.5337758821543446,-0.5076100857598675
284,eeb9aaef256dd540084c,0.009960744094029,0.302662737826728,-0.292701993732699
285,137e8e459c3630dcd690,0.007454320036072001,0.4798903280757334,-0.4724360080396614
285,237c1c6d192f902950e1,0.8967742569927215,0.5004791190221186,0.3962951379706029
285,3de76e07f3b2e16813ba,0.040937447205486005,0.7384747977513195,-0.6975373505458335
285,f8cfeb3d472b9b4ce29f,0.45435116668977205,0.3769162465669196,0.07743492012285247
287,5bd563865dd91f91391b,0.0055821519463740005,0.964104059623443,-0.958521907677069
287,7277b43dec448f99817f,0.005029056398213,0.9631413704157401,-0.9581123140175271
287,a356736179a682458d5a,0.19957108654223302,0.007994297362049001,0.191576789180184
287,c1a74602d39cbe92e568,0.068021493856333,0.19513240892173014,-0.12711091506539712
287,cd411043f9d781725f96,0.000580563494945,0.08799212684614251,-0.08741156335119751
288,5c3496d977a61b062c29,0.42635092258649404,0.9730141938244741,-0.54666327123798
288,ca4caf7cef4047f78e51,0.4325442567010428,0.028702165537535504,0.4038420911635073
288,e20538d1a83558e0bc1b,0.010498474751383501,0.7835112835505246,-0.773012808799141
288,f943b93667c870fd0a16,0.11385344686583333,0.4085596782247745,-0.2947062313589412
288,f9ade428a48f39421c9e,0.7048063830836041,0.2871177881209465,0.4176885949626576
289,cdd22f0ace3934b804b6,0.2863493928034955,0.302239913368957,-0.01589052056546153
292,9b4c2391a9e821fa9185,0.812548925333605,0.50905691900169,0.303492006331915
292,a3c669e47f369a8f435d,0.1909864347528117,0.5361097272687945,-0.3451232925159827
293,84a82e66fa99629d6207,0.7499560050697424,0.837153380747262,-0.08719737567751962
293,9a7e4bec06d00b4976b8,0.9686672926268928,0.5150390176109261,0.4536282750159667
293,c2de2d9e40e5c22e4543,0.4090304943932518,0.9661793859794956,-0.5571488915862438
293,d22758cf64a105b1545c,0.9878375637903276,0.9441325383253791,0.04370502546494848
294,2b5ca1e5e9afb6e5f1ea,0.7334906186236841,0.5574990177225025,0.1759916009011816
294,5cbadc306b387f701808,0.8441822693070511,0.4970977949097085,0.3470844743973426
294,79f0c06be50c7167d0c7,0.4290621410345945,0.8412246509298436,-0.41216250989524905
294,a440e2da36ea5d1f8931,0.9820645726725201,0.5031425944017036,0.4789219782708165
294,b3aa6bdae5f37eb5f015,0.657119342805884,0.48351631570801956,0.17360302709786446
296,63bb1f0000686f0dc17f,0.39070288058914465,0.5959513682646626,-0.2052484876755179
296,67bfa7bb5c9ea79d4f7b,0.29445103312601234,0.2867975943874955,0.007653438738516816
296,b9d0be3bac1a3766ff58,0.0237610395591705,0.35188834843398803,-0.32812730887481756
296,f44d879ff00a32602446,0.564442557285146,0.7810017785605026,-0.21655922127535654
297,4fd045d6908b6c9c5b03,0.044740240314794504,0.996362063320916,-0.9516218230061215
297,7b4c50f7a7ad9db51236,0.5943660590259711,0.0788441391332015,0.5155219198927695
297,ad70c9479ab0c6b9b03f,0.488390258352574,0.006719446979671557,0.4816708113729024
298,76d66a4544b994ae7881,0.39948301665881397,0.042549477474725504,0.3569335391840885
298,b9c516baf7808bee12db,0.5130196232227018,0.6044390713589476,-0.0914194481362458
298,c93c90b930944d7f918a,0.47671250561578704,0.507252587874855,-0.030540082259068013
299,7728e40bec710592f7a7,0.14279212354883566,0.757741949771116,-0.6149498262222803
299,8708e10b4b7f0ffed911,0.329143125425989,0.998406145054273,-0.669263019628284
299,8846527dd53a68c41079,0.172871644878926,0.4843559695383005,-0.3114843246593745
300,532502849ee1da732748,0.7717317277694047,0.9984506889634166,-0.22671896119401191
300,b7205d134cc2a55047b5,0.04227590371754367,0.0744009740130915,-0.03212507029554783
300,c4c90eed567e79441aea,0.20774246388606973,0.002346285439436,0.20539617844663374
301,175f82fd16be77059a4c,0.020260078080312,0.6930688666282585,-0.6728087885479465
301,34ff3a06fb98c14388b5,0.760556220685619,0.41488128676667707,0.34567493391894194
301,bba51fc7cd22d44f8bb1,0.052127210559488504,0.514526368177577,-0.46239915761808853
301,bc49a406e425c7edfaf0,0.903421273978888,0.33518566298984503,0.568235610989043
301,dfbe71c94f5222412cbb,0.7213282796406876,0.07111895643414,0.6502093232065476
302,3d8eb8629c81f9615b0b,0.7290886716410085,0.040311495840364,0.6887771758006446
302,b5b9c1eaf99796e526e0,0.33093416171064066,0.5115098707057735,-0.1805757089951328
302,cb3559b3131fdbfffccf,0.5463433366788799,0.0032287119541960004,0.5431146247246839
302,f5e96baaf23c8c708109,0.5865987409232354,0.504597283892249,0.08200145703098638
303,06ad8dbafc13ae140f01,0.016215927537003003,0.261578800602985,-0.24536287306598198
303,1ee952faba5820ee913c,0.04918822475030676,0.27329117982552203,-0.22410295507521527
303,41bf8ff08ceb88f317cf,0.7191255093097014,0.5088969930684175,0.2102285162412839
303,503bfcf07ee38d4b701f,0.7683831967417216,0.31413267549829604,0.4542505212434256
304,33c7dd5efeac1ea48fb3,0.6149273449605414,0.024131426035991003,0.5907959189245503
304,373606db7a1bae1ad0b2,0.48375070415142934,0.24804119237546052,0.23570951177596883
304,4ecb9eb650a935042a33,0.2807443198338222,0.723165723932858,-0.44242140409903585
304,6df21205638a9463ca9d,0.579437304405896,0.9983591947774381,-0.41892189037154204
304,9bf554114bc65a2e4adf,0.21089181209645577,0.9965341265231715,-0.7856423144267157
307,eeb6359fe151a9eef1b2,0.047288173974985,0.43096545688108956,-0.3836772829061046
308,03b211c7211fe61cd665,0.04711218710819467,0.738219131456885,-0.6911069443486904
308,609b9a8d8a7b3cdbb67d,0.31932951448376273,0.5150395654445911,-0.19571005096082833
308,84b70b6f9cd908a56084,0.054418147790639006,0.062506341153967,-0.008088193363327993
309,1ca57e91820565598f0e,0.23580753377537542,0.9555754721816005,-0.7197679384062251
309,389fd439417bd5d82a2e,0.08837505797156801,0.1339581328014597,-0.0455830748298917
309,6fd6de55d376dec70439,0.334950818148875,0.24247477059564454,0.09247604755323047
310,3bc6bd2723af9683f1f5,0.8254081406572591,0.06600507970225501,0.7594030609550041
310,7ba3f84ffb1b6f58e11d,0.754846266140486,0.793611154580761,-0.038764888440275036
310,8c5dc1d556c047a11792,0.21476484135638466,0.46194365720912256,-0.2471788158527379
310,a6889ecad8b6344541fc,0.05272191148973201,0.8868882471053157,-0.8341663356155836
310,f7b16402fe1e854a8cbd,0.9130146755033897,0.5508726475512891,0.3621420279521006
311,0e3e0d7e436cc22d055b,0.21021489943403132,0.057900069528109006,0.15231482990592232
311,46c04a7313fb4e132eb0,0.41566295797160907,0.9909888260623692,-0.57532586809076
311,fff884af07100a9ae53b,0.0266526748826995,0.0508528123782105,-0.024200137495511
312,0b6d4cc532e821812dfb,0.537903170261094,0.5634591064809675,-0.02555593621987351
312,11eaba79e0c64472042b,0.077929160850844,0.5465200447447286,-0.4685908838938846
312,15d5363aa5a011e94615,0.002310403708814,0.47515261076520754,-0.4728422070563935
312,2b5486ba7d93b929bcd2,0.06616675546065101,0.5797814480311956,-0.5136146925705446
312,508b68a94cfa0c0aa91e,0.17223938343674902,0.300265574049957,-0.128026190613208
314,218cc4a8d7b55834fd54,0.005489317839309,0.9852922434990061,-0.9798029256596972
314,32dfe740946b633b6eff,0.07885955872566,0.24473768541185853,-0.16587812668619853
314,968db9305f39cf9f3ebe,0.8203476913651601,0.6256906097898021,0.194657081575358
314,ac66c5c95fa30168795e,0.08602673963856801,0.88565533459559,-0.799628594957022
314,d608bf745cbe204edbee,0.074196028474316,0.121233014156733,-0.047036985682417
315,71a621083fb56e319b67,0.78777949167223,0.0124727070563355,0.7753067846158945
315,89e508ec37276857f459,0.4706607340647037,0.5302162295777546,-0.05955549551305089
316,f6ff6942fa6e01c4373f,0.6758542668907336,0.5843659994055126,0.09148826748522099
317,40923576264c56e9a40a,0.8066653149957111,0.9702043746195426,-0.16353905962383142
317,b96243cfaccfa50ff3bf,0.9509908699772706,0.8892595821107325,0.06173128786653803
317,df6c250046537e83024a,0.7424291849649839,0.48767846555888805,0.25475071940609584
317,e357022056926b74d30d,0.6460444484333103,0.37516669037157857,0.27087775806173175
317,e74392abe042b499d0b9,0.6732528511680005,0.8611152803073481,-0.1878624291393476
318,66779d84fc3180583ef2,0.301407020741134,0.6601278382877345,-0.35872081754660046
318,70baecbd24d5d3dc3831,0.48222775048783006,0.455948224238636,0.026279526249194052
318,7aa7fbbd847b52996d07,0.3818730355183005,0.49835336966777904,-0.11648033414947856
318,853052bd5ac5a6249e0f,0.004016078056091992,0.997046752075832,-0.9930306740197401
318,f0974e9bf5d64719a503,0.7030180424316499,0.169596219621502,0.5334218228101479
319,0b86b18c92c34e5e256a,0.9293834191895556,0.637827774270743,0.2915556449188126
319,1c0366e28275dc7f827d,0.45023008765229805,0.5574599580919171,-0.10722987043961901
319,408f86579767bb36d294,0.26147744184078703,0.0018673540285410002,0.25961008781224604
319,fe6b563e8a2dde5ac611,0.7606322329973766,0.6855909822732535,0.07504125072412304
320,123339e6014843ba9560,0.05768973096434701,0.9054437154527241,-0.847753984488377
320,343803c73dd66cd95261,0.10417885685485151,0.2217892657919685,-0.117610408937117
320,8b05aeb1614619a9d381,0.014102734672809935,0.553151400527347,-0.539048665854537
320,de8492a8d259e3e36ae8,2.847562412995072e-07,0.05465453857357401,-0.05465425381733271
320,fdf8624d0eaa4afd2429,0.25414731064537255,0.032323742131070005,0.22182356851430254
321,1c0f826a18dcb98a5226,0.7582258858653774,0.30235510015049405,0.4558707857148834
321,5d4cc7789bf7a8d8c628,0.9332323692956068,0.0003928970598595001,0.9328394722357474
321,5f6a79ae9455a15aeb42,0.638018345485283,0.5008331704714656,0.13718517501381744
321,68ad54496125cc052223,0.492103791302256,0.41266276899455256,0.07944102230770345
321,fd1156c21b144dfe52ac,0.15940372551929402,0.745960694412173,-0.586556968892879
322,53e17488506a66d0dced,0.5355476731329377,0.9004228223948885,-0.36487514926195075
322,74f0218d187a4bb12e4b,0.0017190612212775003,0.49445975780813806,-0.49274069658686054
322,8f96e1a4e995e6715133,0.37084791625445973,0.001903753914662,0.3689441623397977
322,d34c09f7d1eb74c65a9f,0.9114180643549605,0.19460927954548102,0.7168087848094795
324,1053c7c4d2f97d59fba5,0.233365843202811,0.8234638422103121,-0.590097999007501
325,64535a48054864fe68a7,0.008899172452424001,0.012062585207622557,-0.0031634127551985556
325,bf772b3be63ec45da0d1,0.4945095762971616,0.795159023940377,-0.3006494476432154
326,5913f38be8e4531409d9,0.08357466170500501,0.0017907283362960003,0.08178393336870901
326,672bc6be70837566607c,5.3349448329333416e-05,0.31997129734706004,-0.3199179478987307
326,b1c1105fb2222e9540dc,0.3312257539866103,0.1481276084435655,0.1830981455430448
326,e70f2ffa7ae2ee9b24f9,0.5997699427242402,0.4667795107186015,0.1329904320056387
327,349542bfbc703ec7a6f1,0.0014347620425210002,0.568062823373777,-0.566628061331256
327,6d4759f43dbb875a90b0,0.27639736169302404,0.4502057260826595,-0.17380836438963548
327,9568ab5e5ddbe88fff28,0.0305118784937605,0.009381509980700501,0.02113036851306
327,a4f027c45baa0f06617a,0.171203135765674,0.667717269397141,-0.496514133631467
328,127dfcf1b056d0ecede0,0.0021917461421645003,0.3109837148569645,-0.3087919687148
328,86be9b57871aaa816b4c,0.15971625701966854,0.5138798954694336,-0.35416363844976506
328,9f7600b98bdb1fa4b7a5,0.5706680217810813,0.287315180174162,0.2833528416069193
329,0db0e751043b750172e7,0.06564982980177102,0.3051362187289375,-0.23948638892716645
329,1331ebb8cb5b64566987,0.4534408162801172,0.3141666100576065,0.1392742062225107
329,1adb85342b4fa8575ec3,0.0425077006880985,0.154513754042562,-0.11200605335446351
329,5a957bfc732474a8b814,0.6096658311420695,0.3953192757858725,0.214346555356197
329,e5e2b78cc666bcc51394,0.24450021316581128,0.8450517757842101,-0.6005515626183988
330,141af370eead51a16e90,0.6318216620282773,0.17362966985615103,0.45819199217212625
330,52b25bf202e285b03d04,0.6192227151653622,0.6038783602283335,0.015344354937028681
330,aae8b8b66e43f083f03f,0.6082237190326829,0.12673570730365452,0.4814880117290284
330,afcf0c36da74e2c44cb8,0.54788329832495,0.49470034352241155,0.05318295480253843
331,87b132957d4518a57311,4.683300741336426e-05,0.0827212042553535,-0.08267437124794014
331,87e98fe1f869903bf017,0.248950484242202,0.43371236749241154,-0.18476188325020954
331,9e4ad7ff24bde8c13b15,0.009277265049839,0.4949249733778406,-0.4856477083280016
331,e8d576f1eae34089525e,5.8718761204591245e-05,0.17967059844954253,-0.17961187968833794
332,363493eec65b0d1aceaf,2.367448773618154e-05,0.072076766976531,-0.07205309248879481
332,7a4336df68520e0e76f1,0.21036965550383502,0.43718740141240564,-0.22681774590857062
332,8c0679fa329dfad35a14,0.11630898173279301,0.46057147247290303,-0.34426249074011
332,af7bd014474b4d50eec0,0.11375397685942001,0.500665206165937,-0.386911229306517
332,c84cb0f1d4ad3bc58a6b,0.092282140634368,0.9992752408909605,-0.9069931002565925
333,466632de07cb4d5b2bf9,0.9402481305936571,0.497673130653414,0.4425749999402431
333,7a79045266628dcc0a2e,0.16431114257485901,0.42223248984961953,-0.2579213472747605
333,b21146f380f3d62d29ba,0.039557206403273,0.625672474306022,-0.586115267902749
333,b84c0bc41aa4fe0f35d6,0.40689450300192603,0.9653662219408277,-0.5584717189389017
333,bfff91f7bd7e452d21a5,0.188322422558513,0.07766085469082601,0.110661567867687
334,a96fc6e666a70196241d,0.9612049514270251,0.16440165094931403,0.7968033004777111
334,b64142a99ab21cc65303,0.33066286022366803,0.5134473750378745,-0.1827845148142065
334,e7138ace59126136fa21,0.01600464556263,0.16827882188892102,-0.152274176326291
335,21b788c1052d2a485fad,0.6101348254780601,0.48059131691837303,0.12954350855968705
335,393a547e99732433c640,0.18974157096156402,0.07695872600398901,0.11278284495757501
336,a85f48db82b5ce2b740c,0.39482701822519134,0.31645198848683004,0.0783750297383613
336,a985f308c894eefa86c2,0.089006754016287,0.2788431710939565,-0.18983641707766952
336,bd589afd2c139529f9cf,0.2793151900293635,0.34715994788001203,-0.06784475785064853
336,fe5071e72897f9ff477d,0.5668857586971591,0.9512666852063485,-0.3843809265091894
337,18fbac4ceb27e356bfe4,0.967474879989721,0.6365414805705636,0.33093339941915745
337,4e1cd79ced347b93c120,0.29098880646008135,0.7783848332190881,-0.4873960267590068
337,50e5b5f38dcb0cb18b93,0.5100047804908481,0.49265850288523155,0.017346277605616522
337,774563a12405df8ae1eb,1.0791977794573652e-05,0.3660450818917961,-0.3660342899140015
337,92139fdba468fdd2eb60,0.14372101279780516,0.5724750881243296,-0.42875407532652443
339,28c84e80adb6c4fe2000,0.7963083220267271,0.7522805908352765,0.044027731191450536
339,2ff12d01d9d74b8985d6,0.251351237430367,0.5027557406670675,-0.2514045032367005
339,8490431eca319109f7cb,0.014956825092427751,0.5416570730033855,-0.5267002479109577
339,8ab08e053a0d71ac7874,0.176131422340805,0.28737423837639453,-0.11124281603558953
341,2e3dd06c8b53e00ccd8a,0.6200996897804277,0.0016038832966130002,0.6184958064838147
342,02702f5b5818650eb4db,0.129743383735506,0.787094989102702,-0.6573516053671961
342,42f5669e07e97b26fc08,0.6748571029241881,0.12323524019930751,0.5516218627248806
342,4f4b3d1018ea6ac933fd,0.9853738738570751,0.39959160405910654,0.5857822697979685
342,7ddcebf34b5f2428f687,0.0021089117665310003,0.6077301659531601,-0.605621254186629
343,678ba0ec4bce078caa52,0.376175947841855,0.38670946421425356,-0.010533516372398577
343,dcbc4a05b284bdd2c4f2,0.2200470049576805,0.6252862904605576,-0.40523928550287713
343,fee99ff0db7fb3715784,0.12020517180438602,0.45995631293131806,-0.33975114112693205
344,062b862b51b2b2f7dc7b,0.844725051664251,0.558262313685677,0.286462737978574
344,438b57283b4d01820bbc,3.697666571093848e-05,7.21000208087755e-06,2.976666363006093e-05
344,515d4cdabe154012a0f2,0.43452143004491356,0.35328059796056205,0.08124083208435151
344,b9736d5137143b4f79c7,0.019831614403929502,0.039012884139510005,-0.019181269735580504
344,f2986ac188df1597fde4,0.4232743424623415,0.8358791138836505,-0.412604771421309
345,0e1b96df12a4cc5b84d9,0.00011815902023400001,0.453827444914571,-0.453709285894337
345,bd10774d821a9c3a7343,0.19512724512009302,0.03629281581207,0.15883442930802302
346,d758f19df99a8f63eb97,0.39710025861644155,0.012592056476936,0.38450820213950554
346,e00b9e0217321041248c,0.172648916075903,0.001545095433258,0.17110382064264498
346,e1ea3df129d1beebc2c7,0.7261144305889214,0.1342884397801725,0.591825990808749
347,29f1e106d1efb98b6ac3,0.0134651496627935,0.5135611953232705,-0.5000960456604769
347,a9d544fe0fbefc671b15,0.0031061524650370003,0.26105297968525903,-0.25794682722022205
347,c2b86c4ba08d8cfbf7b3,0.048920117805361006,0.14874153633714501,-0.099821418531784
347,d5c275c3427fb2ca967b,0.6237583999085315,0.29982451320680975,0.3239338867017218
348,ded53fcee94db94a3bc4,0.00028446818693500005,0.4956541365146745,-0.4953696683277395
348,ef584ebab2f792fa5a85,0.7472594328341161,0.284933201786836,0.4623262310472801
348,f6bd19e58c213637fec7,0.004795471859976,0.946601949544501,-0.9418064776845251
349,276600f61505765a4e79,0.301011370912101,0.5831616946145081,-0.28215032370240706
349,aa27cd686c7abb95fda9,0.536237183430828,0.8587135350295425,-0.32247635159871446
349,c3d2945ebdde17995893,0.04865625204314,0.055173224372239,-0.006516972329099001
349,db71aefd0bd305210323,0.00346991644873,0.842759298212548,-0.8392893817638181
349,ff2f9e9986d63fc0f680,0.1559603385362215,0.819175899668875,-0.6632155611326536
350,0ed7cd8d8ac7afcc086b,0.677497167101757,0.3944212218453405,0.2830759452564165
350,0ef24ef3d7e489ea9eb3,0.45921057606549903,0.023711860803875003,0.43549871526162404
350,514e8872900d29435932,0.21633331626429603,0.490822006294782,-0.274488690030486
350,98401cea55a5ecd7f4c3,0.0014309400191700001,0.270523124615564,-0.269092184596394
350,c23b5b025cfeac30f3d2,0.34229910209825154,0.5042416378995135,-0.16194253580126194
351,04f544e28c8e072c51fc,0.0030059995484815003,0.984263220196343,-0.9812572206478616
351,51e1e048ed087bc82cc9,0.5083290764396415,0.9826567133001252,-0.4743276368604836
352,2d02bd0dc23699730d71,0.6442598022405339,0.046176614355707,0.598083187884827
352,2f0201968c958f78e68e,0.0011106713790203333,0.7019581124126956,-0.7008474410336752
352,a14dcd01927017770efe,0.4180453595378772,0.0005464667465765001,0.4174988927913007
352,cd6cb4d466a0acd60dbd,0.06330231758019249,0.9854216132965556,-0.9221192957163632
353,358946434552f9075f7e,0.2771047442237777,0.004742754913228661,0.272361989310549
353,833a35905f203d3b8de0,2.5147174858714563e-05,0.34719619550827857,-0.34717104833341983
353,df632357daee9534cee8,0.5248727583704728,0.49586141223203806,0.0290113461384347
354,685aa45c5919f73a1301,0.32335477657540423,0.37392231779251806,-0.05056754121711382
354,a75f7cbce392b89d61c7,0.5291377036965264,0.085906399325527,0.44323130437099933
354,c335993e22a14adc3f06,0.19607484047292148,0.506482374113193,-0.3104075336402715
354,c6f3092f1f8e1849ef0b,0.0014818951230610002,0.5461947055812806,-0.5447128104582196
355,730e68f91be776d36eae,0.6954528745683031,0.127471524141603,0.5679813504267001
355,8eda5fe68b13217de367,0.06948601350058001,0.383457680082655,-0.313971666582075
355,95ae6e402f1a3f0146f3,0.5074062110129336,0.11632328786607328,0.39108292314686033
355,b570b39f0aecc6284d63,0.5101330352307636,0.794865289283051,-0.2847322540522874
355,ca7f3591052b1b2f9bdb,0.399322300070552,0.47335302147717057,-0.07403072140661854
356,64998358409b43713077,0.39118791442500017,0.9306526820384635,-0.5394647676134634
357,1300e3d36a56e5b59824,0.0486542809579795,0.4603832474501571,-0.41172896649217755
357,3d2127b58578f1a42bfa,0.49980803834072557,0.5049310340447595,-0.005122995704033906
357,b0f16b175052001399e7,0.5793991461041406,0.4638132431505276,0.11558590295361298
357,bc06829b78995a5c8f74,0.654032568789738,0.0466725264449545,0.6073600423447836
357,ffa1026324dcc4aff9c6,0.4304046496359235,0.12273856213837278,0.30766608749755076
358,07c2f8e57b5aee92996e,0.047178688895119336,0.7054991234035205,-0.6583204345084012
358,51fb4d247e6f8a0fe122,0.48918826989155534,0.663460865711438,-0.1742725958198827
358,541e004b93ab5c24555d,0.26971117218279905,0.17840444584704201,0.09130672633575704
359,56a8f5c5dba7776a5961,0.8694598684592051,0.08870061243969801,0.7807592560195071
359,5ea3dcf5863c298da28a,0.8937039211781751,0.6131904584900806,0.2805134626880945
359,7885c2e97277fe51c1d6,0.99221332251653,0.5198782205993551,0.472335101917175
359,888f3827e2717780baf6,0.937824859738383,0.23701477903860202,0.700810080699781
359,d281852b1c93b1775e19,0.729473534310704,0.23592381942241553,0.4935497148882885
360,37ecddbe0b79aa23ca7e,0.978467048709818,0.936877651370652,0.041589397339166
360,aff5cde55a419f76599c,0.9823599072729531,0.9148781043464631,0.06748180292648998
360,de5d846fff9f8cede655,0.19528964651031902,0.0265649814812305,0.1687246650290885
361,7bb22d588a968fd9ff4c,0.087406779869417,0.597584834346824,-0.5101780544774069
361,d581135ab9725a697e4b,0.5295477200733031,0.9845198238839317,-0.4549721038106286
363,8a7ee9a66d44c0e62116,0.3049312376615263,0.49998605444559757,-0.19505481678407127
363,90df10f0d9360fd6346e,0.5013412285334001,0.46362470252533255,0.037716526008067575
363,db851a2f7a686305a85d,0.534089002188955,0.6844152512046651,-0.15032624901571
364,001a43a656939ed61095,0.8594346039418521,0.40840042580818703,0.4510341781336651
364,3124a0b6c74c039e7661,0.5005026948250351,0.3890067758837835,0.11149591894125155
364,a54a4c0396207b4f803e,0.25561331896246126,0.647466144131507,-0.3918528251690458
364,efd38ff021dcca922a42,0.500488491944296,0.036273460716641504,0.4642150312276545
365,03f4b022d109565877f0,0.519795237771142,0.36737992652389356,0.15241531124724844
365,1797ac1ac0232c2cf537,0.45702908555040533,0.4864445954169035,-0.029415509866498157
365,4ecf1a1722631dc48c3f,0.5543485423227662,0.9894664043458736,-0.4351178620231074
365,b9ae5468d3c4fba9b5bb,0.6220909241987648,0.9402759075269056,-0.3181849833281408
366,185cf46d77fc56f4b9df,0.9693059200927391,0.8073393731356591,0.16196654695708002
366,8c67abaaf49beeb0667c,0.9978228627501451,0.44913721445284704,0.548685648297298
366,9414ea888185da2f269e,0.939599490276926,0.0907073714544985,0.8488921188224275
366,c09a6f038dfb9bd7d84e,0.989610199529484,0.3200906849715628,0.6695195145579212
366,ee6fb13fe052fcd91bf0,0.5597878569537921,0.4844429798607041,0.07534487709308796
367,8b38b15b51ec5bfc6880,0.7211334828906301,0.6217830736873441,0.09935040920328597
367,b4f61319af9aec2c3a58,0.2894068314623005,0.042712963245070505,0.24669386821723
368,0f386cde199acdd0da9f,0.44789451736553704,0.1432501470413725,0.3046443703241645
368,1046be8fbeb7727a88f0,0.1296630772165295,0.37927539642274,-0.2496123192062105
368,714094a724c738b35787,0.005147187152199001,0.143908930589206,-0.138761743437007
368,caf1bd773b499b39ad22,0.20902949647368152,0.17860529806403352,0.030424198409647996
369,2fd7e8edd02d321225a2,0.9948666323322041,0.148286521527382,0.8465801108048221
369,497e8d0e0c71929eaeb9,0.9959036516112431,0.732600974521675,0.263302677089568
369,97933b735d2a5b918134,0.302860263317072,0.6796478325841331,-0.3767875692670611
369,a5b9c9474255b14ea723,0.9914895042887221,0.27371864192940953,0.7177708623593125
370,2bc96806c8c701940888,0.9958839070261861,0.15564798161892002,0.8402359254072661
370,6a948f4eadc4a2851d64,0.7547606483050394,0.969723076578147,-0.21496242827310763
370,a39ade33155ffb17bfa1,0.060431222420436005,0.6860463986155565,-0.6256151761951205
370,ff2b658f9d78da734d2c,0.019287331473464002,0.41429459966364557,-0.39500726819018156
371,059b0139a879c0ec4933,0.879269892556184,0.007517733146713,0.871752159409471
371,4706058db3e66c0bbff1,0.8055916416856501,0.697087554439358,0.10850408724629212
371,7f3857e2e395885d7f9a,0.011281323109393001,0.2548991008625235,-0.24361777775313048
371,db5c7fe3dcf464c041b2,0.6660292098406461,0.856565709495493,-0.19053649965484698
371,ecd94964dfa57b60092c,0.048442714963379006,0.6127420184432876,-0.5642993034799085
372,18bcd788a76dbc79bcb2,0.4114434831438145,0.501684068753091,-0.0902405856092765
372,514c998444ebb3fab178,0.17620438435220903,0.0005681848743637563,0.17563619947784528
372,a0228c63bfd5085363a4,0.10305117012768301,0.08463042855852601,0.018420741569157004
373,11133be428315c290ab3,0.213185206504711,0.9691092703802966,-0.7559240638755855
373,1c88f33bfff96df4ad8b,0.43148505308733603,0.8309785599054391,-0.3994935068181031
373,3491acbea58f6d073aa7,0.994533544457962,0.9532379736234156,0.04129557083454649
373,47f203d78b6c68febea2,0.018647467458434,0.500308390998091,-0.481660923539657
373,ebe525e5fdbf037c06b7,0.000708414011352,0.468215473125672,-0.46750705911432
374,090e58b26d627815064e,0.5447561705005607,0.491424267162834,0.053331903337726694
374,47632fef89de897a5de4,0.8149026146865244,0.6044123359967171,0.2104902786898073
374,5af88311030ff7d7771f,0.24137454545626436,0.5079074727682625,-0.2665329273119982
374,9f84b8c5c6cb22a4caec,0.216771975007287,0.6605077047951391,-0.4437357297878521
375,36f0e36e814bf89d20a5,0.023761236870774,0.49739691910626105,-0.473635682235487
375,54cae4814ec8abfa4454,0.613040443092141,0.557436100660996,0.05560434243114498
375,ff77762f785dab0d4f78,0.005864471306161256,0.728549173015539,-0.7226847017093777
376,383bff5bd2e339b3c337,0.18893811717713238,0.8465359014875475,-0.6575977843104152
377,33c3721b0ac6fc3f8106,0.667604338269367,0.8049527089670077,-0.1373483706976406
377,3ef71d1a8836a60fd5fb,0.39117759067128904,0.503952274125475,-0.11277468345418601
377,460482828d8d2fa22587,0.744176661527944,0.5432098752654531,0.20096678626249098
377,7886f4e6fa24444eb441,0.5209208709922131,0.37279648872769594,0.14812438226451713
377,dd70d7880a749e578da5,0.9379884546153241,0.543588077257192,0.39440037735813205
379,6907f79ef9112881672d,0.5707948991520932,0.000175661506125,0.5706192376459682
379,a94a779055eb92943f10,0.33451004779977556,0.21545750597616453,0.11905254182361102
379,e51e6a4f8961d50d40a8,0.6304608987703071,0.0244240668763025,0.6060368318940046
379,fa14cfb408de627956f5,0.3507415715860805,0.392832902641497,-0.042091331055416514
380,094154d2d5996ac7d0c1,0.6288967512884039,0.6140323624191111,0.014864388869292866
380,2bd54f06587f7a0c0611,0.617493183064133,0.85359393133203,-0.23610074826789695
380,2c22d1476bddbd9dc261,0.7488126761572901,0.501662832256853,0.24714984390043704
382,12d42c3fbfeea4d10668,0.8813619739621381,0.46399212806190254,0.41736984590023557
382,3b15d9d53800f71d071e,0.5849935375617015,0.2167725066176935,0.36822103094400793
382,4b76e7947c573e814bfd,0.7399825196642065,0.8521121187485516,-0.11212959908434517
382,73f7e3d2d7a1ba535266,0.457664105130059,4.939436598928224e-05,0.45761471076406973
382,c060fa8d5c1dff39791c,0.5043490991551237,0.009399180523017501,0.4949499186321062
383,2ab9dfc25f959951922b,0.12146976148311601,0.4994581863521042,-0.3779884248689882
383,522fb5ec5dfeac93dee2,0.9939065995245175,0.31620977654591154,0.677696822978606
383,82474f7b96a1240fd455,0.12363118837817501,0.49882800099885205,-0.37519681262067706
383,c6cdeede1c0207321f10,0.006545795604556001,0.5016403979385281,-0.4950946023339721
384,6d5c33afbf4ee0b31146,0.7648203370453895,0.3818461849844665,0.38297415206092306
384,979f9f4aeb8f69c2f5d3,0.01960439795788,0.3670664448780655,-0.3474620469201855
384,afd50aceadd82f3d7832,0.011075164059097,0.0040730876132755,0.0070020764458215
384,f30fe7fbd0b23863f421,0.022584281515227,0.42907986199151105,-0.40649558047628404
384,fac6d26d95b39c6dd2c0,0.8676445492804864,0.014029419220337002,0.8536151300601494
385,61012de1168658691fbc,0.6890305042629578,0.4997501055189886,0.18928039874396918
386,3d009c1989567ce10a6b,0.41421543805263256,0.878902816977966,-0.46468737892533346
386,cf293b2e4737d291436c,0.393437960838724,0.38885638910579756,0.004581571732926448
386,ef762b825410b56ba265,0.7202501548350196,0.957135614270479,-0.23688545943545936
386,f11cb757486961538a02,0.3112476355142253,0.7998826737332231,-0.4886350382189978
386,fb81009790952d36ebab,0.24841987687818204,0.36493635168646854,-0.1165164748082865
387,5aa8cfb5413f2968f19e,0.071730239307758,0.6018210327661055,-0.5300907934583475
387,61e5cc4cc351cf814392,0.3520830463351587,0.616404454497266,-0.2643214081621073
387,7289c348095c4f8a8bf7,0.13835931852216002,0.015077741864644502,0.12328157665751552
387,a983e99f217a0a6313cb,0.0007595882767440001,0.9699729215284151,-0.969213333251671
387,f03b159c8ca725f489bd,0.025508182188503002,0.433242236640501,-0.407734054451998
388,0cc3444a1d474fb6939c,0.14956100958552002,0.49619999003994336,-0.3466389804544233
388,1fb413c41530fcbaa270,0.3003847295654383,0.055853864349113005,0.24453086521632533
389,7a3bdf3a2e8fe26fd2f9,0.5175378755804098,0.6285969674086466,-0.11105909182823681
389,7fbb22070840b4a00da9,0.05808523209159417,0.49485213805525,-0.43676690596365586
389,800c49e93f852016444d,0.02993765968870602,0.9674575456373071,-0.9375198859486011
389,a311af939b95f2fdcd88,0.0048673658972965,0.4736745423072085,-0.468807176409912
389,ee9ba9eaa588605c087d,0.26316419389199314,0.62180639140643,-0.3586421975144369
390,430878e3db682b901ba5,0.36128346804684003,0.08061939798553601,0.280664070061304
390,9a6adc97de515c5d941a,1.0235394168005325e-05,0.43934783645422204,-0.43933760106005404
393,103fe3761375c8c8dadf,0.000181641744096,0.8330165832431471,-0.8328349414990511
393,2d081834fd6ddc365dd4,0.8941708052085621,0.755388734997805,0.13878207021075706
393,752e3f0e558ed116e7d6,0.5107260346156597,0.5555296064330836,-0.04480357181742389
393,a7ca7d27904f4707bd09,0.014872235698897,0.43270312322700305,-0.41783088752810604
393,a7f77cbe4abc46ab1eb1,0.035477986664193,0.5171528087678571,-0.4816748221036641
395,0cd2cd0d6050c51b283b,0.05213826364785589,0.00313247942243093,0.04900578422542496
395,6dcade3a383ccee53f43,0.002286427408913,0.871221301808337,-0.868934874399424
397,53e5bc772e646521849f,0.5383419036547831,0.2955767322196775,0.24276517143510556
397,8960271bdc99393989dc,0.06754661721911666,0.310562612955444,-0.24301599573632737
398,08797c93d042539b09d3,0.0091407270641005,0.44016955801045754,-0.431028830946357
399,ba7872ed58cd1e09f17e,0.0021845560997510003,0.4791358558018615,-0.47695129970211053
399,f4514af7bf7fe00a72b9,0.46346158691980743,0.320379694498174,0.14308189242163344
402,00aaef608a58287da4d5,0.6088315860987317,0.5639861447955565,0.04484544130317514
405,7842b857dc897e5fa830,0.3416914349626625,0.3325681124610245,0.009123322501637998
405,d3e3268ed0c3377fd968,0.49638616878224046,0.5196018953150735,-0.023215726532833048
406,f5d14b02e150a8cb1eb2,0.5367557597398895,0.597914971172082,-0.061159211432192495
407,1bad363309880c752d31,0.596318857578942,0.148261834617539,0.448057022961403
409,2d5d84a92080da603e23,0.7821894585918261,0.5191269030827516,0.26306255550907454
409,3f2a89ffbb4a023eb079,0.09250766090535101,0.2577992149916305,-0.1652915540862795
409,9fc0b3789136e0847ebe,0.09232929148284201,0.9473084745663751,-0.8549791830835332
410,05a9d91c6f650b060cc2,0.713470655530653,0.464916204414619,0.24855445111603403
410,7ef21a38cf6e7b3f6b07,0.1021529514949495,0.05073476639524182,0.051418185099707685
410,910fcbaef280e1a281ea,0.26533611289915526,0.24407759823423453,0.021258514664920736
410,96ce7aee6318242ef560,0.44606553637427154,0.04363796089420848,0.4024275754800631
410,b7c085603071bc37b94d,0.4805714203076407,0.7105449653908356,-0.22997354508319484
412,4bf4d7bbdfb3428b14a5,0.11699526950525001,0.5649522563995335,-0.4479569868942835
412,68aa6c249dd9b1123fb7,0.6858777432488998,0.506881383931133,0.1789963593177668
413,35fd5b9985bfd47bff87,0.148115665550223,0.5364701611910301,-0.38835449564080704
413,3d44f2c31ca0b49dab72,0.020249922339444,0.47414062625999703,-0.45389070392055303
413,4e04c590d34962830b9d,0.08170802651429701,0.521427547388433,-0.439719520874136
413,b8bfd3d85237caac457b,0.013940476507296,4.307180749752773e-05,0.013897404699798473
413,be14e3a0ed541fb1ba65,0.004974942885682,0.3029684226169001,-0.2979934797312181
414,a3e1436779716caa78b4,0.6880998426602395,0.9240765417369385,-0.23597669907669905
415,a4bf570c2d3e1f6453f3,0.5331843239468584,0.025886510988061502,0.507297812958797
416,3d792340b4a1ce9e383e,0.040673228503203505,0.032026521259252504,0.008646707243951002
417,73bda4a0c7b598adb46b,0.7164778886659366,0.905072069675352,-0.18859418100941538
417,dcb48f283fa02255c50e,0.530612503043866,0.37789632169292753,0.15271618135093845
418,3d1828052bac545c71c5,0.5899209549233018,0.248414194100813,0.34150676082248876
418,47a3a47816218dced10f,0.09483961651229797,0.28699659571476455,-0.19215697920246658
418,c25f7e14ecfbaab8f79a,0.2427536770396525,0.2802099903986612,-0.037456313359008675
418,fd37177ea882278bc3a5,0.48977351631411475,0.29001858944905656,0.1997549268650582
420,053aed02034ef63da976,0.7826591937784844,0.2612736951652845,0.5213854986131998
420,8593b2ebade38fcd240d,0.7338646432602481,0.6871967142858656,0.046667928974382544
420,fe85035f890c1622fd6f,0.266245630627917,0.4502042274193327,-0.18395859679141568
422,17f9ae5c938bfe4feee5,0.2990744682874742,0.30957565015557703,-0.010501181868102838
422,6db7b9ccd9501d793025,0.092894053851983,0.8862765413736855,-0.7933824875217025
422,d7606268382054cedf68,0.9054799472317671,0.49764515246841956,0.4078347947633475
423,2a80e2b688e8d3e17244,0.06074147087621432,0.7529422422458791,-0.6922007713696648
423,321f524297f83795605a,0.30792105651367285,0.40051307021895555,-0.0925920137052827
423,b08f2922cbf31989f0b5,0.17304320148727526,0.540324256937549,-0.3672810554502738
423,d0f0688ec2430c880ecf,0.45238819290104176,0.022150884024671,0.43023730887637074
424,a33489c9933abe5b6040,0.6101403733223005,0.9998342202929815,-0.389693846970681
425,34bdfa65b4029c80765e,0.18293474988824027,0.055176718554895234,0.12775803133334504
425,7a6b56cf065770e213da,0.6129886220875815,0.4039460032964715,0.20904261879111002
425,933c0e0706c28e7dd39a,0.48097873740635183,0.19609719665097503,0.2848815407553768
426,1e54e481a226159a0ede,0.28956847710565103,0.313845826621212,-0.024277349515560986
426,39597e7afdd2faf038aa,0.280779755935035,0.5558061587230565,-0.2750264027880215
426,6957cd04af5bde0a8736,0.353238274285044,0.9084172338370471,-0.5551789595520031
426,d22e62457bf76d723f28,0.46393270219313737,0.0004138925483473747,0.46351880964479
427,355e76b20a09fbde9286,0.027629664570947003,0.9291418133882876,-0.9015121488173407
427,40e6fd7af1e70d3df083,0.023566283088471,0.0064167700037710005,0.017149513084700002
427,56a6a00c83384dd8e25a,0.038602346470574006,0.7479171749634961,-0.709314828492922
427,7a2bf83e1696b58835f4,0.650732682827677,0.5700425666332986,0.08069011619437849
427,fe93e540521f437c14ad,0.5087006832102186,0.4240788129937946,0.08462187021642398
429,5cd8406f606216d6bc2d,0.48056797381506705,0.9382899529087511,-0.457721979093684
429,6a27ec866588c49414b0,0.86673616221431,0.0016260729191557666,0.8651100892951543
429,cb30d65075f4a9845dc7,0.121348419094933,0.2513680817530679,-0.13001966265813492
429,d0636b18422429b81e05,0.002765359957763,0.054046405082334006,-0.051281045124571004
429,ed680abc3b9f2334b894,0.049006427601457,0.9715271289370185,-0.9225207013355615
430,012dd4be9ca8fe752b46,0.3827523297125455,0.4734418222205055,-0.09068949250795999
430,2cd11018ce207a66381f,0.010763590502331001,0.5778130636477311,-0.5670494731454001
430,574c9677258219529f9f,0.6674614833919905,0.573060336455406,0.09440114693658452
430,b5843b65c98adc132e37,0.002558384825235,0.834731285507556,-0.8321729006823211
431,5ef69e1209780c89f6c4,0.6768253577784054,0.8512861303343946,-0.17446077255598924
431,acb7f633570231e4bd8a,0.3719592289255947,0.6014277713493505,-0.22946854242375586
431,b0f456446955aaa244fd,0.6499203348720318,0.22850822129502601,0.4214121135770058
435,2890ad70ab2516aaff6c,0.46447837020272703,0.004887161146528001,0.45959120905619905
435,c62f0955ae58fafe72b2,0.7083768261452931,0.8502802589286946,-0.14190343278340156
435,e260dd4ef78a6c5ae8e0,0.7564874774172681,0.4574318233401105,0.29905565407715756
436,5672ec3b38b9b2d0c573,0.9916224852002974,0.9980674918932646,-0.0064450066929672145
436,5e1f7dcedf0a2b8a08fc,0.9753623141619444,0.8365761930477921,0.13878612111415234
436,ba27d50debfe4ee94947,0.5259259186043393,0.028666820343864002,0.4972590982604753
437,38061ca904bf01fe84bf,0.6174382506968189,0.091979606651253,0.5254586440455659
437,7f5e8b11b8b33fd9adee,0.5876865468032523,0.8074752723711831,-0.21978872556793083
438,6003a0b022369912c024,0.162332894951285,0.007712040347824501,0.1546208546034605
438,60d2906ce8044e319c6f,0.5581684842440571,0.6664529470155691,-0.10828446277151205
438,611108bcc1669eb24d67,0.000720517490834,0.005148002116121663,-0.004427484625287663
438,700339ee6a578cf7e507,0.09256801324276451,0.16731019789276952,-0.07474218465000501
438,8b54a5f6bfbb14e685b2,0.3831226596844466,0.0138677551479105,0.3692549045365361
439,8ef26faf1d7d26bb8d6c,0.9770235954213198,0.22911961816210302,0.7479039772592168
439,91039105e78eefe1fc24,0.35715016644673603,0.7150568424677736,-0.35790667602103754
439,a9245f5e2146e374e16d,0.000347470117773,0.8867049604324815,-0.8863574903147085
441,371e92708a004fa33ec0,0.3722874606762514,0.11798127583513152,0.2543061848411199
441,5f3bc65dacc4d3cf6b39,0.5304949779020743,0.007031111327339501,0.5234638665747349
441,86e0107aa3323d69f43b,0.045729693812145894,0.30179065178405934,-0.2560609579719134
441,ab05bd8dd6498267ffd6,0.0629343990484915,0.018523356729768,0.044411042318723504
441,b944731de71e5a24a272,0.625000484088517,0.33295075886665704,0.29204972522186
442,62f85d1c1020b146b55e,0.277453029364211,0.31949012162267004,-0.04203709225845903
442,b9402e954d94dc2d9fec,0.3736882411927465,0.8816026459944761,-0.5079144048017297
442,d2d7989cbd5eeb58bffb,0.3157617994632173,0.23818489563762152,0.07757690382559579
442,d8e9539483e219673fc4,0.7383949551972431,0.44677026855182,0.29162468664542307
443,034426246500880fc02b,0.0007992520290495001,0.41577558151138044,-0.41497632948233093
443,560bce35d732601c86b8,0.005933718657138,0.431863453710213,-0.425929735053075
443,df19aa5714d7701ea9cb,0.1275960886454625,0.016041413066376235,0.11155467557908627
444,6e4b7a6b66e5190aaa3d,0.5671012514920996,0.6454589578492881,-0.07835770635718853
444,8cba1063688090c9a509,0.7283695018388733,0.9495219791762382,-0.22115247733736487
444,978558a8f0554efb1a18,0.8573291249667361,0.46381226480518,0.39351686016155607
444,c9ce88a77d8797a84044,0.35323000522235004,0.5605283750207315,-0.20729836979838145
444,db754a96e386e2e8bc78,0.22436003068336302,0.5040114025393495,-0.2796513718559865
445,0294f697541586c4401b,0.17628937170261735,0.16033212178496903,0.015957249917648325
445,b21311b2e1d8591312cf,0.4711117734029037,0.45388612174728105,0.017225651655622676
445,b246f43b1896de5de6aa,0.43070213478133407,0.6196150256113615,-0.18891289083002744
446,59f88f3a810b90937986,0.46183716244067835,0.5019872963102016,-0.04015013386952321
446,653003afca8c9bde4bd6,0.712303881947946,0.34642055477713607,0.36588332717080996
446,8cef3c34b6414afb79f9,0.4768312686876027,0.0046515656619194835,0.47217970302568324
446,c27e8aa5eca0b9c1062b,0.0006274609417626269,0.374042371662214,-0.37341491072045135
446,d2d92c9172f44529358d,0.3709016549393485,0.99080316944099,-0.6199015145016415
447,2d814e2197412c9c266b,0.7081031003151042,0.497129050887036,0.21097404942806813
447,31f249e914f47a59c3c3,0.00013516104488800002,0.48833323185064653,-0.48819807080575855
447,5e768f91eb1a40aaa6ee,0.6880769675247418,0.552525154693926,0.13555181283081574
447,b00d458c5da24ea03028,0.589515864197467,0.5287467479655401,0.060769116231926934
447,d48d7e7b45b7e3136f41,0.090352980265678,0.096295409687665,-0.005942429421987
448,769fb2deb35ec829c1d3,0.14436151872969133,0.110664099273374,0.033697419456317323
448,dec3554ee66baa8c0174,0.07251570279159701,0.37865044173618556,-0.30613473894458854
449,584ffccdd32c5f4d65a6,0.5577191873629708,0.673014258974267,-0.11529507161129626
449,707a37367cd74ba1e30c,0.002535435378853573,0.8216889879995081,-0.8191535526206545
449,b9df679a546ce47a5c94,0.8891827401281975,0.5847000638947105,0.304482676233487
450,140510565ec78f27886b,0.051504067499111,0.48735358425398356,-0.43584951675487255
450,7555680b74b09ca7af5a,0.144282687403473,0.004235182373063,0.14004750503041
450,e00dc06312cc2abe4ce4,0.4507939705646104,0.15091189516306353,0.2998820754015469
450,f5b7db0f586512163c13,0.3782289884672354,0.6121032337491386,-0.23387424528190315
451,1202f8190efdfd551a29,0.37163257310471254,0.298060795416687,0.07357177768802553
451,9fc284de497bdb8f6771,0.001556683685482,0.16055128491998402,-0.15899460123450201
451,a7cf5b9e802312550910,0.497357689698088,3.3350402057582015e-05,0.4973243392960304
451,d3f4623127f0933d8266,0.040538448180346,0.823439347942678,-0.782900899762332
451,f886d64232b0458e5aa0,0.615904090034602,0.423014148640658,0.192889941393944
452,3e24fa0f744c92850772,0.06722650875861601,0.60892820214388,-0.541701693385264
452,5e54f6b38130280d7051,0.9539987139844041,0.07439533878519551,0.8796033751992085
452,6cbeba85fa3206f41878,0.4331101619656855,0.493533368735917,-0.0604232067702315
452,85798b3222baa8fbfce2,0.41171840910948804,0.011239711362487002,0.400478697747001
452,8cc706d3811213cf7dde,0.645672783979941,0.9322018507755057,-0.28652906679556467
453,949d39c3eb8c5d51bcb9,0.145263900310418,0.0002779894433544307,0.14498591086706356
453,988b638660857d49ada9,0.0469688523745815,0.4591290344840366,-0.4121601821094551
453,b6c3a209636df4b68f23,0.2679459670939233,0.256038820596114,0.011907146497809329
453,d86632bef82ce8e5a28e,0.47363635981739305,0.43758819525944703,0.036048164557946016
455,239862c462b310991290,0.0014065081360880001,0.77068626339725,-0.769279755261162
455,8189dc4c818f8aa16c93,0.002269386226881,0.335342491187523,-0.333073104960642
455,bde71710b4ef844c93ec,0.322801935866083,0.5963773380752685,-0.27357540220918547
455,c414b82f701214daa472,0.18323359846014903,0.0734132684669125,0.10982032999323653
455,dfd5004bea27d29eeca8,0.9568817313540281,0.5166204313415035,0.4402613000125246
456,2258931808bc6ddd1925,0.0052995852413480005,0.6539411057083996,-0.6486415204670516
456,28b24198931a90f62138,0.000174951056789,0.5001775475831081,-0.5000025965263191
456,682c4303d006ed2f38e1,0.9396946397287891,0.5127685538315295,0.42692608589725956
456,afb93d5ed37c95320921,0.18183390695200102,0.846593296889028,-0.664759389937027
456,bd1164ba56c3af31b93d,0.09391308685237801,0.5176983081847185,-0.42378522133234053
457,13ffce037035fc23fa49,0.204810595905976,0.7526082309760551,-0.5477976350700791
457,1f57059ba15a40ebd129,0.5680341869445116,0.0109731295856085,0.5570610573589031
457,9e69c4a9bc2c91b9e664,0.10085853491186,0.43485146950340803,-0.333992934591548
457,eb5826b0916bec98dfe6,0.6908962511761271,0.9802389983112161,-0.289342747135089
458,2387879f43957b1a1b4b,0.5551032689492831,0.0023816731517275003,0.5527215957975555
458,3877f744ce46edcdfdb8,0.5531966584761665,0.007518551698686732,0.5456781067774797
458,65b3d913873fc6a512d6,0.6298335148786817,0.3597080318806,0.27012548299808165
458,a35a943c0ccd69feaa9c,0.012724034663069001,0.127360771475368,-0.11463673681229901
458,c8de04aa8d1f91e57ee7,0.16543336663135103,0.1392896289521045,0.02614373767924652
459,15f173415ae08bed4a3b,0.13279967003106002,0.47450993310946404,-0.341710263078404
459,460c4042ae18d28e7693,0.42807166785508005,0.46403012915645003,-0.03595846130136998
459,a0e1efa1343e08f1bd96,0.06570239307793126,0.5371267499307495,-0.47142435685281825
460,378ccec7fbcba0fb883b,0.325838432514855,0.0455860989508735,0.2802523335639815
460,7ce64140543f7dbefb3b,0.0033896342613140003,0.247937793288479,-0.244548159027165
460,c03c96f732ce5bcf23bf,0.000533064791415,0.50342567093747,-0.502892606146055
460,eae24f01f088e5718a2f,0.21319067051098903,0.007780801310856501,0.20540986920013252
463,1462b4f40c04f9963662,0.5387532898667924,0.9925481178257296,-0.4537948279589372
463,152c88d5cb999a6308fb,0.48503889879082873,0.07232665139767701,0.4127122473931517
463,18b8f817cfc15d416b77,0.105741214920174,0.7722068372096961,-0.6664656222895221
463,a673525b2641e721091e,0.5060293734936815,0.538302794530964,-0.03227342103728248
464,24893fe84494be14e4d5,0.37277641703958936,0.006227957593572001,0.3665484594460174
464,796f2dc4d7f64d7d3a65,0.885823909174959,0.4976291265548145,0.3881947826201445
464,a166ef256dcb8ec7bbcf,0.46312289616352426,0.15884828488113903,0.3042746112823852
464,c4d79427a6fd16dfdfcb,0.9228718223399217,0.1158001452903645,0.8070716770495572
465,1aaa2fb5cd75443192c3,0.4537956171095811,0.561634380769461,-0.10783876365987993
465,21c528aa25d64943a30a,0.00047977742907800004,0.3327700991363805,-0.3322903217073025
465,528aeb0fb1ce8c5f492d,0.09635026438531501,0.4786154038718611,-0.38226513948654606
465,e509cde3a8e114c60bac,0.0001723457762035,0.0172671178360375,-0.017094772059834
466,904277a869ab683f14bf,4.789669309024817e-06,0.03754098753188451,-0.037536197862575484
466,aa2ccb11cd97883a2a33,0.009442867228605,0.522932755210433,-0.513489887981828
466,d3ff9a13587875a5dde7,0.9929937930681331,0.470534413473902,0.522459379594231
466,d41031d6640d525d9b46,0.9851499527446681,0.22688826485996702,0.758261687884701
467,02e6e54f0b1bb4bd1961,0.34976692655889635,0.06632221843065268,0.2834447081282437
467,5655d15ba25673cb8549,0.40150253909471,0.531700712550749,-0.130198173456039
467,7cf2dbeb467ade1db373,0.2928860451566923,0.712024640461004,-0.4191385953043117
467,bda1b40c482d29fd6dff,0.659255062315231,0.6367187420276451,0.022536320287585898
467,c1481506192de470f3c3,0.0006704257105193688,0.031102706479736,-0.030432280769216634
468,19a25ab014dedbdd644b,0.3224919423818294,0.4954668253270415,-0.17297488294521213
468,47491dbc1c7afad154d9,0.34976597234151013,0.000793226164923,0.34897274617658713
468,52696c8bddc262b6711b,0.5712155964411246,0.5279649754787725,0.043250620962352104
468,da0988bbd056d965d922,0.34180860866942564,0.6599129119480176,-0.31810430327859196
469,a335cbe009fda0d7b35e,0.001817713763516,0.5272107880077275,-0.5253930742442114
470,1a5d0dc1e81c3cbec75d,0.19820829360115003,0.9817605199608617,-0.7835522263597117
470,592676c2d7a6da0d99dd,0.3734450636453024,0.801701504845578,-0.4282564412002756
470,69bee6b86e5552a26878,0.40314339092291207,0.00014040426387163123,0.40300298665904044
470,b708b84ebc5fc9484d9f,0.6316420868621441,0.0101003073330215,0.6215417795291226
470,e2db0edb9504bc13b809,0.6846279507025751,0.3291579805961325,0.3554699701064426
471,8ce4c267d1e8082f4d11,0.0042630651452242345,0.9297398523989475,-0.9254767872537233
471,b244c09ebed91935e382,0.0015499575789825002,0.6250269803696905,-0.623477022790708
471,bf3cd3f2fe0d86eb0a19,0.12488145397908168,0.24700112997844553,-0.12211967599936385
472,2525bf3b9fbc93601388,0.6721100781240671,0.0140641029105275,0.6580459752135396
472,27e7d219780e9e4939ef,0.528005945396374,0.8953682055599996,-0.3673622601636256
472,399e97d513caa92f3adc,0.9663664793523541,0.44636070964865,0.5200057697037042
472,9ecca8cdc7ccbdae65a3,0.0032131828289860003,0.5683119098436921,-0.5650987270147061
472,cf7fe74f090bf6597ea4,0.0041207037551490005,0.7408853823980855,-0.7367646786429366
473,0034453afddeb8804699,0.49510766680747803,0.9955616932749196,-0.5004540264674415
473,46ac93959d7c301b6ab7,0.6797254251027147,0.9388218802220666,-0.25909645511935187
473,65c547bfbe1a1ebcbaf6,0.325635490972063,0.5440163456764461,-0.21838085470438307
473,8af998ac9ce70fef25f4,0.053144834295286346,0.615975244635927,-0.5628304103406406
474,edb4a422295a285ebf85,0.5025628527551144,0.6343659939576176,-0.13180314120250325
474,f3c7b9ce612df43223d6,0.25671963568232536,0.8925348053403735,-0.6358151696580482
475,3bc04eeac89e5777b799,0.28971548765631083,0.4779816928698195,-0.18826620521350867
475,7c2a3604dc70f8f7cdda,0.967412509016748,0.043029161450391505,0.9243833475663565
475,b83c68bb91a3e35fea05,0.8428286052590241,0.5072416394885626,0.33558696577046154
476,56c2b9d7456b8d92224b,0.4789942208753925,0.6905909378970541,-0.21159671702166155
476,6fe3f4fd25dad719f12f,0.5281214527337775,0.397352115097552,0.1307693376362255
476,afb062ebd3bba524cd11,0.566529178551176,0.4141444834699555,0.1523846950812205
476,c7177e13b0b9a10ffda3,0.6342596558543905,0.0029292241301805003,0.63133043172421
477,0806a1779f1b8471f2ec,0.6385271256114565,1.6597988913603643e-08,0.6385271090134677
477,aab8be9883febbe7958a,0.4540165392021214,0.5253673881113936,-0.07135084890927218
478,1449ea668c4a973c9221,0.18183822637926936,0.6142979397620946,-0.4324597133828252
478,1b98959be0be91620002,0.6540603763864673,0.475579870261761,0.17848050612470628
478,92ce8a3ec241f313d877,0.7216230688861851,0.20572707584313074,0.5158959930430543
478,a6daa42ad877f4e87e69,0.31498332889208214,0.38649937605190504,-0.0715160471598229
479,08b91852de3ee51adf9d,0.001110128060311,0.8154350128654736,-0.8143248848051626
479,456a1874fcd3a162d1d0,0.47566682025077556,0.8575077181250715,-0.381840897874296
479,b44019969e5ba928781f,0.294565347645186,0.5452043046249936,-0.2506389569798076
479,cfb923e785569ee43885,0.025291048888583002,0.49440699393853305,-0.46911594504995
479,edc211ef896ad25838d0,0.00032702043398100003,0.49772227986988804,-0.49739525943590707
480,3c9e9ddb1274dbdf1ddc,0.6018084846772783,0.7915312421076816,-0.18972275743040323
480,6419687beda88cedeb18,0.7501302831281916,0.9840718687716036,-0.23394158564341194
480,a7e573f4c82d69abe899,0.4116793353288497,0.0833550230967255,0.3283243122321242
480,b3f794e8ca0d11ad1892,0.05008519059699567,0.148361712664836,-0.09827652206784032
480,c3c26fde1c9ca3b62cee,0.8018918205171268,0.40937317084268154,0.3925186496744453
481,06c35538bdf407cc0ff7,0.5057226650648093,0.4018400469766821,0.10388261808812727
481,5ae0eb547cce3389feb4,0.5698030609175021,0.6287835466412296,-0.058980485723727494
481,6d386c9244107f54b181,0.7485070847528941,0.023491147805103002,0.7250159369477911
481,b0e8e71e807dcef1dfd2,0.15364967385640435,0.751088823660778,-0.5974391498043736
481,e07087c741642f97918f,0.7320941604091575,0.6354192080661516,0.09667495234300594
482,1e87b69f2edf1bf49ba0,0.31782166072212337,0.34477559560879056,-0.026953934886667197
482,22587f47fd4ad2f1c3ca,0.49866886757433904,0.194396926629913,0.304271940944426
482,5e549c232b636e9009cc,0.3429936761985645,0.41864546222466303,-0.07565178602609851
482,adc65b3294dbf0b7c5a9,0.5322694761168696,0.4208812534485001,0.11138822266836951
483,af1051fca8ac84e55ed5,0.000296928611288,0.16959391151166053,-0.16929698290037254
483,b03ad38190aebacf2370,0.6949845836267181,0.517463609232817,0.17752097439390113
484,0723957f6341f1361e70,0.5300119550841605,0.23796463847800953,0.292047316606151
484,6409128f03ac84dd8d37,0.5162008136346677,0.9172765851101066,-0.4010757714754388
484,71628d0cd008f0676dca,0.6851894572810368,0.1946751401536765,0.49051431712736027
484,97105557938124573f77,0.5129406736449725,0.393283947201578,0.11965672644339453
485,15dc0cd7750ed9eca05d,0.3272873445031009,0.021433177842676,0.30585416666042486
485,68b12e9fcbf0c6bb2815,0.11546897249058034,0.30358922921665554,-0.18812025672607519
485,acfcbf065b68f35c5872,0.4180323014117283,0.644802881897252,-0.22677058048552368
485,ad879647475e45d2e6b7,0.30188889533147606,0.634466660836527,-0.33257776550505097
485,cc98cd705dcf6265b418,0.08416590790726901,0.7303595574328741,-0.6461936495256051
486,0b0de2d2cc8a347254f3,0.27210478033901836,0.0894836802355025,0.18262110010351584
486,347394c6e774b304b773,0.647909458677688,0.24511961185973202,0.402789846817956
486,45aa627d16c6afc70e6b,0.5722571782693254,0.42935254218012203,0.1429046360892034
486,a2b84646ae9cb057c2c8,0.686521930115694,0.509312161584043,0.17720976853165094
486,f44dfcbafd9188f143f0,0.04817699512656501,0.00024850469279300003,0.04792849043377201
487,3ea8d313e2aade08dfc5,0.546690890985097,0.0051999630392680005,0.5414909279458291
487,6e8f8238e4e09fdb273c,0.004396507173382001,0.006561694281853001,-0.0021651871084710003
488,110001271b07d650afbe,0.5080086461727158,0.686592552154867,-0.17858390598215124
488,4937699cc90adc837fb0,0.48339556886952584,0.3278041623081505,0.15559140656137532
488,692517d4fdc292169cb5,0.7659020906232865,0.48233325176546105,0.28356883885782547
488,a6f743f48faed692482f,0.3088398685156787,0.8901531363140975,-0.5813132677984189
488,b98deab507e2cfc05d08,0.38079052369631755,0.33322729449175453,0.04756322920456302
489,831f2e7d5b2902f4c58a,0.17352112135837353,0.5935706473696991,-0.4200495260113256
489,eab8b9aa9ab681942e5b,0.561970146011978,0.015087924087853501,0.5468822219241245
489,ec05c8e54bbbbafda3c9,0.4437661895996093,0.9935202196070676,-0.5497540300074584
489,f0b391e37bf613b68850,0.14395829207715552,0.044158837566902504,0.09979945451025302
490,4cc4fec629b4d627a697,0.2738106999529828,0.9505917994670041,-0.6767810995140213
490,52281c67b0e1b1feb532,0.43301289284729105,0.500929561412297,-0.067916668565006
490,5273271cc6d7fef4358d,0.45348651662937506,0.45129317070733505,0.002193345922040013
490,79860c1c4a68414a310e,0.27787011981583076,0.9824149149725411,-0.7045447951567103
490,7ea3a374834ec6c8c02f,0.19242086536126551,0.5901580282928425,-0.39773716293157696
491,00e088282c92001a9c5b,0.054258274387607,0.750535473040044,-0.696277198652437
491,42931e4ed0fbb7dd54c0,0.057053155888360504,0.49966649224276505,-0.44261333635440453
491,79fa9b3c83696310c9d3,0.017112563882826,0.198632975814991,-0.181520411932165
491,ec8f58e6ae1730aed257,0.7672909484801155,0.4700629242282845,0.297228024251831
492,4e2be65d24a764702cff,0.007932366007349667,0.511916571491537,-0.5039842054841873
492,54e703d8dbf98e389878,0.143121955734881,0.3822771562121611,-0.23915520047728006
492,7a48a4be81e5b641ee9d,0.1537422554757755,0.2064269707690475,-0.05268471529327201
492,859a978c14b970c03315,0.133759695602181,0.502403698265239,-0.36864400266305797
493,1b159186cd6c1994e1ab,0.000468970085496,0.012039136415754001,-0.011570166330258001
493,521ba78e3aba823e5e75,0.0017550888008220002,0.49604245828750254,-0.49428736948668056
493,b36ba923bccab0c1245a,0.003035820224285,0.849830080949628,-0.846794260725343
493,db68d6679ecff0e445d1,0.000440879277926,0.48858706205225555,-0.48814618277432953
493,e82fcb4d61c0ad9df844,0.6551635676859131,0.6050612009189316,0.05010236676698154
495,6082cfa23218473a798d,0.340854713671334,0.276246857709606,0.06460785596172802
495,83e84ff9270b7455e962,6.48222730476708e-05,0.0436394847113595,-0.043574662438311824
495,e15d71fe1c373d9aaec0,0.035717774509165,0.5277803562856985,-0.4920625817765335
495,ed010aefa823f53720f6,0.218822701191645,0.9744262702912505,-0.7556035690996055
497,13927f96d8fa9b48b62c,0.002215016706764,0.02583027526656435,-0.023615258559800352
497,740eae480f96d25dd450,0.021405776241258286,0.5137906231387855,-0.49238484689752726
497,a3a8025162e9f19098e6,0.000944535837949,0.027125167705221505,-0.026180631867272503
497,eff3b7a0008593dd37a2,0.025952469818391003,0.001582990706961508,0.024369479111429494
498,96dd620c1c38f6b6017a,0.17795784993703614,0.9867824510922971,-0.808824601155261
498,e212635133e2063a1a7a,0.12846790570948016,0.7401018646549901,-0.6116339589455099
498,e9df1d3c349a41564f6e,0.38980414138937747,0.909754413903846,-0.5199502725144686
499,1de7b42a97085677aaa6,0.4264916688819362,0.433366413517497,-0.006874744635560814
499,44f85029cfe9c5f07928,0.2940396867983113,0.41033014056370104,-0.11629045376538977
499,4c1898c911742599d940,8.762653886120282e-05,0.249199910273596,-0.2491122837347348
499,58fd45d349f9dba6f7b1,0.3796962214920868,0.46866611687269255,-0.08896989538060573
499,792171863a416c12eb06,0.379838204718174,0.5012462160763596,-0.12140801135818557
500,0c2eefba3c1034356021,0.586610153489309,0.49760911402086605,0.08900103946844296
500,376caf179effc6f5b781,0.0031608535246420003,0.542062388669124,-0.538901535144482
500,69231b4e267f1058820b,0.058261211262508,0.9321526822698321,-0.873891471007324
500,96c1c0f0b5e160feed92,0.846252046298807,0.9071943516879221,-0.06094230538911505
500,eef96560732f3897bddb,0.042678990231899,0.12888853919423301,-0.08620954896233401
501,5b376cdead9dc36020e2,0.002078962819353,0.0422808892695415,-0.040201926450188503
501,c6880c520a878e433899,0.981434818099407,0.0744665235646435,0.9069682945347635
502,0c945d287b15e3eb2016,0.030660153248054003,0.18728586863371652,-0.1566257153856625
502,e6fb86ed99485f54e253,0.000597671872823,0.5825732049763336,-0.5819755331035106
503,385cbdb6abce70b31fb7,0.31421343399518004,0.2550127807943135,0.05920065320086654
503,69252ef9fd003e262b23,0.39923457171463733,0.48251527774603353,-0.0832807060313962
503,812d2f625f973e6fc9ba,0.4106976825155267,0.106552321957913,0.30414536055761365
505,09345a57fdc3b1485755,0.001054907385669,0.24750368953537505,-0.24644878214970606
505,2047439256287c6316fe,0.39178371622485403,0.033643670396775,0.358140045828079
505,44a4006330580fe1760f,0.026811212336720004,0.9190677743522421,-0.8922565620155221
505,a06fce0a648b15c833e6,0.5011681912251011,0.0979492727533095,0.40321891847179164
505,d1b64aac40ade4b753ce,0.383033541750996,0.12629573864072202,0.256737803110274
506,653a30cd2caf0dd1b002,0.1363311841480815,0.9965880928493531,-0.8602569087012716
506,849e18376ad03bd48a28,0.15243944667341333,0.9398663286307616,-0.7874268819573482
506,861fe1076aa4b8dcca4f,0.31270686133039133,0.4934921763354194,-0.1807853150050281
506,d6294d65c1fa9cf8e0a3,0.6250034711849347,0.9693591020827741,-0.3443556308978394
507,7945137f0a926980b157,0.48190278455545865,0.063283721626471,0.41861906292898765
507,bf9623b47d5ecfd47870,0.4206691702380194,0.316795684755947,0.10387348548207243
507,de1dce3da3b9b2bb88f9,0.6679516871581705,0.41963206311063206,0.2483196240475385
508,311e0b99b7cc067e4abe,0.6602609041807381,0.9041684407664711,-0.24390753658573294
508,9536a09bb4a681e8b546,0.789181157251523,0.361318867232153,0.42786229001937004
508,f2b45aac568822ada0e7,0.0449639481818105,0.20629381787526352,-0.16132986969345303
508,fc7f79d79bac45333f88,0.06887709337455701,0.4965329121621425,-0.4276558187875855
510,08165391588c405c7210,0.40920607210874105,0.322637428197005,0.08656864391173602
510,2682a4335fde728b8a73,0.24806387489960052,0.9691884530012446,-0.721124578101644
510,8d7518cd0f6ec3307afe,0.08067925893212,0.463743322458026,-0.38306406352590605
510,a059fcc519417ea092bb,0.8317911261376005,0.3247957757825675,0.5069953503550331
510,ba3d327881c4762c77c6,0.14229937195501702,0.8473154355734885,-0.7050160636184715
511,ec37fe352d1a3dfe4661,0.39390886798040076,0.534924436270883,-0.14101556829048228
511,ee8b2f3dcd7fec2822e2,0.7781545208567053,0.05079529557362851,0.7273592252830768
511,fba2c7a45c7677d27216,0.467462338218503,0.7034953090707711,-0.23603297085226804
513,1744e0403403e40c0682,0.722638185823848,0.5215126659906555,0.2011255198331925
513,48be3c386074b3b08ac7,0.42053933996444004,0.25712307303096205,0.163416266933478
513,67830c726bf86c49c1ae,0.738366755802595,0.8982387842435822,-0.15987202844098714
513,b1c23e06041ffe89c59b,0.03162879513839332,0.48416045984530054,-0.4525316647069072
514,852d54f5cae5b9b43ae4,0.2096347515067937,0.8316607815169816,-0.622026030010188
515,9a075665ba2138f30266,0.17259271315912353,0.45586254588693403,-0.2832698327278105
515,d2506946d89614cae8c4,0.013513115571665001,0.6438256710048791,-0.6303125554332141
515,f0b79ccb83343aad6ee2,0.2809455637070648,0.4912220102927476,-0.21027644658568279
516,1d5a4b26c334201f57ac,0.28349144525194553,0.7838873928434196,-0.5003959475914741
516,2cf533014e70a3ffc750,0.425368160717261,0.3128525575441845,0.11251560317307652
516,54e687b72c8cc95b07d4,0.23872319286062402,0.0909126023307365,0.14781059052988751
517,33fca127cafaf6bd7538,0.25117756272289754,0.8525991752885795,-0.6014216125656819
517,34c5798dfb28003c1e59,0.8781203697444775,0.144898557512486,0.7332218122319915
517,4f58b612fd056309d6bf,0.786993235682044,0.5696642514915266,0.2173289841905175
517,7d7b3f36be0cf3be7370,0.6085778253971518,0.3483799739515885,0.2601978514455633
517,d9e4e98ca612883995ab,0.357397638156051,0.056755447278157505,0.3006421908778935
518,62836ecf9ff6e8aef35c,0.0015672121578470001,0.029672244647528503,-0.028105032489681502
518,775c8139ba41294aa870,0.01374308637449053,0.9950052547543126,-0.981262168379822
518,7fca971bd68250bce0bd,0.028836217533137,0.050175772378023,-0.021339554844886
518,889a4eaf99c85d5b06a4,0.0036925238793415003,0.0389563271619145,-0.035263803282573
519,3a0e9198dc5a3226d861,0.012928271770049253,0.20475824564817102,-0.19182997387812176
519,81a44911255bca24c0e9,0.0005287727338800319,0.00023346168980600002,0.0002953110440740319
519,874cbca9abefa80b992d,0.0022409672481064663,0.49774136294819504,-0.4955003957000886
519,e8b9f88b5f73b6344646,0.04248494670516251,0.001554389861953,0.04093055684320951
519,f82586dfb1830e5aec09,0.17057191963072552,0.0303842357345325,0.14018768389619302
520,42081be1d2adae53b65e,0.019734704874899502,0.20024342489031352,-0.18050872001541401
520,8a415f36b6f1d80eb414,0.018929375101566427,0.4622364147278839,-0.44330703962631746
520,b19a034aa8fae10b2227,0.10561149799695052,0.187427897514949,-0.08181639951799849
520,d4816b8c15243ed162e4,0.15420897519153073,0.3989468949759845,-0.24473791978445378
521,2d6f1d67c506fd9afbb5,0.6144510727762921,0.5325249170892346,0.08192615568705752
521,63627f212d6bb3bd6508,0.41402629824976933,0.2542311463290875,0.15979515192068183
521,a24e45a696d0f17d11df,0.23140672315552002,0.49712037816882954,-0.2657136550133095
521,b72a6d4a10fa0dbfea44,0.5887066607497405,0.0048843489097390004,0.5838223118400016
521,dbac888117e294eaf7aa,0.1985071350009645,0.34073581473225,-0.1422286797312855
522,1515c146a386ef705f7d,0.6684589369307464,0.7409712142635021,-0.07251227733275567
522,422ea175ceac70070c5a,0.011024522059198,0.49935073230174404,-0.488326210242546
523,25285d87e952759c0192,0.002777071674042,0.074846770821702,-0.07206969914766001
523,2b8e411354991cdc0a2d,1.5528422833796539e-06,0.46851781383443253,-0.46851626099214916
523,6cc1a08e274698bfbd86,0.9310755477587821,0.549405607121328,0.3816699406374541
523,c1c4ea674a9bb9cc8003,0.009578590467747,0.9839156346152025,-0.9743370441474555
524,12cc7ecc3c8e2397681a,0.42106058212900954,0.43891830873921805,-0.017857726610208513
524,36e899ed6004abad4162,0.6085557679473296,0.0755596014274085,0.5329961665199211
524,6dc005f943d146aa946c,0.481179950307008,0.33173380842866707,0.14944614187834093
524,b4439961b9823497a9ab,0.7489001414912021,0.48274964156320554,0.26615049992799655
524,b75a8d24e0ed77853eda,0.393076723389828,0.000479645300708,0.39259707808912003
525,298e45065e8f25244560,0.47365223218600006,1.0856951408286438e-07,0.47365212361648595
525,5ae4c37e5dc30318dcb2,0.00285050143135,0.41384343516113753,-0.4109929337297875
525,5ea7ff737e5b5b02e6f6,0.022690323595150195,0.14264383866823807,-0.11995351507308788
525,f947aa78a04ba88d9fb8,0.00100717503364707,0.03373061568211,-0.03272344064846293
527,21b88c8b70b08f89bd8a,0.038674907878642,0.566193819224274,-0.527518911345632
527,60c5a378564cedd77dc8,0.0031527385772560004,0.311154529617013,-0.308001791039757
527,742049842fe632138670,0.002912939979585,0.634487658413595,-0.63157471843401
527,75fc4708d4789f99a77e,3.6284433892552476e-05,0.7726542362808966,-0.772617951847004
527,e656149764aa00bff36d,0.0021685476513500002,0.1737179804724945,-0.17154943282114452
528,4f1261d75e7396cc12ef,0.5509174818964495,0.13875598262972202,0.4121614992667275
528,da672ab366640a07dc94,0.7365078935585989,0.18775158331567302,0.5487563102429259
529,fdd246b99d7a2a313e19,0.002623800838651,0.6777347341098501,-0.6751109332711991
530,c3b4109b5a6311adcc1b,0.000170939140014,0.505569367501243,-0.5053984283612291
531,14ff01071f342f8ab60a,0.4306445580169127,0.5526636069188591,-0.12201904890194637
531,265d0fbe60ecbb2510b2,0.0674264212223924,0.0204638434707955,0.0469625777515969
531,c4ab99eb60991be53e16,0.22400016070461676,0.5461066144155385,-0.3221064537109218
532,1be48c8346d0d6b46476,0.003971791650774,0.27587398498056953,-0.27190219332979554
532,1f2b3010965bba61994c,0.113046374414087,0.17022441989104506,-0.05717804547695805
532,5ae0de64269db251851f,0.07598035025567801,0.0466101143112415,0.02937023594443651
532,f2538ccc31e8045f199f,0.0022131889770870003,0.517913884583253,-0.515700695606166
533,3869db2fd993a38b1770,0.4092299723665784,0.24944913879442202,0.15978083357215636
533,81241f456c54220d26c1,0.0018573400892455002,0.18529115390679451,-0.183433813817549
533,88fd58c5a032bbf6c337,0.21551142770506101,0.03440937747780301,0.181102050227258
533,8ea434a3a2fc180539ba,0.2037195748123177,0.001452829840176,0.2022667449721417
533,c4aadc85890c2f0f7533,0.13977264976303952,0.044520349717637006,0.09525230004540251
534,06180cc700145c771d2d,0.40361170143788905,0.054330233151514,0.3492814682863751
534,427d4da72bb774746d4d,0.00041326859291100003,0.165942995917116,-0.165529727324205
534,a53ddfa8dffc90c8b486,0.4687358661177878,0.26931747897109204,0.19941838714669574
535,5e5f11fd006b709b537f,0.37075145635933304,0.545231334102753,-0.17447987774342
535,d0d8bd0b999c0b9311cc,0.0208736953227155,0.9882495335871411,-0.9673758382644255
535,de7a449389add2cb1706,0.34840692810536,0.5223625985298,-0.17395567042444005
536,326546217c0aee931719,0.6402256961547236,0.40465989878439107,0.2355657973703325
536,78a149d7d2bd0dd9bb01,0.022350636953523,0.45828232764557003,-0.435931690692047
536,95cdec0456f5691dd5e0,0.008564194351190001,0.8633787606971846,-0.8548145663459945
536,c5f985b884eab2ece817,0.435115621984397,0.910034973223808,-0.474919351239411
537,086e724e5f4821611e67,0.2864089744392764,0.5051892037754551,-0.2187802293361787
537,ae1275a8cf55b3a66b09,0.21132187414639403,0.534585431915271,-0.32326355776887694
537,b146c80178af9b3b5bfa,0.929403601431503,0.5313631366843301,0.3980404647471729
537,b4e978c78afabfd39529,0.532398732736734,0.9927617135288016,-0.4603629807920676
538,09446e7c87ca3fcd8eeb,0.000178948375208,0.7130605046359515,-0.7128815562607435
538,114f8160ac58eeb633e7,0.002415277974761,0.7940402125890386,-0.7916249346142775
539,433012d02488c8294d82,0.0544854111637265,0.26887314608823154,-0.21438773492450502
539,e87c1e92e972cef71e59,0.6085805022513541,0.22569826554490488,0.38288223670644916
540,48b46c7116e06659f6e4,0.5166797784489211,0.41042051236799804,0.10625926608092306
540,7431e458a19245a40853,0.5064424832933051,0.00037027027232550006,0.5060722130209796
540,7ff148f263f761a00ba8,0.002189338143895,0.281823109620159,-0.279633771476264
540,d2b4095217cdd9ee2d17,0.47960527363595806,0.40932168195046054,0.07028359168549753
540,fa78ba6fb9200137be3a,0.32364247402226304,0.145708101356252,0.17793437266601103
541,28dd0d72ab6096106624,0.027713709349103003,0.33789823487874204,-0.31018452552963904
541,2c2f4df9266560f73d7e,0.06747058738414,0.4986173109595705,-0.4311467235754305
541,4537babd2f8d5dcf45ca,0.8762568116105071,0.32979449473474254,0.5464623168757645
541,a0209568ed345a33a132,0.890532145957148,0.9869648118086101,-0.09643266585146204
541,b6bb105c25513ba83ff1,0.9739687743285351,0.42374353336150755,0.5502252409670276
542,1ca7f8c949e891eedb5d,0.006617271730400501,0.006375759388957,0.00024151234144350036
542,999a2132f173be67b7d5,0.008970901663816502,0.9640886955868411,-0.9551177939230245
542,f27beff2c3182f244c2b,0.030061481105994003,0.17782930021477003,-0.14776781910877604
543,52e5b587bb12340dcf9e,0.33184385424926005,0.09026273431884851,0.24158111993041154
543,5879eac21de2ee8f2c50,0.2564113006711575,0.207566395871344,0.048844904799813516
543,8bfd5cecfb441211f902,0.09943959276207001,0.49425959765366806,-0.3948200048915981
543,dd03d20d4391ee355ec0,0.6536548070252366,0.39541271322611304,0.25824209379912355
543,e5c6081aacef7388ee57,0.0022333133784020005,0.0739811825349545,-0.0717478691565525
544,c49e020ac791392f7106,0.14821499065924926,0.9797800519571536,-0.8315650612979043
544,fe06f3bc18383db8949b,0.185568811634612,0.009860552235802001,0.17570825939881
545,9d9911dea51caa09e710,0.30439123707439103,0.9092485492178701,-0.604857312143479
545,d63e6071ae7d9ed58b83,0.47743741958642083,0.168254757521446,0.3091826620649748
546,1a25f542cdeabb740295,0.002104328917908464,0.06937775721033951,-0.06727342829243105
546,7836fda56c4e1b6b651c,0.33486821176753506,0.011552327063811001,0.3233158847037241
546,84f93e3d8a644f42d422,0.3592093059221721,0.695734629508847,-0.3365253235866749
546,c7c792f126988d36a897,0.14130255918316,0.8909172199952506,-0.7496146608120906
546,eae36a0f26486ec01284,0.5586991389303217,0.8955564547877566,-0.33685731585743484
548,61f82e9c8d7418ac991d,0.64053285192984,0.0534550935877853,0.5870777583420547
548,621cba39cd3f03b3142e,0.6584161111113821,0.7883917785850576,-0.1299756674736755
548,9eff6d9c27a7e55de8af,0.7504460317513585,0.4538415425488971,0.2966044892024614
548,dcc486fc2aa3fa42295e,0.49556745391656754,0.026564175981163504,0.46900327793540403
549,483cfc848c6eaa599a1e,0.504320558333734,0.9819149976208951,-0.47759443928716105
549,9fcddd985477fb3c686f,0.33677366011544935,0.282481551080474,0.05429210903497533
549,c7c8710769c93657ad44,0.3334031831131343,0.573018384806638,-0.2396152016935037
549,f4b7c15e9fbb23109492,0.32398136819211437,0.47103434328478655,-0.14705297509267218
550,2a9966beadd975f4fb0c,0.05618654286804851,0.8622030400398866,-0.8060164971718381
550,8956fdc1d8d14f68a77c,0.7658450613748261,0.12064429766444151,0.6452007637103846
550,8afc8503ee337673dbc6,0.664595510479158,0.48860156381606457,0.17599394666309343
550,a3f1ccb56705f18761a3,0.19915019452140703,0.6094338494299836,-0.41028365490857654
551,3397b3a1dc4086b7b522,0.11806147258103633,0.29610140031222054,-0.1780399277311842
551,66547c5f6aabb213e644,0.018959376547718,0.7708535129095155,-0.7518941363617976
551,96f2e2e43e7704abc665,0.38515433732252,0.552922845783305,-0.16776850846078495
551,da9018f356a50f12ad09,0.4808863286614058,0.26698788624962805,0.21389844241177774
552,5451aab0134c915f10cd,0.9944847044432537,0.41424148410073103,0.5802432203425226
552,69d9b04fbddbc44f82ea,0.30328128881396604,0.5115911364732355,-0.20830984765926946
552,88859725e91d686755f9,0.505205092915608,0.663593562060935,-0.158388469145327
552,d008cd4cad88c70024a0,0.0006408968340430001,0.3595647611069285,-0.3589238642728855
553,0bca02711df67a0036f0,0.761226004064767,0.2993050388181535,0.4619209652466135
553,2e925c1926a09ee40700,0.6911111259830197,0.15164152807581,0.5394695979072097
553,65eaca5fa58682b8d08d,0.9528136461026846,0.012960291100918502,0.9398533550017661
553,75f31ed1c376dcf94497,0.888193088004207,0.42478811273210804,0.463404975272099
553,cf0d39e15ee4ce3c76ca,0.7763374706643531,0.42353499566955705,0.35280247499479606
554,2258c0a730ca71801ebd,0.22797238755429403,0.144383883960609,0.08358850359368503
554,abd63c9046a7abb129a2,0.9329163673812639,0.7384867755479031,0.19442959183336084
554,b7a52435959648d07501,5.1727574032406876e-05,0.000546258229103,-0.0004945306550705931
554,dc6bd4f3d6f4fb9a98ac,0.0765611030160245,0.022571814270416504,0.053989288745608
554,de7bf25b8dc14a55c6ff,5.42525803349423e-06,0.0060829818392620005,-0.006077556581228506
555,91d61b77237cb4aed130,0.10196917829648601,0.7371856473885531,-0.6352164690920671
555,9a6a2513b32b76d00701,0.027355118490978,0.8913397441157346,-0.8639846256247565
556,97a4759e7bfd18d89910,0.5064450720536201,0.0875205350175525,0.4189245370360676
556,a387834d76848fb49eee,0.3448546676115092,0.47633141928932954,-0.13147675167782036
556,e55327699bc0e6b407cf,0.3397029988872155,0.8277363666392845,-0.488033367752069
557,85029ab286c0e2e574c3,0.3251437329548943,0.7878664955658106,-0.46272276261091627
557,8e7c0ae03d6f2d39354f,0.5380992016632268,0.5565544676964691,-0.018455266033242324
557,d4105cf8efb59e3eb6f9,0.7088369772741916,0.5088292511240665,0.20000772615012508
558,96b9a8257f455423810d,0.5444668677729246,0.161276759547226,0.38319010822569866
558,cad704117a660a4a3402,0.748203949778109,0.9122640214539671,-0.16406007167585812
558,d1fa54b15068c2b55aea,0.49414266820651453,0.24574907739412905,0.2483935908123855
560,147c15d574980cc90948,2.8645339716083383e-05,0.8668837396412126,-0.8668550943014964
560,211f443315475443e754,0.06366414036423801,0.10159721607919851,-0.037933075714960504
560,493538525da62f70a3db,0.297208015308354,0.326209991889154,-0.029001976580800004
560,96b914d8513694e7400a,0.5992157282785531,0.0740161558467505,0.5251995724318026
560,f6a19ad47e980ea6c9c6,0.804108514927327,0.6020565602105895,0.20205195471673754
561,db7ca3295f53589b85c6,0.8071511449340321,0.5424089995017125,0.26474214543231955
562,0fdae1c4a6cd5c9092fe,0.638095910100007,0.37551617695227907,0.2625797331477279
563,0b6eee1fe1552c3f0bec,0.8967480382479771,0.46940123571920206,0.42734680252877505
563,118115836ca692661acf,0.110154553580373,0.7438038218331495,-0.6336492682527766
563,e17658c945db795bf603,0.08919800709324101,0.0018943461594390083,0.087303660933802
563,f2cf290e2ad4c2458739,0.007422932560843001,0.344473451637815,-0.33705051907697203
564,1dea8a53195d108e0514,0.5515817078880341,0.03888428077961,0.512697427108424
564,348a7a11f26a27e81d01,0.056004610377570006,0.26937545870781904,-0.21337084833024902
564,4736e1deed3bdbe92540,0.5296401681726125,0.42319267919221654,0.10644748898039597
564,624a4f53c8378b5336f9,0.49195870135992603,0.58087519473098,-0.088916493371054
564,8ed0f00fcbee77adbbbd,0.7780523072013021,0.32772865210323854,0.4503236550980636
565,095fcc6f2bb20e1b038d,0.027358624753231003,0.008424357915774,0.018934266837457005
565,f7a87a058fa7ffadccf5,0.4665727136736786,0.7784117154934426,-0.311839001819764
566,040f10d48ed81cc6b537,0.000530062619085,0.1988278500192645,-0.1982977874001795
566,257fa617844f5922a773,0.00026506749006800003,0.5408806182131121,-0.540615550723044
566,31850e8aed3e7bf90a7b,0.5141947160246685,0.24578077096708537,0.2684139450575831
566,60ba016b1a4d16acc2ac,0.16623735964470102,0.45237346917403604,-0.286136109529335
566,8092f836ca370c94d038,0.009248783016941,0.8607962756875811,-0.8515474926706401
567,6abfe24a7fff8b9ed735,0.348694981642375,0.943279317390441,-0.594584335748066
567,ab5eab5f9d3ccb97aac4,0.21649235744197637,0.759240177361658,-0.5427478199196817
567,d9e82412abe96bad5d40,0.21267894366176243,0.9636187240831031,-0.7509397804213407
568,f12fdf9c21fe80acf0fa,0.003182633586103,0.5230228478901695,-0.5198402143040665
568,fa8a5283fcb61101cb3c,0.2353671339185477,0.1586430774777435,0.07672405644080418
569,1c4277dc3008cc5256ce,0.030593227332157004,0.500138437161581,-0.469545209829424
569,2e713c5638ecfe839129,0.19794798541237402,0.4460345921201675,-0.24808660670779348
569,322e38475738e4b5075b,0.6721996109723247,0.5698839386827086,0.10231567228961613
569,7a8f341e01b799ebf0f7,0.35121132595930804,0.27770459750152,0.07350672845778805
569,b9bfd8d6a08bab2f9b62,0.025156481843832002,0.16243516312504902,-0.137278681281217
571,71239b594ef0199cf68e,0.300052867428792,0.529599421658768,-0.22954655422997605
571,838bd66a8c7bbdae08c9,0.25206817408424437,0.0006664906738905001,0.25140168341035385
571,bceddbe47d3549158fc5,0.2754763941551685,0.4949279763242784,-0.21945158216910987
571,ec9e50af52ec6bc2f428,0.2768658881946138,0.51243434235478,-0.23556845416016625
572,12ed7c36e6de343bfa78,0.22542207647137302,0.27071912281883104,-0.045297046347458014
572,1810e78a837a25d171b6,0.6287410874242371,0.42312664289074353,0.20561444453349353
572,29821c6ad1017ff2223c,0.23748015380285667,0.027612307784546,0.20986784601831066
572,8721d3b934644cbb7e4b,0.044083510308513,0.23454811901949552,-0.19046460871098253
572,c67fbd9566c76392c4a1,0.21744494609450551,0.21339726957496102,0.004047676519544491
573,38890d287b76df1f8a84,0.01942637242900661,0.5771227058059331,-0.5576963333769265
573,9a06eabcd23b4dbe71fb,0.212522058359566,0.39334920861878203,-0.18082715025921603
573,ca4f32d099b742a190d7,0.15449529099367293,0.079392585849601,0.07510270514407193
573,df2104bef875ac749053,0.301088780197492,0.40034541372412,-0.099256633526628
574,38fe7ace599925d107fc,0.48864216430724605,0.605065737553631,-0.11642357324638497
574,650fb739722330a09920,0.16245784270218336,0.46776880642921953,-0.30531096372703614
574,88a6a79547320783c62c,0.6705741618684739,0.531526627597342,0.1390475342711318
574,ca9e2995836ccf7341a1,0.8552449444197728,0.004407606663877,0.8508373377558959
574,d2cc97b12db09f4785cc,0.3767662802284177,0.4966654060771985,-0.11989912584878082
575,56717fd85001daefa0f8,0.9836052517646511,0.1571225078763175,0.8264827438883335
575,60b3a9b2f5c86e4c146f,0.6040963839921923,0.597752186709855,0.006344197282337372
575,6c1517afe0cc1ac90e90,0.634457615776901,0.49594852432924197,0.138509091447659
575,7fe2f9d8ac8154513e64,0.47357488906544853,0.07714429416396151,0.396430594901487
575,c8f39bd217882b5a84f8,0.932316476516936,0.5114712318834156,0.42084524463352047
576,030682c72bd900f8eb39,0.994018041164973,0.4993277138311011,0.49469032733387197
576,55d9aaa1cebfe4a0aab6,0.9198941586621431,0.11593379690341937,0.8039603617587237
576,6652380d43b871ff5a00,0.9910174916913921,0.10743033967133352,0.8835871520200586
576,e816dc845deb3f8db755,0.9850433661920921,0.0019891699864660003,0.9830541962056261
578,25fd044360a9844db87e,0.030373406734611003,0.6269236229546995,-0.5965502162200885
578,41fc677070990edc6033,0.33790854028563705,0.45766486107143406,-0.11975632078579701
578,edb151bfae18fb3181d7,0.027424325312157,0.49364713368312,-0.466222808370963
580,23d5680a556eef19e547,0.005286152541411896,0.7000244825323646,-0.6947383299909528
580,4be87a48f6e5f58ffa57,0.12075952987176201,0.089658965480716,0.031100564391046012
580,93c8270c8e9921846d0f,0.6686334238115796,0.8960627822837222,-0.22742935847214252
580,c71f5a746a07e0584645,0.0211388879176955,0.0043383643203905005,0.016800523597305002
580,e109470f72dc20540259,0.12835491171302602,0.739648705048521,-0.6112937933354949
581,ecdd47b03065cb1baf5f,0.5469254611037289,0.7472883923835271,-0.2003629312797982
582,3c0346e047a0ca3a0972,0.2669455537884258,0.322838247175571,-0.0558926933871452
582,9fca0d3dd086c3aeb7c2,0.0041609875294440005,0.738914923686901,-0.734753936157457
582,d6bf8fe952be11d7fc1c,0.0784664384066542,0.5813592357656081,-0.5028927973589539
582,e2c2fa63771f3e873ee5,0.393335229732104,0.8152397124037265,-0.4219044826716225
582,f8d8360469061bc9f5d1,0.4431964982980625,0.219931274822733,0.2232652234753295
583,3918800a67423769d927,0.073505541735461,0.883462117663083,-0.809956575927622
583,4870a0bdc6df1a0f2d1b,0.820239160466498,0.25837642366003805,0.5618627368064599
583,4c2963827834316ce8c3,2.08748195060932e-05,1.7055481419624104e-05,3.819338086469097e-06
583,d986ed207389caf8de22,0.071111687453979,1.5332345543884282e-05,0.07109635510843512
584,0393a88d5667fc041f68,0.0032916359696560002,3.0693919208410335e-05,0.00326094205044759
584,236a08d414a5dd110c6f,0.031755506047604,0.1100999096178105,-0.0783444035702065
584,8338d6dc67c601f5eb03,0.0008143843594330001,0.49945418572859657,-0.4986398013691636
584,f725c06710bab62f62f0,0.7047501876874621,0.5606935705570856,0.14405661713037654
585,1f1db52f0a5c35027ecd,0.713275711468846,0.31892750999913305,0.394348201469713
585,2097429584bc1b0230d2,0.5563717229087125,0.795197200082322,-0.23882547717360947
585,91a8e48667f8fea204f3,0.5911680451034326,0.0878263092375265,0.503341735865906
585,a0515e544725333314b6,0.24852273124102267,0.8055028731458651,-0.5569801419048425
585,dfbe807c2add8d7f1a00,0.578677227610096,0.9927729806596536,-0.4140957530495576
586,2c8c23ec1c737908c3d2,0.31106258719801777,0.49803225987646754,-0.18696967267844977
586,6e2576c27c429f80ef2d,0.004344063818144667,0.049368244493160005,-0.04502418067501534
586,702810128f430de5c2bd,0.004618915637192831,0.6756379819922731,-0.6710190663550802
586,7a1da4dde22a3fd574b4,0.07702397617290334,0.023597942262673005,0.05342603391023033
587,0add3b8b1b7cc253576c,0.024263196483601503,0.039390323115052,-0.015127126631450497
587,3f1ef71eaa93cebc3278,0.07625268197699579,0.44529198526167607,-0.36903930328468026
587,c3f39bd44d5347e00bc2,0.7105983251538426,0.4921060978339036,0.218492227319939
587,f1ed007c7e21436191c3,0.569252369374962,0.06264693790272001,0.506605431472242
587,f8d154f8513ede18658d,0.39438420932816054,0.0007557996402952535,0.3936284096878653
588,ac35a7f3b143ff702ac0,0.078019460827286,0.007148371653244466,0.07087108917404153
588,bfdebc82adde0a64d8c8,0.23278159139623503,0.9561430615425421,-0.7233614701463071
588,e8dddee0d4924f66ed56,0.4617505869986182,0.322807291488352,0.13894329551026618
588,f275cc46f28c29011dc4,0.5055012497716848,0.012681906038793501,0.49281934373289127
589,15372e55723b63ce2d8c,0.4915595579314074,0.6057083831531526,-0.11414882522174519
589,b0752f6b28490a0ddfb9,0.3685869710955413,0.7464564041275821,-0.3778694330320408
595,b8243894fbd9fecfd0ce,0.29147189791063555,0.164367247826393,0.12710465008424254
596,15e117fe79363036c58e,0.49391007614086524,0.9079961800649871,-0.4140861039241218
596,84e79c73b23c6ca2e397,0.34425700856947267,0.04888969451680251,0.29536731405267014
596,be0929c2e7a662885fcf,0.4046796316454537,0.00041010506064900005,0.4042695265848047
596,c692655413df4756ba74,0.4249021540366187,0.08806116105916864,0.33684099297745007
596,daf6139d31beaafbfa18,0.3481973304878948,0.45460567560181253,-0.10640834511391772
597,15ea9039f5f8c1542fcd,0.7069969392821824,0.5262846926443525,0.18071224663782992
597,224608b4c7ace08e275d,0.5689432300849888,0.023275731482974002,0.5456674986020148
597,9c4834db7a4f94ee6582,0.09242503662953651,0.6868768581704481,-0.5944518215409116
597,cfc047cb36f8de930821,0.35236194868939336,0.218068654662464,0.13429329402692936
598,560e9f63f51a33936024,0.3968408618097919,0.18743273561582302,0.20940812619396887
598,705e7a4ddb39e38eaef2,0.013793275747370305,0.557250094252262,-0.5434568185048917
598,bf3e48d84de8053709c9,0.6535297573045717,0.293513831493942,0.36001592581062974
598,ebb56fc3ee0d0da4a055,0.2940948420078616,0.05172077511272933,0.2423740668951323
599,76a5f7500ad82729f681,0.02380806204982881,0.009553846171538,0.014254215878290809
600,19f0e867db4eaec70f23,0.6958073584475543,0.8629494221727451,-0.1671420637251908
600,1b74a4c923454bf53df5,0.36741058192565723,0.955612955902373,-0.5882023739767158
600,41287222bb0d695c9cd7,0.45569840156658115,0.88230751911838,-0.42660911755179887
600,aba7d3735b1abfd9f411,0.40490482093708485,0.47617904627176855,-0.0712742253346837
601,905c04c91b424f5f5a35,0.3095598739486085,0.7572215455841245,-0.44766167163551596
602,2859db796edb126a360b,0.0015359455638550002,0.5251481902069045,-0.5236122446430496
602,38d9a537403a38f282e1,0.357418235402583,0.7674381681086486,-0.4100199327060656
602,a939ad7eff56cdeaaf45,0.00459410187161085,0.9754229256351126,-0.9708288237635018
602,bea1d903e3b35b4e6645,0.35059144664663283,0.46982273188196955,-0.11923128523533671
603,2fb316cd1f23a96d1a49,0.1870766632949285,0.058445567904752,0.1286310953901765
603,99bfbf6cd8b563e64943,0.11425174667468702,0.0070477069904185015,0.10720403968426852
603,e0b7792d1334e2bb2e71,0.0889120168399585,0.5161091525181111,-0.42719713567815254
603,f76e25c58e28ed1ff6a6,0.038218592780131004,0.086704104432375,-0.048485511652244
603,fb737eb20d549dcf32dc,0.0002869334211428545,0.0012228303674605,-0.0009358969463176455
604,08358f4ba1c0bc486b8c,0.001380710692831,0.964225615825524,-0.962844905132693
604,47c2975567f0865d2130,0.000123482088602,0.037494945418172505,-0.0373714633295705
604,6704481836c971b95193,0.026966841541408004,0.35322759128992853,-0.32626074974852054
604,7a6712f6388db2f35b01,0.012376186146754,0.43631370874499603,-0.423937522598242
604,e9acead6cccfba29b949,0.001308257647972,0.3115087277167597,-0.3102004700687877
605,4482ace68ca6eec4e526,0.23544018653126952,0.1003694234959625,0.13507076303530702
605,49dff434ed65dc65ad81,0.18285986379624738,0.9076994865945905,-0.7248396227983431
605,6a01d1101b574a3582c6,0.05213903138578901,0.41349271158838,-0.361353680202591
605,dee2eccc3ab70d7f874c,0.08325818207771435,0.5381735284484661,-0.45491534637075176
606,3fba6c338c6a8b915447,0.42941657472430106,0.37565975770346655,0.05375681702083451
607,295e919c87cf949d13e6,0.117834631271981,0.608690118189126,-0.490855486917145
607,4134aad3919673e789ae,0.055083135442264335,0.41969806201576054,-0.3646149265734962
607,89e71223befae3d212be,0.5955731900341465,0.5410520263025805,0.054521163731566014
607,8f4d3f9bca86ec7b0bba,0.0226543736080515,0.00036429873639,0.0222900748716615
608,4a31f26ef1853dda9a9f,0.5277032151709117,0.537010025550508,-0.009306810379596353
608,8b6f0a80f7dcf087837e,0.4266455664293394,0.58655863885763,-0.15991307242829067
608,c8dadf8161ce6a2d8672,0.5280871067120559,0.7654837442026357,-0.2373966374905797
608,d62e9dd579d3ff0e7563,0.45021316770597103,0.5083673818575095,-0.058154214151538486
610,300d3967280b261cccb4,0.00046619727754400005,0.0020524460595575003,-0.0015862487820135001
610,3bb63a21add590706c3d,0.4182175051023331,0.734970312092289,-0.31675280698995595
610,4fafd42cc696643fd842,0.5426823647190441,0.9680296982155381,-0.425347333496494
610,d02c00c40e484b55cf6f,0.280048939036174,0.5627715217470985,-0.28272258271092454
610,e424afcd4beb5b6f5d7c,0.031530107948839,0.1780677097213795,-0.1465376017725405
611,1ad7043963accaf9a5e4,0.13524603142385502,0.07182466926219601,0.06342136216165901
611,70944df4f491793e5371,0.004369343486701,0.47882398535820403,-0.47445464187150305
611,84179519bf1a635f1696,0.00037647097628400005,0.4976373062777651,-0.4972608353014811
611,98d568c5828a4aba0b0e,0.00014804200624100002,0.611459295841138,-0.611311253834897
611,c3344bc52fffe598a8f1,0.022388928553819003,0.5875663554804691,-0.5651774269266501
612,120e012219f55b001496,0.240517129407105,0.765534160326532,-0.525017030919427
612,269050e90496570e412f,0.47941887278197903,0.4656191155535625,0.013799757228416532
612,66d32ced9702dbe197f8,0.4502425707993965,0.5747426046869055,-0.12450003388750902
612,79d65c311aa61ab9498a,0.40338722612518,0.013711453475604502,0.38967577264957554
612,cc36d541b5816c56b637,0.435181139379863,0.3097115257009395,0.1254696136789235
614,065070e8b02fbf7f0db8,0.4039373093935097,0.23416198202229202,0.16977532737121767
614,1184ee931a2c13dd8b91,0.20001748621593252,0.35177835549143804,-0.15176086927550553
614,56f44be56220e5554469,0.23451624747834934,0.196413177686472,0.03810306979187733
614,5d70a51e54733deae52c,0.3427142719831075,0.34517880931716755,-0.0024645373340600463
614,7aee30a2700d97b7e641,0.39904296893082686,0.25297404171744353,0.14606892721338333
615,5e64f18b329ef20c7bd6,0.48420771280593494,0.031439584450770004,0.45276812835516494
615,b353c88edbfe80ab8169,0.000453906017236,0.009133969436541,-0.008680063419305
615,b8275d3091e1f90ffc14,0.090694952163868,0.9040737164664556,-0.8133787643025876
615,eca42c0097a615696ad7,0.005595468909547,0.792362719278301,-0.7867672503687541
616,392364baf4b1bb5c9f05,0.6590917981526845,0.5389210788774016,0.12017071927528289
616,ab8209a36d34edff0026,0.19552624190762827,0.33457391471576253,-0.13904767280813426
616,b93f893f943d17690f5b,0.4704955312040835,0.00014956173106787143,0.4703459694730156
616,fac9092986adc5e8157b,0.462589630892531,0.13447501930431702,0.328114611588214
617,2054013d34ff88675acf,0.277568377149762,0.6777473785429295,-0.40017900139316753
617,64519c9c93fa0481dc8a,0.6387095616038527,0.19630934827276902,0.4424002133310837
617,64ab3bc04c27aa079d58,0.884989550707569,0.6661686319665511,0.21882091874101794
617,9cbc761886ea9c77ab16,0.975930309902813,0.913406858367874,0.06252345153493899
617,a9d3ba61a9d147c64824,0.007916457983052001,0.0201879556715875,-0.0122714976885355
618,20d7b1a25ba02c5586a0,0.8987615422256711,0.41077348940061453,0.48798805282505653
618,72c8c44948f09f8e8a14,0.979041533696488,0.2675177548984045,0.7115237787980835
618,b33fec49563f7d4cf9d7,0.8861737044539321,0.5149003493376195,0.37127335511631254
618,e2b5de0ebe58941c313a,0.996277176760439,0.034223295950820506,0.9620538808096185
618,ff41a306e8070802f4c9,0.9610378270009831,0.0296195364865405,0.9314182905144426
619,b8c71a85850e7f83e6e0,0.0032398850407140004,0.38257786702678054,-0.37933798198606655
619,ffd764dc7c4bdef37619,0.0012033507864648554,0.0001708059015907594,0.0010325448848740961
620,72673fa901f22d7923fe,0.8180184433587584,0.37467549618590135,0.44334294717285705
620,c50b385977e2ce9f0ffb,0.7631914310827631,0.343639735757213,0.4195516953255501
620,c8030bba166eca240250,0.4143638950747158,0.42258951136058803,-0.008225616285872206
620,e8d9835d9d1c744088da,0.010599692230857001,0.792378977633673,-0.781779285402816
621,3894699fa0a2cc2bed89,0.456666791275363,0.872272568717946,-0.415605777442583
621,9681015ae9981ea5788e,0.290376927672631,0.255829511000885,0.03454741667174599
621,b8ec8e6d90f4328b9c55,0.0409496511192425,0.558158134841053,-0.5172084837218105
621,da7dd797803b48bf16b4,0.47557166893358954,0.9388582505341351,-0.46328658160054553
621,f539847a99fc79cb5291,0.9491252830882031,0.23625484153521953,0.7128704415529836
622,280aa0baf7161e5609cc,0.34037950841579523,0.018918709962629003,0.3214607984531662
622,3162cb78db8eb2d6b469,0.19569064963379734,0.010040199904943363,0.18565044972885397
622,5b0c593e48a9ba525f14,0.512108745488571,0.003602246163179,0.508506499325392
622,5e366904de8a7f6fe296,0.15411563582601068,0.20555115630613402,-0.05143552048012334
623,1f0e87ffde8f2f6ce39b,0.02811350611671,0.00010933182349967129,0.028004174293210327
623,7b38c7e1ba2ed3245f67,0.44205060622836906,0.057981186040117004,0.3840694201882521
623,add99dd4cc2d9a0b85f7,0.3061178366248745,0.5422451594376816,-0.23612732281280707
623,e96307157af663b5ea19,0.18610421223327403,0.004305359491117,0.18179885274215704
627,218b135c44b5750e0689,0.4640603295642545,0.0018768842231840002,0.46218344534107053
627,ad4afa5603cdf26d3b60,0.39290486469539154,0.7063259377028586,-0.313421073007467
628,285c829396ddda0792ea,2.546802845413525e-07,0.5273669839792431,-0.5273667292989586
628,4f05900a927f60687e0f,0.2955420487179773,0.1565775140763555,0.13896453464162178
628,ac10ecdf6a941a487f7a,0.0032177652619005005,0.0024788794586971686,0.0007388858032033319
628,c489344466a85cc01577,0.5134040817136526,0.9173994326500241,-0.4039953509363715
628,da5422197aeff7acaf00,0.4459652741109786,0.40089683849230306,0.04506843561867552
629,0f88773e55ecf720746b,0.06407345873228301,0.23034199641415,-0.166268537681867
629,683798e6f036236aacb3,0.198712499507105,0.31871696159301155,-0.12000446208590654
629,8d52fa7300388d3e2ca2,0.316296545926039,0.37824670277403055,-0.061950156847991544
629,c46b569fae54f5fbfa5f,0.5906558784410465,0.509517783805791,0.08113809463525545
629,de0890914c400f535a7e,0.490976778633541,0.6048196368256296,-0.11384285819208856
630,13cb5a92cc2560359ecd,0.000335267851915,0.919594223584671,-0.9192589557327561
630,3f35055ed7a1db279200,0.007198722345265001,0.45748556872656954,-0.45028684638130456
630,5922e8fdd0416f21bbdf,0.3569539527261047,0.467579497842567,-0.11062554511646233
630,679baa37e21ef8d4c5ea,0.9877114436935006,0.0216593184522135,0.9660521252412871
630,e23f341bda18006f5061,0.021166748587068,0.12612518824096852,-0.10495843965390052
631,45a1c399c2b335e4d509,0.0023906398003130003,0.47141919215792905,-0.46902855235761604
631,4629898577e6a0889d8e,0.009626319015417,0.31855531586866104,-0.30892899685324404
631,54a4bc6879bdd3260637,0.020467716332319003,0.1615636708389605,-0.1410959545066415
631,b657c970cbbda5cbf29d,0.4884815141631945,0.6012547460503125,-0.11277323188711796
631,e51c1fc84cf015a21dbd,0.030135235747424,0.292609139443475,-0.262473903696051
632,240820a63361271c61f2,0.0026068527753165005,0.3589239549726235,-0.356317102197307
632,2af27eded292857d5571,0.0311476326385215,0.5160754149629521,-0.48492778232443057
632,59b6d1546d6ce3d629c1,0.29432814570386906,0.44778749632928705,-0.153459350625418
632,b5656657ba864240c78c,0.004678664548236001,0.47589547477067207,-0.47121681022243606
632,c1a1423568883b8096ea,0.43674113939804476,0.013325417667898002,0.42341572173014674
633,19ddce64f8391b4b0bcf,2.631954736145842e-05,0.031482847346987676,-0.03145652779962622
633,494dc8284c1df7cb27a6,0.000147558448231,0.000339024547093,-0.00019146609886200002
633,90ee412494854a73fb0c,0.34008266993069564,0.0837264516212165,0.25635621830947913
633,db25bfce7652767ef953,0.015261523337747001,0.184596348958112,-0.169334825620365
633,fce7c23896439546f3a4,0.161252269786129,0.6852933340847616,-0.5240410642986326
634,5bfb2238951ec373e2f2,0.34665308881848533,0.087634336126461,0.25901875269202435
634,69280022ed8d5f7344fc,0.009420262527534735,8.273948245401869e-05,0.009337523045080716
634,86144fd29f16d861fa86,0.07526681416445434,0.005031191707371,0.07023562245708334
634,912d904a6c65d60c46f6,0.7154171863180974,0.645907438606242,0.06950974771185536
634,d8c0db3b03cd5f3d5765,0.0027391681766925,0.345829493366957,-0.3430903251902645
635,0926eb9f8a065b7f00e7,0.3158235143840496,0.568893993795758,-0.2530704794117084
635,4c2c10f92ca61d716be6,0.6273335747890745,0.42122309390362306,0.20611048088545142
635,6767f62afc31b45320fe,0.4357551401130462,0.09570864369218751,0.3400464964208587
635,d2fdc4c62969b7899a11,0.182237088664607,0.510590991379816,-0.32835390271520903
635,d7025ca2273ab11573a3,0.2654078612696112,0.7715031951287825,-0.5060953338591714
636,23a2be1a6115c9d925fc,0.1918161668166945,0.8578025395473801,-0.6659863727306856
636,2827bcf42538fd241077,0.6362906883927494,0.3845169939474045,0.25177369444534486
636,2d3aa00b2b8d15b5fa54,0.655776257429468,0.502339562886179,0.153436694543289
636,42abf3ac63a2e38c6adc,0.5183714323005286,0.17013532825829203,0.3482361040422366
636,4a1886c9f2f73a2b11d9,0.2762085881630625,0.6194291688313025,-0.34322058066824
637,405eebec10dfc216a3ba,0.0004921469494620001,0.029835988483237003,-0.029343841533775002
637,58810d9742f0bf99a889,0.175446616699021,0.10904734555749851,0.0663992711415225
637,5cf1a76f438f553d596b,0.007918040066062,0.9687280973189836,-0.9608100572529216
637,664f7140c592190d305c,0.22389800079277203,0.493729133797566,-0.269831133004794
637,f9682071c6fb5f15c120,0.11713067130367301,0.6195748416871811,-0.5024441703835081
638,010f146183dcd2fbc429,0.495875057879953,0.1445398792904885,0.3513351785894645
638,216fd6218865fbb0f7ce,0.5441428866035285,0.13591922103905651,0.408223665564472
638,94d53449da5f3d871f3d,0.23103547760918,0.22921121546127404,0.0018242621479059584
638,aeb547f2289bb0ae6c80,0.699357407594653,0.26495743784121506,0.434399969753438
638,cb81ee66de9a7696bcb9,0.6083782105647321,0.6215390055423425,-0.013160794977610468
639,0e57d27d3b3951929db9,0.002442546244337,0.11714774084848702,-0.11470519460415002
639,523942aad9c18d7cbc60,0.6408595938865891,0.500547770208508,0.14031182367808104
639,7d574a5e2a9e9487123b,0.42274089495001105,0.0678227419636155,0.35491815298639556
639,8514a93da6f73524c9b2,0.156220483073281,0.29353270923429003,-0.13731222616100902
639,b86f850a0218d587773b,0.004448892466753,0.05794649623197287,-0.05349760376521987
640,31254466787b815e4655,0.093452252263043,0.9445737976534836,-0.8511215453904406
640,e23e120d43b59c5e1472,0.1643365372555105,0.5292281889534071,-0.36489165169789656
640,ef9fee2cb23f59f4760b,0.001060862412192,0.018665530729628742,-0.017604668317436744
641,0d26761b120d9763c4d7,0.6704160644269476,0.35352634680177053,0.31688971762517704
641,27262663358bfff5df81,0.24839067798601602,0.4666625009959015,-0.21827182300988549
641,38f40f1565a1ef52ee7d,0.4668367611422015,0.9968509463994296,-0.5300141852572281
641,4901e7f63e64d844c9b7,0.7222088684724106,0.5247112457188995,0.19749762275351113
641,b2b2d4d5bcff17e06b2c,0.36336103138932,0.140138642275515,0.22322238911380501
642,1d2cbb9852936c464e20,0.15938969708746475,0.40350009130565306,-0.2441103942181883
642,79766393b2493fa4d069,0.025174826344124,0.0010859524092923906,0.02408887393483161
642,9b8fc5fc48c3a92d0e90,0.19730397669872804,0.017327491597819503,0.17997648510090852
642,b7e102f2a5a397ad41e9,0.068790758928993,0.009809938059283,0.05898082086971
642,ffa17ef6b5730a0f4eb5,0.465740869467249,0.1319122509077655,0.33382861855948354
643,08e20f2be274a64f2a20,0.35870165715785096,0.44293848988937057,-0.0842368327315196
643,3bfd4c6a9a5053a3885c,0.4731380459008654,0.4776709425268161,-0.004532896625950689
643,5cb28b34c04e621b81c2,0.24926329185533203,0.5031231109419451,-0.25385981908661304
644,133315f813c5be562e42,0.49988652919310106,0.9114948026664926,-0.4116082734733916
644,4758fd00cde2a508d5cf,0.207116781360968,0.7187213204226501,-0.5116045390616821
644,6c29aff245a399f16c50,0.6963888807376507,0.3331474927186945,0.3632413880189562
644,6e87d2b5c4e1fb8dffdb,0.2521636608523816,0.22236179325849253,0.029801867593889086
645,b6d1eee13598a34c8dd1,0.16693144180514766,0.024173600604790003,0.14275784120035764
645,effe683d49b28b2439c2,0.40430667836691053,0.6510585599039326,-0.24675188153702204
645,fe4709734333511678e9,0.3103757877421195,0.713013123641397,-0.4026373358992775
646,11c5069dffb6b3386cca,0.46657806360849857,0.5494951979557661,-0.0829171343472675
646,208e2a78786ea7dbcda1,0.851875744665497,0.418987839148784,0.43288790551671297
646,46236cec8e9aba718b38,0.45996463825030454,0.4966335587008461,-0.03666892045054154
646,556e9fb4e5e4cb1ca96d,0.44418494593380103,0.7425814772436761,-0.29839653130987503
647,26a302b20d7859dceee9,0.7096911619435686,0.082599943649063,0.6270912182945056
647,544eb6de4a1b3beca636,0.168934033894398,0.24710474373689603,-0.07817070984249802
647,549443fecc69730cea24,0.458992170244204,0.9909026553104117,-0.5319104850662076
647,8ff8f68aa567ccaf4681,0.43287556653228704,0.5343999752865706,-0.10152440875428353
647,a30abaacf4ad6a9ea235,0.6958439243335911,0.08780496118113751,0.6080389631524536
648,0664476c9c682635aa3f,0.651899520632096,0.5036031059254591,0.1482964147066369
648,1918b16b20f824ac952b,0.15070021745151202,0.65849724958098,-0.507797032129468
648,3cb2ea82fd2d1587ff08,0.0076096844847960005,0.021108809737969504,-0.013499125253173504
648,7c2f7a59e3cea9f3668f,0.000104099167543,0.38166394588579705,-0.38155984671825405
648,917407cf74cdcd641039,0.054248145164558004,0.073398124297282,-0.019149979132723996
649,0d50c3ee7476ae061adb,0.015466756573966001,0.5585470298591341,-0.5430802732851681
649,39b41e38f5f13ef43e98,0.08623905796117101,0.485574843310843,-0.39933578534967196
649,573735862994a057f591,0.42543893571619457,0.1137399604325375,0.3116989752836571
649,b07228e939d7f6f3788e,0.144071919900709,0.8623747741770046,-0.7183028542762956
649,c5037549e9d5af1eb162,0.3367369846537385,0.458202225667802,-0.12146524101406347
650,200b6af70eb24d570d0b,0.00011081006405800001,0.132801269026283,-0.132690458962225
650,52c27a5ed07395883760,0.20482512993725502,0.37500535717675604,-0.17018022723950102
650,6e3fca8f5ebbd37141b2,0.000105494597507,0.025622182961628503,-0.025516688364121503
650,b324b5d1a872e2d5a1d8,0.002847426813761,0.5742175793315235,-0.5713701525177625
650,f3db8f2b1c39ac190b27,0.00023900817788100002,0.44148383793287704,-0.44124482975499607
651,69421f8a6df11b31ba85,0.00010161674961500001,0.38651139035958254,-0.38640977360996753
651,7828eba2a684b97ec8d6,0.007927770145241,0.8941029294281796,-0.8861751592829386
651,7de72afbc472f567d198,0.122372044547826,0.448316593840885,-0.325944549293059
651,fa111abd56e733851584,3.316771397544466e-05,0.17845085395130753,-0.1784176862373321
652,0a6aeb51854636c7473a,0.0009456452360100001,0.051586361265021,-0.050640716029011004
652,4fae3305a0ab00cd3a65,1.279340491758863e-07,0.014422868099860502,-0.014422740165811326
652,aba80ec45fe223cd4327,3.236251907136916e-07,0.49813698442302456,-0.49813666079783386
652,b71421bd49882e3d0cfd,0.26512296878087505,0.35826330701095055,-0.0931403382300755
653,3dbc9ba66fa0c5d8b4ed,0.6236493334074347,0.45545465552953757,0.1681946778778971
653,72dee0638ba196187317,0.09520710593141583,0.14505163550646102,-0.04984452957504519
654,25732469628428f52146,0.046209232010561006,0.540764173099429,-0.49455494108886805
654,3cbdc38fb4c79231375b,0.216970767562449,7.690575933183051e-06,0.21696307698651582
654,4be6da523ac9e72b9dc5,0.013825389771215,0.185606772121369,-0.171781382350154
654,76a2507ba9410506993c,0.924620154242856,0.00045401526859850005,0.9241661389742576
654,96eecf0be6a5e91df4e9,0.611380583565115,0.2670698373995895,0.34431074616552554
656,d5bb687f6521eb5ff28f,0.011570009775879502,0.5177683623633745,-0.506198352587495
656,f557b0e7988c3b522368,0.023375392657815002,0.027702754108802,-0.0043273614509869995
657,028eb8954c9ebc1d1aa0,0.42088160701970745,0.09892885835166551,0.3219527486680419
657,1e8dd77cdb9d90041eb9,0.022773279744237335,0.34660512255880105,-0.32383184281456373
657,522bd38f23bf5b06b65f,0.16962507041202754,0.4846869792646815,-0.31506190885265395
657,966d17afaf0ec5860e11,0.39852052370426333,0.4617119337352295,-0.06319141003096618
658,6f414d8ec39e687f8a01,0.7881663144901436,0.5023817591460745,0.2857845553440691
658,9f7d6634407415903d58,0.032036822604085004,0.598297616458619,-0.566260793854534
658,f74e40027ef584a2ac13,0.6283655986766621,0.084752409834928,0.543613188841734
659,0096a95caf04e639f5dc,0.12619905832758502,6.683533225059918e-07,0.1261983899742625
659,7aac0d15df7f35e0be53,0.7333324409132571,0.549544886530647,0.18378755438261007
659,9fe453d08eeb2d0cfd8e,0.6636084256044987,0.138837670225772,0.5247707553787267
659,b7cd05555b5efc3e007f,0.361653185252214,0.47226181874304207,-0.11060863349082806
660,0592ec3ffa8a7abd0c0d,0.001676120848125,0.49423592720857307,-0.49255980636044805
660,e2436836a9dd99a56fb5,0.338604278366251,0.816282068418347,-0.47767779005209604
660,ecbe02e0fbc7f393ae5d,0.7702459026875014,0.034005701867363,0.7362402008201384
661,1ace3a9bdff7411955e6,0.447421892827416,0.35434769305655,0.093074199770866
664,1ca7fd0938e6a6a2c069,0.6902568374931293,1.45995256960378e-06,0.6902553775405597
664,472a59b0e7c7b8377293,0.027708640339834,0.9638520242330606,-0.9361433838932266
664,6fa9a84194e76510f036,0.6443473289992654,0.20868224266151902,0.43566508633774637
664,80e94056d8472bb79150,0.029954935682737,0.18338660356188502,-0.15343166787914803
665,6cd0612874ee14a49a4e,0.4104448809156852,0.18796276173172802,0.2224821191839572
665,82d107dacd12c2667a89,0.4536318270509561,0.019273315869377,0.4343585111815791
665,f6d1399cfb965c8fc4c9,0.6481823941526358,0.0006166603300438256,0.647565733822592
668,186d8ceb4a11d745c03d,0.4017434292419617,0.0797318929040365,0.32201153633792523
668,59801cfca4980c04c3ef,0.40344690259724525,0.5490636428038005,-0.14561674020655524
669,5316bc342e6e6aec59b1,0.93465994018964,0.9412851132345116,-0.006625173044871535
669,93296639c4ecc821e4ad,0.49681429480750755,0.416039059222476,0.08077523558503152
669,948649ef387598e9c72a,0.2046043146861675,0.8892184292547911,-0.6846141145686236
669,f495dca3911f8d98cca5,0.00258285249087,0.21687560099143552,-0.2142927485005655
669,ff12331a826230d25006,0.5306477439943326,0.54837668098061,-0.01772893698627742
670,004f9c1654e7c659d61f,0.499309063002468,0.11469480092905401,0.384614262073414
670,923ef78587042d963130,0.079563187820829,0.5094015201463206,-0.42983833232549157
670,b2d91e9c1b577c01a46c,0.0169609255957605,0.19562918295154752,-0.178668257355787
670,da36dabd14b9373202c5,0.011237207439952001,0.20041488268193253,-0.18917767524198054
671,0f7a17c227bb3729083e,0.10208078346789372,0.026251301188031,0.07582948227986272
671,31772ff468bf4813ee6b,0.904983415628775,0.7639538870584355,0.14102952857033957
671,a9f58dff2c702de61ef0,0.960646665076563,0.49273672831184856,0.4679099367647145
671,c0c3c58e900a0668c062,0.9657032627063561,0.5959622876582561,0.3697409750481
672,1b28f9fbe2bc363c89dc,0.37951028384460556,0.37692137107453555,0.0025889127700700065
672,25a0bbb7025e310e9d9d,0.26411055475868234,0.523927225872605,-0.25981667111392265
672,3ee9cee4e819168fdcd4,0.5870688948196164,0.5088031547583995,0.07826574006121689
672,5a25c5f74cd08653d85b,0.7693091878913865,0.9904651859657946,-0.2211559980744081
672,b67643506392be671fc3,0.5757881293949183,0.8830156076121096,-0.3072274782171913
673,a5dc994fadc01a75f83e,0.2259300853784075,0.39627026856989206,-0.17034018319148456
673,ccfec0cc84fa5f78201f,0.43248616885182456,0.0073552166423235,0.42513095220950103
674,02d985a063e014dfb781,0.45068742123363603,0.48640002634194757,-0.035712605108311535
674,5548c0a8d3864608cbf8,0.68126299736452,0.5266928031065695,0.1545701942579505
674,62c5b2b6767da6012e40,1.5298405894839718e-07,0.10313777229632001,-0.10313761931226106
674,bec490a391b33946d64d,0.00015039742851,0.7204630739171396,-0.7203126764886296
674,cc037fc0afb4d124034b,8.202782016392079e-07,0.4938672878486575,-0.4938664675704559
675,1eee1a8ca038159c59d3,0.23406502412713703,0.4325035009321138,-0.19843847680497678
675,9cdf7040927a9ab64607,0.33677177621399,0.7360372218770126,-0.3992654456630226
676,bee51e2a5ba762a76a7f,0.9548784343211131,0.012045055858950634,0.9428333784621624
676,deb5a59b6cbbcc780a07,0.3347951126169894,0.39560335879182906,-0.06080824617483965
676,fe3b7039cfff7410405a,0.9810330971785041,0.4903642556925765,0.49066884148592754
677,26d5527e025bae035b02,0.20918361052848,0.482481063043605,-0.273297452515125
677,a3bcc33ce4c5d1950fa1,0.49106292234381105,0.6977137743573005,-0.20665085201348948
677,b016986ef95c40b05d37,0.42970445061495,0.302213773540569,0.127490677074381
677,bc08a3dc764b4b034c5f,0.0553861506138161,0.02220745428999247,0.03317869632382363
678,0d98b6e5425250c324ae,0.45173120262155997,0.5140086849663881,-0.062277482344828106
678,32abdc97debf2bebb5aa,0.49957052542061514,0.759207853764007,-0.25963732834339187
678,66403577a083d329a85f,0.0056616179951890005,0.2902743836117455,-0.2846127656165565
678,8ce69571057fd9f9c38a,0.9546768477714481,0.5833177305315466,0.37135911723990156
678,c514ff8461119672d2d3,0.953942420330536,0.1939019686089835,0.7600404517215524
680,2cbc586e43ab009da154,0.2038917305602445,0.9761415198202776,-0.7722497892600331
680,44eb6a500f7b6ad74681,0.744176501231298,0.6685734138062116,0.07560308742508637
680,668ac66b602c8a5fe0d0,0.20238974658456202,0.25279854668685053,-0.050408800102288515
680,6b5e6734b085f1da2573,0.3805555443586557,0.22490622462036902,0.15564931973828666
681,16b776a67cf958b3833b,0.241701896645987,0.473175046608502,-0.231473149962515
681,628ddfe02c6f474b3b3d,0.028511876509815,0.0489668973133045,-0.0204550208034895
681,89ea1d1ebc5fe7d94bb8,0.741547457039976,0.4986790738872465,0.24286838315272952
681,90302476ad1e205e34e9,0.660210334436184,0.9958033475646166,-0.3355930131284326
681,a6ccbbd06f564d382bf8,0.6642086512320311,0.9005693923891296,-0.2363607411570985
683,68d650781bbdb16daa67,0.037014873217781,0.827810309753239,-0.790795436535458
683,c3be72e38ffa3c910da9,0.11720810189241077,0.9848423522824186,-0.8676342503900079
684,51131bb049c9b8b5315c,0.9782854556267611,0.7124165992727756,0.2658688563539855
684,8b2e736808b438939a4f,0.449138578423154,0.06471442343200495,0.38442415499114907
684,ab545fa0cb5d7aed38ed,0.618985878865512,0.506982005112465,0.11200387375304699
684,ac7862f19a78ea781f41,0.9918322830838301,0.49024758575604854,0.5015846973277815
684,e75a905cdac418681999,0.8498794883473451,0.8535574146945266,-0.0036779263471815593
685,12beebd0b9094ac33d9c,0.27651055196321606,0.8404061054467415,-0.5638955534835255
685,9f4c1be5194f2adcc9fd,0.970835841719075,0.5655269497112191,0.4053088920078559
685,fbb2e02f6e2242ae2112,0.6570019593978096,0.377844293480813,0.2791576659169966
686,45939b1c8d442ea0ad99,0.1445172369326945,0.9724342785290871,-0.8279170415963927
686,8039be5d43e260cfd2ba,0.004443960832172,0.9931061410154256,-0.9886621801832536
686,a154db69ad56ea3b3138,0.2265810940838035,0.9324133258686116,-0.705832231784808
686,b8596ca287f016b13877,0.000124681133819,0.5204964875630755,-0.5203718064292565
686,dc2685fa4d92f48a9a92,0.922702943260557,0.12032007618142651,0.8023828670791305
688,1fcd5a9103ab646349c6,0.062242339678780005,0.7845275157019226,-0.7222851760231426
688,392a8693e4145098ef2b,0.043209783180347,0.443213826403078,-0.400004043222731
688,47d06f28f22c1462a0f9,0.003005583956796,0.090403001714599,-0.087397417757803
688,69c934eb8aa6f4fc0663,0.021258197213807003,0.9606595336237046,-0.9394013364098976
688,d1b39acccc1bfaf39b31,0.000667261630973,0.11337019235548002,-0.11270293072450702
689,04c77d21235d771126b3,0.036810874649768004,0.138328677851205,-0.101517803201437
689,1cf2038d7a5bccd2623e,0.801993561283209,0.48939370785693453,0.31259985342627444
689,20ed486cf6cb9ba876db,0.6134932192053121,0.5234929837282596,0.09000023547705249
689,9dac0041407f4bafdc18,0.000534983715489,0.2530340473574675,-0.2524990636419785
691,3ca5f558f83b3d5cfecc,0.008098492233322667,0.050135058287048506,-0.04203656605372584
691,8a45d36663d34becf5b6,0.5556827494872094,0.6292968135724956,-0.07361406408528615
691,a8c67740b6e490cfbb9b,0.12355544657534501,0.25673860092600204,-0.13318315435065703
691,cfa098453bc51b9fb9bb,0.016765224226481003,0.43699278176128054,-0.4202275575347995
691,f7817b4425718468781d,0.10509970175102776,0.5698258643515405,-0.4647261626005127
692,60c4cafd46302d58d168,0.9957876772549961,0.6236192311290035,0.37216844612599254
692,865d947eaa8588d8ac7b,0.0196330143544458,0.0033745704577852623,0.01625844389666054
694,5d7c1fa838776c1aa7d8,0.2506543399428588,0.494096722987007,-0.24344238304414823
696,92b4d502544543a2feef,0.3566551636293988,0.11638048731483501,0.24027467631456378
696,bea3a9b4e4265bbab026,0.3081007151339508,0.9747375586291721,-0.6666368434952212
696,f2c01c600f4b4d42a568,0.17679041945243626,0.956603261257101,-0.7798128418046648
697,21dbfe190dd720d81e8a,0.41871980816317106,0.04082623130708378,0.37789357685608727
697,3e461ff53433803f13dc,0.5937358361451703,0.5616499590503835,0.03208587709478683
697,de021f9bac3c20ed3de4,0.034068010666851,0.0001850195202766287,0.03388299114657437
697,ed6373a98f31006c54a7,0.547208816436625,0.012752775038132,0.534456041398493
698,2212d5ddfd9ead3d72d1,0.20647204633347901,0.30902636712940407,-0.10255432079592505
698,5fec744be9ab8ecd0615,0.030089661784695004,0.463061526852149,-0.432971865067454
698,b4e2b07a062781e12307,0.019637175706426,0.0784657593519834,-0.058828583645557396
698,c1ff98db0fe4194aabae,0.017687005186913334,0.9924099922489986,-0.9747229870620853
698,f0e0a143c5dc4aa74572,0.003546828904116,0.0044536733471243,-0.0009068444430082997
700,230b7766731a3955cd8c,0.17403224544349521,0.8209901513761575,-0.6469579059326622
700,99a63c7883c9644e3b1e,0.7525758718497161,0.7637870323589115,-0.011211160509195461
701,38d002518e8bedcfaab8,0.6205129357963391,0.45275350395756453,0.16775943183877462
701,a5d71b56e44afb988a45,0.86865919615215,0.231421076833482,0.637238119318668
702,10f6c9411614563d0b1e,0.2045333867118997,0.5025486209042961,-0.2980152341923964
702,b9fe8e7c9f928a265478,0.21442174512840498,0.000197243666208,0.214224501462197
703,0e91e8b1e9235f470f65,0.11330273899888701,0.47890502734767953,-0.3656022883487925
703,466d37c36536b7793883,0.000141618119061,0.4846586884800275,-0.48451707036096653
703,48e61549621f42f42924,0.023003669748633,0.000354527678399,0.022649142070234
703,9acf7976f3e7e10a33ff,0.0073302994560180005,0.033530516570961004,-0.026200217114943004
703,ceedec7714f45b2a8eef,0.417492342460397,0.48895427652684653,-0.07146193406644952
704,2ca2b35180be8ace959b,0.559700796777029,0.07330795677899701,0.48639283999803196
704,859a58594354fa68ac3b,0.5939251536733225,0.0026269584649070005,0.5912981952084155
704,b878fbf77f1f296d897f,0.6423171938276285,0.7907185641231685,-0.14840137029554
704,c28f6ecf949425880284,0.8395985497569485,0.49131391279401204,0.34828463696293643
705,6b1a50f0f7cd3c5e6bd7,0.07854151099342452,0.38859002668283654,-0.31004851568941205
705,8d05b966900d55667e11,0.46929354486888136,0.158466807062236,0.3108267378066454
705,9e080f449e79dc2695a4,0.020795304026390002,0.6463160815902036,-0.6255207775638136
705,fd715d10f28bb4c422c9,0.303818242533668,0.595791788507407,-0.291973545973739
708,06696511571cb3d44b7e,0.6368545430434672,0.4231824885784095,0.21367205446505771
708,09530964ea699a6e82e1,0.5205748031783878,0.39144227641246754,0.12913252676592024
708,6fa33be02da8637716dd,0.040396575465913666,0.007290552429687001,0.033106023036226666
708,ca27797fb74abbb4ccbc,0.5026141789783021,0.44341499252473354,0.05919918645356853
709,4f9a0d12b1cf3c61c412,0.1963109103760544,0.034198653894022574,0.1621122564820318
709,74cf10a75177caf7fb58,0.5660692326328297,0.47094830517904457,0.09512092745378514
709,910e7317692d1e94de6e,0.18801015056132916,0.0035705379838115005,0.18443961257751768
709,a85a168f26c5c0e85be5,0.731842132974807,0.5750408135641211,0.15680131941068598
710,51de4eaa425b703562c0,0.17577526662144902,0.287357146573798,-0.111581879952349
710,768b010d5fa1a49bbecc,0.981714264784394,0.17753150446658703,0.804182760317807
710,83d7eb62fbd0c969072e,0.091484359349287,0.4442069112826405,-0.3527225519333535
710,ec138eee54d19f9e58a9,3.659740372564824e-05,0.12178581304595551,-0.12174921564222986
711,4859106a13faaf5fa815,0.000679029774362,0.5215142802197495,-0.5208352504453876
711,666d013ed4744a525521,0.30098178582928103,0.544563080981831,-0.24358129515255
711,a447443845dc20acf9bd,0.001180523883021,0.06059749321521501,-0.05941696933219401
711,ef9b2ba59950e4777f2d,0.0009265291448050001,0.29779732322065755,-0.29687079407585254
712,2053095417642b313305,0.8393990215778181,0.4632325217569555,0.3761664998208626
712,41ad8281f4b0815264eb,0.280434259949886,0.330494802307538,-0.050060542357652005
712,afa9e0af683017c6b9e6,0.143899365944789,0.35900006638456505,-0.21510070043977605
712,e50805761342d887663f,0.4914674398239609,0.4926591711047841,-0.0011917312808231717
712,edfdc2a7531bea7c4045,0.6834430354342845,0.357513052365223,0.3259299830690615
713,3ac039b344ec21ac31e8,0.398354128131073,0.9430505298417191,-0.5446964017106461
713,5e425f6f07dd2acb1e5d,0.10484183062512202,0.09618419107954,0.008657639545582019
713,769bad0115d4f28be7f0,0.13481130073622702,0.0449587639226005,0.08985253681362651
713,82c0675ec4f371875f1a,0.5582195903741123,0.365490748930317,0.19272884144379526
713,d226204bec51d61df75f,0.44407959687588255,0.2370952591961995,0.20698433767968305
714,14eed2336051fc120d07,0.9297519562121471,0.9708278449553616,-0.04107588874321444
714,270e83e1df6e2596f321,0.021936508698526,0.188373480283335,-0.166436971584809
714,4ebaa65d69fd9c550a46,0.07811837072102,0.247590302735046,-0.169471932014026
714,6bb0cfb8d130d03f9db5,0.029185357972586003,0.27187891717879753,-0.24269355920621152
714,a8b46c41837ffe8839f5,0.13040987589615502,0.547588090286601,-0.417178214390446
715,0b9c778b1281d23cf0ca,0.8533045125086041,0.0091653091797875,0.8441392033288165
715,2f6ce2b58876c160c71f,0.076546664065816,0.820547150273585,-0.744000486207769
715,4f62c24afcdc973a086e,0.9173680603473411,0.00484109998604,0.9125269603613011
715,bc56cf721cd2c5a88b1b,0.346189219301259,0.9556219780403565,-0.6094327587390975
715,ce6e835081f5304484df,0.042663122404567,0.30558084899764504,-0.26291772659307805
716,2708601ff47c7f426860,0.082632483489535,0.0472227936362065,0.0354096898533285
716,832d83a21a712ea03765,0.087837378763571,0.9950630908456761,-0.9072257120821051
716,859bb61825be4bebd9ed,0.6313502819475211,0.514182720602366,0.11716756134515505
716,a5983aed118dfc673977,0.6586850761442328,0.9898124391053607,-0.3311273629611279
717,4ce36680d1d19c1c1367,0.3045684642016117,0.3531038298771355,-0.0485353656755238
717,d29381ec25772b0490bf,0.335132004590076,0.26192367893858653,0.07320832565148949
718,0ad06cba0a39e30ca138,0.49648988258223253,0.022007967982688,0.47448191459954453
718,3a7e0504069ac44737fb,0.7637499174701885,0.162975683984765,0.6007742334854235
718,662ced6885613df4df81,0.3370612290491695,0.0402780950717525,0.296783133977417
718,871ae0219f42286a08c9,0.10848027864168751,0.222578590665118,-0.1140983120234305
718,fb202a5de21a0f70cc8e,0.5991649271364258,0.4509992099509955,0.14816571718543026
719,494cb64325a950fbe175,0.7736773372195526,0.7976784198141016,-0.024001082594549028
719,50a9dc30dc5c1bafbc6a,0.5695217817701521,0.0651022962731575,0.5044194854969946
719,919041eb04ac488e2f1d,0.2056023724147625,0.7130762478478716,-0.5074738754331091
720,6bb7e63548dbbd227879,0.008188272916787,0.11893666325927851,-0.11074839034249151
720,ff42ef28a880db49ea91,0.18891550130190551,0.003352440032073332,0.18556306126983219
721,0fc7cc6835c0d76ead24,0.45525790470375127,0.369124155675564,0.08613374902818727
721,4e9676dbe3e71150a037,0.6313027515752937,0.7221054501455461,-0.09080269857025236
721,c02f4b8481b8d74aebf6,0.009817210888505502,0.9825493385570006,-0.972732127668495
722,187527fe9006cf574009,0.1657132693824462,0.032911464041234004,0.13280180534121222
722,6f5e0813316883fb611e,0.5610804319008805,0.471940818083925,0.08913961381695551
722,8221c8936b3d35ebf9ea,0.674752462103929,0.321569692119654,0.353182769984275
722,a45279babfac5d920d70,0.43818448499786,0.226386343065296,0.211798141932564
724,c24db82ce90c63bb5c02,0.1370544852086421,0.6657364597975736,-0.5286819745889315
725,49dcf345726f3808c04f,0.3458585516387839,0.000133422656145,0.34572512898263885
725,7f98ea20bfc7e5f42382,0.49699824052082453,0.31759065680730103,0.1794075837135235
725,9de0a5fdfe2789e084ae,0.12558062901817132,0.14833482436397202,-0.0227541953458007
725,c0185ce1b1301183224c,0.1596997510120974,0.0010198797168020001,0.1586798712952954
726,a0d6295130b38fc06a79,0.42907372774102165,0.3306330014486245,0.09844072629239714
727,0ac9b113494eb4ceccea,0.025633060385512503,0.1063314802560415,-0.080698419870529
727,2c183e7a20a233c9ced9,0.8785720643912732,0.5020250867597651,0.37654697763150813
727,81bf37acba86f1ae1b0f,0.4196742841333862,0.23687504770442303,0.18279923642896317
727,86a29ad5c7341271b203,0.001378301173183,0.479789148132302,-0.478410846959119
727,c97d20fa1ad5c3c3fc92,0.3035802311012975,0.9518515899313535,-0.648271358830056
728,56019cd270fe2a7c9a73,0.25219823014936904,0.6823796206628711,-0.430181390513502
728,60b6fa474ea8cbd66776,0.5435977620067225,0.8361015849442516,-0.2925038229375291
728,89c42348d8d83f061ecc,0.4798442219266404,0.17050771248513952,0.3093365094415009
728,941a679335f37e7a2e85,0.9172862977437725,0.018616671650298,0.8986696260934744
728,facf5eb1e794e7a25982,0.019268740250876,0.00046721644837800005,0.018801523802498
731,5357b97c6b86559199b5,0.27198630225610426,0.8149890741756565,-0.5430027719195523
731,736d5fd206ecc0399885,0.010080531847037668,0.8892902304345666,-0.8792096985875288
731,844f186d4b67fb934b8d,0.374976875176498,4.738615161336231e-06,0.3749721365613367
731,a10e1236f4a326b2da9d,0.175325979413325,0.38328626856067805,-0.20796028914735304
732,342e3e0652aedb053c53,0.6538839219136198,0.89132540766539,-0.23744148575177026
732,51d7ce2bf411420c6ba9,0.7924198021376191,0.0730997565539825,0.7193200455836366
732,882134d5a79eec786d58,0.673307906792559,0.482624950403409,0.19068295638915
732,b27a9c0635f709a4e9ea,0.6061066823835934,0.5115611417756031,0.09454554060799036
732,fe6569061c95d9d3d189,0.46699139393103933,0.9909854550613622,-0.5239940611303229
733,09bf8fb18d03dde0d115,0.29443987468924404,0.8038113528504855,-0.5093714781612415
733,6dd444efbc4280712731,0.03160805395281,0.482479818177031,-0.450871764224221
733,926c1a25874c56875669,0.5456107502142843,0.265144967114942,0.2804657830993423
733,fcbebc9397bf5e1b6a9b,0.061760775309651,0.9392854063286,-0.8775246310189491
735,3ee543704b75acc337c4,0.012977174561083502,0.13336265619575652,-0.12038548163467301
735,8434957830cb270ff9fd,0.5119074333112661,0.20059237635927152,0.3113150569519946
735,8f06f4b95cb74e750058,0.048128944004097035,0.32192047898053905,-0.27379153497644204
735,a46bbcb6cd8fa51bea84,0.7895677998964696,0.6758599714545795,0.11370782844189009
737,691c1bc255f56b4960fc,0.4414073611946277,0.6938719206899711,-0.25246455949534335
737,957fee2e9bc1ee158eb1,0.26234623778890326,0.8454188656875141,-0.5830726278986109
737,df7e022baf29635baab6,0.3435769725364923,0.49052647870084204,-0.14694950616434976
738,04b4f0201c4be5923e96,0.457602855100159,0.516459694389459,-0.05885683928930002
738,0521c4feff6957d8078b,0.424694711280629,0.023638576049616063,0.40105613523101297
738,300b5341e100e0adb9f7,0.721257344082979,0.8619477130456306,-0.14069036896265152
738,6930d6dfb11f2b606b35,0.115785507481775,0.691010536863576,-0.5752250293818011
738,7b28976bfbd264656617,0.726024660867983,0.44026339708955803,0.285761263778425
739,463d1248ac50d8001d02,0.22180026891860868,0.35594073941986953,-0.13414047050126085
739,6c5b96625331192b347b,0.7267607161566518,0.812929166254051,-0.08616845009739915
739,f2f5c0308e4bf7425e9e,0.5253892440020462,0.028534953309258503,0.49685429069278775
740,54ae1fa4d1227e43f433,0.246129123217483,0.550463965498965,-0.304334842281482
740,7c8c603026c9202bba88,0.7322030996239396,0.010084477712521002,0.7221186219114186
740,c58d148a2066e9b1ebee,0.4069970003208697,0.4990537237825362,-0.09205672346166649
740,ee956656aca90b7a807d,0.1892183773028132,0.70281037154088,-0.5135919942380668
741,1851c1fa2987f704ec97,0.5508600693577762,0.5435202830550615,0.0073397863027147014
741,2a8f228a503562bbdb7c,0.2830796905867982,0.016810797502600002,0.2662688930841982
741,be561f48f9a425d94f8c,0.6273917392552637,0.059388078510755005,0.5680036607445087
742,2cc84d5c309fda4f2409,0.12113763229438701,0.23520042843015104,-0.11406279613576403
742,3f2317caf53e0c0d2a6c,0.977372575803613,0.11719801754073042,0.8601745582628826
742,55c2d4e5af5b073d8845,0.487409092076978,6.934556347379007e-05,0.48733974651350426
743,5303241cc4e5f24affce,0.9971189297829721,0.8079359163923431,0.18918301339062904
743,8f275dd045e453411e47,0.480319586851627,0.9482734261958176,-0.46795383934419055
744,1a1fead95b50d91ed52b,0.301027550526464,0.55976463634141,-0.25873708581494603
744,eb41758dc38f281ab144,0.6353134865127287,0.073954241364727,0.5613592451480016
745,1a248c03fddf8ec6dd74,0.218254753164556,0.42764339731975604,-0.20938864415520003
745,46f1cacd81ba4e2a87c5,0.5261882966371222,0.010029401259853,0.5161588953772692
745,808f2d600df36f6fcbae,0.43899755520460176,0.13002654576841902,0.3089710094361827
745,e29cee4c1e1a4cec68a8,0.41922971329322883,0.7130524916865086,-0.2938227783932798
746,f68249dbe46c74c77538,0.3586200118124555,0.49374536383480205,-0.13512535202234655
747,144108d4ed15db82a344,0.7517413535756471,0.5783507025250065,0.17339065105064055
747,27a4d33e260143da0014,0.21102219964302504,0.45720363400738234,-0.2461814343643573
747,6074efb0223c5420a8dc,0.7677598708774751,0.7692922416321295,-0.0015323707546543996
747,654084b719c767e9dae9,0.00043255989038000004,0.694480566192569,-0.694048006302189
747,f3c7a0ba5ba186b148b5,0.059007694795093005,0.3901982310254335,-0.3311905362303405
748,382d846ffc143f3d875a,0.208548942653628,0.9710137543161276,-0.7624648116624996
748,47b642e504cb7d4f9139,0.056702868574948335,0.9935907191307761,-0.9368878505558278
748,cea30561ad2c1a737dd3,0.013579206986111947,0.126741013687042,-0.11316180670093004
748,f4d1e145550280d88808,0.041602153832246004,0.49697909232472953,-0.4553769384924835
749,17e48374cda1c34af1e1,0.3075283066357308,0.243199626786528,0.06432867984920276
749,7e4708d8c2f72355d9fb,0.38379361060049266,0.4669037342892329,-0.08311012368874021
749,c8af9c65324453b7cd8b,0.37965042182628456,0.07351832525037201,0.30613209657591256
750,b622231c085937d651f1,0.32496936991020303,0.38030721111232385,-0.05533784120212082
750,d176cb2c94248681c0fa,0.31741827128813654,0.37233850298920335,-0.0549202317010668
751,1d3f1e2f3820589efdb8,0.051059164406889936,0.03842352643725042,0.012635637969639513
751,71f0d24de16e95475a58,0.389235605464346,0.45599247543027804,-0.06675686996593205
751,814c454c09ad36f12be8,0.21944557809995843,0.5246083628097341,-0.30516278470977565
751,90af58af792c19fcc94a,0.4544568887654481,0.9289134006151931,-0.474456511849745
752,1b49a4c80048a4282636,0.040181293820671336,0.41721259958751805,-0.37703130576684674
752,31394a2f665d2afe01f8,0.251284313584869,0.38834513673447757,-0.13706082314960855
752,78dbc95d3b11b4a6fcf3,4.3043068376385906e-06,9.80173528617259e-06,-5.497428448534e-06
752,84d091286c0f9027e6bb,0.5390302005059995,0.9791028202612251,-0.4400726197552256
753,7323e9fc14d8b4df1900,0.6466919897750957,0.11210100019575552,0.5345909895793401
753,756d2aad40c7231a8d39,0.2216012476882875,0.9548155796063565,-0.7332143319180691
754,6dd3a9e99c7cea884940,0.14525537487879153,0.6523532140195141,-0.5070978391407226
754,9208a058484cd31aa0bb,0.048090354294521,0.2891731055144191,-0.2410827512198981
754,c4254f99c9d406693d0e,0.6879398340159228,0.005277312298461,0.6826625217174619
756,4e678bc3d91a7f92255f,0.42059736039997125,0.9086221734518596,-0.48802481305188833
756,c376abea2c0d3c0c6b7c,0.480338074122364,0.5227386125019815,-0.04240053837961749
756,c8e65055564170476265,0.7471129272021964,2.2285877227516282e-05,0.7470906413249688
757,39a8a953ba7eed709859,0.2740130148021053,0.7074759207518835,-0.43346290594977815
757,6f2bca29a6b8a5ad04cf,0.077483246914428,0.03860113565952251,0.03888211125490549
757,a2c5c87cbca486c4aaa5,0.00037457684191850003,0.4992605375526785,-0.49888596071076
757,bfa3f9ec96774abc4570,0.6957858561026731,0.0041194908555105,0.6916663652471625
757,d54ad7d4e8002b945714,0.05997976619760334,0.009029423462342472,0.05095034273526087
760,5bff7b04d3421b0c6733,0.41100636670067364,0.7876960667270037,-0.37668970002633
760,90335ed26f108578bc85,0.154575855398924,0.6033553956989746,-0.4487795403000506
760,c9fe6c2ebcaefd2d45d9,0.6018383364708091,0.4812184370151811,0.12061989945562801
761,2a5a4ce3a8c30af9f5ac,0.721683361746244,0.0016400403413130002,0.720043321404931
761,5d782cae8295e6cf1768,0.3275810361617048,0.50153162236251,-0.17395058620080522
761,b3a7390302655f2afd27,0.5985590976998428,0.060016856377121,0.5385422413227219
761,ea692cb373fe824ad8d3,0.8491252068020501,0.5045296504174155,0.34459555638463457
761,ebc7205815e749a4fa29,0.11447971853692435,0.5110568522765355,-0.3965771337396112
762,43e531800066826d5ced,0.19398490121348802,0.001534756128388,0.19245014508510003
762,7e94239cc9fc250ad916,0.967789080931954,0.49444239600472556,0.4733466849272285
762,967602e68f8338d4dbe7,0.33351372769190385,0.025460460774548502,0.30805326691735535
762,c9b22c3aeaa7caa9430e,0.636599177584084,0.553608435273737,0.08299074231034698
763,3989aeb39782a80247a9,0.6148115704956377,0.49946412072714375,0.11534744976849398
763,92b24c2e4ca0763e9e11,0.6659298942808162,0.49679143185577956,0.1691384624250366
763,d373dbac61f8a5a33e8a,0.6169700850455235,0.5288262652689755,0.08814381977654806
763,dfbfb8ed63c4196f6bd7,0.12671375919904568,0.3113420624371,-0.18462830323805432
763,f024f018e97ed646c876,0.6431988285022231,0.3176583111850215,0.32554051731720157
764,23dc43abfa18ccdb79e5,0.652294534745298,0.9883269473818241,-0.33603241263652617
764,5f9dad370b3b3658fd79,0.6043793325315017,0.407445977109026,0.19693335542247564
764,aeb3f54ee6c257ff3702,0.510704065374429,0.8138851258681641,-0.30318106049373506
764,b5d7d25b7b9fa636bc59,0.48459662802969306,0.43325013635571497,0.05134649167397809
765,1b1606f3e34ac5dd42e1,0.5222230635196834,0.535466309595476,-0.013243246075792636
765,b494ae769e5954cff94b,0.10661607059331402,0.04148077584086617,0.06513529475244784
765,d859c097cc0395fa03bb,0.20389318684816155,0.49054126971115036,-0.2866480828629888
765,d88a345fef53c60879aa,0.073753808885837,0.019183310885251003,0.054570498000586
765,feed2002c2bbfb9627cc,4.5522991061304883e-05,0.0038492658164035005,-0.0038037428253421958
766,367f56d265fd60873dcf,0.10298600826283201,0.6953805736279606,-0.5923945653651286
766,4b105eae7da41973fcee,0.7293439753848531,0.1515328057458985,0.5778111696389545
766,8deac960214af2fcbcfe,0.00022073669305300002,0.0380990771436525,-0.0378783404505995
766,b89aa19c2e8aee67354e,0.7851304776742121,0.27721922704635404,0.507911250627858
766,d8874af29d95656aa094,0.36484137603527134,0.8327700689235271,-0.4679286928882558
767,3b087688aa066860e7f5,0.44818985698547603,0.41777335934361703,0.030416497641858997
767,70ff053d6aab030459ac,0.40041142928447104,0.121523405062857,0.2788880242216141
767,a459bca3234d39b1ea75,0.702045234063843,0.616275518779289,0.08576971528455402
767,b09e5fe69312456a1da7,0.30831545725741905,0.7699314310733876,-0.4616159738159685
767,da166d6e830df32a4d1a,0.115119187820143,0.5526468036503095,-0.43752761583016647
768,21efecc2b1fc0369afa4,0.141330635179146,0.32406455631970155,-0.18273392114055553
768,4ef9a0ec3683e056573b,2.493023232200852e-05,0.21363189624613652,-0.21360696601381451
768,5da6143e076b029a0ede,0.2126963950798335,0.504419054433443,-0.2917226593536095
768,a5a98f2e50f09024e64a,0.030346087873548002,0.4985587140462818,-0.46821262617273385
768,f7044c9b056f9d8781f0,0.42153530117821036,0.506084049364366,-0.08454874818615565
769,46375cc51ba4be953d47,0.129282042130096,0.8025404327759675,-0.6732583906458716
769,822ec9940e9974c3487b,0.00032739330654900004,0.3239534448474855,-0.3236260515409365
769,92b842dfce9556b45218,0.10488964619055151,0.4986985755982235,-0.393808929407672
769,bc5f3882d9f00e55a130,0.002054846762772,0.654853261915602,-0.65279841515283
769,e800ffcb205890b3b1e4,0.34468043727272035,0.073070057892858,0.2716103793798623
770,a504224ddad1ae1ea0e9,0.03994188707894667,0.9223200487408866,-0.8823781616619399
770,c9874eb3ea7c21e79492,0.37976076268281594,0.9988675334941886,-0.6191067708113727
770,ed0fbc92a3546cde0780,0.035390408871373,0.06197865308175291,-0.026588244210379912
770,fdf0b26dcb412a0da3e7,0.1254354847574865,0.7762335067188191,-0.6507980219613325
771,94b7305c7749d5f88fb5,0.0190786236834625,0.0038976123688320005,0.0151810113146305
771,c4c7039db4996fd4ea6c,0.870455837081657,0.0090719914579285,0.8613838456237285
771,e6a74c2a1c0f57e98be9,0.4730628101335597,0.5024262253203851,-0.029363415186825337
771,eca0c39743f0477e7376,0.2768504749015083,0.547007030109962,-0.27015655520845366
772,c8a04b1311c0b9dca21f,0.46753196323617,0.4911374416374756,-0.023605478401305557
773,05a6c864c6803c4d3690,0.32965006581934775,0.580749341071035,-0.2510992752516873
773,4964c06af46b1b2aec51,0.5464627254294236,0.132252231425166,0.41421049400425763
773,faf8731fd1e96ca6e760,0.2658082509671439,0.0060114584998591175,0.25979679246728477
773,fbb0e8cfba3c54c93297,0.6428144612439619,0.41309752222238605,0.22971693902157586
774,138c4564c1e941111102,0.13796380481165102,0.790709453031476,-0.652745648219825
774,6aaa692dcfd83657c54f,0.922158675017403,0.11382649888317922,0.8083321761342238
774,dcf8a061a5f0e76878f1,0.8913761877247881,0.0008852956362415,0.8904908920885466
774,e13a69fffb7d55e9e6e9,0.030793324924822004,0.6200143561568715,-0.5892210312320495
774,f43d23d94bdcd17da0ed,0.790215679449299,0.26955808852692315,0.5206575909223758
775,037cc4cc77d69be32974,0.003310311827205,0.6790354842176785,-0.6757251723904735
775,2d421dddcbfa5220b6af,0.8248476726861661,0.570966254315416,0.25388141837075007
775,86465ff1183b1069631c,0.013652579793461002,0.03348378458248,-0.019831204789018994
775,b09156b0515a30e635c2,0.26424694259984405,0.410857298454036,-0.14661035585419196
775,c61b43f2076c1ac38d63,0.375914569637093,0.49600209907634274,-0.12008752943924972
776,2e72f386936668027fab,5.2034004070680184e-05,0.9515010943142386,-0.9514490603101678
776,51b87ed65ea9cb57a86f,0.470321291852523,0.953060524123851,-0.482739232271328
776,57793db259097057bb52,0.4338070524286217,0.876288499572053,-0.4424814471434313
776,582f282576c84bbee272,0.48866598645566905,0.49554167674663807,-0.0068756902909690165
776,f532a8cb0b0ffd5f70ab,0.8999541882733186,0.25617530437033953,0.6437788839029791
777,593b1ff2687e07ca820d,0.7769608943016038,0.11678044432026001,0.6601804499813437
777,8a6592cf57b38eee5d62,0.25785533704869945,0.000148124336654,0.25770721271204544
777,927461485a8d66d0482d,0.31925911692252107,0.33328112187016157,-0.014022004947640498
777,d7e33170f858aade825a,0.42235377383371914,0.643937325109741,-0.22158355127602186
778,09274fbd335f731d0e2a,0.33350064603739665,0.07887976045076352,0.25462088558663315
778,5a7b3f24e96399799eb3,0.028071498375507504,0.48744055536946657,-0.4593690569939591
778,752de5de51a64a4c9736,0.21044657354272944,0.44016106399888505,-0.2297144904561556
778,dfa098efe3b6cec76889,0.11503453961923452,0.7435465431529,-0.6285120035336655
778,e4c3c71d27630782a6fd,0.02997688501561767,0.315003033590309,-0.28502614857469133
779,1f4a03412ea514ab0682,0.4113896885350976,0.020478342971023,0.3909113455640746
779,29ef5ace25eebfbe4fe5,0.9238101949508334,0.5814099137963735,0.34240028115445986
779,48f17de67abf980c72d9,0.6076826305332217,0.669729446008091,-0.06204681547486934
779,e9f55e50579ad0256e7d,0.45253351844523343,0.38441546353505507,0.06811805491017836
781,19b17e4370ecd121630c,0.001531587411298,0.5472282497493681,-0.5456966623380701
781,2f1b7bfd848d1d7f43f2,0.414718045611208,0.9095286503955096,-0.49481060478430156
781,440c758dc53ff3011314,0.46522853995244257,0.624133135095522,-0.15890459514307947
781,9246d2b7a0980382a3ce,0.0037546267934260003,0.018203476817480004,-0.014448850024054003
782,95d1367cbd1e493eb13c,0.8117016343389535,0.6459134427508241,0.1657881915881294
782,ad459bf07c2487c8d09c,0.79162071741171,0.47491746532812007,0.31670325208358996
782,b6bd53683b1bbe47b545,0.024452134601056667,0.09673088523953301,-0.07227875063847634
783,219b2c669de3eb9c54e8,0.251674152143794,0.482557321833587,-0.230883169689793
783,31861210cc9139fe7c29,0.043032643549683,0.8145203733121156,-0.7714877297624325
783,53f9e86a0cf8b6150d3a,0.004085543926428,0.011770830193198634,-0.007685286266770634
783,586dd24eb76fa40cc865,1.980617263430335e-06,0.42091541718704795,-0.4209134365697845
783,8cf4c421e9eb79c1811c,0.090874477698029,0.5999472124644906,-0.5090727347664615
784,276db41ad8a0a5d48fa7,0.0009114615923080001,0.5106152267552585,-0.5097037651629505
784,3d617734a643fa998e87,0.6682099932821091,0.004848447181171001,0.6633615461009381
784,f3500f2bf6351dd41643,0.045108124977758006,0.35503806548828454,-0.3099299405105265
784,f557179ba7d8cefadea6,0.016954308061755,0.8883460173930775,-0.8713917093313225
785,23dde74882ff3107abd7,2.121338184146615e-06,0.488140103236391,-0.48813798189820684
785,3e6f72e3b5808fd13454,0.582143471819461,0.20898079130125102,0.37316268051821
785,caed6902a6239f5e3c8a,0.174412113051908,0.8088505739628156,-0.6344384609109075
785,cee4cfc7f2458f759e31,2.104578464640953e-05,0.9599946220561006,-0.9599735762714542
786,18fe34b0d754122d147c,0.47714303690373877,0.24271279218368502,0.23443024472005375
786,233d78753d2baeb21740,0.42480340272027156,0.8117295882164336,-0.38692618549616203
786,6b58ac2f4bc246b7cfe7,2.921027589740945e-05,0.5001267271692016,-0.5000975168933042
786,7404a58d73c5d3787887,0.5260087580580716,0.72780840749518,-0.20179964943710849
786,bfc3646627bd91550899,0.4925760318491225,0.9608469862045081,-0.4682709543553856
787,5ff58a1141ea20b847d7,0.045659359778729,0.119559709218089,-0.07390034943936
787,72634dc783e81e581319,0.033530624391489,0.4963583976839415,-0.4628277732924525
787,ee3e0a69138ece4926fd,0.06238151363619,0.1902966445299875,-0.12791513089379752
788,40477e66445ba9929147,0.1353286294202388,0.4616244180985765,-0.32629578867833775
788,638062df6bdde974f143,0.275012402042912,0.23860094537766863,0.03641145666524337
789,4be255456868aac64fba,0.8158122855982524,0.9839269705549245,-0.16811468495667214
789,9798cce336fe197c9571,0.8504452705837175,0.22071967789308802,0.6297255926906296
790,28a2fcab3a77710b3ea0,0.24854490842649263,0.6190187103495215,-0.37047380192302887
790,4eaca963b4fa88371f39,0.3340787738411035,0.13606668800854002,0.1980120858325635
790,cb767286cf3d29c126de,0.707815017486947,0.49934737332747353,0.20846764415947344
791,221e54109872a65217cd,0.675399942753435,0.0036388586733560003,0.671761084080079
791,87abad2bef343307df6d,0.99817300456456,0.5949499662371776,0.4032230383273825
791,895b960fc4e1147e8844,0.0056665578451140005,0.9548792726910851,-0.949212714845971
791,984b3928d187f34bb32d,0.2928954434678007,0.7431231758999215,-0.4502277324321208
791,eb856bad0f0a6bd4a121,0.8879361448919846,0.5328918626039385,0.3550442822880461
792,162b5a0ab29140dc86eb,0.09125040274140801,0.3251971054834155,-0.23394670274200752
792,6c5324596428fc473e2f,0.21741976474628977,0.5435817794012995,-0.3261620146550097
792,ce38f231c0097e67bd03,0.533397436311393,0.5717936336597795,-0.03839619734838651
792,e8417671850d6885ef10,0.0044838136596975,0.585864145422982,-0.5813803317632845
792,f0e5e64a3163443c87d9,0.5038017995055708,0.197869114874742,0.3059326846308288
793,4be78f51587321b4a8db,0.8910220285416901,0.42765968797589504,0.46336234056579506
793,818a36e7c42448512eb1,0.156791759274223,0.5755193626155061,-0.41872760334128306
793,a7d0a623502c2db41cd0,0.9396732720937081,0.4099245367182595,0.5297487353754486
794,5aa7ba5e981110cb191b,0.3938759173878262,0.49417479147354404,-0.10029887408571786
794,6c6643ac6c0dc159c910,0.9836696250660666,0.498457419755413,0.48521220531065357
794,7fc3040287c7ce62b263,0.0011452428785940002,0.2876503055410205,-0.2865050626624265
794,8438c405f7e313bc5de6,0.7480179958252937,0.9584446252668055,-0.2104266294415118
794,88059a8d4851d77e06da,0.006602158998419001,0.839181595757996,-0.832579436759577
795,354279b02acd01145649,0.000322895665183,0.49649917461907905,-0.49617627895389604
795,4a95b745d1a55c9e4105,0.000983033546186,0.7976494363653726,-0.7966664028191865
795,6da7502337623c57e3b6,0.31038134738349804,0.37884755342412474,-0.0684662060406267
795,d25c52537c39c1484415,0.20399594538402802,0.379361501825622,-0.175365556441594
795,e71ab815e9b2d4207f05,7.706502668690428e-06,0.146567271104961,-0.14655956460229233
796,283b2655b16afe49fecb,9.436770165769832e-05,0.110527652690718,-0.1104332849890603
796,332817e9dfb87fffaf29,0.388031055251425,0.5513362543519605,-0.16330519910053554
796,9cec9a2ed41abc3458d7,0.005658945952795,0.38427980614912954,-0.37862086019633456
797,08dddef9831a36913877,0.8876128254834771,0.3286996178047255,0.5589132076787515
797,26aac371c6e88e10eac0,0.004938383367533001,0.06977595619837801,-0.06483757283084501
797,61e705d398e90958ddc4,0.5297441045445278,0.5731846339048046,-0.04344052936027676
798,357bfb9fe2ac1af465b6,0.18313880714188252,0.7508182392206406,-0.5676794320787582
798,61dcda756e1955308eb3,0.053713704168745505,0.091257825182101,-0.0375441210133555
798,b86ac4bc86758218282c,0.507247030554781,0.303370169320868,0.20387686123391302
798,e6e46aa24662f496dbbf,0.38878482513001267,0.749242752241386,-0.36045792711137337
799,372b7ad08c26e5b24d17,0.4571453449933568,0.9141361730019346,-0.4569908280085778
799,83fe1da1da22cd330011,0.35485779164075565,0.8715149155207311,-0.5166571238799755
799,f53b38ced7ee4d02582d,0.452807640155414,0.0999644408146125,0.35284319934080155
800,22236e462aef3ba8fd01,0.4982670682664964,0.170723706891686,0.32754336137481044
800,24449672a6764764981e,0.046084310809888,0.417793243611831,-0.371708932801943
800,2ced28029980bb8b0ed1,0.07701281649060951,0.055645044952755005,0.021367771537854505
800,64e16e6f0b3bd437d0a7,0.6390428714368566,0.7917037040937666,-0.15266083265691
800,fc3e25c66f018d792bf2,0.241063838390341,0.00020327853488571245,0.2408605598554553
801,1f7c5e44755b3450e2b6,0.6540183264929146,0.0034007207008782394,0.6506176057920363
801,2c114f8337242f8836a7,0.2510139345631798,0.6675089662690655,-0.41649503170588575
801,7b6cc4f50dd0e8e46833,9.240839968848783e-05,0.38179910279641305,-0.38170669439672456
801,acb364bfea9470407672,0.724555510691497,0.5961998817201436,0.12835562897135344
801,c667553c881e4527c39c,0.22943740392286854,0.43012724889283854,-0.20068984496997
802,9a11f05c13cbbc0ff2d8,0.6850733529719716,0.5306057386101045,0.15446761436186707
802,c1fe647db86f484e3e7c,0.3137464840172272,0.49970407057818156,-0.18595758656095435
803,5cd7c81b07c5b54a720e,0.13150256632092552,0.3944513709569018,-0.26294880463597625
803,94e92312bc553eabda16,0.09220713602034976,0.22780913525846552,-0.13560199923811578
803,bf59bc3fb5cadbb1bc3f,0.4500748215130225,0.49051136423588954,-0.04043654272286701
805,31461a6670eb163c090f,0.18111792513032401,0.008750330510581768,0.17236759461974224
805,363a85ef03a7f02b96ab,0.20803113459910302,0.004658374824672802,0.20337275977443023
805,8787c0200bf9657dfeac,0.2900127041115518,0.0131932016305575,0.2768195024809943
805,ea53418023f98cfecc36,0.06091612561325001,0.49802438618354056,-0.43710826057029056
806,2dae25873dc45f898fbb,0.025848472088638,0.40400392493045706,-0.37815545284181906
806,58266e0499c3f2f991e4,0.012982643095224001,0.007120441462483249,0.005862201632740752
806,5a543e01e13960668599,0.29962227678892905,0.0068976669288745,0.29272460986005455
806,cdf0814253fc3f184d98,0.0918381270892285,0.31433361672926957,-0.22249548964004107
806,e5c3124c8bbebfa0fb65,0.46355686221613857,0.7991210429251325,-0.33556418070899396
807,25521065206199530755,0.456983333263325,0.1693851278272935,0.28759820543603154
807,85de526146dac57820b9,0.4279667437919656,0.7627192303236876,-0.334752486531722
807,b6d3dbe1ae69d8213893,0.348876995026717,0.45403555084338654,-0.10515855581666955
807,ccad9af554d2c8c1dfa4,0.0388556787363915,0.5064957165244526,-0.46764003778806107
808,04cca0234dc6e2930dbc,0.3520592268664691,0.8797883775279001,-0.527729150661431
809,35d732be31b0c20034d5,0.00024620237701300003,0.45268629819883704,-0.45244009582182404
809,470e11c3343c87d97d54,0.5337598757346146,0.9918578654681911,-0.4580979897335765
809,d6c69c19bc6f9d9faa00,0.268744330129078,0.33125795188234003,-0.06251362175326203
810,5d12987c8d7bfe0088fa,0.4300112617039705,0.8907208024453181,-0.4607095407413476
810,7ce4416dfb884e868b2e,0.26182374899886135,0.564455362757473,-0.30263161375861164
810,bb6ffda740ad6ac88014,0.49695431548609004,0.8861997845029266,-0.38924546901683654
810,f18753c1345ebd0ad33c,0.5863311329368911,0.46899200331345653,0.11733912962343457
811,33cd47eb6984e6b31ddd,0.26497120014385905,0.4584873124938901,-0.19351611235003102
811,537c58765d5cfeecfc20,0.304841945673745,0.12455380361288951,0.1802881420608555
811,596359e1657a7094d192,0.04857096709458401,0.893856539199511,-0.845285572104927
811,61364588dcb36270eef9,0.07899416322193975,0.854445262393223,-0.7754510991712833
811,9cf0bb2bd9635c99a684,0.6294666086106624,0.005882377554671068,0.6235842310559914
812,31212bf39f75d28faa9c,0.42920187987771274,0.18644350971102353,0.24275837016668922
813,152dc43fbc04240358da,9.695321472756321e-06,0.45807192418798404,-0.45806222886651127
813,2eb2edf8e362df5f98f9,0.002529967224368,0.060590060747711325,-0.05806009352334333
813,b45cca5940bcf784d039,0.664771067461516,0.9447087795635536,-0.27993771210203755
814,acbf4e7153b4d223954a,0.10408833627636685,0.925016660396149,-0.8209283241197822
815,445163bd07107013f36a,0.0012419803146750002,0.460037345251642,-0.45879536493696704
815,683fb1d9aeaccbe8c10c,0.27107466015859333,0.07054252917149001,0.20053213098710332
815,7f0fb0e8bbe8aeb0ea2d,0.33620859581225004,0.20205181332891,0.13415678248334004
815,b7d5c150b485cb3c2605,0.3899271424482335,0.2625906750002868,0.1273364674479467
815,e31923948657e5e7dd6a,0.45003406471990326,0.9517819185150731,-0.5017478537951698
816,570c1b1355bfc52b63ce,0.3984335965228799,0.9144333604664091,-0.5159997639435292
816,9dde3446500b05e76f17,0.49028209921799354,0.9985856044087695,-0.508303505190776
817,10da99ed04fd64d9026b,0.34513132621646603,0.0038771836685075004,0.34125414254795855
817,4b093d91366bccf42237,0.5947723156308663,0.1286636747929595,0.4661086408379068
817,a01f734dc440f97c56d1,0.30586259158998175,0.10535283778906451,0.20050975380091723
817,ab112992c68b3bf6d7cd,0.5582413036731851,0.006131764374540501,0.5521095392986446
818,0da7348c06c39c7f0580,0.7552205106363676,0.7646283736322236,-0.009407862995855942
818,a6ffe141946016ce14d9,0.6185913264646411,0.16689526400659602,0.45169606245804506
819,2408eb59872c00ec8839,0.5852922315446752,0.545131361853361,0.04016086969131427
819,9ca5d52cf155f220e98f,0.4737768938076865,0.6637712598857801,-0.1899943660780936
820,36d70db22e0b4fa780e6,0.4335955830481878,0.0166499112595165,0.4169456717886713
820,9ceec140bb23c75c6107,0.4604453630449434,0.19263358295208652,0.2678117800928569
820,a12cc631d1793c5d9944,0.29597779280541037,0.171200176485643,0.12477761631976736
820,bc6cbbcc9e587baa0e3b,0.5704710195241562,0.5237168274531026,0.04675419207105369
820,c967f9b461a1729c413d,0.1679524435877757,0.5063880774627115,-0.3384356338749358
821,2e198354e3c578dda61f,0.283768233423964,0.7634110866327916,-0.47964285320882755
821,7806686daedf06947dcd,0.1415989321555311,0.9081503767250976,-0.7665514445695665
821,7bebd1b717a978e89379,0.3616098995075749,0.9151432060624831,-0.5535333065549082
821,b889c1b7a438b1e501da,0.112590539659337,0.0002505482159987906,0.11233999144333821
821,f5ef855a180607f053d6,0.35252595969749106,0.1628385617821395,0.18968739791535155
822,1d2ad841c6823b07d1ae,0.620307240537264,0.949256109817183,-0.32894886927991895
822,921e868e29176131ab5f,0.7831479130864353,0.025666641880595004,0.7574812712058403
822,b4a20d291f58c2daed53,0.38128087974769903,0.30196998800127556,0.07931089174642347
822,c6b1dfc4b24575104241,0.054846666019116,0.4276562680062645,-0.3728096019871485
822,d1d5348806e7bc2b0a2f,0.185286535354927,0.8632454379350776,-0.6779589025801506
823,20c3cf4cef402cc5e8be,0.405541255288568,0.321168121511817,0.08437313377675099
823,27d790af4aac0fc991b1,0.32280925408043704,0.450713691804139,-0.12790443772370197
823,784884a87a996490ebe9,0.0002939754044560135,0.18207836899862,-0.18178439359416398
823,de365b3aec4b50add47c,0.4733440707541114,0.359149473054006,0.11419459770010537
823,fbc40e22960eeb85465f,0.44336540985277634,0.032588638519799,0.41077677133297735
824,724286a49d4952ef71eb,0.06889344361601,0.00036416795544363056,0.06852927566056638
824,8db3d140d6c09dd54d70,0.420877596139614,0.11508227286957151,0.3057953232700425
824,af389f8435610d923ca4,0.00041937288740300004,0.4902587016863965,-0.4898393287989935
824,cefc61d805314b2fd934,0.136192466452247,0.7404612803578056,-0.6042688139055585
824,e80ce3923695c04faedf,0.073365789512897,0.605047326201362,-0.5316815366884651
825,4493c61c25213112c53d,0.025138656034647003,0.5831052293095845,-0.5579665732749375
825,66a33d60fc5e40efdf20,0.072734896003913,0.7212509568681585,-0.6485160608642455
826,026c141cfbabe4ca61c8,0.36235694644292804,0.011463513435194002,0.350893433007734
826,5a4e3d41f29895028184,0.016503423595684002,0.039106452243567,-0.022603028647882998
826,62d9ca9f89bb580b3afb,0.08701113378153821,0.45991042669646653,-0.3728992929149283
826,a23e49f138a717ead687,0.07981397843154,0.474888298225819,-0.395074319794279
827,d62bd9570acddd45324f,0.259689447673199,0.736899537375939,-0.47721008970274004
827,e38163c9a9af8ddf033c,0.069593084022216,0.056300555123673504,0.013292528898542502
828,1a32d0e84689b9cac24b,0.3231277110654538,0.310207095733019,0.01292061533243477
829,037b51c20b2bb7135986,0.8494235914620061,0.9845332160882005,-0.13510962462619447
829,37fd57c64a3cd8903757,0.15891924940676452,0.07685857686151451,0.08206067254525001
829,4ff3f4d64e1de321fddb,0.5983613234048191,0.49286259397840154,0.10549872942641753
829,88578b09578495b60e96,0.28075336153990904,0.1793578066227065,0.10139555491720253
829,bafb142e56f01716a85e,0.22605243055967628,0.4472227698639475,-0.2211703393042712
830,19c9d7caa2b847be5a78,0.9005530759151421,0.4932761434527455,0.4072769324623966
830,51bc28062f11a9fb2418,0.37803511007723256,0.08010657926808601,0.29792853080914655
830,5e191df6e9a83ef53a89,3.899399648362858e-06,0.0008912218843400047,-0.0008873224846916419
830,aeceea06ce90ee23c3eb,0.42003011341824853,0.589649569420864,-0.16961945600261547
831,1f4290fb167d559f916a,0.09274251727879201,0.9934295636402126,-0.9006870463614206
831,34e3e53bb64ce8dfc031,0.12262228213654601,0.054257599051706004,0.06836468308484
831,9630310a7fa9c6d3f108,0.01547731642154,0.8459562800069925,-0.8304789635854525
832,00218e3e5521e787378f,0.31714475503591405,0.8700132668118661,-0.552868511775952
832,1f9000378130b729d648,0.7224016246252116,0.5641414674848481,0.15826015714036357
832,4656e7f9051d87da2abe,8.638019161862972e-05,0.279732445905969,-0.2796460657143504
832,6805cb4d150e66a2cfac,0.9358608411711421,0.5940127958334646,0.34184804533767754
832,cc2430b9d58d79b23886,0.3489275015986484,0.6122032057784875,-0.26327570417983914
833,48f70ae6ffeccc250eff,0.50210136575185,0.44521207931292156,0.05688928643892849
833,4a7cffd09de8eb98f597,0.5699002949845781,0.03722668960080101,0.5326736053837771
833,937795142f3e760ca269,0.550614113793365,3.440529453993401e-05,0.5505797084988251
833,c809537a80a170b87206,0.5118689289699511,0.37893618840014104,0.13293274056981003
833,e00a17da3199bcbb92dd,0.007402188099696,0.5067241829084421,-0.4993219948087461
834,2c3ab2786e1b433aaf67,0.021256239158305497,0.021730653540694003,-0.00047441438238850567
834,5b1ce92837ad839fe5c5,0.0022737373169970003,0.2711805538417925,-0.26890681652479553
834,c33940ac141dfb479a9f,0.1286766596984915,0.9843907179755387,-0.8557140582770472
834,c646a8f1dc4f68f96dd2,0.518707495151636,0.9469089652023062,-0.4282014700506701
834,db63e5ced7496797c534,0.2047859835518275,0.2160714313588245,-0.011285447806997001
835,03c805e36d655097dfd5,0.47012485683259103,0.8344941788095521,-0.3643693219769611
835,04521aac34c6b5331f66,0.3078760393272748,0.998930705632272,-0.6910546663049972
835,0e47102fcb1d6978e7d1,2.9876682368213732e-05,0.45412672779976765,-0.45409685111739945
835,bf3c78d1276a035b8126,0.4011413880112975,0.065885030015882,0.33525635799541553
836,5d92ced34eef5c1ebe7b,0.2202467486190622,0.11619385561098051,0.1040528930080817
836,c906aaef27ba9a2fb78e,0.3049971643204757,0.9398668619446646,-0.634869697624189
837,124841b544d7fe66922f,0.175818583968349,0.4995671110722121,-0.32374852710386304
837,2ba9197cb96313bef5de,0.39359335260288203,0.5045899801323636,-0.11099662752948153
837,53fe3f0ab0134e81f4b1,0.09311684516490251,0.7282643790128711,-0.6351475338479686
837,8792304cd232cc1ea3ab,0.40273570441431833,0.28079372644648054,0.12194197796783779
837,aa53b37de5c9fed2c970,0.4153960655153024,0.062187538525191356,0.353208526990111
838,20d0ff6e85961d61ce4b,0.11235650966060601,0.499115446587489,-0.386758936926883
838,46605a370388530fc586,2.378913329833408e-05,0.017379823252312,-0.017356034119013666
838,87a2572f4b74845e8634,0.11475855152179251,0.44291118012798686,-0.3281526286061943
838,c782834c808d3317655f,0.000130031030418,0.6806040842470391,-0.6804740532166211
838,d8888bcea6cb5caa7f34,0.015551191271853502,0.6486101411262111,-0.6330589498543576
839,05c8329a34aaf9685a90,0.8646319169756637,0.1401011238092765,0.7245307931663871
839,a4d6defcd71762312bd0,0.41088838608289874,0.22064138463543373,0.190247001447465
839,ae7527f6d518fef154c9,0.756837499025516,0.41329398267656703,0.343543516348949
839,df1a1bf5edb284181ce4,0.3808321232864881,0.9830475576774106,-0.6022154343909225
839,efd55de83ce2a6041e6e,0.7336610639846667,0.2621506218242045,0.4715104421604622
841,640e776e08ecd47cec41,0.5007869449368089,0.5913784710211606,-0.09059152608435173
841,ae2ba5e638471d1a1021,0.4959076108555163,0.482108984769999,0.013798626085517296
841,af1c68e998e0cc3b40fe,0.5732592981244136,0.2508527435119535,0.32240655461246004
841,e91c3f3a301a708d2c2b,0.7324336242761121,0.579561280001185,0.15287234427492713
841,f26190a81d9e5662be17,0.5896674208705576,0.967297374717712,-0.3776299538471545
844,3ca2a0e46cb446c5c9b2,0.6028336619167652,0.0223617302899115,0.5804719316268537
844,6d59eee86d0b080f1635,0.6965834645419015,0.49434246879289123,0.20224099574901022
844,ac09091c9411c79638c4,0.5519339467414274,0.8761244505160461,-0.3241905037746188
844,d14c8b864f9af65ff156,0.05455237625892401,0.6773286404463781,-0.6227762641874541
844,d64141a2c74317c0f0c8,0.6758938067802508,0.7203003641645725,-0.044406557384321754
845,66bc416575439a7791fe,0.44613727340406556,0.39210308151125556,0.05403419189281
845,7abe7b15992b89746663,0.6928423517334511,0.953469225659556,-0.26062687392610495
845,e99964670a2260688662,0.004465976890420001,0.5055344312783381,-0.501068454387918
846,32cb5a5c477c702e52ae,0.00038827601285800005,0.485302543762039,-0.484914267749181
846,67c5373886a3e6b559d8,0.084136680951022,0.9978664398668731,-0.9137297589158511
846,81b2507272536f92b96e,0.906896641239968,0.18949540964631706,0.717401231593651
846,caf1ab831feb21e2233d,0.813277531237212,0.5289029464764341,0.2843745847607779
846,cb54a0e0393b47ac03f9,0.23565092622553302,0.283766009398704,-0.04811508317317098
847,16944633abbd877d2d40,0.026237191407770002,0.423388813556957,-0.39715162214918703
847,2ffc03236cad8091ddde,0.011723283095292001,0.3177042156709695,-0.3059809325756775
848,6d94baf65b18e175447f,0.062609714238679,0.27148613563310653,-0.20887642139442752
848,80863545852988565c12,0.444746766569507,0.5588331441757346,-0.11408637760622758
848,a324e4fe74fc7da4a11c,0.20460697657881002,0.06954118660115301,0.135065789977657
848,d8d99b6690c7b598d494,0.08088326514178601,0.025578129434714502,0.055305135707071504
849,192371bc2c09718ca4dd,0.29261175077933105,0.004404040832446001,0.28820770994688505
849,6a596e8e13abcbecf84c,0.256021432310831,0.6343632058383281,-0.37834177352749704
849,9c48f1476d7c184d9440,0.071389255512755,0.21141752924377052,-0.1400282737310155
849,c965617eb2504871a12d,0.016705893341852,0.48034559743999206,-0.46363970409814004
849,d36d4c9727648f221141,0.001529494291464726,0.499554403690238,-0.4980249093987733
850,173030434c423d19095b,0.8957034856513391,0.2202462108423725,0.6754572748089666
850,28f72cd60598a9cdd216,0.507638995519612,0.9880554535816086,-0.4804164580619966
850,60dceab36f91da435c26,0.0491537973174705,0.724767158922784,-0.6756133616053135
850,89d1b411b9020fc38083,0.156775199892407,0.9540556574200746,-0.7972804575276675
851,88343056d96b5cb1de52,0.6651069913628406,0.278529959581921,0.38657703178091957
851,95e754bf8c3544857d44,0.6457483617033135,0.0015780090679600614,0.6441703526353535
851,9a13ef54cc3faf60a7c0,0.1717241026321915,0.8679935819180671,-0.6962694792858756
852,455a9278f6d4d4d4cedc,0.2943048793878204,0.028759011272690503,0.2655458681151299
852,6c48ac7fc2b5d4932650,0.32030133290603663,0.0463955287764225,0.2739058041296141
854,0b6fc847841cc5e4b469,0.2989836360980235,0.5704042775353035,-0.27142064143728006
854,3113c2d1718572d00722,0.7398628728342274,0.8373656886232186,-0.09750281578899123
854,668de93825a389f24fff,0.4973350829846013,0.30705385264266505,0.19028123034193622
854,6a1265f6eff4b72fae03,0.08682368814577701,0.00029539979504978204,0.08652828835072723
854,90cf6b9cc964beaa576b,0.3757543675818357,0.000551321768196,0.3752030458136397
855,0391b1dbd29bc0bafe72,0.0027029661346755,0.016124523934338,-0.0134215577996625
855,743745210288e1e8ced2,4.498186498823914e-06,0.060397878269477005,-0.06039338008297818
855,bca9cd258a92ca4b2cdd,0.006198057725863501,0.0773317808424005,-0.071133723116537
855,c1447cecbdb460011c08,0.3320518414578206,0.16280049696619553,0.16925134449162504
855,e0b77950257feb0dc7cf,0.0022448152368810003,0.631735457017315,-0.629490641780434
856,44c1743be86f6c66ad97,0.027073987765956,0.8839836082234745,-0.8569096204575185
856,af63b44fc88b3b0fc59f,0.10510178775662551,0.0009387245494070001,0.10416306320721852
856,df328c82d76d2937772d,0.43343125384204656,0.0045610478384115,0.42887020600363507
856,e9932cee9553970458d8,0.49080742983231457,0.5184018255505195,-0.027594395718204934
857,512af12cf816c3a5f7f7,0.9227895724989621,0.921354856999766,0.0014347154991960487
857,7f31d8361d29a9e8940f,0.4695950447921004,0.28957004270700804,0.18002500208509237
857,9191e34abb8725a11255,0.030398894674759,0.006079909328781,0.024318985345978
857,a96f6b60f4457e704836,0.4890824387369136,0.756629638448113,-0.26754719971119945
857,d03d0b974bdfaa14e867,0.6313192179833931,0.051386747650527004,0.5799324703328661
858,6cf2522752408fcc6867,0.001989436182976,0.5073806158135675,-0.5053911796305915
858,76d24d8dedd1f884cab1,0.36482430222488504,0.5225280103774655,-0.1577037081525805
858,e2318a183bee70cb205d,0.211465727012133,0.8988266010678401,-0.6873608740557071
858,fe86b7d598c00d27f912,0.0581758130736455,0.2691346296690916,-0.21095881659544607
859,47d90abfc8d6bace6e43,0.31448865564999307,0.7214022998011791,-0.406913644151186
859,6e5b6644dd2448f6c1c3,0.6119132151211534,0.362630901233262,0.24928231388789135
860,02aa5d8844b31ec04c20,0.49927792218300304,0.9806522726256606,-0.48137435044265753
860,3c9fde33b971c1ffb1d4,0.5926120369500807,0.597715718045141,-0.0051036810950603195
860,676fc6c7617683d62a06,0.6468279724928251,0.9767303437364301,-0.329902371243605
860,eb21466c2c33a43d7868,0.7192157724804558,0.7985489401703516,-0.07933316768989584
861,d78b122ea17ca50fcdbe,0.3328821734946474,0.005027809571499,0.3278543639231484
862,20d037e439c99564f062,0.0167779296757825,0.005025536456195,0.0117523932195875
862,8b987b92c475543cc3ca,0.02289237137988,0.10505977897808413,-0.08216740759820414
862,c5eacd06ef11d5b90a5d,0.15501914425471255,0.112579070666838,0.04244007358787455
862,d061019751bc7abd79f7,1.8896956186975633e-05,0.008587309011441,-0.008568412055254025
863,041d3a8c27bd868cafcb,0.343916049583062,0.46918199484237855,-0.12526594525931656
863,15288987cf3d59e844be,0.2566635264134905,0.4950498657631465,-0.23838633934965603
863,4cc5de79d6e0c5ab8c04,0.644907114388733,0.044793928642349504,0.6001131857463835
863,7e500c1948f6daeb723d,0.26565951883566874,0.2519517019496185,0.013707816886050217
863,d07ea9815560c96b8f40,0.32038843865835803,0.3914648730651865,-0.07107643440682848
864,ce3edf9bbfcdadb76f1d,0.5381036583869182,0.343387328592475,0.1947163297944432
865,6d44ef1ec488c8a4a52f,0.0020266824643930003,0.011873310187220501,-0.009846627722827501
865,9a5c1a798e6cfd6fa4f8,0.751770658105538,0.8489486019878165,-0.09717794388227852
865,d1ebd04423d483a4b53e,0.05158890080218,0.455221963459399,-0.40363306265721904
865,e8fa178b581ad7e83677,0.375071582403445,0.928329809263666,-0.5532582268602211
866,0db3d235131d40eaaead,0.06560013522678851,0.937097360215728,-0.8714972249889394
866,2ea3689fbe58ca1d7aad,0.18855781173175165,0.003689585605914,0.18486822612583764
866,49d3b83544f0bcf6df30,0.5096891114997756,0.45991497150576705,0.04977413999400854
866,528222ea401ba81ffc49,0.00044226585088200007,0.0088124259354515,-0.0083701600845695
866,6d22447c6458a9b9d930,0.23354336551261054,0.979876662363343,-0.7463332968507325
867,1b3adcd753ba83017f13,0.8199934663884754,0.45789661258341,0.36209685380506534
867,504ff7ea09184e2dff47,0.04604246656301501,0.7040157847369366,-0.6579733181739216
867,657ca211e205712b476d,0.471715742615106,0.019990597615193503,0.4517251449999125
868,2ddb2d72f245e9c451df,0.284848046029239,0.284058353942103,0.0007896920871360291
868,398abb08057ddf2c2036,0.76235529057877,0.6644557556373165,0.09789953494145354
868,a4a2318861a1f9910f9d,0.07473358806904701,0.48938600140390204,-0.41465241333485503
868,aef0cab29f60ba9d1b73,0.131239375761526,0.417489292200349,-0.286249916438823
869,3d7cc57fbdeb82e0f0d2,0.116647297186485,0.4181964288104575,-0.30154913162397246
869,50af0b2c2b73b13ee107,0.08360818354104001,0.462835497045728,-0.379227313504688
869,c133ee39781ce9234816,0.049810211774666005,0.3638471296706094,-0.3140369178959434
869,fd808894a2b1718b6a8f,0.012430960099248002,0.3808744598355416,-0.3684434997362936
870,22b55747154d0c780207,0.04091182134560233,0.057550724615174506,-0.016638903269572174
870,4c3b228f27d101481881,0.001441107135817,0.20739038884584904,-0.20594928171003204
870,4de657f2d69bceaeeef0,0.015181743670199001,0.3607351479112905,-0.34555340424109154
870,9fc321c4aabd673d3f77,0.031454763931342,0.23911674352851503,-0.20766197959717303
870,a2abb4016633f70693fd,0.0018787435285340002,0.000461543180738,0.0014172003477960003
871,8270001a9a99ee705b3d,0.5331678227527413,0.989357201005661,-0.4561893782529197
871,9b6348178250947ccf4e,0.0038202852048590005,0.12391559907179651,-0.12009531386693752
871,bd00fbcaee3ce106211f,0.2262645602448085,0.037119623918693,0.1891449363261155
871,bd79da20d2bf82423835,0.206810958751898,4.227725528943649e-05,0.20676868149660857
872,0b858d98cb9b3cce9e88,0.050552389387503505,0.43009156437447005,-0.37953917498696654
872,2728dc01441b39c8fe43,0.006947641923715501,0.0019480246257430002,0.0049996172979725004
872,531ebc9083b7a6b77506,0.006335349976265001,0.5100095194062255,-0.5036741694299606
872,8a00a69a20b97888c762,0.727783142530904,0.643029792940466,0.08475334959043801
872,8a33e6378f2f8f8bb25e,0.10463396866791701,0.0186855327888145,0.0859484358791025
873,2bcc3acae0d147c6e261,0.000343137160624,0.49568843613184255,-0.49534529897121854
873,35d7dbd3dc06f57544c1,0.8682017710342951,0.39959142793740804,0.46861034309688704
873,5dc3c480c825101c40e4,0.30528973795133,0.625598474513432,-0.32030873656210196
873,60fde432137d6a017e3b,0.09021285173299001,0.236672878956175,-0.146460027223185
873,f8803c881e159668c764,0.021593886735896,0.04586492853735051,-0.02427104180145451
874,0c8758a62c02b6d3fcb5,0.20400059021534503,0.7696745451160231,-0.5656739549006781
874,2b3c3870f77eb6b4d4cd,0.39317740068625856,0.485759708969595,-0.09258230828333647
874,383f00db8d02b069460c,0.4055166329431137,0.8658127791666685,-0.46029614622355486
874,4f463c6ecfd8823023dc,0.8342236880883631,0.5918557470062901,0.24236794108207305
874,b7700d356741952bd4f0,0.005191790887165188,0.9861438050311205,-0.9809520141439554
875,3278294be9a10443a29f,0.6827099771583941,0.510057839970205,0.17265213718818906
875,41b86811ca93eeb8676d,0.10973763327119201,0.9964959675763472,-0.8867583343051552
875,9a54dd99d20568e05a52,0.26177289029567624,0.5081327905688795,-0.24635990027320326
875,ba358e7b6f9e5e30f558,0.33081665003196237,0.457843843023994,-0.12702719299203163
875,f278106a64bf94bc72cc,0.39071241515674965,0.42385141576517904,-0.03313900060842939
876,13efaec47fed4b255661,0.013244831868812002,0.8705617827518921,-0.8573169508830801
876,1cbf6f11da3355a90142,0.31222733856196605,0.3919682195146495,-0.07974088095268345
876,48551de0bf28dc9961d9,4.369458710906464e-05,0.4798386128981836,-0.4797949183110745
876,af6d621a41cd9cb026ab,0.826930510891255,0.49907357299043803,0.327856937900817
877,0a3553af0909f0956e0b,0.17416439949103088,0.009093744102521409,0.16507065538850946
877,0a455ba9b1fcff837253,0.3999723690938048,0.46250547047204504,-0.06253310137824025
877,c1a9e6131f779f6caf80,0.004446887420835667,0.503333933053537,-0.49888704563270136
877,e93cd1595d1ff8b8fd5b,0.5391776753922829,0.11737275666244802,0.4218049187298349
877,fea12644934322ede30b,0.21959487950318152,0.6136832536732185,-0.394088374170037
878,0d7e45095581838734dd,0.4660398183545397,0.9849552707695055,-0.5189154524149657
879,02e460dc9a28610fd985,0.3683450834763763,0.0003461401533766985,0.3679989433229996
879,55973d754d1969c22aac,0.34398259812286874,0.2551634173780085,0.08881918074486023
879,6ce301719767f2913481,0.525254518521331,0.07996789636160301,0.445286622159728
879,6fca75f4b2be57c6f068,0.5576486225099826,0.127948845704074,0.4296997768059086
882,36a1f0ca7b677f215b77,0.518177451076287,0.002664154492698,0.515513296583589
882,7e21e186887535543433,0.050352101205839835,0.5500962659903801,-0.49974416478454026
882,9ec461edf27ba5a2d219,0.6458265260786956,0.30910815477434755,0.33671837130434806
883,04c69fe86bc863ce4bc2,0.4189181958912374,0.4988740526670766,-0.07995585677583916
883,90a849e4d8f91df9f979,0.4398762271274717,0.41182342699552954,0.028052800131942168
883,a4c4a1f85bc2d98a4a30,0.7823955772142412,0.9954777863789741,-0.21308220916473286
883,cdaad9fa00cea5fb361e,0.49923140958211804,0.174648869266417,0.324582540315701
884,0811f39685cef06ddfe9,0.000263028798398,0.459639861911578,-0.45937683311318
884,59d918a60f4e17bcc01c,0.703108424072295,0.6571598082305321,0.04594861584176291
884,931259af9acfc897bff6,0.0014007688366710002,0.377936357174087,-0.376535588337416
884,9f5a5a8a2bdc793e1736,0.5238268712951221,0.2381877724567636,0.2856390988383585
884,c71573eab5b45e120d9f,0.7672508910469941,0.4361661528321195,0.33108473821487455
886,70478cef9ec38098efca,0.365405325843463,0.48298301480883554,-0.11757768896537252
886,8c85fa969c94fb07273a,0.6220931131606766,0.545223388058909,0.0768697251017676
887,195661bbaafe633cddfe,0.21667714948503503,0.0029746795992825004,0.21370246988575253
887,7d165386db9dca99d310,0.10457833526269956,0.4116369583677948,-0.30705862310509524
887,b0fc1bf814d230fb92c8,0.001579197211216,0.4814609760303035,-0.4798817788190875
888,190da1a49a27acdd458a,0.44514054589002183,0.512239589686576,-0.06709904379655418
888,3555a9dcdf160fcb890f,0.17176752348225252,0.0405057475727405,0.13126177590951202
889,6f7a247ffc2e94e2d948,0.9982844997854894,0.434757527645799,0.5635269721396904
889,93ca7fffb7e9a1607a9b,0.65549289485142,0.49161574834853256,0.16387714650288748
889,95010c94c0c013dc93cb,0.9929127986881505,0.8151532635714426,0.17775953511670795
889,a9738aff61d40645b331,0.9851949897010551,0.7296970909227866,0.25549789877826856
889,e28f2f687139c91bbffb,0.9795182060936866,0.22145805441476202,0.7580601516789245
890,02c52b8c129a21325d53,0.9792770899866211,0.5411250704915466,0.43815201949507454
890,3c15045ca1a008f8b1bd,0.9965374377774421,0.0049761088695215,0.9915613289079206
890,44d75ee64502676d7018,0.8977280576832081,0.451193235173984,0.44653482250922405
890,58c7527bf07a690e9ed8,0.618029208369229,0.022640754580476,0.595388453788753
890,bc149786c5f1c1cdbf0d,0.40918498182247104,0.9576130826842656,-0.5484281008617946
891,41aedf47bcb0bda6f4dc,0.5028761030757563,0.172170010934477,0.3307060921412792
891,7784c95271cde0ca7770,0.6220459113278977,0.7246257579006771,-0.10257984657277941
891,927d125959d22143e6d7,0.3978352278342734,0.046938718376401,0.3508965094578724
891,e99df1b9462616cfa46b,0.6036430512709537,0.7783483989606546,-0.1747053476897008
891,ea533ebf05bffdece12b,0.6121500726776571,0.296015047994008,0.31613502468364907
892,5e82dfb4caf1ceb42667,0.31763985634441905,0.714283348676076,-0.39664349233165697
892,663511298d60e4462b70,0.516109473036178,0.8249969045864091,-0.308887431550231
892,e53dc33ab8040c7c984d,0.4789406863735164,0.5223627087327666,-0.04342202235925019
892,f103655712b3173bb0da,0.1294080097963139,0.9543061201114026,-0.8248981103150888
893,0607d40f08da896a3270,0.275690092432133,0.41510509284130354,-0.13941500040917054
893,a06ad3030ff59d4830bb,0.453967019581742,0.0038366993840432827,0.4501303201976987
893,bc334adbb6925e437891,0.906009906720993,0.5499287893418771,0.35608111737911596
893,d7d83afab0d35d25d41b,0.601004695525019,0.8601490116705961,-0.2591443161455771
893,e890bc5ae00585b76d32,0.9976768944324281,0.2652886453787468,0.7323882490536813
894,4535c73df8c808248cb4,0.7305460215152775,0.010812871632227002,0.7197331498830505
894,683a46300b427471c1d8,0.8521081064341516,0.1439467936357035,0.7081613127984481
894,c93dbdeb0163f7a3de8c,0.082143110163027,0.0008318347578480001,0.081311275405179
896,5753e4882a7cccfcb06b,0.5037647994492095,0.0692280656870845,0.434536733762125
896,f98af84de209aa8310bd,0.12212954024639235,0.1262300931129935,-0.004100552866601145
898,3863cf6c647b27a878af,0.6142782923014866,0.35848991617354053,0.255788376127946
898,45893d5846bc3a219839,0.3285324944262807,0.282108794896309,0.04642369952997166
898,63e3c72b39969210f262,0.0495411843277,0.49976364903252957,-0.4502224647048296
898,c9ab273522ca53250c83,0.4206697659904244,0.9340619942222841,-0.5133922282318597
899,5f2736d220e182db856b,0.719424438436114,0.277343078687706,0.442081359748408
899,963b44343b86a4c09148,0.5286038936620807,0.6191445461099261,-0.09054065244784537
899,b99f2755d605f1d5acd7,0.6994173969454736,0.5009221877025031,0.19849520924297048
899,f6aa3963df267e0d3575,0.751179038540631,0.14076914245555253,0.6104098960850785
900,193ab3bfa49a1b558f50,0.3273411198598945,0.4157475116423875,-0.08840639178249299
900,2cf7991371120c1f127c,0.007921021666154993,0.013690459829916,-0.005769438163761008
900,83a97256538363b751cb,0.24538961395212064,0.0035833516251475004,0.24180626232697314
900,c342a9afbe724bcbc798,0.0067999298782585,0.0032902950250192553,0.003509634853239245
901,280a2297a06b6f915c46,0.5144143231665924,0.383713323881518,0.1307009992850744
901,a25d7e09b2dc32164cd5,0.5145995480726715,0.48418832390145855,0.030411224171212947
901,b173381b3dfabc1a9106,0.009374043191174,0.5451425320221586,-0.5357684888309846
901,c41538651dcbd57cded5,0.37516101281667175,0.6480610729651376,-0.27290006014846585
901,eaa1d444395bb3e311a7,0.086752301197016,0.12358453407784006,-0.03683223288082406
903,b200b45d27a898a2b55b,0.6745952210606787,0.21950150660834558,0.45509371445233315
903,cac39d14ca2aeb606e53,0.5023622287032734,0.0014396139948390002,0.5009226147084344
904,215ee0a01fac07d6ae64,0.35987679099880404,0.43720068555777103,-0.07732389455896699
904,2df100d6aededaeb36bb,0.3735310575885928,0.5238278685749226,-0.1502968109863298
904,ab5c71b149de5eb380ae,0.002368476639332,0.021683152935138002,-0.019314676295806
905,1473a5ec1c13142f1687,0.998126328569447,0.9005072165578432,0.09761911201160389
905,58fc7a319b4ef863056b,0.9986379841320411,0.0067867911963485,0.9918511929356926
905,7c81f3250fa1fa5d415a,0.812877891514957,0.8639739539011141,-0.05109606238615705
905,a1c475426ddec1072701,0.9411648547739361,0.7438483773478075,0.19731647742612857
905,c2d373aa835ed9632451,0.8033396167261191,0.1707491549186435,0.6325904618074756
907,2dedcd1441d78e4bb08f,0.00011501676349472974,0.08585006037015401,-0.08573504360665928
907,45fec0a8921b3441a8c9,0.048820479211622005,0.740501856042542,-0.69168137683092
907,7ab2eff76fb94eeddb8d,0.9963518445483561,0.5027462018855541,0.49360564266280205
907,b526d3d1a2c49fa148dc,0.261032727059612,0.4374611099817225,-0.1764283829221105
908,1ca0a265ea2e5c1299fe,0.0021947193488800003,0.7989388107897,-0.7967440914408199
908,214d8292539afc7076ad,0.073824733696319,0.024337670438251503,0.0494870632580675
908,58d0b0a97c89adcf03f8,0.9702373395900941,0.8951614291559946,0.07507591043409945
908,fac3e2ed553ea35f622a,0.4289053707734774,0.540552031100283,-0.11164666032680565
909,a477810b0f116281d5c2,0.7877841073725961,0.43187894906133883,0.35590515831125724
909,a5e0734d0618ea3f31a8,0.8826767444269891,0.46331767558990705,0.419359068837082
909,a8d7c42f3f3d7d7e559e,0.023344918175394,0.06390555874685701,-0.04056064057146301
910,37bc77b5c6a660d6009d,0.4613037211306238,0.35927875125956105,0.10202496987106274
910,569efcb373e0255c618f,0.9401984951812471,0.46438735022688804,0.47581114495435906
910,820384a117aa80ff43ec,0.26636772989315705,5.091907349554176e-05,0.2663168108196615
910,af7ba58e80531b030587,0.49138060037895803,0.968517600791976,-0.477137000413018
910,c73c9a617a58031e4e12,0.006385451361278001,0.5987363837101125,-0.5923509323488345
911,3b3a2dd62b1dc5e15b79,0.461056526613403,0.010038487235836,0.451018039377567
911,78eafe647774146d1751,0.37665499796527574,0.194215152661828,0.18243984530344773
911,96e63e9ec53280d7c975,0.6623966342501953,0.6059607875191926,0.05643584673100277
912,20a271d1d01d62c383aa,0.05867667310573801,0.9773113685017796,-0.9186346953960416
912,6ec9e390d6b1c287ea51,0.5152329195647795,0.6838721735455,-0.16863925398072055
912,b06b22097de0b5989e75,0.4710254166513705,0.396956459530703,0.07406895712066747
912,d15a7634f131dc5edd1a,0.05649026207753201,0.7968397876287545,-0.7403495255512225
913,25cc4d60d8220e4382af,0.7065818737411064,0.5764412765102825,0.13014059723082383
913,7736494d011b09e25b55,0.20571896306461834,0.558664713911573,-0.3529457508469547
914,83794d5ae47f8466aebb,0.010903546005257002,0.9481982843844676,-0.9372947383792106
914,8e7edbace5e7c5fa7ee1,0.5151744222963841,0.8227010443121405,-0.3075266220157564
914,955af0bf65506b01b3ac,0.00014902796862900002,0.2222158622169195,-0.2220668342482905
914,e270cc63b087dcf3800f,0.302659448619705,0.676917042774235,-0.37425759415453
915,1b9c893f9300687f0620,0.4899552602031534,0.8177775297677435,-0.32782226956459015
915,ad79d908438ee09e2ac1,0.6546263293056999,0.9875744561522146,-0.33294812684651476
915,e950cfb34dc9cdf79415,0.6635502944160618,0.8715132426573351,-0.20796294824127326
916,06ca40d9668abd2421da,0.07685151365281573,0.5009828602079476,-0.42413134655513185
918,35c3a662df05b54d5bcf,0.24300903892792702,0.2095158277593531,0.03349321116857393
918,5850f6ad6f07d988b047,0.332650481043247,0.018844591655043,0.31380588938820403
918,72dfff6a159df2c1fb62,0.9538326394434801,0.604297608814044,0.349535030629436
918,c31a2503fbd51946e7b2,0.9973662308750431,0.43028283511920107,0.567083395755842
919,0758eddae7306a7c23ee,0.4030224780246947,0.678876166000941,-0.2758536879762463
919,5513ed0c973bfe39260f,0.01945949451524467,0.8873924761653835,-0.8679329816501389
919,664cc3afe932d182e721,0.24541086813095603,0.774331462849362,-0.528920594718406
919,997f99b66f831720386b,0.046423370435551004,0.032004506524565005,0.014418863910985999
920,0fa956278ff687723a78,9.615744674534602e-05,0.1624683112972205,-0.16237215385047515
920,4ea98108688d42760e5b,5.657510226544615e-05,0.5795643648460316,-0.5795077897437662
920,6f1cb237e8f1fc9230d8,0.0035515900351690004,0.565669196262352,-0.562117606227183
920,7f890ee6254287f6ce39,0.5694047187565481,0.7422368415407696,-0.17283212278422155
922,33eb244fdf5c158a3eb9,0.1151425272667565,0.052768632197257505,0.062373895069498995
922,49f4868bdec41b9758c6,0.263262552214629,0.205380369405192,0.05788218280943702
922,68cac3b2baef8695f847,0.43688698328165304,0.46530175836347704,-0.028414775081823995
922,797464d3493eccee6c69,0.2591309034809034,0.010494901699786001,0.2486360017811174
923,16ef74050f946b029715,0.035389155762529004,0.7603936365144885,-0.7250044807519596
923,3097383aa3f05eeb5ac4,0.7797944129030121,0.014142232662235,0.7656521802407771
923,464768456ff9e2cbf1ad,0.672460682229095,0.004162156374279501,0.6682985258548155
923,8df02c2a398035afff5f,0.910219849477614,0.45650462274857406,0.45371522672903997
923,d298341460e3a83cca3f,0.957508447275295,0.6535844572545886,0.30392399002070647
924,1ced6607cd7c666aa136,0.4608666979369624,0.49697408163329854,-0.03610738369633615
924,98d977d92befa9ac59e3,0.5797538786156348,0.708578539674894,-0.12882466105925927
924,9d1caca30c5b760a1b0b,0.5429156208622693,0.38934811008600256,0.15356751077626674
925,5f9ec7d81704c9ff033d,0.4332224904782922,0.5435732587143931,-0.1103507682361009
926,1f1446754a09cb917140,0.47790990899752817,0.502112661040869,-0.02420275204334088
926,229503a177354582bf5a,0.24792510139492757,0.009767366231773501,0.23815773516315408
926,cb995230414da1d7aba8,0.5752847802290711,0.5064421994839305,0.0688425807451406
927,6637248a376c8a7d95b5,0.9305125646419231,0.07020810461816651,0.8603044600237566
928,1536b8cac3f4a5dab7d0,0.7945124660096131,0.0035529942563735,0.7909594717532397
928,618d7fe97e45425618c3,0.9256198962134591,0.6890291237465646,0.23659077246689453
928,9a46c61394e9e0bbf464,0.7034854923527291,0.9589593968931396,-0.2554739045404105
928,9ed6dd8d9d874e8a6182,0.43360045141241604,0.293226758527992,0.14037369288442403
928,c44fde6c53920ece1545,0.646916517005234,0.6593424921292015,-0.012425975123967481
929,2686958bc782dcfa6136,0.35572647297311105,0.072657819885088,0.28306865308802304
929,6a7347636bc1c1505d8f,0.000233644331817,0.736219619685061,-0.735985975353244
929,f68cb80e67be1534e873,0.9706398105265511,0.4071700413069555,0.5634697692195956
930,3d2a4b2b3563611fe534,0.9744390904430191,0.5375787433278015,0.4368603471152176
930,a0c2ed1cceebc85ed8f1,0.39668471134868105,0.46689845545911507,-0.07021374411043402
930,dff7911b07781364a5b6,0.67592814609599,0.6839164950385296,-0.007988348942539636
930,eee87f44caff3edb51e2,0.4038007519318374,0.6869151073674815,-0.2831143554356441
931,2195a11278a555c49668,0.9515438860802796,0.1840268772620745,0.7675170088182051
931,6799888296ac1af49764,0.352153896995597,0.6848875006513391,-0.33273360365574206
931,da60a2d2cd466b577fa6,0.06175550726103734,0.1882091120137545,-0.12645360475271716
931,e5a0f92ae1f68897ad84,0.30489672104116006,0.287154732801544,0.017741988239616036
932,38b62701a5a25ba37a76,0.888060224072154,0.5897390203910176,0.29832120368113646
933,38ba309c9339af79fb8a,0.9228277957620441,0.16925926544885453,0.7535685303131896
933,8a430a60ba9a88c50ecc,0.183086495797486,0.12441789776766901,0.058668598029817
933,af807cc3bdf3e40839db,0.107352712387022,0.022050812181482502,0.0853019002055395
933,c827887240fab0a564f4,0.005433849627158,0.43186659381500503,-0.42643274418784705
933,e5277f1630b997356f00,0.41416026840423853,0.7960789644965129,-0.3819186960922744
934,2023ca9a7e7681e1dc9d,0.6852207492994008,0.046993347821618,0.6382274014777828
936,078cc20d8028aaa54bff,0.005073555353932232,0.4829762750834655,-0.4779027197295333
936,113f39cc6b4d95541864,0.5610945088668381,0.49927109530338504,0.061823413563453056
936,57777b390b70bb1e1ff8,0.7368996040940184,0.7463139639966491,-0.00941435990263062
936,63d021fdbfd7b35ae627,0.482229795630617,0.28856438254977107,0.19366541308084595
936,87fdd7752f5ef4c08dcf,0.48846899320941406,0.1258705150038325,0.36259847820558155
937,4f1402cbdb062e2dc949,0.6491020939087141,0.5712150517726431,0.077887042136071
937,6fbe15847c62bfd85e82,0.013538388090018002,0.802177882382862,-0.7886394942928441
937,97aa76fca2971b09486a,0.9883839141315911,0.3756505717514075,0.6127333423801836
937,bf552682d205a01f91c4,0.17450274614158,0.4613744647444624,-0.2868717186028824
937,f212864636f0cb0d377c,0.298446562872691,0.7806779691865975,-0.4822314063139065
938,0f62108e46b178569ba4,0.5905086086168824,0.0525086420487515,0.5379999665681309
938,6b6e067bab35f78234b2,0.42650376717481003,0.0034970849933300004,0.42300668218148
938,8946279bf4030099ea35,0.581315296188712,0.4436951027056655,0.13762019348304655
938,fce63edbdf511f02071b,0.9001748119564016,0.531359715451321,0.3688150965050806
940,26207ea2fba249bb4f4c,0.1806901627621792,0.49544711767196103,-0.31475695490978184
940,ad840fee540efae74337,0.6976780842725383,0.00027911344383400004,0.6973989708287043
941,4ca2c587c8442b8b8fa3,0.4132894147635862,0.17761932840344902,0.2356700863601372
941,d640b803a4a63dea4010,0.078883123912035,0.39007204898347003,-0.31118892507143503
941,f99cebd98708634f32d3,0.0016467030594244556,0.12455211739184001,-0.12290541433241556
944,c8012b4e8ccec0a00140,0.2833526141040996,0.53350235837071,-0.2501497442666104
944,f1532b760a8d04d1dbe7,0.5721697307105614,0.23650145348978202,0.3356682772207794
945,22e6ee0cdf0969bfc1d3,0.006320314483391001,0.7813648337069825,-0.7750445192235915
945,bee85454faab97551e64,0.051781893546617004,0.43312949662253103,-0.38134760307591403
947,0d756ca5d5d5a002d3cd,0.43202757999482533,0.43512112309412154,-0.0030935430992962143
947,52aff05aa7a585b08e6a,0.9667262473691116,0.31979879273258754,0.646927454636524
947,557d440bc3a64dd164d1,0.5199298536884995,0.5290393837867335,-0.009109530098234009
948,3e4d5d38bb772b893261,0.09648380598534001,0.6504031075576245,-0.5539193015722845
948,75f637a0622dfdaf4f40,0.025088472920027003,0.12166210097620452,-0.09657362805617752
948,8a55e12f1dd67a3d0ab6,0.990240323196056,0.975137549763595,0.015102773432461025
948,e53094bb8ff139674cf5,0.09344691060513201,0.007108939016287501,0.08633797158884451
949,1de8b696d7feea6ecf9d,0.9842634276288466,0.39260222565267655,0.59166120197617
949,f2f12a6760e82aabff4b,0.47149853102484607,0.724653460684591,-0.25315492965974495
950,03891d4805a913a8f962,0.40457083688276313,0.36691093032182154,0.03765990656094159
950,cd1e4b1c6e89d7060997,0.33436101739453206,0.029848825069106005,0.30451219232542603
951,7a7fb51f854d9c631a0b,0.15503932335561102,0.6598417366928521,-0.5048024133372411
951,7f5ab4bda2fd4ab19b99,0.0388202985738265,0.030396062723155502,0.008424235850671001
951,a6e5dbb5687af6c28cd7,0.21989603859547902,0.2566721798015125,-0.03677614120603351
952,056ca2142faf01fdf11b,0.558612117449612,0.5666109553507546,-0.00799883790114253
952,7c411a86b3af35435212,0.5886674856399565,0.061485526951675,0.5271819586882815
953,a6d52a82720036b30808,0.06514102512713901,0.010532835141717501,0.05460818998542151
953,af917d540989cd63abd5,0.414102775371751,0.23124863857195602,0.18285413679979498
954,2064ae5fdc44b4796c77,0.4389604498962883,0.303569158547621,0.1353912913486673
954,2344fcd1dbe2969d043e,0.29856105123703236,0.041736001092200006,0.25682505014483237
954,e67ea34a4be4fd32cd96,0.48444657541425,0.426911546644885,0.057535028769365004
954,ebd2d1ba85d338dd3f98,0.10524997228684468,0.0301841944577075,0.07506577782913718
956,392ee11c88651c1c2a34,0.47465141201796607,0.9556878534813346,-0.4810364414633685
956,908f2c1d66d17e2a9dba,0.5517129105670006,0.8388520623475335,-0.28713915178053295
956,c16ff16fcf718d1c327d,0.14228814795872852,0.113065221582483,0.029222926376245517
957,5d02aa54f76f657d87d0,0.48099432965697936,0.2538306571476035,0.22716367250937586
958,6cc13e0a08c914a6bb6f,0.7838754544623516,0.4877979025796865,0.2960775518826651
958,a9471e8a217b799693d8,0.6043291003153997,0.8197732188538596,-0.2154441185384599
959,11937a9d3cb04c7bd753,0.41014540600998656,0.08727503544854151,0.3228703705614451
959,2c87d601735ec446d277,0.5104341772883967,0.8315643954399745,-0.32113021815157783
959,6a1808d44e316e63a4a8,0.5022593215767983,0.7857110567746416,-0.2834517351978433
959,874a1b0999efe2257157,0.1651416399086065,0.716568271342196,-0.5514266314335895
959,b4e0af399519f1fb0985,0.4274537913036934,0.9234799239535926,-0.4960261326498992
960,f568c4facbe220ed2ca3,0.705585583222045,0.05188055404306101,0.653705029178984
961,303b453617edfc5f49fe,0.018486358830176002,0.514265092523849,-0.495778733693673
961,30e7113c2d05a53d99ea,0.40871218119151154,0.047413862357777004,0.36129831883373453
961,7921a177e0cc1e7a164b,0.41510795682635054,0.28117258127478206,0.13393537555156848
961,d21189caea5baf128165,0.0044191485252430005,0.14041547840000201,-0.13599632987475901
962,68977a17d7c2bbdc523c,0.5672437693642592,0.5300281450170721,0.03721562434718717
962,95a193d6ba475b33d215,0.7542088779701686,0.0070598754107285,0.7471490025594401
962,c135378410baa5dcbb45,0.5870593103826393,0.013625898820559002,0.5734334115620803
962,cbb014d5b6b72b5c79a1,0.616944993445462,0.5626970483663936,0.054247945079068494
963,3d891129bbcae9dfc65a,0.038164870185481,0.31757713506629953,-0.27941226488081855
963,47dfae2f0c86f8dc9ac5,0.479987708849796,0.8808251311432226,-0.40083742229342656
963,83ee4b6f7784015cb5c3,0.700037413200533,0.20664282742854254,0.49339458577199047
963,d54d573de29dcec589f6,0.33619830344335905,0.558924555858449,-0.22272625241508998
963,f9a48c0d3c0049f573ae,0.32028037114454305,0.48397430973192707,-0.163693938587384
966,2818ad56545db77b008f,0.6499531104529722,0.044284684985471,0.6056684254675012
966,e31a2d8aa56042f18093,0.0016491829301220002,1.12072558433053e-05,0.0016379756742786948
967,833643be356ddf119662,0.028263003985974502,0.38771431351870556,-0.3594513095327311
967,9fc36d9282b003b1b6e3,0.006751055972047026,0.10455145331548701,-0.09780039734343998
967,b00ac91ee496387eef61,0.6655066589911648,0.012340565602295002,0.6531660933888698
969,505e187b64bd2d1d4cda,0.425407872389895,0.8520179341414231,-0.4266100617515281
969,69ce2f32c6619a20965c,0.134234138249076,0.6995987173946231,-0.565364579145547
969,8572daf594b357cc9666,0.5136268647903746,0.010271269066218782,0.5033555957241558
969,97bfaf6e9e1918ea3590,0.725058272285643,0.49993979138711653,0.22511848089852649
970,1078bc9f56e862833034,0.5185823637431403,0.0261821176180985,0.49240024612504174
970,66fd3f69112e73fdfec7,0.21167029981957952,0.9458357344383816,-0.7341654346188021
970,6bb963367d9c998218aa,0.26679327325761465,0.25470296058825803,0.012090312669356618
970,748a89c6ae75ed19a24d,0.29105624906467403,0.44967685640571603,-0.158620607341042
970,a6fb2814e6dd5d564ff1,0.015096395476220204,0.34355470944815253,-0.3284583139719323
971,42f533c3619696860a0c,0.5330975806452237,0.5233555694428591,0.00974201120236462
971,8b9ed791016eecae0781,0.1453643693559147,0.009693595271481502,0.1356707740844332
971,a35910957fe1b095e15d,0.010391543545784001,0.056256728914654504,-0.045865185368870506
972,5b5e699ddddb938e7e22,0.011833311360718001,0.506304221409913,-0.494470910049195
972,a67103a0617ab4181e8f,0.32453184482193603,0.5232302673027256,-0.19869842248078956
972,ed2e5cb8e252f86fcd20,0.3376130521490602,0.7280618127571086,-0.3904487606080484
974,1e8ecf490d1b1cd8aac1,0.513065581137168,0.34984841705089864,0.1632171640862694
974,21982bdcef245cb74414,0.036140277726324,0.5243815318191686,-0.4882412540928446
974,693882ed1d311abc4770,0.9882437211519931,0.577370654215579,0.4108730669364141
974,cfbc5ddd21a897808cff,0.7352575904161971,0.48574345395998103,0.24951413645621606
975,5488dee232972f891327,0.023665201084575004,0.21128466160459153,-0.18761946052001652
975,579884144cb89c1185bf,0.0360699939462355,0.265374121967841,-0.2293041280216055
975,788cd29e4593c8bb3b1f,0.0014459145275600002,0.4783846220637845,-0.4769387075362245
975,c960639bedfd001ddb79,0.16846381134561125,0.7839240320287401,-0.6154602206831288
978,0ab07873665961bb7ff6,0.3572575513274885,0.48774395666185755,-0.13048640533436906
978,1dd0d596c6dddf2e2d54,0.00061265260295,0.6210803416327875,-0.6204676890298375
978,47299f873517481de5b5,0.5841640506454421,0.9523117487111696,-0.36814769806572756
978,5bd1a82a265f248d1737,0.516995790112047,0.2121543174483125,0.3048414726637345
981,0c4d3795313408c320e5,0.26399875795210004,0.42505026553699704,-0.161051507584897
981,2939a6c5db8953d65f28,0.22595198724928,0.9575328281024535,-0.7315808408531735
981,2e1e826e53cbf32da8fd,0.3655297551452994,0.5974387549114821,-0.23190899976618273
981,8c3135fded5cddf578fb,0.7564559112196904,0.8701776343146831,-0.11372172309499273
982,38c0694c16fcf24cbf86,0.6660291368095181,0.638322889041806,0.027706247767712133
982,8f4238d0ae4ea5afbf60,0.9698303401914876,0.023707526632625,0.9461228135588626
982,ea108b7dab69f036e377,0.0022169602807545,0.6955793262090426,-0.6933623659282881
984,6882b307965641acd99e,0.29011154992160804,0.48926810613498606,-0.19915655621337802
984,7211e8e8afb927ebbaed,0.05113892585938851,0.4928981986925635,-0.441759272833175
984,d93863ed085702a3e69d,0.729152570282184,0.118258603752223,0.6108939665299611
984,e11157f9c8f1f5cc85d0,0.752378829165492,0.6697279079474565,0.08265092121803552
984,fa9b868820553895f686,0.6888245827585051,0.0024715075153910002,0.6863530752431141
987,28d79a5da389fdc1879b,0.45993664740050605,0.402570127397874,0.05736652000263204
987,8f69d0dad4907154bd97,0.484797703835506,0.7044760513654585,-0.21967834752995252
987,dfd36fb63d9671288569,0.135611555889391,0.12225905978054201,0.01335249610884899
987,e3f827340442d5572354,0.002899194680107,0.1649474453028305,-0.16204825062272352
987,eff810d9e063d1b44d22,0.00039645227748100003,0.34281733638789,-0.34242088411040905
994,85a4f939d4e90cc0ed8e,0.09290363797552649,0.0003749498020835,0.092528688173443
994,bc87759e67e8eb68d02b,0.018019755332329503,0.48541967517267254,-0.467399919840343
995,9258c68b0784b9b0bf52,0.5830783524506232,0.2623560769643835,0.3207222754862397
995,bec8f62c69fa1b187131,0.4129633593465728,0.589707192131092,-0.17674383278451922
995,f1575a3d7440000a0a1b,0.462196370756192,0.22745330062666552,0.2347430701295265
996,231a85174ee6d31d7dfa,0.224185121909333,0.6020943008380406,-0.37790917892870757
996,d727b40da35e9c1cdcfa,0.6437054332303123,0.5805201175492416,0.06318531568107066
996,f36a1fff5ad6e7a76953,0.0248684227646055,0.384123022970743,-0.35925460020613753
997,679cc911a7a82c991d37,0.0037303106259570003,0.2464739898091945,-0.2427436791832375
997,87266b1f30c194ce8b46,0.011042199406444,0.505713053711992,-0.494670854305548
997,a31000a2c6df89708ea8,0.9431011048346085,0.618802169449928,0.32429893538468046
997,b81b020335ecaf3f7a7f,0.6870138049617466,0.8151009099769766,-0.12808710501523002
999,1215551323170189dd3c,0.1543273851735665,0.5289906612602381,-0.3746632760866716
999,4bc9841f961ccbdaed2f,0.000553740695789,0.517849355860721,-0.517295615164932
999,76250ec2c237a0c8e20d,0.0133372154371405,0.9265751121002035,-0.913237896663063
999,eddf0ee1cc09980e40ab,0.14869155039723708,0.888046839732014,-0.739355289334777
1001,157d9d50d9b1a5672e25,0.7554087444249188,0.1845072108001245,0.5709015336247942
1001,85b795c3691ede7533ff,6.0635418583712476e-05,0.4933849112513785,-0.4933242758327948
1001,86834eeda546ef32f406,0.5838398648728707,0.006756092163338,0.5770837727095327
1002,5fe09e543cc8f344a00e,0.006453715007821,0.8017388168965596,-0.7952851018887386
1002,88d29ccd61ba0bc24551,0.069488530851902,0.48357155423714804,-0.41408302338524605
1002,98f7bb352eb8ad91ff4b,0.011655987397527,0.17959712654029253,-0.16794113914276554
1002,bf1d5d6a88640612a61a,0.013982984235472501,0.579949548666398,-0.5659665644309255
1007,e529ca7ab255a392f671,0.5712579337483991,0.006126253267342001,0.5651316804810571
1009,8583a875882e2dfd4a8c,0.5797916154033788,0.495072412618338,0.08471920278504075
1009,a21de159210113b4e3dc,0.13938696648373464,0.8630196497377371,-0.7236326832540025
1009,d28c1ce8f8e20ce896ba,0.5217659990315524,0.7547406139216756,-0.23297461489012317
1010,c1c147103b9b8403a37f,0.46794429615717625,0.726220495253709,-0.25827619909653277
1011,32526c118647346edc03,0.7630554425056411,0.8913694227957951,-0.12831398029015406
1011,90b69be654a42f6d0e79,0.6945307294324976,0.7847083916484765,-0.0901776622159789
1011,d1a6c5c56db75b9c8517,0.47844105943980264,0.5216834879446101,-0.04324242850480742
1011,eb17fb813471252ea274,0.7916469340016994,0.9157771196281717,-0.12413018562647227
1013,1c127cc2c660fd1c1bd5,0.007985100924311001,0.8203469343249116,-0.8123618334006005
1013,6880650363137494dc24,0.11273164450644735,0.9310375297896061,-0.8183058852831587
1013,701d5c153d10cc84629e,0.47146062846034925,0.128966720611739,0.3424939078486102
1014,9657c961426b6d9151d3,0.9053114139017846,0.48032862794051556,0.42498278596126904
1015,0733e404a82eca295831,0.5332268386151222,0.004409690946447001,0.5288171476686752
1015,eb21645cc752d60c7f61,0.4812127359019243,0.498443389383038,-0.01723065348111369
1016,20ccd3e37f59d7fe8dea,0.5778913133036191,0.044424778248666,0.5334665350549531
1016,214e1c7a4e4a5e510a78,0.086510313078255,0.37016955191904155,-0.28365923884078653
1016,3f15f34e4454ca646b06,0.4536473209294638,0.471725993596859,-0.018078672667395213
1016,f69c0c86c688ed0339b8,0.40250255838667054,0.06020783799434801,0.34229472039232256
1017,372450e365cff0c51090,0.161345242611841,0.4844360754166405,-0.32309083280479955
1017,8823127ac4bed41a61be,0.2304915541399125,0.11906233650332601,0.1114292176365865
1018,8508dbcfcf76080cacbf,0.6673247154359895,0.7795027980323765,-0.11217808259638706
1019,a04737a11df1c82f13a7,0.998286090307207,0.01165025743218,0.9866358328750271
1019,e555308a1f4cfebbde78,0.5310230314060117,0.293013371073822,0.23800966033218968
1020,06c8718447f91d0562f4,0.6839491409743889,0.6461858692425131,0.03776327173187577
1020,4c41c27103aa60a00922,0.3438584764178847,0.38482540753845007,-0.040966931120565375
1020,77e4a5bd6c4870bb0717,0.5818212427074927,0.669125326177411,-0.08730408346991836
1020,acc24d7cc4e0f5732975,0.8805866643686414,0.29138651433217055,0.5892001500364709
1021,085b1cb938c11ff3eb8e,0.6231292610903851,8.049619721193313e-05,0.6230487648931732
1021,38e4904427dcf7e6360d,0.077189085501838,0.04781960186952751,0.029369483632310497
1021,fff99236ead3bbaa5409,0.006504360888297,0.191331803222784,-0.184827442334487
1022,5827288ad4dee299d95b,0.004532358594346001,1.9221482005241622e-05,0.004513137112340759
1022,990cb85d058e68a227a8,0.41961801564356604,0.5281654238351475,-0.10854740819158148
1022,f6d4ca3401f0a68bdf04,0.361443719578101,0.890291500640032,-0.528847781061931
1023,62323ecc051df435f562,0.9929535943201341,0.43277767787965704,0.560175916440477
1023,6ba38ef2a2e34726a6a4,0.6060891148296631,0.6542537222449231,-0.048164607415259963
1023,b02f30e2c0dfc2bcf0db,0.9460363048326621,0.9838992835528806,-0.03786297872021849
1023,c9092a1d141049ce56ae,0.9616671360145371,0.492563023552658,0.4691041124618791
1023,daffce0ebfd73c2efa5a,0.8295973513078171,0.08280290670651251,0.7467944446013046
1024,6117ab9f32f913f642e7,0.280894755735814,0.26808350186697305,0.012811253868840966
1024,c0137025f43b61ce99c3,0.027586001092554668,0.425469821197728,-0.39788382010517337
1025,1ee88079c7a674e68ba3,0.09842588952791001,0.9702267452394976,-0.8718008557115876
1025,2f673664970743764f16,0.053126212960864005,0.23309690040233602,-0.17997068744147202
1025,4333a4fe09f47468f223,0.00047740257455700005,0.07559894389697958,-0.07512154132242257
1025,aa08540d38ead287b9e7,0.13492676252254102,0.126869845889396,0.008056916633145006
1025,b9d8682f77ee88c31c66,0.09820999833915801,0.144804689857444,-0.04659469151828598
1026,011aa072d0caa1a10308,0.031187052287411,0.4386563711866595,-0.40746931889924853
1026,5764f99c3467186cf400,0.775870305872103,0.011734338428549,0.764135967443554
1026,5b90265479f4b4bb68f5,0.41730150188992904,0.09899027580661901,0.31831122608331003
1026,a58c0012461b4aae5dc7,0.896627074906422,0.47140098313273704,0.425226091773685
1026,ae508e30f40ad7cca544,0.632190039174897,0.8254546245593701,-0.1932645853844731
1027,a2a0b69feb23e5360761,0.9869471924711151,0.6956485254418021,0.29129866702931295
1027,ea006eb1c5786ecc27e3,0.240369215334323,0.44163754388908605,-0.20126832855476304
1027,f06cb6c9d45629355f65,0.4268932072330223,0.613454602303774,-0.1865613950707517
1027,f2b579fe543893e5de2d,0.19685148259083451,0.4937800751099021,-0.29692859251906756
1028,0fd36c62803f71fe4935,0.20280812245297417,0.49127928035313073,-0.28847115790015654
1028,4e016a0256786cc2a575,0.373498996453759,0.025364175544399,0.34813482090936
1028,82c18fdc55821a6e3677,0.23464173732883517,0.0006927896812340001,0.23394894764760116
1028,bc8884ed896117e94dfc,0.265465512841412,0.08088184568319141,0.1845836671582206
1028,bd506b49bd7da386e905,0.56433084139666,0.849506147662044,-0.285175306265384
1029,263a01cd38dafebb3e17,0.0098297844337,0.5897339209661331,-0.5799041365324331
1029,6acab5c931b34a9bcd99,0.10213884782118501,0.9957378376616831,-0.8935989898404981
1029,8f132cb211671bba23c8,0.08300441435859901,0.30460923149619756,-0.22160481713759855
1029,acdebc6f813a362c1983,0.16960873432767,0.17996395330758103,-0.010355218979911013
1029,d6b15075fc9e718d64d3,0.006381027188596001,0.5550708789078496,-0.5486898517192536
1030,2169eb5d7b0a3ee8329c,0.5048914951805196,0.0015133510909214455,0.5033781440895981
1030,70a72fc0b850149b2ac3,0.40996114848174703,0.9472031722257082,-0.5372420237439611
1030,a8004c813d228b099afb,0.8221125395329245,0.715933813536556,0.10617872599636846
1030,f9c03a575b77d11cf1b3,0.540826435467003,0.5717657335326616,-0.030939298065658538
1032,1b15a64e8b74000b6cac,0.21757452627076102,0.0270837205996245,0.19049080567113652
1032,878744fd1faa00c2b99f,0.038464385506022505,0.178186487961766,-0.1397221024557435
1032,9b41a3801751e5250d89,0.099082952943498,0.8107178600230001,-0.711634907079502
1032,a2a412450275124727c7,0.802438752966929,0.003929892835891012,0.7985088601310381
1033,26336b8198952f945b40,0.10487612040963351,0.5016298216927105,-0.396753701283077
1033,5f7d0d5430a15fe715f4,0.415078907463425,0.6420576196903405,-0.22697871222691546
1033,db325556c8781cd1afd7,0.438223034507063,0.06456688569238,0.373656148814683
1033,e5c9f740e9f36c9915d7,0.050510507582367505,0.004699160665758001,0.045811346916609506
1035,0841fc52f384ba40064d,2.57288685420355e-07,2.069479787677643e-05,-2.0437509191356076e-05
1035,10c675fd2bdb39d92747,0.026090775476164,0.291872875357072,-0.265782099880908
1035,665ff8dcb938cbdaf900,0.139657704945124,0.8014473436032181,-0.6617896386580941
1035,6e2d5441fa761a532c5f,0.00016192949449100001,0.8821886758382511,-0.8820267463437601
1036,0631d8520e530039586c,0.22373315246813802,0.59977581757139,-0.37604266510325196
1036,660be331e3376bccc30a,0.046977528039677,0.4125258240721117,-0.36554829603243466
1036,70e05c5f9bb9088b897d,0.006028079117509,0.0007097462551737508,0.0053183328623352495
1036,d53b48ab6744f49cfa65,0.959501405707134,0.028696582783802,0.930804822923332
1037,4e3d4142bda5611f8e29,0.40129262348072475,0.6708827335034271,-0.26959011002270233
1037,99676f7694bebfdac16e,0.2030747987791775,0.908572984593708,-0.7054981858145306
1037,9ec573bb60d7552954c6,0.2027126962059555,0.5459179990096186,-0.34320530280366307
1037,f1e8d4e69deeb2d6be76,0.08956390901318934,0.00010662468980200001,0.08945728432338733
1038,0056627ae26aae91a6fd,0.7925108052461488,0.49170511998161304,0.30080568526453577
1038,11d5a5e4855dfc1bcde3,0.00029614582154400003,0.1729195857483915,-0.1726234399268475
1038,3c4bc296b383b93cc15e,0.056695864547614,0.49718948478325303,-0.44049362023563904
1038,dbf50cfbae6254659631,0.539621414730272,0.0588457312021875,0.48077568352808453
1038,f61dcfdba3c536bf6165,0.6700120382949786,0.141533776245994,0.5284782620489845
1039,098e523383c95b9531fa,0.3604019155210901,0.9639157524096981,-0.6035138368886079
1039,2ac733edd17ee5525aab,0.288345382339795,0.4716765410975535,-0.18333115875775852
1039,3b9ecaf7c493b14bb071,0.22212625389055432,0.49492953499836606,-0.2728032811078117
1039,f2b09f8c4c6bfadf0ed2,0.18686344565933935,0.621509459950456,-0.4346460142911167
1040,10e46376a43c8ad87360,0.18014554200918653,0.12776290742754,0.05238263458164652
1040,5337950cad57e5be672b,0.06774796804586801,0.5007175185270105,-0.4329695504811425
1040,72f74024d66a9c582b98,0.041513832191689005,0.7595461209729206,-0.7180322887812316
1040,f7e088cc0c7c2608eabc,0.3939116806351125,0.8963669768205551,-0.5024552961854426
1041,08818e7435c27ad31548,0.001993146497305,0.44418785160344904,-0.44219470510614406
1041,c17858adb8d1b856dda6,5.991008104752531e-05,0.9922796866372485,-0.992219776556201
1041,d40198b3d84e9d2f0f1f,0.5423874879056877,0.653131867265448,-0.11074437935976034
1045,20142aadbbcc3375e490,0.376824449438392,0.1704275450311225,0.2063969044072695
1045,68a679a9d031bc1a9820,0.639359627639373,0.905321297206469,-0.265961669567096
1045,ad96d1b6ccfdec87debe,0.025637787428018,0.5747973020978601,-0.549159514669842
1045,d2dd097a985d566cb483,0.4240602881441944,0.3434883898678015,0.08057189827639288
1045,e0988ba39fba3cbccfc9,0.030250137847231004,0.0183200934645725,0.011930044382658503
1047,3815a0266d2630c41e29,0.7216260800249971,0.9826406619202122,-0.2610145818952151
1047,547f923fd031c0e03cfc,0.353755278700075,0.009175885308114001,0.344579393391961
1047,ad1e8f534d262bcc840f,0.8306018740683251,0.017487358454943806,0.8131145156133813
1047,b62cd458e3a36b2a41b5,0.026294824398372003,0.48724318241696807,-0.46094835801859607
1047,e509af3052205ef63883,0.42614343171608454,0.5648347508377836,-0.13869131912169902
1048,1606e8981778fdfc9f98,0.5768078032883763,0.8912464225758956,-0.31443861928751926
1048,bee06c15de8effc4d3c3,0.010582035966494001,0.9964059845475806,-0.9858239485810866
1048,d0ece584dea8e44f75a6,0.285413140552609,0.21340066265283653,0.0720124778997725
1049,8dcd0d1f6caf7c25bc8f,0.3677217040884485,0.9781616117690521,-0.6104399076806036
1049,c198a562be5ce9f44f88,0.016286634070004,0.2572909627594935,-0.24100432868948948
1050,2e5ed5193bc8af6cefdd,0.286799656099092,6.747753850662325e-05,0.2867321785605854
1050,6156c147bd021e7b94e1,0.7107304634179841,0.000628104740608,0.710102358677376
1050,76e80d27a8ab783a4296,0.0044023607097410005,0.42567951073901805,-0.42127715002927707
1050,a14062f8cf31832b227b,0.28980770296137004,0.7675396031148831,-0.4777319001535131
1050,a8000f5ec99905443ffd,0.1486429476690235,0.49965080723326655,-0.3510078595642431
1051,6357b5ec43a2b688a814,0.3609078082936893,0.11514177251591852,0.24576603577777079
1051,87ca40e390b2fd345850,0.10987620460427801,0.40681411290463704,-0.29693790830035904
1051,99c66c5e9ebb4a5be64d,0.24967289335137252,0.3626273550087945,-0.11295446165742198
1051,d99e1e8f2144c4dd64ca,0.24561295643400252,0.6370260909130956,-0.3914131344790931
1054,1f7cb1f9ef2a047549a8,0.6443703500804318,0.48987773648640703,0.15449261359402472
1054,67d6ad51faed1e0f2566,0.2627259640478895,0.856903811139067,-0.5941778470911775
1054,69e7d22e50bff0a84455,0.9672132215557333,0.582143275635392,0.38506994592034127
1054,7997d8a531461e30e1d8,0.9868343340815375,0.3597383502880395,0.627095983793498
1055,00b1670a17d4b912ee5d,0.577976708358317,0.6283379980298935,-0.05036128967157649
1055,11887f6663767a728c3f,0.7469707443012311,0.8436680963208536,-0.09669735201962248
1055,50df010ad321ad0971be,0.705078821209826,0.3046478491130655,0.4004309720967605
1055,56ea1f2a27a4e9f82252,0.5803369618687846,0.9698705426623171,-0.3895335807935325
1056,13912b5981decff0077e,0.19646679731511701,0.010766226604123,0.18570057071099402
1056,6796aec5f94f1a379007,0.047047243229875,0.0097471377144395,0.0373001055154355
1056,76347cf6e17c08d97ca8,0.003558938789422,0.4058236894495845,-0.40226475066016254
1056,a04bc1e04956ef165816,0.0032596229633520004,0.5291817428361656,-0.5259221198728136
1056,e91704ec7b2add74c2aa,0.014192364986006002,0.6003713999641245,-0.5861790349781185
1058,08de7ecb0dfd9fff628d,0.2622785179415135,0.49840189920987754,-0.23612338126836402
1058,7a655a4305b1351aea8c,0.875174434091833,0.9831336820618171,-0.10795924796998402
1058,d55d186c4047ddadaebf,0.05861531882235,0.7737024171294495,-0.7150870983070995
1060,43530a935500e921b940,0.4401297994482819,0.29070626415127304,0.14942353529700886
1060,c9d33f828cca94d25224,0.4442516017294847,0.2044035599430845,0.23984804178640018
1061,1bdc072e8a4d92792121,0.35282117037284944,0.45699622104986104,-0.1041750506770116
1061,6b2f6609686369218ed7,0.7656429416426084,0.3888747815952425,0.37676816004736585
1061,a6f2bfac5a8eb176bb9c,0.29883629543465245,0.08647350851991051,0.21236278691474195
1061,f2de93018fd10e3f4cfa,0.3963993880455065,0.8004904044691075,-0.40409101642360096
1062,41ffd906fa827ead41c9,0.9226091442731668,0.8614786821677272,0.0611304621054396
1062,6d60e027bab215eca43d,0.8241424619360868,0.0320745419827925,0.7920679199532943
1062,9df27001085051d6987a,0.06387268007034425,0.5123871976218191,-0.4485145175514748
1062,d17f09d8007c3a284a2a,0.6882415305406825,0.0009063133617402866,0.6873352171789422
1062,d943b164303ad4ed61cf,0.39485712506832504,0.1303718034148755,0.2644853216534495
1063,8db56251657417c17da7,0.5316104740431509,0.24347595947098702,0.2881345145721639
1063,f4fb37375bd68f03ad0a,0.5999354458029436,0.245401735963014,0.35453370983992955
1064,61157e3119dfe002acb9,0.41772431643852803,0.22126733261739304,0.196456983821135
1064,c5be2bcb2ee54cdc9670,0.45894992070299684,0.8508201119946501,-0.3918701912916533
1064,eef55f797d389a6049d3,0.4452907517539428,6.037143891279188e-05,0.44523038031503
1064,f01560e44c8dbbd2258a,0.32099426414551185,0.09502937114238166,0.2259648930031302
1065,264da1cace23d15fdf46,0.525243936257885,0.944743906023437,-0.41949996976555204
1065,3805f802fda697e0d1ce,0.1876540333598545,0.6407442685370781,-0.4530902351772236
1065,a876fdcd88eae194d9ad,0.6536455621576988,0.5832014630532381,0.0704440991044607
1065,b502b0d523b18e7b8ae0,0.18191799976734851,0.5651330747726231,-0.3832150750052746
1065,f97e09d9e9e0503f7f71,0.22488525006068036,0.54141106712416,-0.3165258170634796
1066,4aa2c150960e76218128,0.6895559668596432,0.1034025427915765,0.5861534240680667
1066,689c035881e8f8cad829,0.6398022911519288,0.646706252206814,-0.0069039610548852215
1066,a83b96bce3e76a104898,0.6386117198228317,0.2414403746089865,0.39717134521384523
1066,c5e50847107333f02284,0.7922609802699944,0.18800486729756302,0.6042561129724313
1067,0395f96196389a6228c2,0.7034690890914287,0.27920764885319804,0.42426144023823065
1067,22d2090881e5d41e0b25,0.7168431659077371,0.2537166117864585,0.4631265541212786
1067,338417159ccc80f06b6d,0.6654957736102977,0.27198784531972103,0.3935079282905766
1067,9a07e2674eda5ab1876e,0.7702949633938614,0.2087875781862475,0.5615073852076139
1067,ee1b5d31020c592dd387,0.6675236615881398,0.500569534838304,0.16695412674983579
1068,0593e979d49d5b88d9cf,0.002961462546541,0.01622400239377,-0.013262539847229
1068,799e42ec12b732cd5b49,0.903061519133844,0.00041437833148800005,0.902647140802356
1068,8a7fc0edd66fb5189983,0.526837377858956,0.016278610620942,0.510558767238014
1068,98a994056ca9174c7842,0.9879460011894361,0.030059406830943502,0.9578865943584925
1068,b07d0fb964290ece7357,0.8556140603212461,0.28582784523404403,0.5697862150872021
1069,0d51764d12dc8ea7b692,0.319053033109916,0.077515557247177,0.241537475862739
1069,25ed64869ea8a0ff7aa7,0.003351725547858,0.7567572662737451,-0.7534055407258871
1069,430245d8c2c736bf32f7,0.0018607038033530002,0.001242066967457,0.0006186368358960003
1069,b0643ce08c58b3172eec,0.111656489995723,0.9043302598774956,-0.7926737698817726
1069,c8fee7040ae892e34244,0.000309469765683,0.1509563972780965,-0.15064692751241351
1070,0ee53dbd1074da4e4ff0,0.42331714470019943,0.36390591496429303,0.0594112297359064
1070,214a87966a30ae074db5,0.40137088594421105,0.32153735556055085,0.0798335303836602
1070,3e3b4670e35017733d43,0.39466721272341765,0.0430077715756675,0.35165944114775016
1070,4cb5d22b0ac5a827a13d,0.3527506407783813,0.9388107549352781,-0.5860601141568968
1070,7ecc8aea52dfd6267e85,0.22376234440903753,0.2186949037817765,0.005067440627261027
1071,31ba9647746a9ef103da,0.6651677759987423,0.50135448636608,0.16381328963266228
1071,46ad7d272e135ec311fa,0.6652700401768087,0.34802247869444003,0.31724756148236866
1071,d7cb062ab39ba0674169,0.7847952259733095,0.123352454122421,0.6614427718508885
1071,f48bd3609446b1b2105c,0.9349385933402671,0.9923729613261436,-0.05743436798587653
1072,aaf5551ecb88f4363e68,0.47831939826180764,0.6247789174509626,-0.14645951918915495
1072,b4ccbe604e9d8f4ca125,0.2984301594145186,0.006627419343262501,0.2918027400712561
1072,f13b0efb330f8def9838,0.6750878571838286,0.5701996675806705,0.10488818960315804
1073,1816d5204e9f4e7e26be,0.28706178498871504,0.215814611244524,0.07124717374419104
1073,20d412d392f50f21e111,0.07705107376896,0.4961850186934855,-0.4191339449245255
1073,74447bbe91407de4c1fd,0.0012893027109680002,0.27523848505070253,-0.27394918233973453
1073,852b032309e03a7bc823,9.60107009582758e-05,0.015986164850452,-0.015890154149493727
1073,95665ea8285acea093df,0.073541126272279,0.9205108652665706,-0.8469697389942915
1074,aad59a84d5c14d3f321f,0.39309254140607464,0.263131407401873,0.12996113400420162
1074,cd0c59d93ea3888bd0ec,0.288046908400761,0.09342024512240771,0.19462666327835332
1074,d1006f9ff393bd5e5f18,0.8392594218090356,0.35474989345238406,0.4845095283566515
1075,008f23ff6fbefdde85eb,0.13218031502482241,0.08654882607539101,0.045631488949431406
1075,24d55acade8f99d50a21,0.6411532732773118,0.4108794789216855,0.23027379435562623
1075,465dc9d94c29411ab9bb,0.4696700240917212,0.8187083554350111,-0.3490383313432899
1075,b60fdeb5106aab3c0c88,0.35443083584154406,0.5384256249129851,-0.183994789071441
1075,f98e007b7197d18af675,0.6464263545669425,0.44763649956698953,0.198789854999953
1076,242ecbb8694179eae2e0,0.020524324989866,0.0084502546881615,0.012074070301704501
1076,7db202ad5ad842ebdd59,0.00013967499977,0.8040727282306911,-0.8039330532309211
1076,9bb2d88a85cb327212c8,0.9679101500381311,0.5375566316274665,0.4303535184106646
1076,bc996ecd01d817a70a4b,0.013703612344517,0.76879361137788,-0.755089999033363
1076,e4566ca54367dbe8bdd9,0.69924034320895,0.9938910833414091,-0.29465074013245907
1077,680a497ebeb38aab0044,0.337463375729621,0.229951290543744,0.10751208518587699
1077,d9808c6c0b808b7e168b,0.25884148279429753,0.6586087855779066,-0.39976730278360906
1077,ea386874270cc7ce4237,0.36321764387293953,0.9758983110390705,-0.612680667166131
1078,07113661b3dcf46267d2,0.6130843344565361,0.000762032554118,0.6123223019024181
1078,ade60258f8f7a377b9ae,0.697792305596248,0.32772186582842405,0.370070439767824
1078,bb4a4d812d3c51ef232e,0.9310271838785571,0.5646659923964675,0.36636119148208957
1078,c9b32d15849c8aa393ff,0.005793215811245001,0.48726145348692756,-0.4814682376756826
1078,f8a2c405da43bd7eda3b,0.000465865230745,0.9645080170220202,-0.9640421517912752
1079,06d6275a83fd7fd58733,0.04863862239498801,0.0812392648544685,-0.032600642459480494
1079,49f6ef845c7cad5c0f69,0.070326922168586,0.49256118356462253,-0.42223426139603654
1079,924cc77eeb08699109e3,0.25943660302514404,0.13787669777518602,0.12155990524995802
1079,cbf327be3f5fa9234330,0.9101327499225951,0.5002634071732335,0.4098693427493616
1079,df6faf6189dad58d94ae,0.009355792531620001,0.36289732907891503,-0.35354153654729503
1080,025fa20dafa2a7b6f58b,0.973082214351163,0.7562230572025637,0.21685915714859938
1080,2e31e18bf47c8902ded0,0.038245943963111005,0.8663172858819945,-0.8280713419188835
1080,4c5beaee079f69985f51,0.034149885687201,0.383842823543396,-0.349692937856195
1080,811283ad9efda418f704,0.06588543836952401,0.2678294897947695,-0.2019440514252455
1081,97e66a9591dc0dc33fd0,0.7090704082803718,0.9160617163245031,-0.20699130804413124
1081,9f4993d1fdfcfe14b3ef,0.0775450440683885,0.7003890053927495,-0.622843961324361
1082,5559b66d6adc49a78c59,0.5248025607866716,0.5745700384979371,-0.04976747771126544
1083,87bb8a112be281dd9880,0.20241152487358802,0.8383222177880831,-0.6359106929144951
1083,99448accb69b737270b1,0.2600779171239114,0.000255073899583,0.25982284322432836
1084,06f61fdedfe1e3fa6777,0.26420493552731433,0.47158383504334006,-0.20737889951602573
1084,44f0b51d55c57893e8ce,0.14233571016690003,0.17867994620319202,-0.036344236036292
1084,8a41fbda047e3c2cea07,0.347617144383773,0.374740960423569,-0.027123816039796023
1084,cb2e6439431646eec2d7,0.001340067994631,0.1620453410392585,-0.1607052730446275
1084,fe5f9c66fa511b3696bd,0.009442503476933001,0.6277647396508346,-0.6183222361739016
1085,6b58f0ae1511a8f10ed5,0.5149805432334386,0.5622510493750635,-0.04727050614162498
1085,f4f3c06e90abb1447ffc,0.7800874543128767,0.07264303354746601,0.7074444207654107
1085,f6d6560c358786f7e2d2,0.2471489110862818,0.49364524522964404,-0.24649633414336225
1086,1d512cbc33a7ac342684,0.534329246398698,0.4924319263424621,0.041897320056235976
1086,6c979ec42d3fc795eed4,0.7377807329169099,0.5002918595162845,0.2374888734006254
1086,7e53eb0c4557d2e31afd,0.3535472816156657,0.0585792060824895,0.29496807553317617
1086,ae3a2fefbe89f7aa6c51,0.6691163239841228,0.461087994587465,0.20802832939665777
1086,ebfe486eb23da67b751d,0.5963178511414241,0.5804374887955215,0.01588036234590262
1087,25c3e7886c786c1f7a90,0.4033812489176924,0.1544972439872705,0.2488840049304219
1087,4563b8880bef1a8aea9b,0.3799449765776624,0.7992715873290741,-0.4193266107514117
1087,57332af24d4cec7d414b,0.540654786341342,0.49890346194171853,0.04175132439962348
1087,6d9eb303048e2d061a68,0.113072798999916,0.48775058531847404,-0.374677786318558
1087,999f0ed814c6a40c2ce7,0.0021627730738410004,0.513968750617221,-0.51180597754338
1088,970acdeed3d3ced31b30,0.43766974937086905,0.6178428213352225,-0.18017307196435345
1089,45cb50f7ca4f8728b77e,0.19881643581845826,0.5010805232676845,-0.3022640874492262
1089,89f552cad400860e9686,0.164645227541782,0.46852967718838107,-0.30388444964659905
1089,9d4b9b49677b9e3fb163,0.29084743505033045,0.47579304890842405,-0.1849456138580936
1089,c58c14f88098ce44ccf9,0.029013987970133336,0.4544351482874065,-0.4254211603172732
1089,dad6b5eaa928767ed1b6,0.4756079602060169,0.05924713450206051,0.4163608257039564
1090,0b8b64bd3cbfaecbb253,0.355235737811369,0.9721089381031691,-0.6168732002918
1090,f63845d6190aae0e5abf,8.04046221140818e-05,0.04747986528742751,-0.04739946066531343
1092,38c2ee9d756d27769943,0.4127006390182025,0.4302165482263436,-0.01751590920814111
1092,abca8fa7d4080d8262da,0.4217578382509056,0.35613624357601453,0.06562159467489109
1092,c738e241e018d5b244dc,0.4067326039448877,0.6111108593894801,-0.20437825544459237
1092,faf51fc3f3e4dc1679ad,0.5183833495453773,0.46505480431619056,0.053328545229186786
1093,160dd07eddd2d485164e,0.34920106654238636,0.6944864825916446,-0.3452854160492582
1093,56bc14c10dde04779d04,0.47760611183490526,0.9990259560016036,-0.5214198441666984
1093,6905fc4b1a8bb14577a3,0.3352758027057639,0.3652013978110447,-0.02992559510528081
1093,88e63951baa87fd11bef,0.49190565915135603,0.48142569230850757,0.010479966842848465
1093,9cb9ffa89b8f6d66024b,0.055407171956592005,0.42863938039481203,-0.37323220843822
1094,5dc31ac0bbb09a96fd33,0.049430199485401005,0.892784363651908,-0.843354164166507
1094,ae0020158367b41a4d25,0.08423201774733201,0.17791419031570402,-0.09368217256837201
1094,c60525d0d8f6c92b2089,0.219286763367529,0.22996019708917553,-0.01067343372164653
1095,4023b1f53d79a1ca8e94,0.6708034221932231,0.6472480667972086,0.0235553553960145
1095,eac678d8094b384d79e6,0.22182066110113502,0.10081432155348151,0.12100633954765351
1096,0309b47c89e2ff426163,0.004848046598608196,0.5142056621842755,-0.5093576155856674
1096,48cd0f401044ddc67aa7,0.259770119435834,0.0064644820607175,0.2533056373751165
1096,787dc8f6af8dee48848a,0.006884277103580001,0.47046236435647104,-0.463578087252891
1096,833822b029cf3fa0b708,7.535944366262143e-05,0.08818177343025851,-0.0881064139865959
1096,d1c54f581bffb085494f,0.27974792233288803,0.0874439537275985,0.19230396860528953
1099,007889a3e651827c11f2,0.028249541625137,0.0012201582552230001,0.027029383369914
1099,21bdab29f88b1fdf10de,0.005830514919704001,0.08338193024245336,-0.07755141532274935
1099,2339d3464b81e239a218,0.0009970258678128458,0.129175840453638,-0.12817881458582517
1099,a6725031deef6bb1a25e,0.126127606863705,0.018599947959101,0.107527658904604
1099,c3b338440b1525b1814d,0.018227519253603,0.5508973730652466,-0.5326698538116436
1100,562ccf1171f0e333c0f3,0.25163096403837054,0.17256743251030301,0.07906353152806753
1100,c926c195f9f9cfcd9049,0.5469627623863346,0.1697387270516075,0.37722403533472704
1100,d396db3a516d5fa85527,0.3824037443157595,0.05689691288048451,0.32550683143527503
1101,2cd975c551ecea8d0489,0.4150772540824221,0.4903163273514567,-0.07523907326903462
1102,1030ddca18bbbde122fa,0.719021103626182,0.6521223805844776,0.06689872304170441
1103,2b60463c10979ec25f49,0.7423618408739091,0.0006889550097980001,0.7416728858641111
1103,a69b01fca1a86915513c,0.454447183656883,0.46734495075872656,-0.012897767101843538
1103,c87fbe110ad99a370ad4,0.4736612382992358,0.2831257567401081,0.1905354815591277
1103,f0218189724a9fac8785,0.30364416952164935,0.8607429679467256,-0.5570987984250761
1104,743b40734933d6c0c259,0.6476418996612477,0.1600678689781645,0.48757403068308325
1104,a8cbe46b8b8ba6e526a5,0.4931114606831284,0.0517825097782855,0.44132895090484286
1104,d52eeefb9e7e6c34c53b,0.181489115205856,0.00021886461452900002,0.181270250591327
1104,e9f3fa8f03ff8d12c227,0.0043585162615340485,0.49971703147009355,-0.4953585152085595
1105,65eba81bad432b29a485,0.9900293949437358,0.46486363909245304,0.5251657558512828
1105,b8352938dadc40353dff,0.9065672337807431,0.15972256911224253,0.7468446646685005
1107,4a55472d4e7c6c4fa99e,0.0008947132847780001,0.533697898022815,-0.532803184738037
1107,52ed06b54819add917b3,0.8979494641069371,0.23968771204786454,0.6582617520590726
1107,d45221377e3f77265ab4,4.038735148331479e-05,0.5284944468235956,-0.5284540594721123
1107,de2f593e29c50acdd565,0.145234054426627,0.111794041823583,0.03344001260304401
1108,4c8f927edfbfda6cccd0,0.4410612425741363,0.48539598636691955,-0.04433474379278324
1108,9fc912fd0ad74d892dac,0.6757946410917306,0.581451660398215,0.09434298069351554
1108,c7e7d1ce57105f3c6c53,0.507619037331678,0.7448835259080615,-0.2372644885763835
1108,d30897d544c77a5f1781,0.6323313497213271,0.976713096551393,-0.34438174683006595
1109,10e33ac4618d552e125c,0.38884874441709166,0.8521987490525476,-0.4633500046354559
1110,94bade990522b788bf8b,0.19645150651459642,0.108032136267627,0.08841937024696941
1110,d530a70916332c38e76b,0.34000268040618264,0.247247434124581,0.09275524628160164
1112,0e9f64b062be685538d9,0.42040162142873305,0.004683629049455001,0.41571799237927803
1112,beb5de7839e577d9a0e8,0.044249652417647,0.6459573569248945,-0.6017077045072475
1112,c5c60ef819d1a468c079,0.205362223012059,0.041316905179656416,0.1640453178324026
1112,d8e593d690158b6272e5,0.6572950506523917,0.05856622846469851,0.5987288221876932
1113,a74cf85f0d788cdf1fca,0.3391692230459454,0.45592120429563954,-0.11675198124969416
1113,f3f9f38cf394abeba5ee,0.545608427315808,0.659017166101167,-0.11340873878535895
1114,140b6dfafea192a4b786,0.127675614061161,0.623253492094688,-0.49557787803352704
1114,6c4a31ece35b724b4f0d,0.006388166336282,0.43814919008640657,-0.4317610237501246
1114,c4cf0ee93f582834a60f,0.8563694382968845,0.6174159305087821,0.23895350778810243
1115,512d4b0dd296dcc7b319,0.0729050124223405,0.6689822542188241,-0.5960772417964836
1115,8dc6a6721d668675137e,0.34101695134369175,0.006960193162076,0.33405675818161573
1115,91c89e0fea03b4af26eb,0.7655563972574231,0.49838044363689205,0.26717595362053104
1117,073da127dbed76f38299,0.045591731403436,0.25744144600262453,-0.21184971459918853
1117,3d65f73e5eedfc4e71c4,0.871228508249528,0.39291347971250307,0.47831502853702496
1117,eae0f2ca0df4fc692327,0.0056737362653810006,0.46292981848385306,-0.4572560822184721
1117,ef501e84777d75f62480,0.071258362540981,0.49093717943034904,-0.41967881688936803
1118,a2656aaa05e89dbdf131,0.4888304196885891,0.44853003690872906,0.04030038277986003
1119,68e2aeaab475f807fdc5,0.6842586690186656,0.0174267119497555,0.6668319570689101
1119,9d48c483ae195088575d,0.0030994846020470004,0.5281827071312101,-0.5250832225291631
1120,0d9e27c11f0c583bf9fd,1.1698565961308742e-05,0.8250720069106685,-0.8250603083447072
1120,46649499df51759ae940,1.7865853601427094e-05,0.058578984803217465,-0.05856111894961604
1120,a5c91f821b66b3e7cf20,0.6672015757647537,0.046718361230964504,0.6204832145337892
1121,48ba4c3f0871562c4b71,0.906806346436634,0.0380352664343455,0.8687710800022885
1121,78ffe23eaa0d9bd24d16,0.9776454974926481,0.26711363272217103,0.710531864770477
1121,eb6754f4f85b1784d37f,0.936696922506084,0.41629008691552405,0.52040683559056
1125,d9c721079a56387bd2bd,0.6723621189508094,0.11649730998363951,0.5558648089671699
1127,2ad413b86c0759a76659,0.016708560797539,0.2544068728411534,-0.23769831204361438
1127,537fe600f1503710a4fb,0.9856149060162386,0.3700185881031495,0.615596317913089
1129,2a65e19bd1293e756931,0.5688270902428558,0.13129781014831102,0.43752928009454484
1129,805852ba2efb8ee8df58,0.613516197912193,0.1441236141064,0.469392583805793
1129,d2fbe6b0a6ac2b955e25,0.45100429574088935,0.284199231550375,0.16680506419051433
1130,66a6c4bb8ea2aa174812,0.08897232637943302,0.003235947312812796,0.08573637906662022
1130,ad390e41a95a9f827713,0.31806693929079066,0.0878304811967925,0.23023645809399818
1131,851fb8e55157f0f7abb8,0.106357525845651,0.4977575761547925,-0.3914000503091415
1132,4fcfdd0b4363cfa2c13c,0.928702105747162,0.9391510258459621,-0.010448920098800052
1132,5378ee913e97b4b7a4f5,0.0105210905938305,0.5401915237975871,-0.5296704332037565
1132,d374d94ebdebbaa7d1b3,0.009587885122663,0.0666927120629985,-0.057104826940335494
1132,f86c8b1da7b36055bc52,0.794336187237237,0.15793831967337052,0.6363978675638664
1133,27f6fb059511039434b8,0.3492789074599314,0.41468754333668606,-0.06540863587675466
1133,b8a760504b200a6a35e7,0.18379335421217552,0.22641673318302302,-0.0426233789708475
1133,e32e972139751e311e5e,0.9566788067707878,0.3776726300630555,0.5790061767077322
1133,e519125a4512116cac90,0.47430621319897837,0.009354207855836,0.46495200534314235
1134,c11a519035f2d5f25b58,0.2980907628291287,0.5500098113970946,-0.2519190485679659
1136,16ec42fd3637ddad84dc,0.2330841426228606,0.7010596070603965,-0.4679754644375359
1136,17570f221e21958781e1,0.9077723739091301,0.48312189649921355,0.42465047740991657
1136,a1578996cb3255145a2b,0.2311509778494925,0.364730240476309,-0.13357926262681646
1136,f3f2a9d42020109c30e3,0.15078610255645652,0.9811982118498537,-0.8304121092933971
1136,ffbfdaac31ea6f1c01e3,0.2887698458582995,0.6134095624193295,-0.32463971656103
1137,5b85f116e902dd5f3d14,0.06658331387975401,0.720289827682999,-0.653706513803245
1137,80dc88251bc8b849de86,0.6828739444340332,0.38969140765562005,0.2931825367784131
1137,c2f9c20dcd237c718c55,0.12553741829089118,0.913713734097868,-0.7881763158069769
1138,a240e49cd7143d669330,0.39197070720950133,0.065427818522726,0.32654288868677533
1138,a83a17f02b61d30eb9cb,0.7645425922645783,0.826412422231496,-0.0618698299669177
1138,b4babde1b0a57f1c32e0,0.524119851606975,0.5015752136654026,0.022544637941572465
1139,3edcde85c0c7c6c55fd8,0.15233734553154502,0.0013178211614342486,0.15101952437011076
1139,632be816d9acbc3cd0d1,0.6872420060759361,0.536852331189233,0.15038967488670307
1139,91d4a75a8b0560c86402,0.36102911159695805,0.7924805185395505,-0.43145140694259243
1139,a445abff23771b0caf5f,0.001922355016977,0.4014835664824359,-0.39956121146545887
1140,0c89e7d26b5d6223380f,0.566691285944194,0.26880527390066955,0.2978860120435245
1140,797b4af1e4f87108a4c8,0.769335935906523,0.4640869685006146,0.30524896740590846
1140,9636ef719db8bdee835b,0.014959121028254,0.14949333531036252,-0.13453421428210852
1140,b697a23db0adea2976fb,0.017153791995761003,0.9104468395235276,-0.8932930475277665
1140,c1e8ffab89fb36af474c,0.16605206320069202,0.10512189676987702,0.060930166430815
1141,30f494055d748f439614,0.22793561796164666,0.8087209882868736,-0.5807853703252269
1141,721a7cc35bd87d23e377,0.024619052691892004,0.106653886812528,-0.082034834120636
1141,a6c00afc1716c40d8556,0.5029846525436084,0.00042207405141400005,0.5025625784921943
1141,cf8a0e5cdcc9e40e1a32,0.41249700950475304,0.0325696191899355,0.37992739031481754
1142,31a46adc1282a23352b3,0.6030783853518691,0.39362367377753754,0.20945471157433154
1142,624d22cb8036d1563558,0.004416242039670001,0.00012898692269084776,0.004287255116979153
1142,7bf812a3213f04a079d1,0.001965999910111,0.0007093518557607307,0.0012566480543502693
1142,82d33a030abd61ce81c9,0.019763146430319,0.45148791848616354,-0.43172477205584453
1143,163c723388e516c0dd83,0.2914293911536715,0.38717688095011504,-0.09574748979644354
1143,17a59cf6a3dc1427b828,0.16028630739058403,0.18893100278490302,-0.028644695394318992
1143,a76d80c507d41f1fde60,0.49993856904856104,0.0048601724542340005,0.49507839659432706
1143,e74db449d4f1a8f1af2a,0.014023467726591,0.5010041997440255,-0.4869807320174345
1145,128f96f38b083690ce5d,0.22728483225381405,0.006407578200569,0.22087725405324504
1145,9b417eec89831a7b5b1a,0.00874828296517,0.405854177337759,-0.39710589437258903
1145,a6f96c29fa8c1c1bd0b6,0.292944933161439,2.4929976053677702e-05,0.2929200031853853
1145,d175981f1add2d33fc1b,0.006863067729098422,6.004153382866176e-05,0.00680302619526976
1145,e7f3e3d2c00643193802,0.12756835960674703,0.5397131321302311,-0.412144772523484
1146,c55856985fbb49cfa232,0.746617379517898,0.49042884943728554,0.25618853008061243
1147,01e667585c1d2745263f,0.1321389756002385,0.5740323023768915,-0.44189332677665305
1147,af1cbf028bf850bd78cd,0.2815051895279425,0.06896907292410501,0.2125361166038375
1148,5b82d8c6f9432d075c40,0.772036923800265,0.6770171809681711,0.09501974283209391
1148,694d3b31ba21f73cf347,0.503206325959884,0.0003023265439982839,0.5029039994158857
1148,a226c76cfeac7bfa5f57,0.16117464115836624,0.4835258607444555,-0.32235121958608925
1150,25e4ab4009e37e856a89,0.03117430835813,0.8076038097212206,-0.7764295013630906
1150,5b0a5e95e744d3785aed,0.00043584043151800004,0.9523602081520496,-0.9519243677205316
1150,9fb02ae1b70b14478a61,0.6089393115790602,0.629970476298052,-0.0210311647189918
1150,d0b23ede52e98e5d7259,0.6508134163181728,0.948275356451802,-0.29746194013362925
1151,2d96aa44f56ee31519aa,0.21452016887033667,0.28858314159582904,-0.07406297272549237
1151,7a03ab301de74f3e7838,0.116719056485272,0.5323947366723806,-0.41567568018710854
1151,a06f251446d09af058b1,0.003330416087935,0.5733126408282341,-0.569982224740299
1152,1cae36220f554d84bd54,0.6054240110192033,0.5184480021452911,0.08697600887391221
1152,e31cd222552118cff3b4,0.448086571675376,0.4017796992825915,0.046306872392784526
1153,0cd60d9e844dda7c2c22,0.599065851888786,0.9865574024843666,-0.3874915505955806
1153,196bc4a395868f271009,0.48133087852020806,0.055175017786067,0.4261558607341411
1153,270e5c26ea3d7c953eff,0.39064337952054756,0.5995133926812505,-0.20887001316070292
1155,0448552371e492517b8d,0.555185528662271,0.5084712555316675,0.0467142731306035
1155,346119bb7e6dce1cc74d,0.08232724786191101,0.5721171572089505,-0.4897899093470395
1155,99cb9bc83b664cf37911,0.0010656333007350001,0.43962071496670124,-0.43855508166596624
1155,db74797bcb5712967b0c,0.939224447046719,0.9360449091126746,0.003179537934044463
1156,01948bf85ec68fc183cc,0.5763804877590294,0.099420916177197,0.4769595715818324
1156,db94c2cf3c02ab9dfb5d,0.024567777053836,0.015013072725229,0.009554704328607
1157,50941b77b78e061cf035,0.7907623640799151,0.5004361399019756,0.2903262241779395
1157,52c3aff3d799d0d0f623,0.005453231567379001,0.819811653703932,-0.8143584221365531
1157,864ecf0dc36f906ba6f7,0.5040961797624873,0.9218958986341905,-0.4177997188717032
1157,f6558e28c3a76e27f15d,0.000472911005447,0.4998834019815396,-0.4994104909760926
1157,f8f622d06994a1ac9e17,0.958530113944218,0.3032610163317295,0.6552690976124885
1158,27dac277032b000790d0,0.49534137893812974,0.04599292168337651,0.44934845725475325
1158,6e58c50d18fc8b05f4db,0.9706226278502311,0.815089078724852,0.1555335491253791
1158,84ca584845810f347965,0.5177590612639695,0.38802239253028303,0.1297366687336865
1158,86d1d3805804cd3b3b3e,0.10583843950994401,0.3130907536700155,-0.20725231416007148
1158,aa71e3c3d4094f2b7136,0.647627037773415,0.47145115047537356,0.17617588729804146
1159,1f37bf7106730c0d6a5a,0.466943186668749,0.4244299675309645,0.0425132191377845
1159,78f342bcbb69ac633563,0.40647262608726903,0.1446812665491105,0.2617913595381585
1159,a85ccf20e30b8d8b4492,0.898279949411766,0.540454907762078,0.357825041649688
1159,ae2d0a2fa96cf08b0d4e,0.24166700648657802,0.503824728951004,-0.26215772246442604
1159,c1839d5c00a512c7bfaa,0.38987072498775005,0.42778682398906653,-0.03791609900131648
1160,5f4851057076cf8c590e,0.226527044865997,0.3043305447005311,-0.0778034998345341
1161,22929bbf60cbff0f88c1,0.033299930016758,0.11546437782050352,-0.08216444780374552
1161,6198c4813d8fe8f5309a,0.009052661412508,0.76982643986175,-0.760773778449242
1161,82c938b9e619a0811d4d,0.166441823491146,0.38334186297538503,-0.21690003948423903
1161,c6c23780da29728ff440,0.018474700285734003,0.433720250234966,-0.415245549949232
1161,e3414026eb18c97d7f15,0.037444426064316,0.072307970563809,-0.034863544499493
1162,15d78740d6455647da24,0.42432353196162004,0.04758561665310051,0.3767379153085195
1162,3bf0920517e21d476f5e,0.954431583922945,0.6541647682766091,0.30026681564633595
1162,9ce45555dbb818155728,0.09101841156010501,0.9252623401070965,-0.8342439285469915
1162,fa8dc95b3ed4dbfcd832,0.5695775292687391,0.07694452027675214,0.4926330089919869
1162,ff7f75cc7c75799a6491,0.015030550340588,0.48670058682874795,-0.47167003648815997
1163,30121e5b9a71a10f19d3,0.0017684515557352457,0.660406541900864,-0.6586380903451288
1163,352641c4de430e6ae101,0.4116539224706027,0.534565250924517,-0.12291132845391434
1163,573bdb740467da0ad8f4,0.042892602292856005,0.38954508604922905,-0.34665248375637303
1163,775e2306919e008e3d92,0.2739905009916814,0.41857831220616604,-0.14458781121448466
1163,a1850103e797685a017c,0.25225821912518,0.12534664020474098,0.126911578920439
1164,202d4518b44ef8725fda,0.014257454169256,0.49673442348870556,-0.48247696931944956
1164,5da7123e25dffbf2304f,0.11184250545670933,0.31271898176323504,-0.20087647630652572
1164,b2848b777388fa5a3cf9,0.32183253857207667,0.516690008812617,-0.1948574702405403
1164,cb7f652205d90cd51ac8,0.31117152471833304,1.1309500593901102e-05,0.3111602152177391
1164,f792304d60ba81fc3903,0.0534879988678345,0.25553034842123,-0.2020423495533955
1165,0427b6315aaf580bda33,0.4737154904706093,0.007950601532703501,0.4657648889379058
1165,2840eb83e216e27670b7,0.34499889221189534,0.026147827502962,0.3188510647089333
1165,30f869e2dd0822ec0d8e,0.45980273801101607,0.014454694999781002,0.44534804301123504
1165,510d574508db9f4b2935,0.5150315849046,0.030110894201253003,0.484920690703347
1166,1422ac4cb80d24e7c252,0.4108359992161577,0.19157675097135904,0.21925924824479867
1166,21a50140cb2c114365af,0.33072899669668565,0.24032303286555604,0.09040596383112962
1166,4b4eb604709b2658be6b,0.5904083763416856,0.8376656013554851,-0.24725722501379943
1167,0912f43f794ef4d7ff4c,0.14057518025126803,0.9947827641464655,-0.8542075838951975
1167,5eb082670921b727a650,0.24006629374374225,0.0911604358829175,0.14890585786082475
1167,6e828cff781c91c39737,0.7912722484734128,0.00313739106183,0.7881348574115828
1167,c669cdd6f19d9355ca13,0.182893702625218,0.015050067862258501,0.1678436347629595
1167,e0f6123318ba0d4ee54d,6.342090114906349e-05,0.034451740514221,-0.034388319613071934
1168,50630b537c5d0103821d,0.5194486281462011,0.000388015693075,0.5190606124531261
1168,5bf595aa5092750ddaa4,0.44794068864090675,0.520222269259221,-0.07228158061831425
1168,9a654e1cf01e5b9901fe,0.6048830950677251,0.4986440542528595,0.10623904081486557
1168,d8b103f47e4767afd0d3,0.00018614060454475855,5.655457211569902e-05,0.00012958603242905952
1169,0cb780f87f2df4ba10bd,0.042874063475694335,0.3606082830378635,-0.3177342195621692
1169,7d562948d3e13be291b7,0.036603858977301,0.914726030772766,-0.878122171795465
1169,7eb0ce2567704db10d8c,0.504754800223801,0.5096674456965901,-0.004912645472789023
1169,adbfd953f7e4220b3837,0.4584905630538938,0.12135259220073852,0.3371379708531553
1169,aff1c4c8b1d99b0c488a,0.13520046690309168,4.3306199987139515e-05,0.13515716070310455
1170,43a39cdde04061166eb8,0.00025022306248300005,0.25634667993653004,-0.25609645687404703
1170,5d68af8292fe0dc43a02,0.985229413721121,0.42081943264388505,0.5644099810772361
1170,6b922c920a556038241c,0.7843858286619101,0.21630390970031552,0.5680819189615945
1170,d18f5e242f3172e6ef65,0.9723974332600891,0.813701816952585,0.15869561630750406
1171,e5d165e2f332d3a9de22,0.3338166322656367,0.49760489819215703,-0.16378826592652035
1171,f3fdaf4da464e0ab0f22,0.6093643624331294,0.670763468504898,-0.06139910607176857
1172,4c336a65647eb2d8c9b9,0.049027457480016,0.45489538978762856,-0.40586793230761253
1172,54d52c4cb1e65bb2f712,0.42784428073115155,0.34372268763635505,0.0841215930947965
1172,ae3e83e172006e594dbb,0.26276532916344436,0.08328263211867501,0.17948269704476935
1173,98cba09b187c4a9c5597,0.1937861097675905,0.030982585056045002,0.1628035247115455
1173,fc7112b438e18bae3e88,0.26473929353345926,0.33373244506214855,-0.06899315152868929
1174,1bb5b5da584bae3b7db8,0.07909106109735133,0.5829148233939521,-0.5038237622966008
1174,68d839523bc88183a212,0.31009963442112404,0.21406841809141303,0.09603121632971101
1174,77b4bcf93145dad89607,0.2379436963807288,0.0022575038427345684,0.23568619253799422
1174,d1cc6568719917255885,2.8791756404403792e-05,0.12264276162413001,-0.12261396986772562
1174,e764ad22aff38bbedbc9,0.7207401781324477,0.9174476902436881,-0.19670751211124038
1175,24b0e258d888214fd6aa,0.10968619134686501,0.5674891350569135,-0.4578029437100484
1175,2d37dc2a57ccbf19ccc8,0.09986922642693001,0.9957013620828611,-0.8958321356559311
1175,9e073812bdaac87a2e6f,0.29515642019962934,0.48132723860487253,-0.1861708184052432
1175,b9c3990ddd2c5058587c,0.0006162955459511804,0.5993575197886201,-0.5987412242426688
1176,121e9130e9eec315cc63,0.24237230485347477,0.7623394517374881,-0.5199671468840132
1176,66fc5e765714620f7cf6,0.45510165393676427,0.7232511677160061,-0.2681495137792418
1178,02b40fcdbb84c3228a91,0.001776253173186,0.9575234757582636,-0.9557472225850776
1178,48129626f039c96a0a51,0.7669388126998321,0.7838019527725101,-0.016863140072677973
1178,8131d704a7f3ec3eb6cd,0.9723436499149011,0.5054629708267795,0.4668806790881216
1178,93a46ed34ce6284f2623,0.025291181545762,0.2675541490327535,-0.2422629674869915
1178,b5330f57e04a54664f7f,0.00030453791180700004,0.0038812194991215,-0.0035766815873145
1179,1b190e4934d046d1e9b1,0.02411311078705834,0.0185035774727645,0.005609533314293837
1179,348cc704879672780dcb,0.9151156466623521,0.498475816069647,0.4166398305927051
1180,e93c3b349db46bae6cbf,0.27312194621697805,0.953458561555546,-0.6803366153385679
1182,03dfb913332a325203dd,0.49459643065892406,0.5133981701570035,-0.01880173949807945
1182,5f6c022a527f234f5d60,0.7097446311296045,0.4959993367016895,0.213745294427915
1182,d6f7dd243b3ff3cf0a16,0.7493222651959021,0.8034090486959751,-0.05408678350007301
1183,92687a64fd6010ef4bef,0.22489541905786,0.639879169598756,-0.414983750540896
1183,bac97fd5f40f5cb940cf,0.5749487035855144,0.5357606490061361,0.03918805457937835
1183,f75c55d9ba4635e013e8,0.014271753467007,0.7280242703080431,-0.713752516841036
1184,3bd9c91c5773d72aff3c,0.153063694406729,0.002593012415261,0.150470681991468
1184,703deb18e95ca29a6719,0.734611913095393,0.505965891950495,0.22864602114489796
1186,47f5f54e179eb236929d,0.39437993308272856,0.453834917621291,-0.05945498453856246
1186,58e9d6354d42d809dd9f,0.024332128495736002,0.8000482306413581,-0.7757161021456221
1186,9928b5af355d46aee6be,0.34264828600734903,0.5095831801538065,-0.1669348941464575
1186,d6d6b9d43fbcce8981c6,0.1668493122074,0.0052335541393005005,0.16161575806809952
1186,e6357647dfe23f4df48b,0.014461045179369001,0.2860743280949165,-0.2716132829155475
1187,053f1cd60010774c936d,0.25224005315805403,0.1411573508714935,0.11108270228656053
1187,2dbc2b4624726b4680fe,0.06037573417125101,0.20411186454832253,-0.14373613037707153
1187,7c9dde87dee73a4d64bf,0.29783809542452905,0.023471418959867003,0.27436667646466206
1187,ad6303ddee953bc36eed,0.18742692633780503,0.42231296317738154,-0.2348860368395765
1187,e84234502dd307129ac7,0.00140222519849,0.6222844906808785,-0.6208822654823886
1188,7df6fa2e5d7d339bb524,0.0009869141287780002,0.007869893784761,-0.006882979655983
1188,8181c897dcb23fb25961,0.547268103363566,0.33835282526284854,0.20891527810071747
1188,86642325b555d6cff903,0.043688492220044006,4.420315510765749e-07,0.04368805018849293
1188,99ffbc84fbf0b0a60b88,0.142238638958457,0.46973529188804247,-0.32749665292958546
1188,b2cf5048b5de90e43c80,0.171378212025063,0.038170133736308,0.133208078288755
1189,59d1409a05895d2b3e4d,0.09260046970499301,0.012941848361442502,0.0796586213435505
1189,9509d87062c56e785862,0.057652982586531,0.00042471122791300003,0.057228271358618
1189,af48ec05d1bdfa1a57e1,0.0016881582681270001,0.510417533491834,-0.5087293752237071
1189,e5b37e9da107d851326b,0.34522870444857284,0.4981795154066561,-0.15295081095808327
1190,27ec45b63e4722f6491f,0.07900463712269751,0.3731976834367135,-0.294193046314016
1190,35d8fc719a1e7c173a37,0.46443651620130205,0.664163953938066,-0.199727437736764
1190,76f10a1cdfef681ad510,0.003569282233258,0.2661184847635125,-0.26254920253025454
1190,9636e14c1ab382f0e652,0.040280892205324006,0.48861469995433204,-0.44833380774900805
1190,9aa4b3156fdd315a3477,0.040799034037547005,0.06102007832296151,-0.020221044285414505
1191,651c088e4f48a95165ff,0.765529995765674,0.7610007090987516,0.004529286666922427
1191,7ddc840744ddf910a2ef,0.004507566552455,0.5096955613881945,-0.5051879948357395
1191,82a33e292b5d039969c7,0.00033191613598200005,0.1552977817827455,-0.1549658656467635
1191,8b81b25f91ccba4b6631,0.010179266293878001,0.934256332322452,-0.924077066028574
1191,d54f2c786b6ba2ee23cd,0.000394762989982,0.34314981777324,-0.342755054783258
1192,2d03766e3f2285d968f2,0.237691533040078,0.7275724492553046,-0.4898809162152266
1192,2ffd2ed751a91b3b4997,0.751108459722941,0.3852432684396455,0.36586519128329553
1192,6a8f833319456fb296c7,0.19416716397656,0.4801131289345205,-0.28594596495796054
1192,7de4981a07c1dba84007,0.34634985474426766,0.013615972715172502,0.33273388202909515
1194,1051a65d20bff6008151,0.041705196425220505,0.1913831721329485,-0.149677975707728
1194,245b8f17dd64f3aacf1a,0.6150062695723041,0.310374044256474,0.30463222531583006
1194,29703615cc2fa75046ca,4.964033218713256e-06,0.8027753338391881,-0.8027703698059694
1194,44d8596e014afa0a946a,0.000199817862964,0.0620704133305595,-0.061870595467595504
1194,bcd7bea1d7208bf18ef6,0.11275691161964145,0.06416914054259101,0.04858777107705044
1195,883c1b38f9d5b78b08ec,0.2811693784851654,0.015001594858672501,0.26616778362649285
1195,9f130b8f2694c1a3ffb4,0.8996857672461851,0.212900536767471,0.6867852304787141
1195,d43f34a0f20d3ac15b68,0.39518211759327804,0.5009303598265331,-0.10574824223325507
1195,ea4da79856228f9999dd,0.037348163716766004,0.49538260739032547,-0.45803444367355944
1195,ff2483133ee5c036f27e,7.203563286821133e-06,0.608694643317376,-0.6086874397540891
1197,41eb6a0ce764c2db0516,0.6991149707172171,0.49747795089764907,0.201637019819568
1197,5217766918e5a48cccaa,0.5086074683541125,0.497926202377361,0.010681265976751508
1197,9d12996398a6fe2506f4,0.3794975726948277,0.34992339699214053,0.029574175702687167
1197,ac7bb4b1ad0dfb702604,0.060499126053648676,0.4251409887038855,-0.36464186265023685
1197,cb054f33289f68187566,0.6020130296980466,0.48851063084148155,0.11350239885656505
1198,5c848440a453a3572bc3,0.8835759079450053,0.015252740317047502,0.8683231676279578
1198,5f727b70fd1229a52d3a,0.5221291997545497,0.8462983238770545,-0.32416912412250476
1198,6ad0ec1ec247e96e5710,0.07381534151084676,0.9559828631364811,-0.8821675216256343
1198,e2d93ae86dc87118de2c,0.5912153407243906,0.033371994776899006,0.5578433459474916
1198,e94a90b239455dd77487,0.7222905714566803,0.0969795729465795,0.6253109985101009
1199,405cab1cd156f4f04cf3,0.09874567484122551,0.591829907060603,-0.49308423221937747
1199,50ce4a0e85873fe5bf46,0.018480373233669002,0.150227363238967,-0.131746990005298
1199,755946a481e1c1e4a1e3,0.06462554311247751,0.359237354855507,-0.29461181174302953
1199,b9e5c50175c80c7afa9d,0.26077318203354805,0.7151382799126855,-0.4543650978791375
1199,c72eceeea9c83aba0feb,0.015284154938738175,0.5035249547331221,-0.4882407997943839
1200,1885e3a2718e1ddbe8ef,0.44702085444747136,0.17172779637076002,0.27529305807671134
1202,af8b46b32b61cfa9ecbd,0.5069619664606421,0.9543919184248386,-0.44742995196419655
1202,b166b85f16151404947e,0.0243538617442045,0.11716856369501952,-0.09281470195081501
1202,c940114ae662060ce4cd,0.6786406695212817,0.2688532806264655,0.40978738889481614
1202,f28038a1c5bd0ce2b971,0.16842924193128253,0.013327051928018,0.15510219000326453
1203,1a56d284949b2251ea96,0.3691138890903114,0.116433169071603,0.2526807200187084
1203,37d38a9e4ab014c69255,0.0004109745992031813,0.248543823481766,-0.24813284888256285
1203,89540d9063744efd0085,0.018161668045586003,0.40983325729665104,-0.39167158925106504
1203,be63b182df9465670ca9,0.3438605269827535,0.21891452608907652,0.12494600089367697
1203,e55d89780e35d9a31fa6,0.005196582318951001,0.5142585622745436,-0.5090619799555925
1204,4dbc9446e5262fd0d1f1,0.18469585189869903,0.8549061912608196,-0.6702103393621206
1204,5b151a74cd9db37a0c6f,0.1255079246438505,0.7594861354955931,-0.6339782108517426
1204,84dcb90296790401a3c2,0.00017627156068646571,0.683785225861216,-0.6836089543005296
1204,a40f3246821c8c733b90,0.27683764071872063,0.5559765851975941,-0.27913894447887344
1204,f61a8bc5876dc05907b6,0.6603356490567699,0.1014631583650375,0.5588724906917324
1205,41cc4c91c0095cb9f935,0.05031289875690301,0.05014255486310751,0.0001703438937954993
1205,8cb249553636d9275d2d,0.04674693527737229,0.1763869042008235,-0.12963996892345123
1205,d769b2493e0af3c6dde2,0.4300827005421084,0.5825671632999105,-0.15248446275780214
1205,e198bc122a9a6a367ba5,0.778967611724779,0.28493286837014753,0.4940347433546315
1206,1e25a7fd8d18777f2064,0.011853688144631001,0.6062980441180931,-0.5944443559734621
1206,6ced04bd3c957bee6a5f,0.6001640619369336,0.30334377544183655,0.29682028649509706
1206,b9d13e3a5bb5244c1e9c,0.46696291025858255,0.3020205267508019,0.16494238350778068
1206,ba77268f9f57bab2ff29,0.03839401843454,0.7971413304017476,-0.7587473119672076
1206,bb8bb1f4e1295d7ac93b,0.26011273464943535,0.0052197963168515,0.25489293833258386
1207,35790e2add641f1e102e,0.5846306693900087,0.7461107588300441,-0.16148008944003533
1207,930f123c3f0dcbd2462c,0.17543088478381028,0.5343239993801091,-0.3588931145962988
1207,c4d000c50ed9d577574e,0.23623610718589502,0.278482496399427,-0.04224638921353199
1207,c682a0a8653f9f5227b6,0.0026277009058817825,0.6773728117144026,-0.6747451108085207
1208,0f544cb429b3a6aa3d40,0.24830309682231969,0.074861165947083,0.17344193087523668
1208,546de91b062e6d78a980,0.4403287747115907,0.48738253186797154,-0.04705375715638083
1208,58315e5b234c21f7c8d8,0.0008786284238510001,0.19902928867931952,-0.1981506602554685
1208,ba6b412cd72ec244087c,7.257179900987621e-05,0.5308338094217975,-0.5307612376227876
1208,c377c4f8d1920dbcf2be,0.102297330396677,0.5261479430401995,-0.42385061264352253
1209,086ea1e38941ca6486c7,0.651335577517505,0.0193863689014165,0.6319492086160885
1209,975b40af6c0ab3a82610,0.765270478381689,0.0034996976257755004,0.7617707807559135
1209,c22f027d648d05e815a0,0.7677001036407516,0.9916584362879961,-0.22395833264724452
1209,db08b735d87e1561d613,0.022466935955371,0.23831362222548402,-0.21584668627011303
1210,54c666702e577f0b1544,0.6281587630007598,0.9639773890826151,-0.3358186260818553
1210,5dc101df502145e3c06b,0.371310856651385,0.823279318762493,-0.451968462111108
1210,644ca7902c5e646015f3,0.029390928078436,0.02377205466332815,0.005618873415107851
1210,c8b2bc257e208c90338f,0.2336899024981897,0.2250371484057845,0.00865275409240518
1210,e405754ea632d35394d5,0.46592591628566,0.188208728728035,0.277717187557625
1211,0426fad361a45e12851f,0.00046404356100700005,0.480278919531518,-0.47981487597051103
1211,0fea69f4cddaa14d6ac7,0.051648070620507004,0.7420463255055886,-0.6903982548850816
1211,bec23634851b0efc4190,0.5243474391077271,0.3117171115340015,0.21263032757372557
1211,d0d3236c42722d3be49d,0.0012837736748030001,0.45462255635966103,-0.45333878268485805
1211,e5f962654f2f4f4e9741,0.7687705652542444,0.32470055502295453,0.44407001023128984
1212,7462dfb66b95b9eb1bbf,0.6331284496707775,0.544627713444757,0.0885007362260205
1213,51312460d61f9adb3fd2,0.6991748986801478,0.42975054296985155,0.26942435571029627
1214,78caff41c8d0a04568f1,0.998566844909854,0.1002596360990195,0.8983072088108346
1214,af5467d73df77358bc05,0.06848180906478575,0.003137256042032,0.06534455302275376
1214,c679f891a2fd4da555ce,0.03809496622382833,0.33319192627141253,-0.2950969600475842
1214,d1b4f0d48f9e9bb0e918,0.22595465127867434,0.0037623222000245007,0.22219232907864983
1214,fd52cb3b7d392095fb29,0.09518940870280551,0.5065074646667396,-0.41131805596393406
1215,0dbada456734b008b6f2,0.374107125878655,0.00032884625682100006,0.373778279621834
1215,1215ed3dc5ccb83899a1,0.021771214997865503,0.9775739255920506,-0.9558027105941851
1215,13c685aac9b85e8c6ca2,0.4015727772708241,0.33919180976956453,0.06238096750125954
1215,46a42016c29bda3e5710,0.16618319058037276,0.0949880553192655,0.07119513526110725
1215,e5a5a29d5d72319978b6,0.0008630366580445244,0.5172607564534215,-0.516397719795377
1216,00622300718e907f274d,0.3900446392387893,0.72408991942481,-0.33404528018602075
1216,42ed295f196efdda1301,0.19627638328698038,0.45899595905569857,-0.2627195757687182
1217,07266239627fb228855e,0.4569355651064179,0.9917003424014645,-0.5347647772950466
1217,32675e5d90dc2595e1a3,0.220833358247327,0.002384191073520396,0.2184491671738066
1217,5d7884ce1087201add49,0.17586735993632602,0.2084854061859625,-0.03261804624963649
1217,6185a5c4ef3d7a95731e,0.04456208094162113,0.2438072744610665,-0.19924519351944536
1218,524a3c0b28877e22b9ce,0.26653372974802453,0.9754517573209861,-0.7089180275729616
1218,8da85f5230854a53a98d,0.869955964019205,0.11468209628567652,0.7552738677335286
1218,b49672b521cd43b11387,0.5320843902861193,0.801018220762434,-0.2689338304763147
1218,cd01d40a02ea304ebb88,0.6792308081013425,0.6870574451336275,-0.007826637032285033
1219,198a58c5fe8c0396dff6,0.6565545677562988,0.30059501304164205,0.3559595547146568
1219,49d5653d323d8da595b4,0.3943230218296565,0.6705274736619515,-0.27620445183229503
1219,ef3902c60d0934f89821,0.6365293288373441,0.5593903489782581,0.07713897985908602
1220,0a2e69d19a51a4f565f4,0.40813018194612954,0.4993728161103841,-0.09124263416425454
1220,38b54bf46a5edd8560df,0.0848810473902425,0.06713014738505,0.0177509000051925
1221,c5224e9b88c6752d07ec,0.3041508643680988,0.7501232472965641,-0.4459723829284653
1221,e092b16d759f215624ea,0.6044710969956932,0.002231204639853,0.6022398923558402
1222,53cf49d241eda024ab2c,0.4297987689602025,0.5914753742928726,-0.16167660533267003
1222,7fd0e59b9ee17f09b163,0.15625184058781852,0.0719564573875625,0.08429538320025602
1222,da6bbe71713447fb81a1,0.37960374993709806,0.45055081177152406,-0.070947061834426
1223,426d02fc5c771d28f062,0.5033599867984011,0.9606845722702066,-0.45732458547180554
1223,4b2319fec2bef247618e,4.6938548411474615e-07,0.5218884070201595,-0.5218879376346753
1223,a58a32abb1baa55e0976,0.09502957821966301,0.4980273693839461,-0.4029977911642831
1224,90cc2d3c0f20b2239e33,0.1997887537852338,0.5559318100947536,-0.35614305630951976
1224,b1267ed7c8d7061799be,0.4281099135883677,0.6039659845980001,-0.1758560710096324
1224,c9fe1ada781f0d661b1d,0.00790498226366625,0.611198560731946,-0.6032935784682798
1225,740216bd09caeeb99a08,0.36518762732373855,0.9515604464493046,-0.586372819125566
1225,bc5e0c78de7b1d93feb8,0.8745825309208544,0.8711006898942091,0.0034818410266452826
1225,f37e41aec38fc95540de,0.30218545765539334,0.47072601622707305,-0.1685405585716797
1226,6b32f12c099e46842701,0.40544575999616134,0.000137452440955,0.40530830755520636
1226,7655289030c0b4748b87,0.24887560457028152,0.49097400000012104,-0.24209839542983952
1226,79be2f2c750a3d22aff8,0.44275317138285974,0.0364498251361405,0.40630334624671927
1226,b8b76c737bfd418159f0,0.236747818257962,0.5389529507027846,-0.3022051324448226
1226,fce2586c5fefbbaca824,0.5547896448000247,0.4709708040452425,0.08381884075478219
1227,1ce10948b6f7d2d6a43c,0.6125754372705976,0.1356795011712145,0.4768959360993831
1227,4feeecfa11e419d80b75,0.4901232488800182,0.48626575794087457,0.003857490939143615
1227,5a4771397ca5fc184f90,0.4022446447144207,0.189007764989179,0.21323687972524166
1227,a169455556ede4d3e50b,0.0073203493131225005,0.024631944790356,-0.0173115954772335
1228,65fdb67e53dea7ec270e,0.00018622919268600002,0.8307284012358661,-0.8305421720431801
1228,a63ab9d6db8feb02fdff,0.00123806620537,0.47057546300497505,-0.46933739679960507
1229,08a70889fb4894a9cd25,0.7221414585198663,0.272481202333378,0.4496602561864883
1229,a65e0835509bfe9de806,0.24931054669396363,0.47998468012958456,-0.23067413343562093
1229,e67d71c00e156b0d32d4,0.42071889076998203,0.8060783454437255,-0.38535945467374344
1229,f64b4e419787a686626c,0.10910294578847768,0.8235213947263921,-0.7144184489379144
1230,00c0bc2505592fa83526,0.19020907954187802,0.000176826793802,0.19003225274807603
1230,ab88728446a5f531ff20,0.11079185993333601,0.14135621144764293,-0.03056435151430692
1230,df0b295860cb9022b49b,0.067276224351413,0.589231681054985,-0.521955456703572
1231,1aa8f4f1f247aac8ae8a,0.653698999472429,0.8571846240569451,-0.20348562458451602
1231,1c84bee6c89b8b7ea19e,0.40256824332794205,0.0167641428930715,0.38580410043487057
1231,e2993aff8f90f4d7b0b0,0.8712120145720424,0.9830836535421446,-0.1118716389701021
1231,e33eab7c04621ffcdd15,0.6557346006043341,0.8919256538129495,-0.23619105320861544
1232,4e761bf80864992f30c2,0.6171335029665537,0.4324437787071625,0.18468972425939117
1232,5bb242267d0696fc80b3,0.2074419201123307,0.011128830182503002,0.1963130899298277
1232,aeb65ed53d690513191b,0.21416746402438122,0.9427076093135711,-0.7285401452891899
1232,b943ab421ba6430e28df,0.3719274041084504,0.9296397247323731,-0.5577123206239227
1232,ed36df7173100bac779a,0.23927483038987313,0.48440619571015103,-0.2451313653202779
1233,42343226ac9be5c59a72,0.12413795397796035,0.018343197311477,0.10579475666648334
1233,4359719039a558216b2c,0.031162050384021003,0.5837574002341135,-0.5525953498500925
1233,6d2475d6d0b01cd188d8,0.6258567739162048,0.487366665519823,0.13849010839638176
1233,b5c5fd2e3d894ffb5ed1,0.30467830706809756,0.0030171429603,0.3016611641077976
1233,c79b9983055b959413d5,0.0010951631948613683,0.3256356945322835,-0.32454053133742217
1234,184fb6db08cfb71f5024,0.0011691808731973394,0.543255650505523,-0.5420864696323258
1234,1a0d3caa4df8fc910a67,0.000320278817981,0.0013325674180895,-0.0010122886001085
1234,8872ee66899e87458d33,0.00020058797673770502,7.244298599311165e-07,0.0001998635468777739
1234,e37794e334d524bf5aac,0.31545854246855903,0.275938728166133,0.039519814302426015
1235,3ff0597c8a024e1d6243,0.138001939238563,0.2212375629286945,-0.08323562369013152
1235,4e87afb8ff7e6c10a990,0.2214819102368182,0.1710397437410615,0.050442166495756696
1235,70cb6a197fcad73c02af,0.08673657893031715,0.43466535895218406,-0.3479287800218669
1235,edde98d92659b8738d58,0.204156873797835,0.353058842436189,-0.148901968638354
1236,8fe2ce4507b4b0fcf4bf,0.44898434846574026,0.732099657237149,-0.2831153087714087
1236,b0e70a8d01efdeb5706a,0.33095541830647013,0.059207721786652005,0.2717476965198181
1237,2a70b98a2e73b6e9815d,0.48182309317727057,0.6478559843668026,-0.16603289118953202
1237,6d2bd60dfc9436212774,0.0209294320787985,0.014688073688877002,0.0062413583899214985
1237,c405fa267a9618bc04d0,0.20281221355470688,0.48425039348923354,-0.2814381799345267
1238,2d325f0549ae70f95d3e,0.47370357749239905,0.6213198020710431,-0.14761622457864404
1238,d5e192c6c2dc9b92187d,0.4567989087838383,0.41677484746039506,0.040024061323443216
1238,d659c78fefc322566d14,0.5041272811542468,0.9557808005068056,-0.4516535193525588
1238,de14731b30ba42c53b54,0.7246512531756041,0.2705354296120145,0.4541158235635896
1239,3401b4c9b54dfeac6507,0.000739710723857,0.724346892036942,-0.723607181313085
1239,5c84cc9c358895e773d7,0.41476921416038354,0.9635164834091356,-0.5487472692487521
1239,6d75d8cf86f10ce50196,0.5978927290818131,0.49157757325225004,0.10631515582956308
1239,9c5380ba4a1537df0d42,0.165937142968509,0.5864197303785921,-0.42048258741008304
1241,feb28ec1859075e971c1,0.00356561479549,0.44155819846410804,-0.43799258366861804
1242,676b4070f2c717b4647e,0.71421342870211,0.004632034307045001,0.7095813943950651
1242,c0c47f460f776d278c27,0.48251178070473016,0.7600405644578591,-0.2775287837531289
1243,a02b85e0d7b7560fd59c,0.00011206753873500001,0.38510253839628056,-0.38499047085754556
1243,aeb9ac5d872cb71f8274,0.3053594021040205,0.5939617365273461,-0.28860233442332556
1243,e43e7fbac9596fa26a57,0.12968610377112702,0.000567444360277,0.12911865941085002
1244,407cd61a109cb64e101b,0.007878479318769,0.593430772109854,-0.585552292791085
1244,6fd2a6a11fd73c1a9e24,0.712669404193716,0.6304959528500116,0.08217345134370446
1244,ae1a086feb9ed3f6f3e7,0.317577027454735,0.4909118909384345,-0.17333486348369953
1245,353fa6302c517564beaa,0.102483445828296,0.027923708900645,0.074559736927651
1245,5f704ef76843739483d3,0.5783777665512928,0.836332989278159,-0.2579552227268662
1245,761b8319eaecba41e4ad,0.6589361148870138,0.006213820927018174,0.6527222939599956
1246,28f8116d46a6f1c3ebf7,0.43424969859388707,0.6170080189316831,-0.18275832033779604
1246,29e662887a02a2880c67,0.5103781680024471,0.9820639236355091,-0.47168575563306203
1246,457acf58bf4faa39cb98,0.003068025844634,0.49551635259716453,-0.49244832675253053
1246,cb480d8d6754eaa2cdb4,0.016440582023287003,0.49218990622936454,-0.4757493242060775
1247,1f3ce77669e0b1086e3c,0.849716958995521,0.1203023916899435,0.7294145673055775
1247,40d7ee0e35ea8eed799c,0.00039818523192900005,0.07756560947522509,-0.07716742424329609
1247,724893dc1ad8e76d1f40,0.7187193742868341,0.754002179440882,-0.035282805154047914
1247,aa02f8f6e67e366f0ef7,0.015102392739195001,0.0001530847302851467,0.014949308008909855
1247,ff7e2001c476931acbc0,0.002084791332431,0.0137301697024625,-0.0116453783700315
1249,1be2d8b13b362feccb4a,0.0014635710980700001,0.1926843118325315,-0.19122074073446152
1249,6b0ba8b77f0933c9c9bd,1.37350850949161e-05,0.785738590204045,-0.7857248551189501
1249,774b43fb3a64e09e3316,0.000519553995231,0.49527032332412,-0.494750769328889
1249,a1c01535ed1efa245f2d,0.000257591935477,0.383473008501526,-0.383215416566049
1250,e33a99df8a1db2314633,0.09667442309233401,0.7226232211681141,-0.6259487980757801
1251,1607fdb77e832cd0cece,0.5993189246466044,0.7009319362008626,-0.10161301155425817
1252,25ca22c58feb75c9296a,0.9881215420388656,0.9957260859004187,-0.00760454386155307
1252,329bd93a5fafdc1de46e,0.27343197097894834,0.6437852554777811,-0.37035328449883276
1252,706b723ec422bd7dd50e,0.6390404543065074,0.0032389163899310004,0.6358015379165763
1252,a24c42c4fce6c8b8f6c2,0.019337334039894002,0.49820301689799507,-0.47886568285810105
1253,343698b367b48cb962ad,0.19669763945295535,0.77289873362574,-0.5762010941727846
1253,4c5a1b8a7d215ce0cc2d,0.5814760629480622,0.00046233484657900005,0.5810137281014832
1253,b27ce7d9ff71298e34fa,0.34680792586915127,0.18232875069703453,0.16447917517211674
1253,cb1ca4580a293f4bb734,0.027408047769499504,0.3523645037838035,-0.324956456014304
1253,ccb15cf2372d002dec94,0.11239505076021501,0.8717235181118195,-0.7593284673516044
1254,c4ede22f2af54fd3597a,0.6868323850930524,0.42755267560325205,0.2592797094898004
1254,e6460887fada3e9721b4,0.5794788118034743,0.42683005351006786,0.1526487582934064
1255,fe058e02acb7e01b5661,0.44773663024424376,0.5084401315678835,-0.06070350132363972
1256,125b355349040199c26b,0.5075656316061593,0.9632997835573951,-0.4557341519512358
1257,cb265f4b52a9ca81a9fc,0.7109291361220503,0.3284138967758445,0.38251523934620585
1257,d85a6f540235b5e14bed,0.23747064880257104,0.029830738727663002,0.20763991007490804
1258,26dbf942df2805732393,0.710666039001258,0.25635017539130006,0.45431586360995796
1258,a9140ffe025036c2b4c7,0.47599744054057,0.19126814575218853,0.2847292947883815
1258,c65f22ad2e70dbbd8008,0.427479210460221,0.9920406556064906,-0.5645614451462695
1258,d59503867fde3bfc3010,0.022783626340918,0.47429159623322903,-0.451507969892311
1259,b45de993930be47f83be,0.7007072459030398,0.5659624761281521,0.1347447697748877
1259,e05322963e4115522b33,0.2715627656004422,0.06111334491794801,0.21044942068249417
1259,fb4e15ae0a727137b834,0.4480965259115473,0.2357353416384425,0.2123611842731048
1260,3dd2f09c2d395e5cb615,0.7257656311496486,0.278299488877475,0.44746614227217363
1260,8b642dd299f19a23916c,0.06754944033031826,0.522903929810683,-0.4553544894803647
1260,a4427c2e94b4335060c6,0.5164971910111682,0.011693621046361501,0.5048035699648067
1261,2e24c3989b0100311305,0.04098248368071308,0.07243540637123201,-0.03145292269051893
1261,aa0e5815790052fba158,0.14334508134092952,0.6040522107033636,-0.4607071293624341
1261,b580a0af0631430f2d39,0.46164566866123474,0.9954758545557496,-0.5338301858945149
1261,bc3310be01fc22baef03,0.3146146279939957,0.378479567872318,-0.06386493987832231
1261,ea17017f5ec78824efdf,0.5950240931147404,0.9383716094473176,-0.3433475163325772
1262,0da08d814742cff4eeab,0.053916510701379504,0.030402503038188006,0.023514007663191498
1262,15460bab58feec4fd1b0,0.0237287603842165,0.005159984466829722,0.01856877591738678
1262,99736fa18a6090375bf2,0.23570553835457,0.0030796388707490002,0.232625899483821
1262,d88cc3c84412f5637a04,0.37793983351341526,0.21648165441351103,0.16145817909990423
1262,f055d47c98301ea5c6c9,0.18349223547108262,0.4833028975817007,-0.2998106621106181
1263,1d5d0aafc502ca214a3e,0.7032771245209847,0.547444969446882,0.15583215507410264
1263,411865af5283c36f389f,0.2633978850248443,0.025900008009292003,0.23749787701555228
1263,4d6f5ff942a638b0a79a,0.7329092977515281,0.5271729684588345,0.2057363292926936
1264,d9cc2070be7d13a7acb4,0.353646637648901,0.5405267408991755,-0.18688010325027454
1265,41277aef9959307b808b,0.3609864986640195,0.9969679636070161,-0.6359814649429967
1265,5b2f74863650bf7f5122,0.5048957011809498,0.9641892229077056,-0.45929352172675575
1265,5e4e7698800d06bb5cd2,0.49517229038583105,0.526701474466321,-0.031529184080489936
1266,6dba1357ae7ebdff6cf7,0.031946057870708006,0.6233494903069615,-0.5914034324362535
1266,830b1abe1b366bdd7698,0.6508514475310143,0.035339444797505,0.6155120027335094
1266,88a31d79d24cb354329b,0.0055786554662760005,0.561284026948445,-0.555705371482169
1266,d5531c6bbe4cff551cf4,0.009935381657016637,0.49450314998072004,-0.4845677683237034
1267,1c15f474649637d814e3,0.309910577218667,0.8308928922272025,-0.5209823150085355
1267,654dc288bba56da38d86,0.870833896666315,0.5869119144522801,0.283921982214035
1267,85843cf01686577e6063,0.1263155539334525,0.0084515981024575,0.117863955830995
1267,c0d4865fe7a749503bab,0.22455007387657802,0.6716919983864906,-0.44714192450991264
1267,e72cd64a4e70297ad8a1,0.27689272203257104,0.10827723236742351,0.16861548966514753
1268,0b262acda36639aee340,0.4044309612159407,0.8933336220748331,-0.48890266085889245
1268,4db4eeb220dc593ca6ec,0.066951594381276,0.8791427864021621,-0.8121911920208862
1268,af339375b5b69b7796d9,0.2777103753008577,0.7085005291997271,-0.4307901538988694
1269,f5c7aeceaad64f516599,0.5466977859466329,0.6296089945087076,-0.08291120856207468
1269,f961487fa326c257ccf0,0.7975522944533361,0.0966073898536585,0.7009449045996776
1270,823f753217aa88f65dcd,0.018673129066037002,0.8828808618460365,-0.8642077327799995
1270,a4879813c1ee06cc334d,0.3870625931121258,0.00024563412096700003,0.3868169589911588
1270,e961ccf87423ee1455a4,0.18506564962007102,0.7398160171987905,-0.5547503675787195
1271,01ee5255a84ad5e1740a,0.352933630167071,0.10998064681663501,0.24295298335043602
1271,608d2e54a9808faa931f,0.7297677190965235,0.015985840802567,0.7137818782939565
1271,81224986324145029ebf,0.9750526068463805,0.6767128315046765,0.29833977534170397
1271,a70604ddb39eaa176e71,0.38129550675431556,0.1849455443242115,0.19634996243010405
1271,c8015a8ed2a2010113d4,0.4899523936876635,0.4792520125897817,0.01070038109788185
1272,15ee3a81fc1e58e54c4d,0.000865883283447,0.26643005837804107,-0.26556417509459407
1272,50fab6daa3ecba08edf7,0.018704658154014002,0.033103872135727505,-0.014399213981713503
1272,5ef764fa9d4e14920ff2,0.478777560371949,0.032190005231545,0.44658755514040405
1272,6311494b1d795c7c9da5,0.8447884315210751,0.41461453741181653,0.43017389410925855
1272,c2cfc57b5bbd6366080b,0.041221243893954006,0.09271394188915756,-0.051492697995203555
1273,3bb94395f71527c30c52,0.180588844867579,0.7325158892282285,-0.5519270443606495
1273,6673c6195b52de792825,0.00298677411728,0.000829384930624672,0.0021573891866553284
1273,6dd52b53464bbeee168b,0.08260411874715101,0.4051704452447791,-0.32256632649762806
1273,dc9c43892e06a4452bf1,0.8268316432699141,0.0638488441714955,0.7629827990984186
1273,fd7071092e5e7b5ca086,0.9572051525269476,0.06581309188247939,0.8913920606444682
1274,0d97bab31a7ec46dc89d,0.030163669958956002,0.45803509615421456,-0.42787142619525853
1274,14aa5dc91317c64b07e8,0.005610705746363001,0.2822708895352805,-0.2766601837889175
1274,30b284b845727a1d6148,0.051233691448903,0.44632668392078706,-0.39509299247188406
1274,7356fd7f5bdc78c453d8,0.048578208167444,0.5025222201548485,-0.45394401198740447
1274,f251c895496490e1f4a9,1.7000984933122671e-06,0.023132463607701503,-0.02313076350920819
1275,13e45b3293170e008841,7.063489589398957e-05,0.20426723206396621,-0.20419659716807223
1275,4deb7584fc2f4dc89577,5.674252485224696e-06,0.49759329053744406,-0.49758761628495884
1275,adf6b3320040a844ae16,5.755507165812652e-06,0.5182564336281795,-0.5182506781210137
1275,b587eb89fead0d040637,1.912020043801229e-05,0.0005074559379615,-0.0004883357375234877
1275,d5c886d1ecf17e40838c,0.06203015272488,0.6329537163829055,-0.5709235636580255
1276,3862a5d1fbe858e9ac1a,0.00018430729447800002,0.017607420525201003,-0.017423113230723004
1276,68a46f6bf1e0a1b70a49,7.22113673346436e-06,0.0034637892749997436,-0.003456568138266279
1276,6e2b808b02dd5cb62c73,0.5800632851524432,0.642055601324739,-0.061992316172295836
1276,85dddee40aeb05bbd95c,0.00044188484247700003,0.7871874073465046,-0.7867455225040276
1277,3df92496fda25dc0f207,0.47101328549764704,0.1667698859699955,0.30424339952765156
1277,43046d7931bf54ead6dd,0.019166377229931503,0.9743587391374435,-0.955192361907512
1277,54ceb41f086fc4d32271,0.000721233129999,0.0049814797744745,-0.0042602466444754995
1279,0aa051000029627b1d22,0.3242177595261359,0.023717988632729,0.3004997708934069
1279,344f910ebf4a51262113,0.5845285688197754,0.3787753180972775,0.20575325072249795
1279,52be19a84bb3e90a2287,0.40388487658147054,0.9402947141496496,-0.5364098375681791
1279,9cfef39c6b5ef734ea3e,0.6209947923910103,0.6486478634736595,-0.02765307108264925
1281,e6de5650840a5ce383c9,0.31103737127345443,0.20154791940859001,0.10948945186486442
1284,f886d96d212fa3d329e8,0.6275576376910732,0.5690576020921866,0.05850003559888661
1285,340531e6e8e590fada1a,0.31914924028653563,0.15881772372629602,0.1603315165602396
1285,398cb03ba2e09bedcedf,0.5867128848524534,1.75377282209733e-07,0.5867127094751712
1285,84d4b78a8730974b4119,0.17601192554307202,0.05268561665217101,0.12332630889090102
1286,cff1ada14f6d5a068ec9,0.622224789048705,0.471789778095179,0.15043501095352602
1287,95aacd973cadc3ae0e5e,0.5077757454705313,0.5358101766322105,-0.028034431161679252
1287,bf53ab3d914d1037297d,0.0004806682121999978,0.8234895967530866,-0.8230089285408866
1287,f915d1f631767a438b32,0.655016190325414,0.7400150632651206,-0.08499887293970654
1288,82244582c485fe5a581a,0.7474731179671064,0.10558600115814651,0.6418871168089598
1288,c119ed92307d8b2ffb20,0.47788524018576856,0.49835969482416104,-0.02047445463839248
1289,2df8ae2241db0b824978,0.002979295381522,0.27690797140170104,-0.27392867602017906
1289,49799ad8a5d8fae24abf,0.6251269745206939,0.0008985691895225,0.6242284053311714
1289,d2ed70ab7c6662c21f80,0.00013350260332200002,0.9328962285705567,-0.9327627259672346
1289,ff2874ec51edd8ea22eb,0.6700134584645125,0.7145232991341001,-0.04450984066958752
1290,5c80471d9f3fdee8b151,0.5216460694184633,0.06853111570320758,0.4531149537152557
1290,7a61f6daa3c3c024ed0c,0.32088569846611464,0.06967785581403001,0.2512078426520846
1290,fa7c6222d04b2d2a8f2c,0.4019294658202783,0.490943039649584,-0.08901357382930575
1291,797f71a44fe5bb822eaf,0.5778178281613088,0.980785668140129,-0.40296783997882024
1291,9d646dffaf8163fa10f2,0.14803191682417036,0.49446507879463153,-0.34643316197046115
1291,ab4afb785c1671d7be0b,0.028638199205679754,0.017039747650516503,0.011598451555163251
1291,e7cbf974117e4ecd389d,0.4164390590910717,0.40942680750336996,0.0070122515877017455
1292,108976030b6b345aaea2,0.41661934923772487,0.22972142509248003,0.18689792414524484
1292,ce5010d3214f0ff5f416,0.27393023077060735,0.43189507920048054,-0.15796484842987318
1292,fb58baca270df26fdc26,0.31938149497503,0.000587831468155,0.318793663506875
1293,0e160edd994bc9646a95,0.18181075252013798,0.216306161598697,-0.034495409078559025
1293,2d4baf6957f51d054292,0.45821461524113416,0.502971796825322,-0.044757181584187844
1293,904dfd4833703ce0ba3f,0.5092977148002569,0.7179663604860995,-0.20866864568584265
1293,aae1ab2a5abd8a01168e,0.19100806709472126,0.003754967422121,0.18725309967260026
1294,6e67c69495b580669ff2,0.012623354787739205,0.5045863088532505,-0.4919629540655113
1294,d4e5b228dae8beb107bf,0.1526582445080833,0.49353916263075803,-0.34088091812267474
1295,13900068ff2df1dbe08e,0.28518034461550007,3.893049230321512e-05,0.2851414141231969
1295,257f7c46dd2d26506975,0.33733910610077605,0.5003792122795395,-0.16304010617876347
1295,35ac50789ae8130d7ec9,0.27144653830619314,0.6539727137202741,-0.38252617541408096
1295,374ef4a39687fa737c78,0.0018236700527955,0.799649961750848,-0.7978262916980525
1295,72baef96bb4aa1ee28ef,0.6064968722700069,0.6618490169491946,-0.0553521446791877
1296,4f5bcb67f002012ed865,0.7650375729071595,0.49718995552919587,0.2678476173779636
1296,9d8f55b1b6cc407e89a4,0.40924961582384106,0.5784242926864915,-0.16917467686265047
1296,c3a171b75bd1e1e1446e,0.001508781888781,0.6834358287377745,-0.6819270468489935
1296,ea55559bbeb6838ce49a,0.06872436816723033,0.37395153492032357,-0.30522716675309325
1297,c74cd57318ab82a2e3a2,0.3603112039385617,0.480848214441814,-0.12053701050325233
1297,ca7903bb4aa3ed862ce6,0.2606874903115727,0.024256472481624502,0.2364310178299482
1297,cd192780a1671d64e4b7,0.19876807067920102,0.5092515785836086,-0.3104835079044076
1297,dc815c992b0dc5ada653,0.009873400857736,0.5092786593929955,-0.4994052585352595
1297,f37a91631cc0ba92d3e2,0.126047726051801,0.49147032651033506,-0.36542260045853403
1298,953c51d1345997bb8f85,0.0036972278210589686,0.20424588719916253,-0.20054865937810357
1298,a1ccb262eaa94ce52ca8,0.5971027998064034,0.48558453813781305,0.1115182616685903
1299,1367c2f4add7e1408bad,0.25986102038437603,0.7996536787332046,-0.5397926583488286
1299,a22314885a5bef96f198,0.000181294815108,0.887625457093635,-0.8874441622785271
1299,b1e5b0fc3d3d2a91aebb,0.1081467236483585,0.005685291051098,0.10246143259726051
1299,d3598ebe364f6a8dbf1c,0.33550405256035504,0.12874866985785602,0.20675538270249902
1299,efad3816ec0487fa5b13,0.23202225091640902,0.5101210874240015,-0.2780988365075925
1300,08ae7d3baa28dd006268,0.9643686561138651,0.8656780169849936,0.09869063912887155
1300,266ca7411702f583f8dd,0.6817952341445827,0.5085172648602646,0.17327796928431805
1300,a937bbcec7122f76c443,3.0141060114270263e-05,0.10867738713571151,-0.10864724607559724
1300,f69f15651cab7239a466,0.6202257490545157,0.43952085575007954,0.18070489330443612
1301,0f811d4e4e5c580986fe,0.8266004524601674,0.020886773499427806,0.8057136789607396
1301,7aa9fc3be1b263875c32,0.5982471150908044,0.4998244765685195,0.09842263852228489
1302,2d4da750b75c5fc19542,0.2882783827788174,0.48933225679763054,-0.20105387401881314
1302,cc8406697413cbb93f7e,0.3975450966236789,0.011782170892807002,0.3857629257308719
1305,1ed6702da4deac7a1f4d,0.46159619154162373,0.5202450929956466,-0.05864890145402285
1306,3457ccf6d2769d8df796,0.33241436386795603,0.9736543114286051,-0.6412399475606492
1306,7f310029bc596c13dfc7,0.5888302054963364,0.487376528676426,0.10145367681991035
1308,27ca6ee963d7f778b4d1,0.4348935708644269,6.336641372652185e-06,0.43488723422305425
1308,428940b13827f407a99f,0.36244884591199966,0.36212448220061355,0.00032436371138611086
1308,49a7e65110d8fe83c48f,0.7259460930564656,0.9764397034304946,-0.25049361037402895
1309,6ebd936308726f0dfae0,0.6128504792092163,0.983118713570883,-0.37026823436166667
1309,8daacec6d0938b4ba099,0.4257412235214776,0.15377661719200753,0.27196460632947006
1309,b4e21dd40191ebbed9ec,0.2267297164644067,0.5222975011317775,-0.2955677846673708
1309,e308dbae5d907b7825bf,0.18747930215347552,0.047006013133968,0.1404732890195075
1310,229acbeef86480a998f7,0.0065560701394645005,0.49553318346609304,-0.4889771133266285
1310,69312fd250bd8849001b,0.145111049834821,0.269760126524749,-0.124649076689928
1310,aa1661cf056e21b101af,0.5100469937849904,0.474003271317306,0.03604372246768439
1310,affa35436b659b07abbb,0.09281062628602152,0.082686433152087,0.01012419313393452
1311,0c2fab0a38521d1bf3e3,0.535418016206243,0.4237780920759585,0.11163992413028445
1311,169deffadc442014064a,0.5099871652648734,0.11973537066161351,0.3902517946032599
1311,ac6649943ca81ab54d02,0.508783170101001,0.4960710089699835,0.01271216113101753
1311,c2c299d9212a052fb588,0.5449947062784971,0.5246028739220461,0.020391832356451034
1312,a830d365ce0e95ed7543,0.4512549238744454,0.637963015613429,-0.18670809173898367
1312,ade4c6334ceee35ce3ce,0.2647937691199,0.42106143645834904,-0.15626766733844905
1313,24ecac61343da834b061,0.4584499603480525,0.499976358898985,-0.041526398550932486
1313,7aec8ff5ce7d66d9461e,0.43369901700774655,0.318608288119031,0.11509072888871552
1313,944c8f90305af40962ad,0.034056133670883004,0.5377300412051406,-0.5036739075342576
1313,af1794056f03f399f1ae,0.015153049394076669,0.37318147575973304,-0.35802842636565635
1313,ced6c7090c18a9f051fb,0.2702611058264143,0.036811150461733,0.23344995536468133
1314,162470cfe8fb92251358,0.05320499693834699,0.45229496684851206,-0.3990899699101651
1314,d860db3036d144dc2497,0.517707173677568,0.499729884181749,0.017977289495819004
1314,daebc59f9d3c33378073,0.25878701603765003,0.3975032937993995,-0.1387162777617495
1315,10f6017f5bdc14970493,0.36492162114197063,0.41618582306144203,-0.0512642019194714
1315,590999d708105127d5c2,0.2679529572214231,0.0007244054687120001,0.2672285517527111
1315,df101fd3f2f6093eb954,0.298712382022888,0.6319708533851095,-0.3332584713622215
1316,3cd17659d0097866af5c,0.6196038992078073,0.028023493531505003,0.5915804056763023
1316,4425bf4401d1f578acd3,0.003309446292436,0.6949161153351846,-0.6916066690427486
1316,9e249d66025de590436e,0.5511255372627996,0.10179028102506045,0.4493352562377391
1316,d30b1fa2bdc74eeec818,0.027555480580963004,0.8382720448834016,-0.8107165643024385
1316,fcee14eeaa63fafbd9a9,0.6441736753142062,0.12652870806716351,0.5176449672470427
1317,1c858d97b894f038052f,0.34928919403094943,0.7312972080307015,-0.3820080139997521
1317,47552100b755e819f6ff,0.8038691553786705,0.9601025106318131,-0.15623335525314253
1317,b1fcead468ce42c22d9a,0.5909176330033029,0.6871727082058116,-0.09625507520250864
1317,c5f89e235fce17f1c080,0.7371919171197728,0.944422270835054,-0.2072303537152812
1317,f09fb55ddf7765b1644f,0.2244733962128317,0.21159135265046253,0.012882043562369161
1318,59e9895b064ccd47928a,0.22293302389048178,0.6398951796626671,-0.4169621557721853
1318,a375113c0edaef184900,0.24563741249956456,0.07638476481547352,0.16925264768409104
1318,e843142866dbc71e62b4,0.17991286230608722,0.5573293291938081,-0.37741646688772085
1319,3775cfa3d3e7124d54db,0.07887833121051575,0.06350959382924251,0.015368737381273243
1319,3913129627b83d7e9172,0.3816206787878665,0.501870835656275,-0.12025015686840851
1319,b0cda062bca60f85d030,0.09282103046454261,0.5592927476474221,-0.4664717171828795
1319,cb0a48d750485fdeecff,0.5080902327182131,0.40056059421629703,0.10752963850191605
1320,241fae0a027bd068dcb0,0.0004692643998516567,0.41842122744715404,-0.41795196304730237
1320,3a5f83663287cdf75f2f,0.0004785562894945738,0.578915592048733,-0.5784370357592384
1321,3d738e2eecd57800ae88,0.40163876381181807,0.6702514213301816,-0.2686126575183635
1321,49855956e2ee90bb76a3,0.1932188822029795,0.5700050270825611,-0.37678614487958156
1321,a02446765ade166ae35e,0.0029709923845265005,0.17451931186234151,-0.17154831947781501
1322,3cb41a8cd965f8c7bfa5,0.017255675671954504,0.6641456174234951,-0.6468899417515406
1322,5fba0addf1ed3d61b90a,0.000282233923513,0.462614153418052,-0.462331919494539
1322,6d70fb920b20d54198db,0.0007854716530800001,0.2987742131404475,-0.2979887414873675
1322,99510d1cdf8356161a39,0.49826476681095305,0.42531669643505154,0.07294807037590151
1323,1b8e4fb096ea49b55067,0.25236057277690704,0.500604238315565,-0.24824366553865795
1323,692d32960b17483ce297,1.407625055980457e-06,0.5422485247963855,-0.5422471171713296
1323,b5cfb725a6feb3b4ce87,0.020516695555923503,0.042077596401325,-0.0215609008454015
1324,4c916ac33dda33edb4d7,0.8475435526359201,0.5678488068474995,0.2796947457884206
1324,5bc9a42b2a4ffe135008,0.5798728689076436,0.8908784013862465,-0.31100553247860296
1324,7dbecaf95ca4984528cf,0.10403391550047834,0.4783352341289321,-0.3743013186284537
1324,e3bf0d04027870c2ec34,0.21861978006974936,0.49031340053095085,-0.2716936204612015
1325,1962fc98c5de5e5fb0a6,0.004837348780387667,0.5032751373284625,-0.49843778854807486
1325,5123657b474e9162d1c8,0.33293744832369304,0.3065461404051805,0.02639130791851252
1325,5c5049e74a06f5bda417,0.31862668800395133,0.6090914311674865,-0.2904647431635352
1325,dd5a4ea4c07af2dd3283,0.0022797897694200003,0.20402824516785453,-0.20174845539843453
1326,4484d6a4350583396070,0.29023650449917054,0.063187971530496,0.22704853296867455
1326,5340567c53234d6bb4d7,0.015738525413579337,0.40079304116957354,-0.3850545157559942
1326,582387bb8f650b089632,0.9134892206263561,0.267482596745144,0.6460066238812121
1326,d6a7c4674be7e0291ad6,0.9922889909681524,0.8134393301092846,0.17884966085886778
1326,e4e97d969ec836fedaa9,1.3086806624620946e-05,0.46323904394427406,-0.46322595713764947
1327,05438804ee71800f3506,0.0063978728614130015,0.0561689786844875,-0.0497711058230745
1327,1a7c4a213290e5fbc095,0.19251412020924952,0.437764587078031,-0.2452504668687815
1327,c22d78285086ab01471b,0.22024962318448102,0.31761536989940353,-0.09736574671492251
1328,19f0c2edf596ae6137fc,0.3877427137298452,0.46648303909606004,-0.07874032536621484
1328,a556c8123210e109bdd0,0.022969301432274002,0.32207747406885145,-0.29910817263657746
1328,b622b5d717a727399abc,0.4167152766454337,0.018757818241609003,0.3979574584038247
1328,e12f09ed4ed31e74732c,0.004081682438420661,0.07614473213613,-0.07206304969770934
1329,199aee98b44b41ca8df1,0.2103991217087675,0.6556047034472441,-0.4452055817384766
1329,1b3eab8bad5bc14633e3,0.2775388568554043,0.8351105017278161,-0.5575716448724117
1329,819d84b5e555d40213e1,0.10261394161273125,0.9556188918603581,-0.8530049502476268
1329,f9fadbe90855e4abdb4e,0.04691864049496824,0.4997858592152995,-0.45286721872033125
1330,0ea6fd5b4230f9e3d8f4,0.019759920905997184,0.36939369902968816,-0.34963377812369095
1330,8684d08f8525de473be3,0.12115592438532301,0.26116476038192304,-0.14000883599660002
1330,a188e24e085a475c4bda,0.002843082575113,0.48952283825913,-0.486679755684017
1330,beec5c049788b58cbecf,0.0757531474401915,0.045507145251489,0.0302460021887025
1331,4ce62bd099e22cd389ef,0.014588344087218002,0.41509449083201305,-0.40050614674479507
1331,a895db7d162a68a38804,0.20904995292750964,0.4607907292482895,-0.25174077632077985
1331,af118f62dab6d40c6e88,0.211270048406828,0.43549319531538355,-0.22422314690855555
1331,b840869e09c2e6248124,0.3522187369172606,0.036917718896131,0.3153010180211296
1332,29de44d26737e8e90e4a,0.4431694209798445,0.19878910087266552,0.244380320107179
1333,4a3a825c964ce49288e8,0.00014454832672433187,0.512096173819463,-0.5119516254927388
1334,2ce97704f88ea891a7ef,0.004383870437988766,0.8458863057310501,-0.8415024352930613
1334,7e9576c04ef2e70b2f9a,0.4264853712954055,0.30416480988829503,0.12232056140711045
1334,b0bc60b717d0f8858659,0.2236958465961904,0.028209701983555,0.19548614461263542
1335,6f60d1b4e4e12d8b0bef,0.624287129977484,0.4999005993511382,0.12438653062634586
1335,7daa14ff6055f50598f0,0.0914143944483585,0.9954613011490041,-0.9040469067006456
1335,c3900db02a3000c00ffd,0.018892673864525002,0.31892465708939954,-0.30003198322487457
1337,1db3c70e3c968a009960,0.3036609838153274,0.019318439955578002,0.2843425438597494
1337,5215429f746992e910e3,0.552705060996846,0.5718655996873705,-0.019160538690524476
1338,15eeea47c69fdfa99d8c,0.14386574734426152,0.9004559503903731,-0.7565902030461116
1338,7721ac42178fde16c548,0.04576438915677301,0.4927882224753925,-0.4470238333186195
1338,bcc251ee391919bb7739,0.4279934611830328,0.7530097624196086,-0.3250163012365758
1339,14b9ce956016e9002112,0.43949152504820455,0.11776898072449402,0.3217225443237105
1339,41b0a19a9ac078fb1943,0.12340540252490101,0.6426293217599756,-0.5192239192350745
1339,7d6f98cc9a9f046990a3,0.47769201149577906,0.9540920239375491,-0.47640001244177005
1339,e2df6d728099d441b485,0.14791054783701701,0.009067751417422,0.13884279641959502
1339,e58c6556abea14e81611,0.0035828453786170005,0.32454790171346454,-0.3209650563348475
1340,858fbd50c0c97f3b9039,0.051342445225936006,0.4721368393713183,-0.4207943941453823
1340,f1422e59ed279051e203,0.018489057720381,0.579178336806098,-0.560689279085717
1340,f1b87b012525b8af63a7,0.8686961650904931,0.023277120987265896,0.8454190441032272
1340,f1f4dbbbf475e5277132,0.367632354490965,0.4685858977069565,-0.10095354321599154
1341,1935cf693b6d713dcf12,0.293091396368163,0.000898487568628,0.292192908799535
1341,3eddb0c89f9adefc9b4c,0.19148724789971674,0.022485289580181003,0.16900195831953574
1341,5d1615cd55e5fa2e1fa8,0.9979979621604981,0.6693824409267265,0.3286155212337716
1341,abeee99ac7df3ca38aa5,0.130815792330052,0.7356058378943395,-0.6047900455642875
1341,d7a285b04766a28eec70,0.5852451431989101,0.6292923304052376,-0.0440471872063275
1342,0c979292e49d1e0fe8ca,0.53076597503415,0.2077622580039915,0.3230037170301585
1342,25226101eed0b1776c17,0.5435425607250632,0.0096394690663955,0.5339030916586678
1342,c996de76b1869723e772,0.9770231026268481,0.37514915173065455,0.6018739508961936
1342,e38e12bc1dd9bdd835fe,0.6951860254518316,0.6018784792052605,0.09330754624657112
1343,0d98f39582385c68b9ba,0.5528898858403084,0.6511790511105626,-0.09828916527025422
1343,487ffd89ee885dcb0a67,0.131460366928582,0.844255998055516,-0.712795631126934
1343,928ab7d2cf763db704ec,0.06103869305015001,0.9084618398191386,-0.8474231467689887
1343,b742edfe13592479f97e,0.48458755847266505,0.369127111829178,0.11546044664348704
1343,e9ffaed7e60261ed4515,0.4568067202418985,0.5927727332133935,-0.13596601297149502
1344,d55595375aa5eb3fe8d9,0.38311709339115924,0.4970291168364455,-0.11391202344528628
1345,251392a41d9826bcb1e5,0.7039353362332358,0.092533644496159,0.6114016917370768
1345,cd8704f0926d45ca5ecc,0.544025531054211,0.231696131520296,0.31232939953391503
1345,dda7a38f3c8b2abc4fc3,0.00016337920541,0.008576711823565161,-0.008413332618155162
1346,32be9b9bc833ca85dee6,0.25672829555672394,0.6951838660811911,-0.43845557052446715
1346,519d3627e4cbbc5f70f4,0.14532692640292103,0.5082813337885975,-0.3629544073856765
1347,bae6fa1197f6c57bc976,0.10208450906536101,0.8823632754117166,-0.7802787663463555
1347,e5d0cf212f03e539ac9d,0.2523889855767826,0.0045213277697615005,0.24786765780702108
1348,4a70960c9ccb31989e91,0.563966394573968,0.6703301450144721,-0.10636375044050406
1348,61c4e13c12ee8b9b82b0,0.5712518276444993,0.0010228490758415001,0.5702289785686578
1348,6597c9ab90a8730c479f,0.21289502244963368,0.0101486396647245,0.20274638278490917
1348,aceab1c28c24f55ecba6,0.5458208516960109,0.034890696351387,0.5109301553446239
1348,b066ad44cee76cff8e2c,0.840762691140293,0.08923489575923602,0.751527795381057
1349,0babf4457e8cf253a56c,0.9834041672160038,0.5177054353311115,0.4656987318848923
1349,21c97e4937225162257b,0.26865420214462904,0.21686318250896852,0.05179101963566052
1349,c59239847fe786be8763,0.5005544943905663,0.06286891097633751,0.4376855834142288
1349,f8b193864a984d0c10b5,0.43844660417624776,0.0003768275635789609,0.43806977661266877
1350,0d02d005003e7719598a,0.33246563720298034,0.3554851281526915,-0.023019490949711174
1350,1fb7e49025db61cbc67c,0.06732663257829401,0.7736863992471101,-0.7063597666688162
1350,bae19de092034aada783,0.189382321990627,0.5235646372296395,-0.33418231523901254
1350,c04d2bb0bc7c6290f8e7,0.4398148603140264,0.004306213889008001,0.4355086464250184
1350,cd252c7fb831f5d8036d,0.635929116925772,0.1276503801580695,0.5082787367677025
1351,35754cee36be8b6d6eaa,0.00217676130929,0.24730960293460352,-0.2451328416253135
1351,c9eaa391d9f57c4101e4,0.019765041690222,0.00037073254057000003,0.019394309149652
1351,edaf8e94e051855f7038,4.892934396983526e-06,0.000425216934636,-0.0004203240002390165
1352,1ee59ff0a44701c957ce,0.24887600288625805,0.5581442184285711,-0.30926821554231304
1352,d3a076581f828c7d4e19,0.20664661228574452,0.5235502946212616,-0.316903682335517
1352,f62886e576026bc74ee9,0.7212855188817676,0.7120109114835286,0.009274607398239043
1352,fda78eb635033d8e1593,0.5460134081146085,0.8529186036199281,-0.3069051955053196
1353,26249c9182a7cc922a32,0.16482565251998602,0.8029428914256016,-0.6381172389056156
1353,5f636f9d9c88fcdb3be4,0.22904215217931903,0.19666833640046852,0.03237381577885051
1353,c8b598071e231b124dbf,0.25066194897188904,0.8599218811858131,-0.609259932213924
1354,2674147e1ea9d3db6c6b,0.8831195750745421,0.5296361641211915,0.35348341095335056
1354,86e1ffa0cf20d8448723,0.005489668596951,0.4757842328627025,-0.4702945642657515
1354,9e18a0cc95bb739f19eb,0.2861679468662712,0.4466805154741895,-0.16051256860791835
1354,aa51acb5cd653c884a04,0.034998571024157,0.4448646481307425,-0.4098660771065855
1354,df15254ff459138ad387,0.099099453080667,0.7839382483951151,-0.684838795314448
1355,33f8bf23478f9d813981,0.007147058938457001,0.055470201921137004,-0.048323142982680006
1355,68ca88bf58aee2301882,0.004447028256993,0.9927902999129357,-0.9883432716559427
1355,9abb577a6dcfe4337718,0.17463707697734102,0.8922299614635392,-0.7175928844861982
1355,c157f535ef02be0b0cdf,0.14462452610412152,0.7820298413330811,-0.6374053152289596
1355,e2771b2d6411fb974e05,0.037742725694422004,0.5664396232533601,-0.528696897558938
1356,15c971f4d09ac2650678,0.010191515073275,1.63007960532629e-06,0.010189884993669674
1356,3bf81d1dc6d1082b0484,0.9748550253136641,0.25439496930710603,0.720460056006558
1356,5b7f87d9556ac225c8a6,0.516708688350037,0.9217422518622106,-0.40503356351217357
1356,5b81a4da379baed40d2e,0.10171520392602701,0.124905239745515,-0.02319003581948799
1356,5c8036d603347ce1f00b,0.00096325554913,0.48245037403309976,-0.48148711848396974
1357,139a0e9cc569810719ec,0.096469429849016,0.1321017755912165,-0.03563234574220049
1357,4607667fed84972d5d63,0.7568883331871253,0.9746071637367371,-0.21771883054961172
1357,4af083cde56e17607b52,0.020382592817686,1.953226582759834e-07,0.020382397495027724
1357,7a9d5ef91ef6e569162e,0.0052905562921935,0.24365750375170203,-0.23836694745950854
1357,a5ce78901d8da5ae2999,0.6738833200123681,0.6235969130466911,0.05028640696567699
1358,37cd85bdfecd2816c919,0.49592800078811905,0.9673337946192195,-0.4714057938311005
1358,fa5ee398b6213ed29955,0.0016164118379100002,0.634056187715754,-0.6324397758778441
1359,5bdfdabf7d61054754c2,0.7311107847626925,0.012247442200438,0.7188633425622545
1359,88177730a0548c771c3e,0.17884945131236327,0.5951422895998475,-0.4162928382874842
1359,dfc320c8b2d78a703860,0.49305763237248856,0.07586439332476701,0.41719323904772154
1361,30e405bc475541b1a48e,0.09964395972956526,0.40152578277675505,-0.3018818230471898
1361,bfc991140ebab97294b3,0.4698956207130174,0.2109165684719925,0.2589790522410249
1361,ff9b73055698de6736e5,0.047552389778428,0.499825064572063,-0.452272674793635
1362,165e9c339975720b86f9,0.7366536917375323,0.526316431212772,0.2103372605247602
1362,1a3ca89c3d8afc5af5be,0.24952199890616836,0.43948907401535203,-0.18996707510918368
1362,6d20ac5527fcc3c74cfe,0.4430811296107298,0.3563677312712035,0.08671339833952629
1363,06d35be977e61e9af52e,0.352611311522022,0.528489419330456,-0.175878107808434
1363,3d78d85a2015e1ed2c4d,0.05409897098466733,0.14316086804178002,-0.08906189705711269
1363,67620537a772850e17c7,0.055868406396984004,0.3242324963956355,-0.2683640899986515
1363,903716efe9fde80b9de5,0.2725209958892955,0.4772341240174575,-0.204713128128162
1363,a6e01dc1c5fa67eb26a5,0.2385720025894385,0.9686873160983741,-0.7301153135089355
1364,39990be29179a47b2931,0.3915450285707962,0.40000690638753056,-0.008461877816734353
1364,72b0e59030c80f0d6842,0.3310584384915304,0.471058642473247,-0.14000020398171664
1364,82b506acc2ec5ec92a77,0.7390084981162444,0.329683850103065,0.40932464801317936
1364,df692d4f24003f45dc68,0.354247144055806,0.8602304761014361,-0.5059833320456302
1365,8054ece7b5a6169f2609,0.7817100643571964,0.532041348978537,0.2496687153786593
1365,a955357ef7d145a27f72,0.305612517046613,0.7870469837000086,-0.48143446665339557
1365,b375c4c2b334f682082f,0.7689374763288885,0.781262512370132,-0.012325036041243465
1366,90dcec07bfb355596327,0.910137261843982,0.22247344290558052,0.6876638189384014
1367,1a43a2fbee3beec0664f,0.479617211842571,0.4837336079703675,-0.004116396127796518
1367,486c33284851240fa16b,0.22312847770080835,0.8812643695588025,-0.6581358918579941
1367,ef9e2cacebfa882128b5,0.5467672277646165,0.38801550514007005,0.15875172262454645
1368,a187e49145fc4a7eb210,0.050264358155958005,0.45532829515263706,-0.4050639369966791
1368,be6eb72cca57432d643a,0.000348246737106,0.3230997901978699,-0.3227515434607639
1368,c5868cfc682f3c1f1ab2,0.11276162005781401,0.785531516852018,-0.6727698967942041
1369,55f4cad7de662a84a947,0.35662047918577006,0.547027285346567,-0.19040680616079692
1370,f92071e61c953e4222b2,0.6781284641432185,0.40536631574500054,0.27276214839821794
1370,fab5d9be091691f4eed5,0.5192887287212667,0.251668722057556,0.2676200066637107
1371,5ab82330ff3338913931,0.00023521095163800003,0.0039054446012105684,-0.0036702336495725682
1371,dfc51cefff9257b3fb57,0.404299059499906,0.9062028152180857,-0.5019037557181796
1372,7f004770963353a83002,0.35564857395415644,0.48516396804854905,-0.1295153940943926
1372,897399d2753d6a9b03fa,0.055872357716461006,0.4149789484193356,-0.3591065907028746
1373,11a410fbead94cdb642a,0.7123226509792041,0.9768524583957856,-0.2645298074165815
1373,9b0e7329cf8bfaba5efa,0.6056295488859388,4.706165714195602e-05,0.6055824872287968
1373,9e1a174f5de77a404020,0.830984483637335,0.0458664021457805,0.7851180814915545
1374,04c84e4c32a0e848d254,0.41740291487554604,0.53452364610386,-0.11712073122831401
1374,42c0118ae6b3efc07868,0.0725983801597835,0.528415384710101,-0.4558170045503175
1374,93dd48cbcb4a35a2e3aa,0.3303223651717285,0.37868556701410455,-0.048363201842376025
1374,9d2ead19f251cd0df7ac,0.5960894777533391,0.5009742211564061,0.09511525659693298
1374,d579d057675234bf6241,0.41740139206811205,0.45909279736008707,-0.041691405291975014
1375,1de1d34ae938c1e008ff,0.839411049688849,0.488738056824612,0.35067299286423703
1375,3767cf07977f82b005f8,0.6592418910348072,0.13623732353120802,0.5230045675035992
1375,6594616bcf50bd5663b9,0.339405902222813,0.50689010557478,-0.16748420335196695
1375,69e74e7ae2e2982cfc56,0.3638625366885323,0.8168974078458615,-0.4530348711573292
1375,713e7e69306bcab90d22,0.37821068824808296,0.5947628869490226,-0.2165521987009396
1376,044e07bc23b11f013383,0.06554318255593364,0.2995954190862765,-0.23405223653034288
1376,04f628ab5aedd4054b68,0.3498841293774886,0.47546836262645553,-0.12558423324896695
1376,d7210a149ad12e8a67a7,0.17898921135093634,0.646346573735902,-0.4673573623849656
1377,12d7d888bf870ecc3057,0.0424861253920255,0.69991996518428,-0.6574338397922546
1377,1467e20c2cdefcabd5f6,0.2445848079342105,0.5563796601124106,-0.3117948521782001
1377,1a10e63d626c5cebe1a0,0.16492644722235503,0.1716771798952865,-0.00675073267293147
1377,2bd118576e9a321eaaab,0.39852920475528225,0.7573306802654751,-0.35880147551019287
1377,71a6b20306d8bb5a7340,0.31903977789443005,0.490958536201691,-0.17191875830726094
1378,4edb25fc96d89eef562e,0.22784053845151805,0.032719560672656,0.19512097777886206
1378,75628acda720230b676b,0.018743203049321266,0.000318044383883,0.018425158665438264
1378,8945b7b9495c28f2e7af,0.378587290027023,0.6962769155511476,-0.31768962552412455
1379,110c21fd2ebbc2dac681,0.18812047890344702,0.1702230088172775,0.017897470086169515
1379,e9ee3ee25248628143dc,6.649621198023636e-05,0.76080083858637,-0.7607343423743899
1379,f0c831a4ce10b9fd7670,0.341805306014661,0.5001298054266835,-0.15832449941202248
1379,f99cbcb391e72fc69c45,0.126693451349282,0.9067611074212096,-0.7800676560719276
1380,37b1d51fbfd0dbf9d3cb,0.5511516207191768,0.169780416018609,0.3813712047005678
1380,3e17b2cc2433f0605cca,0.37632161794373203,0.0022456567739180004,0.374075961169814
1380,8833c87030c95401677c,0.26238804124103704,0.2150472731060175,0.04734076813501953
1381,07f612c64b711313abea,0.36816698529282904,0.9031156965609975,-0.5349487112681686
1381,4b4aa78d513bc6ef2a6d,0.5656764369935818,0.8996316458475435,-0.3339552088539617
1381,89976f0c202fd20e26c5,0.24094131645555436,0.5832778697112505,-0.3423365532556961
1381,e309ce1a6f996f0b5f35,0.2704322247200758,0.129476580901906,0.14095564381816977
1382,1723f1edd9c2027dc2db,0.6125299203338953,0.42820140377684357,0.18432851655705174
1382,41935659e3634f068f82,0.012746941535518001,0.0032942691768380002,0.009452672358680001
1382,9078409d0a468c8b95c9,0.06538188317170701,0.4956833222698207,-0.4303014390981137
1382,ad0f1cc9604797ebba57,0.011572294971458667,0.5216298433808605,-0.5100575484094019
1382,b726eb2356a09448e5b2,0.30682760823782906,0.37260549314657354,-0.06577788490874448
1383,108ad66befd9ac1598bc,0.039691546905711,0.9817873879899301,-0.9420958410842192
1383,2d89453843ab20c6a1c9,0.10730948989827101,0.46106817568372,-0.353758685785449
1383,5e6e8e0789e9146f08af,0.017363719130961002,0.9984687027254882,-0.9811049835945271
1383,8859815f3a9c84021f0a,0.007864494665819,0.5075452234790185,-0.4996807288131995
1383,ebe35eda0eb3d1e27db2,0.583555839860979,0.378558943749987,0.20499689611099203
1384,2d90a579f34000ca5895,0.3423188742525655,0.571187139036941,-0.22886826478437544
1384,729e05342831af3d3fbe,0.09448970663950851,0.011219832286068501,0.08326987435344001
1384,a124900062ccaa829451,0.009798261861762001,0.143794331307928,-0.13399606944616602
1384,c58091b117bfd8bf6270,0.576273296010118,0.47936576001552006,0.09690753599459795
1385,81bb1db315c7b86c5d3a,0.005543627226784501,0.1007835261095385,-0.095239898882754
1385,924b53f670e007f5d5c3,0.00038755014949037615,0.1710810097910145,-0.17069345964152413
1385,ca7fcc6a062e591af9f7,0.297995533411724,0.9092661460410141,-0.61127061262929
1385,ff12bde868c9d6bff1d9,4.3616699096038184e-05,0.9591457424978701,-0.9591021257987741
1386,2ed673f5c0a8ad95f236,0.15836128707545252,0.9425440364188451,-0.7841827493433926
1386,978fcffb89f9c63681e3,0.010051399942482001,0.9437734410995051,-0.9337220411570231
1386,ab26c09a4c72a40f865c,0.0036253202104770004,0.8775579406989071,-0.8739326204884301
1386,c4d73c30d10f829f5fd5,0.3351118142861984,0.0306903842013265,0.3044214300848719
1387,1dd4e70b32ca44facde0,0.5624628084513804,0.061114961367691,0.5013478470836894
1387,3989e67dacd7dc54ad46,0.5382974000060843,0.9875594238240466,-0.4492620238179623
1387,449d65bf3792a99a4173,0.49118937803056806,0.03412645252844,0.45706292550212807
1387,b2941b027000e8358e02,0.16222744981452702,0.49570344636266306,-0.33347599654813603
1388,164e83a46d2b3b694874,0.09021782031481401,0.277524944843351,-0.18730712452853698
1388,267971d09e17a784f535,0.06650217104793077,0.8702367698781226,-0.8037345988301918
1388,c79dbd87d242fd042c87,0.0037176620772200004,0.2554402072793895,-0.25172254520216947
1388,fcc1db4ee658d2cd192f,0.012142697691859,0.3949252328654212,-0.3827825351735622
1389,74594564612e0e6f9b55,0.001269811694528,0.4975974673270122,-0.4963276556324842
1389,e8b0caf6b7956614dce3,0.24403027695592402,0.020130437893912,0.22389983906201202
1391,0b5a4167bb7e8b5af88a,0.495627510897169,0.9722469346578816,-0.4766194237607126
1391,11d65fa30ff6cfbccbac,0.160845936241346,0.4999204292716283,-0.33907449303028225
1391,4b27af828c202d7c28f2,0.0459825669644313,0.01744494114927,0.0285376258151613
1391,80129be5ffe84fabbaed,0.054894736030325075,0.296843852587216,-0.24194911655689094
1391,fe71f77b5b6ce3780ca5,0.4248691882648214,0.09448347698545051,0.3303857112793709
1392,98b1441b04dca6cd593d,0.5505647759751043,0.362160715544097,0.18840406043100733
1392,aee2f71aa8b2a66915e2,0.32334418790519404,0.9621815566279375,-0.6388373687227434
1394,45a1805c3870ef545766,0.014698416298195,0.5869820951508821,-0.572283678852687
1394,5211e0e87da533f6faec,0.4844187436291606,0.8327717774641976,-0.348353033835037
1394,b8a2e1c52fbf71c4e1c0,0.0038466289831550005,0.48140823228459456,-0.47756160330143954
1394,e694cff14905206ac8cb,0.0045235745918150005,0.507413074126783,-0.5028894995349681
1395,2610905d825544c10fbd,0.515836527854321,0.47020029866938357,0.04563622918493743
1395,f2e8814b23bbf594ac87,0.551410488111233,0.9595397581879446,-0.4081292700767115
1396,3110602863e0a7b9aa77,0.0006946179268100001,0.6763630457269965,-0.6756684278001864
1396,3656f64aace52e08f420,0.11814740884072451,0.367510543268085,-0.24936313442736052
1396,4928ab0d0ffae5ac40e3,3.203316869225784e-05,0.7646211330625561,-0.7645890998938638
1396,bd4b86292477ab530a66,0.22589481371037468,0.744969768992733,-0.5190749552823584
1396,edd7a7671e717152906d,0.4529679829722818,0.9181423082052866,-0.46517432523300484
1397,301dd4c859079bf5306c,0.08258681752120767,0.318876714276623,-0.23628989675541534
1397,61728fb1212df7e0fa6b,0.0005433992206560001,0.47111067139196805,-0.47056727217131206
1397,80e1f47c9a87eb05f081,0.000441051934882,0.543388785986062,-0.54294773405118
1398,3bf129a6a35d8d7e7b27,0.41268141173937,0.049422805041239005,0.363258606698131
1398,c0a0aeb42edb35ea4b26,0.36564467019247304,0.07751889529964902,0.28812577489282404
1398,de968e54d9a117b4a0ca,0.263919632801753,0.46597481587452405,-0.20205518307277104
1399,29181f106d6186814592,0.8679833383598285,0.13994855493153302,0.7280347834282955
1399,81e2a01ccd0e4ee0f3f0,0.073008028975579,0.9592906780297641,-0.8862826490541851
1399,c20b8f3ab7e3d3ea46f1,0.530593566579854,0.19284700881480202,0.337746557765052
1400,15fe5a01c7bfa0bf258d,0.00041759198112400006,0.49852836743407153,-0.4981107754529475
1400,2759dbf23543314669b2,0.5502929494822015,0.461995219135623,0.0882977303465785
1400,e8f44e1dec4993888fd9,5.42296719547922e-06,0.0007953445971630001,-0.0007899216299675208
1400,f9edcae721eed6a307cd,0.45466747741826735,0.9853646081877291,-0.5306971307694617
1401,402e3422a91e04d26c9a,0.0007884270926360001,0.0791421013161005,-0.0783536742234645
1401,c378c7f441caaa37176b,0.051925286069728,0.961801862269031,-0.909876576199303
1401,f619527f7931faa9fa86,0.322988706625124,0.7376556386137971,-0.4146669319886731
1402,526d2bd16e11ec463b72,0.17047528079991034,0.5557125213314456,-0.3852372405315352
1402,5ec0f5071c2dc4b05cff,0.7271900671765721,0.7424524433116025,-0.015262376135030453
1402,e8dc2628df45ee69c138,0.20449072738164953,5.2219686961788264e-11,0.20449072732942983
1403,049bf757e9675bc62da7,0.667977037645973,0.6164358896498535,0.05154114799611953
1403,0c652ae1f837302747fe,0.037421858702296,0.7703654972828645,-0.7329436385805685
1403,36e9f44cb6003978abad,0.3258502729177526,0.45463699108514805,-0.12878671816739545
1403,613f9e1980fc200e0c6e,0.33953025884224003,0.507389040874059,-0.16785878203181898
1403,cacfa0188983e1ce6e6c,0.932736328739948,0.696522202145191,0.23621412659475705
1404,9dee4f0c05bc54fd99a5,0.054332093989234005,0.041230921234107,0.013101172755127004
1404,cd8bd36b5d22fcc137a9,0.3445878717549011,0.204080833600172,0.14050703815472906
1404,f7348a52fc55dab3ec10,0.455559607277824,0.300970272346614,0.15458933493121002
1405,12a1d040090c70df3a38,0.020194620182414334,0.8184036597505101,-0.7982090395680957
1405,7c0f355ac63b26a88f1f,0.6075121905232048,0.569372468495791,0.03813972202741378
1405,8fb082727792cb82b44d,0.6181102293417025,0.7145073649827065,-0.09639713564100405
1405,c1bc330585cf1e563931,0.3023857347882132,0.49873933625794054,-0.19635360146972736
1406,adb15e04d218e5dccc5b,0.2692749602262622,0.170531367500757,0.09874359272550517
1406,ece12f6eba21646b1a14,0.3368926076370005,0.317069855702007,0.0198227519349935
1406,f43591e04c75d03ac8d9,0.41977915439425534,0.128342987625239,0.29143616676901635
1407,13e4e3c694fb92aeeb14,0.6284758590125273,0.6341164024278481,-0.00564054341532072
1407,2554286a50e9668c80b9,0.5203094569087465,0.527627826672834,-0.007318369764087507
1407,963a88c8271ff965f94f,0.5172830908135001,0.027346496142378003,0.4899365946711221
1407,acdb212cc3cf4f4e1c2f,0.19096114411280002,0.011765142287944001,0.179196001824856
1408,451895a816e2bf4aaf62,0.029909512516025003,0.06596882841443201,-0.03605931589840701
1408,54932d3f65a6103ad4cb,0.066098924551694,0.140474291351708,-0.074375366800014
1408,70eb5548cd0088a333d5,0.773231596842012,0.4888175742757162,0.28441402256629583
1408,cd683b4a2c41fbc28ea5,0.31247836382870003,0.3582607262534455,-0.04578236242474548
1409,1e355a48b9ff8c278f84,0.14583845018989902,0.9919863866798522,-0.8461479364899531
1409,242c3ba36c2ecbd5b389,0.154688852903536,0.6256081795637021,-0.47091932666016606
1409,93383f77841dd0ab22f7,0.372732508009552,0.9109970950352566,-0.5382645870257046
1409,993bb0228153d0051861,0.015746961409662502,0.27783681760767354,-0.26208985619801106
1409,bc23ca9cb1f573be382a,0.15713252165722666,0.4522356295633336,-0.29510310790610694
1410,39a04641a5b4a753a8d0,0.37499808305015203,0.005266893786234501,0.3697311892639175
1410,42cc2ff511bf8113fbf3,0.41711951318654705,0.353963215487937,0.06315629769861003
1410,6fad699b7785be5e6eef,0.9684556626908981,0.2924256032210095,0.6760300594698886
1410,79df2235492d68f780ec,0.327824676402373,0.0010277699530615002,0.32679690644931153
1410,bb40e033009c01a79803,0.437148101271746,0.574639103521401,-0.137491002249655
1411,4061685ee3abc4d2d367,7.664244237036545e-05,0.0020625723387390003,-0.0019859298963686347
1411,420e8e799717a8f15a90,0.54865753921042,0.028370556606936503,0.5202869826034835
1411,68b60cf1f3ce6cc05476,0.0008017898501030001,0.313446225743591,-0.312644435893488
1411,c17ca1c48862cc9cffd0,0.37509503458946203,0.5546040423698311,-0.17950900778036905
1412,0516d7b53beba4457853,0.5838427440198153,0.9919816520049985,-0.40813890798518326
1412,3efdaef7c32617f867b6,0.6784012423082656,0.857592679508372,-0.17919143720010644
1412,3fda2e7875c9127af85f,0.7447623772346166,0.7730974694981325,-0.028335092263515937
1412,4d2ab14d5877e03be2d2,0.5466076039716052,3.888496672649192e-06,0.5466037154749326
1412,ded9915f16c75223a9d7,0.020794222876769002,0.2049347785457965,-0.1841405556690275
1413,1c535900233805dbdce3,0.5111068244617175,0.5953138693685316,-0.08420704490681408
1413,54b91c7412a51f75da95,0.7788414824510536,0.9757239874074295,-0.19688250495637594
1413,a284b31d35f0c07c7c61,0.0180123829265885,0.46558311429744903,-0.4475707313708605
1413,a7f2e0a7b96ad0599ee6,0.6958738271713736,0.202013698736664,0.4938601284347096
1413,dc6030fa8ec4db7f6426,0.023629183675532003,0.46224026895218306,-0.43861108527665105
1414,91ebd8a5748284bf4fbc,0.000112441562631,0.0033586813233040004,-0.0032462397606730004
1414,e1c88fdc3024bde5c5ba,3.1604508213741483e-06,0.24022674463071,-0.24022358417988862
1415,20b21d35ab5c1fd13526,0.038707805879336005,0.007746976413169001,0.030960829466167003
1415,3656c204a8a0450f4336,0.9865292304220471,0.2286621163331905,0.7578671140888567
1415,b21b473c8d6c2c89d4b9,0.25202071323985453,0.32544096161663305,-0.07342024837677852
1415,fa0ad8c1f8cd89e886e0,0.24924936463316602,0.5324958188810456,-0.28324645424787953
1416,1f0ba0416c4d0be2899f,0.935276384522381,0.0050950936579455,0.9301812908644356
1416,5c35b4863c2210740553,0.112878828090892,0.122490837520418,-0.009612009429526003
1416,b1e9f9629dfbdd9018a4,0.18485171640474402,0.49617713700876104,-0.311325420604017
1416,deefe0b234d23e991f0c,0.321897600374667,0.36333071158841657,-0.04143311121374954
1417,6147ddba713896725222,0.07840559008141601,0.749361636173832,-0.670956046092416
1417,7ffb35caa5cea5f18448,0.991874502412811,0.733571717237645,0.258302785175166
1417,95680320b8022d43885d,0.88391258724381,0.6978633305618466,0.18604925668196348
1417,a70f336fd141eb66532f,5.7967496540441965e-05,0.45836399686239654,-0.45830602936585607
1417,d2e72542792dafbd4ca0,0.9807072567072511,0.38050227170750806,0.6002049849997431
1418,9c3567f6664178a45dcc,0.6952467879003771,0.7179799818342165,-0.022733193933839435
1418,f4820756231efe4f64e9,0.08287992496827101,0.6412347654660401,-0.5583548404977691
1419,410af331e52048175e7f,0.000188275310744,0.49957443380331307,-0.49938615849256907
1419,d012ab5e8a4422433511,0.5256431041143801,0.9620271207917026,-0.4363840166773225
1420,134b98e3a1b7763c0cf7,0.37279496533685,0.39146144854040404,-0.01866648320355402
1420,4bf5b3b44f9b408d4abc,0.30210584170813604,0.667033634185978,-0.364927792477842
1420,7a1d3bdb532d0db0e821,0.594580414041998,0.07532433187017751,0.5192560821718205
1421,0edf8a8c03dec8eb7227,0.8644722561023641,0.1556834365101415,0.7087888195922226
1421,448b749be9c92fe83663,0.979114438746402,0.6346060178876936,0.3445084208587085
1421,b19746a4a6a0211f33f1,0.002136885190403,0.757268011483697,-0.755131126293294
1421,c576c33866a20c333053,0.22828439601039702,0.49835471429215755,-0.27007031828176054
1421,d1d7cb87536f3c6a1e4b,0.0021741700271150004,0.36722457495587807,-0.36505040492876306
1423,1b3e2135abc1df9b7030,0.3960339461968585,0.4014903981971075,-0.0054564520002490235
1423,9ddec6d1d3605813a823,0.028588672087921003,0.29266319102612104,-0.26407451893820005
1423,e53ee8542e53a392e118,0.098888160016751,0.6271465318600465,-0.5282583718432955
1423,ea88dd252c4088cec93e,1.2683770644072691e-05,0.2028071564943725,-0.20279447272372844
1424,4478404386c9a07453d6,0.15255338497442,0.29131309463229504,-0.13875970965787504
1424,648911f110aca75071c2,0.009673547225259,0.036761998914253004,-0.027088451688994004
1424,7452a6498ea116e9b8f6,0.43981780878530774,0.10321343215668301,0.33660437662862475
1424,d6884f5415ce1d42e95e,0.117667819054329,0.055101926179503505,0.0625658928748255
1425,4600e89aefff1b902a5a,0.967642422774962,0.911099771297035,0.05654265147792703
1425,80ee57a062217621fdc2,0.7735356370506391,0.102516052504398,0.6710195845462411
1425,99b209d883e4fa8b3519,0.035145261805921,0.48159341670513706,-0.4464481548992161
1425,e4fce4e74e8312922bf8,0.976589026272568,0.0629444180845935,0.9136446081879745
1425,e76065d496a7cfeaabe6,0.757837097894494,0.9009957381851621,-0.14315864029066805
1426,0866ae5479c0d19bd049,0.733782689230647,0.5056092811528086,0.22817340807783848
1426,27c24626e06a37e21a72,0.6900510656695543,0.773584689562935,-0.0835336238933807
1426,79e65205ceaee43e586b,0.078228931620146,0.006025003768624849,0.07220392785152116
1426,a330e589b8583d4683b8,0.05194118436262601,0.5031951240927175,-0.4512539397300915
1426,dff039c331611c798c21,0.340827032038364,0.00023371463862350002,0.3405933173997405
1427,6862df2840448fa8dc56,0.35522954049842975,0.003445291731665,0.35178424876676473
1427,98306c24c31b8164c614,0.39713268521713807,6.963633857174138e-05,0.3970630488785663
1427,eed9e9a0df2a205a7d4d,0.6351649497500034,0.03674283927654141,0.5984221104734619
1427,fd106c65970c2c029959,0.000508733136603,0.266535746055976,-0.26602701291937303
1428,5130568c799706147f07,0.06331519287368001,0.018682637929517,0.04463255494416301
1428,54df050da7e1bf8c12ea,0.515143592334898,0.025577247223128003,0.48956634511177005
1428,78328580f893e782fb3c,0.241414228667385,0.554524770150125,-0.31311054148274003
1428,b9f5a644b0a81c2cb45e,0.2852337499744073,0.2987369311609525,-0.013503181186545199
1428,f41cfe64d5efc3e2025e,0.7028890134072473,0.249101862026669,0.4537871513805783
1429,1ba1d9b269d487fe99bb,0.028375936717124,0.09694655408906001,-0.06857061737193601
1429,b62ebd37c95debcfeb20,0.19468642254118124,0.1706965497454675,0.02398987279571374
1430,0a60f292b9f1c03b6613,0.205475420392316,3.268752798035146e-05,0.20544273286433565
1430,12f283226c0b72e15e11,0.170537428323936,0.2380267822666835,-0.0674893539427475
1431,af6eb1e3a3e846d10c27,0.016596991105583502,0.9390231519472216,-0.9224261608416381
1432,46e9a5203b04ca887a5b,0.22801107928328168,0.4141096799145285,-0.18609860063124684
1432,e56c4e415e70c614dc92,0.48545977321266504,0.013359923264041085,0.472099849948624
1433,610857ea0c50151e7145,0.9332649043744764,0.27519146839721303,0.6580734359772633
1433,82852846dfb24f2854ac,0.852139868361758,0.489589225934068,0.36255064242769003
1433,c22cc312138e10bbb96a,0.4375876643259824,0.47195430131293253,-0.03436663698695014
1433,e8f7407b45f05dcfa582,0.4305941658385273,0.30051986371231054,0.13007430212621673
1434,2c6e710715b4b2f9f0ed,0.1276786568838015,0.22612821272005404,-0.09844955583625253
1434,96592609300c7b156bd6,0.004650844491528111,0.6440264574072245,-0.6393756129156964
1434,b59e7a9221eea7053755,0.4611917426722207,0.555079732395219,-0.09388798972299833
1434,bf0cf7122613b9ff1415,2.9380177880671835e-07,0.31961693921239004,-0.31961664541061124
1435,18e1382387195e107f19,0.27419082290887636,0.44736027068050505,-0.17316944777162868
1435,7ab028b78f2afc8ea314,0.1203276230105748,0.9727238297838541,-0.8523962067732793
1435,ada555dfe0c8db5f0e38,0.24219479775506636,0.4965639724091595,-0.25436917465409314
1435,b6567d5270ef4072813c,0.16347979271779278,0.01197122487151,0.15150856784628278
1435,c1a0905b76099ccb962c,0.337600376681278,0.49904087428910904,-0.16144049760783102
1437,440596404c60ff640486,0.26639896479449954,0.9896008758031807,-0.7232019110086811
1437,5a084fdf96be89c5e3e2,0.012060048294186672,0.017008224329496002,-0.00494817603530933
1437,b299cd9b02cc8633fb60,0.5430648685683646,0.3845531763914655,0.15851169217689903
1438,252de888eddb344b2c44,0.38335572566148707,0.0682384379990945,0.31511728766239255
1438,6beec60a78c41a1ca370,0.021751587560065504,0.499971974960959,-0.4782203874008935
1438,ad5ce5a48fa15570f599,0.38947105653232705,0.308479347792719,0.08099170873960804
1438,d39246ce0b0aa314b2d9,0.44813067269042106,0.6764082501379216,-0.22827757744750055
1439,b6263f8dfc3f1e56962d,0.0031499139963720004,0.2490289061676925,-0.2458789921713205
1439,cca78197cd8fa3211a09,0.6753185142445761,0.8248029127899495,-0.14948439854537343
1439,d641cf855f13dbe623d2,0.0195399401916985,0.5256692790477675,-0.506129338856069
1440,47d4fd1c6f184e0048c9,0.9894441633440065,0.9903972564182566,-0.0009530930742500665
1440,8bc63bca4ec25daa2bfd,0.6960491625100265,0.23460673993460354,0.4614424225754229
1440,e51ac0063f5b7771d3f7,0.9964893401413175,0.4866834864359896,0.5098058537053279
1441,6b428d1be46c691608dc,0.9959520020015821,0.072246426404813,0.923705575596769
1441,74bc7fd0a15f04f3a915,0.9976326942968491,0.895210673407799,0.10242202088905006
1441,7f79e6205fcc8c3a3ccf,0.11325220588460302,0.05846758264185,0.054784623242753024
1441,e4f53e7665b9a3a83cb1,0.972701465216747,0.49651330659861254,0.4761881586181345
1441,f525b204604fa29591f8,0.9611348359226691,0.019725374684938998,0.9414094612377302
1442,3df339b6c6937a7c46c6,0.0058208970518965,0.6099098021210776,-0.6040889050691811
1442,ced027de7c1749879628,0.9573377307649511,0.026032275842990504,0.9313054549219606
1442,fdc019aa8b2bc02b8724,0.094856861548332,0.617830704077019,-0.522973842528687
1443,294aeccabd8201c0c6a0,0.9724247643399121,0.9984222102095686,-0.025997445869656466
1443,4060734c88a45c48a03d,0.9001836457644237,0.0068182403235835,0.8933654054408402
1443,ef0aa62e5c854ecc4008,0.872218870487485,0.7059478175165831,0.16627105297090194
1444,19658f8ad7d281900085,0.998607738437425,0.211463641099852,0.787144097337573
1444,522f344b37af5441c722,0.7705879300016476,0.47631400838331955,0.29427392161832805
1444,820545f227a1a28a34fc,0.017905287823078,0.0010484706308066475,0.016856817192271355
1444,93b1d89e68bea5622920,0.7687011720331351,0.9179591590514171,-0.14925798701828197
1444,ee8262bf4018e8e9249b,0.41722928934365905,0.08591517173669651,0.33131411760696255
1445,2795d3ee67176fee2382,5.894884860164238e-06,0.459394911694996,-0.45938901681013583
1445,b2ab8479f84990ace6c5,2.7270892254906544e-05,0.128789843285165,-0.12876257239291009
1446,51b15d4a0ad5d9ac438c,0.0008876472576235001,0.00040806188971936576,0.00047958536790413433
1446,b7ee8da3a367dcae06d3,0.4886651309597045,0.1004478604553325,0.388217270504372
1449,69641c7a84e2d65d311f,0.35030589293497205,0.7502439486381406,-0.39993805570316854
1449,967126d83bcc4b283e96,0.26759003915519103,0.19249998423369152,0.0750900549214995
1449,c35f07f4025368cc2c82,5.87057492121798e-05,0.0008968743114752739,-0.0008381685622630942
1449,e0a75e3f903b824f4702,0.6685507686413104,0.6749434218973905,-0.006392653256080183
1449,e83a418c868311cf0a58,0.6950765359914106,0.2673508124764355,0.4277257235149751
1450,562e6f059fc088d36731,0.636813466589234,0.33063804594892554,0.30617542064030845
1450,b57db8007dc42099dc3b,0.6365931748049084,0.3628503463502345,0.2737428284546739
1450,b93d4fe6b812f135d7d6,0.547360293530978,0.961815948657422,-0.414455655126444
1451,3c2ddcb898e723fc0641,0.004924803811134,4.3429355791087985e-07,0.004924369517576089
1451,722a680ee08214eb25de,0.6374118300479791,0.8420826950641316,-0.2046708650161525
1451,8508e9bd1d9ce1395966,0.004085934547001,0.18504088704375202,-0.180954952496751
1452,6b0073b9f87a0ff8f23f,0.227854608181212,0.35898095174814654,-0.13112634356693453
1452,975bfc6f062525af4c55,0.8691353007516747,0.4795165467906762,0.3896187539609985
1452,a172ca290c8a4f571f76,0.157430176780215,0.0022259522676265,0.1552042245125885
1452,a1c0d5b00740e95f1067,0.8218088177234906,0.39575675120206705,0.4260520665214235
1453,2beb2b002693cd073068,0.432210021705814,0.9353240361910771,-0.503114014485263
1453,4546b45302a940953817,0.006431804091414001,0.1227297759103665,-0.1162979718189525
1453,4bffa0ca68bea209b8ec,0.7684786609804206,0.4933284442917085,0.2751502166887121
1453,8c010dbacd75714bbc44,0.000122468421404,0.8579507998343691,-0.8578283314129651
1453,d4369373b088086d8500,0.016169065984938,0.5502403273403961,-0.5340712613554581
1454,33b8089f8f1673bf0b4d,0.5603681656943386,0.524226671180843,0.036141494513495576
1454,609e660a9d659d5fb46b,0.36315390921844853,0.42230618109069956,-0.05915227187225103
1454,a784de2fd4400feca32d,3.698125622828875e-07,0.007311355441899284,-0.007310985629337001
1455,41b8485053be1002760b,0.0030482578346405003,0.010165293282665001,-0.007117035448024501
1455,6d7e64087cb7de270a43,0.0011265550759780002,0.0013698886258085002,-0.00024333354983050001
1455,802f9fd8765b755707db,0.4469830785851603,0.007204908487266001,0.43977817009789427
1455,94b9b7253509d3dd8c90,0.6694166373503125,0.5159450973924585,0.153471539957854
1455,b223987b89f3bde985af,0.007202334777198001,0.0168440874414345,-0.009641752664236499
1456,18ff390366c7b9c84377,0.0045139726861520004,0.49842698678831204,-0.49391301410216004
1456,505b6f860fefe32132f3,0.054528919325494,0.4267654331075525,-0.37223651378205846
1456,707a3bc2ebe52d40bb43,0.6829039203825378,0.9157026071579681,-0.23279868677543036
1456,7ce05217ff5f4d8a9140,0.016562177929085,0.3819460006535225,-0.36538382272443753
1457,23e36e9a6ebcf64a28d8,0.39450613515472277,0.861097956640368,-0.46659182148564526
1457,380087b7a3dd131edab9,0.12662341205111602,0.41459344231804457,-0.2879700302669286
1457,71feae1fa9999d85b763,0.000278931564738,0.051873172449286006,-0.051594240884548004
1457,d592b82e030859820754,0.583460810541187,0.7991592088590831,-0.21569839831789606
1458,16aff6188c2cbc6a04cc,0.795933847418997,0.363972422337273,0.43196142508172397
1458,504578bc1d6f7ea16f59,0.119068021387111,0.8207084471775281,-0.7016404257904171
1458,69cb702cc7162f97ca97,0.8645082481549801,0.32226072979601006,0.54224751835897
1458,a98b4495eb1e74fe2257,0.9103727685527391,0.09232293489276201,0.8180498336599771
1458,ffafb130295911848692,0.030630149909528004,0.8669881519789041,-0.8363580020693762
1459,9bf87a6c39d8bed34b1d,0.12539716160113,0.39857560851097806,-0.27317844690984805
1459,a13139a72f8fed1fae4c,0.007987458764744,0.48594467566899807,-0.4779572169042541
1460,3356c1bcbd5ac4f3fddd,0.029341796738454003,0.5148886334915665,-0.48554683675311255
1460,4e31926f22078f9ac25e,0.404751740861202,0.9514802909993061,-0.5467285501381041
1460,539aca71aed0ac38c43e,0.22819120838479,0.13946595177143903,0.08872525661335098
1460,9fe1e660cb2416f8200e,0.189488873974394,0.551333118387751,-0.361844244413357
1461,01a804c891b021cd0a3f,0.5543645041032671,0.9512599154318226,-0.39689541132855555
1461,2153e120fe5b6f2b6def,0.9881341788251391,0.5155651335570215,0.4725690452681176
1461,755ec699138351d6ed2f,0.7227023671606471,0.49925892839417957,0.2234434387664675
1461,9e4953000e7466cd990d,0.024129562012768002,0.5296075405309495,-0.5054779785181815
1461,e8a8d131e25e56d12762,0.7345784968636084,0.6896508138480436,0.04492768301556482
1462,094aff6e8b8383505df5,0.017279361158809,0.119922153056148,-0.102642791897339
1462,280e4ba4659b7b7817d5,0.0008010866839440001,0.5051811405075985,-0.5043800538236546
1462,6c5ee5eb44fbb53f9c6b,0.5045179732408392,0.0001707438729899526,0.5043472293678493
1462,809aee95c9639b94c827,0.41514552583436104,0.901354939646432,-0.48620941381207095
1462,ab5798e6f0779236cd7d,0.27070212818301503,0.006127277599754501,0.2645748505832605
1463,6c815bd3ff42a3be3dd6,0.1427425170872,0.47839150923114004,-0.33564899214394006
1463,a784e1fe97cc3e70fd61,0.15011147613955803,0.9484364004641737,-0.7983249243246157
1463,bc69b08c156b33ca8e73,0.037728114639522005,0.0796805548314285,-0.04195244019190649
1463,f1b3fdcebd014b90cb37,0.395212164901609,0.00040528588365500005,0.39480687901795397
1463,ffc6997106c7a12280c7,0.49739257349518406,0.9793296329309541,-0.48193705943577003
1464,999ce2b61d065798f19d,0.007062592569227001,0.168027051361916,-0.160964458792689
1464,c33269c4063731e9ba23,0.522103217319979,0.6227368086683985,-0.10063359134841954
1464,d8ce7c03f748ce6da25d,0.030071923294976002,0.44586662240373753,-0.41579469910876155
1464,e0260894db3feef592bf,0.39797203700065403,0.11410483581326851,0.2838672011873855
1465,3b418d5b16d2c31405ee,0.040432409129946,0.49062867769923607,-0.45019626856929007
1465,5f449790ee95f45aeced,0.022413380972326,0.0008319224859266623,0.02158145848639934
1465,8b1348b6f2f43d8759eb,0.9683128030975063,0.37647241758933553,0.5918403855081709
1465,c1f8799b071827b0b926,0.8288235618910771,0.413523770068136,0.4152997918229411
1466,4479e9bc50b66e48d2f7,0.012041674179512001,0.031706063321374996,-0.019664389141862994
1466,5bff9d9c7bbac7ed1932,0.159449183477356,0.0029984225651145005,0.1564507609122415
1466,7aad1ecfd68697681795,0.005225645019957001,0.36724096025214353,-0.36201531523218655
1466,c0747163926470009984,0.47860465282622205,0.369407683017106,0.10919696980911603
1467,158e53c1cdcba7fd401a,0.4596894252821824,0.135784287454149,0.3239051378280334
1467,16f80f8d1ee488d1bbbc,0.0169300888496815,0.1196490169885705,-0.102718928138889
1467,79aa5ac372a0d9b32e8d,0.000363467957569,0.7638482243330795,-0.7634847563755105
1467,b823ce58c6b033c49dc8,0.8006020260704345,0.8917141586995645,-0.09111213262912998
1467,e8c43cf3f97cca20cb12,0.39724624382886603,0.0032735400825575,0.39397270374630855
1468,71545f8fe0d68d2fdd51,0.4552853623315737,0.5031173996289731,-0.04783203729739938
1468,99172dbd2ef677c5f94a,0.3663133920625138,0.995527877502955,-0.6292144854404412
1468,b964ea01a55e7ff45f75,0.7332109082084525,0.180859277848838,0.5523516303596144
1468,e04ac569189eae1dca9b,0.047743256707669005,0.19378942902141277,-0.14604617231374378
1468,f39047a35956fdb4fd55,0.2947738468139145,0.673638478766728,-0.3788646319528135
1469,20406b70e3fc81431910,0.09810588112092601,0.29349650292150303,-0.19539062180057704
1469,324064b5d8e5744e9090,0.118580868091727,0.07994654479303501,0.038634323298692
1469,6b735f776c69521afe81,0.001402233847651,0.8121332976779145,-0.8107310638302635
1469,95343f562c33df5c119e,0.008702054721679573,0.068855461961541,-0.060153407239861435
1469,e53cc066b2c83f12445d,0.376739898979701,0.682703845468631,-0.30596394648893005
1470,466c5af1685504c32b72,0.17689217471722465,0.9987807889579805,-0.8218886142407559
1470,47f66a47da0522f8213a,0.5559645787719025,0.5224216858616806,0.033542892910221944
1470,90273d4c9e04789fd970,0.393037321506149,0.434357117129869,-0.04131979562372001
1470,9759eea03efeb9760418,0.219998153238148,0.0074648537948005,0.2125332994433475
1470,cb566a46f7d676770087,0.16653079876298502,0.5583231019227746,-0.3917923031597895
1471,5ae05bb4aeac87f9fe0b,0.3926820938687838,0.35928568048675,0.03339641338203375
1471,675ba15cc3566f53f2cb,0.33792877693470863,0.49829394639070607,-0.16036516945599744
1471,7d4e8fd05c7e289845a5,0.12911344467130903,0.5038938031489345,-0.3747803584776255
1471,a1584ba1eb1821346ffd,0.2634860557901205,0.006435384018661,0.2570506717714595
1471,cd9bfda407fe3e03578c,0.3326577420093647,0.804735595580744,-0.4720778535713793
1472,3da10d6a34ab7944cc62,0.000144514644816,0.46581051049796707,-0.46566599585315105
1472,a0863592ad6cedeb34b3,0.8250173361842571,0.387311012676411,0.4377063235078461
1472,e5e3ab1ecb1aa5ea06a6,0.105320342726192,0.5067019597353071,-0.40138161700911507
1473,38745de89695f127169e,0.09422050560489001,0.7436564910274286,-0.6494359854225386
1473,4cee43abe59e82b344d2,0.19346012431509502,0.444038863475671,-0.250578739160576
1473,6a434cec3792eb33f854,0.6484985283275421,0.41845219925541255,0.23004632907212952
1473,afbe3bf3560fb94be64d,0.75914489735356,0.9554249127763081,-0.1962800154227481
1473,fccdab3ff23c8657b73f,0.42109431543774806,0.5252727992722355,-0.10417848383448741
1474,34ae3aa8acff1553a156,0.05632987920804,0.32248900813374354,-0.26615912892570354
1474,41971ea91bb6903d794a,0.6849846764335961,0.902111388331712,-0.21712671189811594
1474,8d7d1d0d74b1788dde49,0.45034094336422587,0.006600773156469001,0.44374017020775686
1474,91e4803c8f24b7e0388b,2.7974647015758055e-05,0.1321216168410395,-0.13209364219402375
1474,e9da1d2727aeb2d3d9bb,2.8126648533825714e-05,0.12424547426977701,-0.12421734762124319
1475,01ad9812096e3812cb16,0.08006311651091201,0.028310713113687002,0.051752403397225005
1475,0fbf7ec060a9098de17e,0.46711397265072385,0.790275313510135,-0.3231613408594112
1475,1dd36ec29e46db20af6e,0.861426912508055,0.9891289227763861,-0.12770201026833106
1475,4fff00b452625d73b049,0.36938203579746104,0.086018722517357,0.28336331328010406
1475,c0ea61e4311723f385aa,0.9964559954180131,0.842949982430327,0.15350601298768607
1476,23a622dc7f4fc71b7c35,0.9915084895037151,0.03132880900395248,0.9601796804997625
1476,415cad23edcb86a21259,0.194468626696323,0.5140553949265515,-0.31958676823022847
1476,9cd64ac68277d165aa83,0.6211852354331011,0.41207567784712607,0.20910955758597505
1476,c478760d53d64dc0f02b,0.00032837105206900004,0.9800434457272036,-0.9797150746751346
1476,d128fbfb8e64a9c34626,0.002448861058158,0.9988622597330026,-0.9964133986748446
1477,2ba9243c1a49e24395f9,0.49250407259712203,0.018478859372117323,0.4740252132250047
1477,45b756073876dd3a875e,0.5129932925294121,0.0030846895758577632,0.5099086029535543
1477,5ac6de187172b561971f,0.23636762387697602,0.3899579298832095,-0.15359030600623347
1477,94147044c79fbab2c297,0.905791999578984,0.7086899135841226,0.19710208599486145
1477,a6c199b1f678c3ea160a,0.042008952764529005,0.00018693241688913268,0.04182202034763987
1478,58823319768e118063e7,0.000207686318514,0.970090373783078,-0.9698826874645641
1478,cc5dfd38b6febe594b5c,0.08628097144825,0.229850026579888,-0.143569055131638
1478,f95aca08bda5ec35327b,0.8460939952396721,0.49926576592962557,0.34682822931004653
1478,fc4027dbd2a116c1b084,0.714381168637645,0.159296874673517,0.5550842939641281
1478,ff4af8f180f5ff3e41f2,1.1429881478091952e-05,0.005767502866423747,-0.005756072984945655
1479,527fff322665ad376129,0.03818118026323,0.9978282239496297,-0.9596470436863996
1479,b9cdd92d668791d837a9,0.09679197782549001,0.9176305785889751,-0.8208386007634851
1479,c1defba5db3b2cf87622,0.5877828938990659,0.33983067274286305,0.24795222115620286
1479,d9c275d87edf8a7c14ff,0.00047928401359700006,0.993382326044286,-0.992903042030689
1480,427e80cf503dfec11887,0.25774690811115303,0.25709960410856453,0.0006473040025885002
1480,643819336f766d4244d1,0.0030308436868580002,0.08046068688091751,-0.0774298431940595
1480,6f76c2f1993f32a4c038,0.037699780747659804,0.058026665012835,-0.020326884265175198
1480,9cad1b7e8db8abb75f6e,0.045401818305239004,0.032395896370636,0.013005921934603003
1480,ae16bf51969610460454,0.021158391579825003,0.20496011629805952,-0.18380172471823453
1481,0728b557e28f85be4a4e,0.735632834360272,0.8567001758711961,-0.12106734151092402
1481,0e0dbd0fa8f588a1f122,0.079381291243064,0.9281573495958575,-0.8487760583527935
1481,25ebddd140443ae357d6,0.351734223133343,0.554951270258066,-0.203217047124723
1481,52853531d7af9944f630,0.123391221867893,0.9913166319619671,-0.8679254100940741
1481,e257a2697a34f3a254d6,0.010772993415784,0.4806900038848555,-0.46991701046907147
1482,0deb06cefeced9d24c4a,0.323044772228788,0.3763986652998955,-0.053353893071107494
1482,59519c5344cd5d905206,0.26116090048928403,0.3687713897289475,-0.10761048923966349
1482,c0c6247d5a88fdadcd4a,0.012920009535288001,0.2854762124772712,-0.2725562029419832
1482,c64565d6c22bb0aea64c,0.002041991262884,0.4616497046860075,-0.4596077134231235
1482,ef5ff6a9bd6026eb5a1b,0.085098074292317,0.0702993447791715,0.014798729513145495
1483,07e232b4a294c0a5e1ae,0.46193594701478,0.859409791136933,-0.39747384412215303
1483,56776d7ea1d3a41d348c,0.314870361309854,0.45709604194699005,-0.14222568063713603
1483,5afbdf31ffbbb1a7ecab,0.9749989242686441,0.026122322582747,0.948876601685897
1483,b69b4d3b1cc64802ec04,0.251294554685151,0.5165153610812531,-0.26522080639610207
1483,f56c8ccffe38cd2150fb,0.005342793833039001,0.5002742343465085,-0.49493144051346954
1484,055bee8ef182d790ccbf,0.00032499409462700003,0.4110302060977895,-0.4107052120031625
1484,281ab42d322ca8ea0560,0.9581049064485451,0.9969767264062811,-0.03887181995773603
1484,6d4955ac7e1ad3776121,0.47997635101391506,0.6894024116695836,-0.20942606065566854
1484,73569251ef116b084e0a,0.023945015311495003,0.9304145111448385,-0.9064694958333436
1484,90b547b883a2a0b7651a,0.19199660016338402,0.5197973924045846,-0.3278007922412005
1485,059e7093e0e2301ad8f4,0.229015025174987,0.4512818680192955,-0.22226684284430848
1485,6fa2d1fe49b69c3c964d,0.436813465079104,0.3410629736332935,0.09575049144581049
1485,7eee2f95e340098a6649,0.000220285608674,0.480022601636982,-0.47980231602830803
1485,d0b1a4df5b343fec470f,0.09940998932886301,0.48663257476821553,-0.3872225854393525
1485,fffde87a3feaa8281358,0.027326630667298003,0.6183786945854151,-0.591052063918117
1486,5e38eb83819b01d0d914,0.26870570501185503,0.00126416512902,0.26744153988283503
1486,689a502d743da99ed9d9,0.000139679910731,0.5126402521218331,-0.512500572211102
1486,7fe26f5f0880f603f6d7,0.008631767433021001,0.042214759530332505,-0.033582992097311505
1486,e5d2ebddfad371e1bc58,0.8427654960973021,0.47457949248838005,0.36818600360892206
1486,ef95def5add5870166fa,0.990018392368298,0.6061523477360831,0.38386604463221496
1487,0955c577e6784370a731,0.16110000364659002,0.4975050734994224,-0.33640506985283236
1487,5558604b5017c5b7cd16,1.6013796942764392e-05,0.001057067678387,-0.0010410538814442356
1487,c062e697b2c1770c3ad0,0.5013607704749381,0.9685920371294026,-0.46723126665446446
1487,d530713acde5373c76af,0.5425807313779963,0.4424926482025605,0.10008808317543583
1487,ecb7e9f4f195014456b7,0.879152721353404,0.4740239577001529,0.4051287636532512
1488,3644822690541c942408,0.602603650144617,0.705179065981014,-0.10257541583639695
1488,3f5a9e12a2e9366220f0,0.333720942363169,0.362221502345824,-0.028500559982654994
1488,4f4e93a51ec86ffa2363,0.946779136726243,0.0521403175553595,0.8946388191708835
1488,db5f3e2613738117abb0,0.8745184124427361,0.9972539850987892,-0.12273557265605306
1488,f583f4893cbdceb2ebb4,0.7110117632856451,0.2497047504760895,0.46130701280955555
1489,191a79431fa342d49198,0.009202230788979,0.48961022008277205,-0.480407989293793
1489,4dd75207bceb697b57e2,0.96200273050074,0.555771366267543,0.40623136423319706
1489,5711e267481b9ea963c1,0.0009640239125190001,0.552601796660083,-0.551637772747564
1489,c2c4ee692eb2b71b3f9a,0.065865852537238,0.5570764925030696,-0.4912106399658316
1489,d60b35ad858d8a2b976d,5.536512261668313e-06,0.12248987532209701,-0.12248433880983535
1490,1d693dbd7fcdacb66971,0.00014082167749400001,0.1855513341735935,-0.18541051249609952
1490,2de251536b09b25fcb9a,0.013225180197857001,0.02434903151618747,-0.01112385131833047
1490,3849b9e0023f128354dd,0.001221963739899,0.5857332779121925,-0.5845113141722935
1490,493e369bc438fa899f93,3.811647787166707e-07,0.7132494231534066,-0.7132490419886278
1490,61a1129fcf497f4a24f1,0.004193209111649001,0.008010099259470445,-0.003816890147821444
1491,61d317a85df4a91d403e,0.19581840571779602,0.46885994581452756,-0.27304154009673154
1491,95ce22e68446b40e8cc3,0.9974694080896951,0.0007145459568179889,0.9967548621328771
1491,af14f370a8967fcbf9dd,0.06362037241577201,0.9789557163266256,-0.9153353439108536
1491,db87fe4ac2d90bffa523,0.0156341139417685,0.990606841469041,-0.9749727275272725
1491,df8e4f81a367db35e5e1,0.20237522407324102,0.499419855158623,-0.29704463108538204
1493,4f53aa0b0f84c6e2713d,0.46218779504302704,0.11470361030143343,0.3474841847415936
1493,52e43cae0095f400ef44,0.950849904930914,0.7374790723443471,0.21337083258656697
1493,e46a3cd58d4df89f6ca2,0.00150114043396,0.025269769175849503,-0.0237686287418895
1494,1307a270ab45b8c0ed38,0.6537450527884521,0.151317156959443,0.502427895829009
1494,277523ce46cbcc6d6587,0.9260318825954531,0.6523594752188765,0.2736724073765766
1494,3ba443352ac8e4c0d8c9,0.000149017956584,0.795228341867791,-0.7950793239112071
1494,4203ff660f037e4494dc,0.9881986671259441,0.3947711869941245,0.5934274801318196
1494,ae6d38f466cc4e9d6623,0.844661852772647,0.4941273653424215,0.3505344874302255
1495,4afa76d57b0afc702a7d,0.853281345677517,0.5478341195136905,0.30544722616382647
1495,4d4dd04bc1bf7da83126,0.005708145268204,0.3843023698875625,-0.3785942246193585
1495,9201b7846018bfb4d2f0,0.0007790298718820001,0.024488912524252504,-0.023709882652370503
1495,9f4940f5d27cf2187d3e,0.5100944264549311,0.0017347120202787704,0.5083597144346523
1495,a7cee2122b1940a9ca08,0.997858233737075,0.205922060457831,0.791936173279244
1496,0c71a8ddd7114b2c2978,0.47005650748027406,0.399016646936076,0.07103986054419803
1496,230bc7b3049020767594,0.8861261478605391,0.50408175056068,0.38204439729985906
1496,55dbd2b458e1fa621bf6,0.672862902889656,0.8658800750107986,-0.19301717212114256
1496,98caa668f330aa0c223f,0.12990368589800802,0.0012408411240170001,0.128662844773991
1496,b680450c139854785d19,0.0012874358784690002,0.5294289806058755,-0.5281415447274065
1497,667fdff9b1729d0f9f68,0.6912664818016041,0.8433111966160791,-0.152044714814475
1497,753c0457ccbe43fa4762,0.133407925121825,0.39632349608065287,-0.2629155709588279
1497,eb93539011c91790b4c0,0.0056124129067510005,0.348853352761125,-0.343240939854374
1497,f165593f04f1f1be2c24,0.087262908569276,0.4147581398469855,-0.3274952312777095
1497,f1edd26d615426040e87,0.0011169020245910002,0.6486938381435505,-0.6475769361189595
1498,2a621ad535d149b64d6b,0.005382883005519001,0.005342255522983,4.062748253600042e-05
1498,c0b06317e8609e2a8529,0.967757708160994,0.5006830597417485,0.4670746484192455
1498,cc5d8d8bd84b39b5da12,0.8486377858707771,0.19959433334450352,0.6490434525262736
1498,dee84e5057f4a04882af,0.13772977940744502,0.4947117604038985,-0.3569819809964535
1498,fffeaf86f1f8bd0fd1e9,0.40454566598003805,0.40385729715862156,0.0006883688214164851
1499,4512ef9e4ad7bd0a5984,0.023944387336711,0.037368516052331505,-0.013424128715620504
1499,7d1f7d5933387fb6e263,0.265683833073038,0.9852019585362031,-0.7195181254631651
1499,ab8224dc75932fb22e6d,0.279290039266964,0.49667633110039205,-0.21738629183342806
1499,c538ea42e2458a46b052,0.8367540362543261,0.7872224339453571,0.049531602308969025
1499,dd18f0d8df29b0a7a221,0.678689847469459,0.4998398613890095,0.17884998608044955
1500,22398ae025ec0cfd4572,0.039713665455548004,0.309584945556449,-0.269871280100901
1500,845914e99216422edd9a,2.783209884634338e-06,0.32247685301940654,-0.3224740698095219
1500,8d8617ac19f05046c564,0.963741011481768,0.46680904182009003,0.496931969661678
1500,985b6e3608d0b9483c88,0.9998921272324081,0.5635706437967656,0.4363214834356425
1502,9b17dd444b71b18b7fe8,0.44199958834141917,0.490686314707834,-0.048686726366414856
1502,ce6be88cac04ce9cf948,0.5186120321620237,0.42458806781332403,0.09402396434869964
1503,aeb5e78b43ae60db5e62,0.001108997098525,0.383643502815389,-0.382534505716864
1505,5be9176a8aac32fb0fc9,0.4363296919105883,0.4952678652262808,-0.05893817331569251
1507,09f64e7cc268a5b5e421,0.642594296330261,0.49134121671923703,0.15125307961102397
1507,1b81470f6392aa2f6da9,0.289417121201615,0.05043606348185759,0.23898105771975742
1507,c8e7b88f301218a31ad6,0.029002584587549,0.9981645679684596,-0.9691619833809106
1508,0c176983538df39c9f39,0.001296216122298,0.18339526415513052,-0.18209904803283253
1508,48a05bd3542a83d7abf9,0.5672943649065081,0.4385962711590325,0.1286980937474756
1508,50627bf0700a6fd8fd3c,0.04435302352454967,0.38769097749436654,-0.34333795396981687
1508,b32c65304d0f76c85379,0.010374698594077997,1.006316339264477e-05,0.010364635430685352
1509,51af20986478cef2131f,0.332105474093053,0.0098537127034475,0.32225176138960554
1509,d4efbfc01409e27c1f2c,0.5034222422967678,0.14667733829214202,0.3567449040046258
1511,41db78e6848420a6413c,0.61375877137249,0.11712729973749798,0.49663147163499205
1511,d81b19e52d31346e6cf4,0.3748946495081188,0.219000677995519,0.1558939715125998
1511,f93736f5779950939f64,0.5046472886033997,8.264373480023231e-09,0.5046472803390262
1511,fb6fc3eeba38c964a5fd,0.37979672288355665,0.5894357847715701,-0.20963906188801346
1512,3eb6cf16d9542a8a7cb6,0.5688302121707877,0.4637282429205031,0.10510196925028459
1512,46e87e329e8b6ac577b8,0.111320627004314,0.008420792501179605,0.10289983450313439
1512,9207d9aa2053672d682d,0.1239273897218415,0.277316780141084,-0.15338939041924252
1512,bb5c19a9aee6f44a9605,0.050437416255801004,0.10501185650910001,-0.05457444025329901
1513,0b25ab6ebd46bbd0c818,0.5090865841648285,0.11839023366017469,0.39069635050465384
1513,445c5ce92bc23a18f8e1,0.0270669373943175,0.5698428144305036,-0.542775877036186
1513,7ae11a29569b5adb7cd7,0.49274584889252376,0.5349937262303746,-0.04224787733785079
1513,8201d688edab1f3f6284,0.17068646138934732,0.9751183551867071,-0.8044318937973598
1513,e9572ae30cd6982bbb5a,0.37690360525176203,0.46719938202827266,-0.09029577677651063
1514,905d608ee3438627b0b1,0.17237761569599402,0.41400595214367797,-0.24162833644768394
1514,9f33dd93a510243e040e,0.06763494974091,0.0101632732789805,0.0574716764619295
1514,a7f963541810128d6526,0.40713646910584245,0.376747470848272,0.030388998257570465
1514,b364ba821e64cac5abba,0.6521807616489681,0.696912469233499,-0.04473170758453093
1514,c2ae8eec6191176a97c9,0.19642869237825902,0.9908758162765791,-0.7944471238983201
1515,8e7465d9aa68c4d51c92,0.47568437981437517,0.0098666847236605,0.4658176950907147
1516,03a21fff5eb4217090c2,0.3723449951929185,0.3020286164695685,0.07031637872335
1516,0ec58e71201af08f10bd,0.36635465434603004,0.7179267027351316,-0.35157204838910155
1516,48129f420b8500f8b622,0.570512812410603,0.5195038505035195,0.05100896190708348
1516,88924e8a40ff9757df54,0.09359454100760001,0.8113323819684661,-0.7177378409608661
1516,cc27c87e20846024920d,0.49481876725363005,0.8981450135316585,-0.4033262462780285
1517,6f05bb971abd7ff698e0,0.6913002620920539,0.08537227519279501,0.6059279868992589
1517,9ee6f3ac76744748c131,0.16812155443371002,0.9921585265226891,-0.8240369720889791
1517,eb54c19a16f89426cafa,0.61235491456596,0.005608285422992501,0.6067466291429675
1517,f71434c7aab2ed3d3b8c,0.28271804504699927,0.20405542376619762,0.07866262128080165
1518,2faee68b9893f4c2ae79,0.275863883977263,0.0002768245865777015,0.27558705939068534
1518,55d3828db84b8cc0bcb6,0.0022332657626180003,0.0008183355189005118,0.0014149302437174885
1518,6389ce98e61c72c9dba9,0.5028759483920631,0.48436486716866306,0.018511081223400006
1519,3e380b0e8b02c60c6b99,0.39367966538810606,0.49694839599831353,-0.10326873061020747
1519,42a92b745ab225106f07,0.5635540176466144,0.21724332482347353,0.34631069282314086
1519,4af71ede5e6cd39e8295,0.09052068197073367,0.7359511297065545,-0.6454304477358208
1519,761ca6b2867929a5841e,0.555029126659055,0.49619993002405105,0.058829196635003966
1519,b3caecc4d21127d6bcbb,0.08579607809233435,0.5359186289793351,-0.4501225508870007
1520,17db16aeabefa51a7c15,0.49893147868965804,0.6070456591952711,-0.10811418050561306
1520,5a9dd5d4755cd7308c1e,0.3233932251590795,0.23493567042737404,0.08845755473170544
1520,6031ebb8a7e8cbb077db,0.086246661577953,0.297066954704221,-0.21082029312626802
1520,ce08d8ce67430c627a03,0.49973731308567254,0.21507558446069552,0.284661728624977
1520,fcc57e0f3ac271fbdfd1,0.023959383304767,0.501528402594965,-0.477569019290198
1521,42fe8d3a8e6b80a8f2c3,0.083446856124664,0.48034800195028704,-0.396901145825623
1521,5c9e4689b6216efa853f,0.41697580723862904,0.20745464231409902,0.20952116492453002
1521,b6a4eb572dc86e5f4951,0.00039378310831000005,0.30185538980979726,-0.30146160670148725
1521,e3f9aeae17cbbe47c4f1,0.0034370574292120004,0.4948712591976982,-0.4914342017684862
1521,efb51b5f36bd8445338a,0.002840184238068,0.5015312237626676,-0.4986910395245996
1522,18268223570960ec53e3,0.040334680067512,0.49566651203099354,-0.45533183196348154
1522,d23e1350a765d17676a8,0.525703793459079,0.4677242481698025,0.05797954528927651
1522,f932df84273a9b60b6d1,0.302081930139659,0.4984818969939039,-0.19639996685424488
1523,1c91eafc00f0c6a7cee2,0.013639015787355002,0.0068367253900755,0.006802290397279502
1523,5705f1cc41d3ab254fdc,0.08885225114141851,0.000676200774096,0.08817605036732251
1523,eec5f5092ed9b9c2d6dd,0.17853890734778952,0.29002514200426655,-0.11148623465647703
1523,f2544e2245e50053b00a,0.478628701428821,0.4485916762365231,0.03003702519229795
1524,21c3161a0183aee40f76,0.06879886499731,0.7255545258708795,-0.6567556608735695
1524,2dd707181a470564abcb,0.402922610918354,0.5635516869074916,-0.16062907598913756
1524,31c0d3a9a821661db8a2,0.790595174474314,0.8807708120948595,-0.09017563762054548
1524,696fc979a642a7580567,0.0019392216136750002,0.9224090009963956,-0.9204697793827206
1524,a7018440521f7d42834c,0.33336977074018104,0.44075904173410607,-0.10738927099392503
1525,0c1e086912efa1b391a5,0.0018362457613,0.240004399647303,-0.238168153886003
1525,d12b53ab656a4b183920,2.161738635651641e-05,0.8823403783137376,-0.882318760927381
1525,e49ca9555ae53d61a0f3,3.3743390785917445e-05,0.36541873414580506,-0.3653849907550191
1526,2f7657435962c366020d,0.7552468582224864,0.5696519897606025,0.1855948684618839
1526,6e60300f3151d68ca140,0.548228755699493,0.040234607241697,0.507994148457796
1527,0bd9a6c329fa04cd194c,0.481659663527143,0.9184283402172815,-0.43676867669013847
1527,2463b1b0ccef1b182d2a,0.162847702321697,0.9988506220187561,-0.8360029196970591
1527,61d8a5ff6b047e9de827,6.780328768366679e-06,0.26616706870066853,-0.26616028837190014
1527,638500acdce3377af0fc,0.00017008537294500002,0.9569088296753185,-0.9567387443023735
1527,fea7c376641ed8ff18d8,0.400555507932696,0.001176354047206164,0.39937915388548983
1528,1ee181005a9912db8ed5,0.009391796985562001,0.733643773615898,-0.724251976630336
1528,8a3e8db77db1590c247e,0.000524523449633,0.45996672408159606,-0.45944220063196306
1529,0afcb8bcaf494511370c,0.40719723044753603,0.049240466670212,0.35795676377732405
1529,8407c529fb0e90ba2397,0.3507185564593827,0.998415909520405,-0.6476973530610224
1530,5bfc95634cd2468e50db,0.5011016293955745,0.092859826789168,0.40824180260640647
1531,3239bd7925e9828273a1,0.969634761515832,0.5457873196302311,0.423847441885601
1531,349e36674231f812a409,0.002678304906216,0.008925812915490501,-0.006247508009274501
1531,6b2ba640aabddcc589b0,0.6044981703969321,0.47377228801139604,0.13072588238553606
1531,afa8bad4018f6a980960,0.43741906440870076,0.41096473402387057,0.026454330384830194
1531,b057e3dc30d323054697,0.003041766958198,0.0019756871992730003,0.0010660797589249998
1532,10113e67f29d8ce7d146,0.2950975506726404,0.8318157366972121,-0.5367181860245718
1532,ab86610bfc5a9e1975a3,0.026028784696111,0.4452045653553406,-0.41917578065922956
1533,951eaeb72527d696611b,0.0009910827953475,0.15382484892059253,-0.15283376612524505
1533,bae221774c41f31b197c,0.0011414646310640001,0.5968339306282185,-0.5956924659971545
1533,e9aa24743e3d7a76bdbd,0.6201700238052744,0.036205773860607006,0.5839642499446674
1534,2ee7a85b97aa0776bf6c,0.08056216871353,0.0059377134515936365,0.07462445526193637
1534,54fa0888d0f9e8a3c8b8,0.000745775067629,0.4950718208448322,-0.4943260457772032
1534,75f159138ba97d5a5543,0.16527899327787002,0.0049716207580775005,0.16030737251979252
1534,7eaabd93123865ce1735,0.7962569841518431,0.5061698822671435,0.29008710188469955
1534,f8fb4bb7d04820acc9f7,0.082856808859219,0.7688210372293205,-0.6859642283701015
1535,96adf5af95af537daa66,0.06802870737533451,0.6846717437227621,-0.6166430363474276
1535,c8e5b593bb418c5afede,0.11409923339703135,0.18387546184244602,-0.06977622844541467
1535,d4c6fc0e8b0861cc816f,0.46682777027628053,0.336410596323636,0.13041717395264452
1535,fd0a1ec1cbd5afcd2bc0,0.027531474698937266,0.668617875043263,-0.6410864003443257
1536,1036d1346a58c68a7359,0.004538118705533001,0.3757718942878391,-0.3712337755823061
1536,3aa272c3575f623a7daf,0.5119198117345928,0.9368942827523286,-0.4249744710177358
1536,9f794d079aa54532dd0f,0.022637517372224667,0.42184137704554503,-0.39920385967332034
1536,cdf8831d4877ed4d7140,0.017938007248856,0.6862063770964506,-0.6682683698475946
1536,d1a253d5807ad1b7808b,2.4226379462406753e-05,0.26883634622963704,-0.2688121198501746
1537,2ecb95d13db4bd750d4b,0.1302249451435265,0.640349708874709,-0.5101247637311825
1537,7354eddf9e777c65b7ba,0.5493122995531661,0.6801297196843425,-0.13081742013117648
1537,926432bcbe50bc644d6a,0.27878466008815195,0.0003283565274472882,0.27845630356070467
1537,969e640b26d083e5db04,0.1793125635349917,0.4886868301793781,-0.3093742666443864
1537,fabe41cbf3b1122992f9,0.593778187335664,0.9836897314286677,-0.38991154409300366
1539,4a1f4924c34ff07116de,0.5981300795487468,0.5952487469429035,0.002881332605843223
1539,604a27d5dcc6705561d7,0.36086423476582435,0.9461571561885451,-0.5852929214227207
1539,7d3f5966a2247624c82d,0.21214981695758542,0.45537013145776606,-0.24322031450018064
1539,a1b39ab1e028262a817f,0.43994784515331153,0.055949237182522,0.38399860797078955
1539,ea6258b9a4ebf0323d58,0.421087617814466,0.9036716488384191,-0.4825840310239531
1540,43eaf613add2202ce86e,0.5117938804384236,0.48220037626177803,0.029593504176645524
1540,b60da0ce01608810ca0f,0.0411176415113435,0.8114774435704956,-0.7703598020591521
1540,bf1fb6529d6da8d759a0,0.5903402443297585,0.23111464686132652,0.35922559746843197
1540,cd27569e10978f83fcb5,0.2935311106888595,0.624277707523464,-0.3307465968346045
1540,ff7a8563f510a6018844,0.054075717513672,0.0190532900289005,0.0350224274847715
1541,769ce84fb45c0a352f1f,0.4854259862414732,0.1023775753274595,0.3830484109140137
1541,8106d017c5b7e0d3f888,0.7800760232479819,0.8250452058242101,-0.044969182576228284
1541,cf7b276c858e7f91fb89,0.48408853322361106,0.25222312374057654,0.23186540948303452
1541,fb901eedb373e3596028,0.5267767301593087,0.995448652700696,-0.46867192254138734
1541,fdcb36868f3c561b2838,0.41315491151411066,0.031235287857258,0.38191962365685267
1542,0c531a47baf4f8ad6c6e,0.626658363783209,0.31647969399201903,0.31017866979119
1542,12b832c8d615d019f3b1,0.00038979308004700005,0.6729005319890815,-0.6725107389090345
1542,d26d14df02fad9f47d39,0.465295829839431,0.0003538996926013041,0.4649419301468297
1542,dd359f5109d775dc104b,0.018558969029707002,0.06638878237066,-0.047829813340952994
1542,e381b82828b9b74efccc,4.7469282703201786e-05,0.07967558474768051,-0.0796281154649773
1543,4eb2a491cc74f9f23d95,0.07289172048801451,0.020405239891619503,0.052486480596395005
1543,a0d0267362ba45a02b7f,0.037224728630776666,0.2067648850723735,-0.16954015644159684
1543,b37d44b59f409a0334c0,0.745500278908922,0.9988694359187511,-0.2533691570098291
1543,b8f1b6228e529370f918,0.30502255999676514,0.5649012257661645,-0.2598786657693994
1543,ced0599db500b656ed75,0.39517200936083735,0.46488950313511107,-0.06971749377427372
1544,93b53c3a05eb18710ca0,0.21272218837411502,0.22685466659168702,-0.014132478217571992
1544,9f25fc9a77df462e2169,0.6869755741376441,0.43868161753650203,0.24829395660114206
1544,a04f3539c42629656b93,0.028141272251686004,0.5126798112618136,-0.4845385390101276
1544,a13640742f8298b78b65,0.8462206350276471,0.8090822835448496,0.03713835148279754
1544,af9d9c435ee6548e40d9,0.071395519171722,0.16763774552974853,-0.09624222635802653
1545,50c00c31acc0bd39f47c,0.0001210496059635,0.019681255936365,-0.0195602063304015
1545,5644d291dc649374176e,0.4900907363273981,0.9914275399412026,-0.5013368036138045
1545,6d3adedb4961bdc127f8,0.1725647349467555,0.538844758355792,-0.36628002340903654
1545,e83e6aabcb048882bcaa,0.5621574690000415,0.8255891682800146,-0.2634316992799731
1546,1dbb10a35e312b411c9e,0.12415160282674136,0.078322423393096,0.04582917943364535
1546,2fed3b0f6e1a63167488,0.3725494334498999,0.44721845948959454,-0.07466902603969466
1546,4a8e1ccb2538fa3af056,0.12795519793167967,0.647877458438638,-0.5199222605069583
1546,6c6f2f000a48d408bc66,0.5076835092007675,0.4767015107910911,0.03098199840967647
1547,2ff156d2d13f0abca396,0.34348071692972826,0.48829896485606455,-0.1448182479263363
1547,30fa024dfadb554ece5f,0.07797746447205552,0.038083180719611504,0.03989428375244401
1547,7470efdfeb15dab21cc2,0.48632484583792407,0.41173573272622255,0.07458911311170152
1547,7e01b0cde4e8208a713c,0.32398758783076986,0.5008536567671751,-0.17686606893640522
1547,ecdd5db3599c3c187643,0.199442572500822,0.9982825437644085,-0.7988399712635865
1548,0ca60984e433f3c20e0e,0.35337801421782006,0.147185253788253,0.20619276042956705
1548,0e1f4c90d04ea3e937bb,0.6133028017103658,0.010161938634607001,0.6031408630757588
1548,2752228f9b03e19bee77,0.410584775514272,0.15197952371335322,0.2586052518009188
1548,9135cd936e43e293af74,0.032266310264422504,0.5737248312917965,-0.541458521027374
1548,e83d49426226b98abb08,0.08786487289778366,0.18767563784302851,-0.09981076494524485
1549,3d26c3d25fafb2f87c04,0.6119622085635436,0.9964074514835182,-0.3844452429199746
1549,6b1c540ee564eaebc56d,0.6101994007741772,0.8661614069798687,-0.25596200620569143
1549,70029ed98e63d480a93d,0.7088348196020586,0.1383658011937675,0.5704690184082911
1549,a24a0a836618102b8bec,0.5231196901688548,1.968361461971942e-06,0.5231177218073929
1549,c70cb10361a528a7e7e8,0.8188722329459993,0.9387819651698636,-0.11990973222386425
1550,21a705ae47bd4396f3fa,0.6153397005819138,0.413684122551257,0.20165557803065676
1550,3a68ee7eefb4204fa255,0.5925646149330397,0.9897831741690966,-0.39721855923605687
1550,5885ee9276d3211ad1cb,0.24388013239210152,0.794329712489563,-0.5504495800974615
1550,6cc9221f4e70c5d23267,0.23131525370816752,0.30330516964024995,-0.07198991593208243
1550,bd96df0013af677457f1,0.5241818475034222,0.47541508040068603,0.0487667671027362
1551,010dfe6643c4040b9815,0.754251591053205,0.7292505572105885,0.025001033842616538
1551,215961b9da0cbaa33d29,0.4938903105384645,0.758063701389005,-0.26417339085054053
1551,279fe7bac8d129ad5ea2,0.47277464083298726,0.48352950301402403,-0.010754862181036773
1551,76e7db2efebcd91a3122,0.35346062516362364,0.7332900754177736,-0.37982945025414994
1552,0efb69968d951947d185,0.24672837775150902,0.010809876012411714,0.2359185017390973
1552,832d5e84809a63913db4,0.24906038070566902,0.26080117391537655,-0.011740793209707528
1552,87916ad1313913f76ef4,0.5621572335375224,0.45485737598733855,0.1072998575501839
1552,c037f7b2e7bd3d591a00,0.23832500833160533,0.591185162362282,-0.3528601540306767
1552,fc11f9d586e8a47a9abb,0.05195132175541701,0.7321741806435411,-0.6802228588881241
1553,086a5e1f8bce625dadea,0.5076482217762319,0.8001804438053081,-0.29253222202907614
1553,53fc9813ef9769540ffb,0.483256519439686,0.350591639617212,0.132664879822474
1553,7dcd431a50587ffe16f9,0.5788292372794236,0.5115765931477351,0.06725264413168852
1553,d50e6e27b8e49dbcdcee,0.3574220667786635,0.48741598541079856,-0.12999391863213505
1553,fc4fd8d2a2e1962e3875,0.2070490608823973,0.45005824999145405,-0.24300918910905675
1554,24c491c5a16029fc5d7a,0.396599416744299,0.9940994812881081,-0.5975000645438091
1554,277fae857b370fb20aa5,0.41753380365101667,0.9030330007045946,-0.4854991970535779
1554,41503723b1e6a3e2cce0,0.45203019023061175,0.0720737762055805,0.3799564140250312
1554,7a5470259a5128d3f51d,0.07772164437941123,0.077528598153906,0.00019304622550522788
1555,1cd0d7364d6b1abca645,0.25244033559504137,0.472094827822559,-0.21965449222751765
1555,3d8539fd8d40a5c21095,0.1652994164347017,0.0036786230722225003,0.1616207933624792
1555,8ec50edd0b5a49539540,0.2551323081576195,0.301110623552146,-0.045978315394526514
1555,f3e73464a41c1260fe5f,0.5077088526695788,0.508538732318603,-0.0008298796490242566
1556,9c63a65e56b88ea1b019,0.5114416618178023,0.18115708770253,0.33028457411527223
1556,a074527de781f3718d16,0.5393450880590098,0.2163134527402265,0.3230316353187833
1557,25e9cf26f35f55a6a649,0.537099254543779,0.0194493348205665,0.5176499197232125
1557,405e10ffb7f88f38e203,0.1700567718607234,0.1778815528534155,-0.007824780992692099
1557,527957edb589ec66e89e,0.5101021407183927,0.2718188917025065,0.23828324901588616
1557,d8a71a01646c48eabc15,0.338723428132801,4.00668928189905e-05,0.338683361239982
1558,06aaf0972729cfc8b910,0.2428213451952645,0.6384628408318316,-0.3956414956365671
1558,07f9b1b5dea51dbd7861,0.044001698214776,0.0036585293743295003,0.0403431688404465
1558,b7066a097dcfa374d462,0.160574693205271,0.4043833914283465,-0.2438086982230755
1558,cc8814d987eca611bf6e,0.24007378216001832,0.39044235112811654,-0.15036856896809822
1558,f4ca39dd07fcc4dabd4e,0.08503874055645867,0.4949819638962801,-0.4099432233398214
1559,023995b97f7187aaad61,0.5707303084081118,0.5047587703608081,0.06597153804730371
1559,02e6b5cdbfad4538c710,0.6072641796844696,0.3839763228187155,0.22328785686575403
1559,23e8ad3b8cfac41aa120,0.2005617530874388,6.234491416216655e-06,0.20055551859602258
1559,6c8a70c3245cee4c8251,0.26302516268388126,0.005138527584184,0.2578866350996973
1559,d33894af99863e2571ac,0.36350759223825974,0.9809576077712621,-0.6174500155330023
1561,5b4c028ab176f6f33df9,0.03132302868021,0.0797769777515615,-0.048453949071351504
1561,80d8174e790e9990aea3,0.20439441035051903,0.0157973196590435,0.18859709069147554
1561,eef8bbcf3aba33fa2c36,0.24495757240358176,3.7418277535302e-05,0.24492015412604645
1562,00e4ad7990096dd2e07b,0.000606645902476,0.6570653130191706,-0.6564586671166945
1562,0ca01459d6a520387386,0.6684251867600184,0.47428358002271853,0.19414160673729985
1562,a8e2fe5c4b0e8bc7c3aa,0.043416949819909005,0.20219696688827604,-0.15878001706836703
1562,b5982b2b95ac202b4b39,0.3056722532954817,0.005700437959056382,0.2999718153364253
1562,b724598522e01b737621,0.008751929883923001,0.210131309331708,-0.201379379447785
1563,72ab7f8def65cd2cc926,0.7439270656564341,0.4522333141735285,0.29169375148290555
1563,ad33335253db50e2e0f8,0.505400165509441,0.6831716480094916,-0.1777714825000506
1563,c38fc846f006fc55ac13,0.8048565758287911,0.621721892980421,0.1831346828483701
1563,cb8bbbf182dbd3ac4301,0.8890695851086171,0.40058178756906454,0.48848779753955257
1563,ec4f8e1b256e4de2ab2e,0.0017252982386910002,0.6126193448952446,-0.6108940466565536
1564,6ae317f42cccca968906,0.45062662700710404,0.013567286582277502,0.4370593404248265
1564,6ce6cba6b2f601a353bf,0.941513763581399,0.402297129577231,0.539216634004168
1564,9a3e9812f4e8ab55dd56,0.20855970647152403,0.00044848310803300004,0.20811122336349103
1564,dbea5a494220a0e31741,0.40190314824509404,0.428598820619062,-0.02669567237396797
1564,dedfe81098a916da3dac,0.2560877071443555,0.107496379317928,0.14859132782642753
1565,220b68e777593f0b4618,0.6488286747817631,0.46773941092004306,0.18108926386172003
1565,7b80c155a716918ba091,0.913665323622837,0.9197533434778505,-0.0060880198550135045
1565,988b0a7e2de4f8dcd8cb,0.211319819120447,0.4980210780627576,-0.2867012589423106
1565,d0ad746d6bb27252b9c7,0.032538281174123,0.4975850548335615,-0.46504677365943853
1565,d4834c913a716b033356,0.9618913149102091,0.5005209285703575,0.4613703863398516
1566,5518043706f10d0d9e2a,0.10114768636151,0.38293866573602753,-0.2817909793745175
1566,eb204438ade4f3f8e9a8,0.5461722922875241,0.10084409843769002,0.445328193849834
1567,82528f4ad3d9103aa077,0.180130999791071,0.9399321336916491,-0.7598011339005781
1567,8e3f5dc42fd61943403b,4.7048678260195694e-06,0.0004037028970667201,-0.00039899802924070054
1568,3601c769c81b855f2784,0.052329609111211005,0.9837878082411711,-0.9314581991299601
1568,aa6d44dca3f16bcb159e,0.28767472945411976,0.000453374446392,0.2872213550077278
1568,b6b0655345524826cd69,0.657081648188236,0.017099055722641,0.639982592465595
1568,c68c2950e918b23cd18a,0.040856745004266004,0.0585445396786025,-0.017687794674336496
1568,f0f9e59c3f5571cdf532,0.6790183385931386,0.04264426367713001,0.6363740749160086
1569,18e4b7b275995f349067,0.33763598706071607,0.9873840679408497,-0.6497480808801336
1569,39a05cf3d228b3f265aa,0.4694099524024334,0.000374790125489,0.46903516227694436
1569,4756074cd7875a8c4ea7,0.32419259847308324,0.010929821654259,0.31326277681882425
1569,a0ef4a3d56dfeb2c560f,0.022466374687493,0.032791416240926005,-0.010325041553433004
1569,dd32e13cf8db7f25f288,0.026522561602734,0.7984281306975646,-0.7719055690948305
1570,26e135e758ae3a40f9a9,0.000767381109296254,0.14917373249156302,-0.14840635138226677
1570,59ae522272100ebd35bd,0.048672319043504504,0.9280000644856417,-0.8793277454421371
1570,89f29c9be53af9dfb633,0.8107274795260125,0.2245481068754535,0.5861793726505591
1570,8fe2bf2d230fd8911bee,0.377239609862872,0.536597354722904,-0.159357744860032
1570,e1fa3551ae73f6a81573,0.4347365166283524,0.503810689640484,-0.06907417301213165
1571,74aced03b7a796e57564,0.9871111473443216,0.24860004277077133,0.7385111045735503
1571,83b7eb1bb95de6566e5c,0.7058672406902046,0.44537527156917706,0.2604919691210275
1571,cdd8dabb02b15df91dfd,0.6145966454705666,0.2716658323428555,0.34293081312771106
1571,fe700aaca2c76e1750ff,0.8331264850895046,0.8381996865263521,-0.00507320143684753
1572,27260d625002b7718ca3,0.231017444176247,7.377274393820432e-08,0.23101737040350306
1572,82a286b28ce0d2f6be0f,0.07914837099204,0.23503613703227202,-0.15588776604023202
1572,ca983c153e1695d65eb9,0.6700292103248161,0.205998080156286,0.4640311301685301
1572,d2159e446015280603da,0.8313357360632307,0.11508676960149801,0.7162489664617328
1572,e0573be884220e768758,0.66278668033176,0.8552912153597356,-0.1925045350279756
1573,32ac3b42e17b70b6f6db,0.6455202750625814,0.026981596494881,0.6185386785677004
1573,e00e02b1ba9fb543f353,0.000673232654796,0.500237979523762,-0.499564746868966
1573,f28f5bfe350909660ccf,0.27836716040471504,0.34707461480087953,-0.06870745439616449
1574,b064d5f34b1ef3bdb451,0.226345059957029,0.13914863515880602,0.08719642479822298
1574,d9b8d59645ebd0ecfbe5,0.006266885956952,0.018427045747179002,-0.012160159790227002
1574,fdf0cb2af83ce12278c1,0.5485246900279238,0.158309149087271,0.3902155409406528
1575,4c253adf3e22fdc36efd,0.21529940929477204,0.45869259444348254,-0.2433931851487105
1575,918a6478034e67ba07e4,0.43400515243018956,0.15407519921843002,0.2799299532117595
1575,9c5ae128cf69ca4adcbc,0.026989678886321,0.2039697822100365,-0.1769801033237155
1575,e6e702a9223fca3da395,0.002292082512968,0.0918229843131555,-0.0895309018001875
1575,f66db544756df87e8fd1,0.36565636752970054,0.61745150690127,-0.2517951393715695
1576,2bf53435bc6116bd4954,0.5097202896224378,0.009557246232077501,0.5001630433903602
1576,39e1e1e0c21a72f00250,0.7234250940575586,0.49993377283976154,0.22349132121779708
1576,72505bae019f9142b70d,0.6300275685502532,0.2577250553233875,0.3723025132268657
1576,8f06754a319cfef76231,0.15526984472247,0.24231548582458,-0.08704564110211002
1576,f64142c0f6f784595968,0.049621711348141855,0.33497683263850553,-0.28535512129036367
1577,29a8bc29073cd333ec36,0.4682099970438965,0.0952339635027005,0.372976033541196
1577,56210d68901a32e042d4,0.6510997332558586,0.18354872213422502,0.46755101112163355
1577,946d4a39b5fab5627a3c,0.42719011501860804,0.3604087242888005,0.06678139072980754
1577,e2e33863895f42253af2,0.00038628510644699775,0.5797100576958311,-0.5793237725893841
1577,eec6db6ced3809f9377e,0.42367430894991803,0.44369072245991104,-0.020016413509993003
1578,65d9c3d17324628a4964,0.7540373032845777,0.9867098673187811,-0.23267256403420333
1578,9a1b225e1ed84c9cc2b7,0.51644887695164,0.8776572728607286,-0.3612083959090886
1578,9c86885e2c2bf07031cc,0.08475120730055834,0.45628111106440006,-0.3715299037638417
1578,ae250c6612f1a6005a22,0.11259733514943408,0.45666204451784204,-0.34406470936840794
1579,37f46de011606f9fb774,0.425288819435851,0.2532883163150848,0.1720005031207662
1579,44ccf995a0b7e8c124e1,0.6418884022755174,0.000838745176487,0.6410496570990304
1579,f2bc61bfeed4d17f9576,0.42451617640051703,0.815507317131764,-0.390991140731247
1579,f4dfa78357af75cc71a0,0.25019049568997903,0.24670033050615287,0.003490165183826166
1579,f5cfb86f445cbd47c004,0.9066748375171629,0.0002345134488419458,0.906440324068321
1580,3e85df91c37ced750dae,0.0359364046282795,0.49534285683292,-0.4594064522046405
1580,59b18ee93e2a413f7f2f,0.015381934419495001,0.584398132734092,-0.569016198314597
1580,6112bc6625bd945f85ca,0.198707738200594,0.804570487481959,-0.6058627492813651
1580,aaab8916a8d3628a5b99,0.9915537285993131,0.5762357800810136,0.4153179485182995
1580,e92aaa96185bf94a1021,0.000304415275217,0.000316687292538,-1.2272017321000015e-05
1581,708f591af0e5a5c4e32e,0.30686250971179,0.3284229596248175,-0.02156044991302747
1581,7f4406f676d43a5a33cb,0.372084203257469,0.47271285584533357,-0.10062865258786458
1581,9186d265de13cdef57f6,0.5275983115575028,0.9989361045333001,-0.47133779297579725
1581,b5005485a820ed62497f,0.5368979667220001,0.5141170981045321,0.022780868617467975
1581,de7cdfd167a4b99f9bc2,0.4770008676664017,0.3076205234563574,0.16938034421004433
1582,60f777a36b8acdc58107,0.7592153049939258,0.5018640367265066,0.25735126826741916
1582,7376b53f1241a0044da1,0.5556695026010018,0.063890524550616,0.4917789780503858
1583,fa34d80290c782530a0e,0.12245165676750001,0.6376151023450705,-0.5151634455775704
1584,202d6b72ce02eb310040,0.6125223780919665,0.6663802249031865,-0.05385784681121997
1584,9858f33609c4de7748c1,0.5767633808049972,0.344925721509002,0.2318376592959952
1584,b883eb7522ff26a83e25,0.4548923609215786,0.013977403864819,0.4409149570567596
1585,3dcf250a2936559c6253,0.1451489710601155,0.9941801764517095,-0.849031205391594
1585,7eb78116be7ceceb361f,0.003383007649734295,0.5751325103962721,-0.5717495027465378
1585,8a7ea75126dbdb58ee1c,0.04244059855202067,0.214928261563257,-0.17248766301123633
1585,b7f25eb58ce97c8f5cb9,0.7380416077870701,0.5819436846556676,0.15609792313140247
1585,c89bd6f3d04b345664e3,0.1554984912415485,0.46052514903475705,-0.3050266577932086
1586,6c434c77175d71e74ea4,0.0033086097968030004,0.5225440860056556,-0.5192354762088526
1586,718cbe5bfddffae1bbfa,0.6573218801529808,0.0009136428409817241,0.656408237311999
1586,98c77936d6c191c46a02,0.4477208009953511,0.6169413682090881,-0.16922056721373696
1586,b1918115870cd8d7d646,0.9146898778059693,0.48590245760916756,0.42878742019680177
1586,d05c81b1a8b6a7515abf,0.26547523333912504,0.14878700175231457,0.11668823158681046
1587,27bae0ef39e943b5cb25,0.4576154117716404,0.49661248912162614,-0.038997077349985754
1587,442437921a56f47362d6,0.19542818775265752,0.7694808118412415,-0.5740526240885839
1587,69733954c5c3d3d8344e,0.30961403190259246,0.026592463961774504,0.28302156794081795
1587,9e51296e75de1c2681d9,0.9420287667609829,0.6015620809539436,0.3404666858070393
1587,ae7d2ddbc919b7b04fb2,0.656153688154253,0.318373851296393,0.33777983685786
1588,1eb803294b89f06eb938,0.9917140138333531,0.41464172892820605,0.5770722849051471
1588,31f2355e2954b52f26c2,0.6708643767385225,0.031980226447644505,0.638884150290878
1588,3d14a7c4877b84a73d45,0.997164449541196,0.8400756967631771,0.15708875277801893
1588,9cd170a77f1a30e05691,0.5948962738507115,0.47287367683142306,0.12202259701928847
1588,a72f50193b71f6f3be61,0.994256267585752,0.6621405181741201,0.3321157494116319
1589,04fb2be646bbd10ec591,0.9155929865699141,0.996660887817014,-0.08106790124709995
1589,0f976c939879e8cde6f5,0.6641471554277908,3.4733368466269155e-05,0.6641124220593245
1589,6b86da95028a15ffad2f,0.044821104736936006,0.6942089942288321,-0.6493878894918961
1589,9a30feb40a971d2e0c54,0.359882380889452,0.6305613287607066,-0.27067894787125457
1589,cd5979fe22f1ee272b9b,0.4768184863610432,0.4688710461751195,0.007947440185923693
1590,0a35c39be846173cd6ac,0.19016166849014668,0.8504222838585,-0.6602606153683533
1590,1d404256830c6f4256a0,0.030756298546811004,0.9012626917137445,-0.8705063931669335
1590,42cec84c1fe4b34b6ae1,0.35080929183407605,0.3047413950673775,0.046067896766698535
1590,5019c6d3642f1ea8b78f,0.10902119262495001,0.5243450149295675,-0.4153238223046175
1590,976991e8b6d8be30947d,0.017990813821827573,0.4554267376254825,-0.4374359238036549
1591,421c48bfbff66c8e8959,0.008146329537911001,0.7455406690157091,-0.7373943394777982
1592,08c46aab2228a3901b2f,0.46113376425810876,0.26597592758293404,0.19515783667517472
1592,20cae1d2f81ba628537f,0.6912641456464759,0.48912370082344403,0.20214044482303184
1592,2ae3a23052dd25326c77,0.6515490218616785,0.253705298090217,0.3978437237714615
1592,b31e64dae6ed68663daa,0.2924757903498448,0.5901554016214196,-0.2976796112715748
1592,c9e3d992aa5bc7f31de2,0.467743021314563,8.817502564689219e-05,0.4676548462889161
1593,1c9b0c83bec20f729d33,0.062914277671162,0.9424526343609705,-0.8795383566898085
1593,290de4d6ea7259909810,0.028027337461076666,0.568002719194565,-0.5399753817334884
1593,707fc8f680d799a5c52a,0.7922980641360494,0.5000173891408956,0.29228067499515387
1593,e01460dfe2e6a623b5f6,0.24167256255946068,0.003991676246515476,0.2376808863129452
1593,eb170871febbb7d0b2fa,0.061857596857439,0.34854503386637103,-0.286687437008932
1594,4c20879bcc505b1ccd96,0.000149909618624,0.22957163693812702,-0.22942172731950303
1594,562520ea9b2027dc1e6c,0.0064885177961170005,0.166257892050153,-0.159769374254036
1594,94c8699dc137dfb93f41,0.6104471927431705,0.17262641803599785,0.4378207747071726
1594,974ea4b4ec936f229327,0.4709678011648935,0.5542096095771616,-0.08324180841226808
1594,a671e0ce37a5615b63cc,8.733625857913151e-05,0.5784438153140254,-0.5783564790554463
1595,4eebe47d6499f4e662fb,0.03412629884627601,0.497864361860742,-0.463738063014466
1595,5e99cc6842a00b49b41e,0.006617792868274,0.41414811841778004,-0.407530325549506
1595,807435aafbeedb2cdc01,0.052959887005053004,0.18270903991562437,-0.12974915291057137
1595,8f632efad1f55b443e4a,0.21161645879729252,0.332072731625698,-0.12045627282840549
1596,3749744af385f2ec4826,0.833016288787656,0.9362474355365971,-0.10323114674894107
1596,447b5dbe860bc8728c82,0.47544003461981665,0.3701366821944977,0.10530335242531896
1596,58d06579dd0928922caa,0.36586403594207334,0.5325852392553281,-0.16672120331325474
1596,74ef45886f99d9fa0b82,0.28298464520648253,0.00038277416655550003,0.282601871039927
1597,5becefe2001a7ce16400,0.5696826804708081,0.20090338470550018,0.3687792957653079
1597,64d962da07f565c0aa03,0.35959098443547105,0.28375249267942904,0.07583849175604201
1597,d397ebd71ca78728358a,0.0017554872064150001,0.00020382548308694426,0.0015516617233280558
1597,e45906a94cfec1767547,0.08405016248144301,0.49757159385828204,-0.41352143137683905
1597,fa7e94972bd1dcf06334,0.49465535645407055,0.2089848746384585,0.28567048181561205
1599,46e992c610ac053a72cf,0.018829760846659,0.48944091127695655,-0.47061115043029755
1599,5c5a7a0340cffb06c8de,0.8703568315318211,0.2839419953515175,0.5864148361803037
1599,7aef8604e9cef37875a9,0.6365515913220591,0.5856227687218241,0.05092882260023501
1599,bc44145cd9c4b9043ed1,0.1581080866731555,0.4970659857312315,-0.338957899058076
1599,f5c0dc525400c346a01a,0.3911584183136067,0.7524453665017901,-0.36128694818818335
1600,1753795e4f8874dd7053,0.021309510190737003,0.07526407125313898,-0.053954561062401984
1600,26c7000ef7e04028a044,0.7118674796789971,0.6239962266299821,0.087871253049015
1600,3f796c1e16e6c4a2af29,0.6877865310853993,0.0026302389972290004,0.6851562920881703
1600,c35294ec858413bc645e,0.3258104894963908,0.1053433237896855,0.2204671657067053
1600,fe59d10180c16f344ff9,0.3979331593627417,0.763344952958942,-0.3654117935962003
1601,2d1933b4515a8dbff915,0.01013135055366,0.889082855904285,-0.878951505350625
1601,42c8cd3d1627d3266786,0.4152486861652874,0.0066540557213315005,0.4085946304439559
1601,6a73239e0ca23a968251,0.06049526062845201,0.8971538335982436,-0.8366585729697916
1601,e53e7baea789f0a29d0d,0.8392376042750586,0.36066516448517105,0.4785724397898875
1602,0543327206adf990a4a0,0.5054109780709043,0.624789772508743,-0.11937879443783872
1602,437405ca51e324f3c6f2,0.46495621488062205,0.5902027228992885,-0.1252465080186665
1602,649cc9e838f0c87e21ef,8.004041458940386e-05,0.15125421915109252,-0.15117417873650313
1602,c67b56a4ef6e0dc0b1d8,0.741880524741462,0.7400522395151861,0.001828285226275983
1602,e7489e9bc9a30e620200,0.53057490766172,0.3116345562235645,0.2189403514381555
1603,485f3c2e7c89d1566b2c,0.9696914236007724,0.8206542877192515,0.1490371358815209
1603,685705ade1478db6bbe5,0.8610215681746871,0.9305878610521545,-0.0695662928774674
1603,be885acf8adf3fc43f12,3.1236316106176855e-05,0.000999387832613,-0.0009681515165068232
1603,dc920f64603d96ce396e,0.005038875992731001,0.193194882772202,-0.188156006779471
1603,dd46f6f2a7980f45d939,0.40782625304431336,0.7109140799403686,-0.30308782689605523
1604,420cf18bdfa85fc18009,0.670990370309537,0.25227395479735204,0.41871641551218497
1604,7130a00de0674792b77d,0.3642419232513625,0.9097852719135335,-0.545543348662171
1604,8ef19457245e3279c102,0.48172311511873933,0.9480468121192025,-0.46632369700046317
1604,ca027658d11e91b20136,0.5109892646332579,8.990516617814051e-08,0.5109891747280917
1604,e726cb1489b54e11ecee,0.3276940968742935,0.146377320937367,0.18131677593692652
1605,05e942697ce9931be5e1,0.23217560643099752,0.7170798957766306,-0.484904289345633
1605,0c973509de37ef75bd49,0.4656521260296627,0.00035608865287000004,0.4652960373767927
1605,2ab54a08ddc7ec5f1b47,0.4898026044137067,0.8506300033992831,-0.36082739898557636
1605,4e4e2226f6edb3adf917,0.36654840415611123,0.515020277150744,-0.14847187299463283
1605,f73bd42e0cfcc035a153,0.29033831415023387,0.017675853828955,0.2726624603212789
1606,0c8994847ce1445565d8,0.05437120940319734,0.5655338450796006,-0.5111626356764032
1606,4f2ff17ed85ba93ccbdf,0.41840222285484546,0.710371444358567,-0.29196922150372157
1606,ada01f9fde56f753c1dd,0.7147752413734286,0.46123994856989303,0.2535352928035356
1608,1d472a3c536e04c1204c,0.36851078868076437,0.7912271859706601,-0.42271639728989574
1608,6f83889ffb3e12a641e7,0.4842607392287869,0.006424425667682,0.4778363135611049
1608,a3ebabf166a8d2512255,0.4942495955354384,0.054178011925965004,0.4400715836094734
1608,dd38ea64d0462d3a82c2,0.6054952795099832,0.059932643907049006,0.5455626356029342
1608,ffa5853c51a0d2c99cb5,0.0025936173177485,0.54965354820543,-0.5470599308876815
1609,17b88e446c880109b879,0.008018216091955,0.205257706820606,-0.19723949072865102
1609,9aef4ff82e7057545818,0.7750070980376987,0.5042800305725256,0.27072706746517317
1609,a2021c219200bdb2d23d,0.52707373056962,0.3084762974361825,0.21859743313343755
1610,42d3b3c1cc29456263d6,0.427241491451518,0.012571559295113001,0.414669932156405
1610,60cb2498f5662e30fd26,0.5407006176095537,0.3674186136229185,0.17328200398663518
1610,b7beec18ff0e9c82ecdd,0.8295137748644537,0.8995058416069646,-0.0699920667425109
1611,047e086b180b7d7bee4d,0.3705695155352777,0.5001824304070566,-0.12961291487177884
1611,25194b266116f13e048d,0.05330840754277101,0.41146678422428,-0.358158376681509
1611,6aa36add6ea62a649c96,0.7368437720783039,0.45460343801415953,0.28224033406414434
1611,79be6877ac62ed04858c,0.00680301848636,0.000278815776808,0.006524202709552
1611,9e21bb2c25980bcf0577,0.131268876809083,0.9171885245212055,-0.7859196477121224
1612,58688eede74b18caf8bb,0.005474567080834001,0.4545864950846759,-0.4491119280038419
1612,61b702b838bbb7b6e455,0.09245438808479901,0.00039140983295320126,0.09206297825184581
1612,bf811b1346d20ebfc45c,0.7360744197875001,0.513096616893728,0.22297780289377211
1612,ce473e5d50449debc361,0.5007843465076135,5.793981877876251e-06,0.5007785525257357
1612,f946d0ee8b07b6b1b322,0.7713641131712063,0.0084542634775855,0.7629098496936209
1613,173b41169816ad6502a4,0.324928783034079,0.424952859268457,-0.10002407623437798
1613,2616b33e9041e50f67ff,0.704502262293897,0.6529067576639611,0.051595504629935895
1613,73ecc225a17f80c73df7,0.066196798609958,0.46014496037575375,-0.3939481617657957
1613,bf4e18bc242eb2afb2ee,0.003578102491532,0.43434196152253907,-0.43076385903100706
1616,222c0d92fbfb3231435f,0.25890689286707,0.650486113853044,-0.391579220985974
1616,99c3b989616de3cf4bf4,0.7479632725413381,0.153920993581173,0.5940422789601651
1616,a6cacc6d181fc234cdf2,0.000205269853457,0.5786613956028601,-0.5784561257494031
1616,b4f586db38922c632231,0.5506904515761071,0.7793126626846396,-0.22862221110853254
1616,f9df1f1a001c537f5105,0.706777858739272,0.9678816109535501,-0.26110375221427806
1617,465689ed5b6f1d5ec370,0.872417999886495,0.526273825986845,0.34614417389965
1617,659427038305094d9a00,0.935568766521046,0.5100334931484025,0.4255352733726435
1617,8e0a5f393e1b2676977b,0.834807558111574,0.89751223817587,-0.06270468006429597
1617,cb387fe10292b617c433,0.071798341141753,0.4168802516726525,-0.34508191053089954
1618,6090b55d611c9aa25d29,0.0057225259049650005,0.36630396689780703,-0.360581440992842
1618,7c5c08b842de35fae702,0.001288136820952,0.044046306136972004,-0.04275816931602
1618,e8dd04bdbbc07cb53fed,0.0726816169689065,0.3213940771606265,-0.24871246019172
1618,fdb6759d28d08e3b04f2,0.045404664534018,0.5689080979452206,-0.5235034334112025
1619,450effaeb4e3e3af68db,0.24864078260451802,0.39305580670905305,-0.14441502410453502
1619,4a861d73d0bc1c94d4dc,0.5766080104587741,0.07745591517352,0.49915209528525406
1619,5442d0807f5ffea3686d,0.911663566910764,0.6267200437886085,0.28494352312215554
1619,f2d75d0c4b8eba2f7f12,0.7037684736295355,0.18133301945741953,0.522435454172116
1619,f5b39c632bd2324840d7,0.5714877542145801,0.9887094098811275,-0.41722165566654745
1623,5cba173e3f66af4e4485,0.4859566833963752,0.997228256630436,-0.5112715732340608
1624,35b4ea765932e44344bc,0.3649939906857822,0.9833924208731696,-0.6183984301873874
1624,d0f513e266edc0dbb2be,0.143866005007909,0.43415301019197,-0.29028700518406103
1626,173318b49e2309187230,0.28713169591829,0.48031539670779755,-0.19318370078950753
1626,3e01fa384d1a218eb23e,0.43728302355474646,0.3305098280045715,0.10677319555017495
1626,74da722276790a74980b,0.2827419216082052,0.200052577992567,0.0826893436156382
1626,e63e7d3d5cc50977dd0e,0.5154833820817166,0.5850583981308496,-0.06957501604913297
1626,e85640268bb8ccfe104f,0.7060619490791599,0.5058946150987625,0.20016733398039732
1627,05687aeee53525d3ac95,0.5771831829591224,0.6957366604547575,-0.11855347749563505
1628,2917d8673532503e6b11,0.5031766735796611,0.06712661035680301,0.4360500632228581
1630,33198939c160ecb684bb,0.004691764305161,0.0014969486919635,0.0031948156131975
1630,70af82900c29e534e10e,0.032331461529133,0.7841096017129896,-0.7517781401838566
1630,804f4fb69d52d42c2287,0.531559063729504,0.503590680579131,0.027968383150372977
1630,c426476cb1572bbd0f59,0.6551480865211113,0.640228068688661,0.014920017832450339
1630,ed0eb44973b677405ca5,0.3386714733305254,0.2665624094851175,0.07210906384540788
1631,4b474f7183daa15cb9cd,0.40848592255992067,0.1459903549048705,0.26249556765505017
1631,994fad52334e861b3ca8,0.298257492251506,0.009450105856578002,0.288807386394928
1631,b71c45db06a31df25c43,0.23582521586333902,0.4988862857865235,-0.26306106992318445
1631,ed9bcba1bec06b792161,0.3955675417503077,0.9775030682945356,-0.5819355265442279
1631,fb5c0c97a11292e38e44,0.49271763002545166,0.8670659672662666,-0.37434833724081495
1632,2179266fb5b88f6475ca,0.6423289106654843,0.498044595676888,0.14428431498859623
1632,44b90cb19e66599a1eb4,0.9775042340040561,0.030354308175531003,0.9471499258285251
1632,5766340229d079a1fb96,0.005567488873953,0.263459642337376,-0.25789215346342304
1632,7cbf28ea3d118cee3e0a,0.2025060936345705,0.489663754941533,-0.2871576613069625
1633,4b0b8c5d16b75471e59d,0.9907783267433891,0.030721332837907983,0.960056993905481
1633,8ea2e6944ef506ba4af8,0.20153401079750402,0.809160848030509,-0.607626837233005
1633,ca84be3ed5398fd1920f,0.405872481441195,0.50659112442483,-0.10071864298363503
1633,fb0842e240f9f449fcfc,0.38515467272612386,0.621660510325996,-0.23650583759987215
1634,257cbd17f49a3435d8ae,0.64506189817041,0.34627281526333503,0.298789082907075
1634,4149eff3f7db3a8647d1,0.30963853084053,0.5004867663440355,-0.19084823550350555
1634,cc886e26877a4987c9a9,0.04864560679894701,0.13411688787172302,-0.08547128107277602
1635,1f2ba3566087d640de10,0.6281876233796932,0.34908538590653754,0.2791022374731557
1635,32a3a724aa11a60e6ed7,0.503182589285951,0.45973926785890057,0.043443321427050485
1635,a4d69e66156336387b29,0.30318768720792255,0.727324834871798,-0.42413714766387545
1635,affb1a3cf4b8fe83ac27,0.7082117446514005,0.23182311850040052,0.47638862615099997
1636,58312544fcff91e20d80,0.38286204695896636,0.959607146649003,-0.5767450996900367
1636,e6a9eef3afd77e9a0915,0.18488247499569668,0.4835820028651047,-0.298699527869408
1636,e9265d7d6b1a1799412c,0.28791129970421353,0.333023055820863,-0.04511175611664947
1637,13b06448f4f3d32baa6d,0.6103179188173821,0.6556482467045595,-0.04533032788717739
1637,81ba7c0e2ee417b40f44,0.17218624083253672,0.556165538801921,-0.38397929796938424
1638,74c2714eca1a132dd236,0.42983866485169164,0.05639405156310501,0.37344461328858664
1638,ad74681961560b7fcb7e,0.7223841287417574,0.5003768439091025,0.22200728483265486
1639,26bcbe329e4712058966,0.11147981038598251,0.31015058999899153,-0.19867077961300902
1639,5de571de08ebf905fb0d,0.8284830511924851,0.4763328562523218,0.3521501949401633
1639,6d55786318a4db8b46a9,0.6534307165708805,0.2741330062891115,0.37929771028176895
1639,729e3013c2d7bf814a3d,0.8087679120844505,0.38513443495029154,0.423633477134159
1640,1dfdabadb439be73ccbb,0.014191684130422001,0.48234517559506107,-0.4681534914646391
1640,2067cad02e91b519b6ff,0.062289257896215006,0.49901677271596956,-0.4367275148197546
1640,4fc2182c1e5339af49a1,0.25238754881040604,0.0005805149824495001,0.25180703382795655
1640,d3b24001c6b60628f87d,0.382831548449575,0.469636780404776,-0.08680523195520101
1641,455a9a4c620fdd610149,0.011586857065136002,0.0007090242440745001,0.0108778328210615
1641,7b5789ccd4cb2995d435,0.617726607882316,0.4980311425105968,0.11969546537171921
1641,9f66b5f69aebc92d5baa,0.545340223866504,0.024020566428845,0.5213196574376591
1641,c9c52b675204bcc77691,0.33659685750300505,0.5031468984170151,-0.16655004091401004
1642,05824c54c591abdee911,0.311497452850848,0.48311978149722,-0.171622328646372
1642,779295b0a13d10ac2339,0.00043691239375600005,0.561668302031213,-0.561231389637457
1642,9ddc072b8f48267690f1,0.1196905813145635,0.5872849776548765,-0.467594396340313
1642,d609577103a493c67997,0.591679872887373,0.7955833328716291,-0.20390345998425607
1646,7bd0437d986c6b4beca6,0.506178075709613,0.888335822088669,-0.382157746379056
1646,94d02b4179a7018cd1bd,0.7833663563274986,0.06000063188222354,0.7233657244452751
1646,daae1a7dd6217cefab9d,0.000338938640033,0.2666323699242375,-0.2662934312842045
1647,786b829663bec86ce399,0.9155103871801216,0.36897057102455405,0.5465398161555675
1647,a757b0337acdd48be245,0.304486607446665,0.9876407496202335,-0.6831541421735685
1647,ceb688329da7e9cfe7bb,0.34899521673906003,0.501110633066719,-0.15211541632765896
1648,072979dcd89d3ba7175b,0.9436405647781301,0.7228030923962826,0.22083747238184748
1648,36c3f0322d33ddab7818,0.910501223605756,0.46351348137065707,0.44698774223509896
1648,3a58187db1c4df1cbda4,0.7689903396244955,0.651704420504275,0.11728591912022046
1648,4c0d4e1df4a75aefe78c,0.33126530792400105,0.9162665130927985,-0.5850012051687974
1648,994b8e7bf13e9e3abe90,0.11001943761965201,0.527717577060003,-0.417698139440351
1649,4eadeaf7afd2d2665926,0.5312800442427347,0.006433785628969,0.5248462586137657
1649,5bd19a48373995b9c907,0.224075507599479,0.00020034875707483778,0.22387515884240416
1650,99bbea2dffcfd87396da,0.0631031271310945,0.504376233974811,-0.4412731068437165
1650,a56dc318ca3c213dc0ae,0.47767498934476005,0.9995085633290095,-0.5218335739842495
1650,e1102898526729303c48,0.3556836955428624,0.433937886464764,-0.07825419092190161
1650,fe4d0aaafb857cf11236,0.5145834278540045,0.46385421960231604,0.05072920825168842
1651,b9c592c6ca41d5db996c,0.30645952569477003,0.44717517987782957,-0.14071565418305954
1651,e84c4109832e70316ef5,0.473598399407948,0.49688476622725974,-0.023286366819311732
1652,05113cf3465ab8ededec,0.5044449759312123,0.27780751226910705,0.22663746366210524
1652,752a715bcfa9d0a5331f,0.01658095408991646,0.41253099808201005,-0.3959500439920936
1652,ef9c9692ffcbc7eaae99,0.5069475203863415,4.147123812891975e-05,0.5069060491482126
1653,3b23c756a14c5b4e4295,0.100389423058895,0.0031903632301745004,0.0971990598287205
1653,492aa185b9a1c9bb91ec,0.6652635445179695,0.947803790213344,-0.2825402456953745
1653,92490964c8473aad2687,0.12699353024038101,0.645078613396038,-0.5180850831556569
1654,d86444718936d4330a6f,0.41146884950282253,0.027131491059537,0.38433735844328554
1655,39248f3d847d6999a44e,0.0006484564704290001,0.014615469561759117,-0.013967013091330117
1655,76529c997e743e573387,0.584445925321701,0.4340495730146651,0.1503963523070359
1655,8f65f696ceaa985a72ae,0.8558214659955415,0.30231371566236354,0.553507750333178
1655,b10e2907be6e93fd72a4,0.293299971385729,0.5719472663421781,-0.2786472949564491
1656,1251a900f2d16e120db8,0.22832010840075023,0.11258715257620201,0.11573295582454822
1657,eb8274278abf205272bc,0.44939532882103,0.9987126174155805,-0.5493172885945505
1657,fb2cadf23720b7340cfe,0.734549071583375,0.451312233189388,0.283236838393987
1658,12ccf6f2090e9e26557e,0.5579024255043683,0.002456364333067,0.5554460611713014
1658,5ba067dc43e3e8da4f1a,0.49940518768317055,0.8572079134565266,-0.35780272577335603
1659,284b18491aa0904a58a2,0.49484930144932177,0.42378312131230456,0.07106618013701721
1659,3ee6c56290a4f3d7dadc,0.38770065666493053,0.8647284542419926,-0.4770277975770621
1660,552cc196a269bd1274f0,0.6505262920223467,0.4392562120403166,0.21127007998203007
1660,be3f1ae48e4442f47088,0.5296719578315541,7.684210941819611e-06,0.5296642736206123
1660,c1a0f117b06554ee396b,0.319026322536663,0.5969984257566096,-0.27797210321994653
1660,d93b74a45d403bd33ae7,0.363568724096955,0.0403172811133325,0.3232514429836225
1661,b2478c579b720d683a18,0.41886884099373534,0.7658087568657426,-0.34693991587200723
1661,f7187cf6f6d5eef25527,0.34069286724560266,0.8727789542334345,-0.5320860869878319
1662,35eb743c7daf166ff059,0.13422207147084567,0.5003686618214115,-0.36614659035056585
1662,3a4d813ece13f3747b3e,0.3461994060320233,0.32547111312881366,0.020728292903209655
1662,bdab31b060873422197f,0.014451555337303001,0.6656095573613201,-0.6511580020240171
1662,c29d09d75ef6f51d96da,0.5420388165943092,0.4103136115280655,0.1317252050662437
1662,fb524e4c97d04f32994f,0.6690313420331254,0.5997693728844801,0.06926196914864535
1663,0ab80340ecc19d71453d,0.5123122095988398,0.092133392908431,0.4201788166904088
1663,452cf69ed299a38c0855,0.54788996026975,0.046192452543831,0.501697507725919
1663,5ae104bcd7edae7e8800,0.319129320181325,0.46819690115324103,-0.14906758097191602
1663,cf8d81b74911bf199d0d,0.42321572718448747,0.9334702163143661,-0.5102544891298786
1665,572b92f46e17d97a894b,0.6420491161536558,0.8260052566572406,-0.18395614050358478
1665,9b9a6aa4401219ae9d4b,0.3964510593621,0.6592045466023566,-0.2627534872402566
1666,bb6328cdfc259c69dbd3,0.22023514617061268,0.5761275510358765,-0.35589240486526386
1667,1fd4b323f342dc4da816,0.001221627821519,0.181638677720217,-0.180417049898698
1667,4d90f353936e6b43f04e,0.49085167007796476,0.34184699878435953,0.14900467129360523
1667,575555539042a84ef302,0.007486015140425001,0.025685179561248477,-0.018199164420823477
1667,57e6a7c9a8afcb33ca8c,0.008717019553328001,0.2988159600354845,-0.2900989404821565
1669,0a323facb6b120ea6a3c,5.632199064942694e-07,0.8540978277445606,-0.8540972645246541
1669,1c59e4a319b9f0b1b0e2,4.563376657504342e-07,0.5591286280283085,-0.5591281716906428
1669,4e784f12e17acb1baf93,0.006016457126121001,0.4039954888546705,-0.39797903172854954
1669,b084741bd538eb5db573,4.513383093204561e-06,0.0007655116633776284,-0.0007609982802844239
1669,c07c17c21dd93fb7d652,0.11873920953357604,0.1599902504081765,-0.04125104087460045
1671,0c7507d576d09b3ee0df,0.10296798753650951,0.8216591219540441,-0.7186911344175346
1671,46328301ea5676cb89a5,0.9070129350568521,0.38029823013686903,0.5267147049199831
1674,28e2b827ca76eb14aee3,0.43364089702575637,0.38996418976628,0.043676707259476366
1675,42dabd4c9187cab4f31f,0.0307184541035865,0.21665152678854696,-0.18593307268496045
1675,cb9592a2f0c78edc46c8,0.8079557486985061,0.499807622932879,0.30814812576562706
1675,ced5da14b4275cc226b4,0.038539473285311,0.5243072750000285,-0.4857678017147175
1675,d8fe7fa96a763f035eb0,0.012247267000625001,0.127953284494627,-0.115706017494002
1675,dbc7d7e03835cb4aa2ed,0.5583342131100493,0.9068178062621282,-0.3484835931520789
1676,7bf855364ddbba62af0e,0.00018221991987500002,0.8902329209787305,-0.8900507010588555
1676,8d57efd575c1f2247ba4,0.03789677280194154,0.024922028843707002,0.01297474395823454
1676,d752030546b2d83ce86b,0.1306277160524017,0.5357471244143336,-0.4051194083619319
1676,e9b3f04f1285fe770159,0.5433150741566765,0.030194978845899,0.5131200953107775
1677,64ccdbdbecb825a8f551,0.46458017023570053,0.2918419358521535,0.17273823438354702
1677,97f20e0a90469058d7b4,0.22442927326144135,0.9993480547424205,-0.7749187814809791
1677,9fba0ce723f2939dae27,0.4856724556916651,0.574652793528137,-0.08898033783647191
1677,b326595ea4d3bdc76f4a,0.47136635733298254,0.4974207806884486,-0.02605442335546604
1677,b9babcae51108418fbc6,0.0322494265752975,0.5061558344281846,-0.47390640785288707
1678,26f4bc6a1afc99ea62cb,0.152749057959567,0.2441688318675105,-0.09141977390794351
1678,4689b8b097c27f9059d2,0.301663389045539,0.320021824168501,-0.01835843512296198
1678,e95646324515422685cd,0.269418244579025,0.4992934935903705,-0.22987524901134548
1679,3e4a99c410b782b3bc8a,0.10877778036630233,0.09333899077018501,0.015438789596117317
1679,60930aafdb71c8f1c7eb,0.006802541645068,0.4714260052410439,-0.4646234635959759
1679,c0fac92867f933b1f2a5,0.19893790032264905,0.3115154159399123,-0.11257751561726323
1679,e28f1ade4bdad9d7f5bb,0.007172845844679001,0.3721017508772995,-0.36492890503262054
1681,137f47e117c2a59a2e6a,0.0006038421986170001,0.16064321494970202,-0.160039372751085
1681,5df6e30e945e832b21f7,0.737610934052496,0.5588323120664785,0.17877862198601746
1681,7d6e7567734eb0b7d271,0.30330594406754,0.008982913968025,0.29432303009951505
1681,f849e4c91670de64e243,0.33049850836959666,0.983098162863246,-0.6525996544936494
1682,204535fb44a732077ddd,0.9922645918358274,0.9990249943579566,-0.006760402522129172
1682,445194e1c3097cc311c9,0.49396245136826356,0.8692964467898836,-0.37533399542162005
1682,835324419fd01d1b39e3,0.2149545095201276,0.039944151780655475,0.17501035773947213
1682,870759aed6b856b745b8,0.9904245651285154,0.506042710157894,0.48438185497062136
1682,b9fd9411409ac6a0f241,0.2005137515875434,0.5573377578009215,-0.3568240062133782
1683,4588262427c2066f0795,0.5460862966599623,0.00044274192251700004,0.5456435547374453
1683,6b2d35ff088e877d27e0,0.4324747933335196,0.0024248825726540003,0.43004991076086563
1683,d561bfea7b90a3fea667,0.6147725322580114,0.650159835857509,-0.0353873035994976
1684,4778193aa5d2d5934e7f,0.010244424796094,0.14676941658112402,-0.13652499178503003
1684,93a5c49dfcce687538e7,0.11153193056235201,0.351362002155225,-0.239830071592873
1684,b816f610fd4d3d897de1,0.014777406149963002,0.5286472282385926,-0.5138698220886295
1684,b9215fcf5dd76d4510d1,0.3517626039025025,0.6993204263170281,-0.34755782241452554
1684,c7c9ad9236e59d6bcc9e,0.14127517420138802,0.49396960518455757,-0.35269443098316955
1685,0f26842e78ae03b5d455,0.440501702954584,0.428502149176349,0.011999553778235028
1685,1304aa3d640325910d1a,0.062636075834647,0.5021111097183341,-0.439475033883687
1685,35a078e5a6e128cf7f39,0.993546090036123,0.5211803890072011,0.47236570102892195
1685,45b8b2c444d6d4127a1b,0.213944033280684,0.7469084536963055,-0.5329644204156215
1685,b428e8fda96a61a7673a,0.9286564518080703,0.5818200512693446,0.3468364005387258
1686,e463ab9f554a626ec651,0.8611601598423708,0.33081226789704354,0.5303478919453273
1687,ac5e6c956a8ecb67cac7,0.266163001433436,0.132194891494013,0.133968109939423
1689,879b93b7f39ed60531d1,0.142184466375004,0.490088352250796,-0.347903885875792
1689,b4c423c7616bd7bc8f07,0.380224628924061,0.715599165988676,-0.335374537064615
1689,ebf7310370f6b2f08330,0.5084519211923728,0.193561717103223,0.3148902040891498
1689,ee9d09b14088ce292e8c,0.6208457302651661,0.553726058749738,0.06711967151542808
1689,efca43d1c2fdff14aaa0,0.3313449378561707,0.09988579660161301,0.2314591412545577
1690,284d021893f138c31876,0.9024060126129797,0.4032545698881166,0.4991514427248631
1690,8373c24fc67dafc3dd3c,0.11792540378747701,0.5697820738492816,-0.4518566700618046
1690,8bb85be457cd565ca959,0.0035926703605780002,0.0205930247367265,-0.0170003543761485
1690,c04aa0837e0259fac9e0,0.891766071541898,0.750791733517659,0.14097433802423898
1690,c53e230eaf4e61a985c0,0.8352274273350727,0.8176208220285606,0.017606605306512146
1691,381f23d11e84d6cf49a0,0.5090394731828336,0.273740570544591,0.2352989026382426
1691,5c21f8fb5eff3c6c75b9,0.2980933457400388,0.3223716663422486,-0.024278320602209802
1691,6bf0e55fdd9fd56a652b,0.108278780072836,0.7287944102418441,-0.6205156301690081
1691,ca259473aad842e99247,0.554401759846292,0.8491044768223951,-0.29470271697610306
1691,e32877472a430c0d3633,0.004989943364028,0.657143953697474,-0.652154010333446
1692,8817dd826468c151d3bf,0.8169115383751748,0.0009684184785730001,0.8159431198966018
1692,b14464685a31bd4b7ca3,0.225016577536153,0.41406945098698256,-0.18905287345082955
1692,c89a7ac3713ac00c93f6,0.6296032398418804,0.517456904636606,0.1121463352052744
1694,242a36fd2b8e3a41c752,0.004350473744831,0.002319258886973,0.0020312148578580003
1694,8f28434d793fee45d3a4,0.408615305307852,0.5019868646661706,-0.09337155935831859
1694,d61b23eb2ef2fd7aaf00,0.0020005005536,0.1202751908657295,-0.1182746903121295
1695,0dff428b8b3fbf3dffcb,0.036562035631069,0.48658025085110806,-0.45001821522003904
1695,37446f68e75be55b43cf,0.9936216437002291,0.48120624523563205,0.512415398464597
1695,d53b2a0c978fd7a81bca,0.025860057763756,0.17803609978773252,-0.15217604202397653
1695,ec62469b3be4b783ea81,0.6303782764992844,0.49850926538808854,0.1318690111111958
1696,15dc3ff84a7fecb89836,0.9360742462371876,0.9975199246762376,-0.06144567843905002
1696,85159a09f6d60bde04b1,0.042881351157055006,0.18773015180766203,-0.144848800650607
1696,bcabd529f0ae2e3a5e05,0.5102562317808851,0.46665023767724656,0.04360599410363852
1696,f91d54b523e684443851,0.627517799898779,0.1179499330000905,0.5095678668986885
1697,8c9b6393d2e4308d13e7,0.5093797923543977,0.8183188638034016,-0.3089390714490039
1697,b1e9b35533d71dcf75a9,0.7519191661626271,0.9388324565215436,-0.18691329035891646
1699,21a4956b07b3e475f81d,0.502975377087011,0.6678619682284476,-0.16488659114143656
1699,8882520bcf238b4de980,0.503738661203731,0.22592923955915,0.277809421644581
1699,96d1806335515280fb9b,0.36727588837841907,0.128724502805945,0.23855138557247407
1699,ac89db35d7e9cf4745dc,0.45968846171279754,0.6228537395995221,-0.16316527788672452
1700,69763ae8e93c365d8cb4,0.2121287321153805,0.037322955793328505,0.174805776322052
1700,e3ac952df89a537cf3ff,0.14978684234842501,0.1780848645346015,-0.028298022186176497
1700,fa1994e74f12c4ce76ec,0.39235046159380504,0.700752385396322,-0.30840192380251696
1700,fdc9a7788abed8877852,0.7734863729734097,0.30543362278401753,0.4680527501893922
1701,30c1ffe8ec5347026f16,0.22012951637407702,0.4765666610565805,-0.2564371446825035
1701,846a18a9adb8e74f7fee,0.0005638704962970001,0.47372592020561005,-0.473162049709313
1701,84e7aff905fb3405d7dd,0.39588176874020603,0.41137904663769803,-0.015497277897492001
1701,aad1c2216a42a277518c,0.149028638619898,0.582963950616769,-0.43393531199687096
1701,f2297b6d70a00c91483c,0.456732484942349,0.55175301193212,-0.09502052698977098
1702,06dc5843d53f58bbf8c2,0.1357825580641955,0.018267387328363003,0.11751517073583251
1702,1d853bc384739af79d8a,2.4023244508572413e-05,0.19247648903578,-0.19245246579127143
1702,671c6ab867c924656c8c,0.37744272436843,0.8484541537968581,-0.47101142942842805
1702,ba59c41b028568df5b04,0.000530283672971,0.031978711935109504,-0.031448428262138506
1703,08b0be0cf4bb38be8b49,0.031045601312426,0.04880834886218301,-0.017762747549757006
1703,15628bb3984abbf54c78,0.964558383138797,0.6290592210272905,0.33549916211150654
1703,50ab5af25e48978ba562,0.002642816811207,0.363059826549581,-0.36041700973837404
1703,800439a15378ac76eea8,0.980808622408549,0.31200909571137003,0.668799526697179
1703,ccf46331d7cbbb00f6aa,0.9891462391253271,0.44576966242081556,0.5433765767045116
1704,0dc89a2317aea9fa23a6,0.022070537184105003,0.5608807419127085,-0.5388102047286035
1704,17f30f85b704f202462e,0.935229147256537,0.3561671788384352,0.5790619684181019
1704,a1761a57f7bfc90c6234,0.097348681523581,0.6082982349467876,-0.5109495534232066
1704,f314a763d2a077e5d946,0.6484309950311203,0.24759164747765453,0.40083934755346584
1705,44a7f064457cba93817a,0.15285142249029676,0.46335637605891355,-0.3105049535686168
1705,c869279f5452dfc13a55,0.6896728275283286,0.9683029883467671,-0.2786301608184385
1705,de5b444fdb00089af24a,0.063604072753403,0.5076526767886955,-0.4440486040352925
1705,ee2c4a00803041a87ae9,0.163074055210012,0.14819552215499754,0.014878533055014465
1706,34e8e008b22c2f66a033,0.5707434844069825,0.5677869557360006,0.0029565286709819505
1706,928ad80ab376edcdef2a,0.4462371142651467,0.46539206370573605,-0.019154949440589375
1706,a8ad7434b16087912870,0.34780427128122254,0.033813694066950506,0.31399057721427204
1706,b207d0521fc38ba9737c,0.23186909960096633,0.4848365600318195,-0.25296746043085316
1706,e44953168c1f530da8c6,0.258765476806243,0.358176126152565,-0.09941064934632199
1707,3ea045f774897b765fbe,0.003783405327816,0.13101276098015252,-0.1272293556523365
1707,579f3b0226ecfb740e4d,0.8617252146762691,0.5298003053836655,0.33192490929260354
1707,5e9814c701aebabccd41,0.6850115252361973,0.5100358114085091,0.17497571382768828
1707,7402f2cb83e768d7f831,0.043028621903180006,0.017269076152913003,0.025759545750267003
1707,ddc8801f316446642498,0.4786705676267138,0.507272832195755,-0.028602264569041247
1708,11cb3d514eff63f3d3c9,0.9869907966463921,0.9636308725693796,0.023359924077012484
1708,4389c1890d5fb09b56e8,0.003888424245334,0.6468548068053825,-0.6429663825600486
1708,f0fe9597526bcebd5981,0.360220816854999,0.972491669716989,-0.61227085286199
1708,f8c7d47ba74ee89524e4,0.7287802027778325,0.4993526696843851,0.22942753309344743
1709,29fae5f55717654e3a1e,0.204507828305449,0.017796605206774,0.186711223098675
1709,4132a6e36482f103f2c4,0.00037281526171300004,0.746265751237956,-0.7458929359762431
1709,6c22629785036512acbf,0.021478834406723,0.040499799526224504,-0.019020965119501503
1709,c0ac745d0a03202701fd,0.535417111099401,0.1164093483415585,0.4190077627578426
1709,e6810a5afd109edf07d1,0.28312641041827,0.7899420874036326,-0.5068156769853626
1710,133b828624d6e313dc2d,0.33619736480678303,0.5710872204396971,-0.23488985563291404
1710,721b9cf7f77e51d0d368,0.0017323535151620001,0.23003136051389902,-0.22829900699873704
1710,73460d3f7485ebd134bb,0.07050385238735,0.4100801511383201,-0.33957629875097006
1710,eb91bf6e94ad096bf812,0.852482182884692,0.8968108569340556,-0.04432867404936358
1710,fc8e1c87cd4c74b0d332,0.31083937921640403,0.8195498517544451,-0.508710472538041
1711,1f4a958369ad19557db6,0.15736114761209302,0.43787300564511605,-0.28051185803302303
1711,7ccd6d6e212f1975f58e,0.694647762448379,0.9977562838711286,-0.3031085214227496
1711,98f763279537e80e549f,0.000150317017627,0.43017933154955007,-0.43002901453192305
1712,2a1a99efd65e3cb56ee7,0.888201737189643,0.5010007886489586,0.38720094854068443
1712,9e2e3e2cdfad9a16d478,0.143348317704298,0.026294960431243502,0.1170533572730545
1712,d938138a66abc5131364,0.0033810966543810004,0.8391615131818401,-0.835780416527459
1712,fb0bbce34072d469bc3c,0.207225557404411,0.16770663103664052,0.03951892636777049
1713,430d82200e8ae0d0b23a,0.32195616318034803,0.2789419908007165,0.04301417237963151
1713,cbc8eccd675701131c55,0.2564085372193015,0.9993730548173485,-0.742964517598047
1714,0fbf671aad929f0eea89,0.002033080625261,0.037551832603189006,-0.035518751977928004
1714,2371f9642104408f125a,0.8848941667406406,0.5090567616595315,0.3758374050811091
1714,79dd22cf46a404d151ca,0.5906362447819901,0.9894715212703561,-0.39883527648836603
1714,d73116d086b0b2e61f59,0.0015508515753320001,0.9622011439621886,-0.9606502923868566
1715,17582900f87ca4371177,0.011283862450256001,0.8809005440281366,-0.8696166815778805
1715,49a49a0059d6d681e009,0.154115834392814,0.4970644571485625,-0.3429486227557485
1715,951c2afd556dc7f14fbb,0.34033155873345505,0.0083086283513975,0.33202293038205755
1715,dd52f712fdea69d30c84,0.9920133811647951,0.6957723340162295,0.2962410471485656
1716,3cf3654eada96e9375a4,0.9624912644343231,0.49670356730434806,0.46578769712997503
1716,4c5a57d3685d41e5d3e2,0.338289619776211,0.9571666195674156,-0.6188769997912045
1716,51b521244e5f916f8fe8,0.903693685482832,0.47089667321440903,0.432797012268423
1716,5fe61057b1b50cc8b488,0.9825620757229251,0.4656490925444835,0.5169129831784416
1717,04e7760d6f46aea2ba39,0.40371804174419074,0.7468380476792986,-0.3431200059351079
1717,5f41f37d25bf37f0d00f,0.0550954518445995,0.6990286005513301,-0.6439331487067306
1717,bd6a06ff6cfee9bfadc8,0.0620474373390838,0.5918821745261735,-0.5298347371870897
1719,049d0c320e3421a2b8c4,0.003895962120206797,0.3408639332422405,-0.3369679711220337
1719,9d0d8d61a33fa617aff1,0.0025885317584490005,0.48550953785882056,-0.4829210061003716
1720,081b9d8b5debf1fc9750,0.714052188796891,0.4972740174238843,0.21677817137300676
1720,6c6af9fbcaee29f5ebec,0.4780658134512953,0.038530625897342005,0.43953518755395327
1720,b5819fe5b3c9d1b0fb8f,0.33391613956692606,0.41559740563212555,-0.08168126606519949
1720,fe4f76f4e5a39cc91f73,0.33340021558715954,0.9572616878599025,-0.6238614722727429
1721,69abb9fc7f5f9f67c88d,0.086748815805275,0.5014807038576455,-0.41473188805237055
1721,6e0a047110b7098c9289,0.029610747835948,0.6688183278315945,-0.6392075799956465
1721,7561c2e8cc46c82d6965,0.12238206135899002,0.9955931161717676,-0.8732110548127776
1722,42a0d1e6f0ad753731de,0.1113563643960395,0.5061036529816091,-0.39474728858556957
1722,64cce77098fbed9a2d08,0.39824102049047655,0.49258882943264604,-0.09434780894216949
1722,ab67eb63a22d1c6966a1,0.046505692956492,0.16201068619225403,-0.11550499323576204
1722,d35ed55542c89d7f8e01,0.0014346991483260001,0.46115203961170304,-0.45971734046337703
1723,2037b27497fc36974e64,0.025789562503647487,8.934087458959693e-05,0.02570022162905789
1723,24715b193230e52cfac5,0.21274934914515353,0.837028378293261,-0.6242790291481075
1723,6c62d56d7d7073484484,0.435503017713086,0.06942750714693201,0.366075510566154
1723,71112237b7bdfc04c814,0.0081013004510565,0.0006124286723630001,0.0074888717786935
1724,37d0ace5c2f17862424b,0.4211476229150666,0.0006590561124925001,0.42048856680257407
1724,83ab934617f1071a3f4f,0.654035360226299,0.9596509771568751,-0.30561561693057604
1724,cdc0521a49360fc7cc44,0.06522509616512026,0.49710246468207453,-0.43187736851695424
1724,e69050635c42200875da,0.22346646812902052,0.9747601228058711,-0.7512936546768506
1724,f0528ea857256f99c298,0.07160663185424251,0.502145139339777,-0.43053850748553446
1725,30da94764fb6f7764dc8,0.00029942216898700005,0.16639693985127152,-0.1660975176822845
1725,465d0586223af0238bf8,6.618835856810534e-08,0.493664398611293,-0.49366433242293445
1726,076bd1f49a30d63d8577,0.5841645051515687,0.11833007145189602,0.4658344336996727
1726,1ad5c44542886c612be6,0.5291450180750871,0.4957631015277216,0.0333819165473655
1726,25cc065957b72fa5a029,0.21936455901558852,0.7168949816514141,-0.4975304226358256
1726,2d5e1437be18cb71bfaa,0.3888958925476494,0.526274672933367,-0.13737878038571766
1727,14f4ad8a956f3930f87c,0.5591720688591421,0.8509177968191606,-0.2917457279600185
1727,3ff2c599b627b21522f3,0.0424376374180865,0.5801003478782015,-0.537662710460115
1727,8b3e3b5b09d49aa2a900,0.549702316750818,0.894334123540542,-0.34463180678972394
1727,ace08b08346ab47527d8,0.26392410387584103,0.4375893361895395,-0.17366523231369846
1727,ecfe1bdc7996988f609b,0.1492317959428405,0.434632884353646,-0.28540108841080547
1728,599ea2a39b00540bb9e7,0.052906888080793815,0.016779459621375004,0.03612742845941881
1729,4f73b24b8c0103e492fa,0.24020424678014934,0.49746312728975756,-0.2572588805096082
1729,b1f64987c0625e7b6095,0.4606413239026206,0.9831944733388206,-0.5225531494362
1729,c4d112a55ead07eacd31,0.12769502438083452,0.8881858361012736,-0.760490811720439
1729,ece8216e0bd1e54cdc12,0.0252611806822075,0.1288189400839555,-0.103557759401748
1730,2820a5a06209a01ef041,0.140141449514103,0.2981416999471195,-0.15800025043301646
1730,2c79bc7cb486c6d21b59,0.2544212086984354,0.30995422607362255,-0.05553301737518718
1730,92e70aafe2fbbda81b85,0.9118584337715084,0.4197909856815155,0.4920674480899929
1730,d127a9305bd9fae05bcb,0.18694236672898779,0.7106613499736205,-0.5237189832446327
1730,e0dd6795b4ba3f626ae3,0.28721685329062835,0.9982409881325581,-0.7110241348419297
1731,3d56f080b820a1768f7c,0.11900372549380649,0.420546605769794,-0.3015428802759875
1731,4604bdaeabeb47c22259,0.3322749295079024,0.0431879026437715,0.2890870268641309
1731,a68c2018795b316c51b1,0.39363044913916706,0.24291652118520904,0.15071392795395802
1731,c485a98075f2b2436b9a,0.07016693083110133,0.504305706214186,-0.4341387753830847
1732,36271b9a6992537cbaad,0.07284439698331734,0.47415497108281174,-0.4013105740994944
1732,51473c88a52e4f7371db,0.07811039118600334,0.4984050076695771,-0.4202946164835738
1732,9eefdd12f30c5a7af595,0.4700334516564958,0.362128777508166,0.10790467414832977
1732,d2097e0869247bf7f853,0.03161453401742276,0.00021185089992057084,0.03140268311750219
1732,e5ed74c968aba7793419,0.17934845812220235,0.4316932054585284,-0.25234474733632606
1733,3058901d2badf73349bb,0.19604316771119704,0.3362002708221056,-0.14015710311090854
1733,510fa28226c411ad6d94,0.007064089353734417,0.4547558451986925,-0.4476917558449581
1733,c579f29d67dbade5714e,0.7752594191949431,0.017706680833819502,0.7575527383611236
1734,1041e7ffc2cbb4d3fbf6,0.42035484000961404,0.692493628187496,-0.272138788177882
1734,6546e844b71757738df9,0.11664311218821144,0.5421553207348566,-0.4255122085466452
1734,9c1fcf830c049bb04fe6,0.0802164398448055,0.026318297055961,0.0538981427888445
1734,b500179d57e00e800f5d,0.32690646146846836,0.41980919286823154,-0.09290273139976318
1735,6368cd3f08423ad2dcb7,0.2960261971617543,0.445370709910917,-0.14934451274916266
1735,69f6aad3c6ff0dad900b,0.004839992024804512,0.13589305670093252,-0.131053064676128
1735,d6ae3a898026fa5a7f5c,0.335735191489375,0.045458714774402505,0.2902764767149725
1735,e340dd5235de38385f72,0.306820834120052,0.9709522391482481,-0.6641314050281961
1736,308f9487b31cc078b758,0.3822825218971095,0.9846590739627611,-0.6023765520656517
1736,88c14dcc2a9d82b84455,0.3594894837373335,0.311905754898602,0.04758372883873152
1736,9c6fad2dd0e0917d22d6,0.33570318185629,0.359118520966397,-0.023415339110107014
1736,dcb3ffad5fe6044c51a3,0.185010163458372,0.4710598827661545,-0.2860497193077825
1736,dde7edfa785ddb7c34bb,0.01011332395536,0.5857847099862871,-0.575671386030927
1737,1d21d0b44b62c3836934,0.09642702697828201,0.502430413307956,-0.40600338632967403
1737,27198004a48eea1ac0a1,0.004271189158921,0.06280904981809951,-0.05853786065917851
1737,4088c2af4165f7810006,0.22296927879997,0.7832151794666251,-0.5602459006666551
1738,113edd3a9c01826a4664,0.056518266283317506,0.015276303991348501,0.041241962291969005
1738,48413cf68e76117d3467,0.6159231199352225,0.9742848159895185,-0.358361696054296
1738,4d291ba6440bb5235cc6,0.25302583420644453,0.5807193389028821,-0.32769350469643754
1738,6adae7b4b26350f30743,0.04663873669073806,0.608541809862949,-0.561903073172211
1739,272b7989be3062aa1b22,0.48642280517607905,0.29806199789104154,0.1883608072850375
1739,7b03a80e8a83b543818d,0.198577381939385,0.9803311265475441,-0.781753744608159
1739,8c98569f6984c744b146,0.41186316826426556,0.536863735751576,-0.12500056748731042
1739,9b9459c0acea42c50a22,0.6456092521958375,0.48531130584194404,0.1602979463538935
1740,4dcf1eafae8bb960fefb,0.25058342699309377,0.4277321856245391,-0.1771487586314453
1740,e8a41b6526971c1170cd,0.3755063959114848,0.3881534485732436,-0.012647052661758751
1740,ef57c1f6135e2daab133,0.0340190059428625,0.5550890348881715,-0.521070028945309
1740,f0c7da3245283760f029,0.21839179321704502,0.38308895000157855,-0.16469715678453353
1741,029a86ed135f23719426,0.093707089248937,0.4714959052447101,-0.3777888159957731
1741,4aa48cc711f4a120edcd,0.26964277495741634,0.19853708270905351,0.07110569224836283
1741,bd62180eb13e387697f3,0.7508371061106915,0.49815504905904906,0.2526820570516425
1741,c7c0a14210d0476a3359,0.968310300577599,0.47034266268915353,0.4979676378884455
1742,62a5be629dffa054cdaf,0.24819769854615154,0.20342370406914453,0.044773994477007
1742,7d7cf6bf7f0de9ce3bb6,0.4852551510742785,0.3695963448382146,0.11565880623606395
1742,e90f8493f3a70d08fc2a,0.1386737246654675,0.7367631419012101,-0.5980894172357425
1743,4676201da8aa981c6494,0.000234054865185,0.089349663280808,-0.089115608415623
1743,9602d6dad3e5febade61,0.4973871170936521,0.016185406749739225,0.48120171034391285
1743,dc6b265229482e35fc19,0.019742492989564,0.591006497944444,-0.5712640049548801
1744,2ccb59db8339a4b5db34,0.7486152381111251,0.427226012259585,0.32138922585154006
1744,38a2df680c5400888c93,0.17437826118968552,0.533475581529617,-0.3590973203399315
1744,71bdee9fad4c83520c8b,0.301894190618664,0.069509405520197,0.232384785098467
1744,71c4ba02ff35e5693baa,0.011665934915992,0.00204862253089,0.009617312385102
1744,c32db9bbaf82b9d06206,0.080353316641725,1.4308189572594045e-05,0.0803390084521524
1745,5dfa6cf2d3eb45fc5289,0.0037803216284990004,0.8480241543313671,-0.8442438327028682
1745,7e9ac796ff3d52f4101d,0.8436888839718814,0.8037404322767531,0.039948451695128284
1745,d8fc8cd7d13f886062b6,0.5208910516549871,0.6376691569082535,-0.11677810525326648
1746,67acff3c494608e27227,0.48034268993390206,0.272383291223062,0.20795939871084007
1746,ae32bb45e0d21bfaa4f5,0.002567708098183,0.48954103711434005,-0.48697332901615703
1746,f1c04eb367b0984a3cff,0.022992298323796,0.9005236268059611,-0.8775313284821651
1747,10054cee2e450b5eb8de,0.649933893766077,0.5588576310492875,0.09107626271678948
1747,154c532fd14daf1c1e70,0.041827731507695004,0.039414337043074,0.0024133944646210007
1747,c0688ef9097f2cb118df,0.07782498531770801,0.48284102718588273,-0.40501604186817475
1748,0ad082b0dc568b4b18e5,0.712312312594885,0.000258435602159247,0.7120538769927258
1748,3f35788540ab8b32e521,0.007520053563198001,0.499312603769128,-0.49179255020593
1748,4260150cfa79cf061fda,0.354381954469538,0.676917281300051,-0.322535326830513
1748,a8cfef2be1b35795b473,0.0008551322412000001,0.354121466705304,-0.353266334464104
1748,f5c4197b08916c8d9999,0.43221010959567,0.0180545812728795,0.4141555283227905
1749,2343099aa5e6e4385663,0.06483325312797701,0.34702017303830157,-0.2821869199103246
1749,530c4ecca0c8d286b37d,0.0006340318130050001,0.0105145035238335,-0.0098804717108285
1749,87fbabbd90b570a8028d,0.000506360544279,0.04393525611980606,-0.04342889557552706
1749,ca16f46cfdce8a0875bc,0.006837668127612001,0.05355112517658148,-0.046713457048969474
1750,743b0128acf7ddcbd8a4,0.7433504695409701,0.49957203489664104,0.24377843464432902
1750,9839fade893ea668a9b4,0.322116445052677,0.4720984555118041,-0.14998201045912712
1750,a3a0aee12369d2df704a,0.596356288947823,0.5872562679988791,0.00910002094894391
1750,aa919684ebaccd014104,0.7428983366219796,0.330123591262651,0.41277474535932857
1750,fb4a074fc02bb85a837a,0.9506505571003271,0.48317882883966057,0.4674717282606665
1751,2ed6e4338def475486a3,0.550078565037822,0.293807264719712,0.25627130031811
1751,3be522fcafc676ae2454,0.5704716813510005,0.2406704822926935,0.32980119905830696
1751,76df68c2456592e03ead,0.09208259348070008,0.11657361897955151,-0.024491025498851432
1751,b6aac8c1a96dac29f12f,0.22884630100504152,0.28315446601821853,-0.05430816501317701
1751,e64647f1d99bc905ff0a,0.2711505648017085,0.482446448339972,-0.2112958835382635
1752,0feb718866e7fc404e8c,0.006906000483550501,0.0028430831750887522,0.004062917308461748
1752,1fc8a7b8837cbef41405,0.42758279004034905,0.6339592218117045,-0.20637643177135545
1752,9d8546f3177e6b1f7495,0.025697371157179003,0.345323358730151,-0.319625987572972
1752,cb0f87fdb64cd7fa1703,0.440842006391424,0.0073877935446880864,0.4334542128467359
1753,50f8cf993fc8ae8522b8,0.12339229434112452,0.0036595756694630006,0.11973271867166152
1753,b52f9bf9b3ea851b9a78,0.457801262351346,0.9244713349334756,-0.46667007258212956
1754,4baaef3028c914459456,0.42279493726778217,0.5266567298400291,-0.10386179257224692
1754,64beb091ed9b0bc88e81,0.5558224706206231,0.39728706095390853,0.15853540966671453
1755,1939b84f0db8fa4949d3,0.9000505545721661,0.4916822257783,0.4083683287938661
1756,28b21a4cfb437bc34659,0.7411855488565534,0.50928611605757,0.2318994327989834
1756,3c764e51e6afb493aca0,0.6575114924190696,0.467264657133583,0.19024683528548658
1756,456120fa284a00c9212e,0.745215748696861,0.9809247584681287,-0.23570900977126763
1756,a5da1eae90949306e58d,0.253564672657881,0.005489668596951,0.24807500406093003
1756,ced21b6df3cd8b651ebc,0.22302143666555752,0.7031849078433661,-0.48016347117780855
1757,37829938d1e2748e9406,0.8209911897325071,0.23769759417632552,0.5832935955561815
1757,a50c863d6cbc7ac9d5e9,0.0008840787862840001,0.00977693753274166,-0.00889285874645766
1757,c0a0194096db813de832,0.013304207123233,0.48058342764052653,-0.46727922051729354
1757,ca1f34489f1b2eee4515,3.301863265373452e-05,0.18794220881436352,-0.1879091901817098
1757,fe328adb6915e51e311d,0.26390056771721404,0.759786655282243,-0.49588608756502894
1758,137f0d3484457f054162,0.494419920476362,0.08754770055406615,0.4068722199222959
1758,2078d6da5c45833c07f0,0.40318925334744304,0.365969004404758,0.03722024894268505
1758,687393d08ec0d24ed886,1.583388036507375e-06,0.27757132759144154,-0.277569744203405
1758,abbe3e566ac82823397a,0.23577667047566403,0.00036430880889650006,0.23541236166676752
1758,f944abd2876ca728db1c,0.0055479283438160006,0.5871644065646601,-0.5816164782208441
1759,679d859141b7ea859695,0.43036963785624727,0.40550117395196855,0.024868463904278715
1762,7536d68be6a4ec6a7376,0.07221312581165101,0.14616524213429102,-0.07395211632264001
1764,1b6bf63034c9c7f59e16,0.7298773198808888,0.10349382488250201,0.6263834949983867
1764,d3bcc52498a9109beeb8,0.6055039619144017,0.189716909823224,0.4157870520911777
1764,dd482bb41f54e57bf52a,0.38004066385028584,0.96830210673413,-0.5882614428838442
1766,b7f60ca272c730aca9a8,0.5637410343845097,0.4977173093563355,0.06602372502817422
1766,dded557011c41da8477a,0.6127329515370461,0.9675637071201766,-0.3548307555831305
1767,bc325917e477a5357c03,0.5916216854993958,0.010517788747579,0.5811038967518167
1768,52b0bb89356e2f81463d,0.09938020970797301,0.291992959546968,-0.192612749838995
1771,9e242b8fd1fe4e1c4b78,0.6257913447240551,0.41027114271845955,0.21552020200559552
1772,1b0c2ae5417e61aa5232,0.27453233637087004,0.05377490913287751,0.22075742723799252
1772,29c9eae82d60f6151d0f,0.00492369404781,0.9048946965520885,-0.8999710025042785
1772,6c7339e26fbb5e95d0ff,0.0020705881518810003,0.6754172220561585,-0.6733466339042775
1773,7c543cc245007f293ea0,0.3334876358303375,0.491891597504782,-0.15840396167444448
1773,b9884c09cea58e763c6c,0.2656285958054507,0.3809942609900725,-0.11536566518462182
1773,ea47ff32a020690d2292,0.16580870408231968,0.5765047669704491,-0.4106960628881294
1773,ebd08d165682ce598443,0.146905348799265,0.0007488468721700261,0.14615650192709498
1774,7f38fa0bafed813d7a0a,0.120094531966124,0.295946837392334,-0.17585230542621
1774,c1289f325bb72eec1e3c,0.000545605865541,0.093987730514295,-0.093442124648754
1774,e35f2e43704e3a568a11,0.12212962009243901,0.49566600847645853,-0.37353638838401954
1775,457b28011b91b932dc87,0.019894819002747,0.8158952814950325,-0.7960004624922855
1775,a28c891b73eb720d848a,0.4819681308361203,0.38421055632452406,0.09775757451159622
1775,b0585ee585d6dcd85baf,0.4738014610686432,0.678043070586781,-0.20424160951813786
1775,f2de3040c565c29b9c6e,0.014792716198061705,0.00028364986860184287,0.014509066329459861
1775,fbbe96507486db998ff7,0.0008342743525430001,0.9114104944429091,-0.9105762200903661
1776,0324a9355ee46f3d5ecf,0.17677906017657902,0.037929596106162006,0.138849464070417
1776,1d3312b7999c048e84c8,0.6895648017138111,0.6037779822361865,0.08578681947762457
1776,3075332998710608bf94,0.9950653239808396,0.9428033177968766,0.05226200618396293
1776,86704fc6e8c1b8876e16,0.03757000040319751,0.42452031021355957,-0.38695030981036205
1776,d8d7b06ce4cbdb1d555c,0.9113733927772505,0.0016348182284955002,0.909738574548755
1777,448619d8f7e6280719e3,0.05548465575276,0.295171953361047,-0.239687297608287
1777,634d3ac98c2127388a5b,0.007445101821373001,0.1483767003884285,-0.1409315985670555
1777,c3c651e344de1e271adf,0.19407691349192302,0.5018454067619985,-0.3077684932700755
1777,cba176892cc30609974a,0.054859699312194005,0.23323032800822902,-0.178370628696035
1777,daeac4fea7522beea510,0.0027478279304750004,0.4988795090592805,-0.4961316811288055
1780,71ba2483944f81b7220c,0.736455198163085,0.028597131287119288,0.7078580668759658
1780,8a2b75e8b8f1c3644a37,0.00016425545862181124,0.30418019631834703,-0.3040159408597252
1782,62510f2cf76215bad904,0.8255632664628966,0.0020807482467235,0.823482518216173
1782,ad845541b70e71a3fdb6,0.926913282809493,0.37067660086702053,0.5562366819424724
1782,ff1215cabbba7b097142,0.45157110053675154,0.9839688668607061,-0.5323977663239545
1783,1847b0aaab07ce62776d,0.49261540613102156,0.9580876439057046,-0.465472237774683
1784,2a558d57b680d792d10e,0.095480936017274,0.6458023246230156,-0.5503213886057415
1784,40bc7a6019e9d368a556,0.6189362678637458,0.9994681490520891,-0.38053188118834336
1784,778f4ed8e4d7169243e3,0.29708813142764623,0.15564805355715602,0.1414400778704902
1784,9bbb852ed64a0ba09e36,0.6976380069002746,2.044765752473677e-06,0.6976359621345221
1785,5c6392cdf72177d39167,0.2170444044029457,0.9837579253659796,-0.7667135209630339
1785,c9a622126c1348bb892e,0.00709209877112,0.002772552067697857,0.004319546703422143
1785,cbed5df0a242cf2d0f90,0.3160915101780427,0.24603875155666802,0.0700527586213747
1785,d50023ece4b84ed5112c,0.0005754130004645001,0.9258284307553755,-0.925253017754911
1785,fd461db6d23a98ad60de,0.5179903268304136,0.016751476622568002,0.5012388502078455
1786,035fb0d15daecb7a4c84,0.032884786762774,0.5548737645070321,-0.5219889777442581
1786,b8ceb0384395aecb4faa,0.5523173392721316,0.7365494796055401,-0.1842321403334085
1786,bfb59ab1f6a9f288315d,0.08796230920680935,0.3384241763030935,-0.25046186709628415
1786,d0e3e3417964075cdb84,0.030771394894888,0.49780884248720153,-0.4670374475923135
1786,e53547a0bda4d0b1e643,0.10698745802854133,0.494774463428286,-0.3877870053997447
1787,15aee3e5cd65cdd67d8d,0.09670204330894934,0.511370525154221,-0.41466848184527166
1787,186fc53e8b72974d61e4,0.4656738028017687,0.9775716510153981,-0.5118978482136294
1787,7e2e109959f53ecbad8d,0.26380464186450303,0.7078479465160971,-0.44404330465159403
1787,c598caf2927ba45e6b32,0.4366264090810925,0.4783770142234601,-0.04175060514236756
1787,cacb5f1aa232b6d60a1c,0.013567027971574,0.30944481967527354,-0.29587779170369954
1788,5aaf2b0195ca7e153f8d,0.52602951755264,0.8875667215759225,-0.3615372040232825
1788,61b478309d1e34892186,0.03541984582288324,0.7627430252096996,-0.7273231793868163
1788,c97f3d0fd21fd32f26b8,0.26563397975472164,0.5051507207857625,-0.23951674103104087
1788,c9bf01ad4a166d24bc80,0.6382578119945901,0.500570934901537,0.13768687709305305
1788,de6200f213308af41b31,0.37524913957472955,0.1907739062439105,0.18447523333081906
1789,193a8449dfd41f0efc1e,0.5611393854349357,0.6680255307916471,-0.10688614535671137
1789,372990625402270f1c5e,0.5656107758777124,0.9808277678224381,-0.4152169919447257
1789,9916cb6c0b11b22faa09,0.09066334433193146,0.9114392598392895,-0.8207759155073581
1789,b9713fe6322747609fc0,0.657863213308278,0.33110679872227955,0.32675641458599847
1789,f9c42a6e5e20fa940caf,0.013532042312702252,0.3882427299265445,-0.37471068761384224
1791,2b826432c5e1e1cccfdf,3.605996842609323e-10,0.8524651280083666,-0.8524651276477669
1791,94b8adaf81c5a2666f40,0.599726985564008,0.8654473171418695,-0.26572033157786146
1791,e17a958cb99e13e0ef4b,0.127302195288189,0.14568347896240802,-0.018381283674219012
1791,f574c9400b3f1b3d7d40,0.9569669876137911,0.49728359784675,0.45968338976704104
1792,3e29800313ce929a7b4d,0.17780409604618003,0.0067467823010705,0.17105731374510952
1792,8d1e8da8ef6bdc28d921,1.1179859313255331e-05,0.9849359401043346,-0.9849247602450214
1792,acf5ab3bc61e4fa35942,0.26158929640718603,0.9013745498001,-0.639785253392914
1792,bee369176566b0468f2f,0.0023305911182990003,0.6151088292254056,-0.6127782381071065
1792,e47b4de300b44ffe80f4,0.10734569078273501,0.884750416843999,-0.777404726061264
1793,1522e60fa72a463e76ec,0.142232857022997,0.074647601545513,0.06758525547748401
1793,36a8ffa222d5a23910a8,0.49490865005232554,0.0319093067516454,0.46299934330068016
1793,b7aa4c61afd5f737ccbf,0.314181716115849,0.0273581919518765,0.2868235241639725
1793,ba56885ce2be651bd4aa,0.583925502916352,0.578966558533176,0.004958944383176012
1793,da6f8d1b498c264559ed,0.012417505933588,0.106478742365335,-0.09406123643174699
1794,014ea5b055cb03837911,0.035108113046740004,0.05250836840060351,-0.017400255353863504
1794,14452759ed377eb06dcd,0.004541075814373001,0.479847082968583,-0.47530600715421
1794,a51943a19b9130c3c4d7,0.4750737581016552,0.6285142326467201,-0.15344047454506493
1794,dc35de0db8016aaf4495,0.013177250293293,0.07822083017796701,-0.065043579884674
1794,f879f84bda8e9a6f0491,0.09349130186912401,0.0012201974045660002,0.09227110446455801
1795,27ac86e7cfaeb69e9ffa,0.9032336743193776,0.7774034993340806,0.12583017498529703
1795,40e8536590f5cc089e0f,0.63020061791767,0.8667953531027706,-0.23659473518510055
1795,412861f0c0f244825a8e,0.5276497876698061,0.185652958045955,0.3419968296238511
1795,d96ec31b1f43af901a94,0.21533219219103203,0.4838647035687976,-0.26853251137776557
1795,e3f9ab51172881f6dd64,0.021559036279359893,0.4390272365693415,-0.4174682002899816
1796,02a09ad9aa2790d15619,0.35413617022736604,0.9715487577506401,-0.6174125875232741
1796,32a603a84d12d8772788,0.004318043102952,0.013470535378499501,-0.009152492275547501
1796,9acc8ef577f4628337d9,0.171931609129911,0.1464178854786267,0.02551372365128432
1801,0c00bfa8753ed45ab81b,0.0075074755509510005,0.0003186102019815,0.007188865348969501
1801,6716853d5721ea5cd21c,0.009578467147989001,0.9708546975594415,-0.9612762304114525
1801,932a76e61247299e0dca,0.000383643730412,0.08805710578048562,-0.08767346205007362
1801,9fd0d725f0a66ceb4da0,5.836900996404372e-06,0.24719283550718557,-0.24718699860618917
1801,de3fc879e26bfb28b598,0.012058813429213002,0.011830789513941,0.00022802391527200136
1802,137024d791a4fa676f05,0.485017288622944,0.45085680440072406,0.034160484222219956
1802,575b08a1c9b2aa92500f,0.429818268645616,0.086261701098106,0.34355656754751
1802,5b8408ebb0639326fa88,0.8022683799700141,0.45584258302706254,0.34642579694295156
1802,76876fccd595f50ff156,0.0039584361894825,0.5575019544744085,-0.553543518284926
1803,1752c98ba01be14f5478,0.5106297853996898,0.49735463763436305,0.013275147765326789
1803,49c71d58bb6063ced14f,0.084208234190863,0.092036643904517,-0.007828409713654005
1803,8e1d268bfa3bb253a233,0.35540623546882044,0.8030151687419661,-0.44760893327314566
1803,b1d5b7958c3918af99d2,0.3211571512104484,0.49977333656001954,-0.17861618534957113
1803,c8c33821b86e8fcda627,0.24088629986769128,0.17986224494888203,0.061024054918809245
1804,008781dff9e5cff0bdcd,0.7919856816607266,0.41842713479594906,0.3735585468647775
1804,336f62232b49a0a7bf5c,0.8703011107109532,0.10692997415324501,0.7633711365577082
1804,3a454007a0bf5d8738eb,0.453192792823429,0.596984004874183,-0.143791212050754
1804,8093a1cc786b53593f7e,0.4969093935853273,0.9544457846587251,-0.4575363910733978
1804,fbc47c075aa41203daa2,0.1297233387371465,0.00932835684431161,0.1203949818928349
1805,4b5335209ef9bb58486b,0.382460258812759,0.5709951059845926,-0.18853484717183355
1805,a252a6d4688913d2454b,0.867794628889296,0.8107868091016301,0.05700781978766589
1805,ad3821454f44fc2a3cc4,0.164225714694123,0.14715634405740702,0.017069370636715986
1805,d3aad91f79b401106f0e,0.0004968976598860001,0.3248177788265733,-0.32432088116668734
1806,400f7bb646eae8971259,0.4206645968770319,0.6627096535162216,-0.24204505663918968
1806,73f278d7d38578ecfb89,0.0004906609482590857,0.4241033797715757,-0.42361271882331664
1806,92dc73b71b8e34676067,0.09442714721056701,0.46966418147983857,-0.3752370342692716
1806,f51c2cc3fef59a1d0953,0.20856587240176902,0.7922081654219826,-0.5836422930202135
1807,32572754a7d4d3ea6209,0.4595103593938712,0.25787898503239653,0.20163137436147466
1808,01bc07b5557fbd6be03d,0.5018498763116753,0.19594360394472804,0.3059062723669473
1808,0aa1b2177cfd14276430,0.531137269751033,0.4841654854684986,0.04697178428253446
1808,312f468b44445add8f71,0.1706855468992415,6.177129181175781e-05,0.17062377560742975
1808,490e0c46e8fa351207fa,0.0155303451375805,0.0040214962829615,0.011508848854619
1809,1b0affcd7223d39cf60c,0.4483018682859057,0.7557096675782645,-0.30740779929235884
1809,afee39f147d43ebdf68d,0.08393448705518668,0.416149284648211,-0.3322147975930243
1809,c7d27e68d27de5cb7a24,0.081401495701589,0.8302199151053675,-0.7488184194037786
1810,ff28e6cbba9acf9a5f6f,0.2477485590442695,0.12441093423453901,0.1233376248097305
1811,b7600a799814deb85d70,0.7760355563439257,0.8018623501514586,-0.025826793807532833
1812,d869087b262507e1d840,0.7157558617521849,0.2936560147933385,0.42209984695884634
1812,db8f8fbce177ff746906,0.08103481212251051,0.582568033796004,-0.5015332216734935
1813,4aba531497a454ff8383,0.4605430964113655,0.012233979279929502,0.44830911713143595
1813,4b9308cfb355035ad36a,0.7627056337552091,0.00015305233538650002,0.7625525814198225
1813,8e0ad280c6e6d82ef18f,0.971098022656205,0.9658980060379371,0.005200016618267966
1813,d129ad036145275271d8,0.9926020535269451,0.3684740684859355,0.6241279850410095
1813,f371d4ea3ae4975648ce,0.9968388074000256,0.562730760101488,0.4341080472985376
1814,226052c197ed2504cf9b,0.878835879871754,0.14189395427195,0.736941925599804
1814,8d1fa4bc15c67d938309,0.25600620500473203,0.060299170591418504,0.19570703441331352
1814,ab59e7dcc6568e931c3c,0.989013936476397,0.9717282554237305,0.01728568105266648
1814,e031192306c0c8fde77d,0.010058002506305001,0.6105869662508756,-0.6005289637445707
1815,10dbbd544971ed4dce83,0.43653956573152103,0.916981467125735,-0.480441901394214
1815,59e3aa5af732b47d4d48,0.066246785016028,0.23880336288668041,-0.17255657787065243
1815,84349c07122426249ec0,0.4845772881978497,0.769795323307457,-0.28521803510960736
1815,a92c7ed37ba0aee46f86,0.000491849773324,0.8024855361340171,-0.8019936863606931
1815,b58d521d6526986a6995,0.4924447246934844,0.892539887804332,-0.40009516311084764
1816,0370e51a5bc22d3a205e,0.9795657184345731,0.10401462738666802,0.8755510910479051
1816,060f33ae9dcefa06ee78,0.098568105665275,0.2690448228526475,-0.1704767171873725
1816,21f2ce28b461fbdbab3a,0.010709792436508,0.014066333989356502,-0.0033565415528485007
1816,70f1a2835defb79fe9a0,0.6046907879829551,0.2004128059764495,0.40427798200650555
1816,8b745c2463cba8e4b54d,0.133272066128795,0.0374907112615405,0.0957813548672545
1817,2ea43f6a5a7332a2dbad,0.28479283805703304,0.485381975943995,-0.20058913788696198
1817,43035c06f586cfaace2f,0.003047321358985,0.6000854129508065,-0.5970380915918215
1817,8ffaa93121abdf1188d3,0.4960521066098155,0.38912854604157904,0.10692356056823649
1817,b377cecd0967b6d3c3c4,0.4375028275838945,0.48572247408603303,-0.0482196465021385
1817,b7803f2ca95a4d9439a8,0.004215767700657,0.40916636993250904,-0.40495060223185203
1818,0cddbcbaa97e1e810f55,0.251385579455341,0.35874799611123753,-0.10736241665589652
1818,1ca6e0714834f07190a6,0.9184037441049457,0.14199902546485751,0.7764047186400882
1818,4f7664eddfed4971290d,0.167564818286627,0.30760833914894203,-0.14004352086231503
1818,6fbd4aaf02ffe929d7fe,0.000745291590374,0.5075168978996546,-0.5067716063092806
1818,7d556fe7563f3068b17a,0.05962794963174901,0.6486032337732186,-0.5889752841414696
1819,2ab6aaf84e427dbc985d,0.005000512893018,0.5187619776927496,-0.5137614647997316
1819,c3831735acceeabff2ac,0.3938070122291934,0.0037158341290140003,0.3900911781001794
1820,5fd4d96b56d264bf9b13,0.013564358049133002,0.013544874190179001,1.9483858954000635e-05
1820,78cac0bf6b8ffcabb5ff,0.01566831782753,0.992166172660486,-0.976497854832956
1820,b72a43f996764e8a0385,4.916009232232771e-05,0.22790459339683952,-0.22785543330451719
1820,e84a2b0a2bdc241bb25e,0.09704971276649,0.663957076280413,-0.566907363513923
1820,e94414a45bbf59c6da8a,0.99858175476059,0.6508375749261401,0.34774417983444983
1821,96119200779eec1dd35f,0.47946549867141797,0.625462028780121,-0.14599653010870306
1822,9e53f9c4dd3ce8073ab1,0.714771700729508,0.597607578716285,0.11716412201322302
1823,b2a88bd6a3ed41abf192,0.6311102024410276,0.47347862800869606,0.1576315744323315
1824,61010cd1caaa64938dc8,0.15887391345294702,0.39355599949500253,-0.2346820860420555
1824,7c81294c887ba8e27ea2,0.09868543540940201,0.989560331801095,-0.890874896391693
1824,8be926b49b4ba5e30847,0.37193314886362,0.719989109585894,-0.348055960722274
1829,31da1ba7f9ff532f92dd,0.092022505408537,0.8915830664581466,-0.7995605610496096
1829,616d7735e00c32b06d74,0.6917855868002091,0.548885396228444,0.14290019057176506
1829,dabafd73fec0730be0dc,0.37488164247731565,0.18567254904670952,0.18920909343060613
1829,f5c99d53963b3ea6d1a1,0.04244662869345872,0.95009971198486,-0.9076530832914013
1830,10bc6676691133e4b27c,0.012061577053805015,0.809505988067664,-0.797444411013859
1830,81f9d2c3d0e46a2ff41e,0.02382861804021803,0.6445745552361375,-0.6207459371959194
1830,86ef9d32501f6d3bb1f4,0.42461609054736105,0.7626116511390186,-0.3379955605916576
1830,a737f11cfdba62aec497,0.1585111239917045,0.6440026010649116,-0.48549147707320706
1830,ba9b73c03c422f4d8316,0.41370161799372507,0.788171383798834,-0.37446976580510893
1831,186d4b46122c3740649a,0.41918312753085984,0.7125826240701676,-0.29339949653930775
1831,1d921694ea157529f278,0.6373706323786874,0.9974420781163011,-0.36007144573761374
1831,a359ef550c52591b5802,0.43620468468275125,0.003091330693566759,0.4331133539891845
1831,c0ebb8fcd41518937c7b,0.005784071137019,0.558011606109388,-0.5522275349723691
1832,09d35286641ce2e671a8,0.31571247008748715,0.6938350815358976,-0.3781226114484104
1832,573e4ef087099278a8d1,0.2070234862861665,0.001204928064813,0.2058185582213535
1832,a94c174861805fd75996,0.5857787397930415,0.44438777684658853,0.14139096294645298
1832,d2f19b995b60c3a8aeef,0.5301125585915784,0.33002757753676853,0.20008498105480982
1833,ca9f86e78ecf61a9885d,0.43541645503858734,0.821088060955202,-0.3856716059166147
1833,d545eaf433ab12232261,0.74547969111653,0.1267364434040685,0.6187432477124615
1833,f1c1a2593269c1d3ee60,0.48739120849728507,0.45840516237127205,0.02898604612601302
1834,449d4ce2aec639dfb7d5,0.4444813446294308,0.20064395804983753,0.24383738657959325
1834,6c51dc4c2cc683787b4b,0.6384557382314605,0.5175048628950121,0.12095087533644844
1834,a611a9fe23ae773308da,0.7833315700833919,0.2642631348205555,0.5190684352628364
1835,3bb76d2648599d293bc3,0.6480208641541869,0.005599151934909,0.6424217122192779
1835,3fa8506c21c8b8783f05,0.5622805482195671,0.5522382272220455,0.010042320997521559
1835,a1cc45668b5086d993fd,0.28322715687789074,0.08588336657600751,0.19734379030188323
1835,b992c21b851884c3de70,0.841843570877912,0.0007175388948575,0.8411260319830545
1835,dcc132b7345e4fa32049,0.4365307339950846,0.4650831503277085,-0.028552416332623953
1836,105b567ae69f9137c87c,0.5952744536001248,1.1365435300957481e-05,0.5952630881648238
1836,9cb8a7864e9f731beff6,0.34090206016864727,0.42538763237296207,-0.0844855722043148
1836,eaac532137d27b3ce3bb,0.5900746606291564,0.8646849422747586,-0.2746102816456022
1837,4298ea0952f918834980,0.5763025356310622,0.9063693149268696,-0.3300667792958074
1837,7d5befd2a816116ef76c,0.3231907169750114,0.036897936624956,0.2862927803500554
1837,7dae5a4eec1301c619a5,0.0677745136596755,0.0042211687976735,0.06355334486200201
1838,0512f8737fee0135e265,0.016235904760681,0.48185618100754,-0.46562027624685903
1838,b874654bf3d1d56c9428,0.5156797252302265,0.044381097831641,0.4712986273985855
1838,e3713f0ad9c434af9854,0.3345524260351087,0.9803377872715386,-0.6457853612364299
1838,e3be0662a42d612da9f0,0.7579776826125891,0.4956268875765404,0.26235079503604875
1839,274edd1720fbc189908d,0.39183681223223477,0.9923714212155466,-0.6005346089833118
1839,cda589732cafb4b5c4ab,0.5010565496225916,0.12455572357510401,0.3765008260474876
1840,420a4dd730c71f5b4e2c,0.4286932566545609,0.6817359836968435,-0.25304272704228264
1840,80135ee053d5c9a06097,0.49146125520525,0.324972884858632,0.166488370346618
1840,b6459f2bba687d4f505f,0.396688723247305,0.3769741586137365,0.019714564633568465
1840,c85cecd2c2e4c3009799,0.4045788412506788,0.519267228398838,-0.11468838714815921
1840,ded4d00959d510ba5dc6,0.6361729761717965,0.47038356073268806,0.1657894154391084
1841,0c25db788c25844eac63,0.4997706303339084,0.5116272965996606,-0.011856666265752158
1841,3b000124083056d80435,0.47574401606759303,0.978021848416551,-0.5022778323489581
1841,682ca9be1ba378c96bae,0.5556498704694033,0.0005113135094835,0.5551385569599198
1841,a654acb11e296dce93fa,0.33464772217966077,0.4465139276008665,-0.11186620542120573
1842,205e84c66ab136bd509d,0.1778524875996586,0.293427962523245,-0.11557547492358639
1842,28e662ad8d80f016d645,0.5097024356726859,0.916741806473087,-0.4070393708004011
1842,646a03e7a7beded12460,0.4629991595019555,0.993397474495972,-0.5303983149940166
1842,726dfbbb8f08970896b5,0.5374477906602864,0.7439093190244905,-0.20646152836420417
1842,edc5be18f656008d13de,0.5211317996873054,0.001978102907919,0.5191536967793864
1843,09f375d9ad3298e1917c,0.501238984831838,0.5651248824887846,-0.06388589765694652
1843,2b57b58a0a673a21fe68,0.6335839907096369,0.130972017250705,0.5026119734589318
1843,72dfd7cc026bef711e89,0.38644714728641216,0.00024336884414200003,0.38620377844227016
1843,ecdda40766dd60abfe9f,0.17631134319462502,0.008417134347162,0.16789420884746303
1844,fe0de3c0554566aa47c8,0.12053014371546301,0.0072747834499445,0.11325536026551851
1845,7efc9ac18fb5ced5e425,0.18628359002826952,0.9892033519265941,-0.8029197618983246
1845,9353627acd1d45959f99,0.4364262564075315,0.18215657888842313,0.2542696775191084
1845,c475a5fb3cffe572b36f,0.151246278989346,0.9710236803316816,-0.8197774013423356
1846,88dd33634ce83e0190a3,0.5247103337091935,0.22388184482582152,0.300828488883372
1846,9e435aff39af64cb7282,0.25910149330204635,0.42115408247525055,-0.1620525891732042
1846,dda5728e82b98ca3c85d,0.14855712540810667,0.19825625728790153,-0.049699131879794856
1847,107deeaace5663187373,0.6518346224348804,0.33400342675803,0.3178311956768504
1847,e61f693be873a40d9081,0.6342726306112427,0.028496286709556003,0.6057763439016868
1848,11a8bdc4acfeded891f3,0.045431226799783,0.19692254846346033,-0.15149132166367732
1848,930d792f0878d702a0e3,0.24735462286278803,0.4989178691516651,-0.25156324628887705
1849,7958d37034561e8049a1,0.901564422329545,0.383103048353618,0.518461373975927
1849,95d5288d62bb087ca53e,0.8244989305772291,0.6772102232748671,0.147288707302362
1849,f43dc96ae3a0a2ca9c2a,0.5434816647247179,0.002498164607098,0.54098350011762
1849,f4d673675bf70516ad91,0.00012462313992200001,0.9372110134892782,-0.9370863903493561
1851,5b074369745a15a5188f,0.2958835907986333,0.4724118218895436,-0.17652823109091031
1851,e1a702bafb1c128e03f4,0.49980867277313124,0.47431647997829907,0.02549219279483217
1852,00d646a2f466db9b0d6e,0.3754141363702935,0.8774482667751846,-0.5020341304048911
1852,23831282531db36d17df,0.0017562890115236669,0.6680946951224586,-0.6663384061109349
1852,b4247775aca2f87e14bd,0.4155826975198295,0.545223349842144,-0.12964065232231453
1852,b9f06a7b5a639384e61e,0.023306359620081905,0.3143298876915025,-0.29102352807142057
1854,0e536d1b408d51935f10,0.04262751280437733,0.472232693217427,-0.4296051804130497
1854,be5dc7f399451e5885d2,0.272110711219178,0.218933074239781,0.05317763697939701
1854,e324246944c4ecacc569,0.009387586554888002,0.0046564203899211315,0.00473116616496687
1854,faa0333c7d0623675979,0.22982266859878533,0.021421391626495503,0.20840127697228983
1855,0729e03db2c2a5a90d4c,0.17333084466767434,0.041828587469794,0.13150225719788033
1855,6a2bcbb5fdf4e4f2d41d,0.39415959783377635,0.9954530539820345,-0.6012934561482581
1855,6c0f90a893f80ace5720,0.3230912759196627,0.5226059540824746,-0.19951467816281188
1855,7db674ad90890b5607c7,0.2673623062825785,0.42443166048881603,-0.15706935420623752
1855,d0c10877d6de4e1b9f6c,0.3560055703744882,0.0117840540885985,0.3442215162858897
1856,3494d1633dc0231a91ce,0.04635860141119567,0.0015469997642075,0.044811601646988164
1856,3affb91cd90271089ded,0.03232989517459234,0.48701254265214206,-0.4546826474775497
1856,bc8a7e23c36dcadbbd07,0.13809984130562467,0.8753252605619121,-0.7372254192562874
1857,6bfac288d0ef45cf38d9,0.050117769808436664,0.1846293379396785,-0.13451156813124185
1857,8d808147b9706a944dc4,0.11574549049045077,0.823589383834721,-0.7078438933442702
1857,9ed05386be8dadf5e468,0.057437351140554004,0.007574767183095001,0.049862583957459
1857,bf43db199cdcf6a15827,0.022718106791265666,0.5248459896851585,-0.5021278828938929
1858,540a4d25fad08eae83fd,0.15007154007908705,0.48604648663992356,-0.3359749465608365
1858,cef845e65186aea09a0a,0.138442824515112,0.678664115392561,-0.540221290877449
1858,d757e39c303b0b833ab3,0.009442782657311001,0.0800140310466505,-0.07057124838933951
1859,04cff73302f5463989e8,0.03480499040712934,0.49770111199294403,-0.4628961215858147
1861,97c52442c95582c6a586,0.0057305060635935,0.7947450428852505,-0.789014536821657
1861,b7d8f6aad9f26e73c300,0.04565614005558303,0.654343678869395,-0.608687538813812
1862,7ad34c7b9c2e0e6680db,0.013102939390999001,0.22034639686953952,-0.20724345747854053
1862,9148b4a73fec575e1e19,0.31279404330067967,0.0008199317934795001,0.31197411150720017
1862,ad8c1ebfe0460d97e3cd,0.15429317415423152,0.6156800717152405,-0.46138689756100904
1862,d8ae1877bb5a3ccca754,0.0277226048612005,0.016418766706765002,0.0113038381544355
1863,1217b13da82f96b1ca1d,0.2598052991026746,0.24162186707473102,0.018183432027943564
1863,4d40c0a9ca8d104047d6,0.030152412429616002,0.7659250326505376,-0.7357726202209216
1864,26c015c8bdc20e92c73e,0.1177248828375052,0.014981221571356002,0.10274366126614919
1865,4323f22235816083643f,0.3781760932325114,0.6339795183359755,-0.25580342510346415
1865,ed07844dd0dc77b7686d,0.09867177265673527,0.0002884087599696613,0.09838336389676561
1866,1397a4a595893a3d74c6,0.6892916824047718,0.35358715533685403,0.33570452706791776
1866,1aa970ae712bbaa8bf58,0.523880888624785,0.012380371710811001,0.511500516913974
1866,3ece6e1181755a57f5ee,0.007198546943839,0.12385318881058802,-0.11665464186674901
1866,6ffa06b74cfa190df006,0.5254047210510691,0.798866233356272,-0.273461512305203
1866,ff062e520f3baa32c34f,0.5957675252106778,0.5715867941042125,0.024180731106465236
1867,7c44e1b6df20074754d7,0.15519509132179635,0.24394035190305502,-0.08874526058125867
1867,84cb5cbd65b8ebc2b193,0.6125385614153085,0.5772073857517755,0.03533117566353294
1867,e0066e5593adfae72c41,0.475100591237732,0.7316641463071121,-0.25656355506938006
1867,ea5e2069b24471032cc8,0.8645070748865094,0.3113958717158635,0.5531112031706458
1868,5b68790e6cbb36429051,0.000325182406495,0.14205151160359353,-0.14172632919709852
1868,5cfe439cd07e941a0dab,0.5937847844867497,0.046020266143615506,0.5477645183431341
1868,9564e0479a912f28b417,0.7167939359821541,0.531549287250462,0.1852446487316921
1868,c67456ecf60b07dff256,0.22008485963198368,0.9132000636595416,-0.693115204027558
1870,5074faea10478bb5d202,0.411114231174693,0.37641832884755855,0.03469590232713443
1870,5a9af5fb2e02bd5d229e,0.7528525130874978,0.7880561826752376,-0.035203669587739794
1870,8f3c0e910964f04b1903,0.6502582396944036,0.8880741231970706,-0.23781588350266702
1870,b821d7f7a1b8543d34a4,0.3590081067084381,0.520885321500569,-0.1618772147921309
1870,bcbeea72a012d5734a94,0.5286038436333529,0.5185879410450746,0.010015902588278336
1871,15616ab6254052ed67c0,0.5271800066811781,0.716623668657247,-0.18944366197606888
1871,d7f16318201414d24e1b,0.34035582190259206,0.5967683185994386,-0.2564124966968465
1871,e01d7a4a9326f1040311,0.523862817620503,0.0441274642641805,0.4797353533563225
1872,0e4ad874c2eab545546e,0.537963981507183,0.47157670668029805,0.066387274826885
1872,23f310854c419c0a6b33,0.5977586057320665,0.26437106387638254,0.333387541855684
1872,28a91619ba5ad23937be,0.6145726648803279,0.7718986070722511,-0.1573259421919232
1872,2d0e4ab78e683e1e7cd2,0.31879479214129763,0.49877565797821083,-0.1799808658369132
1872,a3c841d22add82d530e3,0.7287647056383401,0.5486058556054005,0.18015885003293952
1873,117fdf86805079405ef5,0.513648528185706,0.9059854648642591,-0.39233693667855307
1873,9ed9f80795832d9b61be,0.15255790270917502,0.9811363519477545,-0.8285784492385795
1874,1424b3ba25f9a167ff87,0.6709041038371916,0.4980388616775003,0.1728652421596913
1874,4123a5145ae032ba0de1,0.5679716972840938,0.20573404838383152,0.3622376489002623
1874,b44c66f4619e0f457677,0.7617270801673465,0.7697978273485866,-0.008070747181240123
1874,bae12bb41f85b1d1dc99,0.446300257175366,0.9910014324453387,-0.5447011752699726
1874,cb727863e201d9ffef92,0.3671953895319721,0.5452244260662176,-0.17802903653424546
1875,2105ce9d3af1dc7f0b21,0.34080006426244247,0.9824682794293961,-0.6416682151669536
1875,2bc70dfce542e0959252,0.6016958883529197,0.9646194661346691,-0.36292357778174944
1875,7c58d69745045ee10b89,0.3924061588923463,0.128770053528685,0.26363610536366133
1875,c6e232fa4663a0d24bed,0.5208585584905647,0.1454369947096975,0.3754215637808672
1876,0180f6bb80ba4228ae93,0.4579117475117857,0.08087923918409101,0.3770325083276947
1876,427bb37580ca4e7c41f8,0.5244959463821344,0.518318493887021,0.006177452495113367
1876,9be67ecc46c79e9f2756,0.47733384771478793,0.5378970139340381,-0.060563166219250175
1877,27164c99eb706162c12f,0.5475880857470364,0.5193960134083836,0.02819207233865284
1877,80562878a3ae948db515,0.5132444235967005,0.49823752824973905,0.01500689534696148
1877,e1dac3e62f27e6d648e5,0.21191633421689252,0.11388145637296251,0.09803487784393
1878,0636580620fa4b0a3354,0.365846217381014,0.463685532626398,-0.09783931524538397
1878,09815f558b659f726844,0.5371317884781439,0.9595711893564476,-0.4224394008783037
1878,4782d2459225de54949f,0.40483193336061357,0.9569238550632141,-0.5520919217026006
1878,5899904cb6579db77491,0.000859788967454,0.5095750352933246,-0.5087152463258706
1878,f09585da7030b2b731cf,0.33062230748735694,0.26004960698565,0.07057270050170694
1880,1030f70e60be50928297,0.35075998609124714,0.9897119209011331,-0.638951934809886
1880,12b93509d13d559ab887,0.6138179657900765,0.9927414723573156,-0.37892350656723905
1880,232ba8c3b2df4ad3a5b8,0.8289746550809086,0.6149320417448376,0.214042613336071
1881,a43bc9a6a9706fa24b55,0.30214141940927086,0.607193663542481,-0.3050522441332102
1881,dd13cae02af8623edfac,0.029317769805601003,0.8057775627860195,-0.7764597929804186
1882,06238022166b333d7902,0.5301479731096714,0.9943386791783441,-0.46419070606867263
1882,0d73adbeddc7a43fd92f,0.5445757453152853,0.4826873062784615,0.061888439036823784
1882,4ea4174f2fa0dae4ce80,0.2690126274216598,0.39638975398547804,-0.12737712656381822
1882,83baa076dc8658d44f1b,0.8093292288563987,0.6756861373613166,0.13364309149508213
1882,e149c2b9164724bb729a,0.7308474916262228,0.7866695020409821,-0.055822010414759315
1883,23a9f6667f53bc80011d,0.0642203496262905,0.20956362313909205,-0.14534327351280155
1883,299bc71d18c1b27078e5,0.4392949063228348,0.9694015191305141,-0.5301066128076792
1883,4c1e325ed4b1c7378d57,0.273439246931596,0.093266166021024,0.180173080910572
1883,f56ab5d1dde65aa29be7,0.1288050582731075,0.15036088618596002,-0.021555827912852515
1884,a03380be24056411817b,0.7478536924801055,0.758849822971517,-0.010996130491411571
1884,d2b1e8a0f7693873487b,0.7483986347634031,0.05684485961448501,0.691553775148918
1885,3821828f6436dcd70a9a,0.44360591097144003,0.628385044399954,-0.184779133428514
1885,b7e0fd28f55337544970,0.6206900438283816,0.9778310135981411,-0.3571409697697595
1885,c5325f68bf51b7964b84,0.33603491684943826,0.9055991266000256,-0.5695642097505873
1885,c60a01bb64040753795b,0.45915000019447505,0.053605527416392004,0.40554447277808303
1885,d18645a529bf9161541a,0.14587743323731,0.7621043092706571,-0.6162268760333471
1886,43eb343f5d1c0b8d848e,0.10308118935091201,0.03866904533960801,0.064412144011304
1890,f9ef4b82b8b27dba3257,0.6401916688580052,0.5326924974438371,0.1074991714141681
1891,395919bf9c9acebc9cb6,0.6033216351119373,0.28799872268542503,0.3153229124265122
1891,5dcc8ee85813fe81f499,0.32545324947368964,0.606639325440518,-0.2811860759668284
1891,7111b3dc23bcd1a373d5,0.6197776426089395,0.29550396118758204,0.3242736814213575
1891,b53bcc68ee23668293c3,0.558519610099537,0.5167153899694631,0.0418042201300739
1892,7f764805c7b07b531083,0.036779313358921005,0.11192834783835201,-0.075149034479431
1892,a89e8a02d0504ca78011,0.49144790272222305,0.8797846321589886,-0.38833672943676556
1893,295071091091a03f8c52,0.074891937761486,0.8086268209025536,-0.7337348831410675
1893,39c986ab72b80093e66d,0.2592836156064407,0.705124284291026,-0.44584066868458533
1893,d269b7768c0f16ac3903,0.0477004828483034,0.5461244989245706,-0.4984240160762672
1893,e1162ea13f3f3c3b86fa,0.07038039488219086,0.3881387973047785,-0.3177584024225877
1893,f436d6f906f46763644b,0.49155838870489504,0.49883952503823203,-0.0072811363333369905
1894,005394a44fca8216d1ac,0.11211222389412476,0.9948839097025941,-0.8827716858084693
1894,6d6e5b13745f505d9492,0.009802205378461801,0.5083535788296221,-0.49855137345116024
1894,a9f2a1beae38f6395604,0.6095162837241401,0.262702324163387,0.3468139595607531
1894,bff1c0735a6ac63dc29d,0.37148156238500085,0.0830790135381305,0.28840254884687033
1894,c4c69e178acfe8bf439e,0.4424070533585269,0.6257661456213235,-0.18335909226279656
1895,275a4e093f720443b8fb,0.006677297408641667,0.24595947068123503,-0.23928217327259335
1895,3e58b25f502cd2e9e399,0.15861848252073898,0.7500731774595646,-0.5914546949388256
1895,bc4c026058b4b09e173a,0.647818912552921,0.9034626035606661,-0.2556436910077451
1895,cb82ea75a055adcc1db6,0.49470420819234,0.033652220562862004,0.461051987629478
1895,efafaa2fea7053558d5c,0.3714339325019296,0.09541065398404601,0.27602327851788355
1896,7c0556242739a5a9b464,0.035716499784240005,0.49873300812074256,-0.46301650833650254
1896,8362135e76d7e8de254f,0.002030119820973,0.6587605788699291,-0.6567304590489561
1896,a651c8aac9777b8890a4,9.438115210448843e-05,0.6304757558787191,-0.6303813747266146
1896,bafe25a8f71f766254e0,0.05279803427175601,0.8868360538689681,-0.8340380195972121
1896,ef795345320a13c468a8,0.051485672696252004,0.5268883646622256,-0.47540269196597357
1897,3cfceec23e17909e167f,0.03300765393404598,0.628049092165051,-0.595041438231005
1897,45ae1cefdb8b2adaede3,0.14036964034788302,0.16782427266231353,-0.027454632314430516
1897,97b453c462c40161d8e3,0.5068886422142703,0.37405790301899755,0.13283073919527277
1897,d8a47487ea55b50baae2,0.9325718045651956,0.5175311252996716,0.415040679265524
1899,031a6ab87a82d54832d5,0.376295534960974,0.28628052793669556,0.09001500702427845
1899,523bd68b8254214e3272,0.74653435968765,0.150713947254983,0.595820412432667
1899,b4fb566b4d4450435847,0.11119385212409201,0.31757387526110153,-0.20638002313700954
1900,24b689a61a98c114d73e,0.6004970270580235,0.573247732413338,0.027249294644685507
1900,3e734f1f939507d27d88,0.053793620963895006,0.71794656140942,-0.6641529404455251
1900,82ab9206c97ace634e9f,0.088800440382868,0.4780454809872635,-0.3892450406043955
1900,986f2832819e4d173ee4,0.5207962151457975,0.035611023888017006,0.48518519125778053
1900,a2a6bc158ffb039d3c71,0.09112750009431,0.3789541082912805,-0.2878266081969705
1901,33ce975cae811e026ff4,0.5667469852415361,0.29640306060690863,0.2703439246346275
1901,770458acbc00e4ff39a3,0.5188567603091273,0.690691376363205,-0.17183461605407768
1901,7f249922b38254b9b7d3,0.226106333654315,0.3349819543943905,-0.10887562074007548
1901,8c5ea79b3ed1cc9d78a6,0.40965768843653105,0.403189182820671,0.006468505615860043
1901,bedbe54330586fa53ca6,0.31577781042776526,0.8452306039435491,-0.5294527935157838
1902,2f9b478601a72cd7b99f,2.2314065800034848e-06,0.1529569199183875,-0.1529546885118075
1902,4d4a7dd9f4d37362a89f,0.0006945700918735001,0.47028403379048456,-0.46958946369861104
1902,6f2137de77ba3f919625,0.18100501477101102,0.48840443015594454,-0.30739941538493354
1902,bb83555927d9891da913,0.7344539036992326,0.45025428336836754,0.28419962033086504
1902,d406b8f0348758346593,0.065102017200194,0.5237914100088381,-0.4586893928086441
1903,1198f423ae5659e88921,0.6726517361948381,0.37768032676305296,0.2949714094317851
1903,22891457bd8eb899beee,0.23519555537167103,0.7645468653563616,-0.5293513099846906
1903,ba3d22ade54c2db25cab,0.418973147564992,0.49713273299536653,-0.07815958543037455
1904,0e4996bc6bb329e85dfb,0.0040082130255925,0.5073595153059945,-0.503351302280402
1904,8d2fcd9c560651a4b874,0.032983793641031,0.554631528183646,-0.521647734542615
1904,b2216eab4ffb33390387,0.054715222065408006,0.5033269365875945,-0.4486117145221865
1905,4cabc118c1c5da0af77e,0.6269220985891114,0.9138262677515296,-0.28690416916241823
1906,0d728bb16ae2129d7a09,0.04322615949676467,0.20368085472688802,-0.16045469523012335
1906,30183ca5aecfe35e67a6,0.35622723350594504,0.139044708059459,0.21718252544648603
1906,6b31979b2c7ec4b86583,0.6268551609948065,0.9984649828493266,-0.3716098218545201
1906,ef828f6a5fefda2ff135,0.003406188580334,0.278099047810606,-0.27469285923027204
1907,06024f9b6da939d4e4a4,0.058485269699943006,0.5080407970955035,-0.44955552739556054
1907,4e0ca42de842ed82a81e,0.022138802542386666,0.008883677303416,0.013255125238970666
1907,a068b03b9651d1185065,0.002904513238703,0.0449276176986765,-0.0420231044599735
1908,924ff5718c1b1cb68828,0.10087376504640667,0.003645512907934156,0.09722825213847251
1908,b61d03d23708ffeb6089,0.43761842872690965,0.9157198404096041,-0.47810141168269443
1908,c7c5bb7ba87146de6dc8,0.33668832918192565,0.27362242054170854,0.0630659086402171
1908,e1a4276548c1918c20c6,0.048171211991561505,0.001818386613678,0.0463528253778835
1909,0c879f35b12e9eb2de3d,0.019801507092781,0.5062074789360805,-0.48640597184329953
1909,466ae4b6b79f48ae89dc,0.1564966647178945,0.7939351614869535,-0.6374384967690591
1909,6b375bd28aaba15563f0,0.25845843600567975,0.098297639049192,0.16016079695648774
1909,c3f67d2cfb8963ee9853,0.42029784862212366,0.1075755041460365,0.31272234447608716
1909,d370f5c86e2025db1582,0.20647406525651102,0.4004097289811045,-0.19393566372459348
1910,a61bc9e2eb4b22507113,0.5471614852465734,0.8714877351304016,-0.3243262498838282
1910,b28e51ef3f95073be3da,0.365110466458199,0.42814541952095253,-0.06303495306275353
1911,679b3ff46b6ed72eec17,0.13799949225352526,0.37595149459568605,-0.2379520023421608
1911,bb2f37890afd8600959d,0.27045460348468625,0.7408143539870325,-0.4703597505023463
1911,cffaae03056ea3997ae0,0.191967621889948,0.4056428961992825,-0.2136752743093345
1912,0a2fc34ad76827ff522c,0.004241403828631501,0.6516054754688255,-0.647364071640194
1912,4d1ad7116c25d4388ee4,0.004563975384565,0.5003357954517095,-0.4957718200671445
1912,54a3410493dcdea98830,0.0333351416755945,0.0187376061310435,0.014597535544551003
1912,c3e353898b13a3b40378,0.059584076285055,0.9969346064610916,-0.9373505301760365
1912,cf643cc84291b0307622,0.455599192542441,0.9656656550695715,-0.5100664625271305
1914,72897df3ba4e51fd6505,0.33642016821595794,0.0592899562211795,0.27713021199477844
1914,cb82402ca15ba1ab847d,0.006887895103932001,0.3522421256345765,-0.3453542305306445
1915,a4554f9242a8edfa4845,0.29960957464410315,0.9462867139658251,-0.6466771393217219
1915,c93553a0ec8c07283cea,0.3056505065627508,0.46073275092087657,-0.1550822443581258
1916,578cca6db90694c1bcd8,0.07084435158714987,0.021273783029882,0.049570568557267866
1916,76f6565aab8477af81d5,0.6331628299452069,0.7472695948453245,-0.11410676490011762
1916,8a877f5715feb54b7fc9,0.34653129671961885,0.026445408948644503,0.32008588777097435
1916,c9b08d439a0def4cf0d9,0.3545987583829217,0.48857682068177827,-0.13397806229885656
1917,60a2f1e59f09bba9b10a,0.03048943728704182,0.0031749646900865003,0.027314472596955318
1917,b091b1ba83be9c0e051d,0.6483816094554282,0.5009497373815295,0.14743187207389874
1917,e8d738484bb59f293ffe,0.22914700301311502,0.664373415951343,-0.435226412938228
1918,217226d17cfdb5c93147,0.7008820665447217,0.006883292370276001,0.6939987741744458
1918,37d748d601cf442947c5,0.134618104949254,0.36620471961149154,-0.23158661466223754
1918,8358430faf8d9ff0c74d,0.5951051606429212,0.085072899415052,0.5100322612278692
1919,e8268221e47f259d7891,0.39131942010455245,0.459038720729988,-0.06771930062543557
1920,03a24a3c071d8cdbcef8,0.585078465505221,0.213131324554727,0.371947140950494
1920,6822942b133902ec54c2,0.6414887772214684,0.11985165146458701,0.5216371257568814
1922,3cf2599a58e988e559bd,0.01117490857285,0.48321644412630504,-0.47204153555345507
1922,4c0c5adabce52732771f,0.11253889819428702,0.9896980648381151,-0.8771591666438281
1922,d0e80fd157d8783bbd3b,0.004129952140372001,0.49410810547354606,-0.48997815333317407
1923,0dd51ae290e49acfd76f,0.00020885312431700003,0.16226986948384503,-0.16206101635952802
1923,1244971e10e93f5a3f1a,2.4316908492304832e-05,0.14251589565993952,-0.14249157875144722
1923,1b5b810a4ca81cee0f42,0.19445251554929402,0.959602753371916,-0.765150237822622
1923,8297861092e3db3ba73a,0.109685754036034,0.9966820978780746,-0.8869963438420406
1923,eb1f690deb7b5e0f7fe4,0.965834082302593,0.028741137912726006,0.937092944389867
1924,0b9b7fb9d12a21bb79e8,0.48208912454249303,0.48838020145532507,-0.006291076912832039
1924,16c603040042a7b7cc03,0.21712695996880177,0.0346379304499625,0.18248902951883927
1924,362ea248112f79fa493c,0.15688657804180553,0.07149579815090201,0.08539077989090352
1924,68f27e0d21d596a46f12,0.39935865681857563,0.5185658393984605,-0.11920718257988483
1924,9db61702bae868c266fe,0.18103728069972602,0.22217514439386102,-0.041137863694134996
1925,5d75650833a36f8c6727,0.42079988619346803,0.5728726876500371,-0.15207280145656904
1926,17be7b8e90a801d374e6,0.0010690067288000001,0.5609462353707575,-0.5598772286419575
1926,1910d2d82acc12e736d3,0.023936556162112002,0.530990614466482,-0.50705405830437
1926,27504813856e564e0e48,0.44968173699359804,0.709109278310351,-0.25942754131675294
1926,42b77162820812822b9e,0.9007157397334016,0.8200137631463605,0.08070197658704104
1927,133357e52552d89f472d,0.5206380923696513,0.530340019559142,-0.0097019271894907
1928,4f571a4d1d8d5bcfe245,0.3547034740583587,0.022327823713987,0.3323756503443717
1928,5e882af6253563b7b0b6,1.515406613718465e-08,0.080161558094422,-0.08016154294035586
1928,8101163926335b4f7b0c,0.8624001274253006,0.0038881642167190003,0.8585119632085816
1929,610fc55027405465f4c4,0.5492168544232606,0.164420268227369,0.38479658619589163
1929,d51aadcc25a6a0158fc9,0.7617460929210934,0.20166432732090453,0.5600817656001889
1932,20c1dbcc13d572b3cb82,0.004616036392804501,0.49748618594256605,-0.49287014954976155
1932,2ff794861927aedef930,0.3271930458419332,0.500019245863466,-0.17282620002153282
1932,a0a4bc5e33c8842a1ac6,0.025714252779618002,0.253109255451566,-0.22739500267194798
1932,e70afba85220d92f460f,0.34073113034768904,0.343248188628798,-0.002517058281108986
1934,71ab34212d4c2e07d105,0.5559549492159039,0.8723557330243115,-0.3164007838084075
1934,77584be9e4e1f7813295,0.38702997278738316,0.21708974151814403,0.16994023126923913
1934,93b7e1cb8532f8f2aac0,0.2320025187544222,0.49888120482088477,-0.2668786860664626
1934,9c585563a20430fc688a,0.31267815797106857,0.0005268048591940001,0.3121513531118746
1934,f86369a8b1b753bda6e3,0.23333946219520318,0.06498937624412002,0.16835008595108317
1935,56a9b3d049bf1c51ea16,0.239297826450983,0.0738905873753943,0.16540723907558869
1935,88a45a343ff710712a58,0.5811694254257757,0.7337325466379411,-0.15256312121216542
1935,a3f831f32699f50bca3b,0.230458011560067,0.508092006719003,-0.277633995158936
1935,a5e201da30970801afd9,0.3498590694961905,0.0057896641034920005,0.3440694053926985
1935,b4f4ae5fa7121c3a562f,0.973419440934503,0.590108305935536,0.3833111349989671
1936,16944ca6fb62f9c198b6,0.059127069040696006,0.8345876115711601,-0.7754605425304641
1936,3e089db9565a55e8ab49,0.235846099091354,0.4451944295461685,-0.2093483304548145
1936,98bd91a9c7e32ca3a6d8,0.348328949881114,0.42085902919717655,-0.07253007931606253
1936,f424e6de9cb22b29ee61,0.024685293372863,0.36474675786444,-0.340061464491577
1937,0ade1db08af3e60954b6,0.3942462584815656,0.10904398622199965,0.28520227225956596
1937,1527f393a47a441e8d41,0.152031728782816,0.41751936786341404,-0.265487639080598
1937,563ce878669c7bb7ae91,0.018367335997226,0.212953470255146,-0.19458613425791998
1937,70fcbdfc57b27ba12210,0.41204935926759106,0.43044318973708207,-0.018393830469491
1937,bd2fc9f3856c1f45c7f3,0.17094582346943002,0.6319561297177131,-0.4610103062482831
1938,3def4feaca777bb2b682,0.48408754481791877,0.9716987224521311,-0.4876111776342123
1938,4694ed48d05816ffc4cb,0.5146253984975814,0.6631726577281991,-0.14854725923061773
1938,84100b736f60ba92c511,0.569992434630581,0.5071370959648566,0.06285533866572446
1938,e61c6d26bd46df856590,0.33793217037815626,0.436644801392271,-0.09871263101411476
1938,eef031d372b8a2855417,0.31557971244437205,0.8053997755801585,-0.48982006313578647
1939,4e3672f41fa05aee945c,0.014577882499335768,0.2429719115002644,-0.22839402900092864
1939,5fba8d237ec0d2262c0c,0.027894967155275337,0.4429414907862315,-0.4150465236309562
1939,734b244cf5370f80ea00,0.21186484328135136,0.604538852665299,-0.3926740093839477
1939,def408c56ee4deb68f5f,0.17527242121405842,0.005718280851029,0.16955414036302943
1939,e2da7ef8e0d74bec6e81,0.01739640821432146,0.7742034420202506,-0.7568070338059292
1940,382a11c794717f7b855c,0.0016791889580659819,0.2021713681518665,-0.20049217919380052
1940,7977c4a3203951819a62,0.018941535105758134,0.5006954210171906,-0.4817538859114324
1940,80305fe560e6772939f6,0.62347036738241,0.994760385515389,-0.371290018132979
1940,8d68db2bc39a4d46de4f,0.048692890177564674,0.00581494196219,0.042877948215374675
1940,f8f09937258a36c97fa8,0.007539723376379001,0.011666643663165471,-0.0041269202867864705
1941,262ac5bea0d7c2f8edd7,0.21680000954923104,0.3436063459533825,-0.12680633640415148
1941,81cc2bcfec56ca62a197,0.47072442148909666,0.05790831487142551,0.41281610661767115
1941,99d59f9395609a7b1677,0.11137732568304101,0.7947260954453841,-0.683348769762343
1941,a8e83a77d1df12c8f98b,0.24397762324033703,0.9936414810806455,-0.7496638578403085
1941,e60901c428bee3ab8c89,0.22147711773014342,0.2803578040841505,-0.05888068635400709
1942,24386c57cae8f0b0fee9,0.0007338292875470001,0.44305470480220754,-0.44232087551466054
1942,6bf08b51f9166f564224,0.5074591565047475,0.5135029848263991,-0.006043828321651623
1942,7325556ffd725dd1c8a5,0.13958590957869904,0.053672642482586505,0.08591326709611254
1942,dcd252d561ed9171989a,0.14025131129869467,0.969514580551688,-0.8292632692529933
1943,49819695f470f4dc8f70,0.2531523473348735,0.36353232067417757,-0.11037997333930405
1943,728402a289719aa4fbba,0.6349228245681265,7.46710691424628e-06,0.6349153574612123
1943,b36f3e0bec4d68a10941,0.559078716194174,0.511332875897096,0.04774584029707807
1943,d25484a92c23be03b0cd,0.5360800694484731,0.713189549773068,-0.17710948032459495
1943,fb2cc561526eb9a4204c,0.058835305614831,0.18083225200890152,-0.12199694639407052
1944,4f24b7895887db33c96a,0.3946244830412095,0.5139509896438995,-0.11932650660269001
1944,501e2970efc54b8f6984,0.5334243020440916,0.11566632322749851,0.41775797881659316
1944,b2cf66bc62f0ad421505,0.48942176078724603,0.6095407204661225,-0.12011895967887648
1944,e83cdbc94855e2005740,0.323766731474871,0.4904296061638159,-0.16666287468894492
1945,c31bc6edb8b99ad3803e,0.48815045280582553,0.44322367036450255,0.04492678244132298
1945,d11d50c87318bc63e037,0.3356572269396416,0.47287026671088656,-0.13721303977124494
1945,e0cc6f362dbd276a849d,0.001096593310298822,0.4709166348433995,-0.4698200415331007
1945,edfa625f10e84632c981,0.5644845457792186,0.5402980115774446,0.024186534201773968
1945,f9868ad0c653ab836545,0.002871082192347855,0.4886122789830827,-0.48574119679073485
1946,03ef30fb6f5dc25e5144,0.5318236007758765,0.026470595442924003,0.5053530053329526
1946,8687d13b596ff7a752d1,0.06167969901990967,0.9995406103682946,-0.9378609113483849
1946,dd9ff4ea59f490a535fa,0.5171717696093424,0.34182706485601305,0.17534470475332936
1947,4cda5580c8e56411bb3f,0.1565661846704745,0.2070523110705745,-0.0504861264001
1947,f236e540e77e970e8120,0.8143640370385089,0.330357110951408,0.4840069260871009
1948,14e91c1edd88ea2f5663,0.33676677332899335,0.9077866557807871,-0.5710198824517938
1948,a3fae7ce9c62ecf2fdad,0.5695126408624731,0.48771262973934454,0.08180001112312857
1949,16d2685af2010480e6ce,0.10194494826533601,0.3521330104223865,-0.2501880621570505
1949,4a64428606a3a3941ccd,0.017949311400540503,0.41238528224425053,-0.39443597084371
1949,61a22c11132e63003564,0.39902503091907804,0.9244258785930576,-0.5254008476739795
1949,b3b65564e02227022463,0.4880643327764708,0.5365356632713145,-0.0484713304948437
1949,f72f2dea357dde8a8cc4,0.21501117329910235,0.017216205249189,0.19779496804991337
1950,2523d8728d3427d5122f,0.5269764203088334,0.7870517069985721,-0.26007528668973867
1950,a89d4b59b382997f60e9,0.07714956172278851,0.7505862317302756,-0.6734366700074871
1950,dba0afa333493d78d7b3,0.23607986978748902,0.5170796277136076,-0.2809997579261186
1951,1927c4111e1a69245fba,0.18899220179045,0.568625818969066,-0.37963361717861605
1951,c5805453dcd6d080fe3b,0.37844010848020104,0.9863322326082751,-0.607892124128074
1951,d7e6022f0c2d0ae373db,0.08441831244538194,0.17010661073586503,-0.08568829829048309
1952,2e3583e1c361325c82d6,0.03095188882751891,0.8186315490780081,-0.7876796602504892
1952,3830d3625554deb2bb2b,0.013626032109869502,0.7861507233261016,-0.7725246912162321
1952,41baae5fdc2a36fc0c25,0.007097668902130001,0.459789255571297,-0.45269158666916703
1952,68186af9afe7b9ee79f6,0.004120600508434,0.38715871724001905,-0.38303811673158505
1952,695b17180dcf1de33098,0.45850469755754736,0.07131103186705551,0.38719366569049185
1953,8bf23ef54ea64076d761,0.21337604477931854,0.0079938946048725,0.20538215017444605
1953,9b57a99548f6813a8af3,0.537618997687577,0.49992456146304404,0.037694436224533
1953,a1154ac8d408c7b4eaca,0.28779402751488653,0.10034859673665301,0.1874454307782335
1953,a461daf81d5723e85ed6,0.004600118637667201,0.9966733645387841,-0.9920732459011169
1953,e5132f64d6a7c4d39faa,0.29620525521644203,0.6578269786371701,-0.36162172342072807
1954,23a1ef73f8da4dabc16b,0.17398933486388768,0.3076525296996355,-0.13366319483574784
1954,55dc7de0c33073417bee,0.29740605174507356,0.6891508477880071,-0.3917447960429335
1954,7d78f777e3a3e44b904b,0.48878763886721455,0.5592877194734696,-0.07050008060625501
1954,8b55605b6eca1230a70c,0.3744398590232483,0.8369721330160995,-0.46253227399285124
1955,1bcd85d78d3f87c85838,0.29288252530711034,0.48336833793328254,-0.1904858126261722
1955,364b3562f2ae449ec640,1.083483261431542e-08,0.3934168320905981,-0.3934168212557655
1955,4d3855135c5862aa688f,0.24974039065161915,0.20872264171777952,0.04101774893383964
1955,57013ad08ca9f4c8a78f,0.17534717961456403,0.493620178660298,-0.318272999045734
1955,a17aa33e04ff500c110f,0.1972683413936685,0.917391453342048,-0.7201231119483795
1956,0675f36768b76c90fb6a,0.3793917219481593,0.5566674633577785,-0.17727574140961921
1956,22eba6f8649cf005a3ba,0.5618590812699628,0.1332717921787255,0.4285872890912372
1956,6c5fc508320ed814a6e7,0.6103841495138013,0.480269139217583,0.13011501029621825
1956,9d5c918efe52f246cf67,0.3863901310919026,0.5329787452743611,-0.14658861418245844
1956,9f73b1392c7ffa4c1b78,0.4510026074876134,0.229155228535005,0.2218473789526084
1957,871d90c82274e8fd94c1,0.31627912551825804,0.4869240054748686,-0.17064487995661054
1957,96444af09d73a3617914,0.3956935277372893,0.6180819159846431,-0.22238838824735385
1959,15cca35dd39e0fc0154a,0.2249226175796438,0.43328184080431703,-0.20835922322467323
1959,8d28b6d3683d5776f32f,0.5113802212612295,0.42887753140450857,0.08250268985672093
1960,f0bbb05bac85330222d6,0.3438104867851152,0.49328036371214706,-0.14946987692703184
1961,6bcc69275b77fc4683b3,0.5244564670927485,0.519355406964182,0.005101060128566481
1961,75e95e6e8f3cbbce343f,0.0144948781113035,0.28330755648693107,-0.26881267837562756
1961,7e15e0a9250b312ee994,0.4004415346436315,0.11156458645050302,0.2888769481931285
1961,90ebe9fbd387eea0d17c,0.8340985240104681,0.017175133441139502,0.8169233905693286
1961,9e0a718c86daf17ee7e4,0.6493955557554676,0.35362288363832806,0.29577267211713953
1964,3b64b2b87024f1733407,0.1777786746104635,0.4820358133220166,-0.30425713871155313
1964,dd23e64746a3fd9a98b1,2.830301228270285e-06,0.562638706623206,-0.5626358763219778
1966,280a62317083db0c7de1,0.46143167421582204,0.5542113966655886,-0.09277972244976657
1966,33cd691bda192728077d,0.564243266257748,0.0243737618313785,0.5398695044263695
1966,8996ccb47d3c7a32c154,0.7366678718670251,0.5788368830644816,0.15783098880254354
1967,1a5eb8b4c4a93f12ecde,0.95981198738544,0.46404537981167104,0.495766607573769
1967,7d1ba9edc414c34e7487,0.5218094828826181,0.5952058285802936,-0.0733963456976755
1968,052fd54288b06053698e,0.10620207694290401,0.5069286575181615,-0.4007265805752575
1968,09f78bd0a8fe878e00da,0.9362638889325721,0.009813087366475001,0.926450801566097
1968,3908cbcbbdf4983dbce8,0.28596014852871304,0.045435539196391504,0.24052460933232153
1968,7eed42acc41e768a9e8e,0.9164797591177911,0.458481571267542,0.4579981878502491
1968,f21908a483d9c5bd290c,0.7351464632107646,0.1734502766575495,0.5616961865532151
1969,329c3d255d649f5a3c0a,0.5798230072006061,0.0017369631200997208,0.5780860440805063
1969,44104d109a9889b3f0f9,0.36729282721426504,0.7766380257941989,-0.4093451985799339
1969,9095aa543aec7a95f5a9,0.189830272545281,0.36818000213813,-0.178349729592849
1969,ce91668932573c03630b,0.20908291652365402,0.23445545348222901,-0.025372536958574998
1970,0400893a6e354bac2ae4,0.024599624429570505,0.0012677675397214324,0.02333185688984907
1970,842917d5b24dc6280502,0.17290371383147352,0.4880501899528378,-0.31514647612136426
1970,843c3cc7d4226c512f0b,0.034054278885777285,0.2817526011051775,-0.24769832221940025
1970,d11e6dd92289dd310542,0.7025911791484831,0.49968020014416703,0.2029109790043161
1971,33dd47885676d3064ef3,0.3025576493241197,0.36425762549510504,-0.06169997617098533
1971,40b5231ad6fd205b1f45,0.34876417032648516,0.023015432488795,0.32574873783769015
1971,b38e22279d141aeb40d1,0.0005684240574715001,0.012746944301700001,-0.012178520244228502
1972,883def82c2c14b26d208,0.446620727316201,0.3073031592332205,0.13931756808298051
1972,d29cf004ca7860bcd12e,0.36373456214418365,0.5079198073341251,-0.14418524518994147
1973,4754689fc5e0025c155d,0.7204992957584918,0.4222516040168275,0.2982476917416643
1973,601f64437fbc0a82dfd8,0.468369934274242,0.12383413309787585,0.3445358011763662
1974,0baa3dfedc116a156bf8,0.5261667145208464,0.0682880975941455,0.4578786169267009
1974,2b971ff64f9bc3520eb3,0.23420322292628803,0.00020156805942356487,0.23400165486686447
1974,40f4abd006c3f04c5479,0.7618458103069093,0.8276785195744646,-0.06583270926755524
1974,c232b7252d54d2636d30,0.8896928307951386,0.782993185290622,0.1066996455045166
1975,2d91c9ba01f039e9d768,0.041157788537643,0.9820451750881927,-0.9408873865505497
1975,2ec33cb258142e3e6978,0.31825161353317805,0.5203434267271385,-0.20209181319396047
1975,90979c60f05097ac0ad5,0.2252648772786005,0.02591474580377348,0.19935013147482702
1975,960639cb8671f2d5cd92,0.9701533887811574,0.0013343305198810001,0.9688190582612765
1976,3c58909bca26398ca4a2,0.4012025134383335,0.0973114045003835,0.30389110893795
1976,58c9d63fce9e28613055,0.27394361441450904,0.130646271978296,0.14329734243621303
1976,c843247903c1e6ce6bdb,0.7015225510509439,0.24421268046858352,0.45730987058236033
1976,d0d28e7b09fa4ee92973,0.20521519192040052,0.46772532125018207,-0.26251012932978157
1976,e187f7b26774d6ac8a70,0.42920251585089253,0.348038400455435,0.08116411539545754
1977,1e330436307618fa039f,0.3463920757876544,0.00197100534097,0.3444210704466844
1977,2cfe57a05cfc9d344630,0.075456034330479,0.50484445836347,-0.42938842403299105
1977,45acbe0a14e63177dfec,0.24351250414447523,0.2091397985520765,0.03437270559239872
1977,af4815185b59499b68f7,0.5136969732306504,0.49942568969896256,0.014271283531687884
1978,37053c073c0f02b3a7be,0.6260826980851361,0.46141812111950004,0.16466457696563602
1978,65c135f4671ebc1ba2d5,0.6626574459242935,0.4556161028163465,0.20704134310794703
1978,f982707fcbd041db5be6,0.8087598511639146,0.494938829130778,0.31382102203313655
1979,24d1626467f1d90324fe,0.593681966433182,0.7677826769797391,-0.17410071054655707
1979,5b1882aae688c91f7d09,0.1045386113567865,0.682847472590507,-0.5783088612337205
1979,87c4a9a65965f535b9f4,0.1734841663301555,0.018492551218187502,0.15499161511196802
1979,9b9743efc63165887f81,0.275649746628823,0.43874235819788904,-0.16309261156906601
1979,bb7523a1803465f2e4ea,0.8711579924645071,0.2782766088849755,0.5928813835795316
1980,523395768f25d8d074ab,0.181734136690301,0.022144051358620503,0.1595900853316805
1980,549f05cfc4240b93936a,0.000690289212526,0.362309652218238,-0.361619363005712
1980,6d8733bf3c6b1491ea1b,0.257380544642895,0.49751804814931905,-0.24013750350642404
1980,75c7428f267f11f06bd6,0.0067954690622760005,0.7477275016744925,-0.7409320326122165
1980,c9fc9f0edb3e5a387f59,0.31110861513731347,0.5168925682369956,-0.20578395309968212
1981,509a3b5be2ad8a3b5f16,0.2715059785634043,0.177454023790383,0.0940519547730213
1982,3d30fc2dbe88d75b43d5,0.2914644678547404,0.0132837452972365,0.27818072255750387
1982,bf7ba067f29342a6b021,0.184153241858592,0.5243464982819596,-0.34019325642336756
1982,df14bd6ecc87d271404f,0.0024786070995100004,0.7823572819569701,-0.7798786748574601
1982,fd0db3f596712c7c9843,0.43470055461696255,0.3534915413618935,0.08120901325506907
1983,007d7e86d909ff4d7761,0.23919154780594284,0.6933353826808106,-0.45414383487486776
1983,027c43e860afc76dd6b8,0.6386356281832151,0.000799218188165,0.6378364099950501
1983,3ef69378d76f4985f641,0.7229274903847287,0.9950988697345455,-0.27217137934981683
1983,6c548b9d3ac2d2d62447,0.5193026960937203,0.4547552365142705,0.06454745957944974
1983,9c39abc3c1242f33d383,0.23317313455794075,0.3644035503440548,-0.13123041578611405
1984,17a52f632441c09c054d,0.5429874247173531,0.14694011164655302,0.39604731307080004
1984,63e4687d62e0cb20f9c4,0.008072356024313334,0.6208049003827161,-0.6127325443584027
1984,7041e1d9413e3aa2d848,0.6377175065787115,0.600021198857643,0.03769630772106847
1984,8f7c79b43d90b43e373c,0.32407968138896337,0.3745132047936075,-0.05043352340464413
1984,d2b4f4183c656fe40827,0.5116264080203086,0.8586907126869471,-0.3470643046666385
1985,49ebb5a833cf70949e5d,0.5081458028957768,0.871187160552866,-0.3630413576570892
1985,4e6eef05532b9b536797,0.6659217566139091,0.3403899385355855,0.32553181807832354
1986,0298f49449074b65eb92,0.5425066528711597,0.8783540635618916,-0.3358474106907319
1986,563f709fc68186ae1843,0.255671165211742,0.545374486879398,-0.28970332166765606
1986,5d302893b2e1ca148381,0.009699247932915501,0.257386136075056,-0.24768688814214052
1986,6531adff1f5b154cd68e,0.16207550248589603,0.1592355291492545,0.002839973336641516
1987,5ddaa7ffa292a6bdaf7b,0.0765949716756,0.9149343287028261,-0.8383393570272261
1987,94d049b5e66aa6ea5b5d,0.6755442862361312,0.013355533192367002,0.6621887530437641
1988,0a6371f13750bfa3dfa4,0.2840776914797794,0.010951619638697,0.2731260718410824
1988,57da54b4b359b6964fe3,0.5426753485833656,0.16882053348593,0.3738548150974356
1989,910c037a8adbd1789143,0.9273522410174796,0.41655924945384404,0.5107929915636356
1989,abd30b814d809a28d804,0.4894201246501955,0.4940808875713175,-0.004660762921121997
1989,d344d549cc9726a1431d,0.5144096056640187,0.1825798560595255,0.3318297496044932
1990,13afc284d42b3e604e83,0.056317659152042,0.39211352174148,-0.335795862589438
1990,1a87465877b768daf49d,0.0031101210990110003,0.456236267503775,-0.453126146404764
1990,1b8eeec7b74f063cded8,0.6253487564362213,0.1347367629535005,0.49061199348272083
1990,cd6bc6f1f0b258b671e3,0.21228573778648102,0.035493479133507505,0.17679225865297352
1990,fd92df702848d62c35df,0.9341461323405371,0.345080407426532,0.5890657249140051
1991,1dbad49859599f7bfbef,0.42280129422038604,0.3113650930866755,0.11143620113371056
1992,28f01c20ad6a75e9fb58,0.6370924136715367,0.05000380211149551,0.5870886115600412
1992,c50d34b7890697827f59,0.07607908431759168,0.48463173926803954,-0.40855265495044785
1993,27875a01a021640a89c6,0.4422302404192441,0.6246207868894096,-0.1823905464701655
1994,2dcb204b0c592eaa7579,0.4845579300325659,0.791577971656765,-0.3070200416241991
1995,085c1b02f3d23b99871f,0.312041694017256,0.6277420734697865,-0.3157003794525305
1995,4a6be3efb119829e23a0,0.4384827868139595,0.6671017875504456,-0.22861900073648606
1996,10ea21251563a688c7ee,0.407225251904313,0.642285301051589,-0.23506004914727596
1996,49632e4406158b5fbb91,0.30463762949129886,0.4991506515837105,-0.19451302209241167
1996,dc2bb7c665823d9cb757,0.48213281433490857,0.09771386372042451,0.38441895061448406
1996,e69c8fcf9acd38fe0f08,0.44306898436982306,0.245471102756829,0.19759788161299405
1998,2b8f6423bd3fc92425ce,0.000392361669816,0.5523458871800895,-0.5519535255102734
1998,8b4927005445da6183c2,0.003026517804401,0.8377088415753147,-0.8346823237709137
1998,a06dda6fdcce48a4bdab,0.5312387262421239,0.05501005735763995,0.4762286688844839
1998,decee2af7c6cdc07a2e4,0.5581207350195507,0.02271544582265,0.5354052891969008
2001,1a11ba3cf21157135b26,0.5032413598840695,0.905430351058895,-0.40218899117482554
2001,2e9e3822e10fdee3321b,0.3393726045086117,0.949740931513678,-0.6103683270050664
2001,a4df8d971315310e445d,0.427316613110593,0.0449690337191085,0.3823475793914845
2002,67e4895b9828fa4d4585,0.2866375246600742,0.35060361506531684,-0.06396609040524265
2002,9ba47fb5b1430315884c,0.6260149032057565,0.528678406480336,0.09733649672542044
2002,bd6e982e2420a1fe29cc,0.6357086461814189,0.5306723735780575,0.10503627260336135
2003,77fb4f1d8e5c207361e0,0.6120873459277527,0.7192875657277176,-0.10720021979996486
2004,052e9da81446aee05f35,0.707959227570606,0.00020905244702500001,0.7077501751235811
2004,4e006e1d2cb1b43c5616,0.478993578167549,0.000542133322176,0.478451444845373
2004,57088fa6ec2bde0b4650,0.39466967760544674,0.5993228706834995,-0.2046531930780528
2005,553076d8ff5c0f361dcf,0.528218362591008,0.422332165348325,0.10588619724268294
2005,96e9ca7bd2566b115d1a,0.257011279393756,0.011985960612833624,0.24502531878092237
2006,39c921217d79cc065eeb,0.051738353581833006,0.5716379956362361,-0.5198996420544031
2006,4d7f891177f398ee516a,0.38283682252562895,0.6359909401538826,-0.2531541176282536
2006,5daf66e1677e3ea789ec,0.36867587894522,0.47733478474371904,-0.10865890579849902
2007,13675f8ac115b1bcb976,0.427135552750611,0.577535881296114,-0.150400328545503
2007,90f55cb4d747a008a96e,0.2928546390810595,0.7905417960339786,-0.49768715695291904
2007,a54ac02c5ba21e9fb404,0.28576607865000897,0.1903223323373105,0.09544374631269847
2008,dacf769147ce63ccd457,0.0496423757461395,0.49105831505635755,-0.44141593931021805
2009,1833a43eedb13a280547,0.12103447583367134,0.3840857733026875,-0.2630512974690162
2009,7bfe5c24bbc951c7fd67,0.01829574107776625,0.2528285484905865,-0.23453280741282026
2010,3fe5d9df2f3d8aa4d088,0.38678130339285255,0.433224460344078,-0.04644315695122547
2010,4213a4785e937ef1ed4d,0.10632291949512247,0.00019674541464,0.10612617408048247
2010,74d33f9749c7604c2763,0.26995321994247207,0.24386678864560152,0.02608643129687055
2012,0c6a8cc44aa096bbd3f6,0.4204724549528067,0.9236264330138361,-0.5031539780610293
2012,1c0e511b6ea735f50251,0.10291743904076067,0.15051023644934353,-0.047592797408582854
2012,c2b7393f154d726e3402,0.567460937665201,0.355309952919084,0.212150984746117
2012,e0e3c509963a58b0b633,0.3954831402708788,0.43478648764280403,-0.03930334737192526
2013,2898829352bd1036c4a5,0.449378695860001,0.5625601005943546,-0.11318140473435356
2013,64dab3f285ce50ba809d,0.3517704042086099,0.46723670278393453,-0.11546629857532464
2013,83c6e302e50250a3aa45,0.3015494729109,0.7608145809604066,-0.45926510804950654
2013,ace8f396c24b598082ff,0.005574087268324,0.004954522179348501,0.0006195650889754996
2013,dae7272e5c71271a2b4f,0.484827881379753,0.6722712121891256,-0.18744333080937253
2014,13b1af6462e9b31231b6,0.131470230768327,0.6172158363573965,-0.48574560558906954
2014,eb9ffbcf3347bca13e20,0.4523228309684367,0.0018456609384420002,0.45047717002999466
2016,a7aef63997d9b577f956,0.8762948965588173,0.72590695990033,0.15038793665848726
2016,b7ab5cf20b46f771a3dc,0.599950377237309,0.060953051796851,0.5389973254404581
2018,14b4123267699fa12576,0.473166599976239,0.6966102426817206,-0.22344364270548156
2018,8b3648cc4dd950d8b861,0.00551619143986179,0.4476952512210727,-0.44217905978121086
2018,b088d9079dd08731d145,0.8326957300953808,0.9860104855191045,-0.15331475542372375
2019,c508507dec972e7a6960,0.6340329197779525,0.5405360867447686,0.0934968330331839
2019,fe849fce92a15dc0bbe2,0.662103543296454,0.10673887493309751,0.5553646683633565
2020,7f20bdeb9461e880a4be,0.49331614800603385,0.8911539890270261,-0.3978378410209923
2020,cd887a8044fd30e38e5f,0.45525138350018324,0.946945907524749,-0.4916945240245658
2024,6eaaeee4ccdd04fe00e1,0.9416471423727041,0.04274784486336752,0.8988992975093366
2024,99cf64b0698f38e45765,0.34741918547835104,4.988477042600314e-07,0.3474186866306468
2024,9f4ebe4af4d4b842db64,0.9922911378622531,0.2749550977764255,0.7173360400858275
2024,d6072c8de98799986b82,0.7397907477560061,0.528567308038404,0.21122343971760205
2024,e6f59e8dab6b8d235a2f,0.113625847816141,0.46907515402647404,-0.35544930621033305
2025,bfbfaa3bb5dea008db63,0.18432789855091902,0.45188349665834904,-0.26755559810743
2025,c31ff7086077c9488f37,4.470242340567751e-05,0.555309983938296,-0.5552652815148903
2025,cac2308c1edece163bc5,0.18056028127467902,0.508070282221421,-0.327510000946742
2025,ed6a2a1972a3731f45f8,0.008754882072534,0.9968737302753705,-0.9881188482028365
2026,8c06e43c6f42a8ebac92,0.5872260285040797,0.3007659323382255,0.28646009616585416
2027,4203e9927560d8ccb875,0.00022279845858600003,0.9735949349403226,-0.9733721364817366
2027,54af00fca7bfa97ebe9c,7.387553513293933e-08,0.4790188347181235,-0.4790187608425884
2027,5a00fb47ca381f36189d,1.084053702949826e-08,0.5349068952419586,-0.5349068844014215
2028,28507844e2219d9817a8,0.30513543694239037,0.9306858489234566,-0.6255504119810662
2028,3f539290389b74d00c2d,0.0015671283687940002,0.7106979112480686,-0.7091307828792746
2028,7471a97486f36b8d0f60,0.6320582911648105,0.761975913070655,-0.12991762190584455
2029,51f6a25477e100caf5a1,0.32324805981841304,0.55565158838716,-0.23240352856874696
2029,d49a235283d301f9d12f,0.4420950976852933,0.011457119783255,0.43063797790203834
2029,f79be689bf76b60a1971,0.20518223629884252,0.0338232479910295,0.17135898830781301
2030,28dae2ee25a570228eda,0.33878248124099786,0.000909853889632506,0.33787262735136536
2030,54b40b77c2a7ea5e5f12,0.4251150747682086,0.201841794989604,0.2232732797786046
2030,7c1221c7511a93bec0c3,0.2633815542426084,0.012165069238422,0.2512164850041864
2030,afbebfd7ac8c419949f1,0.3670280296630303,0.40705178855248203,-0.040023758889451755
2030,c6a84ab17496bdebea80,0.291323776069142,0.1354901865735465,0.1558335894955955
2031,44937abd0a53d0d6b6b3,0.40402844023097667,0.9177617267391336,-0.513733286508157
2031,bf5ef00b034272a942fa,0.5497603722762484,0.005890303507087,0.5438700687691614
2031,f0886c836e6a3f556151,0.03822878916422161,0.46739364874508404,-0.4291648595808624
2032,f5887750a671164f1a54,0.06371659758005851,0.9156073849782855,-0.851890787398227
2032,f71c8c96dc52664f2f0c,0.3894950301212848,0.00011971262383800001,0.3893753174974468
2033,85088dddc720302964dc,0.28510847067860534,0.06433372785783101,0.22077474282077433
2033,8aa3924d86ad0c4ee39d,0.4937686234814615,0.49972151042724505,-0.005952886945783553
2033,bcdfb245e64f5fd9ec5b,0.07448473480212534,0.8123737076116426,-0.7378889728095173
2033,d87f5b3b726dd594e493,0.11325977147286333,0.029244062681710502,0.08401570879115283
2033,e5b136100561c9aea449,0.05671269379483101,0.49853046658264305,-0.44181777278781204
2034,882e455c25fe88178370,0.046734128303152,0.359805394813594,-0.31307126651044204
2034,88aa7cf03171ba89ccf6,0.04948057364233333,0.045562384649847,0.003918188992486332
2034,a01de5eb08933eb9eefb,0.198629632825218,0.47920663923933504,-0.28057700641411704
2036,509cd6ec80167d5fac38,0.004483368665278,0.0181971399255565,-0.0137137712602785
2036,7ad981e1a8987f0e4056,0.16046077273239934,0.5822269346340151,-0.42176616190161575
2036,8b110709affe919da1f0,0.538652113016599,0.206081801085712,0.332570311930887
2036,cd750cd3e7142b9d9251,0.10725825285712735,0.0018480611763780001,0.10541019168074936
2037,054affea078b30c1ef23,0.10575549736662601,0.36705803768398304,-0.261302540317357
2037,ce61714a1de21e82f42f,0.009941847312517042,0.8971731483437686,-0.8872313010312516
2037,ff9af5477434f913d21b,0.11629431636388901,0.49169725106308304,-0.37540293469919406
2038,1bb96ec33b1930db243a,0.049093284080083004,6.411479159344156e-05,0.04902916928848956
2038,3fd36e6e56354642bb90,0.4212331977898125,0.46470629541326003,-0.04347309762344753
2039,e2e14079f1b2f9da5b5f,0.14776281495645602,0.446012290979022,-0.298249476022566
2040,18d8ba3a5018aa5d727f,0.39981667605751353,0.3994574270930825,0.00035924896443101373
2040,3fc06465850ba210b4d7,0.029134950197157002,0.5826059517811586,-0.5534710015840016
2040,73f126cf5e80c0819066,0.0039118572037850005,0.46214557117227306,-0.45823371396848805
2040,d3d3f98783842f2174be,0.05154667158437834,0.522389660244104,-0.47084298865972574
2041,a9d6ad99bb7ff292c033,0.20477195267349102,0.32539716231862204,-0.12062520964513102
2041,dddfa07b0287eeaea4fd,0.34366204957613605,0.29201517249554254,0.05164687708059351
2041,eb33845cda908c294e48,0.007210705467478728,7.375519476956149e-07,0.007209967915531032
2042,0c43949808022a91f4b9,0.000184929480151,0.15790622898821602,-0.15772129950806502
2042,8e45f952f78095f934b9,0.9355494531230161,0.05870194509990151,0.8768475080231146
2042,abcd1fd6a421fbb28e49,0.9780371488003401,0.998941512629105,-0.020904363828764927
2042,d3485938c74582512135,0.001066714388797,0.5202322327152751,-0.5191655183264781
2042,ff5f0189893994975bba,0.03346938205013592,0.029197081102041004,0.004272300948094918
2044,0349a9c9b5647f4bfb06,0.23459930425287903,0.14139557058784952,0.09320373366502951
2044,10ba0fcc74261049d287,0.030259854233863,0.0170065640972715,0.0132532901365915
2044,26d6926eb061861c69fc,0.16685776566642802,0.446551393286502,-0.279693627620074
2044,2ace3dd8e928a1d4e746,0.130398123597831,0.5516122743915255,-0.4212141507936945
2044,f4da90b36c7ad29e42f3,0.43414901379618703,0.2228596827101425,0.21128933108604453
2045,19bf829342d516aec303,0.009785062520550001,0.49663284071962455,-0.48684777819907454
2045,7db28e3d8fe4aa9e3433,0.007812922361290001,0.9980976549632266,-0.9902847326019365
2045,9fe54ff13ea99d24c4fe,0.036525266179187006,0.1187632791078395,-0.08223801292865249
2045,f1db3e1d28a75822beaf,0.0011022124820150002,0.102512332217498,-0.101410119735483
2045,f5e7e95e1e351f33b0d7,0.00038028287843400004,0.9952118283513927,-0.9948315454729587
2046,00fc7949453306ec14af,0.008984549823385502,0.1919588356866445,-0.182974285863259
2046,086bab5692facb687f9d,0.13008965072651152,0.453575754844609,-0.3234861041180975
2046,8ab060199a8b747503bc,0.08045786222711301,0.004580320386283001,0.07587754184083001
2047,0065228b5b83491ca63d,0.009175114900909501,0.003635836805503766,0.005539278095405735
2047,1457d959b8bf1853cd6b,0.5464485267566975,0.053248852580696004,0.4931996741760015
2047,e5f647cfb8e76800054e,0.351501909919762,0.19664403313074402,0.15485787678901797
2047,f78bfc31b023476d31e3,0.3914638093995795,0.43351893332661456,-0.04205512392703509
2049,cf91c60d0027e29e792a,0.43200141038480555,0.06922384280356322,0.36277756758124236
2049,eb18114aefa1489e0736,0.4188645758441849,0.3349055958567765,0.08395897998740842
2051,4916b07462d38bb9ef2a,0.12667988017515602,0.3826198093887385,-0.2559399292135825
2051,7671f56c9df9062c6605,0.03124321187656826,0.6758513055408326,-0.6446080936642643
2051,af580c20e203dd242853,0.007159938303930501,0.9787078771513735,-0.9715479388474431
2051,bb06dd22770c65198b15,0.1091623796578315,0.5219901299187341,-0.41282775026090257
2053,080b2756553a32aea070,0.502004174737332,0.9743187168372646,-0.4723145420999325
2053,8e69fd5f9b65841148e4,0.00041193371782500003,0.5161621750110945,-0.5157502412932695
2053,bf98f3d9019e5d6c112b,0.6910498766418779,0.463212548415322,0.2278373282265559
2053,c82cd270f24a909c840a,0.001385805682424,0.4918534578934901,-0.4904676522110661
2053,cf7f906eca41b91330ec,0.273521373230932,0.09119135814240652,0.18233001508852548
2055,0fb98f2d3d02636e9b2a,0.44016933159870053,0.000124193947323,0.44004513765137754
2055,8c648267be96330dc33f,0.5081014509408989,0.22826502073475302,0.27983643020614585
2055,a1c5825e1970e83b7413,0.536731093363734,0.42908698055384953,0.1076441128098845
2056,2c0359952dea778c356a,0.7054344667871375,0.38070649279421453,0.32472797399292297
2056,8fc0947015a315b3e9d4,0.6428047332215354,0.44805139443269754,0.19475333878883788
2057,2d203e8512e24bda3a9d,0.37519893047756286,0.036292402737781004,0.33890652773978186
2058,0b457b4cb6c4e83d038c,0.3294398373478863,0.28727261529583703,0.04216722205204926
2058,9a17e4fbaea7500c3ac3,0.0663373299598025,0.5925725698635875,-0.5262352399037851
2058,a8b1343a83dc9f37fc0b,0.712513346535186,0.81591620714899,-0.10340286061380399
2058,e34f3fce3b517a2bcc1d,1.096223406491305e-08,0.4592659625507,-0.45926595158846595
2059,04305c94d44efa9e4c1c,0.670862099811497,0.6251181600545965,0.0457439397569005
2059,37b9f884f2da0b91faaf,0.8151665788806434,0.9183774141167926,-0.10321083523614927
2059,71783e1bafa73ed094f5,0.369391346861254,0.9894316449623001,-0.620040298101046
2059,bcf8c6fce2b9a80f45e6,0.06236490280560401,0.593779460777048,-0.531414557971444
2060,044ef5d94eeaba934d38,0.40143818164319905,0.45788519817065904,-0.05644701652745998
2060,21a7447be66587808570,0.22659164795067302,0.9945589907929976,-0.7679673428423246
2060,914893b5736c1498e2f4,9.70648400773354e-05,0.901381964503009,-0.9012848996629317
2060,b66a410d72ec4a2892a4,0.18125117335566926,0.7524171594814846,-0.5711659861258154
2060,e5dbf9a0a120dff0c17f,0.9832193226645721,0.39781833117846355,0.5854009914861086
2061,12c0175a8663e8aaf1fe,0.056018066074577,0.49753827821866203,-0.44152021214408504
2061,467b1d1f0f95f4f2a261,0.13099881203844002,0.47426843270394703,-0.34326962066550704
2061,4eb24d09a718a78c46c4,0.39188799736289104,0.8845130956984121,-0.49262509833552104
2061,593793ff50002b23843f,0.6474950789725554,0.26509241454202054,0.3824026644305349
2061,b3bc3e62c0c4b5ea1346,0.00298593942595,0.0396783519269095,-0.036692412500959504
2062,211a218155daf461f15e,0.033266896999073,0.45661543465573057,-0.4233485376566576
2062,49c8028285734ea6ac3b,0.7924326494981181,0.014957799116432502,0.7774748503816856
2062,6b8ab9cfb580e41d64b4,0.14133110959633668,0.964590857365029,-0.8232597477686924
2062,c06bab7c86d681d549a4,0.0993691380523355,0.29481833058803053,-0.19544919253569504
2062,dc5eb9081fd33628e79e,0.95273004754693,0.038365648363731235,0.9143643991831988
2063,41eb591c25600d3510c9,0.28707566889609404,0.9390473303747411,-0.651971661478647
2064,5d43215721f01b2d2cde,0.6103507943006121,0.16559014627818203,0.4447606480224301
2064,8d8c451d70b87ddd0337,0.9868071747868861,0.21555763710020903,0.771249537686677
2065,0bcba47bba5d0a420626,0.68224803074522,0.28105818427949253,0.4011898464657275
2065,6d7f5dceb47ff4864ec3,0.041616430352924005,0.395097706601634,-0.35348127624871
2065,b3d176e700070e978567,0.000908446204378,0.10212350572330102,-0.10121505951892303
2066,2fce5c7356af4ac046e8,0.320039256751107,0.645689066748733,-0.32564980999762605
2066,7d7dcd90499fd680cb6f,0.801076538632139,0.6288345745885201,0.1722419640436189
2066,c44d4767df078d1a8a51,0.9844622740587275,0.06485494711389,0.9196073269448375
2067,1ad8a68bdb80b0123a6d,0.23781931160360334,0.32230591956860805,-0.0844866079650047
2067,a7d812402eab0979bfeb,0.38464988587438603,6.622518790026555e-07,0.38464922362250703
2067,b678c660d7317cef0d7e,0.3310589766664468,0.027041074462936004,0.30401790220351077
2068,078ec3c5fa20af7f18b3,0.335750593935911,0.47380561375851804,-0.13805501982260704
2068,77a8b33bdf55b72ff44e,0.40033077473237527,0.03227157589535,0.36805919883702526
2070,1564c2e1f83ab81713ce,0.025493891888554502,0.5842830287906705,-0.558789136902116
2070,4e45014f6c99ed26fd48,0.5378653389891951,0.002010093587386,0.5358552454018091
2070,ae7261748cc897968379,0.05281541258401067,0.7028140067300086,-0.6499985941459979
2072,44fcfdf5249c2568e0c6,0.6231354879462173,0.961244486160951,-0.3381089982147337
2072,77a17524182b2cf049df,0.045535807403782005,0.514652249260253,-0.469116441856471
2072,9675e0a64d02b675128e,0.0310709570173545,0.0101396812763145,0.02093127574104
2072,d7b2db4d3cd197faa7ff,0.24623343078309395,0.0019208052307385002,0.24431262555235544
2073,0b3c8e40a4894429737a,0.944908016786949,0.21267431774401202,0.732233699042937
2073,526b01943c41c3411144,0.9714665689706791,0.47533318570452754,0.49613338326615153
2073,681eae1b2693036c9dd7,0.9593998975126271,0.7168662603060425,0.2425336372065846
2073,6be80728557b8ec2d674,0.7993742333139554,0.9857123445769356,-0.18633811126298017
2073,d19960af7cebf43119b3,0.999063297152954,0.8347576355963826,0.16430566155657145
2074,284fec83582266a0223a,0.46148324610575303,0.43279356185994355,0.028689684245809477
2074,50379a31d510ca56753b,0.9263441916950971,0.720846180105247,0.20549801158985004
2074,51c3e389d4725d4bb66d,0.769533869749166,0.077042437085146,0.69249143266402
2074,5f38a77843b3b891c8c8,0.9113224154297851,0.31418112070028503,0.5971412947295001
2074,db612df66b3b58e7e67d,0.25432081829310205,0.0604024999872495,0.19391831830585254
2075,8910de5f152a5b516026,0.5919575241465118,0.965931559358143,-0.3739740352116312
2075,a8b3b85b0a266a400842,7.70136450963417e-09,0.07106754795644256,-0.07106754025507805
2076,d0e8b5caf8a8a0c0106f,0.4849759163930184,0.9279532687947846,-0.44297735240176617
2076,eb3860245f59bbb28f2c,0.7046205671379869,0.9978062409850036,-0.29318567384701666
2076,eca19200648a91cbce90,0.4408860810082448,0.015875197952027,0.42501088305621776
2077,08d7040223d00c4cc8b3,0.7583267701121916,0.6096939430138496,0.14863282709834202
2077,41aa29fa63651f507811,0.7699318757426691,0.644097745398262,0.12583413034440705
2077,42b7540ccc9c4d5e6dca,0.963766588513108,0.42168579615301105,0.542080792360097
2077,c065a4a43aa862fd178e,0.644506304156377,0.0488020258611805,0.5957042782951965
2078,7f2006f05649ee7c9af6,0.8575136460692186,0.47698260293092104,0.3805310431382976
2078,809455551983979beda7,0.6149591485081131,0.43846548604640806,0.176493662461705
2079,41607d186f08464ef5f4,2.3821719454696662e-06,0.5004689129884571,-0.5004665308165116
2079,b841f2aea0a3f9a429de,9.330178941284434e-05,0.5722819869905795,-0.5721886852011667
2079,ec47e9b3530260a827c7,4.693438309873219e-05,0.506433687523352,-0.5063867531402533
2080,3dbb3c10a5ae3e4998f4,0.864812076142202,0.524594902679635,0.34021717346256697
2080,8aaf17af336ca1456daf,0.19204041444338654,0.07029510295776051,0.12174531148562603
2080,9f89d5fff7d8a46c91ad,0.131342474868202,0.0771102746427475,0.0542322002254545
2080,c4dc064e39d3c2cbd6a1,0.218535581836606,0.3498897900567078,-0.13135420822010177
2080,c55c64e8e893c28033f4,0.0026958290938280003,0.11217247942995351,-0.10947665033612551
2081,2c63bcbb55cd503d0a75,0.4186113727070977,0.6636544066071176,-0.2450430339000199
2081,c5ba1e3a943f77f7cd70,0.5347390454037008,0.9935651917419316,-0.4588261463382308
2082,626d3ca422d071ac50d9,0.030384328186723004,0.558985544742807,-0.528601216556084
2082,71198f406265fe80790f,0.42601036951202237,0.8498346652026041,-0.4238242956905817
2082,f64ac60dcd4986722753,0.10533119354545901,0.29892170282763797,-0.19359050928217897
2083,05416a0452e25b6d44fa,0.5973763951040071,0.5184777227960345,0.07889867230797254
2083,77380df3ab4ef94e8ec5,0.063661878064563,0.5349887171195316,-0.4713268390549685
2083,8ef2c30ea64bbe0ad2a1,0.6298356706342928,0.7349539237399291,-0.10511825310563627
2083,9c534042a760c87785d1,0.48248978863100866,0.8651647540341381,-0.3826749654031294
2084,5ee0a47628b1f1feb5c5,0.396919628972121,0.44133767887969955,-0.04441804990757853
2084,8cd9af237dfe7c705be8,0.032477204653372505,0.5088329226831075,-0.47635571802973503
2084,94043995c1cb642b17e9,0.24963970369419552,0.8769949304633411,-0.6273552267691456
2084,d30ede053441572b9a7d,0.005315135350368001,0.7608164883646695,-0.7555013530143015
2085,0ce6b6f871a76a4ac29a,0.5514543949240743,0.5184814990134006,0.03297289591067376
2085,0e4e4c387706003ae1be,0.14592064961204151,0.029609070323170502,0.11631157928887101
2085,18bfaf68500ae53f75c2,0.1743670182180775,0.49426698086375453,-0.319899962645677
2085,66de73ac93d188c590d3,0.09710420932176367,0.5362852992385545,-0.43918108991679083
2085,75a7d18c23d2e3f40787,0.0931889018109555,0.29204366277133903,-0.19885476096038351
2086,239a243f32373a5776f4,0.29071662614721905,0.553628077389228,-0.262911451242009
2086,2c7773aff1e3eecb1b9c,0.093831509146705,0.8794240140152416,-0.7855925048685366
2086,55ec5048d070b88303be,0.000136310994456,0.09408592900903301,-0.093949618014577
2087,7e6f319bdc17af0e44aa,0.043554745696106005,0.0013301616207700001,0.042224584075336004
2087,90bab88dc8e36468f816,0.415854876023085,0.07676239938576751,0.3390924766373175
2087,b87ad1bfb9d7596efb9c,0.014153782171269001,0.045847878495662006,-0.031694096324393004
2087,e93033439f266576bf70,0.546112987643675,0.6983896402872826,-0.15227665264360757
2087,ff30a63057112fae48c7,0.054401224919306004,0.403610996169929,-0.349209771250623
2088,4af32cc1757c51229be8,0.032091342712867,0.162517686845425,-0.130426344132558
2088,e1ff81c5a738f807ea49,0.28834859865586504,0.611029108836016,-0.322680510180151
2089,f0a0e62bb0c40a3da69a,0.6692495581551036,0.29301169159961404,0.3762378665554895
2089,f655ee479888abc4058f,0.3708022807898878,0.13338395494792052,0.2374183258419673
2091,87e4daf829e567cb6f5e,0.409638972252173,0.3865686601266385,0.02307031212553451
2091,9204c0caebe7dbc14d7e,0.032483796797234,0.033706730152216,-0.0012229333549819976
2091,a69142b21cf26c389de8,0.11351272000543801,0.7202420410099335,-0.6067293210044955
2091,a97d6f527a206ec067b3,0.33331523180242373,0.44594516199437656,-0.11262993019195283
2091,b604173982448be31bd9,0.5835672428016434,0.4378249246928045,0.14574231810883892
2092,1bf68bebb89e5235ee4e,0.29009894869301,0.4682771554281921,-0.1781782067351821
2092,3d141eb37c32b243f58b,0.38649356807421703,0.002791433935365,0.383702134138852
2092,7d155850451311c0b065,0.041189694824088505,0.49868834197681305,-0.45749864715272454
2092,b41846dcb8216355b1ae,0.21374557104451578,0.08052397401759401,0.13322159702692177
2093,286af842f9257a4aeed3,0.3883858816087737,0.3601963162284335,0.028189565380340176
2094,234970ea1ba04a25d560,0.0214166314530785,0.9190520205843427,-0.8976353891312642
2094,3c7bf787b7e3aceb29b1,0.5232267813867488,0.38235807290545004,0.1408687084812988
2094,ae78ee7cbb5f71df8ba7,0.005047070952802001,0.076664727688041,-0.071617656735239
2095,0353c89820db3760a576,0.9980414201492951,0.500129101133138,0.49791231901615707
2095,1fb0520fc9c05aa97a86,0.9984492307522421,0.388182136743255,0.6102670940089872
2095,7e0030f055c6d6da8200,0.9967220345013581,0.502495075230807,0.49422695927055105
2095,8d014b5e2729bb7b9af4,0.9986042219951451,0.8271610600236841,0.17144316197146103
2095,c2223a5239fb63670cea,0.9519283767459171,0.073005298635784,0.8789230781101331
2096,0cf736353975744b1bbb,0.0874246963036295,0.41397827458551506,-0.3265535782818856
2096,4864416a1f7825b6f20b,0.056661149747851004,0.067938544725215,-0.011277394977363998
2096,af01fdfc0645fdb18f4f,0.6978770738687367,0.14290442131657702,0.5549726525521597
2096,bffaaf21359c1e57efda,0.574518396677229,0.8555542028410751,-0.28103580616384605
2096,f65d0ec3eab6f79cf115,0.484848939496328,0.4164871611335818,0.0683617783627462
2097,2507c31ed9aa827892e5,0.007642714356286001,0.41593596140988204,-0.40829324705359604
2097,41f5681d3d5ece0b348e,0.023823292883890502,0.10420034044261452,-0.08037704755872402
2097,6099ea598370751b652a,0.5891460837190311,0.1043174735207345,0.4848286101982966
2098,05e19d2bc5368e406366,0.03575655086191,0.0110711984830535,0.0246853523788565
2098,0b694be196b192f14752,0.029726550356128003,0.8869945743835042,-0.8572680240273761
2098,4c9a15ca5d4682d03a19,0.23945753031935202,0.2645145589774285,-0.025057028658076463
2098,933f7710b1467003b552,0.000427250083384,0.0618150180042505,-0.061387767920866504
2098,caf2d2dad5c963110607,0.93752991462051,0.5368496030644745,0.40068031155603556
2099,c64a1f26b670f9fb5810,0.6266192677755668,0.043522722030699006,0.5830965457448678
2100,0d6a1d46d919915c9cb5,0.4792490630727002,0.9743949017603716,-0.49514583868767137
2100,5599843543b97b02448c,0.46713899831283107,0.00026335392966998316,0.4668756443831611
2100,7aecd2feda1e2510c1f7,0.3224430968221857,0.0008827267678036261,0.3215603700543821
2100,9ad9a2fb776382de53ca,0.7676293492801868,0.024787598216235503,0.7428417510639512
2100,d18b076072173db17ade,0.3599720888823015,0.10034788838446151,0.25962420049783996
2101,4ce919ece14c2666e24d,0.4345566846239015,0.6051238245280031,-0.17056713990410155
2101,7380b1b8f8abb982b6e7,0.3324589310258,0.179282483897988,0.15317644712781198
2101,b27d8e61953f7623e192,0.00010234029752500001,0.9296830103749321,-0.9295806700774071
2102,30d51dd5c1a7ff7f00f7,0.4734048321569272,0.5689331282903071,-0.09552829613337988
2102,4b960cdb7487dfe1c0ca,0.33624850353658564,0.515110983908122,-0.1788624803715364
2102,5373be3df77e9a54a255,0.5544236560600138,0.9939072498415851,-0.4394835937815713
2102,60e303fbc36a68b9d302,0.6603178630702301,0.7694669727138026,-0.1091491096435725
2102,fa3c0915e2aa6e1edd2b,0.6869169398990831,0.42289653524269755,0.26402040465638554
2103,242e51990ceffa18bf58,0.257920200457125,0.081699675689264,0.176220524767861
2103,5bfaac7ce9504641067d,0.48670422839272104,0.2801108211767,0.20659340721602104
2103,730040853d1af1546734,0.17935745829316702,0.003060527381853,0.17629693091131401
2103,b129d9e79c136debd9e8,0.547981994497171,0.0342126577897275,0.5137693367074435
2103,ec1380372b357908222d,0.907826570721022,0.0024282029996035978,0.9053983677214185
2105,204bc772b50587a5ced9,4.805571136528682e-05,0.0036048977062085002,-0.0035568419948432133
2105,470f6a2aa51df595e9bb,0.000189665851316,0.15445530043640102,-0.15426563458508502
2105,bc188c3560296907e718,0.1302547635238945,0.13601660451486,-0.005761840990965494
2106,1ce3175c2cc0094cfe5a,0.9320387629828331,0.0464090364621405,0.8856297265206926
2106,4f3a167ae1e1b8975b62,0.036148097603981,0.047575766856305005,-0.011427669252324003
2106,63533861233b10dfaba9,0.34672789089881234,0.150686593896117,0.19604129700269535
2106,e312432f276d652faae9,0.044408904787432,0.8566743671347831,-0.8122654623473511
2106,f9564672437e36e8bfdc,7.89042084512045e-05,0.029079463824826002,-0.029000559616374797
2107,05331aa2c638031fff95,0.8850939125673173,0.2856533704649315,0.5994405421023858
2107,39a6fb4eaf2010729828,0.25394562564106404,0.1583929485250515,0.09555267711601254
2107,854034f231a66462a7b5,0.974348261960539,0.6114394221183466,0.36290883984219247
2107,a051532d3eba597b6a3e,0.070160718769688,0.1771084621840095,-0.10694774341432149
2107,bde55adb72f8b161f4bf,0.37946309815955004,0.8018647053693602,-0.4224016072098101
2109,0103844a8ad2e450b2d7,0.17056414169415804,0.4508739863024345,-0.28030984460827646
2109,01a9ec020c21d66c26f1,0.618428374519103,0.369106537457888,0.24932183706121502
2109,05d7b763e3ac1ab82794,0.34949316706336603,0.829402485822164,-0.479909318758798
2109,83eb921d96089e645e43,0.466232011476016,0.0028275204205415,0.4634044910554745
2109,c9670d6c34277865bb7d,0.5993308469724246,0.028526338150506002,0.5708045088219186
2110,0f97bf13de4f2868edef,0.0005816613989701347,0.44799951120561204,-0.4474178498066419
2110,1c3e7455ac31285e3474,0.7795785141578397,0.4721185767105476,0.30745993744729216
2110,1c9b81a95d2d24ffec31,0.26250117561062636,0.37663761889671155,-0.11413644328608519
2111,311f493a3fd1b3ca6d38,0.3152778792858594,0.5225717257070961,-0.20729384642123672
2111,71d43857688dceb0326c,0.2217365910373725,0.3624259463150165,-0.140689355277644
2111,76b5cf804b0db331519f,0.5979018978353783,0.9516676955167871,-0.3537657976814088
2111,9620972ff641fb32fd18,0.0012402806829215,0.7438188021504201,-0.7425785214674986
2112,1b8734e82d21d2a83d72,0.16787669128558147,0.46415988037097855,-0.2962831890853971
2112,50250afe4a8d9c894a8d,0.012606076733201953,0.5017254839605175,-0.48911940722731556
2112,6227d49bd331943034c5,0.006574655684445597,0.5534186396057675,-0.5468439839213219
2112,e314a5ce1a6077e7388c,0.0025473453492353333,0.4990747456822515,-0.4965274003330162
2113,0901eb68a05e20c914de,6.033523529197751e-05,0.5937118598773676,-0.5936515246420756
2113,30274729058867d368dc,0.39183650853932156,0.16900184324823503,0.22283466529108653
2113,97db177c5153713ded74,0.4153526722340715,0.8842608729695711,-0.4689082007354996
2114,08f5d3ebd76b977130e3,0.47244656207989805,0.713994538181121,-0.24154797610122297
2114,0c6639035162244ad90d,0.5525790156909051,0.44118657438041003,0.11139244131049503
2114,6f64a8d96a10664c5419,0.575855082173934,0.9136162267668375,-0.3377611445929035
2114,981ebf01a743374b10c0,0.7126450580769976,0.490992040208419,0.2216530178685786
2115,536a35857749a21b8ead,0.285040621248199,0.0344309673067035,0.2506096539414955
2115,b78a9f689bb3df315ce2,0.15632808773481302,0.006994895090348001,0.149333192644465
2116,069733b809a0906e962c,0.23650253032489452,0.8184859560535931,-0.5819834257286985
2116,6323ecf9640db9f64858,0.10314213623725767,0.33265475079627566,-0.229512614559018
2116,8533057e5b0002599168,0.36639172717168683,0.000299487531362,0.36609223964032483
2116,87f17ab47409ca0abfa2,0.0650659647401845,0.27023991375092804,-0.20517394901074354
2116,d1b73807e58b836db67b,0.054710486287689,0.4203672934005785,-0.3656568071128895
2117,48a35491e72abcb23146,0.6330484548984344,0.7178576731449691,-0.08480921824653465
2117,4a29534d7b8d22622971,0.00039440246382503076,0.655370583372762,-0.654976180908937
2117,4c69dfbc300d53397063,0.4553191565008,0.6985728948647525,-0.24325373836395248
2117,fff09127a21183774b38,0.00010269504967500001,0.79932285253862,-0.799220157488945
2119,0f68084985bb11ba827d,0.6645195061773526,0.012886606129574001,0.6516329000477785
2119,bfa7f360f84f495d3f1f,0.21502714415488106,0.5245175787342305,-0.3094904345793495
2120,06220aa6861d91aa42a9,0.1893027474380344,0.07423156630541951,0.1150711811326149
2120,0e6fa499c12eb67a0f1c,0.1256638944209315,0.30532860946322604,-0.17966471504229453
2120,4c8dfe19c9520fcdddb4,0.660574840031222,0.6213960934140336,0.039178746617188454
2120,e83ee3a0ad4d12cb26d0,0.10717059919033951,0.20149717663609512,-0.09432657744575561
2121,b1eb1be7fcb21c7ac843,0.37573893670768754,0.2553762318690125,0.12036270483867506
2123,2849e0a56c1598c41d3f,0.45356247847415937,0.7942007353304636,-0.3406382568563043
2123,7b8c5b1f567531788c2f,0.23723385333506103,0.5184990856241201,-0.28126523228905903
2123,de89c73c39af8a5e14ec,0.48710547388789904,0.47231193650774356,0.014793537380155486
2124,1a49ebd2a6ee03d113b3,0.8999312108912231,0.17099424323813753,0.7289369676530856
2124,405a6d6c1bf32b274a9f,0.008137011844529335,0.425771991371401,-0.4176349795268717
2124,417aa7a7251f62b89c14,0.31062454571082737,0.5191268544185245,-0.2085023087076971
2124,50f02c478c8397e1ba97,0.05835986217782466,0.363430955312789,-0.30507109313496433
2124,7db84da743794eaa1435,0.9492322033547521,0.48510787626079355,0.46412432709395857
2126,a9380ffd8bd687794262,0.6423073153277891,0.491707896476168,0.15059941885162104
2126,fcb7b985e885ae7fae4b,0.19869222807732528,0.9956246211142415,-0.7969323930369163
2130,263852a5e985478dbdc6,0.3131755539154617,0.3517544217178091,-0.03857886780234737
2130,8184217eb21dc036f9f5,0.8805051031886301,0.6688662382405055,0.21163886494812456
2131,d8ad9a7d2631806c87a0,0.353656172470465,0.75939952419859,-0.40574335172812503
2132,176e3fbacfd12ef8a7f8,0.194942536769509,0.24805730062998402,-0.053114763860475006
2132,d405f7437b64d582ccf6,0.4760186354163035,0.36592637170232256,0.11009226371398095
2133,2724e4dcababc2306c91,0.22386798867093102,0.7559541897400262,-0.5320862010690951
2133,a1665f55471fbe338b50,0.36895304667204104,0.16571917304529651,0.20323387362674453
2134,23aba256e7a9935a1e09,0.183416490268759,0.36371716027913553,-0.18030067001037653
2134,452c4198e3be7948851d,0.5165487185190786,0.15454017470134365,0.36200854381773495
2134,aacb1487a0ba13f7a529,0.01910903636197135,0.851309599464886,-0.8322005631029147
2135,d36aa6f9bbc9ab250ec0,0.32083140614165645,0.44378688940743155,-0.1229554832657751
2136,1cd65b2155592aa8ddda,0.020853517191263,0.13836519953381402,-0.11751168234255102
2136,60871a7ff0566f8496f6,0.39836642159184904,0.0844653972720015,0.31390102431984757
2136,bcfea8c5cf7186f1a856,0.5352323327586326,0.250558234887636,0.28467409787099657
2136,d26f52838f3e264049b9,0.00013248213867,0.7743818232092237,-0.7742493410705537
2136,ffc98fbe658d838a57c5,0.5839072586075537,0.45879283551627154,0.12511442309128212
2137,0871b07dfdca7e82550a,0.6354478291420351,0.523268236181212,0.11217959296082314
2137,3d4e8efcb097cc4aea28,0.4818899346623254,0.4922285398266426,-0.010338605164317227
2137,71f972b3fbc051208e4a,0.7574570581192014,0.219753350976325,0.5377037071428764
2137,a5ea3f129e0efa8cfbf8,0.28243810237918776,0.9638927699937696,-0.6814546676145818
2137,d0b3a31b0aa625198fc9,0.8048243627547215,0.500488060053313,0.30433630270140843
2138,c6a2182daa563523c3b9,0.2226531846311649,0.416028569183274,-0.19337538455210912
2138,fa43deda5e78c8ca0ed8,0.7240347967131731,0.4937804367448545,0.23025435996831856
2139,9e0b2dd41ed0d1bb2f92,0.45637761929135773,0.4881432080754905,-0.03176558878413277
2139,e2ed94382832c263a05d,0.28135117274293453,0.42547857376872855,-0.14412740102579402
2139,e451abe653e6e67c4e7c,0.31409436159579035,0.7978432458275846,-0.48374888423179424
2139,e76442f0c98b19b44b16,0.5489997598665542,0.9179800311452271,-0.36898027127867283
2140,28c98993b22ba28e269f,0.198595259804613,0.324481675341035,-0.125886415536422
2140,60e540db8fae0c553835,0.6195924673039442,0.9962916238562256,-0.37669915655228137
2140,e0aa34a6c6063f6b0da1,0.38260087819796906,0.07049862858392052,0.31210224961404853
2140,e623851e9209c5429ec7,0.660933849067329,0.75235103172497,-0.09141718265764098
2141,6705859adf33b88b4759,0.8236371978011126,0.4964253240536705,0.32721187374744204
2141,92afc1736d0a48cf4172,0.2991042440810277,0.5308009181700826,-0.23169667408905487
2142,6d1036418d9ed52632e9,0.5500261770302753,0.18852693879638402,0.3614992382338913
2142,71135eba8de95f6deb60,0.5804074526994769,0.0971179130254995,0.4832895396739774
2142,c586e6f5936b85be86aa,0.4721895067231872,0.7339384350446416,-0.2617489283214544
2144,3afc0876f16d9380af5b,0.00023421643284402566,0.046524996098656006,-0.04629077966581198
2144,5d839b4ec7ab0a4c0691,0.054156131112249505,0.34858870292306054,-0.29443257181081106
2144,7d199555b962fa0806b7,0.011988434732523002,0.01263371767207996,-0.0006452829395569588
2144,9da95f4535582231799d,0.117644630318605,0.5095715301982106,-0.39192689987960555
2145,1d2b304abe3c077fcd47,0.07214337857842587,0.42026820488833005,-0.34812482630990416
2145,1ec5b1679bc6b1a07ae2,0.057120323129025,0.293372994849938,-0.23625267172091302
2145,64f0f4cf76ecfa879328,0.7242552731955753,0.479914695540798,0.24434057765477724
2145,d72f9cd0deb35ce20a2b,0.507359764300164,0.360211130705984,0.14714863359418007
2146,07653660c0276729d36c,0.3425693324991305,0.5685814512220411,-0.22601211872291055
2146,2778a9c31d4ab2d74ae4,0.19695213265595102,0.13895314347274001,0.057998989183211
2146,7bd987d60d8c99fdd58d,0.8235138072912724,0.06695066830781791,0.7565631389834545
2146,a53add76d5acb690f02a,0.0818784616989088,0.45580394936736107,-0.37392548766845224
2146,c7f1301940ff273061de,0.7351948171753625,0.0041540430486315,0.731040774126731
2147,23229476ddbc3487efed,0.18689535414225483,0.4434356070452,-0.2565402529029452
2148,47e4ab9595b520fbfd75,0.42580121320385805,0.123638999757588,0.30216221344627003
2149,1bf71887495a3a14a4b5,0.08260721943561401,0.0458819710660605,0.036725248369553515
2149,4ec172881b7bda7e4900,0.00015540596468100002,0.54452936000544,-0.5443739540407591
2149,85580de0d62ff2f86d1f,0.000348255634241,0.037104738398083,-0.036756482763842004
2149,a635dbb4568aa48ad890,0.518260830120557,0.06880396689939,0.449456863221167
2150,12c700f50f09b2259c01,0.00033398775953400004,0.749709706134033,-0.749375718374499
2150,19e6ea93afdd87cb5116,0.4784627379345532,0.930364550155397,-0.4519018122208438
2150,4e90bf1eae1062195122,0.003287310712626,0.16671227076157752,-0.16342496004895152
2150,a2b17ec33614fb92699a,0.43597097548121755,0.34466882496509654,0.091302150516121
2150,bf2bd49ac55fd5427894,0.034599529517975,0.019450081109792502,0.015149448408182498
2151,5c3cd82660b97727567a,0.001510674251732,0.005133858391414,-0.003623184139682
2151,7f36df0c658c716a8154,0.7484166847061458,0.46561435351781805,0.2828023311883277
2151,c4c7498c1113c0e81ca5,0.066546691906577,0.48871867574605954,-0.4221719838394825
2151,da1fded37ef1ccdb63fc,0.000469443106114,0.7947669927338421,-0.7942975496277281
2152,599f2b3c850072cb9cff,0.777538807356964,0.1228029357053625,0.6547358716516015
2152,5c5555c7b99d948c9ea2,0.039409087545765005,0.8418910745668415,-0.8024819870210765
2152,cf02abf4c99c0540cfca,0.355887906682116,0.833562754433989,-0.47767484775187297
2152,e4726e04d73a6066514a,0.22057596430589602,0.5141497641368715,-0.29357379983097553
2152,e6820caf709c50cc64bb,0.36140522553642657,0.5152249787243101,-0.1538197531878835
2153,016c22f47b518e751676,0.4159883647525373,0.9924971943365646,-0.5765088295840273
2153,251f916eb6eb97f88ee7,0.533685201267786,0.8015890861094961,-0.2679038848417101
2154,66db6d8a59c8a2b9825f,0.5306534817190807,0.5468484875137021,-0.01619500579462141
2154,892059358585320a7b8f,0.4660196404514107,0.514808757901495,-0.04878911745008435
2155,8683432025e8cc28736b,0.647164673949781,0.0080583985955995,0.6391062753541815
2155,92026589226190d8d0d4,0.344671621993328,0.041248789195748,0.30342283279758003
2155,ac0ec16ca16a7f38fd6f,0.31601897361756304,0.50393169259867,-0.18791271898110695
2155,bc3b38d9227089a4d184,5.510004632537059e-06,0.06578759100056202,-0.06578208099592948
2156,0f3b68e04466b5a90bb9,0.2411764786496025,0.49733508955458355,-0.25615861090498104
2156,3a43efb2a8013c73bfe4,0.08172658728141001,0.004969822238125,0.076756765043285
2156,ad9156e096bba2548035,0.10089293664639651,0.7492546201346355,-0.648361683488239
2156,d300df05f4ea71db69b3,0.19764471383266435,0.9942245510054946,-0.7965798371728302
2156,e297b87fc06f55779171,0.312525824345046,0.012112569566744006,0.300413254778302
2157,24c4e84a53717f5193b3,0.33090568831290623,0.0191335150784845,0.31177217323442175
2157,939a165ac086890b8813,0.6444583332963937,0.6158419629353831,0.028616370361010612
2157,9ee5778dee3ddcee5550,0.35936192677162204,0.15407179671572402,0.20529013005589802
2157,b34e6c97871830d9bed4,0.7179870617132177,0.21561923391024201,0.5023678278029757
2158,a85dc01e1e6485289b84,0.948950009794516,0.6588886697986706,0.2900613399958455
2158,e0c2483fe77d93a49af0,0.8864036798570951,0.735251384700353,0.1511522951567421
2158,fc3182d945eaa2535b8d,0.176322346255293,0.002599767162855,0.173722579092438
2160,0c6879de345a234945df,0.2522802716171885,0.8005463174158691,-0.5482660457986805
2160,bb35ac477dd49a62d333,0.47384298442629824,0.556105364800293,-0.0822623803739948
2161,33a60caf4afd7a20c194,0.000164599530051,0.6454059549155621,-0.6452413553855111
2161,7c81e61f47576a11d937,0.00010050059591600001,0.8532214951900265,-0.8531209945941105
2161,9d47a7b2684043bdf142,1.359863505474648e-05,0.36403240930852554,-0.3640188106734708
2161,bb27fb67c8acd578ab0f,0.065663752627456,0.0008511330056530001,0.064812619621803
2162,d29110865fb5379b5638,0.23210513270243002,0.39067113537138254,-0.15856600266895252
2162,e7dd1825ffbae61fe958,0.1793505373510459,0.091959669939174,0.0873908674118719
2166,3d84b2c92cefdf0ab8aa,0.00013614655288194234,0.24419102575929452,-0.24405487920641258
2166,5fc8f65fa06a09d5a6e8,0.44541161892805253,0.009328753592786001,0.4360828653352665
2166,cb76fd2f5052d6d96a9d,0.0034184179484880004,6.836426332984888e-06,0.0034115815221550153
2167,3399f2f47f386d8f12d8,0.35958080500466,0.5019002524478665,-0.14231944744320651
2167,90c0b32175c41379836d,0.0449328053147675,0.013432262582021001,0.0315005427327465
2167,dc1fb5c67ff71ca01de1,0.3896762273280447,0.124928227471907,0.2647479998561377
2170,6eb3ebb414acf1faa89d,0.522193426062332,0.28594514580052455,0.23624828026180744
2170,e75a9179c561b3346a6b,0.053475271961211004,0.6060836077383225,-0.5526083357771114
2170,e87a54065ba500f6f7e4,0.39862974151602104,0.9847478378160396,-0.5861180963000185
2172,431b769590a3994b05cb,0.894795067807798,0.5681142765008931,0.32668079130690497
2172,4e92542a2b810ad63518,0.6257295344242051,0.9173235377096416,-0.2915940032854365
2172,71f4be81dbf4904a17cc,0.38057295188642354,0.5659562206723106,-0.185383268785887
2172,741c140bda92b31c3c3e,0.098984470857365,0.4399623887865085,-0.3409779179291435
2172,dfc4c913492fd900b9e5,0.9490090551098481,0.8650022443161105,0.08400681079373762
2173,39e98e736d45e5776a6e,0.11864010187900301,0.7104887488376891,-0.5918486469586861
2173,788477e5ec81190adf64,0.004381838763005,0.9814749905851591,-0.9770931518221541
2173,f18e00dcd3a6b1b5f964,0.010173013419595001,0.760008692323857,-0.7498356789042621
2173,f3c6015e9ab5a7007214,0.632405849477903,0.504402547147623,0.12800330233028
2174,3023a7c01d21e72c8fbd,0.016542146294605,0.628794396238034,-0.612252249943429
2174,649679062a0fe7d56fde,0.06552008510663601,0.7442364976451465,-0.6787164125385106
2174,885aad2688888b8989f8,0.3690203210675498,0.487067544720923,-0.11804722365337322
2174,99006e96cab044c53bec,0.5071524355266881,0.297595997659345,0.20955643786734307
2175,318ec0424cf1bb573e33,0.938526287481782,0.28324021505449853,0.6552860724272835
2175,becbeb0c9c7992316435,0.936975535139388,0.9518191208537146,-0.014843585714326535
2175,d068e27262e48845d036,0.25778943807346705,0.0019204093183950001,0.25586902875507206
2175,f97b71e229611e84b2d3,0.039849315487643006,0.370837011979733,-0.33098769649209003
2176,3989f43f2269ba92200b,0.10932783017083601,0.9668766141947236,-0.8575487840238876
2176,3d83089faf340e3de842,0.063548606291846,0.2094593024311395,-0.1459106961392935
2176,78e2d9599e58a7ab458b,0.543080156555747,0.512034216329443,0.031045940226304025
2176,92ffaa33b3a731f98f16,0.47610266935966206,0.41022517520186,0.06587749415780203
2176,bf52200a8254c4ebee8c,6.610868964355411e-05,0.0027365553090050003,-0.002670446619361446
2177,4bb3b4b80a0598f914a9,0.5990771677549437,0.2741337831634505,0.3249433845914932
2177,7136b9347f6465f118f5,0.17971242457552603,0.9988978934434091,-0.819185468867883
2177,b378e6904544bc40d932,0.14737865429946492,0.5181118013410451,-0.3707331470415801
2177,de104797fb932cef176b,0.1676575714637826,0.9995214625196701,-0.8318638910558875
2177,fc368f4d226d43a73a15,0.144777133600778,0.26945537271839604,-0.12467823911761802
2178,588883ad9fb5523c8451,0.013949671436437501,0.5600649589457115,-0.546115287509274
2178,643f883189757e2cba4c,0.23325514996090738,0.9495936146773571,-0.7163384647164498
2178,7d00567332515ad14bb7,0.089125483473418,0.7368269787658756,-0.6477014952924576
2178,b1a7260dc6203eca92f0,0.2892571199308027,0.5220791830377175,-0.23282206310691478
2178,cd815b3e2dca2e27ec5e,0.11328255356172738,0.23861792885616703,-0.12533537529443967
2179,2596260fc22e6c58d22b,0.9168901020864966,0.624506214146837,0.2923838879396595
2179,300d0229fd0993e83b32,0.22836300219320352,0.7142585856946501,-0.48589558350144657
2179,b105b5939ec95d99f9cd,0.623482307694037,0.021617562191006,0.601864745503031
2179,e0e329e270f9c0022fca,0.2906268140325288,0.5110063686621336,-0.22037955462960473
2180,07bf0a025feac49ef95b,0.20919455879433801,0.3829652679641686,-0.17377070916983056
2180,3da25cb02afb7a8cf66a,0.080267106675679,0.282926403400379,-0.2026592967247
2180,95340bb24827ae01afa2,0.774375821594331,0.90970076234601,-0.135324940751679
2180,d704cf53548157492900,0.045479312253789005,0.2919254465303615,-0.2464461342765725
2180,d7a41e9737f746f51801,0.751308080103917,0.4458808182953736,0.3054272618085434
2181,1d2f744820c857f16b65,0.3605848287542485,0.475030329370118,-0.1144455006158695
2181,99898d6b5c95ebce94e4,0.46604886701178555,0.434713229218245,0.03133563779354054
2182,4d65abfc112c6d820bfc,0.47789090213977264,0.6556910314053961,-0.17780012926562344
2182,6cb2a019eefb9d016ef6,0.4047167119111274,0.053424909673861,0.3512918022372664
2182,91f19f764f29ef1de9bb,0.4922204458299254,0.883695000349331,-0.3914745545194056
2182,94d5f1cd841127d94cd1,0.5919775287965305,0.51092494258707,0.08105258620946054
2182,ff2e0ded7c68c15b3208,0.4257989967472118,0.6073634483000756,-0.18156445155286383
2183,4121599b12f91dd918c4,0.2866434775219636,0.511043889182173,-0.2244004116602094
2183,7c32ea26558bf9d83ffa,0.00048206546772354804,0.1404988234220185,-0.14001675795429494
2183,89f3c475991235bad031,0.27807785733677404,0.013699953984470001,0.26437790335230404
2183,8cbba82a3ab577b61bf0,0.18265001031636724,0.7323527826804711,-0.5497027723641039
2183,e3627dd7697532750a16,0.38392292053449734,0.5030708697438615,-0.11914794920936417
2185,fb0a43c6b75b5d678503,0.8311358787406448,0.04071528380313021,0.7904205949375146
2186,3fc6ffd39b1000ed6918,0.344363809052509,0.9990986421328696,-0.6547348330803606
2186,688bf3ddeee6ef20830f,0.4547139094936965,0.9570751343022825,-0.502361224808586
2186,72f3d44bd23764754d86,0.2996101989098695,0.039025954036002,0.2605842448738675
2187,3130e94553cea01e61d2,0.540507337149328,0.9890901006475966,-0.44858276349826864
2187,443b6367ffb663842630,0.47711369397557707,0.5412004242107961,-0.06408673023521899
2187,a7578d731b9375d4f814,0.21216051397106625,0.712123789981804,-0.49996327601073776
2187,ee7414744838587c741a,0.3060925083012128,0.4768014359268715,-0.1707089276256587
2188,3b1ffbf4473472a723d6,0.993841020723603,0.5188553459108001,0.47498567481280296
2188,694a8950e32f02b8aaa6,0.9936380252704041,0.7019044890707251,0.291733536199679
2188,a2a981971f3ee7214327,0.2854835448253085,0.4981807840499455,-0.21269723922463696
2189,5b6fbbb91eb90cbafab9,0.48011600118590375,0.07819274430426301,0.40192325688164077
2189,6ff7e6fe2645ec252615,0.6388288285218571,0.34228187258551,0.29654695593634706
2189,aa4debfb36206259b610,0.7251709239018143,0.6995765015224366,0.0255944223793777
2189,bfb43eafc05e6a22e394,0.5225204065913321,0.0006760419848480001,0.5218443646064841
2189,cd90eb5403b6db850c94,0.41184045151955007,0.15972733982633153,0.25211311169321854
2190,70d3d632cba5612daf1d,0.379293565153073,0.567930106584102,-0.18863654143102904
2191,048baaa4fc80e88b75bd,0.6133220116411855,0.36908215922235255,0.24423985241883295
2191,8c5ffe38a06807b0bb27,0.5921383883949675,0.17908025328010302,0.41305813511486444
2191,b9ffd6888319e6225d24,0.7498140820430953,0.1693735736032125,0.5804405084398828
2191,d46ea00ee11ac822c07a,0.891146701388934,0.006003432701298,0.885143268687636
2192,39a3c2dbc676efff8a23,0.5203072261914744,0.23409799652676003,0.2862092296647144
2192,de40c86bd5ba9b0706df,0.06994549745023501,0.9213096919360441,-0.851364194485809
2192,df30686f79a6eede81e5,0.4192057352241388,0.006143837677287,0.4130618975468518
2193,45556d932ddc5a1919a0,0.46410992506054966,0.049954967032406504,0.41415495802814317
2193,50ae5be1f3b11571c75d,0.29911795586079604,0.24372226202716002,0.05539569383363602
2194,4d0dbd9b37b7e27a475c,0.43985085225929205,0.49908333554210355,-0.0592324832828115
2194,a8b746b9bab06fb31b4e,0.029918370508934002,0.09361754875971601,-0.063699178250782
2194,b6bd89529e68fdb57730,0.9824101376202521,0.66373771756074,0.31867242005951213
2194,e7dfedd8ca5abb47a0f2,0.9881231432189951,0.070489086110749,0.9176340571082461
2195,1e8d43db27869e59caa0,0.12063578281941552,0.018410446105442478,0.10222533671397305
2195,fc09f718aff745f3036f,0.028405691219643002,0.49975294944233106,-0.4713472582226881
2196,428f4035e4ef00344237,0.005030731760391,0.7212657164945486,-0.7162349847341576
2196,94dbab3e221dd5e858b8,0.009451455809703002,0.012726280422203981,-0.0032748246125009796
2198,83e8e077a1968e217b40,0.3567786355835167,0.9416974800564231,-0.5849188444729063
2198,a484219c93c40edfa672,0.505566883841653,0.9031151859095,-0.39754830206784697
2199,67f0e0e60304ef3613df,0.2660278454252888,0.23301276569958002,0.033015079725708774
2199,c9cfa12d163edcd4ff72,0.2607618914185418,0.004270742071674501,0.2564911493468673
2200,eb0e4ea2b4092f3c6ab9,0.08159729921511898,0.6109795542380655,-0.5293822550229466
2201,1ac9075da8163d72da5d,0.007527737639309667,0.23348064969967952,-0.22595291206036985
2201,4f7202ca9e92333d823d,0.08352301733026701,0.6293691789611535,-0.5458461616308865
2201,e3decee608b8bd826062,0.001010765055748,0.8256313079377431,-0.824620542881995
2202,47318bfbb5dc0b9bc667,0.09651875248264952,0.049354130381305504,0.04716462210134401
2202,9503088f1fc9dea03a46,0.48906899895466904,0.9780010319457131,-0.48893203299104404
2202,b4c86174bac759e38566,0.481914552525935,0.48669242334926005,-0.004777870823325037
2202,cdfb97dcbdae0e707ca8,0.7946656228523492,0.480526713917804,0.3141389089345452
2203,74094a13a4826c8762b2,0.000435108188858,0.9138197347410546,-0.9133846265521967
2203,7aef5e983e61d15d20cc,0.32781423883156935,0.26137267018582905,0.0664415686457403
2203,a994d06bed3d06166d0d,0.0005550728056920001,0.9894784363372016,-0.9889233635315096
2204,4586803784c82e0d56d9,0.13442310897704968,0.6066580378889096,-0.4722349289118599
2204,6d95a48bdb9a05fcd9bd,0.0046748227274122514,0.6311808120071285,-0.6265059892797162
2204,a3f7f790749e0c43e5f2,0.11405993230510636,0.095101571986829,0.018958360318277356
2204,b2fef30629210bee12f9,0.05893083956633361,0.043357976233845505,0.015572863332488106
2204,b618e1607ea79197857b,0.797102025534407,0.929682667844417,-0.13258064231001
2205,0e4a185e0889c3ffb184,0.31487677652349705,0.8083667851120175,-0.4934900085885205
2205,3833f42f071a8f5e21cd,0.27962663779511004,0.511747701211151,-0.23212106341604094
2205,5279b134553bffafa84d,0.002801600378891358,0.038234576380562504,-0.03543297600167115
2205,ef8e771e485606962326,0.551253779114495,0.4817986122972473,0.06945516681724773
2205,f6e4a901138dddb97252,0.235615473230813,0.055320991753723,0.18029448147708999
2206,4c14368c8dc69409b3ca,0.001097450175830476,0.5052894574774836,-0.504192007301653
2206,c69d3b989bc70c1cfca6,0.050110009330512004,0.5226743320618426,-0.47256432273133053
2206,f63938c8fc49537dcba5,0.021300348384818812,0.627625488396167,-0.6063251400113483
2207,1a7b2d9ea298a0b5678c,0.0269770073551875,0.7878706067715535,-0.760893599416366
2207,23885bce053315a1bada,0.25270581857482904,0.6424465240240995,-0.3897407054492705
2207,614553ae07dbd11ac759,0.534301180295382,0.41397232524951055,0.12032885504587143
2207,77926532256f404d7077,0.9566585303598291,0.51011929667885,0.44653923368097903
2207,9db9dbf64147d80b5b64,0.7477168350201123,0.038389959419448005,0.7093268756006643
2208,21c4e2888e50880d78c6,0.6700592969544973,0.20902527578484204,0.46103402116965525
2208,31eeada77ef693977ed6,0.6416931008872344,0.7587961537919221,-0.1171030529046877
2208,82d6cf03906068a444ad,0.6579197836069437,0.123076251801062,0.5348435318058817
2208,9fa4e00582b8e086eb79,0.938370315878263,0.858441067878229,0.07992924800003398
2208,cfd9e4349bf0f87af901,0.6042954234496184,0.0365311176836835,0.567764305765935
2209,2c86a7c0a2da3cee4bb7,0.043965425995399,0.0029778624969185666,0.040987563498480435
2209,4b54cb3fe39eb119d037,0.3993592713891585,0.1595298268640925,0.239829444525066
2209,74f26aa641b3983a8588,0.1513348257590715,0.48489059147349706,-0.3335557657144256
2209,a3e1e643be2e208bf80b,0.6388273431625776,0.413444009600309,0.22538333356226858
2209,d4a95442d50c27c299d9,0.9782822352665925,0.580564797674074,0.39771743759251854
2210,1bb2a9f62ccc531abcf8,0.000806119411738,0.7618308089081265,-0.7610246894963885
2210,64bf51ea2412e1b9f996,0.009902364236195,0.07257863228903351,-0.0626762680528385
2210,8f79e1463bf1664dffb7,0.5028993278509187,0.2008566868571375,0.3020426409937812
2210,e3313110dcaafb2182e5,0.4428190337372735,0.277101317085078,0.16571771665219548
2211,01b9ca378386a3d3085c,0.9214285541365016,0.5148517015274705,0.4065768526090311
2211,3ae8512e2d9a9bd639f2,0.991895143935641,0.8594282559081596,0.1324668880274814
2211,515620fbcd3c738e7ea6,0.5091169420045235,0.473094637538756,0.036022304465767485
2211,80afb2f1f11488663003,0.13733569784763,0.261639099373415,-0.124303401525785
2211,f30f48b98648b9d75941,0.17036508119970803,0.3671301795947425,-0.19676509839503445
2212,9383316aee61a7bbc597,0.3008867273113905,0.49922557326782757,-0.19833884595643708
2212,a270acf8fe3fab136adc,0.24938531994961802,0.6267355212639416,-0.3773502013143236
2212,acc6f358e142bb9ee6a1,1.7835775723417465e-05,0.5791395176220046,-0.5791216818462811
2212,af0009ec447c9271e539,0.230414401215941,0.49928193657846653,-0.2688675353625255
2213,8d0246e14483375f8d19,0.5223166249517146,0.24180315687434503,0.28051346807736954
2213,9c2be422cd6715aee6a1,0.5056723987321741,0.5315394637562606,-0.025867065024086533
2213,ca7f6dad14dddcb7feb0,0.9701580649245045,0.9145469271885805,0.055611137735923966
2213,e46fc52e8c199478f454,0.9315966963011986,0.5446030852312115,0.3869936110699871
2213,e8438c5190cb33341009,0.158827788041491,0.3668129128785905,-0.20798512483709952
2214,2066d6a6fb72467e7201,0.5204332591628861,0.720440324076144,-0.20000706491325793
2214,8d135f3b39e518495d6f,0.3190520078493355,0.41754809963375106,-0.09849609178441554
2214,aa6f35f18e10f69b342f,0.2565302423316603,0.34973885666805454,-0.09320861433639427
2214,e03dbcef8334bee95db1,0.39502415310301536,0.07153996257528618,0.3234841905277292
2214,ec0a67bd0c1ee7066af2,0.42213144376066475,0.11487299491330852,0.3072584488473562
2215,1d0223988279c73b76c9,0.21874964734666502,0.531148196306457,-0.312398548959792
2215,40d44f1b7622a4f6b3d3,0.076336601632153,0.733770766582158,-0.6574341649500051
2215,48c8bb8a9ef902948f13,0.889411480091961,0.06756676249502651,0.8218447175969346
2215,6c518367ebc45b97f606,0.356923451928772,0.46912095904787454,-0.11219750711910254
2215,839460eca9a3efe430c7,0.266372850844511,0.9203439575455081,-0.6539711067009971
2216,25cb0f2935383bd4e7da,0.4497766971174386,0.691758615733882,-0.24198191861644336
2216,42dafd17468911d97fd4,0.746927945889001,0.9960442515897305,-0.2491163057007295
2216,54e0844fdd914465e5ec,0.543521203216937,1.8300594365427688e-06,0.5435193731575004
2217,35d6b5722f560e282cb9,0.038007963212547506,0.6238046335213691,-0.5857966703088215
2217,64806aa49589d2d57515,0.867071044311379,0.4488109162305985,0.41826012808078056
2217,eeea3ad57805ea5d9c17,0.519692102737351,0.514516193080685,0.005175909656666033
2218,6f11ec87ae70ef745f9d,0.821884273070999,0.0005945181760255,0.8212897548949735
2218,9ab4df1560a04d7f6f9e,0.5036033882310306,0.004812204980915001,0.49879118325011557
2218,f0266fb7ee4136df9c75,0.5018844368695785,0.7255986637989705,-0.22371422692939202
2219,1a78c26a5400357834b4,0.984195501254409,0.9360997888816746,0.04809571237273447
2219,5ce5ee4e848b084cf2f2,0.189759484562627,0.017589146555204004,0.172170338007423
2219,b96fbbcfb40ab15a8d18,0.10462992804887201,0.11198261481372401,-0.007352686764851998
2219,c7f1c26535985ae49cc0,8.840485293266107e-06,0.046383955268123,-0.046375114782829734
2222,b3bb97d35ef33a43dbad,0.7313311173382868,0.004745276921994001,0.7265858404162928
2223,6361b661793f62ce67fc,0.40329792825469357,0.011997258585807,0.39130066966888655
2223,d9393ca5e7b0754222be,0.46429838186585654,0.6536426537899611,-0.18934427192410458
2224,2774cdfa8efb23e1d03b,0.19626630685697508,0.20700153405101102,-0.01073522719403594
2224,3293a78b9370105577e3,0.008782419850499669,0.7201300471952216,-0.7113476273447219
2224,c6c19c1de54ea239ffdf,0.102881003551404,0.41218306771456203,-0.30930206416315803
2225,5bb9e04457294e05a930,0.24717060608408,0.43050609159631253,-0.18333548551223253
2225,6679750051bfb93b9fe8,0.024965957530582002,0.033596869655881004,-0.008630912125299001
2225,81ecb9fa07230c7214c0,0.38235833414014353,0.34498944744452803,0.0373688866956155
2225,e0fd670e9e756b2625c8,0.6756014473114841,0.19283675251208832,0.48276469479939577
2229,190527692f1320574509,0.5367875157985286,0.6404169488235726,-0.10362943302504402
2229,1f5c5a3a5e804381855a,0.600070345254337,0.48200647004912506,0.11806387520521194
2229,9c52945deddbe2464de4,0.0382344996403485,0.084400932331097,-0.04616643269074849
2229,a049d14f2a0d6140b3d1,0.5381286888843291,0.7934100456498221,-0.255281356765493
2229,d43e2862c6c9ec2f04ed,0.07167817285689133,1.8874277178509965e-05,0.07165929857971283
2232,83a4bd85d34daaaaaa28,0.49208449619675865,0.01790047981696,0.4741840163797986
2233,9662810cdc0c71f95397,0.9161584030508461,0.47812086013263355,0.4380375429182125
2233,e35031ef8cdfd5765ceb,0.968357452312518,0.5008318353854081,0.4675256169271099
2234,3f53d426949644fab89d,0.002791207874538,0.3123345691513757,-0.3095433612768377
2234,77038f2ef653d351649d,0.14282635388825302,0.9414098033680431,-0.7985834494797901
2234,f06b8eeec5b5b29216df,0.4749221381185923,0.57200391428546,-0.09708177616686775
2235,3ddd21a14130126950b3,0.24714373509454066,0.9976370469582772,-0.7504933118637365
2235,8a20f295a98112939b71,0.4879431228117523,0.1545972772736695,0.3333458455380828
2235,a84e54125f64815191e3,0.5700546275482827,0.9778659038590152,-0.40781127631073244
2235,e4ac09d09569f1e5a405,0.5086920430360506,0.23329163234300804,0.2754004106930426
2236,6e599f7f021c79175411,0.427386797274016,0.07093730070567418,0.35644949656834185
2236,811a54c48baca27f40aa,0.0344336752758325,0.8299252591397765,-0.795491583863944
2236,979a4dbce767b0a124e0,0.0034981454959835,0.0690076447280645,-0.065509499232081
2236,b05eb496843e75a77bed,0.0340604209804205,0.0362320809782305,-0.0021716599978100007
2236,fec3d85a5066de5022b5,0.38129001184779004,0.157843332300339,0.22344667954745104
2237,1841067aa488b4928690,0.5119023071043816,0.1089220317671135,0.40298027533726805
2237,71de8b03441359b6a283,0.059207603749997006,0.002339024329788,0.05686857942020901
2238,205833eb3fc7fd566d5d,0.5012764932370447,0.7889069879399521,-0.28763049470290736
2238,4554c29dcb85b096da7a,0.063873136852324,0.5027926159052365,-0.4389194790529125
2238,5340f5e101836e2770f7,0.2686957886080365,0.689469884741236,-0.42077409613319955
2238,8f218891866efb83dab4,0.01999079146404,0.47826307577133453,-0.45827228430729455
2239,511c85de68601f0c377f,0.8905407036079226,0.6157284834423771,0.2748122201655455
2239,7b3baefd865e513382a3,0.33105750775441317,0.3165251202178995,0.014532387536513647
2239,abcff004d1841ba1734f,0.002727561093588,0.5307334428414265,-0.5280058817478386
2239,e85569fefa1efb46414b,0.11356813259547001,0.5026687642847211,-0.3891006316892511
2240,1110b0b8de5051c8b79b,0.0007602534238902633,0.48560629134648403,-0.4848460379225938
2240,470a66d90da14ed00033,0.3726421109009417,0.9532536161356091,-0.5806115052346674
2240,af5eab93f0445ce7f82c,0.0006770522874280001,0.598463941366731,-0.597786889079303
2240,e6ae74a26df07a881439,0.035507263445863496,0.6769052644883431,-0.6413980010424796
2240,fa61f85e7c68b27485d2,0.5537035810461708,0.7272675951719055,-0.17356401412573474
2241,0a24292ded30a7ef1f1c,0.125775766895105,0.20088223128770702,-0.07510646439260202
2241,0e4d902353e571dd657c,0.000328598240961,0.5249039645240581,-0.5245753662830971
2241,49a9d784c55d95f18597,4.971780086338077e-06,0.5325532375702906,-0.5325482657902043
2241,543bd5378c6e702802a8,0.261403864885676,0.5173780354320215,-0.2559741705463455
2241,793b57cd35e324599d1b,0.07041636816423501,0.2388560993852395,-0.16843973122100447
2242,0f14b2e3f12892cba884,0.3459209928440597,0.07198918035534702,0.2739318124887127
2242,8f6e2243e41ec6d9a278,0.6293459400595045,0.5807643894582135,0.04858155060129099
2242,bd1491e043d62a4ad1bf,0.0021721436561620002,0.7868797082863286,-0.7847075646301666
2242,d54ff3512e8d86784326,0.164930760812629,0.19612471062975304,-0.031193949817124034
2242,ff2e2826035f63c83ad0,0.011285657153231,0.5175174772489496,-0.5062318200957185
2243,2edf0095b3f27c01947e,0.6746592145888576,0.049481539514697,0.6251776750741606
2243,436159e11ddbea56e788,0.16704716187491403,0.5089088987159196,-0.34186173684100557
2243,90626a0007ea96b61b6f,0.051005216657822816,0.0053788850038035,0.04562633165401932
2243,b7f48fa1d1efbfa7cd78,0.49207910145105455,0.4320119649064187,0.06006713654463586
2244,1eb5a24a3a075dbb5960,0.30028590960716,0.303782816398461,-0.003496906791300991
2244,b30c02a3f6819eed7aa4,0.4447383795397741,0.5864336273916615,-0.14169524785188742
2245,08dd346d50b2b9055326,0.3786069821854418,0.49086373442436904,-0.11225675223892723
2245,60abf7000e92934da5fa,0.21832064063810852,0.7522192904180846,-0.533898649779976
2245,e13ab23e2a54e802bc48,0.6515274513503895,0.5991570664011835,0.052370384949205984
2246,1624dfdfedf8b82f97ac,0.7420432999713961,0.09953613157886251,0.6425071683925335
2246,66c7ac25efbfd7acf327,0.0016843328957590002,0.9236724162594505,-0.9219880833636915
2246,a60775852e1c14e13711,0.6902410694209561,0.3546489055308165,0.33559216389013957
2246,a8b92e3188043811ad81,0.06800261376385258,0.016411108604378003,0.05159150515947458
2247,28835aeac698e435c9a5,0.49648367786439906,0.981304794719005,-0.48482111685460594
2247,394e318bcb4ec48d4ed7,0.019763890924745002,0.12997426058973902,-0.110210369664994
2247,408b70747da23261f9b1,0.089467689898447,0.49391841210900106,-0.40445072221055406
2247,49962b7088c267d4059e,0.10145511551909535,0.007608615302476136,0.09384650021661921
2247,77112c76f30e73ccd8c8,0.014489375465569,0.7884833501974026,-0.7739939747318335
2248,00bc65318306db136a15,0.786259633229293,0.09913686041302801,0.687122772816265
2248,4e36e059e9eca4c7fa95,0.0026802969687510004,0.6785351814634015,-0.6758548844946505
2248,732af33e61ccd82497ae,0.018008126607789002,0.9755173514449461,-0.9575092248371571
2248,904989ce3f8818e5ea33,0.6145120630174691,0.15454848376284802,0.45996357925462106
2248,c7c8ad8f63c4f2df96c7,0.0016975836914260001,0.4912714069473825,-0.48957382325595655
2249,1d0da3a23dc2191922c6,0.059678288077655,0.4577166570172261,-0.39803836893957106
2249,2f6e599b52d7d79cd125,0.002509978435653,0.6011121217395331,-0.5986021433038801
2249,6a678cb01689d3cd0f56,0.804177271446857,0.6003507998476045,0.2038264715992525
2249,edd68ab7a137a9d62e91,0.6449779545330041,0.020732060848756503,0.6242458936842477
2249,fb24c00847da6e592788,0.0032259248945950003,0.9730786728446751,-0.96985274795008
2250,66a8602baa94c993564f,0.492571154551916,0.021771113247633003,0.47080004130428305
2250,8eb686f50eca6642f34d,0.011283812764212002,0.4844169288177286,-0.4731331160535166
2250,aece7aa3a3ae963b5c7b,0.1389932823631081,0.7496575975081796,-0.6106643151450715
2250,e2e6544e1f2ba1f0a85b,0.070896923107834,0.7036259900191175,-0.6327290669112835
2251,00c1be191a17a967dae4,0.46388592338697565,0.11204203820148151,0.35184388518549414
2251,5d79732c6786e8a8b5be,0.12754058999318102,0.9862474811901265,-0.8587068911969455
2251,99d1faba069d82905cc7,0.6318694495988196,0.9584135118682715,-0.3265440622694519
2251,db510907dd95440a0f12,0.8497769525766201,0.758113436817691,0.09166351575892906
2251,fbcd5a2c89bb2f4ef5c4,0.6622490032389977,0.601233266415925,0.06101573682307271
2252,2530272a932ae6de36aa,0.8028257236891281,0.0078864915548185,0.7949392321343096
2252,30068a17053208fc75ce,0.753368742934426,0.1846617479407125,0.5687069949937136
2252,3537abdd716b3b1db6d7,0.023568379625187003,0.0037108068323279952,0.019857572792859008
2252,9c86db33fbc19eb2ca61,0.7166702479811771,0.09151614927656551,0.6251540987046116
2252,cd6ad75c0d35b30fd39b,0.46222727516201556,0.41986795638004204,0.04235931878197352
2253,1d924930336cba7927f2,0.034346463095694,0.145838344225528,-0.11149188112983399
2253,825147b9d3b6789fc74b,0.8873631846765431,0.0118080680085535,0.8755551166679896
2254,752b8e75857a6b931ed5,0.6960171764840286,0.31519035086852554,0.3808268256155031
2254,dddaeaab562abead9b53,0.001068000461994,0.05412402089026551,-0.05305602042827151
2254,f55125ac9db098878c55,0.002407637006279,0.8445197202148556,-0.8421120832085766
2255,194d443ce4130b5a1391,0.661682582268136,0.0427522424641305,0.6189303398040056
2255,bc72d00b87f3c892e682,0.149066270907342,0.721578517822856,-0.572512246915514
2255,d094a4a70ac9aee40538,0.00028445592111300003,0.49258780760375553,-0.49230335168264255
2255,fbfd3174403634f8bd6c,0.004443649277162,0.070156102046647,-0.06571245276948501
2256,8b885d6bbf9f9aa349a6,0.7518083882497041,0.083678030563636,0.6681303576860681
2256,b9c508f8e2177a729152,0.00044243562691900003,0.13876317212935102,-0.138320736502432
2257,432c2252bcc07b697a89,0.44449116100374303,0.070708454003997,0.37378270699974603
2257,4c0245461c563116d7ac,0.357436553641583,0.7829804876951431,-0.42554393405356006
2257,6c78d78503df55dc338f,0.225317610625789,0.5217331863655545,-0.2964155757397655
2258,45bf427f89b773fa24bd,0.03380258505486,0.5373310567264156,-0.5035284716715556
2258,4c6b76e6aae72c46f934,0.0016341345480980001,0.4378292762101455,-0.4361951416620475
2258,6266a0f9516e68337633,0.022711383991655003,0.5580409680216305,-0.5353295840299755
2258,bc8a122c0090c50a630e,0.010366891609038,0.13615675637892452,-0.12578986476988652
2258,bd5a6cf6362a0d7c7413,1.9180474034526804e-05,0.34946119521004404,-0.3494420147360095
2259,0f98ea70af03778bab4b,0.3354451071221538,0.8556076075145741,-0.5201625003924203
2259,37862d604e21e597fd6e,0.5726452961009173,0.34627713037331403,0.22636816572760327
2259,b1066ba3f94845dfc526,0.4530440927071788,0.419218652162886,0.03382544054429282
2259,deb38e398720da75a391,0.09685375128818126,0.7997514289860795,-0.7028976776978982
2259,e563420d5d3587d294df,0.654199161080066,0.072464791386825,0.581734369693241
2260,85cd25026d6ab9b32974,0.32991476960110905,0.313032263371451,0.016882506229658034
2260,879c1199119e39ade445,0.004606847056163,0.49898306424359407,-0.4943762171874311
2260,9681cf1b92721a988aa4,0.10319180399121101,0.0024973762198520003,0.10069442777135901
2261,4696c8c7e2ba0d9eeca6,0.33121970636225856,0.020081673766235,0.3111380325960236
2263,0dae6cc5b7f71f543128,0.030456479724319002,0.00023072659614800002,0.030225753128171003
2263,664c613f268bc2cabcba,0.028837241410675,0.9342064194737536,-0.9053691780630786
2263,948d9e5acec107c5b1ff,0.17358571079090102,0.00012188550181482461,0.1734638252890862
2263,d2ad80118b4a202925ad,0.7753501724677371,0.24393938911742552,0.5314107833503116
2263,f9c6eb55fde60048005c,0.753202162239857,0.31615885896754103,0.437043303272316
2264,29fae0f57f0701ff4ed3,7.178697959513048e-05,0.0036448156131670003,-0.0035730286335718697
2264,b7655c79a35cb7b5b696,0.0017840116030890002,0.93383788008942,-0.932053868486331
2265,10251dd31662b61b3cdb,0.18447062182682303,0.457216263944686,-0.272745642117863
2265,5e86bda76d99001fb405,0.048483698875059,3.066859268368523e-05,0.04845303028237532
2265,a12d8cda139580ecf558,0.0029607930438960003,0.3198983416961305,-0.3169375486522345
2267,0fb854ef5c846c757bae,0.967636178018185,0.5272667404687605,0.4403694375494245
2267,5dea2bcb6db477279d68,0.36870408160022106,0.5414322972527725,-0.17272821565255148
2267,91e501e2f44cdced5b47,0.08667171232767601,0.0756267623407255,0.011044949986950506
2267,98d0bdbad9211acb8da1,5.939113479726197e-06,0.016672844420595002,-0.016666905307115277
2268,3d0ea6cc7e02cbb052e7,0.9181410877671771,0.9255764959606491,-0.007435408193471993
2268,4bbebbbcca408928ac5d,0.24990873119824303,0.24970797215110152,0.00020075904714150772
2268,95955c470561f65ebdf2,0.49508730062838946,0.245627969582268,0.24945933104612145
2268,9d3709eed2e423513ffc,0.0013598073698580001,0.00157299271781,-0.00021318534795199996
2268,c1ef6f2f57c9fc59ed4e,0.6542485513955798,0.4615231547452967,0.1927253966502831
2269,03125170e9d4a0e34240,0.984403128333838,0.102669802852942,0.881733325480896
2269,5450f8d4e817b9deb044,0.917508330559427,0.8269464622012456,0.09056186835818147
2269,d38cfe09a52d2fae8648,0.8649446776060301,0.9769830811870476,-0.11203840358101746
2269,f86641fc60b676037bd4,0.747642084584472,0.5217792212525341,0.22586286333193795
2270,b15d5361f8a76461ea0d,0.10682998593425401,0.0038423032799695003,0.10298768265428451
2270,dc6ba75c5032f81c9deb,0.007532822814379001,0.018004570357817502,-0.010471747543438503
2270,e234bb3ae5e3ab1bb5ef,0.173429962194583,0.9667138178212096,-0.7932838556266266
2271,333a6a09149a67f274b2,0.4593351814946565,0.1772859835845275,0.28204919791012906
2271,9d8c35faf55ccc7e4946,0.30288504283573003,0.817811474817594,-0.5149264319818639
2271,c581cdc3932aa956eb95,0.697158927569993,0.4791897450972786,0.2179691824727144
2271,df113beb4a957f3df07f,0.3216674357520245,0.0419914422669435,0.279675993485081
2271,e4c551c2e64ae320e101,0.23714608987763852,0.063970302681149,0.17317578719648952
2272,166be609db184e7a7869,0.9788975814523141,0.42428069582516054,0.5546168856271536
2272,86ac3a72a8e480ceadb8,0.9881425597747571,0.33507538470092557,0.6530671750738315
2272,8fdf32f50cdbec6b8049,0.47755055178451805,0.46124278809941355,0.016307763685104504
2272,b6d69908d45111f0900e,0.940414677579756,0.43041688617296103,0.509997791406795
2272,eb8abd5ae6ec6bbb38b8,0.003808694107295,0.48959707223305055,-0.48578837812575554
2273,a9016b9ec9becff67237,0.5219732172746334,0.6037178294141831,-0.08174461213954964
2273,d1e99c44291adbcd18c7,0.4622869358417233,0.0039807602886673225,0.45830617555305597
2273,fa3a7c0f8db5a0d7c467,0.6002563121969087,0.48514485291917553,0.11511145927773314
2274,294910f25b325edf2d3c,0.9748122964113518,0.838151177196592,0.13666111921475976
2274,4f82ddd921df120da9da,0.42301309434779005,0.6993693163310201,-0.27635622198323
2274,8d563719fdf4e4ce1c0b,0.6944582584084831,0.020715797381478003,0.6737424610270051
2275,b9d59c746beb00cfeeb4,0.0174385226360175,0.19135086503696302,-0.17391234240094552
2277,86431b1921d78fbd0280,0.0010570119918430002,0.571360045564103,-0.57030303357226
2277,bb22ba22e4ce43211858,0.42159138161750903,0.531275161354615,-0.10968377973710602
2277,fe950c1ae0b66218edde,0.00513406640808,0.30232380761367,-0.29718974120559
2283,4510f173aa079969e3e8,0.21904884368521968,0.48975292593676006,-0.2707040822515404
2283,6a2b0245eae471021477,0.08534705327149834,0.0701025703064565,0.015244482965041842
2283,775e3d9c1885ef293bb0,0.0023619581979544535,0.0002719847649962244,0.0020899734329582293
2283,8f79d5ca9b9292f9989f,0.316234073393175,0.5535339843139465,-0.23729991092077152
2283,ba7efcb4f31f82a6f369,0.11240001351511501,0.007173471290682001,0.105226542224433
2284,3b0adaa3be9e18b92387,0.8169737503534952,0.39767904851961405,0.4192947018338811
2284,c35088480f9894947950,0.6026481061702637,0.42910824229966205,0.1735398638706016
2286,5732dd437c682410a33c,0.4919001119486015,0.27207450895643154,0.21982560299216997
2286,f8690a8e116682a6c41c,0.22993179364553104,0.5097435025088526,-0.2798117088633215
2288,2ae7ff130d6666177195,0.40796593966105604,0.5237889828262625,-0.11582304316520647
2288,4199a9a4a9294474a290,0.45495751509052207,0.2870735369551275,0.16788397813539457
2288,6fbfe5a4d4b589f67499,4.7622662196518484e-05,0.026491480116513002,-0.026443857454316485
2288,8e49d8ccc218517c584f,0.43982481099559373,0.36589324598682904,0.07393156500876469
2289,4c08b022afd227951e5c,0.01922522412530567,0.21335151061724403,-0.19412628649193836
2289,88dbfeb15c020eb7f9ae,0.5050080422569823,0.8068341290107961,-0.30182608675381384
2289,cd816514f4350537f3a8,0.42100994027009353,0.647975886509865,-0.2269659462397715
2289,f776f036294b26d7a850,0.6089177017430565,0.5037612592778106,0.10515644246524591
2290,d80b6024045c72dd3b82,0.11726248983830956,0.004769468383586718,0.11249302145472284
2291,07c30c89d70dc130d0a5,0.5256890974466248,0.9785087617321401,-0.45281966428551523
2291,7c381826febfc228b3d8,0.33923707893565774,0.0936304122649505,0.24560666667070724
2291,ef4633fdc01a161c7fcd,0.6214645528660538,0.9650056072380895,-0.34354105437203564
2292,69854075288ffedca5e7,0.6107419036611548,0.9842006289564781,-0.3734587252953233
2292,6a960e4640821363f0eb,0.690569087914108,0.9691246348671986,-0.2785555469530906
2292,8029858b83c612bcb735,0.02067708212040767,0.456206816432399,-0.4355297343119914
2294,bccfbb8c3db0217cd5a1,0.3636180842665485,0.29788670504514647,0.06573137922140204
2294,dc27effd94be4827fcf0,0.0696748630517725,0.2549886292685065,-0.185313766216734
2294,e237131ad9988cfe065e,2.7590731857215772e-05,0.0015054725051175,-0.0014778817732602843
2295,0e870c0f57e65cbb0b18,0.5253992193308901,0.5378269077513731,-0.01242768842048303
2295,3579bd0e39c2d6acacf9,0.3003713660412037,0.164843527288301,0.13552783875290267
2295,b9da328bf9b88c40a091,0.983379303818894,0.4161281763689975,0.5672511274498966
2296,7d098d65d19249a3d8c2,0.6772593101132024,0.5276564049226755,0.14960290519052688
2297,01fdd4d7cdaad7af3185,0.8158506569218792,0.4209838463904896,0.3948668105313896
2297,8f8cb9524679055baa9c,0.7455656174971951,0.6646210350038996,0.0809445824932955
2297,901505a050075b8761b6,0.5081349329629704,0.785362913959806,-0.27722798099683554
2299,93a5ce97c2fb946f692b,0.04003807074465646,0.029188168946171503,0.010849901798484954
2299,dcc9925717497ec50499,0.23477651285914442,0.9329651950339362,-0.6981886821747918
2301,978f4b72b84a3ee160c0,0.40053832645121706,0.887154819928597,-0.48661649347737995
2301,a9a06d1440fbac244a58,0.4651237877230527,0.1624791177719865,0.3026446699510662
2302,22dcdb61ce6a39210acd,0.6631955045852178,0.012011036308992001,0.6511844682762258
2303,a5889c65b1d1144d4304,0.3534763091041344,0.19356620646274653,0.15991010264138789
2303,b0c8783609f39c5a51f8,0.698015683259426,0.1925581751472955,0.5054575081121304
2304,40dc8c697347db41c7c2,0.039392935275733,0.0005260785025645,0.0388668567731685
2304,a7e9d4e0d2e16ba1ddd6,2.301104738701828e-06,0.560025958123584,-0.5600236570188453
2304,d990eae8adceec873415,0.0110508297878765,0.1206105357007665,-0.10955970591289
2305,7439e6f3ea38cceef24a,7.77259711358876e-06,0.8797192618804616,-0.879711489283348
2305,91f7081f0cfb703892b2,0.00030990032787000003,0.007756782980103878,-0.007446882652233877
2305,b25c42921b44acacf024,1.77366058617897e-06,0.02323245614083993,-0.02323068248025375
2305,d057caaadc577ea1bdb4,0.013959358473077001,0.08512303522081652,-0.07116367674773952
2306,4d9b539581b35dd8ce86,0.5145525103440638,0.030940876669314,0.4836116336747498
2307,19cdd7858737c108dbe5,0.5492141560978627,0.08345624722563101,0.46575790887223173
2307,1fdead13799f185ce799,0.05742071293854434,0.4870185065120614,-0.4295977935735171
2308,45f47b9f7d7248eb8d00,0.0026870841057980003,0.31528215350428607,-0.3125950693984881
2308,4d1f6c7351ed55c33d9f,0.49552703902674006,0.031235583408542003,0.46429145561819807
2308,dd0bcdd645d2ae71a7d2,0.000238144459318,0.5084180875513465,-0.5081799430920285
2310,3309abb38703333ddf95,0.046135991106485,0.46649944282874456,-0.42036345172225953
2310,f6785e849fadb983821d,1.880300420483332e-08,0.0151360880815935,-0.015136069278589296
2311,422e1b3a9d1c994b7240,0.5963745740415746,0.658821889521877,-0.06244731548030247
2311,782ac2a4d9b347573646,0.15675317766160352,0.14685579413209351,0.009897383529510001
2311,973afb396f25079d70fc,0.015670440158749594,0.5333252747936486,-0.5176548346348989
2311,dce929fa1381dc5e2290,0.4872069226695494,0.16634423180485303,0.3208626908646964
2312,5d6ba1806c418e4e210a,0.301353225924764,0.0035400015272060003,0.297813224397558
2312,751dc968f9c9a6ad085d,0.21514020014958424,0.03944000006774116,0.17570020008184306
2312,eefb6defb473d9218de4,0.4808394199287847,0.527810574343863,-0.04697115441507832
2312,fddb2b3cf03616486540,0.4392715335542576,0.23754330420621753,0.20172822934804005
2313,54a2703d5c0a9a672d12,0.22445771126553782,0.5152142959850651,-0.29075658471952726
2314,358df4a3edae5cfaaf0e,0.5990408612769821,0.0017735491211820001,0.5972673121558001
2314,8260ea6b6dac56fd3208,0.5538179688844045,0.5232272004723105,0.03059076841209396
2314,ca619a32ac6911fd2f44,0.15656594561644802,0.9382418904689072,-0.7816759448524592
2314,ec27022cfe655eed5744,0.13187951894150501,0.47273234867991054,-0.3408528297384055
2315,2fba6f9684c5f5e6c635,0.09544589029322269,0.133826619229654,-0.03838072893643131
2317,3b22e16f24a31366cdb5,0.207965601091247,0.5011251007461935,-0.29315949965494653
2317,b7f406737fc8e9b90784,0.8471943965885631,0.3228541132696495,0.5243402833189136
2317,f7f0e7e2536b5de82b43,0.286502044805444,0.45510020858319655,-0.16859816377775255
2319,794ee873afd4e89fffd5,0.11209891187571774,0.31154856631904204,-0.1994496544433243
2320,0577d3420c7ab96fc473,0.6181669175444543,0.45742342162532995,0.16074349591912435
2320,0a22a26ebe2924c43fcc,0.055326192509559,0.0037245217366390004,0.05160167077292
2320,5370824e389938953d7a,0.445240494510172,0.603934777274297,-0.158694282764125
2320,5a95ce4c687e3c897dc3,0.000455591955747,0.0019839339336315,-0.0015283419778845
2320,95b3a1852991d3427ca1,0.10549923326412901,0.6424351933070985,-0.5369359600429695
2321,5ee55fff8731322d46e0,0.015778831771407,0.0018007476383135,0.013978084133093501
2321,ae5fead37670fdbcad6c,0.000693161096596,0.025185361939779,-0.024492200843183
2321,b471b04f61e10220daff,0.003961358304878,0.1262752582629035,-0.12231389995802551
2322,3d3d0cd336dfbc1f26f8,0.015751637876369667,0.3643553347395115,-0.3486036968631418
2322,60ffd91e2db8ef58cc7e,0.45431577018808206,0.46733358781315854,-0.013017817625076478
2322,fb98e5816a527e23f42f,0.42170936846650897,0.9730211871120611,-0.5513118186455521
2325,0e994dee6015c7737f97,0.126747823161274,0.6697101925406356,-0.5429623693793616
2325,3e2e2c9773c57d30ba24,0.30210944311187804,0.9016205409608096,-0.5995110978489315
2325,57f5b68c3fdcd59704b4,0.11973444144925852,0.4602812301331654,-0.34054678868390686
2325,80da899349d0e723c77a,0.868363630674122,0.5039640442200646,0.36439958645405746
2326,811c98546555aeb38edc,0.512996890620078,0.7747983903367436,-0.26180149971666555
2326,905ac5a80e8bf486cdc6,0.023211469950767002,0.7938998690088521,-0.7706883990580852
2327,0541c93cdc910e70f260,0.18943786112089303,0.2681381026523545,-0.07870024153146146
2327,68a675da624c1b28fd5e,0.6345446090561452,0.19783432778088403,0.4367102812752611
2327,88137f83ba0db6bd4bb4,0.46369049047634303,0.071498314350888,0.39219217612545504
2327,99b20151829b800d9aac,0.3672638139127646,0.3437547189039045,0.02350909500886006
2328,0b2ec7875a8ce27df5db,0.5886939524086597,0.616519612068529,-0.027825659659869273
2328,7e80739dff26dd18c846,0.683078269208223,0.19281794042382103,0.49026032878440196
2329,37b949315582d61ef369,0.5158038350706659,0.05159767139645416,0.4642061636742117
2329,913a61e9f78e2c2bfae5,0.41561740924189233,0.449918091424355,-0.03430068218246268
2329,9d9137420163934b952e,0.40168907013566457,0.5458949668993096,-0.14420589676364504
2330,f8fffe977a5ca9ec4d83,0.338017754872473,0.019085482505198,0.318932272367275
2331,e02912bca404d09f370d,0.6306163563700611,0.715905786685047,-0.08528943031498593
2332,15bb38fee4d90b154305,0.031140950003918002,0.146930805729585,-0.115789855725667
2332,3292c81f027485661610,0.028244890823695003,0.36937539636223204,-0.341130505538537
2334,1c54a05658764d955701,0.160294508375722,0.008132231726280355,0.15216227664944165
2334,cdf8ce07c531ae1e31e9,0.9528565054478272,0.9774734650210315,-0.02461695957320431
2334,f7752ca927a4d0400cb9,0.7737374188434311,0.7713680072439346,0.0023694115994964404
2335,aceac8316533e2675acc,0.0036795289252753334,0.49721823051498854,-0.4935387015897132
2335,c0e14ebb2e8414713742,0.6805078055081107,0.673387085564259,0.007120719943851772
2335,f1f9c9f01de03221dbc4,0.44021581784864017,0.9869728323537791,-0.5467570145051389
2336,529a878e70feb2e64643,0.26855316691042835,0.5848227381011715,-0.3162695711907431
2336,56bb5929463dbfbba71f,0.7363509855816813,0.353768150829391,0.3825828347522903
2336,8a501a5e54ccdbf4010f,0.08686937828068834,0.022192439479265504,0.06467693880142283
2336,c06ab070af71d1984824,0.16304921693744404,0.43823546786451406,-0.27518625092707005
2336,c468d3cca9e8d70a6131,0.0015866416028990002,0.5368055996252905,-0.5352189580223915
2337,024efd52a8c5fe262b2c,0.373092301047373,0.080158724933343,0.29293357611403004
2337,c6c1267062ad8668bcd7,0.46834938741722104,0.6543697620601705,-0.18602037464294946
2338,aaf2cec6bfb5c6fb3f8c,0.14526284044649032,0.134247683619553,0.011015156826937322
2340,8f39be053ad083df10b0,0.7053113792046388,0.9942123232529392,-0.28890094404830036
2340,e708b3de337031565b06,0.9774572668559994,0.48407182940183957,0.49338543745415986
2341,6eef40945342762f7a55,0.007866133622971,0.52276375819589,-0.5148976245729191
2341,aa2cc9d2fe6686ebfbf0,0.9534964353881591,0.27577514638517453,0.6777212890029846
2341,b00e39cc340c196df19e,0.8368681319791921,0.4858106758752463,0.3510574561039458
2341,b3968afb4f01afbb5e83,0.017405649847935002,0.5010661024110555,-0.4836604525631205
2341,e46bf6ea57338cab8bca,0.000967366719944,0.5438606205553516,-0.5428932538354075
2342,0e01f5d24c4f19277d6f,0.002055004119108,0.9547803904638841,-0.9527253863447761
2342,3c6bd684379edb717a71,0.940834721384573,0.48790966268746755,0.4529250586971055
2342,3fdc194626c57b5c1b8b,0.7973926258840476,0.22054265873401951,0.576849967150028
2342,7a4f1f30cb18930afddd,0.022414559700429,0.1851653750587655,-0.16275081535833652
2342,96dbda42bc2a1a78771f,0.15353966463507002,0.027440364829251503,0.12609929980581852
2343,15d853b6b72797efa980,0.21533885095337765,0.010132493615719001,0.20520635733765866
2343,176deda783222378cbe3,0.161895616996518,0.0188942415073845,0.1430013754891335
2343,3fae8fbdf79cd599ad4e,0.011845790549491001,0.8694044971947176,-0.8575587066452266
2345,174597052721d600e6c9,0.9320069728404091,0.3955935738439345,0.5364133989964746
2345,4508273b5f18442c12d1,0.009398529897221002,0.9388870444838251,-0.9294885145866041
2345,c69e30ed588d5a79e33f,0.29513208131308305,0.304774122034775,-0.009642040721691947
2345,cf9bd01d36719aa227d8,1.526258072113401e-07,0.9849722955049556,-0.9849721428791484
2346,223baaaba852a820f8ac,0.41855803088411503,0.3619787773863016,0.05657925349781345
2346,3805a543ddf171f78f48,0.23982284443756802,0.5056421089505725,-0.26581926451300447
2346,6ec585974171d9dc1471,0.7213733842033201,0.6606366933477076,0.06073669085561251
2346,b180dbcd3bd76e389621,0.33975229719500605,0.453501118004201,-0.11374882080919496
2346,ef710b2694379e635ecc,0.516226445397536,0.0215028526154925,0.49472359278204353
2347,44b3b915b17c1b525023,0.017704328219279333,0.528132009908098,-0.5104276816888187
2347,609e8cda89c870f5a78a,0.40426909423935253,0.13265321355285853,0.271615880686494
2348,15492f7abdd82bb5ee98,0.287354611667523,0.9414380426626441,-0.6540834309951211
2348,34d8e46ed4c737dcddfe,0.17701165055014,0.9883629368234945,-0.8113512862733545
2348,531c1ccbce06e44825c6,0.9293412783141131,0.2989437851112615,0.6303974932028515
2348,7310ffffc72e9c266288,0.00013331595840200002,0.529846479646995,-0.529713163688593
2348,b908250d1407d1a6912c,0.004290114892932,0.42722123399334055,-0.42293111910040854
2349,13e7e28d78002cae75ba,0.7694898948847316,0.009786752532858,0.7597031423518736
2349,77c2edcbb62eac5a5b10,0.3441659390246435,0.8113302319400395,-0.467164292915396
2349,81c5e1ac39cb081df694,3.995854821197431e-06,0.9984428032405321,-0.9984388073857109
2349,b115c9387df29ee90c2b,0.42130264437442827,0.22737751064425954,0.19392513373016873
2349,e16d716ac0242a3d28e3,0.0033839988093240002,0.9875664471962661,-0.984182448386942
2350,004fdb89883b0bad8a03,0.3299039344902156,0.00818891073665,0.3217150237535656
2350,134d57eb05afa0718892,0.5351280788638564,0.2718922576827625,0.2632358211810939
2350,73c4c58f537c0bc34d9f,0.2651142012345122,0.006965784348985,0.2581484168855272
2350,a166d6b122e0b4e2dc06,0.45603970791197856,0.41819803799255456,0.037841669919424004
2351,3694f34d7385a2c6e0c0,0.45142926114104437,0.9817863558551156,-0.5303570947140712
2351,411c76ad6efdb9037cfb,0.464644791411962,0.7606086321756871,-0.29596384076372506
2351,467f4efe3ec0f10bab3f,0.5277418026065817,0.48654366258066756,0.0411981400259141
2351,d1389e4521cf4b805461,0.003124919405085,0.5540948931169816,-0.5509699737118966
2351,f42c92fa6a828b86fc35,0.5891782880525979,0.8943892548747221,-0.30521096682212423
2352,06eacb0a339b40e2f578,0.2986367956792283,0.828036614446203,-0.5293998187669747
2352,350e617af6f51f6cdf96,0.5814963840561762,0.704850634421146,-0.12335425036496983
2352,a913d0d8e71a0f287bf8,0.5358017513542656,0.946253395163637,-0.4104516438093715
2352,b85a1a543f3dffd83630,0.4852756935210636,0.629046041674016,-0.14377034815295242
2352,c3172c344638d77a1546,1.191478267694477e-07,0.47892611661876555,-0.4789259974709388
2353,1daf3a01d8ded5d8ab26,0.6333976692928724,0.6053862668323301,0.028011402460542345
2353,6ee998f9883ccaf7a1e7,0.272602778186449,0.34258715204016804,-0.06998437385371903
2353,c53bc9964132c90d8890,0.33145432176551876,4.9979297307474494e-05,0.33140434246821127
2353,deba2ddc3e0cfaf69120,0.8476351766885254,0.9841038105111386,-0.1364686338226132
2353,f5ebb4153c141d639028,0.3763224618547611,0.21726142058474002,0.15906104127002108
2354,0cd8605d5a0312a65242,0.46980009350736324,0.3895155506642591,0.08028454284310416
2354,d48b249a20889a623153,0.4207005655859778,0.39436907577100105,0.02633148981497674
2355,a001d5bbd9ccb2c1252f,0.6835964137472739,0.5525441847690106,0.1310522289782633
2356,3f57993365d03d1359d2,0.07887303662021967,0.37910836550744254,-0.3002353288872229
2356,55f18444b28b0166e05c,6.469275972552226e-05,0.5563365154964786,-0.556271822736753
2356,5f28980e8ab441ec1c38,0.008558030144239,0.9658954923489136,-0.9573374622046746
2357,44eb558508fb12d56728,0.29881503287792904,0.0004391778599,0.29837585501802905
2357,e8c6095cf862c467e7fd,0.5823591155746637,0.0028480476619195004,0.5795110679127442
2357,efd39b3375c46cb725c7,0.270587899651873,1.057031842513144e-07,0.27058779394868876
2358,5e33ff9b8dd1220e3d90,0.0013965458278000001,0.4084331478815042,-0.4070366020537042
2358,7a0596db211192cdf8b1,0.412818123959024,0.3978421140683685,0.014976009890655506
2358,c14e30e0fc29baed9bc8,0.18231791855638,0.074102319254416,0.10821559930196399
2359,37ff3d50c9822a5ff9b8,0.827760372935445,0.393202124944014,0.434558247991431
2359,a34090a7cd52efde3d42,0.5303477907460311,0.000713027557709,0.5296347631883221
2359,cc7b542e0d22547eff4f,0.3618516001556542,0.46228255620519204,-0.10043095604953783
2360,212da91baab116c007cc,0.09606196171190001,0.49441246035102104,-0.39835049863912103
2360,de692a0a75a047db8224,0.5960777106553303,0.49950922027753303,0.0965684903777973
2360,e6193bff8a71d634fdc1,0.5247283845457615,0.000542662261123,0.5241857222846386
2361,52014228f14b3a1dd6ce,0.8788204140155371,0.43106696055799254,0.4477534534575446
2361,c78101e125f287440469,0.004905150041840001,0.09455573007221951,-0.08965058003037951
2361,e976227c10d6ea9e6024,0.5004722729082753,0.46593743575852703,0.03453483714974831
2362,1166b6fca100da2ee359,0.539266170803801,0.333547296564879,0.205718874238922
2362,3fdcc01885cde2da412f,0.99006968787416,0.492227306889982,0.49784238098417805
2362,b6787138c0472ba72385,0.009326464798696001,0.002382745592654,0.006943719206042001
2363,0f9f51a4e72ec95fe9f7,0.6138403428080641,0.35682022231830607,0.25702012048975803
2363,6115795d66e72f18e54f,0.0020442674597610003,0.9639710707396351,-0.961926803279874
2363,63b60ec8e84a23825699,0.18584326240909763,0.750299643033006,-0.5644563806239083
2364,53b3c952c00d1cb1a6fb,0.0005428076560590001,0.8446015868809451,-0.8440587792248861
2364,62135d08b71bc8194279,0.43048932846466903,0.024829851231585504,0.40565947723308354
2365,13d9c7c52be49707422c,0.06458459864258843,0.00018945784682400003,0.06439514079576443
2365,63bbf22ce0e5353886c7,0.025395913841518,0.6152278347762036,-0.5898319209346856
2366,50634e05f422e627cc15,0.09368592269955434,0.0011009285846040001,0.09258499411495033
2366,60d3beb341e314a1a8a5,9.118293247923495e-05,0.06834112181566401,-0.06824993888318477
2366,e506f04eaa808efe7378,0.001809815188777,0.0694485422142605,-0.0676387270254835
2367,375047894be67d4d11f6,0.0006693288286300001,0.28815777647240204,-0.287488447643772
2367,c0a2f1d3f525723c8b3d,0.021297345667493,0.052758225294656506,-0.031460879627163506
2368,1fdcc64b4a7588141210,0.818624641576274,0.4529913876559905,0.3656332539202835
2368,5bb9a52949307434e799,0.275389218205197,5.470477641400991e-05,0.275334513428783
2368,d78312290b1feb93411a,0.18259369833965203,0.142957360989527,0.039636337350125034
2369,22b11201e3beca0829fc,0.24713610493933302,0.0066106841522660005,0.240525420787067
2369,db19eb168e22fa0fa745,0.45008265176348966,0.00031933840530300005,0.44976331335818664
2369,df6eb28227003cdd82bd,0.45624526130284027,0.48331627600451754,-0.027071014701677276
2370,046fb913bd50c93a819f,2.8754741889464236e-06,0.215987929933659,-0.21598505445947005
2370,25fa58f6a64a357bb386,0.0494649776014765,0.6466297515924071,-0.5971647739909306
2370,3796292a3f878453126a,0.504912296237901,0.40252295343717454,0.10238934280072648
2371,472babb037e53a3c6b53,0.009564948150156,2.9282303702257938e-05,0.009535665846453743
2371,9109e695d6b9a6aa0154,3.506714153382138e-05,0.16324660192200202,-0.1632115347804682
2371,f406556b2b08cf92be8b,0.203848848944221,0.773837435258917,-0.5699885863146961
2372,0153adf4f427d0b44cb6,0.7517406142559511,0.9543808017816521,-0.202640187525701
2373,8600e8cfcced1be00085,0.013587258232291502,0.0017187788236525002,0.011868479408639002
2373,91653be6951685aa73e3,0.160881910137592,0.482591217437906,-0.321709307300314
2373,b0062436af549630bb28,0.34268861324068006,0.3570287781194811,-0.01434016487880102
2374,2d17db2e1f1b462a0258,0.0007626703142630001,0.266345363070054,-0.265582692755791
2374,826e1a910bab825773d4,0.34276756365915273,0.825049470153914,-0.4822819064947613
2374,e8fb0ce82a7f2ee31b07,0.7524327471083442,5.9867127137399385e-05,0.7523728799812068
2375,0785da3eb9be10a2453b,0.25870549035385504,0.4647921410466981,-0.20608665069284304
2375,44b7718ea85f658592f9,0.053412071825575,0.050844678820811506,0.0025673930047634963
2375,a44e36cff03f6963ed14,0.46752022149751404,0.00036148787378100005,0.46715873362373306
2376,30c0ed46bc07828b4300,0.6662499920633198,0.9719470233574575,-0.3056970312941377
2376,aa46cc2c0249c73b2cc6,0.44273979824259535,0.1236732939822195,0.31906650426037586
2377,287d57979b7f78e94d55,0.014019583169710002,0.38161087467708904,-0.367591291507379
2377,4a078c4104bdc0c1b28a,0.020086044286742,0.6891722041619716,-0.6690861598752296
2377,cc6d6f1db3aa68392c73,0.14532056635124402,0.11864013663289101,0.026680429718353008
2378,43864e32351b97b21308,0.005350020347216,0.47233780641564754,-0.46698778606843155
2378,96965721b017b34ba38d,0.207605618567227,0.782203652239547,-0.57459803367232
2378,9edddc2eec23d5381aef,0.509501315921853,0.20526779554818902,0.30423352037366397
2379,3935feaa1b0f783bec7e,0.003489374119858,0.00032843961561208505,0.003160934504245915
2379,d779e019c9283fbf2a22,0.00020937691446300003,0.8211622055450906,-0.8209528286306276
2379,fdb229dfe0bb715b363d,0.0008518667626220001,0.4998377035038185,-0.4989858367411965
2380,37ccffa7d65acd1c848d,0.004347171023641,0.4897429894371165,-0.4853958184134755
2380,d6052b46cef26e739694,0.0015765211232300002,0.550280672465813,-0.548704151342583
2380,eb7c6c03ba56429c5a40,0.084726585062093,0.3985699672073465,-0.3138433821452535
2381,4f205d0d24459a8f408f,0.0008454595874500001,0.715303432435297,-0.7144579728478471
2381,50d40bc7a74ca0624592,0.0328683249343375,0.5046407032030881,-0.47177237826875057
2381,8b22a90ba47dbf178fc9,0.410795451330878,0.5120810334754861,-0.10128558214460803
2382,23fe4bffe278865774c2,0.04269005534195,0.526981469582794,-0.484291414240844
2382,a1d21f787ef2efdcf3c4,0.352914978299092,0.059897817843620006,0.293017160455472
2382,ee10a4d01b7ca45933eb,0.08247579777526101,0.3962157673343185,-0.3137399695590575
2383,09169d3c1ec8d87457c2,0.007507431250521001,0.004446429650203878,0.003061001600317123
2383,188526ed2c8314d2c7df,0.42683779835123303,0.9262726592746495,-0.4994348609234165
2383,e6ca615c3f9339991a63,0.016076794149389,0.4388794961258606,-0.4228027019764716
2384,42f3fb1114b4691d6a41,0.25390786569227236,0.8206351191987615,-0.5667272535064891
2384,a2121309663351c54184,0.009206291975690001,0.6335297226039025,-0.6243234306282125
2384,ae92c8e52202b671bba6,0.31083937921640403,0.564292957188651,-0.253453577972247
2385,3415839ee695ce769e5a,0.053669281848805005,0.5646147659786616,-0.5109454841298565
2385,c8903b8894a48b2992d7,0.8644307816031941,0.1050165863930045,0.7594141952101896
2386,301078231d4eaa76c1f5,0.7951645072748813,0.9680092116578666,-0.17284470438298527
2386,922a7009fc4df8f14254,0.28465657747054623,0.09394398960076102,0.19071258786978523
2386,cefd95386d8fcb4ae082,0.0003070135086355,0.865380484322759,-0.8650734708141236
2387,0e970fbab5d58fd05b24,0.218173322831864,0.63302910224761,-0.41485577941574603
2387,b2f761d81d3e13222e5d,0.9612338821983679,0.5317916241410866,0.4294422580572813
2387,fb94fa48e2e3f8d9e54d,0.13275649630498051,0.1631450504133445,-0.030388554108363997
2388,622f7385dd11c6f671be,0.11176901580643701,0.8531603155011775,-0.7413912996947405
2388,a32bfd2e830b9a935892,0.5680274206554585,0.14759534152577203,0.4204320791296865
2388,fc948a1ed07d4cb01ff5,0.10339830517572701,0.004467353490704,0.09893095168502301
2389,4fbe2aabcd8102904824,0.9798771787001391,0.020110722650060503,0.9597664560500786
2389,95f2764a75ef75b264cc,0.993716160262424,0.033633546713143,0.960082613549281
2389,f6a162f6c2ef59be4a7c,0.854540245799802,0.0013792870085735,0.8531609587912286
2390,0c572dbec00ba19fa386,0.020248872514690517,0.751601657469483,-0.7313527849547925
2390,e2de34a5b087fe59c033,0.00154418989811,0.009954449110752002,-0.008410259212642001
2391,813446fd74a04685813f,0.5111561744089944,0.17221501147711601,0.33894116293187837
2391,97a00d2677b80dd56fe3,0.6310109250278056,6.381940797228096e-05,0.6309471056198334
2391,f96a575b1ad98d2172c9,0.001278655379010946,0.10742611979417026,-0.1061474644151593
2392,365ef36a84336f81276b,0.58331138439671,0.0525112126784805,0.5308001717182296
2392,3bc11f07617cb937a9a0,0.9223820343618211,0.5682757146624811,0.35410631969934003
2393,7d4133d232266d8ff516,0.36585676246484705,0.4368996320212895,-0.07104286955644246
2394,7fe6dfc200843c582c8e,0.017731593557364003,0.9832593980911606,-0.9655278045337966
2394,c3e5083b1dc089d46320,0.130736596467372,0.8557611327340711,-0.725024536266699
2394,edf0bb149ead3b6ce93c,0.029566705576185,0.9249789755159161,-0.8954122699397311
2395,152eb6bd133eb38ef2b7,0.39656313516172204,0.29566366159133006,0.10089947357039197
2395,96b8add3c8ce4fb87dca,0.8490160340488931,0.06488472611985051,0.7841313079290426
2395,aae82a513aaf0056a0a5,0.392335243508174,0.37229882735574304,0.020036416152430958
2396,95ee9a724ffba85fc561,0.5763887745690696,0.3839314624483095,0.19245731212076006
2396,a2053b0c3c8fa1edd47c,0.4887782637064225,0.6073305671382541,-0.11855230343183154
2396,e5e095e4c7ea5e35c6f3,0.175830237674468,0.8606307966851297,-0.6848005590106616
2397,1c825042a7cdcbe3082e,0.7260234458187615,0.42221544619682055,0.303807999621941
2397,323623afae9ff3bcd0a0,0.0276520590949365,0.44944032566600656,-0.42178826657107005
2397,7179c12d4bbedc3ed774,0.29576950987189404,0.6868764938873341,-0.39110698401544003
2398,d30bd406fcc5dd83ffe2,0.010335474363002,0.16850734589591854,-0.15817187153291654
2398,dce2dc543efcecc929d6,0.18714856244132103,0.039759626405914,0.14738893603540704
2398,f0daf6cb5e455c00aca3,0.092797878978618,0.5038972160389256,-0.41109933706030755
2399,ca0a9b3f2b06f9660fe0,0.014002583862848,0.0016816934735750001,0.012320890389273
2399,da511d5ede198f995b30,0.012045321208290001,0.076831647393546,-0.06478632618525601
2399,f5ed84bb843929f1fdb6,0.4658362325605017,0.006991283056652114,0.45884494950384963
2400,63a217865ab3de1a3aeb,0.13098019876074501,0.4357472597498855,-0.30476706098914047
2400,bc59ffc97014de159495,0.3614067589614776,5.6229358798064555e-05,0.36135052960267955
2401,54959e4c2f7d3cabba93,0.1443640200645103,0.052315284047780006,0.09204873601673029
2401,91b5252e9bf897d2a648,0.5479161175480091,0.038836417644594,0.5090796999034151
2401,a4b090f0948d545b5507,0.16215811873846434,0.5334963899989705,-0.3713382712605062
2402,14eddc01497308713aed,0.38725905951257006,0.5456306936475755,-0.1583716341350055
2402,903d9e363d9f2365545f,0.006195299944763,0.5000583240921725,-0.49386302414740957
2402,c58e7a18cbd3fb33b674,0.44355416570370604,0.7077494957678091,-0.26419533006410306
2403,4ccbe1c45ef142ceae10,0.00028079430847400004,0.22157872883507151,-0.22129793452659752
2403,57415316839994372983,0.00014533550990900002,0.312016828210863,-0.31187149270095404
2403,fb5439b544674bb5c4f3,1.740754348932273e-11,0.40351804514463563,-0.4035180451272281
2404,93d3eb22a5e756e5e012,0.08913303009613334,0.30588184929275003,-0.2167488191966167
2405,dd97d794120d54315248,6.1009973097170156e-05,0.3326629823045855,-0.33260197233148836
2406,8baee3d137d666eedbeb,0.164469195224545,0.35568713315307754,-0.19121793792853253
2406,9cad86271e14ba7aab45,0.027604679271641,0.7312055063663716,-0.7036008270947306
2406,f4b954f7c1694f287367,0.7220825887721513,0.7595780768475655,-0.03749548807541425
2407,07357c6940d42d52019e,0.23113410308801802,0.292294308967793,-0.061160205879775
2407,4856068d09f1fb142d95,0.12278773509985001,0.2178066131135655,-0.09501887801371549
2408,476011f41325518f9eee,0.8682857984380206,0.988443648601203,-0.12015785016318248
2408,50624ed6da1fc910ee7a,0.08575722889591102,0.44866360647257253,-0.3629063775766615
2408,e05dcc5c13fec39236eb,0.47888817355932056,0.9194402659631076,-0.440552092403787
2409,2c5c931bcc1a202c5208,0.8973347325464707,0.5444376163674105,0.35289711617906017
2409,31cf9c602dfb8ae82183,0.5194078358481821,0.4430007183114215,0.07640711753676055
2410,650f44ba18fafc9ff1e5,0.008884053146049,0.9349584813669432,-0.9260744282208941
2411,5062228697958cdce3c1,0.6710380548273628,0.49911241269744155,0.17192564212992123
2411,db54d28f37466432d3d5,0.42929500890177147,0.39663081585943105,0.03266419304234042
2412,25adbbfb54ec8d1221f0,0.44993220146863305,0.49452659111269553,-0.04459438964406248
2412,4f2a35747b6d54fa25dc,0.028176807534387,0.19179563809657202,-0.163618830562185
2412,b35ce490c6bc96bbdc66,0.0045897635787650005,0.8320538588668106,-0.8274640952880457
2413,3a911ab67ee8c0a620e5,0.53586235966266,0.47834959082319006,0.057512768839469985
2414,1fc1a32fe5039774bf08,0.024642139539003002,0.4932286772722355,-0.4685865377332325
2415,6814c8c1577be64aea73,0.698614911684991,0.5010366915556685,0.19757822012932247
2415,68446d30425a168cb439,0.196812828793919,0.8079885885067015,-0.6111757597127825
2415,97d150bc437c3d3fab88,0.6110107301552391,0.0330838886134785,0.5779268415417605
2416,36583b0cb64e3a259caf,0.9945708051352611,0.52122342083612,0.473347384299141
2416,bfb7bb19b59e29d8ee18,0.7729203282882295,0.49654757330415406,0.2763727549840755
2416,f2c02ccb5c5164646dbe,0.22711197911189732,0.9523410242004591,-0.7252290450885618
2417,c7e346f5e639e99dc633,0.7389431890080879,0.49815602100603756,0.2407871680020503
2417,d75484007e8619779f5b,0.7447141888202401,0.005499363865600001,0.7392148249546401
2418,d5319cc6c160d189721a,0.39997637057719054,0.9486140376604355,-0.5486376670832449
2419,4e3ffd57d278cecd42c9,0.33156971813588937,0.21010418177868903,0.12146553635720034
2419,b1c1b3ab49805a842152,0.281526457451256,0.8503191983721471,-0.568792740920891
2419,d89cd072845dc2c04935,0.00473842041014,0.07611566203581051,-0.07137724162567051
2420,0bf4ad63672ca7f7967c,0.42477630542230405,0.284589630899087,0.14018667452321704
2420,38803733f53e464f8ce4,0.04134813037689,0.45781345451543354,-0.41646532413854354
2420,85689fe3f535f2fd35c7,0.4488512771200765,0.8726662386038846,-0.4238149614838081
2422,4f1a676a5ddb456e5faa,0.0036048702849140004,0.012125582370981502,-0.008520712086067502
2422,a6ce08f3ba74814d8da8,0.0814671597928985,0.5447879924712545,-0.46332083267835605
2422,ac381d49c0ec5dc649e9,0.22374065383237002,0.4359215145408278,-0.21218086070845776
2423,6dedcacebd4a766d1eae,7.33683844214618e-05,0.14834734623630852,-0.14827397785188706
2423,8296217757bbd674671e,0.2938035775425422,0.1000815943882225,0.1937219831543197
2424,359c81f3e39d371d8856,0.3939266912906553,0.0054959017063400725,0.3884307895843152
2424,d69c72ac6dd3af17447a,0.4154790166423294,0.36380505820402753,0.05167395843830186
2425,89354de7ae92fb26ecc3,0.6056801903003856,0.396073124277755,0.20960706602263057
2425,8f080bd3807a9a928ef3,0.00040423593079000006,0.37382409970429403,-0.37341986377350406
2425,cead58e9d1ea63700259,0.24530109961352453,0.44840386410950456,-0.20310276449598003
2426,4af7d5e6255fc2a37944,0.000247057815972,0.18376884733966453,-0.18352178952369252
2426,74eb946f7566502e89ef,0.00010709704935900001,0.009091062752672002,-0.008983965703313002
2426,99e6e886d6b97439631c,0.507543727338572,0.41118443999935905,0.09635928733921295
2427,6459d4ef29113607cd9c,0.0026624232436600003,0.5601965317315221,-0.5575341084878621
2427,826f58bde97acada953f,0.009641120472762001,0.002648105775382,0.0069930146973800015
2428,ba970fab2a7745945afd,0.369198010482091,0.73589086555036,-0.366692855068269
2428,eea827b9111b19d0dba9,0.19449357263049302,0.9399137901279481,-0.745420217497455
2429,f946df132669aee585a1,0.03298500693478,0.3852260044977476,-0.35224099756296756
2429,f95a0d20e5b4369e4bff,0.29810219262346704,0.5016023586243455,-0.2035001660008785
2430,b54b4184b7c75e1d54f3,0.45809844191057203,0.051406340282149,0.406692101628423
2430,c3c04b62e177fe0bd612,0.9979892947696271,0.3554730559239375,0.6425162388456895
2431,142fb4980b6fb06d3828,7.589430863736503e-05,0.11643798001034401,-0.11636208570170666
2431,59a3199ebb7dc0a2cdc3,0.188029859985543,0.27409481720383,-0.086064957218287
2431,b475d465c80c52835ece,0.305591405991257,0.7003513855686581,-0.39475997957740105
2432,0eecbfdfe963ba570ade,0.253531247329338,0.43304197465847055,-0.17951072732913254
2432,2d486ab76aeed0552dbe,0.012036951660751001,0.4983534490348425,-0.4863164973740915
2432,7f46c35b35411f81c186,0.7214785622875944,0.7386628630414815,-0.017184300753887105
2433,d3f476c1d3118e526034,0.712451556970026,0.5748646328019665,0.1375869241680595
2434,948823dce5ce0091af46,0.4439611590335784,0.35301889911653056,0.09094225991704785
2434,9cb3cb2dc4dbe621d548,0.41221050010716076,0.6614528140585636,-0.24924231395140284
2435,209b084ff5329654ca8b,0.26572931793077503,0.14848378692993403,0.11724553100084101
2435,7b08c2dedfd20903546d,0.268920150127885,0.666661429219856,-0.39774127909197105
2435,fbf5867b9d251487028d,0.186363388363937,0.36090923679789505,-0.17454584843395804
2436,1861bfb923f19035b5fd,0.10012164035788301,0.40798263119465206,-0.30786099083676904
2436,37f898a4949c5aef336e,0.5431251033642965,0.003946610324416572,0.53917849303988
2436,f0abe91725b4b0426383,0.43730218582031255,0.4878316014191011,-0.05052941559878854
2437,1ad170a99b5112753c1d,0.010642589107713001,0.4921076085554095,-0.48146501944769654
2437,bd036fdf5da384782672,0.07149774673994101,0.568046407285739,-0.49654866054579794
2437,d10db24aa128fdff2d5b,0.020599487370847002,0.002649625184052344,0.017949862186794657
2438,15d36851a141133e1fc1,0.191452871286571,0.46328682075275757,-0.27183394946618655
2439,217879173d4e26b39df1,0.3204834474382913,0.48517898031357204,-0.16469553287528071
2439,f768cc12ea18244b5855,0.064882718445519,0.911418825589773,-0.8465361071442541
2440,1f2429d90141efc3cd36,0.5096797698834996,0.7623689429921496,-0.25268917310865
2440,4eb2e0beaf6bab215d31,0.2933767735807707,0.015596133168179002,0.2777806404125917
2440,cd7de8676a920b763d7e,0.40303588259072703,0.4887620906262556,-0.08572620803552855
2442,52c2ecb00c0a1c15e90e,0.4620184680318167,0.4825250689641245,-0.020506600932307828
2442,91e40d31daf8ed8fb74e,0.350547304201925,0.13712233444786526,0.21342496975405972
2443,0c51a9ae0178abfa92a8,0.4598109811917558,0.9135523857107836,-0.4537414045190278
2443,7271c9d8ee3cc5befebb,0.3616607886094788,0.28588341324419253,0.07577737536528628
2443,880c4efd97a118a5354d,0.7406365140718825,0.37260173080540204,0.3680347832664804
2446,13a4cd238cfeed962c81,0.7889834787561141,0.504329717473842,0.28465376128227204
2446,80f13c37798f4d0abf2a,0.9023071970918147,0.9207804781285756,-0.018473281036760825
2446,bee702fe6fd5cd3aebd4,0.002101917800105,0.9719499879107425,-0.9698480701106375
2447,e1497188058d287686ba,0.662164943559023,0.37600219488097053,0.28616274867805247
2447,e5e1d8e43af4cabeb742,0.431555244618733,0.039436795729534,0.392118448889199
2447,eeb8e6772b7e875cb551,4.8287743073854374e-05,0.5037156577000466,-0.5036673699569727
2448,fef5e3c3feb5b99bd45d,0.38219324548382505,0.0205107087616488,0.36168253672217626
2449,cfac0f8deb6aa1d767f4,0.5510517013290971,0.9805915892366596,-0.4295398879075625
2450,05fa89c3c566e03c15e3,0.6046244369187247,0.8155212766722111,-0.2108968397534864
2450,4436e51324b4493d4bfa,0.361134801046538,0.46109490535393854,-0.09996010430740054
2450,87ce7528f5fd9e57b119,0.6383550353259291,0.46456120631363407,0.173793829012295
2452,3856ab87255c7c87b1f4,0.018196556407929002,0.993544589215686,-0.975348032807757
2452,4ba7e6933b87838fccac,0.4114760414871597,0.1467024245768835,0.26477361691027623
2453,79f7f6922299916ec683,0.00017188868482,0.197162148182389,-0.19699025949756901
2453,7adeabf64a73a1cee453,0.3146227006044013,0.6153915283859006,-0.3007688277814993
2453,c996449ab8cf82ce9fe3,6.819303803982269e-05,0.13368061786527383,-0.133612424827234
2454,40dc08211feccb54381e,0.35829558101975606,0.003536306043958614,0.35475927497579746
2454,8242200551db4e94e1f9,2.733250829811198e-06,0.107993839892027,-0.1079911066411972
2454,9143ec02c995e2c7d6c3,0.3961498616680688,0.7356949481498636,-0.33954508648179477
2455,0b87193f13f7ff48a2be,0.008124284569042,0.109852919733473,-0.101728635164431
2455,4c920d3164fed668e64c,0.030773773760970003,0.5196050157392745,-0.4888312419783045
2455,f06011dd3e23bb7f6aed,0.198058735849057,0.49766882679778,-0.29961009094872304
2456,782c9b76bf8449b581e2,0.00013823152151300002,0.3807211837936515,-0.3805829522721385
2456,85293e4c25d468e43d32,0.311144936128509,0.003113498158209,0.3080314379703
2456,ba14533a5f0df5d256db,0.028925811132979002,0.5049699887601975,-0.4760441776272185
2457,2dd252905041950670f4,0.372739640866865,0.537443561462432,-0.164703920595567
2457,99d58d811ed2b61a7d86,0.335810155392609,0.7998468280310072,-0.46403667263839815
2457,f6abb833537a77fec9f0,0.003146894493173,0.22761429219508653,-0.2244673977019135
2458,0b83364cb0f8eaed4c60,0.7039012562297481,0.7184222272141175,-0.014520970984369441
2458,ceb09baa9f48a3e03028,0.07751166842210601,0.7778918001013966,-0.7003801316792906
2459,120f461729953ff60f0d,0.5191127735582955,0.9810022546141721,-0.46188948105587657
2459,22822efb134692c467f9,0.7521009451334311,0.14579771258398103,0.6063032325494501
2459,61895ce2ffc96ed83387,0.018268625349492,0.43302455891249353,-0.41475593356300156
2460,21775466cffdc3f38471,0.15156211408252102,0.639269109295308,-0.487706995212787
2460,b3c89e4ca2c27db5af8e,0.3753995331671547,0.5566815462423045,-0.1812820130751498
2461,bf33582e5ad30ddd78ed,0.44889228648536333,0.5090587048959505,-0.060166418410587175
2462,3468b71186e796041d0f,0.5383124036517357,0.9368973732561336,-0.39858496960439793
2462,3c04ab5e0206953aa044,0.08449850696713401,0.18168477498336252,-0.09718626801622851
2463,00ee50f3ca909b80dbdc,0.7745402152173545,0.064465155774207,0.7100750594431475
2463,2e745245e67a422b74c2,0.5051289958646473,0.1283566032798247,0.37677239258482265
2463,f8cd6932ac48833a5b0d,0.3835352111435435,0.4796196035226695,-0.09608439237912603
2465,18891ae26baf1791af63,0.3166818331460745,0.0115682050472805,0.305113628098794
2465,2d6c419fa344fd40d66d,0.711514205261216,0.234015138559338,0.477499066701878
2466,06651f6adec6f7012d02,0.868672780462402,0.0431004022283935,0.8255723782340085
2466,7d6f6ee21de1158ca131,0.00178582223395,0.9491621373685606,-0.9473763151346106
2467,8a2a82b83bc3cbbd33bf,0.032982647225409,0.6231802396787001,-0.5901975924532911
2467,c86533638f2927d278ff,0.216328596939581,0.9371986465717961,-0.7208700496322151
2467,fbb4d679c0b98caa4c95,0.14898231314158702,0.1486739932131175,0.00030831992846952483
2468,89ea7f32ae715fb3bcff,0.029045465596982,0.0919729703426735,-0.0629275047456915
2468,dac2e12fa09162b673ef,0.44052981673894603,0.364396178122025,0.07613363861692102
2468,f0e07ca598c3475655f8,0.214552158840102,0.2922372992789711,-0.07768514043886907
2469,d593a841df333dcfbd45,0.48238709657986806,0.0157708692997325,0.4666162272801356
2470,2e88ba22dcb043ccf7de,0.570381336044204,0.8290686614094236,-0.25868732536521954
2470,54283d2e636df63f057d,0.001914940132611,0.840215566790512,-0.8383006266579011
2470,fbb05b4d7ca1d0d97db0,0.001298370131696,9.325982228639816e-06,0.0012890441494673602
2471,1bcd00608105ebf193ed,0.6595010489148031,0.5121737228682376,0.1473273260465655
2471,a046b637eb5f2b924a23,0.000337260113633,0.7416614125273956,-0.7413241524137626
2471,ef482effcd9b99ea38ba,0.026944228543224,0.407037935400551,-0.380093706857327
2472,4b76868510d4521bd08e,0.28057432461930654,0.0009560973616174151,0.27961822725768914
2472,b98c7ae2a1ce5d63d076,0.009228285531952,0.005399772356575501,0.0038285131753765
2472,e5421331c8c4ec9cfbe0,0.06743349682234089,0.2073824631829205,-0.13994896636057963
2473,ba95181fcf979f4315b9,0.750326258935963,0.6481402868436196,0.10218597209234348
2473,cb6dae038cf6e871eae2,0.5018689691589986,0.18982891935101953,0.31204004980797906
2473,cf151caa2450160fa387,7.697674281525761e-07,0.3097901678019195,-0.30978939803449135
2474,991b59fae0c7c9793448,0.03549985609776375,0.09620817024330428,-0.06070831414554052
2474,9c5008eecdd888d3f2ca,0.0030113048929760002,0.29764886033959453,-0.2946375554466185
2474,c628764f3c128ecac896,0.33686315954847074,0.005514639259600501,0.33134852028887024
2475,0ee523a86352ade09f0d,0.6350849209562054,0.18740736680160752,0.44767755415459787
2475,1dcb14e3b41d25f5cd23,0.4194337752212905,0.0908426331678025,0.328591142053488
2475,c25aae0ab2d1f7c5c639,0.009929668798207001,0.8083796074431187,-0.7984499386449116
2476,14bc3f77f374c90edb1b,0.06287956999842051,0.6173665673448661,-0.5544869973464456
2476,a9dc055a0742af2376e1,0.9067914763029319,0.15693203404803152,0.7498594422549003
2476,b4060dd3c895bd41b18c,0.4585468692677654,0.266448019593762,0.19209884967400337
2477,242a66b6fb233124cb7b,0.2664044141426315,0.527297422792684,-0.2608930086500525
2477,9a133e7843c11260493b,0.5247583745027881,0.5066525590767585,0.018105815426029515
2477,c2fde2a876cb5b931e77,0.5142098316978315,0.3238460517288645,0.19036377996896703
2478,93cca9da4b371b2d18ec,0.375375780686224,0.0819701422522075,0.2934056384340165
2478,d6fa330a15dd261a8f42,0.46052072451235604,0.7644057523858746,-0.30388502787351857
2478,f729360c722e90212e75,0.236694931415102,0.1368377912627599,0.0998571401523421
2479,04157806c01699692de4,0.19825924269804202,0.3913002696962755,-0.1930410269982335
2479,25c0b46e71767190e63e,0.480843608913657,0.35428555045378723,0.12655805845986978
2479,421453240337e0b27e57,0.045888999372449,0.499642623780476,-0.453753624408027
2480,3cb65bc30dc78ce0fe41,0.319293729549988,0.0360639377535205,0.2832297917964675
2480,464ad9d00cce139a18de,0.040398921557532004,0.22694886353874102,-0.18654994198120903
2480,f977f8512bf1ce4c5be1,0.00030169846336000004,0.000329386070272,-2.7687606911999966e-05
2481,6e25da11058ce2d53e4c,0.686049406092568,0.9245373654445046,-0.23848795935193656
2481,aa0f5ca55636f5b23a93,0.475199094850951,0.5000903006004406,-0.024891205749489553
2481,ece1a0ec23e4927d4cc9,0.564222248066237,0.281181747132683,0.283040500933554
2482,554bf678e46e06922c11,0.015889170533909,0.7073593640080695,-0.6914701934741605
2482,7fcc094cb00cb0d4067c,0.043943795533927,0.4724840383627375,-0.4285402428288105
2482,857a8e641f2906d233b3,0.23502337063001755,0.1052899538769505,0.12973341675306704
2483,3420d5e0ecc59302802e,0.002820399354202,0.2804351175473495,-0.27761471819314754
2483,ce57864fb384fb7bb4f0,0.053640991202619004,0.6237928875701131,-0.5701518963674941
2483,e70702bfeea7e89b85f0,0.010383019361376,0.0019850930419805,0.0083979263193955
2484,70a06bf18a9ef799ed6f,0.009739558497464001,0.00026055696635034664,0.009479001531113654
2484,e455d04f14830fc3b4a9,0.14454084683624202,0.024683823926982502,0.11985702290925952
2484,fd68284f807aceb76322,0.788781382254062,0.8648639714816726,-0.07608258922761058
2485,3d7b4dfe4e287803d5a7,0.5334339975673935,0.4789645299210805,0.054469467646313
2485,b9288b245ee50e7886e9,0.064158240432622,0.118530303338169,-0.054372062905547
2486,820cd21f6c3f6e0eebc6,0.24779091492985703,0.22458523132858502,0.02320568360127201
2486,e8d3244e1ff9120082bf,0.29151978808413254,0.697238722593265,-0.4057189345091325
2487,831a060df31927db16db,0.25971887095733404,0.9577398598319895,-0.6980209888746555
2488,0e516841a57cb9a92274,0.6969216191636111,0.046637434790526504,0.6502841843730846
2488,e559fccd09d3a5d3cdc9,0.2707806760065908,0.26455545423478505,0.0062252217718057334
2489,22f473120ae1c062074e,6.827054205551292e-05,0.6544406286137235,-0.654372358071668
2489,4db05e858ac86c4eccf7,0.000183661348728,0.4537413444197266,-0.4535576830709986
2489,f5cb81ba78e22a20e028,0.0017373552670750002,0.2554534988366735,-0.2537161435695985
2490,08252fcfa603c2f30d86,0.232069233499781,0.5766060453612015,-0.3445368118614205
2490,0a82ea80beea0d16ad04,0.262221073379212,0.84422805081353,-0.582006977434318
2490,297a4f46503536acafa9,0.603642814514254,0.009342438188973,0.594300376325281
2491,5b1db7cacdc7c6542e39,0.43681585652659205,0.0091736029321325,0.42764225359445956
2491,7dd6487b267896f0b931,0.16926938046068551,0.5121167572604325,-0.342847376799747
2491,a0ed166b8aaaf7fd59c4,0.765169684238091,0.28772793535561303,0.4774417488824779
2492,09e1fa0cbf8a6c4e53ca,0.1361750171834655,0.015012663629946002,0.1211623535535195
2492,0a4354873fb6566b6af6,0.593276245884172,0.7330977124433731,-0.13982146655920102
2492,4c4b165a52aad8d8e839,0.036087953087734,0.624676218058625,-0.588588264970891
2493,5af4b45a55feabae8d6b,0.256012138259229,0.507079461394766,-0.251067323135537
2493,7db084bff63c5a01b9df,1.3423982492928372e-05,0.0015458857651145003,-0.0015324617826215719
2493,a9419a681690125125fd,0.8869321253704425,0.30532952757404,0.5816025977964026
2494,81467bf303198e5a1a58,0.0660340478781845,0.005002677828186,0.06103137004999849
2494,85fe9bbadbfa489164b3,0.24250194896734883,0.5247105401290181,-0.28220859116166924
2494,e2810d5478be401607e3,0.3963606880545442,0.23744857550039453,0.1589121125541497
2495,1b036528ee18ffa5627a,0.566265781555754,0.5069282033467365,0.05933757820901753
2495,773bfdcdc3e6d08a720c,0.07914325726742201,0.5017238031359506,-0.42258054586852856
2495,e12cb11124891880db6f,0.351666261191294,0.12960203404641701,0.222064227144877
2496,a5d2707e53138b03668b,0.5615803036287661,0.8805894418180291,-0.319009138189263
2496,b312073ef4076632d970,0.4726787911128297,0.49834411971211806,-0.025665328599288384
2496,e70e45081bb4a7816a4f,0.14795699556901368,0.39982659261691006,-0.25186959704789635
2497,cb6548ed1f3177a98040,0.554191840557902,0.0299228859283735,0.5242689546295285
2497,ddfe222b4989d42d61b5,0.0030348047585990003,0.06628388761625251,-0.0632490828576535
2497,e2ec4bbefc863e059c15,0.073735690225075,0.49516686222343004,-0.421431171998355
2498,4fff6b34e7e6e3109658,0.000785713823075,0.49795102549926645,-0.49716531167619143
2498,88c949fead4552575cc3,0.027901682235655503,0.148340077026326,-0.1204383947906705
2498,d2a807b9e4f7bd9c2cc0,0.47483252453422603,0.37839067206013055,0.09644185247409548
2499,4a324a9339570ddcc9ca,0.4869300736582211,0.48032617955514856,0.0066038941030725495
2499,782d63e8d42153de4765,0.9924574911005981,0.020755511507722,0.9717019795928761
2499,cfb24a49bc65e61331f8,0.002017543810016,0.5065840394870226,-0.5045664956770066
2500,3e63d87c3b1e981a6dc3,0.318661200139423,0.4977797349280975,-0.1791185347886745
2500,95b277abecbaab80fe83,0.4857067458519613,0.09839010355115502,0.38731664230080626
2500,dd56aec31c7acdcb04cf,0.47288252113734225,0.405988363587357,0.06689415754998523
2501,282410283f5ad6627631,0.051415848777297504,0.48262751289479455,-0.43121166411749706
2501,28b6c32988f4066a948d,1.295166811628234e-05,0.5067898407453241,-0.5067768890772077
2501,bd36c07e8dedf18908cf,0.25740346995066504,0.8640734440998425,-0.6066699741491774
2502,53277022af3b4cbf82be,0.8183581489432648,0.557112891706089,0.26124525723717573
2502,6d2ee5fd78419790031c,0.11281560164188001,0.49875850231508445,-0.38594290067320447
2502,905a6ac8d16c81f7a8cf,0.41826793757512404,0.006432184942752001,0.41183575263237204
2503,154d63fd632a90866b0e,0.10156481478328101,0.00011768202508700001,0.10144713275819402
2503,80bf59c142404ea01720,0.0540145397569075,0.5869238842876231,-0.5329093445307156
2503,8bb64354ba72ade1ce7f,0.057925143841296,0.22074758315321752,-0.16282243931192153
2504,6c86478ceb4b7677037d,0.00491690701141,0.295998744766764,-0.291081837755354
2504,bd621d8731e7a2afcc61,0.954599498152437,0.9979648935071506,-0.04336539535471351
2504,fea22aff8415c44df69c,0.014312375897244002,0.5797877706106825,-0.5654753947134386
2505,a5accab0a5e9d29a475b,0.657992118336518,0.5008971900158816,0.15709492832063643
2506,56ace374c3a2cbf882ef,0.851741781457747,0.020445398053471002,0.831296383404276
2506,a280193811bc9ab843d1,0.24352263613228803,0.00025401036389174593,0.24326862576839628
2506,d967edf8fb63b362f330,0.6766124511591051,0.501907700834206,0.17470475032489907
2507,086552726bc4f5ce606e,0.06482999295812934,0.0410860539939355,0.023743938964193842
2507,318fddec49975726c225,0.134041708601934,0.022092356530695502,0.11194935207123852
2507,96c1da59b069ad4d401c,0.49139085568102364,0.0368482471690635,0.45454260851196016
2508,21019c64186db6a66f9d,0.5366023103683111,0.211518996430119,0.32508331393819206
2509,2855d3374f49b150948b,0.423969256513308,0.06837106510141258,0.3555981914118954
2509,3696553fbddf0b2a73a4,0.0147049829748865,0.944191078025312,-0.9294860950504255
2510,1fe0ce67550e9ba37819,0.389669627822873,0.22148256981146752,0.1681870580114055
2510,29951e6f4dc56a0da53d,0.154252932376161,0.690370999691402,-0.536118067315241
2510,c0e8297235627d236950,0.9812409179699021,0.996869947036033,-0.01562902906613095
2511,3000ea997fccecba45a9,1.7919949880551503e-05,0.663695106196895,-0.6636771862470144
2511,54e71149091b7e7a56a9,0.5006778052360631,0.29439479779796496,0.20628300743809813
2511,df5fd13ea5f14a76b2b5,0.23686852488411303,0.6619367918525301,-0.42506826696841704
2512,3b41c1f62d363b327900,0.8344456589322291,0.45561137285772957,0.37883428607449954
2512,b3f94dcd410c90aecd71,0.5835418378939881,0.43244861528016854,0.15109322261381952
2512,beb487241bffd29c3d82,0.09605539899215701,0.0906245577051325,0.005430841287024507
2513,1063b00c862721b696f0,0.48727792393932035,0.43276426748127955,0.05451365645804079
2513,e57180f719499af5824a,0.6336485831621106,0.012126752640815001,0.6215218305212956
2514,5cbbfcd58a86a6f7055c,0.000204527411099,0.341246686609038,-0.341042159197939
2514,d1fea2ff5b5022ba6e33,0.4962560160313951,0.46990701394492757,0.02634900208646751
2515,425d57f490b68321b5d0,0.027657365396579002,0.9236127956327835,-0.8959554302362045
2515,95f2958d7df8618e2b01,0.199655870908603,0.34584207535100003,-0.14618620444239702
2515,db7cf1de10adf3f5dc7e,0.016980790055039,0.5972742659163246,-0.5802934758612855
2516,07c2994085b477b6ce04,0.004162891190868,4.7757308732646284e-05,0.004115133882135354
2516,2ef19c9dfdb9e5581962,0.20216851956105603,0.4175731587798406,-0.21540463921878455
2516,370fe76a3e6d5c4be626,0.6501604670651131,0.4629668944353215,0.18719357262979158
2517,0003687a005456546c1d,0.9594293711884176,0.543552718317134,0.4158766528712836
2517,1cc48f65a1d04675c2ff,0.5132934091412267,0.4989447828413708,0.014348626299855893
2517,2d4c5c579da72b32af0e,0.8242322627622524,0.9957943907126037,-0.1715621279503513
2518,948755a4351f4b79405b,0.00020772197403100002,0.18145575553162152,-0.18124803355759053
2519,9c6f1a080623c6871099,0.190575824537736,0.11316327314613352,0.07741255139160248
2519,a7753f27c172c00703f7,0.23913024468048633,0.090412743679029,0.1487175010014573
2520,4510cde5083773744893,0.095012991337225,0.21702030733471653,-0.12200731599749153
2520,6a42b5ef6daeb6b6f59c,0.12576497999674466,0.3386318744655025,-0.21286689446875787
2520,f7faff2d29d2eafd26c2,0.08182350284127901,0.2903440434433615,-0.2085205406020825
2521,010ced69653350f7df30,0.000252712198374,0.5395347424079471,-0.5392820302095731
2521,5e75559a1d0295c9df65,0.3062233721951565,0.106523623043865,0.1996997491512915
2521,ab387c441c4adeb3f18b,1.6360893297459798e-06,0.10549045690270129,-0.10548882081337153
2522,53ef3a3763bc1e207b37,0.016923196597015615,0.0020407908350770004,0.014882405761938614
2522,7bff72dbbb260493e779,0.181881328189643,0.3185259174444495,-0.13664458925480652
2522,b7ba6ca8d0f0554b19c8,0.13441540126485868,0.5935202843006735,-0.4591048830358148
2523,600d7d9d4f5f15c79446,0.053144303482678006,0.038243015844498504,0.014901287638179501
2523,7526c6458cf49745ea62,0.5304978762518335,0.115247692549791,0.41525018370204253
2523,7640e6fe8fd8abe59d5d,0.000952924787874,0.031425374611898,-0.030472449824024004
2524,1b25b9725c0c6d30e9d2,0.01910033137081682,0.6692237480808391,-0.6501234167100223
2524,2cceaaa13f76cbef2617,0.6255828351189073,0.8703775174496275,-0.24479468233072021
2525,883e912b6505acb8c081,0.019571296249652002,0.208523779300703,-0.188952483051051
2525,95459393aa2934dddf41,0.030863602169555,0.42486269790847303,-0.393999095738918
2525,e388f0d344073dc3f92d,6.108794072688774e-06,0.347827511924508,-0.3478214031304353
2527,1e660e151b0897ae6685,0.345363058803674,0.9702400689833566,-0.6248770101796826
2528,22aa058d75b5aac326ff,0.31465584773388977,0.025066026761346002,0.28958982097254377
2528,398954ddc8e7244594a6,0.007135452601337334,0.1127390893186235,-0.10560363671728618
2528,f1871e59194e0f89d29e,0.307303047927672,0.4764369533932696,-0.1691339054655976
2529,c757b580c0fbca30ba7f,0.000328325717171,0.007147897658949001,-0.006819571941778001
2529,d46807099ab32df6802c,9.468828549335398e-06,0.002393689781435,-0.0023842209528856647
2529,d9a15451396d57b1f316,0.050708798849998,0.9769249586808715,-0.9262161598308735
2530,1b2c218c6fcc83cbe984,0.12422283093680742,0.130049674380427,-0.005826843443619584
2530,6b6e0213af556318fb3c,0.8830172144627664,0.4847684150643576,0.3982487993984088
2530,dca7dfe0eb8193353c73,0.2509355913357228,9.242503598232174e-08,0.25093549891068684
2531,5d26fcf933ca62545104,0.252455774262678,0.8515927829060406,-0.5991370086433625
2531,c02fc80a2a54ed31f590,0.2458067996572254,0.4147226998131047,-0.16891590015587932
2532,196a2a5add2fe5b61b53,0.351784688144436,0.34853978160917654,0.0032449065352594397
2532,a5bebeb9a1685b9279d2,0.000347386021259,0.8960473972085241,-0.895700011187265
2533,19e9fe8ff09fad78de5b,3.896796922417702e-06,0.27107872561467805,-0.27107482881775563
2533,3978f4fd4b0e5b52b2db,0.6783128994333291,0.2925164062705695,0.38579649316275955
2534,9068eec29b716597262d,0.0020735534823071665,0.4329291782115005,-0.43085562472919336
2534,e65ef17625dcf13e0ada,0.19682669527561802,0.00532596533320055,0.19150072994241749
2535,1cc22e337744b6882fbb,4.9131352830003476e-05,0.5087191144012735,-0.5086699830484435
2535,9528ba87ab5925b3fee7,0.3283640928051415,0.12540641717612502,0.20295767562901648
2535,f4c2eb06c991e72e10fd,0.4785459445175898,0.6341138105378621,-0.15556786602027228
2536,13dcdf53d8427c61a153,0.012992830638163,0.5460297288639281,-0.533036898225765
2536,16ebb0f74ab823f007c2,0.004885241581447,0.871162480549299,-0.866277238967852
2536,853bbc60d9b226493691,0.000238574327185,0.9967618227347991,-0.9965232484076141
2536,fac4fab0667c9496293c,0.000287114041103,0.30887979380837954,-0.30859267976727656
2537,2059207a3f864d8e7141,0.013947187197481002,0.48604756365695506,-0.47210037645947406
2537,6a96ae94c8f85d8fd67b,1.8662387638967822e-05,0.32641876235774203,-0.32640009997010305
2537,767d858e41695e6776d6,0.022783292634311003,0.5152589346592356,-0.49247564202492455
2538,8c108da1749eb5799cfd,0.313769475287065,0.48854837651700705,-0.17477890122994205
2538,ba68a72de539044a121b,0.000755643938588,0.576296812855503,-0.5755411689169151
2540,9f6aa37ba8292f86acfb,8.255182532599165e-05,0.9957928635345956,-0.9957103117092696
2540,ca31f631503b2ff3c8b3,0.018388595641578,0.0363587800267725,-0.0179701843851945
2541,183b316eb70dcdab3f7d,0.45807197426218305,0.48015052635803707,-0.02207855209585402
2541,4f23bb9ccf074d4a1512,0.8268930152111831,0.063187570666868,0.7637054445443151
2541,bc56d048b96ba4c2db09,0.001271291776821,0.08606596941557701,-0.084794677638756
2542,0f09739366677d9c7272,0.009433342471983,0.12814449347654158,-0.11871115100455858
2543,45de517eb035b423f48d,0.0021896649270650003,0.018025233748678,-0.015835568821613
2543,f591d5e80dd0bde318ac,0.4043027797095767,0.999043170127027,-0.5947403904174504
2544,1d4328283b4b36d94de0,0.277174998746095,0.080032122135721,0.19714287661037402
2544,37bdd0c94bc6f5ddb0f1,0.4936464532736745,0.0029269510086850003,0.4907195022649895
2544,3d0edcfc87e5df5be298,0.66840314919912,0.444814654745505,0.223588494453615
2545,38aa0f33dd2c727457ca,0.00015113057183000002,0.8962564096079475,-0.8961052790361175
2545,62adb000960839b674fe,0.9776066452669271,0.44568542826434804,0.5319212170025791
2545,b2ad655ff5d9d67c7d7b,0.17216072217987285,0.5215519426519886,-0.3493912204721157
2546,006b115a97bfd7b73c6d,2.6825705104347903e-05,0.581489664346027,-0.5814628386409226
2546,a78ab57d9c2256e27144,0.24173457292288802,0.981740087650087,-0.740005514727199
2546,a79de3c6d5a109521071,0.16273664123565226,0.5262875370575786,-0.36355089582192635
2547,e78e946b1f2f2052bc12,0.005775861483581,0.23784885224447402,-0.23207299076089302
2548,37f0f677a7742d707d27,4.9711816212058965e-05,0.152224174172012,-0.15217446235579996
2548,3c5e34e80867c9ecf6e3,0.31974211592535035,0.4650408710716785,-0.14529875514632817
2548,7760b03a2a7b217cef23,0.10812155602688801,0.925682966691672,-0.817561410664784
2549,29f22182be838d195a48,0.0526608919431075,0.008435637750033082,0.04422525419307442
2549,2d2303b8f7b1a2d26010,0.673308625384156,0.9803455961844301,-0.30703697080027403
2549,65c24681f53cc2449133,0.0017818283637150002,0.0036961175691170006,-0.0019142892054020003
2550,5c720c3c64806bbdb953,0.6125524035245691,0.00012645439284399336,0.6124259491317251
2550,849392842474a3274d1a,0.08683614581674501,0.9481746179842491,-0.861338472167504
2550,dbb00c4e5ff980fadf21,0.000354956694125,0.079956975162952,-0.079602018468827
2551,062660aeccae411c4b52,0.000383040568355,0.8978316336971851,-0.8974485931288301
2551,9c7d28507c321fa2346d,6.853888757785704e-06,0.43210676850820207,-0.4320999146194443
2551,fa9f2325ecd62220523a,0.42588110572357435,0.004422232553572788,0.4214588731700016
2552,efdc02f9d05ddf96620b,0.043944277479365,0.7010998978675675,-0.6571556203882025
2553,606539eafc3bacfe57ab,0.6624982636607247,0.474324517531173,0.18817374612955173
2553,d1e3ca871abef4131d7b,0.58078349682523,0.9125859931179705,-0.3318024962927405
2554,20a0dc5b402f16e75e2e,0.014273748072527001,0.47584223160716455,-0.46156848353463753
2554,bab58d0c42d2292b8cdd,0.007392138987521,0.0739825511472625,-0.0665904121597415
2554,e4be1873374d04e496c0,0.9626055752690301,0.9991963519777376,-0.03659077670870747
2555,b68a8ae79343cc5895cc,0.0032420818766870003,0.262475931191862,-0.259233849315175
2555,b9eb3941afd313bf14de,0.028890881027743003,0.2057163999627855,-0.1768255189350425
2555,f9ff734cf51165997645,3.0382799510425954e-05,0.000643564603058,-0.000613181803547574
2556,084718a2a7226fa80ffd,0.324988803468836,0.49811146168492254,-0.17312265821608652
2556,41070d15633a3e371466,0.243141955769261,0.863508816226249,-0.620366860456988
2557,027dacdec6f97d2709c3,0.006874701628737,0.3303882237295058,-0.32351352210076884
2557,ad1056088fe9154944f3,0.24194791285739603,0.4109270431619757,-0.16897913030457967
2558,383f3daf29c1083e53d3,0.14771287196274002,0.024123326349882002,0.12358954561285802
2558,e169b6f8380c8dec36ec,0.0016469488559560002,0.028218637220993,-0.026571688365037
2558,f1e1ce3592208b112e4c,0.057146305085195005,0.19531578358952803,-0.13816947850433303
2559,9733d2bc52a7008d8fc2,0.103792303871526,0.07166214089607,0.03213016297545601
2559,a46eef6c5dbaf21d8862,0.04418971664092201,0.3668441083468205,-0.3226543917058985
2560,04456168e0a01dc8093b,0.013927447320408001,0.46137572502420554,-0.4474482777037975
2560,2680554698bb4023f014,0.42443947325045606,0.0052295485829395,0.41920992466751655
2561,0e15836971a3846f27ed,0.000182293899345,0.4695621045433994,-0.46937981064405443
2561,73de188603d4a514c209,0.8551909315368933,0.37341928765929955,0.48177164387759375
2561,c6e7b9df7812a9521b10,0.377216986102674,0.002571752326955,0.374645233775719
2562,5609b0527b619b73a931,0.0541987008908835,0.9535379923911811,-0.8993392915002976
2562,aa4c61d7780b13e4635a,0.955399364581418,0.6557642170116156,0.2996351475698025
2563,9f4015d10cae7bda1d95,0.277187015399325,0.034648429125051505,0.2425385862742735
2563,c45ba08ecaf79d6358dc,0.00015579673838100002,0.9122837821063471,-0.9121279853679661
2565,631d963443717cdbb0cf,0.41665559296207805,0.5691805065305285,-0.1525249135684505
2565,8d46590432379f18fab4,0.03488995723064,0.520790136797983,-0.48590017956734305
2565,e6a7656e4eaddb10843f,0.4898397306627876,0.496271600007316,-0.00643186934452844
2566,fedb0b4e831443018e74,0.03077309050676,0.065019194172174,-0.034246103665414
2566,feee983bfd090731f931,0.4811910438653085,0.3325864384022345,0.14860460546307397
2567,2c966abb6c564a16502d,0.5487847013314429,0.547449988525744,0.0013347128056988566
2567,afa4e2488f91aaaac7ba,0.41125941719031156,0.29724810129786106,0.1140113158924505
2568,42cb646d583cb66c82bf,0.11023287784867002,0.9901380976669081,-0.8799052198182381
2569,1b0c46f8daf24d295622,0.4414943235718655,0.973933814179275,-0.5324394906074095
2569,3d768a019eb817d246f6,0.13398407554868266,6.207417090174089e-07,0.13398345480697366
2569,4d0570f49bef4d78daca,0.492773509462796,0.144759865541594,0.34801364392120204
2570,598e3cd8725e7803a582,0.49287134644552955,0.49884356021435156,-0.00597221376882201
2570,63eeeaf0966693effd89,0.21528514910200003,0.015562931661375002,0.19972221744062502
2570,8e683e9e0f34ec451a49,0.006253430941208,0.18914842451852604,-0.18289499357731803
2571,df1c90a505418a1feec7,0.2136815020919,0.6549563838507821,-0.44127488175888213
2571,f02c1cfdecbfc951dc33,0.629823794809755,0.000175734394125,0.62964806041563
2572,097257867ec6ea534da4,0.0010921662963345002,0.9064321336217606,-0.9053399673254261
2572,3862ea3450e15aa70210,0.28422241429711703,0.983801890828357,-0.69957947653124
2572,857af9b625cd6da32f65,0.833847004231126,0.00023206880099394035,0.8336149354301321
2573,344d7660b749ee9f4c82,5.63553161360898e-05,0.06817446725249851,-0.06811811193636243
2573,9e80912b0746dda432a5,0.48654478746425306,0.4954389359989405,-0.008894148534687452
2573,e8164ae086b19af9a0b0,0.725676774454111,0.33190089752134755,0.3937758769327635
2574,98f062f8fac8cab4dba4,0.136753233839938,0.7357825260260906,-0.5990292921861526
2574,ca118f272c63b1be9a77,0.0018305244708090001,1.3348446341270106e-05,0.00181717602446773
2574,de57e9ce4a98f1415dc5,0.28035935249932703,0.03263281764975701,0.24772653484957002
2575,0751d2fd7d305c98e503,0.19236297062642602,0.0238212669507745,0.16854170367565152
2575,0f1fc44d9709d332c9a7,0.479435120043021,0.5402092086489415,-0.060774088605920484
2575,9a7644f4479ce32fe950,0.106893390651992,0.2620547829028425,-0.15516139225085052
2576,406c1dd89fee9f7f6d46,0.014891092631783003,0.49343400842662705,-0.47854291579484404
2576,b24a34e88798c5ce7ade,0.29035273514374227,0.206093237241505,0.08425949790223727
2577,0a3ad09600cfaa353840,0.36723887220502865,0.21525110926714824,0.1519877629378804
2578,c601703dad3ae575a4f8,0.5734909589085181,0.11463364519886,0.4588573137096581
2578,d63cf97051bc40ae7cb6,0.056794315665397006,0.47766144850838405,-0.42086713284298705
2580,1dc51683f01f15f5992a,0.001217005573758,0.48344842774040003,-0.48223142216664205
2580,f3fa63a4f363ebe6a9e8,0.6748430395412487,0.08224536107870851,0.5925976784625402
2581,5c633281c13d8b1640a1,0.275280375689306,0.46462372419964404,-0.18934334851033802
2582,bc21531842268fdf5f1f,0.262923836169496,0.49448614832014604,-0.23156231215065004
2582,e6ea9dfece391c323fdf,0.5361381173925011,0.5179257860530845,0.018212331339416576
2582,efc903728303545aa6a7,0.06635344863044901,0.032234163449663504,0.034119285180785504
2583,a9a1f9cfc499950d1c03,0.0057352483249670004,0.40519706491292656,-0.39946181658795954
2583,e5d7e3ebed21056b7ec6,0.141205659776999,0.6602007216655246,-0.5189950618885255
2583,ed1718684cd12a4a0126,0.000557625904345,0.40634486210639303,-0.40578723620204804
2584,2183f5c995b4f241acc7,0.719478089261931,0.9952719179488085,-0.2757938286868775
2584,6e81a67857579f492d7b,0.950606512230409,0.38293631163072306,0.567670200599686
2584,7afc12ff1f48f604ae7b,0.953319313606365,0.582495123146577,0.370824190459788
2585,04845549fd0165ce2065,0.9794150635627744,0.0003464246337380439,0.9790686389290364
2585,5a62c7ffd20add2e671d,0.40383290967717406,0.009136484848474,0.39469642482870004
2585,8cc6c68f6e9a8ed4c2cc,0.526917427522552,0.0745403955343839,0.4523770319881681
2586,b777cc57e5d3d0f98259,0.9775159541998255,0.37413456087948155,0.603381393320344
2586,cd35b2a5a6bcd2838e32,0.4856990388069563,0.49863024039971005,-0.012931201592753738
2587,019f4cee3f83674a024b,0.135072959544311,0.15307358723707737,-0.018000627692766363
2588,a9d6c882ab15b8f9a4b2,0.5255288874111297,0.29678342766973353,0.22874545974139615
2589,53e17d965f38f8ccf1d7,0.029506429029686,0.9838922021581735,-0.9543857731284875
2589,88c0dae3ae3b79dab000,0.869290743205609,0.4900838392853731,0.37920690392023587
2589,cf64963a718978af97fd,0.32394166140063,0.541418354120895,-0.21747669272026499
2590,23c4b0b80f14226788af,0.12942602633251202,0.019925918726496503,0.10950010760601551
2590,b2d3d63d7451d1d0c33f,0.6656816903718076,0.5100811235456846,0.155600566826123
2590,e03fdbf9854f6a14b6f6,0.41959532542314054,0.29893356689142003,0.12066175853172051
2591,5599fc5b775848a11d77,0.14388833625473701,0.605947094367246,-0.462058758112509
2591,884c825c8843a766cde8,0.3769385061558385,0.24300930760066453,0.133929198555174
2591,98eac19b0e725e08606c,0.432378712810615,0.6218062816595051,-0.18942756884889012
2591,eb94b252fc46c0926af4,0.239193870700441,0.18194592619535652,0.0572479445050845
2591,ed277aeb77c710756492,0.013874280204605,0.007855200052031,0.006019080152574
2592,5fc1ecb7b50da50dec3c,0.4139857729807697,0.9870947800366705,-0.5731090070559008
2592,817409e30b2b1e47c74f,0.005782263323728506,0.8301953517017275,-0.824413088377999
2592,b4bf628e9bd52c694ee7,0.6869963859985891,0.0454659652998235,0.6415304206987656
2593,07fb2746394c5447bb4c,0.6112909979399794,0.1649454981202735,0.44634549981970595
2593,212ad00daca9c810c100,0.08464941432949001,0.9049762244531085,-0.8203268101236185
2593,655c7bca321baa2ae4c2,0.5786050408810081,0.204602826148317,0.374002214732691
2594,d93e341407697f631d16,0.138428543466554,0.5056769985233666,-0.3672484550568126
2594,df4ad2b6802bd608255d,0.011440155820051002,0.9540735061438081,-0.9426333503237572
2595,2e4a62aac495fa2cf13d,0.6476729318523471,0.4770662894876305,0.17060664236471657
2595,4a5c598ec2dd289dd33f,0.7900253809208121,0.5657003276316686,0.22432505328914354
2596,79456acd5643ddbef740,0.479056533033939,0.1453315517298165,0.33372498130412254
2596,94a83e1b8ec66cb9167b,0.35025586836661604,0.5361859745638236,-0.1859301061972075
2596,a80551bfa9bc3a8cd1cb,0.8623031117443861,0.128945776007405,0.7333573357369811
2597,f35ac7b06d5b751ee85b,0.5998416158822054,0.5011641835428851,0.09867743233932036
2598,a5f3cb2be92a19a664dc,0.330163778498543,0.7266802811831901,-0.39651650268464705
2598,d37aeab24d29ed7ef720,0.4184949645631873,0.21952606301098002,0.19896890155220728
2599,0537bd244e16c13717c6,0.5349542869994397,0.44894295256169303,0.08601133443774667
2599,d368b90b611fa246ef37,0.0724686645669485,0.127979570359771,-0.0555109057928225
2600,c50a78f2d65616c93cd5,0.07812184193085467,0.18122841469740603,-0.10310657276655136
2600,d55a14ba0b06382724a8,0.2961302831859595,0.49052837306256974,-0.19439808987661022
2600,f1852172fe82f676f8a4,0.11266368662358897,0.523088395550361,-0.4104247089267721
2601,6f249563df8f033737a4,0.4924594857792628,0.4291951184732016,0.06326436730606122
2601,70ff3429ae7ce1833804,0.5344978213752701,0.551433818181312,-0.016935996806041853
2601,e7bf794f26b26dcd3138,0.22687141485705414,0.30110167600209853,-0.07423026114504438
2602,2adcf6cba5ac24177197,0.08171539136370101,0.8035327617645245,-0.7218173704008235
2602,7995181222b9c2666e7b,0.087275178791822,0.46593517398300055,-0.37865999519117854
2602,9138c025705e506ef63d,0.870018242330287,0.5014510794533821,0.36856716287690494
2602,b8b992efb5a745c2cc4d,0.15152486114166402,0.348764864185906,-0.197240003044242
2602,eb6500150f55b1609417,0.7879762143796311,0.3156670783865995,0.47230913599303154
2603,0cd146556adb29e8a8e2,0.015078999183198001,0.0003908273759434119,0.01468817180725459
2603,25a966cb6d65eedca8c1,3.509718460592234e-08,0.937056223739243,-0.9370561886420584
2604,38410cb8404f7590d90d,0.397940461183014,0.3872472817653215,0.010693179417692489
2604,f76685f30bc2e481f513,0.41245793008822124,0.31554270471099755,0.09691522537722369
2605,6f43f7b831265201efc5,0.962228281660868,0.41967661439744103,0.542551667263427
2605,a20a74ac895be9efa782,0.011104817847488001,0.6550899090999721,-0.6439850912524842
2605,dc0d50c8073e4fbf5d84,0.059475582553393004,0.616814794054599,-0.557339211501206
2606,3f1b7245c301c4fa2ed4,0.012674682188422002,0.7566400457768991,-0.7439653635884771
2606,542ee797f7e998ee2047,0.017258942273334,0.7931601657689545,-0.7759012234956205
2606,8d47e85d1b7fd38da7fe,0.53037498217724,0.007467863511489,0.522907118665751
2607,4d3ef7afd0170775736c,0.5831757699309811,0.0483381454630825,0.5348376244678986
2607,60c57666b047227883be,0.4741656458469,0.617747450768819,-0.14358180492191897
2608,2ebf5de06b6abf0dd6e9,0.36417680294554416,0.007381208383744,0.35679559456180016
2608,4734b0d1eef6a8c3015d,0.0005004443222020001,0.5723089602011395,-0.5718085158789376
2608,a8b6c5c1cc58ffc089f3,2.6973063327583324e-05,0.0034899850639575,-0.003463012000629917
2609,86a350b980c34e0c8710,0.5866985508848921,0.4619314049342305,0.12476714595066157
2609,fe624ba48fd59f83ba9d,4.794089833238673e-05,0.41591506012217605,-0.4158671192238437
2610,1d6e99ad5196f574ee94,0.29418834426539303,0.32804769953780205,-0.03385935527240902
2610,1de562143a60b1e6737a,2.5427021323841798e-06,0.2798703747477845,-0.2798678320456521
2611,34fbc40122cb2cc27964,0.07051424998236401,0.08649031447410101,-0.015976064491736996
2611,6a9758766c842634cda4,0.092039518587538,0.807983403448667,-0.715943884861129
2611,f993f5e2d0b45f383ac3,0.251471570906504,0.3372045182266185,-0.0857329473201145
2612,8fd0cc2ba3bf7f6d86d1,0.3909571428488257,0.0012630439773510002,0.3896940988714747
2612,c8beb7a848ec948f3272,0.3596380630284477,0.43728520628415607,-0.07764714325570837
2612,f9d43d85b0d638bb8a04,0.8302415607245051,0.0461006787094465,0.7841408820150586
2613,cefd0e90d70ee791fda6,0.44227846888724853,0.992029085612647,-0.5497506167253985
2613,f8936ebc5807fa660044,0.975349332086166,0.1152962761670615,0.8600530559191045
2614,0321ea5dfb9b83079fb7,0.3533404087241503,0.1514302537279155,0.2019101549962348
2614,4bc739a72cf4f3ed26d3,0.6636701300177671,0.9690517577901221,-0.305381627772355
2615,24d6741378b28d14df7f,0.003955152667760983,0.301529702434897,-0.29757454976713604
2615,3a2790aaeb2211081807,0.18212117106914402,0.49974616976936853,-0.31762499870022454
2615,b56a5e7c64c46ddf2bfb,0.08735069055603101,0.27264841143864005,-0.18529772088260904
2615,b5be4ef31ee3f0c8bf9a,5.909574965605833e-07,0.49114251637684303,-0.4911419254193465
2615,d7f48376dbbbef024a7a,0.0029265052900370003,0.0171976225621385,-0.014271117272101501
2616,1173908a9a0833a71a7c,0.4993835915058826,0.08159565238305701,0.4177879391228256
2616,655b81d5bbcb1c9f21d6,0.9000619546729991,0.3460444255870325,0.5540175290859666
2616,acd6f64e3a8ea3791b5f,0.289199299058902,0.4987904479512101,-0.20959114889230807
2618,2b194d833112326087ed,0.536230561345703,0.9585678185742785,-0.4223372572285755
2618,38cc08906fe172c2580b,0.130307467534432,0.2873507110751665,-0.1570432435407345
2618,637859e95658812f399c,0.628668921244085,1.702735906662374e-06,0.6286672185081783
2618,b0980ca33cd42092d00b,0.45319472291239205,0.819635718762955,-0.366440995850563
2619,e499ca899052a9a1b0b0,0.794649373991772,0.2038219383700865,0.5908274356216856
2620,3005ff499de392251a2f,0.45041709152729004,0.36564522484097406,0.08477186668631598
2620,c5a79523850d7b7f820a,0.016576826297404,0.9689027362125786,-0.9523259099151746
2620,c6a127c7ce19cb816846,0.00046774608827800004,0.0411890221849725,-0.0407212760966945
2621,e2e4ed2e8302c43ab76a,5.6487009722033464e-05,0.1643547831001545,-0.16429829609043248
2621,e8d23e55585ca13567cb,0.267886962198503,0.0033351495470285005,0.2645518126514745
2621,fd6ae518bc0229581280,0.144912039257588,0.022982353390309004,0.121929685867279
2623,6ce4dc62c465773cc407,0.777581728086413,0.726242868065319,0.051338860021094
2623,c3200749554e6ae466df,0.082026752763405,0.025114813199248,0.056911939564157
2623,cfb70a1db1445e20cdf5,0.013206207837095,0.5020041794733805,-0.4887979716362855
2624,2177fda5958a9c000090,0.6517415505507311,0.9551865060889135,-0.3034449555381824
2624,91c1f8ddaf61d66c329d,0.5241898580120241,0.5741230934405905,-0.049933235428566425
2624,ceafb964fe88dcab973f,0.48436498886807555,0.312011854102328,0.17235313476574754
2625,39922d0e7d06f46f9c07,0.008523186059708001,0.8798606713376886,-0.8713374852779806
2625,646bd8100b72ae5cfe54,0.00025454851883900003,0.005802304288589,-0.00554775576975
2625,dd954d2240a787eb4657,0.039198673299194006,0.091694371010674,-0.052495697711479994
2626,164ea82ced13ad6c181c,0.28968121663671004,0.2595534916137755,0.030127725022934537
2626,56903e64c8a7b0a6b1d2,0.851796612410175,0.5154432949164145,0.3363533174937605
2626,f8749f2c2ff7db9a001a,0.009962908400664001,0.24379258052577302,-0.23382967212510902
2627,de0e9bcf497d48a3200a,0.301538002049873,0.9996684151884656,-0.6981304131385926
2627,ec765a599019f9c39f6f,0.36429388728993906,0.5026114281251931,-0.13831754083525405
2627,f01338c260cedd5ead52,0.001450180154464,8.229185503519726e-06,0.0014419509689604804
2628,42232c46c7aeadf8466d,0.28343904006758663,0.5678847128371971,-0.28444567276961047
2628,7e60d874842348605aa4,0.583969810944985,0.290630508810879,0.29333930213410603
2628,cc5ff36ff6bd7f50b715,0.048387585260823006,0.43105623223960404,-0.38266864697878106
2629,3a760da5f9f69be4299e,0.6064115325479127,0.04660398976761463,0.5598075427802981
2629,6729d2d1b1707a65014d,0.9864086778566917,0.8569252295943856,0.12948344826230618
2629,c16a6d29d7d58f40535c,0.8778348479120146,0.4875676828475765,0.3902671650644381
2630,271c0fe0f6a620150870,0.870865183026953,0.6008343493004945,0.27003083372645853
2630,7d7cae2332a43611716b,8.339708497587267e-05,0.8837086822778866,-0.8836252851929107
2630,bee90951d56431ca6a36,0.3449004040639081,0.6586120349432851,-0.31371163087937703
2631,2a90456c5d095c974d11,0.2386964149508865,0.4414286303984847,-0.20273221544759817
2631,7b2dae8a66853258c48f,0.0036141138232330004,0.6538350728433255,-0.6502209590200926
2631,fdf2aae07d62945290c7,0.22429739581160102,0.9741834519711056,-0.7498860561595045
2632,2ceec9ad4c6357fd7b2d,0.18214746442537302,0.178168163687283,0.003979300738090025
2632,ae4df4f441416f3db8f4,0.004047840033759501,0.04298209480500138,-0.038934254771241884
2633,0aefa96e70bc96d2013d,0.37204244826368355,0.5692310837289971,-0.19718863546531357
2633,ff8935ed6f5ae3f86a85,0.9225928313248141,0.9416212236735981,-0.019028392348784062
2634,54654a1eca9a684537b0,0.19706334577748252,0.6127085771059986,-0.41564523132851605
2634,978838b87229c7c3e532,0.104620573822504,0.9236808308576181,-0.8190602570351141
2634,ed31af0a7e39fb675f3e,0.796490382194291,0.6508187571149305,0.1456716250793605
2635,55256a02eb7fb14cac95,0.012798911807236,0.9982271713059971,-0.9854282594987611
2635,d49337cc92c0183e9880,0.001213695694961,0.5685871510795365,-0.5673734553845755
2636,0ea6babe031e50b710b3,0.4538401320484305,0.009681058877061501,0.444159073171369
2636,8380dfc05c2389ead940,0.024411259017120004,0.6660010560284896,-0.6415897970113695
2637,0247efca9ec0c5bb8032,0.5016373925229654,0.5223427304526336,-0.02070533792966822
2637,1d0695198e75118f961c,0.492369055668162,0.32398107448179353,0.1683879811863685
2638,7ebeafd7af592c0266fc,1.777938451985489e-06,0.1511791595316345,-0.1511773815931825
2638,88b426b2f8cc03932f16,0.319664236616912,0.23493616598674352,0.08472807063016849
2638,ffbc8f118fb69abea38a,0.014203881083055002,0.0018888271210500001,0.012315053962005001
2639,33b369ed9f58e40483e2,0.0775955658808185,0.185465905408488,-0.1078703395276695
2639,afe631c0237d967e78c6,0.22723690512625502,0.4718084686041175,-0.2445715634778625
2639,b7408f4c465848881917,0.00011859365852900002,0.535482182053284,-0.5353635883947551
2639,cbabbfb485db44ca980c,0.7310541556594391,0.4665066081251198,0.2645475475343193
2640,82c1d0df43f6bc8470a4,0.035478764864955,0.47656812135982857,-0.4410893564948736
2640,899baab0ecd508d74660,0.13695574572048902,0.47150930350496856,-0.33455355778447954
2641,0c5b8e28afa113022400,0.09661918464433,0.5151219068234395,-0.4185027221791095
2641,f4f803efb8c961205a8b,0.035807549802539,0.572632767451793,-0.5368252176492541
2642,a5729ad45124f818d179,0.3040804829508207,0.4425771985648245,-0.13849671561400384
2642,cc61664a778bf794d0e7,0.04549325863503,0.040755907029303,0.004737351605727004
2643,196a1bc364c739cae887,0.3956808497022725,0.9535024912792815,-0.557821641577009
2643,4ec24c4119030a406371,0.5092278856429631,0.961550149330695,-0.452322263687732
2643,e7bc9135aac8b02abfdf,0.7810818847554006,0.5497816150361265,0.2313002697192741
2644,7099e030621cc74e7847,0.012307472564087001,0.8968165549177975,-0.8845090823537105
2644,cd4090cbe17903204e8d,0.229701763555712,0.9560935290970066,-0.7263917655412946
2644,fd206664421d40fafb36,0.253891401713124,0.9567322245078487,-0.7028408227947247
2645,97c21e1368bd89d07e42,3.455293072716992e-07,0.6209247029172906,-0.6209243573879833
2645,cae4d22342f6e97430a6,0.052010753245879005,0.9131589856804345,-0.8611482324345555
2645,e3923cebe22b352386aa,0.06680587007951401,0.2013573476387605,-0.1345514775592465
2646,19e6cf754a5dd15f4431,0.134411243649065,0.34807889692632854,-0.21366765327726353
2646,3d0a5f104edc32731c83,0.243080577603552,0.0028400262538069506,0.24024055134974506
2646,5bcdc7446c790ddbc131,0.49214814804253604,0.00017678684093680463,0.49197136120159923
2647,c1fe8ed5c3b1c7f992e3,0.170490410346602,0.236399428549107,-0.065909018202505
2647,ea0db279a7374dff7495,0.45073847539319684,0.754569415328729,-0.3038309399355322
2647,f2cdf1ed006eb76f13a8,0.015201193415613,0.1190970301394975,-0.1038958367238845
2648,2360d009c143c3cd8299,0.44393736678163803,0.5225509474715371,-0.07861358068989904
2648,6dcb54e45edd9b0b4b27,0.012427501346479,0.8142629667213046,-0.8018354653748256
2648,7b8be0d696d1bab608fa,0.4100412958532474,0.7277605674509235,-0.31771927159767616
2649,4b540a94b12b32acf3a4,0.500428190951447,0.502440766238051,-0.0020125752866040347
2650,954550c5b4033d880659,0.0014594418178410001,0.010969360459083501,-0.009509918641242501
2650,ccfd5ed2399511c59598,0.924540015069738,0.563679037232726,0.360860977837012
2650,ec7fdb6657b17de5aa64,0.17427382097273703,0.48193699177303706,-0.30766317080030003
2651,04552c2e45516f48ba5c,0.8773757477916211,0.5005783060697081,0.376797441721913
2651,80823b718ba52f51581d,0.5892743023070546,0.30049296612417553,0.28878133618287904
2651,fdbb3d2bdd0753c7c33c,0.8230051121612111,0.7879533612019365,0.0350517509592746
2652,4509dc155022282c1822,0.008069736592552001,0.193026499974239,-0.184956763381687
2652,49432af0559284183777,0.209459567376578,0.342836761432305,-0.133377194055727
2652,cd8393d007dc50352c28,0.3156081483474855,0.008036876086414001,0.3075712722610715
2653,b0221480d8576ede44a0,0.07129934151981901,0.583634727829162,-0.512335386309343
2653,e38cd7c546ab90c3dd0c,0.9705420744676276,0.5409002330436795,0.4296418414239481
2653,ff958b624cdc31c65d3f,0.017335656750420002,0.36301543806905,-0.34567978131863003
2654,246a95fc71677a98208e,0.299265827852614,0.6092971858146246,-0.31003135796201053
2654,7eb64e7161e996a983f8,0.006623364897227644,0.015054673774423,-0.008431308877195356
2655,6422786f2758be57180a,0.088809382169121,0.8691151055905926,-0.7803057234214715
2655,72b055cd6fef91999af5,0.287733530501173,0.017996961031182503,0.26973656946999053
2655,e7d02efb42d06b820ba5,0.328067529698063,0.7065399752440935,-0.3784724455460305
2656,d0726ff629960a288919,0.010117201341114001,0.589993003410942,-0.5798758020698279
2657,3563ead9765b56dab95c,0.330339637803227,0.0513633067143745,0.2789763310888525
2657,383af98dcaab85aff59e,0.33730836170566003,0.633797663658,-0.29648930195234
2657,5fb5559643710933846c,0.071120904763062,0.9421557920035251,-0.8710348872404631
2658,27a9030c7b839b075acc,0.032192665373687666,0.8705556326305786,-0.8383629672568909
2658,61182c2d4d0dc39d60bc,0.5512005541657694,0.47781834945726465,0.07338220470850476
2658,95aef922a2cf7fec73a2,0.29481361277246704,0.6210009572597095,-0.32618734448724246
2659,2baf2de21c3aca4efb51,0.42385467011578404,0.292278743653334,0.13157592646245003
2659,3616b0a0cfe7758b3775,0.8132670926633428,0.23919404418985052,0.5740730484734924
2659,f64b76949bb936853b84,0.6571769747329645,0.008146937607085,0.6490300371258796
2660,18b0b5bb6d586ceebfd4,0.0015696977017650002,0.717309008685179,-0.715739310983414
2660,1f308a4399d41ee7390d,0.0008081139755850001,0.029872271953679502,-0.0290641579780945
2660,a1aeded8c5bc1d1b633f,0.5200151956711324,0.663506077485842,-0.1434908818147096
2661,897ae5dff542c8338557,0.8169962929453991,0.51529346399008,0.3017028289553191
2661,afd036db2e3e8599afe8,0.018128056872846,0.1977809424975195,-0.17965288562467352
2661,fe2e0a32376cdc5d8d5d,0.7859861916423906,0.8530418127747186,-0.06705562113232799
2662,0599558076f84c1fe89a,0.002640490089248,0.8455298607994126,-0.8428893707101646
2662,9669e6f27f4dcf9d57a8,0.14465637253854902,0.4935518659284566,-0.3488954933899076
2662,e615dfd994e2cf8f7946,0.018452867890297,0.4691076690347365,-0.4506548011444395
2663,b52e7b651e3b73e9b152,0.047675403759715004,0.00022559510067481103,0.047449808659040194
2663,e18074cc621d065b027b,0.19092868441996336,0.42442333858305753,-0.23349465416309417
2664,5df5ba397b51769b46da,0.4963439783015267,0.349611719112614,0.1467322591889127
2664,e65945846cf4cdd65850,0.46487000691558455,0.33925880877854653,0.12561119813703803
2665,0eb6571a8c05ff450034,0.19046865907802002,0.8833957669337256,-0.6929271078557055
2665,9ad85d227ccbabe0a32b,0.36917413243607905,0.09391146184234202,0.27526267059373705
2665,d763e54f89792d109308,0.6485249008908534,0.10384213855757851,0.5446827623332748
2666,1839702307451b74d271,0.3391856606733095,0.2454635858782135,0.093722074795096
2666,681341db7cb3a8d1094a,0.03780984198223951,0.51349317014075,-0.4756833281585105
2666,aa2f3dcb3abb91b16477,0.065303652276422,0.498246420645003,-0.43294276836858103
2667,451894fb7d18edbf354a,0.000133883795503,0.594001977056698,-0.5938680932611949
2667,61ec18267c17a2333253,0.09086662855981802,0.16237068040089603,-0.07150405184107801
2667,86adb6dc94a479369ba7,3.084294867735808e-05,0.48210870651434856,-0.4820778635656712
2668,62111b5ebf6293f547ec,0.057690387771685,0.3095981644708055,-0.2519077766991205
2668,7e726276fe8786d96319,0.3138831272815403,0.0080250927070925,0.30585803457444777
2668,94ae89366c0cc3423bd8,0.14010539856908125,0.041261942843514504,0.09884345572556674
2669,402cde6fa6ca96578225,0.034381426732634,0.34335800287930157,-0.30897657614666757
2669,9b698ac359d3d3716d74,0.046673883925767004,0.2005572377538955,-0.1538833538281285
2670,08fc78c32da49b3aa4ad,0.3141160813767385,0.360733951556914,-0.04661787018017549
2670,1ed9271d011768ed7e47,0.12244846095722435,0.9725083573762391,-0.8500598964190147
2670,5d255f2c5c23ba01f1aa,0.019090667070655,0.428411797988116,-0.40932113091746103
2671,59e9c14fa28f0abf58b1,0.021909333180442,0.5003432417265615,-0.4784339085461195
2671,ce2c0a326cf95e2549b8,0.069142806218307,0.276468964038781,-0.20732615782047403
2673,abc0e0388da199fdf780,0.4228017413142952,0.10697848740838592,0.31582325390590926
2673,b2b5c8e0f571bd561b99,0.9178291298268151,0.9829536054389476,-0.06512447561213253
2673,ee874780bfbf4662668e,0.08728118392734834,0.00016563424715800002,0.08711554968019034
2674,02da029f397f3b4da448,0.70151854730909,0.46180624027625555,0.23971230703283447
2675,70dff339106bfc8473d8,0.6070538628016213,0.7325092375401471,-0.12545537473852575
2676,76b901f114895b895aea,0.07103001633283121,0.6217184464748405,-0.5506884301420093
2676,c96a273f6271c892dc1d,0.40840188636140534,0.21482194088227702,0.19357994547912832
2676,eeca32bd2783710d2b58,0.38998574788257767,0.4645480094403745,-0.07456226155779683
2677,21f3195430f28058fc60,0.3832954961802875,0.7203186318366641,-0.3370231356563766
2677,30a630cf8385aa5ab69a,0.7735993679873531,0.26926267617752003,0.5043366918098331
2677,bad565601f1b78abc54e,0.9417953934446921,0.44788321629746103,0.49391217714723107
2678,7b929d015adae8bfb097,0.49111695951329004,0.9146720652056091,-0.423555105692319
2678,8ce2e383128b9b21da91,0.027188044087917,0.5336205656558616,-0.5064325215679446
2678,9fe6e29c37c4152bb743,0.8235798379396181,0.4945868451629065,0.32899299277671157
2679,2cd177b61c0e1ea722ed,0.44878900828372903,0.9415880225112541,-0.49279901422752503
2679,34bd75cb6ca6b2e2b6be,0.108797677093836,0.31181423835709204,-0.20301656126325604
2680,50ee43c96652708d4356,0.41021386866589205,0.14163364899927403,0.26858021966661805
2680,86d6f91f9f107426acac,0.00046147038740400006,0.3975172335827075,-0.3970557631953035
2681,06ebc0ab85930b261973,0.5440604309268993,0.00021027862874,0.5438501522981593
2681,3560300db5306c19900c,0.44297368082258304,0.058434134859768505,0.38453954596281453
2681,43f94fd11391f84af30e,0.46865205603811005,0.8729940442974455,-0.4043419882593355
2682,364a52ef3effb6ee2869,0.086253299231362,0.18612201050152552,-0.09986871127016352
2682,50ca1122657fbe3e8fd8,0.219637963579894,0.00592813069851,0.213709832881384
2682,66fbefe41b036ffbd1a7,0.095162598069063,0.4432048273423965,-0.3480422292733335
2683,712dcb3d268e105f3983,0.35038670722515103,0.566846121625971,-0.21645941440082
2683,b9f44a764c88c070c6b2,0.06469385332939001,0.06205979600499951,0.0026340573243905027
2684,cda441e1622df2d6c7d7,0.7918776158495986,0.8802265497373576,-0.088348933887759
2684,d6ada503af9e419c0cdf,0.023137796102491,0.9660510912119931,-0.9429132951095021
2684,edf293939bdb93467c3c,0.000510453225212,0.4637131674543925,-0.4632027142291805
2685,3c695a1f71b572748191,0.02959851832947,0.506242782756401,-0.476644264426931
2685,83b40a139199f94d9c67,0.13433752570888002,0.0694146416589475,0.06492288404993252
2685,bf2a4896350fb5b81f8d,0.7535747418518601,0.46806949914177354,0.2855052427100866
2686,65e85ace90c880699533,0.641559961211548,0.48835148208958906,0.15320847912195895
2686,6e4d7760475d88c179b1,0.015262552195259,0.45168905404086057,-0.43642650184560156
2686,dc66dc99fdc0e9bfdea7,8.464839950059976e-05,0.0157865909401535,-0.0157019425406529
2687,0d73c6ff88b5eae9816d,0.18987164686542402,0.9631860653908255,-0.7733144185254015
2687,b10a37de4d5ee11630b6,0.014798066579202001,0.2950361270428742,-0.28023806046367217
2687,bdc2a50f00e40c726c02,1.488865171725374e-08,0.47943207345266553,-0.47943205856401383
2687,d3a72be7aa104ef3c94a,0.771802709864088,0.9786757200901135,-0.20687301022602544
2688,0158556f176680e9a150,0.05878623660996501,0.4886900578384446,-0.4299038212284796
2688,56925dc22eab8126220f,0.016926972363608,0.1581054220707145,-0.14117844970710652
2688,7f09115cd308bd488aaa,0.6499435744969241,0.01126262322217953,0.6386809512747446
2691,78a94afb2e84bcf4b18e,0.103320704919259,0.3341885093905915,-0.23086780447133254
2691,fecbf0dd71890f35c0e2,0.0062506245916880004,0.024522411193155503,-0.018271786601467502
2692,21e48fe2d1ba9d20b404,0.46290821764420503,0.0696306423484995,0.3932775752957055
2692,8d35d7d2f8dae36f7a6d,0.739758042410891,0.421993582352961,0.31776446005793
2692,e2efba82c792d3078a59,0.2189028078159935,0.7977773395555501,-0.5788745317395566
2693,9f60943efac46a163f5b,0.016267887253553,0.0435483745559255,-0.0272804873023725
2693,c30aa591bb0afe62cd46,0.1314447146612165,0.137827712316157,-0.00638299765494052
2693,d631faaed44d6efd71ee,0.17729065654828802,0.2295864571462255,-0.05229580059793748
2694,2883e5a4168cc087ad16,0.42050186792537825,0.357006922511568,0.06349494541381023
2694,31536e5183aca47c222a,0.536201134295052,0.5048785013259686,0.03132263296908344
2694,a43c776211cd3b24bd14,0.153886061407076,0.7099075291586245,-0.5560214677515485
2695,02838100c1d1261a893d,0.859554932344859,0.8778082296723331,-0.01825329732747405
2695,fbf68fcf710d3329126f,0.131517609862418,0.091793469328104,0.039724140534314
2696,12e4eccccd27c2542aa7,0.0020123497200400004,0.211925519809326,-0.209913170089286
2696,1a26c4eb0520f4cfc331,0.05386298490905601,0.3457207542593975,-0.2918577693503415
2696,f33ad56a5cd9939a0dbc,0.4309573749849703,0.03899968549173,0.3919576894932403
2697,147ec6c73387cfa9d708,0.291048994930654,0.4696470937831241,-0.17859809885247008
2698,12074c11883e4769699a,0.6886185038837125,0.636030861720535,0.05258764216317746
2698,fb90ee9b8e7de7360b5b,0.24104641825686604,0.34227601636099536,-0.10122959810412932
2699,81ba81e25fc069ed624b,0.021218671609364,0.43315287745697006,-0.41193420584760604
2699,b201d7cadbabf10eb5d5,0.20772470285664055,0.004117697256577036,0.2036070056000635
2699,d7f9992ea0927813435d,0.001173304657593,0.30213487726930854,-0.3009615726117155
2700,292198b997946b564f2b,0.4125877917456589,0.0084706903577505,0.4041171013879084
2700,2b9e9f5d45d4ac800987,0.384294797252468,0.009396479465712001,0.37489831778675603
2700,4bd7d1511d29d500df9c,1.3465230113083491e-05,0.2790923195934055,-0.27907885436329244
2701,5f39842e1e3952e3096f,0.576878313433914,0.9111180305565776,-0.33423971712266354
2701,d531f8f2487c64aaf1b7,0.2672275461335207,0.23390556234158402,0.033321983791936655
2702,68b4f4aba8e960a54d56,0.2854397213705082,0.7492025210653266,-0.4637627996948184
2702,7a804cabe6b016d7aac2,1.9042933532501263e-05,0.623130757151468,-0.6231117142179355
2702,a06583cf15933cb3b17e,0.5206571725198857,0.5188471974268295,0.0018099750930562486
2703,164a0ef104e10de00c79,0.338068415460715,0.9197834572074965,-0.5817150417467816
2703,76c87564f9ff8425cb98,0.080758851083463,0.380331133030561,-0.29957228194709795
2704,00ed79a5bc462d9d25d9,0.463434004664882,0.9739807094594266,-0.5105467047945447
2704,5ea4c259b87bf7c7f4e4,0.3450121123168754,0.6080679756762896,-0.26305586335941417
2704,e5a3eec565496aeeca3f,0.39324051523199466,0.590175516718844,-0.1969350014868494
2705,c1aad85c07f80dbce362,0.4839903054149581,0.5074736473671956,-0.023483341952237502
2705,cbc2649bd7d7be61fb25,0.9325639919189841,0.7867328381030201,0.145831153815964
2706,06c7dc3fd8a1a0bf96ce,0.4051772879482078,0.7840407370608591,-0.3788634491126513
2706,9582f61af60c9694074d,0.5677593404293053,0.69293395215047,-0.12517461172116473
2706,ba9dace8abd1db9b10f1,0.7330593103929111,0.1743439310219895,0.5587153793709215
2707,2a4e41398e6e3e504e21,0.031936027756651005,0.42944541528988806,-0.39750938753323706
2707,be59775e663f6bda07ea,0.0390946074643085,0.871861087517505,-0.8327664800531965
2707,fb94f0bae32c6267268a,0.6407523276034035,0.6380425382625401,0.002709789340863411
2708,a4018053c60248fd05b8,0.22795184310173802,0.005294027266304213,0.22265781583543381
2708,c7d9c8d30351b74447b7,0.000119227714455,0.250792660383718,-0.250673432669263
2708,d2ee797423225cd8ee99,0.641369819368044,0.1397316702601645,0.5016381491078795
2709,635bc17e91a5c53b5a87,0.8033294536719451,0.8505887144960695,-0.04725926082412446
2709,89332ef1f7a09691ba32,0.9858294350236971,0.1579646525910655,0.8278647824326316
2710,255b5d2a023eafa9d1b2,0.00294237202584721,0.00013718452566700002,0.00280518750018021
2710,6da2c7074192c0ac9593,0.6405916462313344,0.20237523839745652,0.43821640783387783
2711,718975ff44907b4b8a6c,0.963461528757106,0.0006888298619840001,0.962772698895122
2711,aafeefb9c40de97b1290,0.6953358894757601,0.28197123057369905,0.41336465890206103
2711,cfc5e4f8aba6d5f87626,0.484940120858149,0.9805148414573076,-0.4955747205991586
2712,2856addabc9bd4a02a0d,0.021088148579187,0.9582461999605616,-0.9371580513813746
2712,73ef31ac4d8c1cd68c99,0.0030952155045360003,0.8883397469651085,-0.8852445314605726
2712,d6935337a893608f3bcf,0.6523484090148854,0.13884324169583914,0.5135051673190463
2713,27393b742f18bb33eb0a,0.10711460287826301,0.47982849214011153,-0.3727138892618485
2713,c2da30dff0b7dfd7dd23,0.048966135497355005,0.3152707273050905,-0.26630459180773547
2713,e5d9fa768088eadb319e,0.079519777151871,0.9282604115244986,-0.8487406343726276
2714,3c61372fcc5ca1fe40dc,0.00307870410033,0.32018783051175004,-0.31710912641142003
2714,71a0d55ca8b2f464970d,0.042844879722301006,0.38531714264174505,-0.34247226291944405
2714,b804d3484868ae0b54ac,0.005319191383046,0.39282927035291654,-0.38751007896987055
2715,5286070766b138a1e818,0.16218576870578402,0.9981480493100201,-0.835962280604236
2715,fb1ad3000d7c10c7fb5e,0.35115818083463174,0.49834951877270856,-0.14719133793807682
2716,1110b715e7ba22b43c85,7.309829514807662e-05,0.000971348471152,-0.0008982501760039234
2716,6ea8042c6de60433d51a,0.6898703760582984,0.9376443114003201,-0.24777393534202174
2716,8428aa04e71fbf238232,0.36137650940723803,0.54992861976947,-0.18855211036223202
2717,94e19ef21c1ef0263237,0.8201087688089921,0.1614021719477415,0.6587065968612505
2717,97a6d9ce96fae566f347,0.007697836015989929,0.000992731081286,0.006705104934703929
2717,e70c6588519b838c7924,0.976015585364657,0.9745499560848896,0.0014656292797674553
2718,2826d6770995235b576c,0.04454644245619901,0.5548040004927081,-0.5102575580365091
2718,4f9b2adfc5c4ca9f7f95,0.15342623052196702,0.5082675171279436,-0.3548412866059766
2718,5b88231a6f105c0349c0,0.23112773835590902,0.028034439585112002,0.20309329877079701
2719,85e38fdfe04b2dd587cc,0.09287027647451951,0.4816146304922276,-0.38874435401770807
2719,f06451abbd88f1174195,0.077773029056225,0.980365824122663,-0.9025927950664381
2720,45aa8c70738d41712974,0.044266303353841005,0.5183609028714641,-0.47409459951762306
2720,d44b631b11fd328706b7,0.195420153123318,0.4112401368096086,-0.21581998368629057
2721,22fd7f8380104f1a167e,0.039228516102254,0.13817462630589053,-0.09894611020363653
2721,74435ba31094d87895cf,0.1629734755760297,0.010353969144164837,0.15261950643186487
2721,d1a2ba86d7737abefbc3,0.6524078261291526,0.9908905359542806,-0.33848270982512796
2722,4fd8a55b0c2cd4fda2f9,0.9492602667791341,0.5138802243793791,0.43538004239975503
2722,814168a5c6edac54ec4f,0.6376567024600517,0.043556211361795,0.5941004910982567
2723,748ba39d6ae096e49359,0.4165218329439993,0.012567308104446001,0.4039545248395533
2723,d27a7e1a227ffac40fb6,0.178181288789888,0.5712081916731195,-0.3930269028832315
2723,df5582da4d326e595895,0.004278643398247,0.20534187096436202,-0.20106322756611503
2724,0d9fe20ef335b9c1549d,0.14064976098345,0.8295109594176876,-0.6888611984342377
2724,c07af1eefaeab07b666d,0.45395360334348983,0.6084990599923725,-0.1545454566488827
2724,f39c48f69066c9d15410,0.7582287470752854,0.44997723164144504,0.3082515154338404
2725,65a2b742ab7ffc008023,0.24265540853642054,0.4373791073845355,-0.19472369884811497
2725,89901418f829e3e90a93,0.20334803486313902,0.9788479925343856,-0.7754999576712466
2725,e541b25bc89e0b46d4e4,0.9469283346743331,0.9844336511272072,-0.03750531645287403
2726,0ac9a534c737d7d497b1,0.145657008484565,0.2124442672349135,-0.0667872587503485
2726,8e0bda181cd956659de2,0.20582317981303502,0.004630034598219001,0.20119314521481602
2726,cc1a19af6297dd98171c,0.00074679673248,0.8006487853283526,-0.7999019885958726
2727,8c385f561d920fe6786f,0.18245098809241492,7.362788027097061e-06,0.18244362530438782
2727,939cf7263652edd7f006,0.9462822106415786,0.9802532603520651,-0.03397104971048648
2727,948501ecd341c4ae3cee,0.006933561957249001,0.335072015148829,-0.32813845319158
2727,9b2c085ad71dfa7cda15,0.0679897394983336,0.10429601599699752,-0.036306276498663914
2728,4264807dd55fd8acca86,0.804410548065499,0.47059726479698105,0.333813283268518
2728,432dac89039c31292886,0.36469901123145804,0.506080318067493,-0.14138130683603495
2728,ec253b100a21151ae903,0.5109892369421258,0.596871564105742,-0.08588232716361621
2729,42afacd0998b11c81e48,0.1010922167339795,0.27531058644141254,-0.17421836970743304
2729,6c79937a70c45edb37e4,0.9221126510570441,0.8987028916179656,0.023409759439078526
2729,7b33dd2a7bfa0e719e24,0.7263465299852646,0.5108535886119141,0.2154929413733505
2730,dfe58795a039a590dbc2,0.6154711565338182,0.5384982860582875,0.0769728704755307
2730,efbbffe78ae01cdceecf,0.001138244163061,0.49934379432816656,-0.49820555016510554
2731,7d4ab121e5d551f6b01a,0.018171315689166002,0.00019050781180285375,0.01798080787736315
2731,7f9dfd733ebe948985b1,0.986509972126524,0.9111872645218966,0.07532270760462745
2731,ac0da060a17127c74477,0.836867476703789,0.223177224466472,0.613690252237317
2732,0d9867c5b23836ddb1e9,0.0014911208169436437,0.49414614390384426,-0.4926550230869006
2732,6ef2639aa44361755a33,0.017949607651094,0.629522388688007,-0.611572781036913
2732,8e399367c5a942d977e7,0.5891850000330042,0.9680434987715716,-0.37885849873856736
2733,428b3db04f45d89f87f3,0.146508361903415,0.447006857136382,-0.300498495232967
2733,82638e4ba03d0b26ad1f,0.3756281571264537,0.44205362610360305,-0.06642546897714935
2733,d781edb557c4580476fb,0.0011187842478510002,0.29936338729906153,-0.29824460305121053
2734,4201a0c05ef2b64347aa,0.33714094420544805,9.150496385889806e-05,0.33704943924158914
2734,76ac2b32874858f30234,0.043091688024438,0.0084172854338955,0.034674402590542504
2735,09eb25a1245ea71d833d,0.06082616491608234,0.0010722528835025002,0.059753912032579834
2735,458f140fec49f9659c1d,0.6663863218892844,0.9753899465070741,-0.30900362461778974
2735,a8f833637d9d98aa32d1,0.15555855912719901,0.3176739731837435,-0.1621154140565445
2736,5acd66ba06ad971077e9,0.7407282314026382,0.8111240928207021,-0.07039586141806387
2736,c4fa31c15cc6ba46a91a,0.16981850398626,0.78090936271903,-0.61109085873277
2736,db77697e62106f97cfb4,0.39769937710879355,0.495943054887764,-0.09824367777897047
2737,6eb569d251620bf18cc2,0.8873647192637011,0.032262089178353,0.855102630085348
2737,7aad076843603176b56f,0.016190747622446003,0.028303798677453,-0.012113051055006999
2737,8c004eca767bf19a2909,0.5331554955442843,0.7508949124938451,-0.21773941694956078
2738,6a9c466862feeac2d7dc,0.26074175378152503,0.44727209167174203,-0.186530337890217
2738,d5bdece382c0d0dcd754,0.257594677802209,0.970910375661297,-0.713315697859088
2738,f7c775785e2c4843f1c0,0.000370573654328,0.6240204005422375,-0.6236498268879095
2739,aca6e7741b76e9f85be1,0.098224227877564,0.669295675157229,-0.571071447279665
2739,bf8e64f671689873f261,9.340145333747201e-05,0.34140007572377906,-0.3413066742704416
2740,7993bc0eed2334a1e769,0.22687159459946343,0.13106615959870901,0.09580543500075442
2740,be9e901063124ef2e449,0.28127667873050904,0.7181982355358736,-0.43692155680536454
2741,543d283c3a401bb3718e,0.4066783898459034,0.9720149885217195,-0.5653365986758161
2741,58d5a2f7ea3ca0a8f3bb,0.7552643747877678,0.40602219812569007,0.3492421766620777
2741,f84352a81591ea3a471a,0.12048776699652801,0.0015398554020741126,0.11894791159445389
2742,67008f4ed10345eecd4a,0.6224928087750229,0.9482128507298601,-0.32572004195483717
2743,e94212e28d0c51949952,0.370216876916376,0.3136855827977905,0.056531294118585484
2744,b240f179d8af4ecb2d55,0.3407418886719727,0.7678216842657966,-0.42707979559382386
2744,de61a05975b040f7e08e,0.3425368515977346,0.23991331368955604,0.10262353790817857
2744,f066cf387ce9b47b404b,0.017386800567484,0.23819920327764352,-0.2208124027101595
2745,1576605176900bd15dee,0.6346192138285542,0.162352133479437,0.47226708034911724
2745,e07f3d4ce7fd31699448,0.04623741194157,0.2461387386294035,-0.1999013266878335
2746,86f3f37940818d2a295b,0.649714682814532,0.5953415722331655,0.05437311058136651
2746,b3e993c572ccb691ca56,0.050069181550237006,0.127784203077351,-0.07771502152711399
2746,d9a8045e614ceaead292,0.8876789734835581,0.19985841333053603,0.6878205601530221
2747,3e7f3f28c19272f80936,0.6604810905178111,0.6172880664600011,0.04319302405781
2747,58d2e3bb98263fbe64e8,0.270163745767228,0.44490023854112554,-0.17473649277389752
2747,f0730f33d08609c6b39b,0.5162505399728422,0.7508355576434306,-0.23458501767058837
2748,d436478fe7d5409a0cc5,0.38623557808745135,0.336993817286108,0.04924176080134335
2749,04debc335ac25286d4c9,0.049245454022988,0.29243407340887956,-0.24318861938589156
2749,ad98b372c8443d0f2a81,0.277377817612435,0.6966099186259661,-0.4192321010135311
2749,fbfe6c1a595af31b6923,0.33914009861136984,0.22806393027429003,0.11107616833707981
2750,7e98957a241f766dd704,0.385740242847302,0.5523027360317905,-0.16656249318448846
2751,54a81487c7e6b7024973,0.17143569875709053,0.3049780917984125,-0.13354239304132198
2751,5de6cb0e1faa850c5dab,0.08868584456408067,0.5438871873568145,-0.45520134279273383
2751,a77cf53445205fbcff18,0.7137999167263691,0.4428717898077815,0.2709281269185876
2752,be42d99fb41994ff87c4,0.0029075830897925,0.27736496271604,-0.2744573796262475
2752,e049923e4b680fb0b978,0.4610123524144054,0.059328390599141,0.4016839618152644
2753,34c48caa7ec7560784d2,0.5190994935013591,0.0783621399754225,0.44073735352593657
2753,b0ecc0bb55fa703a588a,0.040578263521520004,0.37414539911077555,-0.33356713558925555
2754,ba05b99bda090af8601b,0.6096715525210167,0.5784419818218375,0.0312295706991792
2754,f57979bdf9a7a9229cf8,0.6635466761124871,0.442438861625318,0.2211078144871691
2755,0b6d141ab765e4cb1f38,0.2631331283488975,0.489420705493167,-0.2262875771442695
2755,e37de65609b22410b47b,7.087727757640051e-05,0.5166367737078441,-0.5165658964302677
2756,5419b60bc2ec558d9748,0.34304420998997703,0.9829608698747705,-0.6399166598847934
2756,548e46f3b35db74aa026,0.740902643328024,0.8132513974813615,-0.07234875415333752
2756,73e3e96aa5291737fe1b,0.023078206715376002,0.38287968674912787,-0.35980148003375184
2757,6ae43e8139a0d8e5d947,0.011843883020373501,0.06399500516299901,-0.05215112214262551
2757,f0df9b1b542b6ff42329,0.277842486271807,0.0332821621164215,0.24456032415538553
2759,371261eff6156a5df72e,0.685955344671201,0.498931289500655,0.187024055170546
2759,6b64f77aa21356b3066e,0.00516473551445,0.03980196530725651,-0.034637229792806506
2759,e7356d0eb7927a607ec2,0.7414939471985279,0.535841086358293,0.20565286084023493
2760,22f7296e24ed82b2c6f1,0.0015851913312844449,0.371554230276322,-0.3699690389450376
2760,9befc3aa3600844ad980,2.5985423406553114e-05,0.26314465115498853,-0.263118665731582
2761,3c1ed7f8c6626efb174e,0.15392506707140302,0.42010002794448703,-0.266174960873084
2762,550eee9c9919a9ae0e46,0.00042678634309000006,0.6151440649230375,-0.6147172785799475
2762,c4ea68903eb86731dc6b,0.7940473968134808,0.010923005090434,0.7831243917230468
2762,d82604e936d8ae5daf9f,0.2694316009714934,0.9947210621095841,-0.7252894611380907
2763,0318c8a1a2fb4686f31e,0.28177560709840804,0.4129098078218429,-0.13113420072343485
2763,ddf5387c4a8bf9c6c4f4,0.23312058812064584,0.984403799709994,-0.7512832115893482
2763,e6553a8e541209379b31,0.35570814370063253,0.49017079009941855,-0.13446264639878602
2764,0804fd1c171cc6853e46,0.023448376361908333,0.9979874701673985,-0.9745390938054902
2764,73da3f05d9aed0f6d725,0.747197001138602,0.933264990784832,-0.18606798964623006
2764,f18dbf90dc54c8e082f6,0.38308321037578086,0.5511983834212535,-0.16811517304547263
2765,7830132aee6bfb563321,0.053240357226190006,0.089205175085287,-0.03596481785909699
2765,e0f8d0fcc129a2f3c6b0,0.00063189594785,0.6410574672352326,-0.6404255712873826
2766,5f77a358277513e766b8,0.4847787011282475,0.010149783089824001,0.4746289180384235
2766,699a186c570e170a5c64,0.5866784892866485,0.7951479908864725,-0.20846950159982403
2766,6befe06dab305d5d6fc7,0.9055390809319591,0.536602038739989,0.3689370421919701
2767,1d0b830a039708e5be1c,0.6530185220768301,0.940102392822949,-0.28708387074611896
2767,4a01ce393b2ced55d3c0,0.39007907528887004,0.5544727630489346,-0.16439368776006452
2767,a65f7d7060aeaf8f72cf,0.3331810918534363,0.156201359646419,0.1769797322070173
2768,28bcf17c4431d04286c9,0.05279628456425801,0.48836397591447434,-0.43556769135021633
2768,7923429e88ab70b1a3b7,0.79008461821021,0.3677501969900385,0.4223344212201715
2768,92f41a5384c757755497,0.44678525165674904,0.414494877157794,0.032290374498955055
2769,ccbc91df1cf6c8aa8b08,0.9953847540764501,0.2942986248623715,0.7010861292140786
2769,d2007f089d72e69d8c2a,0.502791305281417,0.00033452584677000005,0.5024567794346471
2769,e2ceba3bfa87c14c80bd,0.008701325391668001,0.015423623169670001,-0.006722297778002
2770,269ba11c8630651a7f72,0.18559654096855802,0.0010009845485053639,0.18459555642005265
2770,735664f1d2c4896f82e7,0.674936109539467,0.5054813640996245,0.1694547454398425
2770,9036d05e84b2dd737397,0.6988709262677766,0.46800202933629603,0.23086889693148055
2770,dfacbae6286e29051601,0.010306227716917,0.0844677963966525,-0.0741615686797355
2770,f4efbcbd0da864d44e5f,0.38171075997978676,0.944629947892285,-0.5629191879124983
2771,1d7f2f70e0198bba74a2,0.5160798438549986,0.183546573139678,0.3325332707153206
2771,2aba3b52a02054f7bd6c,0.28415466657759375,0.44674486588781104,-0.1625901993102173
2772,7a3ccae137f75c25f0aa,0.38404552608416503,0.616889130481857,-0.23284360439769197
2772,c052f7305df4e5934d8d,0.38146419181787944,0.22391867329390103,0.1575455185239784
2772,d84764cbd044bd637a52,0.07026297138216334,0.012152713065694501,0.058110258316468835
2773,a489ab093acfdc4f7192,0.026824599161080015,0.49853805775889853,-0.47171345859781855
2773,acb36556328c6bafe145,0.166982727889101,0.5010688370120926,-0.3340861091229916
2773,f61387d56f0b7dea8e4f,0.28932147917411355,0.9952913068495561,-0.7059698276754426
2774,89ce0ff0c633765c0af0,0.11997924727709301,0.9260138432542051,-0.8060345959771121
2774,9b0ae34c5d12e87d7c41,0.6225414424199699,0.8563021518990436,-0.23376070947907368
2775,2faa2d506aec94376394,2.470629652601636e-05,0.5545847280808165,-0.5545600217842904
2775,6b23a0e218721aa5700d,2.6661841639638284e-05,0.6897890991823845,-0.6897624373407448
2775,989087e28bd58cc77512,0.8323715414874571,0.052612870663924005,0.7797586708235331
2776,0a4cf5082cbaf6d5c967,0.035573881783194004,0.974295624926478,-0.938721743143284
2776,1e07ba77bb5bb41b8bc7,0.10870410332311001,0.0643737524576415,0.04433035086546851
2776,d03ed05e6145d32989f5,0.31271153610138885,0.15713996242737902,0.15557157367400984
2777,051a61dca8590d2a79e8,0.5995619925878217,0.678907295742856,-0.0793453031550343
2777,632f6ce309b11b6f5d41,0.889769461099424,0.8275798328263675,0.06218962827305652
2777,d08d237f512f9a1bfbcf,0.710006533753287,0.4316007391777755,0.2784057945755115
2778,4703fe5c1c57a660f450,0.0806094023084465,0.960067318778496,-0.8794579164700496
2778,fcfe0f38b45ef3e5c713,0.2829097867281907,0.32864947423176005,-0.045739687503569326
2779,5e82ee30f86ba2be4cb8,0.23097277868607702,0.33852118282265103,-0.10754840413657402
2779,6f013821f6cad310a998,0.74054928176455,0.5012765623395791,0.23927271942497097
2779,735959b5f6a96e15aed4,0.31247925783774905,0.2106081825745485,0.10187107526320055
2780,e99be948608659ca81eb,0.49862284435445653,0.016522737654952,0.48210010669950454
2780,f2d3d60568ee893133f5,0.7592337079483611,0.3434226028202945,0.41581110512806657
2781,523e202f280f88a831d7,0.19679897145181052,0.26336311829951004,-0.06656414684769951
2781,c0c0ab7707e1721aee83,0.002251255584671,0.046390685923683006,-0.044139430339012006
2781,fd6cd6ce745ea3fd9d03,0.018520654441416002,0.0018720889778840002,0.016648565463532
2783,393609c798faab56bce4,0.2786154635033081,0.6121102910381045,-0.3334948275347964
2783,856a9608c641c24941eb,0.003296389442990946,0.1859950198656865,-0.18269863042269557
2783,d2dbd76dd640017a5d37,0.39035316446372803,0.42257946504812804,-0.032226300584400014
2784,3a0e5c21c8972af2b592,0.057732092607911005,0.41427590186502256,-0.35654380925711154
2784,79c8053f3d5aa216215b,0.8779449165679211,0.28815091813301,0.589793998434911
2785,2be225b8bac989dca30e,0.517698667241377,0.6518374302605905,-0.13413876301921346
2785,a51802479997408ab1c3,0.20519997425854852,0.49515075643437206,-0.28995078217582354
2785,ec2098f8cebd851d42ce,0.6178228390234619,0.728955171311737,-0.11113233228827513
2786,0c5b3e63d59fa258aeac,3.197691390281192e-07,0.505228201130779,-0.50522788136164
2786,3d90409d56e29f2a0432,0.09151326278486534,0.49699289473158803,-0.4054796319467227
2786,7cc50f46dc6bdc71afff,0.3385479020325321,0.06528083609227753,0.27326706594025457
2787,28a19deea4c5b09f233e,0.6374153633794021,0.012492525383807742,0.6249228379955943
2787,738fcd4c95fdc42e16d9,0.31427914745923,0.9725419971761595,-0.6582628497169295
2787,8c3f3fe2e6f4f430aabb,0.28443356881820203,0.16823318705019702,0.11620038176800501
2788,0cf3c0df47ec54920cf1,4.0862021892128575e-05,0.5818108431306436,-0.5817699811087514
2788,a9c926421e37c8599465,0.6819319105607721,2.594737870457938e-06,0.6819293158229016
2788,dc1f1a5c9ed27d69cbcb,0.8129773433955462,0.5535851751499741,0.2593921682455721
2789,77071317b57175a815dc,0.6144779841373961,0.49166508152651217,0.1228129026108839
2789,e2514becb914231c1b44,0.42503345657834934,0.010404456544762722,0.4146290000335866
2790,57f10eba825feb381f3d,0.4272544049647611,0.8050222555558726,-0.3777678505911115
2790,763aa5108c54ffb5b6c9,0.13862137112820702,0.9379038393488175,-0.7992824682206104
2790,99a36122cbc2c841e32c,0.06751496782817301,0.9252061481429816,-0.8576911803148086
2791,94ccdf2075853076a6c6,0.3451255935162182,0.2190260745504085,0.12609951896580968
2791,d9f0355283f6421b244f,0.26603650524226097,0.448483433649397,-0.18244692840713606
2792,34518d101796881ccd98,0.6792108985115008,0.7577104205762135,-0.07849952206471267
2792,7b71d76ffd28bc03c9b9,0.3551513838452254,0.7819537494246995,-0.42680236557947415
2792,cb243f205fab4fdb912b,0.5356330287731027,0.559844128084907,-0.02421109931180432
2793,47b5a26e67a677f2d90c,0.524570346894175,0.42057526398773404,0.103995082906441
2794,673db550c25f3b831080,0.8644727020398286,0.7063048816227471,0.15816782041708155
2794,d8f52aeb41cd9984221c,0.11468894708037151,0.374504608198768,-0.2598156611183965
2795,5d897603d24d123e8d95,0.38878582207127504,0.78339077607118,-0.394604953999905
2795,5fca76f310bfb30e9193,0.78327727326998,0.46880631349640206,0.3144709597735779
2795,93359c9a10fdb2eb1bb0,0.5861884866520755,0.40740863431692653,0.17877985233514893
2796,1d30616d06c7c23a175b,0.00425822122553056,0.9906983743632081,-0.9864401531376775
2796,f26cdce6b0ed48db34a0,0.016418119691246,0.7178934054307565,-0.7014752857395106
2797,9b7bc0679cb9c261cbf6,0.026191567480453003,0.9986186124224201,-0.9724270449419671
2797,a695d766dd3028018089,0.47044570926517704,0.13708168279253252,0.3333640264726445
2797,b1aa91a8144f557e64a1,0.440367170903259,0.9830229553256196,-0.5426557844223605
2798,6584d89b6aa1a61cc7fa,0.180467953441172,0.538957050313102,-0.35848909687193004
2798,6d7b856a90616e52e673,0.09980297002792002,0.2826811581515705,-0.1828781881236505
2799,11ac55b71542c67c7c4f,0.0005741219947310001,0.0015990440566205,-0.0010249220618894998
2799,8a68d4cd70ce1ddf2292,0.005420895282437,0.41804014686211355,-0.41261925157967655
2799,ca4394043199d9766748,0.4867140532457305,0.3878771762754165,0.09883687697031401
2800,20a71d88c0a61a871614,0.8521409826626041,0.34097780275214457,0.5111631799104595
2800,4e1a0a5ee61c4bc82c6f,0.5828043404376523,0.7062201661762061,-0.12341582573855381
2800,e8b2dafe2c515f395b38,0.24939017396472316,0.986436192106041,-0.7370460181413179
2801,190f6adbee0099bba2ed,0.32797782661276004,0.6878704605885126,-0.3598926339757526
2801,3dc3c700f209cce028d2,0.7716753454397576,0.9866363263164781,-0.21496098087672055
2801,b9dd020f227ec86f9629,0.40102052901394986,0.9643730728781825,-0.5633525438642326
2802,7d0fa20c1c4c943cb98a,0.084527018385966,0.2605175771758875,-0.17599055878992154
2802,a8c6d8a2b98cb38b091a,0.882016458308409,0.401724532365253,0.480291925943156
2802,edc9d1a86036ae169c81,0.06543248928478801,0.5344649930948395,-0.4690325038100515
2803,13dd8ac659bee9ea9d9a,0.6349713603992297,0.22194109488573602,0.41303026551349376
2803,300e2486d8706db595f8,0.188844293562646,0.25756568959469656,-0.06872139603205055
2803,e8e58cf15f2acd58bc2c,0.032743646745374,0.669620586666776,-0.636876939921402
2804,14765c9defd7676bd1ae,0.36944102633643805,0.085594429828694,0.283846596507744
2804,6e9c0d8dff31a1f93c9f,0.48096647837949646,0.5831744583261356,-0.1022079799466391
2804,995be8e1c91c8a09d9f2,0.42497655322903677,0.2810332121796125,0.14394334104942424
2804,eebedf23d997ad232892,0.2779807522418905,0.8330235752488981,-0.5550428230070077
2805,986dbd68729c9e15e84d,0.00043880923254800003,0.0856985518500275,-0.08525974261747951
2805,9913bd0a63598ae0bd47,0.21304133481727935,0.026727871702142077,0.18631346311513727
2805,f8f49cc9d3478ea31745,0.5249387136077596,0.7942550425336081,-0.26931632892584856
2806,341728d0b6799d5bdb76,0.9297752457229501,0.29039082173524255,0.6393844239877076
2806,baf86a8fab54a6fb2480,0.47068645557409006,0.4986463600730045,-0.027959904498914445
2806,faaf5299b048c8bdcea2,0.0763557611293595,0.1156269035491325,-0.039271142419773
2807,44ef68bc51c51aa1f64c,0.593348759210376,0.7263787686206761,-0.13303000941030008
2807,9bc10ef6c7377491bf81,0.384411588534305,0.9729629312811636,-0.5885513427468586
2808,2ef3dcdd0c676a2b4ca1,0.7970033077707841,0.49864144251309434,0.29836186525768976
2808,7b9df513a87dd20f46bf,0.680252073419983,0.0013415393370085002,0.6789105340829744
2808,bd8792e74298b19cfd7b,0.094593167328787,0.6122044655073521,-0.5176112981785651
2809,755a5fafe9772feb4fbc,0.43814087049026507,0.8958416105943761,-0.457700740104111
2809,f8728079396e5fd67cff,0.8507625609794875,0.9881299350848161,-0.1373673741053285
2810,2fbc463cd5f8ab1e28c6,0.6471922979553894,0.6493431660661186,-0.002150868110729287
2810,924570cabc179efc5267,0.6233861484790468,0.8610053436994916,-0.23761919522044472
2810,f0c5e974f4b2ceebf3a3,0.019195450960875,0.10391283247977001,-0.08471738151889502
2811,a77b103ca178faee6771,0.49857944207317656,0.9915870213875781,-0.4930075793144016
2811,b7e83a86444e451f7dd4,0.8030222264777366,0.48954265450780954,0.31347957196992704
2811,dd6a438cc6c0ed61b79a,0.522818107739206,0.8338824919062096,-0.31106438416700355
2812,e56e5f6c7cebdd244f1c,0.0018338455873650001,0.0114155180925595,-0.0095816725051945
2813,2ffebe78e7a3501e1d9f,0.011607197982331667,0.5353783523079515,-0.5237711543256198
2813,4282b2e6310bf490b3a4,0.44564717465199316,0.49067236600300007,-0.04502519135100691
2813,61f22d742e5f1cc5f64d,0.5509052742206538,0.30189437730310953,0.2490108969175443
2814,93076d0a87a8f96683be,0.176488855340401,0.40309208597678753,-0.22660323063638652
2814,a9f56a5c366fd16d7edf,0.9681742138948841,0.3993293975200595,0.5688448163748245
2814,fd38af116cb339464420,0.060889401008227005,0.49815953947461,-0.437270138466383
2815,56ec0c36eabc646723fe,0.10648505915943,0.33773863896593953,-0.2312535798065095
2815,97f3a3934b427d122519,0.28305589434118367,0.17255571403541453,0.11050018030576914
2816,56e1b98de684f362ceea,0.9836685110521971,0.9968475092659055,-0.013178998213708382
2816,95838468284a0bd06fa9,0.9818795013217085,0.3009835985651375,0.6808959027565711
2816,f4018159408283202e27,0.013279896595973001,0.39538433065049206,-0.38210443405451905
2817,8fbbdb9bdad805b4c4c2,9.939461927809021e-05,0.4992280064601546,-0.4991286118408765
2817,d483147f1b7bc38a0154,0.41473922578815103,0.072999927261676,0.341739298526475
2817,f243bc1cedd884b0833b,0.022023367329542003,0.981298959773051,-0.959275592443509
2818,2502a46ba9ff77690105,0.0786653933420075,0.9563528766937931,-0.8776874833517856
2818,a1951d7c194027a110f5,0.9830310537880911,0.58771445745607,0.3953165963320211
2818,fbbd28bceb3eb81addc6,0.004967054830082001,0.49869590505734657,-0.4937288502272646
2819,0a5de5bdb33b27b2472c,0.25843457570245704,0.994902127074903,-0.7364675513724459
2819,c22fb6af21224d3b37f3,0.08006180216823901,0.5075475447912445,-0.42748574262300554
2819,eaf80fc9fa92a1b7fc84,0.7208786177008707,0.2022063115491715,0.5186723061516991
2820,09ea137af73d125bd834,0.456731372188148,0.5005780448016465,-0.04384667261349845
2820,227036a725f3f27660b0,0.22472816868140802,0.133253700572546,0.091474468108862
2820,64e17b0718f2d53b8dbe,0.057247961451811005,0.9938098165790056,-0.9365618551271946
2821,5d7ee5016075797023c3,0.008536095507702,0.880784280649135,-0.8722481851414331
2821,d5bbab8c843bf37d052b,0.717510896140923,0.245863219307648,0.471647676833275
2821,eabdf9e8c391d30a0913,0.8988361851322461,0.6056241479739506,0.29321203715829547
2822,52b2faa6c207bc397fc1,0.4267120848237682,0.5387387452554875,-0.11202666043171927
2822,b3a39f1e4b284658547d,0.0029428606919400004,0.12330032333327251,-0.12035746264133251
2822,d3e225f424289d72a93f,0.36936366775257307,0.8946860650835046,-0.5253223973309316
2823,bcc9990b729277703978,0.7375600848943268,0.41555932434906606,0.3220007605452607
2823,f6c4be524b0d7ba2322b,0.8874646765656026,0.82720233501969,0.06026234154591259
2824,197ad9eeedbae9d28bb3,0.3746463767514747,0.9783394157684806,-0.6036930390170059
2825,2a0ec80155e370934870,0.002259643163634,0.8967131161880251,-0.894453473024391
2826,520aa7451c48709fa290,0.3516858316652803,0.542075920673755,-0.1903900890084747
2826,d416505fc6b55eeb23c8,0.73813582146263,0.8286914371282881,-0.09055561566565806
2826,d7e5da726fa030811fcc,0.365125728488058,0.1864582299655865,0.17866749852247152
2827,0590f1427b6d43a09925,0.005625053433557001,0.6682684853503296,-0.6626434319167726
2827,473b3ab66afd293a8a42,0.10536050586113233,0.9968883254185466,-0.8915278195574142
2827,9522d667ffb2c4aa6f75,0.06740365862502551,0.0181279558999755,0.04927570272505001
2828,6c30717da436de671177,0.002690084733775,0.4970741040684935,-0.4943840193347185
2828,79d37f598265acf3c93b,0.9322374307944251,0.17575642850376652,0.7564810022906586
2829,099990757a949cca498c,0.3810437223661985,0.6463615558529965,-0.265317833486798
2829,89cffd527d8c3ef27501,0.509580605666419,0.4868722633101915,0.02270834235622754
2829,dcbcac4f009dbbac2878,0.001606521172781,0.148616271433839,-0.14700975026105798
2831,259fd7798a204e1e2d89,0.9592696251231261,0.28562496152868855,0.6736446635944375
2831,87b4e2aa55d56876731b,0.6209347330614027,0.31024470495399953,0.31069002810740315
2832,3ee40d254ffb7dfa9c62,0.8404932888611608,0.05969566959065001,0.7807976192705108
2832,f178752228bfedbc6b5d,0.555297124873917,0.0036475204138815,0.5516496044600355
2832,f66e506087ff11076d5f,0.000659872409610407,0.9995238256629186,-0.9988639532533082
2833,0dab9430bf382b71bbb1,0.001529496205915,0.7873281404228456,-0.7857986442169306
2833,2e74b3e5813d20561559,1.2322563336666782e-05,0.12032224376788152,-0.12030992120454485
2833,68042fd8ad567875c70d,0.29562699293320105,0.40845440249616954,-0.1128274095629685
2834,63e2c0599b221784b9a0,0.070091183083671,0.0011485332455360001,0.068942649838135
2834,7d113321e9ab3797b124,0.2823501000606944,0.26209427591076,0.020255824149934376
2834,928fa9327f1e5b4ec31f,0.011788554870652002,0.40789675590675756,-0.39610820103610556
2835,8e32635b7105137ead8d,0.19668116061689453,0.8647165382106101,-0.6680353775937156
2835,c0f4134ffa2c6c276690,0.6145478977656796,0.3129293670716815,0.30161853069399813
2835,e86d91e45c4651c2f4c9,0.1265652275418255,0.26343014676167,-0.13686491921984448
2836,389350a2a238321f3696,0.000304178513864,0.42125206334685655,-0.42094788483299256
2836,874a258b8b8b27d5b209,0.7790860997795641,0.41251986786898304,0.3665662319105811
2836,cca741861f2c07d6d333,0.432436347837916,0.7770108537775355,-0.3445745059396195
2837,32b2ca6b71626bf70e49,0.114532044013032,0.8303222381017785,-0.7157901940887466
2837,65312a8954dd3b630f9b,0.007246362714970001,0.16929550093658302,-0.16204913822161301
2838,70d9cc9f1a99437fa646,0.7116214671009811,0.5511138790345185,0.1605075880664626
2838,d8230278f888ea111817,0.015310554047728001,0.891196893117552,-0.875886339069824
2838,ff53d47f72e331efd662,0.069569460619899,0.32703014242770156,-0.25746068180780257
2839,4207045a764078166aa6,0.42096808550052306,0.125829334835206,0.29513875066531703
2839,5fcee9613b0997d16dae,0.478557509383477,0.38936187340454703,0.08919563597892999
2839,d116a388da420be204d3,0.00023500242889310712,0.48128426731335455,-0.4810492648844614
2840,95fc207ec4452aeb8b99,0.156525582156812,0.4996688097110799,-0.3431432275542679
2840,96fb2afc38d6f5cf1a03,0.7741722755666951,0.982999809861576,-0.20882753429488088
2840,990c4677347940c2d6c7,0.36191454090441605,0.7120547946380651,-0.35014025373364904
2841,6079fd9f154011492d0b,0.19191925505600302,0.065319998368469,0.12659925668753402
2841,92377deabf6f84791050,0.007195425219666001,0.6268462864948701,-0.6196508612752041
2842,48330b437425fb176878,0.6438494831329771,0.21195682605027202,0.4318926570827051
2842,cf6cdc929f1572fe722e,0.5399300296910631,0.037266032587477,0.5026639971035861
2842,e537305388caff291047,0.0007682324672960001,0.17334300612733003,-0.17257477366003404
2843,93295714cfe118b46c1c,0.019707391550758003,0.45973180316050904,-0.44002441160975103
2843,d612054c427850e11ed3,0.1976925473524325,0.10932096694828582,0.08837158040414668
2843,f131ddb25b192870f4cc,0.22087599546588058,0.49369308580126403,-0.2728170903353835
2844,6a4cce50642735a07d24,0.6906228865071941,0.607362058614876,0.08326082789231803
2844,b94b1594c9fedf93e499,0.0046554634394550005,0.24156225103835002,-0.23690678759889502
2844,d8e896d6c28cf4b5fe67,0.8050670098252944,0.7765889532783616,0.028478056546932806
2846,0ea46881f942ffeabff7,0.0023846264400390004,0.19705411329927752,-0.19466948685923852
2846,1d3db0326a671a52dd42,0.20302664571818702,0.15162126162818002,0.051405384090007
2846,24178644ce6241e331e0,0.046309056324626,0.8830803536617415,-0.8367712973371155
2847,0d26045561972c43b418,0.7988654710170291,0.0013353093974240002,0.7975301616196051
2847,df0e5f5a2c96f2775624,0.2871639753227785,0.6650465591832495,-0.377882583860471
2847,f0c5d95e26c5ae90001b,0.5071391174276251,0.09783714622985401,0.40930197119777106
2848,b989ad48a0a8e92458ce,0.06430097780698,0.045570705584780505,0.0187302722221995
2848,cd17985c1991007ac275,0.104160400644191,0.6975981438026491,-0.5934377431584581
2848,f2eda657ac31f43cbb64,0.281324449630452,0.4741571365936669,-0.19283268696321487
2849,bb745f5d61cce3f82753,0.26163966321221405,0.6341356093288246,-0.3724959461166106
2850,01f86a12f7a7b22c0790,0.257776492035321,0.47950813418124855,-0.22173164214592755
2850,30fe33a40ec637490e69,0.6403613392562091,0.463016537328289,0.17734480192792007
2850,b1064b52ef1dead35d76,0.49710776622690606,0.33927241358048754,0.15783535264641851
2851,157682cb84f985b75b5e,0.4045633103963689,0.00013341836926000002,0.4044298920271089
2851,b4ef1b964e4ce7a074d0,0.000648026465889,0.42742899260827905,-0.42678096614239003
2851,c5e4186a8a2a3c8aa439,0.017986355044666003,0.40682778939756653,-0.38884143435290053
2852,a33e60080d8ee330b01c,0.23232581823283838,0.811093524110712,-0.5787677058778736
2852,b190efe7e3e2f72a0a4a,0.5173099683377821,0.6605947660937276,-0.1432847977559455
2854,9dbb6276e8dbefde2ae0,0.16356288500979452,0.303279838442613,-0.1397169534328185
2854,a4a531b15a59fe25e906,0.6534743579922,0.5226827140088041,0.13079164398339593
2854,fd7d0308aca35b3374fb,0.6082710385918412,0.49168622538076207,0.11658481321107911
2855,08420f07c5bef20892a1,0.271034066501937,0.5154582523480755,-0.2444241858461385
2855,edd0abc5bdbea652d9db,0.018213068013612003,0.5333152136896625,-0.5151021456760505
2855,fb2dd9d08dfd1b66ea6b,0.000159889614607,0.9659317842006971,-0.9657718945860901
2856,18ad70b66362fe324186,0.23966165604487802,0.3027695522988155,-0.0631078962539375
2856,57292fee7864391a63e7,2.038211462836507e-05,0.4831702941060783,-0.48314991199144997
2857,429d2482baa673b5beac,0.24357348685952201,0.065677005006734,0.177896481852788
2857,bd126ecc28a22eb2d2e6,0.867593630432532,0.181482793552969,0.686110836879563
2857,e0c6d14d6f56b7fd6054,0.023035175088677,0.1384683968577575,-0.1154332217690805
2858,0250d258ca81a910397f,0.15973642201388202,0.072248711983196,0.08748771003068602
2858,0719d605bd6266bc4c6d,0.6530754258053395,0.5368807090977,0.11619471670763948
2858,93ae7795e329cacd7284,0.517316126248319,0.031207854384293004,0.486108271864026
2859,53aeb2be38528f96d94b,0.455561722186259,0.15141230058217253,0.3041494216040865
2859,cbde4a1988091bd07c63,0.005618209886700001,0.14746020030125,-0.14184199041455
2860,0259a96e06f0534229b4,0.7128103970204746,0.8600580218242486,-0.14724762480377407
2860,47e3b7990330364e8740,0.073912000940556,0.240895239636319,-0.166983238695763
2861,202801b1a2dadf973547,0.483262306529235,0.512133594912889,-0.028871288383653992
2861,9249340f142eb3d10552,0.22615057071827402,0.0020748500517555,0.2240757206665185
2861,d128d477e3da68634b43,0.000565267817384,0.41610795951698604,-0.41554269169960206
2862,36dac823aed51ed06b93,0.323406891432573,0.5679554686046691,-0.24454857717209605
2862,9df9d52c5d1a2b8f411c,0.33808053146861,0.64063287643002,-0.30255234496141
2862,c5c0dc825f42429dda6a,0.014719917237567002,0.9717239105038401,-0.9570039932662731
2863,1c701260ecfc633ae532,0.0035191073871350003,0.008488106881114269,-0.004968999493979269
2863,69df5a04c2957e7e6e7f,0.039180517657316005,0.3447826309648416,-0.30560211330752557
2863,b77be83972a336283686,0.132537233376947,0.8236635710198925,-0.6911263376429455
2864,0ff1723873b45d9e8a64,0.116491423151966,0.9307794952973171,-0.814288072145351
2864,f8e1900c1bf9b7110ca9,0.659978553611658,0.36463431606280305,0.29534423754885497
2865,4645eb8941641e3a7bd3,0.24134057248700153,0.23857422358183553,0.0027663489051659995
2865,d93df2e47e68e6d96628,0.39664946567679504,0.4060737768300055,-0.009424311153210463
2865,e6de2fe0c326e74bc25c,0.0006068580827900001,0.47510119442155807,-0.4744943363387681
2866,774890e27e2bfa002468,0.22769793510320502,0.586476050666568,-0.35877811556336303
2866,8cfdf84e703192b95686,0.002640009898193,0.39694356221431804,-0.394303552316125
2866,c8ae570a8e5be8279407,0.004051563395974,0.174512793965118,-0.170461230569144
2867,35d10b719698cb3283ca,0.000491337821517,0.0411293752514865,-0.0406380374299695
2867,d1523a9150c9862a77bf,0.055281101656666005,0.6977919757367661,-0.6425108740801001
2867,f75d810db39c8d12cfe0,0.5193839666008531,0.9661483413481371,-0.44676437474728403
2868,2166e6e2c0dbf3ef97df,0.993428075825697,0.8339742387325355,0.15945383709316152
2868,2b65347fc1c5136d7f96,0.43905628816839604,0.039291056947576,0.39976523122082
2868,96780d7bb0c440b4157d,0.460331611093435,0.8905922786332605,-0.4302606675398255
2869,023b4d9542054777d459,0.040182593489829006,0.8354629962969766,-0.7952804028071476
2869,2b606a921ba77bad7c1d,0.971313139319641,0.9792340652810596,-0.007920925961418579
2869,e8c37f0f74e2af3595eb,0.05816809720085501,0.521513399206279,-0.463345302005424
2871,188de44652fe31900275,0.022634009971044717,0.006540699876222579,0.016093310094822136
2871,88898072d32116a51882,0.15490296506114676,0.015975891341453,0.13892707371969376
2871,aaefc3a80f9adc845ad0,0.008460477727794334,0.16413618009635603,-0.15567570236856168
2872,0f691a8f13320a909142,0.15471445268310502,0.5378461161033296,-0.38313166342022453
2872,72d72db7d9bc5a236369,0.5458018101005,0.28211142943711004,0.26369038066338996
2872,d03027917f0eb394a2e7,0.22213043849414502,0.0986164126058895,0.12351402588825551
2873,69e84cc5b865b7c01bca,0.004379945932827,0.6142031447334345,-0.6098231988006075
2873,a47652d69a42c79aa205,0.013737639892290002,0.9724963999382941,-0.958758760046004
2873,d752d29615a42e259c03,0.5480989268665151,0.501580415909353,0.046518510957162085
2874,456f71aafdaf6c7e535f,0.08773846231198101,0.8720789834721425,-0.7843405211601615
2874,af2543a0cb83006632cb,0.236118668481878,0.7267740090049251,-0.49065534052304705
2874,d8af2bb21160e27f8592,0.33715421988481903,0.5770680037901441,-0.23991378390532508
2875,4c0805551a2c712f7745,0.9473855174530651,0.5342441949917076,0.4131413224613575
2875,da777da6afa85e520d71,0.557840544576525,0.4606707462766231,0.09716979829990191
2875,f58ce1266c56889e03ab,0.097597505606446,0.5374518318041395,-0.4398543261976935
2876,a5a08e1190f9750c63ac,0.4999893062498284,0.124668072132369,0.37532123411745943
2876,bb44546907072bffb77c,0.139435009274262,0.004409129560083,0.135025879714179
2876,e536f01913fa16bccbab,0.568123431734145,0.48704668148515656,0.08107675024898847
2877,1c4e4e10712ade3324df,0.583808118557351,0.5696276163314511,0.014180502225899949
2877,4e2e44c3ffdc11734296,0.7628459607572244,0.990359750954478,-0.2275137901972536
2877,518748dfc0929ab84df9,0.005426479687714192,0.214157620900102,-0.2087311412123878
2878,630d406ef1e19f4d46d2,0.5689341508199901,0.014866072297664502,0.5540680785223256
2878,9575fac2f4d63fc5f076,0.008607180997966,0.3019246540351955,-0.29331747303722955
2879,79be667fe2a6a922c16f,0.82970090157912,0.012592431048564001,0.817108470530556
2879,aaf5f25c9c36541a0cc6,0.015905445709746002,0.9912395842820931,-0.9753341385723471
2879,fad88a2b5e6d0f0a4988,0.797740773493913,0.0024110672570215766,0.7953297062368915
2880,308bfa12ac17b0ffa709,0.057842184271967,0.499858413426085,-0.442016229154118
2880,8ea4868179c84d609803,0.07205333505071951,0.4747647330423505,-0.402711397991631
2880,a956db79afa15811d0f4,0.46082209805227853,0.7544363287652466,-0.29361423071296805
2881,16428f4dd98a97cc5602,3.3604041359699145e-05,0.39148098968520806,-0.39144738564384834
2881,864662180ef0a1b6aa9a,0.004594952565344,0.39106755799040654,-0.38647260542506257
2882,696f84d716da22b72bd6,0.8528343597936187,0.3826299554746435,0.47020440431897514
2882,6ebb5c7bfeb39de1b1cd,0.030098636885773,0.434960073178812,-0.404861436293039
2882,97a7a396e6f29073ba3e,0.730704781727125,0.5019647561633316,0.22874002556379347
2883,b2005c5d92300b07c868,0.3456079266937555,0.00041582170247600003,0.3451921049912795
2883,d20851a5e228ebb26edb,0.028652596398159,0.444856823378308,-0.41620422698014903
2883,d4726ca60882f3cc6302,0.30108553227919405,0.22549055257680053,0.07559497970239351
2884,83cad3b93336db480f7d,0.0959346841664095,0.502036541732902,-0.40610185756649253
2884,af49271929517eb5c364,0.12084974884448042,0.015115659126962501,0.10573408971751792
2884,f4f407ded89135f40f33,0.28264734037403305,0.0841435895775645,0.19850375079646854
2885,3bccf99f0b95ab700b8a,0.41839822083077105,0.544077171108472,-0.12567895027770093
2885,55c58b27cdd1cb550c8b,0.10101645186220601,0.8399297598420851,-0.7389133079798791
2885,b3b826084b857b414c03,6.317008915378107e-05,0.3660766379806255,-0.3660134678914717
2886,65b6547524e28196bc68,0.8157492072458528,5.632784128124062e-05,0.8156928794045715
2886,6b7c83845506ecd0d502,0.14388401557171634,0.4630659028681362,-0.31918188729641983
2886,bed6d3127304b1ceeec2,0.2176939138297577,0.8421859955382871,-0.6244920817085294
2887,1f4f56dea5a6d0cb615b,0.005713588851877001,0.6148645207537555,-0.6091509319018785
2887,a8792122f0be7e3bd74b,0.639552414873236,0.48119822766235204,0.15835418721088396
2888,64ad17bb7b42af288c52,2.9970798975288513e-05,0.47712259651489203,-0.47709262571591676
2888,8c60ae690ab4e8de27c5,0.9656600801117041,0.515646013366393,0.4500140667453111
2889,7cf39e1a27b24bdfa31f,0.7401714561654096,0.4623007738080575,0.2778706823573521
2889,7ffb1329828fd59b68c9,0.148025143917467,0.8235091095778061,-0.6754839656603391
2889,a0c41214170478dca5ee,0.5358549794064865,0.914377127215674,-0.37852214780918747
2890,0dd83946653c6df298ee,0.5000669295488462,0.095146714586701,0.40492021496214525
2890,86302db37ffcd1a1092b,0.5345988098676207,0.49684084332284256,0.03775796654477809
2890,b30d60a218fcc294e978,0.5545324407493355,0.5238913809836201,0.030641059765715406
2891,067240086daa4fa8203d,0.08588267248412401,0.385832101650221,-0.299949429166097
2891,420fa067c43ebccf91f1,0.6822063145681648,0.8279860273195441,-0.14577971275137924
2891,7feb8317e13e353608fe,0.30686698325853934,0.4982474224814125,-0.19138043922287318
2892,136e10fd8d7f56d2de5e,0.8480960531666331,0.8683826941173726,-0.02028664095073951
2892,3d88faf7fd45220825ed,0.434775093159569,0.8827965256592545,-0.44802143249968546
2892,85ed1e4f9c8ab659f5d8,0.020289119792497,0.44728983592612753,-0.42700071613363055
2893,3575ccfb7ed69b568146,0.7563254367333171,0.43783892704784405,0.31848650968547304
2893,4659da63ef634fc82dd3,0.027473504677004,0.5596329381756491,-0.532159433498645
2893,4fa46276a49c2d121fc1,0.6624767557890451,0.588170443596933,0.07430631219211203
2894,3cbf3472cef10c817567,0.015896834210903002,0.3572533085273322,-0.34135647431642924
2894,a858c808025a9d1ef4f8,0.115893080518375,0.5056708040163256,-0.3897777234979506
2894,fea20ff311e69bd9bdfb,0.086071443352498,0.031084617398573003,0.054986825953925
2895,1512e7b2eb0f7b3e6785,0.36594392159403655,0.43099084869420967,-0.06504692710017312
2895,a38249d794a579d4027b,0.20836584617898002,0.97610446688346,-0.76773862070448
2895,c94e75ccab0aff730391,0.988036298977302,0.5945320105758165,0.39350428840148555
2896,612f5d745be1360c6f6d,0.40177757025966404,0.8452772617330406,-0.4434996914733766
2896,924a4bab62a141e44562,0.06890188682849001,0.054806452170999005,0.014095434657491003
2896,d11c62a6315594341ef2,0.010826930444203001,0.006324658359896501,0.0045022720843065
2898,57a32edac684a948be64,0.19862939891002437,0.13563946847876904,0.06298993043125534
2898,8a2a77cf37b0f988acb1,0.210946939591193,0.990902335828262,-0.779955396237069
2898,9a1f8678d20896e680d7,0.20287988335935903,0.5184488334446355,-0.3155689500852765
2899,172f44dec1efe73383af,0.021245867574687067,0.9939369494517766,-0.9726910818770895
2899,94877389ca1ea70f96f0,0.002361557883936,0.9942977775539545,-0.9919362196700185
2899,b32307b68dcdc821c1ff,0.027620865172153,0.2073470791941945,-0.1797262140220415
2900,1d0866fdd8996633d767,0.009453891790504002,0.9991352673615991,-0.989681375571095
2900,5123c40ca60ddb96a953,0.5783509924168191,0.192315433665292,0.38603555875152706
2900,847c8eaacfcb9aa79adf,4.742787557504613e-06,0.471256774050549,-0.4712520312629915
2901,5cf09fc31038cb34266b,0.3273582465737598,0.19711526646216704,0.13024298011159274
2901,8b50c81be00cb8a574ea,0.033569003104336005,0.4611716655852851,-0.4276026624809491
2901,94837c1ae05c27e6c3b1,0.4545676570333385,0.04238452306162851,0.41218313397171
2902,0c5863a7d63dd11698f1,0.32390839981450903,0.1709068648282305,0.15300153498627853
2902,5553eadf14109d86347a,0.5597534131878391,0.9788124945378825,-0.41905908135004344
2902,5c2dd367f425a751db7a,0.4178508456991157,0.7101346289419255,-0.2922837832428098
2903,4ac9ea0bf284b7786e06,0.6581034132445688,0.5608152806896236,0.09728813255494517
2903,6bb1421b4549cc558b8c,0.32846205296815634,0.6941253513887171,-0.3656632984205608
2903,d69d77067c2a2f7d93bc,0.38790585773544134,0.040945663053146814,0.34696019468229455
2904,07c9be1c4e9de0a392aa,0.6481893545286771,0.0994814312418855,0.5487079232867916
2904,d04ce32493ce4a8c1984,0.07413169138764,2.9122998695783963e-05,0.07410256838894422
2904,f83cd2a70de8d6e87a6f,0.783165880255934,0.7175020264805831,0.06566385377535089
2905,abb40dfb28f14108a8f8,0.5391728552928595,0.5665317367025946,-0.02735888140973508
2906,2011d2493af3b5f00566,0.46914446954097005,0.1968758564030155,0.2722686131379546
2906,527dd304c9989831ef39,0.8496009761047746,0.211336058460615,0.6382649176441596
2906,80cf5a36549bcb159200,0.7781075516247421,0.3861365376155415,0.3919710140092006
2907,0ea62456a299ed18de4d,0.6509991319546478,0.5277877083786621,0.12321142357598569
2907,3a96ff9ada48a027867c,0.048360352362478,0.29887148826471405,-0.25051113590223606
2907,e14acdf955ee2a845745,0.41405700433513803,0.279902907714213,0.13415409662092503
2908,2b5b93906f04d560ace2,0.504845280536384,0.6767396978397675,-0.1718944173033835
2909,27292ddee0375a15c574,0.413059913696126,0.0011989271090940001,0.41186098658703196
2909,aafa77efe66579abe256,0.055490180673504,0.35037547934551955,-0.2948852986720155
2909,ca97bc17bf67d2dc8ec1,0.5610896730173031,0.025375009904703504,0.5357146631125995
2910,02fc60ed86ed848d75aa,0.00981037027135,0.2750334490361675,-0.2652230787648175
2910,b6f07ca466598a4405f5,0.6687163083506831,0.42294907764891754,0.24576723070176554
2911,3879416afd27b210e82d,0.930145046590587,0.509515365878619,0.42062968071196805
2911,3926665c642b6e6bc575,0.49620983542302805,0.06549333703404701,0.430716498388981
2911,5005d7ad9e2a7a75486f,0.4578044928327816,0.1474432058263525,0.31036128700642907
2913,810177b82eb27a8f4275,0.00021663169398200002,0.524175573478054,-0.523958941784072
2913,be0f566360b327fb409a,0.030677603690253002,0.05812111466323051,-0.027443510972977505
2913,c92eaec4e80a170268f9,0.7645000156669466,0.029790770181218004,0.7347092454857286
2914,3f359703d3ad003020d5,0.3481715798414703,0.12364452108254852,0.22452705875892176
2914,fc6ab8d5f3a1cc02e960,0.015542633932685002,0.427785093206701,-0.412242459274016
2914,ffc53c9716478998a93a,0.011121664020853001,0.4894617820752896,-0.4783401180544366
2916,1f44ab61ca88f1cfa3fa,0.572252372096115,0.48824253289505704,0.08400983920105798
2916,2994fe536cc69aa9b496,0.025528478558446,0.8320735756562896,-0.8065450970978436
2916,4e00274541e3c4325544,0.577347992226499,0.5107477034806905,0.06660028874580848
2917,82c1efebbdf1776e8a87,0.4062753449413162,0.001115704990929,0.4051596399503872
2917,84cf839c47bcb1eef370,0.3976118430762163,0.033140429471491505,0.3644714136047248
2917,bb5cf8329a2a79d3669f,0.9560814009600378,0.481448996777931,0.4746324041821068
2918,49c2672029727f25c938,0.0687096967868425,0.13000128261636001,-0.06129158582951752
2918,7ef2dc854ee2a7509b81,0.730560735235942,0.47939570133822,0.251165033897722
2918,8f23efe68aa485747b1a,0.676683031018471,0.051219265056789004,0.6254637659616821
2919,01fe79fd730013812121,0.35191483299158666,0.569232217173239,-0.21731738418165236
2919,5145cede9e391ec0fee3,0.606696032445881,0.8607672071923086,-0.2540711747464276
2919,9615185a38ce5e6bad8d,0.0052812988361715,0.9755954861837821,-0.9703141873476107
2920,586406e177599fb7edec,0.44148913895481906,0.03936864479754901,0.40212049415727
2920,c13f04222c57675eeb57,0.27494719995515604,0.5006389702016716,-0.22569177024651554
2920,d03fd68ed5d815b9fc21,0.525797556169395,0.345362266799413,0.18043528936998204
2921,0030571ee503514a733f,0.24589232074748002,0.320652229562847,-0.07475990881536698
2921,4f762217438fc2a8afa8,0.12671785380735975,0.012509978127980001,0.11420787567937975
2921,e0d3ec35d66394d49f2e,5.1621782247907375e-06,0.04744762821037601,-0.047442466032151215
2922,0f8767b016e9c21d05a1,0.011520128268768274,0.8373982751484741,-0.8258781468797058
2922,d811b5260de92c0e2de2,0.61856264522337,0.9838090735257181,-0.3652464283023481
2922,fb9ce7a8f930c243c825,0.338067911455329,0.4988995908086569,-0.16083167935332793
2923,e6b28288aa43242501a0,0.676956547083789,0.4587046673728935,0.21825187971089555
2923,f77c5cf615944c4127c5,0.08474814919925501,0.031624445729289,0.05312370346996601
2924,72e46dc5197713a60025,0.5194236569406617,0.017303577098383,0.5021200798422787
2924,a82aeacfafa662778e00,0.656304281056046,0.489527028814545,0.16677725224150097
2924,ab367e4aecff90607417,0.4889397729900936,0.09920186694246043,0.3897379060476332
2925,04471c00e484403a9d98,0.5690698765872105,0.6510352337810416,-0.08196535719383102
2925,c02bf48e7c056b3f6057,0.0050965764510110005,0.47298637016924305,-0.467889793718232
2925,dd4c73be7b701bb5c3cd,0.33512634112003603,0.33001802845773653,0.005108312662299497
2926,8a734e0a750e3b17f97b,0.883396527421568,0.44964241089066603,0.433754116530902
2926,aa7113d59e5257be63a6,0.8222231191363281,0.416397738776708,0.40582538035962007
2926,dbd3a8d33eb19ba39327,0.003093395574027,0.186512815527405,-0.18341941995337802
2927,14f71008d290a1b0ffe0,0.126104266919121,0.0442534629702275,0.08185080394889349
2927,520fb63d7ba1a8819784,0.6127083482271691,0.146679679548015,0.46602866867915416
2927,ad8c711f7d2a07d92ffd,0.005231565450025,0.35519966388448654,-0.3499680984344615
2928,2bc58119c8529fe30101,0.7577942542517101,0.35699283500348306,0.40080141924822704
2928,47690e49ebf10fa17e04,0.184353866651657,0.23013931533831802,-0.04578544868666101
2928,f0aae97757db85897a8c,0.39639155824165334,0.9129908054183645,-0.5165992471767111
2929,cdac2ca20d2eebfdac92,0.7238734660599621,0.8485519629235275,-0.12467849686356547
2929,da2ae7d5d0f8a02ceffa,0.6509501906225831,0.576575404561213,0.07437478606137005
2929,f99c8d77006e8acaaaa6,0.5230776600263061,0.00024684338372600004,0.52283081664258
2930,1798b61b83dadcc95e19,0.4397453615664088,0.07878331481771,0.3609620467486988
2930,1db0a5175b84a9c06ddc,0.05372890445177101,0.0803675689354765,-0.02663866448370549
2930,5a747f7adb3abc6e0dfc,0.003758178727725,0.505769131908795,-0.50201095318107
2931,657bdd12ee8e5a228f4b,0.22758341745812702,0.020164023627071433,0.2074193938310556
2931,962abe02b67371e2a388,0.004596988872994001,0.36474178474158303,-0.36014479586858905
2931,dafd0371db393cffe5f9,0.0320876806134545,0.5740523386450136,-0.5419646580315591
2932,b5e153e8c89e244dbb80,0.02624317350337586,0.8788007418660986,-0.8525575683627227
2932,c564e903e942a95f0da1,0.5285901541002297,0.9874376136168206,-0.4588474595165909
2932,e5e20d53406f7e75f82d,0.329385924569469,0.11302228157559902,0.21636364299387
2933,2733dacf7970b9528ace,0.9907866359999021,0.5077493006658086,0.48303733533409354
2933,bfb78b7350866ba1cafa,0.659463079496983,0.48695310328552954,0.17250997621145348
2933,d7a8baeba0b3c2ecb996,0.958054681716461,0.9880878715393211,-0.030033189822860074
2934,2951a9c274e3a1ecc539,0.035522041064744006,0.3962135232350255,-0.3606914821702815
2934,53035df14cab9ab6091e,0.441169187993931,0.32369323638010905,0.11747595161382196
2934,fac9c1f2611bcc7f5ed2,0.012888726264322001,0.15388492204477977,-0.14099619578045777
2935,3150734e1723839daa6f,0.9297069236283161,0.5878000933225915,0.34190683030572455
2935,7756594996d0ef719250,0.47942108915736403,0.0083612205858355,0.47105986857152854
2935,9d147018a095558f7621,0.045659852458991505,0.21900773824386302,-0.1733478857848715
2936,34e1a92d44f1beec6c3e,0.958988163193728,0.49589958697881303,0.463088576214915
2936,3e23851c4ec7a5ab074a,0.10421870982364201,0.016737291146881817,0.0874814186767602
2936,c696cbfd6416a42a4f43,0.6009334842734431,0.8198626637604101,-0.218929179486967
2937,c53c59cd59b79a1818b4,0.6678094157996867,0.760186448137191,-0.09237703233750438
2937,d8e6a67e58ec6906a3b8,0.310677435739304,0.750021415083258,-0.439343979343954
2937,f2e77d75c1ac972e31d3,0.5626551798268997,0.4177271834467723,0.14492799638012743
2938,1a03b5c97509e4652e67,0.08391687997400252,0.016671492881633502,0.06724538709236902
2938,7a3ae3b9f8a0faf6d69c,0.461218351612929,0.48249979040946556,-0.021281438796536545
2938,ff85da2570d354de9c1b,0.683627075062144,0.9322314978002701,-0.2486044227381261
2939,2349605b7265c75eff74,0.193639100879257,0.39025589718868053,-0.19661679630942352
2939,6cf31c12c60d359171c0,0.300301044022228,0.044076671657595,0.256224372364633
2939,e5703dd3e0e8b702e96e,0.007326541816065001,0.0866281529664185,-0.0793016111503535
2940,4ecf073ff505b54bde3c,0.00025005416155400004,0.9499016746779736,-0.9496516205164196
2940,d3acd976a802fc31fb5a,0.048801731240671005,0.521931846567912,-0.47313011532724103
2941,295ec8affe4d92905aa3,0.9533099496361941,0.033824336079379,0.9194856135568151
2941,6584c0e44722a36d85a7,0.35905330705536853,0.6702156100709386,-0.31116230301557
2941,94af817d4cb8906ce446,0.9199525960088001,0.22743802005571004,0.6925145759530901
2942,0bcf512c647f9046bb4d,0.144478210984496,0.3756678577015807,-0.23118964671708467
2942,0cb865748e7790e2a9ee,0.10547622045854801,0.032258155433622,0.073218065024926
2942,74e95e75107936ae1c47,0.17625793398648001,0.9829213888462001,-0.80666345485972
2944,0a69b9e93570fb359751,0.001071817567648,0.5134481843338435,-0.5123763667661956
2944,523b59d161eedc60e036,0.4618356282734763,0.482557375724466,-0.020721747450989703
2944,fbfd10e17d5ae0301fdb,0.273095117641179,0.0158704112854045,0.2572247063557745
2945,5c19e5b88bdac0a484d6,2.1891129120755633e-05,0.1260520720610644,-0.12603018093194363
2945,be2946c698c033877e2d,0.077883763912008,0.18004288748194,-0.102159123569932
2947,0ea84a2693036110cce1,0.000474022478726,0.5706597401006296,-0.5701857176219036
2947,89dbb0e49c66769f88ae,0.6571687108919644,0.00010939409636400001,0.6570593167956004
2948,18e3a9080b65e7306ba2,0.000328598693925,0.8282923898356971,-0.8279637911417721
2948,25636e1f4d240d12b3ce,0.15956722054716052,0.2208378772177705,-0.06127065667060999
2948,ae3581062c37b973a672,0.005786734544421142,0.035035477208047255,-0.029248742663626114
2950,135a1e2837f6746cb19e,0.23435460292034851,0.9852379070897196,-0.7508833041693711
2950,654fd7ecec250b41c093,0.07225784602852,0.04363440128771215,0.028623444740807857
2950,a245e6dfee3f27c1b6af,0.8052737238312131,0.39684919393851903,0.40842452989269407
2950,c6e7a3d9abc913050eff,0.5477616816602017,0.9923735066803185,-0.44461182502011687
2951,279fed030ce14784ac45,4.580146785453723e-06,0.007140741123231001,-0.007136160976445547
2953,141fc225a5325772416f,0.040161273451557004,0.25311029678670105,-0.21294902333514404
2953,3f5d19c32796caa04fc2,0.011603011804312,0.4654544596576395,-0.4538514478533275
2953,531076ea7f0a2a465856,0.003440420491616,0.7647660818313425,-0.7613256613397266
2954,004508191dccab86834d,0.488233540715716,0.19833434719829351,0.2898991935174225
2955,aa4cb4bf6bf7cc2d3cba,0.25550811983124605,0.49240463477188207,-0.23689651494063602
2955,f74a7f1dac7be91278e7,0.006748370307193,0.0037575391765130002,0.00299083113068
2956,2933394231d41e37fec2,0.40557378431997,0.0015204867318542928,0.4040532975881157
2956,93d364c0b08a574b845a,0.337558511411848,0.9843066144899646,-0.6467481030781166
2957,7da3631052c70938efd0,0.32053933171496674,0.30028502287275555,0.02025430884221119
2957,e2229e00f17c766b5662,0.48786051701084704,0.011363857176494,0.476496659834353
2959,3fdfc65721978da802f2,0.373420078444382,0.6947462493979311,-0.32132617095354904
2959,7d924a4c4cd107c67116,0.0021819805070330003,0.358363925331249,-0.356181944824216
2959,8cc89cb0f5154fa45e77,0.39756873845245205,0.5817614630846266,-0.18419272463217456
2960,1ba3f1d9179e6ebdc481,0.029843282069147003,0.35681368471143754,-0.32697040264229055
2961,5fd86e96a5f9b1c751d4,0.0038020238725830005,0.48205593288472004,-0.47825390901213705
2961,643d8f597be62bc4ee6b,0.019917635464536003,0.51307817541665,-0.493160539952114
2962,c49fe41a28ac1ea7b4a6,0.5415731812780681,0.21371637199160703,0.32785680928646105
2962,e0de3250e94402a5820e,0.39762025019324204,0.9684252144005101,-0.5708049642072681
2963,e46c8713f74d22e022b3,8.428109145838967e-07,0.20564199562000252,-0.20564115280908793
2964,4d8e0ec5886626194b67,0.018492644981457,0.4882058962866941,-0.4697132513052371
2964,5cf6e240b42415088cc9,0.5697537097198906,0.9885743273402341,-0.4188206176203435
2964,63e40a6326a41e505016,0.10156913730820251,0.352368530658526,-0.25079939335032353
2966,9d885b6ae0cc1da872b2,0.255846094961289,0.26264928213376454,-0.006803187172475522
2966,cb8b9766dc22cae1db9d,0.37219447058386,0.41108830581439254,-0.038893835230532525
2966,ebf632ce8b6bed7094b9,0.0007149066293920001,0.9860788485266371,-0.9853639418972451
2967,73a712ee22fde0ec5926,0.011114991977833,0.5096081248779121,-0.4984931329000791
2967,7641dfaa7de46b6174c1,0.00041249624200300004,0.41478715489653106,-0.41437465865452805
2968,7e6a453b4abf798f257c,0.9343126078435751,0.020909625019301502,0.9134029828242736
2968,a387e17da67a864dc8f7,0.15465586066199935,0.8857708863469667,-0.7311150256849673
2968,c063698c5c2125ccd78e,0.049710627905152,0.42677368459728204,-0.37706305669213
2969,05c83d480eec1c19fb8f,0.28375742952578253,0.41310160511497906,-0.12934417558919653
2969,b1fb28652f2fb2b48044,0.26850372174453,0.11015104756108551,0.1583526741834445
2969,c279c061491ec6a878c2,0.5117714976174933,0.20751914051198803,0.30425235710550524
2970,03af43c7ee04cf86304d,0.8025649533632035,0.054616481244857504,0.747948472118346
2970,27dcf919b12767244839,0.06044761392061,0.0009140012544145001,0.0595336126661955
2970,877e0c22852cb28c9725,0.5067045970171861,0.07765014969404702,0.429054447323139
2971,1ab901caf992a01fc77c,0.10106108600378251,0.18443810041805256,-0.08337701441427005
2971,a2c068f541355de4ca99,0.36074387923590673,0.2317933919188485,0.12895048731705822
2971,a3b6a688116c135b307e,0.019055867291893003,0.4921720830136995,-0.4731162157218065
2972,44c65aabc54d7129325e,0.013930215904484,0.9948321622824741,-0.9809019463779901
2972,7f676aced91bb9743403,0.041982369456184006,0.0222511984959715,0.019731170960212506
2972,80910647d6ddd0ebfd0a,0.15687140330120902,0.506080851321133,-0.349209448019924
2973,72b1e7979a952147e03a,0.9835442001552376,0.2649065412328665,0.7186376589223711
2973,c57be97546ef3aadee56,0.3521430474366682,0.03609577793862501,0.3160472694980432
2974,26210506b3967050f49c,0.028952505811330003,0.25145475031950754,-0.22250224450817754
2974,6f46a066c2b28632bf3a,0.0011659033211030001,0.0989287010804005,-0.0977627977592975
2974,c38a5ba7ed8630e743ec,0.7662635388794411,0.8350700066079131,-0.06880646772847199
2975,18975b4549375354fb01,0.013951709857822,0.4367000741739865,-0.42274836431616447
2976,12d376156fa919110514,0.7440555981043673,0.6591095612362395,0.08494603686812774
2976,64a906fd11a7b9cd4802,0.41736022443316906,0.9776102992723396,-0.5602500748391706
2976,ac29c1c58a94b3c39503,0.07650384979285,0.708931867485856,-0.632428017693006
2977,3a847213a18c83bc670f,0.41792503615617144,0.0004984580346685001,0.4174265781215029
2977,cf8e40240a22ba54220c,0.22653850284090202,0.22802617840011802,-0.0014876755592160007
2978,1e79b34a4275594b66bb,0.0075006362451460005,0.9938260569604336,-0.9863254207152876
2979,dfca4b82b59876b2f109,0.012823902150783,0.7889812953778605,-0.7761573932270776
2980,75679b658126fcb0ec8e,0.9993191827290671,0.7534253008789771,0.24589388185008998
2980,788f4aec2d1bf81009e0,0.004221536997805001,0.0343685691460065,-0.0301470321482015
2980,850f3da4e53eca363add,0.920391567059563,0.5372025969438771,0.383188970115686
2981,d27872ce8295054d0381,0.3779682277846317,0.42225260969709505,-0.044284381912463366
2982,0a1912e983cf044c42e8,0.26782993405948613,0.5846232448856565,-0.3167933108261704
2982,b92ea0051280f858b1dd,0.1946924929245165,0.9628896662685521,-0.7681971733440356
2983,057091c508810c17d475,0.511548796946205,0.294625682133222,0.21692311481298304
2983,d662ce75a38edb04de50,0.711385376708308,0.4955070601396615,0.21587831656864653
2984,568dc9dcea4b9e37245e,7.079031400192819e-08,0.39089545418230004,-0.39089538339198604
2984,6b06c49699ce2bc8c580,1.249785870648265e-05,0.0003129350287232085,-0.0003004371700167259
2984,dd153afaf6aa8d44624a,0.003574003150238,0.3226436121026545,-0.31906960895241654
2985,1a39360a8fe29831b745,0.091524283233037,0.129163555404529,-0.037639272171492
2985,c86c1c07df320807adf2,0.39078365692987904,0.009317705071279,0.38146595185860005
2985,debf1abaa33a706bd376,0.6236225148135526,0.023372662465465002,0.6002498523480876
2986,03a5b4fa2252871295da,0.14376223623419102,0.49513305011226205,-0.351370813878071
2986,70d6b9f165e922516363,0.5061648570620126,0.766545667596458,-0.2603808105344454
2986,7f9109aeb34eb080496f,0.24928564722623753,0.3254626441063955,-0.076176996880158
2987,a8c6ecdd80428f60f707,0.112880631236751,0.42310902888708857,-0.31022839765033755
2987,dde3fcb0472b543f488a,0.004819952169054001,0.3169159394460365,-0.3120959872769825
2988,7abff59ad787f1cd2e8c,0.36931416769540437,0.586895434438173,-0.21758126674276868
2988,941ddce75204d55c9503,0.48813509877149663,0.019551585861051504,0.46858351291044514
2989,3848da0a9a5ff96e9492,0.5358418278376825,0.8125906344863825,-0.27674880664869994
2989,d8ec52f6ca3ca882ad32,0.6264103124206094,0.8395351279808845,-0.21312481556027507
2991,243bafd7d0318ad43911,0.658206319498689,0.7725900356980191,-0.11438371619933008
2991,c635c61d2b959d41ed76,0.6999652684422095,0.6316668156086835,0.06829845283352598
2993,94d04ffb72b27598d4e9,0.255716951432152,0.021383382781136,0.234333568651016
2993,c906093aef21fbbb7088,0.4636037085945401,0.4057096058576025,0.05789410273693757
2993,eedfdb527dd4e7a4f766,0.8873834758868622,0.6052222424408126,0.2821612334460496
2994,4c8db5abe7a9c4bad304,0.5617326959411089,0.49777191396572007,0.06396078197538879
2995,16089737c557b3c8c433,0.700374256450577,0.0015284420331280002,0.6988458144174491
2995,592d5c5eaf0fe0f2f01b,5.606501245936161e-05,0.21686761828285653,-0.21681155327039717
2995,9e9751e709b81652c82e,0.36626759846466905,0.994460056982275,-0.628192458517606
2996,5650d418065c53e54a25,0.24030836224957,0.7564592475196581,-0.5161508852700881
2996,ce78fc9dc7e5506a7f1c,0.4486577121879,0.46174233707992557,-0.013084624892025554
2997,b278bed2a9f397f52461,0.00028251248931,0.6022636754648705,-0.6019811629755605
2997,f5f03b682f74a1e76d75,0.404863599282937,0.5096886413075751,-0.10482504202463805
2998,a4b73a678953696a0f79,0.130479509775894,0.49852066970180303,-0.368041159925909
2998,df5318e32f0645bbeded,0.6372084511373284,0.0463168124958825,0.5908916386414459
2999,4c0aa1fac9cba273a3a6,0.0340115381135,0.4737489954721691,-0.4397374573586691
2999,a39b9ae2d23647c44419,0.964847959921977,0.01768393215490306,0.947164027767074
2999,eff3d8aded7edcc66a9b,0.030203565066973,0.952476414803575,-0.9222728497366021
3000,7777e1374a84ae4fd35d,0.7329691886688543,0.4713175932180525,0.2616515954508018
3000,99c2fe646a0d8ba2f04e,0.17386142082773226,0.4148555707604715,-0.24099414993273927
3000,c6c198eda5881b37aa2c,0.33720389764228054,0.0005655606986650001,0.33663833694361556
3001,3bad76d3587e033cc709,0.07971187238120167,0.0066704286623915,0.07304144371881018
3001,9a2fbee7ef84c1f0fe7a,0.0015830353376182695,0.012523075444088,-0.01094004010646973
3002,19555ae9cc16e03fc8d1,0.14480951469129602,0.32353545484293655,-0.17872594015164053
3002,988df8be1abaf5a2645f,0.048870662129793005,0.9078589356856226,-0.8589882735558296
3002,d55eae9416f4889581f2,5.469238026762132e-06,0.42451174555071153,-0.4245062763126848
3003,0d53ce7f8a323ab1c1a8,0.0044323024612960005,0.5162649641924261,-0.5118326617311301
3003,5c9f6a0851704f0e80ea,0.15985237075382266,0.7761998859896166,-0.616347515235794
3003,99c244c8cbabb20fe0df,0.6331808837146122,0.5340337269114396,0.09914715680317265
3004,28721b6805367efb6f4e,0.013436742471254667,0.9733644846509221,-0.9599277421796674
3004,320a4c7cd680b0c7df4e,0.005791917619056001,4.329911245115473e-05,0.005748618506604846
3004,d3a97c2b1087fd7ae9df,0.21320556825248685,0.003733793555709,0.20947177469677786
3005,3be281f5b57177d0dde5,0.34742982944912804,0.5580855377184,-0.21065570826927194
3005,5f91941c8bfd84bb37c2,0.692497683338516,0.5051822960450125,0.1873153872935035
3006,2d1fab00ef5787ea7835,0.38094695893518277,0.44862094098254207,-0.0676739820473593
3006,667f102af29ba78e72d5,0.01146377108667,0.4764137415853855,-0.4649499704987155
3006,9887c4a9deecbcd5971b,0.399052684712405,0.008152625349620501,0.3909000593627845
3007,7b9e80137b4b095c0c37,0.38610189897767505,0.037398025153101505,0.3487038738245736
3007,f80bb39ef7c1508b40f8,0.13843910512916902,0.5041735136862331,-0.3657344085570641
3008,0d7f8e65f1e58712d0ed,0.011074501980687,0.745397306879781,-0.734322804899094
3008,5af15aa81d7c0aa8ea60,0.9542373509944351,0.0102194580124675,0.9440178929819676
3008,d87ffa8b3403d97b6229,0.6273137812695571,0.49546574735258453,0.13184803391697253
3009,6c94d2c17bd7a22813f5,0.004378538542172,0.36654014752394704,-0.362161608981775
3009,cd187b98a419ecfee137,0.134204480930976,0.8703338619019425,-0.7361293809709665
3009,e8a820ad1a6d3822d4d8,0.812452515666623,0.49082344736333955,0.32162906830328347
3010,1b84a43d529d6be4f1f6,0.5203500087719684,2.565970811025297e-06,0.5203474428011573
3010,5e8940c795ebd95b232d,0.45074882104307123,0.863204280930527,-0.4124554598874558
3010,71c5a9f8494d33311b6f,0.086722108746021,0.4212813524838391,-0.3345592437378181
3011,81274e95c27c67d99d8d,0.025393328548883,0.9355818917541121,-0.9101885632052291
3011,f344b28ab9f861f5cd5a,0.027706818621777003,0.11411185662218001,-0.08640503800040301
3012,6389f227dcaeb239c887,0.4055961694943153,0.2799807508291465,0.12561541866516884
3012,701f19202bcb6230c8d8,0.0032313996107845005,0.42154455382051703,-0.41831315420973253
3013,020e8bbeb70075eb5754,6.9941014218955074e-06,0.9646488022261871,-0.9646418081247652
3013,cc39a12663e72f7c21a7,0.9938600299430371,0.29850290134396257,0.6953571285990745
3014,67666fa08c566158b450,0.010941242945077001,0.499597669972202,-0.48865642702712503
3014,6d3431cc44889a3a2c3c,0.38518941156163705,2.1299697197155562e-05,0.3851681118644399
3015,65e1889854932ccdddcf,0.3822075547207953,0.13294549537934652,0.2492620593414488
3016,9a1d3d6fbc3777991eec,0.296426927206871,0.9949836615829346,-0.6985567343760636
3016,9c43fbee8d938eff0972,0.32719396040191767,0.000670628674893,0.3265233317270247
3016,a0bf5472feec2d876545,0.6368983705159161,0.029231600911876512,0.6076667696040396
3017,2b79857d795a747dbda9,0.6368378517794656,0.944066927312957,-0.30722907553349144
3017,3d2a6558ce660deb8eb6,0.11362678786001901,0.042447434957196,0.07117935290282301
3017,dfc30d0d8a98c11e7563,0.053893165326556504,0.5244805947326385,-0.470587429406082
3018,143885b18d5bd8082f20,0.19291080197847202,0.6650549695708936,-0.4721441675924216
3018,31a0cce431f390b4f665,0.093078530555808,0.295622629164881,-0.20254409860907302
3018,429d4f5029e9d8ce923e,0.128787263092907,0.5019538343433626,-0.3731665712504556
3019,5d88f6ab8937eff7f2f6,0.469423701309506,0.48336308751310053,-0.013939386203594528
3019,8c9438da100046682167,0.018018359349174003,0.074600472814794,-0.05658211346561999
3019,a313df5a4ce6afd6581e,0.07495235724939434,0.0227790855260545,0.05217327172333984
3020,a908fc5cc796099e5c0e,0.5097583230854006,0.984291410136656,-0.4745330870512554
3020,f9cbe4608b9a5086b7a3,0.11824958242284701,0.6507158350336125,-0.5324662526107655
3021,249694fa741390f1077b,0.0309841859320155,0.984512832240032,-0.9535286463080166
3021,f25f35d1e407fceaeeaa,0.49474935710225953,0.061814933227997006,0.4329344238742625
3022,5ec536631ecfbc76f224,0.026821570823068335,0.49682296445775703,-0.4700013936346887
3022,d75dcb450a1925bdd200,0.912025391586712,0.912670311138998,-0.0006449195522859608
3022,fee6a99aad49dfd1bf3e,0.09089805331390133,0.49547455383630656,-0.40457650052240524
3023,8e80f0f682f48b38b91c,0.12909458630973922,0.0492546450701075,0.07983994123963171
3024,cb87d82c27b84934ec56,0.0075636539638833334,0.016299581018862502,-0.008735927054979168
3024,fcda0800f7fb68dbcccf,0.6098835805938825,0.070919576938893,0.5389640036549894
3025,5712904c48929478f74d,0.8742326036861741,0.5225072178108171,0.35172538587535696
3025,eef82d04cc2948b73a15,0.27485475467085174,0.46577233928333206,-0.19091758461248032
3026,7a1a9963e69eec816b85,0.24052743054509232,0.5962206329463215,-0.35569320240122926
3027,762ad946af3bc40da40e,0.008800707613879001,0.1285867162907685,-0.11978600867688952
3027,8a6d5eae41882ed451d7,0.2912350084603458,0.00013532632367000002,0.29109968213667575
3027,c07c4bfe51f5d6f2fd20,0.502745242697837,0.48299598137508204,0.019749261322755007
3028,684a8837b56e0d8cbdcd,0.20221578590246803,0.0075928267919535,0.19462295911051453
3028,9c3340bc298a7e19efda,0.004775218586261,0.9978944328584156,-0.9931192142721547
3029,18fef20be4d3c6de9c85,0.05586236285256001,0.011042701912492157,0.044819660940067854
3029,1cf4022634a5421b0586,0.45088823328159605,0.18035598315542803,0.270532250126168
3029,f3a7a9f8185527c6a4ed,0.0382887259750485,0.3895275512627475,-0.351238825287699
3030,42337e9effdd3a342085,0.6397120792847966,0.933616527372727,-0.2939044480879305
3030,aac12e6e26f862e24a9a,0.32730376643195824,0.007936389379106502,0.31936737705285173
3031,7301e236f9afa879c43b,0.8707621464323044,0.01035569910756323,0.8604064473247413
3031,7fc9d7d1a1514dc77397,0.0024859038831620004,0.067213541736184,-0.064727637853022
3031,e2ba16d78532c16a63d3,0.0005783653848250001,0.057765770608122505,-0.0571874052232975
3032,097cf38aeb47b2319eb3,0.001968544814648,0.567626805123304,-0.565658260308656
3032,538c03b9061670874cc8,0.34849638972310887,0.6746112575076826,-0.3261148677845737
3032,9461461e3b88dd79a972,0.071144783586261,2.543476024345384e-06,0.07114224011023666
3033,26b4724d950477d0d193,0.43869198482656,0.37578254773772,0.06290943708884
3034,30adaecb361743917b2b,1.1026618704807321e-05,0.28761590680271554,-0.2876048801840107
3034,6cab984e5e8d27128d81,0.49639578400059403,0.14307450706684352,0.3533212769337505
3034,8630c09a250683e094b7,0.9785350526603526,0.4798280925672239,0.49870696009312865
3035,5b9177544e40b077da98,0.37320864803042403,0.418912251901009,-0.045703603870584975
3035,7bf211416c6308c029c4,0.16596004857366903,0.7074497807243201,-0.5414897321506511
3036,1c1d12b9299ab0b6a64c,0.07650909729542,0.26475582372899004,-0.18824672643357004
3036,e1e7d90cf117309dbc24,0.002048617907252,0.658841561574778,-0.656792943667526
3038,31e91082d2f0484a0754,0.592355674133622,0.30160757344938155,0.29074810068424045
3038,a2d18dfe042dc1dbac5f,0.0017810187815730002,0.0006456892879718234,0.0011353294936011769
3038,eded13fdf86e7c7aea73,0.0037721358941190004,0.0028867609448095,0.0008853749493095003
3039,190da06a519f9f62d863,0.42876114128654436,0.03580130636357952,0.3929598349229648
3039,999a6c64e8f9eafaaa22,0.2707994221093915,0.9877882470748871,-0.7169888249654957
3039,d6998c4d88bbd3764904,0.6110454256838775,0.9629774039824541,-0.3519319782985766
3040,0d3e4194b966ea518351,0.08358451271846551,0.5431522680375965,-0.459567755319131
3040,6fc3efa30b9a04d82e4a,0.009569333567373502,0.220975267359715,-0.21140593379234152
3040,a0a84e6c19bb93221411,0.19762338549836203,0.4297773272909515,-0.2321539417925895
3041,166c1766534945328062,0.009833251838509001,0.315433064539657,-0.305599812701148
3041,1701045e462dc0f0c613,0.00693835383369,0.08358903378389601,-0.07665067995020601
3041,4a0774aac3d649f69f39,0.493590992286618,0.49317865563615704,0.000412336650460976
3042,53f92992d1efff283df5,0.6176624945139674,8.486579106686485e-05,0.6175776287229006
3042,69fce35fe45847a45677,0.011497398504862,0.500489115677892,-0.48899171717303
3043,78026a5fb9887070cab7,0.28620797306588003,0.754026197921442,-0.46781822485556196
3043,e666fa66d3dc0a26674f,4.6443380857950526e-05,0.0219337924794245,-0.02188734909856655
3043,f409b45b28400c83c105,0.129106120775196,0.30800943067958636,-0.17890330990439035
3044,3885fc5b43d843fef222,0.252509082581622,0.7449918839147875,-0.4924828013331655
3044,9e17bd908de25fd0c3a5,0.552122270737731,0.006670780105022001,0.545451490632709
3045,4370b01226948d761d93,0.040205681390997,0.1808116150995595,-0.1406059337085625
3045,92c80564b1779d0f60b3,2.0251161219971028e-05,0.7841227804150861,-0.7841025292538661
3045,cce94af34babc8e6b03a,0.003429558141984,0.5190830479560815,-0.5156534898140975
3046,4780fcf64f1da7d43545,0.27639587898601103,0.39084989137774356,-0.11445401239173253
3046,a434d1f7b739c5bda195,0.6528613701697611,0.45220680436932853,0.20065456580043256
3046,f053308ec1dec2ab0620,0.08627636367029001,0.7112957003806566,-0.6250193367103666
3047,26ee9f496ac0b00e8d1e,0.6433697530621647,0.7599475703610366,-0.11657781729887184
3047,97b4b70ecff9a04eaf32,0.333498114676048,0.00036551525951800004,0.33313259941653
3047,c887100d0b3cbb053c57,0.799954454259699,0.4695484279816625,0.3304060262780365
3048,d2a6d8d0ae4b6ebe84c6,0.06564520530960101,0.42159097962531356,-0.35594577431571256
3048,e8b9fcaa8897eb752f9b,0.049936617233373004,0.9393436416027716,-0.8894070243693986
3048,fced4b7163e2c8d5aaaf,0.374860891510344,0.49810368216704204,-0.12324279065669802
3049,b005db7811dc5c2de3fb,0.8962984438751,0.44598379921936954,0.4503146446557305
3049,d179a8e02795efaf3752,0.00045403179573950004,0.0230139227783775,-0.022559890982638
3050,1bb599a04b02e3f2c95b,0.975345362539844,0.9726910568641606,0.002654305675683477
3050,4ab06da965ebf7079d3a,0.20452279698522127,0.030002537052072502,0.17452025993314876
3050,ec62eb8906eb42aefd2a,0.182210575280761,0.09462447659654451,0.0875860986842165
3051,5a9ccd6d45d1e4ff3ae2,0.013484372329212001,0.088547190844794,-0.075062818515582
3051,5e3fb6ed5521f33d6ec8,0.399904036768479,0.497749264131709,-0.09784522736322998
3052,2b3b886d89d9b42b23c3,0.122311043195077,0.0059996706635215,0.1163113725315555
3052,7e3954d4d8c7f9de1db3,0.12035236007836901,0.6112520539487271,-0.49089969387035803
3052,c2e9310f2e7c226b14ce,0.8596099697919648,0.47166657191543,0.3879433978765348
3053,b843cc67c31390e83fc1,0.5070765058074428,0.515993027650972,-0.008916521843529202
3054,6dcdebc05bf48aab6a24,0.067609064556156,0.711658118886318,-0.644049054330162
3054,a4d16bc1a4582d7bd7dd,0.3293456763558185,0.0360904085160205,0.293255267839798
3054,f0f0a741b95781729cd5,0.8930127315805021,0.513196004281097,0.3798167272994051
3055,b3acdf5c884534911e99,0.5087275751227153,0.942516926446283,-0.4337893513235678
3056,1e066e24db920b6b23bc,0.911527200879766,0.652215222790106,0.25931197808966
3056,f3de844a18a36170f291,0.21027204789773002,0.17655987504363302,0.033712172854097
3057,5ce3bce43fb02cfe5752,0.5124735920230491,0.5131400147849275,-0.0006664227618784491
3057,94841b0751c06265384f,0.28471832360429067,0.5592755847711915,-0.2745572611669009
3058,7db1fdad1ef17aba5f08,0.00034278901292300005,0.46243306047805904,-0.46209027146513604
3058,da7ef3fae2f1ddd9da0b,0.00043013905393508216,0.380409608489274,-0.37997946943533895
3058,dbb3821c544d352bce33,0.020036913981442,0.08654902553066901,-0.06651211154922701
3059,bf70f0177cfd4b0e6fb2,0.037100296209488,0.0061828619834689786,0.030917434226019024
3059,ecbfb32efe56b423ed9d,0.4515180297598895,3.202683594593701e-07,0.4515177094915301
3061,81ac6711aeb2325c119b,0.5871717452684461,0.5898250278443455,-0.002653282575899474
3061,841ac0cf81707ae27fb3,0.022766109335167,0.3301450005903765,-0.3073788912552095
3062,b4fb78ec342370aa647a,0.763658958705927,0.49590007153416554,0.2677588871717615
3063,45a1247e5c545df0dc62,0.024386622425388336,0.49783902090354754,-0.4734523984781592
3063,a4c57cf13c34bde17ffa,0.7662822629187599,0.7800039609315306,-0.013721698012770678
3063,ddc6d86631bb15a62f39,0.32808000560966505,0.29945019834782105,0.028629807261843998
3064,0cca0f5ba716412ece82,0.7739107971208361,0.47386645370151953,0.3000443434193166
3064,6c25561b953032b3a9f7,0.118842833653354,0.5360293157488071,-0.41718648209545306
3064,fd383237cf7a74959bb5,0.73738569159716,0.10864513917646451,0.6287405524206955
3065,5e031f54b1190e60c1f6,0.7496848214587354,0.001172536766254,0.7485122846924814
3065,61307a7dcf094b59d312,0.25984217267097554,0.45069620194486654,-0.190854029273891
3066,3eca6f9dc2d48c062c6e,0.140008612542658,0.572999054776719,-0.43299044223406097
3066,e3e29103fec0e0794314,0.4966029995317496,0.9033574160182466,-0.406754416486497
3067,1588042fc190db04b94a,0.136957166124407,0.1300037852916755,0.006953380832731504
3067,70f17eb774d319db1d40,0.18886330407030902,0.2615414669357985,-0.07267816286548948
3068,25b694e83f6edd802c08,8.643183787448663e-06,0.1953941015963165,-0.19538545841252905
3068,3b8b22d4b747a8592227,1.558351453687052e-05,0.17570661362759502,-0.17569103011305814
3068,ed504ac1d337737575c9,0.0008226032302870001,0.14590058726808752,-0.14507798403780053
3070,3bdd85d03909e1dc697d,0.039191627280775,0.47947287767233904,-0.440281250391564
3070,adbc94f5b82f1700d5b3,0.0005239345810160001,0.026343786255181002,-0.025819851674165003
3070,bbb18678f70c4e5996f3,6.914200537840305e-06,0.6098035889818171,-0.6097966747812792
3071,0bc048eb0113666e2ff2,6.7714671023738585e-09,0.0772175001192925,-0.07721749334782539
3071,32c74023b2244c9fa73e,0.39087408750241104,0.32181140461920604,0.069062682883205
3071,41efe2f1bf3a21b1b570,0.514686058073422,4.735611790694713e-06,0.5146813224616313
3072,2af9f478d9543878a21a,0.015326007768894501,0.010661482064157807,0.004664525704736694
3072,ba6f824474d13cedad09,0.033553776476310006,0.5888019362446546,-0.5552481597683446
3072,fda14f582b4287d4cc1f,0.194205567693859,0.18423824507854952,0.00996732261530947
3073,c511fce8b81099ace093,0.364533589544005,0.7466974581209636,-0.38216386857695855
3073,d6ee4fd2f8372e490886,0.017537961788126,0.005804909031503501,0.011733052756622498
3073,ebe01e2c2e9bb8392055,3.5495310724928885e-05,9.866537848439394e-07,3.450865694008495e-05
3074,102335ea7017a0d3159f,0.48428062992094306,0.5911216027805886,-0.1068409728596455
3075,3a6d647419c8563e4ee8,0.086996667005415,0.049916236824013506,0.037080430181401496
3075,c96b64ab91fe283adb80,0.337736379304415,0.62196366682629,-0.284227287521875
3075,fff6acfcf0c19c8f50ef,0.105082521410073,0.49426481973781305,-0.38918229832774004
3076,ba933852e3be47c3e60e,0.34152739793637676,0.00048142962582800006,0.3410459683105488
3077,881098b7cd57c0858f08,0.6176170816830654,2.817594057453711e-08,0.6176170535071248
3078,775b45d31abf329d679e,0.7102325782914427,0.768820627935034,-0.05858804964359132
3079,2c879b6d0ef560f08a79,0.3861146388010574,0.49670220909404605,-0.11058757029298866
3079,773bfb9b2a5f5373a0de,0.103531956432466,0.5701266463390801,-0.46659468990661407
3079,c6f4b7a3acc1c8ebc97a,0.070540439193122,0.03615799847997601,0.034382440713145994
3080,088533619ddb8be20cc8,0.45660114846645516,0.0005736762084500001,0.45602747225800516
3080,4e40b023c2a5e9c1c1c1,0.005536331704056544,0.049620264018751005,-0.04408393231469446
3080,863df24895be0b2995ca,0.08138267682746901,0.033584611479213,0.04779806534825601
3081,0250dee322378c4c7940,0.47952397636460903,0.348212464185688,0.131311512178921
3081,6897f41d1afcc6bb4b0e,0.024620889451854002,0.4573325076937945,-0.43271161824194054
3081,d454c12b85e766b3e5f2,0.29078638359484477,0.6112853185732225,-0.3204989349783778
3082,de4b11e659f213bf9e1f,0.9129894817988284,0.70369064423018,0.20929883756864842
3082,e8768a693202cacbd143,0.5731001068578221,0.000276487436161,0.572823619421661
3083,45c89400a3dc02283962,0.3627861931597755,0.44552607307149306,-0.08273987991171755
3083,cbf00111fa3d0a433493,0.2920003720034681,0.00011092444543900001,0.29188944755802915
3084,126cade5631380e4adff,0.41189620755684925,0.7721628739888955,-0.36026666643204625
3084,a15d3ca9f0d672a69a7f,0.31620763377926053,0.016029070068516,0.30017856371074453
3084,e395d4e53e2b9d139ade,0.163120157909056,0.0792246246449175,0.08389553326413851
3085,74fcd1aadd460ad5931a,0.012543066377712,0.03981328316205351,-0.02727021678434151
3085,8f143e78eaebffa55162,0.179544640307037,0.714652414915465,-0.5351077746084281
3086,5b5e515f837a81849cce,0.8968139984034711,0.567556599860749,0.32925739854272207
3086,c3e7d3d663555fc43d6a,0.15246995324986,0.001917287561414,0.15055266568844602
3087,15b1f6c614c8862523ef,0.274086959317692,0.4853314891231726,-0.21124452980548059
3087,329d140dd909c4b3b273,0.274270646735826,0.22064982986776893,0.053620816868057086
3088,2b764b50ae6fddea1635,0.5938883138399546,0.051756912802329004,0.5421314010376256
3088,34ae316ee29d76743d25,0.2065810826076905,0.11106113726733201,0.0955199453403585
3088,d6349d895d1993c462dc,0.000700898912429,0.6523739603502166,-0.6516730614377876
3089,0273e6f873a700289dc9,0.24232358314276753,0.955029608019053,-0.7127060248762855
3089,773905f5ed0d7a798b90,0.16395924029414902,0.502019143490888,-0.33805990319673906
3089,c3b991d1d98d63281cc5,0.451668175529332,0.4823072011531518,-0.03063902562381976
3090,765ba3baa1ab4c2a7076,0.001037850469056,0.46993597122499503,-0.468898120755939
3090,d47d2163aa8d5f697c79,0.940834671987638,0.46331320171035906,0.477521470277279
3091,a0900451ecf693fdfef2,0.45005550093148905,0.0527855505774045,0.3972699503540845
3092,30b4159b8b277dddfbba,0.1073010479335735,0.2262352092526895,-0.118934161319116
3092,6425b0eb31a688f49d32,0.6592528965302461,0.48908562026406155,0.17016727626618455
3092,7a8912f2bf64cd9b02a8,0.773779595218492,0.4986284268796651,0.27515116833882697
3093,4d789bb9a0737e6cb07c,0.09357451957974901,0.8122564194106641,-0.718681899830915
3093,64a37655b1982095b120,0.18808546321639752,0.011588415232302002,0.17649704798409552
3093,9e854762a205ff9ddf9d,0.7315941220001005,0.8817496302674721,-0.15015550826737156
3094,4dd2f6003cf64c6fb123,0.08479146295463902,0.035777577464658004,0.049013885489981014
3094,c676e5a49328836a9979,0.35513373630253153,0.5140545174061151,-0.15892078110358354
3094,d2d48b8f0ee0df9b59a9,0.804332113797805,0.9676554901579301,-0.16332337636012506
3095,38d6c6a65f4c6bbbab0d,0.149170966947759,0.543630715884844,-0.394459748937085
3095,7202b13daf421d7f338c,0.34066081936491804,0.45248308891980105,-0.111822269554883
3096,497bbb8eead2c6c227cb,0.011297112972773502,0.131967480510324,-0.1206703675375505
3096,91cacd3a09b0cff4f650,0.000280126775489,0.49979902198427056,-0.49951889520878157
3097,02c974abdaee4735a477,0.017574513215923,0.6110772025609861,-0.5935026893450631
3097,ef1f6e06b05ff012f0ee,0.00016461585619300002,0.1365590108904235,-0.13639439503423048
3098,58b3a166645169318827,0.0008333678317460001,0.4679557956006,-0.46712242776885404
3098,a9450b185708ece9ec45,0.0042633755337610005,0.20363307205712,-0.199369696523359
3098,cc95456d8ba6ea0ed7e6,0.050407630109377,0.9264911411340742,-0.8760835110246972
3099,39b79702bd1e1af7e834,2.4684781883470983e-05,0.0182044829297575,-0.01817979814787403
3099,b989d8a56d3b3929bd24,0.3208240044537595,0.49928138410871653,-0.178457379654957
3099,ced512c34380b229ea94,0.36864854396496405,0.4952457976468795,-0.12659725368191543
3100,21299d43dbfe3db94c32,0.016966891376458,0.27356586439531505,-0.25659897301885704
3100,57abc9687711541045ef,0.7454674225788488,0.5251836021071491,0.2202838204716997
3100,a8390cfbc5f5007a8535,0.1980460027763719,0.28390256629771554,-0.08585656352134363
3101,3e009e9024cd803f3b3f,0.4244918333372476,0.0021295401036780003,0.4223622932335696
3101,47d8dee6a387d1e01918,0.15483858673308035,0.8314695301289405,-0.6766309433958602
3102,90fd533f358147296876,0.1299722950024836,0.2634439522085333,-0.13347165720604967
3102,b46961348d42b0328f94,0.6952946966086483,0.105518690921129,0.5897760056875193
3102,e17594afb34e389a5139,0.6991651762990964,0.9360987260086915,-0.23693354970959513
3104,0a9e2cf15be5b46ba0c9,0.9209453013405541,0.08949642249397101,0.831448878846583
3104,8352e5fba6c050d216d5,0.00023291389551200001,0.4457821460211395,-0.4455492321256275
3104,8e94611625e1cbeab7f0,0.0018156968009070001,0.2366740816409365,-0.2348583848400295
3105,30afebaa6a820a7b406d,3.7077211009774945e-05,0.2008339579891355,-0.20079688077812574
3105,41a221cedca6e827a5d2,4.305063306690135e-05,0.4914324752850481,-0.49138942465198115
3105,aa2cb426e3bb419245b1,0.5387053380443311,0.00021248473947476466,0.5384928533048563
3106,f16cab9d0f90b27d5918,0.998929336774493,0.6612626403933356,0.3376666963811574
3107,dac5bf80e33f8252639a,0.729105312531971,0.8993806185260156,-0.1702753059940446
3107,dafa17df12b88a01633b,0.15623376178868,0.212401149286525,-0.056167387497845
3107,df549b875438b4dc1d94,0.7390497157945115,0.39458617467361806,0.34446354112089345
3108,078c8b332b41e6bb372f,0.20781004291417102,0.0008275986953030001,0.20698244421886802
3108,14f06c6c52b7676488d3,0.720154176509549,7.694350977357737e-10,0.720154175740114
3108,d0abe306f9227e7af514,0.9677496686465521,0.5030221127855541,0.464727555860998
3109,8df99ec603f997732247,0.6374939462066064,0.15511050755260253,0.48238343865400385
3109,9e23f198239a09a00265,0.4432477192311611,0.46321054631811603,-0.01996282708695496
3110,223bf0a0660167baec39,0.10180561690835001,0.073484958910721,0.028320657997629006
3110,e27012c325ec429f0427,0.35400077699478466,0.6623377019884941,-0.3083369249937094
3111,6d1cfe114ae4c9dc7a7d,0.024286504029449003,0.00041528165639207013,0.023871222373056934
3111,8f3385dcb7ae23c4016e,0.200794931265312,0.6120083149699616,-0.41121338370464955
3111,ccf570d0805be5a2a615,0.012010853036521002,0.052407008345573006,-0.040396155309052
3112,439815b360cfc300d8df,0.27759197491049104,0.4074639908373685,-0.12987201592687747
3112,5bccf976d2d0392ab851,0.000580684432199,0.5496345250292135,-0.5490538405970145
3112,78f633b142450bc40e37,0.12670493500017202,0.191488262270738,-0.06478332727056599
3113,834142c3019e45708b43,0.14519887816638502,0.0649954196444165,0.08020345852196852
3113,b1722fe4a1dbf75c8d93,0.033418579699602005,0.21962988824134902,-0.186211308541747
3113,b25d703888e78f4ebf24,0.27813169032709323,0.682505636862279,-0.4043739465351858
3114,15f425c659fba4ce2917,0.3433826667620347,0.5172508611742666,-0.17386819441223184
3114,5e4a9fea8423f08d690a,0.369489701640687,0.1860950515506825,0.1833946500900045
3115,248484fac7cd9db65039,0.6762677084179435,0.485150313484424,0.19111739493351948
3115,7c895b2224f42e05f2b3,0.579773346399937,0.795070499782439,-0.215297153382502
3115,e7483e4777a7d3157c39,0.0802898816145814,0.849673777794488,-0.7693838961799067
3116,9e94caa645c93038b4cc,0.06234329791544368,0.612803397149392,-0.5504600992339483
3116,d9d54c6394f64281191a,0.038323996950545,0.4339363076276275,-0.3956123106770825
3116,e7a3c22533e2d1c33949,0.8846471277334431,0.3319644188582365,0.5526827088752067
3117,6104730ee302ae986192,0.027180120630306,0.6561661324760781,-0.6289860118457722
3117,7586af96291255042b65,0.0021601048548390003,0.00037075374813171856,0.0017893511067072817
3117,fd5d2867a9086cb0d615,0.075993285557424,0.0016390884235640002,0.07435419713386
3118,34bcabbe4278b7fcafa6,0.024413632770387002,0.9102961672382326,-0.8858825344678456
3118,8319bab75df74dc90f97,0.3767979453488304,0.06365352969697101,0.31314441565185935
3119,49939f1f46d13ceaa722,0.192388619688505,0.229067384568055,-0.03667876487954999
3119,afce768b97e788e9b337,0.020443252818195,0.22711165993257254,-0.20666840711437753
3120,400ccc8ea7ca3b37f544,0.052829387777985,0.841829372880563,-0.7889999851025781
3121,88f723d722687815f6e3,0.00017382704935400001,0.17651355054206952,-0.1763397234927155
3122,5bb9d4f0f705dd5995fc,0.001692834537338,0.40810674579760303,-0.40641391126026505
3122,7c6d0b13964dbcdf3fe1,0.033737095334979005,0.14073042337747452,-0.1069933280424955
3123,3ef9cc5ecfd343516e8d,0.011582246172206,0.45695060482348354,-0.44536835865127755
3123,65df183329b00221703d,0.4788338672015449,0.6110768902000425,-0.1322430229984976
3124,331d8e991d2e98e878e3,0.651077193285682,0.47019868867428405,0.18087850461139798
3124,5d8b8dade08399786630,0.11269153870465601,0.48773612595767457,-0.3750445872530186
3125,666387c5347562cb0057,0.831705886885655,0.8038207362496556,0.0278851506359995
3125,816e63a5e85837cc1e03,0.5201864660764101,0.3233202814973915,0.19686618457901855
3126,10b0f3e82762037e90dc,0.5871918335299843,0.0035972720339030005,0.5835945614960812
3126,73898865edbeb13cc420,0.4975293944121005,0.5752329368203165,-0.07770354240821603
3126,f5410099684697820075,0.435803492175853,0.38011318548396905,0.05569030669188396
3127,6277b9548b38974e1889,0.42661788756450203,0.16547936363885252,0.2611385239256495
3127,c43cfb452a09b38eb703,0.013116375700869001,0.17547778316825902,-0.16236140746739003
3128,99a4bf3b59af18a55f69,0.3719992824021508,0.17367800297673502,0.19832127942541578
3129,0dcd2f55ee194553827b,0.15193532173541752,0.0877159307492855,0.06421939098613201
3129,22459598a034c058e1ab,0.9432755487208807,0.9727201616513476,-0.02944461293046685
3129,6b897de830749c0cdf5c,0.5468010386358095,0.4842477577281201,0.06255328090768941
3130,15a0647e6f843d1b4602,0.005475412430627,0.4911303100823565,-0.48565489765172953
3130,efdfc2db2c133529054d,0.000499926344773,0.5684000236071935,-0.5679000972624205
3131,0072639d1fbc5103d5b3,0.4324382819829971,0.016202203134913003,0.4162360788480841
3131,1022c66c7314cc1ae54b,0.1984116617516248,0.006652940555662,0.1917587211959628
3131,2bc8915ecfd87883d66e,0.50850674299719,0.5418587535244106,-0.03335201052722059
3132,bfe19657e3c4c4f09951,0.647339920161155,0.28267915418493406,0.364660765976221
3132,e80f549d95879601feb9,0.0008652225076925,0.46252791503210505,-0.46166269252441255
3133,04616e0e9107a63e1881,0.0024470784940580003,0.4017742900112609,-0.3993272115172029
3133,96ed423c8e11e0cc5797,0.004410264511285,0.7661261407697051,-0.7617158762584201
3134,255adfbb6a7ccda4f722,0.010235240474229,0.6359719438696491,-0.6257367033954201
3134,b1ff9b5d094bbe8c7910,0.39469119925905227,0.6854668211943875,-0.29077562193533524
3135,ac6c200fa38a87be34cc,0.47715405929478627,0.0071293593780030005,0.47002469991678325
3136,0d71d08b189f3c972f6e,0.747254288466456,0.37798909456080254,0.3692651939056535
3136,3d6839f7958115d5a556,0.00456585418731,0.5186418620272346,-0.5140760078399246
3138,2543ff3fc4770cc98ec0,0.004462626333426,0.820738745432789,-0.816276119099363
3138,3c8652881377653656f2,0.010200324946452,0.9114998959783236,-0.9012995710318716
3139,29cdbe1dcc4454f98067,0.334670762025835,0.21227732425689702,0.12239343776893799
3139,684c773ab11e5d9fb7ce,0.6592828955614963,0.7750650621551465,-0.11578216659365015
3139,e4f70a9359abbfbcf3c0,0.0405735566727635,0.0114469538778715,0.029126602794892
3140,38063ffaff43e767c7f8,0.5400078589288541,0.12322356555479201,0.41678429337406203
3140,c99b450418ba062fe15b,0.014706892132572001,0.48787645887565806,-0.4731695667430861
3141,817fcb8c3dab0ce58673,0.92576627710012,0.30498874769542306,0.620777529404697
3141,c732d06355425e92cf2c,0.996184065020782,0.051229987792209504,0.9449540772285725
3143,11d6c06ce0c9519be2b6,0.008426981455822,0.2303768931370805,-0.22194991168125852
3143,3a5f4ad21427624802d4,0.9011794288688211,0.0185160617040445,0.8826633671647766
3143,a9661bfc245b9d26a986,0.00015723266769800001,0.7728268725706176,-0.7726696399029196
3144,325bef1ec0d885fba6b6,0.134475479453486,0.5002532912808351,-0.36577781182734903
3144,65ca9cbd1909d69f018d,0.046542255696046,0.9222932861223061,-0.8757510304262601
3144,fa68440726dfee846651,9.307295074537554e-05,0.1602412069925135,-0.16014813404176814
3145,043d05130877f4f9df12,0.6526761474569861,0.49844747654237764,0.15422867091460846
3145,3f9a90a6510faa26531b,0.4663233968639024,0.029133825320891493,0.4371895715430109
3146,6e85a12725ed640f4e38,0.746450932633359,0.46222123187690406,0.284229700756455
3146,b4bbe6e3db758d3cef4f,1.832935339439099e-06,0.959947521162343,-0.9599456882270037
3146,cc8a3a4190dab3837996,0.001277366417027,0.29886789262359953,-0.2975905262065725
3147,215c19a8154bfefa38d0,0.0006476363510740001,0.2968316951623285,-0.2961840588112545
3147,3c4969617e76afd825dd,0.17692547218075003,0.030828903871517502,0.1460965683092325
3147,d7d56a72fd8d882477f7,0.557458833523928,0.43905202342832955,0.11840681009559845
3148,97ebcf04b61b2c075443,0.12683280746687461,0.420417884313444,-0.2935850768465694
3148,a737f41d860d8e67e7b8,0.5110947977341851,0.8472069409071936,-0.3361121431730085
3149,08afbe918a8cd1708998,0.012570393387182001,0.4817411043757875,-0.46917071098860547
3149,43b535d342c99bb7564b,0.3665693392006785,0.28267400299551354,0.08389533620516498
3150,0998c37f5d757a8d8d49,0.003679045033568,0.46863975665730806,-0.4649607116237401
3150,f450fcbf664e96aa7b26,0.000171124665029,6.29058133157563e-06,0.00016483408369742439
3151,2b962cc23bb160b64517,0.06817654457687901,0.4761888042587116,-0.4080122596818326
3151,cee664b110f63cf95bd3,0.766379670940729,0.2159801853545645,0.5503994855861645
3151,ee1b3fe320d6ff9825f4,0.024102166005919003,0.225465792092734,-0.20136362608681502
3152,1e4fdd0180e5056569b3,0.5580316091684351,0.38463474159999356,0.17339686756844153
3153,0563e6e54a119417d6f9,0.23289216561072254,0.8684415650084572,-0.6355493993977346
3153,884845092402e9ce4747,1.033311515909329e-08,3.0146805039871058e-05,-3.0136471924711966e-05
3153,8efc49ce20c6b3364b80,0.318067021125237,0.5004691758969161,-0.1824021547716791
3154,1efb418cc05f127e0782,0.278662215666478,0.783666022393633,-0.5050038067271551
3154,d2a9ee8e9d97f612aff1,0.9916070587154171,0.2685402242150903,0.7230668345003268
3155,0c1a11e8682780e8476b,5.923730403567287e-05,0.7779877610025081,-0.7779285236984724
3155,60d80c1df8ebeed18865,0.442805812335327,0.37279093113963,0.07001488119569699
3155,6c9821486bb9583cfb01,0.31734473936795704,0.9949322275649186,-0.6775874881969616
3156,0cf50ee3167f5a828bce,0.3127931269107405,0.471680398927503,-0.1588872720167625
3156,ed5f53a6c48f2cded630,0.5211477728042688,0.9868034601887565,-0.4656556873844877
3157,bd048307e8b040484dde,0.6699113154953491,0.5205459582214236,0.14936535727392553
3157,c76c17ea5bf64dd1f7f2,0.3254116852210017,0.0028025280242690003,0.3226091571967327
3158,477aa3294e3f5ab43340,0.547251481510718,0.0429332415316275,0.5043182399790905
3159,6defe4796ee5a43fa65e,0.06838967638009615,0.05780137212968713,0.010588304250409013
3159,acb5e74eb5665a9ae5b2,0.0703054204858155,0.984991415847859,-0.9146859953620434
3160,4280820f32d40fec465b,0.5649224960687076,0.411683351357139,0.15323914471156858
3160,db02e968c571dbe2d05a,0.2721217642994662,0.5181039209942115,-0.24598215669474532
3160,f60447b7d06cece0bc08,0.4707654715770724,0.0972241951342995,0.3735412764427729
3161,94bee4d22c22eb3aef90,0.29098102430601813,0.34637608470757103,-0.0553950604015529
3161,f3b739a44b9a92a1d11c,0.6312460150072355,0.24203154194462004,0.3892144730626155
3162,1373b0acead547599531,0.010789419561696,0.6603135777568531,-0.6495241581951571
3162,8dcc7f3c424750806787,0.06192518480557427,0.45437122831534027,-0.392446043509766
3163,62827f390e54837e2918,0.19807291703249966,0.3611068780961865,-0.16303396106368687
3163,7e0a478c34f8d3a8e601,0.8502643999527894,0.663030096527991,0.1872343034247983
3163,e57a8c4e1fdd911e51c8,0.34302767983099525,0.1353121017975325,0.20771557803346274
3164,17ff6fd8328fa222d4c4,0.6006195259557446,0.0732146575564305,0.5274048683993141
3165,70e81a8334e4a1ca944e,0.6468364748173113,0.8680771348614031,-0.22124066004409182
3166,37919507fe67f9f94799,0.578490656992246,0.018687326884716002,0.55980333010753
3166,676a3c25f347e09bfb4e,0.019167383141098504,0.9982561174803115,-0.979088734339213
3166,b80fd0cb0b657859ffdf,0.9618483386710185,4.2942320020532884e-05,0.9618053963509979
3167,c8d27372d95d31473a19,0.26601121031044733,0.4831894363953515,-0.21717822608490417
3168,2193acac983f3b7d01df,0.00021209575118400002,0.26464790236379304,-0.264435806612609
3168,95121658c34557435ea1,0.48911836013715504,0.5660957134558571,-0.07697735331870204
3169,2836e88311b9e153b002,0.5956510996040291,0.31589592075388057,0.2797551788501485
3169,e8cbdfe3d979598ccada,0.37353299108457844,0.267172299944308,0.10636069114027041
3170,1c229fe5892ddfe1d083,0.8429792635040531,0.290392499533254,0.5525867639707991
3170,f2a172b9d7c761a9aef5,0.7514043453163326,0.015096859885576502,0.7363074854307561
3171,5701981e4b90c518c356,0.015535440724995,0.7349730724100936,-0.7194376316850986
3171,5e17e1994881cc800608,0.4506164109480815,0.5049779567315045,-0.05436154578342295
3172,534b04f86f915377e79d,0.5521813467710975,0.46978506982434404,0.0823962769467535
3172,b4642a7019cee1baeefd,0.9633349686197711,0.7277290386060975,0.23560593001367358
3172,c25f28f883bc68457ed2,0.4560318502330325,0.086811197324387,0.3692206529086455
3173,a993ab6efdeabd40fd57,0.823430614184076,0.9072176801440262,-0.08378706595995011
3173,e8eb57c0601534e41eb8,0.626324472100529,0.497190297493083,0.12913417460744597
3174,95b4a0dbb96a14a6fef5,0.000292476961617,1.4859500548239001e-05,0.000277617461068761
3175,5b2d3ee4b186542c25c5,7.358025108179831e-07,0.6411783607594721,-0.6411776249569613
3175,bafbb1a0857275c699b9,0.7853837042607681,0.9316447990228895,-0.14626109476212146
3176,f888222f1c87f97c3522,0.0008675779706154528,0.49724077029526903,-0.4963731923246536
3177,53447cee86a1ed749138,3.0883284794420837e-05,0.249910671865078,-0.2498797885802836
3177,ca33d8d48f111831dcc8,0.019530197923545,0.09686840104008851,-0.0773382031165435
3177,f024a0663071a24bfcff,0.00011599476181000001,0.9638550738742111,-0.9637390791124011
3179,434fc458f107a3d5a1dd,0.023303067835505002,0.7247859863526076,-0.7014829185171026
3179,a495b9c5ec69c3da02a0,2.181100248715077e-05,0.48670145230235207,-0.4866796412998649
3179,c3bbfbd336924d630332,0.3567470733075809,0.0010417551933180002,0.35570531811426287
3180,01264a8b778b00d5c49e,0.007019550264965001,0.5267579869799225,-0.5197384367149575
3180,40c628ffe3174d83b9ad,0.833693405264551,0.9504594547816017,-0.11676604951705061
3180,8d0e081607968a3f2b35,0.173616578319844,0.5746069215276656,-0.40099034320782156
3181,2bc7f7cf1247aad84fe4,0.0273039315403065,0.00844093221498,0.0188629993253265
3181,431136c0a09f425a339f,0.034383168970392,0.00017475734587500002,0.034208411624517
3181,79bc283126faf51677a8,0.4779111731004106,0.6909229581311036,-0.213011785030693
3182,0e2406a4614b97192772,0.10917345999625801,0.35199953729266054,-0.24282607729640254
3182,9dce33700f1c1a24a803,0.7018925158546071,0.8801170222952436,-0.17822450644063648
3182,aa06d7290f8eeb8137ce,0.622158880523571,0.496973780927635,0.12518509959593604
3187,2557eecbfe21ef650ea8,0.236586094261801,0.02799500302741346,0.20859109123438754
3187,8f9221db85f461fefb51,0.00014616700920900002,0.059240215428336004,-0.05909404841912701
3187,f4b531d0e7832a257b5a,0.06268945653735879,0.17374573876429403,-0.11105628222693524
3189,7a4c17d22761ff156ea8,0.6318791324723237,0.898977874887921,-0.2670987424155973
3189,84fbfb47981e9173d3af,0.35400086600519437,0.09781622350773601,0.25618464249745837
3189,c32d5d5966066e897199,0.6093914342554371,0.5745901652048231,0.03480126905061398
3191,b34292b629418bdd616b,0.002162186018862,0.18986845978043954,-0.18770627376157753
3191,fc4abac147b22cab0d63,0.4297873462362025,0.49316039112276155,-0.06337304488655904
3192,d720f4e9aa70e6b76de3,0.330117804434755,0.4824278802037445,-0.15231007576898947
3192,de7556445df587901679,0.24236240757938235,0.0157316580245805,0.22663074955480184
3192,fb0708103ae7ba83e97e,0.3058894282015577,0.17798398948905553,0.12790543871250215
3193,7953c80f438971cbab02,0.9952291174651886,0.49765409505123553,0.49757502241395307
3194,a156811ddbe7d3cfefc1,0.0016827245849150001,0.376375234613922,-0.37469251002900705
3194,a766005c2d61a55d75be,1.16902452451027e-06,0.2865740883430025,-0.286572919318478
3195,88960055ea425e4e8b57,0.013355966251574002,0.8193489383974936,-0.8059929721459196
3195,fe8cde549592cf5d02ac,0.00026825673883400003,0.0637281143761845,-0.0634598576373505
3196,38de0d869abad98e40d7,0.23217843229555732,0.534062649194621,-0.30188421689906364
3196,732ec1ebacb0d0731310,0.31598119725893026,0.7301063721107915,-0.4141251748518613
3198,106a2918a081fb9bcc0f,0.0005361116031140001,0.7574151322959035,-0.7568790206927896
3199,72e6fab69393fcc7568a,0.08930176066418101,0.17705195887609101,-0.08775019821191
3199,ab3ccb456e7a7c03e3c6,0.6613486501205025,0.524364901551828,0.13698374856867446
3199,ea41c603ed5f73f8d570,0.35769911395782095,0.08379922899349868,0.27389988496432227
3200,0b2d225ad091ea9fd384,0.011666545443917,0.08857846493039101,-0.07691191948647401
3200,1c45a402421335ef013a,0.21186477831830802,1.7534919823311694e-05,0.2118472433984847
3201,053ddaf8c9aeab24b618,0.23281114512575432,0.8820145437882816,-0.6492033986625273
3201,64595da4ee4a5b35b4a8,0.0009147000261170001,0.676340280074266,-0.675425580048149
3201,88c65c631f4c48a6620c,0.46407373942022606,0.6453552809701855,-0.1812815415499594
3203,ece3d8e0778813796a9a,0.464040309218939,0.6258025417012005,-0.16176223248226151
3204,c142f30ac587e4c8d3aa,0.7035186566228225,0.010470276416155501,0.693048380206667
3207,4e21a9595504e82e7ed5,0.009651491270167501,0.8311215551724296,-0.8214700639022621
3207,9b689bd5c5e0a1b3eff1,0.17210384983640753,0.9904135058529566,-0.818309656016549
3207,c9e62fa024c4bea6f1a0,0.4638673180203155,0.553880672879308,-0.09001335485899248
3208,7a1f2fb150fc4ae7c5df,0.158020795292615,0.47427298404207907,-0.31625218874946404
3208,cdaf913ac391538e8892,0.5088125048204071,0.5038372923196011,0.004975212500806014
3208,ea5aec96227efb9addd0,0.513569380569975,0.9953117364403116,-0.48174235587033654
3209,86a9746de236f9ea32b1,0.06741548200337301,0.06054310715807001,0.006872374845303002
3209,b5c321e880f30d8c5263,0.5994192860787946,0.261926413578985,0.3374928724998096
3209,e9c2aad44e6c111eda12,0.4031131105585918,0.3136723046386085,0.08944080591998327
3210,424bba356ea2bfb0fb1e,0.00907073590913,0.9431132651802625,-0.9340425292711325
3210,938fd42aa46fe59c1c79,0.19785055904520574,0.9769004164789385,-0.7790498574337328
3210,f01bd48aed0d359e6764,0.14011134420152802,6.512048674309982e-05,0.14004622371478492
3211,5b736a2edef9b148e905,0.0899679199702515,0.5087610488157801,-0.4187931288455286
3211,f9321473f2513d10c749,0.198743533702674,0.945614504769792,-0.746870971067118
3212,8c6682c9bf8ee2a5c74a,0.010336161173567001,0.5006178105250301,-0.49028164935146307
3214,83350a43434fc7375a7b,0.035235003046370006,0.010543564594046493,0.024691438452323515
3214,b7e776c2505af403e3b2,0.2755307201820522,5.175906452043237e-11,0.27553072013029317
3263,5cd97ab6a9eb491d51c4,4.91853421108942e-06,0.021408021073281002,-0.021403102539069914
3265,3c160d4b17d85ffcbea4,9.477384294262162e-05,0.2456217604762811,-0.24552698663333847
3265,e7c67279552e68dcb125,0.32542424151945604,0.056029383916583006,0.269394857602873
3266,3a2a5bbcd7e292217286,0.35535591133027505,0.23709764802702102,0.11825826330325404
3266,96de27e166bfd6efd2ab,0.34649515070277803,0.5033154982242996,-0.15682034752152152
3266,f3a2c031ef6c761e0532,0.36841566960293204,0.7291143717349136,-0.3606987021319815
3267,fc84d2a605d6748da54c,4.782397093594559e-05,0.686926808068931,-0.6868789840979951
3268,4c1fcdc6e715fd7b6228,0.042396035906499006,0.202989779271525,-0.160593743365026
3270,27eb882e9d7a4d5b6b1e,0.293656584957598,0.3485321903375065,-0.05487560537990849
3270,44cd40309d3497ce8123,0.623750380115976,0.5552451488947255,0.06850523122125052
3271,28320fa1dd53c9e74b3d,0.6106676333327757,0.32653230127298655,0.2841353320597892
3271,75f944a613313ac7aa35,0.8097902157864171,0.8892506442793681,-0.07946042849295099
3271,b934c02ddee249654114,0.003038373401816,0.5348001617307255,-0.5317617883289095
3273,44552a072495dbe0e805,0.766781278628739,0.9488474503810131,-0.18206617175227413
3273,a27d27eb4c00f0593ca6,0.284320871540907,0.9966745003782851,-0.7123536288373781
3273,d915474318ff29f68cf8,0.7544546141306041,0.43828571386135357,0.31616890026925054
3274,6076bce95fb4c0d0d87f,0.18931521420076752,0.5028580139500035,-0.313542799749236
3274,b44b2231ead4f2c5a571,0.4865982744273875,0.558392902265088,-0.07179462783770046
3275,99e4582b664b26888183,0.034019164833089005,0.5016625362443781,-0.4676433714112891
3275,da8bf2e1397171069fcc,0.06300967360048801,0.9783941964126315,-0.9153845228121434
3276,be4a1abbb5dcc20023f8,0.06842879684764701,0.6270086262555405,-0.5585798294078935
3277,4485990feb81dedf56be,0.928441473164878,0.9330818887515586,-0.004640415586680602
3277,50f2559f897e2fc31ea6,0.13035127959147202,0.9854673524317481,-0.855116072840276
3277,e4ca89e9eb09ad7d5a50,0.578243965502041,0.4047286280727326,0.17351533742930847
3278,cc3436f08f0af592cdd1,0.4250983708188775,0.5002184611717375,-0.07512009035285999
3280,3205b13aab8e49f0ceb3,9.457923133179145e-06,0.0450826074290955,-0.04507314950596232
3280,79b09f0efaf0dc83fc3f,0.057193855191155,0.44829174469050054,-0.39109788949934554
3281,0099a495a03083de0be5,0.0050070976563600005,0.03902307102199801,-0.034015973365638004
3281,9761487b07bb24f462fb,0.815956036516689,0.0468990063484785,0.7690570301682105
3281,ac133582d21949854e37,0.35800975397823853,0.052408132935790504,0.30560162104244804
3282,972b2461d88e1845cf13,0.08062982647869701,0.0005252315285810001,0.08010459495011601
3283,1d2a667637fb2791c7cb,0.6939984507020087,0.5532992487176551,0.1406992019843536
3283,61d60c1291bbbe78d268,6.945602303576524e-07,0.564062962864471,-0.5640622683042407
3283,f95ef55d7497135001df,0.304718024485076,0.057346086056284,0.24737193842879202
3285,00fa06f04ec90961776f,0.46364256732463005,0.6622329068368346,-0.1985903395122045
3285,3879f944213bca90f470,0.320659574056025,0.351646297940418,-0.030986723884392997
3285,9c72c3152cfbf49dd1bd,0.4471886154774337,0.44514304817402456,0.002045567303409157
3286,0f320b2522783a8a5c56,0.025530047003646,0.35604441038649504,-0.330514363382849
3286,9702c646f522ab50224d,0.7161250930516145,0.9619212737212661,-0.2457961806696516
3286,f5e8534e3e2a59fc991f,0.32151799700675204,0.49973257250502007,-0.17821457549826802
3287,0abef0884db24e82f0a0,0.007367098686552001,0.6713972835106136,-0.6640301848240615
3287,663d3e8a7f9e58720d5e,0.9192829757752621,0.26313203494741455,0.6561509408278475
3287,697390b83b0b068c3a04,0.000992023905881,0.020610614037352502,-0.019618590131471502
3288,5eb003b97d928e8d5237,0.006084952226126,0.4167466977279215,-0.4106617455017955
3288,ebbaf92bf54ac097b3f0,0.3466519308180987,0.41093200171574557,-0.06428007089764687
3289,88645a46ba9f3959b9bf,0.0006512475189440001,0.617955683730431,-0.617304436211487
3289,9b7f4b8e020d28068da4,0.021678500737889003,0.3580663693660455,-0.3363878686281565
3289,e2068e71ffd9fc5e4646,0.04460586955219967,0.8914281245839301,-0.8468222550317304
3290,01444bab2fa3f92a38e1,0.16352976846727452,0.8136241536502296,-0.650094385182955
3290,01a5301708cf54196972,0.36455319911043255,0.10365313749211501,0.2609000616183175
3290,a16813dcbcd7a1dd67ce,0.19548744325817702,0.391828796774517,-0.19634135351633997
3291,46af1cbad7115ab30028,0.08362793336170901,0.9617444024295541,-0.878116469067845
3291,75d50ab9bbc295f722b9,3.494295007502254e-06,0.1969267957268075,-0.19692330143179998
3291,b66f1dfb8a7ab5f62316,6.74232396377466e-05,0.066094602677168,-0.06602717943753025
3292,3bdd4234a133eb4e682c,0.367163805880663,0.0034189035174775,0.3637449023631855
3292,4a26adcfdef2326208b5,0.6688795184462374,0.3130788901960975,0.35580062825013986
3292,d8e318b00d83961c988a,0.386000514957339,0.367593506555854,0.018407008401485014
3293,8286195b6494e0534087,0.511488374637982,0.19604454439290553,0.3154438302450765
3293,99e7b55e12e9f47def35,0.47791594451364605,0.005762141790628,0.47215380272301805
3293,e0c71a67a968a92b931e,0.006424262399849,0.46168659750053404,-0.45526233510068503
3294,7a31eb3977eaf9e3d4c1,0.072432676276918,0.8463860018222901,-0.7739533255453721
3294,8b667abb2e5ab4d11a07,0.7040447169015337,0.8348430134631661,-0.13079829656163244
3294,fbbda96a559d4991ed7a,0.000359703818615,0.5034997720286075,-0.5031400682099925
3295,94238a370faf703bdc27,0.12122300146931701,0.799526631961446,-0.678303630492129
3296,8f8bf29d7e17fda6ffb8,0.5440016599117701,0.21358166770639403,0.33041999220537605
3296,f188a3d82bf37e15871a,0.183856485659513,1.643868835427656e-05,0.18384004697115874
3297,349ea1e3318ad248da4f,0.034773577508567,0.45623637434878106,-0.42146279684021404
3297,b25292e2ff28b0c71921,0.968050420802336,0.8050742330576875,0.1629761877446485
3297,fb4cc8ae86c2fa05e165,6.166252869827566e-05,0.16557008613843952,-0.16550842360974125
3298,aec249f69fb8a22cfe36,0.097643065419331,0.503832408134067,-0.40618934271473606
3298,c909973b3c288d7458b3,0.034997627761240664,0.9661380679638866,-0.9311404402026459
3298,fd69ec9baf74b2f40b26,0.41361895984768204,0.512314267897756,-0.09869530805007398
3299,42a45d292180f5946cd3,0.47070009054968404,0.7780307377617455,-0.30733064721206144
3299,9502345026788b3bbfc7,3.034817399486911e-06,0.19680869091055953,-0.19680565609316003
3299,f5b36a90125642bc90fd,0.0045160981147960005,0.872812011209108,-0.868295913094312
3300,af359c77ee817545e461,0.064062464019578,0.171546204644852,-0.10748374062527401
3301,19a28d85c0c45d424fd3,0.605794147821709,0.041223222072646185,0.5645709257490629
3301,4b6a66f1f890c24ad4e3,8.056627963987612e-05,0.0005192866868835793,-0.0004387204072437032
3301,b15cb9a27ef71ec32749,0.53478706583835,0.210742451296403,0.324044614541947
3302,1b6ba376b77ed6f3eea3,0.38647099104242005,0.177074543991378,0.20939644705104205
3302,94fdfbbd76ffa33c4c5e,0.200600468634853,0.15630634990852202,0.04429411872633099
3303,00188d6a4b669e73e1e0,0.3876831260753445,0.061727996899299004,0.3259551291760455
3303,a3141b7532f8d953bab5,0.5847382050132746,0.001674712664522,0.5830634923487525
3303,ff92dd6954057453b969,0.3923560107751835,0.011503242002008002,0.38085276877317553
3305,936b8f5980d110b17edc,0.15591159230405302,0.00016510053970667576,0.15574649176434635
3305,bda1bff994ee7c2bfac3,0.0009075848034260001,0.38649539665132554,-0.38558781184789953
3305,bf0d37a049016350cf12,0.016137818682041002,0.0488615641076515,-0.032723745425610504
3306,db94d7633caaabcb6900,0.08226630220401301,0.9831041191568946,-0.9008378169528816
3307,9f6230d03e6dbaa6097b,0.7299236913366697,0.8221016816189146,-0.09217799028224494
3307,e51237919739503bfc23,0.6446019307275643,0.9961028707474426,-0.3515009400198783
3307,fc1cb7b3e5fe60aadf45,0.3184323362079819,0.14530478764850052,0.17312754855948137
3308,b1e8ade22db351aa8c81,0.33197067212118775,0.8991994716032721,-0.5672287994820844
3308,ecceb0a57939d2579e62,0.514730377836074,0.9993144915202365,-0.48458411368416254
3309,7122cd14ca8c9fe25271,2.06914450548731e-05,0.7990442318177775,-0.7990235403727226
3309,e82e23e531c83a00439b,0.3775108113679328,0.500275609873803,-0.12276479850587024
3310,2f6e7d8a058d2daa3036,0.0753143335814475,0.03466873152745051,0.04064560205399699
3311,7319179214e6a4edfe42,0.7185730936110121,0.46988133046169156,0.2486917631493205
3311,89698235b8a0f61b2691,0.0551535249369795,0.8138188589776816,-0.7586653340407021
3311,dca23c4dd492837e645c,0.2867971203492307,0.03425352968691444,0.2525435906623163
3312,4795e54ebd6cecbaa3df,0.909279921442215,0.7071148778223686,0.20216504361984644
3313,45983ecea31d47630be2,0.294137730570366,0.828634643748813,-0.5344969131784469
3313,96c1d78b7910338dea39,0.030997910862745004,0.48882533753639906,-0.45782742667365406
3313,cffb5e45647430105a3d,0.25041065432737203,0.090505488670147,0.159905165657225
3315,41b1cb14c883bb9b85b5,0.08188603113218801,0.06670951567979601,0.015176515452392
3315,c15b214fabd27dd4d062,0.26762426920576005,0.009766169965170001,0.25785809924059006
3315,e53cf0322d86e73c5a8d,0.49426891344736856,0.3671046456133305,0.12716426783403806
3316,35faabc9b082aa942b0d,0.64824697342849,0.4098483458369645,0.23839862759152552
3316,782d9478dbf88c46c69e,0.9850773010363091,0.26243920429264,0.7226380967436691
3316,a27719e15e360800ee69,0.689630548310191,0.9400897547778007,-0.25045920646760966
3317,4713d258dd1a889d120e,0.3758186558745378,0.147730222957925,0.22808843291661277
3317,de3272a64c9b2bf6abee,0.1750887412864025,0.021981780373809143,0.15310696091259335
3318,5efebcdea7b41a1b7d1b,0.208055364871249,0.43218391300317655,-0.22412854813192754
3318,83bda324cdc2c6254355,0.0006052118746080001,0.498962308289371,-0.498357096414763
3319,2e4b37e3ee29617c5bb6,0.701956079169723,0.4810540609296603,0.22090201824006273
3319,4f4243bafc4fff9f66cb,0.047963413353067565,0.39347048089325254,-0.34550706754018495
3319,7d75e90d3bc68c2acf57,0.6475134898148951,0.009952192458001,0.637561297356894
3320,853c5901f288a5a5405c,0.9680840462369901,0.189654703358307,0.778429342878683
3320,ffb8e50f60522337b233,0.09527317526413401,0.7961430044191171,-0.7008698291549831
3321,bcedfbf194698ee2c508,0.5375453342988885,0.3889301962540635,0.148615138044825
3321,d2caa639a9f412ed6238,0.009883708746611,0.0030837758547180003,0.006799932891893
3322,76bd51e097199d71cc9a,0.6136475877409671,0.3908444277550885,0.22280315998587857
3322,8ebe3cf7bf06c79e08f0,0.35699450134659405,0.8935812155858466,-0.5365867142392525
3323,a331e02ac74202f21d20,0.032772244924479,0.6770263652067736,-0.6442541202822947
3323,c0d13f34adcb65f9633e,3.1235218249901294e-05,0.47396171483424104,-0.47393047961599116
3323,f822102773bb8eec1664,0.39576250694542103,0.029018018553681,0.36674448839174
3324,0bae5d6b6bd0b8bc9df8,0.045400140447878004,0.5214230380697735,-0.47602289762189554
3325,66bfdb056d51274ffc9c,0.047094728491092,0.526907208603103,-0.47981248011201105
3325,a0d99c60f2c02bbdfa29,0.258014640194799,0.3704735917905485,-0.11245895159574948
3325,ae36e0698cff6c391cf8,0.076005226396616,0.508227681149033,-0.43222245475241705
3326,18fb5119de5c3936e47b,0.665277590325244,0.0655547723820825,0.5997228179431615
3326,1d51f0a8bcbd1009de41,0.48738937393534854,0.36132458794402506,0.12606478599132348
3326,b02a672f6c4e7cfa858b,0.7678873166411826,0.7351078936113786,0.03277942302980397
3327,547bf3be8b72fb5d0dd7,0.1806171344635107,0.4729178369111495,-0.29230070244763884
3327,a2c07f309f74f296cd26,0.47532378635548006,0.9987038512250676,-0.5233800648695874
3327,e522eadbd57fe253a160,0.13434647271083558,0.5131648416390545,-0.37881836892821896
3328,35244243f493110ac674,0.442844974220211,0.0006342531230195001,0.4422107210971915
3328,962239bcd3b46ab1e2d4,0.028816201590191336,0.48366566965750374,-0.4548494680673124
3329,07a4ee4850eb46c83dfb,0.686035932399465,0.1534459180823355,0.5325900143171296
3329,4667803c214d8f4df08c,0.5518219232086825,0.49305615846696854,0.058765764741713966
3329,e2d53b5a965fad350ae1,0.6384623632194473,0.08336875979419252,0.5550936034252547
3330,8f697970d56b3fb471d9,0.9760748675533981,0.9320223275773746,0.04405253997602354
3331,43e02600296b8ae6b3bf,4.5324210434756793e-05,0.9062391171239261,-0.9061937929134913
3331,75f83adcffed1a6751e0,0.626995371378338,0.5033369326769825,0.12365843870135551
3332,866af162a238163c42b4,0.45166027465185127,0.48130679085635075,-0.029646516204499485
3332,dd81ed42bc2a49fb4d15,0.525586523788236,0.983328345396727,-0.457741821608491
3333,347fb88c8da178e35244,0.6935018313376458,0.13371839836090801,0.5597834329767377
3334,ff5a9e5c421b3af9373f,0.28696968709238,0.8737589246545066,-0.5867892375621265
3335,6298582169bcad82ca9f,0.6691883395420616,1.3491361970787335e-05,0.6691748481800908
3335,65d0a8af86ad31719f99,0.5495024358099947,0.5017110268701885,0.04779140893980616
3335,b5b6eeaa3b1bff223263,0.569122123141503,0.7580737019154806,-0.1889515787739776
3336,44ec42f23e52ce122d84,0.22304835604574402,0.9264079769431666,-0.7033596208974225
3336,96428f2a4347e484409f,0.0020972936457675003,0.07948802215650051,-0.07739072851073302
3336,e515086566c7f70c7efc,0.07332317445743901,0.251672466844085,-0.17834929238664599
3337,07c67e3e3dda5075529e,0.0011772497478655,0.993917996791148,-0.9927407470432825
3337,16d45815141f02687ab7,0.5068411655122705,0.7552149521725726,-0.24837378666030208
3337,820a04a5cf2b194815b7,0.49327565113402894,0.5086913205879321,-0.015415669453903158
3338,4ca08c29ed19871181f7,0.022382725031779002,0.3658813496529435,-0.3434986246211645
3339,6c2f3e556ce2d0c4bd58,0.514857262266973,0.431501634760571,0.08335562750640202
3340,13de9f5f23c6de28f2c6,0.646179645969661,0.0172725064614,0.628907139508261
3340,1412c70bc0c9bacf3a23,0.14885842505767502,0.2846761987319375,-0.13581777367426248
3340,6b50be4e129bf2548ac6,0.00067994768173,0.6495597822720951,-0.6488798345903651
3341,14747ebfd978ea1df5d2,0.5933910137993941,0.7810228934306025,-0.18763187963120842
3341,21bb5ffd1c2eac581ce1,0.034985666842832004,0.760106900454975,-0.725121233612143
3341,9da768857beea833672b,0.00036619642181200004,0.20446555522501453,-0.20409935880320254
3342,414dbea9cda468585ae1,0.006904570934805,0.5404663262347591,-0.5335617552999541
3342,47f5b684eb437ef554eb,0.002377542315482,0.582322138207031,-0.579944595891549
3342,63d807fd582188172e36,0.14387028481940167,0.23857222554128804,-0.09470194072188637
3343,0da3beef9f9995eef138,0.0196088662719045,0.7986088524472446,-0.77899998617534
3343,4581e37b4786cbf727a2,0.49733921650197654,0.38366879692468053,0.11367041957729601
3345,095b83343e60ab89b650,0.7607353151165086,0.9005784170560366,-0.13984310193952798
3345,efd83ec700f6afebf0ef,0.4980476265731865,0.6902102208662411,-0.19216259429305454
3346,322add3d0cbc6249504c,0.09457539562226336,0.4759407095576435,-0.38136531393538015
3346,4e6c250cc7c6d02f6737,0.159436524769166,0.9872752081071505,-0.8278386833379845
3347,097f620f92839ceae597,0.523050724371349,0.000999545308264,0.5220511790630851
3347,2c1cfe1d2b01a1367c43,3.0079221064108596e-05,0.0028857324580175,-0.0028556532369533915
3347,8f2ff82931aa47ceab5f,0.08057701293173168,0.03534506726441462,0.04523194566731706
3348,9a2f5ee1f28ce265c437,0.060692934751509005,0.009326128546265501,0.051366806205243504
3348,e6896a1e91d8b001496b,0.43619978229960804,0.36290699196838905,0.073292790331219
3349,4d8ca4d20f0c29683670,0.012377472724367001,0.28055314827321104,-0.26817567554884403
3349,b623c172b3081d24261c,0.07592283838909801,0.22198933790275102,-0.14606649951365303
3350,4edeca3adc8646ede49c,0.013969558094259002,0.025927141147863503,-0.011957583053604502
3350,6278f94d2eb2365470c5,4.2096133780295555e-05,0.03791881942009962,-0.03787672328631932
3350,9695827d4b4cc1946048,0.518904591785964,0.5076198688764171,0.011284722909546963
3351,3e03dc15616692c0c5e6,0.319566650098631,0.31956353670118953,3.113397441467658e-06
3351,81d2f2cdebdfe1854ed2,0.9184951545851161,0.11995312253290351,0.7985420320522126
3352,4b2495efa29f2592f5df,0.060948187492028,0.344481766412069,-0.283533578920041
3352,6212cb787f1f5e6cd43c,0.08337983595611301,0.0005358566571565,0.08284397929895651
3352,feefea68c0f39ab2d6be,0.001875157339965,0.35841581048090254,-0.3565406531409375
3353,43abd7c2ad5469234a7a,0.37197939195285,0.84378250717597,-0.47180311522312
3353,805ea27209b765522204,0.496239958515637,0.4340356660011425,0.0622042925144945
3353,d1d3fbd90e042d4b126f,0.18208665406019464,0.46315307730617056,-0.2810664232459759
3354,b95335764b9d47457cd7,0.383704511645005,0.5371274698949681,-0.15342295824996305
3354,d1da39f0e0c047a46f36,0.000131309130476,0.08684299752640401,-0.08671168839592801
3354,e244215e2cb6dc7cff99,0.002324635845405,0.49812874979236604,-0.49580411394696106
3355,8bc863d42ae6f2521835,0.00025877119412700004,0.4526336333904731,-0.4523748621963461
3355,ac2b4d36ab5f1dade824,0.255204234227283,0.14348086110414535,0.11172337312313765
3356,020851140e55413ab7a2,0.020757569312734002,0.9718960249171565,-0.9511384556044226
3356,2426b47599c0d783c8a8,0.5560051013589681,0.496093034722902,0.059912066636066075
3356,52e03523b5040a9fefe1,0.5338423227778422,0.0003643556117329579,0.5334779671661092
3357,323f50de0b5ab4d806f8,0.414465636902113,0.47792097473800854,-0.06345533783589552
3357,8560022cfa0043459b08,0.093773702396653,0.6858392770327495,-0.5920655746360965
3357,c6e0eaf1b34368129b88,0.0035215139963070004,0.866435935218508,-0.8629144212222011
3358,4dac7e1d0d1c7b316441,0.3571471047807395,0.006245570485198164,0.3509015342955414
3358,b35f5489e3de6707352a,0.0006627847205080001,0.0065187873207225005,-0.0058560026002145
3359,17ee1570847c12ccb21b,0.000379606202407,0.49983611219461654,-0.49945650599220953
3359,9969e9880da9d720a5d2,0.20419964415621403,0.2163727800153275,-0.012173135859113476
3359,bc20b63030e634f7af93,0.30349561658972,0.6259788064419906,-0.32248318985227054
3360,cab9db860b87b9dbde52,0.048367423661526,0.36860403924593155,-0.3202366155844055
3360,ce2192f2582d575faa0e,8.67011496892158e-08,0.854552883582854,-0.8545527968817043
3361,043de8cbe8b45ef9e1d1,0.35955583087150805,0.08684576026930846,0.2727100706021996
3361,2661cb8ffb97efcea690,0.583203451235555,0.9723158544691931,-0.38911240323363816
3361,9827011769c5eb005554,0.0850461004448385,0.9224193351642511,-0.8373732347194126
3362,420470853dfd2465f75d,0.926977109813585,0.7959942013044845,0.13098290850910055
3362,b391a8d23d811c20d625,0.6273332434907131,0.274833609801949,0.3524996336887641
3366,5e51133c12d3f8cbf959,0.0013194273397710002,0.43216562277757903,-0.43084619543780805
3368,4fdbf96b2e693dcbe0b3,0.112323125455662,0.49276033406371555,-0.3804372086080535
3368,5cf545245b20b91127f4,0.07323377561790301,0.0281678073175575,0.04506596830034551
3368,82e3929ffb9ff563ad01,4.476484698726513e-05,0.5123746226365306,-0.5123298577895433
3369,4b423292cda99c69c356,0.569354124735922,9.138594804278195e-06,0.5693449861411177
3369,6d88136d84c9bc792940,0.00011192282078827326,0.572858243598406,-0.5727463207776177
3369,974efd1da6c2872c4892,0.16527092295551277,0.538040314894062,-0.37276939193854924
3370,56c1ea56472a55dad917,0.061643091278362004,0.16883015940322946,-0.10718706812486745
3370,d9573eada4d6092818db,4.8706216480492885e-05,0.49372564252083856,-0.49367693630435805
3370,ddd3c2eafe633fa1434d,0.8911168730778921,0.046714219044724004,0.8444026540331682
3372,02aa038152ebf342e924,0.7074923734519394,0.9477700324718346,-0.24027765901989517
3372,050fee4049f227fdbb36,0.05699900820538949,0.00025628410890400004,0.05674272409648549
3373,39e9a9d07ded765cd174,0.15379337524140488,0.4706550996539,-0.31686172441249516
3373,ef389db8e8930fff8a9b,0.028229162696632,0.3102623468539215,-0.2820331841572895
3373,f61a8ed631cee007ccb5,0.402236381112671,0.46639089337781153,-0.06415451226514052
3374,1350301fc89ae3e9135b,0.911991083677765,0.29290125799028205,0.619089825687483
3374,a1da932851946638a7bf,0.019646366928765,0.1053673310813795,-0.08572096415261449
3374,d91bcf7fad9a5e9d2404,0.953023373405474,0.1452053338172455,0.8078180395882285
3375,619a9ec87d1b77e683ff,0.007288508589320001,0.5425995823285941,-0.5353110737392741
3375,75dd02ec38e2d634393b,0.972338240081107,0.26518255750976055,0.7071556825713465
3375,c9971b3d61aecf82007a,0.41135524519619804,0.49267808000568053,-0.08132283480948249
3376,2ad534ca67fb0710da18,0.3260028626061264,0.22379120588869153,0.10221165671743485
3377,348209640ac40d574bb9,0.9390924924185411,0.5087608610362829,0.43033163138225816
3377,aacbe6ccf922d5193d0f,0.9188794875126161,0.462428463556588,0.45645102395602805
3377,c9f26f8c35c2028b9b5b,0.918236869181954,0.1006097941674135,0.8176270750145405
3378,43a084d6ca0a20f60f0e,0.14206067671351602,0.5144212146195221,-0.37236053790600604
3379,a0b713dd440317d9288c,0.1370694792021647,0.348591173881163,-0.2115216946789983
3379,bfe64d87a5f4c076697e,0.5085767772888443,1.076863822650021e-05,0.5085660086506179
3380,2d18501ecff33fcf6ede,5.586947072270849e-05,0.454034378895783,-0.4539785094250603
3380,6c9a802c3b906e51a72e,0.014173851949931501,0.5013359843640686,-0.4871621324141371
3380,a4dda2142f370bc426f3,0.19666338622123503,0.0036451173605380003,0.19301826886069703
3381,5d31d0c0a6a0eacb9ceb,0.2780714593371255,0.49973554190471103,-0.22166408256758552
3381,9c255bd48da611ce1bff,0.976922591893836,0.24354839438913553,0.7333741975047005
3382,1f7e28d14b8f7a2a35fb,0.5406899437008673,0.497144608307232,0.04354533539363531
3382,430294dfa8179b4cccab,0.1718307677320115,0.5570511843603866,-0.3852204166283751
3382,b28ad7f2c819a1c9e973,9.122090716627343e-08,0.0082518833408065,-0.008251792119899334
3383,174b332f79032a6074c8,0.211580492056077,0.7321040854596951,-0.5205235934036181
3383,aa8a359e6320da36e2b5,0.002329642892898,0.004962398896132,-0.002632756003234
3384,f7a2233ce9479959901b,0.2550462900573638,0.6380622025760481,-0.3830159125186843
3385,41ff40c13b81855c6687,0.3535443755723704,0.001408581378738,0.3521357941936324
3385,8def397149df4876ad1e,0.20570153750466635,0.043271573275266234,0.16242996422940012
3386,905b89a3f27c52f4e0a2,0.3727300264754315,0.9797016479864131,-0.6069716215109816
3386,9eb14fc26ac1c55c0c3d,0.23800034355940652,0.8905613712162076,-0.652561027656801
3386,9fc772911e698c59c423,0.8021480371594482,0.7761801127764756,0.025967924382972574
3387,7133f7a5fd58d2b034c9,0.007517888027114001,0.028524857704601503,-0.021006969677487504
3387,8787620cff1fdcd06f96,1.242057818797518e-05,4.7875870051680914e-05,-3.5455291863705735e-05
3387,9545b235e5bd146870b8,0.00176833464068,0.30208764945305455,-0.30031931481237456
3388,12ab46f4eb943b1918b7,0.3305925418311569,0.262146948312171,0.06844559351898588
3388,19975e59ec9c9152a0c9,0.14482265749931053,0.097973553306909,0.04684910419240153
3388,e23a1c3bed99893389aa,0.22874696891109922,0.5265269172130466,-0.2977799483019473
3389,45e800bd861c0f6feabd,0.0003450619430515645,0.9016500494903021,-0.9013049875472505
3389,81335f6286e3d8ca6f05,0.019652810712155,0.46744957209226906,-0.44779676138011404
3390,5262c1758af7a7c03d74,0.3642284376188025,0.07999772258813602,0.2842307150306665
3390,9145246054bcfc02bf15,0.029945766189273002,0.1694553760004785,-0.1395096098112055
3390,dbef0eb6f02387bb9673,0.021909491111778003,0.7319082612652275,-0.7099987701534495
3391,5694388b2d99a5ea8500,4.05941438249572e-08,0.140683417003045,-0.1406833764089012
3391,d1757fd34bb443d3e8bc,0.31477064857866993,0.6915336288337111,-0.3767629802550411
3392,04df72d0441223c2c5f6,0.0004439818241005763,0.17391580281085853,-0.17347182098675795
3392,3c4d1f1d3bd136db6db1,3.567650192461632e-05,0.04696005981810998,-0.04692438331618536
3392,a83768a56e69669ad3e7,5.752867578319104e-07,0.083802795791793,-0.08380222050503518
3393,68f1c24f55f9cfee5494,0.05981620134317601,0.1286885361483315,-0.0688723348051555
3393,68f46add49522fcd5c99,0.0073333959057490005,0.47579464898094254,-0.46846125307519354
3393,8fd43241d215d32fb3e9,0.402348604073056,0.3022452089978435,0.10010339507521249
3394,457dc33b7c29daaa6d75,0.3670705652787911,0.5041750238208935,-0.1371044585421024
3395,46334a7bcce17dc75647,0.784954001029145,0.10936126427074701,0.675592736758398
3395,7f6654f531e21701a63e,0.016717833590973,0.42954548751838406,-0.41282765392741105
3395,c6046c8a48415b7c2d59,0.06586873750838801,0.6870530866238066,-0.6211843491154185
3396,0eba25f9adffb005560c,0.323307177376957,0.021070079727529,0.302237097649428
3396,db8b0c948d21c277cea3,0.41398009934262203,0.2590185293692405,0.1549615699733815
3397,73f15813265bd02fe44a,0.014077663190179002,0.486564945148722,-0.472487281958543
3397,c34e1e48648ffaa861d6,2.902134473674098e-08,0.19362715967818303,-0.1936271306568383
3398,0f6bdfe044cb107d2ad1,0.6308437933049563,0.021916497119177,0.6089272961857793
3398,663c2d315ac9823e3e7f,9.10106185956984e-06,0.39033179634097004,-0.39032269527911045
3398,fe2fc1a72c7e6e318383,0.024942527635726002,0.5013148419312965,-0.4763723142955705
3399,a9dd97e555e8b34b52d1,0.000890020338741,0.37372768810570106,-0.37283766776696003
3399,c8e20326e513655dc4d1,0.5692465073063494,0.9153123759135866,-0.3460658686072372
3399,e4c3099a659d990949a2,0.000111165149484,0.032141028021284504,-0.032029862871800506
3400,2ba3b186704b7852031c,3.62588938536388e-05,0.485095992481888,-0.4850597335880344
3400,bd161d0483b8ea8a63d5,0.15371297903852502,0.1931298722336005,-0.03941689319507549
3400,de59146f778d74fba783,0.33268925089894225,0.508502162716297,-0.17581291181735476
3401,14a330614bf3163fa098,0.035729008590687006,0.43972141530476405,-0.40399240671407705
3401,5d9ac5caa111385d401a,0.005490142417111,0.1894868929110405,-0.18399675049392952
3402,7bf741341f52137c8ca4,0.021014965139768003,0.16734995162421853,-0.14633498648445054
3402,9b188c2f815cc9534864,3.101332227997983e-08,0.144405587935095,-0.14440555692177273
3402,cb6953d82dcfe3fd3f1d,0.145444961590309,0.4611084399558166,-0.31566347836550757
3403,232006ec7440d1bdd786,0.10639468756056,0.5228632100858815,-0.4164685225253215
3403,7baab18078654b7675be,0.11872821988440901,0.11972450739798801,-0.0009962875135789973
3403,ca9b2b5b5db1e4b64e6e,0.6897686253743697,0.0746053610420445,0.6151632643323252
3407,354707017850b4447e22,0.659951250135708,0.5020009863214775,0.1579502638142305
3407,98ab64b80c381db46d27,0.21774606362568777,0.239806263326471,-0.02206019970078324
3408,3f1b941a4fa4c456dc68,0.010069008159386501,0.47738912772617254,-0.46732011956678604
3408,8915a5819ffa6aac4e7b,0.28383699921257804,0.033774981237422,0.25006201797515604
3408,e69f91bb05fdad44e631,0.0034977622051340002,0.19751869567315103,-0.19402093346801702
3410,292571d564c419578308,0.5513189621538891,0.0869752773666743,0.46434368478721477
3410,ab994e179d4fa8b1282c,0.6841805257294801,0.292990825360531,0.39118970036894907
3410,ccde6781cd68ed8d5352,0.9777131811893781,0.43251149699512503,0.5452016841942531
3410,cf24570ccbb2bde41997,0.9659822238304531,0.50101963102811,0.4649625928023431
3410,dc7fb5ec003324bb3f4b,0.7884419127478991,0.18149781293560302,0.6069440998122961
3411,79d1c7b498ec867c7f65,0.9016371051293781,0.1180689271969985,0.7835681779323797
3411,b2fad00210f476164adc,0.0641222491624325,0.21960900396981053,-0.15548675480737803
3411,bdc1fc9904e202890214,0.4516447547711385,0.9922607845205861,-0.5406160297494476
3411,f187691340a0fdf4ec4d,0.7659945076023791,0.9289938581708206,-0.1629993505684415
3412,00ca33f7e11460aeedef,0.0006828872752200001,0.0010552632321565,-0.00037237595693649997
3412,634d942b96ff260d8400,0.21993211570608937,0.552900171721037,-0.3329680560149476
3413,3ea10c642f36a30d58b9,0.004471189213801001,0.7089978115619711,-0.7045266223481701
3413,5990bcafda00a80b33d9,5.858104854933823e-05,0.1934589233637775,-0.19340034231522818
3413,877dc5e3e0830e73dd2b,0.3084315659104325,0.436613328600825,-0.1281817626903925
3413,d915efd4afb8b0fe186e,0.393465760237627,0.002243855879401,0.391221904358226
3414,d8334609e9a7e7296078,0.09951310676458235,0.0017478935114455002,0.09776521325313685
3414,dc62bc542b0fa21fd2e7,0.3304080270554095,0.48948630237362106,-0.15907827531821156
3415,300e63bcaa2493121dd1,0.9236425979237111,0.5472061182436511,0.37643647968006
3415,34400a6ddcb670bd9890,0.5251066323111975,0.066739212228912,0.4583674200822855
3415,8794e2814e6488206901,0.10341696848217001,0.687989238407244,-0.584572269925074
3415,c77093574728b65352b9,0.0006251998117730001,0.2379276147606385,-0.2373024149488655
3415,e538885a6d5f0d6eb6fd,0.332941676324,0.18002302453213254,0.15291865179186748
3416,494c9046ef295eed55a3,0.377904854226614,0.17124752755216952,0.2066573266744445
3416,4964cf2304749e40e93a,0.43998766752870255,0.08349890254769102,0.35648876498101156
3416,5406a69116fb3bf1a7cf,0.39290868303011406,0.05751170559376209,0.335396977436352
3416,f3fa4e1fcc0e90c686a0,0.21328024934811401,0.003810807291531,0.20946944205658302
3417,45a97c2e1436979ab81b,0.04652972577549551,0.5057247344557635,-0.45919500868026797
3417,4a09cff9d7bd229bd794,1.7607629213021592e-08,0.047938277421030503,-0.04793825981340129
3417,77c36e89eb8f6f01fba5,0.08193089313954101,0.00019884732338500003,0.08173204581615601
3417,d10837aa1064185795e5,0.006258021146680501,0.706035654825633,-0.6997776336789525
3418,0a937944d55a868a7ea9,0.466948530763238,0.05124347486385,0.415705055899388
3418,a2322eee94565b129299,0.15884580618677652,0.39648613748815803,-0.2376403313013815
3418,a474aac06c3a5d72831b,0.047575563057444,0.022259974445861502,0.0253155886115825
3418,a782a44c7464c0e1eade,0.179069686317142,0.8508648796307966,-0.6717951933136546
3419,124dd5a6f629fe7ac97a,0.5669744360960317,0.8569945747733281,-0.29002013867729637
3419,6bd523937d3d799b422b,0.5558798201084288,0.6490909442160306,-0.0932111241076018
3419,83eb105c836094a66b5b,0.05298393002509718,0.5240801355481105,-0.47109620552301334
3420,654f948edeee69ce2d3a,0.00021370695593,0.022584941269686503,-0.022371234313756504
3420,b109acd0e64a9d4e521c,0.098651285397145,0.0014294777918760003,0.09722180760526901
3420,e05d6eab7f3083186e0f,0.007433502036341,0.153428652376398,-0.145995150340057
3420,ff3a7bc9a4eb824f9e03,0.0006901397612310001,0.41539830620451,-0.414708166443279
3421,937b1b876163265eb909,0.38757762069024804,0.032792806562294156,0.3547848141279539
3421,df669935652e642b89b4,0.44289169738181705,0.9890103856079481,-0.5461186882261311
3421,e10b7ef15aae1f48f94e,0.30392588215007604,0.24424429487044153,0.05968158727963452
3421,ee194e3968445a3d389f,0.25040720554865664,0.00804451863999,0.24236268690866664
3422,16f81e9f9bb4d149e2c4,0.06078387283077401,0.3070868581798725,-0.2463029853490985
3422,216b34fecb73605b68f4,0.054609705303820005,0.39633296004213203,-0.341723254738312
3422,58ce64aac13e94d27a56,0.070852346634449,0.47637213458747907,-0.40551978795303006
3422,f344b2acf67a61ace0bb,0.03676199014951,0.25339031732236095,-0.21662832717285094
3423,18799e0c94bb8964fb7b,0.5472617825122399,0.07740080156199,0.46986098095024986
3423,e647c63a68db4c71784b,0.6357219380195581,0.016325975202034503,0.6193959628175236
3424,036448ee4f594f999f89,0.6736451101667691,0.5309043124194971,0.142740797747272
3424,0a5bc98f606dc10dc5da,0.9228074714452902,0.826516879123613,0.09629059232167714
3424,284ceca980bc42c1be9e,0.7227534349965168,0.503334912091806,0.21941852290471076
3424,635b1218ad31fb634334,0.6365194048402206,0.5479795320039391,0.08853987283628151
3424,f6ce6edac1de17bfae0e,0.6457893917317193,0.5772657409784245,0.0685236507532948
3425,25563f529158a5e5337b,0.5845613017412651,0.508660340033903,0.07590096170736205
3425,8bdf164deb6006def8c8,0.49675170848229755,0.47909615804035605,0.017655550441941503
3425,fff64ad740fe6859a8fe,0.049783975994730514,0.4444318754604125,-0.394647899465682
3427,372ec323379df2cd3bc0,0.33035085804258474,0.140342298697911,0.19000855934467373
3427,c9e4f69db0af95b98f83,0.37926426672952285,0.0001692735550772882,0.37909499317444556
3428,02da99b708dd2525d5bb,0.00025150907340500004,0.6962940215929836,-0.6960425125195786
3428,07ce09e1f7ec6cd3ade1,0.071339912881817,0.9300657305452151,-0.8587258176633982
3428,3f598557350f06ed19e2,0.21235908849581903,0.09180313573512051,0.12055595276069851
3428,4e3f2aebfd868cb643c3,0.022856821681909,0.01761444553029534,0.005242376151613663
3429,26cedf535578b1b7f7e5,0.000532015082699,0.4872213531416928,-0.4866893380589938
3429,4fab8781e77642176cbf,0.019163320578654,0.01710306553071091,0.002060255047943091
3429,80ec38789b40dc3b5a9c,0.34932778750910337,0.5478293216738616,-0.1985015341647582
3429,9562275c999301fba7c0,0.010899443874779001,0.6491406179489511,-0.638241174074172
3429,99640ffac47601b06af0,0.0029219444921160004,0.0010374306489510001,0.0018845138431650003
3430,1e529ac2120cddc7a4ca,0.0024154102114051267,0.026776899116621004,-0.02436148890521588
3430,1e6265ee22d31bf8d40a,0.28388286594043205,0.1376525390499965,0.14623032689043555
3430,70136047724913b70bbd,0.7039267576535521,0.00804201331028,0.6958847443432721
3430,a54ff0b553669fcce418,0.33725424947520805,0.0720203667771255,0.26523388269808257
3430,ede1457377da3d32c417,0.013573253802075,0.468979591058415,-0.45540633725634
3432,2e927003e7271790132a,0.00046990904316200003,0.16705223347277404,-0.16658232442961204
3432,3dc6dde5d50bdcdfd786,0.7574496551813541,0.512109922031256,0.24533973315009805
3432,64f58fe1e0cd4f0ed212,0.9455478099861221,0.5651707279447805,0.3803770820413416
3432,6615558746ded96caa42,0.7650248197589281,0.6117665527669276,0.1532582669920005
3432,d4701f1e3ee9e6618763,0.24766607202122048,0.9867133454264261,-0.7390472734052056
3433,7b82eccd423eac8e9af3,0.002579727350533,0.8623300699097881,-0.8597503425592551
3433,8a1c6864176e101b3f21,0.24140921137226795,0.48264200141636404,-0.2412327900440961
3433,a720c3c3c5a1a3e2907b,0.0008519065713210001,0.5076456613176911,-0.5067937547463701
3433,cb8893f0c9b946ccfb31,0.0009430924293220001,0.646281704911523,-0.645338612482201
3433,d115611898639bd34ac8,0.10347055120399884,0.9962063309052736,-0.8927357797012747
3434,0b0f66438ff48ab2853d,0.36242852980516405,0.48341785043824503,-0.12098932063308099
3434,43436397abbda9de6bbf,0.4694921271757695,0.017295408757152502,0.45219671841861697
3434,4b031018ab896259bd0e,0.6387569543751711,0.35884615691618005,0.27991079745899106
3434,5264f49c11add2c77271,0.34017155401841453,0.005913346537005501,0.33425820748140905
3434,9641cc390f1c455220cd,0.3088660843171757,0.08666827767196851,0.22219780664520722
3435,5afe38e777e3b0353db9,0.5007013572706205,0.2568480437931225,0.243853313477498
3435,85d82363d378e3e698f9,0.09988353465695651,0.36498176311929653,-0.26509822846234
3435,99fbe770da9426ddf7ba,0.0813144288408085,0.492330486937024,-0.41101605809621555
3435,eff8827f64e6d7ab5ca8,0.039096049722812505,0.16746263063548902,-0.12836658091267653
3436,1103f9fd0dc3a1d1c539,0.1932585932045455,0.516187000486243,-0.32292840728169747
3436,a9b3ae38da20f9d0a653,0.7491882163342356,0.0123589114788402,0.7368293048553954
3436,de8a96dabee4e8104fec,0.004691213479319,0.261519404670011,-0.256828191190692
3437,071baf70ba0ba023aa9f,0.6820571751083986,0.43354212216810806,0.24851505294029053
3437,3a18ec9b9e67d5eeb14e,0.435638060241374,0.0109104045273535,0.42472765571402055
3437,42394bb903a708976a72,0.46237379845394705,0.5498049428464356,-0.0874311443924885
3437,8912896d563b0bdc1547,0.43910574825813364,0.04645161211929601,0.39265413613883765
3437,a4bfce3c5944dd476cd3,0.5379302064610406,0.6728719598168775,-0.1349417533558369
3438,20b8dbc731664669e95a,0.014360331136611,0.023134929332252502,-0.008774598195641501
3439,829dd9651fb4a2dd206c,0.374545266820189,0.4343258818596975,-0.05978061503950849
3439,f13762ae215e626920ee,0.33018736364348705,0.4959446376110033,-0.16575727396751627
3440,4ef2a3fb9658e83c5f81,0.21408964101885153,0.6739674858850075,-0.459877844866156
3440,6ddfc34e65ea19121bcc,0.7051478371866171,0.1585307561635065,0.5466170810231106
3441,44c18cd19e601fdd0815,0.023076897211495,0.5013542687272421,-0.4782773715157471
3441,f4a2f88acfe684746cf4,0.15224659060226,0.043873423642050505,0.1083731669602095
3442,a0e2d64646177fea8f9a,0.8472458667615845,0.8057667294964881,0.041479137265096444
3442,a514122bab75174a58c9,0.49450671568959703,0.122707641945533,0.371799073744064
3442,d90ffbc8961427961778,0.5344384335052031,0.008613988056943502,0.5258244454482597
3443,66a6f6f83a48a7bb82f4,0.5585109027926928,0.6516048165482831,-0.09309391375559029
3444,1ffe316a3650e29cf943,0.7080333755879201,0.069820858544963,0.6382125170429571
3444,651279f58381768581bc,0.33210053612638607,0.9933490227739071,-0.661248486647521
3444,7a7b50c36d1eb648cce5,0.260651209353748,0.023013831668071,0.23763737768567703
3445,0393c3fa123327338008,0.259991717801842,0.163559440327217,0.09643227747462499
3445,a14d9b3397aba7e2907a,0.08579025572875601,0.5350922103160556,-0.4493019545872996
3445,c596283424764eccd155,0.33142917265610705,0.489366982424007,-0.15793780976789995
3446,1dc10f5b9c50039c759b,0.998526244965192,0.7321817289783945,0.26634451598679754
3446,d75e409284d8064c882c,0.9948781956404861,0.9469460086350721,0.04793218700541402
3446,e803e55e18041c5784a2,0.98468727367894,0.481915272018735,0.5027720016602051
3447,19d8a8e7a25c46eba82a,0.9955081959415811,0.5974318700735011,0.39807632586808006
3447,d029a2fbc352f2f03683,0.5098294059843665,0.835427808931354,-0.3255984029469875
3448,944be0e2833da23f8184,0.05332664125514001,0.11883805955024601,-0.06551141829510601
3448,ab1cc099fa20c5bc5978,0.5355907510919875,0.8402336547393321,-0.3046429036473446
3448,f1bc7511a93628b10345,0.6256302048197471,0.14845245477728022,0.4771777500424669
3449,3ab61706cddc30078aca,0.000219942505766,0.164206325078101,-0.163986382572335
3450,24237e92777553bf2004,0.19799135821692626,0.9183645517815855,-0.7203731935646592
3450,6b3adcdc7f23d1b15f01,0.22189352458982026,0.123813154409353,0.09808037018046725
3450,d41945d064ca342a2200,0.49117050698052056,0.5372164354340946,-0.046045928453574025
3451,928931b93de8895fcea5,0.799502113338131,0.9533913130408911,-0.15388919970276005
3453,2060d95c742ebdcce289,0.3583657012319235,0.4510732269744996,-0.09270752574257607
3453,58efd89d66af36181f3f,0.7248088109391171,0.5120457253010771,0.21276308563804003
3454,89975a63de27fa0a09ac,0.9894694253030061,0.6249611372646335,0.36450828803837254
3454,cf61692890cbdbe50ef5,0.9543297339545461,0.221514578492139,0.7328151554624072
3454,d2b72bc1c2fe5db00252,0.8521136349588391,0.2648958165513855,0.5872178184074536
3455,8a73348e6388ab10dfc8,0.319613062634296,0.48108543664173153,-0.16147237400743553
3455,ff23dbdcb90348d221e9,0.5768361502851255,0.5132045147878761,0.06363163549724937
3456,2f5577a33f144c373c1c,0.3536541216166404,0.654250798681151,-0.3005966770645106
3456,9a39010ccf26e9192f30,0.9330695782096521,0.256556282116788,0.6765132960928641
3457,41f04f3524440b46ba1a,0.7540155468994493,0.6334382982994391,0.12057724860001018
3457,9437ff585dbfe6dbd44b,0.6477121032953499,0.000624068543544,0.6470880347518059
3457,de2e5fbdf8f1f1948b1b,0.6470445170643747,0.5519780585459605,0.09506645851841422
3458,447bfc650ce045f28d0f,0.0005157336731570001,0.4893076817637955,-0.48879194809063853
3458,e3299695d38f9a2817ad,0.5163979510790325,0.6978200596889621,-0.18142210860992958
3458,ecd2ed34cc9da7c7660c,0.462553537159378,0.22593641828726002,0.236617118872118
3459,164bc0ebf040d1914393,0.7260470697311413,0.127187666028427,0.5988594037027143
3459,30a480b3af5b1e7d7042,0.043684725653189496,0.3002295585794841,-0.2565448329262946
3459,5e46e38b06074071708a,0.8793611153341437,0.020541332987936003,0.8588197823462077
3460,18ab2984e027e3bf7f4b,0.8641457939392471,0.25272408160499854,0.6114217123342485
3460,409a69e3b2d270fb93ae,0.070591366111643,0.9328625097198147,-0.8622711436081717
3460,c40236b2aa2a29f21f55,2.777999265419697e-06,8.675404528072354e-05,-8.397604601530384e-05
3461,24dfdea3c8b4a8136c41,0.49520024555909603,0.08545861385533202,0.409741631703764
3461,6e773bb062cd5c537ffc,0.4880356237818225,0.003426587439174748,0.4846090363426478
3461,7f46490070c13d0c8ccd,0.27298787971891053,0.33499212547212753,-0.062004245753217
3463,9d13b7c8fb791c006266,0.34236558082706453,0.47581553636383406,-0.13344995553676953
3463,e2229b7280faaab1f4d0,0.780483602584472,0.8628313412143745,-0.08234773862990252
3464,429f46c154bda96cc47a,0.103667386987594,0.31418713818086,-0.21051975119326602
3464,9ea5ad9518271ee1e27c,0.40475366050097705,0.2401522258849888,0.16460143461598825
3464,ee00e4a733637f7f9333,0.028334323518482002,0.000673851549153,0.027660471969329
3465,6e45e443f0d7ec6c4cb3,0.162653552668238,0.264832620310328,-0.10217906764209
3465,b73e2767e40c1b4bb898,0.037377949022393005,0.16761384457164952,-0.13023589554925652
3465,e8c90b50cf2caaa52b29,0.047642766393472,0.007896480653505001,0.039746285739967
3467,26d546d5b5f6ff77d1d1,0.5871222967614791,0.539886657418729,0.0472356393427501
3467,f4d8a569251c98ee411f,0.8485242617523087,0.9520393444507791,-0.10351508269847043
3468,434bf356c1aedca21e34,7.678597204002161e-06,0.43943046224838256,-0.43942278365117854
3468,5296213d5417f4ee3ba2,0.014186404117358001,0.302016141900851,-0.287829737783493
3468,ce7811399b02ec76afff,0.768025290899023,0.45310494001699353,0.3149203508820295
3469,052a8472c6ebe8ac114f,0.9723004861834981,0.1432487990981855,0.8290516870853126
3469,572a30491716dceacf04,0.855852460854094,0.398432292523041,0.45742016833105303
3469,ded27e9dc347ed911162,0.9935706851309131,0.981590776535721,0.011979908595192046
3470,0cb7292222947c71361c,0.22376086300354203,0.7074864506107895,-0.4837255876072475
3470,6569d84e14b4d66e5ade,0.6128594384320301,0.734568367677989,-0.121708929245959
3471,979e632b4a9b096a37aa,0.22443523611698235,0.8197773803448366,-0.5953421442278543
3471,a29c117be64bb85c131f,0.024889468357189002,0.538444043680001,-0.513554575322812
3471,b4df99c676aff52a2573,0.5329620016170731,0.50413023731231,0.028831764304763086
3472,0ecbb52b0bc9e5f1eace,0.9451950629273755,0.07493653278198403,0.8702585301453916
3472,16d9853cb8db0c880be5,0.344320741605638,0.7264155056361306,-0.38209476403049253
3473,2369974ce6cfd90e8e49,0.3029316145193263,0.679185915400352,-0.3762543008810257
3473,ac35c8aa5740558be01c,0.5959151902056381,0.700570250056263,-0.10465505985062495
3474,1523c26e867b92ba78e3,0.848198326257521,0.49206358010459533,0.3561347461529257
3474,8bf37cf5df42ee7097f1,0.23404094906504302,9.548475628356693e-06,0.23403140058941466
3474,9b46fa4c43b8274e008e,0.36583037421909553,0.8008216366297691,-0.4349912624106736
3475,0792c87d656f40327640,3.2652109582023196e-05,0.0884618763274204,-0.08842922421783839
3475,d443d07b7b86132acd7e,0.002640693099721,0.44814808596291,-0.445507392863189
3476,a1d10cc73b42cbd65771,0.43194745082283936,0.868697871208387,-0.4367504203855477
3476,a2d04dadca34a8b8e6b7,0.3331356591429939,0.90922922200012,-0.5760935628571261
3477,6a9c1baf2aa16ba97b7b,0.002013507053121,0.6256351121781696,-0.6236216051250486
3477,844dd058d5fd1825a6c0,0.048456368565499,0.0946586078372065,-0.0462022392717075
3477,e7ef1534af27a981eca8,0.613523533653877,0.0007655476528225145,0.6127579860010545
3478,d9d4e5dccc62122ce859,0.21290202870122352,0.48001239348092506,-0.2671103647797015
3479,315a5eeae3c7b06c96d9,0.22676286565688275,0.68415579290202,-0.45739292724513725
3479,76d7ffff678e24a59428,0.7213098886305805,0.847294512253101,-0.1259846236225205
3480,32feee435260b8964221,0.36221458738287005,0.082626774245575,0.279587813137295
3480,7972df11b46b62bac15a,0.9688729957745251,0.6697512620935335,0.2991217336809916
3480,f33c6c0975f70f6af973,0.9374030450827241,0.3713264665987109,0.5660765784840132
3481,1f81e1d52444f79f87f4,0.040377426272206,0.594083965373701,-0.553706539101495
3481,22feb10f01fa5d899716,0.7598325722843798,0.8787185357060355,-0.1188859634216557
3481,8b864807ca456c7a8598,0.07376935849285651,0.019554803946761002,0.054214554546095514
3481,e3d3825fe85b5e8c857c,0.4285277512309445,0.49864335681832056,-0.07011560558737606
3482,70d19f5887cd6ce8218e,1.4775063746257181e-05,0.0209448045532665,-0.020930029489520243
3482,a6541a41a385043438dd,0.027160440771821,0.4713342560807027,-0.44417381530888167
3482,e91b6d0459888f3e643c,0.14094070728850103,0.8300365257574096,-0.6890958184689085
3483,5d4b5b0a049b8e3ab37e,0.7448606628068535,0.500677500763483,0.24418316204337043
3484,11ae08d10aac1e413450,0.0032075654558805003,0.32087690279974257,-0.31766933734386205
3484,afad7283d12a37063d0d,0.06003166088165355,0.5484802732968176,-0.488448612415164
3485,84365b789eef7b4bd141,0.13425744615280602,0.4972351397278497,-0.3629776935750437
3485,a8a2b0e0993cd96eeb07,0.516948432901392,0.0369366806741475,0.4800117522272445
3486,71700e0a9dfac4278d02,0.7116867727773672,0.0029867266724400003,0.7087000461049272
3487,08160b2246468162a375,0.45375185291287856,0.47372495866164704,-0.019973105748768483
3487,8d04eca2e5291c382f9a,0.6983537068161281,0.623963523276575,0.07439018353955307
3487,e5deba8b4403142d835b,0.43543774903340404,0.7157503803689861,-0.28031263133558204
3488,73031c9a7fe9ab59d7f1,0.4847566875438027,0.8754445717115406,-0.39068788416773786
3488,86531a9e1484e2e5d871,0.3335210329616095,0.9594230802841606,-0.6259020473225511
3488,8d84e809a203bba8054a,0.259391180105333,0.2731291051915715,-0.0137379250862385
3489,97544d28e5c4a07a2264,0.756637251445483,0.32688876083761553,0.42974849060786746
3489,c5b7df991a5fd38cbc0e,0.9991004222242521,0.542912399481225,0.45618802274302706
3489,d58928ddd5e81df797e0,0.460791705801304,0.9742287438677846,-0.5134370380664806
3490,f16fdb3ebc3c26d63eed,0.211520941226349,0.3248980824369565,-0.11337714121060749
3492,2cbe38d9877ccbec9f7b,0.3190171840669943,0.2577247275320335,0.06129245653496079
3492,416d084435d056d9a7ff,0.26002909856295603,0.10041000100631352,0.1596190975566425
3492,93d6a343d40aba5ba739,0.19840471269920568,0.0043961596746245005,0.19400855302458117
3493,cee182966231b6d4c789,0.5344138986815621,0.3301223359304285,0.20429156275113358
3494,07b82571dcd2b1a60d06,0.7266975005541471,0.8119431654322501,-0.08524566487810303
3494,48db2818813427222721,0.137162871923939,0.2867744076939485,-0.14961153577000952
3494,aaeda1b14a7a434d1733,0.0032660218126750002,0.8064149188424276,-0.8031488970297526
3495,843f6e5aeb08a7d216df,0.9869331431157421,0.9975901191366371,-0.010656976020894993
3495,d1ac294a228ae4c8bbbb,0.0005208691885940001,0.331826295964189,-0.331305426775595
3497,c1777ca48786e667d423,0.44138259383389306,0.15708697899190302,0.28429561484199006
3497,c8bd6f03490a8bffc97c,0.5035775783531096,0.981706647617215,-0.4781290692641055
3498,5a90521839bfa4a6f98f,0.0007022451934630001,0.9816090721880466,-0.9809068269945836
3498,bbc75d1f399720107d2f,0.9568096958066201,0.08118510380646675,0.8756245920001534
3499,4d29c3753e9e90f36542,0.6452043397340147,0.046912309115023004,0.5982920306189917
3499,7fcf684af36da0478928,0.989025769144876,0.2678268760059505,0.7211988931389255
3500,8f36acea66d8ab483b6b,0.223046809431342,0.26037965403358454,-0.03733284460224254
3500,924735635d0306c4b342,0.7773256561389612,0.7140724298334106,0.06325322630555064
3501,15c3dfc09540089aba4b,0.6260245337603391,0.514963813417273,0.11106072034306602
3501,84f6f864a6a29933756a,0.3816895100616214,0.351819871653377,0.02986963840824436
3501,9967d4117bd955e646d0,0.406650428359057,0.17768747200013618,0.22896295635892083
3502,001798d9fc92202a573a,0.910684342273127,0.10201222873330701,0.80867211353982
3502,8de6303d632b98a4103f,0.9164399155273674,0.7057985315797195,0.21064138394764786
3502,c3631a8d9f29be27e288,0.8902004914833751,0.22108140527758202,0.6691190862057931
3503,4e2fa936e11b2f5a1bf8,0.6272091058120631,0.8415257346070816,-0.21431662879501845
3503,58faf52b98dfdc413af5,0.17363071206908542,0.48435858174310503,-0.3107278696740196
3503,d9d06efe4af02e012d47,0.11804335936989982,0.44461790324905104,-0.3265745438791512
3504,bd52f119c392564ef2ed,0.5587229597055654,0.6320543234407556,-0.07333136373519022
3504,e86692a14a444caaf3f7,0.471211721260402,0.4704891191882874,0.0007226020721146087
3506,b7a13636bcbc82e372a3,0.3691356604787937,0.48652010497329884,-0.11738444449450514
3507,b7ad30cf37e86b0d078b,0.9016319969299016,0.843454835234376,0.05817716169552556
3507,cac71a0dfeeab7742120,0.6487677186193618,0.9933599435024592,-0.3445922248830974
3507,d82135f199695d352e77,0.6231957830866851,0.545765665250005,0.07743011783668008
3509,27fa77242658c56da5fb,0.43201907704066556,0.418496145315237,0.013522931725428566
3509,821445c49e227f26d210,0.09001085605134,0.40838393798051603,-0.318373081929176
3509,9e595cf7e26aaf8661fe,0.002445038555817,0.004638956961023,-0.0021939184052060003
3510,ca99649813e2c9fcc6bf,0.1877186971411285,0.6598578281213301,-0.4721391309802016
3510,d2ab5248a31bba622df6,0.3769238692206682,0.513986640000584,-0.13706277077991585
3510,e0af2ebfd4496e780285,0.9550153002601731,0.926940120068223,0.0280751801919501
3513,99bc592ebcc322969214,0.5532710162627148,0.3079705374440335,0.24530047881868128
3514,2ba1871119b047ec6f21,0.48504412733210406,0.44839011921863053,0.036654008113473524
3514,325829f22ff67b69513a,0.511321702135017,0.525155301077569,-0.013833598942551983
3515,60e8759d42a150ddfbbc,0.004463580848348,0.4934065280019485,-0.4889429471536005
3515,bf467a88dfaca342055f,0.014835398911053002,0.8908468297304976,-0.8760114308194445
3516,05dbc0209119211cbbf6,0.38028744070365705,0.8362812118043595,-0.4559937711007025
3516,0f05ed34e787ca0e9e06,0.31398776749995705,0.7764864938954981,-0.462498726395541
3516,49ff04de87fa7761d439,0.015613805633579001,0.32017191176055904,-0.30455810612698003
3517,0dd9d43abbe12a3cb0d5,0.48295318788783925,0.7778608563011851,-0.2949076684133458
3517,9214b1d9f6a14c61fb51,0.000706505954028,0.10469393459938951,-0.10398742864536151
3517,cc0fe5407b179dbf8380,0.552560373994482,0.4917601219498,0.06080025204468198
3518,8d81f31c9f0ec897c38c,0.99838494254685,0.7957445998202566,0.20264034272659337
3519,5b093e962d37a6e6f166,0.7183444904194033,0.207073737701291,0.5112707527181123
3520,0ccf4a0fddf40594d994,0.9102494790601371,0.3959281091828405,0.5143213698772966
3520,6f9bd3c01b0e3ca80165,0.3863745086778763,0.4916928714555865,-0.10531836277771017
3521,398899a506b25a347e7e,0.5912961530596761,0.36175109607882555,0.22954505698085054
3521,7eb884b4759cf059d247,0.01104579876569,0.910064722277405,-0.899018923511715
3521,e920d4be527689340275,0.2112046415594925,0.49506363481487153,-0.283858993255379
3522,0a906dd8b30471094ee1,0.3458066659562067,0.7021055031702855,-0.35629883721407885
3523,534b9bb0cb9c1892652c,0.4019212684377925,0.6273941335583171,-0.22547286512052456
3523,7442b3ac8437b966fc3d,0.38783356533943203,0.680135959662429,-0.292302394322997
3523,d779cf7cc4d5ce3cf510,0.670118674906398,0.0036118668377025003,0.6665068080686954
3524,4b401fe560a278e932f9,0.014803102560174001,0.25630612477083303,-0.24150302221065903
3524,cdecda7b2fd9e7ca371a,0.000219797515164,0.08813761351596201,-0.08791781600079801
3525,588221e1703b8a721073,0.00010342879437000001,0.075500552505494,-0.075397123711124
3525,6f6284b9bc652adf5dd2,0.946948964204069,0.9752965452572191,-0.02834758105315005
3525,9c09b5db846e01dce716,0.010582733381425001,0.284816535442363,-0.274233802060938
3526,1be001a0b2434e62fec6,0.001119219401398,0.4941318290904956,-0.4930126096890976
3527,5cb6f4430e287d12617c,0.13911913066466802,0.9104184158563531,-0.7712992851916851
3527,c2c762621bbff1408e4f,0.081459879719638,0.18383246959809202,-0.10237258987845402
3527,d9ad15a8f30cdb70eff6,0.15983785330030184,0.8959335616488915,-0.7360957083485896
3528,bd1116e3c4cc806652ef,8.14135595967365e-06,0.44641266254207956,-0.4464045211861199
3528,cd1ff23a76c165d0a359,0.155077327267017,0.6578705563707,-0.502793229103683
3528,f744d4072ce3733a8b64,0.8807420503240071,0.43478165345969605,0.44596039686431105
3529,292fb63719d99381479a,0.003944202533735642,0.143339556586997,-0.13939535405326137
3529,7909828d92e0484d8c9e,0.6723236193325721,0.5514192156591246,0.12090440367344757
3529,e9536980dd4138511f5d,0.0006351753937748986,0.25086813895043353,-0.25023296355665864
3530,a0b0a4740e9656d19c88,0.9615698968253173,0.449641866453856,0.5119280303714613
3530,b78d6d6b6939e5b8d6e4,0.8037607068786847,0.9264187899674641,-0.12265808308877935
3531,634cc451d06c831ecc4f,0.47863630038147503,0.8515896919722655,-0.3729533915907905
3531,687d57934012494ca344,0.8484349814287231,0.1872602351221125,0.6611747463066106
3531,ed52c06c1997fe208fda,0.8178427049173755,0.859999707063912,-0.042157002146536504
3532,2e3506279a7a7a66e257,0.2375080838544955,0.9965520879593142,-0.7590440041048186
3532,6174fe196c884c4f214d,0.027755499182392,0.9078808363619746,-0.8801253371795826
3536,1358690cfaa7e1eaa84a,0.6157947584156911,0.000851473580808,0.6149432848348831
3536,44bb37a8dde0de2073ed,0.011675879788933,0.45799237396749803,-0.44631649417856506
3536,c310f4f475e3fbe67d42,0.067722694295551,0.2386890222669455,-0.1709663279713945
3537,b8b9cfc24e03e31454c5,0.7459185967020616,0.9463633417510471,-0.20044474504898546
3537,c3fa332e115ca6caa45e,0.8251211374044896,0.6487799163168191,0.17634122108767047
3537,dba4657f4f189fdf43fb,0.248038959646582,0.20906669837510902,0.03897226127147299
3538,470818071095bc7c99e1,0.0054848782107030005,0.6314404986426455,-0.6259556204319425
3538,75b119d02a7749c3b2cf,0.002024397618083,0.6896940080133805,-0.6876696103952975
3538,cb9f90d8b57eba00091b,0.0013212647616310002,0.797753550587982,-0.7964322858263511
3539,12e398a95504f09f953e,0.004428007693224,0.6006718096629786,-0.5962438019697546
3539,c12ec27f73e6d20153d8,0.5169639955536305,0.118063665908237,0.39890032964539346
3539,d90981a4fce567c0b247,0.42621045620035475,0.042781822318704504,0.38342863388165027
3541,4722bfe8d20aa9c77158,0.38080533307955,0.14675552811156,0.23404980496799
3541,4ba97012065d9b241c97,0.641448012414354,0.709119267974273,-0.06767125555991904
3542,60602ade1c4e705a0b20,0.45395176629224004,0.475948252553529,-0.021996486261288972
3542,62b2163c1a5b00d524ef,0.5702872406439361,0.32837502612891256,0.24191221451502354
3542,de44eeda25d077c4899c,0.43651274211963226,0.016452210484482,0.4200605316351503
3544,3f1bbac92ff9d6ae6d81,0.16502040142631802,0.8750583633909891,-0.7100379619646711
3544,77f8fd3b48805ab85838,0.009085144657908,0.522207614947475,-0.513122470289567
3544,feca21a6acd62b1be7cf,0.014930267112327,0.342627050421748,-0.32769678330942104
3545,2d6f891186861439669b,0.00198508113921,0.39440598356290607,-0.3924209024236961
3545,401b061f6f26fec8ac3d,0.09243360401957301,0.38988445091476204,-0.297450846895189
3545,f42b63734b1eaf0293de,0.27862622350287153,0.0228599463337295,0.255766277169142
3546,c7036cf7b0b1a4601f4c,0.18228153322592103,0.699483540819924,-0.517202007594003
3546,ee836827f3fcf4930440,0.149136585939337,0.27888452697749005,-0.12974794103815304
3546,f97cec7fbe0eb30dafc6,0.729467647158087,0.0585677627583685,0.6708998843997185
3547,51f157d39f208eed745b,0.004823423029055,0.9859522076176526,-0.9811287845885975
3547,c160f30ca323361a0018,0.0006318763017070001,0.0006119463638588428,1.9929937848157226e-05
3549,cbf8c00931c7a9256087,0.38559463567002306,0.39562439420742507,-0.010029758537402012
3549,efda549e15620b8d36a8,0.3920770743449007,0.5653265156828146,-0.17324944133791387
3550,2eb9828a1c3c481a9c99,0.46122209037090006,0.49946799883997606,-0.038245908469075995
3550,508db8147cf2d2672759,0.13248763169889602,0.0015609105739555003,0.13092672112494053
3550,c64b4e031f29b5ba2da8,0.5911767678828961,0.6384855973514235,-0.047308829468527436
3553,8e1bb30c4f92cc3ad7ee,0.9512610144455805,0.368416510376409,0.5828445040691715
3554,01959f497201c40219e2,0.4475116400712448,0.481136513210951,-0.033624873139706246
3554,c539457618429f2625e4,0.6782263201089591,4.0586922302422214e-05,0.6781857331866566
3555,64a36713af6ebd04688f,0.39819952530727853,0.23532436855711303,0.1628751567501655
3555,77c8b06360a3f645ffd0,0.32954603682164274,0.7683700192968765,-0.4388239824752338
3555,c0033007d2410d27f6ad,0.24461472249344451,0.9567271615054951,-0.7121124390120506
3557,1d977bf9d806472855ae,0.0031511713561040004,0.6828741673435871,-0.6797229959874831
3557,2e203538375501ff6011,0.9909884242255541,0.4681162742357621,0.522872149989792
3557,369848f637020630e18c,0.0007303039700700001,0.072161064888692,-0.07143076091862201
3558,25afa1dcb1a9499b5f09,0.9896040484444235,0.6257806078515865,0.363823440592837
3558,89cf3be1d6c85e3a2baf,0.9976030740674167,0.021842772377047504,0.9757603016903692
3558,be3b73f58b05c75a1833,0.9954757309269021,0.6904935834856345,0.3049821474412676
3559,4d2d95b6bf8de299031c,0.9909571669289791,0.06297710777392251,0.9279800591550565
3559,5cd89a9dd1b4143a6255,0.19012921750932102,0.0003910098073348221,0.18973820770198618
3560,6d192289a9d01fb2ad9d,0.7376975333522654,0.9857025819739091,-0.24800504862164374
3560,9c70d1732a2406f8e7ca,0.026409239838773687,0.8316468471560876,-0.805237607317314
3564,226c5d3b837f82cb8cb3,0.15372914796366102,0.9443033402262401,-0.7905741922625791
3564,810308d0b296fbbd6f08,0.0011117897419990002,0.61985442996297,-0.618742640220971
3564,d3f3b186e0e02e653d25,0.004843805340276001,0.29688637605398505,-0.29204257071370904
3565,933a5b71f01a63af0457,0.194844011300842,0.3170443918526016,-0.12220038055175958
3565,9d8f647f588c7a87b3af,0.413137976580398,0.020682384559663,0.39245559202073504
3565,e2d38b4947d5561d4d72,0.06403111270709101,0.49337345720824455,-0.42934234450115355
3566,a7d8d21cb95a8e6ecc6e,0.49827153998645235,0.059978500732549005,0.43829303925390334
3566,c0f0616de043a2958ea9,0.478253388637962,0.2088047897496355,0.2694485988883265
3567,232b7cc2ee1108d9bd6a,0.47176722475284105,0.8135116277534086,-0.3417444030005675
3567,99ba8a6389b611d6bfbb,0.49568183033518004,0.6339952043587105,-0.13831337402353044
3567,9c81b8f78dc231a5ea5e,0.9944702311376611,0.647506560254354,0.34696367088330704
3568,206f84128651099d9a15,0.19980928805102935,0.7091131301190926,-0.5093038420680632
3568,e33e7a1e5cb0ffb24f7c,0.9700578227477261,0.569109673082108,0.4009481496656181
3569,ea853240547298198d58,0.12743583802894962,0.004139285452393,0.12329655257655661
3570,36675e0dea358eae0a39,0.696737029653649,0.6576821554484605,0.039054874205188495
3570,a2419ad14007db3ab78c,0.806451292282766,0.6730170388008601,0.13343425348190596
3570,b50ad11b9000172f8643,0.8934345542948,0.1115208406764835,0.7819137136183165
3571,40453df46e80e83075b8,0.4340140819222018,0.288188817110618,0.1458252648115838
3571,ca16db11fa9189273f29,0.0080187916530125,0.3262219243043225,-0.31820313265131
3571,e6fe52fafd351987d67e,0.32308553764283604,0.477940927397471,-0.15485538975463498
3572,d0373210d6a60fc952f7,0.0005665995670540001,0.5084166051023751,-0.5078500055353211
3572,d3d62e1795a85cf81a0c,0.029295195204674,0.3050482543581105,-0.2757530591534365
3573,61593f7a648d0779302c,0.406116867667405,0.799259722077123,-0.393142854409718
3573,b8ef2ddabf0ec8cfd74a,0.141246685403557,3.4707618227744725e-05,0.14121197778532926
3573,fdb803a9557e540b2a68,0.20501504159505135,0.34396136902322555,-0.1389463274281742
3574,4c1b92dfaeb978fe8b85,7.451799847258096e-05,0.019307922318930002,-0.01923340432045742
3574,77781d18197042d6785f,0.406367100346613,0.02042412891778574,0.3859429714288273
3575,89074ab8fa518076caba,0.9280892492191151,0.077274389067173,0.8508148601519421
3575,eae3160aab2176536b3f,0.004688136957432001,0.506879375620084,-0.502191238662652
3575,eb50973ca1edef0d6b59,0.8167397257458561,0.8454964207613825,-0.028756695015526468
3576,24b26ec959bf96e34119,0.019552712031708625,0.42647335702791506,-0.40692064499620645
3576,83ee2a7f6b9e6b2d2d64,0.000718180542454,0.2696974046275005,-0.26897922408504654
3577,4462a6e1407222a23a23,0.018929253720094002,0.15955847208640153,-0.14062921836630754
3577,b4dca1e2bf6e93f0dc18,0.136146933748225,0.11821601400455502,0.01793091974366999
3577,d665c4ff9c6625ad78ce,0.49474667081739404,0.34803508121265553,0.1467115896047385
3579,55c01a045f16e76a7af4,0.4437012914295197,0.47376731962354157,-0.030066028194021877
3580,b9d1cc4bdc8d15fbb41f,0.9903603877102001,0.580656401648275,0.40970398606192504
3580,de49bed98a570a9fd536,0.9495725035767361,0.4956958735278135,0.45387663004892254
3580,e8f5f60e659673ac58ed,0.779980387411619,0.007579210136730001,0.772401177274889
3581,0197124115fe1dfeecea,0.5728378467578193,0.03067288694140016,0.5421649598164192
3581,d4c471f4b071f65c8224,0.0677412083166255,0.187675588807418,-0.1199343804907925
3581,eaa4ed196b450e7edf6c,0.48875618412327126,0.8152467435480361,-0.3264905594247648
3583,01b5ff8744008249794e,0.16831696742010602,0.39367738832497523,-0.2253604209048692
3583,f689f70d2f8626ffa318,0.24412868145730202,0.967323278399364,-0.723194596942062
3583,f8f5a22e17161e159147,0.9987881582369451,0.5396590712584916,0.45912908697845356
3584,87920a87623320ef9bd6,0.03025712080203861,0.6070987644728361,-0.5768416436707975
3584,a48ebead734bf6feb668,0.8830004961436251,0.47319155271682506,0.4098089434268
3585,61698b9fe30e854ac3b4,0.07369451192120634,0.438595887202326,-0.36490137528111966
3585,6aff0cbc07dc30b11142,0.04770845902444751,0.49813305064579555,-0.45042459162134807
3585,97b59008dc77df430006,0.24795812357513036,0.5072678637707295,-0.25930974019559916
3586,21aa8874f5cdfd8a4c65,0.8739352329879151,0.7457101700869541,0.12822506290096103
3586,5494400614610e6c5ec9,0.9990680566496881,0.4896539804449371,0.509414076204751
3586,d30d61a1ae323c4ca00c,0.38797923819998703,0.6436392780596015,-0.2556600398596145
3587,36fdfe3ea03909fd2191,0.06585901724490101,0.521063367408513,-0.455204350163612
3587,b6dbdac35f4aa373c08c,0.5138865681578625,0.4989001502369847,0.014986417920877793
3588,7ddd650b6d6608c8943c,0.47630487666437604,0.5056467516974645,-0.029341875033088494
3588,97b9cda4252e2ffbb88e,0.20779754300096734,0.008186428322201001,0.19961111467876633
3589,f044d27a0732d8e02416,0.42957932404103377,0.12460910095861301,0.3049702230824208
3589,fd9410f54323343bbe4d,0.15780886023986723,0.861331250496538,-0.7035223902566707
3590,4e59a99ddeec22c34185,0.317857339221333,0.8680476535006545,-0.5501903142793214
3590,b87555e72c40a8a39c7d,0.017725904183149,0.41730138670931255,-0.39957548252616354
3590,fadb3acf4f26e3f0950a,0.950792030818378,0.9827074868769585,-0.03191545605858048
3591,0cb65643838e67620c9a,0.0005736082309960001,0.3776870368638495,-0.3771134286328535
3592,ed41713294c2f552fee8,0.5270316435464331,0.5034473121282981,0.023584331418134985
3593,6615900d0c75ac04e766,0.491791900897379,0.20531918260578952,0.2864727182915895
3593,cd9844af32d7a3efb0cd,0.7195152471047991,0.1466641642025765,0.5728510829022226
3593,de12716c2f8b4e5987c5,0.497975089258905,0.44383692315337153,0.05413816610553346
3594,83360c4a7e7d9b821571,4.77123519033722e-05,0.052234852044190504,-0.05218713969228713
3594,a64a2710c3003cf7285a,0.16694654305877543,0.8231408758996426,-0.6561943328408671
3595,1a269cce3fec46c8b020,7.837304168968444e-06,0.6782469901835361,-0.6782391528793671
3595,e61ee381ab20f53fcb98,0.47184619285758805,0.5418348201296795,-0.06998862727209149
3596,42fde9c7c6003de0326c,0.5188019737053436,0.0008943005959748783,0.5179076731093688
3597,18646a64f07bdf5a53b8,0.26917212741084134,0.2291519401898695,0.04002018722097184
3597,aa1e7b5c008a6e83d5e1,0.000110361083928,0.4520770718120566,-0.4519667107281286
3597,aab256872bc54bef348c,0.3107615009810828,0.8171075524700471,-0.5063460514889643
3598,c771480f1afa15ee223c,0.44672750615692775,0.6951076050827271,-0.24838009892579932
3599,5333d7f442232a5f9061,0.9295506391785141,0.031139382196983503,0.8984112569815306
3599,641a148cea11538e8a82,0.8981036674191131,0.0047564638350925,0.8933472035840205
3599,8bf01b4e7f1f7e56bdc4,0.9855944220693871,0.17555137534069903,0.8100430467286881
3600,5ee5fff7b2ea6c889d2e,0.684759402686376,0.6857070487053691,-0.0009476460189931091
3600,9a4de61a2a14fe2d10a8,0.006559629629913,0.08427202188485665,-0.07771239225494365
3600,d1b2e2ed9605420c06e7,0.9978003118042421,0.7047352657171546,0.2930650460870875
3601,45532fbe0d93c3c35f78,7.133698059187325e-05,0.16515996177515452,-0.16508862479456266
3601,5d2cecd8e8248dcde065,0.00144361337348,0.2854999952135505,-0.28405638184007054
3601,6f89e4b9254fd6d6dc91,0.19913500188736,0.979419630485816,-0.780284628598456
3602,5c3c65bc692c0e2dd6f5,0.0004880620906125,0.068978082976884,-0.0684900208862715
3602,94b5bd2b7891868fd7cf,0.2762265788175432,0.48076703949348754,-0.20454046067594434
3604,48966d8bb872dfa14e9c,0.19642787340241252,0.45779420223645706,-0.26136632883404454
3604,b07a0ab28a805ef5c1e6,0.10279329591743801,0.9015806173866445,-0.7987873214692065
3604,fbfe98993f42d333d633,1.742507606688919e-05,0.9484147486441501,-0.9483973235680833
3606,0e3a12ec500afe8a7b19,0.17966812166668167,0.8583140495024595,-0.6786459278357778
3607,42975059cd93a9fa5d3f,4.523404566291493e-06,0.7388089346712721,-0.7388044112667058
3607,70485ab30e6ccb3543fd,0.09291680238301701,0.48375141573710956,-0.39083461335409253
3607,7d8fbd5262f6e093631d,0.082556747727137,0.020551966288719338,0.062004781438417665
3609,218fd99cc65b83c7ef2a,0.130331112215247,0.702960843788164,-0.572629731572917
3609,43f811a76feb8446ff97,0.056146735982234006,0.727249395702976,-0.671102659720742
3609,5efca39eb05610b09908,0.5905900639305081,0.196351263824329,0.39423880010617907
3610,6dc7c8230bcdd8225bb6,0.016762314182685,0.483233126646805,-0.46647081246412003
3610,982cef08d6e9732a7b26,0.575000759743659,0.8865226252755096,-0.3115218655318506
3610,a8610e94b4091377c073,0.696671130539475,0.017692398026134003,0.6789787325133411
3611,94a09400d4e933b47b8b,0.48932423369828276,0.3946378857475035,0.09468634795077924
3611,e99c60580c7b1b11c9f1,0.9279217048194801,0.33402053456955455,0.5939011702499255
3612,ebeb0195a98885dac9e5,0.241686138776688,0.22719619438218802,0.014489944394499965
3614,34e02254fa04bf3765d5,0.965211747598764,0.01155202923791308,0.953659718360851
3615,807ce6f4e08c5bbdf807,0.4455179828227453,0.5417455246244275,-0.09622754180168219
3615,ca7dc70864d71861d0ab,0.4959062952358812,0.876046233661371,-0.3801399384254898
3615,f076ca2992cce277499f,0.017007270864389,0.9697928763828625,-0.9527856055184735
3616,5bda4964e367336ae010,0.6250035865100494,0.005966535052514501,0.6190370514575348
3616,838c1d462aa00dd527d2,0.5573505072188866,0.541933370459563,0.015417136759323546
3616,989d8f2ab9e118407e2a,0.6344277113897347,4.9872086699959264e-05,0.6343778393030348
3617,89d5005532b76f1da701,0.35852194084847905,0.5203207372000751,-0.16179879635159605
3617,9851cd8fa3f069dfbe47,0.9632119446985501,0.3859148329687725,0.5772971117297776
3618,043309fbcf824bc3d6e6,0.3544705912464094,0.023486429624188503,0.3309841616222209
3618,116775a638d977ca150a,0.112262435070795,0.30130562876593003,-0.18904319369513503
3618,808c8ad96cdc86bbb548,0.28981594848016756,0.018081495466333003,0.2717344530138346
3619,c3c28fbf6628a30703d1,0.6209371549840804,0.40592248169888806,0.21501467328519236
3620,1637788ea2542ed72888,0.676105645139905,0.59516707007109,0.08093857506881497
3620,53b3d52a2ac0069ef410,0.06756350108754,0.3471549336670165,-0.2795914325794765
3621,19974646852aa71f64e2,0.48719148920950006,0.18224414341833503,0.304947345791165
3621,64a38c902d17f9952da9,0.00018698231867700002,0.529674887145927,-0.52948790482725
3621,ea881b49cbe678aef52f,0.000194512589787,0.502742514798274,-0.502548002208487
3622,05b9a04259147c77b99c,0.547618210949898,0.5084223365475845,0.039195874402313535
3622,e92a8d33c1a2aabec71a,0.2703973419287067,0.49549880921061257,-0.2251014672819059
3624,21da27de2fb6f3e852a5,0.46888179396125607,0.28172618519135406,0.187155608769902
3624,3378f16547f08a94d3b8,0.005358238364072927,0.4591947200130532,-0.45383648164898027
3624,a0d340f1c8f0e5183e4c,0.005028554545685001,0.8051142588934811,-0.8000857043477961
3625,094434cb9d02216e0c71,0.4893273778808305,0.5416819334784445,-0.05235455559761398
3625,242734bfb6dbb5dda04a,0.47936000296336606,0.020047229999787503,0.45931277296357853
3625,d43dab744fdf1f45ee03,0.3763744092949003,0.0277175635367015,0.3486568457581988
3625,e5fb63c92f6c3db24454,0.11207887875600756,0.5007419555538101,-0.38866307679780254
3626,3afdcbe4f332a72769be,0.014177576767728501,0.005552461865319,0.008625114902409501
3626,3ccb2638e6804a30b7dd,0.7253590153577371,0.9171795408006096,-0.19182052544287254
3626,468f52e54b95a44cd7e4,0.007441325471757,0.17626177341974,-0.168820447947983
3626,a5b96c2731de8e5dfd09,0.3919035979704027,0.45111590436087606,-0.05921230639047337
3627,02d32a010ddf69cbf961,0.00045350751116400004,0.2731441144012565,-0.2726906068900925
3627,3ae2514c306f29e05356,4.130967775150529e-05,0.681725036445058,-0.6816837267673065
3627,80664c79f49c70e383e3,0.011590924211162,0.4925958337431635,-0.48100490953200153
3628,7f25fe4ccf7ebf43777a,0.08998897029951768,0.512176783197509,-0.42218781289799134
3628,c1653aabd82356f59533,9.542265641845335e-05,0.20821838023245554,-0.20812295757603708
3628,c59d29583594f8676a1d,0.08752171156872267,0.8087696175518921,-0.7212479059831695
3628,f2ec8f0c4d9e6f1d6529,0.001534351864335,0.0594245775276655,-0.0578902256633305
3629,e19896a57941d54877e8,0.456189511003027,0.012949352888152,0.443240158114875
3629,ead019da0889575cbee7,9.095724682525182e-06,0.309960334554161,-0.30995123882947845
3631,85fbac106022d87a960c,0.32466309714262803,0.8290861669055376,-0.5044230697629095
3631,8ecdfc93a1dbf91e03b1,0.048570354859659055,0.29215409739735754,-0.2435837425376985
3632,f0874cf05afe6b38ba85,0.46487266969723817,0.5030192892929255,-0.038146619595687326
3633,0a1da9394df4c38c8042,0.44000478471408033,0.47325878144550854,-0.033253996731428204
3633,2e9c701c4b2c2d13fae0,0.6115133368432609,0.262760555369358,0.34875278147390293
3633,f18d155ee1ae54bd0b52,0.602665622841031,0.12640267883014,0.476262944010891
3634,9e0dcdfe0a005494c695,0.6111829287251614,0.1555457504323855,0.45563717829277595
3638,9ff669adbf413b4c3ef6,0.41747885295574905,0.7874013929886191,-0.36992254003287006
3638,a180e8fe34dc0f8866db,0.34073551715405404,0.9811218823294416,-0.6403863651753876
3638,b29ee94392a86a1532be,0.680354628358897,0.6918319244133131,-0.011477296054416053
3641,42631b8ea3499abdfe58,0.000530689384181,0.0943050846111215,-0.0937743952269405
3641,4b867e7dfb77c1d02955,0.219631604215344,0.41730522879053955,-0.19767362457519555
3642,749b1c349d99e96d73a0,0.515678470679221,0.49809941886263753,0.01757905181658348
3643,5ef9523cf4b8641524aa,0.00012057918372500002,0.33668142934153805,-0.33656085015781306
3643,876330659ad0aa2f0d56,0.06672504014531,0.46549225366367003,-0.39876721351836003
3643,94591073990a4c68bf4c,0.6024021998957916,0.7535114433145765,-0.15110924341878496
3644,a523a678d26209dba4f0,0.7295506980041048,0.526963661503937,0.20258703650016774
3644,b8c5e70eb0198ecdc659,0.5263072000868788,0.042517169350532506,0.4837900307363463
3644,c06c928658dfcb0bfa91,0.48993511095192677,0.11243902713809101,0.37749608381383576
3645,516ba0a3bcf22efd4b20,0.5260484716845147,0.9317275814490441,-0.40567910976452937
3645,529b336925dbffa1b22f,0.2756499162022097,0.163134317319608,0.11251559888260168
3645,bc746aeaa5cedb1938c9,0.36878831489597,0.9645137302238695,-0.5957254153278995
3647,4baba2960787b5ff3913,0.819885351309706,0.005485691351135,0.814399659958571
3647,580b5cf2199eabf2a8bc,0.5706611770470643,0.001235390287354,0.5694257867597103
3648,1561968f5896d25255a1,0.8628126477280681,0.23017844123343,0.6326342064946381
3648,a6bb9410cbbe45db598d,0.9870241848350071,0.897423520180706,0.08960066465430105
3648,ba405b36090a9dcbaffc,0.3270067172377377,0.006467744197627001,0.3205389730401107
3649,21e0e0e49d9df79b29f8,0.34349909810747303,0.049267346738355006,0.29423175136911806
3649,25ed704b3f8b0bad9f64,0.309661906043302,0.020571789150852,0.28909011689245
3650,008f40111f59956cfc8a,0.0037114844134880005,0.503655815069884,-0.499944330656396
3650,02e15764e382aae783aa,0.3478836102897476,0.06113394627365684,0.2867496640160908
3650,0541982eb04ef81465f1,0.24979560194079026,0.0057275919693225005,0.24406800997146777
3650,4235441aed5a5248fcf9,0.0154426982433085,0.812326883647442,-0.7968841854041335
3651,7cb6dd53fd6442ff20d7,0.45850910420612173,0.5666817890262186,-0.10817268482009684
3651,9fb562893422f5cc0b41,0.49401296888071133,0.8818053959598375,-0.3877924270791262
3651,ec3e8a20b49a949ee75d,0.23210638705231934,0.34236819594093704,-0.1102618088886177
3652,8dc814c7a6782add5aa2,0.9944368681826051,0.5733810484886266,0.42105581969397854
3652,f2aa7fcf8e7449a7750b,0.00011667191419300001,0.5639839012609785,-0.5638672293467856
3653,30bf02bbcc0bdb807566,0.014082755353427862,0.5224325658508411,-0.5083498104974132
3653,afe6801302a6efeadb7a,0.0429882383398045,0.4552727605319691,-0.4122845221921646
3653,ebb6e79d0de31ab9e5a8,0.8261303517421925,0.750863036551751,0.0752673151904415
3654,d89f8f6213c6bc80cc04,0.000609613357304,0.0018348033292820002,-0.001225189971978
3655,6e0ab8d5587d655fc107,0.056658970807961,0.0001435182153021057,0.056515452592658895
3655,c6ee2d7d33e6b1a45919,0.5229746797196823,0.8455976264381111,-0.32262294671842884
3656,c954c5a358ab1be2f01b,0.8107044611054853,0.30061703744191504,0.5100874236635703
3658,b3884687f9301e1ea07b,0.039797233776375666,0.0032431510951585,0.03655408268121717
3658,cb16520bfee54d501c7b,0.24968765245263078,0.8706359530762446,-0.6209483006236138
3658,d11d7deaf8af881c8e8b,0.7030271196630176,0.821503080501522,-0.11847596083850442
3660,54eb4a4c611ffdfbb56c,0.14633070932379103,0.4505688982339485,-0.3042381889101575
3660,a6754a066b00bfd1f85c,0.19161402322409501,0.5313009258119835,-0.3396869025878885
3660,ff676abfd10a516606dc,0.07154142760493501,0.0010910121341700001,0.07045041547076501
3661,5147a7b2bdf187de233f,0.7966900080876146,0.6364039201069921,0.1602860879806225
3661,b8422d74096b23c92c96,0.6640127730748555,0.5276708070071261,0.13634196606772941
3662,47ec4232ffce92fa5345,0.17839934132475746,0.0385842785227425,0.13981506280201494
3663,5d61ed0fbed49e4e5f9c,0.5532455380113365,0.43023406757422855,0.12301147043710792
3663,84af0b44f8d6d65bb99f,0.013322041729644598,0.40971608588129754,-0.39639404415165297
3664,353a1d77f15cc807c896,0.7180382224917861,0.6865351757140575,0.03150304677772853
3664,4f6230ecf40bdc8baf15,0.5111543631086916,0.00024663241577,0.5109077306929215
3664,5beb61b676f80b5ec0c9,0.5249180963598146,0.011062122865470501,0.5138559734943441
3665,0bd47216bc3907053e2a,0.40493172396997207,0.2532666273317555,0.1516650966382166
3665,d585aab36436104319a7,0.42382143496626906,0.599036965500513,-0.17521553053424394
3666,8f41c7cb72a93bc48392,0.854129453965714,0.665554250710161,0.188575203255553
3667,23b9c8c9b70a0f64d66d,0.7210672950460438,0.0022321551843345003,0.7188351398617093
3668,660b42de0ba1fcec09c9,0.8042191134357348,0.000887545229264,0.8033315682064708
3669,1cf34661c86bf755f3ab,0.4414602880933066,0.005160737607143501,0.4362995504861631
3669,7469483ef888f06b8253,0.4045395119276848,0.46707638948012103,-0.06253687755243625
3669,8fb659cbaa9db1a4ed08,0.4144604659237788,0.030751015408795004,0.3837094505149838
3670,3117ae128992bd523a52,0.20327894219535902,0.8553407388898341,-0.6520617966944751
3671,72c810c364f2d901f6f8,0.20557930784538034,0.272920936309686,-0.06734162846430566
3671,93d5852348db1243ccf1,0.38647726675578664,0.0006805615937620001,0.38579670516202463
3672,65b95f0cb7b27f44b78e,0.5288998929959564,0.8042817758353555,-0.27538188283939913
3673,139e37fd5a293ed17456,0.2622514240656752,0.6814145029881575,-0.41916307892248234
3673,a56b9abbb43cc6483d75,0.16106310229162465,0.008592524994410001,0.15247057729721467
3673,f17fdc30df251d02f3d3,0.029684840761238607,0.23869379589782938,-0.20900895513659076
3674,8873effd188c814c4c3a,0.8245890605453721,0.504192673151208,0.3203963873941641
3674,937d3326b655ca0e9633,0.972230279712553,0.7959437252100965,0.17628655450245656
3674,c4953e32ab9690481c8b,0.7597605952120601,0.16413521446739202,0.5956253807446681
3675,203df073f771cfa29e72,0.9647917936115331,0.46181728536738553,0.5029745082441476
3675,8cd601b9fc4866da2f4e,0.689527775923882,0.15527162569344652,0.5342561502304355
3676,923d93cd77710fcf2359,0.888757018040869,0.1060146753198985,0.7827423427209705
3676,a6d07e5e61cde578170d,0.0071814598562320005,0.04601521898549401,-0.038833759129262006
3676,accbae278e5f551e5580,0.6534048099740095,0.2774090626319695,0.37599574734204
3677,0a66985141ddfb02ed36,0.012672144063625001,0.004433389820585127,0.008238754243039874
3677,9c9f6849374e04c206a7,0.9395809669731721,0.6203713952912606,0.31920957168191144
3677,e00f2db7478f82c9956b,0.191873000186521,0.0207947825226855,0.17107821766383552
3677,f27aae1d7f2f8200fee3,0.9785239594782281,0.48779286331571803,0.4907310961625101
3678,6d1b3d0be448f93ea03b,0.5728083816737953,0.12391667616214151,0.4488917055116538
3679,b95856f3007bfc93ce77,0.010161051540402,0.002660348746474573,0.007500702793927427
3679,e6f881ac79f31820bc98,0.8923164688928251,0.5726721138178175,0.31964435507500766
3680,932d763450d8bfd0b37b,0.7903284497695853,0.48695804919030256,0.3033704005792827
3681,2bd6e1b7849b79ee39db,0.08359790832729201,0.40410766039586854,-0.3205097520685765
3681,360c86248d894ecb3ed3,0.096516729655611,0.3224182627127151,-0.22590153305710411
3681,b9d40b81e6605805f257,0.8821434294972431,0.9769494944289471,-0.09480606493170396
3681,f7dee4a4e76557f37611,0.18302977982072802,0.33033147642581556,-0.14730169660508755
3682,4d302ea5c5a0af69b4f5,0.736342096517969,0.000448266736631,0.735893829781338
3682,51e299de63c76e8683db,0.8372474274711871,0.49322822157438706,0.3440192058968
3682,526d1f03fb9e0b18c6dc,0.309980855306392,0.0223974746680905,0.2875833806383015
3682,762671c50c0a5bc1ed5d,0.04891892223382201,0.4948470957663826,-0.4459281735325606
3682,f2260e586ff6f7b39af4,0.974052916806678,0.05308578493122,0.9209671318754581
3683,22beef56c1193e6a5401,0.6146538097083833,0.5361408679716386,0.07851294173674472
3683,261f290fea4599bdf164,0.5601559448044833,0.9712239248701315,-0.41106798006564826
3684,1a0e5e82bed80c3431ef,0.8348485250448573,0.9711112281657021,-0.13626270312084476
3684,8bffc50e81c28253566d,0.7091499622741178,0.0704857218257475,0.6386642404483702
3685,3c6697cf94a100eedbe9,0.0906266955433085,0.141944702719598,-0.051318007176289496
3685,4cfbae3d93dc53fcdc1a,0.5482377094172898,0.7054947965185471,-0.1572570871012573
3685,6150b01c55c569104709,0.392241481236595,0.8091738289681951,-0.4169323477316001
3685,7509c774d7772721407b,0.000756616459924,0.034484991139919,-0.033728374679994996
3687,1bb15349090b473e6a95,0.9522936390103021,0.450050521503052,0.50224311750725
3687,230c6114bf4fc5b62376,0.76275396781822,0.6306121067994601,0.1321418610187599
3687,52409b20cddd5207e3e5,3.148220642905945e-06,0.46027863829754806,-0.46027549007690516
3687,657740271a7fa1443901,0.950024819047216,0.012042354404016,0.9379824646432
3687,679481472181f0d91167,0.165215308234299,0.605192126923094,-0.439976818688795
3688,3aa8ec266b144b5104f4,0.6471325553009933,0.411921261037473,0.23521129426352033
3688,a27218fbee6315549481,0.2507579523631874,0.45115352469466785,-0.20039557233148048
3689,32898624f26fd1d8d858,3.1975286313128636e-06,0.018901978247061,-0.018898780718429688
3689,8a2e9acf6dc2edf9c80f,0.083352844233801,0.9651246395119596,-0.8817717952781586
3689,9c5999b90150a43962b8,0.002205859205566,0.4243118735246405,-0.4221060143190745
3689,c53caff77bc12362a7f0,0.033108822573101,0.9013880764814461,-0.8682792539083451
3690,40eade7270ce62b365a4,0.6285091958461747,0.737656741295297,-0.10914754544912231
3690,851fff2766f74f35726c,0.5301785575255382,0.1824711263791325,0.34770743114640573
3690,a63c5448f5a3c6d52d2b,0.6976997918700891,0.7189535165262421,-0.02125372465615294
3691,0e0b829120304d38b85f,0.30577094604259103,0.06074373146497201,0.24502721457761903
3691,9895a609eade035ed3d8,0.7377667943354568,0.1024072315055275,0.6353595628299293
3691,c1b351c0efd0d4bd8232,0.7628507873912874,0.33313515853220055,0.4297156288590869
3692,06b69dfd692e6ae7f4a4,0.037267593821367004,0.8545302971411601,-0.8172627033197931
3692,17893583f1ad14f85a6a,0.0018446689365400001,0.4808517701053413,-0.4790071011688013
3692,34bb4c0c2f6e0023d019,3.4757260105113688e-06,0.9142864618098896,-0.914282986083879
3692,47c950d097f3ddb08681,0.00141538983347,0.53810024082574,-0.53668485099227
3692,b85d5fe07eeb6cf01b87,1.3886297233320198e-06,0.2907714795658646,-0.29077009093614126
3693,1470a51938404ec8ec31,0.09455819491160618,4.199901456949886e-06,0.09455399501014923
3693,66b45bec10168eabee32,0.54228301872674,0.4991952394138656,0.043087779312874386
3694,9fa7a50e0f835e3e6457,0.007130271405026501,0.003670485225056,0.0034597861799705006
3694,d9cf1d53420514967bb8,2.273191255594667e-06,0.291590140700529,-0.2915878675092734
3695,0538e1c9ead908e3e49c,0.9793925661849011,0.0004401960490973114,0.9789523701358038
3695,54d63f21f541b720fa99,0.8103930688587341,0.41248950396690903,0.39790356489182505
3695,82d2f3ab22d77828ae94,0.085157946355606,0.9050193711247095,-0.8198614247691035
3695,87a5de9adf2f4ced3c28,0.198873503523322,0.6065690021804221,-0.4076954986571001
3695,b349b459ce0819289cc5,0.36416701506422805,0.006497718187066,0.35766929687716204
3696,7b14f0ccac4fb75f0f48,0.644801268750346,0.5116884169354925,0.13311285181485355
3696,90b2647697e7589662e7,0.16234068905745602,0.65999844039203,-0.497657751334574
3696,e67e4d0028b55f2c7670,0.5086804242904496,0.08100131187637001,0.4276791124140796
3697,a9e8956f87ad68ab411d,0.0031280936940245004,0.0001392588901308613,0.0029888348038936393
3697,c2c39fc85ea6eca712e5,0.00010777152367900001,0.7532836640103096,-0.7531758924866305
3699,961697fcc704831e635a,0.384575751669449,0.32316327994834204,0.061412471721106976
3699,e15ba215e53baeb0e300,0.05210730244460501,0.001090267742215,0.05101703470239001
3699,e4d9479c1bd373ce8dea,0.0245656084925025,0.02643473459202,-0.0018691260995175006
3700,016a810e83e65e66a5c5,5.421607197229055e-06,0.000171893597543,-0.00016647199034577095
3700,615836d85f998166e885,0.0005302813972450001,0.03346363764139395,-0.03293335624414895
3700,685fdf42ca17bb2d03de,0.019343103882609,0.944489180686858,-0.9251460768042491
3700,bac77f75df90bac85b60,0.16356843071898802,0.016232116222962,0.14733631449602602
3700,cab7d3b9d4753204ffe1,0.001217635957403,0.12491279831881201,-0.12369516236140901
3701,23ad53f93c4d6c134d5f,0.116926128826368,0.9394445529326745,-0.8225184241063065
3701,64f73512aa0b981b5b58,0.18502277662364372,0.46891712284047554,-0.28389434621683185
3702,38560b1564c86aefd595,0.003994140201743,0.636591969541603,-0.63259782933986
3702,f7ab410e113b49cda923,0.012025546611670001,0.47979309766687106,-0.46776755105520107
3703,12433403662840d0f6ec,0.04716791494507001,0.313473483024527,-0.266305568079457
3703,3b79b0968920bb8b1a6d,0.293929264731816,0.006519305541201,0.287409959190615
3703,3e8fde3e81398aa6753d,0.15455329395595702,0.002469956801582,0.15208333715437503
3703,5083ee840c7ee866dd64,0.283227682420753,0.38975936483237955,-0.10653168241162653
3703,88994944c4c2b45745cc,0.000159895308534,0.57871358580604,-0.578553690497506
3704,194a2c46f51ce74f7cff,0.27644606480218403,0.00021254292317000002,0.276233521879014
3704,387d466bfe91fcb77b7f,0.098382470481466,0.052649741897693,0.045732728583773
3704,fbf12a5f0f0850aba5ed,0.041210385483365,1.680629696776754e-06,0.041208704853668225
3704,fd8e94695511f5123b7e,0.016513459205207002,0.006669216097482,0.009844243107725002
3704,fe9d53814e55ea9f5308,0.816714746406295,0.009369412959521501,0.8073453334467735
3705,1acc34f1e7575538675c,0.48767923180573,0.4778536321150171,0.009825599690712894
3705,88ebfbc03dfb6823ceb0,0.038248702190081,8.381947880796485e-05,0.03816488271127304
3705,f5bf5a4eef5bbfbbc3fc,0.1681121864235155,0.9491310800838281,-0.7810188936603126
3706,634873ea780260c953ef,0.067531887708614,0.203550084206306,-0.13601819649769198
3706,6cde35f70e993c6b7379,0.5008816597897195,0.5023153295223585,-0.0014336697326389203
3706,91faf733d22318536a52,0.335883558494905,0.0019156513679595,0.33396790712694546
3707,49284569e48be38a8eea,0.32781513571046433,0.20468913725869553,0.1231259984517688
3707,63fbf8c45550aa116048,0.5840863425054525,0.001975337869305,0.5821110046361475
3707,727301005f4a7caa2cf6,0.37749958792776456,0.7029841912663275,-0.32548460333856294
3707,d7e46c5b0955fdfb577e,0.4565297676045068,0.458647349194138,-0.0021175815896312122
3707,ec2e7a5b1836be3c9d2a,0.408108461879009,0.293844186808743,0.11426427507026599
3708,02bcba9a670d61f2a364,0.055661390693179005,0.379170660760592,-0.32350927006741304
3708,104179093160fb077a6a,0.6526157689078199,0.9817439259922065,-0.3291281570843866
3708,14956b46586b996ac31b,0.17244345734267122,0.34119774120828505,-0.16875428386561384
3708,6bb25f5bd3cde0328598,0.5921752837866563,0.506906625990419,0.08526865779623727
3708,ace35176007277c38d09,0.6483368407405581,0.010602239917852,0.637734600822706
3709,0140c77f6f8b4c51435e,0.00042305675146200004,0.8254939665476007,-0.8250709097961386
3709,1c8605f5f1d820affde9,0.6386322207596831,0.42091128323241256,0.2177209375272705
3709,a7cf5b549498fd0232bf,0.46383760266252405,0.3361678652087175,0.12766973745380655
3709,ecde642a8c10dba78dc0,0.011673986994636001,0.15984111361824452,-0.1481671266236085
3709,fa92415efa3e38fa9809,0.033878183836060005,0.7645094249517815,-0.7306312411157215
3710,215fce8e4c6e2b1b85f4,0.116963112321061,0.146025090852015,-0.029061978530954005
3710,3bb46b94effef9bb3d8b,0.036807612620432,0.2868846120384345,-0.25007699941800254
3710,a516f62cb2b1dbbb3292,0.991744572757779,0.02255603876763909,0.9691885339901399
3710,c2cd1de312584d779f85,0.5436145168164901,0.32209450852590404,0.22152000829058605
3710,ce730b0930004e24e33a,0.002485258532248,0.5529528130261541,-0.550467554493906
3711,23dd70717205e7db88f5,0.25576795867963953,0.49066558036428304,-0.2348976216846435
3711,24858a0e8c4f9b82246f,0.5973582197982358,0.717319539599463,-0.11996131980122726
3711,6d8400df16f5a31b97bd,0.8386916006591202,0.0003523069056373203,0.8383392937534828
3712,627a7b2eddd0cad8ffa0,0.8861340418277833,0.5194285423444805,0.3667054994833028
3712,713db3f256c3de4f64c2,0.33344586494692474,0.669326675947677,-0.3358808110007523
3712,fc1438357aac68d61981,0.41358231171960486,0.000918336734861,0.41266397498474383
3713,1b73b1a14d917ab78b51,0.045662320877535,0.4436428760155685,-0.3979805551380335
3713,6af75131eac6f68851b7,0.07813207982881401,0.07444083074280951,0.0036912490860045027
3713,9357dad1687f65c77b88,0.049869765170364004,0.02687042665921282,0.022999338511151185
3713,bbe8c66f6f21ee82fbfb,0.013913763988948,0.93357863700089,-0.9196648730119421
3713,bea5fff2ecca4f2ad82d,0.501184456630971,0.0821595856492465,0.4190248709817245
3714,9172d109c68d9ee47554,0.09728622232692835,0.0190233697045005,0.07826285262242785
3714,9cb6bea23e81d67a6950,0.2781054880537267,0.019390570978871823,0.2587149170748549
3714,f2ce9e6f21c2728c8af3,0.021477218806759003,0.9114795963859451,-0.8900023775791861
3715,0fed4fa34b44e7d1a5d4,0.002647750262337,0.0369602556119835,-0.0343125053496465
3715,21c2e77f4010cd3f0fcb,0.0062419463978650004,0.9832135066393776,-0.9769715602415125
3715,84e5560c98f1cc6079b6,0.7593678923879461,0.7491579862651591,0.010209906122787049
3715,e03ba62926b5e5723f98,0.337869433262727,0.010956284290627,0.3269131489721
3716,403bf9db7b8819bb6ee0,0.151191817673476,0.1564304012061485,-0.005238583532672508
3716,461ef9675c72329d79bb,0.004603836458713001,0.5013035966760655,-0.4966997602173525
3716,727892b73abee0d159b1,0.957608703895044,1.3759468225057972e-05,0.957594944426819
3716,9b3cdff3a54242966afb,0.091395454989455,0.40223813487831506,-0.31084267988886005
3716,ed47f1c213d4254c2eb5,0.36907105577889404,0.370306535508992,-0.0012354797300979659
3718,179f39748cf0544b2511,0.11758963184832151,0.248244145912932,-0.13065451406461048
3718,31421e9a377a2e93e2fa,0.3639771026572575,0.006591872554128001,0.3573852301031295
3718,9d7b39e803187afb50cd,0.5944726982198026,0.4602267870886975,0.13424591113110512
3718,d0a40c7b8f6ecedd0d67,0.5869915020274468,0.066576357015987,0.5204151450114598
3719,6b1484d530e6c361277f,0.015980168431828503,0.00011923758666300001,0.015860930845165502
3719,8abde1c12327099862f7,0.00745204822734143,0.25663572654307204,-0.2491836783157306
3719,b10105c1770086345ccb,0.438587358988873,0.961710578646062,-0.523123219657189
3719,d8e17a25f7f788e13873,0.143570982187972,0.301430265617791,-0.157859283429819
3720,19c6168949cf49c4ab5c,0.49343643434594003,0.5396605971576691,-0.046224162811729086
3720,5ee44fff63737866ecd0,0.813427284663589,0.03318911170513138,0.7802381729584577
3720,67787efc5017f97bdf25,0.006122628770344501,0.5537353164663276,-0.547612687695983
3721,261f67cf019894e22e30,0.05542900042332401,0.5002057895906136,-0.4447767891672896
3721,88334b18e0cdaf48fbc2,0.509142532724227,0.00032769880830709944,0.50881483391592
3721,917e403248a60ac8840d,0.12414932392644001,0.1501482278131605,-0.025998903886720492
3721,96ce826baba6b1d9b875,0.05948923366912601,0.37491519682136554,-0.31542596315223953
3721,faeb36ea568688b7ee27,0.00016252149516800003,0.14366395460432552,-0.14350143310915753
3722,087fd3a28a7f7c4ada25,0.8357104812610237,0.5397279264022885,0.29598255485873515
3722,8d2cdaf714c8fca1f541,0.692565640818535,0.9909473529577946,-0.29838171213925957
3722,a060aca0a432d6ecf6b5,0.0014621971182370002,0.4546902614018746,-0.4532280642836376
3723,683a07ef7e0fce761d97,0.9575218629971671,0.957121952561335,0.00039991043583209596
3723,892352148c6512e2929c,0.0159935339950025,0.5004914863664536,-0.4844979523714511
3723,efc5af4df74179d3b039,0.586175201196731,0.6181363536231195,-0.03196115242638842
3723,f516ca3897ee54516d3b,0.992746231185873,0.304920942952848,0.687825288233025
3723,fbc8894e78723613c623,0.996517006442291,0.06983412900438551,0.9266828774379055
3724,14fa383392c68f5be606,0.078575685986673,0.003919796177966,0.074655889808707
3724,495207ee06545846bdf3,0.060773234779827504,0.015926749114919002,0.0448464856649085
3724,a66cd7b3fc040d2dae48,0.24405079256063952,0.052040671443205004,0.1920101211174345
3724,b19f4cd6e8da7c04617f,0.327736380758257,0.0002348092210144362,0.3275015715372426
3724,d88d72546205f68ed615,0.6637442078676845,0.026084189868756644,0.6376600179989279
3725,4c8cb2db60525d14bf5f,0.43863822903164956,0.9499744596812636,-0.5113362306496141
3725,543c9755a66d7c1f4768,0.4128653013229311,0.8101475601635275,-0.3972822588405964
3725,8c5baf840e9e877dc929,0.8871642616199795,0.661858407739468,0.2253058538805115
3725,c075c9ae5c95a8ed9353,0.33260646707922953,0.0670816368586985,0.265524830220531
3725,ffc40e02e94cae87b993,0.04883699413710509,0.018484529107501,0.030352465029604092
3726,1f188c1f2e50f658e62e,0.015696050202623983,0.5243933513794521,-0.5086973011768281
3726,4b3306852a3205f192db,0.0020293854595810003,0.00124709506774,0.0007822903918410003
3726,7e132f7c1030001e33e6,0.00010652106945100001,0.10273174309736502,-0.10262522202791402
3726,a884e4c52e3ab907d0c0,0.001022696896177,0.0957946731643655,-0.09477197626818851
3726,e6518508d9b78456ff5f,0.00029683072536,0.008001956046226001,-0.0077051253208660015
3727,3eb8ce7e6560ecb48f41,0.000300760101319,0.5864171918794585,-0.5861164317781395
3727,a8b0524ff00b5b693527,0.0109994453434965,0.441503074585276,-0.4305036292417795
3727,c00fafd09e07d627bb3c,0.00021483408007700003,0.9957110212195222,-0.9954961871394451
3728,3d193d33bfd08a567b19,0.2812151565150265,4.472754246105863e-05,0.28117042897256544
3729,06d3fe7930616e9ecead,0.916397318922415,0.44309484768835505,0.47330247123406
3729,d3a378117bd84eee2c8c,0.294573743616152,0.37854132252456,-0.083967578908408
3729,e618f7849815295d5607,0.035724258180806004,0.9825433919913265,-0.9468191338105204
3730,123aa1571f531b2b06d8,0.6862023543237802,0.3790562880411861,0.3071460662825941
3730,6898d2e2733b8cb6c405,0.5913821359400474,0.7970516316736466,-0.20566949573359916
3731,a8d1125ad3415d7d3a3a,0.456014081131126,0.5586910658450355,-0.10267698471390946
3732,211cebe71a29584fde35,0.080640900360245,0.5756298399685905,-0.4949889396083455
3732,4d9a472e0e42fb7b87f7,0.39676602973704905,0.5787374264152005,-0.1819713966781515
3732,65fc9e5418c799ef4a04,0.126672834151387,0.5242829296805686,-0.3976100955291816
3732,a0385d0080dca89e5c76,8.983150014760678e-07,0.3584435575704755,-0.358442659255474
3733,78e0c00fb06d9828e257,0.9504992146882891,0.8653109884736396,0.0851882262146495
3733,b41a54819f19a3bd37ec,0.49112166412443303,0.10167991070116053,0.3894417534232725
3734,48430f450dd54d415fe8,0.035942400350111,0.3473563822274125,-0.3114139818773015
3734,65e37c8cfbe4ab476172,0.8266143460911201,0.5404086721325976,0.2862056739585225
3734,704134b6e475a8a49ee2,0.248492808040558,0.182711927567302,0.065780880473256
3734,9f6516907e836c91de71,0.47295200930682,0.004610557532355408,0.4683414517744646
3734,c7a6ee14971a0c729724,0.272707331961806,0.260789804291753,0.011917527670052996
3735,5dda4e1f8289fbe8cc7b,0.5340868530547722,0.4783392582507536,0.05574759480401864
3735,8d8d13ac9644e1f654a5,0.7034678864667964,0.184734374930474,0.5187335115363223
3735,cf3ccc1f6874a7122e14,0.5346356772529091,0.9895825735452791,-0.45494689629237006
3735,f38722e957e393587dbd,0.44239437395630105,0.5788418921991075,-0.1364475182428065
3736,07a0a68a0608489d6276,0.4514516854370207,0.2584526996251465,0.1929989858118742
3736,5a22170ed2ae988c52c3,0.59123029773253,0.0005767665264120001,0.590653531206118
3736,91672abc9dc71d3e6484,0.010182398572285001,0.45636547407550104,-0.44618307550321606
3737,19ae0d7adef0d0498539,0.6059140512036729,0.43830899923333905,0.16760505197033387
3738,198291eb23a9fe8c8ee9,0.1872999651849541,0.20533700590637602,-0.018037040721421926
3738,9003b34cb4927ef368ff,0.110019723687148,0.033261817436738,0.07675790625041001
3738,fddd41052ca3ba84586a,0.04638929622673929,0.10960010784809056,-0.06321081162135127
3739,00f9f5c3e36c77eb0fec,0.37363000521639905,0.9694361090010201,-0.595806103784621
3739,a38653bf87fa1f1ca386,0.14142589956791202,0.9719114062896346,-0.8304855067217225
3739,da6eba8b2dcb17b75447,2.1042769221105225e-05,0.014752883851047002,-0.014731841081825896
3740,9f83631fcc030434c874,0.653700259162179,0.4942528079694085,0.15944745119277048
3741,a8780f2e5d6285ebdf14,0.04963895298646151,0.9920769687583921,-0.9424380157719306
3741,ab2cfb94eb8fa2b28b77,0.00037143927294,0.06227481087120051,-0.06190337159826051
3741,cc5ca534e1fd03b85894,8.525496341127947e-05,0.9940826292869841,-0.9939973743235728
3742,7236411ec7f5cc26013e,0.40002715341354517,0.24431538654923002,0.15571176686431515
3742,8c121a0a03b2528837b3,0.0019349286163538974,0.9605259550211556,-0.9585910264048016
3742,a78a16fd5e69dcddabd0,0.7795500626727511,0.0362932556778745,0.7432568069948766
3742,bf2b20427de2f018d1b5,0.7056535142646041,0.7603025896329552,-0.05464907536835106
3743,62a846b10f70b5570bee,0.0035835486154602732,0.47504976840244406,-0.4714662197869838
3743,b462e1ee54f3a90ff696,0.2214155350637701,0.0024489511420970004,0.2189665839216731
3744,0393cd160223a11e0154,0.5268203821222313,0.48431267544474854,0.042507706677482715
3744,65b363adbf317a902e49,0.732090910842153,0.9306989965932135,-0.19860808575106048
3744,aa4d2abe959edbb4f7ce,0.0012051073391440002,0.539536695888545,-0.538331588549401
3744,b9c8213e358565575f8f,0.00044294121449200003,0.15538779832907051,-0.1549448571145785
3744,fe6211de91531c932a36,0.8833914133645421,0.15509728339314752,0.7282941299713945
3745,1ef33896ea74b4761f16,0.10803433966096601,0.47717415585070705,-0.369139816189741
3745,613cf56554b8a1f1b901,0.190278027217666,0.4522981290964955,-0.2620201018788295
3745,d180a49f3bce1f825719,0.028933198174861,0.7872240640646095,-0.7582908658897486
3745,e9ec1e2c537e781ee0d0,3.518154560629199e-06,2.7083010917410027e-05,-2.356485635678083e-05
3746,73f4f5812a8629c6ed6d,0.5429217882037742,0.8110686405828811,-0.26814685237910685
3748,943f26b1934463962adb,0.177131439388507,0.33023917349980303,-0.15310773411129602
3748,9bec456fae3eb8b2ae08,0.014367228264659,1.045237881054566e-05,0.014356775885848454
3748,a5af164672442dc1051f,0.009497416922648001,0.49947668381040355,-0.48997926688775556
3748,c22917eb2fb6e8576fe5,0.44766881169181505,0.040441373280607,0.40722743841120806
3749,04ae54b74b1567800dce,0.510224163826397,0.25526265449818797,0.25496150932820905
3749,97d98c8a7e5236c0479c,0.8722818415806991,0.025077346116135504,0.8472044954645636
3749,b914def3cba84189f497,1.4651178384077562e-05,0.9956643770141471,-0.995649725835763
3749,cf33fd41888b7a6f7252,0.834824590432873,0.0040716312979125,0.8307529591349605
3750,448f552a71f75ec397aa,0.0017778021340360002,0.48658165941565285,-0.48480385728161685
3750,50f1225f18092199831e,0.5702739616045117,0.04071840012349401,0.5295555614810177
3750,851ada93929e62189d73,0.23095207242790802,0.368647510149207,-0.13769543772129897
3750,c42484d9df35e00317fb,0.00024467779683400004,0.494132132500252,-0.493887454703418
3750,fbcc214facd9e7061db4,0.817329958467165,0.7897147495630951,0.027615208904069988
3751,88db95cb2f6aae6be3ba,0.070806667110635,0.503522560963897,-0.43271589385326203
3751,d5f459914f02ee012b3c,0.110522295023425,0.041335946259889504,0.0691863487635355
3751,da40f52f59d8b7d1535c,0.0015767211071190002,0.4313704953466762,-0.4297937742395572
3751,e52d04fbd213ed0a9597,0.0031287870580970004,0.5724645390223481,-0.569335751964251
3751,e9e0b437eefe638437c5,4.5233338024952706e-05,0.022551515253554675,-0.02250628191552972
3752,1d27bcd11b37fc45bc07,0.0011109765625380002,0.0426001318327125,-0.0414891552701745
3752,20ac976ee426696d9c3f,0.054013093194554,0.5481918346609745,-0.49417874146642055
3752,55e90d62374383de0700,0.019862562318694002,0.0187834159019015,0.0010791464167925029
3752,8114713097021dda5ebb,0.06729289387529701,0.518239646152165,-0.450946752276868
3752,98e1bf07d035b42572f9,0.685406337619161,0.022205737015349038,0.663200600603812
3754,1b1ab4547031864dee8a,0.12135427006256473,0.40692852012775355,-0.28557425006518883
3754,327c99b1d880ee928936,0.9019395871983478,0.48434443717184256,0.4175951500265052
3754,6c8554e7aa693bdba2a9,0.008649053987292729,0.047494394487114504,-0.03884534049982177
3754,83f280092a2ab170179e,0.03155638764953214,0.6567464684982871,-0.6251900808487549
3754,cf782c86931a03258a47,0.6128314464347663,0.8487779901250195,-0.23594654369025325
3755,61025a7d5683fd0d5c73,0.004779858354159698,0.45073584127798755,-0.4459559829238279
3755,82948a6671b9d1a2ad7e,0.04936507904203902,0.36929133514289353,-0.3199262561008545
3755,c83413a3f9616919db47,0.35877950581253404,0.5479253168270245,-0.18914581101449046
3755,fec364d28b1d9781aa86,0.3438442707051325,0.0035406409846315003,0.340303629720501
3755,ff2091b0a97c1fbb1529,0.013765481988527001,0.22240322154090703,-0.20863773955238002
3756,410a828eee051a7b0c5d,0.5106732371653906,0.865243608473873,-0.35457037130848246
3756,8dc890894f8e44302fd2,0.5772521004914376,0.7513038915336785,-0.1740517910422409
3756,921802bdc731577874c3,0.0058908722466355,0.297894603891773,-0.29200373164513754
3756,f597b6340c980e29cd2f,4.706501215319355e-05,0.4495051636157125,-0.44945809860355934
3756,f8da907d18f02af4f8f7,0.20128313065767903,0.7369485016557111,-0.5356653709980321
3757,ca34b9b96dbda693987a,0.016814573468687,0.470291101250922,-0.453476527782235
3757,f5abb4108fe0134a2e0e,0.4786070181241395,0.237532172134794,0.24107484598934553
3758,1412328f8781effcae6c,0.6797498621197451,0.4962690704476667,0.18348079167207837
3758,5545c9017912acb9c718,0.142828122705279,0.0376562010338125,0.1051719216714665
3758,76a6db514de7105f2a21,0.002322612931968,0.15780931815368252,-0.1554867052217145
3758,df7c88171daaa163d17e,0.001710371984457,0.8104057876764885,-0.8086954156920315
3758,e32d371876f884ccd02b,0.7131910113716221,0.5879841738466496,0.12520683752497253
3759,14a34bd641fee8f18452,0.015156463661887002,0.48632735624202406,-0.47117089258013706
3759,61c91dfe61254ad70cb3,0.048051385282296,0.383212725643432,-0.335161340361136
3759,7a9e983e04369b719f00,0.9380106854836061,0.22020540550919251,0.7178052799744136
3759,993e796123705735b34d,0.007574232636250001,0.491430310207346,-0.483856077571096
3759,d3f2b4d6aa5ec3b6c159,0.283842402980076,0.680487644346127,-0.39664524136605095
3760,6bc1f5900727e2039559,0.00029257170793800004,0.7614389934291641,-0.7611464217212262
3760,7f0b9c8262601733e579,3.7576479412476766e-05,0.47223289640994504,-0.47219531993053254
3760,89be862453588c94b5e4,0.44051874339411806,0.49703392424104303,-0.05651518084692497
3760,b24d127f858a9f793ae9,0.1538230584754116,0.0008184856954,0.15300457278001162
3761,1fb01fcf839ab88bfc06,0.511180522749737,0.450467244423272,0.060713278326465
3761,4dbd4286402a27a2fc83,0.15228211274549,0.867908969285057,-0.715626856539567
3761,54403fd375b0f297b3ce,0.9337296313538918,0.238459895408031,0.6952697359458607
3761,712558cd974958966a36,0.012096642468803001,0.4712750645594975,-0.45917842209069454
3761,b0e8caea300d3147911d,0.7268570658241176,0.3457574822405645,0.38109958358355306
3762,46560ac64182da024358,0.86333802043786,0.584928685861803,0.278409334576057
3762,7c7321f92899408faff6,0.6014647853592481,0.15641672754684102,0.4450480578124071
3762,90668a9e6fe71612574b,0.00047941824275500003,0.510793845721325,-0.51031442747857
3762,c5265b3681fb01fb6d25,0.070486952795552,0.6506635442686021,-0.5801765914730501
3762,ef3ecf9fb3602661e925,0.15761545404784502,0.46380571011926053,-0.3061902560714155
3763,03f71d73246b042033b4,0.0052328297739345,0.070980845652147,-0.06574801587821251
3763,97658513f3e7a62e1ad9,0.5337920789318386,0.5591325715913875,-0.025340492659548963
3763,a9c83da55dcd29e84d2a,0.479941921534062,0.49805660869709056,-0.018114687163028553
3763,fb9f8e9f43b6b6b5654e,0.0031993055129280004,0.37640147905463606,-0.37320217354170804
3764,498c07502ac3232232e0,0.3206659535953709,0.645967817635299,-0.32530186403992806
3764,9b20fe1039d54a876689,0.113985149429839,0.5491730800288775,-0.43518793059903854
3764,dcc6aea48d416aeb539f,0.017303151164766002,0.4832981702360016,-0.4659950190712356
3764,df210cc8b273614d6d78,0.48126558340533554,0.71162779361383,-0.23036221020849446
3765,4c16b117f5b435c5418d,0.0016943195052730002,0.00042033650876918715,0.001273982996503813
3765,8101a83a72b85b29487f,6.581046250747078e-05,0.1588343065085605,-0.15876849604605303
3765,8a8d8190b2de1090b687,0.09680607038320001,0.364474855056761,-0.26766878467356103
3765,c4d36683eb361ea38313,1.542358819247182e-05,0.46399087471082856,-0.4639754511226361
3766,0132e433f342da0f8265,0.40153101656608303,0.0725651322472705,0.3289658843188125
3766,4132996f7844275e7d85,0.9935064351979521,0.683276414553988,0.3102300206439641
3766,a6356969fc1a3e153ed3,1.82735013286123e-07,0.140950574681763,-0.14095039194674971
3766,b3a9ef13038bafe86552,0.8472503614280931,0.0026383414197770003,0.844612020008316
3767,10ecc58c0f32643d0915,0.896776895219043,0.8549035507836176,0.04187334443542545
3767,2615eccece73149307ae,0.09790434737122501,0.002881292297069,0.09502305507415601
3767,500e2b7d88a59f7682b8,4.2557097248719364e-06,0.654135055611286,-0.6541307999015612
3768,09f3f5727afaefebfd5a,0.7430038058837201,0.5006907309583656,0.24231307492535448
3768,30539041079b8191fe13,0.037443876234071506,0.49018074740214956,-0.45273687116807804
3768,994d640793b2beccaa1d,0.5885468327679446,0.6222442365738325,-0.03369740380588793
3768,ca7b7258c74f8969e663,0.6257407621739001,0.9750943298621341,-0.349353567688234
3768,ed5c4d19ed79b46e2366,0.3825060783122655,0.8948722948867931,-0.5123662165745275
3769,1a27d746320266624e15,0.08940641110165251,0.8061734274104921,-0.7167670163088397
3769,1a8a2c8b6ae5dcff424c,0.8381548212273561,0.49969436862188654,0.33846045260546953
3769,252293cb2dc3da228b3f,0.0365098341158474,0.45794512903139256,-0.42143529491554516
3769,b07eb1383e194b3fb2a5,0.002304913928189,0.18779807978451102,-0.18549316585632203
3770,394d0bba6ac119745ba5,0.008638755103075001,0.524013136559733,-0.515374381456658
3770,b492e880c25da0ca736f,0.0013427724488590002,0.49203907952520254,-0.49069630707634354
3771,b4fc1e0fd5d39219c24c,0.6565043115008921,0.17007601538327452,0.4864282961176175
3772,3562285d5ebf761e07f0,0.728427916213464,0.0062403515767075,0.7221875646367565
3772,47fa82ba1183739a5002,0.8371417253446171,0.4686853010447211,0.36845642429989595
3772,85af7f9ef361b10c5877,0.767515128665686,0.0211092915232065,0.7464058371424795
3772,c6a2ec333997013dac57,0.3386671530676553,0.4594134657956341,-0.12074631272797876
3772,e3f454b31e99524c2429,0.556692810294186,0.5643667223207746,-0.007673912026588514
3773,2e947b9330a8de1499df,0.3092873017883015,0.502854957151618,-0.1935676553633165
3773,30231af81c073ce6554b,0.256923362995155,0.4973633007110935,-0.24043993771593852
3773,8a2ea72114d9bde3af11,0.7518644492409561,0.27561633393557855,0.47624811530537753
3773,e87b0175128fa3637a9f,0.9125076878156941,0.26849432022478753,0.6440133675909065
3773,eb78519a19ce03ff8fb7,0.000458625820367,0.4687114573170205,-0.46825283149665353
3774,b8411adefc034582765c,0.138107367007693,0.4766130718034035,-0.3385057047957105
3774,eb2d1a124165cb7e73a2,0.004920449586009,0.49351354069930303,-0.488593091113294
3774,f39e520897c0489b9242,0.0038269112835445,0.5273082950397225,-0.523481383756178
3774,fecd07ff3fc8ffcee2b4,0.081748079739307,0.0123453604808005,0.06940271925850651
3775,08ea3e4ea7098a98d4dd,0.31081488171641136,0.2583278189219275,0.05248706279448384
3775,2bb8dd349b6480bbf4f4,0.34366438474347005,0.143757772112064,0.19990661263140605
3775,55195588ce5f52b77f09,0.941778231530749,0.00013395726940114314,0.9416442742613479
3775,67f17a2a5f50d6aca7ab,0.5200279307133638,0.38654187822837704,0.1334860524849868
3775,8617627eb39f83075ad3,0.98249843564421,0.9278024146060166,0.054696021038193376
3776,37f74680958b39f19414,0.5085531236525814,0.764227628533616,-0.2556745048810346
3776,cec897eba104b2d032ec,0.6201706646906298,0.501734656557631,0.1184360081329987
3776,fe3890478e9a67e87e64,0.757517648541373,0.14095943446343853,0.6165582140779345
3776,fe587089da880b1fc196,0.5782723088009739,0.018502000452744638,0.5597703083482293
3777,2f1940c16962134f0896,0.013024457587818,0.6354121840966895,-0.6223877265088715
3777,435573f22fbbbe5d7d01,0.4853458969813995,0.5008346654303265,-0.015488768448926993
3777,626bed49078419887dfa,0.22964406492592856,0.280476315816146,-0.05083225089021745
3777,8532085d5acf7c37223b,0.1169504322768744,0.6134421530822145,-0.4964917208053401
3777,c5ae92b15d5701b837a3,0.51337022795839,0.20277740506390002,0.31059282289449003
3778,62ea46bdacda0757dc0f,0.8107595509458942,0.280866219143512,0.5298933318023822
3778,c167ee68a8a315b7ed2f,2.005219331135016e-08,0.9851586554875841,-0.9851586354353907
3779,1e511b87260dd34a3ab0,0.45013198195284404,0.354265955689398,0.09586602626344604
3780,4386b7b747e17cca329f,0.00011140728807200001,0.49937550115176804,-0.499264093863696
3780,486f98db21553d649798,0.0001062641829762789,0.0050342749226210005,-0.004928010739644721
3780,8d5e6aee916333d76afb,0.17833982341971652,0.48856512138066993,-0.31022529796095344
3780,aff14e04c985844cad49,0.00021330562996000002,0.7782355761911626,-0.7780222705612025
3780,bf33039a1c7d54aa0443,0.679200577476748,0.574297587088193,0.104902990388555
3781,9be5a5beee8ce41ef5e2,0.006992171884396,0.4908964851258582,-0.4839043132414622
3781,ccf222e98252a5571f46,0.000991497533254,0.23151016623441753,-0.23051866870116353
3781,f1c5a94cb78ff3afc803,0.279465220451364,0.002272466355471383,0.2771927540958926
3782,1c1e9aba57c5757eeb17,0.6480779264634591,0.9221814565006616,-0.27410353003720256
3782,4548ce244c6bf138c761,0.18904996395527102,0.4431923965258445,-0.2541424325705735
3782,768eb243693ef46c8c35,0.46841349329533805,0.8018945903110106,-0.3334810970156726
3782,899adfd4082c533e99fd,0.5403989886425605,0.340215807468568,0.20018318117399253
3782,a90737136c6551d470ba,0.027895033898209003,0.45979771639192907,-0.43190268249372005
3783,0d521acb705d063eced6,0.0013582229230967094,0.29639027527770256,-0.29503205235460583
3783,1da51be1d32c6316fdd5,0.001055790569304,0.7983649717277845,-0.7973091811584805
3783,434127f2da0c2f2bb5d6,0.043719147278053004,0.9423007043268811,-0.898581557048828
3783,4697231641484ec388d3,1.619631815465878e-07,0.5857317350200676,-0.5857315730568861
3783,ee300c432631c0c21ea6,3.842862272552367e-05,0.00020750480830600002,-0.00016907618558047635
3784,367a429a182aad085a37,0.3328997497698166,0.0034932930303555004,0.3294064567394611
3784,7153223a225d3b28ba7e,0.12580825498746434,0.11602128831164102,0.009786966675823322
3784,7e04ba7b1fb96279e3d6,0.32288040617239255,0.033643068553701506,0.289237337618691
3784,d315bd216572ce9c9842,0.5628131005563434,0.528474240860069,0.03433885969627437
3785,40c88cb9efa120a602a9,0.119685495227159,0.14422384156585302,-0.02453834633869402
3785,c69433293c909239557e,0.00033567773447200003,0.152680046650702,-0.15234436891623002
3786,63b972b428a95c0b94f1,0.023038882496247002,0.5106869053339015,-0.48764802283765446
3786,f32c163ce9a012e5f3df,0.012333574012579,0.41712927331896604,-0.40479569930638704
3786,fc1ea33db55bebcd96eb,0.0008459984904720001,0.74594774695388,-0.745101748463408
3787,427c2b8679cc64631437,0.0008221512890990001,0.01365957875885,-0.012837427469751
3787,825dbab3a8312818d755,0.004064773971969,0.2716944898426515,-0.26762971587068246
3787,8e1775ee28203d2fd905,7.451030344142603e-07,0.0542301073734675,-0.05422936227043308
3787,8ff3e3d9a75a5ea0d91d,0.00021747795036900001,0.5037303312900251,-0.5035128533396561
3788,06dfb6308de5f806c9e5,0.040547825126932,7.216786135793308e-06,0.04054060834079621
3788,2d690540e134f9e9a38f,0.029551086880962002,0.24583242972535302,-0.21628134284439102
3788,b501f8bd9dbc9d893cee,0.21897452466057812,0.8639154097765926,-0.6449408851160146
3788,b6f88be86b7799f20707,0.45164755550211105,0.055647489212310504,0.39600006628980056
3788,effb327874fafdf21771,0.0020825808523330003,0.147024972752921,-0.144942391900588
3789,7b90059c3bdc9b3787cb,3.3226830442785986e-05,0.0039078312062528165,-0.0038746043758100305
3789,c4c9edb13e1049826ab5,0.022227254523287002,0.060538516778923,-0.038311262255636
3789,fccf3b37d35432e4b3b5,0.037260486269805,0.266668767018483,-0.22940828074867803
3790,b38224003afbe241e319,0.0702947374799505,0.0028503583805815002,0.06744437909936901
3790,fc8e66ab6189728132ec,0.150109776154354,0.643590912610647,-0.49348113645629305
3791,3c56ef1ab7ef5e94b244,0.00133704521373,0.23697736621140492,-0.23564032099767493
3791,b8ccf7ac2fc1896e1516,0.011902277566131,0.42347507669575,-0.411572799129619
3792,81f0b27646b0782cee64,0.168498959570261,0.6861048482325021,-0.517605888662241
3792,c8f280991cdfb329c185,1.1567958416089419e-07,0.790681862677215,-0.7906817469976308
3793,15f816de5d4735d69d98,0.014588360171705,0.43913243521337353,-0.4245440750416685
3793,519931fabb90add1a639,0.30683927499547253,0.42200644664096304,-0.11516717164549051
3793,78ff2f4f467546178ad3,0.029519699798459004,0.36464715048169505,-0.335127450683236
3793,87cea6f4ee90c94f77a6,0.17801223271047534,0.11816755741529951,0.05984467529517583
3793,cd9ba81eb972eab69cae,0.4334893104514943,0.5157633245254745,-0.08227401407398016
3795,06ec69d2a383a967de6e,0.128272618198798,1.7765726400250395e-06,0.12827084162615798
3795,68cd566dc739a33f8f3c,9.402357795803975e-06,0.0048108164842675,-0.004801414126471696
3796,1f7ada43d29524fbd8c3,0.025406657430931002,0.0703623858821355,-0.044955728451204505
3796,2b4c8bdd65fe7ec1077f,0.109595159468824,0.074871389348383,0.034723770120441005
3796,83a4786f06b4b9d8a63f,0.21914269342706402,0.0185704338466025,0.20057225958046151
3796,9f2914b50a96be9d622c,0.008915541768831001,0.363905117313768,-0.354989575544937
3797,34984b2993951175999a,0.09977327836011285,0.006956192263256,0.09281708609685685
3797,79dedc49f87446bae740,0.5603167923749929,0.4472075259636075,0.11310926641138536
3797,9695752d7aee2dca4cf6,0.023968496254970002,0.481851216822042,-0.457882720567072
3797,cced5b7304393fbcdfcd,0.256003936739766,0.0362108353885405,0.2197931013512255
3798,050192079aca06725e8d,0.2753217218011647,0.6918793213316181,-0.4165575995304534
3798,ce0e8f9f66e79f4f1c44,0.000303027251133,0.8648942762982901,-0.8645912490471571
3798,edaad668661bb8ba10ba,0.27111526981871553,0.49422664132585753,-0.223111371507142
3798,f69d6e7c6d4ea6e94b23,0.4776951860303211,0.506309542364936,-0.0286143563346149
3799,17eb845e213905ef45a4,0.503587549982166,0.000347550888776,0.50323999909339
3799,527229d3487a46d69623,0.00027439479885200003,0.44740046307488485,-0.44712606827603285
3799,7cea14bbb809f5df6adf,0.8992365316809621,0.543259202213187,0.35597732946777505
3799,842ffdfdfd32dd8e780c,4.7429126607453325e-05,0.49048041982362056,-0.4904329906970131
3800,1d58e30bc51470596eb0,0.0029757034213400003,0.37022793978574253,-0.3672522363644025
3800,36d315a2b9ed0bb58fdd,1.8929262634614212e-06,0.12471701920590401,-0.12471512627964056
3800,42f34acef33bef699ae1,0.028951442797290002,0.019100070799357,0.009851371997933001
3800,499adcedca1434a75369,0.0016815222386440001,0.4777511064872905,-0.47606958424864654
3801,581d61ff5ceead806a75,0.20989289796481003,0.418831641902469,-0.208938743937659
3801,84135659ae3e1814f410,0.00017596616087200002,0.015121975172409001,-0.014946009011537002
3801,b37b4dc0d416af22e764,0.8853898977534821,0.00624727916123203,0.8791426185922501
3801,bc7cf2e2a77a90d447f6,0.138177314722281,0.6653473683100195,-0.5271700535877385
3801,f3052ba6a2a884999dce,0.974074745074307,0.020886336518556002,0.953188408555751
3802,22041660fd809ef88de1,0.645301758590332,0.0351126907955345,0.6101890677947975
3802,628ef1bc3eefe0d22e6c,0.32424670276031203,0.9682406250718311,-0.643993922311519
3803,8e16365752c51f51336c,0.992978042503816,0.7094375611763861,0.2835404813274299
3803,8eee0da7f3491b0255f1,4.7817349477708626e-05,0.21099922725648051,-0.2109514099070028
3803,ae9521de13046742ff61,0.40862215636702404,0.9511857195158281,-0.542563563148804
3803,afc0994cf2f92ca62864,0.9447049806147291,0.0882310971166635,0.8564738834980655
3804,59954c19d10aa615b2fd,0.0012201233708800001,2.4559137262475833e-05,0.0011955642336175243
3804,727ce3a06fcdd0f34db3,0.0033641976874370003,0.7260630934363911,-0.7226988957489541
3804,c28d0ec1b7c75119f3ed,0.02388247255469,0.4876715006615056,-0.4637890281068156
3804,c7d43740d22aab320dc6,0.4721381853875986,0.4263372860759808,0.04580089931161779
3804,eda3ea92007d727d74d5,0.6443240397303109,0.102315973440579,0.542008066289732
3805,09850ed9007a9e8a6e57,0.015853432795297502,0.51390550039923,-0.4980520676039325
3805,0ec39a913c23fd16f4de,0.8995588983761701,0.1683818253439065,0.7311770730322635
3805,cd3a68bd23dc08abf070,0.48993590087106703,0.974311270582296,-0.484375369711229
3805,eb276ae1e48e1bb904a3,0.002383974547894,0.0002791132208604734,0.002104861327033527
3806,06dd123c55adc6140a26,0.122082545408924,0.009783842978897,0.112298702430027
3806,3651602bbd6e60f77a91,0.9054786789186061,0.4823096499322575,0.4231690289863486
3806,acf0a7dd3f292764daeb,0.0023220214508520003,0.9827255541032576,-0.9804035326524055
3806,de8db554a30de7a0cc9a,0.906194296421099,0.8544155347087101,0.05177876171238893
3807,08f17e392c76855c2fc2,0.5050210432069787,0.073536409892968,0.4314846333140107
3807,1888fd021d633433c28f,0.14789951585677202,0.115914218622789,0.03198529723398302
3807,903693342687e1539642,0.001455585761027,0.5106048801263445,-0.5091492943653175
3807,92bb1c42bbba27174af7,0.16171744099533436,0.08728272997760801,0.07443471101772635
3808,15d9e6c98cb101357867,0.9179871647549731,0.46817494519713754,0.44981221955783557
3808,44061697efcb557fa019,0.655844664633158,0.02677606042854448,0.6290686042046135
3808,4eb53ab05780bf9d74fd,0.0076319711400610005,0.2715021645143465,-0.2638701933742855
3808,89e96f7a10ccd7d1dc85,0.649173421920198,0.4930846645649686,0.15608875735522942
3808,e357cea48141164c89b6,0.015388934021343002,0.4700394411072096,-0.4546505070858666
3809,100b4d1eb2d7c47d9b56,0.5540767169662038,0.0006141957127418509,0.5534625212534618
3809,4ef02255810ddf334e32,0.28426566748749255,0.9780208502253072,-0.6937551827378146
3809,bb206ca31c8ef6dbf986,0.30339372033927553,0.2190973217001925,0.08429639863908303
3809,e3ec21d1a44534ad13df,0.11569691691266201,0.38487261466259454,-0.26917569774993255
3810,2d112c1adb40fad0d810,0.967962287604014,0.5777224572284275,0.3902398303755865
3810,5e0ab8aac5010350720c,0.898467853430248,0.4784136756274525,0.4200541778027955
3810,962e23d64b1ddfa330d4,0.970720906233389,0.1497214929687135,0.8209994132646755
3811,013fd73d033ebe0349be,0.00197981827107,0.020276391561851504,-0.018296573290781503
3811,03b1567f735999142ffb,0.045130061322601,0.016053176278793057,0.029076885043807944
3811,e117e21583f3100357b4,0.26388949424103103,0.19311175018093643,0.0707777440600946
3811,ecc83a1a5d3b215627ea,0.185733716511324,0.9287547306192852,-0.7430210141079612
3812,e435db42d206105aac47,0.28148570470220974,0.9862295567887431,-0.7047438520865335
3813,9b61157f99fb555f99e9,0.8888220179250921,0.4986995284038385,0.39012248952125356
3813,e353b19d0129db638097,0.061274220647922005,0.00019017127262948606,0.06108404937529252
3813,f15108cedcae95f41e6b,0.0014160883499390001,0.870859234248339,-0.8694431458984
3814,43e2d2ea7d18f1835e00,0.49436973608392004,0.4046622309438735,0.08970750514004655
3814,90432d25b38eb0b605d2,0.573436303336016,0.1345038016050955,0.4389325017309205
3814,ac5860bb91c2fd17f3df,0.019066413520327,0.734424120018037,-0.71535770649771
3814,ed27c8ff9c05e93bad24,0.7568309806622401,0.1156333907641255,0.6411975898981146
3815,307a03350a755cf96b06,1.496960600131883e-11,0.03544551287688739,-0.03544551286191778
3815,92230604cf4269df8621,0.000143079942129,0.242563898360304,-0.242420818418175
3815,db268a4d94b267ca3850,2.8900905657871906e-05,0.8051345381020476,-0.8051056371963897
3815,e293e21d7aaaa756ead4,0.002659964756531,0.5117421959754216,-0.5090822312188906
3816,51559b5d270d7d520fbf,0.307469402234679,0.0238855427548285,0.2835838594798505
3816,5e32c38ed8c301bd73ab,0.0048400334666760005,0.5928998236334311,-0.588059790166755
3816,7b6895729c79dda7e10d,0.6942295814050841,0.069661999972128,0.6245675814329561
3816,a10c757a4b42d3272736,0.513819374164359,0.15823519059298152,0.35558418357137744
3817,0a7ed03c468043068e6f,0.09231846194972651,0.0061716774139945006,0.086146784535732
3817,97b55cd7c1ff713e3944,0.050591818935298,0.06336443850026101,-0.012772619564963006
3817,cbc77b3fe82b651890a2,0.5440376801618865,0.39541888483088505,0.14861879533100142
3818,01af6391de1e8e1d1454,0.000127372309816,0.003970030233633633,-0.003842657923817633
3818,2b913788372c687efb45,0.181921261704204,0.9953147911605635,-0.8133935294563596
3818,455cda6a16ff8bbadfb4,0.10449949341761601,0.4988217507918805,-0.3943222573742645
3818,f26dab79737a1024c4ba,0.171102956876227,0.012703990118957608,0.1583989667572694
3820,378bef75822a35a609de,0.3938720494569472,0.47363146253171906,-0.07975941307477186
3820,632f9041a957152f1efd,0.2663671153251938,0.512297051178196,-0.2459299358530022
3820,7d6cf55077842435f6f8,0.4879430055779413,0.8137660646722955,-0.3258230590943542
3821,04c6be9cd3d9d2fe5487,0.003469276430647463,0.1439011688772528,-0.14043189244660534
3821,6171f69587a180d06be3,0.0016517895293790001,0.19471428343681252,-0.19306249390743352
3823,6743ba2b64ac29199c92,0.016775140067229,0.37445187240173605,-0.35767673233450703
3824,44c87058719abe66e7fc,0.22443273951329368,0.49047398350202454,-0.26604124398873086
3824,e5e3df4ef94abe88ae30,0.6098841839241621,0.517678435254694,0.09220574866946807
3825,0164dfc1e63b679d9e6a,0.900257166919726,0.491702895563297,0.408554271356429
3825,304a9d41a7b6c9922e16,0.041272115038685005,0.239265444800381,-0.197993329761696
3825,3742c71826ed880a76a0,0.6824124123979494,0.0010904776010288522,0.6813219347969205
3825,a9e8ad9aa6426c04fadf,0.23719282190862803,0.20519576122093675,0.03199706068769129
3826,79266c3ac6cc944c2444,0.05009163465096025,0.4988441120165794,-0.4487524773656192
3826,7a0d9e50c67957703b04,0.5399897675364577,0.0032208083177185003,0.5367689592187391
3826,8d0da732ad9045d703b3,0.090095470683641,0.6270749435898121,-0.5369794729061711
3826,9acab5fb089a8717ee9b,0.868274639464934,0.3615911719881766,0.5066834674767574
3826,e23d484f16ea4164af07,0.6031392979264546,0.953166871308043,-0.3500275733815884
3827,085f028239acf6ff8f7a,0.40038278910698205,0.604574936897121,-0.204192147790139
3827,4b8d068eac7d250eb8f7,0.5507819227492831,0.049074856896656,0.501707065852627
3827,9d56bbc0f202b61d597f,0.6271135363833408,0.9290547676092571,-0.3019412312259163
3827,c1878ba97f840f2453e4,0.40927970826856575,0.626949539171008,-0.2176698309024423
3829,014d65e25336e3f483c6,0.29263092871649404,0.4832826808257828,-0.19065175210928875
3829,8b9e0dbecef6d70c468d,0.66937632980407,0.5354443729993845,0.1339319568046855
3829,b5c947878dfb1ff13cb7,0.6449959236004861,0.00017892979183846563,0.6448169938086477
3829,b67b4962498e7d0a325a,0.5922595052656291,0.0082147749699125,0.5840447302957166
3829,e6cc26e4cd44862d2f70,0.45297492140925505,0.474932998207696,-0.021958076798440973
3830,2b0650af020c156e13e1,0.5527087357406245,0.48511988855916055,0.06758884718146396
3831,decd64d6c539e67930cf,0.008208022091459,0.107783524463925,-0.099575502372466
3832,c8cd3a0b960d44c9c1e3,0.0022067197749380003,0.4110375452950363,-0.40883082552009825
3833,1b865e36e11c3e1b41bc,0.09152725094933101,0.49035657135710053,-0.3988293204077695
3834,0f45ff818440cf7666af,0.4060032339593434,0.6133006459150551,-0.20729741195571166
3834,942c19741d381521d314,0.3065070628322805,0.0001388827642292378,0.3063681800680513
3835,0a2d89e969ba3c38c63e,0.004858618795507,0.49980556574732127,-0.4949469469518143
3835,0b1f3cb88a35e72163d7,0.18872530942209653,0.0538111375483805,0.13491417187371602
3835,42b81221cdb00d34e23b,0.037901354794126,0.0038960371112210005,0.034005317682905
3835,7099e883dc756f07d0a5,0.6053129606137585,0.2893827412150273,0.3159302193987312
3836,850138fe489c9cbd725a,0.002140150348373,0.44560543254260254,-0.44346528219422954
3836,e97619f4ef96a170cea7,0.6407513395038651,0.7774460393630781,-0.136694699859213
3838,40b76ad187a86a772a70,0.228232764250979,0.08687127252644994,0.14136149172452905
3838,91fadd050bc7455de45b,0.066021856108345,0.34852015519211105,-0.28249829908376606
3838,dee8794f9f2b1725d8a9,0.7753459224753285,0.607925408663317,0.1674205138120115
3839,291b87c7d478b38ab8da,0.012396898971055833,0.21635051817177703,-0.2039536192007212
3839,70c82b822c04917b148d,0.41307743937234803,0.1815713423451925,0.23150609702715552
3840,19bf0835fd3495bfc66d,0.536098703040888,0.3276187970216195,0.20847990601926852
3840,53b17396606d34b32896,0.48879500166913153,0.30062651520129074,0.1881684864678408
3840,b7e7c1dfce602a05ea53,0.22278127366660774,0.147042975011575,0.07573829865503273
3841,1229a76e96bc34fe3a5a,0.0026197387996650004,0.14971336654225786,-0.14709362774259285
3841,831864d36f71d3a2978b,0.22376742741840602,0.090003544101159,0.13376388331724703
3841,8790b512da480193e738,0.4106981384695574,0.850541573284291,-0.43984343481473365
3841,bed56688a7c8a14a1ec6,0.0401076931674315,0.9019442555971721,-0.8618365624297406
3841,c9776d8ac53731bb6ae8,0.057822182024770005,0.5173844618061371,-0.45956227978136704
3842,6587ddbcbb3eb3a93eec,0.1317585059789006,0.020027212396244002,0.1117312935826566
3842,7702c497a93a83be03b0,0.47651566847069926,0.15943905685318702,0.3170766116175122
3842,78b7fd4f15fe8f1d9c83,0.4371424439671102,0.5749583734114095,-0.13781592944429932
3842,793fc48d7498f15779e2,0.3709910778080779,0.49418971128316125,-0.12319863347508336
3843,694505fbcabb30f5eba4,0.00011569505497200001,0.6221704797744195,-0.6220547847194475
3843,b6a3485e59de47733d47,0.22483475704021003,0.41311663424048,-0.18828187720026998
3845,82bfc8a9a87629b78a2a,0.04353697267024301,0.9669808364864151,-0.923443863816172
3845,a0bea8603fd90202300c,0.6352761376407629,0.003914514563562,0.6313616230772009
3845,bbddb208cd90088727bf,0.018855208303253,0.5036144289498565,-0.48475922064660354
3846,00206a713fc06df9a5b3,0.07738892094033802,0.448669811605385,-0.371280890665047
3846,c91f2f4f9da23b45976c,0.23972604359796654,0.7176025399693946,-0.47787649637142804
3846,de452341448f8b5b1058,1.7539291401734742e-05,0.34309091160937455,-0.3430733723179728
3846,f1b2c3c763208db67e71,0.038856025230713506,0.771936760212518,-0.7330807349818045
3847,0cbe642ab5cfddecfc80,5.2213516237679696e-05,0.30099014695052206,-0.3009379334342844
3847,4d1c901d814740aa6add,1.3871180231175472e-05,0.087699311655828,-0.08768544047559683
3847,5ca672ec98f1c12e89ab,0.70627474371923,0.7434457742430995,-0.0371710305238695
3848,2f57a098fdb973187d97,0.5067556934876876,0.046830162135351815,0.45992553135233577
3848,561552fe0054497bec99,0.147951336405223,0.7250997131740635,-0.5771483767688406
3848,fe90e36789ea8ac9cec9,0.00023767342014500002,0.9564707978575756,-0.9562331244374306
3849,317a1a3eab5b2ca03d1e,0.36421882222830304,0.5486048843174806,-0.18438606208917752
3849,c24fa9b69364a22dad03,1.1155976583074271e-05,0.9595284963501886,-0.9595173403736055
3849,f1e28569db826567dab3,0.020022212549129774,0.00135582273468,0.018666389814449773
3849,f27df67cd9708b84e7d0,0.024697833680927334,0.090000855317908,-0.06530302163698067
3850,19caf0db6e1bb5f4ff79,0.00046691461496800005,0.44188256498312806,-0.44141565036816005
3850,46a33cec48f990073d7b,0.21143399568490376,0.9708588533957135,-0.7594248577108098
3850,6a3a15760871b2372440,0.14101670824065002,0.014364452968235478,0.12665225527241453
3850,b69f7fce98bd01436f20,0.28160100201940974,0.6703687558944105,-0.38876775387500073
3850,febb497f7b0f76c2d4f7,0.0016126581471180002,0.44710916476343004,-0.44549650661631207
3851,2464a22a0a36b1f3a8a3,0.020543307692482003,0.952633323660383,-0.932090015967901
3851,6a51402ee7276a7c9e99,0.00019839010657500002,0.8196262558570131,-0.8194278657504381
3851,7ef71ea374976a77b077,0.8537299556274991,0.8219118903882225,0.03181806523927655
3851,96e538640367b09a355a,0.045422486500271,0.9058233309857566,-0.8604008444854856
3851,c9444fd7c19f947cedb3,0.004858926863282,0.3093600201899335,-0.30450109332665154
3852,13a8d0616bec3b57f1b8,0.66860965154089,0.49969791159181004,0.16891173994908
3852,60c862e8e5b88a6b0104,0.004008326232681,0.0011212908943760002,0.002887035338305
3852,6f36a8d9ae30d31e83dc,0.00117791539414,0.144579549585611,-0.143401634191471
3852,ab0b53721f94ec7ba869,0.204348894832826,0.06057702143541371,0.1437718733974123
3852,bd28491372dc66db46cb,0.9039635322481221,0.45382625250242603,0.45013727974569606
3853,03861c5a44b4eec52678,0.000512297034039,0.4510018517252715,-0.45048955469123253
3853,0c39ed6b2b8b724c6dc3,0.55007784750343,0.45194540254014354,0.09813244496328649
3853,2cb4655432e619ef83b4,0.006112906143969,0.6594720798078291,-0.6533591736638601
3853,4f9e678b3a7b7fb6f7b4,6.352998213949795e-05,0.07716647325207951,-0.07710294326994001
3853,df092e7f15fa85e71d14,0.017562332606778003,0.44782546613197804,-0.43026313352520007
3854,3de16dcf9c41f3571410,0.005980453483011,0.0699873543181915,-0.0640069008351805
3854,7d34aaad33a77269c2da,0.006701972114786001,0.4994699242404475,-0.4927679521256615
3854,8b5ce6ecb9bfbf60378a,0.000502636156164,0.1726702328063625,-0.1721675966501985
3854,8c5bb79eb38a77bacaa7,0.37477307562987205,0.44855614803959604,-0.07378307240972398
3854,b17c4118ffd38113827a,2.05190239772391e-06,0.019071079472725502,-0.019069027570327777
3855,1aa74a3a37804df48699,0.013989165774765002,0.2642609487161665,-0.2502717829414015
3855,2a45c3a4d2fa218c3a4e,0.29456819535198503,0.49023744295290855,-0.19566924760092352
3855,4ac459af9aa9eb6c2031,0.9827102167424421,0.9735504725152386,0.009159744227203448
3855,c8f852f09af1a0cbbc4b,0.381000604738682,0.9081018828438241,-0.5271012781051421
3855,d4e02f88ffcc86f44409,0.013394092181652,0.9893825379516341,-0.9759884457699821
3856,44f727140ac514ad21f3,0.33534251085618805,0.0871585910162525,0.24818391983993554
3856,ab8a6279ef641b284b08,0.17983481074808086,0.484365160396139,-0.30453034964805814
3856,c4b8ee2b0bbba1bd170f,1.8279014023185599e-06,0.5268777948623795,-0.5268759669609772
3856,e08aa11b66957b1ac069,0.0004917737907460001,0.6260592164933976,-0.6255674427026515
3856,fba43eb899958a34db2d,0.549995623365057,0.705209667295539,-0.155214043930482
3857,67e2d4d7d882c1ec2bec,0.29973089486625404,0.985155505231065,-0.685424610364811
3857,e438caa79bc3112aaac9,0.0030509649441080003,0.7850396326373261,-0.7819886676932182
3858,6e8905d899615519f735,0.6059339978669688,0.20090371945425053,0.4050302784127182
3858,cdc8fe99f8fff6e4f91f,0.581111073595325,0.5551925123262225,0.025918561269102525
3858,e8cbf60b42e937f4790b,0.38101852288110805,0.9993880676534656,-0.6183695447723575
3858,f051f484a675aa321993,0.044128378557190005,0.7631273362655506,-0.7189989577083606
3859,1d4656211a23974d8354,6.082785147189518e-07,0.25457760227679,-0.25457699399827527
3859,8bc1337f792a44b19fdc,0.4054018882070884,4.399798313711725e-06,0.40539748840877465
3859,f99e765857e1c3d873f6,0.022324450074593,0.096571618788027,-0.07424716871343401
3859,fc25975b2499e27cf81e,0.08313112253723401,0.011886591576621001,0.071244530960613
3860,19c7cd882a5bf6930f89,0.047136503461468006,0.52397861631691,-0.476842112855442
3860,712c2575aaadcf5b1591,0.0037395252444470005,0.5129752725602891,-0.5092357473158421
3860,bd32a63955fbfcd2fbaa,0.250581437643121,0.08066085210509852,0.1699205855380225
3860,e9bcaec68fb40a92eadc,0.00018958357352200002,0.0263060322143965,-0.0261164486408745
3860,f6d5ce33f2edba07b591,0.004367145389750001,0.647339697025457,-0.642972551635707
3861,1ea863c440af2f7f9002,0.07151697258283576,0.014422242648549001,0.05709472993428676
3861,8fa0ad91211e84b91e0f,0.007662152380156001,0.00019663582962871167,0.007465516550527289
3861,e1ce1030171f37482bf1,0.040236326836453,0.044083263534272506,-0.0038469366978195058
3861,e2b6c528c46910265b9a,5.223863661188522e-05,0.331766253660938,-0.33171401502432607
3861,e7055a177da05e829c5c,0.055724570437554,0.46330508074740456,-0.40758051030985054
3862,4850a31cfcbe627a7ad8,0.24616454254074002,0.5649130375518816,-0.31874849501114155
3862,7164ea0abaada28f7382,7.473472407456218e-06,0.18932503331059053,-0.18931755983818307
3862,8f52824c5290a658b421,0.06638763161885801,0.991428692859897,-0.925041061241039
3862,abdc917e8e2ca1b047a6,0.023668998605728003,0.7507647789536186,-0.7270957803478906
3862,b59ca3f0ff8c9b5047e8,0.40731691489347804,0.44507223296157705,-0.03775531806809901
3863,08d6ad7a844865ed6b84,0.000104108856489,0.4000200205607815,-0.3999159117042925
3863,3d71a0d7297375fa7e05,5.5874908383488005e-05,0.007697278046278001,-0.007641403137894512
3863,a5451db56d3ac7a99e2f,0.008303987650809001,0.7982507954104745,-0.7899468077596655
3863,c63d14d7eafeb12595f4,0.125416015192953,0.44389011659970606,-0.31847410140675303
3863,de679c2d5f9a10667cbc,0.0005151782074190001,0.09836013206442992,-0.09784495385701092
3864,0c4cfa9503d326c44802,0.019084359637224,0.5350076018457446,-0.5159232422085206
3864,35019166149220788293,0.5155483846585814,0.0013098642025535,0.5142385204560279
3864,528a54b7bb9762e2e0a0,0.24342768157240302,0.6217497554411026,-0.37832207386869954
3864,5b0e84bdb5aa3f318818,2.708735012469822e-06,0.44810392604554605,-0.4481012173105336
3864,a13d48d873ad3fafc50c,0.0046331362912170005,0.48098835891600406,-0.4763552226247871
3865,2cce07241df0cd81f016,0.069658986574701,0.8314609475176755,-0.7618019609429745
3865,4b6b7f8c9829c4cf497b,0.43662126994151135,0.028175873189207,0.40844539675230435
3865,e4d7298c882b72768f3a,0.016247948136565,0.5668014566169141,-0.550553508480349
3865,f41307b47c8e874a476f,0.048775215793355,0.23185202747402603,-0.18307681168067103
3866,3beffba3c387ae8ac58e,0.998251876846806,0.32618822989759705,0.672063646949209
3866,5cffa51c22ab38e52cdd,2.144164672210691e-06,0.04064564342773751,-0.0406434992630653
3866,7edb2a00715a6a1e632e,0.9712840114479071,0.5335445082941875,0.43773950315371957
3866,877d3351300d70c7669a,0.9217839275192881,0.5001494311981255,0.42163449632116257
3866,ac92572df04a5ebdb85a,2.369127938619374e-08,0.40584897614312754,-0.40584895245184816
3867,3cf1362368b16e00b512,0.9563571141628711,0.029118187834471503,0.9272389263283995
3867,4cba569f20bcca767e58,0.00507033691453,0.27017900727411254,-0.2651086703595825
3867,9ed9177c89d5dfbeb88f,0.26249046870193404,0.0011344678248415001,0.26135600087709254
3867,cdce67ed4b2330180fa6,0.19006066773381602,0.49560816935495505,-0.30554750162113903
3867,e424ae5bdd51d2a72694,0.072008373922939,0.6772557225642105,-0.6052473486412715
3868,87ae64ca1a293601fab3,0.00027020772649700005,0.19608908343861353,-0.19581887571211654
3868,95463c8477287ad74ca0,0.001580990557292,0.289376918319126,-0.287795927761834
3868,a1e61975bbbbb96261ac,0.0006683497216270001,0.9907437233668841,-0.9900753736452571
3868,f6ca1af4b064365c83b2,0.9983776942897771,0.823964987579924,0.1744127067098531
3868,f8cd5cbb969276f1599b,0.22025406743484102,0.9882200251779906,-0.7679659577431496
3869,332d074bebae55d6eae5,0.085581528423687,0.774712369504132,-0.689130841080445
3869,3a02f2ae67aa256f29ca,0.895494562391105,0.48940223095405205,0.406092331437053
3869,818c485057b03d35f591,0.36848631369946494,0.6454988643153515,-0.2770125506158866
3869,a530c2b0c11469d3e39c,0.003601301124381,0.44753735920462107,-0.44393605808024006
3869,e068ece9aca4a3ff21f3,0.000279455432563,0.082784983528826,-0.082505528096263
3870,2debd24f3f2190659328,0.037032602279268,0.073943594475216,-0.036910992195948004
3870,61540d6c2ad85a27f740,0.007260145315637001,0.0728027070106869,-0.0655425616950499
3870,691dc2c7821cc41bb4fc,0.9705150477801421,0.46779490043171357,0.5027201473484285
3870,ead95700abbd697e6a11,0.5337270045856191,0.5667253335265645,-0.032998328940945454
3870,f2b725dcd049f9197d09,0.062430955905347,0.27070478740463155,-0.20827383149928455
3871,255f5fc4b3ebea16d524,0.00011293400118200001,0.0016107534943865,-0.0014978194932044999
3871,7e529e89bfe7ad34ca2d,0.015303624771233001,0.4344811114895435,-0.4191774867183105
3871,88e6e6a1245086c16e79,0.628207159912724,0.39755398099272254,0.23065317892000148
3871,921acba32df42c3ec1f0,1.1991137806441132e-05,0.4368411562900215,-0.4368291651522151
3871,9e2f458922b14018c7f6,0.9886049961087601,0.37848015461662554,0.6101248414921345
3872,1329cdb63fae047c9251,2.0248070990304196e-06,0.013442533290771904,-0.013440508483672875
3872,39117478a60f718b06b6,0.07243656197268501,0.0755373853137275,-0.0031008233410424885
3872,819722c06da1df707673,0.044185576324661004,0.0121760595816175,0.032009516743043503
3872,b4ac239d5edef3a1ca53,0.0034207708893110003,0.9515480850300235,-0.9481273141407125
3872,b4ca6cde22df786ea48b,0.24000388180592502,0.375157372450672,-0.13515349064474697
3873,535819d31e64d01d3729,0.006595905821858001,0.0635412336010185,-0.056945327779160504
3873,7594a3f1c8076a1ba63d,0.5486143086702221,0.975511110953156,-0.4268968022829339
3873,78b3815349e14cdcc087,0.0010161473604845346,0.0291680840801905,-0.028151936719705967
3873,a10226b6c21958a23b5f,0.00011677944068800001,0.029663242708832502,-0.0295464632681445
3873,d9e1460d17a4535a5168,0.0007891071057330001,0.2905360784534665,-0.28974697134773353
3874,6f89b344897abb2f1a35,0.0077279754151810005,0.024188511580924502,-0.0164605361657435
3874,75289501363d420a2bff,8.888048086831484e-05,0.568114470940378,-0.5680255904595097
3874,849c05fe1180cfe83613,0.6003492833352031,0.022641241666232503,0.5777080416689706
3874,8fd57520d6205b13885c,0.43219564856844905,0.48659712595715354,-0.05440147738870449
3875,0011fcae9c3a7e7e736e,0.038250033616633004,0.535466986822545,-0.497216953205912
3875,5d445f2723a782f326e0,0.018421100971947,0.4999404299441886,-0.4815193289722416
3875,94b4dca796e7f1a1c61d,0.20643215011117802,0.19694517359762553,0.009486976513552486
3875,c29139d27c48843a3c72,0.500128612607142,0.957053524506792,-0.45692491189965
3875,d6e7fe8ed1b2db8a57b5,0.005529143073731001,0.3369229588888405,-0.3313938158151095
3876,421301dafe300db6e07f,0.009023599955095002,0.5428323049496145,-0.5338087049945195
3876,5827d629022fd2c5386d,0.374829924767388,0.713837696512664,-0.339007771745276
3876,71060ad36e1672cf391b,8.525676263136459e-05,0.017624293248442502,-0.01753903648581114
3876,7be33dbe6d359ccff62d,0.010100522601926001,0.621501212758207,-0.6114006901562811
3876,b22970d1a22c94f31e57,0.28332693035258605,0.0032431462872152504,0.2800837840653708
3877,2af990a3c29676f9227e,0.006090134050022,0.7348802575172896,-0.7287901234672676
3877,4d1f9f4b693c66e1351a,0.0022488484190950004,0.8015750709597711,-0.7993262225406761
3877,526530db619f22f852d0,1.68365958307113e-06,0.271619408168884,-0.27161772450930094
3877,7fe1310e955999572667,0.070489095253917,0.025546429510873502,0.044942665743043494
3877,8094d5563b0da8f800ba,0.708372971553601,0.9931687558331146,-0.2847957842795136
3878,838dea7716bbdf71631a,0.038338266824668,0.09383996420297101,-0.05550169737830301
3878,9663b3d34d4d8bb643ce,3.103980187546736e-05,0.549981292904378,-0.5499502531025026
3878,96b7a1252c30b987d9f3,0.09498178082009501,0.5250063315234691,-0.4300245507033741
3878,b17e2a609c05d2bb7fb3,2.7066446133641733e-05,0.3722404982684075,-0.37221343182227384
3879,14972ca01d0c453bd9f2,0.36037526819437204,0.30350705979825354,0.0568682083961185
3879,324d02d7360e388d35d6,0.022063778920399003,0.4957399491391041,-0.47367617021870506
3879,5c3e33df0a0f9d65d515,0.001095963298029,0.869020670259192,-0.8679247069611631
3879,ecba22c20ac90b2d399b,0.019928752978876002,0.035159004823834,-0.015230251844958
3879,f7b37ca35754360accc6,0.184933289788893,0.5013780189932301,-0.3164447292043371
3880,08b42f9d219ed2557c67,0.068929457671351,0.06808481667030701,0.0008446410010439914
3880,16b50996421eff066937,0.021296431704184,0.023135062628999503,-0.0018386309248155028
3880,5819c7c32d00feae2295,0.324289842622348,0.9962080412570771,-0.6719181986347291
3880,7ca775546c426ca27db2,0.00020214929309000002,0.017665474835182,-0.017463325542092
3880,c1f2e38a0c47e1f04ffe,0.028813486607719003,0.17132453162242614,-0.14251104501470713
3881,0387dd905bc0d355e6be,0.0015745574073810001,0.8847857494485536,-0.8832111920411726
3881,1fdfa5bf81865cabd208,0.4732731459424433,0.16224960751268602,0.3110235384297573
3881,816a0caa454c5fe04ef1,0.0038289522039790004,0.05136621751527601,-0.04753726531129701
3881,9f672e556ce223a08b0e,0.0071786096198920004,0.044291997067750506,-0.037113387447858505
3881,b8a256ab83fd0b3e5668,0.315091800480336,0.046348885387333505,0.2687429150930025
3882,039f806da9c896c28b4f,0.013826490330860001,0.342562509723341,-0.32873601939248104
3882,1dc0529067183f48477a,0.088625234189456,0.005256847302962,0.083368386886494
3882,4a90a2e7a6a0575cb3c4,0.15292287576097202,0.2491625505924675,-0.09623967483149548
3882,608486b49e1f7e7aebab,4.564811150554958e-05,0.46327906323722157,-0.46323341512571603
3882,799b48c45e8e105e4b65,0.005756103292197,0.9975841173926305,-0.9918280141004335
3883,3a5cda40d2d0471d52c1,0.6843733623341931,0.7617340455507031,-0.07736068321651002
3883,8af8c6811696227d7ace,0.00042791761212500004,0.49960543955647857,-0.49917752194435355
3883,a6389521290a5016ab38,0.056025198497883004,0.49715084559396855,-0.44112564709608554
3883,b8a0e4ac131f6dddbbf7,0.034800333488321004,0.49288308591547403,-0.458082752427153
3883,fab8c02f13fd511e2578,0.018846925042117,0.013768435555419501,0.0050784894866975
3884,34626ea79e7a50b3aac2,0.8427287516504871,0.5687382192096071,0.27399053244088
3884,3968b0cd9a8ed882adc0,0.99844126858474,0.055257481232307004,0.943183787352433
3884,848a872d70866fd08b26,0.9981908210272361,0.923801891131467,0.07438892989576906
3884,e0e8ab1ead9cb981ee16,0.000137149086732,0.2118048679526455,-0.21166771886591348
3884,fc35dc6ababd3eeb706e,0.34084634336616904,0.9382501800406151,-0.5974038366744461
3885,00d781e3c7cfff9f4573,0.8882618338174231,0.007520736523490117,0.8807410972939329
3885,2701d5e7194b49e3ef97,0.01024720812492,0.9704387203663366,-0.9601915122414166
3885,730f79929e05a2a097fe,0.63449526926513,0.606374131829146,0.02812113743598399
3885,76f901ef0f13b46aa4f1,0.054355368437765006,0.9756682782063901,-0.9213129097686251
3885,d88bf67f263955e3b9a6,0.7349697481764661,0.503576982314071,0.2313927658623951
3886,13272d867e6a458bb2f9,0.074136879977632,0.18268699446834852,-0.10855011449071651
3886,43725bf58264f43fb2bb,0.446301977419199,0.06435729281992701,0.381944684599272
3887,286a7f757181d60e9bd6,0.991519271346993,0.48925351101477854,0.5022657603322145
3887,9e28c53c391cfd993c93,0.5751382613406131,0.37800870439787654,0.19712955694273654
3887,c8ddd09ee12664795e3c,0.35115225566949704,0.5327579037136475,-0.18160564804415047
3888,7fec553216c4e9acef3a,0.09415743961204201,0.23279160468095003,-0.13863416506890802
3888,bdbead42381073317581,0.006621141274442001,0.47066072719588953,-0.4640395859214475
3888,cdcde2322da0468ddd04,0.9702579871597531,0.31810364516875356,0.6521543419909995
3888,f4e12fc65919c2d2ba1a,0.001133201533023,0.12178436614337851,-0.12065116461035551
3889,0790d861271df4dba928,0.026164816982124,0.5504806442593635,-0.5243158272772395
3889,12d9affe84f3a749ecad,0.46858093055999006,0.5227228052521765,-0.054141874692186454
3889,1f2559ace57423d81254,0.093906146015214,0.3236977582316165,-0.22979161221640249
3889,b3acfb92ad118a6e47bc,0.079268856025253,0.138704410962762,-0.059435554937509
3889,d8dfa488c4d72a427dfc,0.05288280712432301,0.0568503529189085,-0.0039675457945854906
3890,8ee7dd8d404da79680b8,0.22422970456833802,0.08922471227579751,0.1350049922925405
3890,b5106001c2e8d7ace663,0.01243731354195,0.517219221475556,-0.504781907933606
3890,c6fb26ca1f71f8c0102b,0.002569682199896,0.39930684439364156,-0.39673716219374555
3890,d8d8541cbc2124bf8db9,0.000547949843278,0.007501077630122501,-0.006953127786844501
3891,20b0f83b9cc09004d9d2,0.8765246304901031,0.5125809051957511,0.36394372529435204
3891,855badfa59f47db2cf83,0.010382618337356,0.44128010968721754,-0.43089749134986155
3891,d37eb9ba4a5c0b937691,0.546130077118143,0.34444164727896553,0.20168842983917745
3891,daf3d628608a617638e7,0.054421656919094,0.5877256298040625,-0.5333039728849686
3892,1de75541d36986862b20,0.13954114461828968,0.00019299381053234044,0.13934815080775734
3892,bc419bd3a7f62eacdec6,0.5341167377001731,0.0678815458675335,0.4662351918326396
3893,1023264fcf4d27b48b4b,0.467912309579449,0.3033658640913385,0.16454644548811054
3893,83f38e94fdfd7525ff48,0.6435481530015681,0.1317809339104063,0.5117672190911617
3893,c5162171b8bd264a7b45,0.48824958577951955,0.500290736543844,-0.012041150764324493
3894,0b538ec1a31878d84469,0.000825119195911,0.8691474223816411,-0.8683223031857301
3894,22a7c4fe55d9da7865f5,0.693550982292333,0.9524562650170696,-0.25890528272473656
3894,2ea4c99385a6206c5f8a,0.034282432937299004,0.36903681702553004,-0.33475438408823105
3894,5bfa4633b1e9ee96a4b6,7.631979511013112e-05,0.6578448968471785,-0.6577685770520684
3895,2dcf9a43a06747583883,0.004175367770732,0.5218801999724291,-0.517704832201697
3895,3b36f1e4f1fab3344005,0.8576889628538921,0.8311063656430075,0.026582597210884518
3895,dc727a6e22749414f544,0.213463082476177,0.8974484715771741,-0.683985389100997
3895,e4614359ee88f5750017,0.7714891939292191,0.029929291917033002,0.7415599020121861
3895,fffe111eebdee4425a5e,0.045901002988784,0.9749902869228411,-0.9290892839340571
3896,31b69b6a0b14fdbdc517,0.021205617403544003,0.0002997302167955,0.020905887186748504
3896,4d6e24c326b1b4fe3ba5,0.36872913992641004,0.48162827407497,-0.11289913414855995
3896,4fdf8b74c4621d059b8c,0.5923580415190205,0.7922119721708911,-0.19985393065187063
3896,70b7e72d31877339c65d,0.11060396074086651,0.10143437225990952,0.009169588480956989
3896,e578d275c2fbbe1cfc84,0.052593523389581,0.0001086599264295,0.0524848634631515
3897,5aed8aecc3fac646206a,0.076856574977765,0.5059306272090155,-0.4290740522312505
3897,9234b2fbbadb5cc623c1,0.08704662717054201,0.0833271610830065,0.0037194660875355112
3897,c0e9e15ee1545ae63a75,0.005373809469374001,0.7216364352180495,-0.7162626257486755
3897,e7732100ff9b55d26c8f,0.43062670388148505,0.8542820642091256,-0.4236553603276405
3897,e78c9145c313d9005a08,0.09106608062987501,0.3112738444610845,-0.22020776383120952
3898,05cd89189b108024a455,0.0035374282564210003,0.4960286735426995,-0.4924912452862785
3898,113662e23f8d45ed1a28,0.0025819008237240003,0.9978808142087086,-0.9952989133849846
3898,9b8833a088279022ecc9,0.017365589983573,0.055216308673623,-0.03785071869005
3899,4bcf69a3767c5aa88d00,0.6208044635798033,0.4034499124396725,0.21735455114013086
3899,75a1166de78cca63f66c,0.007754401390010667,0.9148858665763936,-0.9071314651863829
3899,ec83ff59249b2420b353,0.0009723962746600001,0.5281338708649035,-0.5271614745902435
3900,4818f329e8a1471458ec,0.015391473184186,0.05541338005644451,-0.040021906872258504
3901,1d4d66dbc279f6682cbd,0.0036972346321140002,0.9477617328464365,-0.9440644982143225
3901,71acfb484be72ca0eaa7,0.032770791643458,0.21326022558148902,-0.18048943393803102
3901,8422a4deb1a332aa943e,0.005668321016746,0.1847891000069445,-0.17912077899019851
3901,cf42805532f5471ee0c5,0.00013018969948500002,0.121172826227605,-0.12104263652812
3901,e38a827a1361c9c1c9d4,0.015823093021644002,0.36607175398307906,-0.35024866096143503
3902,43f16f8d68f7b4c9e701,0.36431677415141,0.522201436866043,-0.15788466271463303
3902,6102eea8ade565b64a9f,0.76041769662184,0.6667068536372941,0.0937108429845459
3902,68fe7c35dfcf84508339,0.017482739239107002,0.4133278718543545,-0.3958451326152475
3902,a9f56afa86c2cbbfcffb,0.16143285576850702,0.48451078632053735,-0.3230779305520303
3902,fecb50b14d9ae5e9cc0d,0.5679718482253501,0.1802876864142095,0.38768416181114057
3903,527d2f2ec978c23d0b91,0.0067064188742,0.4823511353281111,-0.4756447164539111
3903,6af89b07f283fd629bff,0.24969646318967953,0.14006369167856153,0.109632771511118
3903,b3a1afd224b3692a53e8,0.024925521016127,0.47379307417595334,-0.44886755315982635
3903,bc4af8da8119638dc69a,0.020288747323576002,0.096144882500205,-0.07585613517662901
3903,f205ca1297c7fa835352,0.0061025555016930005,0.21375971749621053,-0.20765716199451753
3904,11016d7000f70fcab8fd,0.030840878009495004,0.49978315983137706,-0.468942281821882
3904,50009a656f0cf2cfc35f,0.28012225207511005,0.27534395351659496,0.004778298558515082
3904,7bd8388b4ff4015b64b3,0.427907552964833,0.46552163731928353,-0.03761408435445052
3905,105531f3af04d0caeb3d,0.00016722290128,0.5919377745938955,-0.5917705516926155
3905,3c8b554042b6430d0390,0.31793798269948104,0.023019347101716502,0.29491863559776454
3905,733f596bd861aa108d71,0.010843979355274001,0.006975462885972001,0.0038685164693020007
3905,bde5ee5a46bc14f7542f,0.017070761723206002,0.007942956310986501,0.0091278054122195
3906,6f55ddc727bedcfc3bf1,0.59926041071124,0.5910717054238416,0.008188705287398457
3906,a70d94b2c7ecb94eb807,0.019718499840934,0.813981410860597,-0.7942629110196631
3906,ede7a23d7511c403af50,0.549318299631247,0.231602926499499,0.317715373131748
3906,f0e9ba16536137a1e599,0.043430592231813,0.47717387601244354,-0.43374328378063054
3906,f97093dc18e5d9664ac5,0.09686237976571001,0.9506421998244361,-0.8537798200587261
3907,4235975c332b9470d1e4,0.257667787427495,0.20694396335209853,0.050723824075396495
3907,b196fdfb9fd5f327f46b,0.31225657964430303,0.14943289608218402,0.16282368356211901
3908,7157b8478fdbd25c85ef,0.15073216236831502,0.6441518226283516,-0.4934196602600366
3908,944fc267d554175b6dc9,0.6105127716572181,0.41558418054919,0.19492859110802807
3908,b75a350b9c70e44c3068,0.013218082627558001,0.09435696974368751,-0.08113888711612952
3909,023efd58787654a09c2f,0.10226897948440701,0.1594542883089315,-0.05718530882452448
3909,0c914478ea6edd422db8,0.08802144758027301,0.0029602543338575885,0.08506119324641542
3910,484c13335cd6aed7c435,0.34729133934320594,0.011647854956631001,0.33564348438657493
3911,3006742274277cd30562,0.001911705647767,0.521965095739892,-0.520053390092125
3911,39bac7ece2ae70312378,5.569306078649751e-05,0.4325973622133945,-0.432541669152608
3911,407a693c085120092774,0.47927803185681706,0.889714748269774,-0.410436716412957
3911,8aa01e6ba0a4998ea60f,0.3398269474025984,0.00988316338037807,0.3299437840222203
3911,c70ec8573fac83f77145,0.00011716504389200001,0.2955450737828275,-0.29542790873893554
3912,23cce21fb71b1a454eec,0.020092256415106,0.016772522413579502,0.003319734001526499
3912,896dbbae693bb327bfc0,0.00023484126000300002,0.9871363141202526,-0.9869014728602497
3912,b1921d74283e80921b90,0.9476182883437111,0.548972556976552,0.3986457313671591
3913,58deba6276410c1a89f1,0.012091832330163001,0.04477201961669901,-0.032680187286536
3913,949831757fc871ccaa1d,0.9871119915874431,0.8778165633720456,0.1092954282153975
3913,ae4bdc2ec123cbc1a1d5,0.0005750732742950001,0.008902620418661,-0.008327547144366
3913,b122e8f82591bb002085,0.024243178466965002,0.062686861712406,-0.03844368324544101
3914,84f270d3a9d05be9ef5e,0.145618518317951,0.590579387474332,-0.444960869156381
3915,2e86e67c1946fed9e73a,0.648885732991978,0.143043518081686,0.505842214910292
3915,76c6084a96535462dd76,0.41721682640236357,0.7949546665915755,-0.37773784018921197
3915,dc7d2a5e8237243f51e7,0.00215214913143,0.191866108728441,-0.189713959597011
3916,a75773bd139336e1102a,0.9761207533631621,0.09437638303227601,0.881744370330886
3916,af534a4056470e16e1dd,0.681044975681042,0.042656713333931506,0.6383882623471105
3916,b055fd30879ebc2b1a49,0.21306330664299802,0.40461704687800654,-0.1915537402350085
3916,c0732e692d922fedfae2,0.633014746258379,0.14529275060154703,0.48772199565683194
3916,e9d46e0c861d6c856152,0.21595359828121802,0.918806965400724,-0.7028533671195061
3917,28db03b8ba8fbe3180d0,0.2811502314448754,0.000660041486007,0.2804901899588684
3917,3959b02703ca51643091,9.768957495179076e-05,0.4506096643417741,-0.4505119747668223
3917,f337602e9cb419da24c6,0.7129243588151909,0.03566441280485665,0.6772599460103342
3918,26edc41d637775fdacf1,0.402873953074324,0.7790420681003591,-0.37616811502603514
3918,ed37307b1596d22f88c6,0.0706764146479685,0.19533727313065152,-0.12466085848268302
3919,54f6dc276d044f96fea3,0.028820787343920334,0.49934842169244203,-0.4705276343485217
3919,71f4e7231f72eb222e74,0.5334213222479935,0.2934455014175965,0.23997582083039704
3919,c506103fcb32e95d32a6,0.340435022002716,0.4612815117232092,-0.12084648972049317
3919,d7790963e1606f003730,0.005101167641231244,0.4957352698087554,-0.4906341021675241
3919,edc121a6e4830cb5c462,0.3080453546364107,0.33865329746841255,-0.030607942832001855
3920,3bb9ec48db942d7c072a,0.5128101317356947,0.6512992409262366,-0.13848910919054191
3920,765c43da30ff15f52a71,0.079447283785105,0.6855895021048215,-0.6061422183197165
3920,a6b336f056b2e2a023d0,0.055593183136308004,0.9919324177242461,-0.9363392345879381
3920,d4089be09870a0909937,0.4271156411632897,0.379879503493783,0.047236137669506684
3920,e0a0934cb2a420849d68,0.04475091637156309,0.6213733098770926,-0.5766223935055295
3921,9d5e58794fe00cfc738f,0.8745283633326274,0.9721324371796105,-0.09760407384698311
3922,2fd18389f4bf198623e5,0.2932249619373226,0.8217569476737736,-0.528531985736451
3922,749dc85a3bbc6f593804,0.3248808873252188,0.994992365758226,-0.6701114784330072
3923,1c48e65331f977fc6c84,0.018917663577422,0.397393184153866,-0.37847552057644396
3923,434ed9ce7480075ab105,0.7011423990754511,0.8198875442884805,-0.11874514521302948
3923,44b41a840dcf77747ea1,0.270365433997769,0.05226346499178296,0.21810196900598605
3923,639a7fb1a650d6f87848,0.33821879564644014,0.8247418279975356,-0.48652303235109545
3923,a7f20b292279eb1628ac,0.693504642978487,0.0085649911233795,0.6849396518551075
3924,5a696462745d1d8d1763,0.48510982993217155,0.49746944561107576,-0.012359615678904201
3924,5b86e36c51d9e381a238,0.2929312751350083,0.017336948904989442,0.27559432623001884
3924,97a5445ea97880f4f535,9.708365618572452e-06,0.058017747668765,-0.05800803930314643
3924,a1f0a400a9912a2f392d,0.44859771743520366,0.0003686970305585951,0.4482290204046451
3924,aca5335a995ecc043f8e,1.7102018614314937e-05,0.47841417219708504,-0.4783970701784707
3925,7f63f277847a648bf368,0.9460485763851131,0.43749798324312655,0.5085505931419865
3925,e7a29469241563bf11ad,0.2677096713273344,0.6937262831500816,-0.42601661182274714
3925,fea986d683aac75c4363,0.09303956523937335,0.0006815837374500001,0.09235798150192334
3926,0bed504aa840df8e1b2c,0.48454576367330676,0.5346800526516661,-0.05013428897835931
3926,129c95f232a414db4a8a,0.042613350908994006,0.0024884149821298974,0.04012493592686411
3926,32bd9448a3a140fff5d1,0.0007213925790935001,0.9978011188878506,-0.9970797263087571
3927,1b7aa3aa3ea03218ed27,0.2941168670430315,0.4006650324318575,-0.106548165388826
3927,776e134b8c221843073f,0.057500432337546,0.74228402697804,-0.684783594640494
3927,7b491f205edc8a50518f,0.031217001329565505,0.07281909779522051,-0.041602096465655006
3927,8d91a8b041c1afdeb74f,0.48588823771624107,0.3022593855275807,0.18362885218866037
3927,93b9b05fee6c22c69f97,0.4712927739157301,0.04333183149526051,0.4279609424204696
3928,09b6350c4958f36cf338,0.024058045577705005,0.5452252059825066,-0.5211671604048016
3928,2553fcbe8d07c7edd24a,0.39441911369162835,0.002011924200825646,0.3924071894908027
3928,4f20a158efee73297ab2,0.33930290953711834,0.5182544639951651,-0.17895155445804672
3928,d82a55c7ea7459a2c973,0.504579024444238,0.8428468077535771,-0.33826778330933915
3928,f3ed0797020b2b0cf724,0.6103663546201057,0.8334654988242431,-0.22309914420413746
3930,44a475538c80bf50a265,0.7605426890000121,0.3709095905642745,0.38963309843573757
3930,7697e2653c99ff9dce2e,0.003432199838141,0.714439770145302,-0.711007570307161
3930,7d592dd441930f37520a,4.76142579418429e-06,0.0397304845360895,-0.03972572311029532
3930,9904f8a093fa8af28710,0.11484899217635001,0.2062183594107455,-0.0913693672343955
3930,a8a8dd8cda2178932edd,0.001779248087952,0.0022660018468480003,-0.0004867537588960002
3931,03c63760034a66763bdf,0.32444880676363336,0.089050689712542,0.23539811705109137
3931,08635470a9b6271906f5,0.6152448125137948,0.601015663886544,0.014229148627250776
3931,2ba7b7229f775a31e1e5,0.5492544239782134,0.49885901028511703,0.050395413693096414
3931,990b5ad87291acf9b6ab,0.34568213378205104,0.0017368690191030003,0.343945264762948
3932,306c87473b43659e7a17,0.839920279985467,0.8114365387990525,0.028483741186414502
3932,551af2ca755ade521243,0.47857462366269604,0.7119997471992541,-0.23342512353655803
3932,a05e0068756b13072bf8,0.3580162085915797,0.7251859543261026,-0.3671697457345229
3932,e51e4ad119e4c1fa7454,0.579108607999271,0.000782610771856176,0.5783259972274148
3932,f00107e0e467d7294216,0.11525975518902601,0.224995618169775,-0.109735862980749
3933,2c14789fecc40c833e55,0.002406817841015,0.41105198515268254,-0.40864516731166756
3933,30d47e63233279aa7b3c,0.387767045076344,0.07045250376721081,0.3173145413091332
3933,37b1565865730f2f4365,0.036800344428061675,0.0022150822135165,0.03458526221454517
3933,7ff6ac672be8416d3d90,0.29218955293104604,0.3196454439211065,-0.02745589099006046
3933,94dd5785bcdff7eb0976,0.5404703655320391,0.24647447060520353,0.29399589492683553
3934,73cb9820d65dbb7dede7,0.7587075113735272,0.9464122183891346,-0.18770470701560737
3934,d00166cc2eef8c6c16a1,0.2578424676286424,0.9578506724618321,-0.7000082048331897
3935,6013032f358a0d1de773,0.012521935141646,0.262092370377445,-0.24957043523579897
3935,605ba601abbd0b35db7d,0.945768399544567,0.344473335443492,0.601295064101075
3935,aa69b6225f49f0e73130,0.13254673424461502,0.19986539854999802,-0.067318664305383
3935,d86ac7a33daff36efbcd,0.37332972460327274,0.1685595566827215,0.20477016792055125
3935,f1fdd018d6938ecc4bba,0.3059035147529815,0.48111897615024357,-0.17521546139726207
3936,2899ddb33297d67e48dd,0.00045544353495200005,0.8559842768221226,-0.8555288332871707
3936,3841a717e8564596d30e,0.004952752793595,0.5339378425407115,-0.5289850897471166
3936,5f9813f2bce8ff59663f,0.0046476657498315,0.430796958001434,-0.42614929225160253
3936,7a10a5115c96579450e5,0.27572181497250603,0.9752139089623151,-0.699492093989809
3936,ff97badfa2dc48ed97b3,0.006611662240171,0.30736025946974305,-0.30074859722957203
3937,31a6800aef009b4822b4,5.038239397892326e-05,0.0005120245484229033,-0.00046164215444398
3937,838302ffec1a7c7daa19,0.19124450476291566,0.001765601389538,0.18947890337337767
3937,9ef3a88313f023ca44f9,0.38848730761695005,0.498287207554515,-0.10979989993756495
3937,d43aedfe3c168b4a454a,1.590956530538453e-05,2.160381530994167e-07,1.5693527152285115e-05
3937,dea86e2c796d305fc0ef,0.028118784615998003,3.549224053540685e-11,0.028118784580505762
3938,29a2610c7c5cee33a8ff,9.512244753069854e-05,0.4951090676323565,-0.49501394518482583
3938,470aa42003debcc54897,5.658904753221102e-07,0.04438146390374351,-0.04438089801326819
3938,83605676c6e6c2103e91,0.177576189894277,0.7338863390046461,-0.556310149110369
3938,abbfc0ff615404176de7,0.0022652311506200003,0.7120331451017206,-0.7097679139511005
3938,ec28c2eb8c99bc578e1a,0.4976246861096175,0.20584372079837202,0.29178096531124553
3939,1ddd251294b633b6ee5b,0.006003894637161958,0.988066493038525,-0.982062598401363
3939,1f4791dc05a7371b3520,0.023334178426181004,0.9747668942939426,-0.9514327158677616
3939,21ba93449baaefed8f56,0.22427489564282935,0.9536626138316306,-0.7293877181888013
3939,242fdc8c0bc9d6c448af,0.004386909781261,0.352335155386105,-0.347948245604844
3939,3f1297b0e7c0fac160e1,0.04489521656294967,0.7996954163954155,-0.7548001998324658
3940,76dc39ee837c434cdb5d,0.000652834268836,0.0339237508200755,-0.0332709165512395
3941,26f5142aaa54d02f4423,0.3582374660344935,0.107499219923034,0.2507382461114595
3941,2eccc6408f0e9e7430e9,0.0002839875298473627,0.9881811496874515,-0.9878971621576041
3941,902398363e221bb8ca27,0.031562610776628086,0.006058253434292,0.025504357342336085
3941,9ccab218b40f6c0438f6,0.08473952980182152,0.14925989499636802,-0.0645203651945465
3941,f927cd6ed959f8cc4980,0.10955097810677514,0.9951547069038595,-0.8856037287970844
3942,386bcf6514dc54d1d598,0.7588546160386955,0.869557285851772,-0.11070266981307653
3943,388feeb3db09774bcf99,0.0016393038324280002,0.44541030657822706,-0.44377100274579906
3943,4620a435dffd624f49ad,1.7470982996577942e-05,0.219677000494284,-0.21965952951128745
3943,4e4037c661877d1079d5,0.102222018707202,0.0276880053128215,0.07453401339438051
3943,7f17e8f098b4288ff68b,0.5423353047947961,0.5042813847399971,0.03805392005479902
3943,8b135799f56d3552bc41,0.3622009849570845,0.0349821878685205,0.32721879708856405
3944,1d193e50b34efeae61b0,0.026070827137630002,0.42946161458712906,-0.4033907874494991
3944,605c3c0c981c53caac9b,4.590302974655682e-08,0.3736736320011515,-0.37367358609812173
3944,833fa03900ec260744fb,5.456284305923566e-08,0.2695862390181545,-0.2695861844553114
3944,fdab30a31605997973ff,0.074937154169765,0.013953016207951238,0.06098413796181376
3945,59c66496e0b9acfe9a7e,0.16557407104604002,0.30919415133089007,-0.14362008028485004
3945,7ce15c5f9aaece4ab17d,0.060971105255990504,0.9651487776507696,-0.9041776723947791
3945,ed15016dc7f4042ed48f,0.14297962639468334,0.2862964998337795,-0.1433168734390962
3946,31609f2a08d53c217925,0.281285181144156,0.9075304879291521,-0.6262453067849961
3946,53772e47118a9bb1a8f2,0.4375465806439035,0.6267205987585566,-0.18917401811465306
3946,7a4dc7840cb663f34c0f,0.00046898271334200006,0.4668006076571155,-0.4663316249437735
3946,9ff6429e8c625e37fb17,0.008676752271154001,0.007665484182639501,0.0010112680885145005
3946,e64c8591021749e5431c,0.259791391512998,0.00037271593177674715,0.2594186755812213
3947,b8e86d93b664796a8b61,0.471798580947463,0.002959430803337,0.468839150144126
3947,ea1d319bddd42d625868,0.072918290229213,6.0146490115282306e-05,0.07285814373909773
3947,fb312c363c5ea784563e,0.4527995516217202,0.10623196377870602,0.34656758784301417
3948,13e8206de3ee00a46a30,0.542262412007528,0.08623552470385751,0.45602688730367047
3948,f6e31c9367d13fb9a109,7.734343167750591e-05,0.8948148604454311,-0.8947375170137536
3948,fa6ba620b50c602ed72a,0.4597191856559775,0.48998435667396356,-0.030265171017986037
3949,088ee46b64a533fdee2c,0.6716814083470355,0.43261333471410957,0.23906807363292593
3949,5054ecbb8d744c9cbbcf,0.9632760938746051,0.968840683564775,-0.00556458969016993
3949,a31dd23782b4ed23cbca,0.989598291930684,0.30564376454158204,0.683954527389102
3949,deef9bca10df4cd3c9c7,0.016652517664346,0.8159743633168115,-0.7993218456524656
3950,1b0abb09ccbed7821f22,0.315598842504463,0.0056662215918385,0.3099326209126245
3950,500a77615475ae5b860c,0.9599308290864861,0.724202912127053,0.23572791695943307
3950,56558aa755f3a98baf85,0.510641992087135,0.4990540557457375,0.011587936341397487
3950,cbf7d0640537a10cafe5,0.6793906090239263,0.038065733890879,0.6413248751330474
3950,fef80f07bfc0bb654e64,0.33063247574478705,0.002588200856348114,0.32804427488843896
3951,0a9e4b807e0613d7b103,0.17802854369842253,0.9834556456872691,-0.8054271019888466
3952,335d3d1320fa8632272f,0.985458028790626,0.8965725623033036,0.08888546648732243
3952,35f7c0ab16675792df00,6.0508910831780046e-05,0.39011804258842503,-0.39005753367759327
3952,627aac18761a1ba64763,0.22628305140463903,0.044069733194599,0.18221331821004003
3952,91d7c6559a5ff9d0076c,0.5121570345712481,0.805403011842664,-0.293245977271416
3952,da5a24a1a3855803d4e2,0.011087965468339001,0.00528586768241871,0.0058020977859202915
3953,4118e418aa95b2a907b4,0.4983106749944785,0.9970148930765121,-0.49870421808203363
3953,90dda604a687fd0f4a5a,0.5033747949452627,0.834669356604349,-0.33129456165908633
3954,42f0e827545f04a63d16,0.221935713589532,0.183695654737484,0.03824005885204801
3954,45812d1edd14af694c9c,0.717876163708398,0.6787752725839715,0.039100891124426496
3954,d4c389e8045f766b262e,0.5065553994911494,0.227475725221155,0.27907967426999436
3957,5a79ac21b07be7f8df43,0.8248189492523801,0.1239425840333615,0.7008763652190186
3957,7b1c091a3652da33afee,0.583501203622363,0.5191210951243755,0.06438010849798748
3957,9326a4bbd087d59573df,0.4346825852829281,0.5496531338238956,-0.1149705485409675
3957,ac2eb21ffea409e1364c,0.0009236137814772451,0.006023962569078001,-0.005100348787600756
3957,f643bd690d8e875e7cae,0.6398034618810146,0.6081222668921286,0.031681194988886
3958,03c5364dfeed1fafc4a8,0.9794295008657331,0.5017223095603031,0.47770719130543005
3958,8e49af7e1c03f580206d,0.0034959790996320003,0.038965005527457006,-0.035469026427825005
3958,dc734052b5ea0a5909dd,0.00037848990668032443,0.02725995035855763,-0.026881460451877306
3959,27b8440f10879044535b,0.8452633337683421,0.35162559270887306,0.493637741059469
3959,3a0645f9c7183a594bd3,0.032189620865022,0.49814613939998903,-0.465956518534967
3959,3b075050075e1e93b726,0.9238930490945411,0.9688821562662311,-0.044989107171690024
3959,8a5e2bd2f25c4b25a3af,0.35423526579539705,0.6812515837649981,-0.327016317969601
3959,f1ae98b59ebfc00042f1,0.00025901982442,0.4985083473996344,-0.4982493275752144
3960,2476ea5831bf28329211,0.050580217804293004,0.042799713814704,0.007780503989589002
3960,3b837509e46fd8db5ffc,0.23960031112332353,0.45283239205776804,-0.2132320809344445
3960,989713503d4c889c2f2e,0.6820583526987646,0.906616188338427,-0.22455783563966247
3960,d4d76aa09f44f3d4cc8d,0.07738129165742501,0.47454052240702904,-0.397159230749604
3960,e24a93d1be2324182115,0.00045111817625400003,0.540239794622016,-0.539788676445762
3961,07fa8f1494e4aedeb563,0.6354759293335303,0.5192199218014311,0.11625600753209919
3961,37526ac8285a394fa880,0.9573060456956917,0.3055741848638525,0.6517318608318392
3961,4a15c52e08e8e0cdc7d2,0.37657935600652215,0.834998433754077,-0.45841907774755486
3961,74ee6ce57e9693aa8379,0.31890904694775385,0.42022317265253506,-0.10131412570478121
3962,289a6c8da4fdbebd6d7a,0.333188955812229,0.837355392592475,-0.5041664367802461
3962,d18138d751c148805d86,0.046305059209833334,0.5171255428307271,-0.47082048362089374
3963,16a448d93a5a46a180c3,0.32071660344656006,0.002912591001513,0.3178040124450471
3963,185a445f3f08bde1e068,0.012075676207585002,0.449457039321097,-0.437381363113512
3963,646414f887602d05753f,2.8506575665086048e-11,0.3486594231420935,-0.34865942311358694
3963,b673ba312cd49e741e14,0.8402380270333548,0.4845575774926935,0.3556804495406613
3963,bb94a0f7fc9375ea86ca,0.533723866315233,0.233179754973667,0.30054411134156606
3964,02fed19b3feed1ec5559,0.970860891052101,0.9894976424890631,-0.018636751436962085
3964,272b6cb92d0830680aeb,0.30722260532031603,0.8044092687817146,-0.49718666346139856
3964,2d10eb7a845820268302,0.009438524655723,0.5325396018674415,-0.5231010772117185
3965,3432264317aa8bc2bd94,0.04581503826990101,0.0530771725143835,-0.007262134244482493
3965,67fa5c8eb3f86e5b310f,0.272062332245923,0.682452906016918,-0.41039057377099497
3965,d0ec8298842df9e8952b,0.9999145342443281,0.9743047322033371,0.025609802040990948
3965,e48ddbefd721a24458ca,0.7940246840645095,0.5984420155172425,0.19558266854726702
3965,e8e13be912b977551b55,0.7765176158515338,0.456539935918215,0.31997767993331877
3966,1264280d421b6ed6146d,0.09521756272340301,0.9959159322331417,-0.9006983695097387
3966,76986afbc4a84e2dce16,0.8879393410543601,0.08532948344877002,0.8026098576055901
3966,93c92544b072ce0be28d,0.000765164916186,0.1612292704788995,-0.1604641055627135
3967,013332178b214277c8e6,0.554789529979794,0.47584519660543106,0.07894433337436296
3967,c337153912ac6d766a1f,0.0064583939225360005,0.35675866467453754,-0.35030027075200154
3967,e7ad636d4ff02195114e,0.10744678033339101,0.399148341071461,-0.29170156073807
3967,e909b2ae85cf0f7b78dc,0.178843105741638,0.7111008773632146,-0.5322577716215766
3967,ec0363d7df6ea3f32847,0.05309045543587,0.45655768616457604,-0.40346723072870605
3968,26a7ef48a1c4c250ff53,0.10170683774604401,0.8929884325044251,-0.791281594758381
3968,670dd58d66557a025704,0.004869395528922,0.15939416071447401,-0.15452476518555203
3968,d598e5a6677e980b549c,0.45872202450636956,0.1437181768489645,0.3150038476574051
3969,6c391218af0c490a9f83,0.398025005034358,0.05728726217521212,0.3407377428591459
3969,7cac34c0c3d1b0c878b6,0.035683344779567,0.4844100311928745,-0.4487266864133075
3969,accf29023ccea7b31b6f,0.569549182169797,0.8736483114537056,-0.3040991292839086
3969,da5bd13a18239cb59d11,0.8980326210104721,0.2066432876881285,0.6913893333223435
3969,efe5f4350223a710e874,0.567635949019577,0.8719852211398951,-0.30434927212031804
3970,0d42ebf70f28f6ca532d,0.17170467531323902,0.529186157439277,-0.357481482126038
3970,4c0ebebf13fcc33eed25,0.00027001696790800004,0.034217826107721,-0.033947809139813
3970,a919fa6969cf166fb6ba,0.371618150279359,0.1758608670231215,0.1957572832562375
3970,cb5f76870c687c1b82e2,0.8879851160108381,0.42644943743414504,0.46153567857669303
3971,311a9c15ef4c8b53c619,0.48512881139474806,0.0450024639150925,0.44012634747965557
3971,8ecb899a36d06dfefbd5,0.13516212329462302,0.015548459544780001,0.11961366374984302
3971,91534c26ef197a9afbd9,0.082524713899777,0.49972563886465404,-0.41720092496487704
3971,eb163af90a311c1cd3eb,0.5753675434877531,0.21741726732085753,0.35795027616689556
3971,f0fdf795d3608ac552aa,0.001041177462895,0.009050976624950491,-0.008009799162055492
3972,1130eafe028e586dd7c9,0.510995453252257,0.5499264910458386,-0.038931037793581535
3972,3b31a848e4816be579fc,0.36547780890131204,0.83496037005968,-0.469482561158368
3972,5521c0efc002f42b777d,0.605411486285374,0.5197160174622756,0.08569546882309842
3972,f783ec0b88bff98f1c5d,0.37187132429846204,0.252090592832069,0.11978073146639301
3972,fbfbbe1e1492b308cc3f,0.5780868906926651,0.948903527715487,-0.37081663702282197
3973,422b56b128f7ae0d9939,0.9175942422134191,0.45931792839047303,0.4582763138229461
3974,5aab136cb56467c8d77b,0.37477827453668106,0.368413823682679,0.006364450854002057
3974,b9964cc1e7e4f6d5022c,0.9767960229905571,0.611567607111501,0.3652284158790561
3974,df3b8ee931989495ffc7,0.9781663621498691,0.5952990336136605,0.38286732853620853
3975,0d2ef565bc4da8b92b6a,0.5794055935857975,0.8329950358210831,-0.2535894422352857
3975,29c6c8baef1a0f159ac0,0.9626509784985181,0.2040239780545555,0.7586270004439626
3975,ab00168f4acdc9e6f62f,0.9879328530991801,0.9902196979306356,-0.00228684483145547
3975,ce3a61d469c4e5f8f86c,0.540722618190122,0.32359841754626156,0.21712420064386045
3975,e8d9417ea7acfe4afbac,0.3454571744911,0.9135684023711825,-0.5681112278800825
3976,4483885f18aa969f90d9,0.6635791483184921,0.367660290757387,0.2959188575611051
3976,9363f64c99ed0be37801,0.535142822339383,0.213811952536784,0.32133086980259906
3976,b8b355ffa27af82e5b56,0.724346667480079,0.49088624492257255,0.2334604225575065
3976,ee9ae474591d62f38e45,0.030737591283796002,0.04771349695873426,-0.016975905674938258
3976,fcf17cab4bd2f8b903c7,0.7100319048590731,0.10207110741004301,0.6079607974490301
3977,133c4e8927c27001e6cf,0.49735742387346554,0.6769990475005001,-0.17964162362703456
3978,71de712642dfaf47a588,0.000301842123508,0.037764454487558004,-0.037462612364050005
3978,caee1ea31ff32ba65fcf,0.130918818677321,0.51219917145421,-0.381280352776889
3978,fe379e95edce62f015a7,0.00014384477164783256,0.078167034034889,-0.07802318926324117
3979,7173028eb0267015754f,0.00048063074739589676,0.14223920789839675,-0.14175857715100085
3980,0eaf6bcfbf8ae92974eb,0.34476203407869555,0.112578562721364,0.23218347135733153
3980,434c5b59cb1d22957a74,0.0014226374265922665,0.811980773070335,-0.8105581356437427
3980,5f1a30097db07b114f15,0.6668693383983637,0.879166928960569,-0.21229759056220532
3980,b4b579529e04c513d6e0,0.8310489013539686,0.45004113132823753,0.38100777002573105
3980,ca754af2bec417c35ce4,0.019600669438536087,0.5318038410776306,-0.5122031716390945
3981,3c55689474ab23645cda,0.841711343778329,0.128402274887902,0.713309068890427
3981,a6dc5cc5b5999178641d,0.0013777477444605,0.0057524275758615,-0.0043746798314009995
3981,df212ecf5468f9333afd,0.7238684506638153,0.052349218235511,0.6715192324283044
3982,4acd743225cca12859f8,0.00010335197052200001,0.581568918148893,-0.581465566178371
3982,6b1f719106b1cc9cc949,0.7101410248780667,0.984576380269034,-0.2744353553909673
3982,ea7e9c989600889888f0,0.4919830195297753,0.23074594252959701,0.2612370770001783
3983,364157eea3b7371bc4d3,0.636973760910863,0.5072559146865655,0.1297178462242975
3984,56753fc508aacfe8d026,0.39838955856149766,0.23352664731170303,0.16486291124979463
3984,9c6be58ec876e282083f,0.077197128168191,0.37798522667113255,-0.3007880985029415
3984,abbf44da038ffe45d8d1,0.777355071443903,0.1696338032364415,0.6077212682074615
3985,1e8e51cb1cb82b05c292,0.34234859293655134,0.028640224048473002,0.31370836888807835
3985,ee917c41c829b507e0e8,0.103381435559058,0.5136955182571975,-0.4103140826981395
3986,223ccf667f6f8e3a8e56,0.037440576944680004,0.4900920150721985,-0.4526514381275185
3986,bc5ca49f8d32252ac07a,0.9472105057357031,0.11122378843850443,0.8359867172971986
3986,f75615ba47c4e6553965,0.023079092028274188,0.040413349275042004,-0.017334257246767817
3987,63f9525601af16e63859,0.4903667533079571,0.6502874317788576,-0.15992067847090052
3987,9a517ea3fe2ec9f2d98c,0.45830845210497956,0.5244947310500165,-0.06618627894503698
3987,d046e385ba0c780d32aa,0.024550925388485318,0.785641421516001,-0.7610904961275157
3987,d051d8506202447ce3d3,0.978351219951991,0.06895458197435701,0.909396637977634
3988,332a1796228828402ef9,0.32699952345089467,0.9303632190939286,-0.6033636956430339
3988,e9829510dd48fa64543f,0.49814685162168904,0.8992320448577447,-0.4010851932360556
3989,c85c6c12095fcfdfde26,0.6509769425392751,8.150902788806746e-05,0.650895433511387
3989,d06c43a1429e951df74f,0.0999063807317398,0.001757136367413,0.0981492443643268
3990,62e35c74514fbfc18138,1.0019862890924792e-05,0.36433397281510604,-0.36432395295221515
3990,941bdfedb9ffe17c339a,0.005471247560885,0.9491275448046546,-0.9436562972437695
3991,1e2e64784854c14a6e57,0.894115911258416,0.5509818194176276,0.34313409184078847
3991,41438371e549009171d5,0.10993628910549501,0.0187206529930805,0.09121563611241451
3991,5d86fae5fbe62675f762,0.48957494554130104,0.0060190921918539956,0.48355585334944706
3991,a88c9db2fd5ce3f7d0eb,0.083089250871844,0.04032660058299901,0.042762650288844996
3992,84b0beb9588aab261df5,0.049540118749265005,0.445483451660862,-0.395943332911597
3992,ad6a1b080917f7de2aee,0.7106379701828021,0.26200943060729703,0.448628539575505
3992,b4624d6d3744a6fe9c47,5.3970007586410375e-05,0.057800987942345006,-0.057747017934758595
3993,14e15dd7602c8d96098f,0.6284338524497506,0.505111747170054,0.12332210527969656
3993,5e6c41af9c916bf88a12,0.5698451304439014,2.2213847078457934e-07,0.5698449083054306
3993,60fb876b5869ae274ae0,0.6498121072249691,0.0024242029229896342,0.6473879043019795
3993,65ca1b4ba715cdfcb8e3,0.509225117331346,0.6686668419521891,-0.15944172462084305
3994,0834cf1923e6a85abd7d,0.6143480669318205,0.0009707236301498503,0.6133773433016707
3994,1dbd0d9a4d1b9d9c1d1c,0.8913781228441021,0.536538608270386,0.3548395145737161
3994,2b62ef217e7f1cee65b8,0.521597334116534,0.504886581593874,0.016710752522659966
3994,88b1c9ae26df952081a7,0.7509410066866861,0.35195447568588806,0.398986531000798
3994,9146e06fbd677c296709,0.0057956149717615915,0.5057190566971645,-0.499923441725403
3995,82816773096cc9ed70a0,0.3646690065561005,0.629557963151801,-0.2648889565957005
3997,b54714c6dd2af33e4c55,0.2777126602796238,0.10949519315820001,0.16821746712142382
3997,eb33457288ead1e0f444,0.6890306401359994,0.4575510359228858,0.23147960421311353
3998,0289f56583ed06dd9750,0.39473299234677395,0.47406919856668805,-0.07933620621991411
3998,89fdec4a5665429180d6,0.5260303842252132,0.6968616016934756,-0.17083121746826235
3998,902e3e3c200adea0d5d1,0.5227883060174656,0.6912859051334801,-0.16849759911601447
3998,e05bf45e1ccb44641674,0.0001861310426995,0.0027068347326891975,-0.0025207036899896973
3999,08d1dba248e67bea5f8e,0.07805007158927267,0.435827896473171,-0.3577778248838983
3999,0b6b64db644d835ed750,0.758461996658174,0.5337531987960661,0.22470879786210796
3999,69ee8b3978cf59cea781,0.519630541252175,0.30817587914502304,0.21145466210715197
4000,156f56cb3945b9b71154,0.5325516373326036,0.532242982736688,0.00030865459591555844
4000,db59450287a4edab54c0,0.5281224264900153,0.6056283082353071,-0.07750588174529183
4003,5da69d0914061da32fa2,0.00823363734126482,0.48292289599847565,-0.47468925865721084
4003,cc746086650e143b7055,0.5125297827221317,0.089246155820747,0.42328362690138466
4005,24ab76ebb6c970ceb05f,0.575119403686542,0.9741620821530601,-0.3990426784665181
4005,2ee0b2ad2c17745bc238,0.39638665420334324,0.009206009880166,0.3871806443231772
4005,af6205bd5e301f55e661,0.3663309542248253,0.2101494050521035,0.1561815491727218
4006,7bce6e6b7d549160805f,0.8246806417491656,0.480467313892975,0.3442133278561906
4006,95b59a7d400cf9a25fd0,0.017530104492139,0.9899076962393766,-0.9723775917472376
4006,b907b9b2c8f0cca70de8,0.7110460766347563,0.7279892879800945,-0.01694321134533827
4007,21187170255a1c8c93b9,0.3801724420711799,0.05160180372190651,0.32857063834927336
4008,0098476e4ddba91fa628,0.5460216900838211,0.0767347180151485,0.46928697206867254
4008,3db7b1adf5784be26805,0.506683863804409,0.5225972102526005,-0.015913346448191534
4008,41989ef84d95c7d46c71,0.08241622228656108,0.0266832168033495,0.05573300548321158
4008,84539807eadcb04d5f49,0.3126035572982047,0.5402315298725515,-0.2276279725743468
4008,e9b767f9c68dacfec287,0.016201190144938336,0.0009481797575250001,0.015253010387413337
4009,318b654ce4ad0a12a3b4,0.16495238101709878,0.73063823042817,-0.5656858494110713
4009,8ca56899f7a29193ba0c,0.6685109355613047,0.028054069161984503,0.6404568663993202
4009,dea90ef94925ec7bb12f,1.2939558273383472e-05,0.49881231740561005,-0.4987993778473367
4010,40cea2f0817724cf9d1a,0.03918603995986,0.46477121605186805,-0.4255851760920081
4010,7daec525765e6dcd38f1,0.03908957899036931,0.9689568377403556,-0.9298672587499862
4010,9b47bd622003b40b42d3,0.049535379334851255,0.41695673329860905,-0.3674213539637578
4010,c519d53ed09994ff1585,0.027884132697763502,0.4507847631408761,-0.4229006304431126
4011,0d4ec51e286c2e632c51,0.43342071065484405,0.7834624718374477,-0.3500417611826036
4011,61537b14993e840161dd,0.485262918128791,0.5303101627041356,-0.045047244575344536
4011,695e04e8baf2d8525b6f,0.009766624759856,0.428108689647527,-0.418342064887671
4011,7cfc52fe65e90bd832e8,1.8098285974119814e-05,0.0054537780084805,-0.005435679722506381
4012,80bbab062a56da7406c5,0.44194211163401437,0.06156591088962101,0.3803762007443934
4012,e5409005ff285890579e,0.47418079936530805,0.5389366511607445,-0.06475585179543647
4013,3078f4f341a8fe58a4d7,0.000378231931365,0.7723803325500931,-0.7720021006187281
4013,4d57d5d999f049202877,0.505743376396488,0.4826509677283062,0.023092408668181852
4014,11df9debbec648e7b71c,0.004200995503833913,0.5382689536031631,-0.5340679580993292
4015,9788885ec1ede713e275,0.34101617612760354,0.023821527203789,0.31719464892381455
4015,c9fb53a31680b3c73cad,0.4794359448287197,0.9842896009923836,-0.5048536561636638
4015,d46b2280b1a01092a201,0.3022328587473655,0.39517055193903106,-0.09293769319166556
4016,a080a5cd7a79db6ea13c,0.2290062269514884,0.0036243073137285004,0.2253819196377599
4017,a32127f70de9e33351e0,0.025595250411145003,0.0929987341682985,-0.06740348375715349
4017,b540b20eae34046f5af8,0.4155401262108467,0.28709040554418497,0.12844972066666172
4017,e0fe509856267709deba,0.4750017756152698,0.43691280786464604,0.03808896775062376
4018,bab0e3888b5f1717742b,0.272982579817286,0.26645583039898,0.006526749418305999
4018,f48d185d30af08cafa32,0.3370131409296312,0.06569660758017251,0.2713165333494587
4019,0773d92c30822e84ddf6,0.004886762958751001,0.0021186507308090003,0.0027681122279420004
4019,3b3cd64d086356561312,0.287871084445027,0.32976578602822104,-0.04189470158319403
4019,7e5b57f2e6f1e32ec211,0.002091402939388,0.8852249447173026,-0.8831335417779146
4019,7ea937a77907a7f276f9,0.166954336982469,0.6859722041943861,-0.5190178672119171
4019,82012ac6d3d7f687ed06,0.11089750861877813,0.11309333516948701,-0.0021958265507088792
4020,0a290cde037b3562b6e1,0.09405798460400519,0.023957595944235,0.0701003886597702
4020,ae1e59d281e0a37f12a5,0.26554987283093084,0.9291842496190446,-0.6636343767881137
4020,b0b27124b4c1e3523567,0.038482742529306335,0.890199180989313,-0.8517164384600067
4020,dcaa314b77cd39098f3f,0.09957551313367534,0.9105386236507651,-0.8109631105170898
4022,4013279fb2c64c4c8662,0.08614073655726501,0.3627747922154895,-0.2766340556582245
4022,45b4931b9b47782124c1,3.230481149888762e-05,0.8358209101460186,-0.8357886053345197
4022,65173948f59e9d09997d,0.34298652743427255,0.12163210407482133,0.2213544233594512
4022,cdd23c3ea83efef77061,0.2901563077778455,0.06194208122970601,0.2282142265481395
4022,e7a7d4a86132d63f441c,0.620780030850651,0.255674530356892,0.365105500493759
4023,93481559da51f3e29f57,1.2606289933136023e-05,0.063864633747759,-0.06385202745782587
4023,cf3b54762886a457fa03,0.5167366093708611,0.0530427947667835,0.46369381460407755
4023,d24ca40c80142a1e25ec,0.24544183794936203,0.414699426515361,-0.16925758856599898
4023,d80ce0abf46fcab23e5d,0.0010891321432360001,9.929323917855883e-05,0.0009898389040574414
4024,60c069a0d2008293ea21,0.48244317757846966,0.3001821399547055,0.18226103762376417
4024,6659ef9326f9b76fcd13,0.051921512053383,0.0251302275583,0.026791284495083
4024,d72a096e9022bed40107,0.0002414876296340774,0.0282534738633005,-0.028011986233666426
4025,15ada7808bace20305e3,0.000350714423872,0.5102342642809405,-0.5098835498570685
4025,562c8729536e66ff6b15,0.46160778552280124,0.48162967046978455,-0.020021884946983315
4025,9e1cecf5d4f09e062e34,0.001213774717496,0.4334245231302795,-0.4322107484127835
4025,d73b99db7473338d4445,0.000895409353077,0.49572644122505954,-0.4948310318719825
4027,10a404eb6fefd3e15d7b,0.000357386407836,0.60675014099377,-0.606392754585934
4027,4f2ce2e2b194fd706039,6.262086325633338e-08,0.49088879313571876,-0.4908887305148555
4027,544eba3b4d1ee872c53d,0.00240590689146091,0.46396592629570504,-0.4615600194042441
4028,5969741d2622aecedd5f,0.0012947270451915494,0.001576005518622,-0.0002812784734304507
4028,b97ae37e21c361484420,0.951578295496433,0.495114298596719,0.456463996899714
4029,2f7bbc161d99d29bc40c,0.15893699357432584,0.9411494756507041,-0.7822124820763783
4029,600bea2963e9c37555da,0.268744883268146,0.193285701693326,0.07545918157481998
4029,7d730d82cb6ab90559e2,0.1482737546086231,0.088970094618588,0.059303659990035104
4029,9f5eef331bf162eb27e4,0.7687524001264076,0.49814915856316394,0.2706032415632436
4029,d09e879ff4ece9d99ee9,0.6909475012566165,0.8950077845508411,-0.20406028329422454
4030,065f8e75dda97e398165,0.4915514253164721,0.001076111782023,0.4904753135344491
4030,353a28b0dcf11493549a,0.3806955976257975,0.32660188017337577,0.05409371745242175
4030,5727ff9e276861c1618a,0.022789257707418003,0.39503397691191855,-0.37224471920450053
4030,a41f7d632cf27bae7b31,0.051632862881909006,0.188329406479659,-0.13669654359775002
4030,b2570ffb50bd57dc8e19,1.653889467952379e-06,0.07857302171611537,-0.07857136782664742
4031,86dd6bd918dc9c3f841f,0.101517655034716,0.5625320930000646,-0.4610144379653486
4031,9172abd38e3144d2acc2,0.08849093105177201,0.5857207784614901,-0.49722984740971804
4031,af96dab931d7a3a780ee,0.47147292677186103,0.0692715760656625,0.40220135070619856
4031,b64647860159fdde1ff2,0.059298261802474,0.031395263051247,0.027902998751227003
4031,e5e0bae58c1db9c69e5f,0.9987819743266491,0.9303617667430266,0.06842020758362244
4032,7749f470cfa34bc9c04d,0.015847614575112003,0.001462164912197,0.014385449662915002
4032,91d7ee0017e855042d46,0.47696719106080937,0.9104443823818171,-0.43347719132100776
4032,e675450319fe13c83320,0.052731685587651005,0.311984814718801,-0.25925312913115
4033,46429ecdfc2e19039b49,1.4229786904255927e-05,0.0013294783087330951,-0.0013152485218288392
4033,ab465883e10b118f23cf,5.090014788841223e-07,0.0323819004438655,-0.032381391442386616
4033,b830b82bd6f793226a18,0.0003038103344993684,0.398775877338912,-0.3984720670044126
4033,e6c2122f1ef8f4a0b6a2,4.468657497745735e-06,0.0956016850722156,-0.09559721641471786
4033,fb09dbcbfcae116086a6,0.0943413030681852,0.0003730351991636914,0.0939682678690215
4034,4ca6c7aa416c032661da,0.000474976927881445,0.14329872881553551,-0.14282375188765406
4034,64758b24520a0a7cd740,0.00037615453846600005,0.22685968101416001,-0.226483526475694
4034,77221ccbd13991f220f5,0.0018270212489855785,6.467357427166304e-05,0.0017623476747139154
4034,7c2a93b904d50009bc2f,1.2233718863228115e-06,0.37164977905774105,-0.3716485556858547
4034,a12882c57d441b8ceac1,0.0088253404881535,0.611788137829274,-0.6029627973411205
4035,70f9bf01daf0976749f3,0.3805096600823265,0.592441004780158,-0.21193134469783154
4035,7dd49ca6099a41f2a832,0.35933319419583104,0.7525846368901196,-0.3932514426942885
4036,602f9e4159e702483a30,0.17787961965069735,0.5067033171224146,-0.32882369747171725
4036,627da7bb390045ca0fcc,0.020613241212260002,0.48143311862328647,-0.4608198774110265
4036,7b6f0d9a781488694256,0.0013082714063290001,0.0967156553209825,-0.0954073839146535
4036,ac062de3cded5372dc52,0.0017179805811310001,3.854169958622627e-06,0.0017141264111723775
4037,2caef38abfa2ea7b665c,0.20915037344098902,0.283158390521226,-0.07400801708023697
4038,86d4501a567db9cfc087,0.155327412857166,0.000660033822221,0.154667379034945
4038,b7ac6b8cfd7306da453a,0.46389071535109405,0.548668603248551,-0.084777887897457
4038,fbc4702ee85b5407ddb5,0.11604575973415,0.37120523498051905,-0.25515947524636906
4039,7382669a04ee8413a924,0.2862496516760795,0.026234345459900502,0.260015306216179
4039,a9fc69da48cf5c628268,0.188207604488657,0.029016069725207,0.15919153476345
4039,c77001164e4ed1db552b,0.272594775672853,0.1960613839236035,0.0765333917492495
4040,0eb6760930f625ea7165,4.0663180518949784e-05,0.0759918713508585,-0.07595120817033955
4041,403f568273b60be04fc2,0.017930264305132,0.4198471157451925,-0.4019168514400605
4041,d7a986d6acf72ba4eee9,0.021805658931380003,0.5075140512867895,-0.4857083923554095
4041,d9728953dd74cb0ce572,0.41096350922655805,0.12471839788557601,0.2862451113409821
4041,f79d562145bfe2fd719d,0.23098153199725163,0.8466287962673675,-0.6156472642701158
4042,6a82ce96b299170cb90d,0.34448083838886867,0.013089228830666001,0.3313916095582027
4042,a055913dba40ddb4a728,0.959838675872802,0.3875027720202205,0.5723359038525815
4042,d97732b357050577f83a,0.329974690627005,0.6241945737796101,-0.29421988315260506
4043,5996ebaaea3997786084,0.2296711666548085,0.4633056203612394,-0.2336344537064309
4043,602b5cd4dbfb6e839432,0.042256509919225,0.134525903514085,-0.09226939359486
4043,715dfb759b98a1563d2b,0.9695544066840811,0.8064873921768445,0.1630670145072366
4043,b73f4f2b8630434d135f,0.697429720534639,0.5120876096086411,0.18534211092599795
4045,109997f1219c854e6e4e,0.030642611421509,0.36920295732513797,-0.338560345903629
4045,8c76348d836e37663793,0.469829424062538,0.17981682888498352,0.2900125951775545
4045,e925778172583fb6864b,0.6918781746537337,0.8211278106613591,-0.1292496360076254
4046,74967824fb9f29f1a586,0.16891585619754734,0.5597085206131286,-0.39079266441558125
4046,fe2549bf26d81c96a465,0.784892839016973,0.8118910262959831,-0.026998187279010044
4047,7a0c7ebf732bac224946,0.05470358912517401,0.6815204118259541,-0.6268168227007801
4047,880bc6cb3323416d62a9,0.22050492082424533,0.005580482539694818,0.21492443828455052
4047,a5f0dc5912a1ddbeb8cc,0.4807018336526605,0.8509954945847266,-0.37029366093206606
4047,ba6a5e1c11374757f80d,0.057099666459408005,0.00018543397027340357,0.0569142324891346
4047,cb94aca949f4dcac49cb,0.031446017249839,0.046813745125039004,-0.0153677278752
4048,34167263d5c8652c720d,0.07279940015372838,0.8414102918454536,-0.7686108916917251
4048,968c26da5ea7d6c20c1a,0.5697788682650746,0.4832249062853675,0.0865539619797071
4048,a94439507d0ef4c54038,0.012375217246098002,0.0589616108123225,-0.046586393566224495
4048,be17b6c07fde90cd4f99,0.7692886382116002,0.8292122086368905,-0.059923570425290285
4049,232afbf78ac8931b3087,0.0008300847976620001,0.650602393356311,-0.649772308558649
4049,38fdece812120378f6e6,0.029571629888684003,0.4971608608837425,-0.4675892309950585
4050,6509f43f0edc94250d64,0.4695686546862873,0.7911029089075341,-0.3215342542212468
4051,67bb9d0d52fca6ff7fdd,0.001443679651083,0.04432234391719292,-0.042878664266109916
4051,a14c85b6ddd39edffaf1,0.006158926353404001,0.0006342071211155,0.005524719232288501
4052,23d111718d5034866da2,0.240042681040423,0.9701572617205636,-0.7301145806801406
4052,7ed31c59daa076d7bda5,0.750355198224386,0.7108852170744056,0.03946998114998046
4052,ade321d399fbcfcd4a71,0.5525159133108071,0.6851623041993575,-0.13264639088855046
4052,e68f1fcb808939b304cf,3.420514589496927e-05,0.111887714841051,-0.11185350969515603
4052,f5dac8059448068160af,0.4201307646733188,0.514665613121816,-0.09453484844849724
4053,2de8e639a4ef1437e0ff,0.008686865823774,0.001068198872062,0.0076186669517120005
4053,7201bc95c4d5ba3835dc,0.055287359261351005,0.9456762438701671,-0.8903888846088162
4053,9c883be8f57ed2a509dd,0.187524210789725,0.280446319946042,-0.09292210915631702
4053,b4964ed881ed5e25c027,0.0012196793216300002,0.0818396074166265,-0.0806199280949965
4053,ca98fa6196c54ce8d3aa,0.6467344738545631,0.0916227247964185,0.5551117490581445
4054,30966130f7e9d4af6abc,0.023507199999190737,0.001062406836332,0.022444793162858738
4054,3b0cbcbe80f3e65e50db,0.30955394566995403,0.502031090756872,-0.192477145086918
4054,3c5822d55a109d3f259d,0.0008458417148222237,0.00011686209190541345,0.0007289796229168103
4054,f4b5618887b92103e2d3,0.43523995205132054,0.30925939752726406,0.1259805545240565
4056,2d642f8fd3570f461875,0.0674720547190445,0.498776137073268,-0.4313040823542235
4056,676d3fabf496f83e4f33,0.673973677857394,0.199450473790436,0.474523204066958
4056,8398036db97ca9942db2,0.7407852632686266,0.1689709290297096,0.571814334238917
4056,b2756958db059eb6d85b,0.9765760033088146,0.5048785695707946,0.47169743373802
4056,e293aaeaef6fa3020b07,0.9321462893307861,0.518071133842832,0.41407515548795415
4057,0c29fc646d3b7ed23bdd,0.4785357521104785,0.4885075016996301,-0.00997174958915159
4057,3d3ede657fadf8829c31,0.2596361157029075,0.357586593555137,-0.09795047785222949
4057,81ed7e69cf48fba5d6b7,0.4586825666850295,0.068692814606037,0.3899897520789925
4057,c141576cc9b625be0f75,0.005084844744969,0.028905606708273003,-0.023820761963304002
4058,259f9e999d9afefa3244,0.9374700277854806,0.26557118368390004,0.6718988441015805
4058,33b52ed42405adbcad6e,0.9838171644319746,0.012307371936687501,0.9715097924952871
4058,7ecddba91746132b9ff5,0.968843947106808,0.0013229150741850002,0.967521032032623
4058,fcbe906a3232c1a9759c,0.9815726561125726,0.557689793645587,0.4238828624669856
4058,ffaee7fe4999a075e6dd,0.9894256365001282,0.21421647232630253,0.7752091641738257
4059,ad841586a45c1f9780d7,0.997186169411116,0.5989773603905956,0.39820880902052047
4059,d9a1c66a818be6893788,0.8378110944144965,0.7676652186193006,0.07014587579519593
4059,df2af00399e3958a8081,0.983789066829281,0.549506322916249,0.434282743913032
4059,e2736120d026f72c459e,0.8083616495665331,0.44815439168334303,0.3602072578831901
4059,fcf46ab73f141cad44bb,0.9976383270488325,0.021720967316116002,0.9759173597327164
4060,45f9c606e69d7e75cef9,0.753524571519508,0.49711819765214205,0.256406373867366
4060,47f483bd06d8e78f355f,0.970642867608233,0.5009341371538746,0.46970873045435846
4060,632c97dcd97bdc4e4708,0.4119854795686871,0.140111921910055,0.2718735576586321
4060,6c824f1036239fc05063,0.44916657960962153,0.7468235432189956,-0.29765696360937405
4060,da38a16eabeb6bf92bfe,0.0208480443523605,0.4727617044245405,-0.45191366007218003
4062,319e0858483d996b2613,0.6606057059913303,0.47555023270418906,0.18505547328714123
4062,b1982ac830c55c0673a9,0.9785453802469373,0.8994845565374996,0.07906082370943768
4062,d652aa3f3c443e763659,0.973802129364364,0.5587080186895641,0.41509411067479995
4063,28ca5640513fe1b3acc2,0.32560142692318433,0.4459337182772755,-0.12033229135409118
4065,08af7c830683d8de18f3,0.8901539807573275,0.035599223082897,0.8545547576744306
4065,9761c75dc7bf54c60ad7,0.7411235134323667,0.004845816372725044,0.7362776970596416
4065,de5e357cde2930f9fb6e,0.0006161391739996667,0.376231921647434,-0.37561578247343436
4065,e3593ecab48614095e0e,0.0023998659698427033,0.0011102666940375002,0.0012895992758052031
4066,5058382ba19682d1ce4e,0.2896204129323062,0.042313299858251004,0.24730711307405523
4067,32ea957836761d67450f,0.002500140759285,0.453715564240036,-0.451215423480751
4067,e8245c8970a3499f52ee,0.013415602807489,0.574224936428428,-0.560809333620939
4067,ffcec5be6770b417bd7c,0.4233789508758455,0.517250256230429,-0.09387130535458349
4068,0b60c618b870c632be11,0.7508486463224209,0.9420072998687851,-0.1911586535463642
4068,76b60bfcc249e37f37a7,2.5181696143830338e-06,0.4517580076693561,-0.4517554894997417
4068,c4ec9644c75797f56e9e,0.5707198544986485,0.6358823080404881,-0.06516245354183958
4068,d03e262fd80b43e7ddf3,0.18852727185015253,0.849570785042006,-0.6610435131918535
4069,4b3106c5732b3c3492e2,0.5335374565495443,0.504460777747908,0.029076678801636335
4070,41f4be16e80e32adce18,0.6518569438317293,0.014160063424766002,0.6376968804069633
4070,8488da9c13d1eb0e5596,0.5305853777240682,0.5153365132755086,0.015248864448559662
4071,37f3c1edbfc771f8fb03,0.007086450802389001,0.043429401462228005,-0.036342950659839
4071,58d36fe4ae380f939c25,0.5098617977265321,0.00010881447402649906,0.5097529832525055
4071,96366ea184d17134c2ef,0.00022083312811100003,0.390154672954959,-0.389933839826848
4071,9d8040ffe36642cb1b03,0.0028410940431720004,0.5107228097828176,-0.5078817157396456
4071,f4bedd4419f090b55875,9.231444114143677e-07,0.02074435311133679,-0.020743429966925377
4072,0cd0829866ef0e945d40,0.0017217338992470002,0.23597019216935802,-0.234248458270111
4072,4e291b78a1c234da0e29,0.29120375129709253,0.020530729908729003,0.2706730213883635
4072,5978997bc47684a5ce1b,0.19541099805001003,0.795584409935328,-0.6001734118853179
4072,ba2eb37cd069ea7a222b,0.23383088972601576,0.270662335234791,-0.036831445508775235
4072,fce526743ba07055c7d9,0.1800469672694245,0.50199378925474,-0.32194682198531555
4073,2a1540fe96ebfac32085,0.4756854203778573,0.47606955219006003,-0.00038413181220270376
4073,92d68453a0681ffa2835,0.6483153432944581,0.3751624564111721,0.273152886883286
4073,fff7cb08ca81faf71826,1.3824431704578749e-06,0.956257664597036,-0.9562562821538655
4074,0fd86ed357f9b308c499,0.049104835810961006,0.48926684054029757,-0.44016200472933653
4074,a428b67db54c69aa98bb,0.041087693016722,0.47387107350213753,-0.43278338048541554
4075,8131f70df9ae67b5e20b,0.039979597588393,0.22283811252672753,-0.18285851493833452
4075,d903cd5dfd09bc17bc15,0.13753302863111402,0.48824424237233555,-0.3507112137412215
4075,e55b262fe2d7e10079a5,0.0005252131306596435,0.5150327143274396,-0.5145075011967799
4076,3e12c89a7c29c34598c6,0.79623523562218,0.4910957285483535,0.30513950707382653
4076,4536893ef2ee63ce2724,0.44133230427593906,0.002373853250124,0.43895845102581504
4076,60b670437b726288f2d6,0.6377932610109961,0.5813009876592286,0.05649227335176754
4076,78e67346c95d38cd130b,0.372013093162782,0.6622537701959026,-0.29024067703312056
4076,9ec7139cfd606aa29d76,0.337725347884587,0.5943664997312901,-0.25664115184670305
4077,c5e2aeb4a0bf8dbd11aa,0.0563074616694795,0.5830627074964275,-0.526755245826948
4077,f2b744520c182d87de07,0.18566342641632336,0.019148837451595003,0.16651458896472834
4078,2ca8da824939b7f6fd05,0.1485636011797235,0.9124192398147701,-0.7638556386350466
4078,6cef96cefb2d071cf807,0.48659110319435406,0.16993002789554604,0.31666107529880805
4078,7e2e9fc5278173f36dba,0.977408902701519,0.446772015650642,0.5306368870508771
4079,4bfdde9d349196d273e6,0.49761794773315504,0.129055722860376,0.368562224872779
4079,5313d4a42fcd1c50c7c4,0.578576217682165,0.006641582936416,0.571934634745749
4079,705705f263af4a9f8f9d,0.058805259033971005,0.5015553435616396,-0.44275008452766856
4079,ad915ff58e2162e64190,0.150395837419667,0.062079737532516506,0.0883160998871505
4080,0a3d6e2c46d383f81747,0.303451316251165,0.8475438889424176,-0.5440925726912527
4080,71579eaa48ea634db72d,0.27374319548553405,0.6746063299365566,-0.4008631344510225
4080,99aca35aa2ba98941b11,0.885516450694479,0.5365231575357651,0.34899329315871397
