record,sentence_id,pos,inside,outside,diff
3,66c8b5d1c598baa2c6eb,NOUN,0.0,0.0,0.0
4,0b33325b696832ebac53,ADJF,1.0,1.0,0.0
4,1a8dd51bbf81c90e2f42,NOUN,0.0,1.0,-1.0
4,e4ae0082489b9a256abc,NOUN,0.0,1.0,-1.0
5,3e026202cb3da56e01a9,NOUN,0.0,0.0,0.0
5,3e026202cb3da56e01a9,VERB,0.5,0.0,0.5
6,239259b5a0e719be69f6,NOUN,0.0,1.0,-1.0
7,c8e8295825f88cef9da1,PREP,1.0,1.0,0.0
8,0496af7839e287b1c6fd,PRCL,1.0,1.0,0.0
8,13e7a00120d746d78f82,CONJ,1.0,1.0,0.0
8,eab66f713c71d4809a94,CONJ,1.0,1.0,0.0
9,325388a956940a8d9d07,VERB,0.0,1.0,-1.0
10,271237a09351da820e1f,CONJ,1.0,1.0,0.0
11,9a6daa9f6a602da2848d,VERB,1.0,1.0,0.0
11,a6612aeec184e437c297,ADJF,1.0,1.0,0.0
11,f909730fc93d0dabdbe0,NPRO,1.0,1.0,0.0
12,45669fbf3c88a43d9cc7,NOUN,1.0,1.0,0.0
13,5e870143f33196e75692,NOUN,0.0,1.0,-1.0
13,fd462a15583c5e424bf2,NOUN,1.0,0.0,1.0
14,4555dc8aef54c80efea8,NOUN,0.0,1.0,-1.0
15,3f078fefa8fadfa15402,ADVB,1.0,0.0,1.0
15,3f078fefa8fadfa15402,NPRO,0.0,0.0,0.0
16,3b81be092c66bd97ed04,NOUN,0.0,0.0,0.0
17,1b045a3c5e654f20f9ec,ADVB,1.0,0.0,1.0
17,1b045a3c5e654f20f9ec,NOUN,0.3333333333333333,0.0,0.3333333333333333
17,7d6eaf1bac9f9b1f8e2c,NOUN,1.0,1.0,0.0
18,55f96b9fc573c2b6afb2,NOUN,1.0,0.0,1.0
18,9947b0fc511d2dff3707,VERB,0.0,0.0,0.0
18,da4ce5c8ea5597139b44,VERB,0.0,0.0,0.0
19,206a980bb200574b0b6e,NOUN,0.5,0.5,0.0
19,bcdff44a33606bd31b7d,NOUN,0.5,1.0,-0.5
20,387c95b3e01e65a95da1,NOUN,0.0,1.0,-1.0
20,62e3b32c2f8bf8752a73,PRCL,1.0,1.0,0.0
20,80371cd54fda6f315c29,PRCL,1.0,1.0,0.0
21,516af9bfe6218a6a5cbd,NOUN,0.0,0.0,0.0
21,a82da0975a8234c2d5b7,PRCL,1.0,1.0,0.0
22,60d119974132d2256130,NOUN,0.0,0.0,0.0
23,82f5b97d013eead93180,INFN,0.0,0.0,0.0
23,cc499c1877affdecb843,NPRO,1.0,1.0,0.0
24,44b7bd8a3be98abbe8c5,NOUN,0.0,0.5,-0.5
26,b41b224503a33501f8e6,NOUN,1.0,0.0,1.0
26,c03fe8f05e92e5494df4,NOUN,1.0,0.5,0.5
26,e3c09e473066bb14451e,CONJ,1.0,1.0,0.0
27,4a985d60dd6ce351269e,NOUN,0.6666666666666666,0.0,0.6666666666666666
27,9835ebf9b3879497d1d1,NOUN,0.5,0.0,0.5
27,9835ebf9b3879497d1d1,PRCL,1.0,1.0,0.0
28,2e03bdc62edd406c834b,VERB,0.0,1.0,-1.0
28,3056111887c272d2b4b5,CONJ,1.0,1.0,0.0
28,3056111887c272d2b4b5,VERB,0.0,0.0,0.0
28,9619d7a57dc6059db959,CONJ,1.0,1.0,0.0
29,09660b02c5053bf57433,CONJ,1.0,1.0,0.0
29,24439ad307f9c00412b5,NOUN,0.0,1.0,-1.0
29,88e71b0a8d28134e5a01,CONJ,1.0,1.0,0.0
29,88e71b0a8d28134e5a01,NOUN,0.0,1.0,-1.0
29,9e063e10010470ac3d4d,NOUN,0.0,1.0,-1.0
29,e995f43a315c9b2bb019,CONJ,1.0,1.0,0.0
30,24cedc9ba7d9d4dc6b56,PRCL,1.0,0.0,1.0
30,4af871407a2812cf5856,NOUN,1.0,0.0,1.0
30,5b36658504bdda15f9ba,NOUN,0.0,0.0,0.0
31,0313448f7c84129cb176,NOUN,0.0,0.0,0.0
31,15766446e9e2b8c9decb,NPRO,1.0,1.0,0.0
31,2511b2f14cc5f13c2269,NOUN,0.0,1.0,-1.0
31,dc5dfa0a425af1daf66d,NOUN,0.0,0.0,0.0
31,f28214ecfc08c551ee83,NOUN,0.0,0.0,0.0
32,0b66a1336f8b590dc33f,PREP,1.0,1.0,0.0
32,3c40f5e296694bd467e1,PREP,1.0,1.0,0.0
32,a1c33403c4a23c8fdbce,NOUN,0.3333333333333333,1.0,-0.6666666666666667
32,a1c33403c4a23c8fdbce,PREP,1.0,1.0,0.0
32,b79ef20e22e3990c22aa,NOUN,0.3333333333333333,0.0,0.3333333333333333
33,9ad0fdb5fd85911d498b,PREP,1.0,1.0,0.0
33,a3e7c3199f73f2b541f9,NOUN,1.0,0.5,0.5
33,fbb518d1a831dd613a19,NOUN,0.5,0.0,0.5
34,f83a1b482f0e5d6e4f13,CONJ,0.0,1.0,-1.0
34,f83a1b482f0e5d6e4f13,VERB,0.0,1.0,-1.0
35,1e391131039eb2475ebe,VERB,0.0,0.5,-0.5
35,cf9cfd516883f132c246,ADVB,1.0,0.0,1.0
35,da13ca7b001131244331,VERB,0.0,0.0,0.0
35,e5be3cfb4aee9fe5bac4,NOUN,1.0,0.0,1.0
35,e5be3cfb4aee9fe5bac4,VERB,0.0,1.0,-1.0
36,13d1c8d4989ed19b3e60,ADVB,0.5,0.0,0.5
36,918d9e96ccebb5764dc9,CONJ,1.0,0.0,1.0
37,a66685689d36f671ec7e,ADVB,0.5,1.0,-0.5
37,be7b7e4c36122cf6ffbb,ADJF,0.0,1.0,-1.0
38,10ffb955d30eddeb3087,VERB,0.0,0.0,0.0
39,82a2baa767d5f7fc6fbf,NOUN,1.0,0.0,1.0
39,82a2baa767d5f7fc6fbf,VERB,0.0,0.0,0.0
40,41ccacf33a84c95b734c,NOUN,1.0,0.0,1.0
40,41ccacf33a84c95b734c,VERB,1.0,1.0,0.0
40,8df8fda18d2dc1ab1ed0,NOUN,1.0,0.0,1.0
40,b0627b4d085aa0dde3fc,VERB,0.0,0.0,0.0
40,ee91e1d5406d72771ff5,VERB,1.0,0.0,1.0
41,7a591ade25e40f7a8ab8,VERB,0.0,0.0,0.0
41,df0c504f8e6ed5f7910c,VERB,0.0,0.0,0.0
41,f3aa2fb7834318f6ffd5,VERB,0.0,1.0,-1.0
42,14e025b5a643b41d0ed4,NOUN,0.0,0.5,-0.5
42,c58b1e053b43adc6df43,NOUN,0.0,0.0,0.0
42,c5d67d85579f3da99e9e,NOUN,1.0,0.0,1.0
43,0ebb7c8f0b37fcd952e1,NPRO,1.0,0.0,1.0
43,0ebb7c8f0b37fcd952e1,PREP,1.0,1.0,0.0
43,3bdbe768a1beeebd517a,VERB,1.0,0.0,1.0
43,812f81d800482e8e7022,INFN,0.0,1.0,-1.0
43,812f81d800482e8e7022,NOUN,0.0,0.0,0.0
43,86dcaa7169ab6c6a54c4,NOUN,0.0,1.0,-1.0
43,8fbf6a912e2b472ae2fe,CONJ,1.0,1.0,0.0
43,8fbf6a912e2b472ae2fe,NOUN,0.5,1.0,-0.5
45,255014dd981de6bcf0cf,PREP,1.0,1.0,0.0
45,475152a925d980661016,ADJF,0.0,1.0,-1.0
45,49312976a5e9753ffea9,NOUN,0.6666666666666666,1.0,-0.33333333333333337
46,4bee6b549d01867aee47,CONJ,1.0,0.0,1.0
46,4f190b988ccc1706468e,CONJ,1.0,1.0,0.0
46,4f190b988ccc1706468e,NOUN,0.5,0.0,0.5
47,1514446bc30ffa51cb3b,NOUN,0.6666666666666666,0.0,0.6666666666666666
47,4aa927e9db45a6e84b8b,NOUN,1.0,0.0,1.0
47,4aa927e9db45a6e84b8b,VERB,0.0,1.0,-1.0
48,1937a36a1b15ada3273c,NPRO,0.0,1.0,-1.0
48,1937a36a1b15ada3273c,PRCL,1.0,1.0,0.0
48,8335fdeb89799cc1320b,NOUN,0.0,0.0,0.0
48,8335fdeb89799cc1320b,PREP,1.0,1.0,0.0
48,c5ca39bbd08e5a103533,ADJF,1.0,1.0,0.0
48,ed2b9a37cc47b0e930c8,NOUN,0.0,0.0,0.0
48,faf876b139747cb1d7cf,ADJF,1.0,1.0,0.0
48,faf876b139747cb1d7cf,NOUN,1.0,1.0,0.0
49,c6eb3e88f909d72e2ef0,NOUN,0.6666666666666666,1.0,-0.33333333333333337
49,c6eb3e88f909d72e2ef0,PREP,1.0,1.0,0.0
50,063e2b67e97085319738,NOUN,0.0,0.0,0.0
50,3d2873b8877b3b3b727d,ADJF,1.0,0.0,1.0
50,3d2873b8877b3b3b727d,CONJ,1.0,1.0,0.0
50,4c27de205d1f9b64b4da,PRCL,1.0,1.0,0.0
50,a4644b371379b6b0612d,NOUN,0.5,0.0,0.5
50,fa85a80528adfed7e34d,PRED,1.0,0.0,1.0
51,3edb3ce1f3b05837feb3,PREP,1.0,1.0,0.0
51,697119a363e8054ab6ec,ADVB,0.0,1.0,-1.0
51,697119a363e8054ab6ec,NOUN,0.5,1.0,-0.5
51,ccaed13e178c8f4eb595,VERB,1.0,0.0,1.0
52,55326a12d1bacdc90a36,NOUN,0.5,1.0,-0.5
52,8314c6a69a2ad9a5a1ae,PREP,1.0,0.5,0.5
52,9726653500e63b0f1b5f,NOUN,0.5,1.0,-0.5
53,7ef930446d4c30269ba2,PREP,0.6,1.0,-0.4
53,7ef930446d4c30269ba2,VERB,1.0,1.0,0.0
54,699a685c036a7af876f0,NOUN,0.5,0.0,0.5
54,699a685c036a7af876f0,VERB,0.0,0.0,0.0
54,71905dbd81dd9637957b,VERB,0.0,0.0,0.0
54,ded84f8549ea068f187b,INFN,1.0,1.0,0.0
54,dfc40b97e135ae48d875,ADJF,0.0,0.0,0.0
54,dfc40b97e135ae48d875,NOUN,1.0,0.0,1.0
55,29342f8e14f85cc2e4c1,NOUN,0.3333333333333333,1.0,-0.6666666666666667
55,5382c052ced05294eb43,NOUN,0.6666666666666666,0.0,0.6666666666666666
55,d844f1ffa2a413b2574e,NOUN,0.6666666666666666,0.0,0.6666666666666666
55,fdbad1333e53f7b45935,NOUN,0.75,0.0,0.75
56,4c2a0f46840cd44d7b8f,ADJF,1.0,1.0,0.0
56,4c2a0f46840cd44d7b8f,NOUN,0.0,0.0,0.0
56,8ebd9a7cb92d6b756127,ADJF,1.0,0.0,1.0
56,8ebd9a7cb92d6b756127,NOUN,1.0,0.0,1.0
57,2eb0b717d7ba76168e2f,NOUN,1.0,0.0,1.0
57,4cf37fb1251c61581e22,CONJ,1.0,1.0,0.0
57,4cf37fb1251c61581e22,NPRO,0.5,1.0,-0.5
57,d089b67b206a08ade887,NPRO,1.0,0.0,1.0
58,aa63fb46ef3509d6c4a6,NPRO,1.0,1.0,0.0
58,aa63fb46ef3509d6c4a6,PREP,1.0,1.0,0.0
59,0350105c14d8d0e067ec,NOUN,1.0,1.0,0.0
59,7faaba00e88bc35a70c5,NOUN,0.6666666666666666,0.0,0.6666666666666666
59,bc7c6c695e87e9fda028,PREP,1.0,1.0,0.0
59,fbcc90e70d7f95b4e885,VERB,1.0,1.0,0.0
60,65cb2bd4c7b3bbc4487b,ADJF,1.0,1.0,0.0
60,e74b950ae6d8d13b8d93,ADJF,0.5,0.0,0.5
60,e74b950ae6d8d13b8d93,NOUN,1.0,1.0,0.0
60,ec4f03ec3892a3a47d5d,NOUN,1.0,0.0,1.0
61,555eedfb64e61a3be631,NOUN,0.0,0.0,0.0
61,9825c41dc6c7f0471569,NOUN,0.0,1.0,-1.0
61,b4f28e00a4083d7f83b3,CONJ,1.0,0.5,0.5
62,10e0b3a44b61bf3e357b,VERB,1.0,1.0,0.0
62,2c60a0f4e520d8f36c20,VERB,0.0,0.0,0.0
62,88fe4e5cb0f1f1726ee4,VERB,0.0,0.0,0.0
62,b2a1cccd167ddbceb2f2,ADVB,0.0,0.0,0.0
62,e691c9d699aca4f416b9,CONJ,1.0,1.0,0.0
63,b2c6f183826e5130f033,VERB,0.0,1.0,-1.0
63,c8731cf298519d4cc07a,ADJF,1.0,1.0,0.0
63,c8731cf298519d4cc07a,INFN,1.0,0.0,1.0
64,4355ee5d0e0e97a47d12,PRED,0.0,1.0,-1.0
64,ab2978a03904b0d0adc6,CONJ,1.0,1.0,0.0
64,fb1a68b96c138982b200,ADVB,0.0,1.0,-1.0
65,2e0a465e8ed59078d36d,VERB,0.0,0.0,0.0
65,4ea3db0c826bbe6aedc6,CONJ,1.0,0.0,1.0
65,d35d7c0338113a761f38,PRCL,1.0,1.0,0.0
66,69e893db0c3e4b6b08a4,CONJ,0.0,1.0,-1.0
66,9f52e0a8110e993295b8,CONJ,0.0,1.0,-1.0
67,a3ffab137cf8f5cfcaee,NOUN,0.5,0.0,0.5
67,b167155394655be9896e,CONJ,0.0,1.0,-1.0
67,b97e80033ca3cef1c5d6,NOUN,0.0,0.0,0.0
67,cf1d484b9bf69745facd,CONJ,0.0,1.0,-1.0
68,0d133b357269078d2826,NOUN,0.0,1.0,-1.0
68,38c682d3e4f4dfde86e3,NOUN,1.0,0.0,1.0
68,444e28caedfb70bd5df4,NOUN,1.0,0.0,1.0
68,bd1ec83c89a8c06dcd8d,NOUN,0.0,1.0,-1.0
69,118ff1cb645c61f88912,NOUN,0.0,0.0,0.0
69,315a1cea6293b7e2d633,PRCL,1.0,0.0,1.0
69,59cf098eb826172d709b,NOUN,0.0,0.0,0.0
69,59cf098eb826172d709b,PRCL,0.5,0.0,0.5
69,621ff1bf7324ccd760f9,NOUN,0.0,1.0,-1.0
69,aef07f88016dbfac3ba0,NOUN,0.0,0.0,0.0
70,30a9548100a5e0a4996d,PRCL,1.0,1.0,0.0
70,752cab2be8ca9475e6e7,NOUN,0.0,1.0,-1.0
70,983cb3f6aa822f8bb466,NOUN,0.0,0.0,0.0
70,b2b04047a09589f55bac,NOUN,0.0,0.0,0.0
71,90cd822f30dc3001081c,CONJ,1.0,1.0,0.0
72,263c36b5e0d5377d7e12,NOUN,1.0,0.0,1.0
72,409f151c8a3cf2210365,NPRO,1.0,0.0,1.0
72,72427d367556f320c79d,ADVB,0.0,1.0,-1.0
72,72427d367556f320c79d,NOUN,0.5,1.0,-0.5
72,72c11c395ae001756fdb,VERB,1.0,1.0,0.0
73,e020248c3964443a518b,PREP,1.0,1.0,0.0
73,e57cd2eaf04b5b566cc4,NPRO,1.0,1.0,0.0
73,e57cd2eaf04b5b566cc4,VERB,1.0,1.0,0.0
74,2279dfe8c074490ba152,VERB,1.0,1.0,0.0
74,9b67c63ae13f1d961f4a,NOUN,0.5,0.0,0.5
74,ae8ec3ba037f250f8a66,NOUN,0.5,0.5,0.0
75,673074d9122ce1a0e9c7,NOUN,0.5,1.0,-0.5
75,a8ea31b488c56888b12d,NOUN,1.0,0.5,0.5
75,ba31bc3507ebf43431d1,NOUN,0.5,0.0,0.5
75,d7a3e9b4ef4283dd6377,NOUN,0.5,1.0,-0.5
75,d7a3e9b4ef4283dd6377,VERB,1.0,1.0,0.0
76,1fabbfc5edb581fb2ff6,CONJ,0.0,0.0,0.0
76,1fabbfc5edb581fb2ff6,NOUN,1.0,1.0,0.0
76,be02b820530bfa5110ab,ADVB,0.0,0.0,0.0
76,fe9a865eb3c7f6d52511,NPRO,0.0,1.0,-1.0
77,579f772265e78241cc7e,ADJF,0.0,0.0,0.0
77,a8fa41ea2a1bfc32e249,ADJF,0.0,0.0,0.0
77,a8fa41ea2a1bfc32e249,PRCL,1.0,1.0,0.0
78,06829066ee6ab5099974,NOUN,0.5,0.0,0.5
78,08af0aa8ab2030261902,NOUN,0.0,0.0,0.0
78,32505a78d568fea2e62b,ADVB,0.0,1.0,-1.0
79,15b2ae1d84bf2238e8cb,CONJ,1.0,1.0,0.0
79,8df00af32747999d9c42,NOUN,0.0,1.0,-1.0
80,2836f499b887ec766d30,ADVB,1.0,1.0,0.0
80,a7e6269b14c19fc6cdd2,INFN,0.0,1.0,-1.0
80,a8e62b25f97325e82404,NOUN,0.0,0.0,0.0
80,c546405f5f8de1f909a4,VERB,1.0,0.0,1.0
80,d0e32e357b749f88ec53,CONJ,1.0,1.0,0.0
81,9045cc93cb1618d3ea68,NOUN,0.0,1.0,-1.0
81,caacfd4bc3eb8470f2b5,NOUN,0.0,1.0,-1.0
81,caacfd4bc3eb8470f2b5,PRCL,1.0,1.0,0.0
81,d5905d87d27a27d2a9ad,ADJF,1.0,1.0,0.0
81,f4dc093e75cd2f228f1d,ADJF,1.0,0.0,1.0
81,f4dc093e75cd2f228f1d,NOUN,1.0,0.0,1.0
82,b2013ba9ea6c8ea72faf,PRCL,0.0,0.0,0.0
84,0ae1f6edbb328dc54cc1,NOUN,0.0,0.0,0.0
84,1d7d95e98ded6955129d,NOUN,0.0,1.0,-1.0
84,3552be5d936a69e80b40,NOUN,1.0,1.0,0.0
86,9bf0c5df4eeb38856a64,VERB,1.0,1.0,0.0
86,df4e7c94d49cf7a75e7c,VERB,1.0,1.0,0.0
86,fe76914183b458d16acf,PRCL,0.0,0.0,0.0
87,d1973ee15ee889c8ef9d,NOUN,0.0,0.5,-0.5
87,e3ef557b701b573f66e7,ADJF,1.0,0.0,1.0
87,eae0414561a811e8df3a,ADJF,1.0,0.0,1.0
88,30c0ed3d2b64590cf572,ADVB,0.0,0.0,0.0
88,dd3b2196486cefffadb9,NOUN,0.5,1.0,-0.5
89,9b0e10d703a0de232597,ADJF,0.0,0.0,0.0
89,9b0e10d703a0de232597,NOUN,0.5,0.0,0.5
89,c3321906c30bb01196ae,NOUN,0.5,0.0,0.5
89,dc062e888bc47a24cebe,NOUN,0.0,0.0,0.0
90,58f2e47dc90366618865,NOUN,0.7142857142857143,0.0,0.7142857142857143
90,58f2e47dc90366618865,NPRO,1.0,1.0,0.0
92,0c8f9371cd300ce99b94,PREP,1.0,1.0,0.0
92,68576b709fefffe8bb3a,NOUN,0.0,1.0,-1.0
94,2fe6fc9953daed01b6ff,INFN,0.0,0.0,0.0
94,33975024c567122d618a,NOUN,0.3333333333333333,0.0,0.3333333333333333
94,9a6a6a0ba492798edb57,ADJF,1.0,0.0,1.0
95,3a46a2b6938158dd4285,NOUN,0.0,0.0,0.0
95,969b176d836ddebb7411,NOUN,0.3333333333333333,1.0,-0.6666666666666667
95,969b176d836ddebb7411,PRCL,1.0,0.0,1.0
95,97daae0e0ffc23673788,PRCL,1.0,0.0,1.0
96,118e4ba91cd33e512710,VERB,0.0,1.0,-1.0
97,f72a4e3e40851610a048,VERB,1.0,1.0,0.0
98,622e87c16e407f630999,NOUN,0.0,0.5,-0.5
98,87c0d3f5221fd9c75b47,ADJF,1.0,0.0,1.0
98,a889e453eb307b8478e6,VERB,1.0,1.0,0.0
100,33a3a496fda638baaddd,ADVB,0.0,1.0,-1.0
100,44768c1b39665b38d755,NOUN,1.0,0.0,1.0
100,44768c1b39665b38d755,PREP,1.0,1.0,0.0
100,5bb3fb8e4eaf273bb8c6,ADVB,1.0,0.0,1.0
100,d2b6cedf5789ee3eb2b0,ADVB,1.0,1.0,0.0
100,f92d2849df644e8e89c0,ADVB,1.0,1.0,0.0
101,91a80053f40a042ceb5b,PRCL,1.0,1.0,0.0
101,9e6192f167ddcf5bea7f,PRCL,1.0,1.0,0.0
102,aaac15ad1cfa9beda7f2,NOUN,0.5,1.0,-0.5
102,b080781fac47a5509796,ADVB,0.5,0.0,0.5
102,b080781fac47a5509796,NOUN,0.0,1.0,-1.0
102,c30fc0e9a525af35ffce,NOUN,0.0,0.0,0.0
103,2c47fb352c85b2af5cb8,CONJ,1.0,1.0,0.0
103,2c47fb352c85b2af5cb8,NOUN,1.0,0.0,1.0
103,e905a06d1bd1d7afc790,PRCL,1.0,1.0,0.0
103,eb1b641a9baa7a44a4c5,ADJF,0.0,0.0,0.0
103,eb1b641a9baa7a44a4c5,CONJ,1.0,1.0,0.0
103,fa9542b6e778befed094,CONJ,1.0,1.0,0.0
104,a8d36b3c2eb38d7bccfa,NOUN,0.0,0.0,0.0
104,aa08dde8815c6b84d4cf,INFN,0.5,1.0,-0.5
104,c844be76d7a690c42f46,PRED,0.0,1.0,-1.0
104,c844be76d7a690c42f46,VERB,1.0,0.0,1.0
104,c84f6da62646dd29deb7,PREP,0.0,1.0,-1.0
105,fbbfe7e22f639d011fde,NPRO,1.0,1.0,0.0
106,653c39b072cd8e3ff056,ADJF,0.5,1.0,-0.5
106,653c39b072cd8e3ff056,NOUN,0.6666666666666666,0.0,0.6666666666666666
106,81d71ef21f1da7454b44,NOUN,0.6666666666666666,1.0,-0.33333333333333337
106,950289ccc9a7cd39bd6f,NOUN,0.6666666666666666,0.5,0.16666666666666663
106,dd669283301bc56736b8,ADJF,0.5,0.0,0.5
106,dd669283301bc56736b8,CONJ,1.0,1.0,0.0
107,2ba5b0f45e9217cf6bbe,CONJ,1.0,1.0,0.0
107,2ba5b0f45e9217cf6bbe,NOUN,0.5,0.0,0.5
107,a3cd934f5457fb6026d4,NOUN,1.0,1.0,0.0
107,b5486d202e264cdf907e,NOUN,0.5,0.0,0.5
108,3bfff326dcf31f598d1c,NOUN,0.5,1.0,-0.5
109,6c2a07e1d2e238f0a306,VERB,0.0,0.0,0.0
109,bc1041fbb53a40a6c554,NPRO,1.0,1.0,0.0
109,f4c7b26740f937e8c94b,ADJF,0.0,0.0,0.0
110,a6ef4082977c00405256,ADVB,1.0,0.0,1.0
110,a6ef4082977c00405256,NOUN,1.0,0.0,1.0
110,ae4487d6cc528de1206d,NOUN,1.0,0.0,1.0
111,501f9d1f26df5da4d550,ADJF,1.0,1.0,0.0
111,501f9d1f26df5da4d550,PREP,1.0,1.0,0.0
111,71dafa45055b8acc94a5,ADJF,1.0,0.0,1.0
111,f8f06a971bb74c3ff62c,ADJF,1.0,1.0,0.0
112,43ca3eb89727763f1236,PRCL,1.0,1.0,0.0
113,2a7c98ccb8333d584145,NOUN,0.6666666666666666,0.0,0.6666666666666666
113,2a7c98ccb8333d584145,PREP,1.0,1.0,0.0
114,95cf0e85f0fdd797bbd3,NOUN,1.0,1.0,0.0
115,4181f605066a860eaded,NOUN,1.0,1.0,0.0
115,c2cdb645751e591f744c,NOUN,0.0,0.0,0.0
115,c2cdb645751e591f744c,PRCL,0.0,1.0,-1.0
116,ba2470f26d223410fb8c,NOUN,0.0,1.0,-1.0
117,1c501525527d1d6f2631,ADJF,0.0,1.0,-1.0
117,ff9399a8769b76f4a653,ADVB,0.0,0.0,0.0
118,24252046aa3485127205,ADJF,0.0,0.0,0.0
118,451aa3c12ad30ba3c6e9,NOUN,1.0,0.0,1.0
118,8a8bef764137ccfb44e9,ADVB,0.0,1.0,-1.0
118,8a8bef764137ccfb44e9,NOUN,0.0,0.0,0.0
119,b9c930f3b04cab6eba4d,ADJF,0.0,0.0,0.0
119,b9c930f3b04cab6eba4d,ADVB,0.0,1.0,-1.0
119,c6ae6f16faf7a9c0b7f3,NOUN,0.0,0.0,0.0
120,045c3af5e8fde10bc375,VERB,0.0,1.0,-1.0
120,a9ff07ba3a936d7c9a87,VERB,0.0,1.0,-1.0
120,cc269f6824ef94b44590,NOUN,0.0,0.5,-0.5
121,53e35ee0c97f25e30c47,ADJF,0.0,1.0,-1.0
121,b19b7c27059cc319c552,VERB,1.0,1.0,0.0
122,0addf843946377466ea3,CONJ,1.0,0.0,1.0
122,0addf843946377466ea3,VERB,1.0,1.0,0.0
122,e81f6243c419abbaf75d,NOUN,0.2,0.0,0.2
122,f78e821ad5d9fabb8653,CONJ,1.0,1.0,0.0
123,f0f87f97359faa189d6f,NPRO,0.0,1.0,-1.0
124,035753f0ca31e76c1aae,ADVB,1.0,1.0,0.0
124,a637ab7325ca2571ed1e,ADVB,0.0,0.0,0.0
125,6882eab17e1629743f76,ADVB,0.0,0.0,0.0
125,f900c5026c7c22e6d762,NOUN,0.0,1.0,-1.0
125,f900c5026c7c22e6d762,VERB,0.0,1.0,-1.0
126,511bd3ae7e9d5a84eaba,NPRO,1.0,0.0,1.0
126,511bd3ae7e9d5a84eaba,VERB,1.0,0.0,1.0
126,7073ede7207b5e6fa56e,PREP,1.0,1.0,0.0
126,d0fae0de8ce198f03bcd,VERB,1.0,0.0,1.0
127,5942df8c07eb5817a155,NOUN,0.0,1.0,-1.0
127,d66b0165c2b526f9ee85,NOUN,1.0,0.0,1.0
127,f48f84271a48aa6695ca,NPRO,1.0,1.0,0.0
128,3abe22d5439a4b9ccabf,NOUN,1.0,0.0,1.0
128,8534b6e6816ec66f9857,NOUN,0.0,0.0,0.0
128,bca4dc87e6db0f9da82c,NOUN,0.3333333333333333,0.0,0.3333333333333333
129,1a8b1435efd97cd8f6b7,NOUN,0.6666666666666666,0.0,0.6666666666666666
129,79c644bb39ace1365531,NOUN,0.5,1.0,-0.5
129,859977b3650eb322a0fb,NOUN,0.5,0.5,0.0
129,903d1da13c281a0208f0,ADJF,0.0,1.0,-1.0
132,70a7d6b1b712a93944c8,NOUN,0.0,1.0,-1.0
132,70a7d6b1b712a93944c8,VERB,1.0,0.0,1.0
132,9a09e646a4bdaf8f6ade,NOUN,0.5,1.0,-0.5
132,d0e734b332e39b2eed33,ADJF,1.0,1.0,0.0
132,d0e734b332e39b2eed33,VERB,1.0,1.0,0.0
132,d752f6f29f90a6b50a53,NOUN,1.0,0.0,1.0
133,0673e8637c86bceaa86f,NOUN,0.0,1.0,-1.0
133,a2ec94e107330dec7e5b,ADJF,1.0,1.0,0.0
133,a2ec94e107330dec7e5b,PREP,1.0,0.0,1.0
133,aa37d8b9ee9534c5011a,NOUN,0.5,0.0,0.5
135,6306625d1e097b87011c,NOUN,1.0,1.0,0.0
135,6306625d1e097b87011c,PRCL,0.0,1.0,-1.0
135,b18642cb56f061fd51a3,NOUN,1.0,0.0,1.0
135,fbc9c3e7d77c54424af6,PRCL,0.0,1.0,-1.0
136,31b2f0029bb5746b35e7,ADJF,0.5,0.0,0.5
137,c4e8fb933c2274f1d33b,PREP,1.0,0.0,1.0
138,bd35d9aab0c2878ac359,NOUN,0.0,0.0,0.0
138,c6cea4fe474aed319bd7,PREP,1.0,1.0,0.0
139,68f0ffeb19af323503c9,NOUN,1.0,0.0,1.0
139,6ed7282b5081e901cbaa,NOUN,0.3333333333333333,0.0,0.3333333333333333
139,9f7482cba6d6d493a67a,NOUN,1.0,1.0,0.0
140,0289516f108337e5bf46,NOUN,1.0,0.0,1.0
140,5726998a36356dcb3e71,CONJ,1.0,0.0,1.0
140,7107c0b843d7f8fbd4e4,CONJ,1.0,0.0,1.0
142,15a9e69fe777fdba1c9f,NOUN,0.0,0.0,0.0
142,15a9e69fe777fdba1c9f,PRCL,1.0,1.0,0.0
142,46491d0a658947ab0e58,NOUN,0.0,0.0,0.0
142,bc59809facaf439f9aae,NPRO,0.5,1.0,-0.5
143,bad7f12a17b7083b47e6,CONJ,0.5,1.0,-0.5
145,1eda497586c1e46f17f9,NOUN,0.0,0.5,-0.5
145,39ead0213084f929f583,CONJ,1.0,1.0,0.0
145,39ead0213084f929f583,NOUN,0.3333333333333333,0.0,0.3333333333333333
145,9be2b832364b465d9133,CONJ,1.0,1.0,0.0
145,b851a97a6c3d524f7711,PRCL,1.0,1.0,0.0
147,41f054805f421597988e,CONJ,1.0,1.0,0.0
147,41f054805f421597988e,NUMR,0.0,1.0,-1.0
147,47ce73a4d35e822f72fd,NOUN,0.3333333333333333,0.0,0.3333333333333333
147,5d7c627bd36afb858667,CONJ,1.0,1.0,0.0
147,98a47d513d013a7de723,NOUN,0.0,0.0,0.0
148,2d2cb36ef12c00916fda,CONJ,0.0,1.0,-1.0
148,6b8c21f6d4ed6de613e4,CONJ,1.0,1.0,0.0
148,6b8c21f6d4ed6de613e4,NPRO,1.0,1.0,0.0
148,6ed7d16b5800f768b941,CONJ,0.0,1.0,-1.0
148,8cb115eb6d5cf5ca4b8b,NOUN,0.0,0.0,0.0
148,9af741fc95db360d0ff4,VERB,1.0,0.0,1.0
150,efe7a7f84d730df1b0a5,CONJ,1.0,1.0,0.0
151,0951e0a420d257152cbe,ADVB,1.0,0.0,1.0
152,078d69dbd66a34ee3d01,NPRO,0.0,1.0,-1.0
152,078d69dbd66a34ee3d01,PRCL,0.0,1.0,-1.0
152,7f4013817ea2854b656e,ADVB,1.0,0.0,1.0
152,ce4bc14bdf71c2814883,CONJ,1.0,1.0,0.0
153,38c37a3bd648853b805f,NPRO,1.0,0.0,1.0
153,6e42f4daaa373eb8302d,NOUN,1.0,0.0,1.0
153,865ee490ee3b0e2a3e12,INFN,1.0,0.0,1.0
154,8146fd852e93829d9717,ADJF,1.0,1.0,0.0
154,8146fd852e93829d9717,NOUN,1.0,1.0,0.0
156,1e9a67d9dba5504e595d,VERB,0.0,0.0,0.0
156,48b15c6c462cfc92225e,CONJ,1.0,1.0,0.0
156,48b15c6c462cfc92225e,NPRO,1.0,1.0,0.0
157,2e69276cccf3862cbb31,NOUN,0.0,0.0,0.0
157,eaaa2b1e9ed73af9c5f9,NOUN,0.0,0.0,0.0
158,866254074332a703a360,ADJF,1.0,1.0,0.0
158,866254074332a703a360,NPRO,1.0,1.0,0.0
158,c4858cfe68da2c67706c,PREP,1.0,1.0,0.0
159,213c69db1d01a3c2f6e9,ADJF,1.0,0.0,1.0
159,213c69db1d01a3c2f6e9,NOUN,0.0,1.0,-1.0
159,3590e867568282646835,NOUN,1.0,0.5,0.5
159,75b56dab401878c748b2,ADJF,1.0,0.0,1.0
160,ed8be315d29b45db2b94,ADVB,1.0,1.0,0.0
161,351bee8d5277c786dd9c,NOUN,1.0,0.0,1.0
161,9f970eb2537cbb0908aa,NPRO,1.0,1.0,0.0
162,03093bca99c79c400002,NOUN,1.0,0.0,1.0
162,06e9c21b04283a25cb2d,NOUN,1.0,1.0,0.0
162,82bfbdfc53a8aa17e1dd,ADJF,0.0,1.0,-1.0
162,c60f740198d98b584155,NOUN,0.0,0.0,0.0
163,423a6afa73b3956a0ad3,VERB,0.0,1.0,-1.0
163,7be66d3bf0879b89a4bd,VERB,1.0,1.0,0.0
163,9f29c344553e6e27ac4b,VERB,0.0,1.0,-1.0
164,7977443745494ac2204b,ADJF,1.0,0.0,1.0
164,80be74f66f8c97fce767,ADJS,1.0,1.0,0.0
164,80be74f66f8c97fce767,NOUN,1.0,0.0,1.0
164,986f7ade9b2d4953a0d9,NOUN,1.0,0.0,1.0
165,2b94ce5f1ae8258f7464,ADVB,1.0,0.0,1.0
166,10e2488da67727f393aa,NOUN,1.0,0.5,0.5
166,3d82bfbaf1fe84f9354c,NOUN,1.0,0.0,1.0
166,45e0d54e1960cd8560b9,NOUN,1.0,0.0,1.0
166,dbc2d6d090c27d410ffa,NOUN,1.0,1.0,0.0
167,892185a33c5421c0158d,NPRO,0.6666666666666666,1.0,-0.33333333333333337
167,892185a33c5421c0158d,VERB,0.5,0.0,0.5
168,7eee4ae8c687b455ac91,NPRO,0.0,1.0,-1.0
169,36ee79beacd0a0deb8e1,ADJF,0.0,1.0,-1.0
169,799a3aa98706ca6d2ab5,INFN,1.0,1.0,0.0
169,799a3aa98706ca6d2ab5,NOUN,1.0,1.0,0.0
170,dd8c2a70f39c113a770e,ADJF,1.0,1.0,0.0
170,dd8c2a70f39c113a770e,PREP,1.0,1.0,0.0
170,e49a389ac66e9a48b210,PREP,1.0,1.0,0.0
170,e838d5601d123860a946,NOUN,1.0,0.0,1.0
170,e838d5601d123860a946,PREP,1.0,1.0,0.0
171,2878916d99c80c5591d4,NOUN,0.0,0.0,0.0
171,f82a4bad69816fe8250d,PRCL,0.0,0.0,0.0
171,f82a4bad69816fe8250d,PREP,1.0,1.0,0.0
172,57fbbce598211680aef9,NOUN,0.5,0.0,0.5
173,0891a9b1e1639ec447d7,CONJ,1.0,1.0,0.0
173,0891a9b1e1639ec447d7,PREP,1.0,1.0,0.0
173,7499085ebaf8d0c201d4,NOUN,0.0,0.0,0.0
173,99f9d71e4414156a02bf,CONJ,1.0,1.0,0.0
173,99f9d71e4414156a02bf,PREP,1.0,1.0,0.0
173,a76e2dc960c62328574d,NOUN,0.0,0.5,-0.5
175,303d3a85aa18614fd231,PRCL,1.0,0.0,1.0
175,b2d0965b47866be6f2d3,NOUN,0.5,0.0,0.5
177,7ff9d43690f0b870e71d,NPRO,1.0,1.0,0.0
177,83b38d3fcc7bd2a7023c,NPRO,0.0,1.0,-1.0
178,d8bc687c001c8261ba6e,INFN,1.0,1.0,0.0
179,4fd5ae68897dde614428,PRCL,1.0,0.0,1.0
179,9dcf68711424348c3b86,VERB,0.0,1.0,-1.0
179,fcedaf4096de8122d7e1,VERB,0.0,1.0,-1.0
180,841bf6276e2d862663d8,CONJ,1.0,1.0,0.0
181,77c6bd6f06eaa4e2c448,NOUN,0.0,0.0,0.0
182,15af650d4555f4cf29e8,VERB,0.0,0.0,0.0
182,1bfc7c1c9d66fe5d6028,NOUN,0.0,1.0,-1.0
182,79fc667b91e549d6709a,ADVB,0.0,1.0,-1.0
182,79fc667b91e549d6709a,PRCL,1.0,1.0,0.0
183,29ef4119aef82047917f,NOUN,0.0,0.0,0.0
183,6524535f6cea76f45114,NOUN,0.0,1.0,-1.0
183,f4a4170e1c71ce0abdd4,VERB,0.0,0.0,0.0
184,2f1d5fa1896e63c81d84,PRCL,1.0,1.0,0.0
184,31649f55675d4af96ccf,CONJ,1.0,1.0,0.0
184,31649f55675d4af96ccf,VERB,1.0,0.0,1.0
184,d7bce2c4512bf434871f,INFN,0.0,1.0,-1.0
185,217b8e4a4ed8924dbd4a,PREP,1.0,0.0,1.0
185,217b8e4a4ed8924dbd4a,VERB,1.0,0.0,1.0
185,4f59aaca2e7cb233c51f,VERB,1.0,0.0,1.0
185,60e49ee317d4db81136b,NOUN,1.0,0.0,1.0
185,8b02be65ed9d5ea9fcd9,NOUN,0.3333333333333333,0.0,0.3333333333333333
185,8edd9eefc68c620ff63f,NOUN,1.0,0.0,1.0
186,12e5512cbafde0634d03,CONJ,0.0,0.0,0.0
186,12e5512cbafde0634d03,NOUN,1.0,1.0,0.0
186,73d3c1632b5e59eb43db,NPRO,1.0,1.0,0.0
186,a4796bb48eaff5e80591,NOUN,1.0,1.0,0.0
188,addbcacfb5f0d231c1fb,VERB,1.0,1.0,0.0
188,c045ec9e83c371996a78,PRCL,0.6666666666666666,1.0,-0.33333333333333337
188,c045ec9e83c371996a78,VERB,0.0,0.0,0.0
189,066254ca076df19c97f8,PRCL,1.0,0.0,1.0
190,0d6ae322744268ef3c86,PRCL,1.0,1.0,0.0
190,74ca9814ee6dbe0ad4c1,VERB,1.0,1.0,0.0
191,52e613c2a1ba498dd64b,PREP,1.0,1.0,0.0
192,3dd22be6d2cd5c83f05f,NOUN,1.0,0.0,1.0
192,b33730f3d1ca76a14c9f,NOUN,0.0,0.0,0.0
192,b33730f3d1ca76a14c9f,PREP,1.0,1.0,0.0
193,85a6cd8ae8694febdb34,VERB,0.0,0.0,0.0
194,07e3bd8306a9a16efd5d,PRCL,1.0,1.0,0.0
194,14cbe411a9d924ee9fc7,PREP,1.0,1.0,0.0
195,45a02cd9071a51019e0a,NOUN,1.0,0.0,1.0
195,9eae17adf657e3f23b8b,ADJF,0.0,1.0,-1.0
195,ea0a2efb6640fafb7ba7,CONJ,0.0,1.0,-1.0
196,367a97d14b6e51e9f322,ADVB,1.0,1.0,0.0
196,4c69dbba9c5e68d62ead,PREP,1.0,1.0,0.0
196,4e8c9fc98090ad401ce9,ADVB,0.0,0.0,0.0
196,bc2f6d565000e78df51e,ADJF,0.0,0.0,0.0
196,fb0e951946bf73de4a92,NOUN,0.0,0.0,0.0
197,a3ab86c24e55cc109cd4,ADJF,1.0,0.0,1.0
197,ace0a76603e96973e32e,NPRO,1.0,1.0,0.0
198,484995225680ce2b4db5,PRCL,1.0,1.0,0.0
198,694dbb25358d0593a1e1,VERB,1.0,0.0,1.0
199,645d5b2d66da3beb204b,PRCL,1.0,0.0,1.0
199,645d5b2d66da3beb204b,VERB,0.5,0.0,0.5
200,0e2341cb6cd581352982,PRCL,1.0,0.0,1.0
200,6372ae58354087dc4f82,VERB,0.0,1.0,-1.0
201,534943a70fa9845b5eb3,ADVB,1.0,1.0,0.0
201,fda44d18dc3301215900,ADVB,0.0,1.0,-1.0
202,656d7d66d5817542959f,VERB,0.0,0.0,0.0
202,76f5bf09d63bb9ffeed7,NOUN,0.0,0.0,0.0
202,a17caba8e32fa61cb6b1,VERB,1.0,1.0,0.0
202,b99e95a55203eb5af15d,NPRO,1.0,1.0,0.0
203,636d7d1748c49db65441,ADJF,0.5,1.0,-0.5
203,7649c0732e46001b8587,NOUN,0.25,1.0,-0.75
205,a5d274a9a09237db7165,PRCL,1.0,1.0,0.0
207,5a193c9fdafccc9d5569,PRCL,1.0,1.0,0.0
207,cea2884d998aa90f5efc,ADVB,0.0,0.0,0.0
207,d07423ae81e3b487c598,NOUN,1.0,0.0,1.0
208,3b31bd65df62f9767c50,ADJF,0.0,1.0,-1.0
208,83efe922e487d8ee57ca,NOUN,0.5,0.0,0.5
208,b0fb58836c06982483d6,CONJ,1.0,1.0,0.0
208,b0fb58836c06982483d6,NOUN,0.0,0.0,0.0
210,34888f794ff5af08d008,CONJ,1.0,1.0,0.0
210,36f65fc43d40bbbbbaf0,PRCL,1.0,1.0,0.0
210,9b8999ce5102e1ec87d8,NOUN,0.5,1.0,-0.5
211,45cc2ac1c1d2d51bb34d,NOUN,0.5,0.0,0.5
211,f66afe8fe1156e072ad2,NOUN,0.0,0.0,0.0
212,7fbc830dfc2373f72d24,PRCL,1.0,1.0,0.0
212,aa2e5c7b305ffb9df609,PRCL,1.0,1.0,0.0
212,d40afa9964fb013ca02b,NOUN,0.0,1.0,-1.0
213,d2e9c96588f51b1ba40d,NOUN,0.0,1.0,-1.0
213,d2e9c96588f51b1ba40d,PRCL,1.0,1.0,0.0
213,db887402122908358dce,NOUN,0.0,0.0,0.0
214,5388686d0f49e812976d,PRCL,1.0,1.0,0.0
214,65d93776738a07bbf78c,PRCL,1.0,1.0,0.0
215,ac5950a14e608d05db2b,ADVB,0.0,1.0,-1.0
215,ac5950a14e608d05db2b,PRCL,1.0,0.0,1.0
216,8037e4cb58f97dbbdb16,CONJ,1.0,1.0,0.0
217,0af8fcf1556b041c210c,NPRO,1.0,1.0,0.0
217,6ff5cd36ec41773716fd,CONJ,0.0,1.0,-1.0
217,a813f4d2abc63a93c108,ADVB,1.0,0.0,1.0
218,40d36612852904daba0d,CONJ,0.5,1.0,-0.5
219,d48ac32cb4214fe3f980,NOUN,1.0,1.0,0.0
220,86746a7108cd63a978bf,NOUN,0.6666666666666666,1.0,-0.33333333333333337
220,d5c7c08b04fe9ef90526,NOUN,1.0,0.0,1.0
221,7494c3e85b6a037b842d,NOUN,0.0,0.0,0.0
221,d3d5bdd7216e259079a9,VERB,0.0,1.0,-1.0
222,8e5a0e44323691be95cd,NOUN,0.5,0.0,0.5
222,9e460a4d01657b49b3d0,VERB,0.0,0.0,0.0
222,c581e9ff28c38606bc92,NOUN,0.0,0.0,0.0
222,cd29c47f3f9814d92459,NOUN,0.25,0.0,0.25
222,cd29c47f3f9814d92459,PRED,1.0,0.0,1.0
222,dd271feac81cceae48aa,NOUN,1.0,1.0,0.0
223,7a0a943581743ec4db3b,NPRO,0.5,0.0,0.5
224,0f45fd4eea2de3259b05,VERB,0.5,0.0,0.5
224,46da272f9b9e535e4f0d,CONJ,1.0,0.0,1.0
224,46da272f9b9e535e4f0d,VERB,0.5,0.0,0.5
224,8582e47e99fcae7b1ccd,PREP,1.0,1.0,0.0
224,9265b2fd2f420d3a91cc,NOUN,0.0,0.5,-0.5
224,f869b7871443b4914b34,PRCL,1.0,1.0,0.0
225,d19dc4c35d20abf7aabe,VERB,0.0,0.0,0.0
227,04af19910f59b78c00e8,ADJF,1.0,1.0,0.0
227,04af19910f59b78c00e8,NOUN,1.0,0.0,1.0
227,3916e000d4be25ffe3f7,NOUN,0.0,0.0,0.0
227,c175bf69a37c2b31237c,ADJF,1.0,1.0,0.0
227,c175bf69a37c2b31237c,PREP,1.0,1.0,0.0
228,339ba2a607c395c029c5,CONJ,1.0,1.0,0.0
228,b76f1ea9f5ea50b1229c,PRCL,1.0,1.0,0.0
228,cf69a6e5476c9b8097c9,PREP,1.0,1.0,0.0
228,cfb155b518f17388c34a,CONJ,1.0,1.0,0.0
228,e16402c40ea7555b4b3a,PRCL,1.0,1.0,0.0
230,1f42f54630b8234b6a0f,NPRO,1.0,0.0,1.0
230,290cf60d7028d33aba2d,INFN,0.0,0.0,0.0
230,c4af80f97eec1683f09c,PRCL,1.0,1.0,0.0
230,c63ecd7f2c89b275338a,NOUN,0.0,1.0,-1.0
230,c63ecd7f2c89b275338a,VERB,0.5,0.0,0.5
231,4d9118c4d783345dddc0,ADJF,1.0,1.0,0.0
231,744289adaf49f15c94f0,NOUN,0.5,0.0,0.5
231,9aa224b9f61e5d2af72b,ADJF,0.5,1.0,-0.5
231,9aa224b9f61e5d2af72b,PREP,1.0,1.0,0.0
233,1189cf5288f563537b87,VERB,1.0,0.0,1.0
233,b9048118256cfa6bc9ac,PRCL,1.0,1.0,0.0
234,63539d82b159e94b539c,VERB,0.0,1.0,-1.0
234,d4655b88c28affb3dbdb,VERB,0.0,0.5,-0.5
235,305eeea478e219ba5975,NOUN,1.0,0.0,1.0
235,ac17ceed387fef254e7c,PRCL,1.0,1.0,0.0
235,b812b3bb5fabd34b81f2,ADJF,1.0,1.0,0.0
235,b812b3bb5fabd34b81f2,VERB,1.0,0.0,1.0
236,396521920d32e65e0095,NPRO,1.0,1.0,0.0
236,94f7417e2f4175809831,PRCL,1.0,1.0,0.0
236,a3835eee90728f192449,PRCL,1.0,1.0,0.0
236,aee6da164e170e0decba,NPRO,1.0,1.0,0.0
237,d545198afdd7382d0d7f,VERB,1.0,1.0,0.0
239,346e306ad55aa2ed2200,NOUN,0.0,0.0,0.0
239,45d846d509796530fc71,ADVB,1.0,0.0,1.0
239,8e55e9392ed240f45105,PRCL,1.0,1.0,0.0
240,55aed129fbf7a24bd0bf,ADVB,1.0,1.0,0.0
240,8f15e6bd5a343f53aed8,NOUN,0.0,0.0,0.0
242,16126b25940d12406f6e,ADVB,0.0,0.0,0.0
242,16126b25940d12406f6e,NOUN,1.0,1.0,0.0
242,375c47e429c6c37e9702,NOUN,0.0,1.0,-1.0
242,e01dea6eee76f2bf1268,ADVB,0.0,0.5,-0.5
243,1da1cf14b2a18a03043c,ADVB,1.0,1.0,0.0
243,2f80b1b5bdc2ffa02104,ADJF,1.0,1.0,0.0
243,402338a0911ba715d0df,VERB,1.0,1.0,0.0
243,5878c87b4a5079e7bc69,NPRO,1.0,1.0,0.0
244,1419af37fef86fa136f9,NOUN,0.0,1.0,-1.0
244,31537bb229c27820178b,NOUN,0.25,0.0,0.25
244,31537bb229c27820178b,VERB,1.0,1.0,0.0
244,cf3332d57a3e343b7bd7,NOUN,0.0,0.0,0.0
244,e5a146c94c49fdf03475,ADJF,1.0,1.0,0.0
246,1a6159b611484b4df94b,INFN,0.0,1.0,-1.0
246,e02ede4104985dee3293,NOUN,0.0,0.0,0.0
247,808cd8cf60e862e658fe,PREP,1.0,1.0,0.0
247,b018b594c6343bc58e30,NOUN,0.6666666666666666,0.0,0.6666666666666666
247,b018b594c6343bc58e30,PREP,1.0,1.0,0.0
247,bcf0bd8bb130ed758ac9,ADJF,1.0,1.0,0.0
247,bcf0bd8bb130ed758ac9,VERB,1.0,1.0,0.0
247,e4755238341ea478f866,NOUN,0.5,0.0,0.5
247,f377708b52c9d0e8931a,NOUN,0.5,0.5,0.0
248,bfbf67675cf55b521d6d,NOUN,0.6666666666666666,0.0,0.6666666666666666
249,18783c6d5757a85dd905,CONJ,1.0,1.0,0.0
249,18783c6d5757a85dd905,PRCL,1.0,1.0,0.0
249,40f26c6aa5d5d19e606c,PRCL,1.0,1.0,0.0
249,40f26c6aa5d5d19e606c,VERB,1.0,1.0,0.0
249,76217a9bd44f29bae30e,CONJ,1.0,1.0,0.0
250,0b40819e0918c490d5b6,CONJ,1.0,1.0,0.0
251,a68e2c66b88ad4f1f5db,VERB,0.0,0.5,-0.5
251,e97b0f923d955fff602c,VERB,0.0,0.0,0.0
252,042f7fa98bdfcd0aaf93,NOUN,0.0,0.0,0.0
252,9dc2a30b8ccf14db5b15,NOUN,0.6666666666666666,1.0,-0.33333333333333337
252,9dc2a30b8ccf14db5b15,PREP,1.0,1.0,0.0
252,e0ffb7eaca0802f6ff55,NOUN,0.6,1.0,-0.4
252,e0ffb7eaca0802f6ff55,PREP,1.0,1.0,0.0
252,f120251a83b3632cd9e4,NOUN,0.0,1.0,-1.0
253,1a9ca2a9944c392796d4,NOUN,1.0,0.0,1.0
253,6caeb9e5b5ffa382cfc5,NOUN,0.0,0.0,0.0
253,b0fa28b0a6b58fafbf97,NOUN,0.0,0.0,0.0
253,c1697564a6b1b3eb7503,NOUN,0.0,0.0,0.0
255,a4c06d8c837739ff5a8b,CONJ,1.0,1.0,0.0
256,0ca1b9d22d270d1f8d6f,NOUN,1.0,0.0,1.0
256,1e6d343e830e72e22701,ADJF,1.0,0.0,1.0
256,1e6d343e830e72e22701,NOUN,0.0,0.0,0.0
256,a682cdf48bc64ff45e18,NOUN,1.0,0.0,1.0
257,345d751cb26f494ecfde,PREP,1.0,1.0,0.0
257,802350e54a856caebe57,NOUN,1.0,0.0,1.0
257,802350e54a856caebe57,PREP,1.0,1.0,0.0
258,99a7a8e7e39cd742c56b,PREP,1.0,1.0,0.0
259,c80a17fa206c880b512b,ADJF,0.0,0.0,0.0
260,2c818aec469ec6f9f7ef,NOUN,0.0,0.0,0.0
261,2ac4d6caf2381b1e2e6c,NOUN,1.0,1.0,0.0
261,83c1ea7912f94598dac0,INFN,0.0,0.0,0.0
261,83c1ea7912f94598dac0,PREP,0.0,1.0,-1.0
261,9c2d37c56192d0d7d294,PREP,0.0,1.0,-1.0
261,cc8925b8618eee55a97f,NOUN,0.0,1.0,-1.0
262,276acff05f5e6dc3e13a,NOUN,1.0,1.0,0.0
262,6acaf0b274f38224087a,NOUN,0.0,0.5,-0.5
262,ea3f501a9df3915c7d5b,NOUN,0.5,0.0,0.5
264,3b7e3a31c2188349ae86,ADVB,0.0,0.0,0.0
264,3b7e3a31c2188349ae86,NOUN,1.0,1.0,0.0
266,10465680a5a56a127f85,PREP,1.0,1.0,0.0
266,aeabc96b07550c406891,NOUN,0.0,1.0,-1.0
266,eee8e1a11b62115110dd,ADVB,1.0,1.0,0.0
267,27d08dbb7c4c0368f6f4,NOUN,0.0,0.0,0.0
267,27d08dbb7c4c0368f6f4,PREP,1.0,1.0,0.0
267,939b6e89fe42b6526ea3,NOUN,1.0,0.0,1.0
267,c69c6a4d382a5eabf8ab,NOUN,0.5,0.0,0.5
267,c69c6a4d382a5eabf8ab,VERB,0.0,0.0,0.0
268,3beb5ecebe3ab787b7b0,NOUN,0.6666666666666666,0.0,0.6666666666666666
268,7405a703f0daf1ae4306,ADJF,1.0,1.0,0.0
269,3c389ed7e11ad134cc79,CONJ,1.0,1.0,0.0
269,d5b80ab1bfaf89a525ef,VERB,0.0,1.0,-1.0
271,9b2154818d0a2a3b90de,ADVB,0.0,0.0,0.0
271,9b2154818d0a2a3b90de,NOUN,0.6666666666666666,0.0,0.6666666666666666
271,c71a7f446cee2ac6c135,PREP,1.0,1.0,0.0
272,643a43b35037934e040f,ADJF,1.0,1.0,0.0
272,643a43b35037934e040f,PREP,1.0,1.0,0.0
272,f01c851b3c29fbf08374,NOUN,1.0,1.0,0.0
273,4ad73bc9700b2a093eb8,NOUN,0.0,0.0,0.0
274,8681995207684e9eb6c9,INFN,0.0,1.0,-1.0
274,8681995207684e9eb6c9,VERB,0.0,1.0,-1.0
274,f68ff0caf93b53eb5b96,VERB,0.5,0.0,0.5
275,397f38578885bc349e54,CONJ,0.0,1.0,-1.0
275,397f38578885bc349e54,VERB,0.0,1.0,-1.0
276,4b7f4749493e08561c7f,VERB,0.0,1.0,-1.0
276,86ecc838dd6b52bbd6e2,NOUN,0.5,1.0,-0.5
276,86ecc838dd6b52bbd6e2,VERB,1.0,1.0,0.0
276,ab65a8a1a53b708e010e,NOUN,1.0,1.0,0.0
277,b29a48d034dbbfe79c1b,PRCL,1.0,1.0,0.0
277,ca4ca0a79de1d97480ed,CONJ,1.0,0.0,1.0
277,ca4ca0a79de1d97480ed,NOUN,1.0,1.0,0.0
277,f7fb1ade56f2c5fffa92,CONJ,1.0,1.0,0.0
279,0c49f1c178122a2b80a1,VERB,0.0,0.0,0.0
280,10d8eaed535fb8af54d0,VERB,0.0,0.0,0.0
280,1a3e6eff0988e55d3741,NPRO,0.0,0.0,0.0
280,4ebcea4d59881a9c8939,NOUN,0.3333333333333333,1.0,-0.6666666666666667
280,755a4e01f8780cbe3df7,VERB,0.0,0.0,0.0
280,fd041c0c9f4b873e87b6,VERB,1.0,1.0,0.0
281,6c3f62e53d8e6da2b1fb,VERB,1.0,0.0,1.0
281,b59be4c2d349abcfbe8c,ADJF,0.0,0.0,0.0
281,b59be4c2d349abcfbe8c,NOUN,1.0,1.0,0.0
281,bc12c83c59bc13a20d5f,VERB,1.0,1.0,0.0
281,c1cd882fc34262301c4a,VERB,0.0,1.0,-1.0
282,1d63cb76fc590480a628,PREP,1.0,1.0,0.0
282,9826066ebeef598dd13c,NOUN,0.5,0.5,0.0
282,c0306b3cad7986756015,PREP,1.0,1.0,0.0
283,0a216efe52205b1d9d0c,ADVB,0.0,0.0,0.0
283,0a216efe52205b1d9d0c,PRCL,0.0,0.0,0.0
283,501e5b198f3a5144fbcb,CONJ,1.0,1.0,0.0
283,501e5b198f3a5144fbcb,PREP,1.0,1.0,0.0
283,7383eba044587720a59a,CONJ,1.0,1.0,0.0
284,657c752f842879a11c4a,VERB,0.0,1.0,-1.0
284,eeb9aaef256dd540084c,VERB,0.0,1.0,-1.0
285,137e8e459c3630dcd690,PREP,1.0,1.0,0.0
285,237c1c6d192f902950e1,NOUN,1.0,0.0,1.0
285,237c1c6d192f902950e1,NPRO,1.0,1.0,0.0
285,f8cfeb3d472b9b4ce29f,NPRO,1.0,1.0,0.0
285,f8cfeb3d472b9b4ce29f,VERB,0.0,0.0,0.0
287,5bd563865dd91f91391b,NOUN,0.0,1.0,-1.0
287,a356736179a682458d5a,NOUN,0.0,0.0,0.0
287,c1a74602d39cbe92e568,NOUN,0.0,0.0,0.0
288,5c3496d977a61b062c29,PREP,1.0,1.0,0.0
288,e20538d1a83558e0bc1b,NOUN,0.0,1.0,-1.0
288,f943b93667c870fd0a16,NOUN,0.0,0.0,0.0
288,f9ade428a48f39421c9e,NOUN,1.0,1.0,0.0
289,cdd22f0ace3934b804b6,VERB,0.0,0.0,0.0
292,9b4c2391a9e821fa9185,PREP,1.0,1.0,0.0
292,a3c669e47f369a8f435d,INFN,0.0,1.0,-1.0
293,9a7e4bec06d00b4976b8,NPRO,1.0,0.0,1.0
293,c2de2d9e40e5c22e4543,NPRO,1.0,1.0,0.0
293,d22758cf64a105b1545c,NOUN,1.0,1.0,0.0
293,d22758cf64a105b1545c,PREP,1.0,1.0,0.0
294,2b5ca1e5e9afb6e5f1ea,VERB,0.0,0.0,0.0
294,79f0c06be50c7167d0c7,NOUN,0.0,1.0,-1.0
294,a440e2da36ea5d1f8931,PREP,1.0,1.0,0.0
294,a440e2da36ea5d1f8931,VERB,1.0,0.0,1.0
294,b3aa6bdae5f37eb5f015,PREP,1.0,1.0,0.0
296,63bb1f0000686f0dc17f,CONJ,1.0,0.0,1.0
296,63bb1f0000686f0dc17f,NPRO,1.0,1.0,0.0
296,67bfa7bb5c9ea79d4f7b,NOUN,0.0,1.0,-1.0
296,b9d0be3bac1a3766ff58,NOUN,0.0,1.0,-1.0
296,f44d879ff00a32602446,PREP,1.0,1.0,0.0
297,4fd045d6908b6c9c5b03,PREP,1.0,1.0,0.0
297,7b4c50f7a7ad9db51236,ADJF,1.0,0.0,1.0
297,7b4c50f7a7ad9db51236,NOUN,1.0,0.0,1.0
297,ad70c9479ab0c6b9b03f,NOUN,0.0,0.0,0.0
298,b9c516baf7808bee12db,ADJF,0.6666666666666666,0.0,0.6666666666666666
298,b9c516baf7808bee12db,NOUN,1.0,1.0,0.0
298,c93c90b930944d7f918a,NOUN,0.0,0.0,0.0
298,c93c90b930944d7f918a,PREP,1.0,1.0,0.0
299,7728e40bec710592f7a7,ADJF,0.3333333333333333,1.0,-0.6666666666666667
299,8708e10b4b7f0ffed911,PREP,1.0,1.0,0.0
299,8846527dd53a68c41079,NOUN,1.0,0.0,1.0
300,532502849ee1da732748,PREP,0.0,1.0,-1.0
300,b7205d134cc2a55047b5,NOUN,0.0,0.0,0.0
300,c4c90eed567e79441aea,NOUN,0.0,0.0,0.0
301,175f82fd16be77059a4c,ADJF,1.0,1.0,0.0
301,bc49a406e425c7edfaf0,NOUN,1.0,1.0,0.0
301,dfbe71c94f5222412cbb,NOUN,1.0,0.0,1.0
302,3d8eb8629c81f9615b0b,NOUN,0.0,0.0,0.0
302,f5e96baaf23c8c708109,NOUN,1.0,0.0,1.0
303,1ee952faba5820ee913c,VERB,0.0,0.5,-0.5
303,503bfcf07ee38d4b701f,ADVB,1.0,0.0,1.0
304,4ecb9eb650a935042a33,PREP,1.0,1.0,0.0
304,6df21205638a9463ca9d,PREP,1.0,1.0,0.0
304,9bf554114bc65a2e4adf,NOUN,0.0,1.0,-1.0
307,eeb6359fe151a9eef1b2,ADJF,0.0,1.0,-1.0
308,609b9a8d8a7b3cdbb67d,NOUN,0.5,0.5,0.0
309,1ca57e91820565598f0e,PREP,1.0,1.0,0.0
309,1ca57e91820565598f0e,VERB,0.5,1.0,-0.5
309,389fd439417bd5d82a2e,VERB,0.5,1.0,-0.5
310,7ba3f84ffb1b6f58e11d,NOUN,0.0,1.0,-1.0
310,7ba3f84ffb1b6f58e11d,VERB,1.0,1.0,0.0
310,8c5dc1d556c047a11792,CONJ,0.0,1.0,-1.0
310,a6889ecad8b6344541fc,CONJ,0.0,1.0,-1.0
310,a6889ecad8b6344541fc,NOUN,0.0,1.0,-1.0
310,f7b16402fe1e854a8cbd,VERB,1.0,1.0,0.0
311,46c04a7313fb4e132eb0,VERB,1.0,1.0,0.0
311,fff884af07100a9ae53b,NOUN,0.3333333333333333,0.0,0.3333333333333333
312,11eaba79e0c64472042b,NOUN,0.0,0.0,0.0
312,15d5363aa5a011e94615,NOUN,0.0,0.0,0.0
312,2b5486ba7d93b929bcd2,NOUN,0.0,0.0,0.0
312,508b68a94cfa0c0aa91e,NOUN,1.0,1.0,0.0
314,32dfe740946b633b6eff,ADJF,0.0,0.0,0.0
314,ac66c5c95fa30168795e,ADJF,0.0,1.0,-1.0
314,d608bf745cbe204edbee,ADJF,1.0,0.0,1.0
315,71a621083fb56e319b67,VERB,0.0,0.0,0.0
315,89e508ec37276857f459,VERB,0.0,1.0,-1.0
316,f6ff6942fa6e01c4373f,CONJ,1.0,1.0,0.0
316,f6ff6942fa6e01c4373f,VERB,1.0,0.0,1.0
317,40923576264c56e9a40a,NPRO,1.0,1.0,0.0
317,40923576264c56e9a40a,PREP,1.0,1.0,0.0
317,b96243cfaccfa50ff3bf,NPRO,1.0,1.0,0.0
317,df6c250046537e83024a,PREP,1.0,1.0,0.0
317,e357022056926b74d30d,NPRO,1.0,1.0,0.0
317,e357022056926b74d30d,VERB,0.0,0.0,0.0
317,e74392abe042b499d0b9,NPRO,1.0,1.0,0.0
317,e74392abe042b499d0b9,VERB,1.0,1.0,0.0
318,66779d84fc3180583ef2,VERB,1.0,1.0,0.0
318,7aa7fbbd847b52996d07,PREP,1.0,1.0,0.0
318,853052bd5ac5a6249e0f,CONJ,1.0,1.0,0.0
318,f0974e9bf5d64719a503,PRCL,1.0,0.0,1.0
318,f0974e9bf5d64719a503,VERB,0.5,0.0,0.5
319,408f86579767bb36d294,CONJ,1.0,0.0,1.0
319,fe6b563e8a2dde5ac611,PREP,1.0,1.0,0.0
320,123339e6014843ba9560,NOUN,0.0,1.0,-1.0
320,8b05aeb1614619a9d381,ADJF,0.0,0.0,0.0
320,de8492a8d259e3e36ae8,NOUN,0.0,0.0,0.0
320,fdf8624d0eaa4afd2429,ADJF,1.0,0.0,1.0
321,1c0f826a18dcb98a5226,VERB,0.0,0.5,-0.5
321,5d4cc7789bf7a8d8c628,VERB,1.0,0.0,1.0
321,fd1156c21b144dfe52ac,NPRO,1.0,1.0,0.0
321,fd1156c21b144dfe52ac,VERB,0.0,1.0,-1.0
322,53e17488506a66d0dced,NOUN,0.6666666666666666,1.0,-0.33333333333333337
322,74f0218d187a4bb12e4b,NOUN,0.0,1.0,-1.0
322,8f96e1a4e995e6715133,NOUN,0.5,0.0,0.5
322,d34c09f7d1eb74c65a9f,NOUN,1.0,0.0,1.0
325,64535a48054864fe68a7,NOUN,1.0,0.0,1.0
325,64535a48054864fe68a7,VERB,0.0,0.0,0.0
325,bf772b3be63ec45da0d1,NOUN,1.0,1.0,0.0
326,5913f38be8e4531409d9,NOUN,1.0,0.0,1.0
326,b1c1105fb2222e9540dc,NOUN,0.6666666666666666,1.0,-0.33333333333333337
326,e70f2ffa7ae2ee9b24f9,CONJ,1.0,1.0,0.0
326,e70f2ffa7ae2ee9b24f9,NOUN,1.0,0.0,1.0
327,6d4759f43dbb875a90b0,NOUN,1.0,0.0,1.0
328,86be9b57871aaa816b4c,NPRO,1.0,1.0,0.0
328,86be9b57871aaa816b4c,VERB,0.0,0.0,0.0
328,9f7600b98bdb1fa4b7a5,ADVB,0.0,1.0,-1.0
328,9f7600b98bdb1fa4b7a5,NOUN,1.0,0.0,1.0
329,0db0e751043b750172e7,VERB,0.0,0.0,0.0
329,1331ebb8cb5b64566987,NOUN,0.0,0.0,0.0
329,1adb85342b4fa8575ec3,CONJ,1.0,1.0,0.0
329,5a957bfc732474a8b814,NOUN,1.0,1.0,0.0
329,5a957bfc732474a8b814,VERB,0.5,1.0,-0.5
329,e5e2b78cc666bcc51394,CONJ,1.0,1.0,0.0
329,e5e2b78cc666bcc51394,NOUN,0.0,1.0,-1.0
330,141af370eead51a16e90,ADVB,1.0,0.0,1.0
330,141af370eead51a16e90,VERB,1.0,1.0,0.0
330,52b25bf202e285b03d04,NOUN,1.0,1.0,0.0
330,afcf0c36da74e2c44cb8,CONJ,1.0,1.0,0.0
331,87e98fe1f869903bf017,CONJ,1.0,1.0,0.0
331,9e4ad7ff24bde8c13b15,CONJ,1.0,1.0,0.0
331,9e4ad7ff24bde8c13b15,VERB,0.5,0.0,0.5
332,af7bd014474b4d50eec0,NPRO,1.0,1.0,0.0
333,7a79045266628dcc0a2e,NOUN,0.5,0.0,0.5
334,a96fc6e666a70196241d,ADVB,0.0,0.0,0.0
334,b64142a99ab21cc65303,VERB,0.0,0.5,-0.5
334,e7138ace59126136fa21,VERB,0.0,0.0,0.0
335,21b788c1052d2a485fad,CONJ,1.0,1.0,0.0
335,21b788c1052d2a485fad,NOUN,0.6666666666666666,0.0,0.6666666666666666
335,393a547e99732433c640,CONJ,1.0,0.0,1.0
336,a85f48db82b5ce2b740c,ADVB,1.0,1.0,0.0
336,a985f308c894eefa86c2,NOUN,0.0,0.0,0.0
336,bd589afd2c139529f9cf,NOUN,0.5,0.0,0.5
336,fe5071e72897f9ff477d,NOUN,1.0,1.0,0.0
337,18fbac4ceb27e356bfe4,NPRO,1.0,1.0,0.0
337,4e1cd79ced347b93c120,NPRO,1.0,1.0,0.0
337,4e1cd79ced347b93c120,PRCL,1.0,1.0,0.0
337,50e5b5f38dcb0cb18b93,ADVB,1.0,1.0,0.0
337,92139fdba468fdd2eb60,NOUN,0.0,0.0,0.0
337,92139fdba468fdd2eb60,PRCL,1.0,1.0,0.0
339,2ff12d01d9d74b8985d6,NOUN,0.5,0.0,0.5
339,2ff12d01d9d74b8985d6,PREP,1.0,1.0,0.0
341,2e3dd06c8b53e00ccd8a,CONJ,1.0,0.0,1.0
343,fee99ff0db7fb3715784,VERB,0.0,1.0,-1.0
344,438b57283b4d01820bbc,VERB,0.0,0.0,0.0
344,515d4cdabe154012a0f2,VERB,1.0,0.0,1.0
344,b9736d5137143b4f79c7,VERB,0.0,0.0,0.0
344,f2986ac188df1597fde4,VERB,0.0,1.0,-1.0
345,bd10774d821a9c3a7343,NOUN,0.0,0.0,0.0
346,d758f19df99a8f63eb97,CONJ,1.0,0.0,1.0
346,e00b9e0217321041248c,NOUN,0.5,0.0,0.5
346,e1ea3df129d1beebc2c7,NOUN,0.6666666666666666,1.0,-0.33333333333333337
346,e1ea3df129d1beebc2c7,VERB,0.5,0.0,0.5
347,a9d544fe0fbefc671b15,NOUN,0.0,0.0,0.0
347,a9d544fe0fbefc671b15,PREP,1.0,1.0,0.0
347,c2b86c4ba08d8cfbf7b3,VERB,0.0,0.0,0.0
347,d5c275c3427fb2ca967b,CONJ,1.0,0.0,1.0
348,f6bd19e58c213637fec7,NOUN,0.0,1.0,-1.0
349,276600f61505765a4e79,NPRO,1.0,0.0,1.0
349,276600f61505765a4e79,PRCL,1.0,1.0,0.0
349,aa27cd686c7abb95fda9,PRCL,1.0,1.0,0.0
349,db71aefd0bd305210323,INFN,0.0,1.0,-1.0
350,0ef24ef3d7e489ea9eb3,NPRO,1.0,0.0,1.0
350,514e8872900d29435932,PRCL,0.0,0.0,0.0
350,c23b5b025cfeac30f3d2,PRCL,0.0,0.0,0.0
351,04f544e28c8e072c51fc,PRCL,1.0,1.0,0.0
351,51e1e048ed087bc82cc9,PRCL,1.0,1.0,0.0
352,2d02bd0dc23699730d71,CONJ,0.0,0.0,0.0
352,2d02bd0dc23699730d71,VERB,0.0,0.0,0.0
352,2f0201968c958f78e68e,CONJ,1.0,1.0,0.0
352,a14dcd01927017770efe,ADVB,0.0,0.0,0.0
352,a14dcd01927017770efe,VERB,0.5,0.0,0.5
352,cd6cb4d466a0acd60dbd,INFN,1.0,1.0,0.0
352,cd6cb4d466a0acd60dbd,NOUN,0.0,1.0,-1.0
353,358946434552f9075f7e,VERB,0.0,0.0,0.0
353,df632357daee9534cee8,ADJF,1.0,0.0,1.0
353,df632357daee9534cee8,VERB,0.0,1.0,-1.0
354,113530e7f20721056d0b,ADJF,1.0,1.0,0.0
354,685aa45c5919f73a1301,ADJF,0.5,0.0,0.5
354,685aa45c5919f73a1301,VERB,0.0,1.0,-1.0
354,c335993e22a14adc3f06,VERB,0.0,0.0,0.0
355,95ae6e402f1a3f0146f3,NOUN,0.6666666666666666,0.0,0.6666666666666666
356,64998358409b43713077,PRCL,0.0,1.0,-1.0
356,64998358409b43713077,PREP,1.0,1.0,0.0
357,b0f16b175052001399e7,CONJ,1.0,1.0,0.0
357,ffa1026324dcc4aff9c6,CONJ,1.0,0.0,1.0
358,07c2f8e57b5aee92996e,CONJ,0.0,0.0,0.0
358,51fb4d247e6f8a0fe122,NOUN,0.5,0.0,0.5
359,56a8f5c5dba7776a5961,NOUN,0.0,0.0,0.0
359,5ea3dcf5863c298da28a,CONJ,1.0,1.0,0.0
359,7885c2e97277fe51c1d6,NOUN,0.0,0.0,0.0
359,888f3827e2717780baf6,NOUN,1.0,0.5,0.5
359,d281852b1c93b1775e19,NOUN,1.0,1.0,0.0
360,37ecddbe0b79aa23ca7e,NPRO,1.0,1.0,0.0
360,93542be085f56e7075d7,PREP,1.0,1.0,0.0
361,7bb22d588a968fd9ff4c,NOUN,0.0,1.0,-1.0
361,d581135ab9725a697e4b,PRCL,1.0,1.0,0.0
363,8a7ee9a66d44c0e62116,CONJ,0.5,1.0,-0.5
363,8a7ee9a66d44c0e62116,NOUN,0.3333333333333333,0.0,0.3333333333333333
363,90df10f0d9360fd6346e,NOUN,0.0,0.5,-0.5
363,db851a2f7a686305a85d,ADJF,1.0,1.0,0.0
363,db851a2f7a686305a85d,VERB,1.0,0.0,1.0
364,3124a0b6c74c039e7661,VERB,0.0,1.0,-1.0
364,a54a4c0396207b4f803e,VERB,0.0,1.0,-1.0
364,efd38ff021dcca922a42,VERB,0.0,0.0,0.0
365,03f4b022d109565877f0,NOUN,0.6666666666666666,0.5,0.16666666666666663
365,1797ac1ac0232c2cf537,VERB,1.0,0.0,1.0
365,4ecf1a1722631dc48c3f,PREP,1.0,1.0,0.0
365,b9ae5468d3c4fba9b5bb,NOUN,0.0,1.0,-1.0
366,185cf46d77fc56f4b9df,NPRO,1.0,1.0,0.0
366,185cf46d77fc56f4b9df,VERB,1.0,1.0,0.0
366,8c67abaaf49beeb0667c,VERB,1.0,1.0,0.0
366,c09a6f038dfb9bd7d84e,VERB,1.0,0.0,1.0
366,ee6fb13fe052fcd91bf0,VERB,1.0,1.0,0.0
367,8b38b15b51ec5bfc6880,NOUN,0.0,1.0,-1.0
367,8b38b15b51ec5bfc6880,VERB,1.0,1.0,0.0
367,b4f61319af9aec2c3a58,VERB,1.0,0.0,1.0
368,0f386cde199acdd0da9f,NOUN,0.5,0.0,0.5
368,1046be8fbeb7727a88f0,NOUN,0.0,1.0,-1.0
368,714094a724c738b35787,NOUN,0.0,0.0,0.0
368,caf1bd773b499b39ad22,CONJ,1.0,0.0,1.0
369,497e8d0e0c71929eaeb9,NPRO,1.0,1.0,0.0
369,5560ff2aa76046bb0bee,CONJ,1.0,1.0,0.0
369,97933b735d2a5b918134,NPRO,0.0,1.0,-1.0
370,2bc96806c8c701940888,VERB,1.0,0.0,1.0
370,6a948f4eadc4a2851d64,CONJ,1.0,1.0,0.0
370,a39ade33155ffb17bfa1,VERB,0.0,1.0,-1.0
370,ff2b658f9d78da734d2c,INFN,0.0,1.0,-1.0
371,059b0139a879c0ec4933,ADVB,0.0,0.0,0.0
371,ecd94964dfa57b60092c,ADVB,0.0,1.0,-1.0
372,18bcd788a76dbc79bcb2,VERB,0.0,0.0,0.0
373,1c88f33bfff96df4ad8b,CONJ,1.0,1.0,0.0
373,3491acbea58f6d073aa7,CONJ,1.0,1.0,0.0
374,090e58b26d627815064e,VERB,0.0,0.0,0.0
374,5af88311030ff7d7771f,CONJ,1.0,1.0,0.0
374,5af88311030ff7d7771f,VERB,1.0,0.0,1.0
375,36f0e36e814bf89d20a5,NOUN,0.0,0.0,0.0
375,54cae4814ec8abfa4454,CONJ,1.0,1.0,0.0
375,ff77762f785dab0d4f78,NPRO,0.0,1.0,-1.0
376,383bff5bd2e339b3c337,VERB,0.0,1.0,-1.0
377,33c3721b0ac6fc3f8106,NPRO,1.0,1.0,0.0
377,dd70d7880a749e578da5,CONJ,1.0,1.0,0.0
379,6907f79ef9112881672d,NOUN,0.0,0.0,0.0
379,a94a779055eb92943f10,NOUN,0.0,1.0,-1.0
379,fa14cfb408de627956f5,VERB,0.0,0.0,0.0
380,094154d2d5996ac7d0c1,CONJ,1.0,1.0,0.0
382,12d42c3fbfeea4d10668,NOUN,1.0,0.0,1.0
382,12d42c3fbfeea4d10668,VERB,1.0,1.0,0.0
382,3b15d9d53800f71d071e,NPRO,1.0,0.0,1.0
382,4b76e7947c573e814bfd,ADVB,1.0,1.0,0.0
382,4b76e7947c573e814bfd,PRCL,1.0,1.0,0.0
382,73f7e3d2d7a1ba535266,NOUN,1.0,0.0,1.0
382,73f7e3d2d7a1ba535266,VERB,1.0,0.0,1.0
382,c060fa8d5c1dff39791c,VERB,1.0,0.0,1.0
383,2ab9dfc25f959951922b,NOUN,0.0,0.0,0.0
383,c6cdeede1c0207321f10,CONJ,1.0,1.0,0.0
384,6d5c33afbf4ee0b31146,NOUN,1.0,1.0,0.0
384,f30fe7fbd0b23863f421,NOUN,0.0,0.0,0.0
384,fac6d26d95b39c6dd2c0,NOUN,1.0,0.0,1.0
385,61012de1168658691fbc,VERB,1.0,0.0,1.0
386,3d009c1989567ce10a6b,CONJ,1.0,1.0,0.0
386,3d009c1989567ce10a6b,NPRO,1.0,1.0,0.0
386,ef762b825410b56ba265,CONJ,1.0,1.0,0.0
386,ef762b825410b56ba265,NPRO,1.0,1.0,0.0
386,fb81009790952d36ebab,NOUN,0.5,0.5,0.0
387,5aa8cfb5413f2968f19e,NOUN,0.0,0.0,0.0
387,61e5cc4cc351cf814392,CONJ,1.0,1.0,0.0
387,a983e99f217a0a6313cb,CONJ,1.0,1.0,0.0
387,a983e99f217a0a6313cb,NOUN,0.0,1.0,-1.0
388,1fb413c41530fcbaa270,ADJF,0.0,0.0,0.0
388,1fb413c41530fcbaa270,NOUN,0.0,0.0,0.0
389,7fbb22070840b4a00da9,NPRO,0.5,1.0,-0.5
389,800c49e93f852016444d,NPRO,0.5,1.0,-0.5
389,ee9ba9eaa588605c087d,VERB,0.0,1.0,-1.0
390,9a6adc97de515c5d941a,NOUN,0.0,0.0,0.0
393,a7ca7d27904f4707bd09,ADJF,0.0,1.0,-1.0
395,0cd2cd0d6050c51b283b,VERB,0.0,0.0,0.0
397,53e5bc772e646521849f,CONJ,1.0,1.0,0.0
397,53e5bc772e646521849f,NOUN,0.3333333333333333,0.0,0.3333333333333333
397,8960271bdc99393989dc,NOUN,0.0,0.0,0.0
397,8960271bdc99393989dc,VERB,1.0,1.0,0.0
400,030542e85b00b7c7dc5d,CONJ,1.0,1.0,0.0
400,094ffd1a6d9e50ef593c,CONJ,0.0,1.0,-1.0
400,f3b550043dbe91a4b392,PRCL,0.0,1.0,-1.0
402,00aaef608a58287da4d5,ADJF,1.0,0.5,0.5
405,7842b857dc897e5fa830,ADJF,0.0,1.0,-1.0
405,7842b857dc897e5fa830,NOUN,0.75,1.0,-0.25
405,d3e3268ed0c3377fd968,NOUN,0.6,1.0,-0.4
405,d3e3268ed0c3377fd968,PREP,1.0,1.0,0.0
406,f5d14b02e150a8cb1eb2,ADVB,1.0,0.0,1.0
407,1bad363309880c752d31,VERB,0.0,1.0,-1.0
409,2d5d84a92080da603e23,CONJ,1.0,1.0,0.0
409,2d5d84a92080da603e23,VERB,1.0,0.0,1.0
409,3f2a89ffbb4a023eb079,INFN,0.0,1.0,-1.0
409,3f2a89ffbb4a023eb079,VERB,0.0,1.0,-1.0
409,9fc0b3789136e0847ebe,CONJ,1.0,1.0,0.0
410,7ef21a38cf6e7b3f6b07,ADVB,1.0,0.0,1.0
410,96ce7aee6318242ef560,ADVB,1.0,0.0,1.0
410,b7c085603071bc37b94d,NOUN,1.0,1.0,0.0
410,b7c085603071bc37b94d,PRCL,1.0,1.0,0.0
411,6c880c26f2113f084b7b,CONJ,1.0,1.0,0.0
411,9eb7d175d6396b7d48db,CONJ,1.0,0.0,1.0
412,4bf4d7bbdfb3428b14a5,PRCL,1.0,1.0,0.0
412,68aa6c249dd9b1123fb7,PRCL,0.6666666666666666,1.0,-0.33333333333333337
413,35fd5b9985bfd47bff87,ADJF,0.0,0.0,0.0
413,3d44f2c31ca0b49dab72,NOUN,0.0,1.0,-1.0
413,b8bfd3d85237caac457b,NOUN,0.0,0.0,0.0
413,be14e3a0ed541fb1ba65,NOUN,0.0,0.0,0.0
415,a4bf570c2d3e1f6453f3,VERB,1.0,0.0,1.0
417,73bda4a0c7b598adb46b,NOUN,0.5,1.0,-0.5
417,73bda4a0c7b598adb46b,PREP,1.0,1.0,0.0
417,dcb48f283fa02255c50e,CONJ,1.0,1.0,0.0
417,dcb48f283fa02255c50e,NOUN,0.5,0.0,0.5
418,c25f7e14ecfbaab8f79a,PRCL,1.0,1.0,0.0
420,8593b2ebade38fcd240d,CONJ,1.0,0.0,1.0
420,8593b2ebade38fcd240d,NOUN,1.0,1.0,0.0
420,fe85035f890c1622fd6f,NOUN,0.5,0.5,0.0
422,17f9ae5c938bfe4feee5,NOUN,0.5,1.0,-0.5
422,6db7b9ccd9501d793025,CONJ,0.0,1.0,-1.0
422,6db7b9ccd9501d793025,NPRO,1.0,1.0,0.0
422,cf41b5c74493cf88245f,PRCL,1.0,1.0,0.0
423,2a80e2b688e8d3e17244,ADVB,0.0,1.0,-1.0
423,321f524297f83795605a,INFN,0.0,1.0,-1.0
423,321f524297f83795605a,VERB,0.0,0.0,0.0
423,b08f2922cbf31989f0b5,VERB,0.0,1.0,-1.0
425,34bdfa65b4029c80765e,NOUN,0.0,0.0,0.0
425,7a6b56cf065770e213da,NPRO,1.0,1.0,0.0
425,933c0e0706c28e7dd39a,VERB,1.0,0.0,1.0
426,39597e7afdd2faf038aa,CONJ,1.0,1.0,0.0
426,39597e7afdd2faf038aa,NOUN,0.0,0.0,0.0
426,6957cd04af5bde0a8736,NPRO,0.0,1.0,-1.0
426,d22e62457bf76d723f28,NOUN,1.0,0.0,1.0
426,d22e62457bf76d723f28,VERB,0.0,0.0,0.0
427,355e76b20a09fbde9286,CONJ,0.5,1.0,-0.5
427,7a2bf83e1696b58835f4,PREP,1.0,1.0,0.0
427,fe93e540521f437c14ad,CONJ,1.0,1.0,0.0
427,fe93e540521f437c14ad,NOUN,0.0,0.0,0.0
429,ed680abc3b9f2334b894,CONJ,1.0,1.0,0.0
430,2cd11018ce207a66381f,ADJF,0.5,1.0,-0.5
430,b5843b65c98adc132e37,NOUN,0.0,1.0,-1.0
431,5ef69e1209780c89f6c4,NPRO,1.0,1.0,0.0
431,acb7f633570231e4bd8a,CONJ,1.0,1.0,0.0
431,acb7f633570231e4bd8a,VERB,0.0,1.0,-1.0
431,b0f456446955aaa244fd,NOUN,0.0,0.0,0.0
435,2890ad70ab2516aaff6c,NOUN,0.5,0.0,0.5
435,c62f0955ae58fafe72b2,NOUN,1.0,1.0,0.0
436,5672ec3b38b9b2d0c573,CONJ,1.0,1.0,0.0
436,5e1f7dcedf0a2b8a08fc,CONJ,1.0,1.0,0.0
436,ba27d50debfe4ee94947,NOUN,1.0,0.0,1.0
437,38061ca904bf01fe84bf,NPRO,0.0,0.0,0.0
438,6003a0b022369912c024,NOUN,0.0,0.0,0.0
438,60d2906ce8044e319c6f,CONJ,1.0,1.0,0.0
438,700339ee6a578cf7e507,ADJF,0.5,1.0,-0.5
439,110f6c9c6731c73bc350,PREP,0.0,1.0,-1.0
439,5770199588f41cded9cf,PREP,1.0,1.0,0.0
441,371e92708a004fa33ec0,ADJF,0.5,1.0,-0.5
441,371e92708a004fa33ec0,NOUN,0.6666666666666666,0.0,0.6666666666666666
441,5f3bc65dacc4d3cf6b39,ADJF,0.5,0.0,0.5
441,5f3bc65dacc4d3cf6b39,NOUN,1.0,0.0,1.0
441,86e0107aa3323d69f43b,NOUN,0.5,0.0,0.5
441,86e0107aa3323d69f43b,VERB,0.0,1.0,-1.0
442,62f85d1c1020b146b55e,NOUN,1.0,0.0,1.0
442,b9402e954d94dc2d9fec,PREP,1.0,1.0,0.0
442,d2d7989cbd5eeb58bffb,NOUN,0.0,0.0,0.0
443,034426246500880fc02b,NOUN,0.0,0.0,0.0
443,034426246500880fc02b,PREP,1.0,1.0,0.0
443,560bce35d732601c86b8,NOUN,0.0,0.0,0.0
443,560bce35d732601c86b8,PREP,1.0,1.0,0.0
443,df19aa5714d7701ea9cb,NPRO,0.0,0.0,0.0
444,6e4b7a6b66e5190aaa3d,NOUN,0.3333333333333333,1.0,-0.6666666666666667
444,8cba1063688090c9a509,NPRO,1.0,1.0,0.0
444,8cba1063688090c9a509,PREP,1.0,1.0,0.0
444,c9ce88a77d8797a84044,ADJF,1.0,1.0,0.0
444,c9ce88a77d8797a84044,NPRO,1.0,1.0,0.0
444,db754a96e386e2e8bc78,PREP,1.0,0.0,1.0
445,b246f43b1896de5de6aa,PREP,1.0,1.0,0.0
446,59f88f3a810b90937986,NOUN,0.5,0.0,0.5
446,59f88f3a810b90937986,PREP,1.0,1.0,0.0
446,653003afca8c9bde4bd6,PREP,1.0,0.0,1.0
446,8cef3c34b6414afb79f9,NOUN,0.6666666666666666,0.0,0.6666666666666666
447,2d814e2197412c9c266b,CONJ,1.0,1.0,0.0
447,2d814e2197412c9c266b,VERB,0.0,0.0,0.0
448,769fb2deb35ec829c1d3,NPRO,1.0,0.0,1.0
450,7555680b74b09ca7af5a,NOUN,1.0,0.0,1.0
450,e00dc06312cc2abe4ce4,ADJF,1.0,1.0,0.0
450,f5b7db0f586512163c13,ADJF,0.0,1.0,-1.0
450,f5b7db0f586512163c13,NPRO,1.0,1.0,0.0
451,d3f4623127f0933d8266,CONJ,0.5,1.0,-0.5
452,85798b3222baa8fbfce2,PRCL,1.0,0.0,1.0
452,8cc706d3811213cf7dde,NOUN,1.0,1.0,0.0
453,949d39c3eb8c5d51bcb9,NOUN,1.0,0.0,1.0
453,988b638660857d49ada9,CONJ,0.0,1.0,-1.0
453,988b638660857d49ada9,VERB,0.0,0.0,0.0
453,b6c3a209636df4b68f23,CONJ,1.0,1.0,0.0
453,b6c3a209636df4b68f23,VERB,1.0,0.0,1.0
453,d86632bef82ce8e5a28e,VERB,0.0,0.0,0.0
455,239862c462b310991290,PREP,1.0,1.0,0.0
455,bde71710b4ef844c93ec,NPRO,0.0,1.0,-1.0
455,dfd5004bea27d29eeca8,PRCL,1.0,1.0,0.0
456,2258931808bc6ddd1925,NOUN,0.5,1.0,-0.5
456,2258931808bc6ddd1925,PREP,1.0,1.0,0.0
456,28b24198931a90f62138,ADJF,1.0,0.5,0.5
456,682c4303d006ed2f38e1,ADJF,1.0,1.0,0.0
456,682c4303d006ed2f38e1,NOUN,1.0,1.0,0.0
456,afb93d5ed37c95320921,NOUN,0.5,1.0,-0.5
456,bd1164ba56c3af31b93d,NOUN,0.5,1.0,-0.5
457,13ffce037035fc23fa49,PREP,1.0,1.0,0.0
457,1f57059ba15a40ebd129,ADJF,1.0,0.0,1.0
457,eb5826b0916bec98dfe6,ADJF,1.0,1.0,0.0
457,eb5826b0916bec98dfe6,NOUN,1.0,1.0,0.0
458,2387879f43957b1a1b4b,VERB,1.0,0.0,1.0
458,3877f744ce46edcdfdb8,NOUN,0.0,0.0,0.0
458,65b3d913873fc6a512d6,CONJ,1.0,1.0,0.0
458,65b3d913873fc6a512d6,NOUN,1.0,0.0,1.0
458,a35a943c0ccd69feaa9c,ADJS,0.0,1.0,-1.0
459,15f173415ae08bed4a3b,NOUN,0.0,0.0,0.0
459,a0e1efa1343e08f1bd96,ADJF,1.0,0.0,1.0
460,378ccec7fbcba0fb883b,NOUN,1.0,0.0,1.0
460,c03c96f732ce5bcf23bf,NOUN,0.0,1.0,-1.0
463,1462b4f40c04f9963662,NOUN,0.6666666666666666,1.0,-0.33333333333333337
463,a673525b2641e721091e,VERB,0.0,0.0,0.0
464,796f2dc4d7f64d7d3a65,NOUN,1.0,0.5,0.5
464,a166ef256dcb8ec7bbcf,NOUN,1.0,0.0,1.0
465,528aeb0fb1ce8c5f492d,NOUN,0.0,0.5,-0.5
466,904277a869ab683f14bf,NOUN,0.0,0.0,0.0
466,904277a869ab683f14bf,VERB,0.0,0.0,0.0
466,d3ff9a13587875a5dde7,PRCL,1.0,1.0,0.0
466,d41031d6640d525d9b46,NPRO,1.0,0.0,1.0
466,d41031d6640d525d9b46,PRCL,1.0,0.0,1.0
467,02e6e54f0b1bb4bd1961,NOUN,0.0,0.0,0.0
467,5655d15ba25673cb8549,PREP,1.0,1.0,0.0
467,7cf2dbeb467ade1db373,NOUN,0.0,1.0,-1.0
467,c1481506192de470f3c3,NOUN,0.0,0.0,0.0
467,c1481506192de470f3c3,VERB,0.0,0.0,0.0
468,19a25ab014dedbdd644b,NOUN,0.3333333333333333,0.0,0.3333333333333333
468,52696c8bddc262b6711b,ADJF,0.5,1.0,-0.5
469,a335cbe009fda0d7b35e,NOUN,0.0,1.0,-1.0
470,592676c2d7a6da0d99dd,NOUN,0.6666666666666666,1.0,-0.33333333333333337
471,b244c09ebed91935e382,VERB,0.0,0.0,0.0
472,9ecca8cdc7ccbdae65a3,CONJ,1.0,0.0,1.0
472,cf7fe74f090bf6597ea4,PRCL,0.0,1.0,-1.0
473,0034453afddeb8804699,NPRO,1.0,1.0,0.0
473,46ac93959d7c301b6ab7,PREP,1.0,1.0,0.0
473,65c547bfbe1a1ebcbaf6,PREP,1.0,1.0,0.0
474,edb4a422295a285ebf85,NPRO,1.0,1.0,0.0
474,f3c7b9ce612df43223d6,NOUN,0.3333333333333333,1.0,-0.6666666666666667
475,3bc04eeac89e5777b799,NPRO,0.0,0.0,0.0
476,56c2b9d7456b8d92224b,NPRO,1.0,0.0,1.0
476,6fe3f4fd25dad719f12f,CONJ,1.0,1.0,0.0
477,0806a1779f1b8471f2ec,NOUN,0.0,0.0,0.0
478,1b98959be0be91620002,INFN,1.0,0.0,1.0
478,92ce8a3ec241f313d877,NPRO,1.0,1.0,0.0
478,a6daa42ad877f4e87e69,NPRO,1.0,1.0,0.0
479,b44019969e5ba928781f,NOUN,0.0,1.0,-1.0
479,edc211ef896ad25838d0,NOUN,0.0,0.0,0.0
479,edc211ef896ad25838d0,PREP,1.0,1.0,0.0
480,3c9e9ddb1274dbdf1ddc,ADVB,1.0,1.0,0.0
480,3c9e9ddb1274dbdf1ddc,PRCL,1.0,1.0,0.0
480,6419687beda88cedeb18,PRCL,1.0,1.0,0.0
480,a7e573f4c82d69abe899,ADJF,1.0,0.0,1.0
480,a7e573f4c82d69abe899,NOUN,0.0,0.0,0.0
480,b3f794e8ca0d11ad1892,INFN,0.0,1.0,-1.0
480,b3f794e8ca0d11ad1892,NOUN,0.0,0.0,0.0
480,c3c26fde1c9ca3b62cee,NOUN,1.0,0.0,1.0
480,c3c26fde1c9ca3b62cee,NPRO,1.0,1.0,0.0
481,06c35538bdf407cc0ff7,ADJF,0.0,1.0,-1.0
481,5ae0eb547cce3389feb4,ADVB,0.0,0.0,0.0
482,1e87b69f2edf1bf49ba0,NOUN,1.0,1.0,0.0
483,af1051fca8ac84e55ed5,ADVB,1.0,0.0,1.0
483,af1051fca8ac84e55ed5,CONJ,1.0,1.0,0.0
483,b03ad38190aebacf2370,ADJF,1.0,0.0,1.0
484,97105557938124573f77,NOUN,0.0,1.0,-1.0
485,15dc0cd7750ed9eca05d,ADJF,0.0,0.0,0.0
485,15dc0cd7750ed9eca05d,VERB,0.0,0.0,0.0
485,68b12e9fcbf0c6bb2815,VERB,0.0,1.0,-1.0
485,acfcbf065b68f35c5872,VERB,0.0,0.0,0.0
485,ad879647475e45d2e6b7,NOUN,0.0,1.0,-1.0
486,347394c6e774b304b773,NOUN,1.0,0.0,1.0
486,45aa627d16c6afc70e6b,ADJF,1.0,0.0,1.0
486,a2b84646ae9cb057c2c8,PRCL,1.0,1.0,0.0
486,f44dfcbafd9188f143f0,ADVB,1.0,0.0,1.0
488,110001271b07d650afbe,ADJF,1.0,1.0,0.0
488,110001271b07d650afbe,PREP,0.0,1.0,-1.0
488,4937699cc90adc837fb0,NOUN,0.0,0.5,-0.5
488,692517d4fdc292169cb5,VERB,1.0,1.0,0.0
488,a6f743f48faed692482f,VERB,1.0,1.0,0.0
489,eab8b9aa9ab681942e5b,NOUN,1.0,0.0,1.0
489,ec05c8e54bbbbafda3c9,NOUN,0.5,1.0,-0.5
489,f0b391e37bf613b68850,NOUN,0.0,0.0,0.0
490,4cc4fec629b4d627a697,NOUN,0.0,1.0,-1.0
490,52281c67b0e1b1feb532,VERB,0.0,0.0,0.0
490,5273271cc6d7fef4358d,INFN,0.0,1.0,-1.0
491,00e088282c92001a9c5b,NOUN,0.0,1.0,-1.0
491,00e088282c92001a9c5b,PREP,1.0,1.0,0.0
491,42931e4ed0fbb7dd54c0,NOUN,0.0,0.5,-0.5
492,4e2be65d24a764702cff,NOUN,0.5,0.0,0.5
492,4e2be65d24a764702cff,PREP,1.0,1.0,0.0
493,1b159186cd6c1994e1ab,NOUN,0.0,0.0,0.0
495,6082cfa23218473a798d,NOUN,0.5,0.0,0.5
495,83e84ff9270b7455e962,NOUN,0.5,0.0,0.5
497,740eae480f96d25dd450,NPRO,0.0,1.0,-1.0
499,1de7b42a97085677aaa6,NOUN,0.5,1.0,-0.5
499,44f85029cfe9c5f07928,NOUN,0.25,1.0,-0.75
499,58fd45d349f9dba6f7b1,PREP,1.0,1.0,0.0
499,792171863a416c12eb06,NOUN,0.2,0.0,0.2
499,792171863a416c12eb06,PREP,1.0,1.0,0.0
500,0c2eefba3c1034356021,CONJ,1.0,0.0,1.0
500,69231b4e267f1058820b,CONJ,1.0,1.0,0.0
500,96c1c0f0b5e160feed92,CONJ,1.0,1.0,0.0
500,eef96560732f3897bddb,NOUN,0.0,0.0,0.0
501,5b376cdead9dc36020e2,ADJF,0.0,0.0,0.0
502,0c945d287b15e3eb2016,ADVB,0.5,0.0,0.5
503,385cbdb6abce70b31fb7,NOUN,1.0,0.0,1.0
503,385cbdb6abce70b31fb7,NPRO,0.5,1.0,-0.5
503,812d2f625f973e6fc9ba,ADJF,0.0,0.0,0.0
503,812d2f625f973e6fc9ba,NOUN,0.0,0.0,0.0
505,09345a57fdc3b1485755,CONJ,0.0,1.0,-1.0
505,44a4006330580fe1760f,PRCL,1.0,1.0,0.0
505,44a4006330580fe1760f,VERB,0.0,1.0,-1.0
505,a06fce0a648b15c833e6,NOUN,0.0,1.0,-1.0
506,653a30cd2caf0dd1b002,PREP,1.0,1.0,0.0
506,849e18376ad03bd48a28,PREP,1.0,1.0,0.0
506,861fe1076aa4b8dcca4f,VERB,1.0,0.0,1.0
506,d6294d65c1fa9cf8e0a3,PREP,1.0,1.0,0.0
507,7945137f0a926980b157,NOUN,1.0,1.0,0.0
507,bf9623b47d5ecfd47870,VERB,1.0,1.0,0.0
507,de1dce3da3b9b2bb88f9,NOUN,1.0,0.0,1.0
507,de1dce3da3b9b2bb88f9,VERB,1.0,1.0,0.0
508,9536a09bb4a681e8b546,VERB,0.0,1.0,-1.0
508,f2b45aac568822ada0e7,NOUN,0.0,0.0,0.0
508,fc7f79d79bac45333f88,NOUN,0.0,0.0,0.0
510,08165391588c405c7210,NPRO,1.0,0.0,1.0
510,a059fcc519417ea092bb,NPRO,1.0,1.0,0.0
511,ec37fe352d1a3dfe4661,CONJ,1.0,1.0,0.0
511,ee8b2f3dcd7fec2822e2,VERB,1.0,0.0,1.0
511,fba2c7a45c7677d27216,NPRO,1.0,1.0,0.0
513,1744e0403403e40c0682,VERB,0.0,0.0,0.0
513,48be3c386074b3b08ac7,NOUN,1.0,0.0,1.0
513,48be3c386074b3b08ac7,VERB,1.0,1.0,0.0
513,67830c726bf86c49c1ae,NPRO,1.0,1.0,0.0
515,f0b79ccb83343aad6ee2,NOUN,0.0,1.0,-1.0
516,2cf533014e70a3ffc750,VERB,1.0,1.0,0.0
516,54e687b72c8cc95b07d4,CONJ,0.5,0.0,0.5
517,33fca127cafaf6bd7538,VERB,1.0,1.0,0.0
517,7d7b3f36be0cf3be7370,CONJ,1.0,1.0,0.0
517,d9e4e98ca612883995ab,CONJ,0.5,0.0,0.5
518,889a4eaf99c85d5b06a4,NOUN,0.0,0.0,0.0
519,3a0e9198dc5a3226d861,NOUN,0.0,0.0,0.0
519,81a44911255bca24c0e9,NOUN,0.0,0.0,0.0
519,874cbca9abefa80b992d,NOUN,0.0,0.0,0.0
519,874cbca9abefa80b992d,PREP,0.0,1.0,-1.0
519,e8b9f88b5f73b6344646,NOUN,0.0,0.0,0.0
520,8a415f36b6f1d80eb414,PREP,1.0,1.0,0.0
520,b19a034aa8fae10b2227,ADJF,0.0,0.0,0.0
521,a24e45a696d0f17d11df,NOUN,0.0,0.0,0.0
521,a24e45a696d0f17d11df,PREP,1.0,1.0,0.0
521,b72a6d4a10fa0dbfea44,NOUN,0.5,0.0,0.5
522,1515c146a386ef705f7d,NOUN,1.0,1.0,0.0
522,1515c146a386ef705f7d,PREP,1.0,1.0,0.0
522,422ea175ceac70070c5a,NOUN,0.0,0.5,-0.5
524,6dc005f943d146aa946c,NOUN,0.5,0.5,0.0
525,298e45065e8f25244560,NOUN,1.0,0.0,1.0
525,5ae4c37e5dc30318dcb2,CONJ,1.0,1.0,0.0
525,f947aa78a04ba88d9fb8,NOUN,0.0,0.0,0.0
525,f947aa78a04ba88d9fb8,VERB,0.0,0.0,0.0
527,75fc4708d4789f99a77e,PREP,1.0,1.0,0.0
528,4f1261d75e7396cc12ef,CONJ,1.0,0.0,1.0
528,da672ab366640a07dc94,CONJ,1.0,0.0,1.0
529,fdd246b99d7a2a313e19,VERB,0.0,1.0,-1.0
531,14ff01071f342f8ab60a,ADJF,0.0,1.0,-1.0
531,c4ab99eb60991be53e16,VERB,0.0,0.0,0.0
532,1f2b3010965bba61994c,VERB,0.0,0.0,0.0
532,5ae0de64269db251851f,NOUN,0.0,0.0,0.0
532,f2538ccc31e8045f199f,VERB,0.0,0.0,0.0
533,81241f456c54220d26c1,NOUN,0.0,0.0,0.0
533,88fd58c5a032bbf6c337,NOUN,0.0,1.0,-1.0
533,88fd58c5a032bbf6c337,VERB,0.0,0.0,0.0
533,c4aadc85890c2f0f7533,NOUN,0.0,0.0,0.0
534,427d4da72bb774746d4d,PRCL,1.0,0.0,1.0
536,326546217c0aee931719,NOUN,1.0,0.5,0.5
536,78a149d7d2bd0dd9bb01,NOUN,0.5,0.0,0.5
536,c5f985b884eab2ece817,PRCL,1.0,1.0,0.0
537,086e724e5f4821611e67,ADJF,1.0,1.0,0.0
537,086e724e5f4821611e67,NOUN,0.5,0.0,0.5
537,ae1275a8cf55b3a66b09,PRCL,0.0,0.0,0.0
537,b146c80178af9b3b5bfa,PREP,1.0,1.0,0.0
537,b4e978c78afabfd39529,PREP,1.0,1.0,0.0
539,433012d02488c8294d82,INFN,0.0,0.0,0.0
540,48b46c7116e06659f6e4,NOUN,0.0,1.0,-1.0
540,7431e458a19245a40853,VERB,1.0,0.0,1.0
540,d2b4095217cdd9ee2d17,VERB,1.0,1.0,0.0
541,28dd0d72ab6096106624,NOUN,0.0,0.0,0.0
541,2c2f4df9266560f73d7e,PRCL,1.0,1.0,0.0
541,4537babd2f8d5dcf45ca,NPRO,0.5,0.0,0.5
541,a0209568ed345a33a132,NPRO,1.0,1.0,0.0
543,52e5b587bb12340dcf9e,NOUN,1.0,0.0,1.0
543,8bfd5cecfb441211f902,NOUN,0.5,0.0,0.5
543,8bfd5cecfb441211f902,PREP,1.0,1.0,0.0
543,dd03d20d4391ee355ec0,NOUN,1.0,0.0,1.0
543,e5c6081aacef7388ee57,NOUN,0.0,1.0,-1.0
544,c49e020ac791392f7106,NPRO,1.0,1.0,0.0
545,9d9911dea51caa09e710,VERB,1.0,1.0,0.0
546,1a25f542cdeabb740295,PREP,1.0,0.0,1.0
546,7836fda56c4e1b6b651c,NOUN,0.5,0.0,0.5
546,84f93e3d8a644f42d422,NOUN,1.0,1.0,0.0
546,c7c792f126988d36a897,VERB,0.0,1.0,-1.0
548,61f82e9c8d7418ac991d,NOUN,0.0,0.0,0.0
548,621cba39cd3f03b3142e,NOUN,0.0,1.0,-1.0
548,9eff6d9c27a7e55de8af,ADJF,1.0,1.0,0.0
548,9eff6d9c27a7e55de8af,VERB,0.0,0.0,0.0
548,dcc486fc2aa3fa42295e,ADJF,0.0,0.0,0.0
549,f4b7c15e9fbb23109492,NOUN,0.0,1.0,-1.0
549,f4b7c15e9fbb23109492,VERB,0.0,0.0,0.0
550,8956fdc1d8d14f68a77c,NOUN,1.0,0.0,1.0
550,8afc8503ee337673dbc6,NOUN,0.5,0.0,0.5
550,a3f1ccb56705f18761a3,VERB,1.0,1.0,0.0
551,66547c5f6aabb213e644,VERB,1.0,1.0,0.0
552,5451aab0134c915f10cd,CONJ,1.0,1.0,0.0
552,69d9b04fbddbc44f82ea,VERB,1.0,0.0,1.0
552,88859725e91d686755f9,ADJF,1.0,1.0,0.0
553,65eaca5fa58682b8d08d,NOUN,1.0,0.0,1.0
553,cf0d39e15ee4ce3c76ca,ADVB,1.0,0.0,1.0
554,2258c0a730ca71801ebd,CONJ,1.0,0.0,1.0
554,abd63c9046a7abb129a2,PRCL,1.0,1.0,0.0
554,b7a52435959648d07501,NOUN,0.0,0.0,0.0
555,9a6a2513b32b76d00701,VERB,0.0,1.0,-1.0
556,97a4759e7bfd18d89910,ADJF,1.0,0.0,1.0
556,a387834d76848fb49eee,NOUN,0.0,0.0,0.0
556,e55327699bc0e6b407cf,NOUN,0.3333333333333333,1.0,-0.6666666666666667
557,85029ab286c0e2e574c3,CONJ,0.0,1.0,-1.0
557,8e7c0ae03d6f2d39354f,NOUN,0.0,0.0,0.0
557,d4105cf8efb59e3eb6f9,PREP,1.0,1.0,0.0
558,cad704117a660a4a3402,PREP,1.0,1.0,0.0
560,147c15d574980cc90948,CONJ,1.0,1.0,0.0
560,493538525da62f70a3db,CONJ,1.0,0.0,1.0
560,96b914d8513694e7400a,VERB,1.0,0.0,1.0
560,f6a19ad47e980ea6c9c6,CONJ,0.5,1.0,-0.5
562,0fdae1c4a6cd5c9092fe,NOUN,1.0,0.0,1.0
562,0fdae1c4a6cd5c9092fe,PRCL,1.0,1.0,0.0
563,118115836ca692661acf,NOUN,0.0,1.0,-1.0
563,e17658c945db795bf603,VERB,0.0,0.0,0.0
564,1dea8a53195d108e0514,ADVB,1.0,0.0,1.0
564,8ed0f00fcbee77adbbbd,NOUN,1.0,1.0,0.0
566,040f10d48ed81cc6b537,VERB,0.0,1.0,-1.0
566,257fa617844f5922a773,NOUN,0.0,0.0,0.0
566,257fa617844f5922a773,VERB,0.0,1.0,-1.0
566,31850e8aed3e7bf90a7b,NOUN,1.0,0.0,1.0
566,31850e8aed3e7bf90a7b,VERB,0.0,1.0,-1.0
567,ab5eab5f9d3ccb97aac4,ADJF,0.0,1.0,-1.0
567,d9e82412abe96bad5d40,VERB,0.0,1.0,-1.0
568,f12fdf9c21fe80acf0fa,VERB,0.0,0.5,-0.5
569,322e38475738e4b5075b,ADVB,1.0,1.0,0.0
569,7a8f341e01b799ebf0f7,VERB,1.0,1.0,0.0
569,b9bfd8d6a08bab2f9b62,VERB,0.5,0.0,0.5
571,71239b594ef0199cf68e,NOUN,0.5,0.5,0.0
571,838bd66a8c7bbdae08c9,NOUN,0.5,0.0,0.5
571,bceddbe47d3549158fc5,PRCL,1.0,1.0,0.0
571,ec9e50af52ec6bc2f428,CONJ,1.0,1.0,0.0
572,12ed7c36e6de343bfa78,NOUN,0.5,0.0,0.5
572,1810e78a837a25d171b6,NOUN,0.5,1.0,-0.5
572,29821c6ad1017ff2223c,NOUN,0.5,0.0,0.5
572,8721d3b934644cbb7e4b,ADJF,0.0,0.0,0.0
572,8721d3b934644cbb7e4b,NOUN,1.0,1.0,0.0
572,c67fbd9566c76392c4a1,ADJF,1.0,0.5,0.5
573,38890d287b76df1f8a84,PREP,1.0,0.0,1.0
573,df2104bef875ac749053,NPRO,1.0,1.0,0.0
574,38fe7ace599925d107fc,NPRO,1.0,0.5,0.5
574,650fb739722330a09920,NOUN,0.0,0.0,0.0
574,88a6a79547320783c62c,NOUN,1.0,0.0,1.0
574,ca9e2995836ccf7341a1,NOUN,1.0,0.0,1.0
575,56717fd85001daefa0f8,VERB,1.0,0.0,1.0
575,60b3a9b2f5c86e4c146f,NPRO,1.0,1.0,0.0
575,6c1517afe0cc1ac90e90,VERB,1.0,0.0,1.0
575,7fe2f9d8ac8154513e64,NOUN,0.0,0.0,0.0
575,7fe2f9d8ac8154513e64,VERB,0.0,0.0,0.0
575,c8f39bd217882b5a84f8,VERB,1.0,1.0,0.0
576,55d9aaa1cebfe4a0aab6,NOUN,1.0,0.0,1.0
576,6652380d43b871ff5a00,NOUN,1.0,1.0,0.0
578,41fc677070990edc6033,NOUN,1.0,0.0,1.0
578,81ebae77bf6384d0515f,NPRO,0.0,1.0,-1.0
580,93c8270c8e9921846d0f,CONJ,1.0,1.0,0.0
580,93c8270c8e9921846d0f,NOUN,1.0,1.0,0.0
580,c71f5a746a07e0584645,NOUN,0.0,0.0,0.0
581,ecdd47b03065cb1baf5f,CONJ,1.0,1.0,0.0
582,3c0346e047a0ca3a0972,ADVB,1.0,0.0,1.0
582,d6bf8fe952be11d7fc1c,NOUN,0.0,0.0,0.0
582,d6bf8fe952be11d7fc1c,PREP,0.0,1.0,-1.0
582,e2c2fa63771f3e873ee5,NOUN,0.5,1.0,-0.5
582,f8d8360469061bc9f5d1,NOUN,0.0,0.0,0.0
583,4870a0bdc6df1a0f2d1b,VERB,1.0,0.0,1.0
583,4c2963827834316ce8c3,NOUN,1.0,0.0,1.0
583,d986ed207389caf8de22,NOUN,0.5,0.0,0.5
584,8338d6dc67c601f5eb03,NOUN,0.0,0.0,0.0
584,f725c06710bab62f62f0,CONJ,1.0,1.0,0.0
585,1f1db52f0a5c35027ecd,NOUN,1.0,0.0,1.0
585,2097429584bc1b0230d2,PREP,1.0,1.0,0.0
585,91a8e48667f8fea204f3,INFN,1.0,0.0,1.0
586,2c8c23ec1c737908c3d2,NOUN,0.0,0.0,0.0
586,6e2576c27c429f80ef2d,NOUN,0.0,0.0,0.0
586,702810128f430de5c2bd,NOUN,0.0,1.0,-1.0
586,7a1da4dde22a3fd574b4,NOUN,0.0,0.0,0.0
587,0add3b8b1b7cc253576c,NOUN,0.0,0.0,0.0
587,c3f39bd44d5347e00bc2,NOUN,1.0,1.0,0.0
587,f1ed007c7e21436191c3,NOUN,0.0,0.0,0.0
587,f1ed007c7e21436191c3,VERB,1.0,0.0,1.0
587,f8d154f8513ede18658d,NOUN,1.0,0.0,1.0
587,f8d154f8513ede18658d,VERB,0.0,0.0,0.0
588,ac35a7f3b143ff702ac0,NOUN,1.0,0.0,1.0
588,e8dddee0d4924f66ed56,ADJF,0.5,0.0,0.5
588,f275cc46f28c29011dc4,NOUN,0.5,0.0,0.5
588,f275cc46f28c29011dc4,VERB,1.0,0.0,1.0
589,15372e55723b63ce2d8c,PREP,1.0,1.0,0.0
589,b0752f6b28490a0ddfb9,ADVB,0.0,1.0,-1.0
589,b0752f6b28490a0ddfb9,VERB,0.0,1.0,-1.0
596,15e117fe79363036c58e,CONJ,1.0,1.0,0.0
596,84e79c73b23c6ca2e397,VERB,0.6666666666666666,0.0,0.6666666666666666
596,c692655413df4756ba74,VERB,0.6666666666666666,0.0,0.6666666666666666
597,15ea9039f5f8c1542fcd,PRCL,1.0,0.0,1.0
597,224608b4c7ace08e275d,PRCL,1.0,0.0,1.0
598,705e7a4ddb39e38eaef2,VERB,0.0,1.0,-1.0
598,bf3e48d84de8053709c9,CONJ,1.0,0.5,0.5
599,76a5f7500ad82729f681,ADJF,0.0,0.0,0.0
599,76a5f7500ad82729f681,NOUN,0.0,0.0,0.0
600,19f0e867db4eaec70f23,NPRO,1.0,1.0,0.0
600,1b74a4c923454bf53df5,PREP,1.0,1.0,0.0
600,41287222bb0d695c9cd7,NPRO,0.0,1.0,-1.0
600,aba7d3735b1abfd9f411,CONJ,1.0,1.0,0.0
600,aba7d3735b1abfd9f411,VERB,1.0,0.0,1.0
601,905c04c91b424f5f5a35,NOUN,1.0,1.0,0.0
601,905c04c91b424f5f5a35,PREP,1.0,1.0,0.0
602,2859db796edb126a360b,PRCL,1.0,1.0,0.0
602,38d9a537403a38f282e1,PRCL,0.0,1.0,-1.0
602,38d9a537403a38f282e1,VERB,0.5,1.0,-0.5
602,a939ad7eff56cdeaaf45,PRCL,1.0,1.0,0.0
602,bea1d903e3b35b4e6645,CONJ,1.0,0.0,1.0
603,99bfbf6cd8b563e64943,NOUN,0.0,0.0,0.0
603,fb737eb20d549dcf32dc,NOUN,0.0,0.0,0.0
604,47c2975567f0865d2130,NOUN,0.0,0.0,0.0
604,6704481836c971b95193,ADVB,1.0,1.0,0.0
604,6704481836c971b95193,CONJ,1.0,1.0,0.0
604,7a6712f6388db2f35b01,ADVB,1.0,1.0,0.0
604,e9acead6cccfba29b949,NOUN,0.0,0.0,0.0
604,e9acead6cccfba29b949,PRCL,1.0,1.0,0.0
605,49dff434ed65dc65ad81,NOUN,0.5,1.0,-0.5
605,dee2eccc3ab70d7f874c,PREP,1.0,1.0,0.0
607,4134aad3919673e789ae,NOUN,0.0,1.0,-1.0
607,89e71223befae3d212be,NOUN,1.0,1.0,0.0
607,8f4d3f9bca86ec7b0bba,NOUN,0.0,0.0,0.0
610,300d3967280b261cccb4,NOUN,0.0,0.0,0.0
610,3bb63a21add590706c3d,ADVB,1.0,1.0,0.0
611,70944df4f491793e5371,ADVB,1.0,1.0,0.0
611,84179519bf1a635f1696,NPRO,1.0,1.0,0.0
611,84179519bf1a635f1696,VERB,0.0,0.0,0.0
611,98d568c5828a4aba0b0e,NPRO,1.0,1.0,0.0
611,98d568c5828a4aba0b0e,VERB,0.0,0.0,0.0
612,120e012219f55b001496,NOUN,0.0,1.0,-1.0
612,269050e90496570e412f,NOUN,0.0,1.0,-1.0
612,66d32ced9702dbe197f8,NOUN,0.0,1.0,-1.0
612,79d65c311aa61ab9498a,NOUN,0.0,0.0,0.0
612,cc36d541b5816c56b637,NOUN,0.0,1.0,-1.0
614,56f44be56220e5554469,NPRO,0.5,0.0,0.5
614,56f44be56220e5554469,VERB,0.0,0.0,0.0
614,5d70a51e54733deae52c,VERB,0.0,1.0,-1.0
614,7aee30a2700d97b7e641,VERB,0.0,0.0,0.0
615,5e64f18b329ef20c7bd6,VERB,1.0,0.0,1.0
615,b8275d3091e1f90ffc14,PRCL,1.0,1.0,0.0
616,392364baf4b1bb5c9f05,CONJ,1.0,1.0,0.0
616,392364baf4b1bb5c9f05,VERB,0.5,1.0,-0.5
616,b93f893f943d17690f5b,NOUN,1.0,0.0,1.0
616,fac9092986adc5e8157b,ADJF,1.0,0.0,1.0
617,64519c9c93fa0481dc8a,INFN,1.0,1.0,0.0
617,64519c9c93fa0481dc8a,NOUN,0.0,0.0,0.0
618,20d7b1a25ba02c5586a0,CONJ,1.0,0.0,1.0
618,20d7b1a25ba02c5586a0,NPRO,1.0,1.0,0.0
619,b8c71a85850e7f83e6e0,CONJ,1.0,1.0,0.0
619,b8c71a85850e7f83e6e0,VERB,0.5,0.0,0.5
619,ffd764dc7c4bdef37619,NOUN,0.0,0.0,0.0
619,ffd764dc7c4bdef37619,VERB,0.5,0.0,0.5
620,72673fa901f22d7923fe,NOUN,0.0,1.0,-1.0
620,e8d9835d9d1c744088da,NOUN,0.0,1.0,-1.0
620,e8d9835d9d1c744088da,PREP,1.0,1.0,0.0
621,3894699fa0a2cc2bed89,PREP,1.0,1.0,0.0
621,3894699fa0a2cc2bed89,VERB,0.0,1.0,-1.0
621,b8ec8e6d90f4328b9c55,PREP,1.0,1.0,0.0
621,da7dd797803b48bf16b4,INFN,1.0,1.0,0.0
621,f539847a99fc79cb5291,ADJF,1.0,0.0,1.0
621,f539847a99fc79cb5291,NOUN,1.0,1.0,0.0
622,280aa0baf7161e5609cc,NOUN,0.25,0.0,0.25
622,3162cb78db8eb2d6b469,NOUN,0.5,0.0,0.5
622,5b0c593e48a9ba525f14,NOUN,0.5,0.0,0.5
622,5e366904de8a7f6fe296,ADJF,0.0,0.0,0.0
622,5e366904de8a7f6fe296,NOUN,1.0,1.0,0.0
623,1f0e87ffde8f2f6ce39b,NOUN,1.0,0.0,1.0
623,e96307157af663b5ea19,NOUN,1.0,0.0,1.0
627,218b135c44b5750e0689,NOUN,1.0,0.0,1.0
627,218b135c44b5750e0689,VERB,0.0,0.0,0.0
627,ad4afa5603cdf26d3b60,NOUN,1.0,1.0,0.0
628,285c829396ddda0792ea,CONJ,1.0,1.0,0.0
628,4f05900a927f60687e0f,CONJ,1.0,0.0,1.0
628,4f05900a927f60687e0f,NOUN,0.0,0.0,0.0
628,c489344466a85cc01577,CONJ,1.0,1.0,0.0
629,0f88773e55ecf720746b,VERB,0.0,0.0,0.0
629,683798e6f036236aacb3,VERB,0.0,1.0,-1.0
629,8d52fa7300388d3e2ca2,CONJ,1.0,1.0,0.0
629,8d52fa7300388d3e2ca2,VERB,1.0,0.0,1.0
629,c46b569fae54f5fbfa5f,PRCL,1.0,1.0,0.0
629,de0890914c400f535a7e,VERB,0.0,1.0,-1.0
630,5922e8fdd0416f21bbdf,PRCL,1.0,1.0,0.0
630,679baa37e21ef8d4c5ea,NOUN,1.0,0.0,1.0
630,e23f341bda18006f5061,CONJ,1.0,0.0,1.0
631,45a1c399c2b335e4d509,CONJ,1.0,1.0,0.0
631,4629898577e6a0889d8e,CONJ,1.0,1.0,0.0
631,e51c1fc84cf015a21dbd,VERB,1.0,1.0,0.0
632,240820a63361271c61f2,ADJF,0.0,0.0,0.0
632,59b6d1546d6ce3d629c1,INFN,0.0,0.0,0.0
632,c1a1423568883b8096ea,VERB,1.0,0.0,1.0
633,494dc8284c1df7cb27a6,NOUN,0.0,0.0,0.0
633,90ee412494854a73fb0c,ADVB,0.0,0.0,0.0
634,69280022ed8d5f7344fc,NOUN,0.5,0.0,0.5
634,86144fd29f16d861fa86,NOUN,0.5,0.0,0.5
635,6767f62afc31b45320fe,ADJF,0.0,0.0,0.0
635,6767f62afc31b45320fe,NOUN,0.5,0.0,0.5
635,d2fdc4c62969b7899a11,NOUN,0.0,0.0,0.0
635,d2fdc4c62969b7899a11,PREP,1.0,1.0,0.0
635,d7025ca2273ab11573a3,NOUN,0.0,1.0,-1.0
635,d7025ca2273ab11573a3,PREP,1.0,1.0,0.0
636,2827bcf42538fd241077,NOUN,1.0,1.0,0.0
636,2d3aa00b2b8d15b5fa54,NOUN,0.5,0.0,0.5
636,42abf3ac63a2e38c6adc,NOUN,0.0,1.0,-1.0
636,4a1886c9f2f73a2b11d9,NOUN,0.0,1.0,-1.0
637,5cf1a76f438f553d596b,NPRO,1.0,1.0,0.0
637,f9682071c6fb5f15c120,VERB,0.0,0.0,0.0
638,010f146183dcd2fbc429,CONJ,1.0,0.0,1.0
638,010f146183dcd2fbc429,NPRO,1.0,0.0,1.0
638,aeb547f2289bb0ae6c80,NPRO,0.0,0.0,0.0
638,cb81ee66de9a7696bcb9,CONJ,1.0,1.0,0.0
638,cb81ee66de9a7696bcb9,VERB,1.0,1.0,0.0
639,0e57d27d3b3951929db9,VERB,0.0,0.0,0.0
639,523942aad9c18d7cbc60,CONJ,0.0,1.0,-1.0
640,31254466787b815e4655,CONJ,1.0,1.0,0.0
640,e23e120d43b59c5e1472,CONJ,1.0,1.0,0.0
640,e23e120d43b59c5e1472,VERB,0.0,1.0,-1.0
641,0d26761b120d9763c4d7,INFN,1.0,1.0,0.0
641,4901e7f63e64d844c9b7,NOUN,0.5,0.0,0.5
641,4901e7f63e64d844c9b7,VERB,1.0,1.0,0.0
642,1d2cbb9852936c464e20,NOUN,0.0,0.0,0.0
642,79766393b2493fa4d069,ADVB,0.0,0.0,0.0
642,79766393b2493fa4d069,NOUN,0.0,0.0,0.0
642,9b8fc5fc48c3a92d0e90,NOUN,0.0,0.0,0.0
642,b7e102f2a5a397ad41e9,ADJF,1.0,0.0,1.0
642,ffa17ef6b5730a0f4eb5,NOUN,0.0,0.0,0.0
643,08e20f2be274a64f2a20,VERB,0.0,1.0,-1.0
643,3bfd4c6a9a5053a3885c,NOUN,1.0,1.0,0.0
643,3bfd4c6a9a5053a3885c,VERB,0.0,0.0,0.0
643,5cb28b34c04e621b81c2,PREP,0.0,1.0,-1.0
644,4758fd00cde2a508d5cf,NOUN,0.0,1.0,-1.0
644,6c29aff245a399f16c50,NOUN,1.0,0.0,1.0
645,effe683d49b28b2439c2,ADJF,0.0,1.0,-1.0
645,effe683d49b28b2439c2,NOUN,1.0,1.0,0.0
645,fe4709734333511678e9,ADJF,1.0,1.0,0.0
645,fe4709734333511678e9,NOUN,0.0,1.0,-1.0
646,11c5069dffb6b3386cca,CONJ,1.0,0.0,1.0
646,11c5069dffb6b3386cca,NPRO,1.0,1.0,0.0
646,208e2a78786ea7dbcda1,CONJ,1.0,1.0,0.0
646,46236cec8e9aba718b38,NPRO,1.0,0.0,1.0
646,46236cec8e9aba718b38,VERB,0.0,1.0,-1.0
648,0664476c9c682635aa3f,ADJF,1.0,0.0,1.0
648,3cb2ea82fd2d1587ff08,VERB,0.0,0.0,0.0
648,7c2f7a59e3cea9f3668f,VERB,0.0,1.0,-1.0
649,573735862994a057f591,VERB,1.0,0.0,1.0
649,c5037549e9d5af1eb162,ADVB,0.5,0.5,0.0
650,6e3fca8f5ebbd37141b2,VERB,0.5,0.0,0.5
651,7828eba2a684b97ec8d6,VERB,0.0,1.0,-1.0
651,7de72afbc472f567d198,VERB,0.5,0.0,0.5
651,fa111abd56e733851584,VERB,0.0,1.0,-1.0
652,0a6aeb51854636c7473a,ADVB,0.0,0.0,0.0
652,0a6aeb51854636c7473a,VERB,0.0,1.0,-1.0
652,aba80ec45fe223cd4327,VERB,0.0,0.0,0.0
652,b71421bd49882e3d0cfd,NPRO,1.0,1.0,0.0
653,3dbc9ba66fa0c5d8b4ed,NOUN,0.5,0.0,0.5
653,3dbc9ba66fa0c5d8b4ed,VERB,1.0,1.0,0.0
653,72dee0638ba196187317,CONJ,1.0,0.0,1.0
654,4be6da523ac9e72b9dc5,VERB,0.0,0.0,0.0
654,96eecf0be6a5e91df4e9,VERB,1.0,1.0,0.0
656,d5bb687f6521eb5ff28f,NOUN,0.0,0.0,0.0
656,f557b0e7988c3b522368,CONJ,1.0,0.0,1.0
656,f557b0e7988c3b522368,NOUN,0.0,0.0,0.0
657,028eb8954c9ebc1d1aa0,CONJ,1.0,0.0,1.0
657,1e8dd77cdb9d90041eb9,ADJF,0.0,0.0,0.0
657,1e8dd77cdb9d90041eb9,CONJ,1.0,1.0,0.0
657,522bd38f23bf5b06b65f,NOUN,0.3333333333333333,0.0,0.3333333333333333
657,966d17afaf0ec5860e11,CONJ,1.0,0.0,1.0
658,6f414d8ec39e687f8a01,PREP,1.0,1.0,0.0
658,9f7d6634407415903d58,PRCL,1.0,1.0,0.0
658,f74e40027ef584a2ac13,PRCL,1.0,0.0,1.0
659,7aac0d15df7f35e0be53,NOUN,1.0,0.0,1.0
659,9fe453d08eeb2d0cfd8e,NOUN,1.0,0.5,0.5
660,e2436836a9dd99a56fb5,PREP,1.0,1.0,0.0
660,ecbe02e0fbc7f393ae5d,CONJ,1.0,0.0,1.0
660,ecbe02e0fbc7f393ae5d,NOUN,1.0,0.0,1.0
661,1ace3a9bdff7411955e6,PRCL,1.0,1.0,0.0
661,1ace3a9bdff7411955e6,VERB,0.5,1.0,-0.5
664,1ca7fd0938e6a6a2c069,NOUN,0.5,0.0,0.5
664,472a59b0e7c7b8377293,NOUN,1.0,1.0,0.0
664,472a59b0e7c7b8377293,PREP,1.0,1.0,0.0
665,82d107dacd12c2667a89,ADVB,0.0,0.0,0.0
668,186d8ceb4a11d745c03d,NOUN,0.0,0.0,0.0
668,59801cfca4980c04c3ef,NPRO,0.0,0.0,0.0
669,948649ef387598e9c72a,PREP,0.0,1.0,-1.0
669,ff12331a826230d25006,PREP,1.0,1.0,0.0
670,b2d91e9c1b577c01a46c,ADJF,0.0,0.0,0.0
671,0f7a17c227bb3729083e,NOUN,0.0,0.0,0.0
671,31772ff468bf4813ee6b,CONJ,1.0,1.0,0.0
671,a9f58dff2c702de61ef0,NOUN,1.0,0.5,0.5
672,1b28f9fbe2bc363c89dc,NOUN,1.0,0.0,1.0
672,1b28f9fbe2bc363c89dc,PRCL,1.0,1.0,0.0
672,25a0bbb7025e310e9d9d,ADJF,0.5,1.0,-0.5
672,25a0bbb7025e310e9d9d,CONJ,1.0,0.0,1.0
672,3ee9cee4e819168fdcd4,ADJF,1.0,0.0,1.0
672,3ee9cee4e819168fdcd4,NOUN,0.6666666666666666,1.0,-0.33333333333333337
672,5a25c5f74cd08653d85b,NOUN,1.0,1.0,0.0
672,5a25c5f74cd08653d85b,VERB,0.5,1.0,-0.5
672,b67643506392be671fc3,NOUN,0.5,1.0,-0.5
672,b67643506392be671fc3,PRCL,1.0,1.0,0.0
673,a5dc994fadc01a75f83e,ADVB,1.0,0.0,1.0
673,a5dc994fadc01a75f83e,CONJ,1.0,1.0,0.0
673,ccfec0cc84fa5f78201f,ADVB,1.0,0.0,1.0
674,02d985a063e014dfb781,ADVB,0.0,0.0,0.0
674,5548c0a8d3864608cbf8,PREP,1.0,1.0,0.0
674,bec490a391b33946d64d,NOUN,0.6666666666666666,1.0,-0.33333333333333337
674,bec490a391b33946d64d,PREP,1.0,1.0,0.0
674,cc037fc0afb4d124034b,NOUN,0.6666666666666666,0.0,0.6666666666666666
674,cc037fc0afb4d124034b,PREP,1.0,1.0,0.0
675,1eee1a8ca038159c59d3,NOUN,1.0,0.5,0.5
676,deb5a59b6cbbcc780a07,NOUN,0.5,1.0,-0.5
677,a3bcc33ce4c5d1950fa1,PRCL,1.0,1.0,0.0
677,b016986ef95c40b05d37,VERB,1.0,1.0,0.0
678,32abdc97debf2bebb5aa,VERB,0.0,1.0,-1.0
678,8ce69571057fd9f9c38a,NOUN,1.0,1.0,0.0
678,8ce69571057fd9f9c38a,PRCL,1.0,0.0,1.0
678,c514ff8461119672d2d3,CONJ,1.0,1.0,0.0
680,2cbc586e43ab009da154,NPRO,0.0,1.0,-1.0
680,2cbc586e43ab009da154,PREP,1.0,1.0,0.0
680,6b5e6734b085f1da2573,NOUN,1.0,1.0,0.0
681,16b776a67cf958b3833b,VERB,0.0,1.0,-1.0
681,628ddfe02c6f474b3b3d,PRCL,0.0,0.0,0.0
681,89ea1d1ebc5fe7d94bb8,PRCL,0.5,1.0,-0.5
681,90302476ad1e205e34e9,PRCL,0.0,1.0,-1.0
681,a6ccbbd06f564d382bf8,PRCL,0.0,1.0,-1.0
683,68d650781bbdb16daa67,PRCL,0.0,1.0,-1.0
685,12beebd0b9094ac33d9c,VERB,1.0,1.0,0.0
685,9f4c1be5194f2adcc9fd,NPRO,1.0,1.0,0.0
685,fbb2e02f6e2242ae2112,ADVB,1.0,1.0,0.0
686,45939b1c8d442ea0ad99,VERB,0.0,1.0,-1.0
686,b8596ca287f016b13877,CONJ,1.0,1.0,0.0
686,dc2685fa4d92f48a9a92,CONJ,1.0,0.0,1.0
686,dc2685fa4d92f48a9a92,NOUN,1.0,1.0,0.0
688,69c934eb8aa6f4fc0663,PRCL,1.0,1.0,0.0
688,d1b39acccc1bfaf39b31,NOUN,0.0,1.0,-1.0
689,1cf2038d7a5bccd2623e,VERB,0.5,0.0,0.5
689,79c6c866a1d4f8636ddd,VERB,0.0,0.0,0.0
689,9dac0041407f4bafdc18,VERB,0.0,0.0,0.0
691,3ca5f558f83b3d5cfecc,NOUN,0.0,0.0,0.0
691,8a45d36663d34becf5b6,ADVB,1.0,0.0,1.0
691,8a45d36663d34becf5b6,CONJ,1.0,1.0,0.0
691,a8c67740b6e490cfbb9b,VERB,0.0,0.5,-0.5
691,cfa098453bc51b9fb9bb,ADVB,1.0,1.0,0.0
691,f7817b4425718468781d,ADVB,0.3333333333333333,0.0,0.3333333333333333
692,60c4cafd46302d58d168,CONJ,1.0,1.0,0.0
692,865d947eaa8588d8ac7b,PRCL,0.0,0.0,0.0
692,865d947eaa8588d8ac7b,VERB,0.0,0.0,0.0
694,5d7c1fa838776c1aa7d8,CONJ,1.0,1.0,0.0
694,5d7c1fa838776c1aa7d8,NOUN,0.5,0.0,0.5
696,92b4d502544543a2feef,NOUN,1.0,0.0,1.0
697,21dbfe190dd720d81e8a,NPRO,1.0,0.0,1.0
697,de021f9bac3c20ed3de4,NOUN,0.0,0.0,0.0
697,ed6373a98f31006c54a7,ADJF,1.0,0.0,1.0
697,ed6373a98f31006c54a7,NOUN,1.0,0.0,1.0
698,2212d5ddfd9ead3d72d1,NPRO,1.0,1.0,0.0
698,5fec744be9ab8ecd0615,VERB,0.0,0.0,0.0
698,c1ff98db0fe4194aabae,PRCL,0.0,1.0,-1.0
698,c1ff98db0fe4194aabae,VERB,0.0,1.0,-1.0
700,230b7766731a3955cd8c,NOUN,0.0,1.0,-1.0
700,99a63c7883c9644e3b1e,VERB,1.0,1.0,0.0
701,38d002518e8bedcfaab8,CONJ,1.0,1.0,0.0
701,38d002518e8bedcfaab8,VERB,0.0,0.0,0.0
702,10f6c9411614563d0b1e,NOUN,0.0,0.0,0.0
702,b9fe8e7c9f928a265478,NOUN,0.0,0.0,0.0
703,0e91e8b1e9235f470f65,CONJ,1.0,1.0,0.0
703,466d37c36536b7793883,CONJ,1.0,1.0,0.0
703,466d37c36536b7793883,NOUN,0.0,0.0,0.0
703,48e61549621f42f42924,NOUN,1.0,0.0,1.0
703,ceedec7714f45b2a8eef,NOUN,1.0,0.0,1.0
704,b878fbf77f1f296d897f,VERB,1.0,1.0,0.0
704,c28f6ecf949425880284,VERB,1.0,1.0,0.0
705,6b1a50f0f7cd3c5e6bd7,CONJ,1.0,0.0,1.0
705,6b1a50f0f7cd3c5e6bd7,NOUN,0.0,1.0,-1.0
705,8d05b966900d55667e11,CONJ,1.0,0.0,1.0
705,9e080f449e79dc2695a4,CONJ,0.5,1.0,-0.5
705,9e080f449e79dc2695a4,NOUN,0.0,1.0,-1.0
705,fd715d10f28bb4c422c9,ADJF,1.0,0.0,1.0
708,06696511571cb3d44b7e,NOUN,0.5,0.0,0.5
708,09530964ea699a6e82e1,NPRO,1.0,1.0,0.0
708,09530964ea699a6e82e1,VERB,0.5,0.0,0.5
708,6fa33be02da8637716dd,ADVB,0.0,0.0,0.0
708,ca27797fb74abbb4ccbc,ADVB,1.0,1.0,0.0
709,4f9a0d12b1cf3c61c412,NOUN,0.0,0.0,0.0
709,4f9a0d12b1cf3c61c412,NPRO,1.0,1.0,0.0
709,74cf10a75177caf7fb58,ADVB,1.0,0.0,1.0
709,74cf10a75177caf7fb58,PREP,1.0,1.0,0.0
709,910e7317692d1e94de6e,ADJF,0.0,0.0,0.0
709,a85a168f26c5c0e85be5,NOUN,0.5,1.0,-0.5
711,666d013ed4744a525521,PREP,0.0,1.0,-1.0
711,a447443845dc20acf9bd,NOUN,0.0,0.0,0.0
712,41ad8281f4b0815264eb,NOUN,0.0,0.0,0.0
712,afa9e0af683017c6b9e6,NOUN,1.0,0.0,1.0
712,e50805761342d887663f,PRCL,1.0,1.0,0.0
713,769bad0115d4f28be7f0,NOUN,0.3333333333333333,0.0,0.3333333333333333
714,14eed2336051fc120d07,PREP,1.0,1.0,0.0
715,0b9c778b1281d23cf0ca,NOUN,1.0,0.0,1.0
715,2f6ce2b58876c160c71f,NOUN,1.0,1.0,0.0
715,4f62c24afcdc973a086e,NOUN,0.0,0.0,0.0
716,2708601ff47c7f426860,NOUN,0.0,0.0,0.0
716,832d83a21a712ea03765,NOUN,0.0,1.0,-1.0
716,832d83a21a712ea03765,PREP,1.0,1.0,0.0
716,a5983aed118dfc673977,PREP,1.0,1.0,0.0
716,a5983aed118dfc673977,VERB,1.0,1.0,0.0
717,d29381ec25772b0490bf,NOUN,0.5,1.0,-0.5
718,0ad06cba0a39e30ca138,ADJF,1.0,0.0,1.0
718,0ad06cba0a39e30ca138,NOUN,0.0,0.0,0.0
718,3a7e0504069ac44737fb,NPRO,1.0,0.0,1.0
718,fb202a5de21a0f70cc8e,NOUN,0.5,0.0,0.5
719,50a9dc30dc5c1bafbc6a,NOUN,0.5,0.0,0.5
719,919041eb04ac488e2f1d,VERB,0.0,1.0,-1.0
720,6bb7e63548dbbd227879,CONJ,0.0,0.0,0.0
720,6bb7e63548dbbd227879,NOUN,1.0,0.0,1.0
720,ff42ef28a880db49ea91,ADVB,0.0,0.0,0.0
721,0fc7cc6835c0d76ead24,NOUN,0.6666666666666666,0.0,0.6666666666666666
721,0fc7cc6835c0d76ead24,PREP,1.0,1.0,0.0
721,c02f4b8481b8d74aebf6,NOUN,0.3333333333333333,1.0,-0.6666666666666667
722,8221c8936b3d35ebf9ea,NOUN,0.75,1.0,-0.25
724,c24db82ce90c63bb5c02,NOUN,0.0,1.0,-1.0
724,c24db82ce90c63bb5c02,VERB,0.0,1.0,-1.0
725,49dcf345726f3808c04f,NOUN,0.0,0.0,0.0
725,7f98ea20bfc7e5f42382,NOUN,0.5,1.0,-0.5
726,a0d6295130b38fc06a79,NOUN,0.0,0.0,0.0
727,2c183e7a20a233c9ced9,ADJF,1.0,1.0,0.0
727,2c183e7a20a233c9ced9,NOUN,1.0,1.0,0.0
727,c97d20fa1ad5c3c3fc92,PREP,1.0,1.0,0.0
728,60b6fa474ea8cbd66776,CONJ,1.0,1.0,0.0
728,89c42348d8d83f061ecc,ADVB,1.0,0.0,1.0
728,941a679335f37e7a2e85,ADVB,1.0,0.0,1.0
728,941a679335f37e7a2e85,NOUN,1.0,0.0,1.0
731,5357b97c6b86559199b5,ADVB,1.0,1.0,0.0
731,5357b97c6b86559199b5,NOUN,0.0,1.0,-1.0
731,844f186d4b67fb934b8d,NOUN,1.0,0.0,1.0
732,342e3e0652aedb053c53,NPRO,1.0,1.0,0.0
732,51d7ce2bf411420c6ba9,VERB,1.0,0.0,1.0
732,882134d5a79eec786d58,ADJF,1.0,1.0,0.0
732,882134d5a79eec786d58,PREP,1.0,1.0,0.0
732,fe6569061c95d9d3d189,VERB,0.0,1.0,-1.0
733,09bf8fb18d03dde0d115,ADJF,1.0,1.0,0.0
733,09bf8fb18d03dde0d115,NOUN,1.0,1.0,0.0
733,926c1a25874c56875669,CONJ,1.0,1.0,0.0
733,fcbebc9397bf5e1b6a9b,ADJF,0.0,1.0,-1.0
735,3ee543704b75acc337c4,NOUN,0.0,0.0,0.0
735,3ee543704b75acc337c4,VERB,1.0,1.0,0.0
735,8434957830cb270ff9fd,NOUN,1.0,1.0,0.0
735,8434957830cb270ff9fd,PREP,1.0,0.0,1.0
735,8f06f4b95cb74e750058,NPRO,0.0,1.0,-1.0
735,a46bbcb6cd8fa51bea84,PRCL,0.0,1.0,-1.0
735,a46bbcb6cd8fa51bea84,VERB,1.0,1.0,0.0
737,691c1bc255f56b4960fc,NPRO,0.0,1.0,-1.0
737,691c1bc255f56b4960fc,VERB,0.5,1.0,-0.5
737,957fee2e9bc1ee158eb1,NPRO,0.0,1.0,-1.0
737,957fee2e9bc1ee158eb1,PRCL,1.0,1.0,0.0
737,df7e022baf29635baab6,NOUN,0.0,1.0,-1.0
737,df7e022baf29635baab6,VERB,0.0,0.0,0.0
738,04b4f0201c4be5923e96,PREP,1.0,1.0,0.0
738,0521c4feff6957d8078b,CONJ,0.0,0.0,0.0
738,300b5341e100e0adb9f7,NPRO,1.0,1.0,0.0
738,6930d6dfb11f2b606b35,CONJ,1.0,1.0,0.0
739,463d1248ac50d8001d02,NOUN,0.3333333333333333,0.5,-0.16666666666666669
739,6c5b96625331192b347b,ADJF,1.0,1.0,0.0
739,f2f5c0308e4bf7425e9e,ADJF,1.0,0.0,1.0
739,f2f5c0308e4bf7425e9e,NOUN,0.5,0.0,0.5
740,54ae1fa4d1227e43f433,NPRO,0.0,0.0,0.0
740,7c8c603026c9202bba88,NOUN,0.5,0.0,0.5
740,7c8c603026c9202bba88,PREP,1.0,0.0,1.0
740,c58d148a2066e9b1ebee,NOUN,0.5,0.0,0.5
740,c58d148a2066e9b1ebee,PRCL,1.0,1.0,0.0
740,ee956656aca90b7a807d,CONJ,0.0,1.0,-1.0
741,1851c1fa2987f704ec97,VERB,0.5,1.0,-0.5
742,55c2d4e5af5b073d8845,VERB,1.0,0.0,1.0
743,8f275dd045e453411e47,NOUN,0.0,1.0,-1.0
744,1a1fead95b50d91ed52b,ADVB,1.0,1.0,0.0
744,1a1fead95b50d91ed52b,CONJ,1.0,1.0,0.0
744,eb41758dc38f281ab144,NOUN,1.0,0.0,1.0
744,eb41758dc38f281ab144,PRCL,1.0,0.0,1.0
745,1a248c03fddf8ec6dd74,ADJF,1.0,0.0,1.0
745,e29cee4c1e1a4cec68a8,CONJ,1.0,1.0,0.0
746,f68249dbe46c74c77538,ADJF,1.0,0.0,1.0
746,f68249dbe46c74c77538,ADVB,1.0,1.0,0.0
747,27a4d33e260143da0014,ADJF,0.6666666666666666,0.0,0.6666666666666666
748,382d846ffc143f3d875a,CONJ,1.0,1.0,0.0
748,382d846ffc143f3d875a,NPRO,1.0,1.0,0.0
748,47b642e504cb7d4f9139,NOUN,0.3333333333333333,1.0,-0.6666666666666667
748,47b642e504cb7d4f9139,NPRO,0.0,1.0,-1.0
748,cea30561ad2c1a737dd3,PRCL,0.5,1.0,-0.5
748,f4d1e145550280d88808,NOUN,0.0,0.0,0.0
748,f4d1e145550280d88808,PREP,1.0,1.0,0.0
749,17e48374cda1c34af1e1,NPRO,1.0,1.0,0.0
749,7e4708d8c2f72355d9fb,VERB,1.0,0.0,1.0
750,d176cb2c94248681c0fa,PREP,1.0,1.0,0.0
751,1d3f1e2f3820589efdb8,NOUN,0.3333333333333333,0.0,0.3333333333333333
751,71f0d24de16e95475a58,NOUN,1.0,0.0,1.0
751,814c454c09ad36f12be8,VERB,0.0,0.0,0.0
751,90af58af792c19fcc94a,NOUN,0.7142857142857143,1.0,-0.2857142857142857
752,1b49a4c80048a4282636,ADJF,0.0,0.0,0.0
752,78dbc95d3b11b4a6fcf3,NOUN,0.5,0.0,0.5
752,84d091286c0f9027e6bb,PREP,1.0,1.0,0.0
753,7323e9fc14d8b4df1900,ADJF,1.0,0.0,1.0
753,7323e9fc14d8b4df1900,CONJ,1.0,0.0,1.0
753,756d2aad40c7231a8d39,NOUN,1.0,1.0,0.0
753,756d2aad40c7231a8d39,PREP,1.0,1.0,0.0
754,6dd3a9e99c7cea884940,NOUN,0.0,1.0,-1.0
754,6dd3a9e99c7cea884940,PREP,1.0,1.0,0.0
754,9208a058484cd31aa0bb,NOUN,0.0,0.0,0.0
754,c4254f99c9d406693d0e,NOUN,0.5,0.0,0.5
756,4e678bc3d91a7f92255f,VERB,1.0,1.0,0.0
756,a7d1e0405f2f8cb5f416,PREP,1.0,1.0,0.0
756,c8e65055564170476265,NOUN,0.75,0.0,0.75
757,a2c5c87cbca486c4aaa5,NOUN,1.0,0.0,1.0
757,a2c5c87cbca486c4aaa5,PREP,1.0,1.0,0.0
757,bfa3f9ec96774abc4570,NOUN,0.6666666666666666,0.0,0.6666666666666666
757,d54ad7d4e8002b945714,ADJF,0.0,0.0,0.0
757,d54ad7d4e8002b945714,NOUN,0.6666666666666666,0.0,0.6666666666666666
760,5bff7b04d3421b0c6733,NOUN,0.5,1.0,-0.5
760,90335ed26f108578bc85,NOUN,0.5,1.0,-0.5
760,c9fe6c2ebcaefd2d45d9,NOUN,1.0,0.0,1.0
761,2a5a4ce3a8c30af9f5ac,NOUN,0.75,0.0,0.75
761,5d782cae8295e6cf1768,VERB,0.0,0.0,0.0
761,b3a7390302655f2afd27,NOUN,0.3333333333333333,0.0,0.3333333333333333
761,ea692cb373fe824ad8d3,NOUN,1.0,0.0,1.0
761,ea692cb373fe824ad8d3,VERB,1.0,1.0,0.0
761,ebc7205815e749a4fa29,VERB,0.0,0.5,-0.5
762,43e531800066826d5ced,NOUN,1.0,0.0,1.0
762,7e94239cc9fc250ad916,NOUN,1.0,0.0,1.0
762,967602e68f8338d4dbe7,ADJF,1.0,0.0,1.0
762,967602e68f8338d4dbe7,NOUN,0.0,0.0,0.0
762,c9b22c3aeaa7caa9430e,VERB,1.0,1.0,0.0
763,3989aeb39782a80247a9,NOUN,1.0,0.0,1.0
763,92b24c2e4ca0763e9e11,PREP,1.0,1.0,0.0
763,dfbfb8ed63c4196f6bd7,NOUN,0.6666666666666666,1.0,-0.33333333333333337
764,23dc43abfa18ccdb79e5,NOUN,1.0,1.0,0.0
764,5f9dad370b3b3658fd79,NOUN,1.0,0.0,1.0
764,5f9dad370b3b3658fd79,VERB,0.0,1.0,-1.0
764,aeb3f54ee6c257ff3702,PRCL,1.0,1.0,0.0
764,b5d7d25b7b9fa636bc59,INFN,1.0,0.0,1.0
765,1b1606f3e34ac5dd42e1,CONJ,1.0,1.0,0.0
765,1b1606f3e34ac5dd42e1,VERB,0.0,0.0,0.0
765,b494ae769e5954cff94b,INFN,1.0,0.0,1.0
765,d859c097cc0395fa03bb,NOUN,1.0,0.0,1.0
765,d88a345fef53c60879aa,VERB,0.0,0.0,0.0
765,feed2002c2bbfb9627cc,VERB,0.0,0.0,0.0
766,4b105eae7da41973fcee,NOUN,1.0,0.0,1.0
766,b89aa19c2e8aee67354e,NOUN,1.0,0.0,1.0
767,3b087688aa066860e7f5,VERB,1.0,1.0,0.0
767,70ff053d6aab030459ac,NOUN,1.0,0.0,1.0
767,da166d6e830df32a4d1a,NOUN,0.0,0.0,0.0
767,da166d6e830df32a4d1a,PREP,1.0,1.0,0.0
768,4ef9a0ec3683e056573b,NOUN,1.0,0.5,0.5
768,5da6143e076b029a0ede,NOUN,1.0,0.0,1.0
768,5da6143e076b029a0ede,PREP,1.0,1.0,0.0
768,a5a98f2e50f09024e64a,ADJS,0.0,0.0,0.0
768,a5a98f2e50f09024e64a,PREP,1.0,1.0,0.0
768,f7044c9b056f9d8781f0,NOUN,0.5,0.0,0.5
769,46375cc51ba4be953d47,PREP,1.0,1.0,0.0
769,822ec9940e9974c3487b,NOUN,1.0,0.0,1.0
769,822ec9940e9974c3487b,VERB,0.0,1.0,-1.0
769,92b842dfce9556b45218,NOUN,1.0,0.5,0.5
769,bc5f3882d9f00e55a130,NOUN,1.0,1.0,0.0
769,e800ffcb205890b3b1e4,NOUN,0.5,0.0,0.5
770,a504224ddad1ae1ea0e9,PREP,1.0,1.0,0.0
770,c9874eb3ea7c21e79492,ADVB,0.0,1.0,-1.0
770,ed0fbc92a3546cde0780,NOUN,0.5,0.0,0.5
770,fdf0b26dcb412a0da3e7,PREP,1.0,1.0,0.0
771,c4c7039db4996fd4ea6c,NOUN,0.5,0.0,0.5
771,eca0c39743f0477e7376,NOUN,0.0,0.0,0.0
771,eca0c39743f0477e7376,PREP,1.0,1.0,0.0
772,534240e84885635aa448,PREP,1.0,1.0,0.0
772,c8a04b1311c0b9dca21f,PREP,1.0,1.0,0.0
773,05a6c864c6803c4d3690,NOUN,0.6666666666666666,1.0,-0.33333333333333337
773,4964c06af46b1b2aec51,NOUN,0.7142857142857143,0.0,0.7142857142857143
773,faf8731fd1e96ca6e760,NOUN,0.5,0.0,0.5
773,faf8731fd1e96ca6e760,VERB,0.0,0.0,0.0
773,fbb0e8cfba3c54c93297,NOUN,0.75,1.0,-0.25
774,6aaa692dcfd83657c54f,NOUN,0.5,0.0,0.5
774,dcf8a061a5f0e76878f1,NOUN,1.0,0.0,1.0
774,e13a69fffb7d55e9e6e9,NOUN,0.0,1.0,-1.0
774,f43d23d94bdcd17da0ed,NOUN,1.0,0.0,1.0
775,037cc4cc77d69be32974,VERB,0.0,1.0,-1.0
775,2d421dddcbfa5220b6af,NOUN,1.0,0.0,1.0
775,86465ff1183b1069631c,VERB,0.0,0.0,0.0
775,c61b43f2076c1ac38d63,NOUN,1.0,0.0,1.0
775,c61b43f2076c1ac38d63,PREP,1.0,1.0,0.0
776,2e72f386936668027fab,PREP,1.0,1.0,0.0
776,57793db259097057bb52,VERB,0.0,1.0,-1.0
776,582f282576c84bbee272,ADJF,0.0,0.0,0.0
776,582f282576c84bbee272,PREP,1.0,1.0,0.0
776,f532a8cb0b0ffd5f70ab,NOUN,1.0,1.0,0.0
776,f532a8cb0b0ffd5f70ab,NPRO,1.0,0.0,1.0
777,8a6592cf57b38eee5d62,NOUN,0.75,0.0,0.75
777,927461485a8d66d0482d,ADJF,0.0,0.0,0.0
777,927461485a8d66d0482d,NOUN,0.0,1.0,-1.0
777,d7e33170f858aade825a,ADJF,0.0,1.0,-1.0
777,d7e33170f858aade825a,NOUN,0.5,1.0,-0.5
778,5a7b3f24e96399799eb3,ADJF,0.0,0.0,0.0
778,5a7b3f24e96399799eb3,PREP,1.0,1.0,0.0
778,752de5de51a64a4c9736,VERB,1.0,0.0,1.0
778,e4c3c71d27630782a6fd,VERB,0.0,0.5,-0.5
779,1f4a03412ea514ab0682,ADJF,0.5,0.0,0.5
779,48f17de67abf980c72d9,NOUN,0.6,1.0,-0.4
779,e9f55e50579ad0256e7d,NOUN,0.0,1.0,-1.0
779,e9f55e50579ad0256e7d,NPRO,1.0,0.0,1.0
781,19b17e4370ecd121630c,VERB,0.0,0.0,0.0
781,2f1b7bfd848d1d7f43f2,PREP,1.0,1.0,0.0
781,440c758dc53ff3011314,VERB,1.0,1.0,0.0
781,9246d2b7a0980382a3ce,NOUN,0.0,0.0,0.0
782,95d1367cbd1e493eb13c,PRCL,1.0,0.0,1.0
782,95d1367cbd1e493eb13c,VERB,0.5,1.0,-0.5
782,b6bd53683b1bbe47b545,VERB,0.0,0.0,0.0
783,219b2c669de3eb9c54e8,NOUN,1.0,0.0,1.0
783,53f9e86a0cf8b6150d3a,PREP,1.0,0.0,1.0
783,8cf4c421e9eb79c1811c,NOUN,0.0,0.0,0.0
783,8cf4c421e9eb79c1811c,PREP,1.0,1.0,0.0
784,3d617734a643fa998e87,NOUN,0.0,0.0,0.0
784,f557179ba7d8cefadea6,NOUN,0.0,1.0,-1.0
785,23dde74882ff3107abd7,NOUN,0.0,0.0,0.0
785,3e6f72e3b5808fd13454,VERB,1.0,0.0,1.0
785,caed6902a6239f5e3c8a,PREP,0.5,1.0,-0.5
785,cee4cfc7f2458f759e31,PREP,0.0,1.0,-1.0
786,18fe34b0d754122d147c,NOUN,0.5,0.0,0.5
786,233d78753d2baeb21740,NOUN,0.6666666666666666,1.0,-0.33333333333333337
786,233d78753d2baeb21740,PREP,1.0,1.0,0.0
786,6b58ac2f4bc246b7cfe7,NOUN,0.5,0.0,0.5
786,7404a58d73c5d3787887,ADJF,1.0,1.0,0.0
787,72634dc783e81e581319,NOUN,0.0,0.5,-0.5
787,ee3e0a69138ece4926fd,NOUN,0.5,0.0,0.5
788,40477e66445ba9929147,NOUN,0.3333333333333333,0.5,-0.16666666666666669
789,4be255456868aac64fba,PREP,1.0,1.0,0.0
789,9798cce336fe197c9571,NOUN,1.0,1.0,0.0
790,28a2fcab3a77710b3ea0,ADJF,1.0,0.0,1.0
790,4eaca963b4fa88371f39,ADJF,0.0,0.0,0.0
790,4eaca963b4fa88371f39,NOUN,0.5,0.0,0.5
790,cb767286cf3d29c126de,PREP,1.0,1.0,0.0
790,cb767286cf3d29c126de,VERB,1.0,0.0,1.0
791,221e54109872a65217cd,NOUN,1.0,0.0,1.0
791,895b960fc4e1147e8844,PREP,1.0,1.0,0.0
791,eb856bad0f0a6bd4a121,PREP,1.0,1.0,0.0
792,ce38f231c0097e67bd03,NOUN,0.6666666666666666,0.5,0.16666666666666663
792,e8417671850d6885ef10,NOUN,0.3333333333333333,1.0,-0.6666666666666667
792,f0e5e64a3163443c87d9,NOUN,0.4,0.0,0.4
793,818a36e7c42448512eb1,NOUN,1.0,0.0,1.0
793,a7d0a623502c2db41cd0,NOUN,1.0,0.5,0.5
794,6c6643ac6c0dc159c910,ADJF,0.5,0.0,0.5
794,6c6643ac6c0dc159c910,PREP,1.0,1.0,0.0
794,7fc3040287c7ce62b263,NOUN,1.0,0.0,1.0
794,8438c405f7e313bc5de6,PREP,1.0,1.0,0.0
795,4a95b745d1a55c9e4105,PREP,1.0,1.0,0.0
795,6da7502337623c57e3b6,PRCL,1.0,1.0,0.0
796,283b2655b16afe49fecb,NOUN,0.6666666666666666,0.0,0.6666666666666666
796,332817e9dfb87fffaf29,PREP,1.0,1.0,0.0
797,61e705d398e90958ddc4,NOUN,0.0,1.0,-1.0
797,61e705d398e90958ddc4,VERB,0.0,1.0,-1.0
798,357bfb9fe2ac1af465b6,INFN,0.0,1.0,-1.0
798,61dcda756e1955308eb3,NOUN,0.0,0.0,0.0
798,b86ac4bc86758218282c,PRED,1.0,1.0,0.0
798,e6e46aa24662f496dbbf,ADJF,0.5,1.0,-0.5
798,e6e46aa24662f496dbbf,NOUN,0.5,1.0,-0.5
799,372b7ad08c26e5b24d17,ADJF,1.0,1.0,0.0
799,f53b38ced7ee4d02582d,NOUN,1.0,0.0,1.0
800,24449672a6764764981e,NOUN,0.0,0.5,-0.5
800,2ced28029980bb8b0ed1,NOUN,0.5,0.0,0.5
800,2ced28029980bb8b0ed1,PREP,1.0,0.0,1.0
800,64e16e6f0b3bd437d0a7,ADJF,0.0,1.0,-1.0
800,64e16e6f0b3bd437d0a7,PREP,1.0,1.0,0.0
800,fc3e25c66f018d792bf2,NOUN,0.0,0.0,0.0
801,1f7c5e44755b3450e2b6,NOUN,0.75,0.0,0.75
801,2c114f8337242f8836a7,ADJF,0.0,1.0,-1.0
801,c667553c881e4527c39c,NOUN,0.5,0.5,0.0
802,9a11f05c13cbbc0ff2d8,CONJ,1.0,1.0,0.0
802,c1fe647db86f484e3e7c,INFN,1.0,0.0,1.0
803,5cd7c81b07c5b54a720e,NOUN,0.0,0.5,-0.5
803,94e92312bc553eabda16,NOUN,0.0,1.0,-1.0
803,bf59bc3fb5cadbb1bc3f,ADJF,1.0,0.0,1.0
803,bf59bc3fb5cadbb1bc3f,PREP,1.0,1.0,0.0
805,8787c0200bf9657dfeac,NOUN,1.0,0.0,1.0
805,ea53418023f98cfecc36,NOUN,1.0,1.0,0.0
806,2dae25873dc45f898fbb,NOUN,0.5,0.0,0.5
806,2dae25873dc45f898fbb,PREP,1.0,1.0,0.0
806,58266e0499c3f2f991e4,NOUN,0.5,0.0,0.5
806,5a543e01e13960668599,NOUN,1.0,0.0,1.0
806,e5c3124c8bbebfa0fb65,NOUN,0.5,1.0,-0.5
807,25521065206199530755,NOUN,0.0,0.0,0.0
807,85de526146dac57820b9,NOUN,0.0,1.0,-1.0
807,b6d3dbe1ae69d8213893,NOUN,0.0,0.0,0.0
807,ccad9af554d2c8c1dfa4,PREP,1.0,1.0,0.0
808,04cca0234dc6e2930dbc,VERB,0.0,1.0,-1.0
809,35d732be31b0c20034d5,NOUN,0.5,0.0,0.5
809,470e11c3343c87d97d54,PREP,1.0,1.0,0.0
809,d6c69c19bc6f9d9faa00,NOUN,0.0,1.0,-1.0
810,bb6ffda740ad6ac88014,PREP,1.0,1.0,0.0
810,f18753c1345ebd0ad33c,NOUN,0.6,0.0,0.6
810,f18753c1345ebd0ad33c,NPRO,1.0,1.0,0.0
811,33cd47eb6984e6b31ddd,PREP,1.0,1.0,0.0
811,537c58765d5cfeecfc20,ADJF,0.0,1.0,-1.0
811,537c58765d5cfeecfc20,NOUN,1.0,0.0,1.0
811,61364588dcb36270eef9,INFN,1.0,1.0,0.0
811,9cf0bb2bd9635c99a684,ADVB,0.0,0.0,0.0
811,9cf0bb2bd9635c99a684,NOUN,1.0,0.0,1.0
812,31212bf39f75d28faa9c,NOUN,0.3333333333333333,0.5,-0.16666666666666669
813,152dc43fbc04240358da,ADJF,1.0,0.0,1.0
813,152dc43fbc04240358da,PREP,1.0,1.0,0.0
813,2eb2edf8e362df5f98f9,ADJF,1.0,0.0,1.0
813,b45cca5940bcf784d039,NPRO,0.5,1.0,-0.5
814,acbf4e7153b4d223954a,ADJF,0.0,1.0,-1.0
814,acbf4e7153b4d223954a,NOUN,0.3333333333333333,1.0,-0.6666666666666667
815,445163bd07107013f36a,NOUN,1.0,0.0,1.0
815,7f0fb0e8bbe8aeb0ea2d,NOUN,1.0,0.0,1.0
815,7f0fb0e8bbe8aeb0ea2d,PREP,1.0,1.0,0.0
815,b7d5c150b485cb3c2605,NOUN,1.0,1.0,0.0
815,e31923948657e5e7dd6a,ADVB,0.0,1.0,-1.0
815,e31923948657e5e7dd6a,NPRO,1.0,1.0,0.0
816,570c1b1355bfc52b63ce,NOUN,0.2,1.0,-0.8
816,9dde3446500b05e76f17,NOUN,0.0,1.0,-1.0
816,9dde3446500b05e76f17,PREP,1.0,1.0,0.0
817,10da99ed04fd64d9026b,VERB,1.0,0.0,1.0
817,4b093d91366bccf42237,CONJ,1.0,0.0,1.0
817,4b093d91366bccf42237,VERB,0.0,0.0,0.0
817,a01f734dc440f97c56d1,ADJF,1.0,0.0,1.0
817,a01f734dc440f97c56d1,NOUN,0.5,0.0,0.5
817,ab112992c68b3bf6d7cd,ADJF,1.0,0.0,1.0
817,ab112992c68b3bf6d7cd,NOUN,1.0,0.0,1.0
818,a6ffe141946016ce14d9,VERB,1.0,0.0,1.0
819,9ca5d52cf155f220e98f,CONJ,1.0,1.0,0.0
820,36d70db22e0b4fa780e6,VERB,1.0,0.0,1.0
820,c967f9b461a1729c413d,VERB,1.0,0.0,1.0
821,2e198354e3c578dda61f,ADJF,0.0,1.0,-1.0
821,7806686daedf06947dcd,NOUN,0.0,1.0,-1.0
821,7806686daedf06947dcd,PREP,1.0,1.0,0.0
821,7bebd1b717a978e89379,PREP,1.0,1.0,0.0
821,7bebd1b717a978e89379,VERB,0.0,1.0,-1.0
821,b889c1b7a438b1e501da,NOUN,0.5,0.0,0.5
821,f5ef855a180607f053d6,ADVB,0.5,0.0,0.5
821,f5ef855a180607f053d6,NOUN,0.0,0.0,0.0
822,921e868e29176131ab5f,NOUN,0.75,0.0,0.75
822,b4a20d291f58c2daed53,NOUN,1.0,0.0,1.0
822,c6b1dfc4b24575104241,NOUN,1.0,1.0,0.0
822,d1d5348806e7bc2b0a2f,NOUN,0.0,1.0,-1.0
822,d1d5348806e7bc2b0a2f,PREP,1.0,1.0,0.0
823,784884a87a996490ebe9,NOUN,0.5,0.0,0.5
823,de365b3aec4b50add47c,NOUN,1.0,0.0,1.0
823,fbc40e22960eeb85465f,NOUN,1.0,0.0,1.0
824,724286a49d4952ef71eb,NOUN,0.0,0.0,0.0
824,8db3d140d6c09dd54d70,NOUN,0.5,0.0,0.5
824,af389f8435610d923ca4,NOUN,0.0,0.0,0.0
824,af389f8435610d923ca4,PREP,1.0,1.0,0.0
824,e80ce3923695c04faedf,NOUN,1.0,1.0,0.0
824,e80ce3923695c04faedf,PREP,1.0,1.0,0.0
826,026c141cfbabe4ca61c8,NOUN,0.5,0.0,0.5
826,5a4e3d41f29895028184,NOUN,0.0,0.0,0.0
826,a23e49f138a717ead687,PREP,1.0,1.0,0.0
827,d62bd9570acddd45324f,PREP,1.0,1.0,0.0
827,e38163c9a9af8ddf033c,NOUN,0.5,0.0,0.5
828,1a32d0e84689b9cac24b,ADJF,0.0,0.0,0.0
828,1a32d0e84689b9cac24b,NOUN,0.4,1.0,-0.6
829,037b51c20b2bb7135986,NOUN,1.0,1.0,0.0
829,037b51c20b2bb7135986,PREP,1.0,1.0,0.0
829,4ff3f4d64e1de321fddb,NOUN,0.6666666666666666,1.0,-0.33333333333333337
829,88578b09578495b60e96,NOUN,0.3333333333333333,0.0,0.3333333333333333
829,bafb142e56f01716a85e,NOUN,0.5,0.0,0.5
830,19c9d7caa2b847be5a78,NPRO,1.0,1.0,0.0
830,5e191df6e9a83ef53a89,NOUN,0.0,0.0,0.0
831,34e3e53bb64ce8dfc031,NOUN,0.5,0.0,0.5
832,00218e3e5521e787378f,NOUN,0.0,1.0,-1.0
832,00218e3e5521e787378f,PREP,1.0,1.0,0.0
832,1f9000378130b729d648,PREP,1.0,1.0,0.0
832,1f9000378130b729d648,VERB,1.0,0.0,1.0
832,4656e7f9051d87da2abe,NOUN,0.0,0.0,0.0
832,4656e7f9051d87da2abe,VERB,0.0,1.0,-1.0
832,6805cb4d150e66a2cfac,VERB,1.0,0.0,1.0
832,cc2430b9d58d79b23886,PREP,1.0,1.0,0.0
833,48f70ae6ffeccc250eff,VERB,0.0,0.0,0.0
833,4a7cffd09de8eb98f597,NOUN,0.0,0.0,0.0
833,937795142f3e760ca269,VERB,1.0,0.0,1.0
833,c809537a80a170b87206,NOUN,1.0,1.0,0.0
833,c809537a80a170b87206,VERB,0.0,0.0,0.0
833,e00a17da3199bcbb92dd,NOUN,1.0,0.0,1.0
834,2c3ab2786e1b433aaf67,NOUN,0.5,0.0,0.5
834,c33940ac141dfb479a9f,PREP,1.0,1.0,0.0
835,03c805e36d655097dfd5,PREP,1.0,1.0,0.0
835,04521aac34c6b5331f66,PREP,1.0,1.0,0.0
835,0e47102fcb1d6978e7d1,NOUN,0.0,0.5,-0.5
835,bf3c78d1276a035b8126,ADJF,0.0,0.0,0.0
836,5d92ced34eef5c1ebe7b,PRCL,1.0,0.0,1.0
836,c906aaef27ba9a2fb78e,PREP,1.0,1.0,0.0
837,124841b544d7fe66922f,NOUN,1.0,0.0,1.0
837,124841b544d7fe66922f,PREP,1.0,1.0,0.0
837,2ba9197cb96313bef5de,CONJ,1.0,1.0,0.0
837,2ba9197cb96313bef5de,NOUN,1.0,0.0,1.0
837,8792304cd232cc1ea3ab,ADJF,0.5,0.0,0.5
837,aa53b37de5c9fed2c970,ADJF,1.0,0.0,1.0
838,46605a370388530fc586,NOUN,0.5,0.0,0.5
838,87a2572f4b74845e8634,NOUN,0.6666666666666666,0.0,0.6666666666666666
838,87a2572f4b74845e8634,PREP,1.0,1.0,0.0
839,05c8329a34aaf9685a90,NOUN,1.0,0.0,1.0
839,a4d6defcd71762312bd0,NOUN,0.5,0.5,0.0
839,ae7527f6d518fef154c9,ADVB,1.0,0.0,1.0
839,ae7527f6d518fef154c9,NOUN,0.25,1.0,-0.75
839,df1a1bf5edb284181ce4,NOUN,1.0,1.0,0.0
839,df1a1bf5edb284181ce4,PREP,1.0,1.0,0.0
839,efd55de83ce2a6041e6e,ADJF,1.0,0.0,1.0
839,efd55de83ce2a6041e6e,NOUN,1.0,1.0,0.0
841,640e776e08ecd47cec41,NOUN,0.5,0.0,0.5
841,640e776e08ecd47cec41,PREP,1.0,1.0,0.0
841,ae2ba5e638471d1a1021,NOUN,0.5,0.0,0.5
841,ae2ba5e638471d1a1021,VERB,1.0,1.0,0.0
841,af1c68e998e0cc3b40fe,NOUN,0.5,1.0,-0.5
841,e91c3f3a301a708d2c2b,ADJF,1.0,0.0,1.0
841,e91c3f3a301a708d2c2b,NOUN,0.25,1.0,-0.75
841,f26190a81d9e5662be17,ADVB,0.0,1.0,-1.0
841,f26190a81d9e5662be17,NPRO,1.0,1.0,0.0
844,3ca2a0e46cb446c5c9b2,ADJF,1.0,0.0,1.0
844,3ca2a0e46cb446c5c9b2,VERB,1.0,0.0,1.0
844,6d59eee86d0b080f1635,PRCL,1.0,1.0,0.0
844,6d59eee86d0b080f1635,VERB,0.0,0.0,0.0
844,ac09091c9411c79638c4,ADVB,0.0,1.0,-1.0
844,ac09091c9411c79638c4,VERB,1.0,1.0,0.0
844,d14c8b864f9af65ff156,VERB,0.0,1.0,-1.0
844,d64141a2c74317c0f0c8,PREP,1.0,1.0,0.0
844,d64141a2c74317c0f0c8,VERB,0.0,1.0,-1.0
845,66bc416575439a7791fe,NOUN,0.5,0.0,0.5
845,7abe7b15992b89746663,NOUN,1.0,1.0,0.0
845,e99964670a2260688662,VERB,0.0,0.0,0.0
846,32cb5a5c477c702e52ae,NOUN,0.0,0.0,0.0
846,67c5373886a3e6b559d8,ADVB,1.0,1.0,0.0
846,67c5373886a3e6b559d8,NOUN,0.0,1.0,-1.0
846,81b2507272536f92b96e,NOUN,0.0,0.0,0.0
846,81b2507272536f92b96e,VERB,1.0,1.0,0.0
846,caf1ab831feb21e2233d,NOUN,0.0,0.0,0.0
846,cb54a0e0393b47ac03f9,NOUN,0.0,0.0,0.0
847,879ac47e5b8535c9d1d0,ADVB,0.0,0.0,0.0
848,d8d99b6690c7b598d494,CONJ,1.0,0.0,1.0
849,9c48f1476d7c184d9440,NOUN,0.0,0.0,0.0
849,c965617eb2504871a12d,NOUN,0.0,0.0,0.0
850,28f72cd60598a9cdd216,PREP,1.0,1.0,0.0
850,89d1b411b9020fc38083,NOUN,0.0,1.0,-1.0
850,89d1b411b9020fc38083,PREP,1.0,1.0,0.0
851,88343056d96b5cb1de52,NOUN,0.0,0.0,0.0
851,88343056d96b5cb1de52,VERB,1.0,1.0,0.0
851,95e754bf8c3544857d44,NOUN,0.0,0.0,0.0
851,95e754bf8c3544857d44,VERB,1.0,0.0,1.0
852,455a9278f6d4d4d4cedc,NOUN,0.0,0.0,0.0
854,3113c2d1718572d00722,NPRO,1.0,1.0,0.0
854,3113c2d1718572d00722,PREP,1.0,1.0,0.0
854,668de93825a389f24fff,NPRO,1.0,0.0,1.0
854,6a1265f6eff4b72fae03,VERB,0.0,0.0,0.0
855,0391b1dbd29bc0bafe72,CONJ,1.0,0.0,1.0
855,0391b1dbd29bc0bafe72,VERB,0.5,0.0,0.5
855,bca9cd258a92ca4b2cdd,CONJ,1.0,0.0,1.0
855,c1447cecbdb460011c08,NOUN,0.0,0.0,0.0
855,e0b77950257feb0dc7cf,VERB,1.0,1.0,0.0
856,44c1743be86f6c66ad97,CONJ,1.0,1.0,0.0
856,df328c82d76d2937772d,ADJF,1.0,0.0,1.0
856,e9932cee9553970458d8,CONJ,1.0,1.0,0.0
856,e9932cee9553970458d8,VERB,0.0,1.0,-1.0
857,7f31d8361d29a9e8940f,NPRO,0.0,1.0,-1.0
857,a96f6b60f4457e704836,NOUN,0.0,1.0,-1.0
857,a96f6b60f4457e704836,VERB,1.0,1.0,0.0
858,76d24d8dedd1f884cab1,NOUN,0.5,0.0,0.5
858,76d24d8dedd1f884cab1,PRTF,1.0,1.0,0.0
859,6e5b6644dd2448f6c1c3,VERB,0.5,0.0,0.5
859,fb3b58acbe758e8a871c,VERB,1.0,1.0,0.0
860,02aa5d8844b31ec04c20,VERB,0.0,1.0,-1.0
860,3c9fde33b971c1ffb1d4,NOUN,1.0,0.0,1.0
860,676fc6c7617683d62a06,NOUN,1.0,1.0,0.0
860,676fc6c7617683d62a06,VERB,1.0,1.0,0.0
860,eb21466c2c33a43d7868,VERB,1.0,1.0,0.0
861,d78b122ea17ca50fcdbe,VERB,1.0,0.0,1.0
862,20d037e439c99564f062,NOUN,0.0,0.0,0.0
862,20d037e439c99564f062,VERB,0.5,0.0,0.5
862,8b987b92c475543cc3ca,VERB,0.0,1.0,-1.0
862,c5eacd06ef11d5b90a5d,NOUN,0.0,1.0,-1.0
862,c5eacd06ef11d5b90a5d,VERB,0.5,0.0,0.5
862,d061019751bc7abd79f7,ADJF,0.0,0.0,0.0
863,041d3a8c27bd868cafcb,NOUN,0.5,0.0,0.5
863,15288987cf3d59e844be,NOUN,0.6666666666666666,0.5,0.16666666666666663
863,4cc5de79d6e0c5ab8c04,NOUN,0.5,0.0,0.5
863,7e500c1948f6daeb723d,ADVB,0.0,0.5,-0.5
863,d07ea9815560c96b8f40,ADJF,1.0,0.5,0.5
864,ce3edf9bbfcdadb76f1d,NOUN,0.3333333333333333,0.5,-0.16666666666666669
865,6d44ef1ec488c8a4a52f,NOUN,0.0,0.0,0.0
865,d1ebd04423d483a4b53e,NOUN,0.0,0.0,0.0
865,e8fa178b581ad7e83677,PREP,1.0,1.0,0.0
865,ec669588fc1dcf10b97e,NPRO,1.0,0.0,1.0
866,2ea3689fbe58ca1d7aad,NOUN,0.5,0.0,0.5
866,49d3b83544f0bcf6df30,NOUN,1.0,1.0,0.0
866,49d3b83544f0bcf6df30,NPRO,1.0,0.0,1.0
866,528222ea401ba81ffc49,NOUN,0.0,0.0,0.0
866,6d22447c6458a9b9d930,NOUN,0.5,1.0,-0.5
867,1b3adcd753ba83017f13,CONJ,1.0,1.0,0.0
867,657ca211e205712b476d,NOUN,1.0,0.0,1.0
868,2ddb2d72f245e9c451df,NOUN,1.0,1.0,0.0
868,aef0cab29f60ba9d1b73,NPRO,1.0,1.0,0.0
869,3d7cc57fbdeb82e0f0d2,NOUN,1.0,0.0,1.0
869,50af0b2c2b73b13ee107,NOUN,1.0,0.0,1.0
869,c133ee39781ce9234816,NOUN,1.0,0.5,0.5
869,fd808894a2b1718b6a8f,VERB,0.0,0.0,0.0
870,22b55747154d0c780207,NOUN,0.3333333333333333,0.0,0.3333333333333333
870,4c3b228f27d101481881,NOUN,0.5,1.0,-0.5
870,a2abb4016633f70693fd,NOUN,0.0,0.0,0.0
871,9b6348178250947ccf4e,NOUN,1.0,0.0,1.0
871,9b6348178250947ccf4e,VERB,0.0,0.0,0.0
871,bd00fbcaee3ce106211f,NOUN,1.0,0.0,1.0
871,bd79da20d2bf82423835,NOUN,1.0,0.0,1.0
872,0b858d98cb9b3cce9e88,NPRO,0.0,1.0,-1.0
872,2728dc01441b39c8fe43,NOUN,0.5,0.0,0.5
872,531ebc9083b7a6b77506,NOUN,1.0,0.0,1.0
872,531ebc9083b7a6b77506,PREP,1.0,1.0,0.0
872,8a33e6378f2f8f8bb25e,NOUN,1.0,0.0,1.0
873,2bcc3acae0d147c6e261,NOUN,1.0,0.0,1.0
873,35d7dbd3dc06f57544c1,NOUN,1.0,0.0,1.0
873,5dc3c480c825101c40e4,NOUN,1.0,1.0,0.0
873,f8803c881e159668c764,NOUN,1.0,0.0,1.0
874,0c8758a62c02b6d3fcb5,NPRO,0.0,1.0,-1.0
874,2b3c3870f77eb6b4d4cd,NOUN,0.0,0.0,0.0
874,383f00db8d02b069460c,NOUN,0.0,1.0,-1.0
874,b7700d356741952bd4f0,ADJF,1.0,1.0,0.0
875,3278294be9a10443a29f,NOUN,0.0,0.0,0.0
875,41b86811ca93eeb8676d,VERB,0.0,1.0,-1.0
875,f278106a64bf94bc72cc,NOUN,0.0,1.0,-1.0
876,13efaec47fed4b255661,PREP,1.0,1.0,0.0
876,1cbf6f11da3355a90142,NOUN,1.0,0.0,1.0
876,48551de0bf28dc9961d9,NOUN,1.0,0.0,1.0
876,af6d621a41cd9cb026ab,NOUN,1.0,0.0,1.0
877,c1a9e6131f779f6caf80,PREP,1.0,1.0,0.0
877,e93cd1595d1ff8b8fd5b,INFN,0.0,0.0,0.0
877,e93cd1595d1ff8b8fd5b,NOUN,0.75,0.0,0.75
878,0d7e45095581838734dd,NOUN,0.5,1.0,-0.5
879,6ce301719767f2913481,PRCL,1.0,0.0,1.0
879,6fca75f4b2be57c6f068,PRCL,0.5,0.0,0.5
882,7e21e186887535543433,CONJ,1.0,1.0,0.0
882,7e21e186887535543433,VERB,0.0,0.0,0.0
882,9ec461edf27ba5a2d219,NOUN,1.0,0.0,1.0
883,04c69fe86bc863ce4bc2,CONJ,0.0,0.5,-0.5
883,90a849e4d8f91df9f979,NPRO,1.0,1.0,0.0
883,a4c4a1f85bc2d98a4a30,CONJ,1.0,1.0,0.0
884,0811f39685cef06ddfe9,VERB,1.0,0.0,1.0
884,59d918a60f4e17bcc01c,VERB,1.0,1.0,0.0
884,931259af9acfc897bff6,VERB,0.0,0.5,-0.5
884,9f5a5a8a2bdc793e1736,VERB,0.0,0.0,0.0
884,c71573eab5b45e120d9f,NPRO,1.0,1.0,0.0
886,70478cef9ec38098efca,ADVB,0.5,0.0,0.5
886,8c85fa969c94fb07273a,NOUN,1.0,1.0,0.0
888,190da1a49a27acdd458a,VERB,0.3333333333333333,0.0,0.3333333333333333
888,3555a9dcdf160fcb890f,ADVB,0.0,0.0,0.0
888,3555a9dcdf160fcb890f,NOUN,0.0,0.0,0.0
889,6f7a247ffc2e94e2d948,PRCL,1.0,0.5,0.5
889,93ca7fffb7e9a1607a9b,CONJ,0.0,1.0,-1.0
889,93ca7fffb7e9a1607a9b,VERB,0.5,0.0,0.5
890,02c52b8c129a21325d53,NPRO,1.0,1.0,0.0
890,44d75ee64502676d7018,NPRO,1.0,1.0,0.0
891,7784c95271cde0ca7770,NPRO,1.0,1.0,0.0
891,7784c95271cde0ca7770,VERB,1.0,1.0,0.0
891,e99df1b9462616cfa46b,NOUN,1.0,1.0,0.0
891,e99df1b9462616cfa46b,PREP,1.0,1.0,0.0
891,ea533ebf05bffdece12b,NOUN,1.0,0.0,1.0
891,ea533ebf05bffdece12b,NPRO,1.0,1.0,0.0
892,5e82dfb4caf1ceb42667,CONJ,0.0,1.0,-1.0
892,e53dc33ab8040c7c984d,NOUN,1.0,0.0,1.0
892,f103655712b3173bb0da,NOUN,0.0,1.0,-1.0
892,f103655712b3173bb0da,NPRO,0.0,1.0,-1.0
893,e890bc5ae00585b76d32,ADJF,1.0,0.0,1.0
894,4535c73df8c808248cb4,ADJF,1.0,0.0,1.0
894,4535c73df8c808248cb4,NOUN,1.0,0.0,1.0
894,683a46300b427471c1d8,ADJF,1.0,1.0,0.0
894,683a46300b427471c1d8,NOUN,1.0,1.0,0.0
894,c93dbdeb0163f7a3de8c,NOUN,1.0,0.0,1.0
896,5753e4882a7cccfcb06b,NOUN,1.0,0.0,1.0
896,f98af84de209aa8310bd,NOUN,0.5,0.5,0.0
898,3863cf6c647b27a878af,INFN,1.0,0.0,1.0
898,3863cf6c647b27a878af,NOUN,0.5,1.0,-0.5
898,45893d5846bc3a219839,NOUN,0.0,0.0,0.0
898,45893d5846bc3a219839,PREP,0.0,1.0,-1.0
898,63e3c72b39969210f262,NOUN,0.0,1.0,-1.0
898,c9ab273522ca53250c83,NOUN,0.3333333333333333,1.0,-0.6666666666666667
899,5f2736d220e182db856b,ADVB,1.0,0.0,1.0
899,5f2736d220e182db856b,VERB,1.0,0.0,1.0
899,963b44343b86a4c09148,PRCL,1.0,1.0,0.0
900,193ab3bfa49a1b558f50,PREP,1.0,1.0,0.0
900,2cf7991371120c1f127c,NOUN,0.0,0.0,0.0
900,83a97256538363b751cb,NOUN,0.6666666666666666,0.0,0.6666666666666666
900,c342a9afbe724bcbc798,NOUN,0.0,0.0,0.0
901,280a2297a06b6f915c46,NOUN,1.0,1.0,0.0
901,a25d7e09b2dc32164cd5,NOUN,0.5,0.0,0.5
901,b173381b3dfabc1a9106,ADVB,1.0,0.0,1.0
901,b173381b3dfabc1a9106,PRCL,1.0,1.0,0.0
901,c41538651dcbd57cded5,VERB,1.0,1.0,0.0
903,b200b45d27a898a2b55b,PRCL,1.0,1.0,0.0
904,ab5c71b149de5eb380ae,NOUN,0.0,0.0,0.0
905,58fc7a319b4ef863056b,NOUN,1.0,0.0,1.0
905,7c81f3250fa1fa5d415a,CONJ,1.0,1.0,0.0
905,c2d373aa835ed9632451,NOUN,1.0,0.0,1.0
907,7ab2eff76fb94eeddb8d,INFN,1.0,0.0,1.0
908,1ca0a265ea2e5c1299fe,VERB,0.0,1.0,-1.0
908,214d8292539afc7076ad,ADJF,1.0,0.0,1.0
908,fac3e2ed553ea35f622a,NOUN,0.0,1.0,-1.0
909,a477810b0f116281d5c2,NOUN,1.0,0.0,1.0
909,a8d7c42f3f3d7d7e559e,NOUN,1.0,0.0,1.0
910,569efcb373e0255c618f,ADJF,1.0,0.0,1.0
910,820384a117aa80ff43ec,NOUN,0.5,0.0,0.5
910,af7ba58e80531b030587,NOUN,1.0,1.0,0.0
910,c73c9a617a58031e4e12,VERB,0.0,0.0,0.0
911,3b3a2dd62b1dc5e15b79,NOUN,1.0,0.0,1.0
911,96e63e9ec53280d7c975,PRCL,1.0,1.0,0.0
912,d15a7634f131dc5edd1a,ADJF,1.0,1.0,0.0
913,25cc4d60d8220e4382af,ADJF,0.6666666666666666,1.0,-0.33333333333333337
913,25cc4d60d8220e4382af,PREP,1.0,0.0,1.0
913,7736494d011b09e25b55,CONJ,1.0,1.0,0.0
913,7736494d011b09e25b55,PRCL,0.0,1.0,-1.0
915,1b9c893f9300687f0620,CONJ,1.0,1.0,0.0
915,e950cfb34dc9cdf79415,CONJ,1.0,1.0,0.0
915,e950cfb34dc9cdf79415,NPRO,1.0,1.0,0.0
918,35c3a662df05b54d5bcf,NOUN,0.0,0.0,0.0
918,5850f6ad6f07d988b047,NOUN,0.0,0.0,0.0
918,5850f6ad6f07d988b047,NPRO,0.0,0.0,0.0
918,c31a2503fbd51946e7b2,NOUN,0.0,1.0,-1.0
919,0758eddae7306a7c23ee,NOUN,0.0,1.0,-1.0
919,5513ed0c973bfe39260f,PREP,1.0,1.0,0.0
919,664cc3afe932d182e721,VERB,0.0,1.0,-1.0
920,4ea98108688d42760e5b,NPRO,1.0,1.0,0.0
920,6f1cb237e8f1fc9230d8,NOUN,0.0,0.0,0.0
920,6f1cb237e8f1fc9230d8,NPRO,1.0,1.0,0.0
922,49f4868bdec41b9758c6,NPRO,1.0,1.0,0.0
922,68cac3b2baef8695f847,NPRO,1.0,1.0,0.0
923,3097383aa3f05eeb5ac4,NOUN,1.0,0.0,1.0
923,464768456ff9e2cbf1ad,NOUN,1.0,0.0,1.0
923,8df02c2a398035afff5f,NOUN,1.0,0.0,1.0
924,1ced6607cd7c666aa136,PRCL,1.0,1.0,0.0
924,9d1caca30c5b760a1b0b,VERB,1.0,0.0,1.0
925,5f9ec7d81704c9ff033d,NOUN,0.3333333333333333,0.0,0.3333333333333333
925,5f9ec7d81704c9ff033d,PREP,1.0,1.0,0.0
926,1f1446754a09cb917140,PRCL,1.0,1.0,0.0
926,229503a177354582bf5a,NPRO,0.0,0.0,0.0
926,229503a177354582bf5a,VERB,0.5,0.0,0.5
926,cb995230414da1d7aba8,NOUN,1.0,1.0,0.0
927,6637248a376c8a7d95b5,NOUN,1.0,0.0,1.0
928,1536b8cac3f4a5dab7d0,NOUN,1.0,0.0,1.0
928,c44fde6c53920ece1545,PREP,1.0,1.0,0.0
929,25975faf5ac2dc33d9b1,NOUN,1.0,0.0,1.0
929,6a7347636bc1c1505d8f,NOUN,0.0,1.0,-1.0
929,f68cb80e67be1534e873,NPRO,1.0,1.0,0.0
930,a0c2ed1cceebc85ed8f1,NOUN,0.5,0.0,0.5
930,a0c2ed1cceebc85ed8f1,PREP,1.0,1.0,0.0
930,dff7911b07781364a5b6,NOUN,1.0,1.0,0.0
930,dff7911b07781364a5b6,VERB,0.0,1.0,-1.0
930,eee87f44caff3edb51e2,NOUN,0.5,1.0,-0.5
931,2195a11278a555c49668,ADJF,1.0,0.5,0.5
931,da60a2d2cd466b577fa6,NOUN,0.5,0.0,0.5
932,38b62701a5a25ba37a76,VERB,0.0,0.5,-0.5
933,8a430a60ba9a88c50ecc,NPRO,0.0,0.0,0.0
933,af807cc3bdf3e40839db,NOUN,1.0,0.0,1.0
934,2023ca9a7e7681e1dc9d,NOUN,0.5,0.0,0.5
936,078cc20d8028aaa54bff,ADVB,1.0,1.0,0.0
936,113f39cc6b4d95541864,PRCL,1.0,0.0,1.0
936,113f39cc6b4d95541864,PREP,1.0,1.0,0.0
936,63d021fdbfd7b35ae627,ADJF,0.5,0.0,0.5
936,63d021fdbfd7b35ae627,PRCL,0.0,1.0,-1.0
937,4f1402cbdb062e2dc949,PRCL,1.0,1.0,0.0
937,6fbe15847c62bfd85e82,PRCL,1.0,1.0,0.0
937,bf552682d205a01f91c4,CONJ,1.0,1.0,0.0
937,f212864636f0cb0d377c,PRCL,1.0,1.0,0.0
938,0f62108e46b178569ba4,PRCL,1.0,0.0,1.0
938,8946279bf4030099ea35,NOUN,1.0,1.0,0.0
938,8946279bf4030099ea35,PRCL,1.0,0.0,1.0
938,fce63edbdf511f02071b,PREP,1.0,1.0,0.0
940,26207ea2fba249bb4f4c,VERB,0.0,0.0,0.0
941,4ca2c587c8442b8b8fa3,NPRO,1.0,1.0,0.0
944,c8012b4e8ccec0a00140,PRCL,0.25,0.0,0.25
944,f1532b760a8d04d1dbe7,PRCL,0.5,0.5,0.0
945,22e6ee0cdf0969bfc1d3,PRCL,1.0,1.0,0.0
945,bee85454faab97551e64,ADJF,0.0,0.0,0.0
945,bee85454faab97551e64,NOUN,0.0,1.0,-1.0
947,0d756ca5d5d5a002d3cd,PRCL,0.5,0.5,0.0
947,52aff05aa7a585b08e6a,PRCL,0.5,0.0,0.5
947,52aff05aa7a585b08e6a,VERB,1.0,1.0,0.0
947,557d440bc3a64dd164d1,PRCL,0.5,1.0,-0.5
947,557d440bc3a64dd164d1,VERB,0.0,0.0,0.0
949,1de8b696d7feea6ecf9d,PRCL,0.0,0.0,0.0
950,03891d4805a913a8f962,CONJ,1.0,1.0,0.0
950,cd1e4b1c6e89d7060997,ADVB,0.0,0.0,0.0
952,056ca2142faf01fdf11b,ADVB,0.5,1.0,-0.5
952,7c411a86b3af35435212,NOUN,1.0,0.0,1.0
952,7c411a86b3af35435212,VERB,0.0,0.0,0.0
953,a6d52a82720036b30808,NOUN,0.5,0.0,0.5
953,af917d540989cd63abd5,NOUN,0.0,1.0,-1.0
954,2344fcd1dbe2969d043e,VERB,0.5,0.0,0.5
954,e67ea34a4be4fd32cd96,CONJ,1.0,1.0,0.0
954,ebd2d1ba85d338dd3f98,ADJF,0.0,0.0,0.0
954,ebd2d1ba85d338dd3f98,ADVB,0.0,0.0,0.0
956,392ee11c88651c1c2a34,CONJ,1.0,1.0,0.0
956,908f2c1d66d17e2a9dba,ADVB,0.0,1.0,-1.0
956,908f2c1d66d17e2a9dba,NPRO,1.0,1.0,0.0
957,5d02aa54f76f657d87d0,CONJ,1.0,1.0,0.0
957,5d02aa54f76f657d87d0,NOUN,1.0,0.0,1.0
958,6cc13e0a08c914a6bb6f,ADVB,1.0,0.0,1.0
958,a9471e8a217b799693d8,ADJF,0.6666666666666666,1.0,-0.33333333333333337
961,303b453617edfc5f49fe,PREP,1.0,1.0,0.0
961,30e7113c2d05a53d99ea,NOUN,0.5,0.0,0.5
961,7921a177e0cc1e7a164b,NOUN,1.0,0.5,0.5
961,d21189caea5baf128165,VERB,1.0,0.0,1.0
962,c135378410baa5dcbb45,NOUN,1.0,0.0,1.0
962,cbb014d5b6b72b5c79a1,NOUN,0.75,1.0,-0.25
963,47dfae2f0c86f8dc9ac5,CONJ,1.0,1.0,0.0
963,83ee4b6f7784015cb5c3,NPRO,0.0,1.0,-1.0
963,83ee4b6f7784015cb5c3,VERB,1.0,0.0,1.0
963,f9a48c0d3c0049f573ae,NOUN,1.0,0.0,1.0
966,2818ad56545db77b008f,NOUN,0.5,0.0,0.5
966,2818ad56545db77b008f,VERB,1.0,0.0,1.0
966,e31a2d8aa56042f18093,VERB,0.0,0.0,0.0
967,833643be356ddf119662,NOUN,0.0,0.0,0.0
967,833643be356ddf119662,PREP,1.0,1.0,0.0
969,09d40ef2badfdc56915a,NOUN,1.0,0.0,1.0
969,09d40ef2badfdc56915a,PREP,1.0,1.0,0.0
969,69ce2f32c6619a20965c,NOUN,0.0,1.0,-1.0
969,8572daf594b357cc9666,NOUN,0.5,0.0,0.5
969,97bfaf6e9e1918ea3590,VERB,1.0,1.0,0.0
970,1078bc9f56e862833034,NOUN,0.75,0.5,0.25
970,66fd3f69112e73fdfec7,NOUN,0.5,1.0,-0.5
970,66fd3f69112e73fdfec7,PREP,1.0,1.0,0.0
970,748a89c6ae75ed19a24d,VERB,0.0,0.0,0.0
970,a6fb2814e6dd5d564ff1,ADJF,0.0,1.0,-1.0
970,a6fb2814e6dd5d564ff1,NOUN,0.3333333333333333,0.0,0.3333333333333333
971,42f533c3619696860a0c,NOUN,0.0,1.0,-1.0
971,8b9ed791016eecae0781,NOUN,0.0,0.0,0.0
971,8b9ed791016eecae0781,VERB,0.0,0.0,0.0
971,a35910957fe1b095e15d,VERB,0.0,0.0,0.0
972,5b5e699ddddb938e7e22,PREP,1.0,1.0,0.0
972,a67103a0617ab4181e8f,PREP,1.0,1.0,0.0
972,df49b313b59e5b33bd8b,NOUN,1.0,1.0,0.0
972,df49b313b59e5b33bd8b,PREP,1.0,1.0,0.0
972,ed2e5cb8e252f86fcd20,ADJF,0.0,0.0,0.0
972,ed2e5cb8e252f86fcd20,PREP,1.0,1.0,0.0
974,1e8ecf490d1b1cd8aac1,NOUN,1.0,0.0,1.0
974,bb0ee4cb7893518d7d10,PREP,1.0,1.0,0.0
974,cfbc5ddd21a897808cff,PREP,1.0,1.0,0.0
975,5488dee232972f891327,PREP,1.0,0.0,1.0
975,579884144cb89c1185bf,NOUN,0.6666666666666666,0.0,0.6666666666666666
975,788cd29e4593c8bb3b1f,NOUN,1.0,1.0,0.0
978,1dd0d596c6dddf2e2d54,NOUN,0.0,1.0,-1.0
978,47299f873517481de5b5,PREP,1.0,1.0,0.0
978,5bd1a82a265f248d1737,NOUN,1.0,1.0,0.0
981,0c4d3795313408c320e5,NOUN,0.0,0.0,0.0
981,2939a6c5db8953d65f28,PREP,1.0,1.0,0.0
981,2939a6c5db8953d65f28,VERB,1.0,1.0,0.0
981,2e1e826e53cbf32da8fd,PREP,1.0,1.0,0.0
981,8c3135fded5cddf578fb,PREP,1.0,1.0,0.0
982,38c0694c16fcf24cbf86,PREP,1.0,1.0,0.0
982,ea108b7dab69f036e377,NOUN,1.0,1.0,0.0
982,f39b2fd5994aa374a0c9,NOUN,1.0,0.0,1.0
984,7211e8e8afb927ebbaed,NOUN,0.0,0.0,0.0
984,e11157f9c8f1f5cc85d0,PREP,1.0,1.0,0.0
987,dfd36fb63d9671288569,ADVB,0.0,0.0,0.0
987,eff810d9e063d1b44d22,NOUN,0.0,0.0,0.0
994,85a4f939d4e90cc0ed8e,NOUN,0.0,0.0,0.0
994,85a4f939d4e90cc0ed8e,VERB,0.0,0.0,0.0
994,bc87759e67e8eb68d02b,NPRO,1.0,1.0,0.0
994,bc87759e67e8eb68d02b,VERB,0.0,1.0,-1.0
995,9258c68b0784b9b0bf52,NOUN,1.0,0.0,1.0
995,9258c68b0784b9b0bf52,NPRO,0.0,1.0,-1.0
995,bec8f62c69fa1b187131,CONJ,1.0,1.0,0.0
995,bec8f62c69fa1b187131,PREP,1.0,1.0,0.0
995,f1575a3d7440000a0a1b,CONJ,1.0,0.0,1.0
996,f36a1fff5ad6e7a76953,NOUN,0.0,1.0,-1.0
997,679cc911a7a82c991d37,ADJF,0.5,0.0,0.5
997,679cc911a7a82c991d37,VERB,0.0,1.0,-1.0
997,a31000a2c6df89708ea8,NOUN,1.0,0.0,1.0
997,b81b020335ecaf3f7a7f,PRCL,1.0,1.0,0.0
999,1215551323170189dd3c,ADJF,0.0,0.0,0.0
999,1215551323170189dd3c,PREP,1.0,1.0,0.0
999,76250ec2c237a0c8e20d,ADJF,0.0,1.0,-1.0
999,76250ec2c237a0c8e20d,NOUN,0.0,1.0,-1.0
1001,157d9d50d9b1a5672e25,NOUN,1.0,1.0,0.0
1001,85b795c3691ede7533ff,VERB,0.0,1.0,-1.0
1001,86834eeda546ef32f406,NOUN,0.0,0.0,0.0
1002,5fe09e543cc8f344a00e,NOUN,0.0,1.0,-1.0
1007,e529ca7ab255a392f671,CONJ,1.0,0.0,1.0
1009,8583a875882e2dfd4a8c,ADVB,1.0,1.0,0.0
1009,a21de159210113b4e3dc,CONJ,1.0,1.0,0.0
1009,d28c1ce8f8e20ce896ba,PREP,1.0,1.0,0.0
1010,c1c147103b9b8403a37f,CONJ,1.0,1.0,0.0
1011,32526c118647346edc03,CONJ,1.0,1.0,0.0
1011,32526c118647346edc03,PRCL,1.0,1.0,0.0
1011,90b69be654a42f6d0e79,CONJ,1.0,1.0,0.0
1011,d1a6c5c56db75b9c8517,NOUN,1.0,0.0,1.0
1011,d1a6c5c56db75b9c8517,PRCL,0.0,1.0,-1.0
1011,eb17fb813471252ea274,VERB,1.0,1.0,0.0
1013,1c127cc2c660fd1c1bd5,CONJ,0.0,1.0,-1.0
1013,6880650363137494dc24,CONJ,1.0,1.0,0.0
1013,701d5c153d10cc84629e,CONJ,0.6666666666666666,0.5,0.16666666666666663
1016,20ccd3e37f59d7fe8dea,CONJ,1.0,0.0,1.0
1016,214e1c7a4e4a5e510a78,NPRO,0.0,1.0,-1.0
1016,3f15f34e4454ca646b06,NOUN,1.0,0.0,1.0
1016,f69c0c86c688ed0339b8,CONJ,1.0,0.0,1.0
1017,8823127ac4bed41a61be,VERB,1.0,0.0,1.0
1018,8508dbcfcf76080cacbf,NOUN,1.0,1.0,0.0
1018,8508dbcfcf76080cacbf,VERB,1.0,1.0,0.0
1019,a04737a11df1c82f13a7,ADVB,1.0,0.0,1.0
1019,e555308a1f4cfebbde78,CONJ,1.0,1.0,0.0
1020,06c8718447f91d0562f4,NOUN,0.5,0.0,0.5
1020,06c8718447f91d0562f4,PREP,1.0,1.0,0.0
1020,4c41c27103aa60a00922,NOUN,0.0,0.0,0.0
1020,acc24d7cc4e0f5732975,ADJF,1.0,1.0,0.0
1020,acc24d7cc4e0f5732975,NOUN,1.0,0.0,1.0
1020,f1750795b182b84fc20d,NOUN,0.0,0.0,0.0
1021,085b1cb938c11ff3eb8e,NOUN,1.0,0.0,1.0
1022,5827288ad4dee299d95b,NOUN,0.0,0.0,0.0
1023,62323ecc051df435f562,VERB,1.0,1.0,0.0
1023,6ba38ef2a2e34726a6a4,VERB,1.0,1.0,0.0
1023,b02f30e2c0dfc2bcf0db,VERB,1.0,1.0,0.0
1023,c9092a1d141049ce56ae,ADJS,1.0,1.0,0.0
1023,daffce0ebfd73c2efa5a,ADVB,1.0,0.0,1.0
1024,c0137025f43b61ce99c3,NOUN,0.0,0.0,0.0
1025,1ee88079c7a674e68ba3,PREP,1.0,1.0,0.0
1025,2f673664970743764f16,NOUN,1.0,1.0,0.0
1025,4333a4fe09f47468f223,NOUN,1.0,0.0,1.0
1025,aa08540d38ead287b9e7,NOUN,1.0,0.0,1.0
1025,b9d8682f77ee88c31c66,PRCL,1.0,1.0,0.0
1026,011aa072d0caa1a10308,PREP,1.0,1.0,0.0
1026,5764f99c3467186cf400,NOUN,1.0,0.0,1.0
1026,5b90265479f4b4bb68f5,NOUN,1.0,0.0,1.0
1026,a58c0012461b4aae5dc7,NOUN,1.0,1.0,0.0
1027,76acb87dbc0ddae631a2,NOUN,1.0,0.0,1.0
1027,a2a0b69feb23e5360761,NOUN,0.0,1.0,-1.0
1027,ea006eb1c5786ecc27e3,NOUN,0.5,0.0,0.5
1027,ea006eb1c5786ecc27e3,PREP,1.0,1.0,0.0
1027,f06cb6c9d45629355f65,PREP,1.0,1.0,0.0
1027,f2b579fe543893e5de2d,NOUN,0.0,0.0,0.0
1028,0fd36c62803f71fe4935,NOUN,0.0,0.0,0.0
1028,0fd36c62803f71fe4935,VERB,1.0,1.0,0.0
1028,82c18fdc55821a6e3677,NOUN,0.5,0.0,0.5
1028,bc8884ed896117e94dfc,NOUN,1.0,0.0,1.0
1028,bd506b49bd7da386e905,NPRO,1.0,1.0,0.0
1029,263a01cd38dafebb3e17,PREP,0.0,1.0,-1.0
1029,6acab5c931b34a9bcd99,VERB,1.0,1.0,0.0
1029,8f132cb211671bba23c8,VERB,0.0,1.0,-1.0
1029,acdebc6f813a362c1983,NOUN,0.0,1.0,-1.0
1029,d6b15075fc9e718d64d3,VERB,0.0,0.0,0.0
1030,a8004c813d228b099afb,NPRO,1.0,1.0,0.0
1030,f9c03a575b77d11cf1b3,NPRO,0.5,1.0,-0.5
1032,878744fd1faa00c2b99f,NPRO,0.0,0.0,0.0
1032,878744fd1faa00c2b99f,VERB,0.0,1.0,-1.0
1032,9b41a3801751e5250d89,NOUN,1.0,1.0,0.0
1032,9b41a3801751e5250d89,NPRO,0.0,1.0,-1.0
1032,a2a412450275124727c7,VERB,1.0,0.0,1.0
1033,5f7d0d5430a15fe715f4,NOUN,0.0,1.0,-1.0
1033,db325556c8781cd1afd7,NOUN,0.0,0.0,0.0
1033,db325556c8781cd1afd7,VERB,1.0,0.0,1.0
1033,e5c9f740e9f36c9915d7,NOUN,0.0,0.0,0.0
1033,f16c1f54e980d1ae65a3,NOUN,0.0,0.0,0.0
1035,0841fc52f384ba40064d,NOUN,1.0,0.0,1.0
1035,10c675fd2bdb39d92747,VERB,0.0,1.0,-1.0
1036,0631d8520e530039586c,NOUN,0.0,1.0,-1.0
1036,660be331e3376bccc30a,PREP,1.0,1.0,0.0
1036,660be331e3376bccc30a,VERB,0.0,0.0,0.0
1036,70e05c5f9bb9088b897d,NOUN,1.0,0.0,1.0
1036,70e05c5f9bb9088b897d,VERB,0.0,0.0,0.0
1037,4e3d4142bda5611f8e29,NOUN,1.0,1.0,0.0
1037,9ec573bb60d7552954c6,NOUN,0.6666666666666666,0.0,0.6666666666666666
1037,9ec573bb60d7552954c6,PREP,1.0,1.0,0.0
1037,f1e8d4e69deeb2d6be76,NOUN,0.5,0.0,0.5
1038,11d5a5e4855dfc1bcde3,NOUN,0.0,1.0,-1.0
1038,3c4bc296b383b93cc15e,NOUN,0.0,0.0,0.0
1038,dbf50cfbae6254659631,NOUN,0.5,0.0,0.5
1038,f61dcfdba3c536bf6165,NOUN,1.0,1.0,0.0
1039,098e523383c95b9531fa,PREP,1.0,1.0,0.0
1039,2ac733edd17ee5525aab,INFN,1.0,0.0,1.0
1039,3b9ecaf7c493b14bb071,NOUN,0.0,0.0,0.0
1039,3b9ecaf7c493b14bb071,PREP,1.0,1.0,0.0
1039,8b3e557fe8a543dc95f9,PREP,1.0,1.0,0.0
1039,f2b09f8c4c6bfadf0ed2,VERB,0.0,1.0,-1.0
1040,10e46376a43c8ad87360,NOUN,1.0,0.0,1.0
1040,5337950cad57e5be672b,NOUN,1.0,0.5,0.5
1040,72f74024d66a9c582b98,VERB,0.0,1.0,-1.0
1040,f7e088cc0c7c2608eabc,ADJF,1.0,1.0,0.0
1041,08818e7435c27ad31548,VERB,0.0,0.0,0.0
1045,68a679a9d031bc1a9820,NPRO,1.0,1.0,0.0
1045,ad96d1b6ccfdec87debe,NPRO,0.0,1.0,-1.0
1045,e0988ba39fba3cbccfc9,NPRO,0.0,0.0,0.0
1047,547f923fd031c0e03cfc,NOUN,0.0,0.0,0.0
1047,547f923fd031c0e03cfc,VERB,1.0,0.0,1.0
1047,b62cd458e3a36b2a41b5,ADJF,0.0,0.0,0.0
1047,b62cd458e3a36b2a41b5,VERB,1.0,1.0,0.0
1047,e509af3052205ef63883,ADJF,1.0,1.0,0.0
1048,1606e8981778fdfc9f98,ADJF,0.5,1.0,-0.5
1048,bee06c15de8effc4d3c3,CONJ,1.0,1.0,0.0
1049,8dcd0d1f6caf7c25bc8f,NPRO,1.0,1.0,0.0
1049,c198a562be5ce9f44f88,NOUN,0.0,0.0,0.0
1049,c198a562be5ce9f44f88,VERB,0.0,1.0,-1.0
1050,76e80d27a8ab783a4296,ADJS,1.0,0.0,1.0
1050,a8000f5ec99905443ffd,PREP,1.0,1.0,0.0
1051,6357b5ec43a2b688a814,PREP,1.0,0.0,1.0
1051,99c66c5e9ebb4a5be64d,CONJ,1.0,1.0,0.0
1054,1f7cb1f9ef2a047549a8,CONJ,1.0,1.0,0.0
1054,1f7cb1f9ef2a047549a8,NOUN,1.0,0.0,1.0
1054,67d6ad51faed1e0f2566,NOUN,1.0,1.0,0.0
1054,69e7d22e50bff0a84455,NOUN,1.0,1.0,0.0
1054,69e7d22e50bff0a84455,PREP,1.0,1.0,0.0
1054,7997d8a531461e30e1d8,NOUN,1.0,0.0,1.0
1055,11887f6663767a728c3f,PRCL,1.0,1.0,0.0
1055,11887f6663767a728c3f,VERB,1.0,1.0,0.0
1055,50df010ad321ad0971be,ADVB,1.0,1.0,0.0
1055,50df010ad321ad0971be,NPRO,0.5,0.0,0.5
1055,56ea1f2a27a4e9f82252,PRCL,1.0,1.0,0.0
1056,13912b5981decff0077e,NOUN,1.0,0.0,1.0
1056,6796aec5f94f1a379007,NOUN,1.0,0.0,1.0
1056,a04bc1e04956ef165816,NOUN,1.0,1.0,0.0
1056,e91704ec7b2add74c2aa,NOUN,1.0,1.0,0.0
1058,08de7ecb0dfd9fff628d,ADJF,0.0,0.0,0.0
1058,7a655a4305b1351aea8c,PRCL,1.0,1.0,0.0
1058,d55d186c4047ddadaebf,VERB,0.0,1.0,-1.0
1060,43530a935500e921b940,PRCL,1.0,1.0,0.0
1060,c9d33f828cca94d25224,PRCL,0.5,1.0,-0.5
1061,1bdc072e8a4d92792121,ADJF,1.0,1.0,0.0
1061,1bdc072e8a4d92792121,NOUN,0.0,0.0,0.0
1061,6b2f6609686369218ed7,NPRO,1.0,1.0,0.0
1061,6b2f6609686369218ed7,VERB,0.0,0.0,0.0
1061,a6f2bfac5a8eb176bb9c,ADJF,0.0,0.0,0.0
1061,f2de93018fd10e3f4cfa,ADJF,0.0,1.0,-1.0
1062,41ffd906fa827ead41c9,VERB,1.0,1.0,0.0
1062,6d60e027bab215eca43d,NOUN,1.0,1.0,0.0
1062,6d60e027bab215eca43d,VERB,1.0,0.0,1.0
1062,9df27001085051d6987a,NOUN,0.0,1.0,-1.0
1062,d17f09d8007c3a284a2a,NOUN,1.0,0.0,1.0
1063,8db56251657417c17da7,CONJ,0.0,1.0,-1.0
1063,f4fb37375bd68f03ad0a,CONJ,1.0,0.0,1.0
1063,f4fb37375bd68f03ad0a,VERB,1.0,0.0,1.0
1064,61157e3119dfe002acb9,NOUN,1.0,0.0,1.0
1064,61157e3119dfe002acb9,VERB,1.0,1.0,0.0
1064,c5be2bcb2ee54cdc9670,NOUN,0.3333333333333333,1.0,-0.6666666666666667
1064,eef55f797d389a6049d3,NOUN,0.5,0.0,0.5
1064,f01560e44c8dbbd2258a,ADJF,1.0,0.0,1.0
1064,f01560e44c8dbbd2258a,NOUN,0.25,1.0,-0.75
1065,264da1cace23d15fdf46,COMP,1.0,1.0,0.0
1065,264da1cace23d15fdf46,VERB,1.0,1.0,0.0
1065,3805f802fda697e0d1ce,PRCL,1.0,1.0,0.0
1065,3805f802fda697e0d1ce,VERB,1.0,1.0,0.0
1065,a876fdcd88eae194d9ad,PREP,1.0,1.0,0.0
1065,f97e09d9e9e0503f7f71,PRCL,0.0,1.0,-1.0
1066,4aa2c150960e76218128,NOUN,1.0,0.0,1.0
1066,689c035881e8f8cad829,NOUN,1.0,1.0,0.0
1066,689c035881e8f8cad829,PREP,1.0,1.0,0.0
1066,a83b96bce3e76a104898,NOUN,1.0,0.0,1.0
1066,c5e50847107333f02284,VERB,1.0,0.0,1.0
1067,22d2090881e5d41e0b25,VERB,0.0,0.0,0.0
1067,9a07e2674eda5ab1876e,VERB,1.0,0.0,1.0
1067,ee1b5d31020c592dd387,NOUN,1.0,0.0,1.0
1067,ee1b5d31020c592dd387,PREP,1.0,1.0,0.0
1069,25ed64869ea8a0ff7aa7,VERB,0.0,1.0,-1.0
1069,430245d8c2c736bf32f7,VERB,0.0,0.0,0.0
1069,b0643ce08c58b3172eec,VERB,0.0,1.0,-1.0
1069,c8fee7040ae892e34244,VERB,0.5,0.0,0.5
1070,0ee53dbd1074da4e4ff0,NOUN,0.0,0.0,0.0
1070,0ee53dbd1074da4e4ff0,VERB,1.0,1.0,0.0
1070,214a87966a30ae074db5,NOUN,1.0,0.0,1.0
1070,4cb5d22b0ac5a827a13d,NOUN,0.0,1.0,-1.0
1071,31ba9647746a9ef103da,PREP,1.0,1.0,0.0
1071,d7cb062ab39ba0674169,CONJ,1.0,0.0,1.0
1071,d7cb062ab39ba0674169,VERB,0.0,0.0,0.0
1071,f48bd3609446b1b2105c,NOUN,1.0,1.0,0.0
1072,aaf5551ecb88f4363e68,ADJF,0.0,1.0,-1.0
1072,aaf5551ecb88f4363e68,PREP,1.0,1.0,0.0
1072,b4ccbe604e9d8f4ca125,NOUN,0.5,0.0,0.5
1072,f13b0efb330f8def9838,NOUN,1.0,0.0,1.0
1072,f13b0efb330f8def9838,VERB,1.0,1.0,0.0
1073,74447bbe91407de4c1fd,CONJ,1.0,1.0,0.0
1073,74447bbe91407de4c1fd,NOUN,1.0,0.0,1.0
1074,cd0c59d93ea3888bd0ec,NOUN,0.0,0.0,0.0
1074,d1006f9ff393bd5e5f18,NOUN,1.0,0.0,1.0
1075,008f23ff6fbefdde85eb,NOUN,0.2,0.0,0.2
1075,008f23ff6fbefdde85eb,PREP,1.0,0.0,1.0
1075,24d55acade8f99d50a21,NOUN,0.8,1.0,-0.19999999999999996
1075,24d55acade8f99d50a21,VERB,1.0,0.0,1.0
1075,465dc9d94c29411ab9bb,NOUN,1.0,1.0,0.0
1075,465dc9d94c29411ab9bb,PREP,1.0,1.0,0.0
1075,b60fdeb5106aab3c0c88,ADJF,0.0,0.0,0.0
1075,b60fdeb5106aab3c0c88,PREP,1.0,1.0,0.0
1075,f98e007b7197d18af675,NOUN,0.5,0.5,0.0
1076,242ecbb8694179eae2e0,NOUN,1.0,0.0,1.0
1076,7db202ad5ad842ebdd59,NOUN,1.0,1.0,0.0
1076,9bb2d88a85cb327212c8,NOUN,1.0,0.0,1.0
1076,bc996ecd01d817a70a4b,NOUN,1.0,1.0,0.0
1076,bc996ecd01d817a70a4b,PREP,1.0,1.0,0.0
1076,e4566ca54367dbe8bdd9,PREP,1.0,1.0,0.0
1077,680a497ebeb38aab0044,NOUN,0.3333333333333333,0.0,0.3333333333333333
1077,d9808c6c0b808b7e168b,NOUN,0.25,1.0,-0.75
1077,d9808c6c0b808b7e168b,PREP,1.0,1.0,0.0
1077,ea386874270cc7ce4237,NOUN,1.0,1.0,0.0
1078,07113661b3dcf46267d2,NOUN,1.0,0.0,1.0
1078,ade60258f8f7a377b9ae,NOUN,1.0,0.0,1.0
1078,bb4a4d812d3c51ef232e,NOUN,1.0,0.0,1.0
1078,c9b32d15849c8aa393ff,NOUN,1.0,0.0,1.0
1078,f8a2c405da43bd7eda3b,NOUN,1.0,1.0,0.0
1079,06d6275a83fd7fd58733,NOUN,1.0,0.5,0.5
1079,49f6ef845c7cad5c0f69,NOUN,0.0,0.0,0.0
1079,49f6ef845c7cad5c0f69,PREP,1.0,1.0,0.0
1079,924cc77eeb08699109e3,NOUN,1.0,0.0,1.0
1079,cbf327be3f5fa9234330,NOUN,1.0,0.0,1.0
1079,cbf327be3f5fa9234330,PREP,1.0,1.0,0.0
1080,025fa20dafa2a7b6f58b,NOUN,1.0,1.0,0.0
1080,4c5beaee079f69985f51,NOUN,0.0,0.0,0.0
1080,72f10b7c6fdbb82c6864,NOUN,1.0,1.0,0.0
1080,811283ad9efda418f704,NOUN,0.0,0.0,0.0
1081,97e66a9591dc0dc33fd0,NOUN,1.0,1.0,0.0
1083,87bb8a112be281dd9880,NOUN,0.5,1.0,-0.5
1083,99448accb69b737270b1,NOUN,0.0,0.0,0.0
1084,06f61fdedfe1e3fa6777,ADJF,1.0,1.0,0.0
1084,44f0b51d55c57893e8ce,NOUN,0.3333333333333333,0.0,0.3333333333333333
1084,8a41fbda047e3c2cea07,NOUN,0.5,0.0,0.5
1084,fe5f9c66fa511b3696bd,NOUN,0.3333333333333333,1.0,-0.6666666666666667
1085,6b58f0ae1511a8f10ed5,NOUN,0.5,0.0,0.5
1085,6b58f0ae1511a8f10ed5,VERB,1.0,1.0,0.0
1085,f4f3c06e90abb1447ffc,VERB,1.0,0.0,1.0
1085,f6d6560c358786f7e2d2,NOUN,1.0,0.0,1.0
1086,1d512cbc33a7ac342684,ADJF,0.5,0.0,0.5
1086,1d512cbc33a7ac342684,VERB,1.0,1.0,0.0
1086,6c979ec42d3fc795eed4,VERB,0.0,0.0,0.0
1086,7e53eb0c4557d2e31afd,ADJF,0.0,0.0,0.0
1086,7e53eb0c4557d2e31afd,NOUN,0.3333333333333333,0.0,0.3333333333333333
1086,ae3a2fefbe89f7aa6c51,NOUN,0.5,1.0,-0.5
1087,25c3e7886c786c1f7a90,NOUN,0.3333333333333333,0.0,0.3333333333333333
1087,4563b8880bef1a8aea9b,NOUN,1.0,1.0,0.0
1087,57332af24d4cec7d414b,ADJF,1.0,0.0,1.0
1087,57332af24d4cec7d414b,NOUN,0.6666666666666666,1.0,-0.33333333333333337
1087,6d9eb303048e2d061a68,NOUN,1.0,0.0,1.0
1087,999f0ed814c6a40c2ce7,NOUN,0.5,0.0,0.5
1088,970acdeed3d3ced31b30,VERB,0.0,0.0,0.0
1089,45cb50f7ca4f8728b77e,NOUN,0.0,0.0,0.0
1089,89f552cad400860e9686,INFN,1.0,1.0,0.0
1089,9d4b9b49677b9e3fb163,ADJF,1.0,1.0,0.0
1089,9d4b9b49677b9e3fb163,NOUN,0.5,0.0,0.5
1089,c58c14f88098ce44ccf9,NOUN,0.0,0.0,0.0
1089,c58c14f88098ce44ccf9,PREP,1.0,1.0,0.0
1089,dad6b5eaa928767ed1b6,NOUN,0.5,1.0,-0.5
1090,0b8b64bd3cbfaecbb253,NOUN,1.0,1.0,0.0
1090,f63845d6190aae0e5abf,NOUN,1.0,0.0,1.0
1091,d3c1824449b479bd7d7b,NOUN,0.0,0.0,0.0
1092,38c2ee9d756d27769943,NPRO,1.0,1.0,0.0
1092,38c2ee9d756d27769943,VERB,0.5,0.0,0.5
1092,abca8fa7d4080d8262da,VERB,0.0,0.5,-0.5
1092,c738e241e018d5b244dc,ADJF,1.0,1.0,0.0
1092,c738e241e018d5b244dc,NOUN,0.6,1.0,-0.4
1092,faf51fc3f3e4dc1679ad,NOUN,1.0,0.0,1.0
1092,faf51fc3f3e4dc1679ad,PREP,1.0,1.0,0.0
1093,160dd07eddd2d485164e,ADJF,1.0,1.0,0.0
1093,160dd07eddd2d485164e,VERB,0.0,1.0,-1.0
1093,56bc14c10dde04779d04,NOUN,0.5,1.0,-0.5
1093,56bc14c10dde04779d04,PREP,1.0,1.0,0.0
1093,88e63951baa87fd11bef,INFN,0.0,1.0,-1.0
1094,5dc31ac0bbb09a96fd33,ADJF,1.0,1.0,0.0
1094,5dc31ac0bbb09a96fd33,PREP,1.0,1.0,0.0
1094,ae0020158367b41a4d25,VERB,0.0,0.5,-0.5
1094,c60525d0d8f6c92b2089,ADJF,1.0,0.0,1.0
1095,4023b1f53d79a1ca8e94,NOUN,1.0,1.0,0.0
1095,eac678d8094b384d79e6,VERB,1.0,0.0,1.0
1096,48cd0f401044ddc67aa7,NOUN,0.5,0.0,0.5
1096,48cd0f401044ddc67aa7,PRCL,1.0,0.0,1.0
1096,d1c54f581bffb085494f,NOUN,0.5,0.0,0.5
1099,007889a3e651827c11f2,VERB,0.0,0.0,0.0
1099,21bdab29f88b1fdf10de,CONJ,1.0,0.0,1.0
1099,2339d3464b81e239a218,CONJ,1.0,0.0,1.0
1099,2339d3464b81e239a218,NOUN,0.0,0.0,0.0
1099,a6725031deef6bb1a25e,VERB,1.0,0.0,1.0
1099,c3b338440b1525b1814d,NOUN,0.0,0.0,0.0
1100,562ccf1171f0e333c0f3,NOUN,0.0,0.0,0.0
1100,562ccf1171f0e333c0f3,VERB,0.5,1.0,-0.5
1100,c926c195f9f9cfcd9049,NOUN,1.0,0.0,1.0
1100,c926c195f9f9cfcd9049,PRCL,1.0,0.0,1.0
1101,2cd975c551ecea8d0489,CONJ,1.0,1.0,0.0
1102,1030ddca18bbbde122fa,ADJF,1.0,1.0,0.0
1102,5c7f423a18d3f8f3aa76,VERB,0.0,1.0,-1.0
1103,2b60463c10979ec25f49,VERB,0.0,0.0,0.0
1103,a69b01fca1a86915513c,VERB,0.0,0.0,0.0
1103,c87fbe110ad99a370ad4,NPRO,1.0,1.0,0.0
1103,c87fbe110ad99a370ad4,VERB,0.0,0.0,0.0
1103,f0218189724a9fac8785,NPRO,1.0,1.0,0.0
1104,a8cbe46b8b8ba6e526a5,NOUN,0.5,0.0,0.5
1104,d52eeefb9e7e6c34c53b,NOUN,0.0,0.0,0.0
1105,65eba81bad432b29a485,NOUN,1.0,0.0,1.0
1105,b8352938dadc40353dff,VERB,1.0,0.0,1.0
1107,52ed06b54819add917b3,CONJ,1.0,0.0,1.0
1107,d45221377e3f77265ab4,NOUN,0.0,0.5,-0.5
1107,de2f593e29c50acdd565,CONJ,1.0,1.0,0.0
1107,de2f593e29c50acdd565,NOUN,0.0,0.0,0.0
1108,4c8f927edfbfda6cccd0,CONJ,1.0,1.0,0.0
1108,c7e7d1ce57105f3c6c53,CONJ,0.0,1.0,-1.0
1108,d30897d544c77a5f1781,VERB,1.0,1.0,0.0
1109,10e33ac4618d552e125c,NPRO,0.0,1.0,-1.0
1110,94bade990522b788bf8b,CONJ,0.5,0.0,0.5
1110,d530a70916332c38e76b,VERB,0.5,1.0,-0.5
1112,0e9f64b062be685538d9,NOUN,1.0,0.0,1.0
1112,beb5de7839e577d9a0e8,CONJ,1.0,1.0,0.0
1112,beb5de7839e577d9a0e8,NOUN,1.0,1.0,0.0
1112,c5c60ef819d1a468c079,NOUN,1.0,0.0,1.0
1112,d8e593d690158b6272e5,CONJ,1.0,0.0,1.0
1112,d8e593d690158b6272e5,NOUN,0.5,0.0,0.5
1113,60b05838eb38fbe7ca1b,NOUN,1.0,0.0,1.0
1113,a74cf85f0d788cdf1fca,PREP,1.0,1.0,0.0
1114,140b6dfafea192a4b786,CONJ,1.0,1.0,0.0
1114,c4cf0ee93f582834a60f,CONJ,1.0,1.0,0.0
1115,512d4b0dd296dcc7b319,CONJ,1.0,1.0,0.0
1117,073da127dbed76f38299,VERB,0.0,0.0,0.0
1117,3d65f73e5eedfc4e71c4,CONJ,0.0,1.0,-1.0
1117,ef501e84777d75f62480,CONJ,1.0,1.0,0.0
1118,a2656aaa05e89dbdf131,CONJ,1.0,1.0,0.0
1119,68e2aeaab475f807fdc5,NOUN,1.0,0.0,1.0
1119,9d48c483ae195088575d,NOUN,0.5,0.0,0.5
1120,0d9e27c11f0c583bf9fd,NOUN,0.0,1.0,-1.0
1120,a5c91f821b66b3e7cf20,NOUN,0.0,0.0,0.0
1121,48ba4c3f0871562c4b71,NPRO,1.0,0.0,1.0
1121,78ffe23eaa0d9bd24d16,NPRO,1.0,0.0,1.0
1121,eb6754f4f85b1784d37f,NOUN,1.0,0.0,1.0
1127,537fe600f1503710a4fb,VERB,1.0,0.0,1.0
1129,805852ba2efb8ee8df58,NOUN,0.5,0.0,0.5
1131,851fb8e55157f0f7abb8,CONJ,0.0,0.0,0.0
1132,f86c8b1da7b36055bc52,ADVB,0.0,0.0,0.0
1133,b8a760504b200a6a35e7,NOUN,0.0,1.0,-1.0
1133,e519125a4512116cac90,NOUN,1.0,0.0,1.0
1134,c11a519035f2d5f25b58,NPRO,0.5,1.0,-0.5
1136,a1578996cb3255145a2b,NOUN,0.6666666666666666,1.0,-0.33333333333333337
1136,ffbfdaac31ea6f1c01e3,NOUN,0.5,1.0,-0.5
1137,80dc88251bc8b849de86,NOUN,1.0,0.0,1.0
1137,c2f9c20dcd237c718c55,NOUN,0.75,1.0,-0.25
1137,c2f9c20dcd237c718c55,PREP,1.0,1.0,0.0
1138,a83a17f02b61d30eb9cb,INFN,1.0,1.0,0.0
1138,b4babde1b0a57f1c32e0,NOUN,1.0,0.0,1.0
1139,3edcde85c0c7c6c55fd8,NOUN,0.0,0.0,0.0
1139,3edcde85c0c7c6c55fd8,PREP,0.0,0.0,0.0
1139,632be816d9acbc3cd0d1,PREP,1.0,0.0,1.0
1140,0c89e7d26b5d6223380f,NOUN,0.0,1.0,-1.0
1140,9636ef719db8bdee835b,VERB,0.0,0.0,0.0
1140,c1e8ffab89fb36af474c,NOUN,1.0,0.0,1.0
1140,c1e8ffab89fb36af474c,VERB,0.0,1.0,-1.0
1141,30f494055d748f439614,NOUN,0.5,1.0,-0.5
1141,721a7cc35bd87d23e377,NOUN,0.5,0.0,0.5
1141,a6c00afc1716c40d8556,ADJF,1.0,0.0,1.0
1141,a6c00afc1716c40d8556,NOUN,1.0,0.0,1.0
1141,cf8a0e5cdcc9e40e1a32,NOUN,0.5,0.0,0.5
1142,31a46adc1282a23352b3,NOUN,1.0,0.5,0.5
1142,624d22cb8036d1563558,NOUN,0.0,0.0,0.0
1142,7bf812a3213f04a079d1,ADJF,0.0,0.0,0.0
1142,7bf812a3213f04a079d1,NOUN,1.0,0.0,1.0
1142,b1025b7394611c702bac,NOUN,1.0,0.0,1.0
1143,163c723388e516c0dd83,NUMR,0.0,0.0,0.0
1143,163c723388e516c0dd83,PREP,1.0,1.0,0.0
1143,17a59cf6a3dc1427b828,ADJF,0.0,0.5,-0.5
1143,a76d80c507d41f1fde60,NOUN,0.5,0.0,0.5
1145,128f96f38b083690ce5d,NOUN,0.5,0.0,0.5
1145,a6f96c29fa8c1c1bd0b6,NOUN,0.0,0.0,0.0
1145,d175981f1add2d33fc1b,NOUN,0.0,0.0,0.0
1145,e7f3e3d2c00643193802,NPRO,1.0,1.0,0.0
1146,c55856985fbb49cfa232,ADJF,1.0,0.0,1.0
1146,c55856985fbb49cfa232,PREP,1.0,1.0,0.0
1148,5b82d8c6f9432d075c40,NPRO,1.0,1.0,0.0
1148,694d3b31ba21f73cf347,VERB,0.0,0.0,0.0
1148,a226c76cfeac7bfa5f57,NOUN,0.0,1.0,-1.0
1150,25e4ab4009e37e856a89,NOUN,0.0,1.0,-1.0
1150,9fb02ae1b70b14478a61,ADVB,1.0,1.0,0.0
1150,9fb02ae1b70b14478a61,VERB,1.0,1.0,0.0
1150,d0b23ede52e98e5d7259,PREP,1.0,1.0,0.0
1151,2d96aa44f56ee31519aa,NOUN,1.0,0.0,1.0
1151,a06f251446d09af058b1,NOUN,0.0,0.0,0.0
1152,1cae36220f554d84bd54,ADJF,1.0,1.0,0.0
1152,1cae36220f554d84bd54,NOUN,1.0,0.0,1.0
1152,e31cd222552118cff3b4,ADJF,1.0,0.0,1.0
1153,196bc4a395868f271009,NOUN,0.0,0.0,0.0
1155,0448552371e492517b8d,NOUN,1.0,1.0,0.0
1155,346119bb7e6dce1cc74d,NOUN,1.0,0.0,1.0
1155,346119bb7e6dce1cc74d,PREP,1.0,1.0,0.0
1156,01948bf85ec68fc183cc,ADVB,1.0,0.0,1.0
1157,50941b77b78e061cf035,NOUN,0.0,0.0,0.0
1157,864ecf0dc36f906ba6f7,ADJF,0.0,1.0,-1.0
1157,864ecf0dc36f906ba6f7,PREP,1.0,1.0,0.0
1157,f6558e28c3a76e27f15d,NOUN,1.0,0.0,1.0
1157,f8f622d06994a1ac9e17,VERB,1.0,0.0,1.0
1158,27dac277032b000790d0,NOUN,1.0,0.0,1.0
1158,86d1d3805804cd3b3b3e,NOUN,1.0,1.0,0.0
1158,aa71e3c3d4094f2b7136,PRCL,1.0,1.0,0.0
1159,78f342bcbb69ac633563,VERB,1.0,1.0,0.0
1159,ae2d0a2fa96cf08b0d4e,PRCL,1.0,1.0,0.0
1159,ae2d0a2fa96cf08b0d4e,VERB,0.0,0.0,0.0
1159,c1839d5c00a512c7bfaa,VERB,0.0,0.0,0.0
1160,5f4851057076cf8c590e,NOUN,0.0,0.5,-0.5
1160,cb44e731e522d1bc717b,PRCL,1.0,1.0,0.0
1161,22929bbf60cbff0f88c1,NOUN,0.0,1.0,-1.0
1161,6198c4813d8fe8f5309a,VERB,0.0,1.0,-1.0
1161,82c938b9e619a0811d4d,VERB,0.0,0.0,0.0
1161,c6c23780da29728ff440,VERB,0.0,0.5,-0.5
1161,e3414026eb18c97d7f15,VERB,0.0,0.0,0.0
1162,ff7f75cc7c75799a6491,ADJF,1.0,1.0,0.0
1163,30121e5b9a71a10f19d3,NOUN,0.0,0.5,-0.5
1163,352641c4de430e6ae101,NOUN,1.0,1.0,0.0
1163,573bdb740467da0ad8f4,NPRO,0.0,1.0,-1.0
1163,775e2306919e008e3d92,ADVB,1.0,1.0,0.0
1163,a1850103e797685a017c,ADJF,0.0,0.0,0.0
1163,a1850103e797685a017c,NOUN,0.0,1.0,-1.0
1164,202d4518b44ef8725fda,ADJF,0.0,1.0,-1.0
1164,202d4518b44ef8725fda,NOUN,0.0,1.0,-1.0
1164,b2848b777388fa5a3cf9,ADJF,0.0,1.0,-1.0
1164,b2848b777388fa5a3cf9,NOUN,1.0,1.0,0.0
1164,cb7f652205d90cd51ac8,NOUN,1.0,0.0,1.0
1165,0427b6315aaf580bda33,ADJF,1.0,0.0,1.0
1165,0427b6315aaf580bda33,NOUN,0.25,0.0,0.25
1165,2840eb83e216e27670b7,NOUN,0.4,0.0,0.4
1165,30f869e2dd0822ec0d8e,NOUN,0.5,0.0,0.5
1165,510d574508db9f4b2935,NOUN,1.0,0.0,1.0
1166,1422ac4cb80d24e7c252,NOUN,0.5,1.0,-0.5
1166,21a50140cb2c114365af,NOUN,0.25,1.0,-0.75
1166,4b4eb604709b2658be6b,NOUN,0.5,1.0,-0.5
1167,0912f43f794ef4d7ff4c,ADJF,0.0,1.0,-1.0
1167,5eb082670921b727a650,NOUN,0.3333333333333333,0.0,0.3333333333333333
1167,6e828cff781c91c39737,NOUN,1.0,0.0,1.0
1167,c669cdd6f19d9355ca13,NOUN,1.0,0.0,1.0
1167,e0f6123318ba0d4ee54d,NOUN,0.5,0.0,0.5
1168,5bf595aa5092750ddaa4,NOUN,1.0,0.0,1.0
1168,5bf595aa5092750ddaa4,PREP,1.0,1.0,0.0
1168,9a654e1cf01e5b9901fe,NOUN,0.6666666666666666,0.5,0.16666666666666663
1168,d8b103f47e4767afd0d3,NOUN,0.3333333333333333,0.0,0.3333333333333333
1169,0cb780f87f2df4ba10bd,ADJF,0.0,1.0,-1.0
1169,0cb780f87f2df4ba10bd,NOUN,0.5,0.0,0.5
1169,7eb0ce2567704db10d8c,NOUN,1.0,1.0,0.0
1169,adbfd953f7e4220b3837,NOUN,1.0,1.0,0.0
1169,aff1c4c8b1d99b0c488a,NOUN,0.5,0.0,0.5
1170,5d68af8292fe0dc43a02,CONJ,1.0,1.0,0.0
1170,6b922c920a556038241c,NOUN,1.0,0.0,1.0
1171,e5d165e2f332d3a9de22,NOUN,0.3333333333333333,0.0,0.3333333333333333
1171,e5d165e2f332d3a9de22,PREP,1.0,1.0,0.0
1171,f3fdaf4da464e0ab0f22,NOUN,0.0,1.0,-1.0
1171,f3fdaf4da464e0ab0f22,PREP,1.0,1.0,0.0
1172,4c336a65647eb2d8c9b9,CONJ,0.0,1.0,-1.0
1172,54d52c4cb1e65bb2f712,NPRO,0.0,1.0,-1.0
1173,98cba09b187c4a9c5597,ADJF,0.0,0.0,0.0
1173,fc7112b438e18bae3e88,NOUN,0.0,0.0,0.0
1174,68d839523bc88183a212,NOUN,0.5,1.0,-0.5
1174,77b4bcf93145dad89607,NOUN,0.0,0.0,0.0
1174,e764ad22aff38bbedbc9,NOUN,0.75,1.0,-0.25
1175,24b0e258d888214fd6aa,NOUN,0.0,1.0,-1.0
1175,2d37dc2a57ccbf19ccc8,PREP,1.0,1.0,0.0
1175,9e073812bdaac87a2e6f,PREP,1.0,1.0,0.0
1175,9e073812bdaac87a2e6f,VERB,0.0,0.0,0.0
1176,66fc5e765714620f7cf6,NPRO,0.0,1.0,-1.0
1176,66fc5e765714620f7cf6,PREP,1.0,1.0,0.0
1178,02b40fcdbb84c3228a91,CONJ,1.0,1.0,0.0
1179,1b190e4934d046d1e9b1,INFN,0.0,0.0,0.0
1179,1b190e4934d046d1e9b1,VERB,0.0,0.0,0.0
1180,e93c3b349db46bae6cbf,ADJF,0.0,1.0,-1.0
1182,03dfb913332a325203dd,ADJF,1.0,0.0,1.0
1182,03dfb913332a325203dd,PREP,1.0,1.0,0.0
1182,5f6c022a527f234f5d60,NOUN,1.0,0.0,1.0
1182,5f6c022a527f234f5d60,NPRO,1.0,1.0,0.0
1182,d6f7dd243b3ff3cf0a16,PRCL,1.0,1.0,0.0
1183,92687a64fd6010ef4bef,NOUN,0.5,1.0,-0.5
1183,92687a64fd6010ef4bef,PREP,1.0,1.0,0.0
1183,bac97fd5f40f5cb940cf,NOUN,1.0,0.5,0.5
1183,f75c55d9ba4635e013e8,NOUN,0.0,1.0,-1.0
1183,f75c55d9ba4635e013e8,PREP,1.0,1.0,0.0
1184,3bd9c91c5773d72aff3c,VERB,0.5,0.0,0.5
1184,703deb18e95ca29a6719,PREP,1.0,1.0,0.0
1184,703deb18e95ca29a6719,VERB,1.0,0.0,1.0
1186,d6d6b9d43fbcce8981c6,COMP,0.0,0.0,0.0
1186,e6357647dfe23f4df48b,COMP,0.0,1.0,-1.0
1187,053f1cd60010774c936d,ADVB,0.0,1.0,-1.0
1188,8181c897dcb23fb25961,COMP,1.0,1.0,0.0
1188,8181c897dcb23fb25961,PRCL,1.0,1.0,0.0
1189,af48ec05d1bdfa1a57e1,ADVB,0.0,1.0,-1.0
1189,e5b37e9da107d851326b,PREP,1.0,1.0,0.0
1190,35d8fc719a1e7c173a37,ADVB,0.0,1.0,-1.0
1190,76f10a1cdfef681ad510,ADVB,0.0,1.0,-1.0
1190,9aa4b3156fdd315a3477,ADVB,0.0,0.0,0.0
1190,9aa4b3156fdd315a3477,VERB,0.0,0.0,0.0
1191,651c088e4f48a95165ff,ADVB,0.0,1.0,-1.0
1194,1051a65d20bff6008151,ADJF,0.0,1.0,-1.0
1194,44d8596e014afa0a946a,ADJF,0.0,0.0,0.0
1194,bcd7bea1d7208bf18ef6,ADJF,0.0,0.0,0.0
1195,ff2483133ee5c036f27e,ADJF,0.0,1.0,-1.0
1197,41eb6a0ce764c2db0516,CONJ,1.0,0.0,1.0
1197,41eb6a0ce764c2db0516,NPRO,1.0,1.0,0.0
1197,9d12996398a6fe2506f4,PRCL,1.0,0.5,0.5
1197,ac7bb4b1ad0dfb702604,ADJF,0.0,0.0,0.0
1197,ac7bb4b1ad0dfb702604,NOUN,0.0,1.0,-1.0
1197,cb054f33289f68187566,NOUN,0.5,0.0,0.5
1197,cb054f33289f68187566,PRCL,1.0,1.0,0.0
1198,5c848440a453a3572bc3,NOUN,1.0,0.0,1.0
1198,5f727b70fd1229a52d3a,CONJ,1.0,1.0,0.0
1198,6ad0ec1ec247e96e5710,PRCL,1.0,1.0,0.0
1198,e2d93ae86dc87118de2c,ADVB,0.0,0.0,0.0
1198,e2d93ae86dc87118de2c,NOUN,0.5,0.0,0.5
1199,405cab1cd156f4f04cf3,CONJ,1.0,0.0,1.0
1199,50ce4a0e85873fe5bf46,ADJF,0.0,1.0,-1.0
1199,50ce4a0e85873fe5bf46,ADVB,1.0,0.0,1.0
1199,b9e5c50175c80c7afa9d,ADVB,0.6666666666666666,1.0,-0.33333333333333337
1199,c72eceeea9c83aba0feb,PRCL,1.0,0.0,1.0
1200,1885e3a2718e1ddbe8ef,CONJ,1.0,0.0,1.0
1202,af8b46b32b61cfa9ecbd,NOUN,1.0,1.0,0.0
1202,af8b46b32b61cfa9ecbd,PREP,0.0,1.0,-1.0
1202,b166b85f16151404947e,NOUN,0.0,0.0,0.0
1202,f28038a1c5bd0ce2b971,NOUN,1.0,0.0,1.0
1203,89540d9063744efd0085,PREP,1.0,1.0,0.0
1203,e55d89780e35d9a31fa6,PREP,1.0,1.0,0.0
1204,4dbc9446e5262fd0d1f1,NOUN,0.6666666666666666,1.0,-0.33333333333333337
1204,5b151a74cd9db37a0c6f,NOUN,0.3333333333333333,1.0,-0.6666666666666667
1204,a40f3246821c8c733b90,NOUN,0.6666666666666666,0.0,0.6666666666666666
1204,f61a8bc5876dc05907b6,NOUN,0.75,0.0,0.75
1204,f61a8bc5876dc05907b6,PREP,1.0,0.0,1.0
1205,41cc4c91c0095cb9f935,VERB,1.0,0.0,1.0
1205,8cb249553636d9275d2d,NPRO,0.0,0.0,0.0
1205,d769b2493e0af3c6dde2,NPRO,1.0,1.0,0.0
1205,d769b2493e0af3c6dde2,VERB,0.0,1.0,-1.0
1205,e198bc122a9a6a367ba5,VERB,1.0,1.0,0.0
1206,b9d13e3a5bb5244c1e9c,ADJF,1.0,1.0,0.0
1206,b9d13e3a5bb5244c1e9c,NOUN,0.0,0.0,0.0
1207,35790e2add641f1e102e,NOUN,0.6666666666666666,1.0,-0.33333333333333337
1207,930f123c3f0dcbd2462c,NOUN,0.5,1.0,-0.5
1207,c4d000c50ed9d577574e,NOUN,0.3333333333333333,0.0,0.3333333333333333
1208,0f544cb429b3a6aa3d40,NOUN,0.5,0.0,0.5
1208,546de91b062e6d78a980,NPRO,0.5,1.0,-0.5
1208,ba6b412cd72ec244087c,ADJF,0.0,1.0,-1.0
1208,c377c4f8d1920dbcf2be,NOUN,0.0,0.0,0.0
1209,086ea1e38941ca6486c7,NOUN,0.0,0.0,0.0
1209,975b40af6c0ab3a82610,INFN,1.0,0.0,1.0
1209,c22f027d648d05e815a0,NOUN,0.0,1.0,-1.0
1210,54c666702e577f0b1544,NPRO,1.0,1.0,0.0
1210,5dc101df502145e3c06b,NPRO,1.0,1.0,0.0
1210,644ca7902c5e646015f3,NOUN,0.0,0.0,0.0
1210,c8b2bc257e208c90338f,INFN,0.0,0.0,0.0
1210,e405754ea632d35394d5,NPRO,1.0,1.0,0.0
1211,0426fad361a45e12851f,NOUN,0.0,1.0,-1.0
1211,0fea69f4cddaa14d6ac7,NPRO,1.0,1.0,0.0
1211,d0d3236c42722d3be49d,ADVB,1.0,1.0,0.0
1211,e5f962654f2f4f4e9741,NPRO,1.0,0.0,1.0
1212,7462dfb66b95b9eb1bbf,NOUN,0.5,0.5,0.0
1213,51312460d61f9adb3fd2,NOUN,1.0,0.0,1.0
1213,51312460d61f9adb3fd2,VERB,1.0,1.0,0.0
1214,af5467d73df77358bc05,ADJF,0.0,0.0,0.0
1214,d1b4f0d48f9e9bb0e918,NOUN,0.0,0.0,0.0
1214,fd52cb3b7d392095fb29,ADJF,0.0,0.0,0.0
1215,1215ed3dc5ccb83899a1,NPRO,0.0,1.0,-1.0
1215,46a42016c29bda3e5710,NOUN,0.0,0.0,0.0
1215,e5a5a29d5d72319978b6,NOUN,0.0,0.0,0.0
1217,07266239627fb228855e,ADJF,0.0,1.0,-1.0
1217,07266239627fb228855e,NOUN,0.75,1.0,-0.25
1217,32675e5d90dc2595e1a3,NOUN,0.0,0.0,0.0
1218,b49672b521cd43b11387,CONJ,1.0,1.0,0.0
1218,cd01d40a02ea304ebb88,NPRO,1.0,1.0,0.0
1219,198a58c5fe8c0396dff6,NOUN,1.0,0.0,1.0
1219,ef3902c60d0934f89821,VERB,1.0,1.0,0.0
1225,740216bd09caeeb99a08,VERB,1.0,1.0,0.0
1225,f37e41aec38fc95540de,ADJF,1.0,1.0,0.0
1225,f37e41aec38fc95540de,NOUN,0.3333333333333333,0.0,0.3333333333333333
1226,6b32f12c099e46842701,NOUN,0.6666666666666666,0.0,0.6666666666666666
1226,7655289030c0b4748b87,NOUN,0.0,0.0,0.0
1226,79be2f2c750a3d22aff8,ADJF,0.0,0.0,0.0
1226,79be2f2c750a3d22aff8,NOUN,0.5,0.0,0.5
1226,b8b76c737bfd418159f0,NOUN,0.0,0.0,0.0
1226,b8b76c737bfd418159f0,PREP,1.0,1.0,0.0
1226,fce2586c5fefbbaca824,ADJF,0.5,1.0,-0.5
1226,fce2586c5fefbbaca824,VERB,1.0,0.0,1.0
1227,1ce10948b6f7d2d6a43c,ADJF,0.0,0.0,0.0
1227,1ce10948b6f7d2d6a43c,VERB,1.0,1.0,0.0
1227,4feeecfa11e419d80b75,NOUN,0.5,1.0,-0.5
1227,4feeecfa11e419d80b75,VERB,1.0,0.0,1.0
1227,5a4771397ca5fc184f90,ADJF,0.6666666666666666,1.0,-0.33333333333333337
1227,5a4771397ca5fc184f90,NOUN,0.0,0.0,0.0
1229,08a70889fb4894a9cd25,NOUN,1.0,0.0,1.0
1229,a65e0835509bfe9de806,NOUN,0.6666666666666666,0.5,0.16666666666666663
1229,e67d71c00e156b0d32d4,NOUN,0.0,1.0,-1.0
1230,00c0bc2505592fa83526,NOUN,0.0,0.0,0.0
1231,1aa8f4f1f247aac8ae8a,NOUN,1.0,1.0,0.0
1231,1aa8f4f1f247aac8ae8a,PREP,1.0,1.0,0.0
1231,e2993aff8f90f4d7b0b0,PREP,1.0,1.0,0.0
1231,e2993aff8f90f4d7b0b0,VERB,1.0,1.0,0.0
1232,4e761bf80864992f30c2,NOUN,0.3333333333333333,1.0,-0.6666666666666667
1232,5bb242267d0696fc80b3,ADJF,0.0,0.0,0.0
1232,aeb65ed53d690513191b,NOUN,0.0,1.0,-1.0
1232,b943ab421ba6430e28df,ADJF,0.0,1.0,-1.0
1232,ed36df7173100bac779a,NOUN,0.0,0.0,0.0
1232,ed36df7173100bac779a,PREP,1.0,1.0,0.0
1233,42343226ac9be5c59a72,NOUN,0.5,0.0,0.5
1233,4359719039a558216b2c,PREP,1.0,1.0,0.0
1233,6d2475d6d0b01cd188d8,ADJF,1.0,0.0,1.0
1233,6d2475d6d0b01cd188d8,NOUN,0.5,1.0,-0.5
1233,b5c5fd2e3d894ffb5ed1,NOUN,0.6666666666666666,0.0,0.6666666666666666
1233,c79b9983055b959413d5,NOUN,0.5,0.0,0.5
1234,184fb6db08cfb71f5024,PRCL,1.0,1.0,0.0
1234,e37794e334d524bf5aac,NOUN,0.5,0.0,0.5
1235,4e87afb8ff7e6c10a990,NOUN,0.5,1.0,-0.5
1235,70cb6a197fcad73c02af,ADJF,0.0,1.0,-1.0
1236,84004c83435b5d87a133,VERB,1.0,0.0,1.0
1236,8fe2ce4507b4b0fcf4bf,ADJF,1.0,1.0,0.0
1236,8fe2ce4507b4b0fcf4bf,CONJ,1.0,1.0,0.0
1236,b0e70a8d01efdeb5706a,CONJ,1.0,0.0,1.0
1237,2a70b98a2e73b6e9815d,CONJ,1.0,1.0,0.0
1237,c405fa267a9618bc04d0,ADJF,0.0,0.0,0.0
1238,2d325f0549ae70f95d3e,INFN,0.0,1.0,-1.0
1238,d659c78fefc322566d14,NOUN,0.0,1.0,-1.0
1238,d659c78fefc322566d14,NPRO,1.0,1.0,0.0
1238,de14731b30ba42c53b54,VERB,1.0,0.0,1.0
1239,5c84cc9c358895e773d7,CONJ,1.0,1.0,0.0
1239,6d75d8cf86f10ce50196,VERB,0.0,0.5,-0.5
1239,9c5380ba4a1537df0d42,CONJ,1.0,1.0,0.0
1242,676b4070f2c717b4647e,ADVB,0.5,0.0,0.5
1242,c0c47f460f776d278c27,CONJ,1.0,1.0,0.0
1242,c0c47f460f776d278c27,NOUN,0.5,1.0,-0.5
1244,6fd2a6a11fd73c1a9e24,NOUN,0.0,1.0,-1.0
1244,ae1a086feb9ed3f6f3e7,NPRO,0.5,1.0,-0.5
1245,353fa6302c517564beaa,NOUN,0.0,0.0,0.0
1245,5f704ef76843739483d3,NOUN,1.0,1.0,0.0
1245,5f704ef76843739483d3,PREP,1.0,1.0,0.0
1245,761b8319eaecba41e4ad,NOUN,1.0,0.0,1.0
1246,28f8116d46a6f1c3ebf7,VERB,0.0,1.0,-1.0
1246,cb480d8d6754eaa2cdb4,VERB,1.0,0.5,0.5
1247,40d7ee0e35ea8eed799c,ADJS,0.0,0.0,0.0
1249,1be2d8b13b362feccb4a,VERB,0.5,0.0,0.5
1249,774b43fb3a64e09e3316,CONJ,1.0,1.0,0.0
1249,774b43fb3a64e09e3316,VERB,0.5,0.0,0.5
1249,a1c01535ed1efa245f2d,CONJ,1.0,0.0,1.0
1250,e33a99df8a1db2314633,NOUN,0.3333333333333333,1.0,-0.6666666666666667
1251,1607fdb77e832cd0cece,NOUN,0.6,1.0,-0.4
1251,1607fdb77e832cd0cece,PREP,1.0,1.0,0.0
1252,25ca22c58feb75c9296a,PREP,1.0,1.0,0.0
1252,706b723ec422bd7dd50e,NOUN,0.3333333333333333,0.0,0.3333333333333333
1252,a24c42c4fce6c8b8f6c2,NOUN,0.0,0.0,0.0
1253,343698b367b48cb962ad,NOUN,0.6666666666666666,1.0,-0.33333333333333337
1253,4c5a1b8a7d215ce0cc2d,NOUN,1.0,0.0,1.0
1253,cb1ca4580a293f4bb734,VERB,0.0,0.0,0.0
1253,ccb15cf2372d002dec94,PREP,1.0,1.0,0.0
1253,ccb15cf2372d002dec94,VERB,0.0,1.0,-1.0
1254,c4ede22f2af54fd3597a,NOUN,1.0,0.0,1.0
1254,c4ede22f2af54fd3597a,NPRO,1.0,1.0,0.0
1254,e6460887fada3e9721b4,NOUN,1.0,0.0,1.0
1255,fe058e02acb7e01b5661,NOUN,0.6666666666666666,0.0,0.6666666666666666
1255,fe058e02acb7e01b5661,PREP,0.5,1.0,-0.5
1256,125b355349040199c26b,VERB,0.5,1.0,-0.5
1257,d85a6f540235b5e14bed,NOUN,0.0,0.0,0.0
1258,26dbf942df2805732393,ADJF,1.0,0.0,1.0
1258,26dbf942df2805732393,NOUN,1.0,1.0,0.0
1258,a9140ffe025036c2b4c7,NOUN,1.0,0.0,1.0
1258,a9140ffe025036c2b4c7,VERB,0.0,0.0,0.0
1258,c65f22ad2e70dbbd8008,PREP,1.0,1.0,0.0
1258,d59503867fde3bfc3010,NOUN,0.0,1.0,-1.0
1259,b45de993930be47f83be,ADJF,1.0,0.0,1.0
1259,b45de993930be47f83be,CONJ,0.75,1.0,-0.25
1259,e05322963e4115522b33,PREP,0.0,0.0,0.0
1259,e05322963e4115522b33,VERB,0.0,0.0,0.0
1259,fb4e15ae0a727137b834,CONJ,1.0,1.0,0.0
1259,fb4e15ae0a727137b834,VERB,0.0,1.0,-1.0
1260,3dd2f09c2d395e5cb615,NOUN,0.6666666666666666,1.0,-0.33333333333333337
1260,3dd2f09c2d395e5cb615,VERB,1.0,0.0,1.0
1260,8b642dd299f19a23916c,NOUN,0.25,1.0,-0.75
1260,a4427c2e94b4335060c6,CONJ,1.0,0.0,1.0
1260,a4427c2e94b4335060c6,VERB,1.0,0.0,1.0
1261,2e24c3989b0100311305,NOUN,0.3333333333333333,0.0,0.3333333333333333
1261,aa0e5815790052fba158,PREP,1.0,1.0,0.0
1261,b580a0af0631430f2d39,PREP,1.0,1.0,0.0
1261,ea17017f5ec78824efdf,PREP,1.0,1.0,0.0
1262,15460bab58feec4fd1b0,NOUN,0.3333333333333333,0.0,0.3333333333333333
1262,99736fa18a6090375bf2,VERB,0.0,0.0,0.0
1262,d88cc3c84412f5637a04,ADJF,0.0,0.0,0.0
1262,f055d47c98301ea5c6c9,ADJF,0.0,0.0,0.0
1264,a2900ec5eff75591d095,NOUN,0.0,0.0,0.0
1264,d9cc2070be7d13a7acb4,NOUN,0.0,1.0,-1.0
1265,41277aef9959307b808b,PREP,1.0,1.0,0.0
1265,5b2f74863650bf7f5122,PRCL,1.0,1.0,0.0
1265,5e4e7698800d06bb5cd2,NOUN,0.0,1.0,-1.0
1265,5e4e7698800d06bb5cd2,VERB,1.0,1.0,0.0
1266,6dba1357ae7ebdff6cf7,INFN,0.0,1.0,-1.0
1266,830b1abe1b366bdd7698,NOUN,0.6666666666666666,0.0,0.6666666666666666
1266,88a31d79d24cb354329b,PREP,1.0,1.0,0.0
1267,c0d4865fe7a749503bab,PREP,1.0,1.0,0.0
1267,e72cd64a4e70297ad8a1,NOUN,0.0,0.0,0.0
1268,4db4eeb220dc593ca6ec,NPRO,0.0,1.0,-1.0
1269,f5c7aeceaad64f516599,VERB,0.0,0.0,0.0
1270,a4879813c1ee06cc334d,NOUN,1.0,0.0,1.0
1271,01ee5255a84ad5e1740a,VERB,0.0,0.0,0.0
1271,608d2e54a9808faa931f,VERB,0.0,0.0,0.0
1271,a70604ddb39eaa176e71,VERB,1.0,0.0,1.0
1271,c8015a8ed2a2010113d4,NPRO,1.0,1.0,0.0
1271,c8015a8ed2a2010113d4,VERB,0.0,0.0,0.0
1272,5ef764fa9d4e14920ff2,INFN,1.0,0.0,1.0
1273,6673c6195b52de792825,NOUN,0.0,0.0,0.0
1273,6dd52b53464bbeee168b,NOUN,0.0,1.0,-1.0
1274,0d97bab31a7ec46dc89d,ADVB,0.0,0.0,0.0
1274,14aa5dc91317c64b07e8,VERB,1.0,0.0,1.0
1274,30b284b845727a1d6148,ADVB,1.0,0.0,1.0
1275,13e45b3293170e008841,VERB,0.0,1.0,-1.0
1275,d5c886d1ecf17e40838c,VERB,0.0,1.0,-1.0
1276,3862a5d1fbe858e9ac1a,VERB,0.0,0.0,0.0
1276,6e2b808b02dd5cb62c73,NOUN,1.0,1.0,0.0
1277,3df92496fda25dc0f207,VERB,0.0,1.0,-1.0
1277,43046d7931bf54ead6dd,NOUN,0.0,1.0,-1.0
1279,344f910ebf4a51262113,NPRO,0.6666666666666666,1.0,-0.33333333333333337
1279,344f910ebf4a51262113,VERB,1.0,0.0,1.0
1279,52be19a84bb3e90a2287,NOUN,0.6666666666666666,1.0,-0.33333333333333337
1279,9cfef39c6b5ef734ea3e,NOUN,1.0,1.0,0.0
1279,9cfef39c6b5ef734ea3e,PREP,1.0,1.0,0.0
1281,e6de5650840a5ce383c9,NOUN,0.0,1.0,-1.0
1281,e6de5650840a5ce383c9,VERB,0.0,0.0,0.0
1284,f886d96d212fa3d329e8,PREP,1.0,1.0,0.0
1285,398cb03ba2e09bedcedf,NOUN,0.75,0.0,0.75
1285,84d4b78a8730974b4119,NOUN,0.6666666666666666,0.0,0.6666666666666666
1285,84d4b78a8730974b4119,VERB,0.0,0.0,0.0
1287,95aacd973cadc3ae0e5e,NOUN,0.5,0.0,0.5
1287,95aacd973cadc3ae0e5e,VERB,1.0,1.0,0.0
1287,bf53ab3d914d1037297d,NOUN,0.0,1.0,-1.0
1287,f915d1f631767a438b32,NOUN,1.0,1.0,0.0
1288,82244582c485fe5a581a,PREP,0.5,0.0,0.5
1289,49799ad8a5d8fae24abf,NOUN,0.5,0.0,0.5
1289,d2ed70ab7c6662c21f80,PREP,1.0,1.0,0.0
1289,ff2874ec51edd8ea22eb,ADJF,1.0,1.0,0.0
1290,5c80471d9f3fdee8b151,ADJF,1.0,0.0,1.0
1290,5c80471d9f3fdee8b151,NOUN,0.0,0.0,0.0
1290,fa7c6222d04b2d2a8f2c,ADJF,1.0,0.0,1.0
1291,9d646dffaf8163fa10f2,PREP,1.0,1.0,0.0
1291,ab4afb785c1671d7be0b,NOUN,0.0,0.0,0.0
1291,ab4afb785c1671d7be0b,PREP,1.0,0.0,1.0
1291,e7cbf974117e4ecd389d,VERB,1.0,1.0,0.0
1292,108976030b6b345aaea2,NOUN,0.75,0.0,0.75
1292,fb58baca270df26fdc26,ADJF,0.0,0.0,0.0
1293,0e160edd994bc9646a95,VERB,1.0,0.0,1.0
1293,2d4baf6957f51d054292,NPRO,1.0,1.0,0.0
1293,904dfd4833703ce0ba3f,NPRO,1.0,1.0,0.0
1293,aae1ab2a5abd8a01168e,CONJ,0.0,0.0,0.0
1294,6e67c69495b580669ff2,NOUN,0.0,0.0,0.0
1294,6e67c69495b580669ff2,PREP,0.0,1.0,-1.0
1294,d4e5b228dae8beb107bf,VERB,0.0,0.0,0.0
1295,13900068ff2df1dbe08e,NOUN,1.0,0.0,1.0
1295,257f7c46dd2d26506975,NOUN,1.0,0.0,1.0
1295,35ac50789ae8130d7ec9,NPRO,0.0,1.0,-1.0
1295,72baef96bb4aa1ee28ef,VERB,1.0,1.0,0.0
1296,4f5bcb67f002012ed865,NOUN,0.5,0.0,0.5
1296,9d8f55b1b6cc407e89a4,NOUN,0.3333333333333333,1.0,-0.6666666666666667
1296,9d8f55b1b6cc407e89a4,VERB,0.0,1.0,-1.0
1296,ea55559bbeb6838ce49a,NOUN,0.0,0.0,0.0
1297,ca7903bb4aa3ed862ce6,NOUN,0.5,0.0,0.5
1297,cd192780a1671d64e4b7,ADVB,0.0,1.0,-1.0
1297,cd192780a1671d64e4b7,NOUN,0.5,0.0,0.5
1297,dc815c992b0dc5ada653,PREP,1.0,1.0,0.0
1298,953c51d1345997bb8f85,NOUN,0.0,0.0,0.0
1298,953c51d1345997bb8f85,VERB,0.0,0.0,0.0
1298,a1ccb262eaa94ce52ca8,ADJF,1.0,0.0,1.0
1298,a1ccb262eaa94ce52ca8,NOUN,1.0,1.0,0.0
1299,a22314885a5bef96f198,VERB,0.0,1.0,-1.0
1299,b1e5b0fc3d3d2a91aebb,NOUN,1.0,0.0,1.0
1299,efad3816ec0487fa5b13,NOUN,1.0,0.0,1.0
1299,efad3816ec0487fa5b13,PREP,1.0,1.0,0.0
1300,266ca7411702f583f8dd,VERB,0.0,0.0,0.0
1300,f69f15651cab7239a466,NOUN,0.5,1.0,-0.5
1300,f69f15651cab7239a466,VERB,1.0,0.0,1.0
1301,0f811d4e4e5c580986fe,CONJ,1.0,0.0,1.0
1301,0f811d4e4e5c580986fe,VERB,1.0,0.0,1.0
1302,2d4da750b75c5fc19542,PREP,1.0,1.0,0.0
1302,2d4da750b75c5fc19542,VERB,1.0,0.0,1.0
1305,1ed6702da4deac7a1f4d,VERB,0.0,0.0,0.0
1308,27ca6ee963d7f778b4d1,NOUN,0.5,0.0,0.5
1308,428940b13827f407a99f,PREP,1.0,1.0,0.0
1308,49a7e65110d8fe83c48f,NOUN,0.6666666666666666,1.0,-0.33333333333333337
1309,6ebd936308726f0dfae0,CONJ,0.8333333333333334,1.0,-0.16666666666666663
1309,6ebd936308726f0dfae0,NOUN,0.5,1.0,-0.5
1309,8daacec6d0938b4ba099,NPRO,1.0,0.0,1.0
1309,b4e21dd40191ebbed9ec,INFN,1.0,1.0,0.0
1309,b4e21dd40191ebbed9ec,NOUN,0.0,0.0,0.0
1309,e308dbae5d907b7825bf,NOUN,0.0,0.0,0.0
1309,e308dbae5d907b7825bf,VERB,0.0,0.0,0.0
1310,affa35436b659b07abbb,NOUN,0.0,0.0,0.0
1311,0c2fab0a38521d1bf3e3,NOUN,0.5,1.0,-0.5
1311,169deffadc442014064a,NOUN,1.0,0.5,0.5
1311,ac6649943ca81ab54d02,NOUN,0.6666666666666666,0.0,0.6666666666666666
1311,ac6649943ca81ab54d02,PREP,1.0,1.0,0.0
1311,c2c299d9212a052fb588,ADJF,0.3333333333333333,1.0,-0.6666666666666667
1311,c2c299d9212a052fb588,NOUN,0.6,1.0,-0.4
1313,ced6c7090c18a9f051fb,NOUN,0.3333333333333333,0.0,0.3333333333333333
1314,162470cfe8fb92251358,NOUN,0.0,0.5,-0.5
1314,daebc59f9d3c33378073,NOUN,1.0,0.0,1.0
1315,10f6017f5bdc14970493,NOUN,0.0,0.0,0.0
1315,590999d708105127d5c2,NOUN,0.5,0.0,0.5
1315,df101fd3f2f6093eb954,NOUN,0.5,1.0,-0.5
1316,3cd17659d0097866af5c,NOUN,0.25,0.0,0.25
1316,d30b1fa2bdc74eeec818,ADJF,0.0,1.0,-1.0
1316,d30b1fa2bdc74eeec818,PREP,1.0,1.0,0.0
1316,fcee14eeaa63fafbd9a9,NOUN,0.8,0.0,0.8
1317,1c858d97b894f038052f,NOUN,0.5,1.0,-0.5
1317,1c858d97b894f038052f,PREP,1.0,1.0,0.0
1317,47552100b755e819f6ff,NOUN,1.0,1.0,0.0
1317,b1fcead468ce42c22d9a,PREP,1.0,1.0,0.0
1317,b1fcead468ce42c22d9a,VERB,1.0,1.0,0.0
1317,c5f89e235fce17f1c080,NOUN,1.0,1.0,0.0
1317,c5f89e235fce17f1c080,NPRO,1.0,1.0,0.0
1317,f09fb55ddf7765b1644f,NOUN,1.0,0.0,1.0
1318,59e9895b064ccd47928a,PREP,1.0,1.0,0.0
1318,a375113c0edaef184900,ADJF,0.0,0.0,0.0
1318,a375113c0edaef184900,NOUN,0.6666666666666666,1.0,-0.33333333333333337
1319,3775cfa3d3e7124d54db,NOUN,0.0,0.0,0.0
1319,3913129627b83d7e9172,ADJF,0.25,0.0,0.25
1319,3913129627b83d7e9172,CONJ,1.0,1.0,0.0
1319,b0cda062bca60f85d030,NOUN,0.0,0.0,0.0
1319,b0cda062bca60f85d030,PREP,1.0,1.0,0.0
1319,cb0a48d750485fdeecff,NOUN,1.0,1.0,0.0
1320,241fae0a027bd068dcb0,VERB,0.0,1.0,-1.0
1321,a02446765ade166ae35e,NOUN,0.0,0.0,0.0
1322,3cb41a8cd965f8c7bfa5,CONJ,1.0,1.0,0.0
1322,6d70fb920b20d54198db,ADVB,0.0,0.0,0.0
1322,99510d1cdf8356161a39,NOUN,1.0,0.5,0.5
1323,1b8e4fb096ea49b55067,NOUN,0.0,0.0,0.0
1324,4c916ac33dda33edb4d7,NOUN,0.0,1.0,-1.0
1324,4c916ac33dda33edb4d7,VERB,1.0,0.0,1.0
1324,e3bf0d04027870c2ec34,ADJF,0.0,1.0,-1.0
1324,e3bf0d04027870c2ec34,NOUN,0.3333333333333333,0.0,0.3333333333333333
1325,1962fc98c5de5e5fb0a6,NOUN,0.0,0.0,0.0
1325,5123657b474e9162d1c8,ADJF,0.0,0.0,0.0
1325,5c5049e74a06f5bda417,ADJF,0.0,0.5,-0.5
1325,dd5a4ea4c07af2dd3283,NOUN,0.0,1.0,-1.0
1326,5340567c53234d6bb4d7,NOUN,0.0,0.0,0.0
1326,d6a7c4674be7e0291ad6,NOUN,1.0,1.0,0.0
1326,e4e97d969ec836fedaa9,NOUN,0.0,0.0,0.0
1327,05438804ee71800f3506,NOUN,0.0,0.0,0.0
1327,1a7c4a213290e5fbc095,NOUN,0.0,0.0,0.0
1327,c22d78285086ab01471b,NOUN,0.3333333333333333,0.0,0.3333333333333333
1328,19f0c2edf596ae6137fc,PREP,1.0,1.0,0.0
1328,a556c8123210e109bdd0,NOUN,0.3333333333333333,0.0,0.3333333333333333
1328,b622b5d717a727399abc,ADJF,1.0,0.0,1.0
1328,b622b5d717a727399abc,NOUN,0.3333333333333333,0.0,0.3333333333333333
1329,199aee98b44b41ca8df1,ADJF,1.0,0.0,1.0
1329,819d84b5e555d40213e1,PREP,1.0,1.0,0.0
1329,f9fadbe90855e4abdb4e,PREP,1.0,1.0,0.0
1330,a188e24e085a475c4bda,NOUN,0.5,0.0,0.5
1330,a188e24e085a475c4bda,PREP,1.0,1.0,0.0
1330,beec5c049788b58cbecf,ADJF,0.0,0.0,0.0
1330,beec5c049788b58cbecf,NOUN,0.25,0.0,0.25
1331,a895db7d162a68a38804,NOUN,0.4,1.0,-0.6
1331,af118f62dab6d40c6e88,NOUN,0.5,1.0,-0.5
1331,b840869e09c2e6248124,NOUN,1.0,0.0,1.0
1334,7e9576c04ef2e70b2f9a,NOUN,0.5,0.0,0.5
1334,b0bc60b717d0f8858659,CONJ,0.0,0.0,0.0
1335,6f60d1b4e4e12d8b0bef,NOUN,1.0,0.0,1.0
1335,7daa14ff6055f50598f0,ADJF,0.0,1.0,-1.0
1335,c3900db02a3000c00ffd,ADJF,0.0,0.5,-0.5
1338,7721ac42178fde16c548,ADJF,1.0,1.0,0.0
1339,14b9ce956016e9002112,NOUN,0.5,0.0,0.5
1339,41b0a19a9ac078fb1943,NOUN,0.0,1.0,-1.0
1339,7d6f98cc9a9f046990a3,NOUN,1.0,1.0,0.0
1339,e2df6d728099d441b485,NOUN,1.0,0.0,1.0
1340,f1f4dbbbf475e5277132,NOUN,1.0,0.0,1.0
1341,1935cf693b6d713dcf12,VERB,0.0,0.0,0.0
1341,d7a285b04766a28eec70,PRCL,1.0,1.0,0.0
1342,0c979292e49d1e0fe8ca,VERB,1.0,1.0,0.0
1342,25226101eed0b1776c17,NOUN,0.5,0.0,0.5
1342,c996de76b1869723e772,VERB,1.0,1.0,0.0
1342,e38e12bc1dd9bdd835fe,ADJF,1.0,1.0,0.0
1342,e38e12bc1dd9bdd835fe,NPRO,1.0,1.0,0.0
1343,0d98f39582385c68b9ba,ADVB,1.0,1.0,0.0
1343,0d98f39582385c68b9ba,CONJ,1.0,1.0,0.0
1343,487ffd89ee885dcb0a67,CONJ,1.0,1.0,0.0
1343,e9ffaed7e60261ed4515,ADVB,1.0,0.0,1.0
1344,d55595375aa5eb3fe8d9,NOUN,0.0,0.0,0.0
1344,d55595375aa5eb3fe8d9,VERB,0.5,1.0,-0.5
1345,251392a41d9826bcb1e5,NOUN,1.0,0.0,1.0
1345,cd8704f0926d45ca5ecc,VERB,0.0,1.0,-1.0
1345,dda7a38f3c8b2abc4fc3,NOUN,1.0,0.0,1.0
1346,32be9b9bc833ca85dee6,ADJF,1.0,1.0,0.0
1346,32be9b9bc833ca85dee6,NOUN,0.5,1.0,-0.5
1346,519d3627e4cbbc5f70f4,NOUN,1.0,0.0,1.0
1346,519d3627e4cbbc5f70f4,PREP,1.0,1.0,0.0
1347,bae6fa1197f6c57bc976,VERB,0.0,1.0,-1.0
1347,e5d0cf212f03e539ac9d,NOUN,0.4,0.0,0.4
1348,61c4e13c12ee8b9b82b0,ADJF,0.6666666666666666,0.0,0.6666666666666666
1348,61c4e13c12ee8b9b82b0,NOUN,0.8,0.0,0.8
1348,6597c9ab90a8730c479f,INFN,0.0,0.0,0.0
1348,6597c9ab90a8730c479f,VERB,1.0,0.0,1.0
1348,aceab1c28c24f55ecba6,ADJF,0.8,0.0,0.8
1348,aceab1c28c24f55ecba6,VERB,0.0,0.0,0.0
1348,b066ad44cee76cff8e2c,VERB,1.0,0.0,1.0
1349,0babf4457e8cf253a56c,ADJF,1.0,1.0,0.0
1349,c59239847fe786be8763,NOUN,1.0,0.0,1.0
1349,c59239847fe786be8763,VERB,1.0,0.0,1.0
1349,f8b193864a984d0c10b5,NOUN,1.0,0.0,1.0
1350,1fb7e49025db61cbc67c,NOUN,1.0,1.0,0.0
1350,1fb7e49025db61cbc67c,VERB,0.0,1.0,-1.0
1350,c04d2bb0bc7c6290f8e7,NOUN,0.5,0.0,0.5
1350,cd252c7fb831f5d8036d,NOUN,1.0,0.5,0.5
1351,35754cee36be8b6d6eaa,ADVB,1.0,1.0,0.0
1352,1ee59ff0a44701c957ce,VERB,1.0,1.0,0.0
1352,d3a076581f828c7d4e19,VERB,0.0,0.0,0.0
1352,f62886e576026bc74ee9,PREP,1.0,1.0,0.0
1353,c8b598071e231b124dbf,ADJF,0.0,1.0,-1.0
1354,2674147e1ea9d3db6c6b,NOUN,0.0,0.0,0.0
1354,86e1ffa0cf20d8448723,PREP,1.0,1.0,0.0
1354,9e18a0cc95bb739f19eb,NOUN,1.0,1.0,0.0
1354,aa51acb5cd653c884a04,NOUN,0.0,0.5,-0.5
1355,68ca88bf58aee2301882,PREP,1.0,1.0,0.0
1355,9abb577a6dcfe4337718,NOUN,0.5,1.0,-0.5
1355,9abb577a6dcfe4337718,PREP,1.0,1.0,0.0
1355,c157f535ef02be0b0cdf,NOUN,1.0,1.0,0.0
1355,e2771b2d6411fb974e05,NOUN,1.0,0.0,1.0
1355,e2771b2d6411fb974e05,PREP,1.0,1.0,0.0
1356,15c971f4d09ac2650678,NOUN,1.0,0.0,1.0
1356,3bf81d1dc6d1082b0484,NOUN,1.0,0.0,1.0
1356,5b7f87d9556ac225c8a6,NOUN,0.6666666666666666,1.0,-0.33333333333333337
1356,5b81a4da379baed40d2e,NOUN,1.0,1.0,0.0
1356,5c8036d603347ce1f00b,NOUN,1.0,0.0,1.0
1357,139a0e9cc569810719ec,VERB,0.0,1.0,-1.0
1357,4607667fed84972d5d63,INFN,0.0,1.0,-1.0
1357,4607667fed84972d5d63,NOUN,1.0,1.0,0.0
1357,7a9d5ef91ef6e569162e,NOUN,0.0,0.0,0.0
1357,a5ce78901d8da5ae2999,PREP,1.0,1.0,0.0
1359,88177730a0548c771c3e,NOUN,0.0,1.0,-1.0
1361,bfc991140ebab97294b3,NOUN,0.5,0.0,0.5
1361,bfc991140ebab97294b3,VERB,0.0,1.0,-1.0
1362,165e9c339975720b86f9,VERB,1.0,0.0,1.0
1362,6d20ac5527fcc3c74cfe,NOUN,0.25,1.0,-0.75
1363,06d35be977e61e9af52e,NOUN,0.0,0.0,0.0
1363,06d35be977e61e9af52e,PREP,0.6666666666666666,1.0,-0.33333333333333337
1363,3d78d85a2015e1ed2c4d,NOUN,0.0,0.0,0.0
1363,67620537a772850e17c7,PREP,1.0,0.0,1.0
1363,903716efe9fde80b9de5,NOUN,0.5,0.0,0.5
1363,a6e01dc1c5fa67eb26a5,PREP,1.0,1.0,0.0
1364,39990be29179a47b2931,ADVB,0.5,0.0,0.5
1364,39990be29179a47b2931,VERB,1.0,1.0,0.0
1364,72b0e59030c80f0d6842,NOUN,0.6666666666666666,0.5,0.16666666666666663
1364,82b506acc2ec5ec92a77,NOUN,0.6666666666666666,1.0,-0.33333333333333337
1364,82b506acc2ec5ec92a77,PREP,1.0,0.0,1.0
1364,df692d4f24003f45dc68,NPRO,0.5,1.0,-0.5
1365,8054ece7b5a6169f2609,NOUN,1.0,1.0,0.0
1365,a955357ef7d145a27f72,NOUN,0.5,1.0,-0.5
1365,a955357ef7d145a27f72,VERB,0.0,1.0,-1.0
1365,b375c4c2b334f682082f,PREP,1.0,1.0,0.0
1367,486c33284851240fa16b,NOUN,0.0,1.0,-1.0
1367,ef9e2cacebfa882128b5,NOUN,1.0,0.0,1.0
1367,ef9e2cacebfa882128b5,VERB,1.0,1.0,0.0
1368,a187e49145fc4a7eb210,ADVB,1.0,0.0,1.0
1368,c5868cfc682f3c1f1ab2,VERB,1.0,1.0,0.0
1370,f92071e61c953e4222b2,NOUN,1.0,1.0,0.0
1371,4b12b5c2299aee073c2b,NOUN,1.0,0.0,1.0
1371,5ab82330ff3338913931,NOUN,0.5,0.0,0.5
1371,dfc51cefff9257b3fb57,NOUN,1.0,1.0,0.0
1372,7f004770963353a83002,ADJF,0.0,0.0,0.0
1372,897399d2753d6a9b03fa,NOUN,0.0,0.0,0.0
1373,9b0e7329cf8bfaba5efa,NOUN,0.5,0.0,0.5
1373,9e1a174f5de77a404020,NOUN,0.0,0.0,0.0
1373,b1db375ea52d2ede9788,NOUN,0.0,1.0,-1.0
1374,04c84e4c32a0e848d254,VERB,1.0,1.0,0.0
1374,42c0118ae6b3efc07868,VERB,0.0,1.0,-1.0
1374,93dd48cbcb4a35a2e3aa,NOUN,1.0,0.0,1.0
1374,93dd48cbcb4a35a2e3aa,VERB,0.0,1.0,-1.0
1374,9d2ead19f251cd0df7ac,NPRO,1.0,1.0,0.0
1374,9d2ead19f251cd0df7ac,VERB,0.0,0.0,0.0
1375,1de1d34ae938c1e008ff,NOUN,1.0,0.5,0.5
1375,6594616bcf50bd5663b9,PREP,1.0,0.5,0.5
1375,69e74e7ae2e2982cfc56,VERB,0.0,1.0,-1.0
1375,713e7e69306bcab90d22,VERB,0.0,1.0,-1.0
1376,04f628ab5aedd4054b68,NOUN,0.5,1.0,-0.5
1376,d7210a149ad12e8a67a7,ADJF,0.0,1.0,-1.0
1377,12d7d888bf870ecc3057,NOUN,1.0,1.0,0.0
1377,71a6b20306d8bb5a7340,NOUN,1.0,0.0,1.0
1378,75628acda720230b676b,NOUN,0.6666666666666666,0.0,0.6666666666666666
1378,8945b7b9495c28f2e7af,NPRO,1.0,1.0,0.0
1378,8945b7b9495c28f2e7af,PREP,1.0,1.0,0.0
1379,110c21fd2ebbc2dac681,ADJF,0.0,1.0,-1.0
1379,110c21fd2ebbc2dac681,NOUN,0.0,0.0,0.0
1379,e9ee3ee25248628143dc,PREP,1.0,1.0,0.0
1379,f0c831a4ce10b9fd7670,NOUN,0.5,1.0,-0.5
1379,f99cbcb391e72fc69c45,PREP,1.0,1.0,0.0
1380,37b1d51fbfd0dbf9d3cb,NOUN,1.0,1.0,0.0
1380,37b1d51fbfd0dbf9d3cb,VERB,0.0,1.0,-1.0
1381,07f612c64b711313abea,PREP,1.0,1.0,0.0
1381,4b4aa78d513bc6ef2a6d,PREP,1.0,1.0,0.0
1381,89976f0c202fd20e26c5,VERB,1.0,1.0,0.0
1382,41935659e3634f068f82,NOUN,0.0,0.0,0.0
1382,9078409d0a468c8b95c9,NOUN,0.0,0.0,0.0
1382,ad0f1cc9604797ebba57,NOUN,0.0,0.0,0.0
1382,ad0f1cc9604797ebba57,PREP,1.0,1.0,0.0
1383,108ad66befd9ac1598bc,PREP,1.0,1.0,0.0
1383,2d89453843ab20c6a1c9,NOUN,0.0,0.0,0.0
1383,2d89453843ab20c6a1c9,VERB,0.0,1.0,-1.0
1383,8859815f3a9c84021f0a,NOUN,0.5,0.0,0.5
1383,ebe35eda0eb3d1e27db2,NOUN,1.0,1.0,0.0
1384,c58091b117bfd8bf6270,NOUN,0.5,0.0,0.5
1384,c58091b117bfd8bf6270,PREP,1.0,1.0,0.0
1385,81bb1db315c7b86c5d3a,PREP,1.0,0.0,1.0
1385,924b53f670e007f5d5c3,ADJF,0.0,0.0,0.0
1385,924b53f670e007f5d5c3,NOUN,0.0,0.0,0.0
1385,ca7fcc6a062e591af9f7,NOUN,0.0,1.0,-1.0
1385,ca7fcc6a062e591af9f7,PREP,1.0,1.0,0.0
1385,ff12bde868c9d6bff1d9,PREP,1.0,1.0,0.0
1386,2ed673f5c0a8ad95f236,NPRO,0.0,1.0,-1.0
1386,978fcffb89f9c63681e3,NOUN,1.0,1.0,0.0
1386,978fcffb89f9c63681e3,PREP,1.0,1.0,0.0
1386,ab26c09a4c72a40f865c,VERB,0.0,1.0,-1.0
1386,c4d73c30d10f829f5fd5,NOUN,0.0,0.0,0.0
1387,449d65bf3792a99a4173,NOUN,1.0,0.0,1.0
1388,fcc1db4ee658d2cd192f,NOUN,0.0,0.0,0.0
1389,74594564612e0e6f9b55,NOUN,0.0,0.0,0.0
1389,74594564612e0e6f9b55,PREP,1.0,1.0,0.0
1389,e8b0caf6b7956614dce3,NOUN,1.0,0.0,1.0
1389,e8b0caf6b7956614dce3,PREP,1.0,0.0,1.0
1391,0b5a4167bb7e8b5af88a,NPRO,1.0,1.0,0.0
1391,11d65fa30ff6cfbccbac,VERB,0.0,0.0,0.0
1394,e694cff14905206ac8cb,PREP,1.0,1.0,0.0
1395,2610905d825544c10fbd,NOUN,0.0,1.0,-1.0
1395,f2e8814b23bbf594ac87,NPRO,1.0,1.0,0.0
1395,f2e8814b23bbf594ac87,PREP,1.0,1.0,0.0
1397,80e1f47c9a87eb05f081,PREP,1.0,1.0,0.0
1397,c808e5af8a0c348050ae,NOUN,0.0,0.5,-0.5
1398,c0a0aeb42edb35ea4b26,NOUN,1.0,1.0,0.0
1399,29181f106d6186814592,NOUN,0.6666666666666666,0.0,0.6666666666666666
1399,29181f106d6186814592,PREP,1.0,0.0,1.0
1399,57e4f214b37e26cdd10e,NOUN,0.0,0.0,0.0
1399,c20b8f3ab7e3d3ea46f1,NOUN,0.0,0.0,0.0
1400,15fe5a01c7bfa0bf258d,NOUN,1.0,0.0,1.0
1400,15fe5a01c7bfa0bf258d,PREP,1.0,1.0,0.0
1400,2759dbf23543314669b2,NOUN,1.0,0.0,1.0
1400,e8f44e1dec4993888fd9,NOUN,0.5,0.0,0.5
1400,f9edcae721eed6a307cd,NOUN,0.0,1.0,-1.0
1401,3ecd6313719be49fd088,NOUN,0.0,1.0,-1.0
1401,402e3422a91e04d26c9a,NOUN,0.0,0.0,0.0
1401,c378c7f441caaa37176b,NOUN,1.0,1.0,0.0
1401,f619527f7931faa9fa86,NOUN,0.0,1.0,-1.0
1402,5ec0f5071c2dc4b05cff,PRCL,1.0,1.0,0.0
1402,5ec0f5071c2dc4b05cff,PREP,1.0,1.0,0.0
1402,e8dc2628df45ee69c138,NOUN,0.0,0.0,0.0
1403,36e9f44cb6003978abad,PREP,1.0,1.0,0.0
1403,613f9e1980fc200e0c6e,NOUN,1.0,0.0,1.0
1403,cacfa0188983e1ce6e6c,VERB,1.0,1.0,0.0
1404,9dee4f0c05bc54fd99a5,NOUN,0.5,0.0,0.5
1405,7c0f355ac63b26a88f1f,NOUN,0.5,1.0,-0.5
1405,8fb082727792cb82b44d,NPRO,1.0,0.0,1.0
1405,c1bc330585cf1e563931,NOUN,0.5,0.0,0.5
1405,c1bc330585cf1e563931,PREP,1.0,1.0,0.0
1406,f43591e04c75d03ac8d9,ADJF,1.0,1.0,0.0
1406,f43591e04c75d03ac8d9,NOUN,0.5,0.0,0.5
1407,13e4e3c694fb92aeeb14,CONJ,1.0,1.0,0.0
1407,13e4e3c694fb92aeeb14,NOUN,0.8333333333333334,1.0,-0.16666666666666663
1407,2554286a50e9668c80b9,ADJF,1.0,0.0,1.0
1407,acdb212cc3cf4f4e1c2f,NOUN,0.0,0.0,0.0
1408,451895a816e2bf4aaf62,NOUN,1.0,0.0,1.0
1408,54932d3f65a6103ad4cb,NOUN,1.0,0.0,1.0
1408,54932d3f65a6103ad4cb,VERB,0.0,0.0,0.0
1408,70eb5548cd0088a333d5,NOUN,1.0,0.0,1.0
1408,cd683b4a2c41fbc28ea5,VERB,1.0,1.0,0.0
1409,242c3ba36c2ecbd5b389,NOUN,1.0,1.0,0.0
1409,993bb0228153d0051861,NOUN,0.0,1.0,-1.0
1410,39a04641a5b4a753a8d0,NOUN,1.0,0.0,1.0
1410,39a04641a5b4a753a8d0,VERB,1.0,0.0,1.0
1410,42cc2ff511bf8113fbf3,NOUN,1.0,1.0,0.0
1410,6fad699b7785be5e6eef,NOUN,1.0,0.0,1.0
1410,6fad699b7785be5e6eef,VERB,1.0,0.0,1.0
1410,79df2235492d68f780ec,NOUN,1.0,0.0,1.0
1410,bb40e033009c01a79803,NOUN,0.0,1.0,-1.0
1411,4061685ee3abc4d2d367,NOUN,0.5,0.0,0.5
1411,420e8e799717a8f15a90,NOUN,1.0,0.0,1.0
1411,c17ca1c48862cc9cffd0,NOUN,0.0,1.0,-1.0
1412,0516d7b53beba4457853,PREP,1.0,1.0,0.0
1412,3efdaef7c32617f867b6,CONJ,1.0,1.0,0.0
1412,3fda2e7875c9127af85f,PREP,1.0,1.0,0.0
1412,3fda2e7875c9127af85f,VERB,1.0,1.0,0.0
1412,4d2ab14d5877e03be2d2,NOUN,0.3333333333333333,0.0,0.3333333333333333
1412,ded9915f16c75223a9d7,NOUN,1.0,1.0,0.0
1413,1c535900233805dbdce3,CONJ,1.0,1.0,0.0
1413,1c535900233805dbdce3,NOUN,1.0,1.0,0.0
1413,54b91c7412a51f75da95,NPRO,1.0,1.0,0.0
1413,a284b31d35f0c07c7c61,NOUN,0.5,0.5,0.0
1413,a7f2e0a7b96ad0599ee6,NOUN,1.0,0.0,1.0
1413,dc6030fa8ec4db7f6426,NOUN,0.3333333333333333,1.0,-0.6666666666666667
1414,e1c88fdc3024bde5c5ba,NOUN,0.0,1.0,-1.0
1415,fa0ad8c1f8cd89e886e0,PREP,1.0,1.0,0.0
1416,1f0ba0416c4d0be2899f,NOUN,0.0,0.0,0.0
1416,b1e9f9629dfbdd9018a4,NPRO,0.0,1.0,-1.0
1417,6147ddba713896725222,PREP,1.0,1.0,0.0
1417,95680320b8022d43885d,NPRO,1.0,1.0,0.0
1417,a70f336fd141eb66532f,NOUN,0.0,0.0,0.0
1418,9c3567f6664178a45dcc,NPRO,1.0,1.0,0.0
1418,f4820756231efe4f64e9,PRCL,1.0,1.0,0.0
1419,d012ab5e8a4422433511,PRCL,1.0,1.0,0.0
1420,134b98e3a1b7763c0cf7,NPRO,0.0,1.0,-1.0
1420,34e76bbcd0bffe14d3dc,NPRO,1.0,0.0,1.0
1420,34e76bbcd0bffe14d3dc,PREP,1.0,1.0,0.0
1420,4bf5b3b44f9b408d4abc,NPRO,0.5,1.0,-0.5
1420,af141d57206fc018423b,ADJF,0.0,0.5,-0.5
1421,0edf8a8c03dec8eb7227,VERB,1.0,0.0,1.0
1421,448b749be9c92fe83663,NPRO,1.0,1.0,0.0
1421,c576c33866a20c333053,PREP,1.0,1.0,0.0
1423,1b3e2135abc1df9b7030,NOUN,0.6666666666666666,0.0,0.6666666666666666
1424,4478404386c9a07453d6,NOUN,1.0,1.0,0.0
1424,7452a6498ea116e9b8f6,NOUN,0.75,0.0,0.75
1424,d6884f5415ce1d42e95e,NOUN,0.5,0.0,0.5
1425,4600e89aefff1b902a5a,VERB,1.0,1.0,0.0
1425,e4fce4e74e8312922bf8,ADVB,1.0,0.0,1.0
1426,79e65205ceaee43e586b,NOUN,1.0,0.0,1.0
1426,79e65205ceaee43e586b,VERB,0.0,0.0,0.0
1426,a330e589b8583d4683b8,NOUN,1.0,0.0,1.0
1427,eed9e9a0df2a205a7d4d,CONJ,1.0,0.0,1.0
1427,fd106c65970c2c029959,NOUN,0.0,0.5,-0.5
1428,b9f5a644b0a81c2cb45e,NOUN,0.75,0.5,0.25
1428,f41cfe64d5efc3e2025e,NOUN,0.5,1.0,-0.5
1429,b62ebd37c95debcfeb20,NOUN,0.0,0.0,0.0
1430,0a60f292b9f1c03b6613,NOUN,0.25,0.0,0.25
1430,12f283226c0b72e15e11,NOUN,0.3333333333333333,0.5,-0.16666666666666669
1431,af6eb1e3a3e846d10c27,PREP,1.0,1.0,0.0
1432,46e9a5203b04ca887a5b,NOUN,0.3333333333333333,1.0,-0.6666666666666667
1432,e56c4e415e70c614dc92,NOUN,0.3333333333333333,0.0,0.3333333333333333
1433,c22cc312138e10bbb96a,NOUN,0.0,0.0,0.0
1433,c22cc312138e10bbb96a,VERB,0.0,1.0,-1.0
1433,e8f7407b45f05dcfa582,NOUN,0.0,1.0,-1.0
1434,2c6e710715b4b2f9f0ed,ADVB,0.0,1.0,-1.0
1434,2c6e710715b4b2f9f0ed,NOUN,0.0,0.0,0.0
1434,b59e7a9221eea7053755,CONJ,1.0,1.0,0.0
1434,bf0cf7122613b9ff1415,NOUN,0.5,0.0,0.5
1434,bf0cf7122613b9ff1415,VERB,0.0,1.0,-1.0
1435,18e1382387195e107f19,NOUN,1.0,0.0,1.0
1435,7ab028b78f2afc8ea314,NOUN,0.25,1.0,-0.75
1435,7ab028b78f2afc8ea314,PREP,1.0,1.0,0.0
1435,ada555dfe0c8db5f0e38,PREP,1.0,1.0,0.0
1435,b6567d5270ef4072813c,VERB,0.0,0.0,0.0
1435,c1a0905b76099ccb962c,PREP,1.0,1.0,0.0
1437,5a084fdf96be89c5e3e2,NOUN,0.0,0.0,0.0
1438,252de888eddb344b2c44,NOUN,0.5,0.0,0.5
1438,ad5ce5a48fa15570f599,NOUN,0.5,0.0,0.5
1438,d39246ce0b0aa314b2d9,NOUN,1.0,1.0,0.0
1439,b6263f8dfc3f1e56962d,NOUN,0.0,0.0,0.0
1439,cca78197cd8fa3211a09,NOUN,1.0,1.0,0.0
1440,47d4fd1c6f184e0048c9,PRCL,0.5,1.0,-0.5
1441,6b428d1be46c691608dc,NOUN,1.0,0.0,1.0
1441,74bc7fd0a15f04f3a915,NOUN,1.0,1.0,0.0
1441,7f79e6205fcc8c3a3ccf,NOUN,1.0,0.0,1.0
1441,f525b204604fa29591f8,NOUN,1.0,0.0,1.0
1442,ced027de7c1749879628,CONJ,1.0,0.0,1.0
1442,fdc019aa8b2bc02b8724,CONJ,1.0,1.0,0.0
1443,294aeccabd8201c0c6a0,VERB,1.0,1.0,0.0
1443,4060734c88a45c48a03d,VERB,1.0,0.0,1.0
1443,ef0aa62e5c854ecc4008,CONJ,1.0,1.0,0.0
1444,19658f8ad7d281900085,CONJ,1.0,1.0,0.0
1445,b2ab8479f84990ace6c5,NOUN,0.0,0.0,0.0
1446,51b15d4a0ad5d9ac438c,NOUN,0.0,0.0,0.0
1446,b7ee8da3a367dcae06d3,NOUN,0.5,0.0,0.5
1449,69641c7a84e2d65d311f,PRCL,1.0,1.0,0.0
1449,69641c7a84e2d65d311f,VERB,1.0,1.0,0.0
1449,c35f07f4025368cc2c82,PRCL,1.0,0.0,1.0
1449,e0a75e3f903b824f4702,NPRO,1.0,1.0,0.0
1450,562e6f059fc088d36731,ADJF,1.0,1.0,0.0
1450,b57db8007dc42099dc3b,ADJF,0.5,1.0,-0.5
1450,b93d4fe6b812f135d7d6,PRCL,1.0,1.0,0.0
1452,6b0073b9f87a0ff8f23f,VERB,1.0,0.0,1.0
1452,975bfc6f062525af4c55,NOUN,0.0,0.0,0.0
1452,a172ca290c8a4f571f76,NOUN,1.0,0.0,1.0
1452,a1c0d5b00740e95f1067,PRCL,1.0,1.0,0.0
1453,2beb2b002693cd073068,NOUN,1.0,1.0,0.0
1453,2beb2b002693cd073068,PREP,1.0,1.0,0.0
1453,4546b45302a940953817,NOUN,1.0,0.0,1.0
1453,d4369373b088086d8500,PRCL,1.0,1.0,0.0
1454,33b8089f8f1673bf0b4d,NOUN,0.0,1.0,-1.0
1454,a784de2fd4400feca32d,NOUN,0.0,0.0,0.0
1455,41b8485053be1002760b,PREP,1.0,0.0,1.0
1455,94b9b7253509d3dd8c90,PREP,1.0,1.0,0.0
1455,b223987b89f3bde985af,NOUN,0.0,0.0,0.0
1456,18ff390366c7b9c84377,NOUN,0.0,0.0,0.0
1456,707a3bc2ebe52d40bb43,ADJF,0.0,1.0,-1.0
1456,707a3bc2ebe52d40bb43,PREP,1.0,1.0,0.0
1458,69cb702cc7162f97ca97,VERB,1.0,1.0,0.0
1460,3356c1bcbd5ac4f3fddd,VERB,0.0,0.0,0.0
1460,9fe1e660cb2416f8200e,VERB,0.0,0.0,0.0
1461,9e4953000e7466cd990d,NOUN,0.0,1.0,-1.0
1461,e8a8d131e25e56d12762,ADJF,1.0,0.5,0.5
1462,094aff6e8b8383505df5,VERB,0.0,0.0,0.0
1462,6c5ee5eb44fbb53f9c6b,NOUN,0.0,0.0,0.0
1462,6c5ee5eb44fbb53f9c6b,VERB,0.0,0.0,0.0
1462,809aee95c9639b94c827,NPRO,0.0,1.0,-1.0
1462,809aee95c9639b94c827,PREP,1.0,1.0,0.0
1462,ab5798e6f0779236cd7d,NOUN,0.5,0.0,0.5
1462,ab5798e6f0779236cd7d,PRTF,0.0,0.0,0.0
1463,6c815bd3ff42a3be3dd6,NOUN,1.0,0.0,1.0
1463,a784e1fe97cc3e70fd61,NOUN,1.0,1.0,0.0
1463,a784e1fe97cc3e70fd61,VERB,0.0,1.0,-1.0
1463,bc69b08c156b33ca8e73,NOUN,1.0,0.0,1.0
1463,f1b3fdcebd014b90cb37,NOUN,0.5,0.0,0.5
1464,999ce2b61d065798f19d,NOUN,0.0,0.0,0.0
1464,a86ebb80182f14fc7063,NOUN,0.0,0.0,0.0
1464,a86ebb80182f14fc7063,PREP,1.0,1.0,0.0
1464,c33269c4063731e9ba23,VERB,0.0,1.0,-1.0
1465,5f449790ee95f45aeced,ADVB,0.0,0.0,0.0
1465,5f449790ee95f45aeced,VERB,0.0,0.0,0.0
1465,8b1348b6f2f43d8759eb,ADVB,0.0,0.0,0.0
1465,8b1348b6f2f43d8759eb,VERB,1.0,1.0,0.0
1466,5bff9d9c7bbac7ed1932,ADVB,0.0,0.0,0.0
1466,c0747163926470009984,CONJ,1.0,0.0,1.0
1467,158e53c1cdcba7fd401a,VERB,1.0,0.0,1.0
1467,79aa5ac372a0d9b32e8d,ADVB,0.0,1.0,-1.0
1467,e8c43cf3f97cca20cb12,VERB,0.0,0.0,0.0
1468,71545f8fe0d68d2fdd51,NOUN,0.0,0.5,-0.5
1468,99172dbd2ef677c5f94a,CONJ,1.0,1.0,0.0
1468,b964ea01a55e7ff45f75,VERB,0.0,0.0,0.0
1468,f39047a35956fdb4fd55,NOUN,0.0,1.0,-1.0
1469,324064b5d8e5744e9090,NOUN,1.0,0.0,1.0
1469,e53cc066b2c83f12445d,INFN,1.0,1.0,0.0
1470,9759eea03efeb9760418,INFN,0.0,0.0,0.0
1470,cb566a46f7d676770087,ADVB,0.0,0.0,0.0
1471,5ae05bb4aeac87f9fe0b,NOUN,1.0,0.0,1.0
1471,675ba15cc3566f53f2cb,NOUN,1.0,1.0,0.0
1471,7d4e8fd05c7e289845a5,NOUN,1.0,0.0,1.0
1471,a1584ba1eb1821346ffd,NOUN,1.0,0.0,1.0
1471,cd9bfda407fe3e03578c,PREP,1.0,1.0,0.0
1472,1b11806f9334bda7bbb6,NOUN,1.0,0.5,0.5
1472,3da10d6a34ab7944cc62,NOUN,1.0,0.0,1.0
1472,3da10d6a34ab7944cc62,PREP,1.0,1.0,0.0
1472,9e6dd88cc4b4d0a5ece2,PREP,1.0,1.0,0.0
1472,a0863592ad6cedeb34b3,NOUN,1.0,0.0,1.0
1472,e5e3ab1ecb1aa5ea06a6,PREP,1.0,1.0,0.0
1473,4cee43abe59e82b344d2,ADVB,0.5,0.0,0.5
1473,6a434cec3792eb33f854,VERB,1.0,1.0,0.0
1474,34ae3aa8acff1553a156,ADVB,0.0,1.0,-1.0
1474,8d7d1d0d74b1788dde49,NOUN,0.5,0.0,0.5
1474,e9da1d2727aeb2d3d9bb,ADVB,0.0,0.0,0.0
1475,4fff00b452625d73b049,NOUN,0.0,0.0,0.0
1475,c0ea61e4311723f385aa,VERB,1.0,1.0,0.0
1476,d128fbfb8e64a9c34626,ADJF,0.0,1.0,-1.0
1477,a6c199b1f678c3ea160a,ADJF,0.0,0.0,0.0
1478,f95aca08bda5ec35327b,ADVB,0.0,0.0,0.0
1478,fc4027dbd2a116c1b084,ADVB,0.0,0.0,0.0
1478,ff4af8f180f5ff3e41f2,ADVB,0.0,0.0,0.0
1479,c1defba5db3b2cf87622,NOUN,0.0,0.0,0.0
1479,c1defba5db3b2cf87622,PREP,1.0,1.0,0.0
1480,6f76c2f1993f32a4c038,ADJF,0.0,1.0,-1.0
1480,6f76c2f1993f32a4c038,NOUN,0.0,0.0,0.0
1480,9cad1b7e8db8abb75f6e,ADVB,0.0,0.0,0.0
1481,0728b557e28f85be4a4e,CONJ,1.0,1.0,0.0
1483,56776d7ea1d3a41d348c,ADJF,0.0,0.0,0.0
1483,b69b4d3b1cc64802ec04,ADJF,0.0,1.0,-1.0
1484,055bee8ef182d790ccbf,NOUN,0.5,1.0,-0.5
1484,6d4955ac7e1ad3776121,NOUN,0.5,1.0,-0.5
1485,059e7093e0e2301ad8f4,NOUN,0.5,0.0,0.5
1485,6fa2d1fe49b69c3c964d,NOUN,0.6666666666666666,1.0,-0.33333333333333337
1485,7eee2f95e340098a6649,NOUN,0.0,1.0,-1.0
1485,d0b1a4df5b343fec470f,NOUN,0.0,0.0,0.0
1486,5e38eb83819b01d0d914,NOUN,0.5,0.0,0.5
1486,7fe26f5f0880f603f6d7,NOUN,0.0,0.0,0.0
1486,e5d2ebddfad371e1bc58,NOUN,1.0,1.0,0.0
1486,ef95def5add5870166fa,NOUN,1.0,1.0,0.0
1487,0955c577e6784370a731,NOUN,0.0,0.0,0.0
1487,5558604b5017c5b7cd16,NOUN,0.0,0.0,0.0
1487,d530713acde5373c76af,CONJ,1.0,1.0,0.0
1487,d530713acde5373c76af,NOUN,0.3333333333333333,0.0,0.3333333333333333
1487,ecb7e9f4f195014456b7,NOUN,1.0,1.0,0.0
1488,3f5a9e12a2e9366220f0,ADJF,0.0,1.0,-1.0
1489,d60b35ad858d8a2b976d,NOUN,0.0,0.0,0.0
1490,2de251536b09b25fcb9a,NOUN,0.0,0.0,0.0
1490,61a1129fcf497f4a24f1,NOUN,0.0,0.0,0.0
1491,95ce22e68446b40e8cc3,ADJF,1.0,0.0,1.0
1491,95ce22e68446b40e8cc3,NOUN,1.0,0.0,1.0
1491,db87fe4ac2d90bffa523,NOUN,0.0,1.0,-1.0
1491,df8e4f81a367db35e5e1,ADJF,0.0,0.0,0.0
1493,4f53aa0b0f84c6e2713d,NOUN,1.0,0.0,1.0
1493,52e43cae0095f400ef44,ADJF,0.0,1.0,-1.0
1493,e46a3cd58d4df89f6ca2,NOUN,0.0,0.0,0.0
1494,1307a270ab45b8c0ed38,ADJF,0.0,0.0,0.0
1494,1307a270ab45b8c0ed38,NOUN,1.0,0.0,1.0
1494,277523ce46cbcc6d6587,NOUN,1.0,1.0,0.0
1494,3ba443352ac8e4c0d8c9,ADJF,0.0,1.0,-1.0
1494,3ba443352ac8e4c0d8c9,NOUN,0.0,1.0,-1.0
1494,4203ff660f037e4494dc,NOUN,1.0,0.0,1.0
1494,ae6d38f466cc4e9d6623,NOUN,1.0,0.0,1.0
1495,4afa76d57b0afc702a7d,NOUN,1.0,1.0,0.0
1495,9201b7846018bfb4d2f0,ADJF,1.0,0.0,1.0
1495,9f4940f5d27cf2187d3e,ADJF,1.0,0.0,1.0
1495,a7cee2122b1940a9ca08,ADJF,1.0,0.0,1.0
1496,0c71a8ddd7114b2c2978,ADJF,0.0,1.0,-1.0
1496,230bc7b3049020767594,NOUN,1.0,1.0,0.0
1496,55dbd2b458e1fa621bf6,NOUN,1.0,1.0,0.0
1496,98caa668f330aa0c223f,NOUN,0.0,0.0,0.0
1497,753c0457ccbe43fa4762,NOUN,0.0,0.0,0.0
1497,eb93539011c91790b4c0,ADJF,0.0,1.0,-1.0
1497,f165593f04f1f1be2c24,ADJF,0.0,1.0,-1.0
1497,f1edd26d615426040e87,ADJF,0.0,1.0,-1.0
1497,f1edd26d615426040e87,NOUN,0.0,1.0,-1.0
1498,2a621ad535d149b64d6b,NOUN,0.0,0.0,0.0
1498,c0b06317e8609e2a8529,NOUN,1.0,0.0,1.0
1498,cc5d8d8bd84b39b5da12,ADJF,1.0,0.0,1.0
1498,cc5d8d8bd84b39b5da12,NOUN,1.0,1.0,0.0
1498,dee84e5057f4a04882af,NOUN,1.0,0.5,0.5
1498,fffeaf86f1f8bd0fd1e9,ADJF,0.0,0.5,-0.5
1499,4512ef9e4ad7bd0a5984,NOUN,0.0,0.0,0.0
1499,ab8224dc75932fb22e6d,ADJF,1.0,0.0,1.0
1499,c538ea42e2458a46b052,NOUN,1.0,1.0,0.0
1500,22398ae025ec0cfd4572,NOUN,0.0,1.0,-1.0
1500,8d8617ac19f05046c564,NOUN,1.0,0.0,1.0
1500,985b6e3608d0b9483c88,NOUN,1.0,0.0,1.0
1502,9b17dd444b71b18b7fe8,ADJF,0.0,0.0,0.0
1502,9b17dd444b71b18b7fe8,NPRO,0.5,1.0,-0.5
1502,ce6be88cac04ce9cf948,VERB,1.0,0.0,1.0
1503,aeb5e78b43ae60db5e62,ADVB,1.0,0.0,1.0
1505,5be9176a8aac32fb0fc9,ADVB,0.5,0.0,0.5
1507,09f64e7cc268a5b5e421,ADJF,1.0,0.0,1.0
1507,1b81470f6392aa2f6da9,ADJF,1.0,0.0,1.0
1507,1b81470f6392aa2f6da9,NOUN,1.0,0.0,1.0
1507,c8e7b88f301218a31ad6,ADJF,1.0,1.0,0.0
1507,c8e7b88f301218a31ad6,NOUN,0.0,1.0,-1.0
1508,48a05bd3542a83d7abf9,ADVB,0.0,0.0,0.0
1508,50627bf0700a6fd8fd3c,ADVB,0.0,1.0,-1.0
1508,50627bf0700a6fd8fd3c,NOUN,0.0,0.0,0.0
1508,b32c65304d0f76c85379,NOUN,0.0,0.0,0.0
1509,d4efbfc01409e27c1f2c,NOUN,1.0,1.0,0.0
1511,41db78e6848420a6413c,NOUN,0.0,0.0,0.0
1511,41db78e6848420a6413c,VERB,0.6666666666666666,0.0,0.6666666666666666
1511,f93736f5779950939f64,NOUN,0.5,0.0,0.5
1511,fb6fc3eeba38c964a5fd,VERB,1.0,1.0,0.0
1512,3eb6cf16d9542a8a7cb6,PRCL,1.0,0.0,1.0
1512,46e87e329e8b6ac577b8,PRCL,0.0,0.0,0.0
1512,bb5c19a9aee6f44a9605,VERB,0.0,0.0,0.0
1513,0b25ab6ebd46bbd0c818,ADVB,0.5,1.0,-0.5
1513,7ae11a29569b5adb7cd7,CONJ,0.0,1.0,-1.0
1513,8201d688edab1f3f6284,NPRO,1.0,1.0,0.0
1513,e9572ae30cd6982bbb5a,CONJ,0.0,1.0,-1.0
1514,a7f963541810128d6526,NOUN,0.0,0.0,0.0
1514,c2ae8eec6191176a97c9,NOUN,1.0,1.0,0.0
1515,8e7465d9aa68c4d51c92,VERB,0.0,0.0,0.0
1516,0ec58e71201af08f10bd,VERB,1.0,1.0,0.0
1516,48129f420b8500f8b622,NPRO,1.0,0.0,1.0
1516,48129f420b8500f8b622,VERB,1.0,1.0,0.0
1516,88924e8a40ff9757df54,VERB,0.0,1.0,-1.0
1516,cc27c87e20846024920d,NOUN,1.0,1.0,0.0
1516,cc27c87e20846024920d,PREP,1.0,1.0,0.0
1517,6f05bb971abd7ff698e0,NOUN,1.0,0.0,1.0
1517,6f05bb971abd7ff698e0,VERB,0.0,0.0,0.0
1517,9ee6f3ac76744748c131,NOUN,1.0,1.0,0.0
1517,f71434c7aab2ed3d3b8c,NOUN,0.0,0.0,0.0
1518,55d3828db84b8cc0bcb6,NOUN,1.0,0.0,1.0
1518,6389ce98e61c72c9dba9,NOUN,0.0,0.0,0.0
1518,6389ce98e61c72c9dba9,PREP,1.0,1.0,0.0
1519,3e380b0e8b02c60c6b99,NOUN,1.0,0.5,0.5
1519,42a92b745ab225106f07,NOUN,1.0,0.5,0.5
1519,4af71ede5e6cd39e8295,NOUN,0.0,1.0,-1.0
1519,761ca6b2867929a5841e,NOUN,1.0,0.0,1.0
1520,17db16aeabefa51a7c15,NOUN,1.0,1.0,0.0
1520,5a9dd5d4755cd7308c1e,NOUN,1.0,0.0,1.0
1520,6031ebb8a7e8cbb077db,NOUN,1.0,0.0,1.0
1520,6031ebb8a7e8cbb077db,PREP,1.0,1.0,0.0
1520,ce08d8ce67430c627a03,ADJF,1.0,1.0,0.0
1520,ce08d8ce67430c627a03,NOUN,1.0,0.0,1.0
1521,42fe8d3a8e6b80a8f2c3,NOUN,0.0,0.0,0.0
1521,42fe8d3a8e6b80a8f2c3,PREP,1.0,1.0,0.0
1521,e3f9aeae17cbbe47c4f1,NONE,0.0,0.0,0.0
1521,e3f9aeae17cbbe47c4f1,PREP,1.0,1.0,0.0
1521,efb51b5f36bd8445338a,PREP,1.0,1.0,0.0
1522,d23e1350a765d17676a8,NOUN,1.0,0.0,1.0
1522,d23e1350a765d17676a8,PREP,1.0,1.0,0.0
1522,f932df84273a9b60b6d1,NOUN,0.0,0.0,0.0
1522,f932df84273a9b60b6d1,PREP,1.0,1.0,0.0
1523,5705f1cc41d3ab254fdc,NOUN,0.0,0.0,0.0
1523,eec5f5092ed9b9c2d6dd,NOUN,1.0,0.5,0.5
1523,f2544e2245e50053b00a,NOUN,1.0,0.0,1.0
1523,f2544e2245e50053b00a,NPRO,0.0,1.0,-1.0
1524,21c3161a0183aee40f76,PREP,1.0,1.0,0.0
1524,2dd707181a470564abcb,PREP,1.0,1.0,0.0
1524,31c0d3a9a821661db8a2,PREP,1.0,1.0,0.0
1524,696fc979a642a7580567,NOUN,0.0,1.0,-1.0
1524,696fc979a642a7580567,PREP,1.0,1.0,0.0
1524,a7018440521f7d42834c,PREP,1.0,1.0,0.0
1526,2f7657435962c366020d,ADJF,0.5,0.0,0.5
1527,0bd9a6c329fa04cd194c,ADJF,1.0,1.0,0.0
1527,61d8a5ff6b047e9de827,NOUN,0.0,0.0,0.0
1527,fea7c376641ed8ff18d8,NOUN,0.0,0.0,0.0
1528,1ee181005a9912db8ed5,NOUN,0.0,1.0,-1.0
1528,8a3e8db77db1590c247e,PRCL,1.0,1.0,0.0
1529,0afcb8bcaf494511370c,NOUN,0.0,0.0,0.0
1529,0afcb8bcaf494511370c,VERB,0.0,0.0,0.0
1529,8407c529fb0e90ba2397,CONJ,1.0,1.0,0.0
1530,d59f1c2594d25cdcbafc,PREP,1.0,1.0,0.0
1531,3239bd7925e9828273a1,NOUN,0.5,1.0,-0.5
1531,349e36674231f812a409,NOUN,0.0,0.0,0.0
1531,b057e3dc30d323054697,NOUN,0.0,0.0,0.0
1532,10113e67f29d8ce7d146,ADJF,0.3333333333333333,1.0,-0.6666666666666667
1533,951eaeb72527d696611b,NOUN,0.0,0.0,0.0
1533,bae221774c41f31b197c,PREP,1.0,1.0,0.0
1533,e9aa24743e3d7a76bdbd,NOUN,1.0,0.0,1.0
1534,2ee7a85b97aa0776bf6c,NOUN,0.0,0.0,0.0
1534,54fa0888d0f9e8a3c8b8,PREP,1.0,1.0,0.0
1534,75f159138ba97d5a5543,PRCL,1.0,0.0,1.0
1534,7eaabd93123865ce1735,NOUN,1.0,0.0,1.0
1535,c8e5b593bb418c5afede,NOUN,1.0,0.0,1.0
1535,c8e5b593bb418c5afede,NUMR,1.0,1.0,0.0
1535,fd0a1ec1cbd5afcd2bc0,NOUN,1.0,0.0,1.0
1535,fd0a1ec1cbd5afcd2bc0,PREP,1.0,1.0,0.0
1536,1036d1346a58c68a7359,PREP,1.0,1.0,0.0
1536,1036d1346a58c68a7359,VERB,0.0,0.0,0.0
1536,d1a253d5807ad1b7808b,NOUN,0.0,0.0,0.0
1537,2ecb95d13db4bd750d4b,NOUN,0.0,0.0,0.0
1539,4a1f4924c34ff07116de,NOUN,1.0,1.0,0.0
1539,4a1f4924c34ff07116de,VERB,0.0,0.0,0.0
1539,604a27d5dcc6705561d7,NOUN,0.6666666666666666,1.0,-0.33333333333333337
1539,604a27d5dcc6705561d7,PREP,0.5,1.0,-0.5
1539,7d3f5966a2247624c82d,ADJF,0.0,0.0,0.0
1539,7d3f5966a2247624c82d,PREP,1.0,1.0,0.0
1540,cd27569e10978f83fcb5,ADVB,0.0,1.0,-1.0
1540,cd27569e10978f83fcb5,NOUN,0.0,1.0,-1.0
1540,ff7a8563f510a6018844,NONE,0.0,0.0,0.0
1540,ff7a8563f510a6018844,NOUN,0.0,0.0,0.0
1541,769ce84fb45c0a352f1f,ADJF,0.0,0.0,0.0
1541,769ce84fb45c0a352f1f,NOUN,0.6,0.0,0.6
1541,8106d017c5b7e0d3f888,ADJF,1.0,1.0,0.0
1541,fb901eedb373e3596028,CONJ,1.0,1.0,0.0
1542,d26d14df02fad9f47d39,ADVB,0.5,0.0,0.5
1543,4eb2a491cc74f9f23d95,NOUN,0.0,0.0,0.0
1543,a0d0267362ba45a02b7f,NOUN,0.0,1.0,-1.0
1543,b37d44b59f409a0334c0,NOUN,1.0,1.0,0.0
1543,b8f1b6228e529370f918,NOUN,0.3333333333333333,1.0,-0.6666666666666667
1543,ced0599db500b656ed75,NOUN,1.0,1.0,0.0
1544,93b53c3a05eb18710ca0,NOUN,1.0,0.5,0.5
1544,9f25fc9a77df462e2169,NOUN,0.0,0.0,0.0
1544,a04f3539c42629656b93,NOUN,1.0,0.0,1.0
1544,a04f3539c42629656b93,PREP,1.0,1.0,0.0
1544,a13640742f8298b78b65,INFN,1.0,1.0,0.0
1544,a13640742f8298b78b65,PREP,1.0,1.0,0.0
1544,af9d9c435ee6548e40d9,VERB,0.0,0.0,0.0
1545,e83e6aabcb048882bcaa,NPRO,1.0,1.0,0.0
1546,1dbb10a35e312b411c9e,ADVB,0.0,1.0,-1.0
1546,2fed3b0f6e1a63167488,NOUN,0.25,0.0,0.25
1546,6c6f2f000a48d408bc66,NOUN,1.0,1.0,0.0
1547,2ff156d2d13f0abca396,ADJF,1.0,0.0,1.0
1547,2ff156d2d13f0abca396,PREP,1.0,1.0,0.0
1547,30fa024dfadb554ece5f,NOUN,0.0,0.0,0.0
1547,7470efdfeb15dab21cc2,NOUN,0.6666666666666666,1.0,-0.33333333333333337
1547,ecdd5db3599c3c187643,NOUN,0.5,1.0,-0.5
1548,0e1f4c90d04ea3e937bb,ADJF,1.0,0.0,1.0
1548,0e1f4c90d04ea3e937bb,NOUN,0.3333333333333333,0.0,0.3333333333333333
1548,2752228f9b03e19bee77,NOUN,0.3333333333333333,0.0,0.3333333333333333
1548,9135cd936e43e293af74,NOUN,1.0,1.0,0.0
1548,e83d49426226b98abb08,NOUN,0.3333333333333333,0.0,0.3333333333333333
1549,6b1c540ee564eaebc56d,NOUN,1.0,1.0,0.0
1549,a24a0a836618102b8bec,NOUN,1.0,0.0,1.0
1550,21a705ae47bd4396f3fa,NOUN,1.0,0.0,1.0
1550,3a68ee7eefb4204fa255,NOUN,0.75,1.0,-0.25
1550,5885ee9276d3211ad1cb,NOUN,1.0,1.0,0.0
1550,6cc9221f4e70c5d23267,NOUN,0.5,0.0,0.5
1550,bd96df0013af677457f1,NOUN,1.0,0.5,0.5
1551,010dfe6643c4040b9815,NOUN,1.0,1.0,0.0
1551,010dfe6643c4040b9815,PREP,1.0,1.0,0.0
1551,215961b9da0cbaa33d29,VERB,1.0,1.0,0.0
1551,279fe7bac8d129ad5ea2,NOUN,1.0,0.0,1.0
1551,76e7db2efebcd91a3122,NOUN,1.0,1.0,0.0
1552,0efb69968d951947d185,NOUN,0.5,0.0,0.5
1552,832d5e84809a63913db4,PREP,1.0,1.0,0.0
1552,87916ad1313913f76ef4,NOUN,0.5,0.0,0.5
1552,c037f7b2e7bd3d591a00,NOUN,0.6666666666666666,1.0,-0.33333333333333337
1553,086a5e1f8bce625dadea,PREP,1.0,1.0,0.0
1553,53fc9813ef9769540ffb,NOUN,1.0,1.0,0.0
1553,7dcd431a50587ffe16f9,NOUN,1.0,1.0,0.0
1554,24c491c5a16029fc5d7a,PREP,1.0,1.0,0.0
1554,277fae857b370fb20aa5,NOUN,1.0,1.0,0.0
1554,41503723b1e6a3e2cce0,NOUN,1.0,0.0,1.0
1555,1cd0d7364d6b1abca645,NOUN,0.5,0.0,0.5
1555,1cd0d7364d6b1abca645,PREP,0.0,1.0,-1.0
1555,3d8539fd8d40a5c21095,NOUN,0.0,0.0,0.0
1555,f3e73464a41c1260fe5f,PREP,0.0,1.0,-1.0
1556,a074527de781f3718d16,NOUN,1.0,0.0,1.0
1557,405e10ffb7f88f38e203,NOUN,0.75,0.0,0.75
1557,d8a71a01646c48eabc15,NOUN,0.75,0.0,0.75
1558,b7066a097dcfa374d462,NPRO,1.0,1.0,0.0
1558,cc8814d987eca611bf6e,NOUN,0.3333333333333333,0.5,-0.16666666666666669
1558,f4ca39dd07fcc4dabd4e,NONE,0.0,0.0,0.0
1558,f4ca39dd07fcc4dabd4e,PREP,1.0,1.0,0.0
1559,023995b97f7187aaad61,NOUN,0.75,0.0,0.75
1559,023995b97f7187aaad61,PREP,1.0,1.0,0.0
1559,23e8ad3b8cfac41aa120,NOUN,1.0,0.0,1.0
1559,6c8a70c3245cee4c8251,NOUN,0.5,0.0,0.5
1559,d33894af99863e2571ac,PREP,1.0,1.0,0.0
1561,5b4c028ab176f6f33df9,NOUN,0.5,0.0,0.5
1561,80d8174e790e9990aea3,NOUN,1.0,0.0,1.0
1561,eef8bbcf3aba33fa2c36,NOUN,1.0,0.0,1.0
1562,0ca01459d6a520387386,PREP,1.0,1.0,0.0
1562,0ca01459d6a520387386,VERB,0.0,0.0,0.0
1562,b5982b2b95ac202b4b39,NOUN,0.0,0.0,0.0
1562,b724598522e01b737621,VERB,0.0,1.0,-1.0
1563,72ab7f8def65cd2cc926,NOUN,0.0,1.0,-1.0
1563,ad33335253db50e2e0f8,NOUN,1.0,1.0,0.0
1563,ec4f8e1b256e4de2ab2e,NOUN,0.0,0.0,0.0
1564,6ae317f42cccca968906,NOUN,1.0,0.0,1.0
1564,6ce6cba6b2f601a353bf,NOUN,1.0,0.0,1.0
1564,9a3e9812f4e8ab55dd56,NOUN,0.0,0.0,0.0
1564,dbea5a494220a0e31741,NOUN,0.0,1.0,-1.0
1564,dedfe81098a916da3dac,NOUN,1.0,0.0,1.0
1565,220b68e777593f0b4618,ADJF,1.0,0.0,1.0
1565,988b0a7e2de4f8dcd8cb,NOUN,1.0,0.0,1.0
1565,988b0a7e2de4f8dcd8cb,PREP,1.0,1.0,0.0
1565,d0ad746d6bb27252b9c7,PREP,1.0,0.0,1.0
1565,d4834c913a716b033356,NOUN,1.0,0.0,1.0
1566,5518043706f10d0d9e2a,NOUN,0.0,0.0,0.0
1566,5518043706f10d0d9e2a,VERB,0.0,1.0,-1.0
1566,eb204438ade4f3f8e9a8,NOUN,1.0,0.5,0.5
1567,82528f4ad3d9103aa077,PREP,1.0,1.0,0.0
1567,bf5b94cd0ad3799eface,NOUN,0.0,0.0,0.0
1568,aa6d44dca3f16bcb159e,NOUN,0.5,0.0,0.5
1568,c68c2950e918b23cd18a,ADVB,0.0,0.0,0.0
1568,c68c2950e918b23cd18a,VERB,0.0,0.0,0.0
1568,f0f9e59c3f5571cdf532,NOUN,1.0,0.0,1.0
1569,39a05cf3d228b3f265aa,NOUN,0.5,0.0,0.5
1569,4756074cd7875a8c4ea7,NOUN,0.5,0.0,0.5
1569,dd32e13cf8db7f25f288,PREP,1.0,1.0,0.0
1570,26e135e758ae3a40f9a9,ADJF,0.0,0.0,0.0
1570,89f29c9be53af9dfb633,VERB,1.0,0.0,1.0
1570,8fe2bf2d230fd8911bee,VERB,0.0,1.0,-1.0
1570,e1fa3551ae73f6a81573,NOUN,0.5,1.0,-0.5
1571,83b7eb1bb95de6566e5c,NOUN,1.0,1.0,0.0
1571,fe700aaca2c76e1750ff,PREP,1.0,1.0,0.0
1572,ca983c153e1695d65eb9,ADJF,1.0,0.0,1.0
1573,32ac3b42e17b70b6f6db,ADJF,1.0,0.0,1.0
1573,32ac3b42e17b70b6f6db,NOUN,1.0,0.0,1.0
1573,39c5ba195c93a59a46b8,NOUN,1.0,0.0,1.0
1573,e00e02b1ba9fb543f353,PRCL,1.0,0.0,1.0
1573,f28f5bfe350909660ccf,NOUN,0.0,0.5,-0.5
1574,b064d5f34b1ef3bdb451,NOUN,0.6666666666666666,0.0,0.6666666666666666
1574,d9b8d59645ebd0ecfbe5,NOUN,0.5,0.0,0.5
1574,fdf0cb2af83ce12278c1,NOUN,1.0,0.0,1.0
1575,918a6478034e67ba07e4,INFN,0.0,0.0,0.0
1575,918a6478034e67ba07e4,NOUN,0.5,0.0,0.5
1575,e6e702a9223fca3da395,NOUN,0.0,1.0,-1.0
1575,e6e702a9223fca3da395,VERB,0.0,0.0,0.0
1575,f66db544756df87e8fd1,NOUN,1.0,1.0,0.0
1576,2bf53435bc6116bd4954,VERB,1.0,0.0,1.0
1576,39e1e1e0c21a72f00250,NOUN,1.0,1.0,0.0
1576,72505bae019f9142b70d,NOUN,0.75,0.0,0.75
1576,8f06754a319cfef76231,NOUN,0.0,1.0,-1.0
1576,f64142c0f6f784595968,NOUN,0.0,1.0,-1.0
1577,29a8bc29073cd333ec36,VERB,1.0,0.0,1.0
1577,56210d68901a32e042d4,NOUN,0.0,0.5,-0.5
1577,946d4a39b5fab5627a3c,PREP,1.0,1.0,0.0
1577,eec6db6ced3809f9377e,VERB,1.0,0.0,1.0
1578,65d9c3d17324628a4964,NOUN,1.0,1.0,0.0
1578,65d9c3d17324628a4964,PREP,1.0,1.0,0.0
1578,9a1b225e1ed84c9cc2b7,PREP,1.0,1.0,0.0
1578,9c86885e2c2bf07031cc,VERB,0.0,0.0,0.0
1578,ae250c6612f1a6005a22,PREP,1.0,1.0,0.0
1578,ae250c6612f1a6005a22,VERB,1.0,0.0,1.0
1579,44ccf995a0b7e8c124e1,NOUN,1.0,0.0,1.0
1579,f2bc61bfeed4d17f9576,VERB,1.0,1.0,0.0
1579,f5cfb86f445cbd47c004,NOUN,1.0,0.0,1.0
1580,3e85df91c37ced750dae,NOUN,0.5,0.5,0.0
1580,6112bc6625bd945f85ca,ADJF,1.0,1.0,0.0
1580,6112bc6625bd945f85ca,PREP,1.0,1.0,0.0
1580,aaab8916a8d3628a5b99,ADJF,0.5,1.0,-0.5
1581,708f591af0e5a5c4e32e,NOUN,0.5,0.0,0.5
1581,7f4406f676d43a5a33cb,NOUN,1.0,0.0,1.0
1581,9186d265de13cdef57f6,NOUN,1.0,1.0,0.0
1581,9186d265de13cdef57f6,PREP,1.0,1.0,0.0
1581,de7cdfd167a4b99f9bc2,NOUN,1.0,0.0,1.0
1582,60f777a36b8acdc58107,NOUN,0.5,0.0,0.5
1582,60f777a36b8acdc58107,PREP,1.0,1.0,0.0
1582,7376b53f1241a0044da1,ADJF,0.0,0.0,0.0
1582,7376b53f1241a0044da1,NOUN,0.6666666666666666,1.0,-0.33333333333333337
1584,202d6b72ce02eb310040,PREP,1.0,1.0,0.0
1584,9858f33609c4de7748c1,NOUN,1.0,0.5,0.5
1584,b883eb7522ff26a83e25,NOUN,0.5,0.0,0.5
1585,3dcf250a2936559c6253,VERB,0.5,1.0,-0.5
1585,8a7ea75126dbdb58ee1c,VERB,0.0,1.0,-1.0
1585,c89bd6f3d04b345664e3,ADVB,1.0,1.0,0.0
1586,6c434c77175d71e74ea4,VERB,0.0,1.0,-1.0
1586,98c77936d6c191c46a02,VERB,0.0,1.0,-1.0
1587,27bae0ef39e943b5cb25,NOUN,0.3333333333333333,0.0,0.3333333333333333
1587,69733954c5c3d3d8344e,ADJF,0.5,0.0,0.5
1587,69733954c5c3d3d8344e,NOUN,1.0,0.0,1.0
1587,9e51296e75de1c2681d9,NOUN,1.0,1.0,0.0
1588,1eb803294b89f06eb938,PRCL,1.0,1.0,0.0
1588,a72f50193b71f6f3be61,NOUN,1.0,0.0,1.0
1589,0f976c939879e8cde6f5,NOUN,1.0,0.0,1.0
1589,cd5979fe22f1ee272b9b,NOUN,0.6666666666666666,0.0,0.6666666666666666
1589,cd5979fe22f1ee272b9b,PREP,1.0,1.0,0.0
1590,0a35c39be846173cd6ac,PREP,1.0,1.0,0.0
1590,0a35c39be846173cd6ac,VERB,0.0,1.0,-1.0
1590,1d404256830c6f4256a0,ADVB,0.0,1.0,-1.0
1590,42cec84c1fe4b34b6ae1,ADVB,0.0,1.0,-1.0
1590,42cec84c1fe4b34b6ae1,VERB,1.0,0.0,1.0
1592,08c46aab2228a3901b2f,NOUN,0.0,1.0,-1.0
1592,20cae1d2f81ba628537f,ADJF,1.0,0.0,1.0
1592,b31e64dae6ed68663daa,NOUN,0.0,1.0,-1.0
1592,b31e64dae6ed68663daa,NPRO,1.0,1.0,0.0
1592,c9e3d992aa5bc7f31de2,NOUN,1.0,0.0,1.0
1593,707fc8f680d799a5c52a,ADVB,0.5,0.0,0.5
1593,eb170871febbb7d0b2fa,ADVB,0.0,1.0,-1.0
1594,562520ea9b2027dc1e6c,NOUN,1.0,0.0,1.0
1594,94c8699dc137dfb93f41,NOUN,1.0,0.0,1.0
1594,94c8699dc137dfb93f41,VERB,1.0,0.0,1.0
1594,974ea4b4ec936f229327,PREP,1.0,1.0,0.0
1594,a671e0ce37a5615b63cc,PREP,1.0,1.0,0.0
1595,4eebe47d6499f4e662fb,NOUN,0.0,1.0,-1.0
1596,3749744af385f2ec4826,NOUN,1.0,1.0,0.0
1596,447b5dbe860bc8728c82,VERB,0.0,1.0,-1.0
1596,58d06579dd0928922caa,NOUN,0.0,0.0,0.0
1596,58d06579dd0928922caa,PREP,1.0,1.0,0.0
1596,74ef45886f99d9fa0b82,ADVB,0.0,0.0,0.0
1597,64d962da07f565c0aa03,ADVB,0.0,1.0,-1.0
1597,d397ebd71ca78728358a,ADVB,0.0,0.0,0.0
1597,fa7e94972bd1dcf06334,NOUN,0.0,0.5,-0.5
1599,46e992c610ac053a72cf,NOUN,0.0,0.0,0.0
1599,bc44145cd9c4b9043ed1,NOUN,0.0,0.0,0.0
1599,f5c0dc525400c346a01a,VERB,0.0,1.0,-1.0
1600,26c7000ef7e04028a044,NOUN,0.0,1.0,-1.0
1600,3f796c1e16e6c4a2af29,NOUN,0.5,0.0,0.5
1600,c35294ec858413bc645e,NOUN,0.0,0.0,0.0
1600,fe59d10180c16f344ff9,NOUN,0.5,1.0,-0.5
1601,2d1933b4515a8dbff915,NOUN,0.0,1.0,-1.0
1601,6a73239e0ca23a968251,VERB,0.0,1.0,-1.0
1601,9edf35985211bdd61fc3,NOUN,0.0,1.0,-1.0
1601,e53e7baea789f0a29d0d,VERB,1.0,1.0,0.0
1602,0543327206adf990a4a0,ADJF,0.0,0.0,0.0
1602,0543327206adf990a4a0,NOUN,0.0,1.0,-1.0
1602,437405ca51e324f3c6f2,NOUN,0.0,0.5,-0.5
1602,649cc9e838f0c87e21ef,NOUN,0.0,0.0,0.0
1602,c67b56a4ef6e0dc0b1d8,VERB,0.5,1.0,-0.5
1602,e7489e9bc9a30e620200,VERB,1.0,1.0,0.0
1603,be885acf8adf3fc43f12,NOUN,0.0,0.0,0.0
1603,dd46f6f2a7980f45d939,ADVB,1.0,1.0,0.0
1603,dd46f6f2a7980f45d939,VERB,0.0,1.0,-1.0
1604,420cf18bdfa85fc18009,NOUN,1.0,1.0,0.0
1604,420cf18bdfa85fc18009,VERB,1.0,0.0,1.0
1604,7130a00de0674792b77d,NOUN,1.0,1.0,0.0
1604,8ef19457245e3279c102,NOUN,0.3333333333333333,1.0,-0.6666666666666667
1604,8ef19457245e3279c102,PREP,1.0,1.0,0.0
1604,ca027658d11e91b20136,NOUN,0.5,0.0,0.5
1604,e726cb1489b54e11ecee,NOUN,1.0,0.0,1.0
1605,05e942697ce9931be5e1,NOUN,0.5,1.0,-0.5
1605,0c973509de37ef75bd49,NOUN,1.0,0.0,1.0
1605,2ab54a08ddc7ec5f1b47,ADVB,0.5,1.0,-0.5
1605,f73bd42e0cfcc035a153,NOUN,1.0,0.0,1.0
1606,0c8994847ce1445565d8,NOUN,0.0,0.0,0.0
1606,ada01f9fde56f753c1dd,NPRO,1.0,1.0,0.0
1606,ada01f9fde56f753c1dd,VERB,1.0,0.0,1.0
1608,6f83889ffb3e12a641e7,NOUN,1.0,0.0,1.0
1608,a3ebabf166a8d2512255,NOUN,0.0,0.0,0.0
1608,dd38ea64d0462d3a82c2,NOUN,0.5,0.0,0.5
1609,17b88e446c880109b879,VERB,0.0,0.0,0.0
1609,9aef4ff82e7057545818,NOUN,0.75,0.0,0.75
1609,9aef4ff82e7057545818,PREP,0.0,1.0,-1.0
1609,a2021c219200bdb2d23d,NOUN,0.5,0.0,0.5
1610,42d3b3c1cc29456263d6,NOUN,1.0,0.0,1.0
1610,60cb2498f5662e30fd26,NOUN,1.0,0.0,1.0
1610,60cb2498f5662e30fd26,VERB,1.0,1.0,0.0
1610,b7beec18ff0e9c82ecdd,NOUN,1.0,1.0,0.0
1610,b7beec18ff0e9c82ecdd,VERB,1.0,1.0,0.0
1611,047e086b180b7d7bee4d,NOUN,1.0,0.0,1.0
1611,047e086b180b7d7bee4d,PREP,0.0,1.0,-1.0
1611,25194b266116f13e048d,NOUN,0.0,0.0,0.0
1611,6aa36add6ea62a649c96,VERB,1.0,0.0,1.0
1612,f946d0ee8b07b6b1b322,NOUN,1.0,0.0,1.0
1612,f946d0ee8b07b6b1b322,VERB,1.0,0.0,1.0
1613,73ecc225a17f80c73df7,VERB,0.0,0.0,0.0
1613,bf3bf8d71f32638eabff,ADVB,1.0,0.0,1.0
1613,bf4e18bc242eb2afb2ee,PRCL,1.0,0.0,1.0
1616,a6cacc6d181fc234cdf2,VERB,0.0,0.0,0.0
1618,fdb6759d28d08e3b04f2,ADVB,0.0,1.0,-1.0
1619,5442d0807f5ffea3686d,ADVB,0.0,1.0,-1.0
1623,5cba173e3f66af4e4485,ADJF,0.0,1.0,-1.0
1623,5cba173e3f66af4e4485,NOUN,1.0,1.0,0.0
1624,35b4ea765932e44344bc,NOUN,0.0,1.0,-1.0
1624,35b4ea765932e44344bc,PREP,1.0,1.0,0.0
1626,3e01fa384d1a218eb23e,NOUN,0.0,1.0,-1.0
1626,74da722276790a74980b,NOUN,0.3333333333333333,0.0,0.3333333333333333
1626,e63e7d3d5cc50977dd0e,ADVB,0.0,0.0,0.0
1626,e85640268bb8ccfe104f,NOUN,1.0,0.0,1.0
1626,e85640268bb8ccfe104f,PREP,1.0,1.0,0.0
1627,05687aeee53525d3ac95,NOUN,0.5,1.0,-0.5
1627,05687aeee53525d3ac95,VERB,1.0,1.0,0.0
1628,2917d8673532503e6b11,CONJ,1.0,0.0,1.0
1630,ed0eb44973b677405ca5,PRCL,1.0,0.0,1.0
1630,ed0eb44973b677405ca5,VERB,0.0,1.0,-1.0
1631,4b474f7183daa15cb9cd,NOUN,0.0,0.0,0.0
1631,ed9bcba1bec06b792161,NOUN,0.0,1.0,-1.0
1631,ed9bcba1bec06b792161,PREP,1.0,1.0,0.0
1631,fb5c0c97a11292e38e44,VERB,1.0,1.0,0.0
1632,2179266fb5b88f6475ca,VERB,1.0,0.0,1.0
1632,44b90cb19e66599a1eb4,VERB,1.0,0.0,1.0
1632,5766340229d079a1fb96,NOUN,1.0,0.0,1.0
1632,7cbf28ea3d118cee3e0a,VERB,0.0,0.0,0.0
1633,4b0b8c5d16b75471e59d,ADJF,1.0,0.0,1.0
1633,4b0b8c5d16b75471e59d,NOUN,1.0,0.0,1.0
1633,8ea2e6944ef506ba4af8,CONJ,1.0,1.0,0.0
1633,8ea2e6944ef506ba4af8,PREP,1.0,1.0,0.0
1633,ca84be3ed5398fd1920f,CONJ,1.0,1.0,0.0
1633,ca84be3ed5398fd1920f,NOUN,0.5,0.0,0.5
1633,fb0842e240f9f449fcfc,NPRO,1.0,1.0,0.0
1634,4149eff3f7db3a8647d1,VERB,0.0,0.0,0.0
1635,1f2ba3566087d640de10,ADJF,1.0,1.0,0.0
1635,1f2ba3566087d640de10,NOUN,1.0,0.0,1.0
1635,32a3a724aa11a60e6ed7,NOUN,1.0,1.0,0.0
1635,a4d69e66156336387b29,PREP,1.0,1.0,0.0
1635,affb1a3cf4b8fe83ac27,NOUN,1.0,1.0,0.0
1635,affb1a3cf4b8fe83ac27,NUMR,0.0,0.0,0.0
1636,e6a9eef3afd77e9a0915,NOUN,0.0,0.0,0.0
1636,e6a9eef3afd77e9a0915,PREP,1.0,1.0,0.0
1637,13b06448f4f3d32baa6d,ADJF,1.0,1.0,0.0
1637,13b06448f4f3d32baa6d,NOUN,1.0,1.0,0.0
1637,81ba7c0e2ee417b40f44,NOUN,0.5,1.0,-0.5
1637,81ba7c0e2ee417b40f44,PREP,1.0,1.0,0.0
1638,74c2714eca1a132dd236,NOUN,0.75,0.0,0.75
1638,ad74681961560b7fcb7e,PREP,1.0,1.0,0.0
1639,26bcbe329e4712058966,NOUN,0.3333333333333333,0.5,-0.16666666666666669
1639,5de571de08ebf905fb0d,NOUN,1.0,0.0,1.0
1639,6d55786318a4db8b46a9,ADJF,0.6666666666666666,0.0,0.6666666666666666
1639,6d55786318a4db8b46a9,VERB,1.0,1.0,0.0
1639,729e3013c2d7bf814a3d,NOUN,1.0,1.0,0.0
1640,4fc2182c1e5339af49a1,NOUN,0.5,0.0,0.5
1641,455a9a4c620fdd610149,NOUN,0.0,0.0,0.0
1641,9f66b5f69aebc92d5baa,NOUN,1.0,0.0,1.0
1642,05824c54c591abdee911,VERB,0.0,0.0,0.0
1642,9ddc072b8f48267690f1,PREP,1.0,1.0,0.0
1642,9ddc072b8f48267690f1,VERB,0.0,0.0,0.0
1642,d609577103a493c67997,NPRO,1.0,1.0,0.0
1646,7bd0437d986c6b4beca6,CONJ,1.0,1.0,0.0
1646,94d02b4179a7018cd1bd,NOUN,1.0,0.0,1.0
1646,daae1a7dd6217cefab9d,VERB,0.0,0.0,0.0
1647,a757b0337acdd48be245,CONJ,1.0,1.0,0.0
1648,072979dcd89d3ba7175b,VERB,1.0,1.0,0.0
1648,994b8e7bf13e9e3abe90,ADVB,0.0,1.0,-1.0
1649,4eadeaf7afd2d2665926,ADVB,0.0,0.0,0.0
1649,5bd19a48373995b9c907,VERB,0.0,0.0,0.0
1650,99bbea2dffcfd87396da,NOUN,0.0,0.0,0.0
1650,a56dc318ca3c213dc0ae,VERB,0.0,1.0,-1.0
1650,e1102898526729303c48,NOUN,1.0,0.0,1.0
1651,b9c592c6ca41d5db996c,NOUN,0.6666666666666666,0.0,0.6666666666666666
1651,b9c592c6ca41d5db996c,PREP,1.0,1.0,0.0
1651,e84c4109832e70316ef5,NOUN,1.0,0.0,1.0
1651,e84c4109832e70316ef5,PREP,1.0,1.0,0.0
1652,752a715bcfa9d0a5331f,NOUN,0.0,1.0,-1.0
1653,3b23c756a14c5b4e4295,NOUN,0.5,0.0,0.5
1655,39248f3d847d6999a44e,NOUN,1.0,0.0,1.0
1655,76529c997e743e573387,NOUN,1.0,1.0,0.0
1655,8f65f696ceaa985a72ae,VERB,1.0,0.5,0.5
1656,1251a900f2d16e120db8,NOUN,0.3333333333333333,1.0,-0.6666666666666667
1657,eb8274278abf205272bc,ADJF,0.3333333333333333,1.0,-0.6666666666666667
1657,eb8274278abf205272bc,NOUN,0.3333333333333333,1.0,-0.6666666666666667
1657,fb2cadf23720b7340cfe,NOUN,0.6666666666666666,0.5,0.16666666666666663
1658,12ccf6f2090e9e26557e,NOUN,1.0,0.0,1.0
1658,569247531cc6565c9be6,ADJF,1.0,0.5,0.5
1658,5ba067dc43e3e8da4f1a,ADVB,0.0,1.0,-1.0
1658,5ba067dc43e3e8da4f1a,NOUN,1.0,1.0,0.0
1659,284b18491aa0904a58a2,NOUN,1.0,0.5,0.5
1659,3ee6c56290a4f3d7dadc,PRCL,1.0,1.0,0.0
1659,4bcd0d6689ef0a9b7e98,ADJF,1.0,1.0,0.0
1659,4bcd0d6689ef0a9b7e98,NOUN,1.0,1.0,0.0
1659,8b8ca8c0c9610fea0cca,NOUN,1.0,1.0,0.0
1660,552cc196a269bd1274f0,NOUN,0.0,0.0,0.0
1660,be3f1ae48e4442f47088,NOUN,0.0,0.0,0.0
1660,c1a0f117b06554ee396b,NOUN,0.0,1.0,-1.0
1661,b2478c579b720d683a18,NOUN,1.0,1.0,0.0
1661,c74d3edf04f49fd38d2f,ADJF,0.0,1.0,-1.0
1661,f7187cf6f6d5eef25527,NOUN,0.5,1.0,-0.5
1661,f7187cf6f6d5eef25527,PREP,1.0,1.0,0.0
1662,35eb743c7daf166ff059,VERB,0.0,0.0,0.0
1662,3a4d813ece13f3747b3e,NOUN,1.0,0.5,0.5
1662,bdab31b060873422197f,NOUN,0.0,1.0,-1.0
1662,c29d09d75ef6f51d96da,NOUN,0.5,0.0,0.5
1662,fb524e4c97d04f32994f,ADJF,1.0,1.0,0.0
1663,0ab80340ecc19d71453d,VERB,0.0,0.0,0.0
1663,452cf69ed299a38c0855,VERB,0.0,0.0,0.0
1663,5ae104bcd7edae7e8800,ADVB,0.0,0.0,0.0
1665,572b92f46e17d97a894b,PREP,1.0,1.0,0.0
1665,9b9a6aa4401219ae9d4b,PRCL,1.0,0.0,1.0
1665,9b9a6aa4401219ae9d4b,VERB,0.0,1.0,-1.0
1667,575555539042a84ef302,ADVB,0.0,0.0,0.0
1669,0a323facb6b120ea6a3c,CONJ,1.0,1.0,0.0
1669,1c59e4a319b9f0b1b0e2,CONJ,0.0,0.0,0.0
1674,28e2b827ca76eb14aee3,NOUN,0.3333333333333333,1.0,-0.6666666666666667
1675,cb9592a2f0c78edc46c8,ADJF,1.0,0.0,1.0
1675,d8fe7fa96a763f035eb0,ADVB,0.0,0.0,0.0
1675,dbc7d7e03835cb4aa2ed,VERB,1.0,1.0,0.0
1676,7bf855364ddbba62af0e,NOUN,0.0,1.0,-1.0
1676,8d57efd575c1f2247ba4,VERB,0.0,0.0,0.0
1676,e9b3f04f1285fe770159,NOUN,0.5,0.0,0.5
1677,64ccdbdbecb825a8f551,ADJF,0.0,0.0,0.0
1677,64ccdbdbecb825a8f551,NOUN,1.0,1.0,0.0
1678,4689b8b097c27f9059d2,NOUN,0.0,1.0,-1.0
1679,3e4a99c410b782b3bc8a,VERB,0.0,0.0,0.0
1679,c0fac92867f933b1f2a5,ADJF,0.0,0.0,0.0
1679,c0fac92867f933b1f2a5,PREP,1.0,1.0,0.0
1681,137f47e117c2a59a2e6a,NOUN,0.5,0.0,0.5
1681,137f47e117c2a59a2e6a,VERB,0.0,1.0,-1.0
1681,f849e4c91670de64e243,NOUN,1.0,1.0,0.0
1682,204535fb44a732077ddd,NOUN,1.0,1.0,0.0
1682,204535fb44a732077ddd,VERB,1.0,1.0,0.0
1682,445194e1c3097cc311c9,NOUN,0.0,1.0,-1.0
1682,445194e1c3097cc311c9,VERB,1.0,1.0,0.0
1682,835324419fd01d1b39e3,NOUN,1.0,0.0,1.0
1682,835324419fd01d1b39e3,VERB,0.0,0.0,0.0
1682,870759aed6b856b745b8,PREP,1.0,1.0,0.0
1682,b9fd9411409ac6a0f241,ADJF,0.0,1.0,-1.0
1682,b9fd9411409ac6a0f241,NOUN,0.6666666666666666,1.0,-0.33333333333333337
1683,4588262427c2066f0795,ADJF,0.5,0.0,0.5
1683,6b2d35ff088e877d27e0,NOUN,0.5,0.0,0.5
1684,4778193aa5d2d5934e7f,VERB,0.0,0.0,0.0
1684,b9215fcf5dd76d4510d1,NOUN,0.0,1.0,-1.0
1685,45b8b2c444d6d4127a1b,ADVB,1.0,1.0,0.0
1686,e463ab9f554a626ec651,VERB,1.0,0.0,1.0
1687,ac5e6c956a8ecb67cac7,NOUN,0.0,0.0,0.0
1689,879b93b7f39ed60531d1,VERB,1.0,1.0,0.0
1689,b4c423c7616bd7bc8f07,ADVB,1.0,1.0,0.0
1689,ee9d09b14088ce292e8c,PRCL,1.0,1.0,0.0
1689,efca43d1c2fdff14aaa0,ADVB,1.0,0.0,1.0
1690,284d021893f138c31876,NOUN,1.0,0.0,1.0
1690,8373c24fc67dafc3dd3c,NOUN,1.0,1.0,0.0
1690,8bb85be457cd565ca959,NOUN,1.0,0.0,1.0
1690,c04aa0837e0259fac9e0,NOUN,1.0,1.0,0.0
1690,c53e230eaf4e61a985c0,VERB,1.0,1.0,0.0
1691,5c21f8fb5eff3c6c75b9,NOUN,0.0,0.0,0.0
1691,5c21f8fb5eff3c6c75b9,VERB,0.0,1.0,-1.0
1691,ca259473aad842e99247,NPRO,1.0,1.0,0.0
1691,e32877472a430c0d3633,ADVB,1.0,1.0,0.0
1692,8817dd826468c151d3bf,NOUN,1.0,0.0,1.0
1694,8f28434d793fee45d3a4,NOUN,1.0,0.0,1.0
1694,d61b23eb2ef2fd7aaf00,ADVB,0.5,0.0,0.5
1694,d61b23eb2ef2fd7aaf00,NPRO,0.0,0.0,0.0
1695,0dff428b8b3fbf3dffcb,ADVB,0.0,1.0,-1.0
1695,ec62469b3be4b783ea81,CONJ,0.5,1.0,-0.5
1696,15dc3ff84a7fecb89836,PRCL,1.0,1.0,0.0
1696,15dc3ff84a7fecb89836,PREP,1.0,1.0,0.0
1696,85159a09f6d60bde04b1,NOUN,0.5,0.0,0.5
1696,f91d54b523e684443851,VERB,1.0,0.0,1.0
1697,8c9b6393d2e4308d13e7,NPRO,1.0,1.0,0.0
1697,b1e9b35533d71dcf75a9,CONJ,1.0,1.0,0.0
1697,b1e9b35533d71dcf75a9,NPRO,1.0,1.0,0.0
1699,8882520bcf238b4de980,NOUN,1.0,0.0,1.0
1699,96d1806335515280fb9b,INFN,1.0,0.0,1.0
1699,ac89db35d7e9cf4745dc,CONJ,1.0,1.0,0.0
1699,ac89db35d7e9cf4745dc,VERB,0.0,1.0,-1.0
1700,d24e5989ebf462d559ea,NOUN,1.0,0.0,1.0
1700,e3ac952df89a537cf3ff,NOUN,1.0,0.0,1.0
1700,fdc9a7788abed8877852,ADJF,1.0,0.0,1.0
1700,fdc9a7788abed8877852,NOUN,1.0,1.0,0.0
1701,30c1ffe8ec5347026f16,PREP,1.0,1.0,0.0
1701,846a18a9adb8e74f7fee,NOUN,1.0,0.0,1.0
1701,846a18a9adb8e74f7fee,PREP,1.0,1.0,0.0
1701,84e7aff905fb3405d7dd,VERB,1.0,1.0,0.0
1701,aad1c2216a42a277518c,PREP,1.0,1.0,0.0
1701,f2297b6d70a00c91483c,PREP,1.0,1.0,0.0
1702,06dc5843d53f58bbf8c2,NOUN,1.0,0.0,1.0
1702,06dc5843d53f58bbf8c2,PREP,1.0,0.0,1.0
1702,10ce2ab282e985141101,PREP,1.0,1.0,0.0
1702,1d853bc384739af79d8a,VERB,0.0,0.5,-0.5
1702,ba59c41b028568df5b04,NOUN,1.0,0.0,1.0
1703,08b0be0cf4bb38be8b49,NOUN,1.0,0.0,1.0
1703,08b0be0cf4bb38be8b49,PREP,1.0,0.0,1.0
1703,15628bb3984abbf54c78,NOUN,1.0,1.0,0.0
1703,15628bb3984abbf54c78,VERB,1.0,1.0,0.0
1703,800439a15378ac76eea8,NOUN,1.0,0.0,1.0
1703,800439a15378ac76eea8,VERB,1.0,1.0,0.0
1703,ccf46331d7cbbb00f6aa,NOUN,1.0,0.0,1.0
1704,17f30f85b704f202462e,NOUN,1.0,0.0,1.0
1704,a1761a57f7bfc90c6234,NOUN,1.0,1.0,0.0
1705,44a7f064457cba93817a,ADJF,0.0,1.0,-1.0
1705,44a7f064457cba93817a,NOUN,0.6666666666666666,0.0,0.6666666666666666
1705,c869279f5452dfc13a55,NPRO,1.0,1.0,0.0
1705,de5b444fdb00089af24a,NOUN,0.5,1.0,-0.5
1705,ee2c4a00803041a87ae9,NOUN,0.6666666666666666,0.0,0.6666666666666666
1705,ee2c4a00803041a87ae9,VERB,0.0,1.0,-1.0
1706,34e8e008b22c2f66a033,NOUN,1.0,0.0,1.0
1706,a8ad7434b16087912870,NOUN,1.0,0.5,0.5
1706,b207d0521fc38ba9737c,VERB,1.0,0.0,1.0
1706,e44953168c1f530da8c6,VERB,1.0,1.0,0.0
1707,5e9814c701aebabccd41,NOUN,0.0,0.5,-0.5
1707,ddc8801f316446642498,NOUN,1.0,0.0,1.0
1707,ddc8801f316446642498,PREP,1.0,1.0,0.0
1708,11cb3d514eff63f3d3c9,NOUN,1.0,1.0,0.0
1708,4389c1890d5fb09b56e8,NOUN,1.0,0.0,1.0
1708,f0fe9597526bcebd5981,NOUN,0.0,1.0,-1.0
1708,f0fe9597526bcebd5981,PREP,1.0,1.0,0.0
1708,f8c7d47ba74ee89524e4,GRND,1.0,0.0,1.0
1709,29fae5f55717654e3a1e,NOUN,1.0,0.0,1.0
1709,c0ac745d0a03202701fd,NOUN,0.0,0.0,0.0
1710,133b828624d6e313dc2d,VERB,0.0,1.0,-1.0
1710,73460d3f7485ebd134bb,VERB,0.0,0.0,0.0
1710,eb91bf6e94ad096bf812,VERB,1.0,1.0,0.0
1711,98f763279537e80e549f,PREP,1.0,1.0,0.0
1712,2a1a99efd65e3cb56ee7,VERB,1.0,0.0,1.0
1712,fb0bbce34072d469bc3c,NOUN,1.0,0.0,1.0
1713,430d82200e8ae0d0b23a,NOUN,1.0,0.5,0.5
1713,cbc8eccd675701131c55,NOUN,0.3333333333333333,1.0,-0.6666666666666667
1714,0fbf671aad929f0eea89,NOUN,1.0,0.0,1.0
1714,2371f9642104408f125a,NOUN,0.5,0.0,0.5
1714,2371f9642104408f125a,PREP,1.0,1.0,0.0
1714,79dd22cf46a404d151ca,PREP,1.0,1.0,0.0
1714,8ab787f5be83ecfccc64,PREP,1.0,1.0,0.0
1714,d73116d086b0b2e61f59,NOUN,1.0,1.0,0.0
1715,17582900f87ca4371177,VERB,1.0,1.0,0.0
1715,49a49a0059d6d681e009,ADVB,1.0,0.0,1.0
1715,951c2afd556dc7f14fbb,ADJF,1.0,0.0,1.0
1716,4c5a57d3685d41e5d3e2,NPRO,1.0,1.0,0.0
1716,51b521244e5f916f8fe8,NPRO,1.0,1.0,0.0
1717,04e7760d6f46aea2ba39,VERB,1.0,1.0,0.0
1717,5f41f37d25bf37f0d00f,ADVB,1.0,0.0,1.0
1717,bd6a06ff6cfee9bfadc8,PREP,0.0,1.0,-1.0
1719,049d0c320e3421a2b8c4,VERB,1.0,0.0,1.0
1719,9d0d8d61a33fa617aff1,VERB,0.0,0.0,0.0
1720,081b9d8b5debf1fc9750,NOUN,1.0,0.0,1.0
1720,081b9d8b5debf1fc9750,PREP,1.0,1.0,0.0
1720,6c6af9fbcaee29f5ebec,NOUN,0.6666666666666666,0.0,0.6666666666666666
1720,b5819fe5b3c9d1b0fb8f,VERB,0.0,0.0,0.0
1720,fe4f76f4e5a39cc91f73,NOUN,0.0,1.0,-1.0
1720,fe4f76f4e5a39cc91f73,PREP,1.0,1.0,0.0
1721,69abb9fc7f5f9f67c88d,NOUN,0.5,0.0,0.5
1721,69abb9fc7f5f9f67c88d,PREP,1.0,1.0,0.0
1721,6e0a047110b7098c9289,NOUN,0.0,1.0,-1.0
1721,6e0a047110b7098c9289,PREP,1.0,1.0,0.0
1722,42a0d1e6f0ad753731de,PREP,1.0,1.0,0.0
1722,64cce77098fbed9a2d08,PREP,1.0,1.0,0.0
1722,ab67eb63a22d1c6966a1,NOUN,0.5,1.0,-0.5
1722,d35ed55542c89d7f8e01,NOUN,0.0,0.0,0.0
1723,2037b27497fc36974e64,NOUN,0.0,0.0,0.0
1723,6c62d56d7d7073484484,NOUN,0.5,0.0,0.5
1723,71112237b7bdfc04c814,NOUN,0.0,0.0,0.0
1724,37d0ace5c2f17862424b,ADJF,0.0,0.0,0.0
1724,37d0ace5c2f17862424b,NOUN,1.0,0.0,1.0
1724,83ab934617f1071a3f4f,PREP,1.0,1.0,0.0
1724,cdc0521a49360fc7cc44,NOUN,0.3333333333333333,0.0,0.3333333333333333
1724,cdc0521a49360fc7cc44,PREP,1.0,1.0,0.0
1724,e69050635c42200875da,NOUN,0.5,1.0,-0.5
1724,e69050635c42200875da,PREP,1.0,1.0,0.0
1724,f0528ea857256f99c298,PREP,1.0,1.0,0.0
1725,30da94764fb6f7764dc8,NOUN,0.0,0.0,0.0
1725,465d0586223af0238bf8,NOUN,0.0,0.0,0.0
1726,076bd1f49a30d63d8577,CONJ,1.0,0.0,1.0
1726,1ad5c44542886c612be6,PREP,1.0,1.0,0.0
1726,25cc065957b72fa5a029,PREP,1.0,1.0,0.0
1726,25cc065957b72fa5a029,VERB,1.0,1.0,0.0
1727,14f4ad8a956f3930f87c,INFN,0.0,1.0,-1.0
1727,3ff2c599b627b21522f3,NOUN,0.0,1.0,-1.0
1727,8b3e3b5b09d49aa2a900,NPRO,1.0,1.0,0.0
1727,8b3e3b5b09d49aa2a900,PREP,1.0,1.0,0.0
1727,ace08b08346ab47527d8,NOUN,0.5,0.0,0.5
1727,ecfe1bdc7996988f609b,ADJF,0.3333333333333333,1.0,-0.6666666666666667
1727,ecfe1bdc7996988f609b,NOUN,0.0,0.0,0.0
1729,4f73b24b8c0103e492fa,NOUN,0.5,1.0,-0.5
1729,b1f64987c0625e7b6095,CONJ,0.0,1.0,-1.0
1729,b1f64987c0625e7b6095,NOUN,0.75,1.0,-0.25
1729,c4d112a55ead07eacd31,NOUN,0.5,1.0,-0.5
1729,ece8216e0bd1e54cdc12,NOUN,0.0,0.0,0.0
1730,2820a5a06209a01ef041,NOUN,0.5,0.5,0.0
1730,92e70aafe2fbbda81b85,VERB,1.0,0.0,1.0
1730,d127a9305bd9fae05bcb,PREP,1.0,1.0,0.0
1731,3d56f080b820a1768f7c,VERB,0.0,0.0,0.0
1731,4604bdaeabeb47c22259,VERB,1.0,0.0,1.0
1731,a68c2018795b316c51b1,PREP,1.0,0.0,1.0
1731,c485a98075f2b2436b9a,NOUN,0.0,0.0,0.0
1731,c485a98075f2b2436b9a,PREP,1.0,1.0,0.0
1732,36271b9a6992537cbaad,NOUN,0.0,0.5,-0.5
1732,51473c88a52e4f7371db,NOUN,0.0,0.0,0.0
1732,51473c88a52e4f7371db,PREP,1.0,1.0,0.0
1732,9eefdd12f30c5a7af595,ADJF,1.0,0.0,1.0
1732,d2097e0869247bf7f853,NOUN,0.0,0.0,0.0
1732,d2097e0869247bf7f853,VERB,0.0,0.0,0.0
1732,e5ed74c968aba7793419,NOUN,0.0,0.0,0.0
1733,3058901d2badf73349bb,NOUN,0.0,0.0,0.0
1733,510fa28226c411ad6d94,NOUN,0.0,0.0,0.0
1733,c579f29d67dbade5714e,NOUN,1.0,0.0,1.0
1734,1041e7ffc2cbb4d3fbf6,NOUN,0.5,1.0,-0.5
1734,9c1fcf830c049bb04fe6,NOUN,0.5,0.0,0.5
1734,b500179d57e00e800f5d,NOUN,0.5,0.0,0.5
1735,6368cd3f08423ad2dcb7,NOUN,0.5,0.0,0.5
1735,69f6aad3c6ff0dad900b,NOUN,0.3333333333333333,0.0,0.3333333333333333
1735,69f6aad3c6ff0dad900b,PREP,1.0,0.0,1.0
1735,d6ae3a898026fa5a7f5c,NOUN,0.5,0.0,0.5
1735,e340dd5235de38385f72,PREP,1.0,1.0,0.0
1736,308f9487b31cc078b758,NOUN,1.0,1.0,0.0
1736,308f9487b31cc078b758,PREP,1.0,1.0,0.0
1736,88c14dcc2a9d82b84455,VERB,1.0,1.0,0.0
1736,9c6fad2dd0e0917d22d6,NOUN,1.0,0.0,1.0
1736,9c6fad2dd0e0917d22d6,VERB,0.0,1.0,-1.0
1736,dcb3ffad5fe6044c51a3,PREP,1.0,1.0,0.0
1736,dde7edfa785ddb7c34bb,PREP,1.0,1.0,0.0
1737,1d21d0b44b62c3836934,NOUN,0.0,0.0,0.0
1737,27198004a48eea1ac0a1,NOUN,0.0,0.0,0.0
1738,113edd3a9c01826a4664,ADVB,1.0,0.0,1.0
1738,4d291ba6440bb5235cc6,NOUN,0.0,0.0,0.0
1738,6adae7b4b26350f30743,NOUN,0.0,1.0,-1.0
1739,272b7989be3062aa1b22,ADVB,0.0,1.0,-1.0
1739,3b3d786fb629c5b2904b,ADVB,0.0,0.0,0.0
1739,7b03a80e8a83b543818d,NOUN,0.0,1.0,-1.0
1740,4dcf1eafae8bb960fefb,NPRO,0.0,1.0,-1.0
1740,e8a41b6526971c1170cd,PREP,0.5,1.0,-0.5
1740,ef57c1f6135e2daab133,NOUN,0.0,0.0,0.0
1740,ef57c1f6135e2daab133,PREP,0.0,1.0,-1.0
1741,bd62180eb13e387697f3,NOUN,1.0,0.0,1.0
1741,c7c0a14210d0476a3359,NOUN,1.0,0.5,0.5
1742,62a5be629dffa054cdaf,NOUN,0.0,0.0,0.0
1742,62a5be629dffa054cdaf,VERB,1.0,1.0,0.0
1742,7d7cf6bf7f0de9ce3bb6,NOUN,0.5,1.0,-0.5
1742,e90f8493f3a70d08fc2a,VERB,0.0,1.0,-1.0
1743,ba283e48d0db999a5572,ADVB,0.0,1.0,-1.0
1744,2ccb59db8339a4b5db34,NOUN,1.0,1.0,0.0
1744,2ccb59db8339a4b5db34,PREP,0.0,0.0,0.0
1744,38a2df680c5400888c93,NOUN,1.0,0.0,1.0
1744,71c4ba02ff35e5693baa,ADJF,0.0,0.0,0.0
1744,c32db9bbaf82b9d06206,NOUN,0.0,0.0,0.0
1745,7e9ac796ff3d52f4101d,CONJ,1.0,1.0,0.0
1745,7e9ac796ff3d52f4101d,NOUN,1.0,1.0,0.0
1746,67acff3c494608e27227,NOUN,0.0,0.0,0.0
1746,f1c04eb367b0984a3cff,PREP,1.0,1.0,0.0
1747,10054cee2e450b5eb8de,CONJ,1.0,1.0,0.0
1747,c0688ef9097f2cb118df,VERB,0.0,0.0,0.0
1748,a8cfef2be1b35795b473,ADVB,1.0,1.0,0.0
1748,f5c4197b08916c8d9999,VERB,1.0,0.0,1.0
1749,2343099aa5e6e4385663,NOUN,0.0,0.5,-0.5
1749,ca16f46cfdce8a0875bc,NOUN,0.0,0.0,0.0
1750,9839fade893ea668a9b4,NOUN,0.0,0.0,0.0
1750,aa919684ebaccd014104,PRCL,1.0,1.0,0.0
1750,aa919684ebaccd014104,VERB,1.0,1.0,0.0
1750,fb4a074fc02bb85a837a,NOUN,0.0,0.0,0.0
1751,76df68c2456592e03ead,NOUN,0.0,0.0,0.0
1751,76df68c2456592e03ead,VERB,0.0,0.0,0.0
1751,b6aac8c1a96dac29f12f,VERB,0.0,0.0,0.0
1751,e64647f1d99bc905ff0a,NOUN,0.0,1.0,-1.0
1752,0feb718866e7fc404e8c,NOUN,0.5,0.0,0.5
1752,cb0f87fdb64cd7fa1703,NOUN,1.0,0.0,1.0
1753,50f8cf993fc8ae8522b8,VERB,0.0,0.0,0.0
1753,b52f9bf9b3ea851b9a78,PRCL,0.5,1.0,-0.5
1754,4baaef3028c914459456,PRCL,0.0,1.0,-1.0
1754,4baaef3028c914459456,VERB,0.0,0.0,0.0
1754,64beb091ed9b0bc88e81,NPRO,1.0,0.0,1.0
1755,1939b84f0db8fa4949d3,NPRO,1.0,1.0,0.0
1756,28b21a4cfb437bc34659,PRCL,1.0,1.0,0.0
1756,3c764e51e6afb493aca0,VERB,0.0,0.0,0.0
1756,456120fa284a00c9212e,ADVB,1.0,1.0,0.0
1756,456120fa284a00c9212e,NPRO,1.0,1.0,0.0
1757,37829938d1e2748e9406,NPRO,1.0,0.0,1.0
1757,a50c863d6cbc7ac9d5e9,PRCL,0.0,0.0,0.0
1757,a50c863d6cbc7ac9d5e9,VERB,0.0,0.0,0.0
1757,c0a0194096db813de832,NPRO,1.0,0.5,0.5
1757,fe328adb6915e51e311d,NPRO,1.0,1.0,0.0
1758,137f0d3484457f054162,INFN,1.0,0.0,1.0
1758,687393d08ec0d24ed886,INFN,0.0,1.0,-1.0
1758,687393d08ec0d24ed886,PRCL,0.5,0.0,0.5
1759,679d859141b7ea859695,NPRO,1.0,1.0,0.0
1759,679d859141b7ea859695,VERB,1.0,0.0,1.0
1762,7536d68be6a4ec6a7376,CONJ,1.0,0.0,1.0
1764,1b6bf63034c9c7f59e16,ADJF,0.0,0.0,0.0
1764,d3bcc52498a9109beeb8,CONJ,1.0,0.0,1.0
1764,dd482bb41f54e57bf52a,CONJ,1.0,1.0,0.0
1766,dded557011c41da8477a,VERB,1.0,1.0,0.0
1768,52b0bb89356e2f81463d,NPRO,0.0,1.0,-1.0
1771,9e242b8fd1fe4e1c4b78,VERB,1.0,0.0,1.0
1772,29c9eae82d60f6151d0f,INFN,0.0,1.0,-1.0
1773,7c543cc245007f293ea0,NOUN,1.0,0.0,1.0
1773,b9884c09cea58e763c6c,NOUN,0.5,1.0,-0.5
1773,ebd08d165682ce598443,ADVB,0.0,0.0,0.0
1775,457b28011b91b932dc87,NOUN,0.0,1.0,-1.0
1775,a28c891b73eb720d848a,CONJ,1.0,0.5,0.5
1775,b0585ee585d6dcd85baf,NOUN,0.5,1.0,-0.5
1775,b0585ee585d6dcd85baf,PREP,1.0,1.0,0.0
1775,f2de3040c565c29b9c6e,ADVB,0.0,0.0,0.0
1775,f2de3040c565c29b9c6e,VERB,0.0,0.0,0.0
1775,fbbe96507486db998ff7,NOUN,0.0,1.0,-1.0
1776,0324a9355ee46f3d5ecf,NOUN,0.5,0.0,0.5
1776,1d3312b7999c048e84c8,NOUN,1.0,0.0,1.0
1777,daeac4fea7522beea510,PRCL,1.0,1.0,0.0
1780,71ba2483944f81b7220c,NOUN,1.0,0.0,1.0
1780,8a2b75e8b8f1c3644a37,PRCL,0.0,1.0,-1.0
1782,ad845541b70e71a3fdb6,NPRO,1.0,1.0,0.0
1782,ff1215cabbba7b097142,PRCL,1.0,1.0,0.0
1784,2a558d57b680d792d10e,VERB,0.0,1.0,-1.0
1784,40bc7a6019e9d368a556,PREP,1.0,1.0,0.0
1784,778f4ed8e4d7169243e3,NOUN,0.3333333333333333,0.5,-0.16666666666666669
1784,9bbb852ed64a0ba09e36,NOUN,1.0,0.0,1.0
1785,5c6392cdf72177d39167,PREP,1.0,1.0,0.0
1785,c9a622126c1348bb892e,NOUN,0.0,0.0,0.0
1785,cbed5df0a242cf2d0f90,NOUN,0.0,1.0,-1.0
1785,cbed5df0a242cf2d0f90,VERB,1.0,0.0,1.0
1785,d50023ece4b84ed5112c,VERB,0.0,1.0,-1.0
1785,fd461db6d23a98ad60de,VERB,1.0,0.0,1.0
1786,035fb0d15daecb7a4c84,PREP,1.0,1.0,0.0
1786,b8ceb0384395aecb4faa,PREP,1.0,1.0,0.0
1786,bfb59ab1f6a9f288315d,NOUN,0.0,0.0,0.0
1786,d0e3e3417964075cdb84,NOUN,0.0,0.0,0.0
1786,d0e3e3417964075cdb84,PREP,1.0,1.0,0.0
1787,186fc53e8b72974d61e4,ADJF,0.0,1.0,-1.0
1787,7e2e109959f53ecbad8d,NOUN,0.0,1.0,-1.0
1788,61b478309d1e34892186,PREP,1.0,1.0,0.0
1788,c9bf01ad4a166d24bc80,VERB,0.0,0.0,0.0
1788,de6200f213308af41b31,PREP,1.0,0.0,1.0
1789,193a8449dfd41f0efc1e,NPRO,1.0,0.0,1.0
1789,9916cb6c0b11b22faa09,PREP,0.0,1.0,-1.0
1789,b9713fe6322747609fc0,NOUN,0.5,0.5,0.0
1789,f9c42a6e5e20fa940caf,NOUN,0.0,0.0,0.0
1792,bee369176566b0468f2f,ADVB,0.0,1.0,-1.0
1793,1522e60fa72a463e76ec,ADVB,0.0,0.0,0.0
1793,b7aa4c61afd5f737ccbf,ADJF,1.0,0.0,1.0
1794,014ea5b055cb03837911,ADVB,0.0,0.0,0.0
1794,f879f84bda8e9a6f0491,ADJF,0.0,0.0,0.0
1795,412861f0c0f244825a8e,NOUN,1.0,1.0,0.0
1795,e3f9ab51172881f6dd64,ADJF,0.0,1.0,-1.0
1795,e3f9ab51172881f6dd64,NOUN,0.0,0.0,0.0
1796,32a603a84d12d8772788,ADVB,0.5,0.0,0.5
1796,9acc8ef577f4628337d9,PRCL,1.0,1.0,0.0
1801,0c00bfa8753ed45ab81b,ADJF,0.0,0.0,0.0
1801,932a76e61247299e0dca,ADVB,0.0,1.0,-1.0
1801,de3fc879e26bfb28b598,ADVB,0.0,0.0,0.0
1802,137024d791a4fa676f05,PRCL,1.0,1.0,0.0
1802,575b08a1c9b2aa92500f,NOUN,0.0,0.0,0.0
1803,1752c98ba01be14f5478,NOUN,0.3333333333333333,0.0,0.3333333333333333
1803,49c71d58bb6063ced14f,CONJ,1.0,0.0,1.0
1803,49c71d58bb6063ced14f,NOUN,0.0,0.0,0.0
1803,b1d5b7958c3918af99d2,CONJ,1.0,1.0,0.0
1803,b1d5b7958c3918af99d2,NOUN,0.3333333333333333,0.0,0.3333333333333333
1803,c8c33821b86e8fcda627,NOUN,0.0,0.5,-0.5
1804,008781dff9e5cff0bdcd,NOUN,1.0,0.5,0.5
1804,336f62232b49a0a7bf5c,NPRO,1.0,0.0,1.0
1804,8093a1cc786b53593f7e,NPRO,1.0,1.0,0.0
1804,8093a1cc786b53593f7e,PREP,1.0,1.0,0.0
1804,fbc47c075aa41203daa2,NOUN,0.0,0.0,0.0
1806,400f7bb646eae8971259,VERB,0.0,1.0,-1.0
1806,73f278d7d38578ecfb89,VERB,0.0,0.0,0.0
1806,f51c2cc3fef59a1d0953,NOUN,1.0,1.0,0.0
1806,f51c2cc3fef59a1d0953,PREP,1.0,1.0,0.0
1807,32572754a7d4d3ea6209,PRCL,1.0,0.0,1.0
1807,32572754a7d4d3ea6209,VERB,0.0,0.0,0.0
1808,01bc07b5557fbd6be03d,NOUN,0.6666666666666666,0.0,0.6666666666666666
1808,0aa1b2177cfd14276430,ADVB,0.0,0.0,0.0
1808,312f468b44445add8f71,NOUN,0.5,0.0,0.5
1808,490e0c46e8fa351207fa,NOUN,0.0,0.0,0.0
1809,1b0affcd7223d39cf60c,CONJ,1.0,1.0,0.0
1809,1b0affcd7223d39cf60c,PREP,1.0,1.0,0.0
1809,afee39f147d43ebdf68d,CONJ,0.5,1.0,-0.5
1809,afee39f147d43ebdf68d,NOUN,1.0,0.0,1.0
1809,c7d27e68d27de5cb7a24,CONJ,1.0,1.0,0.0
1809,d5ac10eba937cc6e9764,CONJ,1.0,0.0,1.0
1810,ff28e6cbba9acf9a5f6f,PRCL,1.0,1.0,0.0
1811,b7600a799814deb85d70,CONJ,1.0,1.0,0.0
1811,b7600a799814deb85d70,VERB,0.5,1.0,-0.5
1812,d869087b262507e1d840,NOUN,1.0,0.0,1.0
1812,db8f8fbce177ff746906,PRCL,1.0,0.0,1.0
1813,4b9308cfb355035ad36a,VERB,1.0,0.0,1.0
1813,d129ad036145275271d8,NOUN,1.0,0.0,1.0
1813,d129ad036145275271d8,PRCL,0.5,1.0,-0.5
1814,8d1fa4bc15c67d938309,NOUN,0.0,1.0,-1.0
1814,ab59e7dcc6568e931c3c,ADJF,1.0,1.0,0.0
1814,ab59e7dcc6568e931c3c,PREP,1.0,1.0,0.0
1814,e031192306c0c8fde77d,NOUN,0.0,1.0,-1.0
1814,e031192306c0c8fde77d,PREP,1.0,1.0,0.0
1815,10dbbd544971ed4dce83,PREP,1.0,1.0,0.0
1815,59e3aa5af732b47d4d48,VERB,0.0,1.0,-1.0
1815,b58d521d6526986a6995,VERB,1.0,1.0,0.0
1816,060f33ae9dcefa06ee78,PRCL,1.0,0.0,1.0
1816,70f1a2835defb79fe9a0,ADJF,1.0,1.0,0.0
1816,70f1a2835defb79fe9a0,VERB,1.0,0.0,1.0
1816,8b745c2463cba8e4b54d,PRCL,1.0,0.0,1.0
1817,43035c06f586cfaace2f,PRCL,1.0,1.0,0.0
1817,8ffaa93121abdf1188d3,NOUN,0.0,1.0,-1.0
1817,8ffaa93121abdf1188d3,PREP,1.0,1.0,0.0
1817,b377cecd0967b6d3c3c4,NOUN,1.0,0.0,1.0
1817,b7803f2ca95a4d9439a8,NOUN,0.0,0.0,0.0
1818,1ca6e0714834f07190a6,ADVB,1.0,0.0,1.0
1818,4f7664eddfed4971290d,ADVB,1.0,1.0,0.0
1818,4f7664eddfed4971290d,NOUN,0.0,0.0,0.0
1819,2ab6aaf84e427dbc985d,NPRO,1.0,1.0,0.0
1819,c3831735acceeabff2ac,NOUN,0.0,0.0,0.0
1820,5fd4d96b56d264bf9b13,ADVB,1.0,0.0,1.0
1820,5fd4d96b56d264bf9b13,VERB,0.0,0.0,0.0
1820,b72a43f996764e8a0385,VERB,0.0,0.0,0.0
1820,e94414a45bbf59c6da8a,VERB,1.0,1.0,0.0
1821,96119200779eec1dd35f,PRCL,1.0,1.0,0.0
1822,9e53f9c4dd3ce8073ab1,CONJ,1.0,1.0,0.0
1823,b2a88bd6a3ed41abf192,NOUN,1.0,0.0,1.0
1823,b2a88bd6a3ed41abf192,PRCL,1.0,1.0,0.0
1829,31da1ba7f9ff532f92dd,NOUN,0.0,1.0,-1.0
1829,31da1ba7f9ff532f92dd,PREP,1.0,1.0,0.0
1829,616d7735e00c32b06d74,NOUN,1.0,1.0,0.0
1829,dabafd73fec0730be0dc,NOUN,0.0,0.0,0.0
1829,f5c99d53963b3ea6d1a1,NOUN,0.0,1.0,-1.0
1829,f5c99d53963b3ea6d1a1,PREP,1.0,1.0,0.0
1830,86ef9d32501f6d3bb1f4,PREP,1.0,1.0,0.0
1830,ba9b73c03c422f4d8316,NOUN,0.6666666666666666,1.0,-0.33333333333333337
1831,186d4b46122c3740649a,NOUN,0.0,1.0,-1.0
1831,186d4b46122c3740649a,PREP,1.0,1.0,0.0
1831,1d921694ea157529f278,ADJF,1.0,1.0,0.0
1831,1d921694ea157529f278,NOUN,0.75,1.0,-0.25
1831,a359ef550c52591b5802,NOUN,0.0,0.0,0.0
1831,a359ef550c52591b5802,PRCL,1.0,0.0,1.0
1831,c0ebb8fcd41518937c7b,NOUN,0.0,0.0,0.0
1832,09d35286641ce2e671a8,CONJ,1.0,1.0,0.0
1832,09d35286641ce2e671a8,NOUN,0.25,0.0,0.25
1832,a94c174861805fd75996,NOUN,0.5,0.0,0.5
1832,d2f19b995b60c3a8aeef,NPRO,1.0,1.0,0.0
1832,d2f19b995b60c3a8aeef,PRCL,0.5,0.0,0.5
1834,449d4ce2aec639dfb7d5,ADVB,0.0,0.0,0.0
1834,449d4ce2aec639dfb7d5,COMP,0.5,1.0,-0.5
1834,6c51dc4c2cc683787b4b,NOUN,1.0,0.0,1.0
1834,a611a9fe23ae773308da,NOUN,0.6666666666666666,0.0,0.6666666666666666
1835,3bb76d2648599d293bc3,VERB,1.0,0.0,1.0
1835,3fa8506c21c8b8783f05,PRCL,1.0,0.0,1.0
1835,3fa8506c21c8b8783f05,VERB,0.0,1.0,-1.0
1835,a1cc45668b5086d993fd,NOUN,0.5,0.0,0.5
1835,dcc132b7345e4fa32049,ADJF,0.5,0.0,0.5
1836,9cb8a7864e9f731beff6,CONJ,1.0,1.0,0.0
1836,eaac532137d27b3ce3bb,ADJF,0.0,1.0,-1.0
1837,4298ea0952f918834980,NOUN,0.5714285714285714,1.0,-0.4285714285714286
1837,4298ea0952f918834980,PREP,1.0,1.0,0.0
1837,7dae5a4eec1301c619a5,NOUN,0.3333333333333333,0.0,0.3333333333333333
1838,0512f8737fee0135e265,NOUN,1.0,1.0,0.0
1838,e3713f0ad9c434af9854,PRCL,0.0,1.0,-1.0
1838,e3be0662a42d612da9f0,ADJF,0.0,1.0,-1.0
1838,e3be0662a42d612da9f0,VERB,1.0,0.0,1.0
1839,274edd1720fbc189908d,NOUN,0.6666666666666666,1.0,-0.33333333333333337
1839,274edd1720fbc189908d,VERB,1.0,1.0,0.0
1839,cda589732cafb4b5c4ab,NOUN,0.5,0.0,0.5
1840,420a4dd730c71f5b4e2c,NOUN,0.4,1.0,-0.6
1840,80135ee053d5c9a06097,NOUN,0.625,1.0,-0.375
1840,c85cecd2c2e4c3009799,NOUN,0.6666666666666666,0.0,0.6666666666666666
1840,c85cecd2c2e4c3009799,PREP,1.0,1.0,0.0
1840,ded4d00959d510ba5dc6,CONJ,1.0,0.0,1.0
1840,ded4d00959d510ba5dc6,NOUN,1.0,1.0,0.0
1841,0c25db788c25844eac63,CONJ,1.0,1.0,0.0
1841,0c25db788c25844eac63,NOUN,0.25,0.0,0.25
1841,3b000124083056d80435,ADJF,1.0,1.0,0.0
1841,3b000124083056d80435,PREP,0.0,1.0,-1.0
1841,682ca9be1ba378c96bae,NOUN,0.5,0.0,0.5
1841,a654acb11e296dce93fa,INFN,1.0,1.0,0.0
1841,a654acb11e296dce93fa,PREP,0.0,0.0,0.0
1842,205e84c66ab136bd509d,NOUN,0.0,0.0,0.0
1842,28e662ad8d80f016d645,NOUN,0.6,1.0,-0.4
1842,28e662ad8d80f016d645,VERB,0.0,1.0,-1.0
1842,646a03e7a7beded12460,VERB,0.0,1.0,-1.0
1842,726dfbbb8f08970896b5,PREP,0.5,1.0,-0.5
1843,09f375d9ad3298e1917c,CONJ,1.0,1.0,0.0
1843,2b57b58a0a673a21fe68,VERB,0.0,0.0,0.0
1843,72dfd7cc026bef711e89,NOUN,0.0,0.0,0.0
1843,ecdda40766dd60abfe9f,CONJ,1.0,0.0,1.0
1844,fe0de3c0554566aa47c8,NOUN,0.0,0.0,0.0
1845,7efc9ac18fb5ced5e425,PRCL,1.0,1.0,0.0
1845,c475a5fb3cffe572b36f,NPRO,0.0,1.0,-1.0
1846,88dd33634ce83e0190a3,VERB,0.0,0.0,0.0
1846,dda5728e82b98ca3c85d,NOUN,0.0,1.0,-1.0
1848,930d792f0878d702a0e3,INFN,0.0,0.0,0.0
1848,930d792f0878d702a0e3,NOUN,0.5,1.0,-0.5
1849,95d5288d62bb087ca53e,VERB,1.0,1.0,0.0
1849,f43dc96ae3a0a2ca9c2a,NOUN,1.0,0.0,1.0
1851,5b074369745a15a5188f,NOUN,0.5,0.0,0.5
1851,5b074369745a15a5188f,PREP,1.0,1.0,0.0
1851,e1a702bafb1c128e03f4,NOUN,1.0,0.0,1.0
1852,00d646a2f466db9b0d6e,NOUN,1.0,1.0,0.0
1852,00d646a2f466db9b0d6e,NPRO,1.0,1.0,0.0
1852,23831282531db36d17df,ADJF,0.0,1.0,-1.0
1852,b9f06a7b5a639384e61e,NOUN,0.3333333333333333,0.5,-0.16666666666666669
1854,0e536d1b408d51935f10,NOUN,0.0,0.0,0.0
1854,0e536d1b408d51935f10,PREP,0.0,1.0,-1.0
1854,be5dc7f399451e5885d2,NOUN,0.5,0.0,0.5
1854,faa0333c7d0623675979,NPRO,1.0,0.0,1.0
1855,6a2bcbb5fdf4e4f2d41d,NOUN,1.0,1.0,0.0
1855,6c0f90a893f80ace5720,NOUN,1.0,0.5,0.5
1855,7db674ad90890b5607c7,VERB,0.0,1.0,-1.0
1857,8d808147b9706a944dc4,PREP,1.0,1.0,0.0
1857,9ed05386be8dadf5e468,CONJ,0.0,0.0,0.0
1858,d757e39c303b0b833ab3,NONE,0.0,0.0,0.0
1859,04cff73302f5463989e8,CONJ,0.0,0.5,-0.5
1861,b7d8f6aad9f26e73c300,CONJ,0.0,1.0,-1.0
1862,9148b4a73fec575e1e19,NOUN,0.3333333333333333,0.0,0.3333333333333333
1862,d8ae1877bb5a3ccca754,ADJF,0.0,0.0,0.0
1862,d8ae1877bb5a3ccca754,NOUN,1.0,0.0,1.0
1863,1217b13da82f96b1ca1d,CONJ,1.0,0.0,1.0
1864,26c015c8bdc20e92c73e,NPRO,0.0,0.0,0.0
1865,4323f22235816083643f,ADJF,1.0,0.0,1.0
1865,4323f22235816083643f,NOUN,0.75,1.0,-0.25
1865,ed07844dd0dc77b7686d,NOUN,0.5,0.0,0.5
1865,ed07844dd0dc77b7686d,VERB,0.0,0.0,0.0
1866,1397a4a595893a3d74c6,VERB,1.0,1.0,0.0
1866,1aa970ae712bbaa8bf58,NOUN,1.0,0.0,1.0
1866,1aa970ae712bbaa8bf58,VERB,0.0,0.0,0.0
1866,3ece6e1181755a57f5ee,NOUN,0.5,0.0,0.5
1866,6ffa06b74cfa190df006,NOUN,1.0,1.0,0.0
1866,6ffa06b74cfa190df006,PREP,1.0,1.0,0.0
1866,ff062e520f3baa32c34f,NOUN,1.0,1.0,0.0
1866,ff062e520f3baa32c34f,VERB,1.0,1.0,0.0
1867,7c44e1b6df20074754d7,NOUN,0.0,0.5,-0.5
1867,84cb5cbd65b8ebc2b193,ADJF,1.0,0.5,0.5
1867,e0066e5593adfae72c41,NPRO,1.0,1.0,0.0
1867,ea5e2069b24471032cc8,NOUN,0.6666666666666666,0.5,0.16666666666666663
1868,5b68790e6cbb36429051,NOUN,0.0,0.0,0.0
1868,5cfe439cd07e941a0dab,NOUN,0.5,0.0,0.5
1868,5cfe439cd07e941a0dab,VERB,1.0,0.0,1.0
1868,9564e0479a912f28b417,ADJF,1.0,1.0,0.0
1868,9564e0479a912f28b417,NOUN,1.0,0.0,1.0
1868,c67456ecf60b07dff256,NOUN,0.0,1.0,-1.0
1868,c67456ecf60b07dff256,PREP,1.0,1.0,0.0
1870,5074faea10478bb5d202,NOUN,0.0,1.0,-1.0
1870,b821d7f7a1b8543d34a4,NOUN,0.5,1.0,-0.5
1870,b821d7f7a1b8543d34a4,PREP,0.0,1.0,-1.0
1870,bcbeea72a012d5734a94,NOUN,0.3333333333333333,0.0,0.3333333333333333
1870,bcbeea72a012d5734a94,PRCL,0.5,1.0,-0.5
1871,15616ab6254052ed67c0,ADVB,0.5,1.0,-0.5
1871,15616ab6254052ed67c0,PREP,1.0,1.0,0.0
1871,d7f16318201414d24e1b,NOUN,0.0,0.5,-0.5
1871,e01d7a4a9326f1040311,ADJF,1.0,0.0,1.0
1871,e01d7a4a9326f1040311,NOUN,1.0,0.0,1.0
1872,0e4ad874c2eab545546e,CONJ,0.0,1.0,-1.0
1872,0e4ad874c2eab545546e,NOUN,0.0,0.0,0.0
1872,23f310854c419c0a6b33,NOUN,0.25,1.0,-0.75
1872,23f310854c419c0a6b33,VERB,1.0,0.0,1.0
1872,28a91619ba5ad23937be,VERB,1.0,1.0,0.0
1872,2d0e4ab78e683e1e7cd2,NOUN,1.0,0.0,1.0
1872,a3c841d22add82d530e3,PREP,1.0,1.0,0.0
1872,a3c841d22add82d530e3,VERB,1.0,0.0,1.0
1873,9ed9f80795832d9b61be,NOUN,1.0,1.0,0.0
1874,1424b3ba25f9a167ff87,NOUN,0.6,0.5,0.09999999999999998
1874,4123a5145ae032ba0de1,ADJF,1.0,1.0,0.0
1874,4123a5145ae032ba0de1,NOUN,0.0,0.0,0.0
1874,b44c66f4619e0f457677,NOUN,1.0,1.0,0.0
1874,b44c66f4619e0f457677,VERB,1.0,1.0,0.0
1874,cb727863e201d9ffef92,VERB,0.0,0.0,0.0
1875,2105ce9d3af1dc7f0b21,NOUN,0.4,1.0,-0.6
1875,2bc70dfce542e0959252,NOUN,0.4,1.0,-0.6
1875,7c58d69745045ee10b89,NOUN,1.0,0.0,1.0
1875,c6e232fa4663a0d24bed,ADJF,1.0,0.0,1.0
1875,c6e232fa4663a0d24bed,NOUN,0.5,0.0,0.5
1876,0180f6bb80ba4228ae93,NOUN,0.5,0.0,0.5
1876,427bb37580ca4e7c41f8,ADJF,1.0,0.0,1.0
1876,427bb37580ca4e7c41f8,PREP,0.0,1.0,-1.0
1876,9be67ecc46c79e9f2756,VERB,0.0,0.5,-0.5
1877,27164c99eb706162c12f,CONJ,1.0,1.0,0.0
1877,27164c99eb706162c12f,NOUN,0.5,0.0,0.5
1877,80562878a3ae948db515,NOUN,1.0,1.0,0.0
1877,80562878a3ae948db515,VERB,0.0,0.0,0.0
1877,e1dac3e62f27e6d648e5,VERB,0.0,0.0,0.0
1878,0636580620fa4b0a3354,NOUN,0.4,0.0,0.4
1878,0636580620fa4b0a3354,PREP,0.3333333333333333,1.0,-0.6666666666666667
1878,09815f558b659f726844,NOUN,0.0,1.0,-1.0
1878,4782d2459225de54949f,PREP,1.0,1.0,0.0
1878,5899904cb6579db77491,ADJF,1.0,0.0,1.0
1878,5899904cb6579db77491,PREP,0.0,1.0,-1.0
1878,f09585da7030b2b731cf,NOUN,0.3333333333333333,1.0,-0.6666666666666667
1878,f09585da7030b2b731cf,VERB,0.0,0.0,0.0
1880,1030f70e60be50928297,PREP,1.0,1.0,0.0
1880,12b93509d13d559ab887,CONJ,1.0,1.0,0.0
1880,232ba8c3b2df4ad3a5b8,ADVB,1.0,1.0,0.0
1880,232ba8c3b2df4ad3a5b8,CONJ,1.0,1.0,0.0
1881,a43bc9a6a9706fa24b55,NOUN,0.2,1.0,-0.8
1882,06238022166b333d7902,PREP,1.0,1.0,0.0
1882,06238022166b333d7902,VERB,1.0,1.0,0.0
1882,0d73adbeddc7a43fd92f,INFN,1.0,1.0,0.0
1882,4ea4174f2fa0dae4ce80,NPRO,1.0,1.0,0.0
1882,4ea4174f2fa0dae4ce80,VERB,0.0,0.0,0.0
1882,83baa076dc8658d44f1b,CONJ,0.5,1.0,-0.5
1882,83baa076dc8658d44f1b,INFN,0.5,1.0,-0.5
1882,e149c2b9164724bb729a,NPRO,1.0,1.0,0.0
1882,e149c2b9164724bb729a,PRCL,1.0,1.0,0.0
1883,23a9f6667f53bc80011d,NOUN,0.0,0.0,0.0
1883,299bc71d18c1b27078e5,ADVB,1.0,1.0,0.0
1883,4c1e325ed4b1c7378d57,NOUN,0.5,0.0,0.5
1883,f56ab5d1dde65aa29be7,VERB,1.0,0.0,1.0
1884,a03380be24056411817b,ADJF,1.0,1.0,0.0
1884,d2b1e8a0f7693873487b,ADVB,0.0,0.0,0.0
1885,b7e0fd28f55337544970,PREP,1.0,1.0,0.0
1885,c5325f68bf51b7964b84,NOUN,0.0,1.0,-1.0
1885,c60a01bb64040753795b,ADVB,1.0,0.0,1.0
1886,43eb343f5d1c0b8d848e,NOUN,0.5,0.0,0.5
1890,f9ef4b82b8b27dba3257,CONJ,1.0,1.0,0.0
1891,395919bf9c9acebc9cb6,ADVB,0.0,0.0,0.0
1891,395919bf9c9acebc9cb6,NOUN,1.0,1.0,0.0
1891,5dcc8ee85813fe81f499,ADJF,0.0,1.0,-1.0
1891,7111b3dc23bcd1a373d5,ADVB,1.0,0.0,1.0
1891,7111b3dc23bcd1a373d5,NOUN,1.0,1.0,0.0
1891,b53bcc68ee23668293c3,PREP,0.0,1.0,-1.0
1892,3a287eab324a122478ea,NOUN,0.0,1.0,-1.0
1892,3be29e571f32d2b8b2f1,PREP,1.0,1.0,0.0
1893,295071091091a03f8c52,CONJ,1.0,1.0,0.0
1893,d269b7768c0f16ac3903,CONJ,1.0,0.0,1.0
1893,d269b7768c0f16ac3903,NOUN,0.0,1.0,-1.0
1893,e1162ea13f3f3c3b86fa,NOUN,0.0,0.0,0.0
1893,f436d6f906f46763644b,ADJF,0.5,0.0,0.5
1894,005394a44fca8216d1ac,ADJF,0.0,1.0,-1.0
1894,005394a44fca8216d1ac,NOUN,0.3333333333333333,1.0,-0.6666666666666667
1894,a9f2a1beae38f6395604,NOUN,1.0,0.0,1.0
1894,bff1c0735a6ac63dc29d,ADJF,0.6666666666666666,0.0,0.6666666666666666
1894,bff1c0735a6ac63dc29d,NOUN,1.0,0.0,1.0
1895,3e58b25f502cd2e9e399,NOUN,0.3333333333333333,1.0,-0.6666666666666667
1895,bc4c026058b4b09e173a,CONJ,1.0,1.0,0.0
1895,cb82ea75a055adcc1db6,ADJF,1.0,0.0,1.0
1895,efafaa2fea7053558d5c,NOUN,1.0,0.0,1.0
1896,7c0556242739a5a9b464,NOUN,0.2,0.0,0.2
1896,8362135e76d7e8de254f,NOUN,0.0,1.0,-1.0
1897,3cfceec23e17909e167f,CONJ,1.0,1.0,0.0
1897,45ae1cefdb8b2adaede3,ADJF,1.0,0.0,1.0
1897,97b453c462c40161d8e3,ADJF,1.0,1.0,0.0
1897,97b453c462c40161d8e3,NOUN,1.0,0.0,1.0
1897,d8a47487ea55b50baae2,NOUN,1.0,0.0,1.0
1899,b4fb566b4d4450435847,NOUN,0.0,0.0,0.0
1900,24b689a61a98c114d73e,PREP,1.0,1.0,0.0
1900,3e734f1f939507d27d88,PREP,1.0,1.0,0.0
1900,82ab9206c97ace634e9f,NOUN,0.0,1.0,-1.0
1900,986f2832819e4d173ee4,ADVB,0.5,0.0,0.5
1900,986f2832819e4d173ee4,NOUN,1.0,0.0,1.0
1901,33ce975cae811e026ff4,NOUN,0.5,0.0,0.5
1901,33ce975cae811e026ff4,PREP,1.0,1.0,0.0
1901,8c5ea79b3ed1cc9d78a6,INFN,1.0,1.0,0.0
1901,bedbe54330586fa53ca6,PREP,1.0,1.0,0.0
1902,2f9b478601a72cd7b99f,NOUN,0.0,0.0,0.0
1902,4d4a7dd9f4d37362a89f,ADJF,0.0,1.0,-1.0
1902,6f2137de77ba3f919625,PRCL,1.0,1.0,0.0
1902,bb83555927d9891da913,NOUN,1.0,0.0,1.0
1903,22891457bd8eb899beee,NOUN,0.0,1.0,-1.0
1903,22891457bd8eb899beee,PREP,1.0,1.0,0.0
1903,ba3d22ade54c2db25cab,NOUN,0.0,0.0,0.0
1903,ba3d22ade54c2db25cab,PREP,1.0,1.0,0.0
1904,0e4996bc6bb329e85dfb,NOUN,0.0,0.0,0.0
1904,0e4996bc6bb329e85dfb,PREP,1.0,1.0,0.0
1905,4cabc118c1c5da0af77e,NOUN,1.0,1.0,0.0
1906,30183ca5aecfe35e67a6,ADVB,1.0,0.0,1.0
1906,6b31979b2c7ec4b86583,PREP,0.0,1.0,-1.0
1907,4e0ca42de842ed82a81e,INFN,0.0,0.0,0.0
1907,4e0ca42de842ed82a81e,NOUN,0.3333333333333333,0.0,0.3333333333333333
1907,a068b03b9651d1185065,NOUN,0.5,0.0,0.5
1908,924ff5718c1b1cb68828,NOUN,0.0,0.0,0.0
1908,b61d03d23708ffeb6089,PREP,1.0,1.0,0.0
1908,c7c5bb7ba87146de6dc8,NOUN,1.0,1.0,0.0
1909,0c879f35b12e9eb2de3d,ADJF,0.0,1.0,-1.0
1909,c3f67d2cfb8963ee9853,NOUN,0.0,0.0,0.0
1909,c3f67d2cfb8963ee9853,VERB,1.0,0.0,1.0
1909,d370f5c86e2025db1582,NOUN,0.5,0.5,0.0
1910,a61bc9e2eb4b22507113,ADJF,0.0,1.0,-1.0
1910,b28e51ef3f95073be3da,NOUN,0.0,1.0,-1.0
1911,679b3ff46b6ed72eec17,ADJF,0.0,1.0,-1.0
1911,679b3ff46b6ed72eec17,INFN,0.0,0.0,0.0
1912,0a2fc34ad76827ff522c,PREP,1.0,0.0,1.0
1912,4d1ad7116c25d4388ee4,NOUN,0.0,0.0,0.0
1912,54a3410493dcdea98830,NOUN,0.0,0.0,0.0
1912,c3e353898b13a3b40378,PREP,1.0,1.0,0.0
1912,cf643cc84291b0307622,PREP,1.0,1.0,0.0
1914,cb82402ca15ba1ab847d,PRCL,1.0,0.0,1.0
1915,a4554f9242a8edfa4845,ADJF,0.0,1.0,-1.0
1915,a4554f9242a8edfa4845,NOUN,0.5,1.0,-0.5
1915,c93553a0ec8c07283cea,NOUN,1.0,0.0,1.0
1915,c93553a0ec8c07283cea,PREP,1.0,1.0,0.0
1916,578cca6db90694c1bcd8,CONJ,1.0,0.0,1.0
1916,76f6565aab8477af81d5,PRCL,1.0,1.0,0.0
1916,8a877f5715feb54b7fc9,NOUN,0.3333333333333333,0.0,0.3333333333333333
1916,c9b08d439a0def4cf0d9,PREP,0.0,1.0,-1.0
1917,60a2f1e59f09bba9b10a,NOUN,0.0,0.0,0.0
1917,60a2f1e59f09bba9b10a,VERB,0.0,0.0,0.0
1917,b091b1ba83be9c0e051d,CONJ,0.5,1.0,-0.5
1917,b091b1ba83be9c0e051d,VERB,0.0,0.0,0.0
1917,e8d738484bb59f293ffe,CONJ,0.0,1.0,-1.0
1917,e8d738484bb59f293ffe,NOUN,1.0,1.0,0.0
1918,37d748d601cf442947c5,CONJ,1.0,0.0,1.0
1918,8358430faf8d9ff0c74d,CONJ,1.0,0.0,1.0
1922,3cf2599a58e988e559bd,CONJ,1.0,1.0,0.0
1922,4c0c5adabce52732771f,NOUN,0.5,1.0,-0.5
1922,4c0c5adabce52732771f,PREP,0.5,1.0,-0.5
1923,0dd51ae290e49acfd76f,NOUN,0.5,0.0,0.5
1923,1244971e10e93f5a3f1a,NOUN,0.5,1.0,-0.5
1923,1b5b810a4ca81cee0f42,PREP,1.0,1.0,0.0
1923,8297861092e3db3ba73a,CONJ,1.0,1.0,0.0
1923,8297861092e3db3ba73a,NOUN,1.0,1.0,0.0
1923,eb1f690deb7b5e0f7fe4,NOUN,1.0,0.0,1.0
1923,eb1f690deb7b5e0f7fe4,VERB,1.0,0.0,1.0
1924,16c603040042a7b7cc03,VERB,1.0,0.0,1.0
1924,362ea248112f79fa493c,CONJ,1.0,0.0,1.0
1924,68f27e0d21d596a46f12,ADVB,0.0,1.0,-1.0
1924,68f27e0d21d596a46f12,NOUN,0.5,1.0,-0.5
1924,9db61702bae868c266fe,CONJ,1.0,1.0,0.0
1925,5d75650833a36f8c6727,PRCL,0.5,1.0,-0.5
1926,17be7b8e90a801d374e6,PRCL,1.0,1.0,0.0
1926,17be7b8e90a801d374e6,VERB,0.0,1.0,-1.0
1926,1910d2d82acc12e736d3,VERB,0.0,1.0,-1.0
1926,27504813856e564e0e48,ADVB,1.0,1.0,0.0
1926,27504813856e564e0e48,PRCL,1.0,1.0,0.0
1926,42b77162820812822b9e,NOUN,1.0,1.0,0.0
1926,42b77162820812822b9e,PREP,1.0,1.0,0.0
1928,4f571a4d1d8d5bcfe245,COMP,0.0,0.0,0.0
1929,610fc55027405465f4c4,NOUN,1.0,0.0,1.0
1929,610fc55027405465f4c4,VERB,0.5,0.0,0.5
1929,d51aadcc25a6a0158fc9,NOUN,1.0,1.0,0.0
1932,20c1dbcc13d572b3cb82,NOUN,0.3333333333333333,0.0,0.3333333333333333
1932,2ff794861927aedef930,NOUN,0.4,0.0,0.4
1932,a0a4bc5e33c8842a1ac6,NOUN,0.5,0.0,0.5
1934,71ab34212d4c2e07d105,NPRO,1.0,1.0,0.0
1934,71ab34212d4c2e07d105,PRCL,0.0,1.0,-1.0
1934,77584be9e4e1f7813295,NOUN,1.0,1.0,0.0
1934,93b7e1cb8532f8f2aac0,NOUN,0.6666666666666666,0.0,0.6666666666666666
1934,93b7e1cb8532f8f2aac0,PREP,1.0,1.0,0.0
1934,9c585563a20430fc688a,NOUN,0.0,0.0,0.0
1934,f86369a8b1b753bda6e3,NOUN,0.0,0.0,0.0
1935,56a9b3d049bf1c51ea16,NOUN,0.0,0.0,0.0
1935,a3f831f32699f50bca3b,ADJF,1.0,0.0,1.0
1935,a5e201da30970801afd9,NOUN,0.0,0.0,0.0
1935,a5e201da30970801afd9,PRCL,1.0,0.0,1.0
1935,b4f4ae5fa7121c3a562f,PREP,1.0,1.0,0.0
1937,0ade1db08af3e60954b6,NOUN,0.0,0.0,0.0
1937,0ade1db08af3e60954b6,NPRO,1.0,1.0,0.0
1937,1527f393a47a441e8d41,NPRO,0.0,1.0,-1.0
1937,70fcbdfc57b27ba12210,NPRO,1.0,1.0,0.0
1937,bd2fc9f3856c1f45c7f3,NOUN,0.0,1.0,-1.0
1938,4694ed48d05816ffc4cb,PREP,1.0,1.0,0.0
1938,84100b736f60ba92c511,NOUN,0.5,0.0,0.5
1938,84100b736f60ba92c511,PREP,1.0,1.0,0.0
1938,e61c6d26bd46df856590,NOUN,0.4,1.0,-0.6
1938,eef031d372b8a2855417,NOUN,0.5,1.0,-0.5
1938,eef031d372b8a2855417,PREP,1.0,1.0,0.0
1939,4e3672f41fa05aee945c,VERB,0.0,0.5,-0.5
1939,5fba8d237ec0d2262c0c,NOUN,0.3333333333333333,0.5,-0.16666666666666669
1939,734b244cf5370f80ea00,NOUN,0.0,0.0,0.0
1939,def408c56ee4deb68f5f,NOUN,0.0,0.0,0.0
1939,e2da7ef8e0d74bec6e81,NOUN,0.0,1.0,-1.0
1939,e2da7ef8e0d74bec6e81,PREP,1.0,1.0,0.0
1940,382a11c794717f7b855c,NOUN,0.5,0.0,0.5
1940,80305fe560e6772939f6,NOUN,1.0,1.0,0.0
1940,8d68db2bc39a4d46de4f,NOUN,0.3333333333333333,0.0,0.3333333333333333
1940,f8f09937258a36c97fa8,NOUN,1.0,0.0,1.0
1941,262ac5bea0d7c2f8edd7,NOUN,0.3333333333333333,0.0,0.3333333333333333
1941,99d59f9395609a7b1677,NOUN,0.4,1.0,-0.6
1941,a8e83a77d1df12c8f98b,ADJF,0.0,1.0,-1.0
1941,a8e83a77d1df12c8f98b,PREP,1.0,1.0,0.0
1941,e60901c428bee3ab8c89,NOUN,0.5,0.0,0.5
1942,6bf08b51f9166f564224,VERB,1.0,1.0,0.0
1942,7325556ffd725dd1c8a5,NOUN,0.75,0.0,0.75
1942,dcd252d561ed9171989a,VERB,1.0,1.0,0.0
1943,49819695f470f4dc8f70,CONJ,1.0,1.0,0.0
1943,49819695f470f4dc8f70,NOUN,0.0,0.0,0.0
1943,728402a289719aa4fbba,NOUN,1.0,0.0,1.0
1943,fb2cc561526eb9a4204c,NOUN,0.0,0.0,0.0
1944,4f24b7895887db33c96a,NPRO,1.0,0.0,1.0
1944,4f24b7895887db33c96a,VERB,1.0,1.0,0.0
1944,501e2970efc54b8f6984,NOUN,0.6666666666666666,0.0,0.6666666666666666
1944,b2cf66bc62f0ad421505,VERB,1.0,1.0,0.0
1944,e83cdbc94855e2005740,NOUN,0.3333333333333333,0.0,0.3333333333333333
1945,c31bc6edb8b99ad3803e,NOUN,1.0,1.0,0.0
1945,c31bc6edb8b99ad3803e,VERB,0.0,0.0,0.0
1945,d11d50c87318bc63e037,NOUN,0.0,0.0,0.0
1945,d11d50c87318bc63e037,PREP,1.0,1.0,0.0
1945,e0cc6f362dbd276a849d,NOUN,0.0,0.5,-0.5
1945,f9868ad0c653ab836545,NOUN,0.0,0.0,0.0
1946,03ef30fb6f5dc25e5144,NOUN,1.0,0.0,1.0
1946,03ef30fb6f5dc25e5144,NUMR,1.0,0.0,1.0
1946,8687d13b596ff7a752d1,NOUN,0.5,1.0,-0.5
1947,4cda5580c8e56411bb3f,ADJF,0.5,1.0,-0.5
1947,f236e540e77e970e8120,ADJF,1.0,1.0,0.0
1948,14e91c1edd88ea2f5663,NOUN,1.0,1.0,0.0
1948,14e91c1edd88ea2f5663,PRTF,0.0,1.0,-1.0
1949,4a64428606a3a3941ccd,NOUN,0.0,0.0,0.0
1949,61a22c11132e63003564,NOUN,0.5,1.0,-0.5
1949,b3b65564e02227022463,NOUN,0.6666666666666666,0.0,0.6666666666666666
1949,b3b65564e02227022463,PREP,1.0,1.0,0.0
1949,f72f2dea357dde8a8cc4,ADJF,0.0,1.0,-1.0
1949,f72f2dea357dde8a8cc4,NOUN,0.5,0.0,0.5
1950,2523d8728d3427d5122f,NOUN,1.0,1.0,0.0
1950,2523d8728d3427d5122f,PREP,1.0,1.0,0.0
1950,a89d4b59b382997f60e9,PREP,1.0,1.0,0.0
1950,dba0afa333493d78d7b3,NOUN,0.0,0.0,0.0
1951,1927c4111e1a69245fba,VERB,1.0,0.0,1.0
1951,c5805453dcd6d080fe3b,NPRO,1.0,1.0,0.0
1951,c5805453dcd6d080fe3b,PREP,1.0,1.0,0.0
1952,2e3583e1c361325c82d6,VERB,0.0,1.0,-1.0
1952,695b17180dcf1de33098,VERB,1.0,0.0,1.0
1953,a1154ac8d408c7b4eaca,VERB,1.0,0.0,1.0
1953,a461daf81d5723e85ed6,NOUN,0.0,1.0,-1.0
1953,e5132f64d6a7c4d39faa,NOUN,0.6666666666666666,1.0,-0.33333333333333337
1953,e5132f64d6a7c4d39faa,PREP,1.0,1.0,0.0
1954,23a1ef73f8da4dabc16b,NOUN,0.0,0.0,0.0
1954,55dc7de0c33073417bee,PREP,1.0,1.0,0.0
1954,7d78f777e3a3e44b904b,NPRO,1.0,1.0,0.0
1954,8b55605b6eca1230a70c,CONJ,1.0,1.0,0.0
1954,8b55605b6eca1230a70c,VERB,1.0,1.0,0.0
1955,1bcd85d78d3f87c85838,NOUN,0.0,0.0,0.0
1955,4d3855135c5862aa688f,NOUN,0.0,0.0,0.0
1955,4d3855135c5862aa688f,PREP,1.0,0.0,1.0
1955,a17aa33e04ff500c110f,NOUN,0.0,1.0,-1.0
1956,22eba6f8649cf005a3ba,NOUN,1.0,0.0,1.0
1956,6c5fc508320ed814a6e7,ADJF,1.0,1.0,0.0
1956,6c5fc508320ed814a6e7,NOUN,0.0,0.0,0.0
1956,9d5c918efe52f246cf67,NOUN,0.6666666666666666,1.0,-0.33333333333333337
1956,9f73b1392c7ffa4c1b78,NOUN,0.0,0.5,-0.5
1957,871d90c82274e8fd94c1,CONJ,1.0,1.0,0.0
1957,871d90c82274e8fd94c1,NOUN,0.0,1.0,-1.0
1957,96444af09d73a3617914,NOUN,0.0,1.0,-1.0
1959,15cca35dd39e0fc0154a,NOUN,0.2,0.0,0.2
1959,8d28b6d3683d5776f32f,NOUN,0.5555555555555556,0.0,0.5555555555555556
1960,f0bbb05bac85330222d6,CONJ,1.0,1.0,0.0
1960,f0bbb05bac85330222d6,INFN,0.0,0.0,0.0
1961,6bcc69275b77fc4683b3,VERB,1.0,0.0,1.0
1961,7e15e0a9250b312ee994,VERB,1.0,0.0,1.0
1961,90ebe9fbd387eea0d17c,NOUN,1.0,0.0,1.0
1961,90ebe9fbd387eea0d17c,VERB,1.0,0.0,1.0
1961,9e0a718c86daf17ee7e4,VERB,1.0,1.0,0.0
1964,3b64b2b87024f1733407,NOUN,0.0,0.0,0.0
1964,dd23e64746a3fd9a98b1,CONJ,1.0,1.0,0.0
1966,280a62317083db0c7de1,NOUN,1.0,1.0,0.0
1966,33cd691bda192728077d,NOUN,1.0,0.0,1.0
1966,8996ccb47d3c7a32c154,CONJ,1.0,1.0,0.0
1966,8996ccb47d3c7a32c154,NOUN,1.0,1.0,0.0
1967,1a5eb8b4c4a93f12ecde,NPRO,1.0,1.0,0.0
1967,1a5eb8b4c4a93f12ecde,VERB,0.0,0.0,0.0
1968,052fd54288b06053698e,NPRO,0.0,0.0,0.0
1968,3908cbcbbdf4983dbce8,ADVB,1.0,0.0,1.0
1969,329c3d255d649f5a3c0a,VERB,0.0,0.0,0.0
1970,0400893a6e354bac2ae4,NOUN,0.0,0.0,0.0
1970,842917d5b24dc6280502,VERB,0.0,0.0,0.0
1970,d11e6dd92289dd310542,VERB,0.0,0.0,0.0
1971,33dd47885676d3064ef3,NOUN,1.0,0.0,1.0
1971,33dd47885676d3064ef3,NPRO,1.0,1.0,0.0
1971,40b5231ad6fd205b1f45,VERB,0.0,0.0,0.0
1971,b38e22279d141aeb40d1,NOUN,0.0,0.0,0.0
1971,b38e22279d141aeb40d1,VERB,0.0,0.0,0.0
1972,883def82c2c14b26d208,PREP,1.0,1.0,0.0
1973,4754689fc5e0025c155d,NOUN,0.0,1.0,-1.0
1973,601f64437fbc0a82dfd8,NOUN,1.0,0.0,1.0
1973,601f64437fbc0a82dfd8,VERB,1.0,0.0,1.0
1974,0baa3dfedc116a156bf8,NOUN,1.0,0.0,1.0
1974,2b971ff64f9bc3520eb3,NOUN,0.0,0.0,0.0
1974,40f4abd006c3f04c5479,NOUN,1.0,1.0,0.0
1974,c232b7252d54d2636d30,NOUN,1.0,1.0,0.0
1975,2d91c9ba01f039e9d768,PREP,1.0,1.0,0.0
1975,2ec33cb258142e3e6978,INFN,1.0,0.0,1.0
1975,2ec33cb258142e3e6978,NOUN,1.0,1.0,0.0
1975,90979c60f05097ac0ad5,NOUN,0.0,0.0,0.0
1976,c843247903c1e6ce6bdb,NOUN,0.5,0.0,0.5
1976,d0d28e7b09fa4ee92973,NOUN,0.0,0.0,0.0
1977,1e330436307618fa039f,NOUN,0.0,0.0,0.0
1977,2cfe57a05cfc9d344630,NOUN,0.0,0.0,0.0
1977,45acbe0a14e63177dfec,ADJF,0.0,1.0,-1.0
1977,45acbe0a14e63177dfec,NOUN,0.25,0.0,0.25
1977,af4815185b59499b68f7,NOUN,0.6666666666666666,0.5,0.16666666666666663
1978,37053c073c0f02b3a7be,NOUN,0.5,0.0,0.5
1978,65c135f4671ebc1ba2d5,PREP,1.0,1.0,0.0
1979,87c4a9a65965f535b9f4,NOUN,0.0,0.0,0.0
1979,9b9743efc63165887f81,NOUN,1.0,1.0,0.0
1979,bb7523a1803465f2e4ea,VERB,1.0,1.0,0.0
1980,523395768f25d8d074ab,NOUN,0.0,0.0,0.0
1980,549f05cfc4240b93936a,NOUN,0.0,1.0,-1.0
1980,6d8733bf3c6b1491ea1b,NOUN,0.5,0.0,0.5
1980,75c7428f267f11f06bd6,VERB,0.0,1.0,-1.0
1980,c9fc9f0edb3e5a387f59,NOUN,1.0,0.0,1.0
1981,509a3b5be2ad8a3b5f16,NOUN,0.3333333333333333,0.5,-0.16666666666666669
1982,3d30fc2dbe88d75b43d5,NOUN,0.6666666666666666,0.0,0.6666666666666666
1982,bf7ba067f29342a6b021,NOUN,0.6666666666666666,0.0,0.6666666666666666
1982,bf7ba067f29342a6b021,NPRO,0.0,1.0,-1.0
1982,fd0db3f596712c7c9843,NOUN,0.5,0.5,0.0
1983,007d7e86d909ff4d7761,NOUN,0.4,0.0,0.4
1983,007d7e86d909ff4d7761,PREP,0.0,1.0,-1.0
1983,027c43e860afc76dd6b8,NOUN,0.8,0.0,0.8
1983,3ef69378d76f4985f641,ADJF,0.6666666666666666,1.0,-0.33333333333333337
1983,3ef69378d76f4985f641,PREP,1.0,1.0,0.0
1983,9c39abc3c1242f33d383,NOUN,0.3333333333333333,0.5,-0.16666666666666669
1984,17a52f632441c09c054d,NOUN,1.0,0.0,1.0
1984,17a52f632441c09c054d,PREP,1.0,0.0,1.0
1984,63e4687d62e0cb20f9c4,ADVB,0.0,0.0,0.0
1984,7041e1d9413e3aa2d848,NONE,0.0,1.0,-1.0
1984,7041e1d9413e3aa2d848,NOUN,1.0,1.0,0.0
1984,8f7c79b43d90b43e373c,NOUN,0.5,0.0,0.5
1985,49ebb5a833cf70949e5d,NOUN,0.3333333333333333,1.0,-0.6666666666666667
1986,0298f49449074b65eb92,NOUN,0.0,1.0,-1.0
1986,0298f49449074b65eb92,PREP,1.0,1.0,0.0
1986,563f709fc68186ae1843,NOUN,1.0,0.0,1.0
1986,563f709fc68186ae1843,PREP,1.0,1.0,0.0
1986,5d302893b2e1ca148381,ADJF,0.5,1.0,-0.5
1986,6531adff1f5b154cd68e,NOUN,1.0,0.0,1.0
1987,5ddaa7ffa292a6bdaf7b,PREP,1.0,1.0,0.0
1987,94d049b5e66aa6ea5b5d,PRCL,1.0,0.0,1.0
1988,0a6371f13750bfa3dfa4,ADVB,0.0,0.0,0.0
1988,57da54b4b359b6964fe3,ADJF,1.0,0.0,1.0
1988,57da54b4b359b6964fe3,NOUN,0.6666666666666666,0.0,0.6666666666666666
1989,910c037a8adbd1789143,NOUN,1.0,0.5,0.5
1989,abd30b814d809a28d804,NOUN,0.5,0.0,0.5
1989,d344d549cc9726a1431d,ADJF,1.0,0.0,1.0
1990,13afc284d42b3e604e83,ADJF,0.0,1.0,-1.0
1990,cd6bc6f1f0b258b671e3,ADVB,0.0,0.0,0.0
1990,fd92df702848d62c35df,ADJF,1.0,1.0,0.0
1992,28f01c20ad6a75e9fb58,ADVB,0.0,0.0,0.0
1993,27875a01a021640a89c6,PREP,1.0,1.0,0.0
1994,2dcb204b0c592eaa7579,ADJF,1.0,1.0,0.0
1994,2dcb204b0c592eaa7579,NOUN,0.6666666666666666,1.0,-0.33333333333333337
1995,085c1b02f3d23b99871f,ADJF,0.0,1.0,-1.0
1995,4a6be3efb119829e23a0,NOUN,0.0,1.0,-1.0
1996,10ea21251563a688c7ee,ADVB,0.0,1.0,-1.0
1996,10ea21251563a688c7ee,VERB,1.0,0.0,1.0
1996,49632e4406158b5fbb91,NOUN,0.5,0.0,0.5
1996,49632e4406158b5fbb91,PREP,1.0,1.0,0.0
1996,dc2bb7c665823d9cb757,VERB,0.0,0.0,0.0
1998,a06dda6fdcce48a4bdab,ADJF,1.0,0.0,1.0
1998,a06dda6fdcce48a4bdab,ADVB,0.5,0.0,0.5
1998,decee2af7c6cdc07a2e4,ADJF,0.0,0.0,0.0
1998,decee2af7c6cdc07a2e4,NOUN,0.0,0.0,0.0
2001,1a11ba3cf21157135b26,ADJF,0.5,1.0,-0.5
2001,1a11ba3cf21157135b26,PRCL,1.0,1.0,0.0
2001,2e9e3822e10fdee3321b,PREP,0.5,1.0,-0.5
2002,67e4895b9828fa4d4585,ADJF,0.5,0.5,0.0
2002,9ba47fb5b1430315884c,PREP,1.0,1.0,0.0
2002,9ba47fb5b1430315884c,VERB,1.0,0.0,1.0
2002,bd6e982e2420a1fe29cc,VERB,1.0,0.0,1.0
2003,77fb4f1d8e5c207361e0,ADJF,0.5,1.0,-0.5
2004,4e006e1d2cb1b43c5616,NOUN,1.0,0.0,1.0
2004,57088fa6ec2bde0b4650,ADVB,0.5,1.0,-0.5
2006,4d7f891177f398ee516a,NOUN,0.0,1.0,-1.0
2006,5daf66e1677e3ea789ec,CONJ,0.5,1.0,-0.5
2007,13675f8ac115b1bcb976,CONJ,0.0,1.0,-1.0
2007,90f55cb4d747a008a96e,PREP,1.0,1.0,0.0
2007,a54ac02c5ba21e9fb404,VERB,1.0,0.0,1.0
2009,1833a43eedb13a280547,CONJ,0.0,1.0,-1.0
2009,7bfe5c24bbc951c7fd67,PRCL,1.0,1.0,0.0
2009,7bfe5c24bbc951c7fd67,VERB,0.0,0.0,0.0
2010,4213a4785e937ef1ed4d,NOUN,1.0,0.0,1.0
2010,74d33f9749c7604c2763,NOUN,1.0,1.0,0.0
2012,e0e3c509963a58b0b633,NOUN,0.5,0.0,0.5
2013,2898829352bd1036c4a5,NPRO,1.0,0.5,0.5
2013,64dab3f285ce50ba809d,NPRO,1.0,1.0,0.0
2013,83c6e302e50250a3aa45,NPRO,0.0,1.0,-1.0
2013,ace8f396c24b598082ff,NOUN,0.0,0.0,0.0
2013,dae7272e5c71271a2b4f,NPRO,1.0,1.0,0.0
2014,13b1af6462e9b31231b6,ADVB,1.0,0.0,1.0
2014,eb9ffbcf3347bca13e20,CONJ,0.0,0.0,0.0
2016,a7aef63997d9b577f956,PREP,1.0,1.0,0.0
2016,a7aef63997d9b577f956,VERB,1.0,1.0,0.0
2016,b7ab5cf20b46f771a3dc,CONJ,1.0,0.0,1.0
2016,b7ab5cf20b46f771a3dc,NPRO,1.0,0.0,1.0
2018,14b4123267699fa12576,CONJ,1.0,1.0,0.0
2018,14b4123267699fa12576,NOUN,0.3333333333333333,1.0,-0.6666666666666667
2018,8b3648cc4dd950d8b861,PRCL,1.0,1.0,0.0
2018,b088d9079dd08731d145,NOUN,1.0,1.0,0.0
2018,b088d9079dd08731d145,PREP,1.0,1.0,0.0
2019,c508507dec972e7a6960,NPRO,1.0,1.0,0.0
2019,fe849fce92a15dc0bbe2,VERB,0.0,0.0,0.0
2020,7f20bdeb9461e880a4be,NOUN,0.0,1.0,-1.0
2020,7f20bdeb9461e880a4be,NPRO,0.6666666666666666,1.0,-0.33333333333333337
2020,cd887a8044fd30e38e5f,NOUN,1.0,1.0,0.0
2020,cd887a8044fd30e38e5f,NPRO,1.0,1.0,0.0
2024,6eaaeee4ccdd04fe00e1,CONJ,1.0,0.0,1.0
2024,6eaaeee4ccdd04fe00e1,VERB,1.0,0.0,1.0
2024,9f4ebe4af4d4b842db64,NPRO,1.0,0.0,1.0
2024,9f4ebe4af4d4b842db64,VERB,1.0,1.0,0.0
2024,d6072c8de98799986b82,CONJ,1.0,1.0,0.0
2024,e6f59e8dab6b8d235a2f,NPRO,0.0,1.0,-1.0
2025,bfbfaa3bb5dea008db63,CONJ,1.0,1.0,0.0
2025,cac2308c1edece163bc5,ADVB,0.5,0.0,0.5
2027,4203e9927560d8ccb875,NPRO,1.0,1.0,0.0
2027,4203e9927560d8ccb875,PREP,1.0,1.0,0.0
2027,5a00fb47ca381f36189d,PREP,1.0,1.0,0.0
2028,28507844e2219d9817a8,VERB,1.0,1.0,0.0
2028,3f539290389b74d00c2d,PRCL,1.0,1.0,0.0
2028,3f539290389b74d00c2d,VERB,1.0,1.0,0.0
2029,51f6a25477e100caf5a1,NOUN,1.0,0.0,1.0
2029,51f6a25477e100caf5a1,PREP,1.0,1.0,0.0
2029,d49a235283d301f9d12f,NOUN,0.5,0.0,0.5
2029,f79be689bf76b60a1971,NOUN,0.0,0.0,0.0
2030,28dae2ee25a570228eda,NOUN,0.4,0.0,0.4
2031,44937abd0a53d0d6b6b3,ADJF,1.0,1.0,0.0
2031,44937abd0a53d0d6b6b3,NOUN,0.5,1.0,-0.5
2031,bf5ef00b034272a942fa,NOUN,0.6666666666666666,0.0,0.6666666666666666
2031,f0886c836e6a3f556151,NOUN,0.5,1.0,-0.5
2031,f0886c836e6a3f556151,PREP,1.0,0.0,1.0
2032,f71c8c96dc52664f2f0c,NOUN,0.5,0.0,0.5
2033,85088dddc720302964dc,NOUN,1.0,0.0,1.0
2033,bcdfb245e64f5fd9ec5b,ADJF,0.5,1.0,-0.5
2033,bcdfb245e64f5fd9ec5b,NOUN,0.0,1.0,-1.0
2033,d87f5b3b726dd594e493,ADJF,0.0,0.0,0.0
2037,054affea078b30c1ef23,NOUN,0.0,1.0,-1.0
2037,054affea078b30c1ef23,NUMR,0.0,0.0,0.0
2037,ce61714a1de21e82f42f,NOUN,0.0,1.0,-1.0
2037,d79383fdd5fd6a11e4be,NOUN,0.0,1.0,-1.0
2037,ff9af5477434f913d21b,NOUN,0.0,0.0,0.0
2039,e2e14079f1b2f9da5b5f,NUMR,0.0,0.0,0.0
2040,73f126cf5e80c0819066,NUMR,0.0,0.0,0.0
2041,dddfa07b0287eeaea4fd,ADJF,0.0,0.5,-0.5
2041,eb33845cda908c294e48,NOUN,0.0,0.0,0.0
2042,ff5f0189893994975bba,NOUN,0.0,0.0,0.0
2044,2ace3dd8e928a1d4e746,PREP,1.0,1.0,0.0
2045,9fe54ff13ea99d24c4fe,NOUN,0.0,0.0,0.0
2045,f1db3e1d28a75822beaf,NOUN,0.0,0.0,0.0
2045,f5e7e95e1e351f33b0d7,NOUN,0.0,1.0,-1.0
2045,f5e7e95e1e351f33b0d7,PREP,1.0,1.0,0.0
2046,086bab5692facb687f9d,NOUN,0.6666666666666666,1.0,-0.33333333333333337
2046,8ab060199a8b747503bc,NOUN,0.75,0.0,0.75
2046,a72af9b86a30e635d459,NOUN,1.0,1.0,0.0
2047,0065228b5b83491ca63d,NOUN,0.0,0.0,0.0
2047,f78bfc31b023476d31e3,PREP,1.0,1.0,0.0
2049,eb18114aefa1489e0736,ADVB,1.0,1.0,0.0
2049,eb18114aefa1489e0736,CONJ,1.0,0.0,1.0
2051,4916b07462d38bb9ef2a,NOUN,0.3333333333333333,1.0,-0.6666666666666667
2051,7671f56c9df9062c6605,NOUN,0.5,1.0,-0.5
2051,af580c20e203dd242853,NOUN,0.5,1.0,-0.5
2051,bb06dd22770c65198b15,ADJF,0.3333333333333333,0.0,0.3333333333333333
2051,bb06dd22770c65198b15,NOUN,0.5,1.0,-0.5
2053,080b2756553a32aea070,NOUN,1.0,1.0,0.0
2053,8e69fd5f9b65841148e4,ADVB,0.0,0.0,0.0
2053,bf98f3d9019e5d6c112b,NPRO,0.5,1.0,-0.5
2053,c82cd270f24a909c840a,NOUN,1.0,0.0,1.0
2055,0fb98f2d3d02636e9b2a,NOUN,1.0,0.0,1.0
2055,a1c5825e1970e83b7413,NOUN,1.0,0.0,1.0
2056,8fc0947015a315b3e9d4,NOUN,1.0,1.0,0.0
2057,2d203e8512e24bda3a9d,CONJ,1.0,0.0,1.0
2058,0b457b4cb6c4e83d038c,ADJF,0.0,1.0,-1.0
2058,0b457b4cb6c4e83d038c,NOUN,0.5,0.0,0.5
2058,9a17e4fbaea7500c3ac3,NOUN,0.0,1.0,-1.0
2058,a8b1343a83dc9f37fc0b,NOUN,1.0,1.0,0.0
2059,71783e1bafa73ed094f5,PRCL,0.0,1.0,-1.0
2059,bcf8c6fce2b9a80f45e6,CONJ,0.5,1.0,-0.5
2060,044ef5d94eeaba934d38,ADJF,1.0,1.0,0.0
2060,b66a410d72ec4a2892a4,INFN,1.0,1.0,0.0
2061,12c0175a8663e8aaf1fe,ADVB,0.0,0.0,0.0
2061,593793ff50002b23843f,NOUN,1.0,0.0,1.0
2062,211a218155daf461f15e,PRCL,1.0,1.0,0.0
2062,c06bab7c86d681d549a4,NOUN,0.0,0.0,0.0
2063,41eb591c25600d3510c9,CONJ,1.0,1.0,0.0
2063,41eb591c25600d3510c9,NOUN,1.0,1.0,0.0
2064,5d43215721f01b2d2cde,CONJ,1.0,0.0,1.0
2064,5d43215721f01b2d2cde,NOUN,1.0,0.0,1.0
2064,8d8c451d70b87ddd0337,VERB,1.0,0.0,1.0
2065,0bcba47bba5d0a420626,PRCL,0.0,1.0,-1.0
2065,b3d176e700070e978567,VERB,0.0,1.0,-1.0
2066,7d7dcd90499fd680cb6f,NPRO,1.0,1.0,0.0
2066,7d7dcd90499fd680cb6f,VERB,0.5,0.0,0.5
2066,c44d4767df078d1a8a51,VERB,1.0,0.0,1.0
2067,a7d812402eab0979bfeb,VERB,1.0,0.0,1.0
2068,77a8b33bdf55b72ff44e,NOUN,0.5,0.0,0.5
2068,78c3f7a39d08576a1e2f,VERB,0.0,1.0,-1.0
2069,ff751757e33fcc7c4d18,NOUN,1.0,0.0,1.0
2070,1564c2e1f83ab81713ce,INFN,0.0,1.0,-1.0
2070,1564c2e1f83ab81713ce,VERB,0.0,1.0,-1.0
2070,ae7261748cc897968379,NOUN,0.0,0.0,0.0
2072,77a17524182b2cf049df,NOUN,0.0,0.5,-0.5
2072,9675e0a64d02b675128e,VERB,0.0,0.0,0.0
2073,0b3c8e40a4894429737a,NOUN,1.0,0.0,1.0
2073,526b01943c41c3411144,NOUN,1.0,0.0,1.0
2073,6be80728557b8ec2d674,NOUN,0.5,1.0,-0.5
2074,284fec83582266a0223a,NPRO,1.0,1.0,0.0
2074,50379a31d510ca56753b,NPRO,1.0,1.0,0.0
2074,5f38a77843b3b891c8c8,ADJF,1.0,1.0,0.0
2074,db612df66b3b58e7e67d,ADJF,1.0,0.0,1.0
2075,8910de5f152a5b516026,CONJ,1.0,1.0,0.0
2075,8910de5f152a5b516026,PRCL,1.0,1.0,0.0
2076,d0e8b5caf8a8a0c0106f,ADJF,1.0,1.0,0.0
2076,d0e8b5caf8a8a0c0106f,PREP,1.0,1.0,0.0
2076,eb3860245f59bbb28f2c,NOUN,0.75,1.0,-0.25
2076,eb3860245f59bbb28f2c,PREP,1.0,1.0,0.0
2076,eca19200648a91cbce90,NOUN,0.0,0.0,0.0
2077,42b7540ccc9c4d5e6dca,VERB,0.0,0.0,0.0
2078,7f2006f05649ee7c9af6,NOUN,1.0,0.5,0.5
2079,41607d186f08464ef5f4,NOUN,0.0,0.0,0.0
2079,b841f2aea0a3f9a429de,NOUN,0.0,0.0,0.0
2079,ec47e9b3530260a827c7,VERB,1.0,0.0,1.0
2080,8aaf17af336ca1456daf,NOUN,0.0,0.0,0.0
2080,9f89d5fff7d8a46c91ad,INFN,0.0,0.0,0.0
2080,c4dc064e39d3c2cbd6a1,NOUN,1.0,0.0,1.0
2080,c55c64e8e893c28033f4,NOUN,1.0,0.0,1.0
2082,71198f406265fe80790f,VERB,0.0,1.0,-1.0
2082,f64ac60dcd4986722753,NOUN,1.0,0.0,1.0
2083,05416a0452e25b6d44fa,NOUN,1.0,0.0,1.0
2083,05416a0452e25b6d44fa,PREP,1.0,1.0,0.0
2083,77380df3ab4ef94e8ec5,NOUN,0.5,1.0,-0.5
2083,77380df3ab4ef94e8ec5,PREP,1.0,1.0,0.0
2083,8ef2c30ea64bbe0ad2a1,VERB,1.0,1.0,0.0
2083,9c534042a760c87785d1,NPRO,1.0,1.0,0.0
2084,5ee0a47628b1f1feb5c5,PREP,1.0,1.0,0.0
2084,8cd9af237dfe7c705be8,NOUN,1.0,0.0,1.0
2084,94043995c1cb642b17e9,PREP,1.0,1.0,0.0
2084,d30ede053441572b9a7d,PREP,1.0,1.0,0.0
2085,0ce6b6f871a76a4ac29a,NOUN,1.0,0.0,1.0
2085,0e4e4c387706003ae1be,NOUN,1.0,0.0,1.0
2085,18bfaf68500ae53f75c2,ADJF,0.0,1.0,-1.0
2085,18bfaf68500ae53f75c2,NOUN,1.0,0.0,1.0
2085,75a7d18c23d2e3f40787,ADJF,0.0,1.0,-1.0
2086,239a243f32373a5776f4,ADJF,1.0,1.0,0.0
2086,239a243f32373a5776f4,NOUN,1.0,1.0,0.0
2086,55ec5048d070b88303be,NOUN,0.5,0.0,0.5
2087,7e6f319bdc17af0e44aa,NOUN,1.0,0.0,1.0
2087,90bab88dc8e36468f816,NOUN,1.0,0.0,1.0
2087,b87ad1bfb9d7596efb9c,NOUN,0.0,0.0,0.0
2088,e1ff81c5a738f807ea49,PREP,1.0,1.0,0.0
2089,f0a0e62bb0c40a3da69a,VERB,1.0,1.0,0.0
2091,87e4daf829e567cb6f5e,ADVB,0.0,0.0,0.0
2091,9204c0caebe7dbc14d7e,VERB,0.0,0.0,0.0
2091,a97d6f527a206ec067b3,NOUN,0.0,0.0,0.0
2091,b604173982448be31bd9,NOUN,1.0,0.0,1.0
2092,1bf68bebb89e5235ee4e,ADJF,1.0,0.0,1.0
2092,3d141eb37c32b243f58b,NOUN,1.0,0.0,1.0
2092,7d155850451311c0b065,NOUN,0.0,0.0,0.0
2093,286af842f9257a4aeed3,CONJ,1.0,1.0,0.0
2093,286af842f9257a4aeed3,PRCL,1.0,1.0,0.0
2094,0ebf20297748d348e84f,CONJ,1.0,0.0,1.0
2094,234970ea1ba04a25d560,CONJ,1.0,1.0,0.0
2094,3c7bf787b7e3aceb29b1,CONJ,1.0,1.0,0.0
2094,3c7bf787b7e3aceb29b1,PRCL,1.0,1.0,0.0
2094,ae78ee7cbb5f71df8ba7,NOUN,0.0,0.0,0.0
2094,ae78ee7cbb5f71df8ba7,VERB,0.0,0.0,0.0
2095,0353c89820db3760a576,NOUN,1.0,0.0,1.0
2095,1fb0520fc9c05aa97a86,NOUN,1.0,0.0,1.0
2095,7e0030f055c6d6da8200,ADJF,1.0,1.0,0.0
2097,41f5681d3d5ece0b348e,NOUN,0.3333333333333333,0.0,0.3333333333333333
2097,df16cd56c329d8e32262,NOUN,1.0,0.0,1.0
2098,05e19d2bc5368e406366,NOUN,0.0,0.0,0.0
2098,0b694be196b192f14752,ADJF,1.0,1.0,0.0
2098,0b694be196b192f14752,NOUN,1.0,1.0,0.0
2098,4c9a15ca5d4682d03a19,NOUN,0.0,0.0,0.0
2098,933f7710b1467003b552,NOUN,0.0,0.0,0.0
2098,caf2d2dad5c963110607,NOUN,1.0,1.0,0.0
2100,0d6a1d46d919915c9cb5,NPRO,1.0,1.0,0.0
2100,0d6a1d46d919915c9cb5,PRCL,0.0,1.0,-1.0
2100,5599843543b97b02448c,NOUN,0.0,0.0,0.0
2100,7aecd2feda1e2510c1f7,NOUN,0.0,0.0,0.0
2100,d18b076072173db17ade,NPRO,1.0,1.0,0.0
2101,4ce919ece14c2666e24d,ADJF,0.0,1.0,-1.0
2101,4ce919ece14c2666e24d,NOUN,0.5,1.0,-0.5
2101,7380b1b8f8abb982b6e7,ADJF,0.0,0.0,0.0
2101,7380b1b8f8abb982b6e7,VERB,1.0,0.0,1.0
2102,30d51dd5c1a7ff7f00f7,NOUN,0.0,1.0,-1.0
2102,30d51dd5c1a7ff7f00f7,VERB,0.0,1.0,-1.0
2102,4b960cdb7487dfe1c0ca,NOUN,0.3333333333333333,0.5,-0.16666666666666669
2102,5373be3df77e9a54a255,NOUN,1.0,1.0,0.0
2102,60e303fbc36a68b9d302,NOUN,0.6666666666666666,1.0,-0.33333333333333337
2102,60e303fbc36a68b9d302,NPRO,0.0,1.0,-1.0
2102,fa3c0915e2aa6e1edd2b,PRCL,1.0,0.0,1.0
2102,fa3c0915e2aa6e1edd2b,VERB,0.6666666666666666,1.0,-0.33333333333333337
2103,5bfaac7ce9504641067d,PREP,1.0,1.0,0.0
2106,1ce3175c2cc0094cfe5a,INFN,1.0,0.0,1.0
2106,1ce3175c2cc0094cfe5a,NOUN,1.0,0.0,1.0
2106,e312432f276d652faae9,VERB,0.0,1.0,-1.0
2107,05331aa2c638031fff95,VERB,1.0,1.0,0.0
2107,39a6fb4eaf2010729828,VERB,1.0,0.0,1.0
2107,bde55adb72f8b161f4bf,PREP,1.0,1.0,0.0
2109,0103844a8ad2e450b2d7,NOUN,0.6666666666666666,0.0,0.6666666666666666
2109,01a9ec020c21d66c26f1,NOUN,1.0,1.0,0.0
2109,05d7b763e3ac1ab82794,NOUN,1.0,1.0,0.0
2109,83eb921d96089e645e43,NOUN,1.0,0.0,1.0
2109,c9670d6c34277865bb7d,NOUN,1.0,0.0,1.0
2110,0f97bf13de4f2868edef,CONJ,1.0,1.0,0.0
2110,1c9b81a95d2d24ffec31,ADVB,0.0,0.0,0.0
2110,1c9b81a95d2d24ffec31,NOUN,0.0,1.0,-1.0
2111,71d43857688dceb0326c,PRCL,1.0,1.0,0.0
2111,76b5cf804b0db331519f,CONJ,1.0,1.0,0.0
2111,76b5cf804b0db331519f,NPRO,1.0,1.0,0.0
2112,1b8734e82d21d2a83d72,VERB,1.0,0.0,1.0
2112,50250afe4a8d9c894a8d,NOUN,0.0,0.0,0.0
2112,50250afe4a8d9c894a8d,PREP,0.0,1.0,-1.0
2112,6227d49bd331943034c5,VERB,0.0,0.0,0.0
2112,e314a5ce1a6077e7388c,NOUN,0.0,0.0,0.0
2112,e314a5ce1a6077e7388c,PREP,0.0,1.0,-1.0
2113,0901eb68a05e20c914de,PREP,0.0,0.0,0.0
2113,97db177c5153713ded74,NOUN,0.0,1.0,-1.0
2113,97db177c5153713ded74,VERB,0.0,1.0,-1.0
2114,08f5d3ebd76b977130e3,NPRO,1.0,1.0,0.0
2114,6f64a8d96a10664c5419,PREP,1.0,1.0,0.0
2115,536a35857749a21b8ead,NOUN,0.5,0.0,0.5
2115,b78a9f689bb3df315ce2,ADJF,0.0,0.0,0.0
2115,b78a9f689bb3df315ce2,NOUN,0.5,0.0,0.5
2116,069733b809a0906e962c,PREP,1.0,1.0,0.0
2116,d1b73807e58b836db67b,NOUN,0.3333333333333333,0.0,0.3333333333333333
2119,bfa7f360f84f495d3f1f,CONJ,1.0,1.0,0.0
2119,bfa7f360f84f495d3f1f,VERB,0.0,0.0,0.0
2120,06220aa6861d91aa42a9,ADVB,0.0,1.0,-1.0
2120,0e6fa499c12eb67a0f1c,NPRO,0.0,1.0,-1.0
2120,e83ee3a0ad4d12cb26d0,NPRO,1.0,1.0,0.0
2121,b1eb1be7fcb21c7ac843,VERB,0.0,1.0,-1.0
2123,2849e0a56c1598c41d3f,NOUN,0.5,1.0,-0.5
2123,de89c73c39af8a5e14ec,NOUN,0.5,0.5,0.0
2124,405a6d6c1bf32b274a9f,ADJF,0.0,0.5,-0.5
2124,50f02c478c8397e1ba97,ADJF,0.0,1.0,-1.0
2124,50f02c478c8397e1ba97,NOUN,0.0,0.0,0.0
2126,a9380ffd8bd687794262,NOUN,1.0,0.0,1.0
2130,263852a5e985478dbdc6,NOUN,0.0,0.0,0.0
2130,263852a5e985478dbdc6,NPRO,1.0,1.0,0.0
2130,8184217eb21dc036f9f5,PRCL,1.0,1.0,0.0
2131,d8ad9a7d2631806c87a0,NPRO,1.0,1.0,0.0
2132,176e3fbacfd12ef8a7f8,NOUN,0.5,1.0,-0.5
2132,176e3fbacfd12ef8a7f8,VERB,0.0,0.0,0.0
2132,d405f7437b64d582ccf6,VERB,1.0,1.0,0.0
2134,23aba256e7a9935a1e09,NOUN,0.0,0.0,0.0
2134,452c4198e3be7948851d,NOUN,0.0,0.5,-0.5
2134,aacb1487a0ba13f7a529,NOUN,0.0,1.0,-1.0
2134,aacb1487a0ba13f7a529,PREP,1.0,1.0,0.0
2135,a1a0a3cef29f0f16fe6b,NOUN,0.0,0.0,0.0
2135,d36aa6f9bbc9ab250ec0,NOUN,0.0,1.0,-1.0
2136,1cd65b2155592aa8ddda,ADJF,0.5,1.0,-0.5
2136,60871a7ff0566f8496f6,ADJF,0.5,0.0,0.5
2136,ffc98fbe658d838a57c5,ADJF,1.0,0.0,1.0
2136,ffc98fbe658d838a57c5,NOUN,0.0,1.0,-1.0
2137,0871b07dfdca7e82550a,ADVB,1.0,0.0,1.0
2137,0871b07dfdca7e82550a,PREP,1.0,1.0,0.0
2137,71f972b3fbc051208e4a,PRCL,1.0,0.0,1.0
2137,d0b3a31b0aa625198fc9,NOUN,1.0,0.0,1.0
2137,d0b3a31b0aa625198fc9,PRCL,1.0,1.0,0.0
2138,c6a2182daa563523c3b9,PRCL,0.0,1.0,-1.0
2139,9e0b2dd41ed0d1bb2f92,PRCL,0.0,1.0,-1.0
2139,9e0b2dd41ed0d1bb2f92,VERB,1.0,0.0,1.0
2139,e2ed94382832c263a05d,NOUN,1.0,0.0,1.0
2139,e2ed94382832c263a05d,VERB,1.0,1.0,0.0
2139,e451abe653e6e67c4e7c,NOUN,0.0,1.0,-1.0
2140,28c98993b22ba28e269f,ADJF,1.0,1.0,0.0
2140,60e540db8fae0c553835,ADJF,1.0,1.0,0.0
2140,60e540db8fae0c553835,PREP,1.0,1.0,0.0
2140,e623851e9209c5429ec7,NOUN,0.0,1.0,-1.0
2141,92afc1736d0a48cf4172,NOUN,1.0,1.0,0.0
2141,92afc1736d0a48cf4172,VERB,0.0,1.0,-1.0
2141,bc572178a903230688aa,VERB,1.0,1.0,0.0
2142,6d1036418d9ed52632e9,ADVB,0.0,0.0,0.0
2142,71135eba8de95f6deb60,PRCL,1.0,0.0,1.0
2142,c586e6f5936b85be86aa,NPRO,1.0,1.0,0.0
2144,5d839b4ec7ab0a4c0691,NOUN,1.0,0.0,1.0
2144,7d199555b962fa0806b7,CONJ,1.0,0.0,1.0
2144,9da95f4535582231799d,NOUN,0.0,0.0,0.0
2144,9da95f4535582231799d,PRCL,1.0,1.0,0.0
2145,1d2b304abe3c077fcd47,INFN,0.0,1.0,-1.0
2145,64f0f4cf76ecfa879328,CONJ,1.0,1.0,0.0
2145,64f0f4cf76ecfa879328,NOUN,1.0,0.0,1.0
2145,d72f9cd0deb35ce20a2b,NOUN,0.0,0.0,0.0
2146,07653660c0276729d36c,ADVB,0.0,0.0,0.0
2146,07653660c0276729d36c,NPRO,0.3333333333333333,1.0,-0.6666666666666667
2146,2778a9c31d4ab2d74ae4,ADVB,0.0,0.0,0.0
2146,7bd987d60d8c99fdd58d,VERB,1.0,0.0,1.0
2146,a53add76d5acb690f02a,CONJ,1.0,1.0,0.0
2146,a53add76d5acb690f02a,NOUN,0.3333333333333333,0.0,0.3333333333333333
2146,c7f1301940ff273061de,NOUN,1.0,0.0,1.0
2146,c7f1301940ff273061de,PRCL,1.0,0.0,1.0
2147,23229476ddbc3487efed,NOUN,0.0,0.0,0.0
2147,23229476ddbc3487efed,PREP,1.0,1.0,0.0
2148,47e4ab9595b520fbfd75,PRCL,1.0,0.0,1.0
2149,1bf71887495a3a14a4b5,NOUN,1.0,0.0,1.0
2149,85580de0d62ff2f86d1f,NOUN,1.0,0.0,1.0
2149,a635dbb4568aa48ad890,VERB,1.0,0.5,0.5
2150,a2b17ec33614fb92699a,VERB,1.0,0.5,0.5
2151,474056a1d786e175afea,PRCL,1.0,0.0,1.0
2151,5c3cd82660b97727567a,NOUN,0.0,0.0,0.0
2151,5c3cd82660b97727567a,VERB,0.5,0.0,0.5
2151,c4c7498c1113c0e81ca5,NOUN,0.0,0.0,0.0
2151,c4c7498c1113c0e81ca5,VERB,0.5,1.0,-0.5
2152,599f2b3c850072cb9cff,INFN,1.0,0.0,1.0
2152,e4726e04d73a6066514a,INFN,0.0,1.0,-1.0
2152,e4726e04d73a6066514a,NOUN,0.0,0.0,0.0
2152,e6820caf709c50cc64bb,CONJ,1.0,1.0,0.0
2153,251f916eb6eb97f88ee7,NPRO,1.0,1.0,0.0
2153,251f916eb6eb97f88ee7,PREP,1.0,1.0,0.0
2154,66db6d8a59c8a2b9825f,ADJF,1.0,1.0,0.0
2154,892059358585320a7b8f,INFN,1.0,0.0,1.0
2156,0f3b68e04466b5a90bb9,VERB,0.0,0.0,0.0
2156,ad9156e096bba2548035,NPRO,0.0,1.0,-1.0
2156,d300df05f4ea71db69b3,PRCL,0.5,1.0,-0.5
2156,e297b87fc06f55779171,VERB,1.0,0.0,1.0
2157,24c4e84a53717f5193b3,NOUN,1.0,0.0,1.0
2157,24c4e84a53717f5193b3,VERB,0.0,0.0,0.0
2157,b34e6c97871830d9bed4,VERB,0.0,1.0,-1.0
2158,a85dc01e1e6485289b84,NOUN,1.0,1.0,0.0
2158,fc3182d945eaa2535b8d,NOUN,1.0,0.0,1.0
2160,bb35ac477dd49a62d333,ADJF,1.0,0.0,1.0
2161,33a60caf4afd7a20c194,NOUN,0.0,0.0,0.0
2161,7c81e61f47576a11d937,NPRO,1.0,1.0,0.0
2161,9d47a7b2684043bdf142,ADJS,1.0,0.0,1.0
2162,e7dd1825ffbae61fe958,ADJF,0.0,0.0,0.0
2166,5fc8f65fa06a09d5a6e8,NOUN,0.0,0.0,0.0
2166,5fc8f65fa06a09d5a6e8,VERB,1.0,0.0,1.0
2167,90c0b32175c41379836d,ADJF,0.0,0.0,0.0
2170,6eb3ebb414acf1faa89d,CONJ,1.0,0.0,1.0
2172,71f4be81dbf4904a17cc,ADVB,1.0,0.0,1.0
2172,71f4be81dbf4904a17cc,NOUN,0.0,1.0,-1.0
2172,741c140bda92b31c3c3e,PRCL,1.0,0.5,0.5
2172,dfc4c913492fd900b9e5,NOUN,1.0,1.0,0.0
2173,788477e5ec81190adf64,PREP,1.0,1.0,0.0
2174,3023a7c01d21e72c8fbd,PREP,1.0,1.0,0.0
2174,3023a7c01d21e72c8fbd,VERB,0.0,1.0,-1.0
2174,649679062a0fe7d56fde,NOUN,1.0,1.0,0.0
2174,99006e96cab044c53bec,ADVB,1.0,1.0,0.0
2175,318ec0424cf1bb573e33,ADJF,0.0,0.5,-0.5
2175,becbeb0c9c7992316435,NOUN,1.0,1.0,0.0
2175,d068e27262e48845d036,NOUN,1.0,0.0,1.0
2175,f97b71e229611e84b2d3,NOUN,1.0,1.0,0.0
2176,3989f43f2269ba92200b,PREP,1.0,1.0,0.0
2176,3989f43f2269ba92200b,VERB,0.0,1.0,-1.0
2176,3d83089faf340e3de842,NOUN,1.0,0.5,0.5
2176,78e2d9599e58a7ab458b,NOUN,1.0,0.0,1.0
2176,78e2d9599e58a7ab458b,PREP,1.0,1.0,0.0
2176,92ffaa33b3a731f98f16,ADJF,1.0,0.0,1.0
2176,92ffaa33b3a731f98f16,NOUN,1.0,1.0,0.0
2177,4bb3b4b80a0598f914a9,PREP,0.0,1.0,-1.0
2177,b378e6904544bc40d932,ADJF,0.0,0.0,0.0
2177,de104797fb932cef176b,NOUN,0.0,1.0,-1.0
2178,588883ad9fb5523c8451,NOUN,0.5,1.0,-0.5
2178,643f883189757e2cba4c,NOUN,0.5,1.0,-0.5
2178,7d00567332515ad14bb7,NOUN,0.5,1.0,-0.5
2178,b1a7260dc6203eca92f0,NOUN,0.5,0.0,0.5
2178,cd815b3e2dca2e27ec5e,ADJF,0.0,0.5,-0.5
2179,2596260fc22e6c58d22b,NOUN,1.0,1.0,0.0
2179,e0e329e270f9c0022fca,CONJ,1.0,0.0,1.0
2179,e0e329e270f9c0022fca,PREP,1.0,1.0,0.0
2180,07bf0a025feac49ef95b,NOUN,0.5,0.0,0.5
2180,d704cf53548157492900,NOUN,0.0,0.0,0.0
2181,99898d6b5c95ebce94e4,NPRO,1.0,1.0,0.0
2182,4d65abfc112c6d820bfc,NOUN,0.5,1.0,-0.5
2182,4d65abfc112c6d820bfc,NPRO,1.0,1.0,0.0
2182,91f19f764f29ef1de9bb,VERB,0.0,1.0,-1.0
2182,94d5f1cd841127d94cd1,CONJ,1.0,1.0,0.0
2182,ff2e0ded7c68c15b3208,NPRO,0.5,0.0,0.5
2182,ff2e0ded7c68c15b3208,VERB,0.0,1.0,-1.0
2183,4121599b12f91dd918c4,PREP,1.0,1.0,0.0
2183,7c32ea26558bf9d83ffa,NOUN,0.0,1.0,-1.0
2183,89f3c475991235bad031,NOUN,0.3333333333333333,0.0,0.3333333333333333
2183,8cbba82a3ab577b61bf0,NOUN,0.5,1.0,-0.5
2183,e3627dd7697532750a16,PREP,1.0,1.0,0.0
2186,688bf3ddeee6ef20830f,NPRO,1.0,1.0,0.0
2187,443b6367ffb663842630,NPRO,1.0,1.0,0.0
2187,a7578d731b9375d4f814,VERB,1.0,1.0,0.0
2187,ee7414744838587c741a,PRCL,0.5,0.0,0.5
2188,3b1ffbf4473472a723d6,PRCL,1.0,1.0,0.0
2188,694a8950e32f02b8aaa6,NOUN,1.0,0.0,1.0
2188,694a8950e32f02b8aaa6,PREP,1.0,1.0,0.0
2188,a2a981971f3ee7214327,PREP,1.0,1.0,0.0
2189,5b6fbbb91eb90cbafab9,CONJ,1.0,0.0,1.0
2189,5b6fbbb91eb90cbafab9,PRCL,1.0,0.0,1.0
2189,6ff7e6fe2645ec252615,NPRO,1.0,1.0,0.0
2189,6ff7e6fe2645ec252615,VERB,0.0,0.0,0.0
2189,aa4debfb36206259b610,VERB,1.0,1.0,0.0
2189,bfb43eafc05e6a22e394,VERB,0.5,0.0,0.5
2189,cd90eb5403b6db850c94,NOUN,0.0,0.0,0.0
2189,cd90eb5403b6db850c94,VERB,0.0,1.0,-1.0
2190,0a28a1865675ec2e4a1b,VERB,1.0,0.0,1.0
2190,1684a1393f09624b9805,VERB,1.0,0.0,1.0
2190,70d3d632cba5612daf1d,VERB,1.0,1.0,0.0
2190,994bd38a6c60caa97492,ADVB,1.0,1.0,0.0
2191,048baaa4fc80e88b75bd,ADVB,0.0,0.0,0.0
2191,048baaa4fc80e88b75bd,CONJ,1.0,1.0,0.0
2191,872f68422a30e4b630bb,NPRO,1.0,1.0,0.0
2191,8c5ffe38a06807b0bb27,CONJ,1.0,0.0,1.0
2191,b9ffd6888319e6225d24,VERB,1.0,0.0,1.0
2191,d46ea00ee11ac822c07a,ADVB,1.0,0.0,1.0
2191,d46ea00ee11ac822c07a,VERB,1.0,0.0,1.0
2192,df30686f79a6eede81e5,ADVB,0.0,0.0,0.0
2193,45556d932ddc5a1919a0,ADVB,1.0,0.0,1.0
2193,50ae5be1f3b11571c75d,ADJF,0.0,0.0,0.0
2193,992914b2c1471614efba,ADVB,0.5,0.0,0.5
2194,4d0dbd9b37b7e27a475c,ADVB,0.0,0.0,0.0
2194,4d0dbd9b37b7e27a475c,CONJ,1.0,1.0,0.0
2194,a8b746b9bab06fb31b4e,ADVB,0.0,1.0,-1.0
2194,b6bd89529e68fdb57730,CONJ,0.0,1.0,-1.0
2194,b6bd89529e68fdb57730,NOUN,1.0,1.0,0.0
2194,e7dfedd8ca5abb47a0f2,PREP,1.0,0.0,1.0
2195,1e8d43db27869e59caa0,NOUN,0.0,0.0,0.0
2195,fc09f718aff745f3036f,VERB,0.0,0.0,0.0
2196,428f4035e4ef00344237,INFN,0.0,1.0,-1.0
2196,428f4035e4ef00344237,PRCL,0.0,1.0,-1.0
2196,77d407b8fd79fc5b444c,NOUN,0.0,1.0,-1.0
2198,83e8e077a1968e217b40,CONJ,0.5,1.0,-0.5
2199,67f0e0e60304ef3613df,NOUN,0.5,1.0,-0.5
2199,c9cfa12d163edcd4ff72,ADVB,0.0,0.0,0.0
2199,c9cfa12d163edcd4ff72,PRCL,1.0,0.0,1.0
2200,eb0e4ea2b4092f3c6ab9,VERB,0.5,1.0,-0.5
2201,1ac9075da8163d72da5d,VERB,0.0,1.0,-1.0
2201,e3decee608b8bd826062,NOUN,0.0,1.0,-1.0
2201,e3decee608b8bd826062,VERB,0.0,1.0,-1.0
2202,47318bfbb5dc0b9bc667,NOUN,0.0,0.0,0.0
2202,9503088f1fc9dea03a46,NOUN,0.0,1.0,-1.0
2202,b4c86174bac759e38566,NOUN,0.0,0.0,0.0
2202,cdfb97dcbdae0e707ca8,NOUN,1.0,0.0,1.0
2202,cdfb97dcbdae0e707ca8,PREP,1.0,1.0,0.0
2203,74094a13a4826c8762b2,NOUN,0.0,1.0,-1.0
2203,74094a13a4826c8762b2,PREP,1.0,1.0,0.0
2203,7aef5e983e61d15d20cc,VERB,0.0,0.0,0.0
2203,a994d06bed3d06166d0d,PREP,1.0,1.0,0.0
2204,4586803784c82e0d56d9,NPRO,1.0,1.0,0.0
2204,4586803784c82e0d56d9,VERB,0.0,0.0,0.0
2204,6d95a48bdb9a05fcd9bd,NOUN,0.0,1.0,-1.0
2204,6d95a48bdb9a05fcd9bd,VERB,0.0,1.0,-1.0
2204,b2fef30629210bee12f9,NOUN,0.0,0.0,0.0
2204,b2fef30629210bee12f9,VERB,0.0,0.0,0.0
2204,b618e1607ea79197857b,VERB,1.0,1.0,0.0
2205,3833f42f071a8f5e21cd,NOUN,0.5,0.0,0.5
2205,5279b134553bffafa84d,NOUN,0.0,0.0,0.0
2205,ef8e771e485606962326,NOUN,0.0,0.0,0.0
2205,ef8e771e485606962326,VERB,1.0,1.0,0.0
2205,f6e4a901138dddb97252,NOUN,0.0,0.0,0.0
2206,4c14368c8dc69409b3ca,NOUN,0.0,0.0,0.0
2206,4c14368c8dc69409b3ca,PREP,1.0,1.0,0.0
2206,c69d3b989bc70c1cfca6,VERB,0.0,1.0,-1.0
2207,23885bce053315a1bada,NOUN,0.0,1.0,-1.0
2207,23885bce053315a1bada,PREP,1.0,1.0,0.0
2207,614553ae07dbd11ac759,PREP,1.0,1.0,0.0
2208,9fa4e00582b8e086eb79,NOUN,1.0,1.0,0.0
2208,9fa4e00582b8e086eb79,PREP,1.0,1.0,0.0
2208,cfd9e4349bf0f87af901,ADJF,0.5,0.0,0.5
2209,2c86a7c0a2da3cee4bb7,NOUN,0.0,0.0,0.0
2209,74f26aa641b3983a8588,ADJF,1.0,0.5,0.5
2209,a3e1e643be2e208bf80b,NOUN,1.0,1.0,0.0
2209,d4a95442d50c27c299d9,PREP,1.0,1.0,0.0
2210,64bf51ea2412e1b9f996,ADJS,0.0,1.0,-1.0
2210,8f79e1463bf1664dffb7,NOUN,1.0,0.0,1.0
2210,e3313110dcaafb2182e5,ADJF,0.0,1.0,-1.0
2211,01b9ca378386a3d3085c,ADJF,1.0,1.0,0.0
2211,01b9ca378386a3d3085c,NOUN,1.0,0.0,1.0
2211,515620fbcd3c738e7ea6,ADJF,0.0,1.0,-1.0
2211,515620fbcd3c738e7ea6,NOUN,1.0,0.0,1.0
2211,80afb2f1f11488663003,NOUN,0.0,1.0,-1.0
2212,3b3948782a918a49d5d4,NOUN,1.0,1.0,0.0
2212,9383316aee61a7bbc597,ADJF,0.5,0.0,0.5
2212,9383316aee61a7bbc597,NOUN,1.0,1.0,0.0
2212,a270acf8fe3fab136adc,CONJ,1.0,0.0,1.0
2212,a270acf8fe3fab136adc,PREP,1.0,1.0,0.0
2212,acc6f358e142bb9ee6a1,PREP,1.0,1.0,0.0
2212,af0009ec447c9271e539,NOUN,1.0,0.0,1.0
2213,8d0246e14483375f8d19,NOUN,1.0,1.0,0.0
2213,9c2be422cd6715aee6a1,ADJF,0.0,1.0,-1.0
2213,ca7f6dad14dddcb7feb0,NOUN,1.0,1.0,0.0
2213,e46fc52e8c199478f454,ADJF,1.0,0.5,0.5
2213,e8438c5190cb33341009,NOUN,0.0,1.0,-1.0
2214,8d135f3b39e518495d6f,ADJF,0.5,0.0,0.5
2214,8d135f3b39e518495d6f,NOUN,0.5,1.0,-0.5
2214,aa6f35f18e10f69b342f,NOUN,0.5,0.0,0.5
2215,1d0223988279c73b76c9,NOUN,0.0,0.0,0.0
2215,1d0223988279c73b76c9,PREP,1.0,1.0,0.0
2215,48c8bb8a9ef902948f13,NOUN,1.0,1.0,0.0
2215,6c518367ebc45b97f606,ADJF,0.0,1.0,-1.0
2215,839460eca9a3efe430c7,PREP,1.0,1.0,0.0
2216,25cb0f2935383bd4e7da,INFN,0.0,1.0,-1.0
2216,42dafd17468911d97fd4,PREP,1.0,1.0,0.0
2216,54e0844fdd914465e5ec,VERB,0.5,0.0,0.5
2217,35d6b5722f560e282cb9,NPRO,1.0,1.0,0.0
2217,64806aa49589d2d57515,NPRO,1.0,1.0,0.0
2217,eeea3ad57805ea5d9c17,NOUN,1.0,1.0,0.0
2218,9ab4df1560a04d7f6f9e,NOUN,0.0,0.0,0.0
2219,5ce5ee4e848b084cf2f2,NOUN,1.0,0.0,1.0
2219,b96fbbcfb40ab15a8d18,NOUN,1.0,0.0,1.0
2222,b3bb97d35ef33a43dbad,ADVB,0.5,0.0,0.5
2223,6361b661793f62ce67fc,ADVB,1.0,0.0,1.0
2223,d9393ca5e7b0754222be,CONJ,1.0,1.0,0.0
2223,d9393ca5e7b0754222be,VERB,1.0,1.0,0.0
2224,c6c19c1de54ea239ffdf,CONJ,1.0,1.0,0.0
2225,5bb9e04457294e05a930,NOUN,0.0,0.0,0.0
2229,190527692f1320574509,PREP,1.0,1.0,0.0
2229,1f5c5a3a5e804381855a,NOUN,1.0,0.0,1.0
2229,9c52945deddbe2464de4,NOUN,0.0,0.0,0.0
2229,a049d14f2a0d6140b3d1,NOUN,1.0,1.0,0.0
2229,a049d14f2a0d6140b3d1,PRCL,1.0,1.0,0.0
2229,d43e2862c6c9ec2f04ed,NOUN,0.0,0.0,0.0
2232,83a4bd85d34daaaaaa28,CONJ,0.5,0.0,0.5
2233,9662810cdc0c71f95397,ADJF,1.0,1.0,0.0
2233,9662810cdc0c71f95397,VERB,1.0,0.0,1.0
2233,e35031ef8cdfd5765ceb,PRCL,0.5,0.0,0.5
2234,3f53d426949644fab89d,NOUN,0.0,0.0,0.0
2234,77038f2ef653d351649d,NOUN,1.0,1.0,0.0
2234,f06b8eeec5b5b29216df,VERB,1.0,0.0,1.0
2235,3ddd21a14130126950b3,ADJF,1.0,1.0,0.0
2235,3ddd21a14130126950b3,NOUN,0.5,1.0,-0.5
2235,8a20f295a98112939b71,ADJF,0.5,0.0,0.5
2235,8a20f295a98112939b71,NOUN,0.4,0.0,0.4
2235,a84e54125f64815191e3,NOUN,0.5,1.0,-0.5
2235,a84e54125f64815191e3,PREP,1.0,1.0,0.0
2235,e4ac09d09569f1e5a405,ADJF,0.0,0.0,0.0
2235,e4ac09d09569f1e5a405,NOUN,0.8,1.0,-0.19999999999999996
2236,811a54c48baca27f40aa,ADJF,0.5,1.0,-0.5
2236,811a54c48baca27f40aa,NOUN,1.0,1.0,0.0
2236,b05eb496843e75a77bed,NOUN,0.5,0.0,0.5
2237,1841067aa488b4928690,NOUN,0.5,0.0,0.5
2237,6f16b15574b6a3dcbc1b,NOUN,1.0,1.0,0.0
2237,6f16b15574b6a3dcbc1b,VERB,1.0,0.0,1.0
2237,71de8b03441359b6a283,ADJF,0.0,0.0,0.0
2237,71de8b03441359b6a283,NOUN,0.5,0.0,0.5
2237,7d89cd383738edd244e9,NOUN,1.0,1.0,0.0
2238,4554c29dcb85b096da7a,NOUN,0.0,0.0,0.0
2238,5340f5e101836e2770f7,NOUN,0.5,1.0,-0.5
2238,8f218891866efb83dab4,NOUN,0.0,0.0,0.0
2238,8f218891866efb83dab4,PREP,1.0,1.0,0.0
2239,511c85de68601f0c377f,PREP,1.0,1.0,0.0
2239,7b3baefd865e513382a3,NOUN,1.0,0.0,1.0
2239,e85569fefa1efb46414b,PREP,1.0,1.0,0.0
2240,af5eab93f0445ce7f82c,NOUN,1.0,1.0,0.0
2240,fa61f85e7c68b27485d2,CONJ,1.0,1.0,0.0
2241,0a24292ded30a7ef1f1c,PREP,1.0,0.0,1.0
2241,0e4d902353e571dd657c,NOUN,1.0,0.0,1.0
2241,0e4d902353e571dd657c,PREP,1.0,1.0,0.0
2241,49a9d784c55d95f18597,ADJF,1.0,0.0,1.0
2241,49a9d784c55d95f18597,PREP,1.0,1.0,0.0
2241,543bd5378c6e702802a8,NOUN,1.0,0.0,1.0
2241,543bd5378c6e702802a8,PREP,1.0,1.0,0.0
2241,793b57cd35e324599d1b,ADJF,1.0,0.0,1.0
2241,793b57cd35e324599d1b,VERB,0.0,1.0,-1.0
2242,0f14b2e3f12892cba884,NOUN,1.0,0.0,1.0
2242,8f6e2243e41ec6d9a278,NOUN,1.0,0.0,1.0
2242,d54ff3512e8d86784326,NOUN,1.0,0.0,1.0
2243,2edf0095b3f27c01947e,NOUN,0.5,0.0,0.5
2243,436159e11ddbea56e788,NOUN,0.0,1.0,-1.0
2243,abd1f30f067749fa7a14,NOUN,0.0,1.0,-1.0
2243,b7f48fa1d1efbfa7cd78,NOUN,0.5,0.0,0.5
2244,1eb5a24a3a075dbb5960,CONJ,1.0,1.0,0.0
2244,b30c02a3f6819eed7aa4,PREP,1.0,1.0,0.0
2245,08dd346d50b2b9055326,NOUN,0.0,0.5,-0.5
2245,60abf7000e92934da5fa,NOUN,0.0,1.0,-1.0
2245,60abf7000e92934da5fa,VERB,0.0,1.0,-1.0
2246,66c7ac25efbfd7acf327,PREP,1.0,1.0,0.0
2246,a60775852e1c14e13711,ADVB,1.0,1.0,0.0
2246,a8b92e3188043811ad81,NOUN,0.0,0.0,0.0
2247,28835aeac698e435c9a5,ADJF,0.0,1.0,-1.0
2247,28835aeac698e435c9a5,PREP,1.0,1.0,0.0
2247,49962b7088c267d4059e,NOUN,0.5,0.0,0.5
2248,c7c8ad8f63c4f2df96c7,ADJF,1.0,0.0,1.0
2248,c7c8ad8f63c4f2df96c7,PREP,1.0,1.0,0.0
2249,edd68ab7a137a9d62e91,VERB,1.0,0.0,1.0
2250,66a8602baa94c993564f,VERB,0.0,0.0,0.0
2250,8eb686f50eca6642f34d,VERB,0.5,1.0,-0.5
2250,aece7aa3a3ae963b5c7b,NOUN,0.0,1.0,-1.0
2251,00c1be191a17a967dae4,ADVB,1.0,0.0,1.0
2251,00c1be191a17a967dae4,INFN,0.0,0.0,0.0
2251,fbcd5a2c89bb2f4ef5c4,ADVB,1.0,0.0,1.0
2251,fbcd5a2c89bb2f4ef5c4,PREP,1.0,1.0,0.0
2252,2530272a932ae6de36aa,VERB,0.0,0.0,0.0
2252,30068a17053208fc75ce,NOUN,1.0,1.0,0.0
2252,cd6ad75c0d35b30fd39b,VERB,0.0,0.5,-0.5
2253,1d924930336cba7927f2,VERB,1.0,0.0,1.0
2253,5f54b5e4ef50e6d1a6f7,VERB,1.0,0.0,1.0
2253,825147b9d3b6789fc74b,VERB,1.0,0.0,1.0
2254,f55125ac9db098878c55,NOUN,0.0,1.0,-1.0
2255,194d443ce4130b5a1391,VERB,1.0,0.0,1.0
2255,d094a4a70ac9aee40538,NOUN,0.0,0.0,0.0
2255,fbfd3174403634f8bd6c,VERB,0.0,0.0,0.0
2257,432c2252bcc07b697a89,NOUN,1.0,0.0,1.0
2257,4c0245461c563116d7ac,NOUN,1.0,1.0,0.0
2257,6c78d78503df55dc338f,VERB,1.0,0.0,1.0
2258,45bf427f89b773fa24bd,ADJF,0.0,0.0,0.0
2258,45bf427f89b773fa24bd,NOUN,1.0,1.0,0.0
2258,4c6b76e6aae72c46f934,ADJF,0.0,0.0,0.0
2258,4c6b76e6aae72c46f934,NOUN,1.0,1.0,0.0
2258,6266a0f9516e68337633,PREP,1.0,1.0,0.0
2258,bc8a122c0090c50a630e,NOUN,1.0,0.0,1.0
2259,0f98ea70af03778bab4b,ADJF,1.0,1.0,0.0
2259,0f98ea70af03778bab4b,ADVB,0.0,1.0,-1.0
2259,37862d604e21e597fd6e,NOUN,0.6666666666666666,0.0,0.6666666666666666
2259,deb38e398720da75a391,ADVB,0.0,1.0,-1.0
2259,e563420d5d3587d294df,NOUN,0.5,0.0,0.5
2261,4696c8c7e2ba0d9eeca6,VERB,0.5,0.0,0.5
2263,0dae6cc5b7f71f543128,NOUN,1.0,0.0,1.0
2263,664c613f268bc2cabcba,PREP,1.0,1.0,0.0
2263,948d9e5acec107c5b1ff,NOUN,1.0,0.0,1.0
2263,d2ad80118b4a202925ad,NOUN,1.0,1.0,0.0
2263,f9c6eb55fde60048005c,VERB,0.0,1.0,-1.0
2265,10251dd31662b61b3cdb,NOUN,0.0,0.0,0.0
2265,10251dd31662b61b3cdb,PREP,1.0,1.0,0.0
2265,5e86bda76d99001fb405,NOUN,0.0,0.0,0.0
2265,a12d8cda139580ecf558,NOUN,0.0,1.0,-1.0
2267,0fb854ef5c846c757bae,PREP,1.0,1.0,0.0
2267,5dea2bcb6db477279d68,PREP,1.0,0.0,1.0
2267,91e501e2f44cdced5b47,NOUN,0.0,0.0,0.0
2267,91e501e2f44cdced5b47,VERB,0.0,0.0,0.0
2267,98d0bdbad9211acb8da1,VERB,0.0,0.0,0.0
2268,95955c470561f65ebdf2,NPRO,0.5,1.0,-0.5
2268,9d3709eed2e423513ffc,ADJF,0.0,0.0,0.0
2268,c1ef6f2f57c9fc59ed4e,ADVB,0.0,0.0,0.0
2268,c1ef6f2f57c9fc59ed4e,NPRO,1.0,1.0,0.0
2269,03125170e9d4a0e34240,NOUN,1.0,0.0,1.0
2269,4dd15706add7b9d32281,NOUN,1.0,0.0,1.0
2269,d38cfe09a52d2fae8648,VERB,1.0,1.0,0.0
2270,0a70c14cd72fc8ea29d8,NOUN,0.5,0.0,0.5
2270,b15d5361f8a76461ea0d,NOUN,1.0,0.0,1.0
2271,9d8c35faf55ccc7e4946,NPRO,1.0,1.0,0.0
2271,9d8c35faf55ccc7e4946,PREP,1.0,1.0,0.0
2271,c581cdc3932aa956eb95,PREP,1.0,1.0,0.0
2271,df113beb4a957f3df07f,NOUN,0.6666666666666666,0.0,0.6666666666666666
2272,166be609db184e7a7869,NOUN,1.0,1.0,0.0
2272,86ac3a72a8e480ceadb8,ADJF,1.0,0.0,1.0
2272,b6d69908d45111f0900e,NOUN,1.0,0.0,1.0
2272,eb8abd5ae6ec6bbb38b8,VERB,0.0,1.0,-1.0
2273,a9016b9ec9becff67237,CONJ,1.0,1.0,0.0
2273,d1e99c44291adbcd18c7,NOUN,0.5,0.0,0.5
2273,fa3a7c0f8db5a0d7c467,NOUN,0.0,0.5,-0.5
2274,294910f25b325edf2d3c,NOUN,1.0,1.0,0.0
2275,b9d59c746beb00cfeeb4,INFN,0.0,1.0,-1.0
2275,b9d59c746beb00cfeeb4,NOUN,0.0,0.0,0.0
2283,4510f173aa079969e3e8,NOUN,0.0,0.0,0.0
2283,4510f173aa079969e3e8,PREP,1.0,1.0,0.0
2283,775e3d9c1885ef293bb0,ADJF,0.0,0.0,0.0
2283,775e3d9c1885ef293bb0,NOUN,0.0,0.0,0.0
2283,8f79d5ca9b9292f9989f,PREP,1.0,1.0,0.0
2283,ba7efcb4f31f82a6f369,ADJF,1.0,0.0,1.0
2284,3b0adaa3be9e18b92387,NPRO,1.0,0.0,1.0
2284,c35088480f9894947950,NPRO,1.0,1.0,0.0
2284,c35088480f9894947950,PREP,1.0,0.0,1.0
2286,5732dd437c682410a33c,ADJF,1.0,1.0,0.0
2286,f8690a8e116682a6c41c,NOUN,0.5,0.0,0.5
2288,2ae7ff130d6666177195,CONJ,1.0,1.0,0.0
2288,4199a9a4a9294474a290,ADVB,0.0,0.0,0.0
2288,4199a9a4a9294474a290,VERB,1.0,1.0,0.0
2288,8e49d8ccc218517c584f,ADVB,1.0,1.0,0.0
2289,4c08b022afd227951e5c,ADVB,0.0,1.0,-1.0
2289,88dbfeb15c020eb7f9ae,CONJ,1.0,1.0,0.0
2289,88dbfeb15c020eb7f9ae,PRCL,1.0,1.0,0.0
2289,cd816514f4350537f3a8,NPRO,0.0,1.0,-1.0
2289,cd816514f4350537f3a8,PRCL,1.0,1.0,0.0
2289,f776f036294b26d7a850,NOUN,0.5,1.0,-0.5
2289,f776f036294b26d7a850,VERB,1.0,0.0,1.0
2290,d80b6024045c72dd3b82,CONJ,0.5,0.0,0.5
2290,d80b6024045c72dd3b82,NOUN,0.3333333333333333,0.0,0.3333333333333333
2291,07c30c89d70dc130d0a5,NPRO,0.5,1.0,-0.5
2291,07c30c89d70dc130d0a5,PREP,1.0,1.0,0.0
2291,7c381826febfc228b3d8,NOUN,1.0,0.0,1.0
2291,7c381826febfc228b3d8,VERB,0.0,0.0,0.0
2291,ef4633fdc01a161c7fcd,ADVB,1.0,1.0,0.0
2291,ef4633fdc01a161c7fcd,NPRO,1.0,1.0,0.0
2292,69854075288ffedca5e7,PREP,1.0,1.0,0.0
2292,6a960e4640821363f0eb,NOUN,0.6666666666666666,1.0,-0.33333333333333337
2292,6a960e4640821363f0eb,PREP,1.0,1.0,0.0
2292,8029858b83c612bcb735,INFN,0.0,0.0,0.0
2294,dc27effd94be4827fcf0,ADVB,1.0,0.0,1.0
2295,0e870c0f57e65cbb0b18,PRCL,1.0,1.0,0.0
2295,b9da328bf9b88c40a091,PRCL,1.0,0.0,1.0
2295,b9da328bf9b88c40a091,PREP,1.0,1.0,0.0
2296,7d098d65d19249a3d8c2,VERB,1.0,0.0,1.0
2297,01fdd4d7cdaad7af3185,ADJF,1.0,1.0,0.0
2297,01fdd4d7cdaad7af3185,PRCL,1.0,0.0,1.0
2297,8f8cb9524679055baa9c,CONJ,1.0,1.0,0.0
2297,8f8cb9524679055baa9c,NOUN,1.0,1.0,0.0
2297,901505a050075b8761b6,NPRO,1.0,1.0,0.0
2299,7bd60d2b48c1f1934ef6,NOUN,0.0,0.0,0.0
2299,93a5ce97c2fb946f692b,CONJ,1.0,0.0,1.0
2299,93a5ce97c2fb946f692b,PRCL,0.0,0.0,0.0
2299,dcc9925717497ec50499,NPRO,0.0,1.0,-1.0
2301,978f4b72b84a3ee160c0,ADVB,0.0,1.0,-1.0
2303,a5889c65b1d1144d4304,VERB,0.0,0.0,0.0
2303,b0c8783609f39c5a51f8,CONJ,1.0,0.0,1.0
2303,fbdbc60d449e7f67913e,VERB,1.0,0.0,1.0
2304,40dc8c697347db41c7c2,VERB,0.0,0.0,0.0
2305,7439e6f3ea38cceef24a,ADVB,0.0,1.0,-1.0
2305,91f7081f0cfb703892b2,VERB,0.0,0.0,0.0
2305,d057caaadc577ea1bdb4,VERB,0.0,0.0,0.0
2306,4d9b539581b35dd8ce86,ADVB,1.0,0.0,1.0
2306,4d9b539581b35dd8ce86,VERB,0.5,0.0,0.5
2306,5ab3362681bc9c6eb388,NOUN,0.0,0.0,0.0
2306,5ab3362681bc9c6eb388,VERB,0.0,1.0,-1.0
2306,e02b1f98f92a7b0c2ec4,VERB,1.0,0.0,1.0
2307,1fdead13799f185ce799,VERB,0.0,0.0,0.0
2308,058fb2d24eae359a5750,CONJ,1.0,1.0,0.0
2308,4d1f6c7351ed55c33d9f,NOUN,1.0,0.0,1.0
2308,dd0bcdd645d2ae71a7d2,NOUN,1.0,0.0,1.0
2309,c44a3a4c2fe49da98754,ADVB,1.0,0.0,1.0
2310,3309abb38703333ddf95,CONJ,1.0,1.0,0.0
2310,3309abb38703333ddf95,VERB,0.0,1.0,-1.0
2310,f6785e849fadb983821d,VERB,0.0,0.0,0.0
2311,422e1b3a9d1c994b7240,NOUN,0.0,1.0,-1.0
2311,422e1b3a9d1c994b7240,PRCL,1.0,1.0,0.0
2311,973afb396f25079d70fc,VERB,0.0,0.0,0.0
2311,dce929fa1381dc5e2290,ADJF,1.0,0.0,1.0
2311,dce929fa1381dc5e2290,VERB,0.0,1.0,-1.0
2312,5d6ba1806c418e4e210a,NOUN,1.0,0.0,1.0
2312,eefb6defb473d9218de4,CONJ,1.0,1.0,0.0
2312,fddb2b3cf03616486540,VERB,0.0,0.0,0.0
2313,54a2703d5c0a9a672d12,ADVB,1.0,1.0,0.0
2313,54a2703d5c0a9a672d12,PRCL,0.6666666666666666,1.0,-0.33333333333333337
2314,358df4a3edae5cfaaf0e,NOUN,1.0,0.0,1.0
2314,ca619a32ac6911fd2f44,NOUN,1.0,1.0,0.0
2314,ec27022cfe655eed5744,NOUN,1.0,0.0,1.0
2317,3b22e16f24a31366cdb5,PREP,1.0,1.0,0.0
2317,b7f406737fc8e9b90784,VERB,0.0,1.0,-1.0
2320,0577d3420c7ab96fc473,CONJ,1.0,0.0,1.0
2320,0a22a26ebe2924c43fcc,VERB,0.5,0.0,0.5
2320,5370824e389938953d7a,VERB,1.0,1.0,0.0
2320,5a95ce4c687e3c897dc3,NOUN,0.0,0.0,0.0
2321,b471b04f61e10220daff,VERB,1.0,0.0,1.0
2322,3d3d0cd336dfbc1f26f8,NOUN,0.3333333333333333,1.0,-0.6666666666666667
2322,3d3d0cd336dfbc1f26f8,NUMR,0.0,0.0,0.0
2322,fb98e5816a527e23f42f,VERB,1.0,1.0,0.0
2325,0e994dee6015c7737f97,ADVB,1.0,1.0,0.0
2325,0e994dee6015c7737f97,PRCL,1.0,1.0,0.0
2325,3e2e2c9773c57d30ba24,VERB,0.0,1.0,-1.0
2325,57f5b68c3fdcd59704b4,ADVB,1.0,0.0,1.0
2325,57f5b68c3fdcd59704b4,PRCL,0.0,1.0,-1.0
2326,811c98546555aeb38edc,PRCL,1.0,1.0,0.0
2326,811c98546555aeb38edc,VERB,1.0,1.0,0.0
2327,0541c93cdc910e70f260,CONJ,1.0,0.0,1.0
2327,68a675da624c1b28fd5e,CONJ,1.0,0.0,1.0
2327,99b20151829b800d9aac,VERB,1.0,0.5,0.5
2328,0b2ec7875a8ce27df5db,CONJ,1.0,1.0,0.0
2329,37b949315582d61ef369,NOUN,1.0,0.0,1.0
2329,37b949315582d61ef369,PRCL,1.0,1.0,0.0
2329,913a61e9f78e2c2bfae5,ADVB,1.0,0.0,1.0
2329,913a61e9f78e2c2bfae5,PREP,1.0,1.0,0.0
2329,9d9137420163934b952e,ADVB,0.0,1.0,-1.0
2330,f8fffe977a5ca9ec4d83,ADJF,0.0,0.0,0.0
2330,f8fffe977a5ca9ec4d83,NOUN,0.3333333333333333,0.0,0.3333333333333333
2331,e02912bca404d09f370d,CONJ,1.0,1.0,0.0
2331,e02912bca404d09f370d,NOUN,1.0,1.0,0.0
2334,cdf8ce07c531ae1e31e9,PRCL,1.0,1.0,0.0
2334,f7752ca927a4d0400cb9,NPRO,1.0,1.0,0.0
2335,aceac8316533e2675acc,VERB,1.0,0.0,1.0
2335,c0e14ebb2e8414713742,NOUN,0.6666666666666666,1.0,-0.33333333333333337
2336,529a878e70feb2e64643,VERB,1.0,0.0,1.0
2336,8a501a5e54ccdbf4010f,NOUN,0.0,0.0,0.0
2337,024efd52a8c5fe262b2c,ADJF,0.0,0.0,0.0
2337,c6c1267062ad8668bcd7,ADJF,1.0,1.0,0.0
2337,c6c1267062ad8668bcd7,CONJ,1.0,1.0,0.0
2339,a318acd2e1bbfd403f92,PRCL,1.0,1.0,0.0
2339,dbfd1cd412f0cabbdfe3,VERB,1.0,0.0,1.0
2340,cae200cd6415d51c731f,PRCL,1.0,0.0,1.0
2340,e708b3de337031565b06,VERB,0.0,0.0,0.0
2341,6eef40945342762f7a55,PRCL,1.0,0.0,1.0
2341,aa2cc9d2fe6686ebfbf0,VERB,1.0,0.0,1.0
2341,b3968afb4f01afbb5e83,PREP,1.0,1.0,0.0
2341,e46bf6ea57338cab8bca,PRCL,1.0,1.0,0.0
2342,3c6bd684379edb717a71,VERB,0.0,0.0,0.0
2342,3fdc194626c57b5c1b8b,NOUN,1.0,1.0,0.0
2342,3fdc194626c57b5c1b8b,VERB,0.0,0.0,0.0
2342,7a4f1f30cb18930afddd,VERB,0.0,0.0,0.0
2342,96dbda42bc2a1a78771f,VERB,0.0,0.0,0.0
2343,15d853b6b72797efa980,ADJF,1.0,0.0,1.0
2343,15d853b6b72797efa980,NOUN,0.0,0.0,0.0
2343,176deda783222378cbe3,VERB,1.0,0.0,1.0
2345,4508273b5f18442c12d1,PRCL,1.0,1.0,0.0
2345,bab96e4b272250683efc,PRCL,1.0,1.0,0.0
2345,cf9bd01d36719aa227d8,VERB,0.0,1.0,-1.0
2346,223baaaba852a820f8ac,NOUN,1.0,0.0,1.0
2346,3805a543ddf171f78f48,PRCL,1.0,1.0,0.0
2346,6ec585974171d9dc1471,PRCL,1.0,0.5,0.5
2346,ef710b2694379e635ecc,NOUN,1.0,0.0,1.0
2347,44b3b915b17c1b525023,PREP,1.0,1.0,0.0
2348,15492f7abdd82bb5ee98,ADJF,1.0,1.0,0.0
2348,15492f7abdd82bb5ee98,NOUN,1.0,1.0,0.0
2348,34d8e46ed4c737dcddfe,ADJF,1.0,1.0,0.0
2348,531c1ccbce06e44825c6,ADVB,0.0,1.0,-1.0
2348,531c1ccbce06e44825c6,NOUN,1.0,1.0,0.0
2349,13e7e28d78002cae75ba,ADJF,0.5,0.0,0.5
2349,77c2edcbb62eac5a5b10,INFN,0.0,1.0,-1.0
2349,81c5e1ac39cb081df694,CONJ,0.0,1.0,-1.0
2349,b115c9387df29ee90c2b,NOUN,0.0,0.0,0.0
2349,e16d716ac0242a3d28e3,CONJ,0.0,1.0,-1.0
2349,e16d716ac0242a3d28e3,NOUN,0.0,1.0,-1.0
2350,004fdb89883b0bad8a03,VERB,0.0,0.0,0.0
2350,134d57eb05afa0718892,NOUN,0.5,0.0,0.5
2350,73c4c58f537c0bc34d9f,NOUN,0.4,0.0,0.4
2350,a166d6b122e0b4e2dc06,NOUN,0.6,1.0,-0.4
2351,3694f34d7385a2c6e0c0,NOUN,0.6,1.0,-0.4
2351,411c76ad6efdb9037cfb,PREP,1.0,1.0,0.0
2351,411c76ad6efdb9037cfb,VERB,1.0,1.0,0.0
2351,467f4efe3ec0f10bab3f,NOUN,0.5,0.0,0.5
2351,467f4efe3ec0f10bab3f,PREP,1.0,1.0,0.0
2351,d1389e4521cf4b805461,NOUN,0.0,1.0,-1.0
2351,f42c92fa6a828b86fc35,NOUN,0.6666666666666666,1.0,-0.33333333333333337
2351,f42c92fa6a828b86fc35,PREP,1.0,1.0,0.0
2352,06eacb0a339b40e2f578,PRCL,1.0,1.0,0.0
2352,06eacb0a339b40e2f578,PREP,1.0,1.0,0.0
2352,350e617af6f51f6cdf96,ADJF,0.8,1.0,-0.19999999999999996
2352,350e617af6f51f6cdf96,PREP,1.0,1.0,0.0
2352,a913d0d8e71a0f287bf8,CONJ,1.0,1.0,0.0
2352,a913d0d8e71a0f287bf8,NOUN,0.42857142857142855,1.0,-0.5714285714285714
2352,b85a1a543f3dffd83630,ADJF,1.0,1.0,0.0
2352,b85a1a543f3dffd83630,NOUN,0.5714285714285714,1.0,-0.4285714285714286
2352,c3172c344638d77a1546,NOUN,0.3333333333333333,1.0,-0.6666666666666667
2353,1daf3a01d8ded5d8ab26,ADVB,1.0,1.0,0.0
2353,1daf3a01d8ded5d8ab26,VERB,0.5,0.0,0.5
2353,c53bc9964132c90d8890,NOUN,0.6,0.0,0.6
2353,deba2ddc3e0cfaf69120,NOUN,1.0,1.0,0.0
2353,f5ebb4153c141d639028,ADJF,0.4,0.5,-0.09999999999999998
2354,0cd8605d5a0312a65242,INFN,1.0,1.0,0.0
2354,0cd8605d5a0312a65242,NOUN,0.0,0.0,0.0
2354,d48b249a20889a623153,NOUN,1.0,1.0,0.0
2354,d48b249a20889a623153,NPRO,1.0,0.0,1.0
2355,a001d5bbd9ccb2c1252f,NOUN,1.0,1.0,0.0
2355,a001d5bbd9ccb2c1252f,PREP,1.0,1.0,0.0
2356,55f18444b28b0166e05c,VERB,0.0,0.0,0.0
2356,5f28980e8ab441ec1c38,VERB,0.0,1.0,-1.0
2357,44eb558508fb12d56728,NOUN,0.0,0.0,0.0
2357,efd39b3375c46cb725c7,NOUN,0.5,0.0,0.5
2358,5e33ff9b8dd1220e3d90,NOUN,0.0,0.0,0.0
2358,c14e30e0fc29baed9bc8,NOUN,0.0,0.0,0.0
2359,37ff3d50c9822a5ff9b8,NOUN,0.0,0.0,0.0
2359,a34090a7cd52efde3d42,NOUN,0.5,0.0,0.5
2359,cc7b542e0d22547eff4f,ADJF,0.0,1.0,-1.0
2359,cc7b542e0d22547eff4f,VERB,0.0,1.0,-1.0
2360,de692a0a75a047db8224,NOUN,1.0,0.0,1.0
2360,de692a0a75a047db8224,PREP,1.0,1.0,0.0
2360,e6193bff8a71d634fdc1,NOUN,0.6,0.0,0.6
2361,e976227c10d6ea9e6024,NOUN,0.0,0.5,-0.5
2362,3fdcc01885cde2da412f,PREP,1.0,1.0,0.0
2362,3fdcc01885cde2da412f,VERB,1.0,0.0,1.0
2362,b6787138c0472ba72385,NOUN,1.0,0.0,1.0
2363,0f9f51a4e72ec95fe9f7,NOUN,1.0,0.5,0.5
2363,6115795d66e72f18e54f,PREP,1.0,1.0,0.0
2363,63b60ec8e84a23825699,NOUN,1.0,1.0,0.0
2364,62135d08b71bc8194279,NOUN,0.0,0.0,0.0
2365,13d9c7c52be49707422c,VERB,0.0,0.0,0.0
2365,63bbf22ce0e5353886c7,VERB,0.0,1.0,-1.0
2366,60d3beb341e314a1a8a5,NOUN,0.6666666666666666,1.0,-0.33333333333333337
2367,375047894be67d4d11f6,NOUN,1.0,0.0,1.0
2367,c0a2f1d3f525723c8b3d,PREP,1.0,0.0,1.0
2367,c0a2f1d3f525723c8b3d,VERB,0.0,0.0,0.0
2368,1fdcc64b4a7588141210,NOUN,0.0,0.5,-0.5
2368,5bb9a52949307434e799,NOUN,0.5,0.0,0.5
2368,d78312290b1feb93411a,NOUN,0.0,0.0,0.0
2369,22b11201e3beca0829fc,NOUN,1.0,0.0,1.0
2369,db19eb168e22fa0fa745,NOUN,0.5,0.0,0.5
2369,df6eb28227003cdd82bd,VERB,0.0,0.0,0.0
2370,046fb913bd50c93a819f,NOUN,0.0,0.0,0.0
2370,3796292a3f878453126a,NOUN,1.0,1.0,0.0
2371,472babb037e53a3c6b53,NOUN,1.0,0.0,1.0
2371,9109e695d6b9a6aa0154,NOUN,1.0,0.0,1.0
2372,0153adf4f427d0b44cb6,PREP,1.0,1.0,0.0
2372,8faa9167f225bb0e7962,NOUN,1.0,0.0,1.0
2372,8faa9167f225bb0e7962,PREP,1.0,1.0,0.0
2373,91653be6951685aa73e3,NOUN,1.0,1.0,0.0
2373,b0062436af549630bb28,NPRO,1.0,1.0,0.0
2373,b0062436af549630bb28,VERB,0.0,0.0,0.0
2374,2d17db2e1f1b462a0258,NOUN,0.0,0.0,0.0
2374,826e1a910bab825773d4,ADJF,1.0,1.0,0.0
2374,826e1a910bab825773d4,NOUN,0.0,1.0,-1.0
2374,e8fb0ce82a7f2ee31b07,NOUN,0.0,0.0,0.0
2375,0785da3eb9be10a2453b,NOUN,0.0,0.0,0.0
2375,0785da3eb9be10a2453b,PREP,1.0,1.0,0.0
2375,a44e36cff03f6963ed14,NOUN,0.0,0.0,0.0
2376,6f3f5508834db2647f42,NOUN,0.0,0.5,-0.5
2376,aa46cc2c0249c73b2cc6,NOUN,0.0,0.0,0.0
2377,cc6d6f1db3aa68392c73,NOUN,1.0,0.0,1.0
2378,43864e32351b97b21308,NOUN,0.0,0.0,0.0
2378,43864e32351b97b21308,PREP,1.0,1.0,0.0
2378,96965721b017b34ba38d,PREP,1.0,1.0,0.0
2378,96965721b017b34ba38d,VERB,0.0,1.0,-1.0
2378,9edddc2eec23d5381aef,NOUN,0.0,0.0,0.0
2378,9edddc2eec23d5381aef,VERB,1.0,0.0,1.0
2379,3935feaa1b0f783bec7e,NOUN,0.0,0.0,0.0
2379,fdb229dfe0bb715b363d,NOUN,0.0,0.0,0.0
2379,fdb229dfe0bb715b363d,PREP,1.0,1.0,0.0
2380,37ccffa7d65acd1c848d,NOUN,0.0,0.0,0.0
2380,d6052b46cef26e739694,NOUN,0.0,0.0,0.0
2380,d6052b46cef26e739694,PREP,1.0,1.0,0.0
2380,eb7c6c03ba56429c5a40,NOUN,0.0,1.0,-1.0
2380,eb7c6c03ba56429c5a40,PREP,1.0,1.0,0.0
2381,4f205d0d24459a8f408f,PREP,1.0,1.0,0.0
2382,23fe4bffe278865774c2,VERB,0.0,1.0,-1.0
2382,ee10a4d01b7ca45933eb,VERB,0.0,0.0,0.0
2383,09169d3c1ec8d87457c2,NOUN,0.3333333333333333,0.0,0.3333333333333333
2383,188526ed2c8314d2c7df,NOUN,0.3333333333333333,1.0,-0.6666666666666667
2383,e6ca615c3f9339991a63,CONJ,1.0,1.0,0.0
2383,e6ca615c3f9339991a63,NOUN,0.5,0.0,0.5
2384,42f3fb1114b4691d6a41,VERB,0.0,1.0,-1.0
2384,a2121309663351c54184,VERB,0.0,1.0,-1.0
2384,ae92c8e52202b671bba6,NOUN,0.0,0.0,0.0
2385,3415839ee695ce769e5a,PREP,1.0,1.0,0.0
2386,301078231d4eaa76c1f5,NOUN,1.0,1.0,0.0
2386,922a7009fc4df8f14254,NPRO,0.0,1.0,-1.0
2387,0e970fbab5d58fd05b24,NPRO,1.0,1.0,0.0
2387,fb94fa48e2e3f8d9e54d,NOUN,0.0,0.0,0.0
2388,622f7385dd11c6f671be,PREP,1.0,1.0,0.0
2388,a32bfd2e830b9a935892,VERB,0.5,0.0,0.5
2389,95f2764a75ef75b264cc,NOUN,0.0,0.0,0.0
2389,95f2764a75ef75b264cc,VERB,1.0,0.0,1.0
2389,f6a162f6c2ef59be4a7c,VERB,1.0,0.0,1.0
2390,d3336ca1502c02644b6d,NOUN,1.0,1.0,0.0
2390,e2de34a5b087fe59c033,NOUN,0.6666666666666666,0.0,0.6666666666666666
2391,813446fd74a04685813f,NOUN,0.5,0.0,0.5
2391,97a00d2677b80dd56fe3,NOUN,1.0,0.0,1.0
2391,f96a575b1ad98d2172c9,NOUN,0.0,0.0,0.0
2392,365ef36a84336f81276b,NOUN,0.0,0.0,0.0
2392,3bc11f07617cb937a9a0,NPRO,1.0,1.0,0.0
2393,7d4133d232266d8ff516,NOUN,0.5,0.0,0.5
2394,7fe6dfc200843c582c8e,PREP,1.0,1.0,0.0
2395,152eb6bd133eb38ef2b7,NOUN,1.0,0.5,0.5
2395,aae82a513aaf0056a0a5,NOUN,0.3333333333333333,1.0,-0.6666666666666667
2396,95ee9a724ffba85fc561,NOUN,1.0,0.5,0.5
2396,a2053b0c3c8fa1edd47c,NOUN,1.0,1.0,0.0
2396,a2053b0c3c8fa1edd47c,PREP,1.0,1.0,0.0
2397,1c825042a7cdcbe3082e,NPRO,1.0,1.0,0.0
2398,d30bd406fcc5dd83ffe2,NOUN,1.0,0.5,0.5
2398,dce2dc543efcecc929d6,NOUN,1.0,0.0,1.0
2398,f0daf6cb5e455c00aca3,ADJF,1.0,0.0,1.0
2398,f0daf6cb5e455c00aca3,PREP,1.0,1.0,0.0
2399,ca0a9b3f2b06f9660fe0,NOUN,1.0,0.0,1.0
2399,da511d5ede198f995b30,ADJF,0.0,1.0,-1.0
2399,f5ed84bb843929f1fdb6,ADJF,1.0,0.0,1.0
2399,f5ed84bb843929f1fdb6,VERB,1.0,0.0,1.0
2400,63a217865ab3de1a3aeb,VERB,0.0,0.0,0.0
2400,bc59ffc97014de159495,NOUN,0.5,0.0,0.5
2401,a4b090f0948d545b5507,PREP,1.0,1.0,0.0
2402,903d9e363d9f2365545f,NOUN,1.0,0.0,1.0
2402,903d9e363d9f2365545f,PREP,0.0,1.0,-1.0
2403,4ccbe1c45ef142ceae10,NOUN,0.0,0.0,0.0
2403,fb5439b544674bb5c4f3,NOUN,0.0,0.0,0.0
2404,93d3eb22a5e756e5e012,NPRO,0.0,1.0,-1.0
2405,dd97d794120d54315248,NOUN,0.0,0.0,0.0
2406,8baee3d137d666eedbeb,NOUN,0.0,0.0,0.0
2406,f4b954f7c1694f287367,NOUN,0.0,1.0,-1.0
2407,07357c6940d42d52019e,VERB,0.0,1.0,-1.0
2408,476011f41325518f9eee,PRCL,1.0,1.0,0.0
2408,476011f41325518f9eee,PREP,1.0,1.0,0.0
2408,50624ed6da1fc910ee7a,NOUN,0.0,0.0,0.0
2409,2c5c931bcc1a202c5208,NPRO,1.0,1.0,0.0
2410,650f44ba18fafc9ff1e5,NPRO,0.0,1.0,-1.0
2414,1fc1a32fe5039774bf08,NOUN,0.0,0.0,0.0
2414,1fc1a32fe5039774bf08,PREP,1.0,1.0,0.0
2415,6814c8c1577be64aea73,NOUN,1.0,0.0,1.0
2415,6814c8c1577be64aea73,PREP,1.0,1.0,0.0
2415,97d150bc437c3d3fab88,NOUN,0.0,0.0,0.0
2416,36583b0cb64e3a259caf,NOUN,1.0,0.0,1.0
2416,36583b0cb64e3a259caf,PRTS,1.0,1.0,0.0
2416,bfb7bb19b59e29d8ee18,VERB,1.0,0.0,1.0
2416,f2c02ccb5c5164646dbe,NOUN,0.5,1.0,-0.5
2416,f2c02ccb5c5164646dbe,PREP,1.0,1.0,0.0
2417,c7e346f5e639e99dc633,NOUN,0.3333333333333333,1.0,-0.6666666666666667
2418,d5319cc6c160d189721a,NPRO,1.0,1.0,0.0
2419,d89cd072845dc2c04935,NOUN,0.0,0.0,0.0
2420,0bf4ad63672ca7f7967c,NOUN,1.0,1.0,0.0
2420,85689fe3f535f2fd35c7,ADJF,1.0,1.0,0.0
2420,85689fe3f535f2fd35c7,NOUN,0.5,1.0,-0.5
2422,a6ce08f3ba74814d8da8,PREP,1.0,1.0,0.0
2422,ac381d49c0ec5dc649e9,NOUN,0.0,0.0,0.0
2423,8296217757bbd674671e,NOUN,0.3333333333333333,0.0,0.3333333333333333
2424,359c81f3e39d371d8856,NOUN,0.5,0.0,0.5
2424,d69c72ac6dd3af17447a,NPRO,1.0,0.5,0.5
2425,89354de7ae92fb26ecc3,NPRO,1.0,1.0,0.0
2425,8f080bd3807a9a928ef3,NOUN,0.0,0.0,0.0
2426,4af7d5e6255fc2a37944,NOUN,1.0,0.5,0.5
2426,74eb946f7566502e89ef,NOUN,1.0,0.0,1.0
2426,74eb946f7566502e89ef,VERB,0.0,0.0,0.0
2426,99e6e886d6b97439631c,ADJF,1.0,1.0,0.0
2427,6459d4ef29113607cd9c,NOUN,0.3333333333333333,1.0,-0.6666666666666667
2427,826f58bde97acada953f,NOUN,0.3333333333333333,0.0,0.3333333333333333
2428,ba970fab2a7745945afd,NOUN,1.0,1.0,0.0
2428,ba970fab2a7745945afd,PREP,1.0,1.0,0.0
2429,f946df132669aee585a1,VERB,0.0,0.0,0.0
2429,f95a0d20e5b4369e4bff,PREP,1.0,1.0,0.0
2430,b54b4184b7c75e1d54f3,NOUN,1.0,0.0,1.0
2430,c3c04b62e177fe0bd612,ADJF,1.0,1.0,0.0
2431,142fb4980b6fb06d3828,NOUN,0.0,0.0,0.0
2431,59a3199ebb7dc0a2cdc3,NOUN,0.0,0.0,0.0
2432,2d486ab76aeed0552dbe,PREP,1.0,1.0,0.0
2432,2d486ab76aeed0552dbe,VERB,0.0,0.0,0.0
2432,7f46c35b35411f81c186,VERB,1.0,1.0,0.0
2433,d3f476c1d3118e526034,NPRO,1.0,1.0,0.0
2434,948823dce5ce0091af46,ADVB,1.0,1.0,0.0
2434,9cb3cb2dc4dbe621d548,PREP,1.0,1.0,0.0
2435,209b084ff5329654ca8b,NOUN,0.0,1.0,-1.0
2435,7b08c2dedfd20903546d,NPRO,1.0,1.0,0.0
2436,1861bfb923f19035b5fd,NOUN,0.0,1.0,-1.0
2436,37f898a4949c5aef336e,NOUN,0.0,0.0,0.0
2436,37f898a4949c5aef336e,VERB,1.0,0.0,1.0
2437,1ad170a99b5112753c1d,NOUN,0.0,1.0,-1.0
2437,bd036fdf5da384782672,VERB,1.0,0.0,1.0
2437,d10db24aa128fdff2d5b,NOUN,0.0,0.0,0.0
2440,1f2429d90141efc3cd36,PREP,1.0,1.0,0.0
2440,cd7de8676a920b763d7e,ADJF,1.0,0.0,1.0
2442,91e40d31daf8ed8fb74e,NOUN,0.0,0.0,0.0
2443,7271c9d8ee3cc5befebb,ADJF,0.3333333333333333,0.0,0.3333333333333333
2443,880c4efd97a118a5354d,ADVB,1.0,1.0,0.0
2444,0e6dee1e6995e7b1dc39,NOUN,0.0,1.0,-1.0
2444,8c2e2f397eee8921a63d,NOUN,0.0,0.0,0.0
2445,036b66a22a8d5bb6f05b,NOUN,0.0,1.0,-1.0
2445,036b66a22a8d5bb6f05b,PREP,0.0,1.0,-1.0
2446,13a4cd238cfeed962c81,PREP,1.0,1.0,0.0
2446,bee702fe6fd5cd3aebd4,NOUN,0.0,1.0,-1.0
2446,bee702fe6fd5cd3aebd4,PREP,1.0,1.0,0.0
2447,e1497188058d287686ba,ADJF,1.0,0.0,1.0
2447,e1497188058d287686ba,NOUN,1.0,1.0,0.0
2447,e5e1d8e43af4cabeb742,NOUN,1.0,0.0,1.0
2447,eeb8e6772b7e875cb551,PREP,1.0,1.0,0.0
2447,eeb8e6772b7e875cb551,VERB,0.0,0.0,0.0
2448,584d6e61ed01e33eeb52,NOUN,0.0,0.0,0.0
2449,cfac0f8deb6aa1d767f4,PREP,1.0,1.0,0.0
2450,4436e51324b4493d4bfa,NOUN,0.0,0.0,0.0
2450,87ce7528f5fd9e57b119,NOUN,0.0,0.0,0.0
2451,9ee3e8e367d5e12b67df,NOUN,0.0,1.0,-1.0
2452,3856ab87255c7c87b1f4,PREP,1.0,1.0,0.0
2452,4ba7e6933b87838fccac,ADJF,0.5,1.0,-0.5
2452,4ba7e6933b87838fccac,NOUN,1.0,0.0,1.0
2453,79f7f6922299916ec683,NOUN,1.0,0.0,1.0
2453,7adeabf64a73a1cee453,NOUN,0.6666666666666666,1.0,-0.33333333333333337
2453,c996449ab8cf82ce9fe3,NOUN,1.0,0.0,1.0
2454,40dc08211feccb54381e,NOUN,1.0,0.0,1.0
2454,9143ec02c995e2c7d6c3,ADJF,0.5,1.0,-0.5
2455,0b87193f13f7ff48a2be,NOUN,0.0,1.0,-1.0
2455,0b87193f13f7ff48a2be,PREP,0.0,0.0,0.0
2455,4c920d3164fed668e64c,NOUN,0.0,1.0,-1.0
2455,f06011dd3e23bb7f6aed,PREP,0.0,1.0,-1.0
2456,85293e4c25d468e43d32,NOUN,0.0,0.0,0.0
2456,ba14533a5f0df5d256db,NOUN,0.0,0.0,0.0
2456,ba14533a5f0df5d256db,PREP,1.0,1.0,0.0
2457,2dd252905041950670f4,NPRO,1.0,1.0,0.0
2457,99d58d811ed2b61a7d86,NOUN,1.0,1.0,0.0
2457,f6abb833537a77fec9f0,NOUN,0.5,0.0,0.5
2458,0b83364cb0f8eaed4c60,NPRO,1.0,1.0,0.0
2458,0b83364cb0f8eaed4c60,PREP,1.0,1.0,0.0
2458,ceb09baa9f48a3e03028,PREP,1.0,1.0,0.0
2459,120f461729953ff60f0d,PREP,1.0,1.0,0.0
2459,22822efb134692c467f9,NOUN,0.0,0.0,0.0
2459,61895ce2ffc96ed83387,NOUN,0.0,0.5,-0.5
2460,b3c89e4ca2c27db5af8e,PREP,1.0,1.0,0.0
2462,3468b71186e796041d0f,PREP,1.0,1.0,0.0
2462,3c04ab5e0206953aa044,NOUN,1.0,0.0,1.0
2463,00ee50f3ca909b80dbdc,PRCL,1.0,0.0,1.0
2463,2e745245e67a422b74c2,NOUN,1.0,0.5,0.5
2463,f8cd6932ac48833a5b0d,NOUN,0.5,0.0,0.5
2464,2ac85ad222509fb31457,PREP,1.0,1.0,0.0
2464,9970e8a9f6714ce95eba,NOUN,1.0,0.0,1.0
2464,d63451aadb2d69348152,ADJF,0.0,0.0,0.0
2465,18891ae26baf1791af63,NOUN,0.0,0.0,0.0
2465,18891ae26baf1791af63,PRTS,1.0,0.0,1.0
2465,2d6c419fa344fd40d66d,NOUN,0.0,0.5,-0.5
2466,06651f6adec6f7012d02,NOUN,0.0,0.0,0.0
2466,7d6f6ee21de1158ca131,NOUN,0.5,1.0,-0.5
2466,7d6f6ee21de1158ca131,PREP,1.0,1.0,0.0
2466,95169e9547d9b46a2f8b,PREP,1.0,1.0,0.0
2467,8a2a82b83bc3cbbd33bf,PREP,1.0,1.0,0.0
2467,c86533638f2927d278ff,NOUN,0.0,1.0,-1.0
2468,89ea7f32ae715fb3bcff,NOUN,0.0,0.0,0.0
2468,89ea7f32ae715fb3bcff,VERB,0.0,0.0,0.0
2468,dac2e12fa09162b673ef,NOUN,1.0,0.0,1.0
2468,f0e07ca598c3475655f8,ADJF,0.0,0.0,0.0
2469,d593a841df333dcfbd45,VERB,0.0,0.0,0.0
2470,2e88ba22dcb043ccf7de,NOUN,1.0,1.0,0.0
2470,2e88ba22dcb043ccf7de,PREP,1.0,1.0,0.0
2470,fbb05b4d7ca1d0d97db0,NOUN,0.0,0.0,0.0
2471,1bcd00608105ebf193ed,NOUN,1.0,1.0,0.0
2471,a046b637eb5f2b924a23,NOUN,1.0,1.0,0.0
2471,ef482effcd9b99ea38ba,NOUN,1.0,1.0,0.0
2472,4b76868510d4521bd08e,NOUN,1.0,0.0,1.0
2472,b98c7ae2a1ce5d63d076,NOUN,1.0,0.0,1.0
2472,b98c7ae2a1ce5d63d076,PREP,1.0,0.0,1.0
2472,e5421331c8c4ec9cfbe0,ADJF,0.0,0.0,0.0
2472,e5421331c8c4ec9cfbe0,NOUN,0.0,1.0,-1.0
2473,ba95181fcf979f4315b9,VERB,0.0,0.0,0.0
2473,cb6dae038cf6e871eae2,NOUN,1.0,0.0,1.0
2473,cf151caa2450160fa387,NOUN,0.0,1.0,-1.0
2474,991b59fae0c7c9793448,NOUN,0.0,0.0,0.0
2474,9c5008eecdd888d3f2ca,NOUN,0.0,0.5,-0.5
2474,c628764f3c128ecac896,NOUN,0.6666666666666666,0.0,0.6666666666666666
2475,0ee523a86352ade09f0d,NOUN,0.5,0.0,0.5
2475,1dcb14e3b41d25f5cd23,NPRO,1.0,0.0,1.0
2475,c25aae0ab2d1f7c5c639,PREP,1.0,1.0,0.0
2476,14bc3f77f374c90edb1b,PREP,1.0,1.0,0.0
2476,a9dc055a0742af2376e1,NOUN,1.0,0.0,1.0
2476,a9dc055a0742af2376e1,PREP,1.0,0.0,1.0
2477,242a66b6fb233124cb7b,PREP,1.0,1.0,0.0
2477,c2fde2a876cb5b931e77,PREP,1.0,1.0,0.0
2478,93cca9da4b371b2d18ec,NOUN,0.0,0.0,0.0
2478,d6fa330a15dd261a8f42,NOUN,1.0,1.0,0.0
2478,f729360c722e90212e75,NOUN,1.0,0.0,1.0
2478,f729360c722e90212e75,VERB,1.0,0.0,1.0
2479,25c0b46e71767190e63e,NOUN,0.0,0.0,0.0
2479,25c0b46e71767190e63e,NPRO,1.0,1.0,0.0
2480,3cb65bc30dc78ce0fe41,NOUN,0.0,0.0,0.0
2480,f977f8512bf1ce4c5be1,NOUN,0.0,0.0,0.0
2481,6e25da11058ce2d53e4c,NOUN,1.0,1.0,0.0
2481,aa0f5ca55636f5b23a93,NOUN,1.0,1.0,0.0
2481,ece1a0ec23e4927d4cc9,NOUN,1.0,0.0,1.0
2482,7fcc094cb00cb0d4067c,NOUN,1.0,0.0,1.0
2482,857a8e641f2906d233b3,NOUN,0.0,0.0,0.0
2483,3420d5e0ecc59302802e,VERB,0.0,0.0,0.0
2483,ce57864fb384fb7bb4f0,NOUN,0.0,1.0,-1.0
2483,e70702bfeea7e89b85f0,NOUN,1.0,0.0,1.0
2484,fd68284f807aceb76322,CONJ,1.0,1.0,0.0
2485,3d7b4dfe4e287803d5a7,ADJF,1.0,0.0,1.0
2485,3d7b4dfe4e287803d5a7,NOUN,0.5,1.0,-0.5
2485,b9288b245ee50e7886e9,NOUN,1.0,0.0,1.0
2486,e8d3244e1ff9120082bf,ADJF,1.0,1.0,0.0
2487,831a060df31927db16db,NOUN,1.0,1.0,0.0
2487,831a060df31927db16db,PREP,1.0,1.0,0.0
2487,e1292f501481dff3b416,NOUN,0.0,0.0,0.0
2487,fe5143036b943f38f6d0,NOUN,1.0,0.0,1.0
2488,e559fccd09d3a5d3cdc9,INFN,0.0,1.0,-1.0
2489,22f473120ae1c062074e,PREP,1.0,1.0,0.0
2489,4db05e858ac86c4eccf7,NOUN,1.0,1.0,0.0
2489,4db05e858ac86c4eccf7,VERB,0.0,0.0,0.0
2489,f5cb81ba78e22a20e028,VERB,0.0,0.0,0.0
2490,08252fcfa603c2f30d86,NOUN,0.0,0.0,0.0
2490,08252fcfa603c2f30d86,PREP,1.0,1.0,0.0
2490,0a82ea80beea0d16ad04,PREP,1.0,1.0,0.0
2490,297a4f46503536acafa9,NOUN,0.5,0.0,0.5
2491,7dd6487b267896f0b931,NOUN,1.0,0.0,1.0
2491,a0ed166b8aaaf7fd59c4,NOUN,0.0,0.0,0.0
2491,a0ed166b8aaaf7fd59c4,VERB,1.0,1.0,0.0
2492,0a4354873fb6566b6af6,NOUN,1.0,1.0,0.0
2492,0a4354873fb6566b6af6,PRCL,1.0,1.0,0.0
2492,4c4b165a52aad8d8e839,VERB,0.0,0.0,0.0
2493,5af4b45a55feabae8d6b,ADJF,0.5,0.0,0.5
2493,5af4b45a55feabae8d6b,PREP,1.0,1.0,0.0
2493,7db084bff63c5a01b9df,NOUN,1.0,0.0,1.0
2493,a9419a681690125125fd,ADJF,1.0,1.0,0.0
2494,81467bf303198e5a1a58,NOUN,1.0,0.0,1.0
2494,85fe9bbadbfa489164b3,ADJF,1.0,1.0,0.0
2494,85fe9bbadbfa489164b3,VERB,0.0,0.0,0.0
2494,e2810d5478be401607e3,NOUN,0.5,0.0,0.5
2494,e2810d5478be401607e3,PREP,1.0,1.0,0.0
2495,1b036528ee18ffa5627a,ADJF,1.0,0.0,1.0
2495,1b036528ee18ffa5627a,PREP,1.0,1.0,0.0
2495,773bfdcdc3e6d08a720c,ADJF,1.0,0.0,1.0
2495,773bfdcdc3e6d08a720c,NOUN,0.0,1.0,-1.0
2496,a5d2707e53138b03668b,NOUN,0.0,1.0,-1.0
2496,b312073ef4076632d970,NOUN,0.0,0.0,0.0
2497,cb6548ed1f3177a98040,NOUN,1.0,0.0,1.0
2497,ddfe222b4989d42d61b5,VERB,0.0,0.0,0.0
2497,e2ec4bbefc863e059c15,NOUN,1.0,0.0,1.0
2497,e2ec4bbefc863e059c15,PREP,1.0,1.0,0.0
2498,4fff6b34e7e6e3109658,PREP,1.0,1.0,0.0
2498,4fff6b34e7e6e3109658,VERB,0.0,0.0,0.0
2498,88c949fead4552575cc3,VERB,0.0,0.0,0.0
2499,4a324a9339570ddcc9ca,ADJF,1.0,0.0,1.0
2499,4a324a9339570ddcc9ca,NOUN,0.5,1.0,-0.5
2499,782d63e8d42153de4765,VERB,1.0,0.0,1.0
2499,cfb24a49bc65e61331f8,NOUN,1.0,1.0,0.0
2499,cfb24a49bc65e61331f8,PREP,1.0,0.0,1.0
2500,3e63d87c3b1e981a6dc3,NOUN,1.0,0.0,1.0
2500,95b277abecbaab80fe83,ADJF,1.0,0.0,1.0
2500,95b277abecbaab80fe83,NOUN,0.75,0.0,0.75
2500,dd56aec31c7acdcb04cf,CONJ,1.0,1.0,0.0
2501,282410283f5ad6627631,NOUN,0.0,0.0,0.0
2501,28b6c32988f4066a948d,NOUN,0.5,0.0,0.5
2502,6d2ee5fd78419790031c,NOUN,1.0,0.0,1.0
2502,905a6ac8d16c81f7a8cf,NOUN,0.5,0.0,0.5
2503,154d63fd632a90866b0e,NOUN,0.5,0.0,0.5
2503,80bf59c142404ea01720,NOUN,0.0,0.0,0.0
2503,8bb64354ba72ade1ce7f,VERB,0.0,1.0,-1.0
2504,bd621d8731e7a2afcc61,PREP,1.0,1.0,0.0
2504,fea22aff8415c44df69c,VERB,0.0,1.0,-1.0
2505,a5accab0a5e9d29a475b,NOUN,1.0,1.0,0.0
2506,56ace374c3a2cbf882ef,NOUN,1.0,0.0,1.0
2506,a280193811bc9ab843d1,NOUN,1.0,0.0,1.0
2506,a280193811bc9ab843d1,VERB,1.0,0.0,1.0
2506,d967edf8fb63b362f330,NOUN,1.0,0.5,0.5
2507,086552726bc4f5ce606e,NOUN,0.6666666666666666,0.0,0.6666666666666666
2507,318fddec49975726c225,NOUN,1.0,0.0,1.0
2507,96c1da59b069ad4d401c,NOUN,1.0,0.0,1.0
2508,21019c64186db6a66f9d,ADJF,1.0,0.0,1.0
2509,2855d3374f49b150948b,NOUN,1.0,1.0,0.0
2509,3696553fbddf0b2a73a4,PREP,1.0,1.0,0.0
2510,1fe0ce67550e9ba37819,NOUN,0.0,0.5,-0.5
2510,29951e6f4dc56a0da53d,ADVB,0.0,1.0,-1.0
2510,c0e8297235627d236950,NOUN,0.0,1.0,-1.0
2512,b3f94dcd410c90aecd71,VERB,0.0,0.0,0.0
2513,e57180f719499af5824a,VERB,1.0,0.0,1.0
2514,5cbbfcd58a86a6f7055c,NOUN,0.5,0.0,0.5
2514,b487a409bd6849a18b9b,NOUN,1.0,1.0,0.0
2514,d1fea2ff5b5022ba6e33,ADJF,1.0,1.0,0.0
2516,07c2994085b477b6ce04,NOUN,0.5,0.0,0.5
2516,2ef19c9dfdb9e5581962,NOUN,0.5,1.0,-0.5
2516,370fe76a3e6d5c4be626,VERB,1.0,0.0,1.0
2517,1cc48f65a1d04675c2ff,NOUN,0.5,0.0,0.5
2517,1cc48f65a1d04675c2ff,PREP,1.0,1.0,0.0
2518,948755a4351f4b79405b,VERB,0.0,1.0,-1.0
2519,a7753f27c172c00703f7,NOUN,0.0,0.0,0.0
2521,5e75559a1d0295c9df65,VERB,1.0,0.0,1.0
2522,53ef3a3763bc1e207b37,NOUN,0.0,0.0,0.0
2523,600d7d9d4f5f15c79446,NOUN,0.0,0.0,0.0
2523,7526c6458cf49745ea62,ADVB,1.0,0.0,1.0
2523,7526c6458cf49745ea62,NPRO,1.0,0.0,1.0
2524,2cceaaa13f76cbef2617,INFN,0.0,1.0,-1.0
2525,e388f0d344073dc3f92d,NOUN,0.0,0.0,0.0
2526,2434bae191ace0539a47,NOUN,0.0,0.0,0.0
2527,1e660e151b0897ae6685,VERB,0.0,1.0,-1.0
2528,398954ddc8e7244594a6,VERB,0.0,0.0,0.0
2528,f1871e59194e0f89d29e,NOUN,0.0,0.0,0.0
2528,f1871e59194e0f89d29e,NPRO,0.0,1.0,-1.0
2529,c757b580c0fbca30ba7f,NOUN,1.0,0.0,1.0
2529,d9a15451396d57b1f316,NOUN,0.5,1.0,-0.5
2530,6b6e0213af556318fb3c,VERB,1.0,0.0,1.0
2530,dca7dfe0eb8193353c73,NOUN,1.0,0.0,1.0
2531,114573d2f34361365e44,NOUN,1.0,1.0,0.0
2531,5d26fcf933ca62545104,NOUN,1.0,1.0,0.0
2531,5d26fcf933ca62545104,VERB,0.0,1.0,-1.0
2531,c02fc80a2a54ed31f590,ADJF,0.0,0.0,0.0
2531,c02fc80a2a54ed31f590,NOUN,1.0,1.0,0.0
2532,196a2a5add2fe5b61b53,NOUN,0.5,0.0,0.5
2532,a5bebeb9a1685b9279d2,PREP,0.0,1.0,-1.0
2533,c10dfee8bc3d711f0ef1,NOUN,0.0,0.0,0.0
2534,9068eec29b716597262d,NOUN,0.6666666666666666,0.0,0.6666666666666666
2534,9068eec29b716597262d,PREP,1.0,1.0,0.0
2534,d75ee318bd1d8a5048d3,PREP,1.0,1.0,0.0
2534,e65ef17625dcf13e0ada,NOUN,1.0,0.0,1.0
2535,f4c2eb06c991e72e10fd,NPRO,1.0,1.0,0.0
2536,16ebb0f74ab823f007c2,NOUN,1.0,1.0,0.0
2536,16ebb0f74ab823f007c2,PREP,1.0,1.0,0.0
2537,2059207a3f864d8e7141,NOUN,1.0,0.0,1.0
2537,6a96ae94c8f85d8fd67b,NOUN,0.0,0.0,0.0
2537,6a96ae94c8f85d8fd67b,PREP,1.0,1.0,0.0
2537,767d858e41695e6776d6,PRTS,0.0,0.0,0.0
2540,9f6aa37ba8292f86acfb,PREP,1.0,1.0,0.0
2541,183b316eb70dcdab3f7d,ADJF,1.0,1.0,0.0
2541,183b316eb70dcdab3f7d,NOUN,0.5,1.0,-0.5
2541,4f23bb9ccf074d4a1512,ADJF,1.0,0.0,1.0
2541,4f23bb9ccf074d4a1512,NOUN,1.0,0.0,1.0
2541,bc56d048b96ba4c2db09,ADJF,1.0,0.0,1.0
2543,f591d5e80dd0bde318ac,PREP,1.0,1.0,0.0
2544,1d4328283b4b36d94de0,NOUN,1.0,0.0,1.0
2544,37bdd0c94bc6f5ddb0f1,NOUN,1.0,0.0,1.0
2545,62adb000960839b674fe,NOUN,1.0,0.0,1.0
2545,b2ad655ff5d9d67c7d7b,ADJF,0.0,0.0,0.0
2546,006b115a97bfd7b73c6d,ADVB,1.0,0.0,1.0
2546,a78ab57d9c2256e27144,NOUN,1.0,1.0,0.0
2546,a78ab57d9c2256e27144,PREP,1.0,1.0,0.0
2547,a887693a70e665c6d110,NOUN,1.0,0.0,1.0
2548,37f0f677a7742d707d27,NOUN,1.0,0.0,1.0
2548,7760b03a2a7b217cef23,NOUN,1.0,1.0,0.0
2549,29f22182be838d195a48,NOUN,0.5,0.0,0.5
2549,2d2303b8f7b1a2d26010,PREP,0.0,1.0,-1.0
2549,65c24681f53cc2449133,NOUN,0.5,0.0,0.5
2550,5c720c3c64806bbdb953,NOUN,1.0,0.0,1.0
2550,849392842474a3274d1a,PREP,1.0,1.0,0.0
2550,dbb00c4e5ff980fadf21,NOUN,1.0,1.0,0.0
2551,062660aeccae411c4b52,PREP,0.0,1.0,-1.0
2551,9c7d28507c321fa2346d,NOUN,0.0,0.0,0.0
2553,606539eafc3bacfe57ab,NOUN,1.0,1.0,0.0
2553,606539eafc3bacfe57ab,VERB,1.0,0.0,1.0
2553,d1e3ca871abef4131d7b,PREP,1.0,1.0,0.0
2554,20a0dc5b402f16e75e2e,NOUN,0.5,0.0,0.5
2554,20a0dc5b402f16e75e2e,VERB,0.5,1.0,-0.5
2554,bab58d0c42d2292b8cdd,CONJ,1.0,1.0,0.0
2554,bab58d0c42d2292b8cdd,NOUN,0.5,0.0,0.5
2555,b68a8ae79343cc5895cc,CONJ,1.0,1.0,0.0
2555,b9eb3941afd313bf14de,NOUN,0.5,1.0,-0.5
2557,027dacdec6f97d2709c3,CONJ,0.0,1.0,-1.0
2558,f1e1ce3592208b112e4c,VERB,0.0,0.0,0.0
2559,9733d2bc52a7008d8fc2,CONJ,1.0,0.0,1.0
2559,9733d2bc52a7008d8fc2,VERB,0.0,0.0,0.0
2560,2680554698bb4023f014,VERB,1.0,0.0,1.0
2561,73de188603d4a514c209,VERB,1.0,1.0,0.0
2561,c6e7b9df7812a9521b10,VERB,1.0,0.0,1.0
2562,5609b0527b619b73a931,CONJ,1.0,1.0,0.0
2562,5609b0527b619b73a931,PRCL,0.0,1.0,-1.0
2563,9f4015d10cae7bda1d95,ADJF,0.0,0.0,0.0
2563,c45ba08ecaf79d6358dc,NOUN,0.5,1.0,-0.5
2563,c45ba08ecaf79d6358dc,PREP,1.0,1.0,0.0
2563,cf2c75cfebe2914ca817,NOUN,1.0,0.0,1.0
2566,fedb0b4e831443018e74,NPRO,1.0,0.0,1.0
2566,feee983bfd090731f931,NOUN,0.3333333333333333,0.0,0.3333333333333333
2566,feee983bfd090731f931,NPRO,1.0,1.0,0.0
2567,afa4e2488f91aaaac7ba,ADJF,1.0,0.0,1.0
2567,afa4e2488f91aaaac7ba,CONJ,1.0,1.0,0.0
2568,42cb646d583cb66c82bf,CONJ,1.0,1.0,0.0
2568,66a05d291759f3390400,NOUN,0.5,1.0,-0.5
2569,1b0c46f8daf24d295622,CONJ,1.0,1.0,0.0
2569,3d768a019eb817d246f6,NOUN,0.5,0.0,0.5
2569,4d0570f49bef4d78daca,NOUN,0.3333333333333333,0.0,0.3333333333333333
2570,63eeeaf0966693effd89,CONJ,1.0,0.0,1.0
2570,63eeeaf0966693effd89,NOUN,0.0,0.0,0.0
2570,8e683e9e0f34ec451a49,CONJ,1.0,0.0,1.0
2571,f02c1cfdecbfc951dc33,NOUN,0.0,0.0,0.0
2572,097257867ec6ea534da4,NOUN,0.5,1.0,-0.5
2572,097257867ec6ea534da4,PREP,1.0,1.0,0.0
2572,857af9b625cd6da32f65,NOUN,1.0,0.0,1.0
2573,344d7660b749ee9f4c82,CONJ,1.0,0.0,1.0
2573,344d7660b749ee9f4c82,VERB,0.0,0.0,0.0
2573,9e80912b0746dda432a5,CONJ,1.0,1.0,0.0
2573,9e80912b0746dda432a5,NOUN,1.0,0.0,1.0
2573,e8164ae086b19af9a0b0,CONJ,1.0,1.0,0.0
2574,98f062f8fac8cab4dba4,CONJ,1.0,1.0,0.0
2574,ca118f272c63b1be9a77,NOUN,0.5,0.0,0.5
2574,de57e9ce4a98f1415dc5,NOUN,0.0,0.0,0.0
2575,0751d2fd7d305c98e503,VERB,0.0,0.0,0.0
2576,b24a34e88798c5ce7ade,NOUN,0.0,0.0,0.0
2578,c601703dad3ae575a4f8,VERB,0.5,0.0,0.5
2578,d63cf97051bc40ae7cb6,VERB,0.0,1.0,-1.0
2579,4c0265028d80ee0d2c71,ADJF,1.0,1.0,0.0
2579,bb3d6a87ef5d25b1c694,NOUN,1.0,0.0,1.0
2580,1dc51683f01f15f5992a,CONJ,1.0,1.0,0.0
2580,f3fa63a4f363ebe6a9e8,NOUN,1.0,0.0,1.0
2580,f3fa63a4f363ebe6a9e8,VERB,1.0,0.0,1.0
2582,bc21531842268fdf5f1f,CONJ,1.0,0.0,1.0
2582,e6ea9dfece391c323fdf,CONJ,1.0,1.0,0.0
2582,efc903728303545aa6a7,VERB,0.0,0.0,0.0
2583,ed1718684cd12a4a0126,CONJ,1.0,1.0,0.0
2584,6e81a67857579f492d7b,NOUN,1.0,0.0,1.0
2584,7afc12ff1f48f604ae7b,ADJF,1.0,0.0,1.0
2585,04845549fd0165ce2065,NOUN,1.0,0.0,1.0
2585,5a62c7ffd20add2e671d,VERB,1.0,0.0,1.0
2586,cd35b2a5a6bcd2838e32,NOUN,0.3333333333333333,0.5,-0.16666666666666669
2587,019f4cee3f83674a024b,NOUN,1.0,0.0,1.0
2588,a9d6c882ab15b8f9a4b2,NOUN,1.0,1.0,0.0
2589,53e17d965f38f8ccf1d7,PREP,1.0,1.0,0.0
2590,23c4b0b80f14226788af,NOUN,1.0,0.0,1.0
2590,b2d3d63d7451d1d0c33f,PREP,1.0,1.0,0.0
2591,98eac19b0e725e08606c,PREP,1.0,1.0,0.0
2591,eb94b252fc46c0926af4,VERB,0.0,0.0,0.0
2592,5fc1ecb7b50da50dec3c,PREP,1.0,1.0,0.0
2592,817409e30b2b1e47c74f,PREP,0.0,1.0,-1.0
2592,b4bf628e9bd52c694ee7,NOUN,1.0,0.0,1.0
2593,07fb2746394c5447bb4c,NOUN,1.0,0.0,1.0
2593,212ad00daca9c810c100,PREP,1.0,1.0,0.0
2593,655c7bca321baa2ae4c2,NOUN,1.0,0.0,1.0
2594,d93e341407697f631d16,NOUN,0.0,0.0,0.0
2594,d93e341407697f631d16,PREP,0.0,1.0,-1.0
2594,df4ad2b6802bd608255d,PREP,0.0,1.0,-1.0
2595,4a5c598ec2dd289dd33f,NOUN,1.0,0.0,1.0
2595,4a5c598ec2dd289dd33f,PREP,1.0,1.0,0.0
2595,bc2f9820316e5cd7c428,NOUN,0.0,0.0,0.0
2596,79456acd5643ddbef740,ADJF,1.0,0.5,0.5
2596,94a83e1b8ec66cb9167b,ADJF,1.0,0.0,1.0
2597,653cd9209349d5ce1d7c,PREP,1.0,1.0,0.0
2597,dea40eb96312a4deaec6,PREP,1.0,1.0,0.0
2597,f35ac7b06d5b751ee85b,NOUN,1.0,0.0,1.0
2598,a5f3cb2be92a19a664dc,PREP,1.0,1.0,0.0
2598,d37aeab24d29ed7ef720,NPRO,1.0,0.0,1.0
2599,0537bd244e16c13717c6,NOUN,1.0,0.0,1.0
2599,0537bd244e16c13717c6,PREP,1.0,1.0,0.0
2599,63e7d436312c772907eb,NOUN,1.0,0.0,1.0
2599,d368b90b611fa246ef37,ADJF,1.0,0.0,1.0
2600,d55a14ba0b06382724a8,PREP,1.0,1.0,0.0
2601,70ff3429ae7ce1833804,NOUN,0.6666666666666666,0.0,0.6666666666666666
2601,70ff3429ae7ce1833804,PREP,1.0,1.0,0.0
2601,e7bf794f26b26dcd3138,NOUN,0.6666666666666666,1.0,-0.33333333333333337
2601,e7bf794f26b26dcd3138,NUMR,1.0,0.0,1.0
2602,9138c025705e506ef63d,NOUN,0.0,0.0,0.0
2603,0cd146556adb29e8a8e2,NOUN,0.0,0.0,0.0
2603,25a966cb6d65eedca8c1,NOUN,0.0,1.0,-1.0
2604,38410cb8404f7590d90d,VERB,1.0,1.0,0.0
2604,f76685f30bc2e481f513,NOUN,1.0,0.0,1.0
2605,6f43f7b831265201efc5,PREP,1.0,1.0,0.0
2605,a20a74ac895be9efa782,NOUN,0.0,1.0,-1.0
2605,dc0d50c8073e4fbf5d84,PREP,1.0,1.0,0.0
2606,3f1b7245c301c4fa2ed4,NOUN,0.5,1.0,-0.5
2606,3f1b7245c301c4fa2ed4,PREP,1.0,1.0,0.0
2607,4d3ef7afd0170775736c,NOUN,0.0,0.0,0.0
2608,a8b6c5c1cc58ffc089f3,VERB,0.0,0.0,0.0
2609,86a350b980c34e0c8710,NOUN,1.0,0.5,0.5
2610,1d6e99ad5196f574ee94,NOUN,0.0,1.0,-1.0
2610,1de562143a60b1e6737a,NOUN,0.0,0.0,0.0
2610,5a352578954998b64f98,NOUN,0.0,1.0,-1.0
2610,5a352578954998b64f98,PREP,1.0,1.0,0.0
2611,34fbc40122cb2cc27964,NOUN,0.0,0.0,0.0
2611,f993f5e2d0b45f383ac3,ADVB,1.0,1.0,0.0
2611,f993f5e2d0b45f383ac3,NOUN,0.0,0.0,0.0
2612,8fd0cc2ba3bf7f6d86d1,INFN,0.0,0.0,0.0
2612,c8beb7a848ec948f3272,NOUN,0.6666666666666666,0.0,0.6666666666666666
2613,f8936ebc5807fa660044,NOUN,1.0,0.0,1.0
2613,f8936ebc5807fa660044,VERB,1.0,0.0,1.0
2614,0321ea5dfb9b83079fb7,NOUN,1.0,0.0,1.0
2614,4bc739a72cf4f3ed26d3,NOUN,1.0,1.0,0.0
2614,4bc739a72cf4f3ed26d3,VERB,1.0,1.0,0.0
2615,3a2790aaeb2211081807,NOUN,1.0,0.0,1.0
2615,b5be4ef31ee3f0c8bf9a,NOUN,1.0,0.0,1.0
2615,b5be4ef31ee3f0c8bf9a,PREP,1.0,1.0,0.0
2615,d7f48376dbbbef024a7a,NOUN,1.0,0.0,1.0
2615,d7f48376dbbbef024a7a,VERB,0.0,0.0,0.0
2616,1173908a9a0833a71a7c,NOUN,1.0,0.0,1.0
2616,655b81d5bbcb1c9f21d6,NOUN,1.0,0.0,1.0
2616,acd6f64e3a8ea3791b5f,ADJF,1.0,1.0,0.0
2616,acd6f64e3a8ea3791b5f,NOUN,1.0,0.0,1.0
2618,2b194d833112326087ed,NOUN,1.0,1.0,0.0
2618,637859e95658812f399c,NOUN,1.0,0.0,1.0
2618,b0980ca33cd42092d00b,NOUN,1.0,1.0,0.0
2619,8f00cc025e526ef921ac,ADJF,1.0,0.0,1.0
2619,a243ca1ceac994c7e988,NOUN,1.0,1.0,0.0
2619,e499ca899052a9a1b0b0,ADJF,1.0,1.0,0.0
2619,e499ca899052a9a1b0b0,NOUN,1.0,0.0,1.0
2620,3005ff499de392251a2f,NPRO,1.0,1.0,0.0
2620,c5a79523850d7b7f820a,PREP,1.0,1.0,0.0
2620,c6a127c7ce19cb816846,PREP,1.0,0.0,1.0
2623,6ce4dc62c465773cc407,CONJ,1.0,1.0,0.0
2623,6ce4dc62c465773cc407,VERB,1.0,1.0,0.0
2623,c3200749554e6ae466df,NOUN,1.0,0.0,1.0
2623,cfb70a1db1445e20cdf5,NOUN,1.0,0.0,1.0
2624,2177fda5958a9c000090,CONJ,1.0,1.0,0.0
2625,dd954d2240a787eb4657,CONJ,1.0,0.0,1.0
2626,f8749f2c2ff7db9a001a,VERB,0.0,1.0,-1.0
2627,de0e9bcf497d48a3200a,PREP,1.0,1.0,0.0
2627,ec765a599019f9c39f6f,NOUN,1.0,0.0,1.0
2627,f01338c260cedd5ead52,NOUN,1.0,0.0,1.0
2628,42232c46c7aeadf8466d,PREP,1.0,1.0,0.0
2628,7e60d874842348605aa4,VERB,1.0,0.0,1.0
2629,3a760da5f9f69be4299e,ADJF,1.0,0.0,1.0
2629,3a760da5f9f69be4299e,NOUN,1.0,0.0,1.0
2629,6729d2d1b1707a65014d,NOUN,1.0,1.0,0.0
2629,c16a6d29d7d58f40535c,NOUN,1.0,0.0,1.0
2630,271c0fe0f6a620150870,ADJF,1.0,1.0,0.0
2630,7d7cae2332a43611716b,ADJF,1.0,1.0,0.0
2630,bee90951d56431ca6a36,VERB,0.0,1.0,-1.0
2631,2a90456c5d095c974d11,VERB,1.0,0.5,0.5
2631,fdf2aae07d62945290c7,PREP,0.0,1.0,-1.0
2633,0aefa96e70bc96d2013d,NOUN,0.0,1.0,-1.0
2633,ff8935ed6f5ae3f86a85,VERB,1.0,1.0,0.0
2634,54654a1eca9a684537b0,VERB,0.0,0.0,0.0
2634,978838b87229c7c3e532,PREP,1.0,1.0,0.0
2634,ed31af0a7e39fb675f3e,NOUN,0.0,1.0,-1.0
2635,55256a02eb7fb14cac95,PREP,1.0,1.0,0.0
2635,d49337cc92c0183e9880,NOUN,0.0,0.0,0.0
2635,d49337cc92c0183e9880,PREP,1.0,1.0,0.0
2636,0ea6babe031e50b710b3,NOUN,1.0,0.0,1.0
2636,8380dfc05c2389ead940,NOUN,0.6666666666666666,1.0,-0.33333333333333337
2637,0247efca9ec0c5bb8032,PREP,1.0,1.0,0.0
2638,7ebeafd7af592c0266fc,NOUN,1.0,1.0,0.0
2638,88b426b2f8cc03932f16,VERB,1.0,0.0,1.0
2639,33b369ed9f58e40483e2,NOUN,1.0,0.0,1.0
2639,afe631c0237d967e78c6,NOUN,0.0,0.0,0.0
2639,afe631c0237d967e78c6,PREP,1.0,1.0,0.0
2639,b7408f4c465848881917,PREP,1.0,1.0,0.0
2639,cbabbfb485db44ca980c,INFN,1.0,1.0,0.0
2639,cbabbfb485db44ca980c,NOUN,0.0,0.0,0.0
2640,82c1d0df43f6bc8470a4,VERB,0.0,0.0,0.0
2640,899baab0ecd508d74660,NOUN,0.0,0.0,0.0
2642,a5729ad45124f818d179,VERB,1.0,1.0,0.0
2642,cc61664a778bf794d0e7,NOUN,1.0,0.0,1.0
2643,196a1bc364c739cae887,NOUN,1.0,1.0,0.0
2643,e7bc9135aac8b02abfdf,PREP,1.0,1.0,0.0
2644,7099e030621cc74e7847,NOUN,1.0,1.0,0.0
2644,cd4090cbe17903204e8d,ADJF,1.0,1.0,0.0
2644,fd206664421d40fafb36,ADJF,1.0,1.0,0.0
2645,97c21e1368bd89d07e42,ADJF,1.0,1.0,0.0
2645,cae4d22342f6e97430a6,PREP,1.0,1.0,0.0
2645,e3923cebe22b352386aa,NOUN,1.0,0.5,0.5
2646,3d0a5f104edc32731c83,NOUN,0.0,0.0,0.0
2646,3d0a5f104edc32731c83,VERB,1.0,0.0,1.0
2646,5bcdc7446c790ddbc131,NOUN,1.0,0.0,1.0
2647,c1fe8ed5c3b1c7f992e3,INFN,0.0,1.0,-1.0
2647,ea0db279a7374dff7495,NOUN,0.75,1.0,-0.25
2647,ea0db279a7374dff7495,PREP,1.0,1.0,0.0
2647,f2cdf1ed006eb76f13a8,VERB,0.0,0.5,-0.5
2648,2360d009c143c3cd8299,ADJF,1.0,0.5,0.5
2648,6dcb54e45edd9b0b4b27,NOUN,1.0,1.0,0.0
2648,6dcb54e45edd9b0b4b27,PREP,1.0,1.0,0.0
2648,7b8be0d696d1bab608fa,NOUN,1.0,1.0,0.0
2648,7b8be0d696d1bab608fa,PREP,1.0,1.0,0.0
2649,4b540a94b12b32acf3a4,PREP,1.0,1.0,0.0
2650,ccfd5ed2399511c59598,ADJF,1.0,0.0,1.0
2650,ccfd5ed2399511c59598,PREP,1.0,1.0,0.0
2650,ec7fdb6657b17de5aa64,ADJF,1.0,1.0,0.0
2650,ec7fdb6657b17de5aa64,CONJ,1.0,0.0,1.0
2651,04552c2e45516f48ba5c,NOUN,1.0,0.5,0.5
2651,fdbb3d2bdd0753c7c33c,ADJF,1.0,1.0,0.0
2652,49432af0559284183777,NOUN,0.5,1.0,-0.5
2652,cd8393d007dc50352c28,ADJF,0.0,0.0,0.0
2652,cd8393d007dc50352c28,NOUN,0.5,0.0,0.5
2653,b0221480d8576ede44a0,INFN,0.0,0.0,0.0
2653,e38cd7c546ab90c3dd0c,VERB,1.0,1.0,0.0
2653,ff958b624cdc31c65d3f,NOUN,1.0,0.5,0.5
2654,246a95fc71677a98208e,NOUN,0.5,1.0,-0.5
2654,39fccbb439ba5f076f98,PREP,1.0,1.0,0.0
2654,7eb64e7161e996a983f8,NOUN,0.0,0.0,0.0
2655,6422786f2758be57180a,PREP,1.0,1.0,0.0
2655,e7d02efb42d06b820ba5,NOUN,1.0,1.0,0.0
2655,e7d02efb42d06b820ba5,PREP,1.0,1.0,0.0
2657,3563ead9765b56dab95c,NOUN,1.0,0.0,1.0
2657,383af98dcaab85aff59e,PREP,1.0,1.0,0.0
2658,61182c2d4d0dc39d60bc,NOUN,0.5,0.5,0.0
2658,95aef922a2cf7fec73a2,VERB,0.0,1.0,-1.0
2659,3616b0a0cfe7758b3775,INFN,1.0,1.0,0.0
2659,f64b76949bb936853b84,ADJF,1.0,0.0,1.0
2659,f64b76949bb936853b84,NOUN,1.0,0.0,1.0
2660,18b0b5bb6d586ceebfd4,NOUN,1.0,1.0,0.0
2660,1f308a4399d41ee7390d,ADJF,1.0,0.0,1.0
2660,1f308a4399d41ee7390d,NOUN,1.0,0.0,1.0
2661,897ae5dff542c8338557,NOUN,1.0,0.5,0.5
2661,fe2e0a32376cdc5d8d5d,NOUN,0.0,1.0,-1.0
2662,9669e6f27f4dcf9d57a8,NOUN,0.0,1.0,-1.0
2662,e615dfd994e2cf8f7946,NOUN,0.0,0.0,0.0
2663,b52e7b651e3b73e9b152,NOUN,0.0,0.0,0.0
2664,5df5ba397b51769b46da,NOUN,1.0,1.0,0.0
2664,e65945846cf4cdd65850,NOUN,1.0,0.0,1.0
2665,9ad85d227ccbabe0a32b,NOUN,1.0,0.0,1.0
2665,9ad85d227ccbabe0a32b,PREP,1.0,0.0,1.0
2665,d763e54f89792d109308,NOUN,1.0,0.0,1.0
2666,1839702307451b74d271,ADJF,1.0,1.0,0.0
2666,1839702307451b74d271,NOUN,1.0,0.0,1.0
2666,681341db7cb3a8d1094a,ADJF,0.0,1.0,-1.0
2666,681341db7cb3a8d1094a,NOUN,0.0,0.0,0.0
2666,aa2f3dcb3abb91b16477,NOUN,1.0,0.0,1.0
2666,aa2f3dcb3abb91b16477,PREP,1.0,1.0,0.0
2667,451894fb7d18edbf354a,NOUN,0.5,1.0,-0.5
2667,61ec18267c17a2333253,VERB,0.0,0.5,-0.5
2667,86adb6dc94a479369ba7,NOUN,0.0,0.5,-0.5
2668,62111b5ebf6293f547ec,NOUN,0.0,1.0,-1.0
2668,94ae89366c0cc3423bd8,NOUN,0.3333333333333333,0.0,0.3333333333333333
2669,402cde6fa6ca96578225,NOUN,0.0,0.0,0.0
2669,9b698ac359d3d3716d74,NOUN,0.0,0.0,0.0
2670,08fc78c32da49b3aa4ad,NOUN,0.0,0.0,0.0
2670,08fc78c32da49b3aa4ad,PREP,1.0,1.0,0.0
2670,1ed9271d011768ed7e47,VERB,1.0,1.0,0.0
2671,59e9c14fa28f0abf58b1,PREP,1.0,1.0,0.0
2673,abc0e0388da199fdf780,ADJF,1.0,0.0,1.0
2673,b2b5c8e0f571bd561b99,PREP,1.0,1.0,0.0
2673,ee874780bfbf4662668e,NOUN,0.5,0.0,0.5
2674,02da029f397f3b4da448,VERB,1.0,1.0,0.0
2675,70dff339106bfc8473d8,ADJF,1.0,1.0,0.0
2675,70dff339106bfc8473d8,PREP,1.0,1.0,0.0
2675,a9798465f9a263999f68,NOUN,1.0,1.0,0.0
2676,76b901f114895b895aea,PREP,1.0,1.0,0.0
2676,c96a273f6271c892dc1d,NPRO,0.0,0.5,-0.5
2676,eeca32bd2783710d2b58,ADJF,1.0,0.0,1.0
2676,eeca32bd2783710d2b58,VERB,0.0,1.0,-1.0
2677,21f3195430f28058fc60,NOUN,0.0,1.0,-1.0
2678,7b929d015adae8bfb097,PREP,1.0,1.0,0.0
2678,9fe6e29c37c4152bb743,VERB,1.0,0.0,1.0
2679,2cd177b61c0e1ea722ed,NOUN,1.0,1.0,0.0
2680,50ee43c96652708d4356,VERB,1.0,0.0,1.0
2680,86d6f91f9f107426acac,NOUN,1.0,1.0,0.0
2681,3560300db5306c19900c,NOUN,0.5,0.0,0.5
2681,43f94fd11391f84af30e,NOUN,0.5,1.0,-0.5
2681,43f94fd11391f84af30e,PREP,1.0,1.0,0.0
2682,364a52ef3effb6ee2869,VERB,0.0,0.5,-0.5
2682,50ca1122657fbe3e8fd8,NOUN,0.0,0.0,0.0
2683,712dcb3d268e105f3983,PRCL,1.0,0.0,1.0
2683,b9f44a764c88c070c6b2,NOUN,0.6666666666666666,0.0,0.6666666666666666
2684,cda441e1622df2d6c7d7,PREP,1.0,1.0,0.0
2684,d6ada503af9e419c0cdf,NOUN,0.0,1.0,-1.0
2684,edf293939bdb93467c3c,NOUN,0.0,0.0,0.0
2686,65e85ace90c880699533,NOUN,0.6666666666666666,1.0,-0.33333333333333337
2686,6e4d7760475d88c179b1,NOUN,0.5,1.0,-0.5
2687,b10a37de4d5ee11630b6,NOUN,0.0,1.0,-1.0
2687,bdc2a50f00e40c726c02,NOUN,0.0,0.5,-0.5
2688,0158556f176680e9a150,NOUN,0.0,0.0,0.0
2688,56925dc22eab8126220f,INFN,0.0,0.0,0.0
2688,7f09115cd308bd488aaa,NOUN,0.0,0.0,0.0
2690,2f67748533d828a3799f,NOUN,0.0,1.0,-1.0
2690,7370586b60c207f7a731,PREP,1.0,1.0,0.0
2691,78a94afb2e84bcf4b18e,NOUN,1.0,1.0,0.0
2691,fecbf0dd71890f35c0e2,NOUN,0.5,0.0,0.5
2692,21e48fe2d1ba9d20b404,NOUN,1.0,0.0,1.0
2692,8d35d7d2f8dae36f7a6d,INFN,1.0,1.0,0.0
2692,8d35d7d2f8dae36f7a6d,NOUN,0.5,1.0,-0.5
2693,c30aa591bb0afe62cd46,NUMR,0.0,0.0,0.0
2693,d631faaed44d6efd71ee,PREP,1.0,0.0,1.0
2694,31536e5183aca47c222a,PREP,1.0,1.0,0.0
2695,fbf68fcf710d3329126f,VERB,0.0,0.0,0.0
2696,12e4eccccd27c2542aa7,VERB,0.0,0.5,-0.5
2696,1a26c4eb0520f4cfc331,ADJF,0.0,0.0,0.0
2696,1a26c4eb0520f4cfc331,NOUN,1.0,1.0,0.0
2696,f33ad56a5cd9939a0dbc,NOUN,1.0,0.0,1.0
2698,12074c11883e4769699a,ADJF,1.0,1.0,0.0
2698,fb90ee9b8e7de7360b5b,NOUN,0.6666666666666666,0.0,0.6666666666666666
2699,81ba81e25fc069ed624b,NOUN,1.0,0.0,1.0
2699,b201d7cadbabf10eb5d5,CONJ,1.0,0.0,1.0
2699,b201d7cadbabf10eb5d5,NOUN,0.0,0.0,0.0
2699,d7f9992ea0927813435d,NOUN,1.0,0.0,1.0
2699,d7f9992ea0927813435d,VERB,0.0,1.0,-1.0
2700,292198b997946b564f2b,ADJF,0.0,0.0,0.0
2700,2b9e9f5d45d4ac800987,NOUN,0.5,0.0,0.5
2702,68b4f4aba8e960a54d56,ADJF,0.0,1.0,-1.0
2702,68b4f4aba8e960a54d56,VERB,1.0,1.0,0.0
2702,7a804cabe6b016d7aac2,NOUN,1.0,0.0,1.0
2702,7a804cabe6b016d7aac2,PREP,1.0,1.0,0.0
2702,a06583cf15933cb3b17e,NOUN,0.6666666666666666,0.0,0.6666666666666666
2702,a06583cf15933cb3b17e,PREP,1.0,1.0,0.0
2703,164a0ef104e10de00c79,NOUN,0.5,1.0,-0.5
2703,164a0ef104e10de00c79,PREP,1.0,1.0,0.0
2703,76c87564f9ff8425cb98,ADVB,0.0,0.5,-0.5
2704,5ea4c259b87bf7c7f4e4,VERB,0.0,1.0,-1.0
2704,e5a3eec565496aeeca3f,ADJF,0.0,1.0,-1.0
2704,e5a3eec565496aeeca3f,NOUN,0.0,0.0,0.0
2705,c1aad85c07f80dbce362,NOUN,0.5,0.0,0.5
2705,c1aad85c07f80dbce362,PREP,1.0,1.0,0.0
2705,cbc2649bd7d7be61fb25,NPRO,1.0,1.0,0.0
2706,06c7dc3fd8a1a0bf96ce,NOUN,1.0,1.0,0.0
2706,9582f61af60c9694074d,NOUN,1.0,1.0,0.0
2706,9582f61af60c9694074d,PREP,1.0,1.0,0.0
2707,be59775e663f6bda07ea,VERB,0.0,1.0,-1.0
2707,fb94f0bae32c6267268a,PREP,1.0,1.0,0.0
2708,a4018053c60248fd05b8,NOUN,0.0,0.0,0.0
2708,c7d9c8d30351b74447b7,NOUN,0.0,0.0,0.0
2708,d2ee797423225cd8ee99,NOUN,0.0,0.0,0.0
2709,89332ef1f7a09691ba32,NOUN,1.0,0.0,1.0
2710,255b5d2a023eafa9d1b2,NOUN,0.0,0.0,0.0
2710,6da2c7074192c0ac9593,NOUN,0.0,0.5,-0.5
2711,718975ff44907b4b8a6c,NOUN,0.8333333333333334,0.0,0.8333333333333334
2711,aafeefb9c40de97b1290,NOUN,1.0,0.0,1.0
2712,2856addabc9bd4a02a0d,NOUN,1.0,1.0,0.0
2712,73ef31ac4d8c1cd68c99,NOUN,1.0,1.0,0.0
2712,73ef31ac4d8c1cd68c99,PREP,1.0,1.0,0.0
2712,d6935337a893608f3bcf,NOUN,1.0,0.0,1.0
2713,c2da30dff0b7dfd7dd23,NOUN,0.0,0.5,-0.5
2713,e5d9fa768088eadb319e,VERB,0.0,1.0,-1.0
2714,3c61372fcc5ca1fe40dc,NOUN,0.0,0.0,0.0
2714,71a0d55ca8b2f464970d,ADJF,0.0,0.0,0.0
2714,b804d3484868ae0b54ac,ADJF,0.0,0.0,0.0
2715,5286070766b138a1e818,PREP,1.0,1.0,0.0
2715,592443ef36153f42522a,PREP,1.0,1.0,0.0
2716,1110b715e7ba22b43c85,NOUN,0.0,0.0,0.0
2716,6ea8042c6de60433d51a,PREP,1.0,1.0,0.0
2716,8428aa04e71fbf238232,PREP,1.0,1.0,0.0
2716,8428aa04e71fbf238232,VERB,0.0,0.0,0.0
2717,97a6d9ce96fae566f347,NOUN,0.5,0.0,0.5
2717,e70c6588519b838c7924,NOUN,1.0,1.0,0.0
2717,e70c6588519b838c7924,PREP,1.0,1.0,0.0
2718,4f9b2adfc5c4ca9f7f95,VERB,0.0,1.0,-1.0
2718,5b88231a6f105c0349c0,NOUN,1.0,0.0,1.0
2719,85e38fdfe04b2dd587cc,NOUN,0.3333333333333333,0.0,0.3333333333333333
2719,f06451abbd88f1174195,NOUN,0.5,1.0,-0.5
2720,45aa8c70738d41712974,NOUN,0.0,0.0,0.0
2720,d44b631b11fd328706b7,VERB,0.0,0.0,0.0
2721,22fd7f8380104f1a167e,NOUN,0.0,0.5,-0.5
2723,d27a7e1a227ffac40fb6,NOUN,1.0,0.0,1.0
2724,c07af1eefaeab07b666d,PREP,1.0,1.0,0.0
2724,c07af1eefaeab07b666d,VERB,1.0,1.0,0.0
2724,f39c48f69066c9d15410,NPRO,1.0,1.0,0.0
2725,65a2b742ab7ffc008023,VERB,1.0,1.0,0.0
2725,89901418f829e3e90a93,NPRO,1.0,1.0,0.0
2725,e541b25bc89e0b46d4e4,PREP,1.0,1.0,0.0
2726,8e0bda181cd956659de2,ADJF,1.0,0.0,1.0
2726,8e0bda181cd956659de2,NOUN,1.0,0.0,1.0
2726,cc1a19af6297dd98171c,PREP,1.0,1.0,0.0
2727,939cf7263652edd7f006,NOUN,1.0,1.0,0.0
2727,9b2c085ad71dfa7cda15,NOUN,0.0,0.5,-0.5
2728,4264807dd55fd8acca86,CONJ,1.0,1.0,0.0
2728,4264807dd55fd8acca86,VERB,1.0,0.0,1.0
2728,432dac89039c31292886,NOUN,0.0,0.0,0.0
2728,432dac89039c31292886,PREP,1.0,1.0,0.0
2728,ec253b100a21151ae903,NOUN,0.75,0.0,0.75
2728,ec253b100a21151ae903,PREP,1.0,1.0,0.0
2729,42afacd0998b11c81e48,ADJF,0.0,1.0,-1.0
2729,6c79937a70c45edb37e4,NOUN,1.0,1.0,0.0
2730,efbbffe78ae01cdceecf,PREP,1.0,1.0,0.0
2731,7d4ab121e5d551f6b01a,NOUN,1.0,0.0,1.0
2731,ac0da060a17127c74477,NOUN,1.0,0.0,1.0
2732,0d9867c5b23836ddb1e9,PREP,1.0,1.0,0.0
2732,0d9867c5b23836ddb1e9,VERB,0.0,0.0,0.0
2732,6ef2639aa44361755a33,PREP,1.0,1.0,0.0
2733,428b3db04f45d89f87f3,ADJF,1.0,1.0,0.0
2733,428b3db04f45d89f87f3,NOUN,0.0,0.0,0.0
2733,82638e4ba03d0b26ad1f,VERB,0.0,0.0,0.0
2733,d781edb557c4580476fb,ADJF,1.0,0.0,1.0
2734,4201a0c05ef2b64347aa,NOUN,1.0,0.0,1.0
2734,76ac2b32874858f30234,NOUN,0.0,0.0,0.0
2735,09eb25a1245ea71d833d,NOUN,0.3333333333333333,0.0,0.3333333333333333
2735,458f140fec49f9659c1d,PREP,1.0,1.0,0.0
2736,c4fa31c15cc6ba46a91a,ADVB,0.0,1.0,-1.0
2737,7aad076843603176b56f,NOUN,0.0,0.0,0.0
2737,8c004eca767bf19a2909,NOUN,0.5,1.0,-0.5
2738,6a9c466862feeac2d7dc,PRCL,1.0,1.0,0.0
2738,d5bdece382c0d0dcd754,NOUN,1.0,1.0,0.0
2738,f7c775785e2c4843f1c0,NOUN,0.5,1.0,-0.5
2739,aca6e7741b76e9f85be1,PRCL,1.0,1.0,0.0
2740,7993bc0eed2334a1e769,ADJF,0.0,0.0,0.0
2740,be9e901063124ef2e449,NPRO,0.0,1.0,-1.0
2741,543d283c3a401bb3718e,NPRO,0.0,1.0,-1.0
2741,f84352a81591ea3a471a,NOUN,0.0,0.0,0.0
2742,67008f4ed10345eecd4a,NOUN,0.6666666666666666,1.0,-0.33333333333333337
2744,b240f179d8af4ecb2d55,NPRO,0.0,1.0,-1.0
2744,de61a05975b040f7e08e,NPRO,1.0,1.0,0.0
2745,1576605176900bd15dee,NOUN,0.5,0.0,0.5
2745,e07f3d4ce7fd31699448,PRCL,1.0,1.0,0.0
2746,b3e993c572ccb691ca56,NOUN,1.0,0.0,1.0
2746,d9a8045e614ceaead292,NOUN,1.0,0.5,0.5
2747,3e7f3f28c19272f80936,NOUN,1.0,0.0,1.0
2747,f0730f33d08609c6b39b,PREP,1.0,1.0,0.0
2748,d436478fe7d5409a0cc5,NOUN,0.5,0.0,0.5
2749,ad98b372c8443d0f2a81,VERB,0.0,1.0,-1.0
2749,fbfe6c1a595af31b6923,NOUN,0.0,0.5,-0.5
2750,7e98957a241f766dd704,NOUN,0.0,1.0,-1.0
2751,5de6cb0e1faa850c5dab,PREP,1.0,1.0,0.0
2751,a77cf53445205fbcff18,NPRO,1.0,1.0,0.0
2752,be42d99fb41994ff87c4,NOUN,0.3333333333333333,0.0,0.3333333333333333
2752,e049923e4b680fb0b978,ADJF,0.0,0.0,0.0
2753,34c48caa7ec7560784d2,NOUN,0.75,0.0,0.75
2753,b0ecc0bb55fa703a588a,NOUN,0.0,0.0,0.0
2754,ba05b99bda090af8601b,ADVB,1.0,0.0,1.0
2754,ba05b99bda090af8601b,NOUN,1.0,1.0,0.0
2754,f57979bdf9a7a9229cf8,NOUN,1.0,0.0,1.0
2754,f57979bdf9a7a9229cf8,VERB,0.0,1.0,-1.0
2755,e37de65609b22410b47b,GRND,1.0,0.0,1.0
2756,5419b60bc2ec558d9748,PREP,1.0,1.0,0.0
2756,548e46f3b35db74aa026,NPRO,1.0,1.0,0.0
2757,f0df9b1b542b6ff42329,NPRO,0.0,0.0,0.0
2759,371261eff6156a5df72e,NOUN,1.0,0.0,1.0
2759,371261eff6156a5df72e,VERB,1.0,1.0,0.0
2759,6b64f77aa21356b3066e,VERB,0.0,0.0,0.0
2759,e7356d0eb7927a607ec2,NOUN,1.0,0.0,1.0
2759,e7356d0eb7927a607ec2,PREP,1.0,1.0,0.0
2761,3c1ed7f8c6626efb174e,NOUN,0.0,0.0,0.0
2761,7132111294638e00ce29,NOUN,0.0,0.0,0.0
2762,550eee9c9919a9ae0e46,PRCL,1.0,1.0,0.0
2762,c4ea68903eb86731dc6b,PRCL,1.0,0.0,1.0
2762,d82604e936d8ae5daf9f,ADJF,0.5,1.0,-0.5
2763,0318c8a1a2fb4686f31e,NOUN,1.0,0.0,1.0
2763,ddf5387c4a8bf9c6c4f4,PREP,1.0,1.0,0.0
2763,e6553a8e541209379b31,NOUN,0.6666666666666666,0.0,0.6666666666666666
2763,e6553a8e541209379b31,PREP,1.0,1.0,0.0
2764,0804fd1c171cc6853e46,ADJF,0.5,1.0,-0.5
2764,f18dbf90dc54c8e082f6,ADJF,0.0,1.0,-1.0
2764,f18dbf90dc54c8e082f6,NOUN,0.6666666666666666,1.0,-0.33333333333333337
2765,7830132aee6bfb563321,VERB,0.0,0.0,0.0
2765,e0f8d0fcc129a2f3c6b0,NOUN,0.0,0.0,0.0
2766,5f77a358277513e766b8,NOUN,1.0,0.0,1.0
2766,699a186c570e170a5c64,PREP,1.0,1.0,0.0
2766,6befe06dab305d5d6fc7,PREP,1.0,0.5,0.5
2767,1d0b830a039708e5be1c,VERB,1.0,1.0,0.0
2768,28bcf17c4431d04286c9,NOUN,0.0,0.0,0.0
2768,7923429e88ab70b1a3b7,NOUN,1.0,1.0,0.0
2768,92f41a5384c757755497,VERB,0.0,0.0,0.0
2769,ccbc91df1cf6c8aa8b08,NOUN,1.0,0.0,1.0
2769,d2007f089d72e69d8c2a,NOUN,1.0,0.0,1.0
2770,269ba11c8630651a7f72,ADJF,1.0,0.0,1.0
2770,269ba11c8630651a7f72,NOUN,0.0,0.0,0.0
2770,9036d05e84b2dd737397,ADJF,1.0,1.0,0.0
2770,9036d05e84b2dd737397,NOUN,0.75,0.0,0.75
2771,1d7f2f70e0198bba74a2,VERB,1.0,1.0,0.0
2771,2aba3b52a02054f7bd6c,VERB,1.0,0.0,1.0
2772,7a3ccae137f75c25f0aa,NOUN,1.0,1.0,0.0
2772,d84764cbd044bd637a52,NOUN,0.5,0.0,0.5
2773,a489ab093acfdc4f7192,PREP,1.0,1.0,0.0
2773,acb36556328c6bafe145,PREP,1.0,1.0,0.0
2773,acb36556328c6bafe145,VERB,0.0,0.0,0.0
2773,f61387d56f0b7dea8e4f,PREP,0.0,1.0,-1.0
2774,89ce0ff0c633765c0af0,NOUN,1.0,1.0,0.0
2774,89ce0ff0c633765c0af0,PREP,1.0,1.0,0.0
2774,9b0ae34c5d12e87d7c41,ADJF,1.0,1.0,0.0
2774,9b0ae34c5d12e87d7c41,PREP,0.6666666666666666,1.0,-0.33333333333333337
2775,6b23a0e218721aa5700d,NOUN,1.0,1.0,0.0
2775,989087e28bd58cc77512,VERB,1.0,0.0,1.0
2776,0a4cf5082cbaf6d5c967,PREP,1.0,1.0,0.0
2776,d03ed05e6145d32989f5,NOUN,0.25,1.0,-0.75
2777,051a61dca8590d2a79e8,NOUN,1.0,1.0,0.0
2777,632f6ce309b11b6f5d41,NPRO,1.0,1.0,0.0
2777,d08d237f512f9a1bfbcf,NOUN,1.0,0.0,1.0
2778,4703fe5c1c57a660f450,PREP,1.0,1.0,0.0
2778,cbe30607328b72f33219,NOUN,1.0,0.0,1.0
2779,5e82ee30f86ba2be4cb8,NOUN,1.0,1.0,0.0
2780,4e2242f03e5f8ca240c5,NOUN,0.0,0.0,0.0
2781,c0c0ab7707e1721aee83,NOUN,0.5,0.0,0.5
2783,393609c798faab56bce4,NOUN,0.5,1.0,-0.5
2783,856a9608c641c24941eb,VERB,0.0,0.0,0.0
2783,d2dbd76dd640017a5d37,NOUN,0.0,1.0,-1.0
2784,8af860c04aa966cae50d,NPRO,1.0,1.0,0.0
2785,2be225b8bac989dca30e,NOUN,1.0,1.0,0.0
2785,2be225b8bac989dca30e,PREP,1.0,1.0,0.0
2785,a51802479997408ab1c3,NOUN,1.0,0.0,1.0
2785,a51802479997408ab1c3,PREP,1.0,1.0,0.0
2785,ec2098f8cebd851d42ce,NOUN,1.0,1.0,0.0
2786,3d90409d56e29f2a0432,VERB,0.0,0.5,-0.5
2786,7cc50f46dc6bdc71afff,NOUN,0.0,0.0,0.0
2787,28a19deea4c5b09f233e,NOUN,1.0,0.0,1.0
2787,738fcd4c95fdc42e16d9,VERB,1.0,1.0,0.0
2787,8c3f3fe2e6f4f430aabb,VERB,1.0,0.0,1.0
2788,0cf3c0df47ec54920cf1,NOUN,0.5,1.0,-0.5
2788,a9c926421e37c8599465,NOUN,1.0,0.0,1.0
2788,dc1f1a5c9ed27d69cbcb,NOUN,1.0,1.0,0.0
2788,dc1f1a5c9ed27d69cbcb,PREP,1.0,1.0,0.0
2789,77071317b57175a815dc,NOUN,0.5,0.0,0.5
2789,e2514becb914231c1b44,NOUN,1.0,0.0,1.0
2790,57f10eba825feb381f3d,NOUN,0.5,1.0,-0.5
2790,763aa5108c54ffb5b6c9,VERB,0.0,1.0,-1.0
2791,94ccdf2075853076a6c6,NOUN,1.0,0.0,1.0
2791,d9f0355283f6421b244f,NOUN,0.0,0.0,0.0
2792,7b71d76ffd28bc03c9b9,NOUN,0.5,1.0,-0.5
2792,7b71d76ffd28bc03c9b9,PREP,1.0,1.0,0.0
2792,cb243f205fab4fdb912b,VERB,1.0,1.0,0.0
2793,47b5a26e67a677f2d90c,NOUN,0.5,0.0,0.5
2794,673db550c25f3b831080,PREP,1.0,1.0,0.0
2794,d8f52aeb41cd9984221c,NOUN,1.0,0.0,1.0
2795,5d897603d24d123e8d95,VERB,1.0,1.0,0.0
2796,1d30616d06c7c23a175b,PREP,0.5,1.0,-0.5
2796,1d30616d06c7c23a175b,VERB,0.0,1.0,-1.0
2796,f26cdce6b0ed48db34a0,NOUN,1.0,1.0,0.0
2797,9b7bc0679cb9c261cbf6,PREP,1.0,1.0,0.0
2797,a695d766dd3028018089,NOUN,0.3333333333333333,0.0,0.3333333333333333
2797,b1aa91a8144f557e64a1,NOUN,0.0,1.0,-1.0
2797,b1aa91a8144f557e64a1,PREP,1.0,1.0,0.0
2798,6584d89b6aa1a61cc7fa,PREP,1.0,1.0,0.0
2798,7082e19c27786081a03f,NOUN,1.0,0.0,1.0
2799,11ac55b71542c67c7c4f,INFN,0.0,0.0,0.0
2799,8a68d4cd70ce1ddf2292,NOUN,0.0,0.0,0.0
2799,ca4394043199d9766748,NOUN,0.0,0.5,-0.5
2800,20a71d88c0a61a871614,NOUN,0.0,0.0,0.0
2800,4e1a0a5ee61c4bc82c6f,CONJ,1.0,1.0,0.0
2800,4e1a0a5ee61c4bc82c6f,NOUN,0.75,0.0,0.75
2800,e8b2dafe2c515f395b38,ADJF,1.0,1.0,0.0
2801,190f6adbee0099bba2ed,NOUN,1.0,1.0,0.0
2801,3dc3c700f209cce028d2,PREP,1.0,1.0,0.0
2802,7d0fa20c1c4c943cb98a,NOUN,0.0,1.0,-1.0
2802,a8c6d8a2b98cb38b091a,VERB,1.0,0.0,1.0
2802,edc9d1a86036ae169c81,NOUN,0.0,1.0,-1.0
2802,edc9d1a86036ae169c81,PREP,1.0,1.0,0.0
2803,13dd8ac659bee9ea9d9a,NOUN,1.0,1.0,0.0
2803,300e2486d8706db595f8,ADJF,0.0,1.0,-1.0
2804,14765c9defd7676bd1ae,NOUN,1.0,1.0,0.0
2804,995be8e1c91c8a09d9f2,NOUN,0.5,1.0,-0.5
2804,995be8e1c91c8a09d9f2,VERB,0.0,0.0,0.0
2804,eebedf23d997ad232892,VERB,1.0,1.0,0.0
2805,986dbd68729c9e15e84d,NOUN,1.0,0.0,1.0
2805,9913bd0a63598ae0bd47,NOUN,0.5,0.0,0.5
2806,341728d0b6799d5bdb76,NOUN,1.0,0.0,1.0
2806,baf86a8fab54a6fb2480,NOUN,1.0,0.0,1.0
2807,44ef68bc51c51aa1f64c,NOUN,1.0,1.0,0.0
2807,44ef68bc51c51aa1f64c,PREP,1.0,1.0,0.0
2808,2ef3dcdd0c676a2b4ca1,NOUN,0.0,0.0,0.0
2808,2ef3dcdd0c676a2b4ca1,PREP,1.0,1.0,0.0
2808,7b9df513a87dd20f46bf,ADJF,1.0,0.0,1.0
2808,7b9df513a87dd20f46bf,NOUN,0.5,0.0,0.5
2809,755a5fafe9772feb4fbc,VERB,0.0,1.0,-1.0
2809,f8728079396e5fd67cff,NOUN,1.0,1.0,0.0
2810,2fbc463cd5f8ab1e28c6,PREP,1.0,1.0,0.0
2810,924570cabc179efc5267,NPRO,1.0,1.0,0.0
2810,f0c5e974f4b2ceebf3a3,NOUN,1.0,0.0,1.0
2811,a77b103ca178faee6771,PREP,1.0,1.0,0.0
2811,b7e83a86444e451f7dd4,ADJF,1.0,1.0,0.0
2811,b7e83a86444e451f7dd4,NOUN,1.0,0.0,1.0
2812,e56e5f6c7cebdd244f1c,NOUN,1.0,0.0,1.0
2813,2ffebe78e7a3501e1d9f,NOUN,1.0,0.0,1.0
2813,2ffebe78e7a3501e1d9f,PREP,1.0,1.0,0.0
2813,4282b2e6310bf490b3a4,PRCL,0.0,1.0,-1.0
2814,93076d0a87a8f96683be,NOUN,1.0,1.0,0.0
2814,a9f56a5c366fd16d7edf,NOUN,1.0,0.0,1.0
2814,a9f56a5c366fd16d7edf,VERB,1.0,1.0,0.0
2814,fd38af116cb339464420,PREP,1.0,1.0,0.0
2815,56ec0c36eabc646723fe,NOUN,0.3333333333333333,0.0,0.3333333333333333
2815,97f3a3934b427d122519,ADJF,0.0,0.0,0.0
2816,56e1b98de684f362ceea,PREP,1.0,1.0,0.0
2817,8fbbdb9bdad805b4c4c2,PREP,1.0,1.0,0.0
2817,8fbbdb9bdad805b4c4c2,VERB,0.0,0.0,0.0
2817,d483147f1b7bc38a0154,NOUN,1.0,0.0,1.0
2817,d483147f1b7bc38a0154,NPRO,1.0,0.0,1.0
2817,f243bc1cedd884b0833b,NOUN,0.0,1.0,-1.0
2818,2502a46ba9ff77690105,NOUN,0.0,1.0,-1.0
2818,2502a46ba9ff77690105,PREP,1.0,1.0,0.0
2818,fbbd28bceb3eb81addc6,NOUN,1.0,0.0,1.0
2818,fbbd28bceb3eb81addc6,PREP,1.0,1.0,0.0
2819,0a5de5bdb33b27b2472c,NOUN,0.5,1.0,-0.5
2820,09ea137af73d125bd834,ADJF,1.0,0.5,0.5
2820,227036a725f3f27660b0,ADJF,0.0,0.0,0.0
2821,eabdf9e8c391d30a0913,PREP,1.0,1.0,0.0
2822,52b2faa6c207bc397fc1,NOUN,0.3333333333333333,1.0,-0.6666666666666667
2822,b3a39f1e4b284658547d,VERB,0.0,0.0,0.0
2823,9cc78998e1dee343b28e,NOUN,1.0,0.0,1.0
2823,bcc9990b729277703978,NOUN,0.0,0.0,0.0
2823,bcc9990b729277703978,VERB,0.0,1.0,-1.0
2823,f6c4be524b0d7ba2322b,ADJF,1.0,1.0,0.0
2824,197ad9eeedbae9d28bb3,NOUN,1.0,1.0,0.0
2827,0590f1427b6d43a09925,NOUN,1.0,0.0,1.0
2827,0590f1427b6d43a09925,PREP,1.0,1.0,0.0
2827,473b3ab66afd293a8a42,PREP,1.0,1.0,0.0
2827,9522d667ffb2c4aa6f75,NOUN,1.0,0.0,1.0
2828,6c30717da436de671177,NOUN,0.0,0.0,0.0
2828,6c30717da436de671177,VERB,0.0,1.0,-1.0
2828,79d37f598265acf3c93b,NOUN,1.0,0.0,1.0
2831,259fd7798a204e1e2d89,CONJ,1.0,1.0,0.0
2831,87b4e2aa55d56876731b,NOUN,1.0,0.5,0.5
2832,3ee40d254ffb7dfa9c62,NOUN,1.0,0.0,1.0
2832,f178752228bfedbc6b5d,NOUN,1.0,0.0,1.0
2832,f66e506087ff11076d5f,NOUN,0.3333333333333333,1.0,-0.6666666666666667
2833,0dab9430bf382b71bbb1,NOUN,0.0,1.0,-1.0
2833,2e74b3e5813d20561559,NOUN,0.0,0.5,-0.5
2833,68042fd8ad567875c70d,NOUN,1.0,0.5,0.5
2834,63e2c0599b221784b9a0,NOUN,1.0,0.0,1.0
2834,7d113321e9ab3797b124,NPRO,0.0,1.0,-1.0
2835,8e32635b7105137ead8d,NOUN,0.5,1.0,-0.5
2835,c0f4134ffa2c6c276690,ADJF,1.0,0.0,1.0
2835,c0f4134ffa2c6c276690,NOUN,0.0,1.0,-1.0
2836,389350a2a238321f3696,ADJF,1.0,0.0,1.0
2836,874a258b8b8b27d5b209,NOUN,0.5,0.0,0.5
2836,874a258b8b8b27d5b209,PREP,1.0,1.0,0.0
2837,2b93bd877e074d5196d6,PREP,1.0,1.0,0.0
2837,65312a8954dd3b630f9b,NOUN,0.0,1.0,-1.0
2838,d8230278f888ea111817,PREP,1.0,1.0,0.0
2838,d8230278f888ea111817,VERB,0.0,1.0,-1.0
2839,4207045a764078166aa6,NOUN,0.0,0.5,-0.5
2839,d116a388da420be204d3,NOUN,0.5,0.0,0.5
2839,d116a388da420be204d3,PREP,1.0,1.0,0.0
2840,95fc207ec4452aeb8b99,NOUN,0.0,0.0,0.0
2840,95fc207ec4452aeb8b99,PREP,1.0,1.0,0.0
2841,92377deabf6f84791050,PREP,1.0,1.0,0.0
2841,fea3a9301722083b4a1d,NOUN,0.0,0.0,0.0
2842,48330b437425fb176878,NOUN,1.0,0.0,1.0
2842,e537305388caff291047,VERB,0.0,1.0,-1.0
2843,93295714cfe118b46c1c,PREP,1.0,1.0,0.0
2843,d612054c427850e11ed3,ADJF,1.0,0.0,1.0
2843,d612054c427850e11ed3,NOUN,1.0,0.0,1.0
2843,f131ddb25b192870f4cc,NOUN,0.0,0.0,0.0
2843,f131ddb25b192870f4cc,PRCL,1.0,1.0,0.0
2844,6a4cce50642735a07d24,NOUN,0.0,1.0,-1.0
2846,1d3db0326a671a52dd42,NOUN,0.0,0.0,0.0
2846,24178644ce6241e331e0,PREP,1.0,1.0,0.0
2847,0d26045561972c43b418,NOUN,0.0,0.0,0.0
2847,df0e5f5a2c96f2775624,NOUN,0.0,1.0,-1.0
2847,f0c5d95e26c5ae90001b,NOUN,0.0,0.0,0.0
2848,cd17985c1991007ac275,NOUN,0.5,0.0,0.5
2848,f2eda657ac31f43cbb64,NOUN,1.0,0.0,1.0
2848,f2eda657ac31f43cbb64,PREP,1.0,1.0,0.0
2850,01f86a12f7a7b22c0790,NOUN,0.0,0.0,0.0
2850,30fe33a40ec637490e69,NOUN,0.0,1.0,-1.0
2850,b1064b52ef1dead35d76,NOUN,0.0,0.0,0.0
2851,157682cb84f985b75b5e,VERB,1.0,0.0,1.0
2852,a33e60080d8ee330b01c,NOUN,0.5,1.0,-0.5
2852,b190efe7e3e2f72a0a4a,PREP,1.0,1.0,0.0
2853,9a0ea90649ba7f0de0ec,NOUN,0.0,1.0,-1.0
2853,9a0ea90649ba7f0de0ec,PREP,1.0,1.0,0.0
2854,a4a531b15a59fe25e906,NOUN,0.0,0.0,0.0
2854,a4a531b15a59fe25e906,PREP,1.0,1.0,0.0
2854,fd7d0308aca35b3374fb,CONJ,1.0,0.5,0.5
2855,08420f07c5bef20892a1,NOUN,0.0,1.0,-1.0
2855,edd0abc5bdbea652d9db,PREP,1.0,1.0,0.0
2856,18ad70b66362fe324186,NOUN,0.0,1.0,-1.0
2857,429d2482baa673b5beac,NOUN,0.5,0.0,0.5
2857,bd126ecc28a22eb2d2e6,VERB,1.0,0.0,1.0
2857,e0c6d14d6f56b7fd6054,VERB,0.0,0.0,0.0
2858,0250d258ca81a910397f,ADVB,0.0,0.0,0.0
2858,0719d605bd6266bc4c6d,ADVB,0.0,0.0,0.0
2859,53aeb2be38528f96d94b,NOUN,1.0,0.0,1.0
2860,0259a96e06f0534229b4,PREP,1.0,1.0,0.0
2860,47e3b7990330364e8740,NOUN,0.3333333333333333,1.0,-0.6666666666666667
2861,9249340f142eb3d10552,NOUN,0.0,0.0,0.0
2861,d128d477e3da68634b43,VERB,0.0,1.0,-1.0
2862,9df9d52c5d1a2b8f411c,VERB,1.0,0.0,1.0
2862,c5c0dc825f42429dda6a,PREP,1.0,1.0,0.0
2863,1c701260ecfc633ae532,NOUN,1.0,0.0,1.0
2863,69df5a04c2957e7e6e7f,PREP,0.0,1.0,-1.0
2863,69df5a04c2957e7e6e7f,VERB,0.0,0.0,0.0
2864,0ac12f185f3534c0e07f,NOUN,0.0,0.0,0.0
2864,0ff1723873b45d9e8a64,NOUN,0.0,1.0,-1.0
2864,0ff1723873b45d9e8a64,PREP,1.0,1.0,0.0
2865,4645eb8941641e3a7bd3,VERB,1.0,1.0,0.0
2865,e6de2fe0c326e74bc25c,NOUN,0.5,0.0,0.5
2866,774890e27e2bfa002468,PREP,1.0,1.0,0.0
2866,8cfdf84e703192b95686,VERB,0.0,0.0,0.0
2867,d1523a9150c9862a77bf,NOUN,0.0,1.0,-1.0
2868,2b65347fc1c5136d7f96,NOUN,1.0,0.0,1.0
2868,96780d7bb0c440b4157d,NOUN,1.0,1.0,0.0
2868,96780d7bb0c440b4157d,PREP,1.0,1.0,0.0
2869,023b4d9542054777d459,PREP,0.0,1.0,-1.0
2869,2b606a921ba77bad7c1d,PREP,1.0,1.0,0.0
2869,e8c37f0f74e2af3595eb,PREP,1.0,1.0,0.0
2871,188de44652fe31900275,NOUN,0.3333333333333333,0.0,0.3333333333333333
2871,88898072d32116a51882,NOUN,0.0,0.0,0.0
2871,aaefc3a80f9adc845ad0,NOUN,0.0,0.0,0.0
2872,72d72db7d9bc5a236369,ADVB,0.0,1.0,-1.0
2872,d03027917f0eb394a2e7,NOUN,0.0,0.0,0.0
2873,69e84cc5b865b7c01bca,NOUN,1.0,1.0,0.0
2873,a47652d69a42c79aa205,VERB,0.0,1.0,-1.0
2873,d752d29615a42e259c03,NOUN,1.0,0.0,1.0
2873,d752d29615a42e259c03,PREP,1.0,1.0,0.0
2874,456f71aafdaf6c7e535f,VERB,0.0,1.0,-1.0
2875,4c0805551a2c712f7745,NOUN,1.0,0.0,1.0
2875,da777da6afa85e520d71,VERB,1.0,0.0,1.0
2876,e536f01913fa16bccbab,NOUN,1.0,0.0,1.0
2877,518748dfc0929ab84df9,PREP,0.0,0.0,0.0
2878,630d406ef1e19f4d46d2,VERB,0.0,0.0,0.0
2878,9575fac2f4d63fc5f076,ADJF,0.0,0.0,0.0
2878,9575fac2f4d63fc5f076,NOUN,1.0,1.0,0.0
2879,79be667fe2a6a922c16f,ADJF,1.0,0.0,1.0
2879,79be667fe2a6a922c16f,VERB,1.0,0.0,1.0
2879,aaf5f25c9c36541a0cc6,NOUN,1.0,1.0,0.0
2879,fad88a2b5e6d0f0a4988,NOUN,1.0,0.0,1.0
2879,fad88a2b5e6d0f0a4988,VERB,1.0,0.0,1.0
2880,308bfa12ac17b0ffa709,NOUN,0.6666666666666666,1.0,-0.33333333333333337
2880,a956db79afa15811d0f4,CONJ,1.0,1.0,0.0
2881,16428f4dd98a97cc5602,NOUN,0.0,1.0,-1.0
2881,76619f20b22622c1bb28,NOUN,0.0,1.0,-1.0
2881,76619f20b22622c1bb28,PREP,1.0,1.0,0.0
2881,864662180ef0a1b6aa9a,NOUN,0.0,0.0,0.0
2881,864662180ef0a1b6aa9a,VERB,0.0,1.0,-1.0
2882,696f84d716da22b72bd6,NOUN,0.0,0.0,0.0
2882,696f84d716da22b72bd6,NPRO,1.0,1.0,0.0
2882,97a7a396e6f29073ba3e,PREP,1.0,1.0,0.0
2882,97a7a396e6f29073ba3e,VERB,1.0,0.0,1.0
2883,b2005c5d92300b07c868,NOUN,0.5,0.0,0.5
2883,d20851a5e228ebb26edb,PREP,1.0,1.0,0.0
2883,d4726ca60882f3cc6302,NOUN,1.0,0.0,1.0
2884,83cad3b93336db480f7d,ADJF,1.0,0.5,0.5
2884,af49271929517eb5c364,ADJF,1.0,0.0,1.0
2884,f4f407ded89135f40f33,ADJF,1.0,0.0,1.0
2884,f4f407ded89135f40f33,NOUN,0.5,0.0,0.5
2885,3bccf99f0b95ab700b8a,NOUN,0.0,0.0,0.0
2885,3bccf99f0b95ab700b8a,PREP,1.0,1.0,0.0
2885,55c58b27cdd1cb550c8b,NOUN,0.0,1.0,-1.0
2885,b3b826084b857b414c03,VERB,0.0,0.0,0.0
2886,65b6547524e28196bc68,NOUN,0.75,0.0,0.75
2886,6b7c83845506ecd0d502,NOUN,0.5,0.0,0.5
2886,6b7c83845506ecd0d502,PREP,1.0,1.0,0.0
2886,bed6d3127304b1ceeec2,NOUN,0.5,1.0,-0.5
2887,a8792122f0be7e3bd74b,CONJ,1.0,1.0,0.0
2887,a8792122f0be7e3bd74b,VERB,1.0,0.0,1.0
2888,64ad17bb7b42af288c52,NOUN,1.0,0.0,1.0
2889,7cf39e1a27b24bdfa31f,CONJ,1.0,1.0,0.0
2889,7cf39e1a27b24bdfa31f,NOUN,0.0,0.0,0.0
2889,7ffb1329828fd59b68c9,NPRO,1.0,1.0,0.0
2889,a0c41214170478dca5ee,ADJF,1.0,1.0,0.0
2889,a0c41214170478dca5ee,VERB,0.0,1.0,-1.0
2890,86302db37ffcd1a1092b,CONJ,1.0,1.0,0.0
2890,86302db37ffcd1a1092b,VERB,1.0,0.0,1.0
2890,b30d60a218fcc294e978,ADJF,1.0,1.0,0.0
2891,067240086daa4fa8203d,VERB,0.0,0.0,0.0
2891,420fa067c43ebccf91f1,NOUN,0.5,1.0,-0.5
2892,3d88faf7fd45220825ed,INFN,1.0,1.0,0.0
2892,85ed1e4f9c8ab659f5d8,PREP,1.0,1.0,0.0
2893,3575ccfb7ed69b568146,NOUN,0.0,0.0,0.0
2893,4fa46276a49c2d121fc1,PREP,1.0,1.0,0.0
2895,1512e7b2eb0f7b3e6785,NOUN,0.0,0.0,0.0
2895,1512e7b2eb0f7b3e6785,PREP,1.0,1.0,0.0
2895,a38249d794a579d4027b,PREP,1.0,1.0,0.0
2895,c94e75ccab0aff730391,PREP,1.0,1.0,0.0
2896,612f5d745be1360c6f6d,PREP,1.0,1.0,0.0
2896,924a4bab62a141e44562,NOUN,1.0,0.0,1.0
2896,d11c62a6315594341ef2,VERB,0.0,0.0,0.0
2898,57a32edac684a948be64,ADJF,1.0,0.0,1.0
2898,8a2a77cf37b0f988acb1,PREP,1.0,1.0,0.0
2898,9a1f8678d20896e680d7,NOUN,0.6666666666666666,0.0,0.6666666666666666
2898,9a1f8678d20896e680d7,PREP,1.0,1.0,0.0
2899,172f44dec1efe73383af,ADJF,0.0,1.0,-1.0
2899,94877389ca1ea70f96f0,PREP,0.0,1.0,-1.0
2900,847c8eaacfcb9aa79adf,VERB,0.0,1.0,-1.0
2901,8b50c81be00cb8a574ea,NOUN,0.0,0.0,0.0
2901,94837c1ae05c27e6c3b1,ADJF,0.0,0.0,0.0
2901,94837c1ae05c27e6c3b1,VERB,0.0,0.0,0.0
2903,4ac9ea0bf284b7786e06,CONJ,1.0,1.0,0.0
2903,6bb1421b4549cc558b8c,NOUN,0.5,1.0,-0.5
2903,6bb1421b4549cc558b8c,VERB,1.0,1.0,0.0
2904,07c9be1c4e9de0a392aa,NOUN,1.0,0.5,0.5
2904,d04ce32493ce4a8c1984,NOUN,0.6666666666666666,0.0,0.6666666666666666
2904,f83cd2a70de8d6e87a6f,NOUN,1.0,1.0,0.0
2904,f83cd2a70de8d6e87a6f,PREP,1.0,1.0,0.0
2905,abb40dfb28f14108a8f8,NOUN,0.5714285714285714,0.0,0.5714285714285714
2906,527dd304c9989831ef39,NOUN,1.0,1.0,0.0
2907,0ea62456a299ed18de4d,PREP,1.0,1.0,0.0
2907,3a96ff9ada48a027867c,VERB,0.0,0.0,0.0
2907,e14acdf955ee2a845745,NOUN,1.0,1.0,0.0
2908,2b5b93906f04d560ace2,VERB,0.0,1.0,-1.0
2909,27292ddee0375a15c574,NOUN,0.0,0.0,0.0
2909,aafa77efe66579abe256,NOUN,1.0,1.0,0.0
2909,aafa77efe66579abe256,VERB,0.0,1.0,-1.0
2909,ca97bc17bf67d2dc8ec1,NOUN,1.0,0.0,1.0
2910,02fc60ed86ed848d75aa,NOUN,0.5,0.0,0.5
2910,b6f07ca466598a4405f5,NOUN,1.0,0.0,1.0
2910,b6f07ca466598a4405f5,VERB,1.0,1.0,0.0
2911,3879416afd27b210e82d,NOUN,1.0,1.0,0.0
2911,3926665c642b6e6bc575,VERB,0.0,0.0,0.0
2913,be0f566360b327fb409a,NOUN,0.0,0.0,0.0
2914,3f359703d3ad003020d5,NOUN,0.0,0.5,-0.5
2914,fc6ab8d5f3a1cc02e960,NOUN,0.0,1.0,-1.0
2914,fc6ab8d5f3a1cc02e960,NPRO,0.0,1.0,-1.0
2914,ffc53c9716478998a93a,NOUN,0.0,0.0,0.0
2916,4e00274541e3c4325544,VERB,1.0,0.0,1.0
2917,82c1efebbdf1776e8a87,NOUN,1.0,0.0,1.0
2918,7ef2dc854ee2a7509b81,PREP,1.0,1.0,0.0
2918,8f23efe68aa485747b1a,NOUN,1.0,0.0,1.0
2919,01fe79fd730013812121,NPRO,0.0,1.0,-1.0
2919,5145cede9e391ec0fee3,NOUN,1.0,1.0,0.0
2920,586406e177599fb7edec,VERB,1.0,0.0,1.0
2920,c13f04222c57675eeb57,ADVB,0.5,0.0,0.5
2921,0030571ee503514a733f,NOUN,1.0,1.0,0.0
2921,4f762217438fc2a8afa8,ADVB,1.0,0.0,1.0
2921,4f762217438fc2a8afa8,NOUN,0.0,0.0,0.0
2922,d811b5260de92c0e2de2,NPRO,1.0,1.0,0.0
2922,d811b5260de92c0e2de2,PREP,1.0,1.0,0.0
2922,fb9ce7a8f930c243c825,NOUN,0.0,0.0,0.0
2923,f77c5cf615944c4127c5,NOUN,1.0,0.0,1.0
2924,72e46dc5197713a60025,NOUN,0.5,0.0,0.5
2924,a82aeacfafa662778e00,NOUN,1.0,0.5,0.5
2924,ab367e4aecff90607417,NOUN,0.75,0.0,0.75
2925,c02bf48e7c056b3f6057,VERB,0.0,0.0,0.0
2925,dd4c73be7b701bb5c3cd,NOUN,0.6666666666666666,0.0,0.6666666666666666
2925,dd4c73be7b701bb5c3cd,VERB,0.0,1.0,-1.0
2927,14f71008d290a1b0ffe0,NOUN,0.0,0.0,0.0
2927,520fb63d7ba1a8819784,ADVB,0.5,0.0,0.5
2928,f0aae97757db85897a8c,VERB,0.0,1.0,-1.0
2929,cdac2ca20d2eebfdac92,PREP,1.0,1.0,0.0
2929,cdac2ca20d2eebfdac92,VERB,0.0,1.0,-1.0
2929,da2ae7d5d0f8a02ceffa,NOUN,0.6666666666666666,0.0,0.6666666666666666
2929,da2ae7d5d0f8a02ceffa,PREP,1.0,1.0,0.0
2929,f99c8d77006e8acaaaa6,NOUN,1.0,0.0,1.0
2930,1798b61b83dadcc95e19,ADJF,1.0,0.0,1.0
2930,1798b61b83dadcc95e19,NOUN,0.0,0.0,0.0
2930,1db0a5175b84a9c06ddc,VERB,0.0,0.0,0.0
2930,5a747f7adb3abc6e0dfc,ADJF,1.0,1.0,0.0
2931,962abe02b67371e2a388,VERB,0.0,0.0,0.0
2931,dafd0371db393cffe5f9,NPRO,0.0,0.0,0.0
2931,dafd0371db393cffe5f9,PREP,1.0,1.0,0.0
2932,b5e153e8c89e244dbb80,NOUN,0.5,1.0,-0.5
2932,b5e153e8c89e244dbb80,PREP,1.0,1.0,0.0
2932,c564e903e942a95f0da1,NOUN,0.75,1.0,-0.25
2933,2733dacf7970b9528ace,NOUN,1.0,0.0,1.0
2933,2733dacf7970b9528ace,PREP,1.0,1.0,0.0
2933,bfb78b7350866ba1cafa,NOUN,1.0,0.0,1.0
2933,bfb78b7350866ba1cafa,NPRO,1.0,1.0,0.0
2934,2951a9c274e3a1ecc539,NOUN,1.0,0.0,1.0
2934,2951a9c274e3a1ecc539,PREP,1.0,1.0,0.0
2934,fac9c1f2611bcc7f5ed2,NOUN,0.0,1.0,-1.0
2935,7756594996d0ef719250,INFN,1.0,0.0,1.0
2935,9d147018a095558f7621,NOUN,0.0,0.0,0.0
2936,3e23851c4ec7a5ab074a,NOUN,1.0,0.0,1.0
2936,c696cbfd6416a42a4f43,NOUN,1.0,1.0,0.0
2937,c53c59cd59b79a1818b4,ADJF,1.0,1.0,0.0
2937,c53c59cd59b79a1818b4,PREP,1.0,1.0,0.0
2937,f2e77d75c1ac972e31d3,NOUN,0.5,0.0,0.5
2938,1a03b5c97509e4652e67,NOUN,1.0,0.0,1.0
2938,7a3ae3b9f8a0faf6d69c,NOUN,1.0,0.0,1.0
2938,ff85da2570d354de9c1b,PREP,1.0,1.0,0.0
2939,2349605b7265c75eff74,NOUN,1.0,1.0,0.0
2939,6cf31c12c60d359171c0,ADJF,0.0,0.0,0.0
2940,4ecf073ff505b54bde3c,PREP,0.0,1.0,-1.0
2940,d3acd976a802fc31fb5a,NOUN,1.0,0.0,1.0
2940,d3acd976a802fc31fb5a,PREP,1.0,1.0,0.0
2941,94af817d4cb8906ce446,ADJF,1.0,1.0,0.0
2942,74e95e75107936ae1c47,VERB,0.0,1.0,-1.0
2944,fbfd10e17d5ae0301fdb,ADJF,1.0,0.0,1.0
2945,be2946c698c033877e2d,ADVB,1.0,1.0,0.0
2947,89dbb0e49c66769f88ae,NOUN,0.0,0.0,0.0
2947,f08c25adc0ce4447ff9e,PRCL,1.0,1.0,0.0
2948,18e3a9080b65e7306ba2,CONJ,1.0,1.0,0.0
2948,18e3a9080b65e7306ba2,NOUN,0.0,1.0,-1.0
2948,25636e1f4d240d12b3ce,NOUN,1.0,1.0,0.0
2948,ae3581062c37b973a672,NOUN,0.0,0.0,0.0
2950,135a1e2837f6746cb19e,NOUN,0.5,1.0,-0.5
2950,a245e6dfee3f27c1b6af,NOUN,0.0,1.0,-1.0
2950,c6e7a3d9abc913050eff,NOUN,1.0,1.0,0.0
2950,c6e7a3d9abc913050eff,PREP,1.0,1.0,0.0
2951,279fed030ce14784ac45,NOUN,0.0,0.0,0.0
2953,141fc225a5325772416f,NOUN,0.0,0.0,0.0
2953,141fc225a5325772416f,PRCL,1.0,1.0,0.0
2953,3f5d19c32796caa04fc2,CONJ,1.0,1.0,0.0
2953,531076ea7f0a2a465856,PRCL,1.0,1.0,0.0
2954,004508191dccab86834d,VERB,0.0,0.0,0.0
2955,aa4cb4bf6bf7cc2d3cba,PREP,1.0,1.0,0.0
2955,aa4cb4bf6bf7cc2d3cba,VERB,0.0,0.0,0.0
2955,f74a7f1dac7be91278e7,NOUN,0.0,0.0,0.0
2956,2933394231d41e37fec2,NOUN,1.0,0.0,1.0
2956,2933394231d41e37fec2,VERB,0.0,0.0,0.0
2959,7d924a4c4cd107c67116,NOUN,1.0,0.0,1.0
2959,8cc89cb0f5154fa45e77,ADJF,1.0,1.0,0.0
2960,1ba3f1d9179e6ebdc481,ADJF,0.0,0.0,0.0
2961,5fd86e96a5f9b1c751d4,NOUN,0.0,0.0,0.0
2961,b23ce991b0788bf4f56b,NOUN,0.5,0.5,0.0
2962,c49fe41a28ac1ea7b4a6,NOUN,1.0,0.0,1.0
2962,e0de3250e94402a5820e,NOUN,1.0,1.0,0.0
2963,185aacd63b4d4be374fd,NOUN,0.0,0.0,0.0
2963,477b29838ef392d48978,PREP,0.0,1.0,-1.0
2964,4d8e0ec5886626194b67,NOUN,0.5,0.0,0.5
2964,5cf6e240b42415088cc9,PREP,1.0,1.0,0.0
2965,5924c3ced8caa969d0d1,NOUN,1.0,0.0,1.0
2966,9d885b6ae0cc1da872b2,CONJ,1.0,1.0,0.0
2966,9d885b6ae0cc1da872b2,NOUN,0.0,1.0,-1.0
2966,cb8b9766dc22cae1db9d,NOUN,0.0,0.0,0.0
2967,73a712ee22fde0ec5926,NOUN,0.5,1.0,-0.5
2968,7e6a453b4abf798f257c,NOUN,0.0,0.0,0.0
2968,a387e17da67a864dc8f7,PREP,0.0,1.0,-1.0
2968,c063698c5c2125ccd78e,VERB,0.0,1.0,-1.0
2969,05c83d480eec1c19fb8f,NOUN,0.6666666666666666,1.0,-0.33333333333333337
2969,b1fb28652f2fb2b48044,VERB,1.0,0.0,1.0
2970,03af43c7ee04cf86304d,ADJF,1.0,0.0,1.0
2970,03af43c7ee04cf86304d,NOUN,1.0,0.0,1.0
2970,27dcf919b12767244839,ADVB,0.0,0.0,0.0
2970,877e0c22852cb28c9725,ADVB,0.0,0.0,0.0
2971,1ab901caf992a01fc77c,ADJF,0.0,1.0,-1.0
2971,1ab901caf992a01fc77c,VERB,0.0,0.0,0.0
2971,a2c068f541355de4ca99,ADJF,0.3333333333333333,1.0,-0.6666666666666667
2971,a2c068f541355de4ca99,NOUN,0.4,0.0,0.4
2971,a3b6a688116c135b307e,NOUN,0.0,0.0,0.0
2972,7f676aced91bb9743403,NOUN,1.0,0.0,1.0
2972,80910647d6ddd0ebfd0a,NOUN,1.0,0.0,1.0
2973,5902249a19a3ed97b2ea,NOUN,1.0,1.0,0.0
2973,c57be97546ef3aadee56,NOUN,0.0,0.0,0.0
2974,26210506b3967050f49c,NOUN,1.0,0.0,1.0
2974,c38a5ba7ed8630e743ec,NOUN,1.0,1.0,0.0
2976,12d376156fa919110514,PREP,1.0,1.0,0.0
2976,64a906fd11a7b9cd4802,PREP,1.0,1.0,0.0
2976,ac29c1c58a94b3c39503,NOUN,0.0,1.0,-1.0
2976,ac29c1c58a94b3c39503,VERB,0.0,1.0,-1.0
2977,3a847213a18c83bc670f,ADJF,1.0,0.0,1.0
2977,3a847213a18c83bc670f,NOUN,1.0,0.0,1.0
2977,cf8e40240a22ba54220c,NOUN,0.5,0.0,0.5
2977,cf8e40240a22ba54220c,VERB,0.0,1.0,-1.0
2978,0ebb44fd3b2a2d66e55b,PREP,1.0,1.0,0.0
2978,1e79b34a4275594b66bb,NOUN,0.0,1.0,-1.0
2979,9624c4a83493f56b20d2,ADJF,1.0,1.0,0.0
2979,dfca4b82b59876b2f109,PREP,1.0,1.0,0.0
2980,788f4aec2d1bf81009e0,ADJF,0.0,0.0,0.0
2980,788f4aec2d1bf81009e0,NOUN,1.0,0.0,1.0
2980,850f3da4e53eca363add,NOUN,1.0,0.0,1.0
2981,d27872ce8295054d0381,NOUN,0.5,0.0,0.5
2982,0a1912e983cf044c42e8,NOUN,0.0,1.0,-1.0
2982,0a1912e983cf044c42e8,PREP,1.0,1.0,0.0
2983,057091c508810c17d475,VERB,1.0,0.0,1.0
2983,d662ce75a38edb04de50,NOUN,1.0,0.0,1.0
2984,568dc9dcea4b9e37245e,NOUN,0.0,0.0,0.0
2984,6b06c49699ce2bc8c580,NOUN,0.0,0.0,0.0
2984,dd153afaf6aa8d44624a,NOUN,0.0,0.0,0.0
2985,1a39360a8fe29831b745,VERB,0.0,0.0,0.0
2985,c86c1c07df320807adf2,NOUN,1.0,0.0,1.0
2985,c86c1c07df320807adf2,VERB,1.0,0.0,1.0
2985,debf1abaa33a706bd376,NOUN,1.0,0.0,1.0
2985,debf1abaa33a706bd376,VERB,1.0,0.0,1.0
2986,03a5b4fa2252871295da,ADJF,0.5,1.0,-0.5
2986,03a5b4fa2252871295da,NOUN,0.5,0.0,0.5
2986,7f9109aeb34eb080496f,ADJF,0.5,0.0,0.5
2986,7f9109aeb34eb080496f,PREP,1.0,1.0,0.0
2987,dde3fcb0472b543f488a,VERB,0.0,0.0,0.0
2988,7abff59ad787f1cd2e8c,NOUN,1.0,1.0,0.0
2988,941ddce75204d55c9503,NOUN,1.0,0.0,1.0
2989,d8ec52f6ca3ca882ad32,NPRO,1.0,1.0,0.0
2991,c635c61d2b959d41ed76,NOUN,1.0,1.0,0.0
2993,94d04ffb72b27598d4e9,NOUN,1.0,0.0,1.0
2993,c906093aef21fbbb7088,NOUN,0.0,0.0,0.0
2993,eedfdb527dd4e7a4f766,CONJ,1.0,1.0,0.0
2994,4c8db5abe7a9c4bad304,CONJ,1.0,1.0,0.0
2994,4c8db5abe7a9c4bad304,VERB,1.0,0.0,1.0
2995,16089737c557b3c8c433,NOUN,1.0,0.0,1.0
2995,592d5c5eaf0fe0f2f01b,NOUN,1.0,1.0,0.0
2996,ce78fc9dc7e5506a7f1c,ADVB,1.0,0.0,1.0
2997,f5f03b682f74a1e76d75,NOUN,0.0,0.0,0.0
2998,a4b73a678953696a0f79,NOUN,1.0,0.5,0.5
2998,bc27d031f5772505bc65,NOUN,0.0,0.0,0.0
2998,df5318e32f0645bbeded,NOUN,0.5,0.0,0.5
2999,a39b9ae2d23647c44419,INFN,1.0,0.0,1.0
2999,eff3d8aded7edcc66a9b,NOUN,0.0,1.0,-1.0
3000,7777e1374a84ae4fd35d,NOUN,0.0,1.0,-1.0
3000,99c2fe646a0d8ba2f04e,VERB,0.0,1.0,-1.0
3001,9a2fbee7ef84c1f0fe7a,ADJF,0.0,0.0,0.0
3001,9a2fbee7ef84c1f0fe7a,NOUN,0.0,0.0,0.0
3002,19555ae9cc16e03fc8d1,NOUN,0.0,0.0,0.0
3002,19555ae9cc16e03fc8d1,VERB,0.0,1.0,-1.0
3002,d55eae9416f4889581f2,NOUN,1.0,0.0,1.0
3003,0d53ce7f8a323ab1c1a8,PREP,1.0,1.0,0.0
3003,5c9f6a0851704f0e80ea,PRCL,1.0,1.0,0.0
3003,5c9f6a0851704f0e80ea,PREP,1.0,1.0,0.0
3004,28721b6805367efb6f4e,NOUN,0.5,1.0,-0.5
3004,28721b6805367efb6f4e,VERB,0.0,1.0,-1.0
3004,320a4c7cd680b0c7df4e,NOUN,0.0,0.0,0.0
3004,d3a97c2b1087fd7ae9df,VERB,0.0,0.0,0.0
3005,5f91941c8bfd84bb37c2,NOUN,1.0,1.0,0.0
3006,9887c4a9deecbcd5971b,NOUN,1.0,0.0,1.0
3006,9887c4a9deecbcd5971b,VERB,0.0,0.0,0.0
3007,7b9e80137b4b095c0c37,NOUN,1.0,0.0,1.0
3007,f80bb39ef7c1508b40f8,NPRO,0.0,1.0,-1.0
3008,5af15aa81d7c0aa8ea60,ADJF,0.0,0.0,0.0
3008,5af15aa81d7c0aa8ea60,NOUN,1.0,0.0,1.0
3009,6c94d2c17bd7a22813f5,NOUN,0.5,0.0,0.5
3009,cd187b98a419ecfee137,NOUN,0.0,1.0,-1.0
3010,1b84a43d529d6be4f1f6,NOUN,1.0,0.0,1.0
3010,5e8940c795ebd95b232d,NPRO,1.0,1.0,0.0
3011,f344b28ab9f861f5cd5a,ADVB,0.0,0.0,0.0
3011,f344b28ab9f861f5cd5a,NOUN,1.0,1.0,0.0
3012,6389f227dcaeb239c887,NOUN,0.5,0.0,0.5
3012,701f19202bcb6230c8d8,ADVB,0.0,0.0,0.0
3012,701f19202bcb6230c8d8,VERB,0.0,1.0,-1.0
3013,cc39a12663e72f7c21a7,NOUN,0.0,0.0,0.0
3014,67666fa08c566158b450,NOUN,1.0,0.0,1.0
3014,67666fa08c566158b450,PREP,1.0,1.0,0.0
3014,6d3431cc44889a3a2c3c,NOUN,1.0,0.0,1.0
3014,6d3431cc44889a3a2c3c,VERB,0.0,0.0,0.0
3016,9c43fbee8d938eff0972,NOUN,0.2,0.0,0.2
3016,a0bf5472feec2d876545,NOUN,0.6666666666666666,0.0,0.6666666666666666
3017,2b79857d795a747dbda9,ADJF,1.0,1.0,0.0
3017,2b79857d795a747dbda9,NOUN,1.0,1.0,0.0
3017,3d2a6558ce660deb8eb6,NOUN,1.0,0.0,1.0
3017,dfc30d0d8a98c11e7563,NPRO,0.0,1.0,-1.0
3018,143885b18d5bd8082f20,NOUN,0.0,0.0,0.0
3018,429d4f5029e9d8ce923e,NOUN,0.0,0.0,0.0
3018,429d4f5029e9d8ce923e,PREP,1.0,1.0,0.0
3019,a313df5a4ce6afd6581e,ADJF,0.0,0.0,0.0
3019,a313df5a4ce6afd6581e,NOUN,0.5,0.0,0.5
3020,f9cbe4608b9a5086b7a3,NOUN,0.0,0.5,-0.5
3021,249694fa741390f1077b,VERB,0.0,1.0,-1.0
3021,f25f35d1e407fceaeeaa,ADJF,0.0,0.0,0.0
3022,5ec536631ecfbc76f224,NOUN,0.0,0.0,0.0
3022,fee6a99aad49dfd1bf3e,NOUN,0.3333333333333333,1.0,-0.6666666666666667
3023,435653c17b3f7d0c40b1,PREP,1.0,1.0,0.0
3023,7fa4c9d697bd440b9ffe,NOUN,0.0,1.0,-1.0
3023,8e80f0f682f48b38b91c,NOUN,1.0,0.0,1.0
3024,cb87d82c27b84934ec56,NOUN,0.0,0.0,0.0
3024,fcda0800f7fb68dbcccf,PRCL,1.0,0.0,1.0
3025,5712904c48929478f74d,ADJF,0.0,1.0,-1.0
3025,eef82d04cc2948b73a15,NOUN,0.0,0.0,0.0
3026,b1a651fbe1e14b48f2a2,NOUN,0.5,1.0,-0.5
3027,8a6d5eae41882ed451d7,NOUN,0.3333333333333333,0.0,0.3333333333333333
3027,c07c4bfe51f5d6f2fd20,NOUN,1.0,0.0,1.0
3028,9c3340bc298a7e19efda,PREP,1.0,1.0,0.0
3029,18fef20be4d3c6de9c85,NOUN,1.0,0.0,1.0
3029,1cf4022634a5421b0586,NOUN,1.0,0.0,1.0
3029,f3a7a9f8185527c6a4ed,VERB,0.0,0.0,0.0
3031,7301e236f9afa879c43b,ADJF,1.0,0.0,1.0
3031,e2ba16d78532c16a63d3,NOUN,0.0,0.0,0.0
3031,e2ba16d78532c16a63d3,PRTF,0.0,0.0,0.0
3032,9461461e3b88dd79a972,INFN,0.0,0.0,0.0
3034,30adaecb361743917b2b,NOUN,0.0,0.0,0.0
3034,6cab984e5e8d27128d81,NOUN,0.5,0.0,0.5
3034,8630c09a250683e094b7,NOUN,1.0,0.0,1.0
3035,5b9177544e40b077da98,NOUN,1.0,0.0,1.0
3035,7bf211416c6308c029c4,INFN,1.0,1.0,0.0
3039,999a6c64e8f9eafaaa22,NOUN,0.5,1.0,-0.5
3039,999a6c64e8f9eafaaa22,PREP,1.0,1.0,0.0
3039,d6998c4d88bbd3764904,PREP,1.0,1.0,0.0
3040,0d3e4194b966ea518351,PREP,1.0,1.0,0.0
3040,6fc3efa30b9a04d82e4a,NOUN,0.0,0.0,0.0
3040,a0a84e6c19bb93221411,NOUN,0.0,1.0,-1.0
3040,a0a84e6c19bb93221411,VERB,1.0,0.0,1.0
3041,166c1766534945328062,NOUN,1.0,0.5,0.5
3041,1701045e462dc0f0c613,NOUN,1.0,0.0,1.0
3041,4a0774aac3d649f69f39,VERB,0.0,0.0,0.0
3042,53f92992d1efff283df5,NOUN,0.5,0.0,0.5
3042,69fce35fe45847a45677,VERB,0.0,0.0,0.0
3042,bec500fc866664e06be5,NOUN,0.0,1.0,-1.0
3043,78026a5fb9887070cab7,VERB,0.0,1.0,-1.0
3043,f409b45b28400c83c105,NOUN,0.0,0.0,0.0
3043,f409b45b28400c83c105,VERB,0.0,1.0,-1.0
3044,3885fc5b43d843fef222,CONJ,1.0,1.0,0.0
3044,9e17bd908de25fd0c3a5,NOUN,0.5,0.0,0.5
3045,92c80564b1779d0f60b3,ADJF,0.0,1.0,-1.0
3045,92c80564b1779d0f60b3,PREP,1.0,1.0,0.0
3045,cce94af34babc8e6b03a,NOUN,0.5,0.0,0.5
3046,4780fcf64f1da7d43545,NOUN,0.0,1.0,-1.0
3046,a434d1f7b739c5bda195,NOUN,0.0,0.0,0.0
3046,f053308ec1dec2ab0620,PREP,1.0,1.0,0.0
3047,26ee9f496ac0b00e8d1e,NOUN,1.0,1.0,0.0
3047,97b4b70ecff9a04eaf32,NOUN,1.0,0.0,1.0
3048,d2a6d8d0ae4b6ebe84c6,NOUN,1.0,0.0,1.0
3048,e8b9fcaa8897eb752f9b,NOUN,1.0,1.0,0.0
3048,fced4b7163e2c8d5aaaf,NOUN,1.0,0.0,1.0
3049,b005db7811dc5c2de3fb,ADVB,0.0,1.0,-1.0
3049,d179a8e02795efaf3752,VERB,0.0,0.0,0.0
3050,1bb599a04b02e3f2c95b,VERB,1.0,1.0,0.0
3050,4ab06da965ebf7079d3a,VERB,0.5,0.0,0.5
3050,ec62eb8906eb42aefd2a,NOUN,0.0,0.0,0.0
3050,ec62eb8906eb42aefd2a,VERB,1.0,0.0,1.0
3051,5e3fb6ed5521f33d6ec8,NPRO,1.0,1.0,0.0
3053,b843cc67c31390e83fc1,CONJ,1.0,1.0,0.0
3054,6dcdebc05bf48aab6a24,NOUN,0.0,1.0,-1.0
3054,a4d16bc1a4582d7bd7dd,NOUN,1.0,0.0,1.0
3054,f0f0a741b95781729cd5,VERB,1.0,0.0,1.0
3056,f3de844a18a36170f291,NOUN,0.3333333333333333,0.0,0.3333333333333333
3057,5ce3bce43fb02cfe5752,NOUN,1.0,0.0,1.0
3057,94841b0751c06265384f,NOUN,0.0,0.0,0.0
3058,da7ef3fae2f1ddd9da0b,NOUN,0.0,0.0,0.0
3058,da7ef3fae2f1ddd9da0b,VERB,0.0,1.0,-1.0
3059,bf70f0177cfd4b0e6fb2,NOUN,1.0,0.0,1.0
3061,81ac6711aeb2325c119b,NOUN,1.0,0.0,1.0
3062,0cde8d2ae5f7a633422c,NOUN,1.0,0.0,1.0
3062,b4fb78ec342370aa647a,NOUN,1.0,0.0,1.0
3062,b4fb78ec342370aa647a,NPRO,1.0,1.0,0.0
3063,a4c57cf13c34bde17ffa,CONJ,0.0,1.0,-1.0
3063,a4c57cf13c34bde17ffa,NOUN,1.0,1.0,0.0
3063,ddc6d86631bb15a62f39,NOUN,0.5,1.0,-0.5
3064,0cca0f5ba716412ece82,NOUN,1.0,0.0,1.0
3064,fd383237cf7a74959bb5,NOUN,1.0,1.0,0.0
3065,5e031f54b1190e60c1f6,NOUN,1.0,0.0,1.0
3065,61307a7dcf094b59d312,NOUN,0.0,0.0,0.0
3065,61307a7dcf094b59d312,PREP,1.0,1.0,0.0
3066,3eca6f9dc2d48c062c6e,VERB,1.0,1.0,0.0
3067,1588042fc190db04b94a,PRCL,1.0,0.0,1.0
3067,70f17eb774d319db1d40,CONJ,1.0,1.0,0.0
3068,25b694e83f6edd802c08,NOUN,0.0,0.0,0.0
3070,3bdd85d03909e1dc697d,NOUN,0.0,0.0,0.0
3070,3bdd85d03909e1dc697d,PREP,1.0,1.0,0.0
3071,0bc048eb0113666e2ff2,NOUN,1.0,0.0,1.0
3071,32c74023b2244c9fa73e,ADVB,1.0,1.0,0.0
3071,32c74023b2244c9fa73e,NOUN,1.0,0.0,1.0
3071,41efe2f1bf3a21b1b570,NOUN,0.0,0.0,0.0
3071,41efe2f1bf3a21b1b570,NPRO,1.0,0.0,1.0
3072,2af9f478d9543878a21a,NOUN,1.0,0.0,1.0
3072,ba6f824474d13cedad09,PREP,1.0,1.0,0.0
3073,d6ee4fd2f8372e490886,ADVB,0.5,0.0,0.5
3073,ebe01e2c2e9bb8392055,ADVB,1.0,0.0,1.0
3074,102335ea7017a0d3159f,PREP,1.0,1.0,0.0
3074,a611c9d2fe297dccd466,PREP,1.0,1.0,0.0
3074,d687c15df985803af6dd,NOUN,0.5,0.0,0.5
3074,d687c15df985803af6dd,PREP,1.0,1.0,0.0
3075,c96b64ab91fe283adb80,NOUN,0.0,0.0,0.0
3075,c96b64ab91fe283adb80,PREP,1.0,1.0,0.0
3075,fff6acfcf0c19c8f50ef,NOUN,0.0,0.0,0.0
3077,3498e18a3fa0fc4c5bae,NOUN,1.0,1.0,0.0
3077,881098b7cd57c0858f08,NOUN,1.0,0.0,1.0
3080,088533619ddb8be20cc8,NOUN,1.0,0.0,1.0
3081,6897f41d1afcc6bb4b0e,NOUN,0.6666666666666666,0.0,0.6666666666666666
3081,6897f41d1afcc6bb4b0e,PREP,1.0,1.0,0.0
3081,d454c12b85e766b3e5f2,NOUN,0.6666666666666666,0.0,0.6666666666666666
3081,d454c12b85e766b3e5f2,PREP,1.0,1.0,0.0
3082,de4b11e659f213bf9e1f,NOUN,1.0,1.0,0.0
3082,de4b11e659f213bf9e1f,PREP,1.0,1.0,0.0
3082,e8768a693202cacbd143,NOUN,1.0,0.0,1.0
3083,45c89400a3dc02283962,VERB,0.0,0.0,0.0
3083,cbf00111fa3d0a433493,NOUN,0.0,0.0,0.0
3084,126cade5631380e4adff,ADJF,0.3333333333333333,1.0,-0.6666666666666667
3084,126cade5631380e4adff,NOUN,1.0,1.0,0.0
3084,a15d3ca9f0d672a69a7f,NOUN,1.0,0.0,1.0
3084,e395d4e53e2b9d139ade,NOUN,1.0,0.0,1.0
3085,74fcd1aadd460ad5931a,ADJF,1.0,0.0,1.0
3085,74fcd1aadd460ad5931a,NOUN,1.0,0.0,1.0
3087,15b1f6c614c8862523ef,NOUN,0.5,0.0,0.5
3087,15b1f6c614c8862523ef,PREP,1.0,1.0,0.0
3087,329d140dd909c4b3b273,NOUN,1.0,0.5,0.5
3088,2b764b50ae6fddea1635,NPRO,1.0,0.0,1.0
3088,2b764b50ae6fddea1635,VERB,1.0,0.0,1.0
3088,34ae316ee29d76743d25,VERB,1.0,0.0,1.0
3088,d6349d895d1993c462dc,NOUN,0.0,0.0,0.0
3089,0273e6f873a700289dc9,ADJF,0.5,1.0,-0.5
3089,0273e6f873a700289dc9,NOUN,1.0,1.0,0.0
3090,765ba3baa1ab4c2a7076,ADJF,0.0,0.0,0.0
3090,765ba3baa1ab4c2a7076,NOUN,1.0,1.0,0.0
3090,d47d2163aa8d5f697c79,VERB,1.0,1.0,0.0
3091,a0900451ecf693fdfef2,ADVB,1.0,0.0,1.0
3091,a0900451ecf693fdfef2,NOUN,1.0,0.0,1.0
3092,6425b0eb31a688f49d32,PRCL,1.0,1.0,0.0
3093,4d789bb9a0737e6cb07c,ADVB,0.0,1.0,-1.0
3093,9e854762a205ff9ddf9d,ADJF,1.0,1.0,0.0
3093,9e854762a205ff9ddf9d,CONJ,1.0,1.0,0.0
3094,4dd2f6003cf64c6fb123,NOUN,0.0,0.0,0.0
3094,d2d48b8f0ee0df9b59a9,PREP,1.0,1.0,0.0
3095,38d6c6a65f4c6bbbab0d,NOUN,0.0,1.0,-1.0
3095,7202b13daf421d7f338c,NPRO,1.0,1.0,0.0
3095,7202b13daf421d7f338c,VERB,0.0,0.0,0.0
3096,497bbb8eead2c6c227cb,NOUN,0.0,0.0,0.0
3096,497bbb8eead2c6c227cb,VERB,1.0,0.0,1.0
3096,91cacd3a09b0cff4f650,NOUN,0.5,0.0,0.5
3096,91cacd3a09b0cff4f650,PREP,1.0,1.0,0.0
3098,58b3a166645169318827,VERB,1.0,0.0,1.0
3099,39b79702bd1e1af7e834,NOUN,0.0,0.0,0.0
3099,b989d8a56d3b3929bd24,NOUN,0.16666666666666666,0.0,0.16666666666666666
3099,ced512c34380b229ea94,NOUN,0.0,0.5,-0.5
3100,57abc9687711541045ef,NOUN,1.0,1.0,0.0
3100,a8390cfbc5f5007a8535,ADJF,0.0,1.0,-1.0
3100,a8390cfbc5f5007a8535,NOUN,0.4,0.0,0.4
3101,3e009e9024cd803f3b3f,NOUN,0.8,0.0,0.8
3101,47d8dee6a387d1e01918,ADVB,1.0,1.0,0.0
3101,47d8dee6a387d1e01918,PREP,1.0,1.0,0.0
3102,90fd533f358147296876,NOUN,0.5,0.0,0.5
3102,90fd533f358147296876,PREP,1.0,1.0,0.0
3102,b46961348d42b0328f94,NOUN,1.0,0.0,1.0
3102,e17594afb34e389a5139,NPRO,1.0,1.0,0.0
3102,e17594afb34e389a5139,PREP,1.0,1.0,0.0
3103,26553a7e2dda0475ac74,NOUN,1.0,1.0,0.0
3103,26553a7e2dda0475ac74,VERB,1.0,1.0,0.0
3103,3a8873298d4272ab078b,VERB,1.0,0.5,0.5
3104,8352e5fba6c050d216d5,VERB,0.0,1.0,-1.0
3104,8e94611625e1cbeab7f0,VERB,0.0,1.0,-1.0
3105,41a221cedca6e827a5d2,NOUN,0.0,0.0,0.0
3105,41a221cedca6e827a5d2,PREP,1.0,1.0,0.0
3105,aa2cb426e3bb419245b1,NOUN,0.0,0.0,0.0
3106,f16cab9d0f90b27d5918,NPRO,1.0,1.0,0.0
3106,f9d327566f829185276a,NOUN,1.0,1.0,0.0
3107,dac5bf80e33f8252639a,NOUN,1.0,1.0,0.0
3107,df549b875438b4dc1d94,NOUN,1.0,0.0,1.0
3108,14f06c6c52b7676488d3,NOUN,0.5,0.0,0.5
3108,d0abe306f9227e7af514,NOUN,0.0,1.0,-1.0
3109,8df99ec603f997732247,NOUN,1.0,0.0,1.0
3110,223bf0a0660167baec39,VERB,0.0,0.0,0.0
3110,e27012c325ec429f0427,CONJ,1.0,1.0,0.0
3110,e27012c325ec429f0427,VERB,0.0,1.0,-1.0
3111,6d1cfe114ae4c9dc7a7d,NOUN,0.0,0.0,0.0
3111,6d1cfe114ae4c9dc7a7d,VERB,0.0,0.0,0.0
3111,ccf570d0805be5a2a615,NOUN,0.0,0.0,0.0
3112,439815b360cfc300d8df,NOUN,0.5,0.0,0.5
3112,5bccf976d2d0392ab851,NOUN,0.0,1.0,-1.0
3113,b1722fe4a1dbf75c8d93,NOUN,0.0,1.0,-1.0
3113,b1722fe4a1dbf75c8d93,VERB,0.0,0.0,0.0
3113,b25d703888e78f4ebf24,CONJ,1.0,1.0,0.0
3113,b25d703888e78f4ebf24,VERB,0.0,1.0,-1.0
3114,15f425c659fba4ce2917,CONJ,1.0,1.0,0.0
3114,15f425c659fba4ce2917,NOUN,0.25,0.0,0.25
3114,5e4a9fea8423f08d690a,ADJF,1.0,1.0,0.0
3115,e7483e4777a7d3157c39,PREP,1.0,1.0,0.0
3116,9e94caa645c93038b4cc,NOUN,0.0,1.0,-1.0
3116,9e94caa645c93038b4cc,PREP,1.0,1.0,0.0
3116,e7a3c22533e2d1c33949,VERB,0.0,1.0,-1.0
3117,7586af96291255042b65,NOUN,0.0,0.0,0.0
3117,fd5d2867a9086cb0d615,NOUN,0.0,0.0,0.0
3118,34bcabbe4278b7fcafa6,NOUN,1.0,1.0,0.0
3118,34bcabbe4278b7fcafa6,PREP,1.0,1.0,0.0
3118,8319bab75df74dc90f97,NOUN,1.0,1.0,0.0
3119,49939f1f46d13ceaa722,ADJF,1.0,0.0,1.0
3119,49939f1f46d13ceaa722,NOUN,1.0,0.0,1.0
3119,898a564c860fece8b30b,NOUN,1.0,0.0,1.0
3120,400ccc8ea7ca3b37f544,CONJ,1.0,1.0,0.0
3121,88f723d722687815f6e3,NOUN,0.5,0.0,0.5
3122,2834ac6d934e45496285,ADJF,1.0,0.0,1.0
3122,7c6d0b13964dbcdf3fe1,ADJF,0.5,1.0,-0.5
3123,3ef9cc5ecfd343516e8d,NOUN,1.0,0.0,1.0
3123,65df183329b00221703d,PREP,1.0,1.0,0.0
3123,65df183329b00221703d,VERB,1.0,1.0,0.0
3124,50410373fe46fd3463a4,PREP,1.0,1.0,0.0
3124,50410373fe46fd3463a4,VERB,1.0,1.0,0.0
3124,5d8b8dade08399786630,NOUN,1.0,0.0,1.0
3125,666387c5347562cb0057,NPRO,1.0,1.0,0.0
3125,80257fe189bcf3c27c30,NOUN,0.0,1.0,-1.0
3125,80257fe189bcf3c27c30,PREP,1.0,1.0,0.0
3125,816e63a5e85837cc1e03,NOUN,0.5,0.0,0.5
3126,73898865edbeb13cc420,NOUN,0.3333333333333333,1.0,-0.6666666666666667
3126,f5410099684697820075,NOUN,1.0,0.5,0.5
3127,6277b9548b38974e1889,ADJF,1.0,0.0,1.0
3127,6277b9548b38974e1889,NOUN,0.5,1.0,-0.5
3127,c43cfb452a09b38eb703,NOUN,0.0,0.0,0.0
3127,c43cfb452a09b38eb703,VERB,0.0,1.0,-1.0
3128,99a4bf3b59af18a55f69,NOUN,0.5,0.0,0.5
3128,99a4bf3b59af18a55f69,PREP,1.0,0.0,1.0
3129,22459598a034c058e1ab,NOUN,0.5,1.0,-0.5
3129,22459598a034c058e1ab,PREP,1.0,1.0,0.0
3129,6b897de830749c0cdf5c,NOUN,0.5,0.0,0.5
3130,99f69543bde6a01e42d2,NOUN,0.0,0.0,0.0
3131,0072639d1fbc5103d5b3,ADJF,1.0,0.0,1.0
3131,0072639d1fbc5103d5b3,NOUN,1.0,0.0,1.0
3131,1022c66c7314cc1ae54b,NOUN,0.5,0.0,0.5
3131,2bc8915ecfd87883d66e,ADVB,0.0,1.0,-1.0
3132,bfe19657e3c4c4f09951,NOUN,1.0,1.0,0.0
3132,e80f549d95879601feb9,NOUN,0.5,0.0,0.5
3133,04616e0e9107a63e1881,VERB,0.0,1.0,-1.0
3133,96ed423c8e11e0cc5797,CONJ,1.0,1.0,0.0
3133,96ed423c8e11e0cc5797,VERB,0.0,1.0,-1.0
3134,255adfbb6a7ccda4f722,NOUN,0.0,1.0,-1.0
3134,255adfbb6a7ccda4f722,VERB,0.0,0.0,0.0
3134,33e06e961c5d96e82fd0,VERB,0.0,0.0,0.0
3134,b1ff9b5d094bbe8c7910,NOUN,0.5,1.0,-0.5
3135,ecc471fc38a0541b3e1c,ADJF,1.0,0.0,1.0
3136,0d71d08b189f3c972f6e,NOUN,1.0,1.0,0.0
3136,0d71d08b189f3c972f6e,PREP,1.0,1.0,0.0
3136,3d6839f7958115d5a556,NOUN,0.5,0.0,0.5
3136,3d6839f7958115d5a556,PREP,1.0,1.0,0.0
3136,dcac06f01b29f07da1ce,VERB,1.0,0.0,1.0
3137,7107fb1ef5f2aab63f26,NOUN,1.0,1.0,0.0
3137,d593381a08cbffd2bcf1,NOUN,1.0,0.0,1.0
3138,2543ff3fc4770cc98ec0,ADJF,0.0,1.0,-1.0
3139,29cdbe1dcc4454f98067,NOUN,1.0,0.0,1.0
3139,684c773ab11e5d9fb7ce,NPRO,1.0,1.0,0.0
3139,e4f70a9359abbfbcf3c0,ADJF,1.0,0.0,1.0
3140,38063ffaff43e767c7f8,CONJ,1.0,1.0,0.0
3143,11d6c06ce0c9519be2b6,ADJF,1.0,0.0,1.0
3143,11d6c06ce0c9519be2b6,ADVB,1.0,0.0,1.0
3143,3a5f4ad21427624802d4,ADVB,0.0,0.0,0.0
3143,a9661bfc245b9d26a986,ADVB,1.0,1.0,0.0
3144,325bef1ec0d885fba6b6,ADJF,1.0,0.0,1.0
3144,65ca9cbd1909d69f018d,ADJF,1.0,1.0,0.0
3144,65ca9cbd1909d69f018d,NOUN,0.5,1.0,-0.5
3145,043d05130877f4f9df12,NOUN,1.0,0.0,1.0
3145,043d05130877f4f9df12,NPRO,1.0,1.0,0.0
3145,3f9a90a6510faa26531b,NOUN,1.0,0.0,1.0
3146,6e85a12725ed640f4e38,ADJF,1.0,1.0,0.0
3146,b4bbe6e3db758d3cef4f,ADJF,1.0,1.0,0.0
3147,215c19a8154bfefa38d0,VERB,1.0,0.0,1.0
3147,d7d56a72fd8d882477f7,PRCL,1.0,1.0,0.0
3148,a737f41d860d8e67e7b8,ADJF,1.0,1.0,0.0
3149,08afbe918a8cd1708998,ADJF,1.0,0.0,1.0
3149,08afbe918a8cd1708998,PREP,1.0,1.0,0.0
3150,0998c37f5d757a8d8d49,ADJF,0.0,1.0,-1.0
3150,0998c37f5d757a8d8d49,NOUN,0.0,0.0,0.0
3150,f450fcbf664e96aa7b26,NOUN,0.0,0.0,0.0
3151,2b962cc23bb160b64517,NOUN,0.0,0.5,-0.5
3151,ee1b3fe320d6ff9825f4,NOUN,0.5,1.0,-0.5
3152,1e4fdd0180e5056569b3,PREP,1.0,1.0,0.0
3153,0563e6e54a119417d6f9,PRCL,1.0,1.0,0.0
3153,884845092402e9ce4747,NOUN,0.5,0.0,0.5
3153,8efc49ce20c6b3364b80,INFN,1.0,0.0,1.0
3153,8efc49ce20c6b3364b80,PREP,1.0,1.0,0.0
3154,1efb418cc05f127e0782,NOUN,0.6666666666666666,1.0,-0.33333333333333337
3154,1efb418cc05f127e0782,PRCL,1.0,1.0,0.0
3154,d2a9ee8e9d97f612aff1,NPRO,1.0,1.0,0.0
3155,6c9821486bb9583cfb01,NOUN,1.0,1.0,0.0
3156,0cf50ee3167f5a828bce,NOUN,0.5,1.0,-0.5
3156,ed5f53a6c48f2cded630,CONJ,1.0,1.0,0.0
3156,ed5f53a6c48f2cded630,NOUN,1.0,1.0,0.0
3157,c76c17ea5bf64dd1f7f2,NOUN,0.3333333333333333,0.0,0.3333333333333333
3158,477aa3294e3f5ab43340,NOUN,1.0,0.0,1.0
3159,6defe4796ee5a43fa65e,NOUN,0.6666666666666666,0.0,0.6666666666666666
3160,4280820f32d40fec465b,VERB,1.0,1.0,0.0
3160,db02e968c571dbe2d05a,VERB,1.0,1.0,0.0
3161,94bee4d22c22eb3aef90,ADVB,1.0,0.0,1.0
3161,f3b739a44b9a92a1d11c,NOUN,0.6666666666666666,1.0,-0.33333333333333337
3162,1373b0acead547599531,NOUN,0.3333333333333333,1.0,-0.6666666666666667
3162,8dcc7f3c424750806787,CONJ,0.0,1.0,-1.0
3162,8dcc7f3c424750806787,NOUN,0.25,0.0,0.25
3163,62827f390e54837e2918,NOUN,1.0,0.0,1.0
3163,7e0a478c34f8d3a8e601,PREP,1.0,1.0,0.0
3163,e57a8c4e1fdd911e51c8,NOUN,0.6,0.0,0.6
3165,6362b3aee2549ca780c5,PREP,1.0,0.0,1.0
3165,70e81a8334e4a1ca944e,VERB,0.0,1.0,-1.0
3168,95121658c34557435ea1,NOUN,0.5,0.0,0.5
3169,2836e88311b9e153b002,CONJ,1.0,1.0,0.0
3169,e8cbdfe3d979598ccada,VERB,0.5,0.0,0.5
3170,1c229fe5892ddfe1d083,NOUN,0.5,1.0,-0.5
3170,f2a172b9d7c761a9aef5,NOUN,1.0,0.0,1.0
3171,5e17e1994881cc800608,NOUN,0.3333333333333333,0.0,0.3333333333333333
3171,5e17e1994881cc800608,PREP,1.0,1.0,0.0
3172,534b04f86f915377e79d,NOUN,0.0,0.0,0.0
3172,c25f28f883bc68457ed2,VERB,1.0,0.0,1.0
3173,e8eb57c0601534e41eb8,PREP,1.0,1.0,0.0
3175,5b2d3ee4b186542c25c5,PREP,1.0,1.0,0.0
3176,f888222f1c87f97c3522,NOUN,0.0,0.0,0.0
3177,53447cee86a1ed749138,ADJF,0.0,0.0,0.0
3177,53447cee86a1ed749138,NOUN,0.0,1.0,-1.0
3177,ca33d8d48f111831dcc8,NOUN,0.0,0.0,0.0
3179,434fc458f107a3d5a1dd,NOUN,0.0,1.0,-1.0
3179,a495b9c5ec69c3da02a0,VERB,0.0,0.0,0.0
3180,01264a8b778b00d5c49e,PRCL,1.0,0.0,1.0
3180,40c628ffe3174d83b9ad,PRCL,1.0,1.0,0.0
3181,2bc7f7cf1247aad84fe4,NOUN,0.5,0.0,0.5
3181,431136c0a09f425a339f,NOUN,0.5,0.0,0.5
3182,0e2406a4614b97192772,CONJ,1.0,0.0,1.0
3182,9dce33700f1c1a24a803,NOUN,1.0,1.0,0.0
3182,aa06d7290f8eeb8137ce,CONJ,1.0,1.0,0.0
3187,2557eecbfe21ef650ea8,NOUN,1.0,0.0,1.0
3187,f4b531d0e7832a257b5a,NOUN,0.5,0.0,0.5
3189,7a4c17d22761ff156ea8,NPRO,0.0,1.0,-1.0
3189,c32d5d5966066e897199,NPRO,1.0,1.0,0.0
3191,fc4abac147b22cab0d63,NOUN,0.5,0.0,0.5
3191,fc4abac147b22cab0d63,PREP,1.0,1.0,0.0
3192,d720f4e9aa70e6b76de3,NOUN,0.3333333333333333,0.0,0.3333333333333333
3192,d720f4e9aa70e6b76de3,PREP,1.0,1.0,0.0
3192,de7556445df587901679,NOUN,1.0,0.0,1.0
3192,fb0708103ae7ba83e97e,NOUN,1.0,0.0,1.0
3193,7953c80f438971cbab02,NPRO,1.0,1.0,0.0
3193,7953c80f438971cbab02,VERB,1.0,0.0,1.0
3193,d1867d1417062ffca15b,CONJ,1.0,0.0,1.0
3194,55234de1d3fb4ec2f5da,CONJ,1.0,0.0,1.0
3194,a156811ddbe7d3cfefc1,VERB,1.0,1.0,0.0
3194,a766005c2d61a55d75be,CONJ,1.0,1.0,0.0
3195,6e47bc9b2f94fadba437,VERB,0.0,1.0,-1.0
3195,88960055ea425e4e8b57,VERB,1.0,1.0,0.0
3195,fe8cde549592cf5d02ac,NOUN,0.0,0.0,0.0
3195,fe8cde549592cf5d02ac,VERB,1.0,0.0,1.0
3196,38de0d869abad98e40d7,NOUN,0.0,1.0,-1.0
3196,38de0d869abad98e40d7,PREP,1.0,1.0,0.0
3196,732ec1ebacb0d0731310,NOUN,0.0,1.0,-1.0
3199,ab3ccb456e7a7c03e3c6,VERB,0.0,1.0,-1.0
3200,0b2d225ad091ea9fd384,NOUN,1.0,0.0,1.0
3200,1c45a402421335ef013a,NOUN,1.0,0.0,1.0
3201,64595da4ee4a5b35b4a8,PREP,1.0,1.0,0.0
3204,bf189c1a1568e427db82,NOUN,1.0,0.0,1.0
3204,c142f30ac587e4c8d3aa,NOUN,1.0,0.0,1.0
3207,9b689bd5c5e0a1b3eff1,NOUN,0.0,1.0,-1.0
3207,c9e62fa024c4bea6f1a0,NOUN,0.5,0.0,0.5
3208,7a1f2fb150fc4ae7c5df,NOUN,0.6666666666666666,0.0,0.6666666666666666
3208,cdaf913ac391538e8892,VERB,1.0,0.0,1.0
3208,ea5aec96227efb9addd0,ADJF,1.0,1.0,0.0
3208,ea5aec96227efb9addd0,PREP,1.0,1.0,0.0
3209,e9c2aad44e6c111eda12,ADJF,0.0,1.0,-1.0
3209,e9c2aad44e6c111eda12,NOUN,0.3333333333333333,0.0,0.3333333333333333
3210,938fd42aa46fe59c1c79,PREP,1.0,1.0,0.0
3210,f01bd48aed0d359e6764,NOUN,0.0,0.0,0.0
3211,5b736a2edef9b148e905,NOUN,0.0,0.0,0.0
3211,5b736a2edef9b148e905,PREP,1.0,1.0,0.0
3211,f9321473f2513d10c749,PREP,1.0,1.0,0.0
3212,8c6682c9bf8ee2a5c74a,NOUN,0.5,0.0,0.5
3212,f690ddc7384446c32c06,NOUN,1.0,0.0,1.0
3214,83350a43434fc7375a7b,NOUN,0.0,0.0,0.0
3214,b7e776c2505af403e3b2,NOUN,1.0,0.0,1.0
3263,5cd97ab6a9eb491d51c4,NOUN,1.0,0.0,1.0
3265,3c160d4b17d85ffcbea4,NOUN,0.6666666666666666,0.0,0.6666666666666666
3266,3a2a5bbcd7e292217286,NPRO,1.0,0.0,1.0
3266,96de27e166bfd6efd2ab,NOUN,1.0,0.0,1.0
3266,96de27e166bfd6efd2ab,PREP,1.0,1.0,0.0
3266,f3a2c031ef6c761e0532,PREP,1.0,1.0,0.0
3267,469f0875423ef5b8147b,PRCL,1.0,1.0,0.0
3267,fc84d2a605d6748da54c,PRCL,1.0,1.0,0.0
3270,44cd40309d3497ce8123,ADJF,1.0,0.0,1.0
3270,44cd40309d3497ce8123,NPRO,1.0,1.0,0.0
3271,28320fa1dd53c9e74b3d,NOUN,0.5,0.0,0.5
3271,b934c02ddee249654114,NOUN,0.0,1.0,-1.0
3273,44552a072495dbe0e805,ADJF,1.0,1.0,0.0
3273,a27d27eb4c00f0593ca6,ADJF,0.5,1.0,-0.5
3273,d915474318ff29f68cf8,NPRO,1.0,1.0,0.0
3274,6076bce95fb4c0d0d87f,NOUN,1.0,1.0,0.0
3274,b44b2231ead4f2c5a571,NOUN,0.0,1.0,-1.0
3275,4cbcc34c10dea037a9da,NOUN,0.0,1.0,-1.0
3276,be4a1abbb5dcc20023f8,NOUN,0.5,1.0,-0.5
3276,ef14b9698d1a4388d11e,ADJF,0.0,1.0,-1.0
3276,ef14b9698d1a4388d11e,NOUN,1.0,1.0,0.0
3277,4485990feb81dedf56be,NOUN,1.0,1.0,0.0
3277,50f2559f897e2fc31ea6,NOUN,0.6666666666666666,1.0,-0.33333333333333337
3277,e4ca89e9eb09ad7d5a50,NOUN,1.0,1.0,0.0
3278,8e57bad4d8fb021f5de9,VERB,1.0,0.0,1.0
3278,ba639149b74632e4bdc8,NOUN,1.0,1.0,0.0
3278,cc3436f08f0af592cdd1,ADJF,1.0,0.0,1.0
3278,cc3436f08f0af592cdd1,PRCL,1.0,1.0,0.0
3279,398472fa2e85d2312a84,PRCL,1.0,0.0,1.0
3279,652561dbf917a8309983,VERB,1.0,0.0,1.0
3281,9761487b07bb24f462fb,ADJF,0.0,0.0,0.0
3282,972b2461d88e1845cf13,NOUN,0.5,0.0,0.5
3283,1d2a667637fb2791c7cb,PREP,1.0,1.0,0.0
3284,2fd0e522b0a53d07b5db,NOUN,1.0,0.0,1.0
3284,3ed4bdba3eef13fa668f,NOUN,1.0,0.0,1.0
3285,00fa06f04ec90961776f,ADJF,1.0,1.0,0.0
3285,9c72c3152cfbf49dd1bd,NOUN,1.0,0.5,0.5
3287,663d3e8a7f9e58720d5e,ADJF,1.0,0.0,1.0
3287,697390b83b0b068c3a04,NOUN,0.0,1.0,-1.0
3288,25188d298ca38776f877,ADJF,0.0,0.0,0.0
3288,25188d298ca38776f877,NOUN,1.0,0.0,1.0
3288,5eb003b97d928e8d5237,ADJF,0.0,0.0,0.0
3288,5eb003b97d928e8d5237,NOUN,1.0,1.0,0.0
3289,9b7f4b8e020d28068da4,VERB,1.0,0.0,1.0
3289,e2068e71ffd9fc5e4646,NOUN,0.3333333333333333,1.0,-0.6666666666666667
3290,01a5301708cf54196972,ADJF,0.0,1.0,-1.0
3290,01a5301708cf54196972,NOUN,0.6666666666666666,0.0,0.6666666666666666
3292,3bdd4234a133eb4e682c,NOUN,0.3333333333333333,0.0,0.3333333333333333
3293,8286195b6494e0534087,NOUN,0.0,1.0,-1.0
3293,99e7b55e12e9f47def35,NOUN,1.0,0.0,1.0
3293,e0c71a67a968a92b931e,PREP,1.0,1.0,0.0
3294,7a31eb3977eaf9e3d4c1,NOUN,1.0,1.0,0.0
3294,7a31eb3977eaf9e3d4c1,VERB,0.0,1.0,-1.0
3294,8b667abb2e5ab4d11a07,PREP,1.0,1.0,0.0
3295,94238a370faf703bdc27,PREP,1.0,1.0,0.0
3296,8f8bf29d7e17fda6ffb8,INFN,1.0,0.0,1.0
3296,f188a3d82bf37e15871a,NOUN,0.0,0.0,0.0
3297,349ea1e3318ad248da4f,NOUN,1.0,0.0,1.0
3297,349ea1e3318ad248da4f,PREP,1.0,1.0,0.0
3297,b25292e2ff28b0c71921,PREP,1.0,1.0,0.0
3297,fb4cc8ae86c2fa05e165,PREP,1.0,0.0,1.0
3298,aec249f69fb8a22cfe36,NOUN,1.0,1.0,0.0
3298,c909973b3c288d7458b3,PREP,1.0,1.0,0.0
3299,42a45d292180f5946cd3,NOUN,1.0,1.0,0.0
3299,42a45d292180f5946cd3,NUMR,1.0,1.0,0.0
3299,9502345026788b3bbfc7,NOUN,0.5,1.0,-0.5
3299,f5b36a90125642bc90fd,NOUN,1.0,1.0,0.0
3300,54e3543b97945214183a,NOUN,1.0,0.0,1.0
3300,af359c77ee817545e461,NOUN,0.0,0.0,0.0
3301,19a28d85c0c45d424fd3,VERB,1.0,0.0,1.0
3301,4b6a66f1f890c24ad4e3,ADJF,1.0,0.0,1.0
3301,4b6a66f1f890c24ad4e3,VERB,0.0,0.0,0.0
3301,b15cb9a27ef71ec32749,ADJF,1.0,0.0,1.0
3302,94fdfbbd76ffa33c4c5e,NOUN,1.0,0.0,1.0
3303,00188d6a4b669e73e1e0,NOUN,1.0,0.0,1.0
3303,00188d6a4b669e73e1e0,VERB,1.0,0.0,1.0
3303,a3141b7532f8d953bab5,NOUN,1.0,0.0,1.0
3303,ff92dd6954057453b969,PRCL,1.0,0.0,1.0
3303,ff92dd6954057453b969,VERB,0.0,0.0,0.0
3304,84f8f08baa98b4bd3357,NOUN,0.5,0.0,0.5
3305,936b8f5980d110b17edc,NOUN,0.0,0.0,0.0
3305,bf0d37a049016350cf12,NOUN,0.5,0.0,0.5
3307,e51237919739503bfc23,NOUN,0.6666666666666666,1.0,-0.33333333333333337
3307,e51237919739503bfc23,PREP,1.0,1.0,0.0
3307,fc1cb7b3e5fe60aadf45,NPRO,0.5,0.0,0.5
3308,363db9d244fc8a31cd0c,NOUN,0.0,1.0,-1.0
3308,b1e8ade22db351aa8c81,NPRO,1.0,1.0,0.0
3308,b1e8ade22db351aa8c81,PREP,1.0,1.0,0.0
3308,ecceb0a57939d2579e62,PREP,1.0,1.0,0.0
3309,7122cd14ca8c9fe25271,NOUN,0.0,1.0,-1.0
3309,7122cd14ca8c9fe25271,VERB,0.0,1.0,-1.0
3310,2f6e7d8a058d2daa3036,ADJF,0.0,0.0,0.0
3311,89698235b8a0f61b2691,ADJF,1.0,1.0,0.0
3311,89698235b8a0f61b2691,PREP,0.0,1.0,-1.0
3311,dca23c4dd492837e645c,ADJF,1.0,0.0,1.0
3311,dca23c4dd492837e645c,VERB,1.0,0.0,1.0
3312,4795e54ebd6cecbaa3df,NOUN,1.0,1.0,0.0
3312,4795e54ebd6cecbaa3df,PREP,1.0,1.0,0.0
3312,52281661e364f4632496,NOUN,1.0,1.0,0.0
3313,96c1d78b7910338dea39,NOUN,1.0,1.0,0.0
3313,96c1d78b7910338dea39,VERB,0.0,0.0,0.0
3313,cffb5e45647430105a3d,NOUN,1.0,0.5,0.5
3315,41b1cb14c883bb9b85b5,NOUN,1.0,0.0,1.0
3315,e53cf0322d86e73c5a8d,NOUN,1.0,0.5,0.5
3316,35faabc9b082aa942b0d,CONJ,1.0,1.0,0.0
3316,782d9478dbf88c46c69e,ADJF,1.0,1.0,0.0
3316,782d9478dbf88c46c69e,NOUN,1.0,0.0,1.0
3316,a27719e15e360800ee69,NOUN,1.0,1.0,0.0
3317,4713d258dd1a889d120e,VERB,0.0,0.0,0.0
3317,de3272a64c9b2bf6abee,NOUN,0.5,0.0,0.5
3318,5efebcdea7b41a1b7d1b,NOUN,0.5,0.0,0.5
3318,83bda324cdc2c6254355,PREP,1.0,1.0,0.0
3319,2e4b37e3ee29617c5bb6,NOUN,1.0,0.0,1.0
3319,2e4b37e3ee29617c5bb6,PREP,1.0,1.0,0.0
3319,4f4243bafc4fff9f66cb,ADVB,0.0,1.0,-1.0
3319,4f4243bafc4fff9f66cb,VERB,0.0,0.0,0.0
3319,7d75e90d3bc68c2acf57,NOUN,0.3333333333333333,0.0,0.3333333333333333
3320,1f7b53ed7df72eb63f5a,ADJF,1.0,0.5,0.5
3320,ffb8e50f60522337b233,NOUN,1.0,1.0,0.0
3320,ffb8e50f60522337b233,VERB,0.0,1.0,-1.0
3321,bcedfbf194698ee2c508,NOUN,1.0,0.0,1.0
3321,bcedfbf194698ee2c508,VERB,1.0,1.0,0.0
3322,76bd51e097199d71cc9a,NOUN,0.0,0.0,0.0
3322,8ebe3cf7bf06c79e08f0,NOUN,1.0,1.0,0.0
3323,a331e02ac74202f21d20,NOUN,0.5,1.0,-0.5
3323,c0d13f34adcb65f9633e,NOUN,0.0,1.0,-1.0
3324,0bae5d6b6bd0b8bc9df8,NOUN,0.0,0.0,0.0
3324,0bae5d6b6bd0b8bc9df8,PREP,1.0,1.0,0.0
3325,a0d99c60f2c02bbdfa29,NOUN,0.5,0.0,0.5
3325,ae36e0698cff6c391cf8,NOUN,0.0,1.0,-1.0
3326,1d51f0a8bcbd1009de41,ADJF,0.0,0.0,0.0
3326,1d51f0a8bcbd1009de41,NOUN,0.5,1.0,-0.5
3327,547bf3be8b72fb5d0dd7,NOUN,0.2,0.0,0.2
3327,a2c07f309f74f296cd26,CONJ,1.0,1.0,0.0
3327,a2c07f309f74f296cd26,PREP,1.0,1.0,0.0
3328,35244243f493110ac674,NOUN,0.5,0.0,0.5
3328,962239bcd3b46ab1e2d4,NOUN,0.0,0.0,0.0
3328,962239bcd3b46ab1e2d4,PREP,1.0,1.0,0.0
3329,07a4ee4850eb46c83dfb,VERB,0.0,0.0,0.0
3329,4667803c214d8f4df08c,NOUN,0.0,0.0,0.0
3329,4667803c214d8f4df08c,PREP,1.0,1.0,0.0
3329,e2d53b5a965fad350ae1,NOUN,1.0,0.0,1.0
3331,75f83adcffed1a6751e0,NOUN,1.0,0.0,1.0
3332,866af162a238163c42b4,CONJ,0.5,1.0,-0.5
3332,866af162a238163c42b4,NOUN,0.3333333333333333,0.0,0.3333333333333333
3333,347fb88c8da178e35244,NPRO,1.0,0.0,1.0
3333,e77228efb770994bbeb1,ADJF,1.0,1.0,0.0
3333,e77228efb770994bbeb1,VERB,1.0,1.0,0.0
3334,193028e5909d1faac070,NOUN,1.0,1.0,0.0
3335,6298582169bcad82ca9f,NOUN,1.0,0.0,1.0
3335,6298582169bcad82ca9f,VERB,1.0,0.0,1.0
3335,b5b6eeaa3b1bff223263,ADJF,1.0,1.0,0.0
3335,b5b6eeaa3b1bff223263,NOUN,0.6,1.0,-0.4
3336,96428f2a4347e484409f,NPRO,0.0,1.0,-1.0
3337,820a04a5cf2b194815b7,CONJ,1.0,1.0,0.0
3339,6c2f3e556ce2d0c4bd58,NOUN,0.0,1.0,-1.0
3339,6c2f3e556ce2d0c4bd58,NPRO,1.0,0.0,1.0
3340,1412c70bc0c9bacf3a23,NOUN,1.0,0.0,1.0
3340,1412c70bc0c9bacf3a23,VERB,1.0,1.0,0.0
3341,21bb5ffd1c2eac581ce1,NOUN,0.5,1.0,-0.5
3341,9da768857beea833672b,NOUN,0.5,1.0,-0.5
3342,63d807fd582188172e36,ADJF,0.5,0.5,0.0
3345,eebe7b4d35c826185cb6,PREP,1.0,0.0,1.0
3345,efd83ec700f6afebf0ef,NOUN,0.0,1.0,-1.0
3346,322add3d0cbc6249504c,VERB,0.0,0.0,0.0
3346,4e6c250cc7c6d02f6737,CONJ,1.0,1.0,0.0
3347,2c1cfe1d2b01a1367c43,NOUN,0.0,0.0,0.0
3347,2c1cfe1d2b01a1367c43,VERB,0.0,0.0,0.0
3347,8f2ff82931aa47ceab5f,NOUN,0.0,0.5,-0.5
3348,3e36e78be7244338f3a2,NOUN,1.0,0.0,1.0
3348,9a2f5ee1f28ce265c437,NOUN,0.6666666666666666,0.0,0.6666666666666666
3348,e6896a1e91d8b001496b,NOUN,0.6666666666666666,0.5,0.16666666666666663
3349,9696503f7b6f79366701,NOUN,1.0,0.0,1.0
3349,b623c172b3081d24261c,NOUN,0.5,0.5,0.0
3350,9695827d4b4cc1946048,PREP,1.0,1.0,0.0
3350,9695827d4b4cc1946048,VERB,1.0,1.0,0.0
3351,3e03dc15616692c0c5e6,NOUN,1.0,0.0,1.0
3351,81d2f2cdebdfe1854ed2,NOUN,1.0,0.5,0.5
3352,4b2495efa29f2592f5df,PREP,1.0,1.0,0.0
3352,6212cb787f1f5e6cd43c,VERB,0.0,0.0,0.0
3354,b95335764b9d47457cd7,NOUN,0.0,1.0,-1.0
3355,8bc863d42ae6f2521835,PREP,1.0,1.0,0.0
3355,ac2b4d36ab5f1dade824,NOUN,1.0,0.0,1.0
3355,ae285a5b39b810aa810c,NOUN,0.0,0.0,0.0
3355,ae285a5b39b810aa810c,PREP,1.0,1.0,0.0
3356,020851140e55413ab7a2,NOUN,0.0,1.0,-1.0
3356,2426b47599c0d783c8a8,NOUN,0.0,0.0,0.0
3356,2426b47599c0d783c8a8,PREP,0.0,1.0,-1.0
3356,52e03523b5040a9fefe1,ADJF,1.0,0.0,1.0
3356,52e03523b5040a9fefe1,NOUN,0.25,0.0,0.25
3357,323f50de0b5ab4d806f8,VERB,1.0,0.0,1.0
3357,8560022cfa0043459b08,PREP,1.0,1.0,0.0
3357,c6e0eaf1b34368129b88,NOUN,1.0,1.0,0.0
3357,c6e0eaf1b34368129b88,PREP,1.0,1.0,0.0
3358,4dac7e1d0d1c7b316441,NOUN,1.0,0.0,1.0
3358,b35f5489e3de6707352a,NOUN,0.0,0.0,0.0
3359,17ee1570847c12ccb21b,ADJF,0.0,1.0,-1.0
3359,17ee1570847c12ccb21b,NOUN,1.0,1.0,0.0
3359,9969e9880da9d720a5d2,NOUN,1.0,0.0,1.0
3361,043de8cbe8b45ef9e1d1,NOUN,0.0,1.0,-1.0
3361,043de8cbe8b45ef9e1d1,VERB,1.0,0.0,1.0
3361,2661cb8ffb97efcea690,NOUN,0.6,1.0,-0.4
3363,458fceaa41c76517b54b,ADJF,1.0,0.0,1.0
3363,f14861159e59a5a5ad85,ADJF,1.0,0.5,0.5
3364,60a991c06348f7330bf8,ADJF,1.0,1.0,0.0
3364,60a991c06348f7330bf8,NOUN,1.0,1.0,0.0
3364,c4a0de1ccd13390a4a65,NOUN,0.0,1.0,-1.0
3366,5e51133c12d3f8cbf959,CONJ,1.0,1.0,0.0
3366,5e51133c12d3f8cbf959,NOUN,0.0,0.0,0.0
3369,4b423292cda99c69c356,NOUN,0.6666666666666666,0.0,0.6666666666666666
3369,6d88136d84c9bc792940,ADJF,0.0,0.0,0.0
3369,6d88136d84c9bc792940,PREP,0.0,1.0,-1.0
3370,56c1ea56472a55dad917,ADJF,0.0,0.0,0.0
3370,d9573eada4d6092818db,ADVB,0.5,0.0,0.5
3370,ddd3c2eafe633fa1434d,ADJS,1.0,0.0,1.0
3372,02aa038152ebf342e924,NOUN,0.75,1.0,-0.25
3372,050fee4049f227fdbb36,NOUN,0.5,0.0,0.5
3372,4142398cff36db3d8cfb,NOUN,0.0,0.0,0.0
3372,4142398cff36db3d8cfb,PREP,1.0,1.0,0.0
3373,39e9a9d07ded765cd174,NOUN,0.5,0.0,0.5
3373,f61a8ed631cee007ccb5,ADJF,1.0,1.0,0.0
3373,f61a8ed631cee007ccb5,NOUN,0.5,0.0,0.5
3374,d91bcf7fad9a5e9d2404,ADVB,0.0,1.0,-1.0
3375,619a9ec87d1b77e683ff,NOUN,1.0,1.0,0.0
3375,75dd02ec38e2d634393b,NOUN,1.0,1.0,0.0
3375,c9971b3d61aecf82007a,NOUN,0.0,0.0,0.0
3376,2ad534ca67fb0710da18,NOUN,0.5,0.5,0.0
3377,c9f26f8c35c2028b9b5b,ADJF,1.0,0.5,0.5
3379,a0b713dd440317d9288c,CONJ,1.0,1.0,0.0
3379,bfe64d87a5f4c076697e,CONJ,1.0,0.0,1.0
3380,2d18501ecff33fcf6ede,NOUN,0.5,1.0,-0.5
3380,6c9a802c3b906e51a72e,NOUN,0.5,0.0,0.5
3380,a4dda2142f370bc426f3,NOUN,0.5,0.0,0.5
3381,5d31d0c0a6a0eacb9ceb,PRCL,1.0,1.0,0.0
3381,9c255bd48da611ce1bff,NPRO,1.0,1.0,0.0
3382,1f7e28d14b8f7a2a35fb,NOUN,0.5,0.0,0.5
3382,1f7e28d14b8f7a2a35fb,PREP,1.0,1.0,0.0
3382,430294dfa8179b4cccab,NOUN,0.3333333333333333,0.0,0.3333333333333333
3383,174b332f79032a6074c8,CONJ,1.0,1.0,0.0
3383,174b332f79032a6074c8,VERB,1.0,1.0,0.0
3383,aa8a359e6320da36e2b5,VERB,1.0,0.0,1.0
3384,f7a2233ce9479959901b,PREP,1.0,1.0,0.0
3385,8def397149df4876ad1e,NOUN,0.5,0.0,0.5
3386,9eb14fc26ac1c55c0c3d,CONJ,0.6666666666666666,1.0,-0.33333333333333337
3387,7133f7a5fd58d2b034c9,PREP,0.0,0.0,0.0
3387,8787620cff1fdcd06f96,VERB,0.0,0.0,0.0
3388,12ab46f4eb943b1918b7,ADJF,1.0,1.0,0.0
3388,12ab46f4eb943b1918b7,NOUN,0.0,0.0,0.0
3388,19975e59ec9c9152a0c9,NPRO,1.0,0.0,1.0
3388,e23a1c3bed99893389aa,VERB,0.0,1.0,-1.0
3389,81335f6286e3d8ca6f05,NOUN,0.0,0.0,0.0
3390,5262c1758af7a7c03d74,ADVB,1.0,0.0,1.0
3390,5262c1758af7a7c03d74,NOUN,1.0,0.0,1.0
3390,9145246054bcfc02bf15,NOUN,1.0,0.0,1.0
3390,9145246054bcfc02bf15,VERB,0.0,0.0,0.0
3390,dbef0eb6f02387bb9673,VERB,0.0,1.0,-1.0
3391,5694388b2d99a5ea8500,INFN,0.0,0.0,0.0
3392,04df72d0441223c2c5f6,NOUN,0.5,0.0,0.5
3392,04df72d0441223c2c5f6,PREP,1.0,0.0,1.0
3392,3c4d1f1d3bd136db6db1,NOUN,1.0,0.0,1.0
3392,a83768a56e69669ad3e7,ADJF,1.0,0.0,1.0
3393,68f46add49522fcd5c99,CONJ,0.0,1.0,-1.0
3393,68f46add49522fcd5c99,VERB,0.0,0.0,0.0
3393,8fd43241d215d32fb3e9,NOUN,1.0,0.0,1.0
3394,00d2fb20fe15cc27e7cc,PREP,1.0,1.0,0.0
3396,0eba25f9adffb005560c,NOUN,0.5,0.0,0.5
3397,3c756b8823aa03089393,ADJF,1.0,0.0,1.0
3397,73f15813265bd02fe44a,NOUN,0.0,0.0,0.0
3397,c34e1e48648ffaa861d6,VERB,1.0,0.0,1.0
3398,663c2d315ac9823e3e7f,NOUN,0.0,0.0,0.0
3398,663c2d315ac9823e3e7f,PRED,1.0,1.0,0.0
3399,c8e20326e513655dc4d1,ADJF,1.0,1.0,0.0
3399,e4c3099a659d990949a2,ADJF,1.0,0.0,1.0
3400,2ba3b186704b7852031c,CONJ,1.0,1.0,0.0
3400,bd161d0483b8ea8a63d5,CONJ,1.0,0.0,1.0
3400,bd161d0483b8ea8a63d5,NPRO,0.0,0.0,0.0
3400,de59146f778d74fba783,NOUN,0.0,0.0,0.0
3400,de59146f778d74fba783,PREP,1.0,1.0,0.0
3401,14a330614bf3163fa098,NOUN,1.0,0.0,1.0
3401,5d9ac5caa111385d401a,NOUN,1.0,0.0,1.0
3402,7bf741341f52137c8ca4,VERB,0.0,1.0,-1.0
3402,9b188c2f815cc9534864,NOUN,0.0,1.0,-1.0
3402,cb6953d82dcfe3fd3f1d,PREP,1.0,1.0,0.0
3403,232006ec7440d1bdd786,ADVB,1.0,0.0,1.0
3403,7baab18078654b7675be,ADJF,0.0,0.0,0.0
3403,7baab18078654b7675be,NOUN,0.0,0.0,0.0
3403,ca9b2b5b5db1e4b64e6e,NOUN,1.0,0.0,1.0
3405,94aaa86d55f82a0064a8,NOUN,1.0,0.0,1.0
3407,354707017850b4447e22,CONJ,1.0,1.0,0.0
3407,354707017850b4447e22,VERB,0.5,0.0,0.5
3407,98ab64b80c381db46d27,CONJ,1.0,0.0,1.0
3408,3f1b941a4fa4c456dc68,NOUN,0.5,0.0,0.5
3408,8915a5819ffa6aac4e7b,NOUN,1.0,0.0,1.0
3408,e69f91bb05fdad44e631,ADJF,0.0,0.0,0.0
3410,292571d564c419578308,NOUN,1.0,0.0,1.0
3410,292571d564c419578308,VERB,1.0,0.0,1.0
3410,ab994e179d4fa8b1282c,NOUN,1.0,0.0,1.0
3410,ccde6781cd68ed8d5352,NPRO,1.0,1.0,0.0
3410,cf24570ccbb2bde41997,NPRO,1.0,1.0,0.0
3410,dc7fb5ec003324bb3f4b,NOUN,1.0,0.0,1.0
3411,b2fad00210f476164adc,NOUN,0.5,0.0,0.5
3411,f187691340a0fdf4ec4d,NOUN,1.0,1.0,0.0
3412,00ca33f7e11460aeedef,NOUN,0.0,0.0,0.0
3412,8118f3dbbe9a9ec79988,NOUN,1.0,0.0,1.0
3413,3ea10c642f36a30d58b9,NOUN,0.0,1.0,-1.0
3413,d915efd4afb8b0fe186e,NOUN,0.0,0.0,0.0
3414,d8334609e9a7e7296078,NOUN,0.25,0.0,0.25
3414,d8334609e9a7e7296078,VERB,1.0,0.0,1.0
3414,dc62bc542b0fa21fd2e7,VERB,1.0,0.0,1.0
3415,300e63bcaa2493121dd1,NOUN,1.0,1.0,0.0
3415,34400a6ddcb670bd9890,NOUN,0.5,0.0,0.5
3415,34400a6ddcb670bd9890,PREP,1.0,0.0,1.0
3416,494c9046ef295eed55a3,NOUN,1.0,0.0,1.0
3416,4964cf2304749e40e93a,VERB,1.0,0.0,1.0
3416,5406a69116fb3bf1a7cf,NOUN,0.0,0.0,0.0
3416,5406a69116fb3bf1a7cf,VERB,1.0,0.0,1.0
3416,f3fa4e1fcc0e90c686a0,NOUN,1.0,0.0,1.0
3417,45a97c2e1436979ab81b,NOUN,0.0,0.0,0.0
3417,4a09cff9d7bd229bd794,NOUN,0.5,0.0,0.5
3417,77c36e89eb8f6f01fba5,NOUN,0.3333333333333333,0.0,0.3333333333333333
3417,d10837aa1064185795e5,PREP,1.0,1.0,0.0
3418,0a937944d55a868a7ea9,NOUN,0.75,0.0,0.75
3418,a2322eee94565b129299,NOUN,0.0,0.0,0.0
3419,124dd5a6f629fe7ac97a,PREP,1.0,1.0,0.0
3419,124dd5a6f629fe7ac97a,PRTS,0.0,1.0,-1.0
3419,6bd523937d3d799b422b,CONJ,1.0,1.0,0.0
3419,6bd523937d3d799b422b,PRCL,1.0,1.0,0.0
3420,654f948edeee69ce2d3a,NOUN,0.0,0.0,0.0
3420,e05d6eab7f3083186e0f,PRCL,0.5,0.0,0.5
3421,937b1b876163265eb909,ADJF,1.0,0.0,1.0
3421,e10b7ef15aae1f48f94e,ADJF,0.0,0.0,0.0
3421,ee194e3968445a3d389f,VERB,1.0,0.0,1.0
3422,16f81e9f9bb4d149e2c4,NOUN,1.0,0.0,1.0
3422,216b34fecb73605b68f4,PRCL,0.0,0.0,0.0
3422,58ce64aac13e94d27a56,NOUN,1.0,0.0,1.0
3422,f344b2acf67a61ace0bb,NOUN,1.0,0.0,1.0
3423,18799e0c94bb8964fb7b,ADVB,0.0,0.0,0.0
3423,18799e0c94bb8964fb7b,PRCL,1.0,0.0,1.0
3423,e647c63a68db4c71784b,NOUN,0.5,0.0,0.5
3424,036448ee4f594f999f89,PREP,1.0,1.0,0.0
3424,036448ee4f594f999f89,VERB,0.0,0.0,0.0
3424,0a5bc98f606dc10dc5da,PREP,1.0,1.0,0.0
3424,284ceca980bc42c1be9e,CONJ,1.0,1.0,0.0
3424,635b1218ad31fb634334,PREP,1.0,1.0,0.0
3424,f6ce6edac1de17bfae0e,PREP,0.0,1.0,-1.0
3425,25563f529158a5e5337b,PREP,1.0,1.0,0.0
3425,8bdf164deb6006def8c8,NOUN,0.0,0.5,-0.5
3425,fff64ad740fe6859a8fe,NOUN,0.0,0.0,0.0
3427,372ec323379df2cd3bc0,CONJ,1.0,0.0,1.0
3427,c9e4f69db0af95b98f83,ADJF,1.0,0.0,1.0
3428,3f598557350f06ed19e2,VERB,0.0,0.0,0.0
3429,26cedf535578b1b7f7e5,VERB,0.0,0.0,0.0
3429,4fab8781e77642176cbf,VERB,0.0,0.0,0.0
3429,80ec38789b40dc3b5a9c,ADVB,0.0,0.0,0.0
3429,9562275c999301fba7c0,NPRO,1.0,1.0,0.0
3430,1e529ac2120cddc7a4ca,ADJF,0.0,0.0,0.0
3431,d7be5841290e247cc22d,PRCL,0.0,0.0,0.0
3432,2e927003e7271790132a,ADVB,1.0,0.5,0.5
3432,6615558746ded96caa42,CONJ,1.0,0.0,1.0
3433,7b82eccd423eac8e9af3,INFN,0.0,1.0,-1.0
3433,a720c3c3c5a1a3e2907b,NOUN,0.5,0.0,0.5
3434,43436397abbda9de6bbf,NOUN,1.0,0.0,1.0
3434,4b031018ab896259bd0e,ADVB,0.0,0.0,0.0
3434,5264f49c11add2c77271,NOUN,1.0,0.0,1.0
3434,9641cc390f1c455220cd,ADVB,0.0,0.0,0.0
3435,5afe38e777e3b0353db9,NOUN,0.5,0.0,0.5
3435,85d82363d378e3e698f9,NOUN,0.3333333333333333,1.0,-0.6666666666666667
3435,99fbe770da9426ddf7ba,ADJF,0.0,0.0,0.0
3435,99fbe770da9426ddf7ba,PREP,1.0,1.0,0.0
3435,eff8827f64e6d7ab5ca8,NOUN,1.0,0.0,1.0
3436,1103f9fd0dc3a1d1c539,NOUN,0.5,0.0,0.5
3436,1103f9fd0dc3a1d1c539,PREP,1.0,1.0,0.0
3436,a9b3ae38da20f9d0a653,VERB,1.0,0.0,1.0
3436,de8a96dabee4e8104fec,NOUN,0.5,0.5,0.0
3437,071baf70ba0ba023aa9f,ADJF,1.0,1.0,0.0
3437,3a18ec9b9e67d5eeb14e,NPRO,1.0,0.0,1.0
3437,42394bb903a708976a72,NOUN,0.5,0.0,0.5
3437,42394bb903a708976a72,PREP,1.0,1.0,0.0
3437,8912896d563b0bdc1547,NOUN,0.0,0.0,0.0
3437,a4bfce3c5944dd476cd3,PREP,1.0,1.0,0.0
3438,20b8dbc731664669e95a,PRCL,0.0,0.0,0.0
3439,829dd9651fb4a2dd206c,PRTS,0.0,0.0,0.0
3439,f13762ae215e626920ee,NOUN,0.0,0.0,0.0
3440,4ef2a3fb9658e83c5f81,ADJF,0.0,1.0,-1.0
3440,6ddfc34e65ea19121bcc,ADJF,0.0,0.0,0.0
3441,44c18cd19e601fdd0815,ADVB,0.0,1.0,-1.0
3442,a514122bab75174a58c9,CONJ,1.0,0.0,1.0
3442,d90ffbc8961427961778,NOUN,0.3333333333333333,0.0,0.3333333333333333
3443,66a6f6f83a48a7bb82f4,CONJ,1.0,1.0,0.0
3444,1ffe316a3650e29cf943,NOUN,1.0,1.0,0.0
3444,1ffe316a3650e29cf943,VERB,0.0,0.0,0.0
3444,7a7b50c36d1eb648cce5,NPRO,0.5,0.0,0.5
3445,0393c3fa123327338008,NOUN,1.0,0.0,1.0
3445,a14d9b3397aba7e2907a,ADVB,0.0,1.0,-1.0
3446,1dc10f5b9c50039c759b,NPRO,1.0,1.0,0.0
3446,1dc10f5b9c50039c759b,VERB,1.0,1.0,0.0
3446,d75e409284d8064c882c,VERB,1.0,1.0,0.0
3446,e803e55e18041c5784a2,VERB,0.0,1.0,-1.0
3447,d029a2fbc352f2f03683,NPRO,1.0,1.0,0.0
3448,944be0e2833da23f8184,NOUN,1.0,0.0,1.0
3448,f1bc7511a93628b10345,NOUN,1.0,0.0,1.0
3449,3ab61706cddc30078aca,VERB,1.0,0.0,1.0
3449,7e7b0d5f6cdc681ea030,PRCL,1.0,1.0,0.0
3449,f91d2736f309ace14b46,NOUN,1.0,0.0,1.0
3450,24237e92777553bf2004,NOUN,0.0,1.0,-1.0
3450,d41945d064ca342a2200,NOUN,0.0,0.0,0.0
3450,d41945d064ca342a2200,PREP,1.0,1.0,0.0
3451,928931b93de8895fcea5,NPRO,0.5,1.0,-0.5
3453,2060d95c742ebdcce289,NOUN,1.0,0.5,0.5
3454,cf61692890cbdbe50ef5,VERB,1.0,1.0,0.0
3454,d2b72bc1c2fe5db00252,CONJ,1.0,0.0,1.0
3455,8a73348e6388ab10dfc8,INFN,1.0,0.0,1.0
3455,ff23dbdcb90348d221e9,CONJ,0.5,1.0,-0.5
3456,9a39010ccf26e9192f30,CONJ,1.0,1.0,0.0
3457,9437ff585dbfe6dbd44b,NOUN,1.0,0.0,1.0
3457,de2e5fbdf8f1f1948b1b,ADVB,0.5,0.0,0.5
3458,e3299695d38f9a2817ad,ADVB,0.0,1.0,-1.0
3458,ecd2ed34cc9da7c7660c,NOUN,0.0,1.0,-1.0
3459,164bc0ebf040d1914393,VERB,0.0,0.0,0.0
3459,30a480b3af5b1e7d7042,CONJ,0.0,1.0,-1.0
3460,18ab2984e027e3bf7f4b,NPRO,1.0,1.0,0.0
3460,409a69e3b2d270fb93ae,PREP,1.0,1.0,0.0
3460,409a69e3b2d270fb93ae,VERB,0.0,1.0,-1.0
3461,24dfdea3c8b4a8136c41,NOUN,1.0,0.0,1.0
3461,6e773bb062cd5c537ffc,NOUN,0.0,0.0,0.0
3463,9d13b7c8fb791c006266,NOUN,0.0,0.0,0.0
3464,9ea5ad9518271ee1e27c,PREP,1.0,1.0,0.0
3464,9ea5ad9518271ee1e27c,VERB,0.0,0.0,0.0
3465,6e45e443f0d7ec6c4cb3,NOUN,1.0,0.0,1.0
3465,b73e2767e40c1b4bb898,NPRO,0.0,1.0,-1.0
3465,e8c90b50cf2caaa52b29,NOUN,1.0,0.0,1.0
3467,26d546d5b5f6ff77d1d1,PRCL,1.0,0.0,1.0
3467,f4d8a569251c98ee411f,NPRO,1.0,1.0,0.0
3468,5296213d5417f4ee3ba2,ADJS,1.0,1.0,0.0
3469,572a30491716dceacf04,NPRO,1.0,1.0,0.0
3469,572a30491716dceacf04,VERB,0.0,0.0,0.0
3469,ded27e9dc347ed911162,NPRO,1.0,1.0,0.0
3470,0cb7292222947c71361c,ADJF,0.5,1.0,-0.5
3470,6569d84e14b4d66e5ade,NOUN,1.0,1.0,0.0
3471,979e632b4a9b096a37aa,INFN,1.0,1.0,0.0
3471,a29c117be64bb85c131f,NOUN,0.5,0.0,0.5
3472,0ecbb52b0bc9e5f1eace,INFN,1.0,0.0,1.0
3472,16d9853cb8db0c880be5,NPRO,1.0,1.0,0.0
3472,16d9853cb8db0c880be5,PREP,1.0,1.0,0.0
3472,c18094abc816543a482c,VERB,1.0,0.0,1.0
3473,2369974ce6cfd90e8e49,PREP,1.0,1.0,0.0
3473,ac35c8aa5740558be01c,PREP,1.0,1.0,0.0
3474,8bf37cf5df42ee7097f1,ADJF,1.0,0.0,1.0
3474,9b46fa4c43b8274e008e,PRCL,1.0,1.0,0.0
3475,0792c87d656f40327640,NOUN,0.5,0.0,0.5
3475,d443d07b7b86132acd7e,CONJ,1.0,1.0,0.0
3476,a1d10cc73b42cbd65771,NOUN,0.0,1.0,-1.0
3476,a1d10cc73b42cbd65771,PREP,1.0,1.0,0.0
3476,a2d04dadca34a8b8e6b7,PRCL,1.0,1.0,0.0
3476,a2d04dadca34a8b8e6b7,VERB,0.0,1.0,-1.0
3477,844dd058d5fd1825a6c0,NOUN,0.0,0.0,0.0
3478,d9d4e5dccc62122ce859,INFN,1.0,0.0,1.0
3480,32feee435260b8964221,NOUN,0.0,0.0,0.0
3480,32feee435260b8964221,VERB,0.0,0.0,0.0
3480,f33c6c0975f70f6af973,NPRO,1.0,1.0,0.0
3481,1f81e1d52444f79f87f4,VERB,1.0,1.0,0.0
3481,22feb10f01fa5d899716,PREP,1.0,1.0,0.0
3481,22feb10f01fa5d899716,VERB,1.0,1.0,0.0
3481,e3d3825fe85b5e8c857c,CONJ,0.0,1.0,-1.0
3481,e3d3825fe85b5e8c857c,NOUN,0.0,0.0,0.0
3482,70d19f5887cd6ce8218e,VERB,0.0,0.0,0.0
3482,a6541a41a385043438dd,CONJ,1.0,1.0,0.0
3482,e91b6d0459888f3e643c,CONJ,1.0,1.0,0.0
3482,e91b6d0459888f3e643c,PRCL,0.5,1.0,-0.5
3483,5d4b5b0a049b8e3ab37e,ADJF,1.0,0.0,1.0
3483,5d4b5b0a049b8e3ab37e,VERB,1.0,1.0,0.0
3485,a8a2b0e0993cd96eeb07,NPRO,1.0,0.0,1.0
3486,71700e0a9dfac4278d02,ADVB,1.0,0.0,1.0
3486,bab031cc43a4134acbed,ADJF,1.0,0.0,1.0
3487,08160b2246468162a375,NOUN,1.0,0.0,1.0
3487,8d04eca2e5291c382f9a,NPRO,1.0,1.0,0.0
3487,e5deba8b4403142d835b,VERB,1.0,1.0,0.0
3488,73031c9a7fe9ab59d7f1,ADJF,0.0,1.0,-1.0
3488,86531a9e1484e2e5d871,NOUN,1.0,1.0,0.0
3488,8d84e809a203bba8054a,NPRO,1.0,0.0,1.0
3488,8d84e809a203bba8054a,VERB,0.0,1.0,-1.0
3489,97544d28e5c4a07a2264,ADJF,1.0,0.0,1.0
3489,c5b7df991a5fd38cbc0e,INFN,1.0,0.0,1.0
3489,d58928ddd5e81df797e0,PREP,1.0,1.0,0.0
3490,f16fdb3ebc3c26d63eed,NPRO,0.0,1.0,-1.0
3490,f16fdb3ebc3c26d63eed,PRCL,1.0,0.0,1.0
3492,2cbe38d9877ccbec9f7b,CONJ,1.0,1.0,0.0
3492,416d084435d056d9a7ff,CONJ,1.0,0.0,1.0
3492,416d084435d056d9a7ff,VERB,0.0,0.0,0.0
3493,641cf8a79d97a8fdb23d,PRCL,1.0,1.0,0.0
3494,07b82571dcd2b1a60d06,NPRO,1.0,1.0,0.0
3494,48db2818813427222721,INFN,0.0,1.0,-1.0
3495,843f6e5aeb08a7d216df,PRCL,1.0,1.0,0.0
3497,c1777ca48786e667d423,VERB,0.0,0.0,0.0
3497,c8bd6f03490a8bffc97c,CONJ,1.0,1.0,0.0
3497,c8bd6f03490a8bffc97c,INFN,0.0,1.0,-1.0
3498,5a90521839bfa4a6f98f,ADJF,1.0,1.0,0.0
3498,bbc75d1f399720107d2f,NOUN,1.0,0.0,1.0
3499,7fcf684af36da0478928,NPRO,1.0,0.0,1.0
3500,924735635d0306c4b342,PREP,1.0,1.0,0.0
3500,924735635d0306c4b342,VERB,0.5,1.0,-0.5
3501,15c3dfc09540089aba4b,ADJF,0.3333333333333333,0.0,0.3333333333333333
3501,84f6f864a6a29933756a,NOUN,0.0,1.0,-1.0
3501,9967d4117bd955e646d0,NOUN,0.3333333333333333,0.5,-0.16666666666666669
3503,4e2fa936e11b2f5a1bf8,VERB,0.5,1.0,-0.5
3503,58faf52b98dfdc413af5,NPRO,0.0,0.0,0.0
3503,58faf52b98dfdc413af5,PRCL,1.0,1.0,0.0
3503,d9d06efe4af02e012d47,NOUN,0.0,1.0,-1.0
3504,bd52f119c392564ef2ed,NOUN,0.6,1.0,-0.4
3504,bd52f119c392564ef2ed,VERB,0.0,1.0,-1.0
3504,e86692a14a444caaf3f7,NOUN,0.0,0.0,0.0
3505,2c2be628d3c2ac4be7e9,NPRO,1.0,1.0,0.0
3507,d82135f199695d352e77,ADJF,0.0,1.0,-1.0
3508,9ceb73722ae18f5cfb8d,CONJ,0.0,1.0,-1.0
3508,c498e7cd894fcd4ffbf4,CONJ,1.0,1.0,0.0
3509,821445c49e227f26d210,INFN,0.0,1.0,-1.0
3509,821445c49e227f26d210,NPRO,1.0,0.0,1.0
3510,ca99649813e2c9fcc6bf,PREP,0.0,1.0,-1.0
3510,d2ab5248a31bba622df6,PREP,1.0,1.0,0.0
3513,99bc592ebcc322969214,NOUN,0.0,0.0,0.0
3514,2ba1871119b047ec6f21,PRCL,1.0,0.5,0.5
3515,bf467a88dfaca342055f,PRCL,0.0,1.0,-1.0
3516,05dbc0209119211cbbf6,INFN,0.0,1.0,-1.0
3516,49ff04de87fa7761d439,ADVB,0.0,1.0,-1.0
3517,0dd9d43abbe12a3cb0d5,VERB,1.0,1.0,0.0
3517,9214b1d9f6a14c61fb51,ADVB,1.0,1.0,0.0
3518,8d81f31c9f0ec897c38c,NPRO,1.0,1.0,0.0
3520,0ccf4a0fddf40594d994,PREP,0.0,1.0,-1.0
3520,6f9bd3c01b0e3ca80165,NOUN,0.5,0.0,0.5
3521,398899a506b25a347e7e,ADVB,0.0,1.0,-1.0
3521,e920d4be527689340275,ADVB,1.0,0.0,1.0
3523,7442b3ac8437b966fc3d,NPRO,1.0,1.0,0.0
3523,d779cf7cc4d5ce3cf510,NOUN,0.0,0.0,0.0
3523,d779cf7cc4d5ce3cf510,VERB,1.0,0.0,1.0
3525,6f6284b9bc652adf5dd2,CONJ,1.0,1.0,0.0
3526,1be001a0b2434e62fec6,NOUN,0.0,0.0,0.0
3526,1be001a0b2434e62fec6,PREP,1.0,1.0,0.0
3527,5cb6f4430e287d12617c,NPRO,0.0,1.0,-1.0
3527,d9ad15a8f30cdb70eff6,VERB,0.0,1.0,-1.0
3528,bd1116e3c4cc806652ef,NOUN,0.0,1.0,-1.0
3528,cd1ff23a76c165d0a359,ADVB,0.0,1.0,-1.0
3529,7909828d92e0484d8c9e,CONJ,0.0,0.5,-0.5
3529,e9536980dd4138511f5d,NOUN,0.0,1.0,-1.0
3529,e9536980dd4138511f5d,PRCL,1.0,0.0,1.0
3530,a0b0a4740e9656d19c88,ADJF,1.0,0.0,1.0
3530,a0b0a4740e9656d19c88,NOUN,0.5,1.0,-0.5
3530,b78d6d6b6939e5b8d6e4,ADJF,1.0,1.0,0.0
3530,b78d6d6b6939e5b8d6e4,NPRO,1.0,1.0,0.0
3531,687d57934012494ca344,NPRO,1.0,0.0,1.0
3531,ed52c06c1997fe208fda,NPRO,1.0,1.0,0.0
3532,6174fe196c884c4f214d,CONJ,1.0,1.0,0.0
3534,abdf87a3a998152c21d3,VERB,1.0,1.0,0.0
3536,1358690cfaa7e1eaa84a,NOUN,0.0,0.0,0.0
3537,b8b9cfc24e03e31454c5,NPRO,1.0,1.0,0.0
3537,dba4657f4f189fdf43fb,ADJF,1.0,0.0,1.0
3537,dba4657f4f189fdf43fb,NOUN,1.0,1.0,0.0
3538,75b119d02a7749c3b2cf,NOUN,0.0,1.0,-1.0
3538,cb9f90d8b57eba00091b,PREP,1.0,1.0,0.0
3539,c12ec27f73e6d20153d8,CONJ,1.0,0.0,1.0
3539,d90981a4fce567c0b247,CONJ,1.0,0.0,1.0
3539,d90981a4fce567c0b247,NOUN,0.3333333333333333,0.0,0.3333333333333333
3542,60602ade1c4e705a0b20,NOUN,0.3333333333333333,1.0,-0.6666666666666667
3542,de44eeda25d077c4899c,NOUN,0.75,0.0,0.75
3544,3f1bbac92ff9d6ae6d81,NOUN,1.0,1.0,0.0
3544,77f8fd3b48805ab85838,NOUN,0.0,1.0,-1.0
3545,2d6f891186861439669b,NOUN,0.5,0.0,0.5
3545,401b061f6f26fec8ac3d,NOUN,1.0,0.0,1.0
3545,f42b63734b1eaf0293de,NOUN,1.0,0.0,1.0
3546,c7036cf7b0b1a4601f4c,NPRO,1.0,1.0,0.0
3546,f97cec7fbe0eb30dafc6,CONJ,1.0,0.0,1.0
3549,cbf8c00931c7a9256087,NOUN,0.0,0.0,0.0
3549,efda549e15620b8d36a8,NOUN,0.0,1.0,-1.0
3550,2eb9828a1c3c481a9c99,NOUN,1.0,0.0,1.0
3550,508db8147cf2d2672759,VERB,0.0,0.0,0.0
3550,c64b4e031f29b5ba2da8,NOUN,1.0,1.0,0.0
3554,c539457618429f2625e4,NOUN,1.0,0.0,1.0
3554,c539457618429f2625e4,VERB,1.0,0.0,1.0
3555,64a36713af6ebd04688f,NOUN,0.0,0.0,0.0
3555,64a36713af6ebd04688f,VERB,0.0,0.0,0.0
3555,c0033007d2410d27f6ad,VERB,0.0,1.0,-1.0
3557,1d977bf9d806472855ae,PRCL,1.0,0.0,1.0
3557,1d977bf9d806472855ae,PREP,1.0,1.0,0.0
3557,2e203538375501ff6011,NPRO,0.5,1.0,-0.5
3557,2e203538375501ff6011,VERB,1.0,0.0,1.0
3557,369848f637020630e18c,INFN,1.0,1.0,0.0
3557,369848f637020630e18c,VERB,1.0,0.0,1.0
3559,5cd89a9dd1b4143a6255,VERB,0.0,0.0,0.0
3560,6d192289a9d01fb2ad9d,CONJ,0.5,1.0,-0.5
3560,6d192289a9d01fb2ad9d,NPRO,1.0,1.0,0.0
3560,9c70d1732a2406f8e7ca,INFN,0.0,1.0,-1.0
3560,9c70d1732a2406f8e7ca,NOUN,0.0,1.0,-1.0
3564,226c5d3b837f82cb8cb3,PRCL,1.0,1.0,0.0
3564,810308d0b296fbbd6f08,INFN,1.0,1.0,0.0
3564,d3f3b186e0e02e653d25,PRCL,1.0,1.0,0.0
3565,933a5b71f01a63af0457,INFN,0.0,0.0,0.0
3565,933a5b71f01a63af0457,NPRO,1.0,1.0,0.0
3565,9d8f647f588c7a87b3af,VERB,0.0,0.0,0.0
3565,e2d38b4947d5561d4d72,VERB,0.0,0.0,0.0
3566,a7d8d21cb95a8e6ecc6e,PRCL,0.6666666666666666,0.0,0.6666666666666666
3566,c0f0616de043a2958ea9,VERB,1.0,1.0,0.0
3567,232b7cc2ee1108d9bd6a,CONJ,0.0,1.0,-1.0
3567,99ba8a6389b611d6bfbb,CONJ,0.0,1.0,-1.0
3567,99ba8a6389b611d6bfbb,NOUN,1.0,1.0,0.0
3567,9c81b8f78dc231a5ea5e,NPRO,1.0,1.0,0.0
3568,e33e7a1e5cb0ffb24f7c,NPRO,1.0,1.0,0.0
3569,ea853240547298198d58,ADJF,0.0,0.0,0.0
3569,ea853240547298198d58,NOUN,0.5,0.0,0.5
3570,36675e0dea358eae0a39,NPRO,1.0,1.0,0.0
3570,36675e0dea358eae0a39,PRCL,1.0,1.0,0.0
3570,a2419ad14007db3ab78c,VERB,1.0,1.0,0.0
3571,ca16db11fa9189273f29,CONJ,0.0,0.0,0.0
3572,d0373210d6a60fc952f7,VERB,1.0,0.0,1.0
3572,d3d62e1795a85cf81a0c,NOUN,0.0,1.0,-1.0
3573,b8ef2ddabf0ec8cfd74a,NOUN,0.0,0.0,0.0
3573,fdb803a9557e540b2a68,NOUN,0.5,1.0,-0.5
3574,4c1b92dfaeb978fe8b85,PREP,1.0,0.0,1.0
3575,89074ab8fa518076caba,ADJF,0.0,0.0,0.0
3575,eb50973ca1edef0d6b59,ADJF,0.0,1.0,-1.0
3575,eb50973ca1edef0d6b59,NPRO,1.0,1.0,0.0
3576,24b26ec959bf96e34119,NOUN,0.0,0.0,0.0
3576,83ee2a7f6b9e6b2d2d64,NOUN,0.0,1.0,-1.0
3577,4462a6e1407222a23a23,INFN,0.0,0.0,0.0
3577,b4dca1e2bf6e93f0dc18,NOUN,1.0,0.0,1.0
3577,d665c4ff9c6625ad78ce,INFN,0.0,1.0,-1.0
3579,55c01a045f16e76a7af4,NOUN,0.0,1.0,-1.0
3580,b9d1cc4bdc8d15fbb41f,CONJ,1.0,0.0,1.0
3581,0197124115fe1dfeecea,NOUN,1.0,0.0,1.0
3581,d4c471f4b071f65c8224,NOUN,0.0,0.0,0.0
3583,01b5ff8744008249794e,PRCL,0.0,1.0,-1.0
3583,f689f70d2f8626ffa318,ADJF,0.5,1.0,-0.5
3583,f689f70d2f8626ffa318,CONJ,1.0,1.0,0.0
3584,87920a87623320ef9bd6,VERB,0.0,1.0,-1.0
3584,a48ebead734bf6feb668,PREP,1.0,1.0,0.0
3585,61698b9fe30e854ac3b4,NOUN,0.0,1.0,-1.0
3585,97b59008dc77df430006,PRCL,1.0,1.0,0.0
3585,97b59008dc77df430006,VERB,1.0,0.0,1.0
3586,5494400614610e6c5ec9,NOUN,1.0,1.0,0.0
3586,5494400614610e6c5ec9,PRCL,1.0,0.0,1.0
3587,b6dbdac35f4aa373c08c,VERB,0.0,0.0,0.0
3589,f044d27a0732d8e02416,ADVB,0.0,0.0,0.0
3590,b87555e72c40a8a39c7d,NOUN,0.5,0.0,0.5
3591,0cb65643838e67620c9a,PRCL,1.0,1.0,0.0
3592,ed41713294c2f552fee8,ADVB,0.0,0.0,0.0
3593,6615900d0c75ac04e766,ADVB,0.0,0.0,0.0
3593,cd9844af32d7a3efb0cd,CONJ,1.0,0.0,1.0
3593,cd9844af32d7a3efb0cd,VERB,1.0,0.0,1.0
3593,de12716c2f8b4e5987c5,CONJ,1.0,1.0,0.0
3593,de12716c2f8b4e5987c5,VERB,1.0,0.0,1.0
3594,83360c4a7e7d9b821571,NOUN,0.5,0.0,0.5
3595,e61ee381ab20f53fcb98,NOUN,0.5,0.0,0.5
3595,e61ee381ab20f53fcb98,PREP,1.0,1.0,0.0
3596,345ad96afc01db69307d,VERB,1.0,1.0,0.0
3596,42fde9c7c6003de0326c,NOUN,0.0,0.0,0.0
3597,18646a64f07bdf5a53b8,VERB,1.0,0.0,1.0
3597,aab256872bc54bef348c,VERB,0.0,1.0,-1.0
3599,5333d7f442232a5f9061,VERB,1.0,0.0,1.0
3599,641a148cea11538e8a82,VERB,1.0,0.0,1.0
3599,8bf01b4e7f1f7e56bdc4,NPRO,1.0,1.0,0.0
3600,5ee5fff7b2ea6c889d2e,ADVB,1.0,1.0,0.0
3600,9a4de61a2a14fe2d10a8,ADJF,1.0,0.0,1.0
3601,45532fbe0d93c3c35f78,NOUN,0.0,0.0,0.0
3601,5d2cecd8e8248dcde065,ADJF,1.0,0.5,0.5
3601,6f89e4b9254fd6d6dc91,NOUN,0.0,1.0,-1.0
3602,94b5bd2b7891868fd7cf,CONJ,0.0,1.0,-1.0
3602,94b5bd2b7891868fd7cf,VERB,0.0,0.0,0.0
3604,48966d8bb872dfa14e9c,CONJ,0.0,1.0,-1.0
3604,b07a0ab28a805ef5c1e6,PRCL,1.0,1.0,0.0
3604,fbfe98993f42d333d633,ADVB,0.0,1.0,-1.0
3604,fbfe98993f42d333d633,CONJ,0.0,1.0,-1.0
3606,0e3a12ec500afe8a7b19,NOUN,0.0,1.0,-1.0
3607,42975059cd93a9fa5d3f,VERB,0.0,1.0,-1.0
3607,70485ab30e6ccb3543fd,VERB,0.0,1.0,-1.0
3607,7d8fbd5262f6e093631d,VERB,0.0,0.0,0.0
3609,218fd99cc65b83c7ef2a,PRCL,1.0,1.0,0.0
3609,5efca39eb05610b09908,NOUN,0.0,1.0,-1.0
3610,6dc7c8230bcdd8225bb6,NOUN,0.0,0.0,0.0
3610,a8610e94b4091377c073,PREP,1.0,0.0,1.0
3610,a8610e94b4091377c073,VERB,0.0,0.0,0.0
3611,94a09400d4e933b47b8b,NPRO,1.0,0.5,0.5
3611,e99c60580c7b1b11c9f1,NPRO,1.0,1.0,0.0
3612,ebeb0195a98885dac9e5,CONJ,1.0,0.0,1.0
3614,34e02254fa04bf3765d5,VERB,1.0,0.0,1.0
3615,807ce6f4e08c5bbdf807,PREP,1.0,1.0,0.0
3615,ca7dc70864d71861d0ab,NOUN,0.625,1.0,-0.375
3615,ca7dc70864d71861d0ab,PREP,1.0,1.0,0.0
3615,f076ca2992cce277499f,PREP,1.0,1.0,0.0
3617,89d5005532b76f1da701,VERB,1.0,0.0,1.0
3617,9851cd8fa3f069dfbe47,VERB,1.0,0.0,1.0
3618,043309fbcf824bc3d6e6,ADVB,0.0,0.0,0.0
3618,043309fbcf824bc3d6e6,NOUN,1.0,0.0,1.0
3618,116775a638d977ca150a,VERB,0.0,1.0,-1.0
3618,808c8ad96cdc86bbb548,NOUN,1.0,0.0,1.0
3620,1637788ea2542ed72888,INFN,0.0,1.0,-1.0
3622,05b9a04259147c77b99c,NOUN,0.0,0.0,0.0
3622,05b9a04259147c77b99c,NPRO,1.0,1.0,0.0
3624,21da27de2fb6f3e852a5,ADVB,1.0,0.0,1.0
3624,21da27de2fb6f3e852a5,PRCL,1.0,1.0,0.0
3624,3378f16547f08a94d3b8,PRCL,0.0,1.0,-1.0
3625,e5fb63c92f6c3db24454,NOUN,0.0,0.5,-0.5
3626,3afdcbe4f332a72769be,CONJ,0.0,0.0,0.0
3626,a5b96c2731de8e5dfd09,CONJ,0.5,1.0,-0.5
3627,2c7da80fa934782dd6d1,NOUN,1.0,0.0,1.0
3627,2c7da80fa934782dd6d1,VERB,0.0,0.0,0.0
3627,3ae2514c306f29e05356,NOUN,0.5,1.0,-0.5
3627,80664c79f49c70e383e3,NOUN,1.0,0.0,1.0
3628,7f25fe4ccf7ebf43777a,NOUN,0.5,1.0,-0.5
3628,f2ec8f0c4d9e6f1d6529,NOUN,0.0,0.0,0.0
3631,85fbac106022d87a960c,VERB,1.0,1.0,0.0
3631,8ecdfc93a1dbf91e03b1,PREP,1.0,1.0,0.0
3631,8ecdfc93a1dbf91e03b1,VERB,1.0,1.0,0.0
3632,f0874cf05afe6b38ba85,NOUN,0.0,0.0,0.0
3632,f0874cf05afe6b38ba85,VERB,0.5,1.0,-0.5
3633,0a1da9394df4c38c8042,NOUN,0.25,1.0,-0.75
3633,2e9c701c4b2c2d13fae0,ADJF,1.0,0.0,1.0
3633,2e9c701c4b2c2d13fae0,NOUN,1.0,1.0,0.0
3633,f18d155ee1ae54bd0b52,CONJ,1.0,0.0,1.0
3634,9e0dcdfe0a005494c695,NOUN,0.0,0.0,0.0
3634,9e0dcdfe0a005494c695,VERB,0.5,1.0,-0.5
3638,9ff669adbf413b4c3ef6,CONJ,1.0,1.0,0.0
3638,9ff669adbf413b4c3ef6,NPRO,1.0,1.0,0.0
3638,a180e8fe34dc0f8866db,NPRO,0.0,1.0,-1.0
3638,b29ee94392a86a1532be,NPRO,1.0,0.0,1.0
3641,42631b8ea3499abdfe58,NPRO,0.0,1.0,-1.0
3641,42631b8ea3499abdfe58,VERB,1.0,0.0,1.0
3642,749b1c349d99e96d73a0,PREP,1.0,1.0,0.0
3643,5ef9523cf4b8641524aa,CONJ,1.0,0.0,1.0
3643,876330659ad0aa2f0d56,ADVB,1.0,1.0,0.0
3643,876330659ad0aa2f0d56,NOUN,0.0,0.0,0.0
3643,94591073990a4c68bf4c,NOUN,1.0,1.0,0.0
3644,b8c5e70eb0198ecdc659,NOUN,0.5,0.0,0.5
3644,b8c5e70eb0198ecdc659,PREP,1.0,0.0,1.0
3644,c06c928658dfcb0bfa91,NOUN,0.0,0.0,0.0
3645,516ba0a3bcf22efd4b20,PRCL,1.0,1.0,0.0
3645,529b336925dbffa1b22f,NPRO,1.0,0.0,1.0
3645,bc746aeaa5cedb1938c9,NPRO,1.0,1.0,0.0
3645,bc746aeaa5cedb1938c9,PRCL,1.0,1.0,0.0
3647,4baba2960787b5ff3913,ADJF,1.0,0.0,1.0
3647,4baba2960787b5ff3913,VERB,1.0,0.0,1.0
3647,580b5cf2199eabf2a8bc,NOUN,0.0,0.0,0.0
3649,25ed704b3f8b0bad9f64,PRCL,1.0,0.0,1.0
3650,02e15764e382aae783aa,NOUN,0.0,0.0,0.0
3650,0541982eb04ef81465f1,NOUN,0.0,0.0,0.0
3651,9fb562893422f5cc0b41,NPRO,1.0,1.0,0.0
3652,7f047c32ef4f226a68ef,ADJS,1.0,0.0,1.0
3652,8dc814c7a6782add5aa2,NPRO,1.0,1.0,0.0
3652,f2aa7fcf8e7449a7750b,NOUN,0.0,0.0,0.0
3652,f2aa7fcf8e7449a7750b,PREP,1.0,1.0,0.0
3653,30bf02bbcc0bdb807566,NOUN,0.0,0.0,0.0
3653,30bf02bbcc0bdb807566,NPRO,0.0,1.0,-1.0
3653,ebb6e79d0de31ab9e5a8,NPRO,1.0,1.0,0.0
3655,6e0ab8d5587d655fc107,VERB,0.0,0.0,0.0
3655,c6ee2d7d33e6b1a45919,PRCL,1.0,1.0,0.0
3655,c6ee2d7d33e6b1a45919,VERB,1.0,1.0,0.0
3656,c954c5a358ab1be2f01b,NPRO,1.0,1.0,0.0
3658,b3884687f9301e1ea07b,NOUN,0.0,0.0,0.0
3658,b3884687f9301e1ea07b,VERB,0.0,0.0,0.0
3658,cb16520bfee54d501c7b,NOUN,1.0,1.0,0.0
3658,d11d7deaf8af881c8e8b,NOUN,1.0,1.0,0.0
3660,54eb4a4c611ffdfbb56c,NOUN,1.0,1.0,0.0
3660,54eb4a4c611ffdfbb56c,VERB,1.0,1.0,0.0
3660,a6754a066b00bfd1f85c,VERB,0.0,1.0,-1.0
3660,ff676abfd10a516606dc,NOUN,0.0,0.0,0.0
3660,ff676abfd10a516606dc,VERB,0.0,0.0,0.0
3661,5147a7b2bdf187de233f,CONJ,1.0,1.0,0.0
3661,5147a7b2bdf187de233f,VERB,1.0,1.0,0.0
3662,47ec4232ffce92fa5345,NOUN,0.0,0.0,0.0
3663,5d61ed0fbed49e4e5f9c,NOUN,0.0,0.0,0.0
3663,5d61ed0fbed49e4e5f9c,VERB,0.0,1.0,-1.0
3663,84af0b44f8d6d65bb99f,NOUN,0.0,0.0,0.0
3663,84af0b44f8d6d65bb99f,VERB,0.0,1.0,-1.0
3664,353a1d77f15cc807c896,PRCL,0.0,0.0,0.0
3664,5beb61b676f80b5ec0c9,VERB,0.0,0.0,0.0
3665,0bd47216bc3907053e2a,NOUN,0.0,0.0,0.0
3665,d585aab36436104319a7,ADVB,0.0,1.0,-1.0
3666,8f41c7cb72a93bc48392,VERB,0.0,1.0,-1.0
3668,660b42de0ba1fcec09c9,ADVB,1.0,0.0,1.0
3669,1cf34661c86bf755f3ab,ADJF,0.5,0.0,0.5
3669,7469483ef888f06b8253,PREP,1.0,1.0,0.0
3671,93d5852348db1243ccf1,NOUN,0.0,0.0,0.0
3672,65b95f0cb7b27f44b78e,NOUN,0.3333333333333333,1.0,-0.6666666666666667
3672,65b95f0cb7b27f44b78e,PREP,1.0,1.0,0.0
3673,a56b9abbb43cc6483d75,NOUN,0.0,0.0,0.0
3673,f17fdc30df251d02f3d3,ADVB,0.0,0.0,0.0
3674,8873effd188c814c4c3a,ADJF,1.0,1.0,0.0
3674,8873effd188c814c4c3a,VERB,1.0,0.0,1.0
3674,c4953e32ab9690481c8b,NPRO,1.0,0.0,1.0
3677,0a66985141ddfb02ed36,NOUN,0.0,0.0,0.0
3677,9c9f6849374e04c206a7,NOUN,0.0,1.0,-1.0
3677,e00f2db7478f82c9956b,NOUN,0.0,0.0,0.0
3677,f27aae1d7f2f8200fee3,NOUN,0.0,0.0,0.0
3678,6d1b3d0be448f93ea03b,CONJ,1.0,0.0,1.0
3679,e6f881ac79f31820bc98,NPRO,1.0,1.0,0.0
3679,e6f881ac79f31820bc98,VERB,1.0,1.0,0.0
3680,932d763450d8bfd0b37b,CONJ,1.0,1.0,0.0
3681,b9d40b81e6605805f257,PREP,1.0,1.0,0.0
3681,f7dee4a4e76557f37611,PRTF,1.0,1.0,0.0
3683,22beef56c1193e6a5401,NOUN,0.5,0.0,0.5
3683,22beef56c1193e6a5401,PREP,1.0,1.0,0.0
3683,261f290fea4599bdf164,INFN,0.0,1.0,-1.0
3684,1a0e5e82bed80c3431ef,CONJ,0.0,1.0,-1.0
3684,8bffc50e81c28253566d,INFN,1.0,0.0,1.0
3684,8bffc50e81c28253566d,PRED,1.0,0.0,1.0
3687,1bb15349090b473e6a95,ADJF,1.0,1.0,0.0
3687,230c6114bf4fc5b62376,ADJF,1.0,1.0,0.0
3687,230c6114bf4fc5b62376,NOUN,1.0,1.0,0.0
3687,52409b20cddd5207e3e5,ADJF,0.0,1.0,-1.0
3687,679481472181f0d91167,NOUN,1.0,1.0,0.0
3688,3aa8ec266b144b5104f4,ADVB,1.0,0.0,1.0
3688,3aa8ec266b144b5104f4,VERB,0.6666666666666666,1.0,-0.33333333333333337
3688,a27218fbee6315549481,CONJ,1.0,1.0,0.0
3688,a27218fbee6315549481,NOUN,1.0,0.0,1.0
3689,c53caff77bc12362a7f0,VERB,0.0,1.0,-1.0
3690,40eade7270ce62b365a4,ADVB,0.5,1.0,-0.5
3690,40eade7270ce62b365a4,NOUN,0.5,1.0,-0.5
3690,851fff2766f74f35726c,ADJF,0.5,1.0,-0.5
3690,851fff2766f74f35726c,NOUN,0.4,0.0,0.4
3690,a63c5448f5a3c6d52d2b,PRCL,1.0,1.0,0.0
3691,0e0b829120304d38b85f,VERB,1.0,0.0,1.0
3691,3b52439d33c80223b66d,CONJ,1.0,1.0,0.0
3691,3b52439d33c80223b66d,NOUN,1.0,1.0,0.0
3691,9895a609eade035ed3d8,NOUN,1.0,0.5,0.5
3691,c1b351c0efd0d4bd8232,NPRO,1.0,1.0,0.0
3691,c1b351c0efd0d4bd8232,VERB,0.0,0.0,0.0
3692,17893583f1ad14f85a6a,NOUN,0.0,1.0,-1.0
3693,1470a51938404ec8ec31,NOUN,1.0,0.0,1.0
3693,66b45bec10168eabee32,NOUN,1.0,0.0,1.0
3694,d9cf1d53420514967bb8,NOUN,0.0,0.0,0.0
3695,54d63f21f541b720fa99,VERB,1.0,1.0,0.0
3695,87a5de9adf2f4ced3c28,VERB,1.0,1.0,0.0
3697,a9e8956f87ad68ab411d,NOUN,0.0,0.0,0.0
3697,a9e8956f87ad68ab411d,VERB,0.0,0.0,0.0
3697,fe9ffc9ee94dc69d2636,ADVB,0.0,0.0,0.0
3699,961697fcc704831e635a,NPRO,0.0,1.0,-1.0
3699,e15ba215e53baeb0e300,NOUN,0.5,0.0,0.5
3699,e4d9479c1bd373ce8dea,NOUN,1.0,0.0,1.0
3700,016a810e83e65e66a5c5,NOUN,1.0,0.0,1.0
3700,615836d85f998166e885,NOUN,1.0,0.0,1.0
3700,685fdf42ca17bb2d03de,NOUN,1.0,1.0,0.0
3700,bac77f75df90bac85b60,NOUN,0.5,0.0,0.5
3701,23ad53f93c4d6c134d5f,NOUN,0.0,1.0,-1.0
3701,64f73512aa0b981b5b58,ADJF,1.0,0.0,1.0
3702,38560b1564c86aefd595,NOUN,0.0,1.0,-1.0
3702,f7ab410e113b49cda923,NOUN,0.5,0.0,0.5
3703,12433403662840d0f6ec,NOUN,1.0,1.0,0.0
3703,3b79b0968920bb8b1a6d,NOUN,1.0,0.0,1.0
3703,3e8fde3e81398aa6753d,NOUN,0.5,0.0,0.5
3703,5083ee840c7ee866dd64,VERB,1.0,0.0,1.0
3704,194a2c46f51ce74f7cff,NOUN,1.0,0.0,1.0
3704,fbf12a5f0f0850aba5ed,NOUN,1.0,0.0,1.0
3704,fd8e94695511f5123b7e,NOUN,1.0,0.0,1.0
3704,fe9d53814e55ea9f5308,NOUN,0.5,0.0,0.5
3705,1acc34f1e7575538675c,VERB,1.0,1.0,0.0
3705,88ebfbc03dfb6823ceb0,VERB,0.0,0.0,0.0
3706,634873ea780260c953ef,NOUN,0.0,0.0,0.0
3706,6cde35f70e993c6b7379,NOUN,0.5,0.0,0.5
3706,6cde35f70e993c6b7379,PREP,1.0,1.0,0.0
3706,91faf733d22318536a52,NOUN,0.0,0.0,0.0
3706,91faf733d22318536a52,VERB,1.0,0.0,1.0
3706,f231cc862c7959eac233,VERB,1.0,0.0,1.0
3707,727301005f4a7caa2cf6,NOUN,0.5,1.0,-0.5
3707,727301005f4a7caa2cf6,PREP,1.0,1.0,0.0
3707,d7e46c5b0955fdfb577e,NPRO,1.0,1.0,0.0
3707,d7e46c5b0955fdfb577e,VERB,1.0,0.0,1.0
3707,ec2e7a5b1836be3c9d2a,VERB,1.0,0.5,0.5
3708,104179093160fb077a6a,PREP,1.0,1.0,0.0
3708,14956b46586b996ac31b,CONJ,1.0,0.0,1.0
3709,1c8605f5f1d820affde9,NOUN,1.0,0.0,1.0
3709,a7cf5b549498fd0232bf,NOUN,1.0,0.0,1.0
3709,a7cf5b549498fd0232bf,PREP,1.0,1.0,0.0
3709,fa92415efa3e38fa9809,NOUN,0.0,1.0,-1.0
3709,fa92415efa3e38fa9809,PREP,1.0,1.0,0.0
3710,215fce8e4c6e2b1b85f4,NOUN,0.0,0.0,0.0
3710,a516f62cb2b1dbbb3292,NOUN,1.0,0.0,1.0
3710,c2cd1de312584d779f85,NOUN,1.0,0.5,0.5
3711,23dd70717205e7db88f5,NOUN,0.5,0.0,0.5
3711,23dd70717205e7db88f5,PREP,1.0,1.0,0.0
3711,24858a0e8c4f9b82246f,ADVB,0.6666666666666666,1.0,-0.33333333333333337
3711,6d8400df16f5a31b97bd,NOUN,1.0,0.0,1.0
3711,6d8400df16f5a31b97bd,VERB,1.0,0.0,1.0
3712,627a7b2eddd0cad8ffa0,VERB,1.0,0.0,1.0
3713,1b73b1a14d917ab78b51,VERB,0.0,0.0,0.0
3713,6af75131eac6f68851b7,NOUN,0.0,0.0,0.0
3713,9357dad1687f65c77b88,NOUN,0.0,0.0,0.0
3713,bbe8c66f6f21ee82fbfb,VERB,0.0,1.0,-1.0
3713,bea5fff2ecca4f2ad82d,ADJF,1.0,0.0,1.0
3713,bea5fff2ecca4f2ad82d,NOUN,0.0,0.0,0.0
3714,9172d109c68d9ee47554,PREP,1.0,0.0,1.0
3714,9cb6bea23e81d67a6950,NOUN,0.0,0.0,0.0
3714,f2ce9e6f21c2728c8af3,NOUN,1.0,1.0,0.0
3714,f2ce9e6f21c2728c8af3,PREP,1.0,1.0,0.0
3715,0880826a38865b11caea,NOUN,1.0,1.0,0.0
3715,0fed4fa34b44e7d1a5d4,NOUN,0.5,0.0,0.5
3716,403bf9db7b8819bb6ee0,VERB,1.0,0.0,1.0
3716,461ef9675c72329d79bb,PRCL,0.0,1.0,-1.0
3716,461ef9675c72329d79bb,VERB,1.0,0.0,1.0
3716,727892b73abee0d159b1,VERB,1.0,0.0,1.0
3716,ed47f1c213d4254c2eb5,VERB,1.0,0.0,1.0
3718,179f39748cf0544b2511,VERB,1.0,0.0,1.0
3718,9d7b39e803187afb50cd,VERB,1.0,0.0,1.0
3718,d0a40c7b8f6ecedd0d67,NONE,0.0,0.0,0.0
3718,d0a40c7b8f6ecedd0d67,NOUN,1.0,0.0,1.0
3719,6b1484d530e6c361277f,NOUN,0.0,0.0,0.0
3719,8abde1c12327099862f7,NOUN,0.0,0.0,0.0
3719,b10105c1770086345ccb,NOUN,0.5,1.0,-0.5
3719,b10105c1770086345ccb,PRCL,1.0,1.0,0.0
3719,d8e17a25f7f788e13873,NOUN,0.0,1.0,-1.0
3720,19c6168949cf49c4ab5c,VERB,1.0,0.5,0.5
3720,5ee44fff63737866ecd0,ADJF,1.0,0.0,1.0
3720,67787efc5017f97bdf25,PREP,1.0,1.0,0.0
3721,88334b18e0cdaf48fbc2,ADVB,1.0,0.0,1.0
3721,917e403248a60ac8840d,VERB,0.0,1.0,-1.0
3722,8d2cdaf714c8fca1f541,PREP,1.0,1.0,0.0
3722,a060aca0a432d6ecf6b5,NOUN,0.5,1.0,-0.5
3723,892352148c6512e2929c,NOUN,0.0,0.5,-0.5
3723,efc5af4df74179d3b039,NOUN,1.0,1.0,0.0
3723,fbc8894e78723613c623,NOUN,1.0,0.0,1.0
3723,fbc8894e78723613c623,PREP,1.0,0.0,1.0
3724,14fa383392c68f5be606,NOUN,0.0,0.0,0.0
3724,d88d72546205f68ed615,NOUN,1.0,0.0,1.0
3725,4c8cb2db60525d14bf5f,PREP,1.0,1.0,0.0
3725,8c5baf840e9e877dc929,NOUN,1.0,1.0,0.0
3725,8c5baf840e9e877dc929,PREP,1.0,1.0,0.0
3725,c075c9ae5c95a8ed9353,NOUN,1.0,0.0,1.0
3726,7e132f7c1030001e33e6,PRCL,1.0,0.0,1.0
3726,a884e4c52e3ab907d0c0,VERB,0.0,0.0,0.0
3726,e6518508d9b78456ff5f,PRCL,1.0,0.0,1.0
3727,36a72f2b0dcf1c7d00de,NOUN,0.0,1.0,-1.0
3727,a8b0524ff00b5b693527,NOUN,0.5,0.0,0.5
3727,a8b0524ff00b5b693527,VERB,0.0,1.0,-1.0
3727,c00fafd09e07d627bb3c,PREP,1.0,1.0,0.0
3729,06d3fe7930616e9ecead,NOUN,1.0,0.0,1.0
3730,123aa1571f531b2b06d8,PREP,1.0,1.0,0.0
3730,6898d2e2733b8cb6c405,CONJ,1.0,1.0,0.0
3731,a8d1125ad3415d7d3a3a,NPRO,1.0,0.0,1.0
3732,211cebe71a29584fde35,PREP,1.0,1.0,0.0
3732,4d9a472e0e42fb7b87f7,VERB,1.0,1.0,0.0
3732,65fc9e5418c799ef4a04,NOUN,1.0,1.0,0.0
3732,a0385d0080dca89e5c76,NOUN,0.0,0.0,0.0
3733,78e0c00fb06d9828e257,PREP,1.0,1.0,0.0
3734,48430f450dd54d415fe8,NOUN,1.0,0.0,1.0
3734,704134b6e475a8a49ee2,NOUN,1.0,1.0,0.0
3734,9f6516907e836c91de71,NOUN,1.0,0.0,1.0
3734,c7a6ee14971a0c729724,NOUN,1.0,1.0,0.0
3735,5dda4e1f8289fbe8cc7b,PRCL,1.0,0.0,1.0
3735,8d8d13ac9644e1f654a5,NOUN,1.0,0.0,1.0
3735,8d8d13ac9644e1f654a5,PRCL,0.0,1.0,-1.0
3735,cf3ccc1f6874a7122e14,NPRO,1.0,1.0,0.0
3736,07a0a68a0608489d6276,CONJ,0.5,0.0,0.5
3736,5a22170ed2ae988c52c3,NOUN,1.0,0.0,1.0
3736,91672abc9dc71d3e6484,ADJF,1.0,0.0,1.0
3736,beb9f33fd79bfa438d2b,NOUN,1.0,0.0,1.0
3736,beb9f33fd79bfa438d2b,VERB,1.0,0.0,1.0
3737,19ae0d7adef0d0498539,PRCL,1.0,1.0,0.0
3737,19ae0d7adef0d0498539,VERB,0.5,1.0,-0.5
3738,198291eb23a9fe8c8ee9,PRCL,0.5,1.0,-0.5
3738,fddd41052ca3ba84586a,ADJF,0.0,0.0,0.0
3738,fddd41052ca3ba84586a,ADVB,0.0,1.0,-1.0
3739,00f9f5c3e36c77eb0fec,CONJ,0.5,1.0,-0.5
3739,00f9f5c3e36c77eb0fec,NPRO,0.0,1.0,-1.0
3739,a38653bf87fa1f1ca386,CONJ,1.0,1.0,0.0
3739,f7b44764e592c8b6f455,CONJ,1.0,0.0,1.0
3740,175963f22c06a666f9f8,NPRO,0.0,1.0,-1.0
3740,9f83631fcc030434c874,ADJF,1.0,1.0,0.0
3740,9f83631fcc030434c874,NPRO,1.0,0.0,1.0
3741,a8780f2e5d6285ebdf14,ADJF,0.0,1.0,-1.0
3741,ab2cfb94eb8fa2b28b77,NOUN,0.0,0.0,0.0
3742,7236411ec7f5cc26013e,CONJ,0.6666666666666666,1.0,-0.33333333333333337
3742,8c121a0a03b2528837b3,CONJ,1.0,1.0,0.0
3742,a78a16fd5e69dcddabd0,NOUN,1.0,0.0,1.0
3742,bf2b20427de2f018d1b5,NOUN,0.0,1.0,-1.0
3743,1be42cb597b253d9f559,NOUN,0.0,0.0,0.0
3743,1be42cb597b253d9f559,PREP,1.0,1.0,0.0
3744,0393cd160223a11e0154,ADJF,1.0,1.0,0.0
3744,65b363adbf317a902e49,NOUN,1.0,1.0,0.0
3744,b9c8213e358565575f8f,ADJF,1.0,1.0,0.0
3744,fe6211de91531c932a36,NOUN,1.0,0.0,1.0
3745,613cf56554b8a1f1b901,VERB,0.0,0.0,0.0
3745,e9ec1e2c537e781ee0d0,NOUN,1.0,0.0,1.0
3746,73f4f5812a8629c6ed6d,CONJ,1.0,1.0,0.0
3748,943f26b1934463962adb,VERB,0.0,0.0,0.0
3748,c22917eb2fb6e8576fe5,ADVB,1.0,0.0,1.0
3749,04ae54b74b1567800dce,CONJ,1.0,1.0,0.0
3749,97d98c8a7e5236c0479c,NPRO,1.0,0.0,1.0
3749,b914def3cba84189f497,NPRO,0.0,1.0,-1.0
3749,b9886de5b413e5f9c952,ADJF,1.0,1.0,0.0
3749,cf33fd41888b7a6f7252,NPRO,1.0,0.0,1.0
3750,448f552a71f75ec397aa,NOUN,0.0,0.0,0.0
3750,851ada93929e62189d73,NOUN,1.0,0.0,1.0
3750,851ada93929e62189d73,PREP,1.0,1.0,0.0
3750,c42484d9df35e00317fb,INFN,0.0,0.0,0.0
3750,fbcc214facd9e7061db4,PREP,1.0,1.0,0.0
3751,88db95cb2f6aae6be3ba,NOUN,0.0,0.0,0.0
3751,88db95cb2f6aae6be3ba,PREP,1.0,1.0,0.0
3751,d5f459914f02ee012b3c,NOUN,0.5,0.0,0.5
3751,da40f52f59d8b7d1535c,NOUN,0.5,0.0,0.5
3751,e9e0b437eefe638437c5,NOUN,0.5,0.0,0.5
3751,e9e0b437eefe638437c5,PREP,1.0,0.0,1.0
3752,20ac976ee426696d9c3f,CONJ,1.0,1.0,0.0
3752,20ac976ee426696d9c3f,VERB,0.5,0.0,0.5
3752,8114713097021dda5ebb,PRCL,1.0,0.0,1.0
3752,98e1bf07d035b42572f9,INFN,1.0,0.0,1.0
3752,98e1bf07d035b42572f9,VERB,1.0,0.0,1.0
3753,69393ed601d3fae9228c,ADVB,1.0,1.0,0.0
3753,69393ed601d3fae9228c,PRCL,1.0,1.0,0.0
3753,b163f73c53196b5a5b95,NOUN,1.0,1.0,0.0
3754,1b1ab4547031864dee8a,ADJF,1.0,0.0,1.0
3754,1b1ab4547031864dee8a,NOUN,0.3333333333333333,1.0,-0.6666666666666667
3754,327c99b1d880ee928936,NOUN,1.0,0.0,1.0
3754,cf782c86931a03258a47,ADJF,1.0,1.0,0.0
3754,cf782c86931a03258a47,PREP,1.0,1.0,0.0
3755,61025a7d5683fd0d5c73,NOUN,0.5,0.0,0.5
3755,82948a6671b9d1a2ad7e,VERB,0.0,0.0,0.0
3755,c83413a3f9616919db47,PREP,1.0,1.0,0.0
3755,fec364d28b1d9781aa86,NOUN,0.3333333333333333,0.0,0.3333333333333333
3756,410a828eee051a7b0c5d,NOUN,0.5,1.0,-0.5
3756,8dc890894f8e44302fd2,NOUN,0.5,1.0,-0.5
3756,8dc890894f8e44302fd2,PREP,1.0,1.0,0.0
3756,921802bdc731577874c3,VERB,0.0,0.0,0.0
3756,f597b6340c980e29cd2f,NOUN,0.0,0.0,0.0
3757,f5abb4108fe0134a2e0e,NOUN,1.0,0.0,1.0
3757,f5abb4108fe0134a2e0e,VERB,0.0,1.0,-1.0
3758,1412328f8781effcae6c,NOUN,1.0,1.0,0.0
3758,5545c9017912acb9c718,VERB,0.0,1.0,-1.0
3758,76a6db514de7105f2a21,NOUN,1.0,0.0,1.0
3758,df7c88171daaa163d17e,NOUN,1.0,1.0,0.0
3758,df7c88171daaa163d17e,VERB,0.0,1.0,-1.0
3759,7a9e983e04369b719f00,PRCL,0.0,1.0,-1.0
3760,7f0b9c8262601733e579,NOUN,0.5,1.0,-0.5
3760,89be862453588c94b5e4,NOUN,1.0,0.0,1.0
3761,4dbd4286402a27a2fc83,NOUN,1.0,1.0,0.0
3761,4dbd4286402a27a2fc83,NPRO,0.0,1.0,-1.0
3761,54403fd375b0f297b3ce,ADJF,1.0,1.0,0.0
3761,54403fd375b0f297b3ce,NOUN,1.0,0.0,1.0
3761,712558cd974958966a36,PREP,1.0,1.0,0.0
3761,b0e8caea300d3147911d,ADJF,1.0,1.0,0.0
3761,b0e8caea300d3147911d,NOUN,1.0,0.0,1.0
3762,7c7321f92899408faff6,NPRO,1.0,1.0,0.0
3762,90668a9e6fe71612574b,PREP,1.0,1.0,0.0
3762,90668a9e6fe71612574b,VERB,0.0,0.0,0.0
3762,c5265b3681fb01fb6d25,PREP,1.0,1.0,0.0
3762,c5265b3681fb01fb6d25,VERB,0.0,1.0,-1.0
3762,ef3ecf9fb3602661e925,NOUN,1.0,0.0,1.0
3763,03f71d73246b042033b4,NOUN,0.5,1.0,-0.5
3763,03f71d73246b042033b4,PRTF,0.0,0.0,0.0
3763,a9c83da55dcd29e84d2a,NOUN,1.0,0.0,1.0
3764,498c07502ac3232232e0,NOUN,0.2,0.0,0.2
3764,498c07502ac3232232e0,PREP,1.0,1.0,0.0
3764,9b20fe1039d54a876689,NOUN,0.5,0.0,0.5
3764,d9aa5d469ceaab9a5dc7,PREP,1.0,1.0,0.0
3764,dcc6aea48d416aeb539f,NPRO,0.0,0.0,0.0
3764,dcc6aea48d416aeb539f,PREP,1.0,1.0,0.0
3764,df210cc8b273614d6d78,NPRO,1.0,1.0,0.0
3765,4c16b117f5b435c5418d,NOUN,0.0,0.0,0.0
3765,8101a83a72b85b29487f,NOUN,0.5,1.0,-0.5
3765,c4d36683eb361ea38313,VERB,1.0,0.0,1.0
3766,4132996f7844275e7d85,NPRO,1.0,1.0,0.0
3766,a6356969fc1a3e153ed3,NOUN,0.5,0.5,0.0
3766,b3a9ef13038bafe86552,NOUN,1.0,0.0,1.0
3767,2615eccece73149307ae,NOUN,1.0,0.0,1.0
3768,09f3f5727afaefebfd5a,NOUN,0.5,0.0,0.5
3768,994d640793b2beccaa1d,PREP,1.0,1.0,0.0
3768,ca7b7258c74f8969e663,PREP,1.0,1.0,0.0
3768,ed5c4d19ed79b46e2366,PREP,1.0,1.0,0.0
3769,1a27d746320266624e15,PREP,1.0,1.0,0.0
3769,1a27d746320266624e15,VERB,1.0,1.0,0.0
3769,252293cb2dc3da228b3f,NOUN,0.25,0.5,-0.25
3770,394d0bba6ac119745ba5,NOUN,0.5,0.0,0.5
3770,b492e880c25da0ca736f,CONJ,1.0,1.0,0.0
3770,b492e880c25da0ca736f,NOUN,0.5,0.0,0.5
3771,7d0ff15bc0ea780eecbd,NOUN,1.0,1.0,0.0
3771,b4fc1e0fd5d39219c24c,CONJ,1.0,0.0,1.0
3772,3562285d5ebf761e07f0,NOUN,1.0,0.0,1.0
3772,3562285d5ebf761e07f0,VERB,1.0,0.0,1.0
3772,47fa82ba1183739a5002,NOUN,1.0,0.0,1.0
3772,85af7f9ef361b10c5877,ADJF,1.0,0.0,1.0
3772,85af7f9ef361b10c5877,NOUN,1.0,0.0,1.0
3772,c6a2ec333997013dac57,NOUN,0.3333333333333333,0.0,0.3333333333333333
3773,30231af81c073ce6554b,NOUN,0.0,0.0,0.0
3773,e87b0175128fa3637a9f,NOUN,0.0,0.0,0.0
3773,e87b0175128fa3637a9f,NPRO,1.0,1.0,0.0
3774,eb2d1a124165cb7e73a2,VERB,0.0,0.0,0.0
3774,fecd07ff3fc8ffcee2b4,NOUN,0.0,0.0,0.0
3775,2bb8dd349b6480bbf4f4,VERB,1.0,1.0,0.0
3775,55195588ce5f52b77f09,NOUN,0.0,0.0,0.0
3775,55195588ce5f52b77f09,VERB,1.0,0.0,1.0
3775,67f17a2a5f50d6aca7ab,ADJF,0.0,1.0,-1.0
3775,67f17a2a5f50d6aca7ab,NOUN,0.5,0.0,0.5
3775,8617627eb39f83075ad3,NOUN,0.0,1.0,-1.0
3776,cec897eba104b2d032ec,PREP,1.0,1.0,0.0
3776,fe3890478e9a67e87e64,NOUN,0.0,0.0,0.0
3776,fe3890478e9a67e87e64,PRCL,1.0,0.0,1.0
3776,fe587089da880b1fc196,NOUN,0.75,0.0,0.75
3777,2f1940c16962134f0896,NOUN,0.0,1.0,-1.0
3777,c5ae92b15d5701b837a3,NOUN,0.0,0.0,0.0
3778,62ea46bdacda0757dc0f,NOUN,1.0,0.0,1.0
3778,9ca74a87aa231a3dc33a,ADJF,1.0,1.0,0.0
3778,9ca74a87aa231a3dc33a,PRCL,1.0,1.0,0.0
3778,c167ee68a8a315b7ed2f,CONJ,1.0,1.0,0.0
3779,1e511b87260dd34a3ab0,NPRO,1.0,1.0,0.0
3779,1e511b87260dd34a3ab0,VERB,0.0,0.0,0.0
3780,aff14e04c985844cad49,VERB,0.0,1.0,-1.0
3780,bf33039a1c7d54aa0443,PRCL,1.0,1.0,0.0
3781,9be5a5beee8ce41ef5e2,NOUN,1.0,0.0,1.0
3781,ccf222e98252a5571f46,NOUN,1.0,0.0,1.0
3781,f1c5a94cb78ff3afc803,ADJF,1.0,0.0,1.0
3781,f1c5a94cb78ff3afc803,NOUN,1.0,0.0,1.0
3782,768eb243693ef46c8c35,NPRO,0.5,1.0,-0.5
3782,768eb243693ef46c8c35,PRCL,1.0,1.0,0.0
3782,899adfd4082c533e99fd,NPRO,1.0,1.0,0.0
3782,899adfd4082c533e99fd,VERB,0.0,0.0,0.0
3782,a90737136c6551d470ba,NOUN,1.0,0.0,1.0
3782,a90737136c6551d470ba,PRCL,1.0,1.0,0.0
3783,0d521acb705d063eced6,PREP,0.0,0.0,0.0
3783,434127f2da0c2f2bb5d6,NOUN,0.0,1.0,-1.0
3783,434127f2da0c2f2bb5d6,PREP,1.0,1.0,0.0
3783,ee300c432631c0c21ea6,NOUN,0.0,0.0,0.0
3784,367a429a182aad085a37,NOUN,0.0,0.0,0.0
3784,7153223a225d3b28ba7e,CONJ,1.0,0.0,1.0
3784,d315bd216572ce9c9842,PREP,1.0,1.0,0.0
3785,3d0e1426cac6e1ddf381,PREP,1.0,1.0,0.0
3785,40c88cb9efa120a602a9,PRCL,1.0,0.0,1.0
3785,c69433293c909239557e,NOUN,0.0,0.0,0.0
3786,63b972b428a95c0b94f1,NOUN,0.5,0.0,0.5
3786,f32c163ce9a012e5f3df,NOUN,0.5,1.0,-0.5
3787,427c2b8679cc64631437,ADJF,1.0,0.0,1.0
3787,427c2b8679cc64631437,NOUN,0.0,0.0,0.0
3787,825dbab3a8312818d755,NOUN,0.0,0.0,0.0
3787,8ff3e3d9a75a5ea0d91d,NOUN,0.0,0.0,0.0
3788,06dfb6308de5f806c9e5,NOUN,0.5,0.0,0.5
3788,2d690540e134f9e9a38f,CONJ,1.0,1.0,0.0
3788,b501f8bd9dbc9d893cee,NOUN,0.0,1.0,-1.0
3788,b501f8bd9dbc9d893cee,NPRO,1.0,1.0,0.0
3788,b6f88be86b7799f20707,NOUN,0.5,0.0,0.5
3788,b6f88be86b7799f20707,VERB,0.0,1.0,-1.0
3788,effb327874fafdf21771,INFN,0.0,0.0,0.0
3788,effb327874fafdf21771,NOUN,0.5,1.0,-0.5
3789,7b90059c3bdc9b3787cb,NOUN,0.0,0.0,0.0
3789,c4c9edb13e1049826ab5,NOUN,0.0,0.0,0.0
3789,fccf3b37d35432e4b3b5,NOUN,1.0,0.5,0.5
3790,b38224003afbe241e319,NOUN,0.5,0.0,0.5
3790,fc8e66ab6189728132ec,NOUN,0.5,1.0,-0.5
3791,41dd52f7581423ec58be,VERB,0.0,1.0,-1.0
3791,b8ccf7ac2fc1896e1516,NOUN,0.0,1.0,-1.0
3791,d25efa73f6cb15ba6e56,VERB,1.0,0.0,1.0
3792,81f0b27646b0782cee64,PRCL,1.0,1.0,0.0
3792,c8f280991cdfb329c185,ADJF,0.0,1.0,-1.0
3793,87cea6f4ee90c94f77a6,NPRO,1.0,0.0,1.0
3793,cd9ba81eb972eab69cae,CONJ,1.0,0.0,1.0
3793,cd9ba81eb972eab69cae,NOUN,0.0,1.0,-1.0
3794,6d684cc8848297c53574,VERB,1.0,0.0,1.0
3795,68cd566dc739a33f8f3c,NOUN,0.0,0.0,0.0
3796,2b4c8bdd65fe7ec1077f,VERB,0.0,0.0,0.0
3797,34984b2993951175999a,VERB,0.0,0.0,0.0
3797,79dedc49f87446bae740,PREP,1.0,1.0,0.0
3797,9695752d7aee2dca4cf6,NOUN,0.5,0.5,0.0
3797,cced5b7304393fbcdfcd,PREP,1.0,0.0,1.0
3798,050192079aca06725e8d,PREP,1.0,0.0,1.0
3798,ce0e8f9f66e79f4f1c44,PREP,1.0,1.0,0.0
3798,edaad668661bb8ba10ba,VERB,1.0,0.0,1.0
3798,f69d6e7c6d4ea6e94b23,NOUN,0.6666666666666666,0.0,0.6666666666666666
3799,17eb845e213905ef45a4,NOUN,1.0,0.0,1.0
3799,527229d3487a46d69623,CONJ,1.0,1.0,0.0
3799,527229d3487a46d69623,NOUN,0.6666666666666666,0.0,0.6666666666666666
3799,7cea14bbb809f5df6adf,PREP,1.0,1.0,0.0
3799,842ffdfdfd32dd8e780c,CONJ,1.0,1.0,0.0
3800,1d58e30bc51470596eb0,VERB,0.0,0.0,0.0
3800,36d315a2b9ed0bb58fdd,NOUN,1.0,0.0,1.0
3800,499adcedca1434a75369,NOUN,1.0,0.0,1.0
3801,581d61ff5ceead806a75,NPRO,1.0,0.0,1.0
3801,84135659ae3e1814f410,ADJF,0.0,0.0,0.0
3801,84135659ae3e1814f410,NOUN,0.0,0.0,0.0
3801,b37b4dc0d416af22e764,NOUN,0.0,0.0,0.0
3801,bc7cf2e2a77a90d447f6,NOUN,0.0,1.0,-1.0
3801,f3052ba6a2a884999dce,NOUN,1.0,0.0,1.0
3802,22041660fd809ef88de1,NOUN,1.0,0.0,1.0
3802,628ef1bc3eefe0d22e6c,VERB,1.0,1.0,0.0
3802,81b041825cb1bdcb7c09,NOUN,1.0,0.0,1.0
3803,8e16365752c51f51336c,PREP,1.0,1.0,0.0
3803,afc0994cf2f92ca62864,NOUN,1.0,0.0,1.0
3803,afc0994cf2f92ca62864,VERB,1.0,0.0,1.0
3804,727ce3a06fcdd0f34db3,NOUN,0.5,1.0,-0.5
3804,c28d0ec1b7c75119f3ed,NOUN,0.5,0.0,0.5
3804,c7d43740d22aab320dc6,ADJF,0.5,0.0,0.5
3804,c7d43740d22aab320dc6,NOUN,0.5,1.0,-0.5
3804,eda3ea92007d727d74d5,NOUN,1.0,0.0,1.0
3805,09850ed9007a9e8a6e57,NOUN,0.0,0.0,0.0
3805,09850ed9007a9e8a6e57,PREP,1.0,1.0,0.0
3805,1db90feed5ba9365340a,NOUN,1.0,1.0,0.0
3806,06dd123c55adc6140a26,NOUN,0.0,0.0,0.0
3806,3651602bbd6e60f77a91,NOUN,0.0,0.0,0.0
3806,de8db554a30de7a0cc9a,VERB,1.0,1.0,0.0
3807,08f17e392c76855c2fc2,NOUN,0.0,0.0,0.0
3807,1888fd021d633433c28f,NOUN,0.0,0.0,0.0
3807,903693342687e1539642,PREP,1.0,1.0,0.0
3807,903693342687e1539642,VERB,0.0,0.0,0.0
3807,92bb1c42bbba27174af7,ADJF,0.0,0.0,0.0
3807,92bb1c42bbba27174af7,NOUN,0.5,1.0,-0.5
3808,15d9e6c98cb101357867,VERB,1.0,0.5,0.5
3808,44061697efcb557fa019,NOUN,0.0,0.0,0.0
3808,89e96f7a10ccd7d1dc85,VERB,1.0,1.0,0.0
3808,e357cea48141164c89b6,NOUN,0.0,0.0,0.0
3809,100b4d1eb2d7c47d9b56,ADJF,1.0,0.0,1.0
3809,100b4d1eb2d7c47d9b56,NOUN,0.75,0.0,0.75
3809,4ef02255810ddf334e32,CONJ,1.0,1.0,0.0
3809,e3ec21d1a44534ad13df,NOUN,1.0,1.0,0.0
3809,e3ec21d1a44534ad13df,VERB,1.0,0.0,1.0
3810,2d112c1adb40fad0d810,ADJF,0.0,0.0,0.0
3810,962e23d64b1ddfa330d4,NPRO,1.0,1.0,0.0
3811,013fd73d033ebe0349be,NOUN,1.0,0.0,1.0
3811,03b1567f735999142ffb,NOUN,1.0,0.0,1.0
3811,e117e21583f3100357b4,NOUN,0.5,0.0,0.5
3811,ecc83a1a5d3b215627ea,PREP,1.0,1.0,0.0
3813,201538e59fd043e7056e,PRCL,1.0,0.0,1.0
3813,201538e59fd043e7056e,VERB,1.0,1.0,0.0
3813,50f989bcfbbcb8622e30,NOUN,0.0,0.0,0.0
3813,50f989bcfbbcb8622e30,VERB,1.0,0.0,1.0
3813,9b61157f99fb555f99e9,NOUN,1.0,0.0,1.0
3813,e353b19d0129db638097,NOUN,1.0,0.0,1.0
3813,f15108cedcae95f41e6b,NOUN,1.0,1.0,0.0
3813,f15108cedcae95f41e6b,PRCL,1.0,1.0,0.0
3814,43e2d2ea7d18f1835e00,NOUN,0.5,0.0,0.5
3814,ac5860bb91c2fd17f3df,ADJF,1.0,1.0,0.0
3814,ed27c8ff9c05e93bad24,NOUN,0.0,0.0,0.0
3815,307a03350a755cf96b06,NOUN,0.0,0.0,0.0
3815,db268a4d94b267ca3850,NOUN,0.0,1.0,-1.0
3815,e293e21d7aaaa756ead4,NOUN,1.0,0.0,1.0
3815,e293e21d7aaaa756ead4,PREP,1.0,1.0,0.0
3816,51559b5d270d7d520fbf,VERB,0.0,0.0,0.0
3816,5e32c38ed8c301bd73ab,NOUN,1.0,1.0,0.0
3816,7b6895729c79dda7e10d,INFN,1.0,0.0,1.0
3816,a10c757a4b42d3272736,NOUN,0.6666666666666666,0.0,0.6666666666666666
3816,a10c757a4b42d3272736,PREP,1.0,0.0,1.0
3816,d06fcabfb6bc6bbf9e3c,NOUN,1.0,1.0,0.0
3817,0a7ed03c468043068e6f,NOUN,0.5,0.0,0.5
3817,cbc77b3fe82b651890a2,VERB,0.0,0.0,0.0
3818,01af6391de1e8e1d1454,ADJF,1.0,0.0,1.0
3818,01af6391de1e8e1d1454,PREP,1.0,0.0,1.0
3818,2b913788372c687efb45,ADJF,1.0,1.0,0.0
3818,455cda6a16ff8bbadfb4,NOUN,1.0,0.0,1.0
3818,f26dab79737a1024c4ba,ADJF,1.0,0.0,1.0
3818,f26dab79737a1024c4ba,NOUN,0.5,0.0,0.5
3820,378bef75822a35a609de,PRCL,1.0,0.5,0.5
3820,632f9041a957152f1efd,PRCL,1.0,0.5,0.5
3820,70c59a7aae1b4ea84f38,NOUN,1.0,0.0,1.0
3820,7d6cf55077842435f6f8,PRCL,1.0,1.0,0.0
3820,f2188e0a8f0a96992bb0,VERB,1.0,0.0,1.0
3821,04c6be9cd3d9d2fe5487,ADJF,0.0,0.0,0.0
3821,6171f69587a180d06be3,NOUN,0.0,0.0,0.0
3821,c45b9ae9764b8845de09,VERB,1.0,0.0,1.0
3822,3e4a313059a68749ec59,PREP,1.0,1.0,0.0
3822,461ea6dabb0c06f9ffdb,NOUN,1.0,0.0,1.0
3822,461ea6dabb0c06f9ffdb,PREP,1.0,1.0,0.0
3822,9e3c2f104e39f8f1b16f,NOUN,1.0,1.0,0.0
3823,25d43d5bb62b6dd12950,PREP,1.0,0.0,1.0
3824,44c87058719abe66e7fc,VERB,1.0,0.0,1.0
3824,e5e3df4ef94abe88ae30,CONJ,1.0,1.0,0.0
3825,0164dfc1e63b679d9e6a,NOUN,1.0,0.5,0.5
3825,304a9d41a7b6c9922e16,NOUN,0.5,0.5,0.0
3825,3742c71826ed880a76a0,ADJF,1.0,0.0,1.0
3825,a9e8ad9aa6426c04fadf,NOUN,0.5,0.0,0.5
3826,79266c3ac6cc944c2444,NOUN,0.0,0.0,0.0
3826,79266c3ac6cc944c2444,PREP,1.0,1.0,0.0
3826,7a0d9e50c67957703b04,INFN,1.0,0.0,1.0
3826,7a0d9e50c67957703b04,NOUN,1.0,0.0,1.0
3826,8d0da732ad9045d703b3,NOUN,0.0,0.0,0.0
3826,9acab5fb089a8717ee9b,NOUN,1.0,1.0,0.0
3826,e23d484f16ea4164af07,NOUN,0.0,1.0,-1.0
3827,4b8d068eac7d250eb8f7,PRCL,1.0,0.0,1.0
3827,9d56bbc0f202b61d597f,NPRO,1.0,1.0,0.0
3827,9d56bbc0f202b61d597f,PRCL,1.0,1.0,0.0
3827,c1878ba97f840f2453e4,ADJF,0.0,1.0,-1.0
3828,5c9b8615ed1a71380088,NOUN,0.0,1.0,-1.0
3828,7763ce621f69cf93b317,NOUN,0.0,1.0,-1.0
3828,792417189855db109c2e,NOUN,1.0,1.0,0.0
3829,014d65e25336e3f483c6,CONJ,1.0,1.0,0.0
3829,014d65e25336e3f483c6,NOUN,1.0,0.0,1.0
3829,8b9e0dbecef6d70c468d,CONJ,1.0,1.0,0.0
3829,8b9e0dbecef6d70c468d,NOUN,1.0,0.0,1.0
3829,b5c947878dfb1ff13cb7,NOUN,1.0,0.0,1.0
3829,b5c947878dfb1ff13cb7,VERB,1.0,0.0,1.0
3829,b67b4962498e7d0a325a,VERB,1.0,0.0,1.0
3829,e6cc26e4cd44862d2f70,CONJ,1.0,1.0,0.0
3830,2b0650af020c156e13e1,ADJF,1.0,0.0,1.0
3830,623e046c6c04e81dcd7e,NOUN,0.0,0.0,0.0
3830,623e046c6c04e81dcd7e,VERB,1.0,0.0,1.0
3830,bcacb1a76aa2ef06e1d8,NOUN,0.0,0.0,0.0
3831,beb7d586be6f73104590,PRCL,1.0,1.0,0.0
3831,decd64d6c539e67930cf,ADJF,0.0,0.0,0.0
3832,61d736c241411b592ac0,NOUN,0.0,0.0,0.0
3832,e9bb213269e2c845f8b1,PRCL,1.0,1.0,0.0
3832,f2cd0d630c95721f3fc2,NOUN,1.0,1.0,0.0
3833,1b865e36e11c3e1b41bc,NOUN,1.0,0.0,1.0
3833,1b865e36e11c3e1b41bc,PREP,1.0,1.0,0.0
3833,ef5337431f4b1706da3c,NOUN,1.0,0.0,1.0
3834,0f45ff818440cf7666af,ADJF,1.0,1.0,0.0
3834,0f45ff818440cf7666af,NPRO,0.6666666666666666,1.0,-0.33333333333333337
3834,317a42ed5b8e3c9957d6,NOUN,1.0,0.0,1.0
3834,317a42ed5b8e3c9957d6,PRCL,1.0,1.0,0.0
3834,79074bad17c5b89e912d,NOUN,1.0,1.0,0.0
3834,79074bad17c5b89e912d,NPRO,1.0,0.0,1.0
3834,8505356e361f7dc7f699,NOUN,1.0,0.0,1.0
3834,942c19741d381521d314,VERB,1.0,0.0,1.0
3835,0a2d89e969ba3c38c63e,ADJF,0.0,0.0,0.0
3835,42b81221cdb00d34e23b,ADJF,0.0,0.0,0.0
3836,172391c41a15a9366b28,NOUN,0.0,0.0,0.0
3836,172391c41a15a9366b28,PREP,1.0,1.0,0.0
3836,3171dfa5e1077b05968f,PRCL,1.0,1.0,0.0
3838,40b76ad187a86a772a70,NOUN,1.0,0.0,1.0
3838,91fadd050bc7455de45b,NOUN,0.3333333333333333,0.0,0.3333333333333333
3838,dee8794f9f2b1725d8a9,ADJF,1.0,1.0,0.0
3839,70c82b822c04917b148d,NOUN,0.25,0.5,-0.25
3839,d61b192d22db5f588892,NOUN,0.5,0.0,0.5
3840,19bf0835fd3495bfc66d,NOUN,0.0,0.5,-0.5
3840,6e2c8599200e89638a64,NOUN,0.0,0.0,0.0
3840,6e2c8599200e89638a64,PREP,1.0,1.0,0.0
3840,b7e7c1dfce602a05ea53,NOUN,0.0,0.0,0.0
3841,831864d36f71d3a2978b,NOUN,1.0,0.0,1.0
3841,bed56688a7c8a14a1ec6,PREP,1.0,1.0,0.0
3841,bed56688a7c8a14a1ec6,VERB,0.0,1.0,-1.0
3841,c9776d8ac53731bb6ae8,NOUN,1.0,0.0,1.0
3841,c9776d8ac53731bb6ae8,PREP,1.0,1.0,0.0
3842,6587ddbcbb3eb3a93eec,NOUN,0.0,0.0,0.0
3842,6587ddbcbb3eb3a93eec,VERB,0.0,0.0,0.0
3842,7702c497a93a83be03b0,ADVB,0.0,1.0,-1.0
3842,78b7fd4f15fe8f1d9c83,NOUN,1.0,1.0,0.0
3842,793fc48d7498f15779e2,ADJF,0.3333333333333333,0.0,0.3333333333333333
3842,793fc48d7498f15779e2,NOUN,0.3333333333333333,1.0,-0.6666666666666667
3843,3cbce578181e5d56549e,NOUN,0.0,1.0,-1.0
3843,3cbce578181e5d56549e,VERB,1.0,1.0,0.0
3843,7afb5dafff86cc950806,PREP,1.0,1.0,0.0
3843,b6a3485e59de47733d47,NOUN,0.0,0.0,0.0
3843,b6a3485e59de47733d47,PREP,1.0,1.0,0.0
3845,82bfc8a9a87629b78a2a,PRCL,1.0,1.0,0.0
3845,a0bea8603fd90202300c,NOUN,0.6666666666666666,0.0,0.6666666666666666
3845,bbddb208cd90088727bf,VERB,1.0,1.0,0.0
3846,00206a713fc06df9a5b3,VERB,0.0,0.0,0.0
3846,f1b2c3c763208db67e71,ADJF,1.0,1.0,0.0
3847,0cbe642ab5cfddecfc80,VERB,0.0,0.0,0.0
3847,d3c29b978c34d917ee4b,NOUN,0.0,1.0,-1.0
3848,2f57a098fdb973187d97,NOUN,0.5,0.0,0.5
3848,fe90e36789ea8ac9cec9,PREP,1.0,1.0,0.0
3849,317a1a3eab5b2ca03d1e,NOUN,0.0,0.0,0.0
3849,317a1a3eab5b2ca03d1e,NPRO,1.0,1.0,0.0
3849,c24fa9b69364a22dad03,PREP,1.0,1.0,0.0
3850,19caf0db6e1bb5f4ff79,NOUN,0.0,0.5,-0.5
3850,46a33cec48f990073d7b,NOUN,0.3333333333333333,1.0,-0.6666666666666667
3850,6a3a15760871b2372440,NOUN,0.25,0.0,0.25
3850,febb497f7b0f76c2d4f7,NOUN,0.0,0.0,0.0
3851,2464a22a0a36b1f3a8a3,NOUN,0.0,1.0,-1.0
3851,6a51402ee7276a7c9e99,NOUN,0.0,1.0,-1.0
3851,c9444fd7c19f947cedb3,NOUN,0.0,1.0,-1.0
3852,ab0b53721f94ec7ba869,NOUN,1.0,0.0,1.0
3852,bd28491372dc66db46cb,NOUN,0.5,0.0,0.5
3853,03861c5a44b4eec52678,NOUN,0.0,0.5,-0.5
3853,4f9e678b3a7b7fb6f7b4,NOUN,0.0,0.0,0.0
3853,df092e7f15fa85e71d14,NOUN,0.0,0.5,-0.5
3854,3de16dcf9c41f3571410,NOUN,0.0,1.0,-1.0
3854,7d34aaad33a77269c2da,NOUN,0.0,0.0,0.0
3854,b17c4118ffd38113827a,NOUN,0.0,0.0,0.0
3855,1aa74a3a37804df48699,NOUN,0.0,0.0,0.0
3856,44f727140ac514ad21f3,NOUN,0.5,0.0,0.5
3856,ab8a6279ef641b284b08,NOUN,0.0,0.0,0.0
3856,c4b8ee2b0bbba1bd170f,NOUN,0.0,0.0,0.0
3857,e438caa79bc3112aaac9,NOUN,0.0,1.0,-1.0
3858,6e8905d899615519f735,NOUN,0.3333333333333333,0.0,0.3333333333333333
3858,e8cbf60b42e937f4790b,NOUN,0.5,1.0,-0.5
3859,1d4656211a23974d8354,NOUN,0.0,0.0,0.0
3859,8bc1337f792a44b19fdc,NOUN,0.75,0.0,0.75
3859,fc25975b2499e27cf81e,NOUN,0.0,0.0,0.0
3860,712c2575aaadcf5b1591,NOUN,0.5,1.0,-0.5
3860,bd32a63955fbfcd2fbaa,NOUN,0.5,0.0,0.5
3860,e9bcaec68fb40a92eadc,NOUN,0.0,0.0,0.0
3860,f6d5ce33f2edba07b591,NOUN,0.5,0.0,0.5
3861,8fa0ad91211e84b91e0f,NOUN,0.5,0.0,0.5
3861,e1ce1030171f37482bf1,NOUN,0.0,0.0,0.0
3861,e2b6c528c46910265b9a,NOUN,0.5,1.0,-0.5
3862,7164ea0abaada28f7382,NOUN,0.0,0.0,0.0
3863,3d71a0d7297375fa7e05,NOUN,0.0,0.0,0.0
3863,de679c2d5f9a10667cbc,NOUN,0.0,0.0,0.0
3864,0c4cfa9503d326c44802,NOUN,0.5,0.0,0.5
3864,35019166149220788293,NOUN,0.6666666666666666,0.0,0.6666666666666666
3864,a13d48d873ad3fafc50c,NOUN,0.0,0.0,0.0
3865,4b6b7f8c9829c4cf497b,CONJ,1.0,0.0,1.0
3865,4b6b7f8c9829c4cf497b,NOUN,0.3333333333333333,0.0,0.3333333333333333
3867,3cf1362368b16e00b512,NOUN,0.5,0.0,0.5
3867,4cba569f20bcca767e58,NOUN,0.0,1.0,-1.0
3867,9ed9177c89d5dfbeb88f,NOUN,0.5,0.0,0.5
3868,a1e61975bbbbb96261ac,NOUN,0.0,1.0,-1.0
3868,f8cd5cbb969276f1599b,NOUN,0.5,1.0,-0.5
3869,3a02f2ae67aa256f29ca,NOUN,0.5,0.0,0.5
3869,818c485057b03d35f591,ADJF,0.5,1.0,-0.5
3870,2debd24f3f2190659328,NOUN,0.0,0.0,0.0
3870,61540d6c2ad85a27f740,NOUN,0.0,0.0,0.0
3870,f2b725dcd049f9197d09,NOUN,0.0,1.0,-1.0
3871,7e529e89bfe7ad34ca2d,NOUN,0.0,0.0,0.0
3872,1329cdb63fae047c9251,NOUN,0.0,0.0,0.0
3872,39117478a60f718b06b6,NOUN,0.0,1.0,-1.0
3872,819722c06da1df707673,NOUN,0.0,0.0,0.0
3872,b4ca6cde22df786ea48b,NOUN,1.0,0.0,1.0
3873,535819d31e64d01d3729,NOUN,0.0,0.0,0.0
3873,78b3815349e14cdcc087,NOUN,0.0,0.0,0.0
3873,a10226b6c21958a23b5f,NOUN,0.0,0.0,0.0
3873,d9e1460d17a4535a5168,NOUN,0.0,0.0,0.0
3874,6f89b344897abb2f1a35,NOUN,0.0,0.0,0.0
3875,94b4dca796e7f1a1c61d,NOUN,0.0,1.0,-1.0
3876,5827d629022fd2c5386d,NOUN,0.0,1.0,-1.0
3876,b22970d1a22c94f31e57,NOUN,0.5,0.0,0.5
3877,4d1f9f4b693c66e1351a,NOUN,0.0,1.0,-1.0
3877,526530db619f22f852d0,NOUN,0.0,1.0,-1.0
3878,b17e2a609c05d2bb7fb3,NOUN,0.0,1.0,-1.0
3879,14972ca01d0c453bd9f2,NOUN,1.0,0.0,1.0
3879,324d02d7360e388d35d6,NOUN,0.5,0.0,0.5
3879,f7b37ca35754360accc6,NOUN,0.5,0.0,0.5
3880,16b50996421eff066937,NOUN,0.0,0.0,0.0
3880,c1f2e38a0c47e1f04ffe,NOUN,0.0,0.0,0.0
3881,1fdfa5bf81865cabd208,NOUN,0.5,0.0,0.5
3881,816a0caa454c5fe04ef1,ADJF,0.0,0.0,0.0
3881,9f672e556ce223a08b0e,NOUN,0.0,0.0,0.0
3882,039f806da9c896c28b4f,NOUN,0.0,0.5,-0.5
3882,1dc0529067183f48477a,NOUN,0.5,0.0,0.5
3882,608486b49e1f7e7aebab,NOUN,0.0,1.0,-1.0
3882,799b48c45e8e105e4b65,NOUN,0.0,1.0,-1.0
3883,3a5cda40d2d0471d52c1,NOUN,1.0,1.0,0.0
3883,a6389521290a5016ab38,NOUN,0.5,0.0,0.5
3883,b8a0e4ac131f6dddbbf7,NOUN,0.0,0.0,0.0
3883,fab8c02f13fd511e2578,NOUN,0.0,0.0,0.0
3884,3968b0cd9a8ed882adc0,NOUN,0.5,0.0,0.5
3885,00d781e3c7cfff9f4573,NOUN,0.5,0.0,0.5
3885,730f79929e05a2a097fe,NOUN,0.5,1.0,-0.5
3886,43725bf58264f43fb2bb,NOUN,1.0,0.0,1.0
3886,6d7c7aa9d01a350064d9,NOUN,0.0,0.0,0.0
3887,c8ddd09ee12664795e3c,NOUN,1.0,0.0,1.0
3888,bdbead42381073317581,NOUN,0.0,0.0,0.0
3888,cdcde2322da0468ddd04,NOUN,0.5,0.0,0.5
3889,0790d861271df4dba928,NOUN,0.0,1.0,-1.0
3889,b3acfb92ad118a6e47bc,NOUN,0.0,0.5,-0.5
3889,d8dfa488c4d72a427dfc,NOUN,0.0,0.0,0.0
3892,1de75541d36986862b20,ADJF,1.0,0.0,1.0
3892,1de75541d36986862b20,VERB,0.0,0.0,0.0
3892,bc419bd3a7f62eacdec6,ADVB,1.0,0.0,1.0
3893,1023264fcf4d27b48b4b,VERB,1.0,1.0,0.0
3893,83f38e94fdfd7525ff48,VERB,1.0,0.5,0.5
3893,c5162171b8bd264a7b45,VERB,1.0,0.0,1.0
3894,2ea4c99385a6206c5f8a,NOUN,0.5,0.5,0.0
3894,5bfa4633b1e9ee96a4b6,NOUN,0.5,1.0,-0.5
3895,2dcf9a43a06747583883,NOUN,0.5,1.0,-0.5
3895,fffe111eebdee4425a5e,NOUN,0.5,1.0,-0.5
3896,4d6e24c326b1b4fe3ba5,NOUN,0.0,0.0,0.0
3896,4fdf8b74c4621d059b8c,PRCL,1.0,1.0,0.0
3896,70b7e72d31877339c65d,NOUN,0.5,0.0,0.5
3897,e78c9145c313d9005a08,NOUN,0.5,1.0,-0.5
3898,05cd89189b108024a455,NOUN,0.0,1.0,-1.0
3898,9b8833a088279022ecc9,NOUN,0.0,0.0,0.0
3899,030407db1d3120287a78,NOUN,0.0,0.0,0.0
3899,4bcf69a3767c5aa88d00,NOUN,0.6666666666666666,0.0,0.6666666666666666
3899,75a1166de78cca63f66c,NOUN,0.0,1.0,-1.0
3900,05062fe51906e731fce2,NOUN,1.0,0.0,1.0
3900,4818f329e8a1471458ec,NOUN,0.0,0.0,0.0
3901,1d4d66dbc279f6682cbd,NOUN,0.5,1.0,-0.5
3901,8422a4deb1a332aa943e,NOUN,0.5,1.0,-0.5
3901,cf42805532f5471ee0c5,NOUN,0.0,0.5,-0.5
3902,43f16f8d68f7b4c9e701,NOUN,1.0,0.0,1.0
3902,6102eea8ade565b64a9f,NOUN,1.0,0.0,1.0
3902,68fe7c35dfcf84508339,ADJF,0.0,1.0,-1.0
3902,a9f56afa86c2cbbfcffb,NOUN,0.5,1.0,-0.5
3902,fecb50b14d9ae5e9cc0d,NOUN,1.0,0.0,1.0
3903,6af89b07f283fd629bff,NOUN,0.0,1.0,-1.0
3904,11016d7000f70fcab8fd,NOUN,0.5,0.0,0.5
3904,50009a656f0cf2cfc35f,NOUN,0.5,0.0,0.5
3904,7bd8388b4ff4015b64b3,NOUN,1.0,0.0,1.0
3905,733f596bd861aa108d71,VERB,0.5,0.0,0.5
3905,bde5ee5a46bc14f7542f,PRCL,1.0,0.0,1.0
3907,4235975c332b9470d1e4,NOUN,1.0,1.0,0.0
3907,b196fdfb9fd5f327f46b,NOUN,1.0,1.0,0.0
3908,944fc267d554175b6dc9,VERB,1.0,0.0,1.0
3909,023efd58787654a09c2f,VERB,0.0,0.0,0.0
3909,6fa06ff6c6c482744e0f,NOUN,1.0,0.0,1.0
3909,6fa06ff6c6c482744e0f,PREP,1.0,1.0,0.0
3910,484c13335cd6aed7c435,NOUN,0.3333333333333333,0.0,0.3333333333333333
3910,f5791e0c2dcfe98c28f8,NOUN,1.0,0.0,1.0
3911,3006742274277cd30562,NOUN,0.0,0.0,0.0
3911,8aa01e6ba0a4998ea60f,NOUN,0.5,0.0,0.5
3912,23cce21fb71b1a454eec,ADJF,0.0,0.0,0.0
3912,23cce21fb71b1a454eec,NOUN,0.0,0.0,0.0
3913,58deba6276410c1a89f1,NOUN,0.0,0.0,0.0
3913,949831757fc871ccaa1d,NOUN,0.5,1.0,-0.5
3914,84f270d3a9d05be9ef5e,NOUN,0.0,0.0,0.0
3915,2e86e67c1946fed9e73a,CONJ,0.0,0.0,0.0
3915,dc7d2a5e8237243f51e7,NOUN,0.0,1.0,-1.0
3916,c0732e692d922fedfae2,NOUN,1.0,1.0,0.0
3917,28db03b8ba8fbe3180d0,NOUN,0.6666666666666666,0.0,0.6666666666666666
3917,f337602e9cb419da24c6,NOUN,0.0,0.0,0.0
3917,f337602e9cb419da24c6,PRED,1.0,0.0,1.0
3918,0fd070d44618f833ec2b,CONJ,1.0,1.0,0.0
3919,54f6dc276d044f96fea3,PREP,1.0,1.0,0.0
3919,71f4e7231f72eb222e74,NOUN,0.5,1.0,-0.5
3919,c506103fcb32e95d32a6,ADJF,0.0,0.0,0.0
3919,c506103fcb32e95d32a6,PREP,1.0,1.0,0.0
3919,d7790963e1606f003730,CONJ,0.0,1.0,-1.0
3919,d7790963e1606f003730,NOUN,0.0,0.0,0.0
3919,edc121a6e4830cb5c462,ADJF,0.0,1.0,-1.0
3920,3bb9ec48db942d7c072a,NOUN,0.0,1.0,-1.0
3920,765c43da30ff15f52a71,NOUN,1.0,1.0,0.0
3920,765c43da30ff15f52a71,VERB,0.0,1.0,-1.0
3920,a6b336f056b2e2a023d0,PREP,1.0,1.0,0.0
3920,d4089be09870a0909937,NOUN,0.3333333333333333,0.5,-0.16666666666666669
3921,9d5e58794fe00cfc738f,NOUN,1.0,1.0,0.0
3921,9d5e58794fe00cfc738f,VERB,1.0,1.0,0.0
3922,2fd18389f4bf198623e5,NOUN,0.5,1.0,-0.5
3922,2fd18389f4bf198623e5,PREP,1.0,1.0,0.0
3922,749dc85a3bbc6f593804,PREP,1.0,1.0,0.0
3923,1c48e65331f977fc6c84,NOUN,0.6666666666666666,1.0,-0.33333333333333337
3923,434ed9ce7480075ab105,VERB,1.0,1.0,0.0
3923,639a7fb1a650d6f87848,VERB,0.0,1.0,-1.0
3923,a7f20b292279eb1628ac,NOUN,0.6666666666666666,0.0,0.6666666666666666
3924,5a696462745d1d8d1763,NOUN,0.0,1.0,-1.0
3924,5b86e36c51d9e381a238,NOUN,0.0,0.0,0.0
3924,97a5445ea97880f4f535,CONJ,1.0,0.0,1.0
3924,a1f0a400a9912a2f392d,NOUN,0.6666666666666666,0.0,0.6666666666666666
3924,a1f0a400a9912a2f392d,NPRO,0.0,0.0,0.0
3924,aca5335a995ecc043f8e,CONJ,1.0,1.0,0.0
3925,7f63f277847a648bf368,NOUN,0.0,1.0,-1.0
3925,e7a29469241563bf11ad,NPRO,1.0,1.0,0.0
3926,129c95f232a414db4a8a,CONJ,1.0,0.0,1.0
3926,129c95f232a414db4a8a,NOUN,0.0,0.0,0.0
3926,32bd9448a3a140fff5d1,CONJ,1.0,1.0,0.0
3926,32bd9448a3a140fff5d1,PREP,1.0,1.0,0.0
3927,776e134b8c221843073f,ADJF,0.0,1.0,-1.0
3927,776e134b8c221843073f,NOUN,0.5,1.0,-0.5
3927,7b491f205edc8a50518f,NOUN,0.5,0.0,0.5
3928,09b6350c4958f36cf338,NOUN,0.0,0.5,-0.5
3928,2553fcbe8d07c7edd24a,NOUN,0.5,0.0,0.5
3928,d82a55c7ea7459a2c973,NOUN,1.0,1.0,0.0
3929,5f45cfdaf9ded63cdfaa,ADVB,0.0,1.0,-1.0
3929,c75818f6cf37f79b270e,ADVB,0.0,0.0,0.0
3929,fe717b6f216fc50bea02,ADVB,0.0,0.0,0.0
3930,44a475538c80bf50a265,NPRO,1.0,1.0,0.0
3930,44a475538c80bf50a265,VERB,1.0,0.0,1.0
3930,7d592dd441930f37520a,NOUN,0.0,0.0,0.0
3930,9904f8a093fa8af28710,NPRO,0.0,1.0,-1.0
3931,03c63760034a66763bdf,ADVB,0.0,0.0,0.0
3931,2ba7b7229f775a31e1e5,NONE,0.6666666666666666,0.0,0.6666666666666666
3931,2ba7b7229f775a31e1e5,NOUN,0.6666666666666666,1.0,-0.33333333333333337
3931,990b5ad87291acf9b6ab,NOUN,1.0,0.0,1.0
3931,990b5ad87291acf9b6ab,PRTF,0.0,0.0,0.0
3932,306c87473b43659e7a17,PREP,0.0,1.0,-1.0
3932,e51e4ad119e4c1fa7454,NOUN,0.0,0.0,0.0
3932,f00107e0e467d7294216,VERB,0.0,1.0,-1.0
3933,30d47e63233279aa7b3c,NOUN,1.0,0.0,1.0
3933,37b1565865730f2f4365,NOUN,0.5,0.0,0.5
3933,37b1565865730f2f4365,VERB,1.0,0.0,1.0
3933,7ff6ac672be8416d3d90,NPRO,0.5,1.0,-0.5
3933,7ff6ac672be8416d3d90,VERB,0.5,0.0,0.5
3933,94dd5785bcdff7eb0976,VERB,1.0,0.0,1.0
3934,73cb9820d65dbb7dede7,ADJF,0.6666666666666666,1.0,-0.33333333333333337
3934,d00166cc2eef8c6c16a1,PREP,1.0,1.0,0.0
3935,6013032f358a0d1de773,NOUN,0.5,1.0,-0.5
3935,605ba601abbd0b35db7d,NOUN,1.0,1.0,0.0
3935,aa69b6225f49f0e73130,NOUN,1.0,0.0,1.0
3935,d86ac7a33daff36efbcd,PREP,1.0,1.0,0.0
3935,f1fdd018d6938ecc4bba,NOUN,0.6666666666666666,1.0,-0.33333333333333337
3936,2899ddb33297d67e48dd,NOUN,0.5,1.0,-0.5
3936,3841a717e8564596d30e,NOUN,0.0,0.0,0.0
3936,7a10a5115c96579450e5,NOUN,1.0,1.0,0.0
3937,31a6800aef009b4822b4,NOUN,0.0,0.0,0.0
3937,838302ffec1a7c7daa19,NOUN,0.16666666666666666,0.0,0.16666666666666666
3937,9ef3a88313f023ca44f9,NOUN,1.0,0.0,1.0
3937,d43aedfe3c168b4a454a,NOUN,0.0,0.0,0.0
3937,dea86e2c796d305fc0ef,NOUN,0.0,0.0,0.0
3938,29a2610c7c5cee33a8ff,NOUN,0.0,0.0,0.0
3938,ec28c2eb8c99bc578e1a,ADJF,0.0,0.0,0.0
3939,1ddd251294b633b6ee5b,PREP,0.0,1.0,-1.0
3939,1f4791dc05a7371b3520,PREP,1.0,1.0,0.0
3939,21ba93449baaefed8f56,NOUN,0.0,1.0,-1.0
3939,21ba93449baaefed8f56,PREP,1.0,1.0,0.0
3939,3f1297b0e7c0fac160e1,NOUN,0.0,1.0,-1.0
3939,3f1297b0e7c0fac160e1,PREP,1.0,1.0,0.0
3940,770be35bd3022c2d4314,NOUN,0.5,0.0,0.5
3941,26f5142aaa54d02f4423,VERB,1.0,0.0,1.0
3941,f927cd6ed959f8cc4980,PREP,1.0,1.0,0.0
3941,f927cd6ed959f8cc4980,VERB,1.0,1.0,0.0
3942,386bcf6514dc54d1d598,VERB,1.0,1.0,0.0
3943,4620a435dffd624f49ad,NOUN,1.0,0.0,1.0
3943,4e4037c661877d1079d5,VERB,1.0,0.0,1.0
3943,7f17e8f098b4288ff68b,NOUN,1.0,0.0,1.0
3943,7f17e8f098b4288ff68b,PREP,1.0,1.0,0.0
3943,8b135799f56d3552bc41,NOUN,1.0,0.0,1.0
3944,1d193e50b34efeae61b0,NOUN,0.0,0.5,-0.5
3944,605c3c0c981c53caac9b,NOUN,0.0,0.0,0.0
3944,833fa03900ec260744fb,NOUN,0.0,0.0,0.0
3944,fdab30a31605997973ff,NOUN,0.0,0.0,0.0
3944,fdab30a31605997973ff,VERB,0.0,0.0,0.0
3946,53772e47118a9bb1a8f2,VERB,0.0,1.0,-1.0
3946,7a4dc7840cb663f34c0f,VERB,0.0,0.0,0.0
3947,fb312c363c5ea784563e,ADJF,1.0,0.0,1.0
3947,fb312c363c5ea784563e,NOUN,1.0,0.0,1.0
3948,13e8206de3ee00a46a30,NOUN,0.0,0.0,0.0
3948,f6e31c9367d13fb9a109,CONJ,1.0,1.0,0.0
3949,088ee46b64a533fdee2c,NOUN,0.0,0.0,0.0
3949,5054ecbb8d744c9cbbcf,CONJ,1.0,1.0,0.0
3949,a31dd23782b4ed23cbca,NOUN,0.0,0.5,-0.5
3950,56558aa755f3a98baf85,PREP,1.0,1.0,0.0
3950,cbf7d0640537a10cafe5,NOUN,0.0,0.0,0.0
3950,fef80f07bfc0bb654e64,NOUN,0.0,0.0,0.0
3951,0a9e4b807e0613d7b103,PRCL,1.0,1.0,0.0
3952,35f7c0ab16675792df00,ADJF,0.0,0.0,0.0
3952,627aac18761a1ba64763,NOUN,0.5,0.0,0.5
3952,91d7c6559a5ff9d0076c,ADVB,0.0,1.0,-1.0
3952,da5a24a1a3855803d4e2,NOUN,0.0,0.0,0.0
3953,90dda604a687fd0f4a5a,NOUN,0.5,1.0,-0.5
3953,90dda604a687fd0f4a5a,VERB,1.0,1.0,0.0
3954,42f0e827545f04a63d16,NOUN,0.0,0.0,0.0
3954,42f0e827545f04a63d16,NPRO,0.0,1.0,-1.0
3954,45812d1edd14af694c9c,PRCL,1.0,1.0,0.0
3955,bf10e1f926d420ffdf5d,ADVB,1.0,0.5,0.5
3956,9d715c422a48f7fe9218,NOUN,1.0,0.0,1.0
3956,a6b0c12e4ecaaddfff00,PREP,1.0,1.0,0.0
3957,ac2eb21ffea409e1364c,CONJ,0.0,0.0,0.0
3957,f643bd690d8e875e7cae,CONJ,0.0,1.0,-1.0
3957,f643bd690d8e875e7cae,VERB,1.0,1.0,0.0
3958,03c5364dfeed1fafc4a8,PREP,1.0,1.0,0.0
3958,8e49af7e1c03f580206d,NPRO,1.0,0.0,1.0
3958,dc734052b5ea0a5909dd,NOUN,0.0,0.0,0.0
3958,dc734052b5ea0a5909dd,PRCL,1.0,0.0,1.0
3959,27b8440f10879044535b,NOUN,1.0,1.0,0.0
3959,3a0645f9c7183a594bd3,VERB,1.0,0.0,1.0
3959,3b075050075e1e93b726,NOUN,1.0,1.0,0.0
3960,2476ea5831bf28329211,NOUN,1.0,0.0,1.0
3960,3b837509e46fd8db5ffc,NOUN,0.0,0.5,-0.5
3960,989713503d4c889c2f2e,NOUN,1.0,1.0,0.0
3960,989713503d4c889c2f2e,PREP,1.0,1.0,0.0
3960,d4d76aa09f44f3d4cc8d,ADJF,0.0,1.0,-1.0
3960,e24a93d1be2324182115,ADJF,0.0,0.0,0.0
3961,07fa8f1494e4aedeb563,NOUN,0.5,1.0,-0.5
3961,37526ac8285a394fa880,NOUN,1.0,1.0,0.0
3961,4a15c52e08e8e0cdc7d2,CONJ,1.0,1.0,0.0
3961,74ee6ce57e9693aa8379,NOUN,0.3333333333333333,1.0,-0.6666666666666667
3963,185a445f3f08bde1e068,NOUN,0.0,0.0,0.0
3963,646414f887602d05753f,NOUN,0.0,0.0,0.0
3963,b673ba312cd49e741e14,NOUN,1.0,0.0,1.0
3963,bb94a0f7fc9375ea86ca,NOUN,1.0,0.5,0.5
3965,3432264317aa8bc2bd94,NOUN,0.0,0.0,0.0
3965,67fa5c8eb3f86e5b310f,PREP,1.0,1.0,0.0
3965,e48ddbefd721a24458ca,NOUN,1.0,1.0,0.0
3965,e8e13be912b977551b55,PREP,1.0,1.0,0.0
3966,1264280d421b6ed6146d,ADJF,0.0,1.0,-1.0
3966,76986afbc4a84e2dce16,NOUN,1.0,0.0,1.0
3966,93c92544b072ce0be28d,NOUN,0.0,0.0,0.0
3967,013332178b214277c8e6,ADJF,0.0,0.0,0.0
3967,013332178b214277c8e6,NOUN,1.0,1.0,0.0
3967,c337153912ac6d766a1f,ADJF,0.0,1.0,-1.0
3967,e7ad636d4ff02195114e,NOUN,0.0,0.0,0.0
3967,e909b2ae85cf0f7b78dc,NOUN,1.0,1.0,0.0
3968,d598e5a6677e980b549c,ADVB,0.5,1.0,-0.5
3969,efe5f4350223a710e874,NOUN,1.0,1.0,0.0
3970,4c0ebebf13fcc33eed25,ADVB,0.0,0.0,0.0
3971,311a9c15ef4c8b53c619,NOUN,1.0,0.0,1.0
3971,f0fdf795d3608ac552aa,NOUN,0.0,0.0,0.0
3972,5521c0efc002f42b777d,ADVB,0.0,1.0,-1.0
3974,5aab136cb56467c8d77b,ADJF,0.0,0.0,0.0
3974,df3b8ee931989495ffc7,NOUN,1.0,1.0,0.0
3975,0d2ef565bc4da8b92b6a,NOUN,0.6666666666666666,1.0,-0.33333333333333337
3975,29c6c8baef1a0f159ac0,ADJF,1.0,0.0,1.0
3975,e8d9417ea7acfe4afbac,NOUN,1.0,1.0,0.0
3976,4483885f18aa969f90d9,NOUN,1.0,0.0,1.0
3976,b8b355ffa27af82e5b56,NOUN,1.0,0.0,1.0
3976,ee9ae474591d62f38e45,NOUN,0.0,0.0,0.0
3976,fcf17cab4bd2f8b903c7,NOUN,1.0,0.0,1.0
3977,133c4e8927c27001e6cf,ADJF,0.0,1.0,-1.0
3978,71de712642dfaf47a588,NOUN,0.0,0.0,0.0
3979,7173028eb0267015754f,NPRO,0.0,1.0,-1.0
3980,5f1a30097db07b114f15,CONJ,1.0,1.0,0.0
3980,5f1a30097db07b114f15,VERB,0.0,1.0,-1.0
3980,ca754af2bec417c35ce4,CONJ,1.0,1.0,0.0
3981,3c55689474ab23645cda,NOUN,0.5,0.0,0.5
3981,7f8269f867478dd5496c,NOUN,0.5,0.0,0.5
3981,df212ecf5468f9333afd,NOUN,0.75,0.0,0.75
3982,6b1f719106b1cc9cc949,VERB,0.0,1.0,-1.0
3982,ea7e9c989600889888f0,NOUN,1.0,0.0,1.0
3983,364157eea3b7371bc4d3,PREP,1.0,1.0,0.0
3983,364157eea3b7371bc4d3,VERB,1.0,0.0,1.0
3984,9c6be58ec876e282083f,ADVB,0.0,1.0,-1.0
3984,9c6be58ec876e282083f,VERB,0.0,1.0,-1.0
3985,ee917c41c829b507e0e8,NPRO,0.0,1.0,-1.0
3985,ee917c41c829b507e0e8,VERB,0.0,0.0,0.0
3986,223ccf667f6f8e3a8e56,NOUN,1.0,0.0,1.0
3987,63f9525601af16e63859,ADJF,1.0,1.0,0.0
3987,63f9525601af16e63859,PRCL,1.0,1.0,0.0
3987,d046e385ba0c780d32aa,ADJF,0.0,1.0,-1.0
3987,d051d8506202447ce3d3,ADJF,1.0,0.0,1.0
3988,332a1796228828402ef9,PRCL,1.0,1.0,0.0
3988,332a1796228828402ef9,VERB,0.0,1.0,-1.0
3989,c85c6c12095fcfdfde26,PRCL,1.0,0.0,1.0
3989,d06c43a1429e951df74f,PRCL,0.0,0.0,0.0
3990,62e35c74514fbfc18138,PREP,1.0,1.0,0.0
3991,1e2e64784854c14a6e57,VERB,0.0,1.0,-1.0
3991,41438371e549009171d5,ADJF,0.0,0.0,0.0
3991,41438371e549009171d5,NOUN,0.0,0.0,0.0
3991,5d86fae5fbe62675f762,NOUN,0.0,0.0,0.0
3991,a88c9db2fd5ce3f7d0eb,CONJ,0.0,0.0,0.0
3992,ad6a1b080917f7de2aee,NOUN,0.0,1.0,-1.0
3993,14e15dd7602c8d96098f,NOUN,0.5,0.0,0.5
3993,60fb876b5869ae274ae0,NOUN,1.0,0.0,1.0
3994,0834cf1923e6a85abd7d,NOUN,0.6666666666666666,0.0,0.6666666666666666
3994,1dbd0d9a4d1b9d9c1d1c,NOUN,1.0,1.0,0.0
3994,2b62ef217e7f1cee65b8,NPRO,1.0,1.0,0.0
3994,88b1c9ae26df952081a7,NOUN,1.0,0.0,1.0
3994,9146e06fbd677c296709,NOUN,0.0,1.0,-1.0
3995,82816773096cc9ed70a0,CONJ,0.5,1.0,-0.5
3997,b54714c6dd2af33e4c55,VERB,0.0,0.0,0.0
3997,eb33457288ead1e0f444,NPRO,1.0,1.0,0.0
3998,0289f56583ed06dd9750,ADJF,0.5,1.0,-0.5
3998,0289f56583ed06dd9750,NOUN,1.0,0.0,1.0
3998,89fdec4a5665429180d6,ADJF,1.0,1.0,0.0
3998,89fdec4a5665429180d6,NOUN,0.25,1.0,-0.75
3998,902e3e3c200adea0d5d1,NOUN,0.2,1.0,-0.8
3998,902e3e3c200adea0d5d1,VERB,1.0,1.0,0.0
3998,e05bf45e1ccb44641674,NOUN,0.0,0.0,0.0
3999,08d1dba248e67bea5f8e,NPRO,0.0,1.0,-1.0
3999,0b6b64db644d835ed750,NPRO,1.0,0.0,1.0
4000,156f56cb3945b9b71154,VERB,1.0,0.0,1.0
4000,db59450287a4edab54c0,NOUN,0.0,0.0,0.0
4001,9bf62a4437e2a2fffb80,CONJ,1.0,1.0,0.0
4003,42a3f35f3ae45a56dc51,CONJ,1.0,1.0,0.0
4003,5da69d0914061da32fa2,CONJ,1.0,1.0,0.0
4003,cc746086650e143b7055,CONJ,1.0,0.0,1.0
4005,24ab76ebb6c970ceb05f,ADJF,1.0,1.0,0.0
4005,24ab76ebb6c970ceb05f,ADVB,1.0,1.0,0.0
4005,2ee0b2ad2c17745bc238,NOUN,0.6666666666666666,0.0,0.6666666666666666
4005,af6205bd5e301f55e661,VERB,1.0,1.0,0.0
4006,7bce6e6b7d549160805f,NOUN,0.6666666666666666,0.5,0.16666666666666663
4006,b907b9b2c8f0cca70de8,NOUN,0.75,1.0,-0.25
4007,21187170255a1c8c93b9,NOUN,0.5,0.0,0.5
4007,21187170255a1c8c93b9,VERB,0.0,0.0,0.0
4008,0098476e4ddba91fa628,CONJ,0.0,0.0,0.0
4009,318b654ce4ad0a12a3b4,PRCL,0.0,1.0,-1.0
4010,9b47bd622003b40b42d3,NOUN,0.5,0.0,0.5
4011,61537b14993e840161dd,ADJF,1.0,0.5,0.5
4011,695e04e8baf2d8525b6f,ADJF,0.5,1.0,-0.5
4011,695e04e8baf2d8525b6f,NOUN,0.0,0.0,0.0
4011,7cfc52fe65e90bd832e8,ADJF,1.0,0.0,1.0
4011,7cfc52fe65e90bd832e8,NOUN,0.0,0.0,0.0
4012,80bbab062a56da7406c5,NOUN,0.0,0.0,0.0
4012,e5409005ff285890579e,NOUN,0.3333333333333333,0.0,0.3333333333333333
4012,e5409005ff285890579e,NPRO,1.0,1.0,0.0
4012,f08af7c9830d574a24aa,NOUN,1.0,0.0,1.0
4012,f08af7c9830d574a24aa,PREP,1.0,1.0,0.0
4013,3078f4f341a8fe58a4d7,VERB,0.0,1.0,-1.0
4013,73c1a107a2f7630d8d7b,PRCL,0.0,1.0,-1.0
4014,11df9debbec648e7b71c,PREP,1.0,1.0,0.0
4015,9788885ec1ede713e275,NOUN,0.3333333333333333,0.0,0.3333333333333333
4015,d46b2280b1a01092a201,NOUN,0.0,0.0,0.0
4016,a080a5cd7a79db6ea13c,ADJF,0.0,0.0,0.0
4016,a080a5cd7a79db6ea13c,NOUN,0.0,0.0,0.0
4018,bab0e3888b5f1717742b,ADVB,1.0,1.0,0.0
4018,f48d185d30af08cafa32,CONJ,1.0,0.0,1.0
4018,f48d185d30af08cafa32,PRCL,1.0,0.0,1.0
4019,0773d92c30822e84ddf6,NOUN,0.5,0.0,0.5
4019,7e5b57f2e6f1e32ec211,PREP,1.0,1.0,0.0
4019,7ea937a77907a7f276f9,ADJF,0.0,1.0,-1.0
4020,0a290cde037b3562b6e1,NOUN,0.0,0.0,0.0
4020,ae1e59d281e0a37f12a5,ADJS,0.0,1.0,-1.0
4020,ae1e59d281e0a37f12a5,PREP,1.0,1.0,0.0
4020,b0b27124b4c1e3523567,PREP,1.0,1.0,0.0
4020,dcaa314b77cd39098f3f,ADJF,1.0,1.0,0.0
4020,dcaa314b77cd39098f3f,PREP,1.0,1.0,0.0
4022,4013279fb2c64c4c8662,NOUN,0.0,0.0,0.0
4022,45b4931b9b47782124c1,PREP,1.0,1.0,0.0
4022,65173948f59e9d09997d,INFN,0.0,1.0,-1.0
4022,65173948f59e9d09997d,NOUN,0.0,0.0,0.0
4022,cdd23c3ea83efef77061,NOUN,0.0,0.0,0.0
4022,cdd23c3ea83efef77061,PREP,1.0,0.0,1.0
4023,93481559da51f3e29f57,VERB,0.0,0.0,0.0
4023,d24ca40c80142a1e25ec,VERB,1.0,0.0,1.0
4023,d80ce0abf46fcab23e5d,NOUN,0.0,0.0,0.0
4023,d80ce0abf46fcab23e5d,VERB,0.0,0.0,0.0
4024,d72a096e9022bed40107,NOUN,0.0,0.0,0.0
4024,d72a096e9022bed40107,NPRO,0.0,0.0,0.0
4025,562c8729536e66ff6b15,NOUN,0.0,0.0,0.0
4025,562c8729536e66ff6b15,PRED,1.0,1.0,0.0
4025,d73b99db7473338d4445,NOUN,0.0,0.0,0.0
4027,4f2ce2e2b194fd706039,NOUN,0.5,0.0,0.5
4027,544eba3b4d1ee872c53d,NOUN,0.5,0.0,0.5
4027,af3713a4b5aab08e38d0,NOUN,1.0,1.0,0.0
4027,bcf43f7667f27b0f3275,ADJF,1.0,1.0,0.0
4027,bcf43f7667f27b0f3275,NOUN,1.0,1.0,0.0
4028,b97ae37e21c361484420,NOUN,1.0,0.0,1.0
4028,b97ae37e21c361484420,NPRO,1.0,1.0,0.0
4029,2f7bbc161d99d29bc40c,ADJF,0.0,1.0,-1.0
4029,600bea2963e9c37555da,NOUN,1.0,0.0,1.0
4029,7d730d82cb6ab90559e2,NOUN,0.0,0.0,0.0
4029,d09e879ff4ece9d99ee9,ADJF,1.0,1.0,0.0
4030,065f8e75dda97e398165,NOUN,0.0,0.0,0.0
4030,5727ff9e276861c1618a,ADVB,0.0,0.0,0.0
4030,b2570ffb50bd57dc8e19,ADVB,0.0,0.0,0.0
4030,b2570ffb50bd57dc8e19,VERB,0.0,0.0,0.0
4031,86dd6bd918dc9c3f841f,PREP,1.0,1.0,0.0
4031,9172abd38e3144d2acc2,ADJF,0.5,0.0,0.5
4031,af96dab931d7a3a780ee,NOUN,0.6666666666666666,0.0,0.6666666666666666
4031,e5e0bae58c1db9c69e5f,PREP,1.0,1.0,0.0
4032,91d7ee0017e855042d46,ADVB,0.0,1.0,-1.0
4032,e675450319fe13c83320,ADVB,0.0,1.0,-1.0
4034,64758b24520a0a7cd740,PRCL,1.0,0.0,1.0
4035,70f9bf01daf0976749f3,NPRO,1.0,1.0,0.0
4035,7dd49ca6099a41f2a832,NPRO,0.3333333333333333,1.0,-0.6666666666666667
4036,ac062de3cded5372dc52,NOUN,0.0,0.0,0.0
4037,2caef38abfa2ea7b665c,NOUN,1.0,0.0,1.0
4038,b7ac6b8cfd7306da453a,PREP,1.0,1.0,0.0
4038,fbc4702ee85b5407ddb5,INFN,1.0,1.0,0.0
4039,a9fc69da48cf5c628268,NOUN,0.0,0.0,0.0
4039,a9fc69da48cf5c628268,PREP,1.0,0.0,1.0
4041,403f568273b60be04fc2,ADJF,0.0,1.0,-1.0
4041,403f568273b60be04fc2,NOUN,0.6666666666666666,0.0,0.6666666666666666
4042,6a82ce96b299170cb90d,VERB,0.0,0.0,0.0
4042,a055913dba40ddb4a728,VERB,1.0,0.0,1.0
4042,d97732b357050577f83a,CONJ,1.0,0.5,0.5
4043,5996ebaaea3997786084,VERB,1.0,0.0,1.0
4043,b73f4f2b8630434d135f,VERB,0.0,1.0,-1.0
4045,109997f1219c854e6e4e,NOUN,0.3333333333333333,1.0,-0.6666666666666667
4045,8c76348d836e37663793,VERB,1.0,0.0,1.0
4045,aad9067bd7d6b044e7e9,PREP,1.0,1.0,0.0
4045,aad9067bd7d6b044e7e9,VERB,1.0,0.0,1.0
4045,e925778172583fb6864b,ADJF,1.0,1.0,0.0
4045,e925778172583fb6864b,NOUN,1.0,1.0,0.0
4046,74967824fb9f29f1a586,ADJF,0.0,0.0,0.0
4047,7a0c7ebf732bac224946,VERB,0.0,1.0,-1.0
4047,880bc6cb3323416d62a9,NOUN,0.5,0.0,0.5
4047,880bc6cb3323416d62a9,PREP,1.0,0.0,1.0
4047,a5f0dc5912a1ddbeb8cc,ADJF,0.5,1.0,-0.5
4047,ba6a5e1c11374757f80d,NOUN,1.0,0.0,1.0
4047,cb94aca949f4dcac49cb,NOUN,1.0,0.0,1.0
4048,34167263d5c8652c720d,CONJ,1.0,1.0,0.0
4048,968c26da5ea7d6c20c1a,CONJ,1.0,1.0,0.0
4048,a94439507d0ef4c54038,ADVB,0.3333333333333333,0.0,0.3333333333333333
4048,be17b6c07fde90cd4f99,PREP,1.0,1.0,0.0
4049,232afbf78ac8931b3087,CONJ,1.0,1.0,0.0
4049,38fdece812120378f6e6,CONJ,1.0,0.0,1.0
4049,38fdece812120378f6e6,PREP,0.0,1.0,-1.0
4050,6509f43f0edc94250d64,CONJ,1.0,1.0,0.0
4053,7201bc95c4d5ba3835dc,VERB,0.0,1.0,-1.0
4053,b4964ed881ed5e25c027,NOUN,0.0,0.0,0.0
4053,ca98fa6196c54ce8d3aa,NOUN,0.0,0.0,0.0
4054,30966130f7e9d4af6abc,NOUN,0.0,0.0,0.0
4054,3b0cbcbe80f3e65e50db,NOUN,0.5,0.5,0.0
4054,3c5822d55a109d3f259d,NOUN,0.0,0.0,0.0
4054,f4b5618887b92103e2d3,PRCL,1.0,1.0,0.0
4056,676d3fabf496f83e4f33,VERB,1.0,0.0,1.0
4056,b2756958db059eb6d85b,PRCL,1.0,0.5,0.5
4056,e293aaeaef6fa3020b07,VERB,1.0,1.0,0.0
4057,0c29fc646d3b7ed23bdd,NOUN,0.5,0.0,0.5
4057,81ed7e69cf48fba5d6b7,ADJF,1.0,0.0,1.0
4057,c141576cc9b625be0f75,NOUN,0.0,0.0,0.0
4058,259f9e999d9afefa3244,NOUN,1.0,1.0,0.0
4058,33b52ed42405adbcad6e,CONJ,1.0,0.0,1.0
4058,7ecddba91746132b9ff5,NOUN,1.0,0.0,1.0
4058,ffaee7fe4999a075e6dd,NOUN,1.0,0.0,1.0
4059,d9a1c66a818be6893788,INFN,1.0,1.0,0.0
4059,df2af00399e3958a8081,INFN,1.0,0.0,1.0
4060,da38a16eabeb6bf92bfe,NOUN,0.0,0.0,0.0
4062,d652aa3f3c443e763659,NOUN,1.0,0.0,1.0
4065,08af7c830683d8de18f3,ADJF,1.0,0.0,1.0
4065,e3593ecab48614095e0e,NOUN,0.0,0.0,0.0
4066,5058382ba19682d1ce4e,PRCL,1.0,0.0,1.0
4067,e8245c8970a3499f52ee,PRCL,0.0,1.0,-1.0
4068,0b60c618b870c632be11,PREP,1.0,1.0,0.0
4068,d03e262fd80b43e7ddf3,ADVB,0.5,1.0,-0.5
4068,d03e262fd80b43e7ddf3,PRCL,1.0,1.0,0.0
4069,4b3106c5732b3c3492e2,NPRO,1.0,1.0,0.0
4070,41f4be16e80e32adce18,NOUN,0.0,0.0,0.0
4070,8488da9c13d1eb0e5596,ADJF,1.0,1.0,0.0
4070,8488da9c13d1eb0e5596,NOUN,1.0,1.0,0.0
4071,58d36fe4ae380f939c25,NOUN,0.5,0.0,0.5
4071,96366ea184d17134c2ef,NOUN,0.0,1.0,-1.0
4071,96366ea184d17134c2ef,VERB,0.0,0.0,0.0
4071,9d8040ffe36642cb1b03,NOUN,0.0,0.0,0.0
4071,9d8040ffe36642cb1b03,PREP,1.0,1.0,0.0
4071,f4bedd4419f090b55875,NOUN,0.0,0.0,0.0
4072,0cd0829866ef0e945d40,NOUN,0.5,0.0,0.5
4072,4e291b78a1c234da0e29,ADVB,1.0,0.0,1.0
4072,5978997bc47684a5ce1b,VERB,1.0,1.0,0.0
4072,ba2eb37cd069ea7a222b,NOUN,0.5,1.0,-0.5
4072,fce526743ba07055c7d9,NOUN,0.5,1.0,-0.5
4073,92d68453a0681ffa2835,NOUN,0.6666666666666666,0.0,0.6666666666666666
4073,92d68453a0681ffa2835,NPRO,1.0,1.0,0.0
4073,fff7cb08ca81faf71826,PREP,1.0,1.0,0.0
4073,fff7cb08ca81faf71826,VERB,0.0,1.0,-1.0
4074,a428b67db54c69aa98bb,NOUN,0.0,0.0,0.0
4075,d903cd5dfd09bc17bc15,NOUN,0.0,0.0,0.0
4076,60b670437b726288f2d6,PRCL,1.0,1.0,0.0
4076,60b670437b726288f2d6,VERB,0.0,0.0,0.0
4076,78e67346c95d38cd130b,PREP,1.0,1.0,0.0
4076,9ec7139cfd606aa29d76,PRCL,1.0,1.0,0.0
4077,7c8caf1fe2175c2cdf7f,PRCL,0.6666666666666666,0.0,0.6666666666666666
4077,f2b744520c182d87de07,NOUN,0.0,0.0,0.0
4078,2ca8da824939b7f6fd05,NPRO,0.0,1.0,-1.0
4078,7e2e9fc5278173f36dba,NPRO,1.0,1.0,0.0
4079,4bfdde9d349196d273e6,NOUN,1.0,0.0,1.0
4079,5313d4a42fcd1c50c7c4,NOUN,0.5,0.0,0.5
4079,705705f263af4a9f8f9d,VERB,0.0,0.0,0.0
4079,ad915ff58e2162e64190,ADJF,1.0,0.0,1.0
4079,ad915ff58e2162e64190,NOUN,1.0,1.0,0.0
4080,0a3d6e2c46d383f81747,PRCL,1.0,1.0,0.0
4080,99aca35aa2ba98941b11,ADJF,0.0,1.0,-1.0
