record,sentence_id,inside,outside,diff
3,181323a30ebd1f6b0595,0.3333333333333333,1.0,-0.6666666666666667
3,2bec6440455b4a56f494,0.75,1.0,-0.25
3,5ff47b91a5ed0214d678,0.8333333333333334,0.5,0.33333333333333337
3,66c8b5d1c598baa2c6eb,0.6,0.0,0.6
3,cc6f16e8c1ee0640df36,1.0,1.0,0.0
4,0b33325b696832ebac53,0.8,1.0,-0.19999999999999996
4,1a8dd51bbf81c90e2f42,0.2,1.0,-0.8
4,3dd3cb0d8df57b900e9b,0.75,0.5,0.25
4,ba810add69882e2d58d8,0.4,0.0,0.4
4,e4ae0082489b9a256abc,0.5,1.0,-0.5
5,3e026202cb3da56e01a9,0.5,0.0,0.5
6,239259b5a0e719be69f6,0.4,0.5,-0.09999999999999998
6,7968fcbe9b25b171a9f1,0.25,0.0,0.25
6,aa1e224970d206c91e5a,0.0,0.5,-0.5
6,af62f24fc6d4bab79e28,0.3333333333333333,0.5,-0.16666666666666669
7,43048d6f5992e69859cb,0.8,0.0,0.8
7,8b80f51dfb6b8bf43d01,0.4,0.5,-0.09999999999999998
7,c8e8295825f88cef9da1,1.0,1.0,0.0
8,0496af7839e287b1c6fd,0.8888888888888888,1.0,-0.11111111111111116
8,13e7a00120d746d78f82,0.8,1.0,-0.19999999999999996
8,639209aad48c6e4b3bea,0.9,0.5,0.4
8,eab66f713c71d4809a94,0.8571428571428571,1.0,-0.1428571428571429
9,15d393666cd130881cd5,0.25,1.0,-0.75
9,2944986c93cdb63e39fe,0.8333333333333334,1.0,-0.16666666666666663
9,2dbf367890865d7b75f3,0.6666666666666666,0.0,0.6666666666666666
9,325388a956940a8d9d07,0.3333333333333333,0.5,-0.16666666666666669
9,b06980a28633bbf800b5,0.8,1.0,-0.19999999999999996
10,271237a09351da820e1f,0.75,0.5,0.25
11,9a6daa9f6a602da2848d,0.6666666666666666,1.0,-0.33333333333333337
11,a6612aeec184e437c297,0.625,0.5,0.125
11,f909730fc93d0dabdbe0,0.5,1.0,-0.5
12,45669fbf3c88a43d9cc7,0.6666666666666666,1.0,-0.33333333333333337
12,50df917407ff9d001f4c,0.7142857142857143,0.0,0.7142857142857143
12,78d1548cd3a983266b31,0.6666666666666666,1.0,-0.33333333333333337
12,d32abeff2bcf707ee310,0.0,1.0,-1.0
12,f75e3c22464f06b5fc1d,0.0,0.0,0.0
13,5e870143f33196e75692,0.6666666666666666,0.5,0.16666666666666663
13,74f2f07b8ea22062a8ad,1.0,0.0,1.0
13,e3067b3b725ccbee806b,0.6666666666666666,0.5,0.16666666666666663
13,fd462a15583c5e424bf2,0.6666666666666666,0.0,0.6666666666666666
14,4555dc8aef54c80efea8,0.4,1.0,-0.6
15,3f078fefa8fadfa15402,0.2857142857142857,0.0,0.2857142857142857
16,3b81be092c66bd97ed04,0.5,0.5,0.0
16,d488e22b791d29f1c9d5,0.5,0.0,0.5
16,e0626bca43374aeca8b3,1.0,0.5,0.5
17,1b045a3c5e654f20f9ec,0.4,0.0,0.4
17,6758d9ef6aae839cbb76,0.4,1.0,-0.6
17,7d6eaf1bac9f9b1f8e2c,0.3333333333333333,1.0,-0.6666666666666667
17,e9ef7c5f48145dc41d1d,0.3333333333333333,1.0,-0.6666666666666667
17,f1bbbb1a751610c208c6,0.2,0.5,-0.3
18,55f96b9fc573c2b6afb2,0.8333333333333334,0.0,0.8333333333333334
18,9947b0fc511d2dff3707,0.5,0.5,0.0
18,a215967980c7ae616637,0.8,1.0,-0.19999999999999996
18,da4ce5c8ea5597139b44,0.25,0.0,0.25
18,e7afea84f69fdb2db512,0.4,1.0,-0.6
19,15d3d887d20ed9d2f898,0.6666666666666666,1.0,-0.33333333333333337
19,206a980bb200574b0b6e,0.6666666666666666,0.5,0.16666666666666663
19,88749bcc8c544aaac473,0.75,0.0,0.75
19,bcdff44a33606bd31b7d,0.5714285714285714,0.5,0.0714285714285714
20,387c95b3e01e65a95da1,0.5,1.0,-0.5
20,62e3b32c2f8bf8752a73,1.0,1.0,0.0
20,80371cd54fda6f315c29,0.6666666666666666,0.5,0.16666666666666663
20,9b7570bcb3272be9ae53,0.5,0.0,0.5
21,516af9bfe6218a6a5cbd,0.5,0.5,0.0
21,5e176362b6bde2e8073f,1.0,1.0,0.0
21,6464e40e1e899dc51480,0.6666666666666666,0.5,0.16666666666666663
21,a82da0975a8234c2d5b7,0.25,0.5,-0.25
22,60d119974132d2256130,0.3333333333333333,0.5,-0.16666666666666669
22,84ebefa634d4ecce92cd,0.6666666666666666,0.5,0.16666666666666663
23,165f2d28b8eef789b8db,0.25,0.5,-0.25
23,66b5fcad6968257a5dd3,0.3333333333333333,0.5,-0.16666666666666669
23,82f5b97d013eead93180,0.0,0.0,0.0
23,cc499c1877affdecb843,0.3333333333333333,1.0,-0.6666666666666667
24,000bebf830622633f2ac,0.5,0.5,0.0
24,0ff862c66db7d6e6dd94,1.0,0.5,0.5
24,44b7bd8a3be98abbe8c5,0.3333333333333333,0.5,-0.16666666666666669
24,4bb02947d44f313dec80,1.0,0.5,0.5
24,eca24cbee2aafb4ca365,0.6666666666666666,0.5,0.16666666666666663
25,683479315340e47e2299,0.0,0.0,0.0
25,985ea92dd8c7e28b4a4b,0.5,0.5,0.0
25,f2b64b2636aeb5ca7ea5,1.0,0.5,0.5
25,f767e06b72621a55c262,1.0,0.5,0.5
26,b41b224503a33501f8e6,1.0,0.5,0.5
26,c03fe8f05e92e5494df4,1.0,0.5,0.5
26,d95e0cad33e6efc95e77,0.6666666666666666,1.0,-0.33333333333333337
26,e3c09e473066bb14451e,1.0,1.0,0.0
26,e9331cc5f63a08388c85,1.0,1.0,0.0
27,2021cd79eebbb66e03b5,0.625,0.0,0.625
27,4a985d60dd6ce351269e,0.8333333333333334,0.5,0.33333333333333337
27,9835ebf9b3879497d1d1,0.7777777777777778,0.5,0.2777777777777778
28,1f027af841e5241bda75,0.3333333333333333,0.5,-0.16666666666666669
28,2e03bdc62edd406c834b,0.0,0.5,-0.5
28,3056111887c272d2b4b5,0.25,0.5,-0.25
28,9619d7a57dc6059db959,0.5,1.0,-0.5
29,09660b02c5053bf57433,0.5,1.0,-0.5
29,24439ad307f9c00412b5,0.5,1.0,-0.5
29,88e71b0a8d28134e5a01,0.5,1.0,-0.5
29,9e063e10010470ac3d4d,0.5,0.5,0.0
29,e995f43a315c9b2bb019,0.5,1.0,-0.5
30,24cedc9ba7d9d4dc6b56,0.8333333333333334,0.5,0.33333333333333337
30,4af871407a2812cf5856,1.0,0.0,1.0
30,5b36658504bdda15f9ba,0.3333333333333333,0.0,0.3333333333333333
30,69c7c3dd416e86f160aa,0.6666666666666666,0.5,0.16666666666666663
30,b1e799badbb77a564b85,0.6666666666666666,0.5,0.16666666666666663
31,0313448f7c84129cb176,0.6666666666666666,0.0,0.6666666666666666
31,15766446e9e2b8c9decb,0.6666666666666666,1.0,-0.33333333333333337
31,2511b2f14cc5f13c2269,0.3333333333333333,0.5,-0.16666666666666669
31,dc5dfa0a425af1daf66d,0.5,0.0,0.5
31,f28214ecfc08c551ee83,0.3333333333333333,0.5,-0.16666666666666669
32,0b66a1336f8b590dc33f,1.0,1.0,0.0
32,3c40f5e296694bd467e1,1.0,1.0,0.0
32,7596047cce9391fc14d9,0.75,0.0,0.75
32,a1c33403c4a23c8fdbce,0.4,1.0,-0.6
32,b79ef20e22e3990c22aa,0.4,0.0,0.4
33,89072ef5545b2e2bd2d6,1.0,1.0,0.0
33,9ad0fdb5fd85911d498b,0.5,0.5,0.0
33,a3e7c3199f73f2b541f9,1.0,0.5,0.5
33,fbb518d1a831dd613a19,0.5,0.0,0.5
33,ff36da7ef4172b9e8c9d,0.75,1.0,-0.25
34,1cf0302ba2a3d75e5aca,0.25,0.5,-0.25
34,f83a1b482f0e5d6e4f13,0.3333333333333333,1.0,-0.6666666666666667
35,1e391131039eb2475ebe,0.6666666666666666,0.5,0.16666666666666663
35,cf9cfd516883f132c246,0.6666666666666666,0.5,0.16666666666666663
35,d2835265f340e1154e29,0.75,0.0,0.75
35,da13ca7b001131244331,0.6666666666666666,0.0,0.6666666666666666
35,e5be3cfb4aee9fe5bac4,0.3333333333333333,0.5,-0.16666666666666669
36,13d1c8d4989ed19b3e60,0.6666666666666666,0.5,0.16666666666666663
36,918d9e96ccebb5764dc9,0.6666666666666666,0.0,0.6666666666666666
36,b2b8159f1606c5007ed6,0.6666666666666666,0.5,0.16666666666666663
36,cb332a12a3ff02475cae,1.0,0.0,1.0
36,eb279aa27f3ccc4cb4b1,0.6666666666666666,1.0,-0.33333333333333337
37,613d520d1610d4c03b7c,0.5,1.0,-0.5
37,6fb2dd67b4d0771e8e67,0.0,0.5,-0.5
37,a2e05848b865f7b48483,0.0,0.5,-0.5
37,a66685689d36f671ec7e,0.5,0.5,0.0
37,be7b7e4c36122cf6ffbb,0.0,0.5,-0.5
38,10ffb955d30eddeb3087,0.0,0.5,-0.5
38,18d067fe284a28803223,0.0,0.0,0.0
38,3dc15030ec84833c7c24,0.3333333333333333,0.0,0.3333333333333333
38,76609ec2ffa3d241443c,0.3333333333333333,1.0,-0.6666666666666667
38,fd73b4adfbd895f06ee4,0.25,0.5,-0.25
39,497a96f9a57b6b899cb8,0.0,0.5,-0.5
39,6d2477197489acd397a6,0.3333333333333333,0.5,-0.16666666666666669
39,82a2baa767d5f7fc6fbf,0.3333333333333333,0.0,0.3333333333333333
39,fc9b5680df700bdc440d,0.5,1.0,-0.5
40,41ccacf33a84c95b734c,0.6666666666666666,0.5,0.16666666666666663
40,8df8fda18d2dc1ab1ed0,0.6666666666666666,0.5,0.16666666666666663
40,9a1338b667c56b49ef73,0.6666666666666666,0.0,0.6666666666666666
40,b0627b4d085aa0dde3fc,0.0,0.0,0.0
40,ee91e1d5406d72771ff5,0.5,0.0,0.5
41,0a1441257aa62983542f,0.3333333333333333,1.0,-0.6666666666666667
41,7a591ade25e40f7a8ab8,0.0,0.0,0.0
41,c192b62eaed2338b64d3,0.0,0.5,-0.5
41,df0c504f8e6ed5f7910c,0.3333333333333333,0.5,-0.16666666666666669
41,f3aa2fb7834318f6ffd5,0.3333333333333333,0.5,-0.16666666666666669
42,14e025b5a643b41d0ed4,0.3333333333333333,0.5,-0.16666666666666669
42,a1ddcb647c3b34d1e207,1.0,1.0,0.0
42,aca6d5b82d2523a13389,0.6666666666666666,0.5,0.16666666666666663
42,c58b1e053b43adc6df43,0.75,0.0,0.75
42,c5d67d85579f3da99e9e,1.0,0.0,1.0
43,0ebb7c8f0b37fcd952e1,0.875,0.5,0.375
43,3bdbe768a1beeebd517a,0.75,0.0,0.75
43,812f81d800482e8e7022,0.5714285714285714,0.5,0.0714285714285714
43,86dcaa7169ab6c6a54c4,0.8333333333333334,0.5,0.33333333333333337
43,8fbf6a912e2b472ae2fe,0.8571428571428571,1.0,-0.1428571428571429
44,00dfbcc5641e9364fc14,1.0,0.5,0.5
44,7662b9726f052a453f22,0.6666666666666666,0.0,0.6666666666666666
44,ffc08f17b7979999a05c,0.6666666666666666,1.0,-0.33333333333333337
45,255014dd981de6bcf0cf,0.42857142857142855,0.5,-0.07142857142857145
45,475152a925d980661016,0.8333333333333334,0.5,0.33333333333333337
45,48481a2cc97680b44226,0.75,1.0,-0.25
45,49312976a5e9753ffea9,0.8571428571428571,0.5,0.3571428571428571
45,d8d0ef04ff2efb6ccb0e,0.6,0.0,0.6
46,4bee6b549d01867aee47,0.7142857142857143,0.0,0.7142857142857143
46,4f190b988ccc1706468e,0.8333333333333334,0.5,0.33333333333333337
47,1514446bc30ffa51cb3b,0.8181818181818182,0.0,0.8181818181818182
47,4aa927e9db45a6e84b8b,0.7142857142857143,0.5,0.2142857142857143
47,85bf55fcfbeb9449fe3a,0.6,0.5,0.09999999999999998
47,a1ad2e84a737cc0475ca,1.0,1.0,0.0
48,1937a36a1b15ada3273c,0.75,1.0,-0.25
48,8335fdeb89799cc1320b,0.5,0.5,0.0
48,c5ca39bbd08e5a103533,1.0,1.0,0.0
48,ed2b9a37cc47b0e930c8,0.75,0.5,0.25
48,faf876b139747cb1d7cf,1.0,1.0,0.0
49,c6eb3e88f909d72e2ef0,0.6666666666666666,1.0,-0.33333333333333337
50,063e2b67e97085319738,0.7142857142857143,0.0,0.7142857142857143
50,3d2873b8877b3b3b727d,0.7272727272727273,0.5,0.2272727272727273
50,4c27de205d1f9b64b4da,0.8571428571428571,1.0,-0.1428571428571429
50,a4644b371379b6b0612d,0.8333333333333334,0.0,0.8333333333333334
50,fa85a80528adfed7e34d,0.7777777777777778,0.0,0.7777777777777778
51,3edb3ce1f3b05837feb3,1.0,1.0,0.0
51,697119a363e8054ab6ec,0.4444444444444444,1.0,-0.5555555555555556
51,ccaed13e178c8f4eb595,0.6666666666666666,0.5,0.16666666666666663
52,55326a12d1bacdc90a36,0.6666666666666666,1.0,-0.33333333333333337
52,8314c6a69a2ad9a5a1ae,0.6666666666666666,0.5,0.16666666666666663
52,9726653500e63b0f1b5f,0.6666666666666666,1.0,-0.33333333333333337
52,cfa26cad818d60b42e7c,0.6666666666666666,1.0,-0.33333333333333337
53,7ef930446d4c30269ba2,0.5714285714285714,1.0,-0.4285714285714286
54,3e7f2f1d950e148d1c6f,0.3333333333333333,0.5,-0.16666666666666669
54,699a685c036a7af876f0,0.42857142857142855,0.0,0.42857142857142855
54,71905dbd81dd9637957b,0.0,0.5,-0.5
54,ded84f8549ea068f187b,0.6666666666666666,1.0,-0.33333333333333337
54,dfc40b97e135ae48d875,0.4,0.0,0.4
55,29342f8e14f85cc2e4c1,0.4,1.0,-0.6
55,5382c052ced05294eb43,0.5,0.5,0.0
55,a0a3c744efd917aac83c,0.42857142857142855,0.5,-0.07142857142857145
55,d844f1ffa2a413b2574e,0.5,0.0,0.5
55,fdbad1333e53f7b45935,0.7142857142857143,0.0,0.7142857142857143
56,268d82cf6ec132e3b35e,0.5,0.5,0.0
56,2d1d4a6a20478fa7dbae,0.8,1.0,-0.19999999999999996
56,4c2a0f46840cd44d7b8f,0.6666666666666666,0.5,0.16666666666666663
56,8ebd9a7cb92d6b756127,1.0,0.0,1.0
56,9b614c4f9d2cd84ce65f,0.6666666666666666,1.0,-0.33333333333333337
57,2eb0b717d7ba76168e2f,0.6,0.5,0.09999999999999998
57,4cf37fb1251c61581e22,0.7142857142857143,1.0,-0.2857142857142857
57,4dd455f8d848814d7ec9,0.3333333333333333,1.0,-0.6666666666666667
57,d089b67b206a08ade887,0.75,0.0,0.75
58,aa63fb46ef3509d6c4a6,0.6923076923076923,1.0,-0.3076923076923077
59,0350105c14d8d0e067ec,1.0,0.5,0.5
59,7faaba00e88bc35a70c5,0.7272727272727273,0.5,0.2272727272727273
59,bc7c6c695e87e9fda028,0.7777777777777778,1.0,-0.2222222222222222
59,e4141fe6a487617964c2,1.0,0.5,0.5
59,fbcc90e70d7f95b4e885,0.8,1.0,-0.19999999999999996
60,65cb2bd4c7b3bbc4487b,0.75,1.0,-0.25
60,cbcad681c7b13ce11bb2,0.6666666666666666,0.0,0.6666666666666666
60,e74b950ae6d8d13b8d93,0.8666666666666667,0.5,0.3666666666666667
60,ec4f03ec3892a3a47d5d,1.0,0.0,1.0
60,f98023b1f34d7c8b59a9,0.6666666666666666,0.5,0.16666666666666663
61,4967b8b9a24bb6f3ba3a,1.0,0.5,0.5
61,555eedfb64e61a3be631,0.6,0.0,0.6
61,9825c41dc6c7f0471569,0.5,1.0,-0.5
61,b4f28e00a4083d7f83b3,0.5,0.5,0.0
61,f98353ea9c7ecfb7515c,0.6,0.5,0.09999999999999998
62,10e0b3a44b61bf3e357b,1.0,1.0,0.0
62,2c60a0f4e520d8f36c20,0.6666666666666666,0.5,0.16666666666666663
62,88fe4e5cb0f1f1726ee4,0.3333333333333333,0.5,-0.16666666666666669
62,b2a1cccd167ddbceb2f2,0.3333333333333333,0.5,-0.16666666666666669
62,e691c9d699aca4f416b9,0.6666666666666666,0.5,0.16666666666666663
63,8145df2a0918d9d1c470,0.4,0.0,0.4
63,b2c6f183826e5130f033,0.0,1.0,-1.0
63,c8731cf298519d4cc07a,0.6666666666666666,0.5,0.16666666666666663
64,1f657e36f4f3e84046d0,0.6666666666666666,0.5,0.16666666666666663
64,4355ee5d0e0e97a47d12,0.3333333333333333,0.5,-0.16666666666666669
64,ab2978a03904b0d0adc6,1.0,1.0,0.0
64,fb1a68b96c138982b200,0.6666666666666666,0.5,0.16666666666666663
65,2e0a465e8ed59078d36d,0.75,0.5,0.25
65,4ea3db0c826bbe6aedc6,1.0,0.0,1.0
65,d06351f322917921871c,0.7142857142857143,0.0,0.7142857142857143
65,d35d7c0338113a761f38,0.6666666666666666,1.0,-0.33333333333333337
65,f846badca6966c36aec8,0.6666666666666666,1.0,-0.33333333333333337
66,69e893db0c3e4b6b08a4,0.3333333333333333,1.0,-0.6666666666666667
66,9f52e0a8110e993295b8,0.0,1.0,-1.0
66,aa6159234f08c69f9e9a,0.6666666666666666,0.5,0.16666666666666663
66,d2fb75b17c1460a6f7ba,0.6666666666666666,0.5,0.16666666666666663
67,a227deb83b160a90009a,0.7142857142857143,1.0,-0.2857142857142857
67,a3ffab137cf8f5cfcaee,0.3333333333333333,0.0,0.3333333333333333
67,b167155394655be9896e,0.6,1.0,-0.4
67,b97e80033ca3cef1c5d6,0.75,0.0,0.75
67,cf1d484b9bf69745facd,0.4,1.0,-0.6
68,0d133b357269078d2826,0.6666666666666666,0.5,0.16666666666666663
68,38c682d3e4f4dfde86e3,1.0,0.0,1.0
68,444e28caedfb70bd5df4,0.6666666666666666,0.5,0.16666666666666663
68,bd1ec83c89a8c06dcd8d,0.6666666666666666,1.0,-0.33333333333333337
68,c47bf7ef46e3b7578973,0.6666666666666666,0.0,0.6666666666666666
69,118ff1cb645c61f88912,0.5,0.0,0.5
69,315a1cea6293b7e2d633,1.0,0.5,0.5
69,59cf098eb826172d709b,0.25,0.0,0.25
69,621ff1bf7324ccd760f9,0.0,0.5,-0.5
69,aef07f88016dbfac3ba0,0.5,0.5,0.0
70,30a9548100a5e0a4996d,0.6,0.5,0.09999999999999998
70,752cab2be8ca9475e6e7,0.75,1.0,-0.25
70,983cb3f6aa822f8bb466,0.75,0.5,0.25
70,b2b04047a09589f55bac,0.5,0.0,0.5
70,e7641c85b087d8197bd2,1.0,0.0,1.0
71,205bc7c0426a8d815311,0.0,0.5,-0.5
71,4903d7d61b7993743bd6,0.3333333333333333,0.0,0.3333333333333333
71,90cd822f30dc3001081c,0.75,1.0,-0.25
72,263c36b5e0d5377d7e12,0.6666666666666666,0.5,0.16666666666666663
72,409f151c8a3cf2210365,0.3333333333333333,0.5,-0.16666666666666669
72,72427d367556f320c79d,0.4,1.0,-0.6
72,72c11c395ae001756fdb,0.5,0.5,0.0
72,949dcb2394029ffa0fa8,0.6666666666666666,0.0,0.6666666666666666
73,9f2ac7f528ca33f6e11d,0.6,0.0,0.6
73,e020248c3964443a518b,0.8333333333333334,1.0,-0.16666666666666663
73,e57cd2eaf04b5b566cc4,1.0,1.0,0.0
73,f2625b859f545bd27cee,0.6,0.5,0.09999999999999998
73,fade39d324b6c74ef6d5,1.0,0.5,0.5
74,2279dfe8c074490ba152,1.0,0.5,0.5
74,3c0bfc812525eee50765,0.6666666666666666,1.0,-0.33333333333333337
74,67142206f66d65effb60,0.6666666666666666,0.5,0.16666666666666663
74,9b67c63ae13f1d961f4a,0.6666666666666666,0.5,0.16666666666666663
74,ae8ec3ba037f250f8a66,0.4,0.5,-0.09999999999999998
75,673074d9122ce1a0e9c7,0.6666666666666666,1.0,-0.33333333333333337
75,67d0330b386d592bd7c1,0.6666666666666666,0.5,0.16666666666666663
75,a8ea31b488c56888b12d,1.0,0.5,0.5
75,ba31bc3507ebf43431d1,0.6666666666666666,0.0,0.6666666666666666
75,d7a3e9b4ef4283dd6377,0.6666666666666666,1.0,-0.33333333333333337
76,1fabbfc5edb581fb2ff6,0.6666666666666666,0.5,0.16666666666666663
76,be02b820530bfa5110ab,0.0,0.0,0.0
76,ebb66761e7fc8ffbaa2e,0.0,1.0,-1.0
76,fe9a865eb3c7f6d52511,0.6666666666666666,1.0,-0.33333333333333337
77,20b20d2692157d5c53dc,1.0,0.5,0.5
77,27408a0aa3be71e5278f,0.8571428571428571,0.5,0.3571428571428571
77,579f772265e78241cc7e,0.0,0.5,-0.5
77,83b393198419384385c4,0.6666666666666666,0.5,0.16666666666666663
77,a8fa41ea2a1bfc32e249,0.75,0.5,0.25
78,06829066ee6ab5099974,0.6666666666666666,0.0,0.6666666666666666
78,08af0aa8ab2030261902,0.5,0.5,0.0
78,32505a78d568fea2e62b,0.5,1.0,-0.5
78,58e4371bbd33e04d3e9d,1.0,0.5,0.5
79,15b2ae1d84bf2238e8cb,0.7142857142857143,0.5,0.2142857142857143
79,8df00af32747999d9c42,0.16666666666666666,0.5,-0.33333333333333337
79,bc5451832531ebd2908b,0.5,0.5,0.0
79,d1b4baf27a9b99975e9c,0.6666666666666666,0.0,0.6666666666666666
80,2836f499b887ec766d30,0.6,1.0,-0.4
80,a7e6269b14c19fc6cdd2,0.25,1.0,-0.75
80,a8e62b25f97325e82404,0.6,0.0,0.6
80,c546405f5f8de1f909a4,0.75,0.5,0.25
80,d0e32e357b749f88ec53,0.3333333333333333,0.5,-0.16666666666666669
81,9045cc93cb1618d3ea68,0.75,0.5,0.25
81,caacfd4bc3eb8470f2b5,0.75,1.0,-0.25
81,d5905d87d27a27d2a9ad,0.8,0.5,0.30000000000000004
81,f2b3c1e963e605c596cd,1.0,1.0,0.0
81,f4dc093e75cd2f228f1d,1.0,0.0,1.0
82,11578cd4cf5074dd2b04,1.0,1.0,0.0
82,14f3a5ccbe3a84b52dc9,1.0,1.0,0.0
82,68def246264224f51e5a,0.75,0.5,0.25
82,b2013ba9ea6c8ea72faf,0.75,0.0,0.75
82,ce0a3e21842652045b7c,0.75,0.5,0.25
83,1418482a5accab062757,0.5,0.0,0.5
83,5fa197c77a0741b4a48a,0.5,1.0,-0.5
83,61d68e86325ad5d8f8a9,0.0,0.5,-0.5
83,9e8f90e8acebe1bc4dab,0.6666666666666666,0.5,0.16666666666666663
83,b349a5b607d4018b2c5e,0.0,0.0,0.0
84,0ae1f6edbb328dc54cc1,0.3333333333333333,0.5,-0.16666666666666669
84,1d7d95e98ded6955129d,0.0,1.0,-1.0
84,3552be5d936a69e80b40,0.6666666666666666,1.0,-0.33333333333333337
84,50c16de086166dfcc4f5,0.0,0.5,-0.5
84,d65fc70187b46d0ae357,0.5,1.0,-0.5
85,50bcfb7b8d9b97cf4441,0.5,1.0,-0.5
85,761e4cfccdb2f271544a,0.0,0.0,0.0
85,809455235e8fac352285,0.0,0.0,0.0
85,f67588423e4cfd8846aa,0.0,0.5,-0.5
85,fe01bb64e5fed94b913c,0.0,0.5,-0.5
86,4800ca1089566c7f4494,1.0,1.0,0.0
86,9bf0c5df4eeb38856a64,0.75,0.5,0.25
86,ae33697d3dc9784f219d,0.75,0.0,0.75
86,df4e7c94d49cf7a75e7c,0.5,1.0,-0.5
86,fe76914183b458d16acf,0.5,0.0,0.5
87,1658bf3019012deeb4d5,0.6666666666666666,0.5,0.16666666666666663
87,cf5f7b74e292a58314ac,1.0,1.0,0.0
87,d1973ee15ee889c8ef9d,0.6666666666666666,0.5,0.16666666666666663
87,e3ef557b701b573f66e7,0.6666666666666666,0.5,0.16666666666666663
87,eae0414561a811e8df3a,1.0,0.5,0.5
88,30c0ed3d2b64590cf572,0.0,0.0,0.0
88,6d57e5013588e2f99984,0.0,1.0,-1.0
88,b9151cea8a7296d302a3,0.4,0.5,-0.09999999999999998
88,dd3b2196486cefffadb9,0.3333333333333333,1.0,-0.6666666666666667
88,f3e5acc6608b97365d62,0.5,1.0,-0.5
89,5b70cb05d06aa7e1358d,0.6666666666666666,0.0,0.6666666666666666
89,9b0e10d703a0de232597,0.3333333333333333,0.0,0.3333333333333333
89,c3321906c30bb01196ae,0.3333333333333333,0.5,-0.16666666666666669
89,dc062e888bc47a24cebe,0.0,0.0,0.0
90,58f2e47dc90366618865,0.6428571428571429,0.5,0.1428571428571429
92,0c8f9371cd300ce99b94,0.3333333333333333,1.0,-0.6666666666666667
92,68576b709fefffe8bb3a,0.3333333333333333,0.5,-0.16666666666666669
92,b3501f888ec8f8ba5367,0.0,1.0,-1.0
92,f03ac0df56d25e6565c4,0.0,0.5,-0.5
92,f5d3fdade4329c616cc2,0.0,1.0,-1.0
93,0e39bb6a030429c86f47,0.5,0.5,0.0
93,8f49d5d3baf47ad6e65f,1.0,1.0,0.0
93,928a7e05ae021dbe63b3,0.5,0.5,0.0
93,b8af4debceba7601bfc6,0.0,0.5,-0.5
93,c819b67513c52eed1635,0.5,1.0,-0.5
94,2fe6fc9953daed01b6ff,0.0,0.5,-0.5
94,33975024c567122d618a,0.625,0.5,0.125
94,977a640663d4d47aaa83,0.14285714285714285,0.0,0.14285714285714285
94,9a6a6a0ba492798edb57,0.375,0.5,-0.125
94,f07892c9a3c833244fcf,1.0,0.5,0.5
95,3a46a2b6938158dd4285,0.3333333333333333,0.5,-0.16666666666666669
95,969b176d836ddebb7411,0.5,0.5,0.0
95,97daae0e0ffc23673788,0.6666666666666666,0.0,0.6666666666666666
95,c4700f779f55776ef927,0.5,1.0,-0.5
96,118e4ba91cd33e512710,0.0,1.0,-1.0
97,a788ad8b579d10216c0f,0.0,1.0,-1.0
97,d10a4a03a55489927451,0.75,1.0,-0.25
97,f72a4e3e40851610a048,0.5,1.0,-0.5
98,622e87c16e407f630999,0.6,0.5,0.09999999999999998
98,87c0d3f5221fd9c75b47,0.5,0.0,0.5
98,a889e453eb307b8478e6,1.0,0.5,0.5
98,aeb7da0f173ef32044e2,0.5,1.0,-0.5
98,c9fd7d3396e7cbdea7ce,0.6666666666666666,0.0,0.6666666666666666
100,33a3a496fda638baaddd,0.5,0.5,0.0
100,44768c1b39665b38d755,1.0,0.5,0.5
100,5bb3fb8e4eaf273bb8c6,0.6666666666666666,0.0,0.6666666666666666
100,d2b6cedf5789ee3eb2b0,1.0,0.5,0.5
100,f92d2849df644e8e89c0,0.8,0.5,0.30000000000000004
101,8357e49963d585829f4f,1.0,0.0,1.0
101,91a80053f40a042ceb5b,0.5,0.5,0.0
101,9e6192f167ddcf5bea7f,1.0,0.5,0.5
101,bd99f79c43799453dc24,1.0,1.0,0.0
101,f07fad63f399b93db0b1,0.6666666666666666,1.0,-0.33333333333333337
102,aaac15ad1cfa9beda7f2,0.875,0.5,0.375
102,b080781fac47a5509796,0.3333333333333333,0.5,-0.16666666666666669
102,c30fc0e9a525af35ffce,0.4,0.0,0.4
103,2c47fb352c85b2af5cb8,1.0,0.5,0.5
103,e905a06d1bd1d7afc790,0.8333333333333334,1.0,-0.16666666666666663
103,eb1b641a9baa7a44a4c5,0.6,0.5,0.09999999999999998
103,fa9542b6e778befed094,0.8333333333333334,1.0,-0.16666666666666663
104,2dde46d3526a74bf2482,0.5,0.5,0.0
104,a8d36b3c2eb38d7bccfa,0.4,0.5,-0.09999999999999998
104,aa08dde8815c6b84d4cf,0.6,1.0,-0.4
104,c844be76d7a690c42f46,0.5,0.5,0.0
104,c84f6da62646dd29deb7,0.2,0.5,-0.3
105,09648bc2e4b65d189cfe,0.6666666666666666,0.5,0.16666666666666663
105,197bd0d2fde864eae071,0.6666666666666666,0.0,0.6666666666666666
105,66f042f688648b360634,0.6666666666666666,0.5,0.16666666666666663
105,d0effb93e00a9253c278,0.3333333333333333,0.5,-0.16666666666666669
105,fbbfe7e22f639d011fde,1.0,1.0,0.0
106,653c39b072cd8e3ff056,0.7777777777777778,0.5,0.2777777777777778
106,81d71ef21f1da7454b44,0.7647058823529411,1.0,-0.23529411764705888
106,950289ccc9a7cd39bd6f,0.7,0.5,0.19999999999999996
106,dd669283301bc56736b8,0.7142857142857143,0.5,0.2142857142857143
107,0996463489a521a1e479,0.6,1.0,-0.4
107,2936f1f8d8dd7bd7a494,0.875,0.5,0.375
107,2ba5b0f45e9217cf6bbe,0.8,0.5,0.30000000000000004
107,a3cd934f5457fb6026d4,1.0,1.0,0.0
107,b5486d202e264cdf907e,0.75,0.5,0.25
108,0e7043c144725182dcc1,0.8,0.5,0.30000000000000004
108,3bfff326dcf31f598d1c,0.6666666666666666,1.0,-0.33333333333333337
108,53e8911f135f05f19d5b,0.3333333333333333,1.0,-0.6666666666666667
108,9936d65dfd5f124981bd,0.3333333333333333,0.5,-0.16666666666666669
108,e64494e46bb59ec8796a,0.3333333333333333,0.5,-0.16666666666666669
109,2760a5245ef2a4121792,0.6666666666666666,0.5,0.16666666666666663
109,6c2a07e1d2e238f0a306,0.75,0.5,0.25
109,bc1041fbb53a40a6c554,0.8333333333333334,1.0,-0.16666666666666663
109,f4c7b26740f937e8c94b,0.8,0.0,0.8
110,a6ef4082977c00405256,0.7142857142857143,0.0,0.7142857142857143
110,ae4487d6cc528de1206d,0.6666666666666666,0.5,0.16666666666666663
111,14be66b00d43c5e359e2,1.0,0.5,0.5
111,501f9d1f26df5da4d550,0.75,1.0,-0.25
111,71dafa45055b8acc94a5,0.75,0.0,0.75
111,7ed85217fba1f4a912a0,1.0,0.5,0.5
111,f8f06a971bb74c3ff62c,0.8,0.5,0.30000000000000004
112,43ca3eb89727763f1236,0.75,0.5,0.25
112,54b8f0cd34dd976052e2,0.75,0.5,0.25
113,072103745b77f3ec73ab,0.75,0.5,0.25
113,1b8e564504cbd6c3e984,0.3333333333333333,0.5,-0.16666666666666669
113,239b2b175bba0f0e30b3,0.42857142857142855,0.5,-0.07142857142857145
113,2a7c98ccb8333d584145,0.5714285714285714,0.5,0.0714285714285714
114,14f04c38d1ed3a558dc8,0.5,0.0,0.5
114,95cf0e85f0fdd797bbd3,0.5,1.0,-0.5
114,de6fe5f5322e4e7df40a,0.0,0.5,-0.5
114,ecb24d19ca673cab58a6,0.0,0.5,-0.5
115,279d7d7a49402cc6dd2b,0.5,0.0,0.5
115,4181f605066a860eaded,0.5,1.0,-0.5
115,9ae7d561bacbe6c6f04d,1.0,1.0,0.0
115,c2cdb645751e591f744c,0.5,0.5,0.0
116,8a76092689e300a337d2,0.0,0.5,-0.5
116,a018195e88bc582a947c,0.0,1.0,-1.0
116,ba2470f26d223410fb8c,0.5,1.0,-0.5
116,cb63015103f35c381671,0.0,1.0,-1.0
116,eafadb8fd238acfdbaff,0.16666666666666666,1.0,-0.8333333333333334
117,1c501525527d1d6f2631,0.0,1.0,-1.0
117,33c75d525fbb1a662c2d,1.0,0.5,0.5
117,6a9111d77436a28fb60f,1.0,0.5,0.5
117,d406667a22854095676e,0.5,1.0,-0.5
117,ff9399a8769b76f4a653,0.6666666666666666,0.0,0.6666666666666666
118,24252046aa3485127205,0.5,0.0,0.5
118,451aa3c12ad30ba3c6e9,0.5,0.0,0.5
118,6ed0314590ab521dea6b,0.75,0.5,0.25
118,8a8bef764137ccfb44e9,0.5,0.5,0.0
118,92f943a687cb2474e0ad,0.5,0.0,0.5
119,34d2612ae81bfb66f978,0.8,0.5,0.30000000000000004
119,b9c930f3b04cab6eba4d,0.3333333333333333,0.5,-0.16666666666666669
119,c365530e0bc950c0380e,0.6,1.0,-0.4
119,c6ae6f16faf7a9c0b7f3,0.4,0.0,0.4
119,d6fc86761e8a28275087,0.3333333333333333,0.5,-0.16666666666666669
120,045c3af5e8fde10bc375,0.3333333333333333,1.0,-0.6666666666666667
120,174c9835911de5b69860,0.6666666666666666,1.0,-0.33333333333333337
120,a9ff07ba3a936d7c9a87,0.3333333333333333,0.5,-0.16666666666666669
120,cc269f6824ef94b44590,0.6,0.5,0.09999999999999998
120,d4ce7334960703334d8d,0.6666666666666666,1.0,-0.33333333333333337
121,36796cf8d934a778698c,1.0,1.0,0.0
121,53e35ee0c97f25e30c47,0.0,0.5,-0.5
121,5b75975add6afe6d03c9,0.0,0.5,-0.5
121,b19b7c27059cc319c552,0.5,1.0,-0.5
121,d450e27d26c4f808a9a3,0.0,0.0,0.0
122,0addf843946377466ea3,0.7,0.5,0.19999999999999996
122,e81f6243c419abbaf75d,0.42857142857142855,0.5,-0.07142857142857145
122,f78e821ad5d9fabb8653,0.5555555555555556,0.5,0.05555555555555558
123,e62e24510ecbb3545e11,1.0,0.5,0.5
123,f0f87f97359faa189d6f,0.8,1.0,-0.19999999999999996
124,035753f0ca31e76c1aae,1.0,1.0,0.0
124,24721077ebe946f0396a,0.5,0.5,0.0
124,7ab9c88ed47d2783ee33,0.0,1.0,-1.0
124,a637ab7325ca2571ed1e,0.5,0.5,0.0
124,eb9db3b04455f4fbceb3,0.0,0.5,-0.5
125,6882eab17e1629743f76,0.0,0.0,0.0
125,6a50cd5e4d0eb0cdd45b,0.0,0.5,-0.5
125,8577495624e481ed6cee,0.0,0.5,-0.5
125,c295c1162412cef49502,0.0,0.0,0.0
125,f900c5026c7c22e6d762,0.0,1.0,-1.0
126,511bd3ae7e9d5a84eaba,1.0,0.0,1.0
126,5e70d2b62d57a8db16cb,0.6,1.0,-0.4
126,7073ede7207b5e6fa56e,1.0,0.5,0.5
126,b45b13d6ba83835ad2d5,0.8,0.5,0.30000000000000004
126,d0fae0de8ce198f03bcd,0.8,0.0,0.8
127,5942df8c07eb5817a155,0.6666666666666666,0.5,0.16666666666666663
127,9e04c2aac28293de0fef,0.0,0.5,-0.5
127,d66b0165c2b526f9ee85,0.6666666666666666,0.0,0.6666666666666666
127,f48f84271a48aa6695ca,0.6666666666666666,0.5,0.16666666666666663
128,3abe22d5439a4b9ccabf,0.3333333333333333,0.0,0.3333333333333333
128,7d19387987ed46aa363c,0.5,0.5,0.0
128,8534b6e6816ec66f9857,0.5,0.0,0.5
128,bca4dc87e6db0f9da82c,0.5,0.0,0.5
128,f8e476709765abe6404b,0.0,1.0,-1.0
129,1a8b1435efd97cd8f6b7,0.7142857142857143,0.0,0.7142857142857143
129,79c644bb39ace1365531,0.6,1.0,-0.4
129,859977b3650eb322a0fb,0.2,0.5,-0.3
129,903d1da13c281a0208f0,0.5,0.5,0.0
129,b4a03ccd52e070f2a8f5,0.5,0.5,0.0
131,2132e53b663962d1691e,0.0,1.0,-1.0
131,51db27e9ba27c84cbddc,0.0,0.0,0.0
131,684671ad2c6fb73248cc,0.6,1.0,-0.4
131,ab682594105b74a0139f,0.0,0.5,-0.5
131,cc6b7c1e1a4b04204861,0.0,0.0,0.0
132,70a7d6b1b712a93944c8,0.8,0.5,0.30000000000000004
132,9a09e646a4bdaf8f6ade,0.6666666666666666,1.0,-0.33333333333333337
132,d0e734b332e39b2eed33,0.8571428571428571,1.0,-0.1428571428571429
132,d752f6f29f90a6b50a53,0.8333333333333334,0.5,0.33333333333333337
133,0673e8637c86bceaa86f,0.75,1.0,-0.25
133,80b05c01e64f98b4b2d7,0.45454545454545453,0.0,0.45454545454545453
133,a2ec94e107330dec7e5b,0.9,0.5,0.4
133,aa37d8b9ee9534c5011a,0.75,0.0,0.75
133,f6945b0e21515dfd8c9c,0.8,0.5,0.30000000000000004
134,ca265490d4e84add7de7,0.5555555555555556,0.0,0.5555555555555556
135,5bc3555dde0cdc13d206,0.5,1.0,-0.5
135,626da2a558db018183b0,0.0,1.0,-1.0
135,6306625d1e097b87011c,0.5,1.0,-0.5
135,b18642cb56f061fd51a3,0.75,0.5,0.25
135,fbc9c3e7d77c54424af6,0.0,0.5,-0.5
136,31b2f0029bb5746b35e7,0.3333333333333333,0.0,0.3333333333333333
136,3278a45036ec827976b0,0.3333333333333333,0.0,0.3333333333333333
136,a64fa0a8c3a4c4331530,0.3333333333333333,1.0,-0.6666666666666667
136,b63fa62213306d34c72f,1.0,0.5,0.5
136,b9e7d8ecd8e1c9c2f88c,0.3333333333333333,0.0,0.3333333333333333
137,091417f293c3346b0f7a,0.8,1.0,-0.19999999999999996
137,c4e8fb933c2274f1d33b,0.5,0.5,0.0
137,fef445a40a96e67cb472,0.2857142857142857,1.0,-0.7142857142857143
138,bd35d9aab0c2878ac359,0.5,0.0,0.5
138,c6cea4fe474aed319bd7,0.6666666666666666,1.0,-0.33333333333333337
139,68f0ffeb19af323503c9,1.0,0.0,1.0
139,6ed7282b5081e901cbaa,0.4444444444444444,0.0,0.4444444444444444
139,8609b28631f833f0dee4,1.0,1.0,0.0
139,9f7482cba6d6d493a67a,0.6,1.0,-0.4
139,b873f03e6be5f8b0ab7e,1.0,1.0,0.0
140,0289516f108337e5bf46,0.8571428571428571,0.0,0.8571428571428571
140,2b1a7f604e6c62544cbc,0.6666666666666666,1.0,-0.33333333333333337
140,5726998a36356dcb3e71,1.0,0.5,0.5
140,7107c0b843d7f8fbd4e4,1.0,0.5,0.5
142,15a9e69fe777fdba1c9f,0.875,0.5,0.375
142,46491d0a658947ab0e58,0.5714285714285714,0.0,0.5714285714285714
142,bc59809facaf439f9aae,0.7142857142857143,0.5,0.2142857142857143
143,bad7f12a17b7083b47e6,0.75,0.5,0.25
144,a9c2aab4d0f7052d0e8e,0.6,0.5,0.09999999999999998
144,d453cad74dd0cd73b8dd,0.8,0.0,0.8
145,1eda497586c1e46f17f9,0.8333333333333334,0.5,0.33333333333333337
145,39ead0213084f929f583,0.6666666666666666,0.5,0.16666666666666663
145,9be2b832364b465d9133,0.7857142857142857,1.0,-0.2142857142857143
145,b851a97a6c3d524f7711,0.7142857142857143,1.0,-0.2857142857142857
147,41f054805f421597988e,0.5,1.0,-0.5
147,47ce73a4d35e822f72fd,0.3333333333333333,0.5,-0.16666666666666669
147,5d7c627bd36afb858667,0.3333333333333333,1.0,-0.6666666666666667
147,98a47d513d013a7de723,0.3333333333333333,0.0,0.3333333333333333
148,2d2cb36ef12c00916fda,0.0,1.0,-1.0
148,6b8c21f6d4ed6de613e4,0.5,1.0,-0.5
148,6ed7d16b5800f768b941,0.5,0.5,0.0
148,8cb115eb6d5cf5ca4b8b,0.6,0.0,0.6
148,9af741fc95db360d0ff4,0.6,0.5,0.09999999999999998
149,03c238f72741bf1ffc04,0.3333333333333333,0.0,0.3333333333333333
149,35f018a3e3f86c592cd7,0.6666666666666666,0.5,0.16666666666666663
149,7d7b794b91faaf1878c9,1.0,0.5,0.5
149,9be5bd04e7fa6154d984,1.0,0.0,1.0
149,ce776ac1979cfcac4d0b,0.6,0.5,0.09999999999999998
150,40e6dd9b12741ac4251f,0.75,0.0,0.75
150,6469906c04eae75c157b,1.0,0.5,0.5
150,ebc73c68fb1ba2c96980,0.5,0.0,0.5
150,efe7a7f84d730df1b0a5,0.75,1.0,-0.25
151,0951e0a420d257152cbe,0.3333333333333333,0.0,0.3333333333333333
151,5191fd921bf57693e2cc,0.75,1.0,-0.25
151,a829c153ccb9222778e0,0.8,0.0,0.8
152,078d69dbd66a34ee3d01,0.0,1.0,-1.0
152,173a2e013510e8b97ec5,1.0,0.5,0.5
152,2626f5312a86f7faabc5,1.0,0.5,0.5
152,7f4013817ea2854b656e,0.75,0.0,0.75
152,ce4bc14bdf71c2814883,1.0,0.5,0.5
153,38c37a3bd648853b805f,0.8571428571428571,0.0,0.8571428571428571
153,6e42f4daaa373eb8302d,0.8333333333333334,0.0,0.8333333333333334
153,865ee490ee3b0e2a3e12,1.0,0.5,0.5
153,99b16f2c3a5f99cb3e98,0.8,0.0,0.8
154,79c147d5091cd45660c6,0.8,0.5,0.30000000000000004
154,8146fd852e93829d9717,0.8571428571428571,1.0,-0.1428571428571429
156,1e9a67d9dba5504e595d,0.0,0.5,-0.5
156,48b15c6c462cfc92225e,0.8,1.0,-0.19999999999999996
156,dca73a39fd5b8c790f1e,0.0,0.0,0.0
157,2e69276cccf3862cbb31,0.0,0.5,-0.5
157,eaaa2b1e9ed73af9c5f9,0.0,0.0,0.0
158,467b377a28f96f6ab490,0.875,0.0,0.875
158,5f0626d2acaaf8af4a09,0.42857142857142855,1.0,-0.5714285714285714
158,866254074332a703a360,0.8333333333333334,1.0,-0.16666666666666663
158,c4858cfe68da2c67706c,0.5714285714285714,0.5,0.0714285714285714
159,213c69db1d01a3c2f6e9,0.3333333333333333,0.5,-0.16666666666666669
159,3590e867568282646835,1.0,0.5,0.5
159,75b56dab401878c748b2,0.6666666666666666,0.5,0.16666666666666663
159,ea2eb0daba76ca2aa3b1,0.6666666666666666,0.5,0.16666666666666663
159,f0a0fce3ad3b32c0e0a7,1.0,1.0,0.0
160,149d6989d4b861bef5b2,1.0,1.0,0.0
160,57f661938dd8958188d7,0.3333333333333333,0.5,-0.16666666666666669
160,d636fc4928618ab29980,0.3333333333333333,0.5,-0.16666666666666669
160,ed8be315d29b45db2b94,1.0,1.0,0.0
161,2293af98ee4c610e8cd3,0.75,1.0,-0.25
161,351bee8d5277c786dd9c,1.0,0.0,1.0
161,9f970eb2537cbb0908aa,0.75,1.0,-0.25
162,03093bca99c79c400002,0.25,0.5,-0.25
162,06e9c21b04283a25cb2d,0.6666666666666666,1.0,-0.33333333333333337
162,82bfbdfc53a8aa17e1dd,0.3333333333333333,0.5,-0.16666666666666669
162,c60f740198d98b584155,0.3333333333333333,0.5,-0.16666666666666669
163,423a6afa73b3956a0ad3,0.6666666666666666,1.0,-0.33333333333333337
163,5198a2f075b37d3f16d5,0.6666666666666666,0.5,0.16666666666666663
163,7be66d3bf0879b89a4bd,0.6666666666666666,0.5,0.16666666666666663
163,9f29c344553e6e27ac4b,0.3333333333333333,1.0,-0.6666666666666667
163,b386d325db64fe540f5d,0.3333333333333333,0.5,-0.16666666666666669
164,40a19343a92d79dd1d68,1.0,1.0,0.0
164,49c04272c4140548f2fc,0.6666666666666666,1.0,-0.33333333333333337
164,7977443745494ac2204b,0.6666666666666666,0.5,0.16666666666666663
164,80be74f66f8c97fce767,1.0,0.5,0.5
164,986f7ade9b2d4953a0d9,0.75,0.0,0.75
165,05dbdf3c040c03c75775,0.3333333333333333,0.5,-0.16666666666666669
165,1aa283bfc36b5a5e7a87,0.0,0.5,-0.5
165,1bb11c0dd8295537e429,0.0,0.5,-0.5
165,2b94ce5f1ae8258f7464,1.0,0.0,1.0
165,a19d8c0c33dfed6a15d3,0.0,0.5,-0.5
166,10e2488da67727f393aa,0.75,0.5,0.25
166,117727b27bbd7b8b0039,1.0,0.5,0.5
166,3d82bfbaf1fe84f9354c,0.75,0.5,0.25
166,45e0d54e1960cd8560b9,1.0,0.5,0.5
166,dbc2d6d090c27d410ffa,1.0,1.0,0.0
167,892185a33c5421c0158d,0.6666666666666666,0.5,0.16666666666666663
168,55a2e706bb54709db8b6,0.625,1.0,-0.375
168,7eee4ae8c687b455ac91,0.625,1.0,-0.375
168,913bbd5d92c2b49a60d3,0.6666666666666666,0.0,0.6666666666666666
168,d86eb2f528bd5d1e1041,0.8,0.5,0.30000000000000004
169,162ac89c65bea8583bee,0.8,1.0,-0.19999999999999996
169,36ee79beacd0a0deb8e1,0.25,1.0,-0.75
169,73e5c343d96bee765c15,0.6666666666666666,1.0,-0.33333333333333337
169,799a3aa98706ca6d2ab5,0.8333333333333334,1.0,-0.16666666666666663
170,19c6df790b588ee98c98,0.6,1.0,-0.4
170,dd8c2a70f39c113a770e,0.8461538461538461,1.0,-0.15384615384615385
170,e49a389ac66e9a48b210,0.75,1.0,-0.25
170,e838d5601d123860a946,1.0,0.5,0.5
171,2878916d99c80c5591d4,0.0,0.5,-0.5
171,3ccc1e94d4d4ca07ca83,0.3333333333333333,1.0,-0.6666666666666667
171,3e4eadc274b317b2d924,0.5,1.0,-0.5
171,4220d0d61c1fb82e1d07,1.0,0.5,0.5
171,f82a4bad69816fe8250d,0.2857142857142857,0.5,-0.2142857142857143
172,3ce85c032cd19a46072f,0.2,0.0,0.2
172,57fbbce598211680aef9,0.3333333333333333,0.0,0.3333333333333333
172,f24960e0461bfb870cb5,0.6666666666666666,0.5,0.16666666666666663
173,0891a9b1e1639ec447d7,0.75,1.0,-0.25
173,7499085ebaf8d0c201d4,0.5,0.0,0.5
173,99f9d71e4414156a02bf,0.75,1.0,-0.25
173,a76e2dc960c62328574d,0.8,0.5,0.30000000000000004
173,ef90c203a86a23eae5ba,1.0,0.0,1.0
175,303d3a85aa18614fd231,0.4,0.0,0.4
175,b2d0965b47866be6f2d3,0.5,0.5,0.0
177,338e52347e0a293b7b34,0.6666666666666666,0.0,0.6666666666666666
177,7ff9d43690f0b870e71d,0.6,1.0,-0.4
177,83b38d3fcc7bd2a7023c,0.0,0.5,-0.5
177,8ce9407b2a5b3cdc5ee0,0.3333333333333333,0.5,-0.16666666666666669
177,d143bf580710c6158b6d,0.3333333333333333,0.5,-0.16666666666666669
178,a707885d4adbf3a802e2,0.3333333333333333,0.0,0.3333333333333333
178,c9b725f2bf08dad1eac7,0.6666666666666666,0.5,0.16666666666666663
178,d8bc687c001c8261ba6e,0.3333333333333333,1.0,-0.6666666666666667
179,4d4c2204b38b5b23dfcb,0.3333333333333333,0.0,0.3333333333333333
179,4fd5ae68897dde614428,0.6666666666666666,0.5,0.16666666666666663
179,80ddb1e633b1a5aacf71,0.3333333333333333,0.5,-0.16666666666666669
179,9dcf68711424348c3b86,0.5,0.5,0.0
179,fcedaf4096de8122d7e1,0.5,0.5,0.0
180,66434c127123be611beb,0.75,0.5,0.25
180,841bf6276e2d862663d8,1.0,0.5,0.5
181,0196ad962d37bdb1ba32,0.3333333333333333,0.0,0.3333333333333333
181,77c6bd6f06eaa4e2c448,0.5,0.5,0.0
182,15af650d4555f4cf29e8,0.5,0.5,0.0
182,1bfc7c1c9d66fe5d6028,0.6,1.0,-0.4
182,79fc667b91e549d6709a,0.75,1.0,-0.25
182,fdd741505088df4e6d6f,0.6666666666666666,0.0,0.6666666666666666
183,17178af0898a020a8756,0.8,0.5,0.30000000000000004
183,29ef4119aef82047917f,0.6666666666666666,0.0,0.6666666666666666
183,6524535f6cea76f45114,0.6666666666666666,0.5,0.16666666666666663
183,8fdb7a145dcfbfa290bd,1.0,0.0,1.0
183,f4a4170e1c71ce0abdd4,0.6,0.5,0.09999999999999998
184,02e1b0555b5a5926ef36,0.75,0.5,0.25
184,2f1d5fa1896e63c81d84,0.8,1.0,-0.19999999999999996
184,31649f55675d4af96ccf,0.75,0.5,0.25
184,3d3dac9320846e3b5e8e,0.5,0.0,0.5
184,d7bce2c4512bf434871f,0.75,0.5,0.25
185,217b8e4a4ed8924dbd4a,0.6,0.0,0.6
185,4f59aaca2e7cb233c51f,0.4,0.5,-0.09999999999999998
185,60e49ee317d4db81136b,1.0,0.0,1.0
185,8b02be65ed9d5ea9fcd9,0.5,0.0,0.5
185,8edd9eefc68c620ff63f,0.8571428571428571,0.0,0.8571428571428571
186,12e5512cbafde0634d03,0.5,0.5,0.0
186,73d3c1632b5e59eb43db,1.0,1.0,0.0
186,867a3d5175a784e7cd16,0.5,1.0,-0.5
186,a4796bb48eaff5e80591,0.75,0.5,0.25
187,48b0d016e5832fb20652,0.3333333333333333,0.5,-0.16666666666666669
187,68a0461fe6410bdf4db4,0.3333333333333333,1.0,-0.6666666666666667
188,19ecf505e33449489783,0.6666666666666666,1.0,-0.33333333333333337
188,addbcacfb5f0d231c1fb,0.625,0.5,0.125
188,c045ec9e83c371996a78,0.75,0.5,0.25
189,066254ca076df19c97f8,0.8333333333333334,0.0,0.8333333333333334
190,0d6ae322744268ef3c86,0.6666666666666666,0.5,0.16666666666666663
190,74ca9814ee6dbe0ad4c1,1.0,1.0,0.0
191,2fd28ff7218d8f2fa0c7,0.75,0.5,0.25
191,325a56e5a335ef4cf838,0.6666666666666666,0.5,0.16666666666666663
191,52e613c2a1ba498dd64b,0.2,1.0,-0.8
192,3dd22be6d2cd5c83f05f,0.5,0.0,0.5
192,b33730f3d1ca76a14c9f,0.4,0.5,-0.09999999999999998
192,d617c14f7524b7704284,0.2857142857142857,0.0,0.2857142857142857
193,85a6cd8ae8694febdb34,0.0,0.0,0.0
194,07e3bd8306a9a16efd5d,0.3333333333333333,1.0,-0.6666666666666667
194,14cbe411a9d924ee9fc7,0.3333333333333333,0.5,-0.16666666666666669
195,45a02cd9071a51019e0a,1.0,0.0,1.0
195,551b17299a29b60d12ef,1.0,1.0,0.0
195,8a69090c8c9c016185a7,0.8,0.5,0.30000000000000004
195,9eae17adf657e3f23b8b,0.6,1.0,-0.4
195,ea0a2efb6640fafb7ba7,0.75,0.5,0.25
196,367a97d14b6e51e9f322,0.6,0.5,0.09999999999999998
196,4c69dbba9c5e68d62ead,0.7142857142857143,1.0,-0.2857142857142857
196,4e8c9fc98090ad401ce9,0.75,0.0,0.75
196,bc2f6d565000e78df51e,0.8,0.5,0.30000000000000004
196,fb0e951946bf73de4a92,0.75,0.5,0.25
197,a3ab86c24e55cc109cd4,1.0,0.0,1.0
197,ace0a76603e96973e32e,0.8333333333333334,1.0,-0.16666666666666663
198,484995225680ce2b4db5,0.8333333333333334,1.0,-0.16666666666666663
198,694dbb25358d0593a1e1,0.7142857142857143,0.0,0.7142857142857143
199,645d5b2d66da3beb204b,0.7272727272727273,0.0,0.7272727272727273
200,093008d05e9ecc91c624,0.6666666666666666,1.0,-0.33333333333333337
200,0e2341cb6cd581352982,0.5,0.5,0.0
200,5d74558ccf0a36cce134,0.5,0.0,0.5
200,6372ae58354087dc4f82,0.6666666666666666,1.0,-0.33333333333333337
200,9947f080bff837ef974d,0.5,1.0,-0.5
201,2522cc849bc457f606b5,0.0,1.0,-1.0
201,2cebc8439129df567e92,0.6666666666666666,0.0,0.6666666666666666
201,4218c002d5ce12c55588,0.6666666666666666,1.0,-0.33333333333333337
201,534943a70fa9845b5eb3,0.6666666666666666,1.0,-0.33333333333333337
201,fda44d18dc3301215900,0.5,1.0,-0.5
202,656d7d66d5817542959f,0.6666666666666666,0.5,0.16666666666666663
202,76f5bf09d63bb9ffeed7,0.5,0.5,0.0
202,a17caba8e32fa61cb6b1,0.6,1.0,-0.4
202,b99e95a55203eb5af15d,1.0,1.0,0.0
203,3c9f58be3b1ea543b532,0.5,0.5,0.0
203,4832b62e20d615039632,0.6,1.0,-0.4
203,636d7d1748c49db65441,0.6,0.5,0.09999999999999998
203,7649c0732e46001b8587,0.5714285714285714,1.0,-0.4285714285714286
203,c78d36aed2335653f262,0.5714285714285714,1.0,-0.4285714285714286
204,1205842786fc74a9d3b4,1.0,0.5,0.5
204,59b8185c058ee20a8b52,1.0,1.0,0.0
204,94f8d36071ea561c88cf,0.6666666666666666,1.0,-0.33333333333333337
204,957c5228e0b802ac8046,0.6,1.0,-0.4
205,3af22af35ac92aad5d78,0.8,1.0,-0.19999999999999996
205,a5d274a9a09237db7165,0.8,0.5,0.30000000000000004
205,b2c6f4eb36200089bcb7,1.0,0.0,1.0
205,e45ada9dfd4e82b44fc2,1.0,0.5,0.5
205,e74674b935b380b13482,0.8,0.5,0.30000000000000004
207,5a193c9fdafccc9d5569,0.8888888888888888,1.0,-0.11111111111111116
207,bef5d8a9cf87040f2b94,0.42857142857142855,0.0,0.42857142857142855
207,cbd0eaec9cdd947a2aa3,0.4,1.0,-0.6
207,cea2884d998aa90f5efc,0.3333333333333333,0.5,-0.16666666666666669
207,d07423ae81e3b487c598,0.875,0.5,0.375
208,21b0b4585c9debabf9fd,0.6666666666666666,1.0,-0.33333333333333337
208,3b31bd65df62f9767c50,0.6666666666666666,0.5,0.16666666666666663
208,83efe922e487d8ee57ca,0.8333333333333334,0.5,0.33333333333333337
208,b0fb58836c06982483d6,0.75,0.5,0.25
210,064eef912e5b5ffcd937,0.75,1.0,-0.25
210,34888f794ff5af08d008,0.75,0.5,0.25
210,36f65fc43d40bbbbbaf0,0.75,0.5,0.25
210,9b8999ce5102e1ec87d8,0.75,1.0,-0.25
210,c36320b040a6f67c1f30,0.75,0.5,0.25
211,12fbaf5ffd5bd72f5533,0.7142857142857143,0.5,0.2142857142857143
211,45cc2ac1c1d2d51bb34d,0.75,0.0,0.75
211,8c30736486dcb21a8279,0.5,0.5,0.0
211,b0fe49214fb10a02a071,0.5,1.0,-0.5
211,f66afe8fe1156e072ad2,0.4,0.0,0.4
212,331e9424138c46d49bfb,0.3333333333333333,0.5,-0.16666666666666669
212,7fbc830dfc2373f72d24,0.3333333333333333,1.0,-0.6666666666666667
212,aa2e5c7b305ffb9df609,0.3333333333333333,1.0,-0.6666666666666667
212,acb352e6972db0ad3af7,0.3333333333333333,0.5,-0.16666666666666669
212,d40afa9964fb013ca02b,0.3333333333333333,1.0,-0.6666666666666667
213,06eb3d2ba1203cf9dcf3,1.0,0.0,1.0
213,287598787dc780e85642,0.75,0.5,0.25
213,d2e9c96588f51b1ba40d,0.8,1.0,-0.19999999999999996
213,d3d17365b5b40954f4da,0.8333333333333334,0.5,0.33333333333333337
213,db887402122908358dce,0.5,0.5,0.0
214,0cb4221a4b2bd529b5e6,0.6666666666666666,0.5,0.16666666666666663
214,0e12b053a9103d445c48,0.6666666666666666,0.5,0.16666666666666663
214,5388686d0f49e812976d,0.6666666666666666,0.5,0.16666666666666663
214,65d93776738a07bbf78c,0.6666666666666666,0.5,0.16666666666666663
214,83d525d5c87093180d96,1.0,0.0,1.0
215,ac5950a14e608d05db2b,0.3333333333333333,0.5,-0.16666666666666669
216,4b6780a8b47f27031727,0.3333333333333333,0.5,-0.16666666666666669
216,6fc68e3ccbfeda017ad0,0.5,0.5,0.0
216,8037e4cb58f97dbbdb16,0.5,0.5,0.0
216,e14da8636aa361ab727a,0.5,0.0,0.5
216,f798aaf9b07e81dd1b56,0.5,0.0,0.5
217,0af8fcf1556b041c210c,0.5,1.0,-0.5
217,0d3a145eda5b83bbbd63,0.5,0.5,0.0
217,0ed7b6a6e5c24a82a416,0.5,0.5,0.0
217,6ff5cd36ec41773716fd,0.0,1.0,-1.0
217,a813f4d2abc63a93c108,1.0,0.0,1.0
218,40d36612852904daba0d,0.4,1.0,-0.6
219,d48ac32cb4214fe3f980,1.0,1.0,0.0
219,d6b486b7814696a7c4c0,0.4,0.5,-0.09999999999999998
220,86746a7108cd63a978bf,0.6,1.0,-0.4
220,d5c7c08b04fe9ef90526,0.75,0.5,0.25
221,30801b8928d4c9a375a7,0.3333333333333333,1.0,-0.6666666666666667
221,7494c3e85b6a037b842d,0.6,0.5,0.09999999999999998
221,d3d5bdd7216e259079a9,0.0,0.5,-0.5
222,8e5a0e44323691be95cd,0.6666666666666666,0.5,0.16666666666666663
222,9e460a4d01657b49b3d0,0.375,0.5,-0.125
222,c581e9ff28c38606bc92,0.5,0.5,0.0
222,cd29c47f3f9814d92459,0.6,0.0,0.6
222,dd271feac81cceae48aa,0.2,0.5,-0.3
223,7a0a943581743ec4db3b,0.5,0.0,0.5
223,889945da22f4393fa4bb,1.0,1.0,0.0
224,0f45fd4eea2de3259b05,0.75,0.5,0.25
224,46da272f9b9e535e4f0d,0.75,0.0,0.75
224,8582e47e99fcae7b1ccd,0.7142857142857143,1.0,-0.2857142857142857
224,9265b2fd2f420d3a91cc,0.5,0.5,0.0
224,f869b7871443b4914b34,0.75,1.0,-0.25
225,1cce6f0bdb4b0cae2a8b,0.3333333333333333,0.0,0.3333333333333333
225,a506418422252e1fcfd7,0.0,1.0,-1.0
225,d19dc4c35d20abf7aabe,0.3333333333333333,0.0,0.3333333333333333
226,0e0f37c512e11c296f51,0.5,0.5,0.0
226,669615dfc33d5dff7bac,0.0,1.0,-1.0
226,74203fbc517a7dbf8c3f,0.0,1.0,-1.0
226,a653d6bced07d4719a4d,0.0,0.5,-0.5
227,04af19910f59b78c00e8,1.0,0.5,0.5
227,3916e000d4be25ffe3f7,0.7142857142857143,0.0,0.7142857142857143
227,c175bf69a37c2b31237c,0.8333333333333334,1.0,-0.16666666666666663
228,339ba2a607c395c029c5,0.8571428571428571,0.5,0.3571428571428571
228,b76f1ea9f5ea50b1229c,1.0,0.5,0.5
228,cf69a6e5476c9b8097c9,1.0,1.0,0.0
228,cfb155b518f17388c34a,1.0,0.5,0.5
228,e16402c40ea7555b4b3a,0.8333333333333334,0.5,0.33333333333333337
229,1d6dabce8e1128b6adfe,0.8,0.0,0.8
229,22a7d7b92920e5cb8209,0.8,0.0,0.8
229,4a749fb2b4252fa00acd,0.25,0.5,-0.25
229,8b8f7a6955f30bb255d5,0.5714285714285714,0.5,0.0714285714285714
229,d1dedf2c54d62bcd9d4d,1.0,0.5,0.5
230,1f42f54630b8234b6a0f,0.9090909090909091,0.0,0.9090909090909091
230,290cf60d7028d33aba2d,0.875,0.0,0.875
230,c4af80f97eec1683f09c,0.9,1.0,-0.09999999999999998
230,c63ecd7f2c89b275338a,0.6,0.5,0.09999999999999998
231,4d9118c4d783345dddc0,0.6666666666666666,0.5,0.16666666666666663
231,744289adaf49f15c94f0,0.6666666666666666,0.0,0.6666666666666666
231,9aa224b9f61e5d2af72b,0.5555555555555556,1.0,-0.4444444444444444
232,09b3bd1ee4646f63b3c1,1.0,1.0,0.0
232,16ccdf3ee9e3a87b03ba,0.6666666666666666,1.0,-0.33333333333333337
232,6063edac4199c4f758b8,0.6666666666666666,0.0,0.6666666666666666
232,c7f59611a8095aac8765,0.6666666666666666,0.5,0.16666666666666663
232,f3dd370f99b20096820f,0.2,0.0,0.2
233,1189cf5288f563537b87,0.6666666666666666,0.5,0.16666666666666663
233,4d61dc3c756b5060135b,0.3333333333333333,0.0,0.3333333333333333
233,a56fb3865961dcc483b4,0.6666666666666666,1.0,-0.33333333333333337
233,b9048118256cfa6bc9ac,0.3333333333333333,1.0,-0.6666666666666667
234,1520c2aeabc87e7dc307,0.0,1.0,-1.0
234,1a8f57a819c50ddf252b,0.5,0.5,0.0
234,5937cb48894a31278ae3,0.0,0.0,0.0
234,63539d82b159e94b539c,0.3333333333333333,1.0,-0.6666666666666667
234,d4655b88c28affb3dbdb,0.5,0.5,0.0
235,305eeea478e219ba5975,0.8571428571428571,0.5,0.3571428571428571
235,ac17ceed387fef254e7c,0.75,0.5,0.25
235,b300cf3739e80d75a851,0.25,0.5,-0.25
235,b812b3bb5fabd34b81f2,0.75,0.5,0.25
235,c5f566410cfcb38f48b4,0.625,0.0,0.625
236,396521920d32e65e0095,0.75,0.5,0.25
236,94f7417e2f4175809831,0.25,0.5,-0.25
236,a3835eee90728f192449,1.0,1.0,0.0
236,aee6da164e170e0decba,0.75,0.5,0.25
237,4afd7ef6dd0c0cff8839,0.6666666666666666,0.5,0.16666666666666663
237,644ebbc602577ecd5078,0.6666666666666666,1.0,-0.33333333333333337
237,d522ad47bfde5a39029c,1.0,1.0,0.0
237,d545198afdd7382d0d7f,1.0,1.0,0.0
239,346e306ad55aa2ed2200,0.25,0.0,0.25
239,45d846d509796530fc71,0.6666666666666666,0.0,0.6666666666666666
239,8e55e9392ed240f45105,1.0,1.0,0.0
239,9a663170221d60b2faf0,0.3333333333333333,0.0,0.3333333333333333
239,b45444d9542ae75b020e,0.6666666666666666,1.0,-0.33333333333333337
240,48661fc838c09175337d,1.0,1.0,0.0
240,55aed129fbf7a24bd0bf,1.0,1.0,0.0
240,8f15e6bd5a343f53aed8,0.6666666666666666,0.5,0.16666666666666663
241,2981f4d4efad386f8455,0.5,1.0,-0.5
241,7cea346951b3c1468d4e,0.5,1.0,-0.5
241,fb0115cb3d4226b45439,1.0,1.0,0.0
242,16126b25940d12406f6e,0.5,0.5,0.0
242,375c47e429c6c37e9702,0.0,0.5,-0.5
242,876b52c56a1813217a8f,1.0,0.5,0.5
242,d383067c4a538c472b32,0.0,1.0,-1.0
242,e01dea6eee76f2bf1268,0.3333333333333333,0.5,-0.16666666666666669
243,1da1cf14b2a18a03043c,1.0,1.0,0.0
243,2f80b1b5bdc2ffa02104,0.75,1.0,-0.25
243,402338a0911ba715d0df,0.75,1.0,-0.25
243,5878c87b4a5079e7bc69,1.0,1.0,0.0
243,af4fee3ecee0faf7a68c,0.8571428571428571,0.5,0.3571428571428571
244,1419af37fef86fa136f9,0.4,1.0,-0.6
244,1eef1ddd505eaab8277a,0.5555555555555556,0.0,0.5555555555555556
244,31537bb229c27820178b,0.35714285714285715,0.5,-0.14285714285714285
244,cf3332d57a3e343b7bd7,0.3333333333333333,0.0,0.3333333333333333
244,e5a146c94c49fdf03475,0.8,1.0,-0.19999999999999996
245,64ecf996ca56c6347e31,0.5,0.5,0.0
246,1a6159b611484b4df94b,0.25,1.0,-0.75
246,945271760ad071e2ba4f,0.6666666666666666,0.0,0.6666666666666666
246,e02ede4104985dee3293,0.6666666666666666,0.5,0.16666666666666663
247,808cd8cf60e862e658fe,0.8333333333333334,1.0,-0.16666666666666663
247,b018b594c6343bc58e30,0.5714285714285714,0.5,0.0714285714285714
247,bcf0bd8bb130ed758ac9,0.8571428571428571,1.0,-0.1428571428571429
247,e4755238341ea478f866,0.6,0.5,0.09999999999999998
247,f377708b52c9d0e8931a,0.6,0.5,0.09999999999999998
248,bfbf67675cf55b521d6d,0.75,0.5,0.25
249,18783c6d5757a85dd905,1.0,1.0,0.0
249,34d0f3d0f05a12e8b5a4,0.8333333333333334,0.5,0.33333333333333337
249,40f26c6aa5d5d19e606c,1.0,1.0,0.0
249,76217a9bd44f29bae30e,0.5714285714285714,1.0,-0.4285714285714286
250,0b40819e0918c490d5b6,0.6666666666666666,1.0,-0.33333333333333337
250,2a4901036f45ef3367e3,0.6666666666666666,0.0,0.6666666666666666
250,bd0de33b8367c099ab23,0.6666666666666666,1.0,-0.33333333333333337
251,a68e2c66b88ad4f1f5db,0.6,0.5,0.09999999999999998
251,d46fe58882ef9b3fd7a4,1.0,1.0,0.0
251,e97b0f923d955fff602c,0.5,0.0,0.5
252,042f7fa98bdfcd0aaf93,0.2857142857142857,0.5,-0.2142857142857143
252,9dc2a30b8ccf14db5b15,0.5555555555555556,1.0,-0.4444444444444444
252,e0ffb7eaca0802f6ff55,0.6,1.0,-0.4
252,f120251a83b3632cd9e4,0.5,1.0,-0.5
253,1a9ca2a9944c392796d4,0.5,0.5,0.0
253,6caeb9e5b5ffa382cfc5,0.0,0.0,0.0
253,b0fa28b0a6b58fafbf97,0.0,0.0,0.0
253,c1697564a6b1b3eb7503,0.5,0.5,0.0
253,c534a5a718d49321efc9,0.5,0.5,0.0
254,2480ec7c11c06c20b03c,0.5,1.0,-0.5
254,317bbdeb4297c7e9f4e9,0.0,0.5,-0.5
254,35de88354fa1f2a69c06,1.0,0.5,0.5
254,828de39cded74e19367f,0.0,0.0,0.0
254,d7b04bc5b9c1c6461b29,0.0,0.5,-0.5
255,7061b21fda8b8a1d1046,1.0,0.5,0.5
255,77af1241a0e078cb0ffd,0.3333333333333333,0.5,-0.16666666666666669
255,a4c06d8c837739ff5a8b,1.0,0.5,0.5
255,aba38617694cdfc5f3ab,1.0,1.0,0.0
256,0ca1b9d22d270d1f8d6f,1.0,0.5,0.5
256,1e6d343e830e72e22701,0.5,0.0,0.5
256,45c364670b39115689ab,0.5,1.0,-0.5
256,a682cdf48bc64ff45e18,1.0,0.5,0.5
256,b3cc920e8db3705ade65,0.5,0.5,0.0
257,12879410cecf34074c8b,0.8,1.0,-0.19999999999999996
257,345d751cb26f494ecfde,1.0,1.0,0.0
257,802350e54a856caebe57,0.8333333333333334,0.5,0.33333333333333337
258,99a7a8e7e39cd742c56b,0.5,1.0,-0.5
258,c33c868f3844734088a3,0.8,0.0,0.8
259,62b30e785421b91eb374,0.5,1.0,-0.5
259,c80a17fa206c880b512b,0.5,0.0,0.5
260,2c818aec469ec6f9f7ef,0.75,0.0,0.75
260,e0ad93f363a8f59e9392,0.75,1.0,-0.25
261,2ac4d6caf2381b1e2e6c,0.5,0.5,0.0
261,83c1ea7912f94598dac0,0.0,0.5,-0.5
261,9c2d37c56192d0d7d294,0.0,1.0,-1.0
261,c980c899ba5e32c188dc,0.25,0.5,-0.25
261,cc8925b8618eee55a97f,0.0,1.0,-1.0
262,276acff05f5e6dc3e13a,0.75,0.5,0.25
262,6acaf0b274f38224087a,0.5,0.5,0.0
262,ea3f501a9df3915c7d5b,0.5,0.5,0.0
262,f7f6d59d3bae8660f507,0.25,0.0,0.25
264,3b7e3a31c2188349ae86,0.875,0.5,0.375
266,10465680a5a56a127f85,0.4,1.0,-0.6
266,973fe4f085c07a2caa1e,0.5,0.0,0.5
266,aeabc96b07550c406891,0.6666666666666666,1.0,-0.33333333333333337
266,eee8e1a11b62115110dd,0.7142857142857143,0.5,0.2142857142857143
267,27d08dbb7c4c0368f6f4,0.25,0.5,-0.25
267,939b6e89fe42b6526ea3,1.0,0.0,1.0
267,c69c6a4d382a5eabf8ab,0.4,0.0,0.4
268,19c1d33a00a523d46813,0.6,0.5,0.09999999999999998
268,3beb5ecebe3ab787b7b0,0.625,0.0,0.625
268,4207299894c0a565060f,0.6666666666666666,0.5,0.16666666666666663
268,7405a703f0daf1ae4306,0.6666666666666666,0.5,0.16666666666666663
268,90f9de3748d9dbb5b5e0,0.5,0.5,0.0
269,343508db791be35557fb,0.25,0.5,-0.25
269,3c389ed7e11ad134cc79,0.3333333333333333,0.5,-0.16666666666666669
269,696f55b2553e9be6ca4e,0.3333333333333333,1.0,-0.6666666666666667
269,b8a03564c253271d318a,0.3333333333333333,0.5,-0.16666666666666669
269,d5b80ab1bfaf89a525ef,0.0,0.5,-0.5
271,285ca7e595c17bc9c680,0.5,0.0,0.5
271,604e27becf8b46f5f0d9,0.25,0.5,-0.25
271,9b2154818d0a2a3b90de,0.4444444444444444,0.0,0.4444444444444444
271,c71a7f446cee2ac6c135,0.8888888888888888,1.0,-0.11111111111111116
272,27662e3dad17de11d3f8,0.3333333333333333,0.5,-0.16666666666666669
272,643a43b35037934e040f,0.6666666666666666,1.0,-0.33333333333333337
272,798fb5e057017f0c900b,0.5,1.0,-0.5
272,cfe938b5f1a9b7be07a1,0.6666666666666666,0.5,0.16666666666666663
272,f01c851b3c29fbf08374,1.0,0.5,0.5
273,4ad73bc9700b2a093eb8,0.0,0.0,0.0
273,5c01fda8de78179f0f00,0.5,0.5,0.0
273,8c05650ec8472d79f160,0.6,0.5,0.09999999999999998
274,5951dc78be3e87f1ae5a,0.0,1.0,-1.0
274,8681995207684e9eb6c9,0.25,1.0,-0.75
274,dc19ed55e01e9a0730bb,0.25,1.0,-0.75
274,f68ff0caf93b53eb5b96,0.5,0.5,0.0
274,fe08e7071147e0bf7440,0.0,0.5,-0.5
275,397f38578885bc349e54,0.4,1.0,-0.6
275,bf5376904bbb4b178e65,0.8,0.5,0.30000000000000004
276,4b7f4749493e08561c7f,0.5,1.0,-0.5
276,86ecc838dd6b52bbd6e2,0.5714285714285714,1.0,-0.4285714285714286
276,ab65a8a1a53b708e010e,0.75,1.0,-0.25
277,b29a48d034dbbfe79c1b,0.75,0.5,0.25
277,ca4ca0a79de1d97480ed,1.0,0.5,0.5
277,f7fb1ade56f2c5fffa92,0.6363636363636364,1.0,-0.36363636363636365
279,0c49f1c178122a2b80a1,0.4444444444444444,0.5,-0.05555555555555558
280,10d8eaed535fb8af54d0,0.7142857142857143,0.0,0.7142857142857143
280,1a3e6eff0988e55d3741,0.3333333333333333,0.5,-0.16666666666666669
280,4ebcea4d59881a9c8939,0.5,1.0,-0.5
280,755a4e01f8780cbe3df7,0.3333333333333333,0.0,0.3333333333333333
280,fd041c0c9f4b873e87b6,0.4,1.0,-0.6
281,6c3f62e53d8e6da2b1fb,1.0,0.5,0.5
281,b59be4c2d349abcfbe8c,0.4,0.5,-0.09999999999999998
281,bc12c83c59bc13a20d5f,0.6,1.0,-0.4
281,c1cd882fc34262301c4a,0.6666666666666666,1.0,-0.33333333333333337
282,1d63cb76fc590480a628,0.8333333333333334,1.0,-0.16666666666666663
282,9757239f7079395706ee,0.6666666666666666,1.0,-0.33333333333333337
282,9826066ebeef598dd13c,0.6666666666666666,0.5,0.16666666666666663
282,c0306b3cad7986756015,0.2857142857142857,1.0,-0.7142857142857143
282,f8b4b23d2b72fbc13f7a,0.3333333333333333,0.5,-0.16666666666666669
283,0a216efe52205b1d9d0c,0.5,0.0,0.5
283,501e5b198f3a5144fbcb,0.75,1.0,-0.25
283,7383eba044587720a59a,0.3,1.0,-0.7
284,657c752f842879a11c4a,0.75,0.5,0.25
284,8b2974f86ef12a459ced,1.0,0.5,0.5
284,c053112c5d233e5b1170,0.6666666666666666,1.0,-0.33333333333333337
284,eafdbacb485121f6eb61,0.3333333333333333,0.5,-0.16666666666666669
284,eeb9aaef256dd540084c,0.0,0.5,-0.5
285,137e8e459c3630dcd690,0.3333333333333333,0.5,-0.16666666666666669
285,237c1c6d192f902950e1,1.0,0.5,0.5
285,3de76e07f3b2e16813ba,0.6666666666666666,1.0,-0.33333333333333337
285,f8cfeb3d472b9b4ce29f,0.5,0.5,0.0
287,5bd563865dd91f91391b,0.6666666666666666,1.0,-0.33333333333333337
287,7277b43dec448f99817f,0.3333333333333333,1.0,-0.6666666666666667
287,a356736179a682458d5a,0.6666666666666666,0.0,0.6666666666666666
287,c1a74602d39cbe92e568,0.3333333333333333,0.5,-0.16666666666666669
287,cd411043f9d781725f96,0.6666666666666666,0.0,0.6666666666666666
288,5c3496d977a61b062c29,0.75,1.0,-0.25
288,ca4caf7cef4047f78e51,0.6666666666666666,0.0,0.6666666666666666
288,e20538d1a83558e0bc1b,0.25,1.0,-0.75
288,f943b93667c870fd0a16,0.4,0.5,-0.09999999999999998
288,f9ade428a48f39421c9e,1.0,0.5,0.5
289,0a46cac850c931698942,0.0,1.0,-1.0
289,a67a6ae37a812c4799e9,0.0,0.5,-0.5
289,cdd22f0ace3934b804b6,0.3333333333333333,0.5,-0.16666666666666669
292,9b4c2391a9e821fa9185,1.0,0.5,0.5
292,a3c669e47f369a8f435d,0.6666666666666666,1.0,-0.33333333333333337
293,84a82e66fa99629d6207,1.0,1.0,0.0
293,9a7e4bec06d00b4976b8,1.0,0.5,0.5
293,c2de2d9e40e5c22e4543,0.75,1.0,-0.25
293,d22758cf64a105b1545c,1.0,1.0,0.0
294,2b5ca1e5e9afb6e5f1ea,0.75,0.5,0.25
294,5cbadc306b387f701808,0.3333333333333333,0.5,-0.16666666666666669
294,79f0c06be50c7167d0c7,0.75,1.0,-0.25
294,a440e2da36ea5d1f8931,1.0,0.5,0.5
294,b3aa6bdae5f37eb5f015,1.0,0.5,0.5
296,63bb1f0000686f0dc17f,0.75,0.5,0.25
296,67bfa7bb5c9ea79d4f7b,0.4,0.5,-0.09999999999999998
296,b9d0be3bac1a3766ff58,0.5,0.5,0.0
296,f44d879ff00a32602446,0.75,1.0,-0.25
297,4fd045d6908b6c9c5b03,0.5,1.0,-0.5
297,7b4c50f7a7ad9db51236,1.0,0.0,1.0
297,ad70c9479ab0c6b9b03f,0.75,0.0,0.75
298,76d66a4544b994ae7881,0.6,0.0,0.6
298,b9c516baf7808bee12db,0.6666666666666666,0.5,0.16666666666666663
298,c93c90b930944d7f918a,0.8,0.5,0.30000000000000004
299,7728e40bec710592f7a7,0.4,1.0,-0.6
299,8708e10b4b7f0ffed911,0.75,1.0,-0.25
299,8846527dd53a68c41079,0.75,0.5,0.25
300,532502849ee1da732748,0.75,1.0,-0.25
300,b7205d134cc2a55047b5,0.2,0.0,0.2
300,c4c90eed567e79441aea,0.3333333333333333,0.0,0.3333333333333333
301,175f82fd16be77059a4c,0.6666666666666666,1.0,-0.33333333333333337
301,34ff3a06fb98c14388b5,1.0,0.5,0.5
301,bba51fc7cd22d44f8bb1,0.5,0.5,0.0
301,bc49a406e425c7edfaf0,1.0,0.5,0.5
301,dfbe71c94f5222412cbb,0.75,0.0,0.75
302,3d8eb8629c81f9615b0b,0.6666666666666666,0.0,0.6666666666666666
302,b5b9c1eaf99796e526e0,0.6,0.5,0.09999999999999998
302,cb3559b3131fdbfffccf,0.5454545454545454,0.0,0.5454545454545454
302,f5e96baaf23c8c708109,0.8571428571428571,0.5,0.3571428571428571
303,06ad8dbafc13ae140f01,0.6,0.0,0.6
303,1ee952faba5820ee913c,0.42857142857142855,0.5,-0.07142857142857145
303,41bf8ff08ceb88f317cf,1.0,0.5,0.5
303,503bfcf07ee38d4b701f,1.0,0.5,0.5
304,33c7dd5efeac1ea48fb3,0.5714285714285714,0.0,0.5714285714285714
304,373606db7a1bae1ad0b2,0.7142857142857143,0.5,0.2142857142857143
304,4ecb9eb650a935042a33,0.5,0.5,0.0
304,6df21205638a9463ca9d,0.8,1.0,-0.19999999999999996
304,9bf554114bc65a2e4adf,0.2,1.0,-0.8
307,eeb6359fe151a9eef1b2,0.5,1.0,-0.5
308,03b211c7211fe61cd665,0.25,1.0,-0.75
308,609b9a8d8a7b3cdbb67d,0.3333333333333333,0.5,-0.16666666666666669
308,84b70b6f9cd908a56084,0.0,0.0,0.0
309,1ca57e91820565598f0e,0.42857142857142855,1.0,-0.5714285714285714
309,389fd439417bd5d82a2e,0.6666666666666666,0.5,0.16666666666666663
309,6fd6de55d376dec70439,0.6666666666666666,0.5,0.16666666666666663
310,3bc6bd2723af9683f1f5,0.6666666666666666,0.5,0.16666666666666663
310,7ba3f84ffb1b6f58e11d,0.6,1.0,-0.4
310,8c5dc1d556c047a11792,0.0,1.0,-1.0
310,a6889ecad8b6344541fc,0.0,1.0,-1.0
310,f7b16402fe1e854a8cbd,0.75,0.5,0.25
311,0e3e0d7e436cc22d055b,0.42857142857142855,0.0,0.42857142857142855
311,46c04a7313fb4e132eb0,0.8,1.0,-0.19999999999999996
311,fff884af07100a9ae53b,0.3333333333333333,0.0,0.3333333333333333
312,0b6d4cc532e821812dfb,0.6666666666666666,0.5,0.16666666666666663
312,11eaba79e0c64472042b,0.3333333333333333,0.5,-0.16666666666666669
312,15d5363aa5a011e94615,0.3333333333333333,0.5,-0.16666666666666669
312,2b5486ba7d93b929bcd2,0.3333333333333333,0.5,-0.16666666666666669
312,508b68a94cfa0c0aa91e,0.6666666666666666,0.5,0.16666666666666663
314,218cc4a8d7b55834fd54,0.0,1.0,-1.0
314,32dfe740946b633b6eff,0.0,0.0,0.0
314,968db9305f39cf9f3ebe,0.5,1.0,-0.5
314,ac66c5c95fa30168795e,0.0,1.0,-1.0
314,d608bf745cbe204edbee,0.5,0.5,0.0
315,71a621083fb56e319b67,0.6666666666666666,0.0,0.6666666666666666
315,89e508ec37276857f459,0.5,0.5,0.0
316,f6ff6942fa6e01c4373f,0.75,0.5,0.25
317,40923576264c56e9a40a,0.8571428571428571,1.0,-0.1428571428571429
317,b96243cfaccfa50ff3bf,1.0,1.0,0.0
317,df6c250046537e83024a,1.0,0.5,0.5
317,e357022056926b74d30d,0.7692307692307693,0.5,0.2692307692307693
317,e74392abe042b499d0b9,0.8,1.0,-0.19999999999999996
318,66779d84fc3180583ef2,1.0,1.0,0.0
318,70baecbd24d5d3dc3831,0.75,0.5,0.25
318,7aa7fbbd847b52996d07,0.5,0.5,0.0
318,853052bd5ac5a6249e0f,0.6,1.0,-0.4
318,f0974e9bf5d64719a503,0.8888888888888888,0.0,0.8888888888888888
319,0b86b18c92c34e5e256a,1.0,0.5,0.5
319,1c0366e28275dc7f827d,1.0,0.5,0.5
319,408f86579767bb36d294,0.5,0.0,0.5
319,fe6b563e8a2dde5ac611,0.8571428571428571,1.0,-0.1428571428571429
320,123339e6014843ba9560,0.6666666666666666,1.0,-0.33333333333333337
320,343803c73dd66cd95261,0.5,0.5,0.0
320,8b05aeb1614619a9d381,0.5,0.5,0.0
320,de8492a8d259e3e36ae8,0.6666666666666666,0.0,0.6666666666666666
320,fdf8624d0eaa4afd2429,1.0,0.0,1.0
321,1c0f826a18dcb98a5226,0.8,0.5,0.30000000000000004
321,5d4cc7789bf7a8d8c628,1.0,0.0,1.0
321,5f6a79ae9455a15aeb42,0.8,0.5,0.30000000000000004
321,68ad54496125cc052223,0.75,0.5,0.25
321,fd1156c21b144dfe52ac,0.75,1.0,-0.25
322,53e17488506a66d0dced,0.8571428571428571,1.0,-0.1428571428571429
322,74f0218d187a4bb12e4b,0.6666666666666666,0.5,0.16666666666666663
322,8f96e1a4e995e6715133,0.8333333333333334,0.0,0.8333333333333334
322,d34c09f7d1eb74c65a9f,1.0,0.0,1.0
324,1053c7c4d2f97d59fba5,0.42857142857142855,1.0,-0.5714285714285714
325,64535a48054864fe68a7,0.6666666666666666,0.0,0.6666666666666666
325,bf772b3be63ec45da0d1,0.75,1.0,-0.25
326,5913f38be8e4531409d9,0.75,0.0,0.75
326,672bc6be70837566607c,0.75,1.0,-0.25
326,b1c1105fb2222e9540dc,0.7142857142857143,0.5,0.2142857142857143
326,e70f2ffa7ae2ee9b24f9,0.8571428571428571,0.5,0.3571428571428571
327,349542bfbc703ec7a6f1,0.75,1.0,-0.25
327,6d4759f43dbb875a90b0,1.0,0.5,0.5
327,9568ab5e5ddbe88fff28,0.6,0.0,0.6
327,a4f027c45baa0f06617a,1.0,1.0,0.0
328,127dfcf1b056d0ecede0,0.6666666666666666,0.5,0.16666666666666663
328,86be9b57871aaa816b4c,0.5555555555555556,0.5,0.05555555555555558
328,9f7600b98bdb1fa4b7a5,0.6923076923076923,0.5,0.1923076923076923
329,0db0e751043b750172e7,0.4,0.0,0.4
329,1331ebb8cb5b64566987,0.6666666666666666,0.5,0.16666666666666663
329,1adb85342b4fa8575ec3,0.5,0.5,0.0
329,5a957bfc732474a8b814,0.8333333333333334,1.0,-0.16666666666666663
329,e5e2b78cc666bcc51394,0.5714285714285714,1.0,-0.4285714285714286
330,141af370eead51a16e90,0.6666666666666666,0.5,0.16666666666666663
330,52b25bf202e285b03d04,0.6666666666666666,1.0,-0.33333333333333337
330,aae8b8b66e43f083f03f,0.5714285714285714,0.0,0.5714285714285714
330,afcf0c36da74e2c44cb8,0.6666666666666666,0.5,0.16666666666666663
331,87b132957d4518a57311,0.75,0.0,0.75
331,87e98fe1f869903bf017,0.75,0.5,0.25
331,9e4ad7ff24bde8c13b15,0.75,0.5,0.25
331,e8d576f1eae34089525e,0.75,0.0,0.75
332,363493eec65b0d1aceaf,0.6666666666666666,0.0,0.6666666666666666
332,7a4336df68520e0e76f1,1.0,0.5,0.5
332,8c0679fa329dfad35a14,0.6666666666666666,0.5,0.16666666666666663
332,af7bd014474b4d50eec0,0.3333333333333333,0.5,-0.16666666666666669
332,c84cb0f1d4ad3bc58a6b,0.3333333333333333,1.0,-0.6666666666666667
333,466632de07cb4d5b2bf9,1.0,0.5,0.5
333,7a79045266628dcc0a2e,0.5,0.5,0.0
333,b21146f380f3d62d29ba,0.0,1.0,-1.0
333,b84c0bc41aa4fe0f35d6,0.5,1.0,-0.5
333,bfff91f7bd7e452d21a5,0.5,0.0,0.5
334,a96fc6e666a70196241d,0.75,0.0,0.75
334,b64142a99ab21cc65303,0.5,0.5,0.0
334,e7138ace59126136fa21,0.25,0.5,-0.25
335,21b788c1052d2a485fad,0.8,0.5,0.30000000000000004
335,393a547e99732433c640,1.0,0.0,1.0
336,a85f48db82b5ce2b740c,0.6666666666666666,1.0,-0.33333333333333337
336,a985f308c894eefa86c2,0.5,0.5,0.0
336,bd589afd2c139529f9cf,0.8,0.5,0.30000000000000004
336,fe5071e72897f9ff477d,1.0,1.0,0.0
337,18fbac4ceb27e356bfe4,1.0,1.0,0.0
337,4e1cd79ced347b93c120,0.6666666666666666,1.0,-0.33333333333333337
337,50e5b5f38dcb0cb18b93,0.8,0.5,0.30000000000000004
337,774563a12405df8ae1eb,0.5,0.5,0.0
337,92139fdba468fdd2eb60,0.8,0.5,0.30000000000000004
339,28c84e80adb6c4fe2000,1.0,1.0,0.0
339,2ff12d01d9d74b8985d6,0.6666666666666666,0.5,0.16666666666666663
339,8490431eca319109f7cb,0.0,0.5,-0.5
339,8ab08e053a0d71ac7874,0.6666666666666666,0.5,0.16666666666666663
341,2e3dd06c8b53e00ccd8a,0.8,0.0,0.8
342,02702f5b5818650eb4db,0.0,1.0,-1.0
342,42f5669e07e97b26fc08,0.5,0.5,0.0
342,4f4b3d1018ea6ac933fd,0.5,0.5,0.0
342,7ddcebf34b5f2428f687,0.0,0.5,-0.5
343,678ba0ec4bce078caa52,0.25,0.5,-0.25
343,dcbc4a05b284bdd2c4f2,0.3333333333333333,1.0,-0.6666666666666667
343,fee99ff0db7fb3715784,0.0,1.0,-1.0
344,062b862b51b2b2f7dc7b,1.0,1.0,0.0
344,438b57283b4d01820bbc,0.0,0.0,0.0
344,515d4cdabe154012a0f2,0.6666666666666666,0.5,0.16666666666666663
344,b9736d5137143b4f79c7,0.0,0.0,0.0
344,f2986ac188df1597fde4,0.3333333333333333,1.0,-0.6666666666666667
345,0e1b96df12a4cc5b84d9,0.3333333333333333,0.5,-0.16666666666666669
345,bd10774d821a9c3a7343,0.5,0.0,0.5
346,d758f19df99a8f63eb97,0.7142857142857143,0.0,0.7142857142857143
346,e00b9e0217321041248c,0.5714285714285714,0.0,0.5714285714285714
346,e1ea3df129d1beebc2c7,0.7777777777777778,0.5,0.2777777777777778
347,29f1e106d1efb98b6ac3,0.5,0.5,0.0
347,a9d544fe0fbefc671b15,0.2857142857142857,0.5,-0.2142857142857143
347,c2b86c4ba08d8cfbf7b3,0.2,0.5,-0.3
347,d5c275c3427fb2ca967b,0.6923076923076923,0.5,0.1923076923076923
348,ded53fcee94db94a3bc4,0.0,0.5,-0.5
348,ef584ebab2f792fa5a85,0.5,1.0,-0.5
348,f6bd19e58c213637fec7,0.0,1.0,-1.0
349,276600f61505765a4e79,0.4,0.5,-0.09999999999999998
349,aa27cd686c7abb95fda9,0.8333333333333334,1.0,-0.16666666666666663
349,c3d2945ebdde17995893,0.3333333333333333,0.0,0.3333333333333333
349,db71aefd0bd305210323,0.6666666666666666,1.0,-0.33333333333333337
349,ff2f9e9986d63fc0f680,0.75,1.0,-0.25
350,0ed7cd8d8ac7afcc086b,1.0,0.5,0.5
350,0ef24ef3d7e489ea9eb3,0.5,0.0,0.5
350,514e8872900d29435932,0.0,0.5,-0.5
350,98401cea55a5ecd7f4c3,0.0,0.5,-0.5
350,c23b5b025cfeac30f3d2,0.6666666666666666,0.5,0.16666666666666663
351,04f544e28c8e072c51fc,0.5,1.0,-0.5
351,51e1e048ed087bc82cc9,1.0,1.0,0.0
352,2d02bd0dc23699730d71,0.7,0.0,0.7
352,2f0201968c958f78e68e,0.4,1.0,-0.6
352,a14dcd01927017770efe,0.625,0.0,0.625
352,cd6cb4d466a0acd60dbd,0.42857142857142855,1.0,-0.5714285714285714
353,358946434552f9075f7e,0.6,0.0,0.6
353,833a35905f203d3b8de0,0.5,0.5,0.0
353,df632357daee9534cee8,0.5,0.5,0.0
354,113530e7f20721056d0b,1.0,0.5,0.5
354,685aa45c5919f73a1301,0.42857142857142855,0.5,-0.07142857142857145
354,a75f7cbce392b89d61c7,0.8,0.0,0.8
354,c335993e22a14adc3f06,0.5,0.5,0.0
354,c6f3092f1f8e1849ef0b,0.6666666666666666,0.5,0.16666666666666663
355,730e68f91be776d36eae,0.6666666666666666,0.0,0.6666666666666666
355,8eda5fe68b13217de367,0.0,0.5,-0.5
355,95ae6e402f1a3f0146f3,0.6666666666666666,0.0,0.6666666666666666
355,b570b39f0aecc6284d63,1.0,1.0,0.0
355,ca7f3591052b1b2f9bdb,0.3333333333333333,0.5,-0.16666666666666669
356,64998358409b43713077,0.25,1.0,-0.75
357,1300e3d36a56e5b59824,0.5,0.5,0.0
357,3d2127b58578f1a42bfa,0.75,1.0,-0.25
357,b0f16b175052001399e7,0.75,0.5,0.25
357,bc06829b78995a5c8f74,1.0,0.0,1.0
357,ffa1026324dcc4aff9c6,0.75,0.0,0.75
358,07c2f8e57b5aee92996e,0.2,0.5,-0.3
358,51fb4d247e6f8a0fe122,0.6,0.5,0.09999999999999998
358,541e004b93ab5c24555d,0.5,0.5,0.0
359,56a8f5c5dba7776a5961,0.6666666666666666,0.0,0.6666666666666666
359,5ea3dcf5863c298da28a,0.6666666666666666,1.0,-0.33333333333333337
359,7885c2e97277fe51c1d6,0.6666666666666666,0.5,0.16666666666666663
359,888f3827e2717780baf6,1.0,0.5,0.5
359,d281852b1c93b1775e19,1.0,0.5,0.5
360,37ecddbe0b79aa23ca7e,0.6666666666666666,1.0,-0.33333333333333337
360,93542be085f56e7075d7,1.0,1.0,0.0
360,aff5cde55a419f76599c,0.6666666666666666,1.0,-0.33333333333333337
360,de5d846fff9f8cede655,0.6666666666666666,0.0,0.6666666666666666
361,7bb22d588a968fd9ff4c,0.6666666666666666,1.0,-0.33333333333333337
361,d581135ab9725a697e4b,1.0,1.0,0.0
363,8a7ee9a66d44c0e62116,0.35714285714285715,0.5,-0.14285714285714285
363,90df10f0d9360fd6346e,0.5,0.5,0.0
363,db851a2f7a686305a85d,0.5,0.5,0.0
364,001a43a656939ed61095,1.0,0.5,0.5
364,3124a0b6c74c039e7661,0.75,1.0,-0.25
364,a54a4c0396207b4f803e,0.16666666666666666,1.0,-0.8333333333333334
364,efd38ff021dcca922a42,0.75,0.0,0.75
365,03f4b022d109565877f0,0.6666666666666666,0.5,0.16666666666666663
365,1797ac1ac0232c2cf537,0.8333333333333334,0.5,0.33333333333333337
365,4ecf1a1722631dc48c3f,0.7777777777777778,1.0,-0.2222222222222222
365,b9ae5468d3c4fba9b5bb,0.8,1.0,-0.19999999999999996
366,185cf46d77fc56f4b9df,1.0,1.0,0.0
366,8c67abaaf49beeb0667c,1.0,0.5,0.5
366,9414ea888185da2f269e,1.0,0.0,1.0
366,c09a6f038dfb9bd7d84e,1.0,0.5,0.5
366,ee6fb13fe052fcd91bf0,1.0,0.5,0.5
367,8b38b15b51ec5bfc6880,0.75,1.0,-0.25
367,b4f61319af9aec2c3a58,1.0,0.0,1.0
368,0f386cde199acdd0da9f,0.8,0.5,0.30000000000000004
368,1046be8fbeb7727a88f0,0.4,1.0,-0.6
368,714094a724c738b35787,0.6,0.0,0.6
368,caf1bd773b499b39ad22,1.0,0.5,0.5
369,2fd7e8edd02d321225a2,1.0,0.0,1.0
369,497e8d0e0c71929eaeb9,1.0,1.0,0.0
369,5560ff2aa76046bb0bee,1.0,0.5,0.5
369,97933b735d2a5b918134,0.6666666666666666,1.0,-0.33333333333333337
369,a5b9c9474255b14ea723,1.0,0.5,0.5
370,2bc96806c8c701940888,1.0,0.0,1.0
370,6a948f4eadc4a2851d64,0.8,1.0,-0.19999999999999996
370,a39ade33155ffb17bfa1,0.6666666666666666,1.0,-0.33333333333333337
370,ff2b658f9d78da734d2c,0.5,0.5,0.0
371,059b0139a879c0ec4933,0.3333333333333333,0.0,0.3333333333333333
371,4706058db3e66c0bbff1,1.0,1.0,0.0
371,7f3857e2e395885d7f9a,0.6666666666666666,0.5,0.16666666666666663
371,db5c7fe3dcf464c041b2,1.0,1.0,0.0
371,ecd94964dfa57b60092c,0.3333333333333333,1.0,-0.6666666666666667
372,18bcd788a76dbc79bcb2,0.5,0.5,0.0
372,514c998444ebb3fab178,0.25,0.0,0.25
372,a0228c63bfd5085363a4,0.2,0.0,0.2
373,11133be428315c290ab3,0.5,1.0,-0.5
373,1c88f33bfff96df4ad8b,1.0,1.0,0.0
373,3491acbea58f6d073aa7,1.0,1.0,0.0
373,47f203d78b6c68febea2,0.5,0.5,0.0
373,ebe525e5fdbf037c06b7,0.5,0.5,0.0
374,090e58b26d627815064e,0.7,0.5,0.19999999999999996
374,47632fef89de897a5de4,1.0,0.5,0.5
374,5af88311030ff7d7771f,0.4,0.5,-0.09999999999999998
374,9f84b8c5c6cb22a4caec,0.75,0.5,0.25
375,36f0e36e814bf89d20a5,0.0,0.5,-0.5
375,54cae4814ec8abfa4454,1.0,0.5,0.5
375,ff77762f785dab0d4f78,0.0,1.0,-1.0
376,383bff5bd2e339b3c337,0.3,1.0,-0.7
377,33c3721b0ac6fc3f8106,0.6666666666666666,1.0,-0.33333333333333337
377,3ef71d1a8836a60fd5fb,0.6666666666666666,0.5,0.16666666666666663
377,460482828d8d2fa22587,0.6666666666666666,0.5,0.16666666666666663
377,7886f4e6fa24444eb441,0.5,0.5,0.0
377,dd70d7880a749e578da5,0.6666666666666666,0.5,0.16666666666666663
379,6907f79ef9112881672d,0.8,0.0,0.8
379,a94a779055eb92943f10,0.6,0.5,0.09999999999999998
379,e51e6a4f8961d50d40a8,0.6666666666666666,0.0,0.6666666666666666
379,fa14cfb408de627956f5,0.6666666666666666,0.5,0.16666666666666663
380,094154d2d5996ac7d0c1,0.875,1.0,-0.125
380,2bd54f06587f7a0c0611,0.75,1.0,-0.25
380,2c22d1476bddbd9dc261,1.0,0.5,0.5
382,12d42c3fbfeea4d10668,1.0,0.5,0.5
382,3b15d9d53800f71d071e,0.75,0.0,0.75
382,4b76e7947c573e814bfd,1.0,1.0,0.0
382,73f7e3d2d7a1ba535266,0.5,0.0,0.5
382,c060fa8d5c1dff39791c,0.8,0.0,0.8
383,2ab9dfc25f959951922b,0.3333333333333333,0.5,-0.16666666666666669
383,522fb5ec5dfeac93dee2,1.0,0.5,0.5
383,82474f7b96a1240fd455,0.3333333333333333,0.5,-0.16666666666666669
383,c6cdeede1c0207321f10,0.6666666666666666,0.5,0.16666666666666663
384,6d5c33afbf4ee0b31146,1.0,0.5,0.5
384,979f9f4aeb8f69c2f5d3,0.75,0.5,0.25
384,afd50aceadd82f3d7832,0.75,0.0,0.75
384,f30fe7fbd0b23863f421,0.3333333333333333,0.5,-0.16666666666666669
384,fac6d26d95b39c6dd2c0,1.0,0.0,1.0
385,61012de1168658691fbc,1.0,0.5,0.5
386,3d009c1989567ce10a6b,0.5,1.0,-0.5
386,cf293b2e4737d291436c,0.8,0.5,0.30000000000000004
386,ef762b825410b56ba265,0.8571428571428571,1.0,-0.1428571428571429
386,f11cb757486961538a02,0.5,1.0,-0.5
386,fb81009790952d36ebab,0.7142857142857143,0.5,0.2142857142857143
387,5aa8cfb5413f2968f19e,0.75,0.5,0.25
387,61e5cc4cc351cf814392,0.8333333333333334,0.5,0.33333333333333337
387,7289c348095c4f8a8bf7,1.0,0.0,1.0
387,a983e99f217a0a6313cb,0.75,1.0,-0.25
387,f03b159c8ca725f489bd,0.75,0.5,0.25
388,0cc3444a1d474fb6939c,1.0,0.5,0.5
388,1fb413c41530fcbaa270,0.3333333333333333,0.0,0.3333333333333333
389,7a3bdf3a2e8fe26fd2f9,0.8333333333333334,1.0,-0.16666666666666663
389,7fbb22070840b4a00da9,0.3333333333333333,0.5,-0.16666666666666669
389,800c49e93f852016444d,0.3333333333333333,1.0,-0.6666666666666667
389,a311af939b95f2fdcd88,0.3333333333333333,0.5,-0.16666666666666669
389,ee9ba9eaa588605c087d,0.6666666666666666,1.0,-0.33333333333333337
390,430878e3db682b901ba5,0.75,0.0,0.75
390,9a6adc97de515c5d941a,0.0,0.5,-0.5
393,103fe3761375c8c8dadf,0.5,1.0,-0.5
393,2d081834fd6ddc365dd4,1.0,1.0,0.0
393,752e3f0e558ed116e7d6,0.75,0.5,0.25
393,a7ca7d27904f4707bd09,0.0,0.5,-0.5
393,a7f77cbe4abc46ab1eb1,0.5,0.5,0.0
395,0cd2cd0d6050c51b283b,0.3333333333333333,0.0,0.3333333333333333
395,6dcade3a383ccee53f43,0.5,1.0,-0.5
397,53e5bc772e646521849f,0.4,0.5,-0.09999999999999998
397,8960271bdc99393989dc,0.3333333333333333,0.5,-0.16666666666666669
398,08797c93d042539b09d3,0.6666666666666666,0.5,0.16666666666666663
399,3324103015a1f7ce4d45,0.75,0.5,0.25
399,ba7872ed58cd1e09f17e,0.6,0.5,0.09999999999999998
399,f4514af7bf7fe00a72b9,0.6666666666666666,0.5,0.16666666666666663
400,030542e85b00b7c7dc5d,1.0,0.5,0.5
400,094ffd1a6d9e50ef593c,0.75,0.5,0.25
400,62170eb89d213675e8a0,0.5,1.0,-0.5
400,f3b550043dbe91a4b392,0.3333333333333333,1.0,-0.6666666666666667
402,00aaef608a58287da4d5,0.875,0.5,0.375
405,7842b857dc897e5fa830,0.6666666666666666,1.0,-0.33333333333333337
405,d3e3268ed0c3377fd968,0.7272727272727273,1.0,-0.2727272727272727
406,f5d14b02e150a8cb1eb2,0.7692307692307693,0.5,0.2692307692307693
407,1bad363309880c752d31,0.75,1.0,-0.25
409,2d5d84a92080da603e23,1.0,0.5,0.5
409,3f2a89ffbb4a023eb079,0.5,1.0,-0.5
409,9fc0b3789136e0847ebe,0.6666666666666666,1.0,-0.33333333333333337
410,05a9d91c6f650b060cc2,0.8421052631578947,0.5,0.3421052631578947
410,7ef21a38cf6e7b3f6b07,0.6666666666666666,0.0,0.6666666666666666
410,910fcbaef280e1a281ea,0.75,0.5,0.25
410,96ce7aee6318242ef560,0.8333333333333334,0.0,0.8333333333333334
410,b7c085603071bc37b94d,0.8571428571428571,1.0,-0.1428571428571429
411,3cff18a0f27dad89988e,0.6666666666666666,0.0,0.6666666666666666
411,6c880c26f2113f084b7b,1.0,0.5,0.5
411,95b6c7d21f522c65430f,1.0,1.0,0.0
411,9eb7d175d6396b7d48db,1.0,0.0,1.0
412,4bf4d7bbdfb3428b14a5,0.6666666666666666,0.5,0.16666666666666663
412,68aa6c249dd9b1123fb7,0.8181818181818182,0.5,0.31818181818181823
413,35fd5b9985bfd47bff87,0.0,0.5,-0.5
413,3d44f2c31ca0b49dab72,0.0,0.5,-0.5
413,4e04c590d34962830b9d,0.0,0.5,-0.5
413,b8bfd3d85237caac457b,0.5,0.0,0.5
413,be14e3a0ed541fb1ba65,0.0,0.5,-0.5
414,a3e1436779716caa78b4,0.875,1.0,-0.125
415,a4bf570c2d3e1f6453f3,0.8181818181818182,0.0,0.8181818181818182
416,254a81774223151cea1c,0.0,0.5,-0.5
416,3d792340b4a1ce9e383e,0.0,0.0,0.0
416,82009214f5836a22e0d1,0.5,0.0,0.5
417,73bda4a0c7b598adb46b,0.8,1.0,-0.19999999999999996
417,dcb48f283fa02255c50e,0.8181818181818182,0.5,0.31818181818181823
418,3d1828052bac545c71c5,0.75,0.0,0.75
418,47a3a47816218dced10f,0.4,0.5,-0.09999999999999998
418,c25f7e14ecfbaab8f79a,0.42857142857142855,0.5,-0.07142857142857145
418,fd37177ea882278bc3a5,1.0,1.0,0.0
420,053aed02034ef63da976,1.0,0.5,0.5
420,8593b2ebade38fcd240d,1.0,0.5,0.5
420,fe85035f890c1622fd6f,0.6,0.5,0.09999999999999998
422,17f9ae5c938bfe4feee5,0.6363636363636364,0.5,0.13636363636363635
422,31f36f0c7be967f2221d,0.6666666666666666,0.5,0.16666666666666663
422,6db7b9ccd9501d793025,0.3333333333333333,1.0,-0.6666666666666667
422,cf41b5c74493cf88245f,0.6666666666666666,1.0,-0.33333333333333337
422,d7606268382054cedf68,0.8,0.5,0.30000000000000004
423,2a80e2b688e8d3e17244,0.375,1.0,-0.625
423,321f524297f83795605a,0.6363636363636364,0.5,0.13636363636363635
423,b08f2922cbf31989f0b5,0.4,1.0,-0.6
423,d0f0688ec2430c880ecf,0.6666666666666666,0.0,0.6666666666666666
424,a33489c9933abe5b6040,0.75,1.0,-0.25
425,34bdfa65b4029c80765e,0.5,0.0,0.5
425,7a6b56cf065770e213da,0.8333333333333334,0.5,0.33333333333333337
425,933c0e0706c28e7dd39a,0.6666666666666666,0.5,0.16666666666666663
426,1e54e481a226159a0ede,0.6666666666666666,0.0,0.6666666666666666
426,39597e7afdd2faf038aa,0.5,0.5,0.0
426,6957cd04af5bde0a8736,0.4,1.0,-0.6
426,d22e62457bf76d723f28,0.6,0.0,0.6
427,355e76b20a09fbde9286,0.3333333333333333,1.0,-0.6666666666666667
427,40e6fd7af1e70d3df083,0.6666666666666666,0.0,0.6666666666666666
427,56a6a00c83384dd8e25a,0.6666666666666666,1.0,-0.33333333333333337
427,7a2bf83e1696b58835f4,1.0,0.5,0.5
427,fe93e540521f437c14ad,0.75,0.5,0.25
429,5cd8406f606216d6bc2d,1.0,1.0,0.0
429,6a27ec866588c49414b0,1.0,0.0,1.0
429,cb30d65075f4a9845dc7,0.0,0.5,-0.5
429,d0636b18422429b81e05,0.5,0.0,0.5
429,ed680abc3b9f2334b894,0.5,1.0,-0.5
430,012dd4be9ca8fe752b46,0.6666666666666666,1.0,-0.33333333333333337
430,2cd11018ce207a66381f,0.5,0.5,0.0
430,574c9677258219529f9f,1.0,0.5,0.5
430,b5843b65c98adc132e37,0.3333333333333333,1.0,-0.6666666666666667
431,5ef69e1209780c89f6c4,0.8333333333333334,1.0,-0.16666666666666663
431,acb7f633570231e4bd8a,0.42857142857142855,1.0,-0.5714285714285714
431,b0f456446955aaa244fd,0.875,0.0,0.875
435,2890ad70ab2516aaff6c,0.75,0.0,0.75
435,c62f0955ae58fafe72b2,1.0,1.0,0.0
435,e260dd4ef78a6c5ae8e0,0.75,1.0,-0.25
436,5672ec3b38b9b2d0c573,1.0,1.0,0.0
436,5e1f7dcedf0a2b8a08fc,1.0,1.0,0.0
436,ba27d50debfe4ee94947,1.0,0.0,1.0
437,38061ca904bf01fe84bf,0.7142857142857143,0.0,0.7142857142857143
437,7f5e8b11b8b33fd9adee,0.7777777777777778,1.0,-0.2222222222222222
438,6003a0b022369912c024,0.8,0.0,0.8
438,60d2906ce8044e319c6f,0.8,1.0,-0.19999999999999996
438,611108bcc1669eb24d67,0.75,0.0,0.75
438,700339ee6a578cf7e507,0.6,0.5,0.09999999999999998
438,8b54a5f6bfbb14e685b2,0.5714285714285714,0.0,0.5714285714285714
439,110f6c9c6731c73bc350,0.5,0.5,0.0
439,5770199588f41cded9cf,0.5,0.5,0.0
439,8ef26faf1d7d26bb8d6c,0.8333333333333334,0.5,0.33333333333333337
439,91039105e78eefe1fc24,0.6666666666666666,1.0,-0.33333333333333337
439,a9245f5e2146e374e16d,0.0,1.0,-1.0
441,371e92708a004fa33ec0,0.7142857142857143,0.5,0.2142857142857143
441,5f3bc65dacc4d3cf6b39,0.8571428571428571,0.0,0.8571428571428571
441,86e0107aa3323d69f43b,0.5714285714285714,0.5,0.0714285714285714
441,ab05bd8dd6498267ffd6,0.6666666666666666,0.0,0.6666666666666666
441,b944731de71e5a24a272,0.8571428571428571,0.5,0.3571428571428571
442,62f85d1c1020b146b55e,1.0,0.5,0.5
442,b9402e954d94dc2d9fec,0.75,1.0,-0.25
442,d2d7989cbd5eeb58bffb,0.5555555555555556,0.5,0.05555555555555558
442,d8e9539483e219673fc4,1.0,0.5,0.5
443,034426246500880fc02b,0.4,0.5,-0.09999999999999998
443,560bce35d732601c86b8,0.4,0.5,-0.09999999999999998
443,df19aa5714d7701ea9cb,0.5,0.0,0.5
444,6e4b7a6b66e5190aaa3d,0.6666666666666666,1.0,-0.33333333333333337
444,8cba1063688090c9a509,0.6666666666666666,1.0,-0.33333333333333337
444,978558a8f0554efb1a18,0.6666666666666666,1.0,-0.33333333333333337
444,c9ce88a77d8797a84044,0.75,1.0,-0.25
444,db754a96e386e2e8bc78,0.25,0.5,-0.25
445,0294f697541586c4401b,0.5,0.0,0.5
445,b21311b2e1d8591312cf,0.75,1.0,-0.25
445,b246f43b1896de5de6aa,0.6666666666666666,0.5,0.16666666666666663
446,59f88f3a810b90937986,0.75,0.5,0.25
446,653003afca8c9bde4bd6,0.8333333333333334,0.5,0.33333333333333337
446,8cef3c34b6414afb79f9,0.6,0.0,0.6
446,c27e8aa5eca0b9c1062b,0.3333333333333333,0.5,-0.16666666666666669
446,d2d92c9172f44529358d,0.42857142857142855,1.0,-0.5714285714285714
447,2d814e2197412c9c266b,0.5,0.5,0.0
447,31f249e914f47a59c3c3,0.3333333333333333,0.5,-0.16666666666666669
447,5e768f91eb1a40aaa6ee,0.6,0.5,0.09999999999999998
447,b00d458c5da24ea03028,0.6666666666666666,0.5,0.16666666666666663
447,d48d7e7b45b7e3136f41,0.3333333333333333,0.5,-0.16666666666666669
448,769fb2deb35ec829c1d3,0.5714285714285714,0.0,0.5714285714285714
448,dec3554ee66baa8c0174,0.6666666666666666,1.0,-0.33333333333333337
449,584ffccdd32c5f4d65a6,0.8,1.0,-0.19999999999999996
449,707a37367cd74ba1e30c,0.3333333333333333,1.0,-0.6666666666666667
449,b9df679a546ce47a5c94,1.0,1.0,0.0
450,140510565ec78f27886b,0.75,1.0,-0.25
450,7555680b74b09ca7af5a,1.0,0.0,1.0
450,e00dc06312cc2abe4ce4,0.8333333333333334,0.5,0.33333333333333337
450,f5b7db0f586512163c13,0.6666666666666666,1.0,-0.33333333333333337
451,1202f8190efdfd551a29,0.3333333333333333,1.0,-0.6666666666666667
451,9fc284de497bdb8f6771,0.3333333333333333,0.0,0.3333333333333333
451,a7cf5b9e802312550910,0.5,0.0,0.5
451,d3f4623127f0933d8266,0.3333333333333333,1.0,-0.6666666666666667
451,f886d64232b0458e5aa0,0.75,0.5,0.25
452,3e24fa0f744c92850772,0.6666666666666666,0.5,0.16666666666666663
452,5e54f6b38130280d7051,0.6666666666666666,0.0,0.6666666666666666
452,6cbeba85fa3206f41878,0.75,0.5,0.25
452,85798b3222baa8fbfce2,1.0,0.0,1.0
452,8cc706d3811213cf7dde,1.0,1.0,0.0
453,949d39c3eb8c5d51bcb9,0.3333333333333333,0.0,0.3333333333333333
453,988b638660857d49ada9,0.0,0.5,-0.5
453,b6c3a209636df4b68f23,0.5,0.5,0.0
453,d86632bef82ce8e5a28e,0.5,0.5,0.0
455,239862c462b310991290,0.6666666666666666,1.0,-0.33333333333333337
455,8189dc4c818f8aa16c93,0.6666666666666666,0.5,0.16666666666666663
455,bde71710b4ef844c93ec,0.6,1.0,-0.4
455,c414b82f701214daa472,0.6666666666666666,0.0,0.6666666666666666
455,dfd5004bea27d29eeca8,0.6666666666666666,0.5,0.16666666666666663
456,2258931808bc6ddd1925,0.75,1.0,-0.25
456,28b24198931a90f62138,0.75,0.5,0.25
456,682c4303d006ed2f38e1,1.0,1.0,0.0
456,afb93d5ed37c95320921,0.75,1.0,-0.25
456,bd1164ba56c3af31b93d,0.75,1.0,-0.25
457,13ffce037035fc23fa49,0.5,1.0,-0.5
457,1f57059ba15a40ebd129,0.75,0.0,0.75
457,9e69c4a9bc2c91b9e664,0.6666666666666666,1.0,-0.33333333333333337
457,eb5826b0916bec98dfe6,1.0,1.0,0.0
458,2387879f43957b1a1b4b,0.75,0.0,0.75
458,3877f744ce46edcdfdb8,0.6,0.0,0.6
458,65b3d913873fc6a512d6,0.6666666666666666,0.5,0.16666666666666663
458,a35a943c0ccd69feaa9c,0.25,0.5,-0.25
458,c8de04aa8d1f91e57ee7,0.4,0.0,0.4
459,15f173415ae08bed4a3b,0.2,0.5,-0.3
459,460c4042ae18d28e7693,0.6666666666666666,0.5,0.16666666666666663
459,a0e1efa1343e08f1bd96,0.4,0.5,-0.09999999999999998
460,378ccec7fbcba0fb883b,1.0,0.0,1.0
460,7ce64140543f7dbefb3b,0.6666666666666666,0.5,0.16666666666666663
460,c03c96f732ce5bcf23bf,0.6666666666666666,1.0,-0.33333333333333337
460,eae24f01f088e5718a2f,1.0,0.0,1.0
463,1462b4f40c04f9963662,0.7142857142857143,1.0,-0.2857142857142857
463,152c88d5cb999a6308fb,0.45454545454545453,0.0,0.45454545454545453
463,18b8f817cfc15d416b77,0.6,1.0,-0.4
463,a673525b2641e721091e,0.5,0.5,0.0
464,24893fe84494be14e4d5,0.5,0.0,0.5
464,796f2dc4d7f64d7d3a65,1.0,0.5,0.5
464,a166ef256dcb8ec7bbcf,0.75,0.0,0.75
464,c4d79427a6fd16dfdfcb,1.0,0.0,1.0
465,1aaa2fb5cd75443192c3,0.3333333333333333,1.0,-0.6666666666666667
465,21c528aa25d64943a30a,0.0,0.5,-0.5
465,528aeb0fb1ce8c5f492d,0.0,0.5,-0.5
465,e509cde3a8e114c60bac,0.0,0.0,0.0
466,904277a869ab683f14bf,0.3333333333333333,0.0,0.3333333333333333
466,aa2ccb11cd97883a2a33,0.3333333333333333,0.5,-0.16666666666666669
466,d3ff9a13587875a5dde7,0.6666666666666666,0.5,0.16666666666666663
466,d41031d6640d525d9b46,0.6666666666666666,0.0,0.6666666666666666
467,02e6e54f0b1bb4bd1961,0.4,0.0,0.4
467,5655d15ba25673cb8549,0.6,0.5,0.09999999999999998
467,7cf2dbeb467ade1db373,0.4,1.0,-0.6
467,bda1b40c482d29fd6dff,0.8,0.5,0.30000000000000004
467,c1481506192de470f3c3,0.25,0.0,0.25
468,19a25ab014dedbdd644b,0.6,0.5,0.09999999999999998
468,47491dbc1c7afad154d9,0.5,0.0,0.5
468,52696c8bddc262b6711b,0.6666666666666666,0.5,0.16666666666666663
468,da0988bbd056d965d922,0.4,1.0,-0.6
469,a335cbe009fda0d7b35e,0.3333333333333333,0.5,-0.16666666666666669
470,1a5d0dc1e81c3cbec75d,0.0,1.0,-1.0
470,592676c2d7a6da0d99dd,0.5,1.0,-0.5
470,69bee6b86e5552a26878,0.6,0.0,0.6
470,b708b84ebc5fc9484d9f,1.0,0.0,1.0
470,e2db0edb9504bc13b809,0.3333333333333333,0.5,-0.16666666666666669
471,8ce4c267d1e8082f4d11,0.3333333333333333,1.0,-0.6666666666666667
471,b244c09ebed91935e382,0.3333333333333333,0.5,-0.16666666666666669
471,bf3cd3f2fe0d86eb0a19,0.25,0.0,0.25
472,2525bf3b9fbc93601388,0.6666666666666666,0.0,0.6666666666666666
472,27e7d219780e9e4939ef,0.6666666666666666,1.0,-0.33333333333333337
472,399e97d513caa92f3adc,1.0,0.5,0.5
472,9ecca8cdc7ccbdae65a3,0.6666666666666666,0.5,0.16666666666666663
472,cf7fe74f090bf6597ea4,0.3333333333333333,1.0,-0.6666666666666667
473,0034453afddeb8804699,0.75,1.0,-0.25
473,46ac93959d7c301b6ab7,1.0,1.0,0.0
473,65c547bfbe1a1ebcbaf6,0.6,0.5,0.09999999999999998
473,8af998ac9ce70fef25f4,0.6,0.5,0.09999999999999998
474,edb4a422295a285ebf85,0.75,1.0,-0.25
474,f3c7b9ce612df43223d6,0.4,1.0,-0.6
475,3bc04eeac89e5777b799,0.16666666666666666,0.5,-0.33333333333333337
475,7c2a3604dc70f8f7cdda,1.0,0.0,1.0
475,b83c68bb91a3e35fea05,0.75,0.5,0.25
476,56c2b9d7456b8d92224b,0.75,0.5,0.25
476,6fe3f4fd25dad719f12f,0.75,0.5,0.25
476,afb062ebd3bba524cd11,0.5,0.5,0.0
476,c7177e13b0b9a10ffda3,1.0,0.0,1.0
477,0806a1779f1b8471f2ec,0.6,0.0,0.6
477,aab8be9883febbe7958a,0.3333333333333333,0.5,-0.16666666666666669
478,1449ea668c4a973c9221,0.4,1.0,-0.6
478,1b98959be0be91620002,0.7142857142857143,0.5,0.2142857142857143
478,92ce8a3ec241f313d877,1.0,0.5,0.5
478,a6daa42ad877f4e87e69,0.6666666666666666,1.0,-0.33333333333333337
479,08b91852de3ee51adf9d,0.5,1.0,-0.5
479,456a1874fcd3a162d1d0,0.75,1.0,-0.25
479,b44019969e5ba928781f,0.75,0.5,0.25
479,cfb923e785569ee43885,0.6666666666666666,0.5,0.16666666666666663
479,edc211ef896ad25838d0,0.6666666666666666,0.5,0.16666666666666663
480,3c9e9ddb1274dbdf1ddc,0.8888888888888888,1.0,-0.11111111111111116
480,6419687beda88cedeb18,0.8571428571428571,1.0,-0.1428571428571429
480,a7e573f4c82d69abe899,0.375,0.0,0.375
480,b3f794e8ca0d11ad1892,0.2,0.5,-0.3
480,c3c26fde1c9ca3b62cee,0.8333333333333334,0.5,0.33333333333333337
481,06c35538bdf407cc0ff7,0.6,1.0,-0.4
481,5ae0eb547cce3389feb4,0.6666666666666666,0.5,0.16666666666666663
481,6d386c9244107f54b181,1.0,0.0,1.0
481,b0e8e71e807dcef1dfd2,0.5,1.0,-0.5
481,e07087c741642f97918f,1.0,0.5,0.5
482,1e87b69f2edf1bf49ba0,0.6666666666666666,0.5,0.16666666666666663
482,22587f47fd4ad2f1c3ca,0.8,0.5,0.30000000000000004
482,5e549c232b636e9009cc,0.8,0.5,0.30000000000000004
482,adc65b3294dbf0b7c5a9,0.8,0.5,0.30000000000000004
483,af1051fca8ac84e55ed5,0.8333333333333334,0.5,0.33333333333333337
483,b03ad38190aebacf2370,0.8888888888888888,0.5,0.38888888888888884
484,0723957f6341f1361e70,1.0,0.5,0.5
484,6409128f03ac84dd8d37,0.75,1.0,-0.25
484,71628d0cd008f0676dca,0.8571428571428571,0.5,0.3571428571428571
484,97105557938124573f77,0.4,0.5,-0.09999999999999998
485,15dc0cd7750ed9eca05d,0.2857142857142857,0.0,0.2857142857142857
485,68b12e9fcbf0c6bb2815,0.14285714285714285,0.5,-0.35714285714285715
485,acfcbf065b68f35c5872,0.3333333333333333,0.5,-0.16666666666666669
485,ad879647475e45d2e6b7,0.6666666666666666,1.0,-0.33333333333333337
485,cc98cd705dcf6265b418,0.0,1.0,-1.0
486,0b0de2d2cc8a347254f3,0.6,0.0,0.6
486,347394c6e774b304b773,1.0,0.5,0.5
486,45aa627d16c6afc70e6b,0.6,0.5,0.09999999999999998
486,a2b84646ae9cb057c2c8,1.0,0.5,0.5
486,f44dfcbafd9188f143f0,0.5,0.0,0.5
487,3ea8d313e2aade08dfc5,0.5,0.0,0.5
487,6e8f8238e4e09fdb273c,0.25,0.0,0.25
488,110001271b07d650afbe,0.625,1.0,-0.375
488,4937699cc90adc837fb0,0.6666666666666666,0.5,0.16666666666666663
488,692517d4fdc292169cb5,1.0,0.5,0.5
488,a6f743f48faed692482f,0.75,1.0,-0.25
488,b98deab507e2cfc05d08,0.6666666666666666,0.5,0.16666666666666663
489,831f2e7d5b2902f4c58a,0.0,0.5,-0.5
489,eab8b9aa9ab681942e5b,0.6666666666666666,0.0,0.6666666666666666
489,ec05c8e54bbbbafda3c9,0.3333333333333333,1.0,-0.6666666666666667
489,f0b391e37bf613b68850,0.6666666666666666,0.0,0.6666666666666666
490,4cc4fec629b4d627a697,0.5,1.0,-0.5
490,52281c67b0e1b1feb532,0.42857142857142855,0.5,-0.07142857142857145
490,5273271cc6d7fef4358d,0.5,0.5,0.0
490,79860c1c4a68414a310e,0.5,1.0,-0.5
490,7ea3a374834ec6c8c02f,0.25,0.5,-0.25
491,00e088282c92001a9c5b,0.4,1.0,-0.6
491,42931e4ed0fbb7dd54c0,0.3333333333333333,0.5,-0.16666666666666669
491,79fa9b3c83696310c9d3,0.5,0.5,0.0
491,ec8f58e6ae1730aed257,0.875,0.5,0.375
492,4e2be65d24a764702cff,0.4,0.5,-0.09999999999999998
492,54e703d8dbf98e389878,0.5,0.5,0.0
492,7a48a4be81e5b641ee9d,0.0,0.5,-0.5
492,859a978c14b970c03315,0.6666666666666666,0.5,0.16666666666666663
493,1b159186cd6c1994e1ab,0.5,0.0,0.5
493,521ba78e3aba823e5e75,0.5,0.5,0.0
493,b36ba923bccab0c1245a,0.5,1.0,-0.5
493,db68d6679ecff0e445d1,0.0,0.5,-0.5
493,e82fcb4d61c0ad9df844,0.5,1.0,-0.5
495,6082cfa23218473a798d,0.6666666666666666,0.5,0.16666666666666663
495,83e84ff9270b7455e962,0.6666666666666666,0.0,0.6666666666666666
495,e15d71fe1c373d9aaec0,0.3333333333333333,1.0,-0.6666666666666667
495,ed010aefa823f53720f6,0.6666666666666666,1.0,-0.33333333333333337
497,13927f96d8fa9b48b62c,0.5,0.0,0.5
497,740eae480f96d25dd450,0.0,0.5,-0.5
497,a3a8025162e9f19098e6,0.5,0.0,0.5
497,eff3b7a0008593dd37a2,0.5,0.0,0.5
498,96dd620c1c38f6b6017a,0.75,1.0,-0.25
498,e212635133e2063a1a7a,0.5,1.0,-0.5
498,e9df1d3c349a41564f6e,0.5714285714285714,1.0,-0.4285714285714286
499,1de7b42a97085677aaa6,0.6666666666666666,0.5,0.16666666666666663
499,44f85029cfe9c5f07928,0.5,1.0,-0.5
499,4c1898c911742599d940,0.3333333333333333,0.5,-0.16666666666666669
499,58fd45d349f9dba6f7b1,0.5833333333333334,0.5,0.08333333333333337
499,792171863a416c12eb06,0.4,0.5,-0.09999999999999998
500,0c2eefba3c1034356021,1.0,0.5,0.5
500,376caf179effc6f5b781,0.6666666666666666,0.5,0.16666666666666663
500,69231b4e267f1058820b,0.3333333333333333,1.0,-0.6666666666666667
500,96c1c0f0b5e160feed92,1.0,1.0,0.0
500,eef96560732f3897bddb,0.3333333333333333,0.0,0.3333333333333333
501,5b376cdead9dc36020e2,0.5,0.0,0.5
501,c6880c520a878e433899,0.5,0.0,0.5
502,0c945d287b15e3eb2016,0.3333333333333333,0.5,-0.16666666666666669
502,e6fb86ed99485f54e253,0.3333333333333333,1.0,-0.6666666666666667
503,385cbdb6abce70b31fb7,0.6666666666666666,0.5,0.16666666666666663
503,69252ef9fd003e262b23,0.8333333333333334,0.5,0.33333333333333337
503,812d2f625f973e6fc9ba,0.6666666666666666,0.0,0.6666666666666666
505,09345a57fdc3b1485755,0.3333333333333333,0.5,-0.16666666666666669
505,2047439256287c6316fe,0.4,0.0,0.4
505,44a4006330580fe1760f,0.3333333333333333,1.0,-0.6666666666666667
505,a06fce0a648b15c833e6,0.6666666666666666,0.5,0.16666666666666663
505,d1b64aac40ade4b753ce,0.5,0.0,0.5
506,653a30cd2caf0dd1b002,0.2,1.0,-0.8
506,849e18376ad03bd48a28,0.25,1.0,-0.75
506,861fe1076aa4b8dcca4f,1.0,0.5,0.5
506,d6294d65c1fa9cf8e0a3,0.75,1.0,-0.25
507,7945137f0a926980b157,0.5,0.5,0.0
507,bf9623b47d5ecfd47870,0.6,0.5,0.09999999999999998
507,de1dce3da3b9b2bb88f9,0.75,0.5,0.25
508,311e0b99b7cc067e4abe,1.0,1.0,0.0
508,9536a09bb4a681e8b546,0.6666666666666666,0.5,0.16666666666666663
508,f2b45aac568822ada0e7,0.3333333333333333,0.5,-0.16666666666666669
508,fc7f79d79bac45333f88,0.0,0.5,-0.5
510,08165391588c405c7210,0.3333333333333333,0.5,-0.16666666666666669
510,2682a4335fde728b8a73,0.3333333333333333,1.0,-0.6666666666666667
510,8d7518cd0f6ec3307afe,0.0,0.5,-0.5
510,a059fcc519417ea092bb,1.0,0.5,0.5
510,ba3d327881c4762c77c6,0.0,1.0,-1.0
511,ec37fe352d1a3dfe4661,0.6666666666666666,1.0,-0.33333333333333337
511,ee8b2f3dcd7fec2822e2,0.6666666666666666,0.0,0.6666666666666666
511,fba2c7a45c7677d27216,0.25,1.0,-0.75
513,1744e0403403e40c0682,0.6666666666666666,0.5,0.16666666666666663
513,48be3c386074b3b08ac7,1.0,0.5,0.5
513,67830c726bf86c49c1ae,1.0,1.0,0.0
513,b1c23e06041ffe89c59b,0.0,0.5,-0.5
514,852d54f5cae5b9b43ae4,0.0,1.0,-1.0
515,9a075665ba2138f30266,0.6,0.5,0.09999999999999998
515,d2506946d89614cae8c4,0.6,1.0,-0.4
515,f0b79ccb83343aad6ee2,0.8,1.0,-0.19999999999999996
516,1d5a4b26c334201f57ac,0.75,1.0,-0.25
516,2cf533014e70a3ffc750,0.75,0.5,0.25
516,54e687b72c8cc95b07d4,0.5,0.0,0.5
517,33fca127cafaf6bd7538,0.6666666666666666,1.0,-0.33333333333333337
517,34c5798dfb28003c1e59,1.0,0.0,1.0
517,4f58b612fd056309d6bf,1.0,1.0,0.0
517,7d7b3f36be0cf3be7370,0.8,1.0,-0.19999999999999996
517,d9e4e98ca612883995ab,0.6,0.0,0.6
518,62836ecf9ff6e8aef35c,0.3333333333333333,0.0,0.3333333333333333
518,775c8139ba41294aa870,0.3333333333333333,1.0,-0.6666666666666667
518,7fca971bd68250bce0bd,0.3333333333333333,0.0,0.3333333333333333
518,889a4eaf99c85d5b06a4,0.3333333333333333,0.0,0.3333333333333333
519,3a0e9198dc5a3226d861,0.0,0.5,-0.5
519,81a44911255bca24c0e9,0.0,0.0,0.0
519,874cbca9abefa80b992d,0.0,0.5,-0.5
519,e8b9f88b5f73b6344646,0.0,0.0,0.0
519,f82586dfb1830e5aec09,0.3333333333333333,0.0,0.3333333333333333
520,42081be1d2adae53b65e,0.3333333333333333,0.5,-0.16666666666666669
520,8a415f36b6f1d80eb414,0.3333333333333333,0.5,-0.16666666666666669
520,b19a034aa8fae10b2227,0.6666666666666666,0.0,0.6666666666666666
520,d4816b8c15243ed162e4,0.5,1.0,-0.5
521,2d6f1d67c506fd9afbb5,0.6666666666666666,1.0,-0.33333333333333337
521,63627f212d6bb3bd6508,0.5,0.5,0.0
521,a24e45a696d0f17d11df,0.3333333333333333,0.5,-0.16666666666666669
521,b72a6d4a10fa0dbfea44,0.3333333333333333,0.0,0.3333333333333333
521,dbac888117e294eaf7aa,0.6666666666666666,0.5,0.16666666666666663
522,1515c146a386ef705f7d,1.0,1.0,0.0
522,422ea175ceac70070c5a,0.5,0.5,0.0
523,25285d87e952759c0192,0.6666666666666666,0.0,0.6666666666666666
523,2b8e411354991cdc0a2d,0.6666666666666666,0.5,0.16666666666666663
523,6cc1a08e274698bfbd86,0.6666666666666666,0.5,0.16666666666666663
523,c1c4ea674a9bb9cc8003,0.6666666666666666,1.0,-0.33333333333333337
524,12cc7ecc3c8e2397681a,0.6666666666666666,0.5,0.16666666666666663
524,36e899ed6004abad4162,1.0,0.0,1.0
524,6dc005f943d146aa946c,0.6666666666666666,0.5,0.16666666666666663
524,b4439961b9823497a9ab,1.0,0.5,0.5
524,b75a8d24e0ed77853eda,0.3333333333333333,0.0,0.3333333333333333
525,298e45065e8f25244560,0.8,0.0,0.8
525,5ae4c37e5dc30318dcb2,0.42857142857142855,1.0,-0.5714285714285714
525,5ea7ff737e5b5b02e6f6,0.0,0.0,0.0
525,f947aa78a04ba88d9fb8,0.3333333333333333,0.0,0.3333333333333333
527,21b88c8b70b08f89bd8a,0.6666666666666666,0.5,0.16666666666666663
527,60c5a378564cedd77dc8,0.6666666666666666,0.5,0.16666666666666663
527,742049842fe632138670,0.6666666666666666,1.0,-0.33333333333333337
527,75fc4708d4789f99a77e,0.6666666666666666,1.0,-0.33333333333333337
527,e656149764aa00bff36d,0.6666666666666666,0.5,0.16666666666666663
528,4f1261d75e7396cc12ef,0.8,0.0,0.8
528,da672ab366640a07dc94,0.9230769230769231,0.0,0.9230769230769231
529,fdd246b99d7a2a313e19,0.0,1.0,-1.0
530,c3b4109b5a6311adcc1b,0.0,0.5,-0.5
531,14ff01071f342f8ab60a,0.5,1.0,-0.5
531,265d0fbe60ecbb2510b2,0.5,0.0,0.5
531,c4ab99eb60991be53e16,0.4,0.5,-0.09999999999999998
532,1be48c8346d0d6b46476,0.0,0.5,-0.5
532,1f2b3010965bba61994c,0.0,0.5,-0.5
532,5ae0de64269db251851f,0.0,0.0,0.0
532,f2538ccc31e8045f199f,0.5,0.5,0.0
533,3869db2fd993a38b1770,0.5,0.0,0.5
533,81241f456c54220d26c1,0.0,0.5,-0.5
533,88fd58c5a032bbf6c337,0.3333333333333333,0.5,-0.16666666666666669
533,8ea434a3a2fc180539ba,0.25,0.0,0.25
533,c4aadc85890c2f0f7533,0.0,0.0,0.0
534,06180cc700145c771d2d,0.6,0.0,0.6
534,427d4da72bb774746d4d,0.5,0.0,0.5
534,a53ddfa8dffc90c8b486,0.5714285714285714,1.0,-0.4285714285714286
535,5e5f11fd006b709b537f,0.6,1.0,-0.4
535,d0d8bd0b999c0b9311cc,0.25,1.0,-0.75
535,de7a449389add2cb1706,0.5,0.5,0.0
536,326546217c0aee931719,0.8,0.5,0.30000000000000004
536,78a149d7d2bd0dd9bb01,0.6,0.5,0.09999999999999998
536,95cdec0456f5691dd5e0,0.75,1.0,-0.25
536,c5f985b884eab2ece817,1.0,1.0,0.0
537,086e724e5f4821611e67,0.5714285714285714,0.5,0.0714285714285714
537,ae1275a8cf55b3a66b09,0.5,0.5,0.0
537,b146c80178af9b3b5bfa,1.0,0.5,0.5
537,b4e978c78afabfd39529,0.75,1.0,-0.25
538,09446e7c87ca3fcd8eeb,0.6,1.0,-0.4
538,114f8160ac58eeb633e7,0.75,1.0,-0.25
539,433012d02488c8294d82,0.25,0.5,-0.25
539,e87c1e92e972cef71e59,0.6666666666666666,0.0,0.6666666666666666
540,48b46c7116e06659f6e4,0.875,1.0,-0.125
540,7431e458a19245a40853,0.8571428571428571,0.0,0.8571428571428571
540,7ff148f263f761a00ba8,0.6,0.5,0.09999999999999998
540,d2b4095217cdd9ee2d17,0.8,0.5,0.30000000000000004
540,fa78ba6fb9200137be3a,1.0,0.0,1.0
541,28dd0d72ab6096106624,0.5,0.5,0.0
541,2c2f4df9266560f73d7e,0.75,0.5,0.25
541,4537babd2f8d5dcf45ca,0.75,0.5,0.25
541,a0209568ed345a33a132,1.0,1.0,0.0
541,b6bb105c25513ba83ff1,1.0,0.5,0.5
542,1ca7f8c949e891eedb5d,0.3333333333333333,0.0,0.3333333333333333
542,999a2132f173be67b7d5,0.0,1.0,-1.0
542,f27beff2c3182f244c2b,0.0,0.0,0.0
543,52e5b587bb12340dcf9e,0.75,0.5,0.25
543,5879eac21de2ee8f2c50,0.6666666666666666,0.0,0.6666666666666666
543,8bfd5cecfb441211f902,0.6666666666666666,0.5,0.16666666666666663
543,dd03d20d4391ee355ec0,1.0,0.5,0.5
543,e5c6081aacef7388ee57,0.3333333333333333,0.5,-0.16666666666666669
544,c49e020ac791392f7106,0.2,1.0,-0.8
544,fe06f3bc18383db8949b,0.42857142857142855,0.0,0.42857142857142855
545,9d9911dea51caa09e710,0.5,1.0,-0.5
545,d63e6071ae7d9ed58b83,0.7777777777777778,0.0,0.7777777777777778
546,1a25f542cdeabb740295,0.3333333333333333,0.0,0.3333333333333333
546,7836fda56c4e1b6b651c,0.5,0.0,0.5
546,84f93e3d8a644f42d422,0.5,1.0,-0.5
546,c7c792f126988d36a897,0.3333333333333333,1.0,-0.6666666666666667
546,eae36a0f26486ec01284,0.75,1.0,-0.25
548,61f82e9c8d7418ac991d,0.5,0.0,0.5
548,621cba39cd3f03b3142e,0.5,1.0,-0.5
548,9eff6d9c27a7e55de8af,0.5,0.5,0.0
548,dcc486fc2aa3fa42295e,0.4,0.0,0.4
549,483cfc848c6eaa599a1e,0.3333333333333333,1.0,-0.6666666666666667
549,9fcddd985477fb3c686f,0.4,0.0,0.4
549,c7c8710769c93657ad44,0.25,1.0,-0.75
549,f4b7c15e9fbb23109492,0.25,0.5,-0.25
550,2a9966beadd975f4fb0c,0.0,1.0,-1.0
550,8956fdc1d8d14f68a77c,0.5,0.0,0.5
550,8afc8503ee337673dbc6,0.5,0.5,0.0
550,a3f1ccb56705f18761a3,0.6666666666666666,0.5,0.16666666666666663
551,3397b3a1dc4086b7b522,0.5,0.5,0.0
551,66547c5f6aabb213e644,0.25,1.0,-0.75
551,96f2e2e43e7704abc665,0.6,0.5,0.09999999999999998
551,da9018f356a50f12ad09,0.8,1.0,-0.19999999999999996
552,5451aab0134c915f10cd,1.0,0.5,0.5
552,69d9b04fbddbc44f82ea,0.75,0.5,0.25
552,88859725e91d686755f9,0.5,1.0,-0.5
552,d008cd4cad88c70024a0,0.3333333333333333,0.5,-0.16666666666666669
553,0bca02711df67a0036f0,0.75,0.5,0.25
553,2e925c1926a09ee40700,0.75,0.0,0.75
553,65eaca5fa58682b8d08d,1.0,0.0,1.0
553,75f31ed1c376dcf94497,1.0,0.5,0.5
553,cf0d39e15ee4ce3c76ca,1.0,0.5,0.5
554,2258c0a730ca71801ebd,1.0,0.0,1.0
554,abd63c9046a7abb129a2,1.0,1.0,0.0
554,b7a52435959648d07501,0.6666666666666666,0.0,0.6666666666666666
554,dc6bd4f3d6f4fb9a98ac,0.6666666666666666,0.0,0.6666666666666666
554,de7bf25b8dc14a55c6ff,0.8333333333333334,0.0,0.8333333333333334
555,91d61b77237cb4aed130,0.25,1.0,-0.75
555,9a6a2513b32b76d00701,0.0,1.0,-1.0
556,97a4759e7bfd18d89910,0.5,0.5,0.0
556,a387834d76848fb49eee,0.2857142857142857,0.5,-0.2142857142857143
556,e55327699bc0e6b407cf,0.42857142857142855,1.0,-0.5714285714285714
557,85029ab286c0e2e574c3,0.375,1.0,-0.625
557,8e7c0ae03d6f2d39354f,0.8,0.5,0.30000000000000004
557,d4105cf8efb59e3eb6f9,1.0,1.0,0.0
558,96b9a8257f455423810d,0.75,0.5,0.25
558,cad704117a660a4a3402,1.0,1.0,0.0
558,d1fa54b15068c2b55aea,1.0,0.5,0.5
560,147c15d574980cc90948,0.6666666666666666,1.0,-0.33333333333333337
560,211f443315475443e754,0.6666666666666666,0.0,0.6666666666666666
560,493538525da62f70a3db,1.0,0.5,0.5
560,96b914d8513694e7400a,0.6666666666666666,0.0,0.6666666666666666
560,f6a19ad47e980ea6c9c6,0.6666666666666666,0.5,0.16666666666666663
561,db7ca3295f53589b85c6,0.5,0.5,0.0
562,0fdae1c4a6cd5c9092fe,0.8571428571428571,0.5,0.3571428571428571
563,0b6eee1fe1552c3f0bec,1.0,0.5,0.5
563,118115836ca692661acf,0.6666666666666666,1.0,-0.33333333333333337
563,e17658c945db795bf603,0.3333333333333333,0.0,0.3333333333333333
563,f2cf290e2ad4c2458739,0.6666666666666666,0.5,0.16666666666666663
564,1dea8a53195d108e0514,0.9,0.0,0.9
564,348a7a11f26a27e81d01,0.6666666666666666,0.5,0.16666666666666663
564,4736e1deed3bdbe92540,0.7777777777777778,0.5,0.2777777777777778
564,624a4f53c8378b5336f9,0.8333333333333334,1.0,-0.16666666666666663
564,8ed0f00fcbee77adbbbd,1.0,0.5,0.5
565,095fcc6f2bb20e1b038d,0.3333333333333333,0.0,0.3333333333333333
565,f7a87a058fa7ffadccf5,0.6666666666666666,1.0,-0.33333333333333337
566,040f10d48ed81cc6b537,0.0,0.5,-0.5
566,257fa617844f5922a773,0.0,0.5,-0.5
566,31850e8aed3e7bf90a7b,0.6666666666666666,0.5,0.16666666666666663
566,60ba016b1a4d16acc2ac,0.3333333333333333,0.5,-0.16666666666666669
566,8092f836ca370c94d038,0.0,1.0,-1.0
567,6abfe24a7fff8b9ed735,0.3333333333333333,1.0,-0.6666666666666667
567,ab5eab5f9d3ccb97aac4,0.25,1.0,-0.75
567,d9e82412abe96bad5d40,0.3333333333333333,1.0,-0.6666666666666667
568,f12fdf9c21fe80acf0fa,0.5,0.5,0.0
568,fa8a5283fcb61101cb3c,0.75,0.0,0.75
569,1c4277dc3008cc5256ce,0.6666666666666666,0.5,0.16666666666666663
569,2e713c5638ecfe839129,0.75,0.5,0.25
569,322e38475738e4b5075b,0.8,1.0,-0.19999999999999996
569,7a8f341e01b799ebf0f7,1.0,0.5,0.5
569,b9bfd8d6a08bab2f9b62,0.75,0.0,0.75
571,71239b594ef0199cf68e,0.42857142857142855,0.5,-0.07142857142857145
571,838bd66a8c7bbdae08c9,0.5,0.0,0.5
571,bceddbe47d3549158fc5,0.6,0.5,0.09999999999999998
571,ec9e50af52ec6bc2f428,0.4,0.5,-0.09999999999999998
572,12ed7c36e6de343bfa78,0.5,0.5,0.0
572,1810e78a837a25d171b6,0.75,0.5,0.25
572,29821c6ad1017ff2223c,0.75,0.0,0.75
572,8721d3b934644cbb7e4b,0.6666666666666666,0.5,0.16666666666666663
572,c67fbd9566c76392c4a1,0.6666666666666666,0.5,0.16666666666666663
573,38890d287b76df1f8a84,0.5,0.5,0.0
573,9a06eabcd23b4dbe71fb,0.75,0.5,0.25
573,ca4f32d099b742a190d7,0.5,0.5,0.0
573,df2104bef875ac749053,0.75,0.5,0.25
574,38fe7ace599925d107fc,0.75,0.5,0.25
574,650fb739722330a09920,0.25,0.5,-0.25
574,88a6a79547320783c62c,0.875,0.5,0.375
574,ca9e2995836ccf7341a1,1.0,0.0,1.0
574,d2cc97b12db09f4785cc,0.5,0.5,0.0
575,56717fd85001daefa0f8,1.0,0.0,1.0
575,60b3a9b2f5c86e4c146f,0.5,1.0,-0.5
575,6c1517afe0cc1ac90e90,0.6,0.5,0.09999999999999998
575,7fe2f9d8ac8154513e64,0.3333333333333333,0.0,0.3333333333333333
575,c8f39bd217882b5a84f8,1.0,1.0,0.0
576,030682c72bd900f8eb39,0.6666666666666666,1.0,-0.33333333333333337
576,55d9aaa1cebfe4a0aab6,1.0,0.0,1.0
576,6652380d43b871ff5a00,1.0,0.5,0.5
576,e816dc845deb3f8db755,0.6666666666666666,0.0,0.6666666666666666
578,25fd044360a9844db87e,0.3333333333333333,0.5,-0.16666666666666669
578,41fc677070990edc6033,0.6666666666666666,0.5,0.16666666666666663
578,81ebae77bf6384d0515f,0.5,1.0,-0.5
578,edb151bfae18fb3181d7,0.3333333333333333,0.5,-0.16666666666666669
580,23d5680a556eef19e547,0.0,1.0,-1.0
580,4be87a48f6e5f58ffa57,0.0,0.5,-0.5
580,93c8270c8e9921846d0f,0.8333333333333334,1.0,-0.16666666666666663
580,c71f5a746a07e0584645,0.0,0.0,0.0
580,e109470f72dc20540259,0.5,1.0,-0.5
581,ecdd47b03065cb1baf5f,0.6666666666666666,1.0,-0.33333333333333337
582,3c0346e047a0ca3a0972,0.6666666666666666,0.5,0.16666666666666663
582,9fca0d3dd086c3aeb7c2,0.3333333333333333,1.0,-0.6666666666666667
582,d6bf8fe952be11d7fc1c,0.25,0.5,-0.25
582,e2c2fa63771f3e873ee5,0.5,1.0,-0.5
582,f8d8360469061bc9f5d1,0.6666666666666666,0.5,0.16666666666666663
583,3918800a67423769d927,0.75,1.0,-0.25
583,4870a0bdc6df1a0f2d1b,1.0,0.5,0.5
583,4c2963827834316ce8c3,0.75,0.0,0.75
583,d986ed207389caf8de22,0.6,0.0,0.6
584,0393a88d5667fc041f68,0.0,0.0,0.0
584,236a08d414a5dd110c6f,0.5,0.5,0.0
584,8338d6dc67c601f5eb03,0.5,0.5,0.0
584,f725c06710bab62f62f0,1.0,1.0,0.0
585,1f1db52f0a5c35027ecd,1.0,0.5,0.5
585,2097429584bc1b0230d2,0.6666666666666666,1.0,-0.33333333333333337
585,91a8e48667f8fea204f3,1.0,0.0,1.0
585,a0515e544725333314b6,0.5,1.0,-0.5
585,dfbe807c2add8d7f1a00,1.0,1.0,0.0
586,2c8c23ec1c737908c3d2,0.4,0.5,-0.09999999999999998
586,6e2576c27c429f80ef2d,0.25,0.0,0.25
586,702810128f430de5c2bd,0.3333333333333333,1.0,-0.6666666666666667
586,7a1da4dde22a3fd574b4,0.25,0.0,0.25
587,0add3b8b1b7cc253576c,0.3333333333333333,0.0,0.3333333333333333
587,3f1ef71eaa93cebc3278,0.3333333333333333,0.5,-0.16666666666666669
587,c3f39bd44d5347e00bc2,1.0,0.5,0.5
587,f1ed007c7e21436191c3,0.6666666666666666,0.0,0.6666666666666666
587,f8d154f8513ede18658d,0.6666666666666666,0.0,0.6666666666666666
588,ac35a7f3b143ff702ac0,0.6666666666666666,0.0,0.6666666666666666
588,bfdebc82adde0a64d8c8,0.3333333333333333,1.0,-0.6666666666666667
588,e8dddee0d4924f66ed56,0.7142857142857143,0.5,0.2142857142857143
588,f275cc46f28c29011dc4,0.6666666666666666,0.0,0.6666666666666666
589,15372e55723b63ce2d8c,0.7857142857142857,1.0,-0.2142857142857143
589,b0752f6b28490a0ddfb9,0.5,1.0,-0.5
595,b8243894fbd9fecfd0ce,0.375,0.0,0.375
596,15e117fe79363036c58e,0.6666666666666666,1.0,-0.33333333333333337
596,84e79c73b23c6ca2e397,0.5714285714285714,0.0,0.5714285714285714
596,be0929c2e7a662885fcf,0.7142857142857143,0.0,0.7142857142857143
596,c692655413df4756ba74,0.75,0.0,0.75
596,daf6139d31beaafbfa18,0.5,1.0,-0.5
597,15ea9039f5f8c1542fcd,0.8,0.5,0.30000000000000004
597,224608b4c7ace08e275d,0.7777777777777778,0.0,0.7777777777777778
597,9c4834db7a4f94ee6582,0.25,1.0,-0.75
597,cfc047cb36f8de930821,0.8,0.5,0.30000000000000004
598,560e9f63f51a33936024,0.7142857142857143,0.0,0.7142857142857143
598,705e7a4ddb39e38eaef2,0.25,1.0,-0.75
598,bf3e48d84de8053709c9,0.8333333333333334,0.5,0.33333333333333337
598,ebb56fc3ee0d0da4a055,0.5,0.0,0.5
599,76a5f7500ad82729f681,0.2857142857142857,0.0,0.2857142857142857
600,19f0e867db4eaec70f23,0.8571428571428571,1.0,-0.1428571428571429
600,1b74a4c923454bf53df5,0.5,1.0,-0.5
600,41287222bb0d695c9cd7,0.5555555555555556,1.0,-0.4444444444444444
600,aba7d3735b1abfd9f411,0.5,0.5,0.0
601,905c04c91b424f5f5a35,0.8,1.0,-0.19999999999999996
602,2859db796edb126a360b,0.75,0.5,0.25
602,38d9a537403a38f282e1,0.5,1.0,-0.5
602,a939ad7eff56cdeaaf45,0.6,1.0,-0.4
602,bea1d903e3b35b4e6645,0.5,0.5,0.0
603,2fb316cd1f23a96d1a49,0.75,0.0,0.75
603,99bfbf6cd8b563e64943,0.5,0.0,0.5
603,e0b7792d1334e2bb2e71,0.5,0.5,0.0
603,f76e25c58e28ed1ff6a6,0.5,0.0,0.5
603,fb737eb20d549dcf32dc,0.4,0.0,0.4
604,08358f4ba1c0bc486b8c,0.75,1.0,-0.25
604,47c2975567f0865d2130,0.75,0.0,0.75
604,6704481836c971b95193,0.75,1.0,-0.25
604,7a6712f6388db2f35b01,0.75,0.5,0.25
604,e9acead6cccfba29b949,0.5,0.5,0.0
605,4482ace68ca6eec4e526,0.5,0.5,0.0
605,49dff434ed65dc65ad81,0.5,1.0,-0.5
605,6a01d1101b574a3582c6,0.3333333333333333,0.5,-0.16666666666666669
605,dee2eccc3ab70d7f874c,0.4,0.5,-0.09999999999999998
606,3fba6c338c6a8b915447,1.0,1.0,0.0
607,295e919c87cf949d13e6,0.13333333333333333,1.0,-0.8666666666666667
607,4134aad3919673e789ae,0.2,1.0,-0.8
607,89e71223befae3d212be,1.0,1.0,0.0
607,8f4d3f9bca86ec7b0bba,0.16666666666666666,0.0,0.16666666666666666
608,4a31f26ef1853dda9a9f,0.75,0.5,0.25
608,8b6f0a80f7dcf087837e,0.3333333333333333,0.5,-0.16666666666666669
608,c8dadf8161ce6a2d8672,0.6666666666666666,1.0,-0.33333333333333337
608,d62e9dd579d3ff0e7563,0.75,0.5,0.25
610,300d3967280b261cccb4,0.6666666666666666,0.0,0.6666666666666666
610,3bb63a21add590706c3d,1.0,1.0,0.0
610,4fafd42cc696643fd842,0.75,1.0,-0.25
610,d02c00c40e484b55cf6f,1.0,1.0,0.0
610,e424afcd4beb5b6f5d7c,0.6666666666666666,0.0,0.6666666666666666
611,1ad7043963accaf9a5e4,0.3333333333333333,0.0,0.3333333333333333
611,70944df4f491793e5371,0.5,1.0,-0.5
611,84179519bf1a635f1696,0.75,0.5,0.25
611,98d568c5828a4aba0b0e,0.75,0.5,0.25
611,c3344bc52fffe598a8f1,0.5,0.5,0.0
612,120e012219f55b001496,0.3333333333333333,1.0,-0.6666666666666667
612,269050e90496570e412f,0.3333333333333333,1.0,-0.6666666666666667
612,66d32ced9702dbe197f8,0.3333333333333333,1.0,-0.6666666666666667
612,79d65c311aa61ab9498a,0.6666666666666666,0.0,0.6666666666666666
612,cc36d541b5816c56b637,0.3333333333333333,1.0,-0.6666666666666667
614,065070e8b02fbf7f0db8,0.25,1.0,-0.75
614,1184ee931a2c13dd8b91,0.4,0.5,-0.09999999999999998
614,56f44be56220e5554469,0.25,0.0,0.25
614,5d70a51e54733deae52c,0.25,0.5,-0.25
614,7aee30a2700d97b7e641,0.3333333333333333,0.0,0.3333333333333333
615,5e64f18b329ef20c7bd6,0.8571428571428571,0.0,0.8571428571428571
615,9af987c7238f54862134,0.5,0.5,0.0
615,b353c88edbfe80ab8169,0.6666666666666666,0.0,0.6666666666666666
615,b8275d3091e1f90ffc14,0.25,1.0,-0.75
615,eca42c0097a615696ad7,0.0,1.0,-1.0
616,392364baf4b1bb5c9f05,0.7142857142857143,1.0,-0.2857142857142857
616,ab8209a36d34edff0026,0.5,0.5,0.0
616,b93f893f943d17690f5b,0.6,0.0,0.6
616,fac9092986adc5e8157b,0.6666666666666666,0.0,0.6666666666666666
617,2054013d34ff88675acf,0.0,1.0,-1.0
617,64519c9c93fa0481dc8a,0.5,0.5,0.0
617,64ab3bc04c27aa079d58,0.5,1.0,-0.5
617,9cbc761886ea9c77ab16,0.5,1.0,-0.5
617,a9d3ba61a9d147c64824,0.5,0.0,0.5
618,20d7b1a25ba02c5586a0,1.0,0.5,0.5
618,72c8c44948f09f8e8a14,1.0,0.5,0.5
618,b33fec49563f7d4cf9d7,0.5,0.5,0.0
618,e2b5de0ebe58941c313a,1.0,0.0,1.0
618,ff41a306e8070802f4c9,1.0,0.0,1.0
619,b8c71a85850e7f83e6e0,0.75,0.5,0.25
619,ffd764dc7c4bdef37619,0.6,0.0,0.6
620,72673fa901f22d7923fe,0.8,0.5,0.30000000000000004
620,c50b385977e2ce9f0ffb,1.0,0.5,0.5
620,c8030bba166eca240250,0.42857142857142855,1.0,-0.5714285714285714
620,e8d9835d9d1c744088da,0.3333333333333333,1.0,-0.6666666666666667
621,3894699fa0a2cc2bed89,0.75,1.0,-0.25
621,9681015ae9981ea5788e,0.75,0.5,0.25
621,b8ec8e6d90f4328b9c55,0.5,0.5,0.0
621,da7dd797803b48bf16b4,0.75,1.0,-0.25
621,f539847a99fc79cb5291,1.0,0.5,0.5
622,280aa0baf7161e5609cc,0.625,0.0,0.625
622,3162cb78db8eb2d6b469,0.5,0.0,0.5
622,5b0c593e48a9ba525f14,0.8333333333333334,0.0,0.8333333333333334
622,5e366904de8a7f6fe296,0.6666666666666666,0.5,0.16666666666666663
623,1f0e87ffde8f2f6ce39b,0.5,0.0,0.5
623,7b38c7e1ba2ed3245f67,1.0,0.0,1.0
623,add99dd4cc2d9a0b85f7,0.75,1.0,-0.25
623,e96307157af663b5ea19,0.6,0.0,0.6
627,218b135c44b5750e0689,0.6666666666666666,0.0,0.6666666666666666
627,54e0010adf2bce405f05,1.0,0.5,0.5
627,ad4afa5603cdf26d3b60,1.0,1.0,0.0
628,285c829396ddda0792ea,0.6666666666666666,0.5,0.16666666666666663
628,4f05900a927f60687e0f,0.5,0.0,0.5
628,ac10ecdf6a941a487f7a,0.5,0.0,0.5
628,c489344466a85cc01577,0.6666666666666666,1.0,-0.33333333333333337
628,da5422197aeff7acaf00,0.75,0.5,0.25
629,0f88773e55ecf720746b,0.6666666666666666,0.5,0.16666666666666663
629,683798e6f036236aacb3,0.6666666666666666,1.0,-0.33333333333333337
629,8d52fa7300388d3e2ca2,0.5,0.5,0.0
629,c46b569fae54f5fbfa5f,1.0,0.5,0.5
629,de0890914c400f535a7e,0.5,1.0,-0.5
630,13cb5a92cc2560359ecd,0.7142857142857143,1.0,-0.2857142857142857
630,3f35055ed7a1db279200,0.625,0.5,0.125
630,5922e8fdd0416f21bbdf,0.6666666666666666,0.5,0.16666666666666663
630,679baa37e21ef8d4c5ea,0.875,0.0,0.875
630,e23f341bda18006f5061,0.7142857142857143,0.0,0.7142857142857143
631,45a1c399c2b335e4d509,0.3333333333333333,0.5,-0.16666666666666669
631,4629898577e6a0889d8e,0.3333333333333333,0.5,-0.16666666666666669
631,54a4bc6879bdd3260637,0.6666666666666666,0.5,0.16666666666666663
631,b657c970cbbda5cbf29d,0.75,0.5,0.25
631,e51c1fc84cf015a21dbd,0.6666666666666666,0.5,0.16666666666666663
632,240820a63361271c61f2,0.25,0.5,-0.25
632,2af27eded292857d5571,0.3333333333333333,1.0,-0.6666666666666667
632,59b6d1546d6ce3d629c1,0.6,0.5,0.09999999999999998
632,b5656657ba864240c78c,0.3333333333333333,0.5,-0.16666666666666669
632,c1a1423568883b8096ea,0.6666666666666666,0.0,0.6666666666666666
633,19ddce64f8391b4b0bcf,0.3333333333333333,0.0,0.3333333333333333
633,494dc8284c1df7cb27a6,0.3333333333333333,0.0,0.3333333333333333
633,90ee412494854a73fb0c,0.375,0.0,0.375
633,db25bfce7652767ef953,0.3333333333333333,0.5,-0.16666666666666669
633,fce7c23896439546f3a4,0.6666666666666666,1.0,-0.33333333333333337
634,5bfb2238951ec373e2f2,0.6,0.0,0.6
634,69280022ed8d5f7344fc,0.5,0.0,0.5
634,86144fd29f16d861fa86,0.6,0.0,0.6
634,912d904a6c65d60c46f6,1.0,1.0,0.0
634,d8c0db3b03cd5f3d5765,0.5,0.5,0.0
635,0926eb9f8a065b7f00e7,0.625,1.0,-0.375
635,4c2c10f92ca61d716be6,1.0,1.0,0.0
635,6767f62afc31b45320fe,0.5714285714285714,0.0,0.5714285714285714
635,d2fdc4c62969b7899a11,0.6666666666666666,0.5,0.16666666666666663
635,d7025ca2273ab11573a3,0.6666666666666666,1.0,-0.33333333333333337
636,23a2be1a6115c9d925fc,0.3333333333333333,1.0,-0.6666666666666667
636,2827bcf42538fd241077,0.75,0.5,0.25
636,2d3aa00b2b8d15b5fa54,0.8,0.5,0.30000000000000004
636,42abf3ac63a2e38c6adc,0.6666666666666666,0.5,0.16666666666666663
636,4a1886c9f2f73a2b11d9,0.3333333333333333,1.0,-0.6666666666666667
637,405eebec10dfc216a3ba,0.0,0.0,0.0
637,58810d9742f0bf99a889,0.0,0.0,0.0
637,5cf1a76f438f553d596b,0.5,1.0,-0.5
637,664f7140c592190d305c,0.0,1.0,-1.0
637,f9682071c6fb5f15c120,0.5,0.5,0.0
638,010f146183dcd2fbc429,0.75,0.0,0.75
638,216fd6218865fbb0f7ce,0.75,0.0,0.75
638,94d53449da5f3d871f3d,0.75,0.0,0.75
638,aeb547f2289bb0ae6c80,0.75,0.5,0.25
638,cb81ee66de9a7696bcb9,0.75,1.0,-0.25
639,0e57d27d3b3951929db9,0.6666666666666666,0.0,0.6666666666666666
639,523942aad9c18d7cbc60,0.6666666666666666,0.5,0.16666666666666663
639,7d574a5e2a9e9487123b,1.0,0.0,1.0
639,8514a93da6f73524c9b2,0.6666666666666666,0.5,0.16666666666666663
639,b86f850a0218d587773b,0.6666666666666666,0.0,0.6666666666666666
640,31254466787b815e4655,1.0,1.0,0.0
640,e23e120d43b59c5e1472,0.75,1.0,-0.25
640,ef9fee2cb23f59f4760b,0.6666666666666666,0.0,0.6666666666666666
641,0d26761b120d9763c4d7,1.0,0.5,0.5
641,27262663358bfff5df81,0.75,0.5,0.25
641,38f40f1565a1ef52ee7d,0.75,1.0,-0.25
641,4901e7f63e64d844c9b7,0.875,0.5,0.375
641,b2b2d4d5bcff17e06b2c,0.75,0.0,0.75
642,1d2cbb9852936c464e20,0.5,0.5,0.0
642,79766393b2493fa4d069,0.25,0.0,0.25
642,9b8fc5fc48c3a92d0e90,0.5,0.0,0.5
642,b7e102f2a5a397ad41e9,0.4,0.0,0.4
642,ffa17ef6b5730a0f4eb5,0.6,0.0,0.6
643,08e20f2be274a64f2a20,0.5,1.0,-0.5
643,3bfd4c6a9a5053a3885c,0.75,0.5,0.25
643,5cb28b34c04e621b81c2,0.3333333333333333,0.5,-0.16666666666666669
644,133315f813c5be562e42,0.6666666666666666,1.0,-0.33333333333333337
644,4758fd00cde2a508d5cf,0.25,1.0,-0.75
644,6c29aff245a399f16c50,1.0,0.5,0.5
644,6e87d2b5c4e1fb8dffdb,0.4,0.5,-0.09999999999999998
645,b6d1eee13598a34c8dd1,0.25,0.0,0.25
645,effe683d49b28b2439c2,0.3333333333333333,1.0,-0.6666666666666667
645,fe4709734333511678e9,0.4,1.0,-0.6
646,11c5069dffb6b3386cca,0.8,0.5,0.30000000000000004
646,208e2a78786ea7dbcda1,1.0,0.5,0.5
646,46236cec8e9aba718b38,0.8571428571428571,0.5,0.3571428571428571
646,556e9fb4e5e4cb1ca96d,0.75,1.0,-0.25
647,26a302b20d7859dceee9,1.0,0.0,1.0
647,544eb6de4a1b3beca636,0.5,0.5,0.0
647,549443fecc69730cea24,0.6666666666666666,1.0,-0.33333333333333337
647,8ff8f68aa567ccaf4681,0.6666666666666666,0.5,0.16666666666666663
647,a30abaacf4ad6a9ea235,0.5,0.0,0.5
648,0664476c9c682635aa3f,1.0,0.5,0.5
648,1918b16b20f824ac952b,0.8,1.0,-0.19999999999999996
648,3cb2ea82fd2d1587ff08,0.6666666666666666,0.0,0.6666666666666666
648,7c2f7a59e3cea9f3668f,0.6666666666666666,1.0,-0.33333333333333337
648,917407cf74cdcd641039,0.8333333333333334,0.0,0.8333333333333334
649,0d50c3ee7476ae061adb,0.3333333333333333,1.0,-0.6666666666666667
649,39b41e38f5f13ef43e98,0.3333333333333333,0.5,-0.16666666666666669
649,573735862994a057f591,0.5,0.0,0.5
649,b07228e939d7f6f3788e,0.6666666666666666,1.0,-0.33333333333333337
649,c5037549e9d5af1eb162,0.5,0.5,0.0
650,200b6af70eb24d570d0b,0.6666666666666666,0.5,0.16666666666666663
650,52c27a5ed07395883760,0.6666666666666666,0.5,0.16666666666666663
650,6e3fca8f5ebbd37141b2,0.6666666666666666,0.0,0.6666666666666666
650,b324b5d1a872e2d5a1d8,0.6666666666666666,1.0,-0.33333333333333337
650,f3db8f2b1c39ac190b27,0.6666666666666666,0.5,0.16666666666666663
651,69421f8a6df11b31ba85,0.0,0.5,-0.5
651,7828eba2a684b97ec8d6,0.0,1.0,-1.0
651,7de72afbc472f567d198,0.5,0.5,0.0
651,fa111abd56e733851584,0.0,0.5,-0.5
652,0a6aeb51854636c7473a,0.0,0.5,-0.5
652,4fae3305a0ab00cd3a65,0.6666666666666666,0.0,0.6666666666666666
652,aba80ec45fe223cd4327,0.3333333333333333,0.5,-0.16666666666666669
652,b71421bd49882e3d0cfd,1.0,1.0,0.0
653,3dbc9ba66fa0c5d8b4ed,0.7,0.5,0.19999999999999996
653,72dee0638ba196187317,0.375,0.0,0.375
654,25732469628428f52146,0.0,0.5,-0.5
654,3cbdc38fb4c79231375b,0.0,0.0,0.0
654,4be6da523ac9e72b9dc5,0.0,0.0,0.0
654,76a2507ba9410506993c,0.5,0.0,0.5
654,96eecf0be6a5e91df4e9,1.0,0.5,0.5
656,d5bb687f6521eb5ff28f,0.3333333333333333,0.5,-0.16666666666666669
656,f557b0e7988c3b522368,0.5,0.0,0.5
657,028eb8954c9ebc1d1aa0,0.625,0.0,0.625
657,1e8dd77cdb9d90041eb9,0.3333333333333333,0.5,-0.16666666666666669
657,522bd38f23bf5b06b65f,0.4444444444444444,0.5,-0.05555555555555558
657,966d17afaf0ec5860e11,0.8888888888888888,0.5,0.38888888888888884
658,6f414d8ec39e687f8a01,1.0,0.5,0.5
658,9f7d6634407415903d58,0.3333333333333333,1.0,-0.6666666666666667
658,f74e40027ef584a2ac13,0.8333333333333334,0.0,0.8333333333333334
659,0096a95caf04e639f5dc,1.0,0.0,1.0
659,7aac0d15df7f35e0be53,0.8,0.5,0.30000000000000004
659,9fe453d08eeb2d0cfd8e,0.75,0.5,0.25
659,b7cd05555b5efc3e007f,0.0,0.5,-0.5
660,0592ec3ffa8a7abd0c0d,0.8571428571428571,0.5,0.3571428571428571
660,e2436836a9dd99a56fb5,0.8571428571428571,1.0,-0.1428571428571429
660,ecbe02e0fbc7f393ae5d,1.0,0.0,1.0
661,1ace3a9bdff7411955e6,0.75,1.0,-0.25
664,1ca7fd0938e6a6a2c069,0.8571428571428571,0.0,0.8571428571428571
664,472a59b0e7c7b8377293,0.75,1.0,-0.25
664,6fa9a84194e76510f036,0.8333333333333334,0.5,0.33333333333333337
664,80e94056d8472bb79150,0.5,0.0,0.5
665,6cd0612874ee14a49a4e,0.5,0.0,0.5
665,82d107dacd12c2667a89,0.5555555555555556,0.0,0.5555555555555556
665,f6d1399cfb965c8fc4c9,1.0,0.0,1.0
668,186d8ceb4a11d745c03d,0.375,0.0,0.375
668,59801cfca4980c04c3ef,0.3333333333333333,0.5,-0.16666666666666669
669,5316bc342e6e6aec59b1,0.6666666666666666,1.0,-0.33333333333333337
669,93296639c4ecc821e4ad,0.3333333333333333,0.5,-0.16666666666666669
669,948649ef387598e9c72a,0.0,1.0,-1.0
669,f495dca3911f8d98cca5,0.0,0.5,-0.5
669,ff12331a826230d25006,0.3333333333333333,0.5,-0.16666666666666669
670,004f9c1654e7c659d61f,0.3333333333333333,0.5,-0.16666666666666669
670,923ef78587042d963130,0.0,0.5,-0.5
670,b2d91e9c1b577c01a46c,0.0,0.5,-0.5
670,da36dabd14b9373202c5,0.3333333333333333,0.5,-0.16666666666666669
670,e7f449202278d7c44886,0.5,0.0,0.5
671,0f7a17c227bb3729083e,0.3333333333333333,0.0,0.3333333333333333
671,31772ff468bf4813ee6b,1.0,1.0,0.0
671,a9f58dff2c702de61ef0,0.6666666666666666,0.5,0.16666666666666663
671,c0c3c58e900a0668c062,1.0,1.0,0.0
672,1b28f9fbe2bc363c89dc,0.75,0.5,0.25
672,25a0bbb7025e310e9d9d,0.8571428571428571,0.5,0.3571428571428571
672,3ee9cee4e819168fdcd4,0.8571428571428571,0.5,0.3571428571428571
672,5a25c5f74cd08653d85b,0.8181818181818182,1.0,-0.18181818181818177
672,b67643506392be671fc3,0.7272727272727273,1.0,-0.2727272727272727
673,a5dc994fadc01a75f83e,0.5714285714285714,0.5,0.0714285714285714
673,ccfec0cc84fa5f78201f,0.8571428571428571,0.0,0.8571428571428571
674,02d985a063e014dfb781,0.8333333333333334,0.5,0.33333333333333337
674,5548c0a8d3864608cbf8,0.8333333333333334,0.5,0.33333333333333337
674,62c5b2b6767da6012e40,0.8571428571428571,0.0,0.8571428571428571
674,bec490a391b33946d64d,0.8,1.0,-0.19999999999999996
674,cc037fc0afb4d124034b,0.6666666666666666,0.5,0.16666666666666663
675,1eee1a8ca038159c59d3,0.8,0.5,0.30000000000000004
675,9cdf7040927a9ab64607,0.8,1.0,-0.19999999999999996
676,bee51e2a5ba762a76a7f,1.0,0.0,1.0
676,deb5a59b6cbbcc780a07,0.6,1.0,-0.4
676,fe3b7039cfff7410405a,1.0,0.5,0.5
677,26d5527e025bae035b02,0.6666666666666666,0.5,0.16666666666666663
677,a3bcc33ce4c5d1950fa1,0.6666666666666666,0.5,0.16666666666666663
677,b016986ef95c40b05d37,0.6666666666666666,0.5,0.16666666666666663
677,bc08a3dc764b4b034c5f,0.3333333333333333,0.0,0.3333333333333333
678,0d98b6e5425250c324ae,0.5,0.5,0.0
678,32abdc97debf2bebb5aa,0.8,1.0,-0.19999999999999996
678,66403577a083d329a85f,0.8,0.0,0.8
678,8ce69571057fd9f9c38a,1.0,0.5,0.5
678,c514ff8461119672d2d3,1.0,0.5,0.5
679,0808c50a5e92e763187f,1.0,0.0,1.0
679,0b2a9e085a84e346e978,1.0,1.0,0.0
679,f53b0cbe19f0f6005af5,1.0,0.0,1.0
680,2cbc586e43ab009da154,0.5,1.0,-0.5
680,44eb6a500f7b6ad74681,1.0,1.0,0.0
680,668ac66b602c8a5fe0d0,0.6,0.5,0.09999999999999998
680,6b5e6734b085f1da2573,0.5,0.5,0.0
681,16b776a67cf958b3833b,0.4,0.5,-0.09999999999999998
681,628ddfe02c6f474b3b3d,0.4,0.0,0.4
681,89ea1d1ebc5fe7d94bb8,0.6,0.5,0.09999999999999998
681,90302476ad1e205e34e9,0.8,1.0,-0.19999999999999996
681,a6ccbbd06f564d382bf8,0.8,1.0,-0.19999999999999996
683,68d650781bbdb16daa67,0.2857142857142857,1.0,-0.7142857142857143
683,c3be72e38ffa3c910da9,0.2857142857142857,1.0,-0.7142857142857143
684,51131bb049c9b8b5315c,0.3333333333333333,1.0,-0.6666666666666667
684,8b2e736808b438939a4f,0.3333333333333333,0.5,-0.16666666666666669
684,ab545fa0cb5d7aed38ed,0.3333333333333333,0.5,-0.16666666666666669
684,ac7862f19a78ea781f41,0.5,0.5,0.0
684,e75a905cdac418681999,0.6666666666666666,1.0,-0.33333333333333337
685,12beebd0b9094ac33d9c,0.6,1.0,-0.4
685,9f4c1be5194f2adcc9fd,1.0,0.5,0.5
685,fbb2e02f6e2242ae2112,1.0,0.5,0.5
686,45939b1c8d442ea0ad99,0.5,1.0,-0.5
686,8039be5d43e260cfd2ba,0.3333333333333333,1.0,-0.6666666666666667
686,a154db69ad56ea3b3138,0.5,1.0,-0.5
686,b8596ca287f016b13877,0.5,0.5,0.0
686,dc2685fa4d92f48a9a92,0.75,0.5,0.25
688,1fcd5a9103ab646349c6,0.75,1.0,-0.25
688,392a8693e4145098ef2b,0.75,0.5,0.25
688,47d06f28f22c1462a0f9,0.75,0.0,0.75
688,69c934eb8aa6f4fc0663,0.75,1.0,-0.25
688,d1b39acccc1bfaf39b31,0.75,0.5,0.25
689,04c77d21235d771126b3,0.0,0.0,0.0
689,1cf2038d7a5bccd2623e,0.7142857142857143,0.5,0.2142857142857143
689,20ed486cf6cb9ba876db,0.6,1.0,-0.4
689,79c6c866a1d4f8636ddd,0.0,0.0,0.0
689,9dac0041407f4bafdc18,0.25,0.5,-0.25
691,3ca5f558f83b3d5cfecc,0.3333333333333333,0.0,0.3333333333333333
691,8a45d36663d34becf5b6,0.7,0.5,0.19999999999999996
691,a8c67740b6e490cfbb9b,0.8,0.5,0.30000000000000004
691,cfa098453bc51b9fb9bb,0.75,1.0,-0.25
691,f7817b4425718468781d,0.2857142857142857,0.5,-0.2142857142857143
692,60c4cafd46302d58d168,1.0,1.0,0.0
692,865d947eaa8588d8ac7b,0.14285714285714285,0.0,0.14285714285714285
694,5d7c1fa838776c1aa7d8,0.6666666666666666,0.5,0.16666666666666663
696,92b4d502544543a2feef,0.5,0.0,0.5
696,bea3a9b4e4265bbab026,0.5,1.0,-0.5
696,f2c01c600f4b4d42a568,0.4,1.0,-0.6
697,21dbfe190dd720d81e8a,0.8571428571428571,0.0,0.8571428571428571
697,3e461ff53433803f13dc,0.9,0.5,0.4
697,de021f9bac3c20ed3de4,0.3333333333333333,0.0,0.3333333333333333
697,ed6373a98f31006c54a7,0.625,0.0,0.625
698,2212d5ddfd9ead3d72d1,1.0,0.5,0.5
698,5fec744be9ab8ecd0615,0.4,0.5,-0.09999999999999998
698,b4e2b07a062781e12307,0.3333333333333333,0.0,0.3333333333333333
698,c1ff98db0fe4194aabae,0.4,1.0,-0.6
698,f0e0a143c5dc4aa74572,0.6666666666666666,0.0,0.6666666666666666
700,230b7766731a3955cd8c,0.5,1.0,-0.5
700,99a63c7883c9644e3b1e,1.0,1.0,0.0
701,38d002518e8bedcfaab8,0.6666666666666666,0.5,0.16666666666666663
701,a5d71b56e44afb988a45,0.6666666666666666,0.5,0.16666666666666663
702,10f6c9411614563d0b1e,0.8333333333333334,0.5,0.33333333333333337
702,b9fe8e7c9f928a265478,0.5,0.0,0.5
703,0e91e8b1e9235f470f65,1.0,0.5,0.5
703,466d37c36536b7793883,0.75,0.5,0.25
703,48e61549621f42f42924,1.0,0.0,1.0
703,9acf7976f3e7e10a33ff,0.75,0.0,0.75
703,ceedec7714f45b2a8eef,1.0,0.5,0.5
704,2ca2b35180be8ace959b,0.5,0.0,0.5
704,859a58594354fa68ac3b,0.4,0.0,0.4
704,b878fbf77f1f296d897f,1.0,1.0,0.0
704,c28f6ecf949425880284,0.8333333333333334,1.0,-0.16666666666666663
705,6b1a50f0f7cd3c5e6bd7,0.6,0.5,0.09999999999999998
705,8d05b966900d55667e11,0.8,0.5,0.30000000000000004
705,9e080f449e79dc2695a4,0.3333333333333333,1.0,-0.6666666666666667
705,fd715d10f28bb4c422c9,0.4,0.5,-0.09999999999999998
708,06696511571cb3d44b7e,0.7777777777777778,0.5,0.2777777777777778
708,09530964ea699a6e82e1,0.5555555555555556,0.5,0.05555555555555558
708,6fa33be02da8637716dd,0.2,0.0,0.2
708,ca27797fb74abbb4ccbc,0.75,0.5,0.25
709,4f9a0d12b1cf3c61c412,0.4,0.5,-0.09999999999999998
709,74cf10a75177caf7fb58,0.7142857142857143,0.5,0.2142857142857143
709,910e7317692d1e94de6e,0.25,0.0,0.25
709,a85a168f26c5c0e85be5,0.7777777777777778,1.0,-0.2222222222222222
709,c9dd62492d7d6be425a3,0.0,1.0,-1.0
710,51de4eaa425b703562c0,0.25,1.0,-0.75
710,768b010d5fa1a49bbecc,0.5,0.0,0.5
710,83d7eb62fbd0c969072e,0.75,0.5,0.25
710,ec138eee54d19f9e58a9,0.25,0.5,-0.25
711,4859106a13faaf5fa815,0.0,0.5,-0.5
711,666d013ed4744a525521,0.0,0.5,-0.5
711,a447443845dc20acf9bd,0.0,0.0,0.0
711,ef9b2ba59950e4777f2d,0.3333333333333333,0.0,0.3333333333333333
712,2053095417642b313305,1.0,1.0,0.0
712,41ad8281f4b0815264eb,0.3333333333333333,0.5,-0.16666666666666669
712,afa9e0af683017c6b9e6,0.6666666666666666,0.5,0.16666666666666663
712,e50805761342d887663f,0.5555555555555556,0.5,0.05555555555555558
712,edfdc2a7531bea7c4045,0.6666666666666666,1.0,-0.33333333333333337
713,3ac039b344ec21ac31e8,0.6666666666666666,1.0,-0.33333333333333337
713,5e425f6f07dd2acb1e5d,0.6,0.0,0.6
713,769bad0115d4f28be7f0,0.4,0.0,0.4
713,82c0675ec4f371875f1a,0.6666666666666666,0.0,0.6666666666666666
713,d226204bec51d61df75f,0.5,0.0,0.5
714,14eed2336051fc120d07,1.0,1.0,0.0
714,270e83e1df6e2596f321,0.6666666666666666,0.0,0.6666666666666666
714,4ebaa65d69fd9c550a46,0.6666666666666666,0.5,0.16666666666666663
714,6bb0cfb8d130d03f9db5,0.6666666666666666,0.0,0.6666666666666666
714,a8b46c41837ffe8839f5,0.6666666666666666,0.5,0.16666666666666663
715,0b9c778b1281d23cf0ca,1.0,0.0,1.0
715,2f6ce2b58876c160c71f,0.6666666666666666,1.0,-0.33333333333333337
715,4f62c24afcdc973a086e,0.6666666666666666,0.0,0.6666666666666666
715,bc56cf721cd2c5a88b1b,0.6666666666666666,1.0,-0.33333333333333337
715,ce6e835081f5304484df,0.3333333333333333,0.5,-0.16666666666666669
716,2708601ff47c7f426860,0.3333333333333333,0.5,-0.16666666666666669
716,832d83a21a712ea03765,0.3333333333333333,1.0,-0.6666666666666667
716,859bb61825be4bebd9ed,0.6666666666666666,0.5,0.16666666666666663
716,a5983aed118dfc673977,0.8333333333333334,1.0,-0.16666666666666663
717,4ce36680d1d19c1c1367,0.6,0.5,0.09999999999999998
717,d29381ec25772b0490bf,0.625,0.5,0.125
718,0ad06cba0a39e30ca138,0.5,0.0,0.5
718,3a7e0504069ac44737fb,0.875,0.0,0.875
718,662ced6885613df4df81,0.75,0.0,0.75
718,871ae0219f42286a08c9,0.5,0.0,0.5
718,fb202a5de21a0f70cc8e,0.6,0.5,0.09999999999999998
719,494cb64325a950fbe175,0.6666666666666666,1.0,-0.33333333333333337
719,50a9dc30dc5c1bafbc6a,0.6666666666666666,0.0,0.6666666666666666
719,919041eb04ac488e2f1d,0.25,1.0,-0.75
720,6bb7e63548dbbd227879,0.4,0.0,0.4
720,ff42ef28a880db49ea91,0.8333333333333334,0.0,0.8333333333333334
721,0fc7cc6835c0d76ead24,0.8,0.5,0.30000000000000004
721,4e9676dbe3e71150a037,1.0,1.0,0.0
721,c02f4b8481b8d74aebf6,0.6,1.0,-0.4
722,187527fe9006cf574009,0.5714285714285714,0.0,0.5714285714285714
722,6f5e0813316883fb611e,0.75,0.5,0.25
722,8221c8936b3d35ebf9ea,0.7142857142857143,0.5,0.2142857142857143
722,a45279babfac5d920d70,0.75,0.0,0.75
724,c24db82ce90c63bb5c02,0.3333333333333333,1.0,-0.6666666666666667
725,45bdfeaf477e377349d3,0.6666666666666666,0.0,0.6666666666666666
725,49dcf345726f3808c04f,0.375,0.0,0.375
725,7f98ea20bfc7e5f42382,0.5454545454545454,1.0,-0.4545454545454546
725,9de0a5fdfe2789e084ae,0.3333333333333333,1.0,-0.6666666666666667
725,c0185ce1b1301183224c,0.375,0.0,0.375
726,a0d6295130b38fc06a79,0.6666666666666666,0.5,0.16666666666666663
727,0ac9b113494eb4ceccea,0.6,0.5,0.09999999999999998
727,2c183e7a20a233c9ced9,0.9,1.0,-0.09999999999999998
727,81bf37acba86f1ae1b0f,0.9,1.0,-0.09999999999999998
727,86a29ad5c7341271b203,0.75,0.5,0.25
727,c97d20fa1ad5c3c3fc92,0.8,1.0,-0.19999999999999996
728,56019cd270fe2a7c9a73,0.75,0.5,0.25
728,60b6fa474ea8cbd66776,0.8,1.0,-0.19999999999999996
728,89c42348d8d83f061ecc,1.0,0.5,0.5
728,941a679335f37e7a2e85,1.0,0.0,1.0
728,facf5eb1e794e7a25982,0.75,0.0,0.75
731,5357b97c6b86559199b5,0.5,1.0,-0.5
731,736d5fd206ecc0399885,0.25,1.0,-0.75
731,844f186d4b67fb934b8d,0.8333333333333334,0.0,0.8333333333333334
731,a10e1236f4a326b2da9d,0.0,0.5,-0.5
732,342e3e0652aedb053c53,0.8,1.0,-0.19999999999999996
732,51d7ce2bf411420c6ba9,0.875,0.0,0.875
732,882134d5a79eec786d58,0.8888888888888888,1.0,-0.11111111111111116
732,b27a9c0635f709a4e9ea,0.5714285714285714,0.5,0.0714285714285714
732,fe6569061c95d9d3d189,0.625,1.0,-0.375
733,09bf8fb18d03dde0d115,0.75,1.0,-0.25
733,6dd444efbc4280712731,0.6666666666666666,0.5,0.16666666666666663
733,926c1a25874c56875669,0.6666666666666666,0.5,0.16666666666666663
733,fcbebc9397bf5e1b6a9b,0.25,1.0,-0.75
735,3ee543704b75acc337c4,0.3333333333333333,0.5,-0.16666666666666669
735,8434957830cb270ff9fd,0.6,0.5,0.09999999999999998
735,8f06f4b95cb74e750058,0.0,0.5,-0.5
735,a46bbcb6cd8fa51bea84,0.75,1.0,-0.25
737,691c1bc255f56b4960fc,0.7142857142857143,1.0,-0.2857142857142857
737,957fee2e9bc1ee158eb1,0.5,1.0,-0.5
737,df7e022baf29635baab6,0.375,0.5,-0.125
738,04b4f0201c4be5923e96,0.8333333333333334,0.5,0.33333333333333337
738,0521c4feff6957d8078b,0.8333333333333334,0.0,0.8333333333333334
738,300b5341e100e0adb9f7,1.0,1.0,0.0
738,6930d6dfb11f2b606b35,0.8333333333333334,1.0,-0.16666666666666663
738,7b28976bfbd264656617,1.0,0.5,0.5
739,463d1248ac50d8001d02,0.4444444444444444,0.5,-0.05555555555555558
739,6c5b96625331192b347b,1.0,1.0,0.0
739,f2f5c0308e4bf7425e9e,0.875,0.0,0.875
740,54ae1fa4d1227e43f433,0.6,0.5,0.09999999999999998
740,7c8c603026c9202bba88,0.7272727272727273,0.0,0.7272727272727273
740,c58d148a2066e9b1ebee,0.5714285714285714,0.5,0.0714285714285714
740,ee956656aca90b7a807d,0.4,1.0,-0.6
741,1851c1fa2987f704ec97,0.8333333333333334,1.0,-0.16666666666666663
741,2a8f228a503562bbdb7c,0.42857142857142855,0.0,0.42857142857142855
741,be561f48f9a425d94f8c,0.7142857142857143,0.0,0.7142857142857143
742,2cc84d5c309fda4f2409,0.3333333333333333,0.5,-0.16666666666666669
742,3f2317caf53e0c0d2a6c,0.6666666666666666,0.5,0.16666666666666663
742,55c2d4e5af5b073d8845,0.5,0.0,0.5
743,5303241cc4e5f24affce,1.0,1.0,0.0
743,8f275dd045e453411e47,0.75,1.0,-0.25
744,1a1fead95b50d91ed52b,0.875,1.0,-0.125
744,eb41758dc38f281ab144,1.0,0.0,1.0
745,1a248c03fddf8ec6dd74,1.0,0.5,0.5
745,46f1cacd81ba4e2a87c5,0.7777777777777778,0.0,0.7777777777777778
745,808f2d600df36f6fcbae,0.6428571428571429,0.0,0.6428571428571429
745,e29cee4c1e1a4cec68a8,0.7777777777777778,1.0,-0.2222222222222222
746,f68249dbe46c74c77538,0.75,0.5,0.25
747,144108d4ed15db82a344,1.0,1.0,0.0
747,27a4d33e260143da0014,0.6,0.5,0.09999999999999998
747,6074efb0223c5420a8dc,1.0,1.0,0.0
747,654084b719c767e9dae9,0.75,1.0,-0.25
747,f3c7a0ba5ba186b148b5,0.75,0.5,0.25
748,382d846ffc143f3d875a,1.0,1.0,0.0
748,47b642e504cb7d4f9139,0.5,1.0,-0.5
748,cea30561ad2c1a737dd3,0.5,0.5,0.0
748,f4d1e145550280d88808,0.6,0.5,0.09999999999999998
749,17e48374cda1c34af1e1,0.6666666666666666,0.5,0.16666666666666663
749,7e4708d8c2f72355d9fb,0.8,0.5,0.30000000000000004
749,c8af9c65324453b7cd8b,0.75,0.0,0.75
750,b622231c085937d651f1,0.3333333333333333,0.5,-0.16666666666666669
750,d176cb2c94248681c0fa,0.5714285714285714,0.5,0.0714285714285714
751,1d3f1e2f3820589efdb8,0.5,0.0,0.5
751,71f0d24de16e95475a58,0.8,0.5,0.30000000000000004
751,814c454c09ad36f12be8,0.3333333333333333,0.5,-0.16666666666666669
751,90af58af792c19fcc94a,0.5384615384615384,1.0,-0.46153846153846156
752,1b49a4c80048a4282636,0.4,0.5,-0.09999999999999998
752,31394a2f665d2afe01f8,0.5,0.5,0.0
752,78dbc95d3b11b4a6fcf3,0.6666666666666666,0.0,0.6666666666666666
752,84d091286c0f9027e6bb,1.0,1.0,0.0
753,7323e9fc14d8b4df1900,0.9,0.0,0.9
753,756d2aad40c7231a8d39,0.5714285714285714,1.0,-0.4285714285714286
754,6dd3a9e99c7cea884940,0.5,1.0,-0.5
754,9208a058484cd31aa0bb,0.2,0.5,-0.3
754,c4254f99c9d406693d0e,0.8333333333333334,0.0,0.8333333333333334
756,4e678bc3d91a7f92255f,0.7142857142857143,1.0,-0.2857142857142857
756,a7d1e0405f2f8cb5f416,1.0,1.0,0.0
756,c376abea2c0d3c0c6b7c,1.0,0.5,0.5
756,c8e65055564170476265,0.8571428571428571,0.0,0.8571428571428571
757,39a8a953ba7eed709859,0.4,1.0,-0.6
757,6f2bca29a6b8a5ad04cf,0.2,0.0,0.2
757,a2c5c87cbca486c4aaa5,0.5,0.5,0.0
757,bfa3f9ec96774abc4570,0.7142857142857143,0.0,0.7142857142857143
757,d54ad7d4e8002b945714,0.6,0.0,0.6
760,5bff7b04d3421b0c6733,0.6666666666666666,1.0,-0.33333333333333337
760,90335ed26f108578bc85,0.5,1.0,-0.5
760,c9fe6c2ebcaefd2d45d9,0.8333333333333334,0.5,0.33333333333333337
761,2a5a4ce3a8c30af9f5ac,0.9090909090909091,0.0,0.9090909090909091
761,5d782cae8295e6cf1768,0.7142857142857143,0.5,0.2142857142857143
761,b3a7390302655f2afd27,0.75,0.0,0.75
761,ea692cb373fe824ad8d3,1.0,0.5,0.5
761,ebc7205815e749a4fa29,0.8333333333333334,0.5,0.33333333333333337
762,43e531800066826d5ced,0.75,0.0,0.75
762,7e94239cc9fc250ad916,1.0,0.5,0.5
762,967602e68f8338d4dbe7,0.5,0.0,0.5
762,c9b22c3aeaa7caa9430e,1.0,1.0,0.0
763,3989aeb39782a80247a9,0.8333333333333334,0.5,0.33333333333333337
763,92b24c2e4ca0763e9e11,0.7777777777777778,0.5,0.2777777777777778
763,d373dbac61f8a5a33e8a,1.0,1.0,0.0
763,dfbfb8ed63c4196f6bd7,0.5,0.5,0.0
763,f024f018e97ed646c876,0.8,0.5,0.30000000000000004
764,23dc43abfa18ccdb79e5,0.875,1.0,-0.125
764,5f9dad370b3b3658fd79,0.8181818181818182,0.5,0.31818181818181823
764,aeb3f54ee6c257ff3702,0.8,1.0,-0.19999999999999996
764,b5d7d25b7b9fa636bc59,1.0,0.5,0.5
765,1b1606f3e34ac5dd42e1,0.5555555555555556,0.5,0.05555555555555558
765,b494ae769e5954cff94b,0.6666666666666666,0.0,0.6666666666666666
765,d859c097cc0395fa03bb,0.5714285714285714,0.5,0.0714285714285714
765,d88a345fef53c60879aa,0.8,0.0,0.8
765,feed2002c2bbfb9627cc,0.75,0.0,0.75
766,367f56d265fd60873dcf,0.6,1.0,-0.4
766,4b105eae7da41973fcee,1.0,0.5,0.5
766,8deac960214af2fcbcfe,0.75,0.0,0.75
766,b89aa19c2e8aee67354e,1.0,0.0,1.0
766,d8874af29d95656aa094,0.625,1.0,-0.375
767,3b087688aa066860e7f5,0.75,0.5,0.25
767,70ff053d6aab030459ac,0.75,0.5,0.25
767,a459bca3234d39b1ea75,0.6666666666666666,1.0,-0.33333333333333337
767,b09e5fe69312456a1da7,1.0,1.0,0.0
767,da166d6e830df32a4d1a,0.3333333333333333,0.5,-0.16666666666666669
768,21efecc2b1fc0369afa4,0.4444444444444444,0.5,-0.05555555555555558
768,4ef9a0ec3683e056573b,0.75,0.5,0.25
768,5da6143e076b029a0ede,0.8,0.5,0.30000000000000004
768,a5a98f2e50f09024e64a,0.75,0.5,0.25
768,f7044c9b056f9d8781f0,0.6666666666666666,0.5,0.16666666666666663
769,46375cc51ba4be953d47,0.75,1.0,-0.25
769,822ec9940e9974c3487b,0.75,0.5,0.25
769,92b842dfce9556b45218,0.6,0.5,0.09999999999999998
769,bc5f3882d9f00e55a130,0.75,1.0,-0.25
769,e800ffcb205890b3b1e4,0.6666666666666666,0.0,0.6666666666666666
770,a504224ddad1ae1ea0e9,0.3333333333333333,1.0,-0.6666666666666667
770,c9874eb3ea7c21e79492,0.6666666666666666,1.0,-0.33333333333333337
770,ed0fbc92a3546cde0780,0.6,0.0,0.6
770,fdf0b26dcb412a0da3e7,0.8,1.0,-0.19999999999999996
771,94b7305c7749d5f88fb5,0.5,0.0,0.5
771,c4c7039db4996fd4ea6c,0.875,0.0,0.875
771,e6a74c2a1c0f57e98be9,0.75,0.5,0.25
771,eca0c39743f0477e7376,0.4,0.5,-0.09999999999999998
772,534240e84885635aa448,0.5,0.5,0.0
772,c2940eb0e1f3d71c20ac,0.3333333333333333,0.5,-0.16666666666666669
772,c8a04b1311c0b9dca21f,0.8333333333333334,0.5,0.33333333333333337
773,05a6c864c6803c4d3690,0.6666666666666666,1.0,-0.33333333333333337
773,4964c06af46b1b2aec51,0.625,0.0,0.625
773,faf8731fd1e96ca6e760,0.4444444444444444,0.0,0.4444444444444444
773,fbb0e8cfba3c54c93297,0.7777777777777778,1.0,-0.2222222222222222
774,138c4564c1e941111102,0.6666666666666666,1.0,-0.33333333333333337
774,6aaa692dcfd83657c54f,0.8,0.0,0.8
774,dcf8a061a5f0e76878f1,1.0,0.0,1.0
774,e13a69fffb7d55e9e6e9,0.3333333333333333,1.0,-0.6666666666666667
774,f43d23d94bdcd17da0ed,1.0,0.5,0.5
775,037cc4cc77d69be32974,0.3333333333333333,1.0,-0.6666666666666667
775,2d421dddcbfa5220b6af,1.0,0.5,0.5
775,86465ff1183b1069631c,0.6666666666666666,0.0,0.6666666666666666
775,b09156b0515a30e635c2,0.6666666666666666,0.5,0.16666666666666663
775,c61b43f2076c1ac38d63,1.0,0.5,0.5
776,2e72f386936668027fab,0.6666666666666666,1.0,-0.33333333333333337
776,51b87ed65ea9cb57a86f,1.0,1.0,0.0
776,57793db259097057bb52,0.8,1.0,-0.19999999999999996
776,582f282576c84bbee272,0.75,0.5,0.25
776,f532a8cb0b0ffd5f70ab,1.0,0.5,0.5
777,593b1ff2687e07ca820d,0.8,0.0,0.8
777,8a6592cf57b38eee5d62,0.7142857142857143,0.0,0.7142857142857143
777,927461485a8d66d0482d,0.3333333333333333,0.5,-0.16666666666666669
777,d7e33170f858aade825a,0.5454545454545454,1.0,-0.4545454545454546
778,09274fbd335f731d0e2a,0.6666666666666666,0.0,0.6666666666666666
778,5a7b3f24e96399799eb3,0.2857142857142857,0.5,-0.2142857142857143
778,752de5de51a64a4c9736,0.625,0.5,0.125
778,dfa098efe3b6cec76889,0.6,1.0,-0.4
778,e4c3c71d27630782a6fd,0.3333333333333333,0.5,-0.16666666666666669
779,1f4a03412ea514ab0682,0.7142857142857143,0.0,0.7142857142857143
779,29ef5ace25eebfbe4fe5,0.8,0.5,0.30000000000000004
779,48f17de67abf980c72d9,0.8181818181818182,1.0,-0.18181818181818177
779,e9f55e50579ad0256e7d,0.5714285714285714,0.5,0.0714285714285714
781,19b17e4370ecd121630c,0.5,0.5,0.0
781,2f1b7bfd848d1d7f43f2,0.75,1.0,-0.25
781,440c758dc53ff3011314,0.4,0.5,-0.09999999999999998
781,9246d2b7a0980382a3ce,0.5,0.0,0.5
782,95d1367cbd1e493eb13c,0.9090909090909091,0.5,0.40909090909090906
782,ad459bf07c2487c8d09c,0.7777777777777778,0.5,0.2777777777777778
782,b6bd53683b1bbe47b545,0.5714285714285714,0.0,0.5714285714285714
783,219b2c669de3eb9c54e8,0.75,0.5,0.25
783,31861210cc9139fe7c29,0.3333333333333333,1.0,-0.6666666666666667
783,53f9e86a0cf8b6150d3a,0.3333333333333333,0.0,0.3333333333333333
783,586dd24eb76fa40cc865,0.6666666666666666,0.5,0.16666666666666663
783,8cf4c421e9eb79c1811c,0.3333333333333333,0.5,-0.16666666666666669
784,276db41ad8a0a5d48fa7,0.0,0.5,-0.5
784,3d617734a643fa998e87,0.75,0.0,0.75
784,f3500f2bf6351dd41643,0.3333333333333333,0.5,-0.16666666666666669
784,f557179ba7d8cefadea6,0.3333333333333333,1.0,-0.6666666666666667
785,23dde74882ff3107abd7,0.0,0.5,-0.5
785,3e6f72e3b5808fd13454,0.5,0.0,0.5
785,caed6902a6239f5e3c8a,0.4,1.0,-0.6
785,cee4cfc7f2458f759e31,0.0,1.0,-1.0
786,18fe34b0d754122d147c,0.6666666666666666,0.5,0.16666666666666663
786,233d78753d2baeb21740,0.5,1.0,-0.5
786,6b58ac2f4bc246b7cfe7,0.6666666666666666,0.5,0.16666666666666663
786,7404a58d73c5d3787887,1.0,1.0,0.0
786,bfc3646627bd91550899,0.75,1.0,-0.25
787,5ff58a1141ea20b847d7,0.5,0.0,0.5
787,72634dc783e81e581319,0.3333333333333333,0.5,-0.16666666666666669
787,ee3e0a69138ece4926fd,0.6666666666666666,0.5,0.16666666666666663
788,40477e66445ba9929147,0.5,0.5,0.0
788,638062df6bdde974f143,0.6666666666666666,0.5,0.16666666666666663
789,4be255456868aac64fba,0.8333333333333334,1.0,-0.16666666666666663
789,9798cce336fe197c9571,1.0,0.5,0.5
790,28a2fcab3a77710b3ea0,0.5454545454545454,0.5,0.045454545454545414
790,4eaca963b4fa88371f39,0.7777777777777778,0.0,0.7777777777777778
790,cb767286cf3d29c126de,0.9333333333333333,0.5,0.43333333333333335
791,221e54109872a65217cd,0.8888888888888888,0.0,0.8888888888888888
791,87abad2bef343307df6d,1.0,1.0,0.0
791,895b960fc4e1147e8844,0.3333333333333333,1.0,-0.6666666666666667
791,984b3928d187f34bb32d,0.6,1.0,-0.4
791,eb856bad0f0a6bd4a121,1.0,0.5,0.5
792,162b5a0ab29140dc86eb,1.0,0.5,0.5
792,6c5324596428fc473e2f,0.3333333333333333,0.5,-0.16666666666666669
792,ce38f231c0097e67bd03,0.6666666666666666,0.5,0.16666666666666663
792,e8417671850d6885ef10,0.3333333333333333,0.5,-0.16666666666666669
792,f0e5e64a3163443c87d9,0.7272727272727273,0.0,0.7272727272727273
793,4be78f51587321b4a8db,1.0,1.0,0.0
793,818a36e7c42448512eb1,0.75,0.5,0.25
793,a7d0a623502c2db41cd0,1.0,0.5,0.5
794,5aa7ba5e981110cb191b,0.7,0.5,0.19999999999999996
794,6c6643ac6c0dc159c910,0.8333333333333334,0.5,0.33333333333333337
794,7fc3040287c7ce62b263,0.8,0.5,0.30000000000000004
794,8438c405f7e313bc5de6,0.8571428571428571,1.0,-0.1428571428571429
794,88059a8d4851d77e06da,0.6,1.0,-0.4
795,354279b02acd01145649,0.6666666666666666,0.5,0.16666666666666663
795,4a95b745d1a55c9e4105,0.6,1.0,-0.4
795,6da7502337623c57e3b6,1.0,0.5,0.5
795,d25c52537c39c1484415,0.6666666666666666,0.5,0.16666666666666663
795,e71ab815e9b2d4207f05,0.6666666666666666,0.5,0.16666666666666663
796,283b2655b16afe49fecb,0.75,0.0,0.75
796,332817e9dfb87fffaf29,0.8,0.5,0.30000000000000004
796,9cec9a2ed41abc3458d7,0.75,0.5,0.25
797,08dddef9831a36913877,0.6666666666666666,0.5,0.16666666666666663
797,26aac371c6e88e10eac0,0.3333333333333333,0.0,0.3333333333333333
797,61e705d398e90958ddc4,0.5,1.0,-0.5
798,357bfb9fe2ac1af465b6,0.0,1.0,-1.0
798,61dcda756e1955308eb3,0.0,0.0,0.0
798,b86ac4bc86758218282c,0.6,0.5,0.09999999999999998
798,e6e46aa24662f496dbbf,0.3333333333333333,1.0,-0.6666666666666667
799,372b7ad08c26e5b24d17,0.6666666666666666,1.0,-0.33333333333333337
799,83fe1da1da22cd330011,0.4,1.0,-0.6
799,f53b38ced7ee4d02582d,0.75,0.0,0.75
800,22236e462aef3ba8fd01,0.8333333333333334,0.0,0.8333333333333334
800,24449672a6764764981e,0.4,0.5,-0.09999999999999998
800,2ced28029980bb8b0ed1,0.6,0.0,0.6
800,64e16e6f0b3bd437d0a7,0.6,1.0,-0.4
800,fc3e25c66f018d792bf2,0.6666666666666666,0.0,0.6666666666666666
801,1f7c5e44755b3450e2b6,0.875,0.0,0.875
801,2c114f8337242f8836a7,0.5714285714285714,0.5,0.0714285714285714
801,7b6cc4f50dd0e8e46833,0.6,0.5,0.09999999999999998
801,acb364bfea9470407672,1.0,1.0,0.0
801,c667553c881e4527c39c,0.8,0.5,0.30000000000000004
802,9a11f05c13cbbc0ff2d8,0.875,0.5,0.375
802,c1fe647db86f484e3e7c,0.625,0.5,0.125
803,5cd7c81b07c5b54a720e,0.25,0.5,-0.25
803,94e92312bc553eabda16,0.3333333333333333,0.5,-0.16666666666666669
803,bf59bc3fb5cadbb1bc3f,0.6111111111111112,0.5,0.11111111111111116
805,31461a6670eb163c090f,0.5,0.0,0.5
805,363a85ef03a7f02b96ab,1.0,0.0,1.0
805,8787c0200bf9657dfeac,0.6666666666666666,0.0,0.6666666666666666
805,ea53418023f98cfecc36,0.6666666666666666,0.5,0.16666666666666663
806,2dae25873dc45f898fbb,0.5,0.5,0.0
806,58266e0499c3f2f991e4,0.6666666666666666,0.0,0.6666666666666666
806,5a543e01e13960668599,0.75,0.0,0.75
806,cdf0814253fc3f184d98,0.75,0.5,0.25
806,e5c3124c8bbebfa0fb65,0.75,1.0,-0.25
807,25521065206199530755,0.5,0.0,0.5
807,85de526146dac57820b9,0.5,1.0,-0.5
807,b6d3dbe1ae69d8213893,0.5,0.5,0.0
807,ccad9af554d2c8c1dfa4,0.5,0.5,0.0
808,04cca0234dc6e2930dbc,0.5,1.0,-0.5
809,35d732be31b0c20034d5,0.6666666666666666,0.5,0.16666666666666663
809,470e11c3343c87d97d54,0.75,1.0,-0.25
809,d6c69c19bc6f9d9faa00,0.5,0.5,0.0
810,5d12987c8d7bfe0088fa,0.75,1.0,-0.25
810,7ce4416dfb884e868b2e,0.6,1.0,-0.4
810,bb6ffda740ad6ac88014,0.6,1.0,-0.4
810,f18753c1345ebd0ad33c,0.8181818181818182,0.5,0.31818181818181823
811,33cd47eb6984e6b31ddd,0.6,0.5,0.09999999999999998
811,537c58765d5cfeecfc20,0.6,0.5,0.09999999999999998
811,596359e1657a7094d192,0.3333333333333333,1.0,-0.6666666666666667
811,61364588dcb36270eef9,0.3333333333333333,1.0,-0.6666666666666667
811,9cf0bb2bd9635c99a684,0.75,0.0,0.75
812,31212bf39f75d28faa9c,0.6666666666666666,0.5,0.16666666666666663
813,152dc43fbc04240358da,0.75,0.5,0.25
813,2eb2edf8e362df5f98f9,0.8,0.5,0.30000000000000004
813,b45cca5940bcf784d039,0.8,1.0,-0.19999999999999996
814,acbf4e7153b4d223954a,0.3333333333333333,1.0,-0.6666666666666667
815,445163bd07107013f36a,0.5714285714285714,0.5,0.0714285714285714
815,683fb1d9aeaccbe8c10c,0.6666666666666666,0.0,0.6666666666666666
815,7f0fb0e8bbe8aeb0ea2d,0.6,0.5,0.09999999999999998
815,b7d5c150b485cb3c2605,0.8,0.5,0.30000000000000004
815,e31923948657e5e7dd6a,0.5714285714285714,1.0,-0.4285714285714286
816,570c1b1355bfc52b63ce,0.5,1.0,-0.5
816,9dde3446500b05e76f17,0.5,1.0,-0.5
817,10da99ed04fd64d9026b,0.7272727272727273,0.0,0.7272727272727273
817,4b093d91366bccf42237,0.8125,0.0,0.8125
817,a01f734dc440f97c56d1,0.7142857142857143,0.0,0.7142857142857143
817,ab112992c68b3bf6d7cd,1.0,0.0,1.0
818,0da7348c06c39c7f0580,1.0,1.0,0.0
818,a6ffe141946016ce14d9,1.0,0.0,1.0
819,2408eb59872c00ec8839,0.75,0.5,0.25
819,9ca5d52cf155f220e98f,0.8571428571428571,0.5,0.3571428571428571
820,36d70db22e0b4fa780e6,0.75,0.0,0.75
820,9ceec140bb23c75c6107,0.6666666666666666,0.5,0.16666666666666663
820,a12cc631d1793c5d9944,0.5,1.0,-0.5
820,bc6cbbcc9e587baa0e3b,0.7142857142857143,0.5,0.2142857142857143
820,c967f9b461a1729c413d,0.6666666666666666,0.5,0.16666666666666663
821,2e198354e3c578dda61f,0.375,1.0,-0.625
821,7806686daedf06947dcd,0.3333333333333333,1.0,-0.6666666666666667
821,7bebd1b717a978e89379,0.375,1.0,-0.625
821,b889c1b7a438b1e501da,0.6666666666666666,0.0,0.6666666666666666
821,f5ef855a180607f053d6,0.42857142857142855,0.0,0.42857142857142855
822,1d2ad841c6823b07d1ae,0.5,1.0,-0.5
822,921e868e29176131ab5f,0.8571428571428571,0.0,0.8571428571428571
822,b4a20d291f58c2daed53,0.6666666666666666,0.5,0.16666666666666663
822,c6b1dfc4b24575104241,0.5,0.5,0.0
822,d1d5348806e7bc2b0a2f,0.6666666666666666,1.0,-0.33333333333333337
823,20c3cf4cef402cc5e8be,0.6,1.0,-0.4
823,27d790af4aac0fc991b1,0.75,0.5,0.25
823,784884a87a996490ebe9,0.5,0.5,0.0
823,de365b3aec4b50add47c,0.8,0.5,0.30000000000000004
823,fbc40e22960eeb85465f,0.8,0.0,0.8
824,724286a49d4952ef71eb,0.3333333333333333,0.0,0.3333333333333333
824,8db3d140d6c09dd54d70,0.6666666666666666,0.0,0.6666666666666666
824,af389f8435610d923ca4,0.3333333333333333,0.5,-0.16666666666666669
824,cefc61d805314b2fd934,1.0,1.0,0.0
824,e80ce3923695c04faedf,0.6666666666666666,1.0,-0.33333333333333337
825,4493c61c25213112c53d,0.3333333333333333,0.5,-0.16666666666666669
825,59c7bc2b5d24788077ec,0.5,0.5,0.0
825,66a33d60fc5e40efdf20,0.6666666666666666,1.0,-0.33333333333333337
826,026c141cfbabe4ca61c8,0.6666666666666666,0.0,0.6666666666666666
826,5a4e3d41f29895028184,0.3333333333333333,0.0,0.3333333333333333
826,62d9ca9f89bb580b3afb,0.14285714285714285,0.5,-0.35714285714285715
826,a23e49f138a717ead687,0.3333333333333333,0.5,-0.16666666666666669
827,d62bd9570acddd45324f,0.4,1.0,-0.6
827,e38163c9a9af8ddf033c,0.6666666666666666,0.0,0.6666666666666666
828,1a32d0e84689b9cac24b,0.5238095238095238,0.5,0.023809523809523836
829,037b51c20b2bb7135986,1.0,1.0,0.0
829,37fd57c64a3cd8903757,0.5,0.5,0.0
829,4ff3f4d64e1de321fddb,0.8571428571428571,0.5,0.3571428571428571
829,88578b09578495b60e96,0.5,0.5,0.0
829,bafb142e56f01716a85e,0.6666666666666666,0.5,0.16666666666666663
830,19c9d7caa2b847be5a78,0.75,0.5,0.25
830,51bc28062f11a9fb2418,0.75,0.5,0.25
830,5e191df6e9a83ef53a89,0.3333333333333333,0.0,0.3333333333333333
830,aeceea06ce90ee23c3eb,0.5,1.0,-0.5
831,1f4290fb167d559f916a,0.3333333333333333,1.0,-0.6666666666666667
831,34e3e53bb64ce8dfc031,0.6666666666666666,0.5,0.16666666666666663
831,9630310a7fa9c6d3f108,0.6666666666666666,1.0,-0.33333333333333337
832,00218e3e5521e787378f,0.6666666666666666,1.0,-0.33333333333333337
832,1f9000378130b729d648,0.8333333333333334,0.5,0.33333333333333337
832,4656e7f9051d87da2abe,0.3333333333333333,0.5,-0.16666666666666669
832,6805cb4d150e66a2cfac,0.6666666666666666,0.5,0.16666666666666663
832,cc2430b9d58d79b23886,0.4,0.5,-0.09999999999999998
833,48f70ae6ffeccc250eff,0.75,0.5,0.25
833,4a7cffd09de8eb98f597,0.5,0.0,0.5
833,937795142f3e760ca269,1.0,0.0,1.0
833,c809537a80a170b87206,0.75,0.5,0.25
833,e00a17da3199bcbb92dd,0.6666666666666666,0.5,0.16666666666666663
834,2c3ab2786e1b433aaf67,0.5,0.0,0.5
834,5b1ce92837ad839fe5c5,0.5,0.5,0.0
834,c33940ac141dfb479a9f,0.5,1.0,-0.5
834,c646a8f1dc4f68f96dd2,0.8,1.0,-0.19999999999999996
834,db63e5ced7496797c534,0.5,0.5,0.0
835,03c805e36d655097dfd5,1.0,1.0,0.0
835,04521aac34c6b5331f66,0.5,1.0,-0.5
835,0e47102fcb1d6978e7d1,0.0,0.5,-0.5
835,bf3c78d1276a035b8126,0.75,0.0,0.75
836,5d92ced34eef5c1ebe7b,0.25,0.0,0.25
836,c906aaef27ba9a2fb78e,0.375,1.0,-0.625
837,124841b544d7fe66922f,1.0,0.5,0.5
837,2ba9197cb96313bef5de,0.8333333333333334,0.5,0.33333333333333337
837,53fe3f0ab0134e81f4b1,0.25,1.0,-0.75
837,8792304cd232cc1ea3ab,0.8571428571428571,0.5,0.3571428571428571
837,aa53b37de5c9fed2c970,0.6,0.0,0.6
838,20d0ff6e85961d61ce4b,0.5,0.5,0.0
838,46605a370388530fc586,0.6666666666666666,0.0,0.6666666666666666
838,87a2572f4b74845e8634,0.75,0.5,0.25
838,c782834c808d3317655f,0.3333333333333333,1.0,-0.6666666666666667
838,d8888bcea6cb5caa7f34,0.5,1.0,-0.5
839,05c8329a34aaf9685a90,1.0,0.0,1.0
839,a4d6defcd71762312bd0,0.5555555555555556,0.5,0.05555555555555558
839,ae7527f6d518fef154c9,0.7857142857142857,0.5,0.2857142857142857
839,df1a1bf5edb284181ce4,0.8333333333333334,1.0,-0.16666666666666663
839,efd55de83ce2a6041e6e,1.0,0.5,0.5
841,640e776e08ecd47cec41,0.6666666666666666,0.5,0.16666666666666663
841,ae2ba5e638471d1a1021,0.8,0.5,0.30000000000000004
841,af1c68e998e0cc3b40fe,0.7142857142857143,0.5,0.2142857142857143
841,e91c3f3a301a708d2c2b,0.7,0.5,0.19999999999999996
841,f26190a81d9e5662be17,0.7,1.0,-0.30000000000000004
844,3ca2a0e46cb446c5c9b2,0.8571428571428571,0.0,0.8571428571428571
844,6d59eee86d0b080f1635,0.8888888888888888,0.5,0.38888888888888884
844,ac09091c9411c79638c4,0.7272727272727273,1.0,-0.2727272727272727
844,d14c8b864f9af65ff156,0.6,1.0,-0.4
844,d64141a2c74317c0f0c8,0.625,1.0,-0.375
845,66bc416575439a7791fe,0.75,0.5,0.25
845,7abe7b15992b89746663,1.0,1.0,0.0
845,e99964670a2260688662,0.6666666666666666,0.5,0.16666666666666663
846,32cb5a5c477c702e52ae,0.3333333333333333,0.5,-0.16666666666666669
846,67c5373886a3e6b559d8,0.3333333333333333,1.0,-0.6666666666666667
846,81b2507272536f92b96e,0.6666666666666666,0.5,0.16666666666666663
846,caf1ab831feb21e2233d,0.6666666666666666,0.5,0.16666666666666663
846,cb54a0e0393b47ac03f9,0.6666666666666666,0.5,0.16666666666666663
847,16944633abbd877d2d40,0.0,1.0,-1.0
847,2ffc03236cad8091ddde,0.0,0.5,-0.5
847,565ca0f3642584909012,0.0,0.0,0.0
847,879ac47e5b8535c9d1d0,0.0,0.5,-0.5
847,9f4da921b2d270f80dad,1.0,0.0,1.0
848,6d94baf65b18e175447f,0.75,0.5,0.25
848,80863545852988565c12,1.0,1.0,0.0
848,9cb64a1af721af3b6eb2,1.0,0.5,0.5
848,a324e4fe74fc7da4a11c,1.0,0.0,1.0
848,d8d99b6690c7b598d494,0.75,0.0,0.75
849,192371bc2c09718ca4dd,0.5,0.0,0.5
849,6a596e8e13abcbecf84c,0.5,1.0,-0.5
849,9c48f1476d7c184d9440,0.25,0.5,-0.25
849,c965617eb2504871a12d,0.25,0.5,-0.25
849,d36d4c9727648f221141,0.25,0.5,-0.25
850,173030434c423d19095b,0.6666666666666666,0.0,0.6666666666666666
850,28f72cd60598a9cdd216,0.75,1.0,-0.25
850,60dceab36f91da435c26,0.5,1.0,-0.5
850,89d1b411b9020fc38083,0.3333333333333333,1.0,-0.6666666666666667
850,c5edc0539de8a7fcb81a,0.5,0.5,0.0
851,88343056d96b5cb1de52,0.6666666666666666,0.5,0.16666666666666663
851,95e754bf8c3544857d44,0.3333333333333333,0.0,0.3333333333333333
851,9a13ef54cc3faf60a7c0,0.3333333333333333,1.0,-0.6666666666666667
852,455a9278f6d4d4d4cedc,0.45454545454545453,0.0,0.45454545454545453
852,57c7e6233148642a792f,0.5,1.0,-0.5
852,6c48ac7fc2b5d4932650,0.5,0.0,0.5
854,0b6fc847841cc5e4b469,0.5,1.0,-0.5
854,3113c2d1718572d00722,0.6666666666666666,1.0,-0.33333333333333337
854,668de93825a389f24fff,0.5555555555555556,0.0,0.5555555555555556
854,6a1265f6eff4b72fae03,0.0,0.0,0.0
854,90cf6b9cc964beaa576b,0.5,0.0,0.5
855,0391b1dbd29bc0bafe72,0.4,0.0,0.4
855,743745210288e1e8ced2,0.5,0.0,0.5
855,bca9cd258a92ca4b2cdd,0.6,0.0,0.6
855,c1447cecbdb460011c08,0.8,0.5,0.30000000000000004
855,e0b77950257feb0dc7cf,0.6666666666666666,1.0,-0.33333333333333337
856,44c1743be86f6c66ad97,0.4,1.0,-0.6
856,af63b44fc88b3b0fc59f,0.6666666666666666,0.0,0.6666666666666666
856,df328c82d76d2937772d,0.8333333333333334,0.0,0.8333333333333334
856,e9932cee9553970458d8,0.6666666666666666,1.0,-0.33333333333333337
857,512af12cf816c3a5f7f7,0.5,1.0,-0.5
857,7f31d8361d29a9e8940f,0.5,1.0,-0.5
857,9191e34abb8725a11255,0.0,0.0,0.0
857,a96f6b60f4457e704836,0.7142857142857143,1.0,-0.2857142857142857
857,d03d0b974bdfaa14e867,0.5,0.0,0.5
858,6cf2522752408fcc6867,0.6666666666666666,0.5,0.16666666666666663
858,76d24d8dedd1f884cab1,0.6666666666666666,0.5,0.16666666666666663
858,9e5d18fb5197b0713fe7,1.0,0.5,0.5
858,e2318a183bee70cb205d,0.6666666666666666,1.0,-0.33333333333333337
858,fe86b7d598c00d27f912,0.5,0.5,0.0
859,47d90abfc8d6bace6e43,0.6666666666666666,0.5,0.16666666666666663
859,6e5b6644dd2448f6c1c3,0.7777777777777778,0.5,0.2777777777777778
859,fb3b58acbe758e8a871c,1.0,1.0,0.0
860,02aa5d8844b31ec04c20,0.5,1.0,-0.5
860,3c9fde33b971c1ffb1d4,0.5,0.5,0.0
860,676fc6c7617683d62a06,0.6666666666666666,1.0,-0.33333333333333337
860,eb21466c2c33a43d7868,1.0,1.0,0.0
861,d78b122ea17ca50fcdbe,0.8571428571428571,0.0,0.8571428571428571
862,20d037e439c99564f062,0.25,0.0,0.25
862,8b987b92c475543cc3ca,0.3333333333333333,0.5,-0.16666666666666669
862,c5eacd06ef11d5b90a5d,0.2,0.5,-0.3
862,d061019751bc7abd79f7,0.0,0.0,0.0
863,041d3a8c27bd868cafcb,0.5,0.5,0.0
863,15288987cf3d59e844be,0.375,0.5,-0.125
863,4cc5de79d6e0c5ab8c04,0.6,0.0,0.6
863,7e500c1948f6daeb723d,0.5,0.5,0.0
863,d07ea9815560c96b8f40,0.6,0.5,0.09999999999999998
864,ce3edf9bbfcdadb76f1d,0.7777777777777778,0.5,0.2777777777777778
865,6d44ef1ec488c8a4a52f,0.5,0.0,0.5
865,9a5c1a798e6cfd6fa4f8,0.6666666666666666,1.0,-0.33333333333333337
865,d1ebd04423d483a4b53e,0.5,0.5,0.0
865,e8fa178b581ad7e83677,1.0,1.0,0.0
865,ec669588fc1dcf10b97e,1.0,0.0,1.0
866,0db3d235131d40eaaead,0.4,1.0,-0.6
866,2ea3689fbe58ca1d7aad,0.8,0.0,0.8
866,49d3b83544f0bcf6df30,1.0,0.5,0.5
866,528222ea401ba81ffc49,0.6,0.0,0.6
866,6d22447c6458a9b9d930,0.8,1.0,-0.19999999999999996
867,1b3adcd753ba83017f13,1.0,0.5,0.5
867,504ff7ea09184e2dff47,0.75,1.0,-0.25
867,657ca211e205712b476d,1.0,0.0,1.0
868,2ddb2d72f245e9c451df,0.75,0.5,0.25
868,398abb08057ddf2c2036,1.0,0.5,0.5
868,a4a2318861a1f9910f9d,0.75,0.5,0.25
868,aef0cab29f60ba9d1b73,0.6666666666666666,0.5,0.16666666666666663
869,3d7cc57fbdeb82e0f0d2,0.75,0.5,0.25
869,50af0b2c2b73b13ee107,0.75,0.5,0.25
869,c133ee39781ce9234816,0.75,0.5,0.25
869,fd808894a2b1718b6a8f,0.75,0.5,0.25
870,22b55747154d0c780207,0.4,0.0,0.4
870,4c3b228f27d101481881,0.6666666666666666,0.5,0.16666666666666663
870,4de657f2d69bceaeeef0,0.5,0.5,0.0
870,9fc321c4aabd673d3f77,0.6,0.0,0.6
870,a2abb4016633f70693fd,0.3333333333333333,0.0,0.3333333333333333
871,8270001a9a99ee705b3d,0.8571428571428571,1.0,-0.1428571428571429
871,9b6348178250947ccf4e,0.75,0.0,0.75
871,bd00fbcaee3ce106211f,0.6,0.0,0.6
871,bd79da20d2bf82423835,0.75,0.0,0.75
872,0b858d98cb9b3cce9e88,0.6,1.0,-0.4
872,2728dc01441b39c8fe43,0.6,0.0,0.6
872,531ebc9083b7a6b77506,0.75,0.5,0.25
872,8a00a69a20b97888c762,1.0,1.0,0.0
872,8a33e6378f2f8f8bb25e,0.6,0.0,0.6
873,2bcc3acae0d147c6e261,0.75,0.5,0.25
873,35d7dbd3dc06f57544c1,1.0,0.5,0.5
873,5dc3c480c825101c40e4,0.75,0.5,0.25
873,60fde432137d6a017e3b,0.75,0.5,0.25
873,f8803c881e159668c764,0.75,0.0,0.75
874,0c8758a62c02b6d3fcb5,0.6,1.0,-0.4
874,2b3c3870f77eb6b4d4cd,0.8,0.5,0.30000000000000004
874,383f00db8d02b069460c,0.5,1.0,-0.5
874,4f463c6ecfd8823023dc,0.8,1.0,-0.19999999999999996
874,b7700d356741952bd4f0,0.6,1.0,-0.4
875,3278294be9a10443a29f,0.6,0.5,0.09999999999999998
875,41b86811ca93eeb8676d,0.3333333333333333,1.0,-0.6666666666666667
875,9a54dd99d20568e05a52,0.3333333333333333,0.5,-0.16666666666666669
875,ba358e7b6f9e5e30f558,0.4,0.5,-0.09999999999999998
875,f278106a64bf94bc72cc,0.42857142857142855,1.0,-0.5714285714285714
876,13efaec47fed4b255661,0.5,1.0,-0.5
876,1cbf6f11da3355a90142,1.0,0.5,0.5
876,48551de0bf28dc9961d9,0.75,0.5,0.25
876,af6d621a41cd9cb026ab,1.0,0.5,0.5
876,d61066c7eadcd9c30875,1.0,0.5,0.5
877,0a3553af0909f0956e0b,0.6666666666666666,0.0,0.6666666666666666
877,0a455ba9b1fcff837253,0.6666666666666666,0.5,0.16666666666666663
877,c1a9e6131f779f6caf80,0.4,0.5,-0.09999999999999998
877,e93cd1595d1ff8b8fd5b,0.75,0.0,0.75
877,fea12644934322ede30b,0.5,1.0,-0.5
878,0d7e45095581838734dd,0.6,1.0,-0.4
879,02e460dc9a28610fd985,0.5,0.0,0.5
879,55973d754d1969c22aac,0.8,0.5,0.30000000000000004
879,6ce301719767f2913481,0.8,0.0,0.8
879,6fca75f4b2be57c6f068,0.5,0.5,0.0
882,36a1f0ca7b677f215b77,0.7142857142857143,0.0,0.7142857142857143
882,7e21e186887535543433,0.5,0.5,0.0
882,9ec461edf27ba5a2d219,0.8181818181818182,0.5,0.31818181818181823
883,04c69fe86bc863ce4bc2,0.5,0.5,0.0
883,90a849e4d8f91df9f979,0.5555555555555556,0.5,0.05555555555555558
883,a4c4a1f85bc2d98a4a30,0.8571428571428571,1.0,-0.1428571428571429
883,cdaad9fa00cea5fb361e,0.5714285714285714,0.5,0.0714285714285714
884,0811f39685cef06ddfe9,0.75,0.5,0.25
884,59d918a60f4e17bcc01c,1.0,1.0,0.0
884,931259af9acfc897bff6,0.5,0.5,0.0
884,9f5a5a8a2bdc793e1736,0.75,0.5,0.25
884,c71573eab5b45e120d9f,1.0,0.5,0.5
886,70478cef9ec38098efca,0.5,0.5,0.0
886,8c85fa969c94fb07273a,0.8571428571428571,1.0,-0.1428571428571429
886,e76f2119776685f4e6b5,1.0,0.5,0.5
887,195661bbaafe633cddfe,1.0,0.0,1.0
887,7d165386db9dca99d310,0.6,0.5,0.09999999999999998
887,b0fc1bf814d230fb92c8,0.5,0.5,0.0
888,190da1a49a27acdd458a,0.75,0.5,0.25
888,3555a9dcdf160fcb890f,0.25,0.0,0.25
889,6f7a247ffc2e94e2d948,1.0,0.5,0.5
889,93ca7fffb7e9a1607a9b,0.6,0.5,0.09999999999999998
889,95010c94c0c013dc93cb,1.0,1.0,0.0
889,a9738aff61d40645b331,1.0,1.0,0.0
889,e28f2f687139c91bbffb,1.0,0.5,0.5
890,02c52b8c129a21325d53,1.0,0.5,0.5
890,3c15045ca1a008f8b1bd,1.0,0.0,1.0
890,44d75ee64502676d7018,1.0,0.5,0.5
890,58c7527bf07a690e9ed8,0.5,0.0,0.5
890,bc149786c5f1c1cdbf0d,0.5,1.0,-0.5
891,41aedf47bcb0bda6f4dc,0.8333333333333334,0.0,0.8333333333333334
891,7784c95271cde0ca7770,1.0,1.0,0.0
891,927d125959d22143e6d7,0.625,0.0,0.625
891,e99df1b9462616cfa46b,0.8333333333333334,1.0,-0.16666666666666663
891,ea533ebf05bffdece12b,0.8333333333333334,0.5,0.33333333333333337
892,5e82dfb4caf1ceb42667,0.5,1.0,-0.5
892,663511298d60e4462b70,1.0,1.0,0.0
892,e53dc33ab8040c7c984d,0.75,0.5,0.25
892,f103655712b3173bb0da,0.0,1.0,-1.0
893,0607d40f08da896a3270,0.5,0.5,0.0
893,a06ad3030ff59d4830bb,0.5,0.0,0.5
893,bc334adbb6925e437891,1.0,1.0,0.0
893,d7d83afab0d35d25d41b,1.0,1.0,0.0
893,e890bc5ae00585b76d32,1.0,0.5,0.5
894,4535c73df8c808248cb4,1.0,0.0,1.0
894,683a46300b427471c1d8,1.0,1.0,0.0
894,c93dbdeb0163f7a3de8c,0.5,0.0,0.5
896,5753e4882a7cccfcb06b,0.75,0.0,0.75
896,f98af84de209aa8310bd,0.6,0.5,0.09999999999999998
898,3863cf6c647b27a878af,0.6666666666666666,0.5,0.16666666666666663
898,45893d5846bc3a219839,0.2,0.5,-0.3
898,63e3c72b39969210f262,0.25,0.5,-0.25
898,c9ab273522ca53250c83,0.5,1.0,-0.5
899,5f2736d220e182db856b,0.7777777777777778,0.0,0.7777777777777778
899,963b44343b86a4c09148,0.5714285714285714,1.0,-0.4285714285714286
899,b99f2755d605f1d5acd7,0.8,0.5,0.30000000000000004
899,f6aa3963df267e0d3575,0.8333333333333334,0.0,0.8333333333333334
900,193ab3bfa49a1b558f50,0.5,0.5,0.0
900,2cf7991371120c1f127c,0.25,0.0,0.25
900,83a97256538363b751cb,0.42857142857142855,0.0,0.42857142857142855
900,c342a9afbe724bcbc798,0.25,0.0,0.25
901,280a2297a06b6f915c46,1.0,0.5,0.5
901,a25d7e09b2dc32164cd5,0.6666666666666666,0.5,0.16666666666666663
901,b173381b3dfabc1a9106,0.6666666666666666,0.5,0.16666666666666663
901,c41538651dcbd57cded5,0.6,1.0,-0.4
901,eaa1d444395bb3e311a7,0.6666666666666666,0.5,0.16666666666666663
903,b200b45d27a898a2b55b,0.8571428571428571,0.5,0.3571428571428571
903,cac39d14ca2aeb606e53,0.6666666666666666,0.0,0.6666666666666666
904,215ee0a01fac07d6ae64,0.42857142857142855,1.0,-0.5714285714285714
904,2df100d6aededaeb36bb,0.5,0.5,0.0
904,ab5c71b149de5eb380ae,0.0,0.0,0.0
905,1473a5ec1c13142f1687,1.0,1.0,0.0
905,58fc7a319b4ef863056b,1.0,0.0,1.0
905,7c81f3250fa1fa5d415a,1.0,1.0,0.0
905,a1c475426ddec1072701,1.0,1.0,0.0
905,c2d373aa835ed9632451,1.0,0.0,1.0
907,2dedcd1441d78e4bb08f,0.5,0.0,0.5
907,45fec0a8921b3441a8c9,0.6666666666666666,1.0,-0.33333333333333337
907,7ab2eff76fb94eeddb8d,1.0,0.5,0.5
907,b526d3d1a2c49fa148dc,0.5,0.5,0.0
908,1ca0a265ea2e5c1299fe,0.6666666666666666,1.0,-0.33333333333333337
908,214d8292539afc7076ad,0.3333333333333333,0.0,0.3333333333333333
908,58d0b0a97c89adcf03f8,1.0,1.0,0.0
908,fac3e2ed553ea35f622a,0.5,1.0,-0.5
909,a477810b0f116281d5c2,1.0,0.5,0.5
909,a5e0734d0618ea3f31a8,1.0,1.0,0.0
909,a8d7c42f3f3d7d7e559e,0.6666666666666666,0.0,0.6666666666666666
910,37bc77b5c6a660d6009d,0.6666666666666666,1.0,-0.33333333333333337
910,569efcb373e0255c618f,1.0,0.5,0.5
910,820384a117aa80ff43ec,0.5,0.0,0.5
910,af7ba58e80531b030587,0.6,1.0,-0.4
910,c73c9a617a58031e4e12,0.6666666666666666,0.5,0.16666666666666663
911,3b3a2dd62b1dc5e15b79,0.3333333333333333,0.0,0.3333333333333333
911,78eafe647774146d1751,0.5,0.0,0.5
911,96e63e9ec53280d7c975,0.75,1.0,-0.25
912,20a271d1d01d62c383aa,0.6666666666666666,1.0,-0.33333333333333337
912,6ec9e390d6b1c287ea51,0.7142857142857143,1.0,-0.2857142857142857
912,b06b22097de0b5989e75,0.625,0.0,0.625
912,d15a7634f131dc5edd1a,0.5,1.0,-0.5
913,25cc4d60d8220e4382af,0.7142857142857143,0.5,0.2142857142857143
913,7736494d011b09e25b55,0.5,1.0,-0.5
914,83794d5ae47f8466aebb,0.3333333333333333,1.0,-0.6666666666666667
914,8e7edbace5e7c5fa7ee1,0.25,1.0,-0.75
914,955af0bf65506b01b3ac,0.6666666666666666,0.5,0.16666666666666663
914,e270cc63b087dcf3800f,0.3333333333333333,1.0,-0.6666666666666667
915,1b9c893f9300687f0620,0.7142857142857143,1.0,-0.2857142857142857
915,ad79d908438ee09e2ac1,0.875,1.0,-0.125
915,e950cfb34dc9cdf79415,0.8571428571428571,1.0,-0.1428571428571429
916,06ca40d9668abd2421da,0.16666666666666666,0.5,-0.33333333333333337
918,35c3a662df05b54d5bcf,0.0,0.0,0.0
918,5850f6ad6f07d988b047,0.0,0.0,0.0
918,72dfff6a159df2c1fb62,0.5,1.0,-0.5
918,c31a2503fbd51946e7b2,0.5,0.5,0.0
919,0758eddae7306a7c23ee,0.75,1.0,-0.25
919,5513ed0c973bfe39260f,0.25,1.0,-0.75
919,664cc3afe932d182e721,0.75,1.0,-0.25
919,997f99b66f831720386b,0.5,0.0,0.5
920,0fa956278ff687723a78,0.6666666666666666,0.0,0.6666666666666666
920,4ea98108688d42760e5b,0.6666666666666666,0.5,0.16666666666666663
920,5b6a290ecacf0241f979,1.0,0.5,0.5
920,6f1cb237e8f1fc9230d8,0.6666666666666666,0.5,0.16666666666666663
920,7f890ee6254287f6ce39,1.0,1.0,0.0
922,33eb244fdf5c158a3eb9,0.5,0.0,0.5
922,49f4868bdec41b9758c6,0.4,0.5,-0.09999999999999998
922,68cac3b2baef8695f847,0.75,0.5,0.25
922,797464d3493eccee6c69,0.3333333333333333,0.0,0.3333333333333333
923,16ef74050f946b029715,0.0,1.0,-1.0
923,3097383aa3f05eeb5ac4,0.5,0.0,0.5
923,464768456ff9e2cbf1ad,0.5,0.0,0.5
923,8df02c2a398035afff5f,0.5,0.5,0.0
923,d298341460e3a83cca3f,1.0,1.0,0.0
924,1ced6607cd7c666aa136,0.45454545454545453,0.5,-0.04545454545454547
924,98d977d92befa9ac59e3,0.75,1.0,-0.25
924,9d1caca30c5b760a1b0b,0.75,0.5,0.25
925,5f9ec7d81704c9ff033d,0.7777777777777778,0.5,0.2777777777777778
926,1f1446754a09cb917140,0.4444444444444444,0.5,-0.05555555555555558
926,229503a177354582bf5a,0.25,0.0,0.25
926,cb995230414da1d7aba8,0.625,0.5,0.125
927,6637248a376c8a7d95b5,1.0,0.0,1.0
928,1536b8cac3f4a5dab7d0,1.0,0.0,1.0
928,618d7fe97e45425618c3,1.0,1.0,0.0
928,9a46c61394e9e0bbf464,1.0,1.0,0.0
928,9ed6dd8d9d874e8a6182,1.0,0.0,1.0
928,c44fde6c53920ece1545,1.0,1.0,0.0
929,25975faf5ac2dc33d9b1,0.6666666666666666,0.5,0.16666666666666663
929,2686958bc782dcfa6136,0.5,0.0,0.5
929,6a7347636bc1c1505d8f,0.25,1.0,-0.75
929,f68cb80e67be1534e873,0.75,0.5,0.25
930,3d2a4b2b3563611fe534,0.6666666666666666,0.5,0.16666666666666663
930,a0c2ed1cceebc85ed8f1,0.6666666666666666,0.5,0.16666666666666663
930,dff7911b07781364a5b6,0.8,1.0,-0.19999999999999996
930,eee87f44caff3edb51e2,0.6,1.0,-0.4
931,2195a11278a555c49668,1.0,0.5,0.5
931,6799888296ac1af49764,1.0,1.0,0.0
931,da60a2d2cd466b577fa6,0.4,0.0,0.4
931,e5a0f92ae1f68897ad84,0.5714285714285714,0.0,0.5714285714285714
932,38b62701a5a25ba37a76,0.5,0.5,0.0
933,38ba309c9339af79fb8a,1.0,0.5,0.5
933,8a430a60ba9a88c50ecc,0.0,0.0,0.0
933,af807cc3bdf3e40839db,0.25,0.0,0.25
933,c827887240fab0a564f4,0.0,0.5,-0.5
933,e5277f1630b997356f00,1.0,1.0,0.0
934,2023ca9a7e7681e1dc9d,0.8333333333333334,0.0,0.8333333333333334
936,078cc20d8028aaa54bff,0.6,0.5,0.09999999999999998
936,113f39cc6b4d95541864,0.6,0.5,0.09999999999999998
936,57777b390b70bb1e1ff8,1.0,1.0,0.0
936,63d021fdbfd7b35ae627,0.5,0.5,0.0
936,87fdd7752f5ef4c08dcf,1.0,0.5,0.5
937,4f1402cbdb062e2dc949,1.0,1.0,0.0
937,6fbe15847c62bfd85e82,0.3333333333333333,1.0,-0.6666666666666667
937,97aa76fca2971b09486a,0.3333333333333333,0.5,-0.16666666666666669
937,bf552682d205a01f91c4,0.6666666666666666,0.5,0.16666666666666663
937,f212864636f0cb0d377c,1.0,1.0,0.0
938,0f62108e46b178569ba4,0.7777777777777778,0.0,0.7777777777777778
938,6b6e067bab35f78234b2,1.0,0.0,1.0
938,8946279bf4030099ea35,1.0,0.5,0.5
938,fce63edbdf511f02071b,1.0,0.5,0.5
940,26207ea2fba249bb4f4c,0.42857142857142855,0.5,-0.07142857142857145
940,ad840fee540efae74337,0.6666666666666666,0.0,0.6666666666666666
941,4ca2c587c8442b8b8fa3,0.75,0.5,0.25
941,d640b803a4a63dea4010,0.5,1.0,-0.5
941,f99cebd98708634f32d3,0.5,0.0,0.5
944,c8012b4e8ccec0a00140,0.16666666666666666,0.5,-0.33333333333333337
944,f1532b760a8d04d1dbe7,0.6666666666666666,0.5,0.16666666666666663
945,22e6ee0cdf0969bfc1d3,0.6666666666666666,1.0,-0.33333333333333337
945,bee85454faab97551e64,0.5,0.5,0.0
947,0d756ca5d5d5a002d3cd,0.6,0.5,0.09999999999999998
947,52aff05aa7a585b08e6a,0.8,0.5,0.30000000000000004
947,557d440bc3a64dd164d1,0.6,0.5,0.09999999999999998
948,3e4d5d38bb772b893261,0.0,1.0,-1.0
948,75f637a0622dfdaf4f40,0.5,0.5,0.0
948,8a55e12f1dd67a3d0ab6,0.6666666666666666,1.0,-0.33333333333333337
948,e53094bb8ff139674cf5,0.6666666666666666,0.0,0.6666666666666666
949,1de8b696d7feea6ecf9d,0.8,0.0,0.8
949,f2f12a6760e82aabff4b,0.5,0.5,0.0
950,03891d4805a913a8f962,0.5,0.5,0.0
950,cd1e4b1c6e89d7060997,0.4,0.0,0.4
951,7a7fb51f854d9c631a0b,0.0,0.5,-0.5
951,7f5ab4bda2fd4ab19b99,0.0,0.0,0.0
951,a6e5dbb5687af6c28cd7,0.5,0.0,0.5
952,056ca2142faf01fdf11b,0.75,1.0,-0.25
952,7c411a86b3af35435212,0.7142857142857143,0.0,0.7142857142857143
953,a6d52a82720036b30808,0.5,0.0,0.5
953,af917d540989cd63abd5,0.5,0.5,0.0
954,2064ae5fdc44b4796c77,0.7142857142857143,0.0,0.7142857142857143
954,2344fcd1dbe2969d043e,0.4,0.0,0.4
954,e67ea34a4be4fd32cd96,0.6,0.5,0.09999999999999998
954,ebd2d1ba85d338dd3f98,0.4,0.0,0.4
956,392ee11c88651c1c2a34,0.6666666666666666,1.0,-0.33333333333333337
956,908f2c1d66d17e2a9dba,0.7142857142857143,1.0,-0.2857142857142857
956,c16ff16fcf718d1c327d,0.4,0.0,0.4
957,5d02aa54f76f657d87d0,0.5555555555555556,0.5,0.05555555555555558
958,6cc13e0a08c914a6bb6f,0.9,0.5,0.4
958,a9471e8a217b799693d8,0.8181818181818182,1.0,-0.18181818181818177
959,11937a9d3cb04c7bd753,0.3333333333333333,0.0,0.3333333333333333
959,2c87d601735ec446d277,0.5,1.0,-0.5
959,6a1808d44e316e63a4a8,0.75,1.0,-0.25
959,874a1b0999efe2257157,0.3333333333333333,1.0,-0.6666666666666667
959,b4e0af399519f1fb0985,0.5,1.0,-0.5
960,0e5a708bb8604b15d951,1.0,0.5,0.5
960,f568c4facbe220ed2ca3,1.0,0.0,1.0
961,303b453617edfc5f49fe,0.75,0.5,0.25
961,30e7113c2d05a53d99ea,0.8,0.0,0.8
961,7921a177e0cc1e7a164b,1.0,0.5,0.5
961,d21189caea5baf128165,0.75,0.0,0.75
962,68977a17d7c2bbdc523c,0.6923076923076923,1.0,-0.3076923076923077
962,95a193d6ba475b33d215,1.0,0.0,1.0
962,c135378410baa5dcbb45,0.6666666666666666,0.0,0.6666666666666666
962,cbb014d5b6b72b5c79a1,0.7142857142857143,1.0,-0.2857142857142857
963,3d891129bbcae9dfc65a,0.75,0.5,0.25
963,47dfae2f0c86f8dc9ac5,1.0,1.0,0.0
963,83ee4b6f7784015cb5c3,0.8571428571428571,0.5,0.3571428571428571
963,d54d573de29dcec589f6,0.8,0.5,0.30000000000000004
963,f9a48c0d3c0049f573ae,1.0,0.5,0.5
966,2818ad56545db77b008f,0.75,0.0,0.75
966,e31a2d8aa56042f18093,0.3333333333333333,0.0,0.3333333333333333
967,833643be356ddf119662,0.4,0.5,-0.09999999999999998
967,9fc36d9282b003b1b6e3,0.4,0.0,0.4
967,b00ac91ee496387eef61,0.8571428571428571,0.0,0.8571428571428571
969,09d40ef2badfdc56915a,1.0,0.5,0.5
969,505e187b64bd2d1d4cda,0.5,1.0,-0.5
969,69ce2f32c6619a20965c,0.3333333333333333,1.0,-0.6666666666666667
969,8572daf594b357cc9666,0.5,0.0,0.5
969,97bfaf6e9e1918ea3590,0.6666666666666666,0.5,0.16666666666666663
970,1078bc9f56e862833034,0.8888888888888888,0.5,0.38888888888888884
970,66fd3f69112e73fdfec7,0.75,1.0,-0.25
970,6bb963367d9c998218aa,0.5,0.5,0.0
970,748a89c6ae75ed19a24d,0.5,0.5,0.0
970,a6fb2814e6dd5d564ff1,0.2857142857142857,0.5,-0.2142857142857143
971,1538e0ccc89fa64c2a28,0.5,0.5,0.0
971,42f533c3619696860a0c,0.8,1.0,-0.19999999999999996
971,8b9ed791016eecae0781,0.2,0.0,0.2
971,a35910957fe1b095e15d,0.3333333333333333,0.0,0.3333333333333333
971,d1098bb40847c29bc2f1,0.5,0.5,0.0
972,5b5e699ddddb938e7e22,0.6666666666666666,0.5,0.16666666666666663
972,a67103a0617ab4181e8f,0.6666666666666666,0.5,0.16666666666666663
972,d3b7308f30c435a3bc2c,0.5,1.0,-0.5
972,df49b313b59e5b33bd8b,1.0,1.0,0.0
972,ed2e5cb8e252f86fcd20,0.5,0.5,0.0
974,1e8ecf490d1b1cd8aac1,1.0,0.5,0.5
974,21982bdcef245cb74414,0.3333333333333333,0.5,-0.16666666666666669
974,693882ed1d311abc4770,1.0,1.0,0.0
974,bb0ee4cb7893518d7d10,1.0,1.0,0.0
974,cfbc5ddd21a897808cff,1.0,0.5,0.5
975,5488dee232972f891327,0.75,0.0,0.75
975,579884144cb89c1185bf,0.6,0.5,0.09999999999999998
975,788cd29e4593c8bb3b1f,0.75,0.5,0.25
975,c960639bedfd001ddb79,0.6666666666666666,1.0,-0.33333333333333337
978,0ab07873665961bb7ff6,1.0,0.5,0.5
978,1dd0d596c6dddf2e2d54,0.3333333333333333,1.0,-0.6666666666666667
978,47299f873517481de5b5,1.0,1.0,0.0
978,5bd1a82a265f248d1737,0.75,0.5,0.25
981,0c4d3795313408c320e5,0.5,0.5,0.0
981,1076a65435d56f991980,0.5,1.0,-0.5
981,2939a6c5db8953d65f28,0.6666666666666666,1.0,-0.33333333333333337
981,2e1e826e53cbf32da8fd,0.4,0.5,-0.09999999999999998
981,8c3135fded5cddf578fb,0.8333333333333334,1.0,-0.16666666666666663
982,38c0694c16fcf24cbf86,0.875,1.0,-0.125
982,8f4238d0ae4ea5afbf60,1.0,0.0,1.0
982,ea108b7dab69f036e377,0.6666666666666666,1.0,-0.33333333333333337
982,f39b2fd5994aa374a0c9,1.0,0.5,0.5
984,6882b307965641acd99e,0.3333333333333333,0.5,-0.16666666666666669
984,7211e8e8afb927ebbaed,0.0,0.5,-0.5
984,d93863ed085702a3e69d,1.0,0.5,0.5
984,e11157f9c8f1f5cc85d0,1.0,1.0,0.0
984,fa9b868820553895f686,1.0,0.0,1.0
987,28d79a5da389fdc1879b,1.0,0.5,0.5
987,8f69d0dad4907154bd97,1.0,1.0,0.0
987,dfd36fb63d9671288569,0.5,0.0,0.5
987,e3f827340442d5572354,0.0,0.0,0.0
987,eff810d9e063d1b44d22,0.5,0.5,0.0
994,85a4f939d4e90cc0ed8e,0.4,0.0,0.4
994,bc87759e67e8eb68d02b,0.25,1.0,-0.75
995,9258c68b0784b9b0bf52,0.8125,0.5,0.3125
995,bec8f62c69fa1b187131,0.5454545454545454,1.0,-0.4545454545454546
995,f1575a3d7440000a0a1b,0.8,0.5,0.30000000000000004
996,231a85174ee6d31d7dfa,0.25,1.0,-0.75
996,d727b40da35e9c1cdcfa,0.6666666666666666,0.5,0.16666666666666663
996,f36a1fff5ad6e7a76953,0.3333333333333333,0.5,-0.16666666666666669
997,679cc911a7a82c991d37,0.5,0.5,0.0
997,87266b1f30c194ce8b46,0.25,0.5,-0.25
997,a31000a2c6df89708ea8,1.0,0.5,0.5
997,b81b020335ecaf3f7a7f,0.8,1.0,-0.19999999999999996
999,1215551323170189dd3c,0.6,0.5,0.09999999999999998
999,4bc9841f961ccbdaed2f,0.75,0.5,0.25
999,76250ec2c237a0c8e20d,0.4,1.0,-0.6
999,eddf0ee1cc09980e40ab,0.5714285714285714,1.0,-0.4285714285714286
1001,157d9d50d9b1a5672e25,0.8,0.5,0.30000000000000004
1001,85b795c3691ede7533ff,0.0,1.0,-1.0
1001,86834eeda546ef32f406,0.5,0.0,0.5
1002,5fe09e543cc8f344a00e,0.75,1.0,-0.25
1002,88d29ccd61ba0bc24551,0.75,0.5,0.25
1002,98f7bb352eb8ad91ff4b,0.75,0.0,0.75
1002,bf1d5d6a88640612a61a,0.6,0.5,0.09999999999999998
1007,e529ca7ab255a392f671,0.7777777777777778,0.0,0.7777777777777778
1007,f7b3c56139529b71b636,1.0,1.0,0.0
1009,5020df7c3b0b09b3de06,1.0,0.0,1.0
1009,8583a875882e2dfd4a8c,0.8181818181818182,0.5,0.31818181818181823
1009,a21de159210113b4e3dc,0.6,1.0,-0.4
1009,d28c1ce8f8e20ce896ba,0.8,1.0,-0.19999999999999996
1010,c1c147103b9b8403a37f,0.8333333333333334,1.0,-0.16666666666666663
1011,32526c118647346edc03,0.9166666666666666,1.0,-0.08333333333333337
1011,90b69be654a42f6d0e79,1.0,1.0,0.0
1011,d1a6c5c56db75b9c8517,0.5384615384615384,0.5,0.038461538461538436
1011,eb17fb813471252ea274,0.8888888888888888,1.0,-0.11111111111111116
1013,1c127cc2c660fd1c1bd5,0.0,1.0,-1.0
1013,6880650363137494dc24,0.6666666666666666,1.0,-0.33333333333333337
1013,701d5c153d10cc84629e,0.625,0.5,0.125
1014,9657c961426b6d9151d3,0.8,0.5,0.30000000000000004
1015,0733e404a82eca295831,0.5,0.0,0.5
1015,eb21645cc752d60c7f61,0.8,0.5,0.30000000000000004
1016,20ccd3e37f59d7fe8dea,0.6666666666666666,0.0,0.6666666666666666
1016,214e1c7a4e4a5e510a78,0.3333333333333333,0.5,-0.16666666666666669
1016,3f15f34e4454ca646b06,0.6666666666666666,0.5,0.16666666666666663
1016,f69c0c86c688ed0339b8,0.6,0.0,0.6
1017,372450e365cff0c51090,0.75,0.5,0.25
1017,8823127ac4bed41a61be,0.75,0.5,0.25
1018,8508dbcfcf76080cacbf,0.7777777777777778,1.0,-0.2222222222222222
1018,c81e1353f4f3a0a366c2,1.0,0.5,0.5
1019,a04737a11df1c82f13a7,1.0,0.0,1.0
1019,e555308a1f4cfebbde78,0.6,1.0,-0.4
1020,06c8718447f91d0562f4,0.625,0.5,0.125
1020,4c41c27103aa60a00922,0.4,0.5,-0.09999999999999998
1020,77e4a5bd6c4870bb0717,0.7272727272727273,1.0,-0.2727272727272727
1020,acc24d7cc4e0f5732975,1.0,0.5,0.5
1020,f1750795b182b84fc20d,0.0,0.0,0.0
1021,085b1cb938c11ff3eb8e,0.75,0.0,0.75
1021,38e4904427dcf7e6360d,0.3333333333333333,0.0,0.3333333333333333
1021,fff99236ead3bbaa5409,0.25,0.5,-0.25
1022,5827288ad4dee299d95b,0.2,0.0,0.2
1022,990cb85d058e68a227a8,0.75,0.5,0.25
1022,f6d4ca3401f0a68bdf04,0.75,1.0,-0.25
1023,62323ecc051df435f562,1.0,0.5,0.5
1023,6ba38ef2a2e34726a6a4,0.6666666666666666,0.5,0.16666666666666663
1023,b02f30e2c0dfc2bcf0db,0.6666666666666666,1.0,-0.33333333333333337
1023,c9092a1d141049ce56ae,1.0,0.5,0.5
1023,daffce0ebfd73c2efa5a,1.0,0.0,1.0
1024,6117ab9f32f913f642e7,0.6666666666666666,0.5,0.16666666666666663
1024,c0137025f43b61ce99c3,0.0,0.5,-0.5
1025,1ee88079c7a674e68ba3,0.8571428571428571,1.0,-0.1428571428571429
1025,2f673664970743764f16,0.8571428571428571,0.5,0.3571428571428571
1025,4333a4fe09f47468f223,0.8571428571428571,0.0,0.8571428571428571
1025,aa08540d38ead287b9e7,0.8571428571428571,0.0,0.8571428571428571
1025,b9d8682f77ee88c31c66,0.8571428571428571,0.5,0.3571428571428571
1026,011aa072d0caa1a10308,0.6666666666666666,0.5,0.16666666666666663
1026,5764f99c3467186cf400,1.0,0.0,1.0
1026,5b90265479f4b4bb68f5,1.0,0.0,1.0
1026,a58c0012461b4aae5dc7,1.0,0.5,0.5
1026,ae508e30f40ad7cca544,0.6666666666666666,1.0,-0.33333333333333337
1027,76acb87dbc0ddae631a2,1.0,0.5,0.5
1027,a2a0b69feb23e5360761,0.6666666666666666,1.0,-0.33333333333333337
1027,ea006eb1c5786ecc27e3,0.75,0.5,0.25
1027,f06cb6c9d45629355f65,0.8,1.0,-0.19999999999999996
1027,f2b579fe543893e5de2d,0.0,0.5,-0.5
1028,0fd36c62803f71fe4935,0.5,0.5,0.0
1028,4e016a0256786cc2a575,0.6,0.0,0.6
1028,82c18fdc55821a6e3677,0.6,0.0,0.6
1028,bc8884ed896117e94dfc,1.0,0.0,1.0
1028,bd506b49bd7da386e905,0.75,1.0,-0.25
1029,263a01cd38dafebb3e17,0.0,0.5,-0.5
1029,6acab5c931b34a9bcd99,1.0,1.0,0.0
1029,8f132cb211671bba23c8,0.25,0.5,-0.25
1029,acdebc6f813a362c1983,0.6666666666666666,0.5,0.16666666666666663
1029,d6b15075fc9e718d64d3,0.6666666666666666,0.5,0.16666666666666663
1030,2169eb5d7b0a3ee8329c,0.8,0.0,0.8
1030,70a72fc0b850149b2ac3,0.6,1.0,-0.4
1030,a8004c813d228b099afb,0.8,1.0,-0.19999999999999996
1030,f9c03a575b77d11cf1b3,0.6,1.0,-0.4
1032,1b15a64e8b74000b6cac,1.0,0.0,1.0
1032,878744fd1faa00c2b99f,0.25,0.5,-0.25
1032,9b41a3801751e5250d89,0.6,1.0,-0.4
1032,a2a412450275124727c7,0.3333333333333333,0.0,0.3333333333333333
1033,26336b8198952f945b40,0.25,0.5,-0.25
1033,5f7d0d5430a15fe715f4,0.5,1.0,-0.5
1033,db325556c8781cd1afd7,0.6666666666666666,0.0,0.6666666666666666
1033,e5c9f740e9f36c9915d7,0.0,0.0,0.0
1033,f16c1f54e980d1ae65a3,0.5,0.5,0.0
1035,0841fc52f384ba40064d,0.6666666666666666,0.0,0.6666666666666666
1035,10c675fd2bdb39d92747,0.5,0.5,0.0
1035,665ff8dcb938cbdaf900,0.6666666666666666,1.0,-0.33333333333333337
1035,6e2d5441fa761a532c5f,0.3333333333333333,1.0,-0.6666666666666667
1035,990bfe5f766163e100a1,0.5,0.5,0.0
1036,0631d8520e530039586c,0.6666666666666666,1.0,-0.33333333333333337
1036,660be331e3376bccc30a,0.3333333333333333,0.5,-0.16666666666666669
1036,70e05c5f9bb9088b897d,0.6666666666666666,0.0,0.6666666666666666
1036,d53b48ab6744f49cfa65,1.0,0.0,1.0
1037,4e3d4142bda5611f8e29,0.8333333333333334,1.0,-0.16666666666666663
1037,99676f7694bebfdac16e,0.5714285714285714,1.0,-0.4285714285714286
1037,9ec573bb60d7552954c6,0.7142857142857143,0.5,0.2142857142857143
1037,f1e8d4e69deeb2d6be76,0.6666666666666666,0.0,0.6666666666666666
1038,0056627ae26aae91a6fd,1.0,0.5,0.5
1038,11d5a5e4855dfc1bcde3,0.5,0.5,0.0
1038,3c4bc296b383b93cc15e,0.5,0.5,0.0
1038,dbf50cfbae6254659631,0.4,0.0,0.4
1038,f61dcfdba3c536bf6165,1.0,0.5,0.5
1039,098e523383c95b9531fa,0.6,1.0,-0.4
1039,2ac733edd17ee5525aab,0.5,0.5,0.0
1039,3b9ecaf7c493b14bb071,0.4,0.5,-0.09999999999999998
1039,8b3e557fe8a543dc95f9,0.5,1.0,-0.5
1039,f2b09f8c4c6bfadf0ed2,0.4,1.0,-0.6
1040,10e46376a43c8ad87360,0.75,0.5,0.25
1040,5337950cad57e5be672b,0.6666666666666666,0.5,0.16666666666666663
1040,72f74024d66a9c582b98,0.6666666666666666,1.0,-0.33333333333333337
1040,f7e088cc0c7c2608eabc,0.75,1.0,-0.25
1041,08818e7435c27ad31548,0.0,0.5,-0.5
1041,913d247ad82d7f413ec8,0.5,0.5,0.0
1041,c17858adb8d1b856dda6,0.0,1.0,-1.0
1041,d40198b3d84e9d2f0f1f,0.6,1.0,-0.4
1045,20142aadbbcc3375e490,0.5,0.5,0.0
1045,68a679a9d031bc1a9820,0.3333333333333333,1.0,-0.6666666666666667
1045,ad96d1b6ccfdec87debe,0.6666666666666666,1.0,-0.33333333333333337
1045,d2dd097a985d566cb483,0.6,0.5,0.09999999999999998
1045,e0988ba39fba3cbccfc9,0.6666666666666666,0.0,0.6666666666666666
1047,3815a0266d2630c41e29,1.0,1.0,0.0
1047,547f923fd031c0e03cfc,0.6666666666666666,0.0,0.6666666666666666
1047,ad1e8f534d262bcc840f,1.0,0.0,1.0
1047,b62cd458e3a36b2a41b5,0.5,0.5,0.0
1047,e509af3052205ef63883,1.0,0.5,0.5
1048,1606e8981778fdfc9f98,0.7272727272727273,1.0,-0.2727272727272727
1048,bee06c15de8effc4d3c3,0.25,1.0,-0.75
1048,d0ece584dea8e44f75a6,0.2,0.5,-0.3
1049,8dcd0d1f6caf7c25bc8f,0.8,1.0,-0.19999999999999996
1049,c198a562be5ce9f44f88,0.4,0.5,-0.09999999999999998
1050,2e5ed5193bc8af6cefdd,0.4,0.0,0.4
1050,6156c147bd021e7b94e1,1.0,0.0,1.0
1050,76e80d27a8ab783a4296,0.6666666666666666,0.5,0.16666666666666663
1050,a14062f8cf31832b227b,0.6666666666666666,1.0,-0.33333333333333337
1050,a8000f5ec99905443ffd,0.4,0.5,-0.09999999999999998
1051,6357b5ec43a2b688a814,0.75,0.0,0.75
1051,87ca40e390b2fd345850,0.6666666666666666,1.0,-0.33333333333333337
1051,99c66c5e9ebb4a5be64d,0.8333333333333334,1.0,-0.16666666666666663
1051,d99e1e8f2144c4dd64ca,0.8333333333333334,1.0,-0.16666666666666663
1054,1f7cb1f9ef2a047549a8,0.6,0.5,0.09999999999999998
1054,67d6ad51faed1e0f2566,1.0,1.0,0.0
1054,69e7d22e50bff0a84455,0.875,1.0,-0.125
1054,7997d8a531461e30e1d8,1.0,0.5,0.5
1055,00b1670a17d4b912ee5d,1.0,0.5,0.5
1055,11887f6663767a728c3f,1.0,1.0,0.0
1055,50df010ad321ad0971be,0.8571428571428571,0.5,0.3571428571428571
1055,56ea1f2a27a4e9f82252,0.5714285714285714,1.0,-0.4285714285714286
1056,13912b5981decff0077e,0.8,0.0,0.8
1056,6796aec5f94f1a379007,0.8,0.0,0.8
1056,76347cf6e17c08d97ca8,0.8,0.5,0.30000000000000004
1056,a04bc1e04956ef165816,0.8,1.0,-0.19999999999999996
1056,e91704ec7b2add74c2aa,0.8,1.0,-0.19999999999999996
1058,08de7ecb0dfd9fff628d,0.5714285714285714,0.5,0.0714285714285714
1058,7a655a4305b1351aea8c,0.8,1.0,-0.19999999999999996
1058,d55d186c4047ddadaebf,0.2,1.0,-0.8
1060,43530a935500e921b940,0.5833333333333334,1.0,-0.41666666666666663
1060,c9d33f828cca94d25224,0.6,0.5,0.09999999999999998
1061,1bdc072e8a4d92792121,0.5555555555555556,0.5,0.05555555555555558
1061,6b2f6609686369218ed7,0.7142857142857143,0.5,0.2142857142857143
1061,a6f2bfac5a8eb176bb9c,0.5,0.5,0.0
1061,f2de93018fd10e3f4cfa,0.5,1.0,-0.5
1062,41ffd906fa827ead41c9,1.0,1.0,0.0
1062,6d60e027bab215eca43d,1.0,0.5,0.5
1062,9df27001085051d6987a,0.3333333333333333,0.5,-0.16666666666666669
1062,d17f09d8007c3a284a2a,0.8,0.0,0.8
1062,d943b164303ad4ed61cf,0.8333333333333334,0.0,0.8333333333333334
1063,8db56251657417c17da7,0.4,0.5,-0.09999999999999998
1063,f4fb37375bd68f03ad0a,0.8571428571428571,0.0,0.8571428571428571
1064,61157e3119dfe002acb9,0.6666666666666666,0.5,0.16666666666666663
1064,c5be2bcb2ee54cdc9670,0.75,1.0,-0.25
1064,eef55f797d389a6049d3,0.7142857142857143,0.0,0.7142857142857143
1064,f01560e44c8dbbd2258a,0.5454545454545454,0.5,0.045454545454545414
1065,264da1cace23d15fdf46,0.6,1.0,-0.4
1065,3805f802fda697e0d1ce,0.75,1.0,-0.25
1065,a876fdcd88eae194d9ad,0.6,0.5,0.09999999999999998
1065,b502b0d523b18e7b8ae0,0.5,0.5,0.0
1065,f97e09d9e9e0503f7f71,0.4,0.5,-0.09999999999999998
1066,4aa2c150960e76218128,0.8888888888888888,0.0,0.8888888888888888
1066,689c035881e8f8cad829,0.8,1.0,-0.19999999999999996
1066,a83b96bce3e76a104898,0.8,0.0,0.8
1066,c5e50847107333f02284,1.0,0.5,0.5
1067,0395f96196389a6228c2,0.8571428571428571,0.0,0.8571428571428571
1067,22d2090881e5d41e0b25,0.8,0.5,0.30000000000000004
1067,338417159ccc80f06b6d,0.8,1.0,-0.19999999999999996
1067,9a07e2674eda5ab1876e,1.0,0.0,1.0
1067,ee1b5d31020c592dd387,0.8,0.5,0.30000000000000004
1068,0593e979d49d5b88d9cf,0.5,0.0,0.5
1068,799e42ec12b732cd5b49,1.0,0.0,1.0
1068,8a7fc0edd66fb5189983,0.75,0.0,0.75
1068,98a994056ca9174c7842,1.0,0.0,1.0
1068,b07d0fb964290ece7357,0.75,1.0,-0.25
1069,0d51764d12dc8ea7b692,0.5,0.0,0.5
1069,25ed64869ea8a0ff7aa7,0.0,1.0,-1.0
1069,430245d8c2c736bf32f7,0.0,0.0,0.0
1069,b0643ce08c58b3172eec,0.25,1.0,-0.75
1069,c8fee7040ae892e34244,0.6666666666666666,0.5,0.16666666666666663
1070,0ee53dbd1074da4e4ff0,0.6666666666666666,0.5,0.16666666666666663
1070,214a87966a30ae074db5,0.75,0.5,0.25
1070,3e3b4670e35017733d43,0.5,0.0,0.5
1070,4cb5d22b0ac5a827a13d,0.4,1.0,-0.6
1070,7ecc8aea52dfd6267e85,0.6666666666666666,0.5,0.16666666666666663
1071,31ba9647746a9ef103da,0.8,0.5,0.30000000000000004
1071,46ad7d272e135ec311fa,0.75,0.5,0.25
1071,d7cb062ab39ba0674169,0.7777777777777778,0.0,0.7777777777777778
1071,f48bd3609446b1b2105c,1.0,1.0,0.0
1072,3982e40fbc375580d448,1.0,1.0,0.0
1072,aaf5551ecb88f4363e68,0.6666666666666666,1.0,-0.33333333333333337
1072,b4ccbe604e9d8f4ca125,0.5,0.0,0.5
1072,f13b0efb330f8def9838,0.8,0.5,0.30000000000000004
1073,1816d5204e9f4e7e26be,0.6666666666666666,0.5,0.16666666666666663
1073,20d412d392f50f21e111,1.0,0.5,0.5
1073,74447bbe91407de4c1fd,0.8,0.5,0.30000000000000004
1073,852b032309e03a7bc823,0.8,0.0,0.8
1073,95665ea8285acea093df,0.6,1.0,-0.4
1074,aad59a84d5c14d3f321f,0.6666666666666666,1.0,-0.33333333333333337
1074,cd0c59d93ea3888bd0ec,0.4,0.0,0.4
1074,d1006f9ff393bd5e5f18,1.0,0.5,0.5
1075,008f23ff6fbefdde85eb,0.36363636363636365,0.0,0.36363636363636365
1075,24d55acade8f99d50a21,0.8888888888888888,0.5,0.38888888888888884
1075,465dc9d94c29411ab9bb,0.6666666666666666,1.0,-0.33333333333333337
1075,b60fdeb5106aab3c0c88,0.5,0.5,0.0
1075,f98e007b7197d18af675,0.75,0.5,0.25
1076,242ecbb8694179eae2e0,0.8,0.0,0.8
1076,7db202ad5ad842ebdd59,0.8,1.0,-0.19999999999999996
1076,9bb2d88a85cb327212c8,1.0,0.5,0.5
1076,bc996ecd01d817a70a4b,0.8,1.0,-0.19999999999999996
1076,e4566ca54367dbe8bdd9,1.0,1.0,0.0
1077,680a497ebeb38aab0044,0.6,0.5,0.09999999999999998
1077,d9808c6c0b808b7e168b,0.5,1.0,-0.5
1077,ea386874270cc7ce4237,0.6666666666666666,1.0,-0.33333333333333337
1078,07113661b3dcf46267d2,1.0,0.0,1.0
1078,ade60258f8f7a377b9ae,1.0,0.5,0.5
1078,bb4a4d812d3c51ef232e,1.0,0.5,0.5
1078,c9b32d15849c8aa393ff,0.8,0.5,0.30000000000000004
1078,f8a2c405da43bd7eda3b,0.8,1.0,-0.19999999999999996
1079,06d6275a83fd7fd58733,0.3333333333333333,0.5,-0.16666666666666669
1079,49f6ef845c7cad5c0f69,0.3333333333333333,0.5,-0.16666666666666669
1079,924cc77eeb08699109e3,0.6,0.0,0.6
1079,cbf327be3f5fa9234330,1.0,0.5,0.5
1079,df6faf6189dad58d94ae,0.3333333333333333,0.5,-0.16666666666666669
1080,025fa20dafa2a7b6f58b,1.0,1.0,0.0
1080,2e31e18bf47c8902ded0,0.25,1.0,-0.75
1080,4c5beaee079f69985f51,0.3333333333333333,0.5,-0.16666666666666669
1080,72f10b7c6fdbb82c6864,1.0,1.0,0.0
1080,811283ad9efda418f704,0.25,0.5,-0.25
1081,97e66a9591dc0dc33fd0,0.6,1.0,-0.4
1081,9f4993d1fdfcfe14b3ef,0.3333333333333333,1.0,-0.6666666666666667
1082,5559b66d6adc49a78c59,0.9,1.0,-0.09999999999999998
1083,87bb8a112be281dd9880,0.5,1.0,-0.5
1083,99448accb69b737270b1,0.25,0.0,0.25
1084,06f61fdedfe1e3fa6777,0.5,0.5,0.0
1084,44f0b51d55c57893e8ce,0.3333333333333333,0.5,-0.16666666666666669
1084,8a41fbda047e3c2cea07,0.5,0.5,0.0
1084,cb2e6439431646eec2d7,0.3333333333333333,0.0,0.3333333333333333
1084,fe5f9c66fa511b3696bd,0.3333333333333333,1.0,-0.6666666666666667
1085,6b58f0ae1511a8f10ed5,0.75,0.5,0.25
1085,d972de4e8882db7c37dc,1.0,1.0,0.0
1085,f4f3c06e90abb1447ffc,1.0,0.0,1.0
1085,f6d6560c358786f7e2d2,0.6666666666666666,0.5,0.16666666666666663
1086,1d512cbc33a7ac342684,0.7142857142857143,0.5,0.2142857142857143
1086,6c979ec42d3fc795eed4,0.8333333333333334,0.5,0.33333333333333337
1086,7e53eb0c4557d2e31afd,0.375,0.0,0.375
1086,ae3a2fefbe89f7aa6c51,0.6,0.5,0.09999999999999998
1086,ebfe486eb23da67b751d,0.7777777777777778,0.5,0.2777777777777778
1087,25c3e7886c786c1f7a90,0.5,0.5,0.0
1087,4563b8880bef1a8aea9b,0.5,1.0,-0.5
1087,57332af24d4cec7d414b,0.8333333333333334,0.5,0.33333333333333337
1087,6d9eb303048e2d061a68,0.5,0.5,0.0
1087,999f0ed814c6a40c2ce7,0.6666666666666666,0.5,0.16666666666666663
1088,970acdeed3d3ced31b30,0.5,0.5,0.0
1089,45cb50f7ca4f8728b77e,0.3333333333333333,0.5,-0.16666666666666669
1089,89f552cad400860e9686,0.6666666666666666,0.5,0.16666666666666663
1089,9d4b9b49677b9e3fb163,0.5714285714285714,0.5,0.0714285714285714
1089,c58c14f88098ce44ccf9,0.4,0.5,-0.09999999999999998
1089,dad6b5eaa928767ed1b6,0.7,0.5,0.19999999999999996
1090,0b8b64bd3cbfaecbb253,0.8,1.0,-0.19999999999999996
1090,f63845d6190aae0e5abf,0.75,0.0,0.75
1091,d3c1824449b479bd7d7b,0.0,0.5,-0.5
1092,38c2ee9d756d27769943,0.5,0.5,0.0
1092,abca8fa7d4080d8262da,0.45454545454545453,0.5,-0.04545454545454547
1092,c738e241e018d5b244dc,0.6,1.0,-0.4
1092,faf51fc3f3e4dc1679ad,0.7,0.5,0.19999999999999996
1093,160dd07eddd2d485164e,0.8333333333333334,1.0,-0.16666666666666663
1093,56bc14c10dde04779d04,0.75,1.0,-0.25
1093,6905fc4b1a8bb14577a3,0.6666666666666666,0.5,0.16666666666666663
1093,88e63951baa87fd11bef,0.8333333333333334,0.5,0.33333333333333337
1093,9cb9ffa89b8f6d66024b,0.6,0.5,0.09999999999999998
1094,5dc31ac0bbb09a96fd33,0.4,1.0,-0.6
1094,ae0020158367b41a4d25,0.25,0.5,-0.25
1094,c60525d0d8f6c92b2089,0.4,0.5,-0.09999999999999998
1095,4023b1f53d79a1ca8e94,1.0,1.0,0.0
1095,4459f566b09eee100e93,0.5,0.5,0.0
1095,eac678d8094b384d79e6,1.0,0.0,1.0
1096,0309b47c89e2ff426163,0.5,1.0,-0.5
1096,48cd0f401044ddc67aa7,0.6,0.0,0.6
1096,787dc8f6af8dee48848a,0.6666666666666666,0.5,0.16666666666666663
1096,833822b029cf3fa0b708,0.3333333333333333,0.0,0.3333333333333333
1096,d1c54f581bffb085494f,0.75,0.5,0.25
1099,007889a3e651827c11f2,0.75,0.0,0.75
1099,21bdab29f88b1fdf10de,0.75,0.0,0.75
1099,2339d3464b81e239a218,0.6,0.0,0.6
1099,a6725031deef6bb1a25e,0.75,0.0,0.75
1099,c3b338440b1525b1814d,0.4,0.5,-0.09999999999999998
1100,562ccf1171f0e333c0f3,0.6666666666666666,0.5,0.16666666666666663
1100,c926c195f9f9cfcd9049,0.9230769230769231,0.0,0.9230769230769231
1100,d396db3a516d5fa85527,0.7777777777777778,0.5,0.2777777777777778
1101,2cd975c551ecea8d0489,0.6666666666666666,0.5,0.16666666666666663
1102,1030ddca18bbbde122fa,0.8333333333333334,1.0,-0.16666666666666663
1102,5c7f423a18d3f8f3aa76,0.5,1.0,-0.5
1103,2b60463c10979ec25f49,0.3333333333333333,0.0,0.3333333333333333
1103,a69b01fca1a86915513c,0.3333333333333333,0.5,-0.16666666666666669
1103,ae128eda4823f018539d,1.0,0.0,1.0
1103,c87fbe110ad99a370ad4,0.25,0.5,-0.25
1103,f0218189724a9fac8785,0.2,1.0,-0.8
1104,743b40734933d6c0c259,0.6,0.5,0.09999999999999998
1104,a8cbe46b8b8ba6e526a5,0.6,0.0,0.6
1104,d52eeefb9e7e6c34c53b,0.2,0.0,0.2
1104,e9f3fa8f03ff8d12c227,0.25,0.5,-0.25
1105,65eba81bad432b29a485,0.8,0.5,0.30000000000000004
1105,b8352938dadc40353dff,1.0,0.5,0.5
1107,4a55472d4e7c6c4fa99e,0.75,1.0,-0.25
1107,52ed06b54819add917b3,1.0,0.0,1.0
1107,d45221377e3f77265ab4,0.75,0.5,0.25
1107,de2f593e29c50acdd565,0.75,0.5,0.25
1108,4c8f927edfbfda6cccd0,0.8,0.5,0.30000000000000004
1108,9fc912fd0ad74d892dac,0.8,0.5,0.30000000000000004
1108,c7e7d1ce57105f3c6c53,0.6,1.0,-0.4
1108,d30897d544c77a5f1781,1.0,1.0,0.0
1109,10e33ac4618d552e125c,0.5,1.0,-0.5
1110,94bade990522b788bf8b,0.5714285714285714,0.0,0.5714285714285714
1110,d530a70916332c38e76b,0.5714285714285714,0.5,0.0714285714285714
1112,0e9f64b062be685538d9,1.0,0.0,1.0
1112,beb5de7839e577d9a0e8,0.6666666666666666,1.0,-0.33333333333333337
1112,c5c60ef819d1a468c079,1.0,0.0,1.0
1112,d8e593d690158b6272e5,0.8,0.0,0.8
1113,60b05838eb38fbe7ca1b,1.0,0.0,1.0
1113,a74cf85f0d788cdf1fca,0.6666666666666666,0.5,0.16666666666666663
1113,f3f9f38cf394abeba5ee,0.9,0.5,0.4
1114,140b6dfafea192a4b786,0.4,1.0,-0.6
1114,4a1d9e429c89ac78d6b8,0.5,0.5,0.0
1114,6c4a31ece35b724b4f0d,0.3333333333333333,0.5,-0.16666666666666669
1114,c4cf0ee93f582834a60f,0.75,1.0,-0.25
1115,512d4b0dd296dcc7b319,0.25,1.0,-0.75
1115,8dc6a6721d668675137e,0.4,0.0,0.4
1115,91c89e0fea03b4af26eb,0.75,0.5,0.25
1117,073da127dbed76f38299,0.0,0.5,-0.5
1117,3d65f73e5eedfc4e71c4,0.3333333333333333,0.5,-0.16666666666666669
1117,eae0f2ca0df4fc692327,0.6666666666666666,0.5,0.16666666666666663
1117,ef501e84777d75f62480,0.5,0.5,0.0
1118,a2656aaa05e89dbdf131,0.75,1.0,-0.25
1119,68e2aeaab475f807fdc5,1.0,0.0,1.0
1119,9d48c483ae195088575d,0.6666666666666666,0.5,0.16666666666666663
1119,a08a43e46b4bfe0a44a4,0.5,1.0,-0.5
1120,0d9e27c11f0c583bf9fd,0.3333333333333333,1.0,-0.6666666666666667
1120,46649499df51759ae940,0.6666666666666666,0.0,0.6666666666666666
1120,a5c91f821b66b3e7cf20,0.6,0.0,0.6
1121,48ba4c3f0871562c4b71,1.0,0.0,1.0
1121,78ffe23eaa0d9bd24d16,1.0,0.5,0.5
1121,eb6754f4f85b1784d37f,1.0,0.5,0.5
1125,d9c721079a56387bd2bd,0.75,0.0,0.75
1127,0f94d3c69cda7dceee1e,0.0,0.0,0.0
1127,2ad413b86c0759a76659,0.0,0.5,-0.5
1127,537fe600f1503710a4fb,0.6666666666666666,0.5,0.16666666666666663
1129,1afcb7c0f44a0a198cf2,0.6666666666666666,0.0,0.6666666666666666
1129,2a65e19bd1293e756931,0.7142857142857143,0.5,0.2142857142857143
1129,805852ba2efb8ee8df58,0.8181818181818182,0.0,0.8181818181818182
1129,885c5e44036032bb843d,0.6666666666666666,1.0,-0.33333333333333337
1129,d2fbe6b0a6ac2b955e25,0.6666666666666666,1.0,-0.33333333333333337
1130,66a6c4bb8ea2aa174812,0.4,0.0,0.4
1130,ad390e41a95a9f827713,0.6,0.5,0.09999999999999998
1131,851fb8e55157f0f7abb8,0.4,0.5,-0.09999999999999998
1132,1a89ecc5f364fd71c47a,0.5,1.0,-0.5
1132,4fcfdd0b4363cfa2c13c,1.0,1.0,0.0
1132,5378ee913e97b4b7a4f5,0.25,0.5,-0.25
1132,d374d94ebdebbaa7d1b3,0.6666666666666666,0.0,0.6666666666666666
1132,f86c8b1da7b36055bc52,0.8333333333333334,0.0,0.8333333333333334
1133,27f6fb059511039434b8,0.4,1.0,-0.6
1133,89af6920ea98588a2ede,0.5,0.5,0.0
1133,b8a760504b200a6a35e7,0.5,1.0,-0.5
1133,e32e972139751e311e5e,1.0,0.5,0.5
1133,e519125a4512116cac90,0.8,0.0,0.8
1134,c11a519035f2d5f25b58,0.4,1.0,-0.6
1136,16ec42fd3637ddad84dc,0.6,1.0,-0.4
1136,17570f221e21958781e1,1.0,0.5,0.5
1136,a1578996cb3255145a2b,0.75,0.5,0.25
1136,f3f2a9d42020109c30e3,0.5,1.0,-0.5
1136,ffbfdaac31ea6f1c01e3,0.75,1.0,-0.25
1137,5b85f116e902dd5f3d14,0.6,1.0,-0.4
1137,80dc88251bc8b849de86,0.8888888888888888,0.5,0.38888888888888884
1137,c2f9c20dcd237c718c55,0.5,1.0,-0.5
1138,a240e49cd7143d669330,0.8333333333333334,0.0,0.8333333333333334
1138,a83a17f02b61d30eb9cb,1.0,1.0,0.0
1138,b4babde1b0a57f1c32e0,0.75,0.5,0.25
1139,3edcde85c0c7c6c55fd8,0.0,0.0,0.0
1139,632be816d9acbc3cd0d1,0.6666666666666666,0.5,0.16666666666666663
1139,91d4a75a8b0560c86402,0.3333333333333333,1.0,-0.6666666666666667
1139,a445abff23771b0caf5f,0.3333333333333333,0.5,-0.16666666666666669
1140,0c89e7d26b5d6223380f,0.6666666666666666,0.5,0.16666666666666663
1140,797b4af1e4f87108a4c8,0.6666666666666666,0.5,0.16666666666666663
1140,9636ef719db8bdee835b,0.3333333333333333,0.5,-0.16666666666666669
1140,b697a23db0adea2976fb,0.5,1.0,-0.5
1140,c1e8ffab89fb36af474c,0.6666666666666666,0.5,0.16666666666666663
1141,30f494055d748f439614,0.6,1.0,-0.4
1141,721a7cc35bd87d23e377,0.5,0.0,0.5
1141,a6c00afc1716c40d8556,1.0,0.0,1.0
1141,cf8a0e5cdcc9e40e1a32,0.75,0.0,0.75
1142,31a46adc1282a23352b3,1.0,0.5,0.5
1142,624d22cb8036d1563558,0.25,0.0,0.25
1142,7bf812a3213f04a079d1,0.6666666666666666,0.0,0.6666666666666666
1142,82d33a030abd61ce81c9,0.6666666666666666,0.5,0.16666666666666663
1142,b1025b7394611c702bac,1.0,0.5,0.5
1143,163c723388e516c0dd83,0.8,0.5,0.30000000000000004
1143,17a59cf6a3dc1427b828,0.6,0.5,0.09999999999999998
1143,a76d80c507d41f1fde60,0.8,0.0,0.8
1143,e74db449d4f1a8f1af2a,0.5,0.5,0.0
1145,128f96f38b083690ce5d,0.4,0.0,0.4
1145,9b417eec89831a7b5b1a,0.5,1.0,-0.5
1145,a6f96c29fa8c1c1bd0b6,0.3333333333333333,0.0,0.3333333333333333
1145,d175981f1add2d33fc1b,0.25,0.0,0.25
1145,e7f3e3d2c00643193802,0.6,1.0,-0.4
1146,c55856985fbb49cfa232,0.8823529411764706,0.5,0.38235294117647056
1147,01e667585c1d2745263f,0.5,1.0,-0.5
1147,af1cbf028bf850bd78cd,0.75,0.0,0.75
1148,5b82d8c6f9432d075c40,1.0,0.5,0.5
1148,694d3b31ba21f73cf347,0.25,0.0,0.25
1148,a226c76cfeac7bfa5f57,0.2,0.5,-0.3
1150,25e4ab4009e37e856a89,0.3333333333333333,1.0,-0.6666666666666667
1150,5b0a5e95e744d3785aed,0.4,1.0,-0.6
1150,9fb02ae1b70b14478a61,0.875,1.0,-0.125
1150,d0b23ede52e98e5d7259,0.7142857142857143,1.0,-0.2857142857142857
1151,2d96aa44f56ee31519aa,0.25,0.5,-0.25
1151,7a03ab301de74f3e7838,0.0,1.0,-1.0
1151,a06f251446d09af058b1,0.0,0.5,-0.5
1152,1cae36220f554d84bd54,0.8333333333333334,0.5,0.33333333333333337
1152,e31cd222552118cff3b4,0.8571428571428571,0.5,0.3571428571428571
1153,0cd60d9e844dda7c2c22,0.75,1.0,-0.25
1153,196bc4a395868f271009,0.75,0.0,0.75
1153,270e5c26ea3d7c953eff,0.75,0.5,0.25
1155,0448552371e492517b8d,1.0,0.5,0.5
1155,346119bb7e6dce1cc74d,0.6666666666666666,0.5,0.16666666666666663
1155,99cb9bc83b664cf37911,0.6666666666666666,0.5,0.16666666666666663
1155,db74797bcb5712967b0c,1.0,1.0,0.0
1156,01948bf85ec68fc183cc,0.7142857142857143,0.0,0.7142857142857143
1156,db94c2cf3c02ab9dfb5d,0.6666666666666666,0.0,0.6666666666666666
1157,50941b77b78e061cf035,0.75,0.5,0.25
1157,52c3aff3d799d0d0f623,0.75,1.0,-0.25
1157,864ecf0dc36f906ba6f7,0.7142857142857143,1.0,-0.2857142857142857
1157,f6558e28c3a76e27f15d,0.75,0.5,0.25
1157,f8f622d06994a1ac9e17,0.875,0.5,0.375
1158,27dac277032b000790d0,1.0,0.0,1.0
1158,6e58c50d18fc8b05f4db,0.5,1.0,-0.5
1158,84ca584845810f347965,0.8,1.0,-0.19999999999999996
1158,86d1d3805804cd3b3b3e,0.75,1.0,-0.25
1158,aa71e3c3d4094f2b7136,1.0,0.5,0.5
1159,1f37bf7106730c0d6a5a,0.6666666666666666,0.5,0.16666666666666663
1159,78f342bcbb69ac633563,0.75,0.5,0.25
1159,a85ccf20e30b8d8b4492,0.75,0.5,0.25
1159,ae2d0a2fa96cf08b0d4e,0.75,0.5,0.25
1159,c1839d5c00a512c7bfaa,0.5,0.5,0.0
1160,24304363824ef1367746,0.5,0.5,0.0
1160,5f4851057076cf8c590e,0.5,0.5,0.0
1160,cb44e731e522d1bc717b,0.5,0.5,0.0
1161,22929bbf60cbff0f88c1,0.5,0.5,0.0
1161,6198c4813d8fe8f5309a,0.5,1.0,-0.5
1161,82c938b9e619a0811d4d,0.5,0.5,0.0
1161,c6c23780da29728ff440,0.75,0.5,0.25
1161,e3414026eb18c97d7f15,0.75,0.5,0.25
1162,15d78740d6455647da24,0.8,0.5,0.30000000000000004
1162,3bf0920517e21d476f5e,1.0,1.0,0.0
1162,9ce45555dbb818155728,0.5,1.0,-0.5
1162,fa8dc95b3ed4dbfcd832,1.0,0.5,0.5
1162,ff7f75cc7c75799a6491,0.5,0.5,0.0
1163,30121e5b9a71a10f19d3,0.5,0.5,0.0
1163,352641c4de430e6ae101,0.8,1.0,-0.19999999999999996
1163,573bdb740467da0ad8f4,0.5,1.0,-0.5
1163,775e2306919e008e3d92,0.6,0.5,0.09999999999999998
1163,a1850103e797685a017c,0.5,0.5,0.0
1164,202d4518b44ef8725fda,0.25,1.0,-0.75
1164,5da7123e25dffbf2304f,0.4,1.0,-0.6
1164,b2848b777388fa5a3cf9,0.2,1.0,-0.8
1164,cb7f652205d90cd51ac8,0.16666666666666666,0.0,0.16666666666666666
1164,f792304d60ba81fc3903,0.0,1.0,-1.0
1165,0427b6315aaf580bda33,0.5,0.0,0.5
1165,2840eb83e216e27670b7,0.5454545454545454,0.0,0.5454545454545454
1165,30f869e2dd0822ec0d8e,0.625,0.0,0.625
1165,510d574508db9f4b2935,0.8461538461538461,0.0,0.8461538461538461
1166,1422ac4cb80d24e7c252,0.6,0.5,0.09999999999999998
1166,21a50140cb2c114365af,0.5714285714285714,0.5,0.0714285714285714
1166,4b4eb604709b2658be6b,0.6666666666666666,1.0,-0.33333333333333337
1167,0912f43f794ef4d7ff4c,0.25,1.0,-0.75
1167,5eb082670921b727a650,0.42857142857142855,0.0,0.42857142857142855
1167,6e828cff781c91c39737,0.8333333333333334,0.0,0.8333333333333334
1167,c669cdd6f19d9355ca13,1.0,0.0,1.0
1167,e0f6123318ba0d4ee54d,0.6666666666666666,0.0,0.6666666666666666
1168,50630b537c5d0103821d,0.5714285714285714,0.0,0.5714285714285714
1168,5bf595aa5092750ddaa4,0.6666666666666666,0.5,0.16666666666666663
1168,9a654e1cf01e5b9901fe,0.8181818181818182,0.5,0.31818181818181823
1168,d8b103f47e4767afd0d3,0.5,0.0,0.5
1169,0cb780f87f2df4ba10bd,0.4,0.5,-0.09999999999999998
1169,7d562948d3e13be291b7,0.25,1.0,-0.75
1169,7eb0ce2567704db10d8c,0.75,0.5,0.25
1169,adbfd953f7e4220b3837,0.8333333333333334,0.5,0.33333333333333337
1169,aff1c4c8b1d99b0c488a,0.4,0.0,0.4
1170,43a39cdde04061166eb8,0.0,1.0,-1.0
1170,5d68af8292fe0dc43a02,1.0,0.5,0.5
1170,6b922c920a556038241c,0.6666666666666666,0.5,0.16666666666666663
1170,d18f5e242f3172e6ef65,0.6666666666666666,1.0,-0.33333333333333337
1171,e5d165e2f332d3a9de22,0.42857142857142855,0.5,-0.07142857142857145
1171,f3fdaf4da464e0ab0f22,0.5,1.0,-0.5
1172,4c336a65647eb2d8c9b9,0.0,0.5,-0.5
1172,54d52c4cb1e65bb2f712,0.2857142857142857,0.5,-0.2142857142857143
1172,ae3e83e172006e594dbb,0.25,0.0,0.25
1173,98cba09b187c4a9c5597,0.14285714285714285,0.0,0.14285714285714285
1173,fc7112b438e18bae3e88,0.2,0.5,-0.3
1174,1bb5b5da584bae3b7db8,0.0,0.5,-0.5
1174,68d839523bc88183a212,0.5,0.5,0.0
1174,77b4bcf93145dad89607,0.2,0.0,0.2
1174,d1cc6568719917255885,0.5,0.0,0.5
1174,e764ad22aff38bbedbc9,0.75,1.0,-0.25
1175,24b0e258d888214fd6aa,0.5,0.5,0.0
1175,2d37dc2a57ccbf19ccc8,0.6666666666666666,1.0,-0.33333333333333337
1175,9e073812bdaac87a2e6f,0.4,0.5,-0.09999999999999998
1175,b9c3990ddd2c5058587c,0.4,1.0,-0.6
1176,121e9130e9eec315cc63,0.6666666666666666,1.0,-0.33333333333333337
1176,66fc5e765714620f7cf6,0.6666666666666666,1.0,-0.33333333333333337
1178,02b40fcdbb84c3228a91,0.75,1.0,-0.25
1178,48129626f039c96a0a51,1.0,1.0,0.0
1178,8131d704a7f3ec3eb6cd,1.0,0.5,0.5
1178,93a46ed34ce6284f2623,0.75,0.5,0.25
1178,b5330f57e04a54664f7f,0.75,0.0,0.75
1179,1b190e4934d046d1e9b1,0.2,0.0,0.2
1179,348cc704879672780dcb,0.6666666666666666,0.5,0.16666666666666663
1180,e93c3b349db46bae6cbf,0.6666666666666666,1.0,-0.33333333333333337
1182,03dfb913332a325203dd,0.8,0.5,0.30000000000000004
1182,5f6c022a527f234f5d60,1.0,0.5,0.5
1182,d6f7dd243b3ff3cf0a16,1.0,1.0,0.0
1183,92687a64fd6010ef4bef,0.5,1.0,-0.5
1183,bac97fd5f40f5cb940cf,0.75,0.5,0.25
1183,f75c55d9ba4635e013e8,0.5,1.0,-0.5
1184,3bd9c91c5773d72aff3c,0.16666666666666666,0.0,0.16666666666666666
1184,703deb18e95ca29a6719,0.8181818181818182,0.5,0.31818181818181823
1186,47f5f54e179eb236929d,0.25,0.5,-0.25
1186,58e9d6354d42d809dd9f,0.0,1.0,-1.0
1186,9928b5af355d46aee6be,0.5,0.5,0.0
1186,d6d6b9d43fbcce8981c6,0.0,0.0,0.0
1186,e6357647dfe23f4df48b,0.0,1.0,-1.0
1187,053f1cd60010774c936d,0.0,0.5,-0.5
1187,2dbc2b4624726b4680fe,0.0,0.5,-0.5
1187,7c9dde87dee73a4d64bf,0.0,0.0,0.0
1187,ad6303ddee953bc36eed,0.5,0.5,0.0
1187,e84234502dd307129ac7,0.0,0.5,-0.5
1188,7df6fa2e5d7d339bb524,0.3333333333333333,0.0,0.3333333333333333
1188,8181c897dcb23fb25961,0.6666666666666666,1.0,-0.33333333333333337
1188,86642325b555d6cff903,0.0,0.0,0.0
1188,99ffbc84fbf0b0a60b88,0.3333333333333333,0.5,-0.16666666666666669
1188,b2cf5048b5de90e43c80,0.3333333333333333,0.0,0.3333333333333333
1189,59d1409a05895d2b3e4d,0.5,0.0,0.5
1189,9509d87062c56e785862,0.0,0.0,0.0
1189,af48ec05d1bdfa1a57e1,0.0,0.5,-0.5
1189,e5b37e9da107d851326b,0.25,0.5,-0.25
1190,27ec45b63e4722f6491f,0.0,0.5,-0.5
1190,35d8fc719a1e7c173a37,0.5,1.0,-0.5
1190,76f10a1cdfef681ad510,0.0,0.5,-0.5
1190,9636e14c1ab382f0e652,0.5,0.5,0.0
1190,9aa4b3156fdd315a3477,0.0,0.0,0.0
1191,651c088e4f48a95165ff,0.5,1.0,-0.5
1191,7ddc840744ddf910a2ef,0.0,0.5,-0.5
1191,82a33e292b5d039969c7,0.0,0.0,0.0
1191,8b81b25f91ccba4b6631,0.0,1.0,-1.0
1191,d54f2c786b6ba2ee23cd,0.0,0.5,-0.5
1192,2d03766e3f2285d968f2,1.0,1.0,0.0
1192,2ffd2ed751a91b3b4997,1.0,0.5,0.5
1192,6a8f833319456fb296c7,0.75,0.5,0.25
1192,7de4981a07c1dba84007,0.875,0.0,0.875
1194,1051a65d20bff6008151,0.0,0.5,-0.5
1194,245b8f17dd64f3aacf1a,0.5,0.5,0.0
1194,29703615cc2fa75046ca,0.0,1.0,-1.0
1194,44d8596e014afa0a946a,0.0,0.0,0.0
1194,bcd7bea1d7208bf18ef6,0.0,0.0,0.0
1195,883c1b38f9d5b78b08ec,0.25,0.0,0.25
1195,9f130b8f2694c1a3ffb4,0.5,0.0,0.5
1195,d43f34a0f20d3ac15b68,0.0,0.5,-0.5
1195,ea4da79856228f9999dd,0.0,0.5,-0.5
1195,ff2483133ee5c036f27e,0.0,1.0,-1.0
1197,41eb6a0ce764c2db0516,0.9,0.5,0.4
1197,5217766918e5a48cccaa,0.8333333333333334,0.5,0.33333333333333337
1197,9d12996398a6fe2506f4,0.8333333333333334,0.5,0.33333333333333337
1197,ac7bb4b1ad0dfb702604,0.2857142857142857,0.5,-0.2142857142857143
1197,cb054f33289f68187566,0.75,0.5,0.25
1198,5c848440a453a3572bc3,1.0,0.0,1.0
1198,5f727b70fd1229a52d3a,0.6666666666666666,1.0,-0.33333333333333337
1198,6ad0ec1ec247e96e5710,0.5,1.0,-0.5
1198,e2d93ae86dc87118de2c,0.75,0.0,0.75
1198,e94a90b239455dd77487,0.7777777777777778,0.5,0.2777777777777778
1199,405cab1cd156f4f04cf3,0.6666666666666666,0.5,0.16666666666666663
1199,50ce4a0e85873fe5bf46,0.6666666666666666,0.5,0.16666666666666663
1199,755946a481e1c1e4a1e3,0.8333333333333334,0.5,0.33333333333333337
1199,b9e5c50175c80c7afa9d,0.8,1.0,-0.19999999999999996
1199,c72eceeea9c83aba0feb,0.6,0.5,0.09999999999999998
1200,1885e3a2718e1ddbe8ef,0.6666666666666666,0.0,0.6666666666666666
1202,af8b46b32b61cfa9ecbd,0.3333333333333333,1.0,-0.6666666666666667
1202,b166b85f16151404947e,0.0,0.0,0.0
1202,c940114ae662060ce4cd,0.75,0.5,0.25
1202,f28038a1c5bd0ce2b971,0.3333333333333333,0.0,0.3333333333333333
1203,1a56d284949b2251ea96,0.4,0.0,0.4
1203,37d38a9e4ab014c69255,0.16666666666666666,0.0,0.16666666666666666
1203,89540d9063744efd0085,0.6666666666666666,0.5,0.16666666666666663
1203,be63b182df9465670ca9,0.6,0.5,0.09999999999999998
1203,e55d89780e35d9a31fa6,0.5,0.5,0.0
1204,4dbc9446e5262fd0d1f1,0.75,1.0,-0.25
1204,5b151a74cd9db37a0c6f,0.5,1.0,-0.5
1204,84dcb90296790401a3c2,0.5,1.0,-0.5
1204,a40f3246821c8c733b90,0.5714285714285714,0.5,0.0714285714285714
1204,f61a8bc5876dc05907b6,0.75,0.0,0.75
1205,41cc4c91c0095cb9f935,0.5,0.0,0.5
1205,8cb249553636d9275d2d,0.2,0.0,0.2
1205,d769b2493e0af3c6dde2,0.5,1.0,-0.5
1205,e198bc122a9a6a367ba5,1.0,0.5,0.5
1206,1e25a7fd8d18777f2064,0.0,1.0,-1.0
1206,6ced04bd3c957bee6a5f,0.5,0.5,0.0
1206,b9d13e3a5bb5244c1e9c,0.3333333333333333,0.5,-0.16666666666666669
1206,ba77268f9f57bab2ff29,0.0,1.0,-1.0
1206,bb8bb1f4e1295d7ac93b,0.5,0.0,0.5
1207,35790e2add641f1e102e,0.6,1.0,-0.4
1207,930f123c3f0dcbd2462c,0.4,0.5,-0.09999999999999998
1207,c4d000c50ed9d577574e,0.4,0.5,-0.09999999999999998
1207,c682a0a8653f9f5227b6,0.0,1.0,-1.0
1208,0f544cb429b3a6aa3d40,0.6,0.0,0.6
1208,546de91b062e6d78a980,0.8,0.5,0.30000000000000004
1208,58315e5b234c21f7c8d8,0.3333333333333333,0.0,0.3333333333333333
1208,ba6b412cd72ec244087c,0.6666666666666666,1.0,-0.33333333333333337
1208,c377c4f8d1920dbcf2be,0.6666666666666666,0.5,0.16666666666666663
1209,086ea1e38941ca6486c7,0.6666666666666666,0.0,0.6666666666666666
1209,975b40af6c0ab3a82610,0.5,0.0,0.5
1209,c22f027d648d05e815a0,0.6666666666666666,1.0,-0.33333333333333337
1209,db08b735d87e1561d613,0.0,1.0,-1.0
1210,54c666702e577f0b1544,0.6,1.0,-0.4
1210,5dc101df502145e3c06b,0.4,1.0,-0.6
1210,644ca7902c5e646015f3,0.0,0.0,0.0
1210,c8b2bc257e208c90338f,0.25,0.0,0.25
1210,e405754ea632d35394d5,0.3333333333333333,0.5,-0.16666666666666669
1211,0426fad361a45e12851f,0.0,1.0,-1.0
1211,0fea69f4cddaa14d6ac7,0.6666666666666666,1.0,-0.33333333333333337
1211,bec23634851b0efc4190,0.6666666666666666,0.5,0.16666666666666663
1211,d0d3236c42722d3be49d,0.5,1.0,-0.5
1211,e5f962654f2f4f4e9741,1.0,0.5,0.5
1212,7462dfb66b95b9eb1bbf,0.8125,0.5,0.3125
1213,51312460d61f9adb3fd2,0.7142857142857143,0.5,0.2142857142857143
1214,78caff41c8d0a04568f1,1.0,0.5,0.5
1214,af5467d73df77358bc05,0.3333333333333333,0.0,0.3333333333333333
1214,c679f891a2fd4da555ce,0.4,1.0,-0.6
1214,d1b4f0d48f9e9bb0e918,0.4,0.0,0.4
1214,fd52cb3b7d392095fb29,0.5,0.5,0.0
1215,0dbada456734b008b6f2,0.3333333333333333,0.0,0.3333333333333333
1215,1215ed3dc5ccb83899a1,0.3333333333333333,1.0,-0.6666666666666667
1215,13c685aac9b85e8c6ca2,0.3333333333333333,0.5,-0.16666666666666669
1215,46a42016c29bda3e5710,0.4,0.5,-0.09999999999999998
1215,e5a5a29d5d72319978b6,0.0,0.5,-0.5
1216,00622300718e907f274d,0.6,1.0,-0.4
1216,42ed295f196efdda1301,0.5,0.5,0.0
1217,07266239627fb228855e,0.625,1.0,-0.375
1217,32675e5d90dc2595e1a3,0.2,0.0,0.2
1217,5d7884ce1087201add49,0.3333333333333333,0.5,-0.16666666666666669
1217,6185a5c4ef3d7a95731e,0.0,0.5,-0.5
1218,524a3c0b28877e22b9ce,0.6666666666666666,1.0,-0.33333333333333337
1218,8da85f5230854a53a98d,1.0,0.0,1.0
1218,b49672b521cd43b11387,0.75,1.0,-0.25
1218,cd01d40a02ea304ebb88,1.0,1.0,0.0
1219,198a58c5fe8c0396dff6,0.6,0.5,0.09999999999999998
1219,49d5653d323d8da595b4,0.6666666666666666,1.0,-0.33333333333333337
1219,ef3902c60d0934f89821,0.8333333333333334,1.0,-0.16666666666666663
1220,0a2e69d19a51a4f565f4,0.75,0.5,0.25
1220,38b54bf46a5edd8560df,0.3333333333333333,0.0,0.3333333333333333
1221,c5224e9b88c6752d07ec,0.25,1.0,-0.75
1221,e092b16d759f215624ea,0.7777777777777778,0.0,0.7777777777777778
1222,53cf49d241eda024ab2c,0.8,1.0,-0.19999999999999996
1222,7fd0e59b9ee17f09b163,0.8,0.0,0.8
1222,da6bbe71713447fb81a1,1.0,0.5,0.5
1223,426d02fc5c771d28f062,0.5454545454545454,1.0,-0.4545454545454546
1223,4b2319fec2bef247618e,0.0,0.5,-0.5
1223,a58a32abb1baa55e0976,1.0,0.5,0.5
1224,90cc2d3c0f20b2239e33,0.3333333333333333,1.0,-0.6666666666666667
1224,b1267ed7c8d7061799be,0.42857142857142855,1.0,-0.5714285714285714
1224,c9fe1ada781f0d661b1d,0.0,0.5,-0.5
1225,740216bd09caeeb99a08,0.6,1.0,-0.4
1225,bc5e0c78de7b1d93feb8,1.0,1.0,0.0
1225,f37e41aec38fc95540de,0.42857142857142855,0.5,-0.07142857142857145
1226,6b32f12c099e46842701,0.5555555555555556,0.0,0.5555555555555556
1226,7655289030c0b4748b87,0.5,0.5,0.0
1226,79be2f2c750a3d22aff8,0.4444444444444444,0.0,0.4444444444444444
1226,b8b76c737bfd418159f0,0.4,0.5,-0.09999999999999998
1226,fce2586c5fefbbaca824,0.5,0.5,0.0
1227,1ce10948b6f7d2d6a43c,0.8,0.5,0.30000000000000004
1227,4feeecfa11e419d80b75,0.5833333333333334,0.5,0.08333333333333337
1227,5a4771397ca5fc184f90,0.5,0.5,0.0
1227,a169455556ede4d3e50b,0.6,0.0,0.6
1228,65fdb67e53dea7ec270e,0.75,1.0,-0.25
1228,a63ab9d6db8feb02fdff,0.75,0.5,0.25
1229,08a70889fb4894a9cd25,0.8,0.5,0.30000000000000004
1229,a65e0835509bfe9de806,0.42857142857142855,0.5,-0.07142857142857145
1229,e67d71c00e156b0d32d4,0.7142857142857143,1.0,-0.2857142857142857
1229,f64b4e419787a686626c,0.4,1.0,-0.6
1230,00c0bc2505592fa83526,0.2,0.0,0.2
1230,ab88728446a5f531ff20,0.3333333333333333,0.5,-0.16666666666666669
1230,ca46eb322717ae3443bc,1.0,0.5,0.5
1230,df0b295860cb9022b49b,0.0,1.0,-1.0
1231,1aa8f4f1f247aac8ae8a,1.0,1.0,0.0
1231,1c84bee6c89b8b7ea19e,0.75,0.0,0.75
1231,e2993aff8f90f4d7b0b0,0.8,1.0,-0.19999999999999996
1231,e33eab7c04621ffcdd15,0.75,1.0,-0.25
1232,4e761bf80864992f30c2,0.7,0.5,0.19999999999999996
1232,5bb242267d0696fc80b3,0.3333333333333333,0.0,0.3333333333333333
1232,aeb65ed53d690513191b,0.2857142857142857,1.0,-0.7142857142857143
1232,b943ab421ba6430e28df,0.5,1.0,-0.5
1232,ed36df7173100bac779a,0.3,0.5,-0.2
1233,42343226ac9be5c59a72,0.4,0.0,0.4
1233,4359719039a558216b2c,0.6666666666666666,0.5,0.16666666666666663
1233,6d2475d6d0b01cd188d8,0.6666666666666666,0.5,0.16666666666666663
1233,b5c5fd2e3d894ffb5ed1,0.5,0.0,0.5
1233,c79b9983055b959413d5,0.5,0.5,0.0
1234,184fb6db08cfb71f5024,0.5,0.5,0.0
1234,1a0d3caa4df8fc910a67,0.75,0.0,0.75
1234,8872ee66899e87458d33,0.5,0.0,0.5
1234,e37794e334d524bf5aac,0.75,0.5,0.25
1235,3ff0597c8a024e1d6243,0.6,0.5,0.09999999999999998
1235,4e87afb8ff7e6c10a990,0.5714285714285714,0.5,0.0714285714285714
1235,70cb6a197fcad73c02af,0.6666666666666666,0.5,0.16666666666666663
1235,edde98d92659b8738d58,1.0,0.5,0.5
1236,675bf91727756d422a56,1.0,0.0,1.0
1236,84004c83435b5d87a133,1.0,0.0,1.0
1236,8fe2ce4507b4b0fcf4bf,0.7777777777777778,1.0,-0.2222222222222222
1236,b0e70a8d01efdeb5706a,0.5333333333333333,0.0,0.5333333333333333
1237,2a70b98a2e73b6e9815d,0.75,1.0,-0.25
1237,3d24c59331805518b919,0.6666666666666666,0.0,0.6666666666666666
1237,6d2bd60dfc9436212774,0.3333333333333333,0.0,0.3333333333333333
1237,c405fa267a9618bc04d0,0.42857142857142855,0.5,-0.07142857142857145
1238,2d325f0549ae70f95d3e,0.5,1.0,-0.5
1238,d5e192c6c2dc9b92187d,0.5,0.5,0.0
1238,d659c78fefc322566d14,0.6,1.0,-0.4
1238,de14731b30ba42c53b54,0.75,0.5,0.25
1239,3401b4c9b54dfeac6507,0.6666666666666666,1.0,-0.33333333333333337
1239,5c84cc9c358895e773d7,0.8,1.0,-0.19999999999999996
1239,6d75d8cf86f10ce50196,0.6666666666666666,0.5,0.16666666666666663
1239,9c5380ba4a1537df0d42,0.5,1.0,-0.5
1241,feb28ec1859075e971c1,0.8,0.5,0.30000000000000004
1242,676b4070f2c717b4647e,0.8,0.0,0.8
1242,c0c47f460f776d278c27,0.625,1.0,-0.375
1243,a02b85e0d7b7560fd59c,0.3333333333333333,0.5,-0.16666666666666669
1243,aeb9ac5d872cb71f8274,0.6666666666666666,0.5,0.16666666666666663
1243,e43e7fbac9596fa26a57,0.6666666666666666,0.0,0.6666666666666666
1244,407cd61a109cb64e101b,0.25,1.0,-0.75
1244,6fd2a6a11fd73c1a9e24,0.8333333333333334,1.0,-0.16666666666666663
1244,ae1a086feb9ed3f6f3e7,0.6,0.5,0.09999999999999998
1245,353fa6302c517564beaa,0.25,0.0,0.25
1245,5f704ef76843739483d3,0.6666666666666666,1.0,-0.33333333333333337
1245,761b8319eaecba41e4ad,0.8,0.0,0.8
1246,28f8116d46a6f1c3ebf7,0.4,1.0,-0.6
1246,29e662887a02a2880c67,0.3333333333333333,1.0,-0.6666666666666667
1246,457acf58bf4faa39cb98,0.0,0.5,-0.5
1246,cb480d8d6754eaa2cdb4,0.5,0.5,0.0
1247,1f3ce77669e0b1086e3c,1.0,0.0,1.0
1247,40d7ee0e35ea8eed799c,0.0,0.0,0.0
1247,724893dc1ad8e76d1f40,0.5,1.0,-0.5
1247,aa02f8f6e67e366f0ef7,0.0,0.0,0.0
1247,ff7e2001c476931acbc0,0.0,0.0,0.0
1249,1be2d8b13b362feccb4a,0.6666666666666666,0.5,0.16666666666666663
1249,6b0ba8b77f0933c9c9bd,0.6666666666666666,1.0,-0.33333333333333337
1249,774b43fb3a64e09e3316,0.6666666666666666,0.5,0.16666666666666663
1249,a1c01535ed1efa245f2d,0.6666666666666666,0.5,0.16666666666666663
1250,e33a99df8a1db2314633,0.5,1.0,-0.5
1251,1607fdb77e832cd0cece,0.8461538461538461,1.0,-0.15384615384615385
1252,25ca22c58feb75c9296a,1.0,1.0,0.0
1252,329bd93a5fafdc1de46e,0.5,0.5,0.0
1252,706b723ec422bd7dd50e,0.75,0.0,0.75
1252,a24c42c4fce6c8b8f6c2,0.3333333333333333,0.5,-0.16666666666666669
1253,343698b367b48cb962ad,0.42857142857142855,1.0,-0.5714285714285714
1253,4c5a1b8a7d215ce0cc2d,0.8333333333333334,0.0,0.8333333333333334
1253,b27ce7d9ff71298e34fa,0.4,0.0,0.4
1253,cb1ca4580a293f4bb734,0.3333333333333333,0.5,-0.16666666666666669
1253,ccb15cf2372d002dec94,0.3333333333333333,1.0,-0.6666666666666667
1254,c4ede22f2af54fd3597a,1.0,0.5,0.5
1254,e6460887fada3e9721b4,0.8333333333333334,0.5,0.33333333333333337
1255,fe058e02acb7e01b5661,0.5,0.5,0.0
1256,125b355349040199c26b,0.6,1.0,-0.4
1257,cb265f4b52a9ca81a9fc,0.5,0.5,0.0
1257,d85a6f540235b5e14bed,0.25,0.0,0.25
1258,26dbf942df2805732393,1.0,0.5,0.5
1258,a9140ffe025036c2b4c7,0.75,0.0,0.75
1258,c65f22ad2e70dbbd8008,0.8,1.0,-0.19999999999999996
1258,d59503867fde3bfc3010,0.25,0.5,-0.25
1259,b45de993930be47f83be,0.7142857142857143,0.5,0.2142857142857143
1259,e05322963e4115522b33,0.5,0.0,0.5
1259,fb4e15ae0a727137b834,0.7,1.0,-0.30000000000000004
1260,3dd2f09c2d395e5cb615,0.8888888888888888,0.5,0.38888888888888884
1260,8b642dd299f19a23916c,0.5,1.0,-0.5
1260,a4427c2e94b4335060c6,0.7272727272727273,0.0,0.7272727272727273
1261,2e24c3989b0100311305,0.4,0.0,0.4
1261,aa0e5815790052fba158,0.75,0.5,0.25
1261,b580a0af0631430f2d39,0.6,1.0,-0.4
1261,bc3310be01fc22baef03,0.8,0.5,0.30000000000000004
1261,ea17017f5ec78824efdf,0.8,1.0,-0.19999999999999996
1262,0da08d814742cff4eeab,0.25,0.0,0.25
1262,15460bab58feec4fd1b0,0.5,0.0,0.5
1262,99736fa18a6090375bf2,0.4444444444444444,0.0,0.4444444444444444
1262,d88cc3c84412f5637a04,0.4,0.0,0.4
1262,f055d47c98301ea5c6c9,0.2857142857142857,0.5,-0.2142857142857143
1263,1d5d0aafc502ca214a3e,0.7777777777777778,0.5,0.2777777777777778
1263,411865af5283c36f389f,0.5,0.0,0.5
1263,4d6f5ff942a638b0a79a,0.7857142857142857,1.0,-0.2142857142857143
1264,a2900ec5eff75591d095,0.75,0.0,0.75
1264,d9cc2070be7d13a7acb4,0.5,1.0,-0.5
1265,41277aef9959307b808b,0.5,1.0,-0.5
1265,5b2f74863650bf7f5122,0.7142857142857143,1.0,-0.2857142857142857
1265,5e4e7698800d06bb5cd2,0.6,1.0,-0.4
1266,6dba1357ae7ebdff6cf7,0.75,0.5,0.25
1266,830b1abe1b366bdd7698,0.8333333333333334,0.0,0.8333333333333334
1266,88a31d79d24cb354329b,0.6666666666666666,0.5,0.16666666666666663
1266,d5531c6bbe4cff551cf4,0.5,1.0,-0.5
1267,1c15f474649637d814e3,0.6666666666666666,1.0,-0.33333333333333337
1267,654dc288bba56da38d86,1.0,0.5,0.5
1267,85843cf01686577e6063,0.3333333333333333,0.0,0.3333333333333333
1267,c0d4865fe7a749503bab,0.6666666666666666,1.0,-0.33333333333333337
1267,e72cd64a4e70297ad8a1,0.6666666666666666,0.0,0.6666666666666666
1268,0b262acda36639aee340,0.8,1.0,-0.19999999999999996
1268,4db4eeb220dc593ca6ec,0.4,1.0,-0.6
1268,af339375b5b69b7796d9,0.8,1.0,-0.19999999999999996
1269,f5c7aeceaad64f516599,0.6,0.5,0.09999999999999998
1269,f961487fa326c257ccf0,0.6666666666666666,0.0,0.6666666666666666
1270,823f753217aa88f65dcd,0.3333333333333333,1.0,-0.6666666666666667
1270,a4879813c1ee06cc334d,0.7142857142857143,0.0,0.7142857142857143
1270,e961ccf87423ee1455a4,0.6666666666666666,1.0,-0.33333333333333337
1271,01ee5255a84ad5e1740a,0.6666666666666666,0.0,0.6666666666666666
1271,608d2e54a9808faa931f,0.8,0.0,0.8
1271,81224986324145029ebf,1.0,0.5,0.5
1271,a70604ddb39eaa176e71,1.0,0.0,1.0
1271,c8015a8ed2a2010113d4,0.6666666666666666,0.5,0.16666666666666663
1272,15ee3a81fc1e58e54c4d,0.5,0.5,0.0
1272,50fab6daa3ecba08edf7,0.5,0.0,0.5
1272,5ef764fa9d4e14920ff2,1.0,0.0,1.0
1272,6311494b1d795c7c9da5,1.0,0.5,0.5
1272,c2cfc57b5bbd6366080b,0.5,0.5,0.0
1273,3bb94395f71527c30c52,1.0,1.0,0.0
1273,6673c6195b52de792825,0.0,0.0,0.0
1273,6dd52b53464bbeee168b,0.5,1.0,-0.5
1273,dc9c43892e06a4452bf1,1.0,0.0,1.0
1273,fd7071092e5e7b5ca086,1.0,0.0,1.0
1274,0d97bab31a7ec46dc89d,0.0,0.5,-0.5
1274,14aa5dc91317c64b07e8,0.5,0.5,0.0
1274,30b284b845727a1d6148,0.5,0.5,0.0
1274,7356fd7f5bdc78c453d8,0.0,0.5,-0.5
1274,f251c895496490e1f4a9,0.0,0.0,0.0
1275,13e45b3293170e008841,0.0,0.5,-0.5
1275,4deb7584fc2f4dc89577,0.0,0.5,-0.5
1275,adf6b3320040a844ae16,0.0,0.5,-0.5
1275,b587eb89fead0d040637,0.0,0.0,0.0
1275,d5c886d1ecf17e40838c,0.0,1.0,-1.0
1276,3862a5d1fbe858e9ac1a,0.0,0.0,0.0
1276,68a46f6bf1e0a1b70a49,0.0,0.0,0.0
1276,6e2b808b02dd5cb62c73,0.6,1.0,-0.4
1276,85dddee40aeb05bbd95c,0.0,1.0,-1.0
1276,f3b0fe57215dde578475,0.0,1.0,-1.0
1277,3df92496fda25dc0f207,0.3333333333333333,0.5,-0.16666666666666669
1277,43046d7931bf54ead6dd,0.0,1.0,-1.0
1277,54ceb41f086fc4d32271,0.0,0.0,0.0
1279,0aa051000029627b1d22,0.5,0.0,0.5
1279,344f910ebf4a51262113,0.7272727272727273,0.5,0.2272727272727273
1279,52be19a84bb3e90a2287,0.6666666666666666,1.0,-0.33333333333333337
1279,9cfef39c6b5ef734ea3e,0.8333333333333334,1.0,-0.16666666666666663
1281,e6de5650840a5ce383c9,0.3333333333333333,0.5,-0.16666666666666669
1284,f886d96d212fa3d329e8,0.6666666666666666,0.5,0.16666666666666663
1285,340531e6e8e590fada1a,0.42857142857142855,0.0,0.42857142857142855
1285,398cb03ba2e09bedcedf,0.7142857142857143,0.0,0.7142857142857143
1285,84d4b78a8730974b4119,0.5,0.0,0.5
1286,cff1ada14f6d5a068ec9,0.75,0.5,0.25
1287,95aacd973cadc3ae0e5e,0.6666666666666666,0.5,0.16666666666666663
1287,bf53ab3d914d1037297d,0.25,1.0,-0.75
1287,f915d1f631767a438b32,0.8,1.0,-0.19999999999999996
1288,82244582c485fe5a581a,0.6,0.0,0.6
1288,c119ed92307d8b2ffb20,0.6666666666666666,0.5,0.16666666666666663
1289,2df8ae2241db0b824978,0.5,0.5,0.0
1289,49799ad8a5d8fae24abf,0.6666666666666666,0.0,0.6666666666666666
1289,d2ed70ab7c6662c21f80,0.5,1.0,-0.5
1289,ff2874ec51edd8ea22eb,1.0,1.0,0.0
1290,5c80471d9f3fdee8b151,0.6428571428571429,0.0,0.6428571428571429
1290,7a61f6daa3c3c024ed0c,0.38461538461538464,0.0,0.38461538461538464
1290,fa7c6222d04b2d2a8f2c,0.6,0.5,0.09999999999999998
1291,797f71a44fe5bb822eaf,0.8,1.0,-0.19999999999999996
1291,9d646dffaf8163fa10f2,0.5,0.5,0.0
1291,ab4afb785c1671d7be0b,0.2,0.0,0.2
1291,e7cbf974117e4ecd389d,0.5,0.5,0.0
1292,108976030b6b345aaea2,0.7,0.0,0.7
1292,ce5010d3214f0ff5f416,0.42857142857142855,0.5,-0.07142857142857145
1292,fb58baca270df26fdc26,0.46153846153846156,0.0,0.46153846153846156
1293,0e160edd994bc9646a95,0.4,0.0,0.4
1293,2d4baf6957f51d054292,0.6363636363636364,0.5,0.13636363636363635
1293,904dfd4833703ce0ba3f,0.6666666666666666,1.0,-0.33333333333333337
1293,aae1ab2a5abd8a01168e,0.45454545454545453,0.0,0.45454545454545453
1294,6e67c69495b580669ff2,0.0,0.5,-0.5
1294,d4e5b228dae8beb107bf,0.4444444444444444,0.5,-0.05555555555555558
1295,13900068ff2df1dbe08e,0.8,0.0,0.8
1295,257f7c46dd2d26506975,0.75,0.5,0.25
1295,35ac50789ae8130d7ec9,0.6,1.0,-0.4
1295,374ef4a39687fa737c78,0.5,1.0,-0.5
1295,72baef96bb4aa1ee28ef,0.75,1.0,-0.25
1296,4f5bcb67f002012ed865,0.8333333333333334,0.5,0.33333333333333337
1296,9d8f55b1b6cc407e89a4,0.5,1.0,-0.5
1296,c3a171b75bd1e1e1446e,0.0,1.0,-1.0
1296,ea55559bbeb6838ce49a,0.25,0.5,-0.25
1297,c74cd57318ab82a2e3a2,0.5,0.5,0.0
1297,ca7903bb4aa3ed862ce6,0.5,0.0,0.5
1297,cd192780a1671d64e4b7,0.6,0.5,0.09999999999999998
1297,dc815c992b0dc5ada653,0.3333333333333333,0.5,-0.16666666666666669
1297,f37a91631cc0ba92d3e2,0.2,0.5,-0.3
1298,953c51d1345997bb8f85,0.25,0.0,0.25
1298,a1ccb262eaa94ce52ca8,1.0,0.5,0.5
1299,1367c2f4add7e1408bad,0.3333333333333333,1.0,-0.6666666666666667
1299,a22314885a5bef96f198,0.6666666666666666,1.0,-0.33333333333333337
1299,b1e5b0fc3d3d2a91aebb,0.75,0.0,0.75
1299,d3598ebe364f6a8dbf1c,0.6666666666666666,0.5,0.16666666666666663
1299,efad3816ec0487fa5b13,0.6666666666666666,0.5,0.16666666666666663
1300,08ae7d3baa28dd006268,0.5,1.0,-0.5
1300,266ca7411702f583f8dd,0.625,0.5,0.125
1300,a937bbcec7122f76c443,0.0,0.5,-0.5
1300,f69f15651cab7239a466,0.625,0.5,0.125
1301,0f811d4e4e5c580986fe,1.0,0.0,1.0
1301,7aa9fc3be1b263875c32,0.7777777777777778,0.5,0.2777777777777778
1302,2d4da750b75c5fc19542,0.6666666666666666,0.5,0.16666666666666663
1302,cc8406697413cbb93f7e,0.5,0.0,0.5
1305,1ed6702da4deac7a1f4d,0.5,0.5,0.0
1306,3457ccf6d2769d8df796,0.3333333333333333,1.0,-0.6666666666666667
1306,7f310029bc596c13dfc7,0.75,0.5,0.25
1308,27ca6ee963d7f778b4d1,0.6153846153846154,0.0,0.6153846153846154
1308,428940b13827f407a99f,0.6363636363636364,0.5,0.13636363636363635
1308,49a7e65110d8fe83c48f,0.9230769230769231,1.0,-0.07692307692307687
1309,6ebd936308726f0dfae0,0.8235294117647058,1.0,-0.17647058823529416
1309,8daacec6d0938b4ba099,0.5333333333333333,0.0,0.5333333333333333
1309,b4e21dd40191ebbed9ec,0.6666666666666666,0.5,0.16666666666666663
1309,e308dbae5d907b7825bf,0.5555555555555556,0.0,0.5555555555555556
1310,229acbeef86480a998f7,0.5,0.5,0.0
1310,69312fd250bd8849001b,0.25,0.5,-0.25
1310,aa1661cf056e21b101af,0.6,0.5,0.09999999999999998
1310,affa35436b659b07abbb,0.0,0.0,0.0
1311,0c2fab0a38521d1bf3e3,0.6363636363636364,1.0,-0.36363636363636365
1311,169deffadc442014064a,0.8888888888888888,0.5,0.38888888888888884
1311,ac6649943ca81ab54d02,0.6363636363636364,0.5,0.13636363636363635
1311,c2c299d9212a052fb588,0.6153846153846154,1.0,-0.3846153846153846
1312,a830d365ce0e95ed7543,0.8,0.5,0.30000000000000004
1312,ade4c6334ceee35ce3ce,0.5714285714285714,0.5,0.0714285714285714
1313,24ecac61343da834b061,0.6666666666666666,0.5,0.16666666666666663
1313,7aec8ff5ce7d66d9461e,0.5714285714285714,0.0,0.5714285714285714
1313,944c8f90305af40962ad,0.25,1.0,-0.75
1313,af1794056f03f399f1ae,0.25,0.5,-0.25
1313,ced6c7090c18a9f051fb,0.5,0.0,0.5
1314,162470cfe8fb92251358,0.3333333333333333,0.5,-0.16666666666666669
1314,d860db3036d144dc2497,0.6666666666666666,1.0,-0.33333333333333337
1314,daebc59f9d3c33378073,1.0,0.5,0.5
1315,10f6017f5bdc14970493,0.5714285714285714,0.5,0.0714285714285714
1315,590999d708105127d5c2,0.5,0.0,0.5
1315,df101fd3f2f6093eb954,0.5,1.0,-0.5
1316,3cd17659d0097866af5c,0.7,0.0,0.7
1316,4425bf4401d1f578acd3,0.0,1.0,-1.0
1316,9e249d66025de590436e,0.75,0.0,0.75
1316,d30b1fa2bdc74eeec818,0.4,1.0,-0.6
1316,fcee14eeaa63fafbd9a9,0.8,0.0,0.8
1317,1c858d97b894f038052f,0.8,1.0,-0.19999999999999996
1317,47552100b755e819f6ff,1.0,1.0,0.0
1317,b1fcead468ce42c22d9a,1.0,1.0,0.0
1317,c5f89e235fce17f1c080,0.9333333333333333,1.0,-0.06666666666666665
1317,f09fb55ddf7765b1644f,0.8,0.0,0.8
1318,59e9895b064ccd47928a,0.5714285714285714,1.0,-0.4285714285714286
1318,a375113c0edaef184900,0.5454545454545454,0.5,0.045454545454545414
1318,e843142866dbc71e62b4,0.42857142857142855,1.0,-0.5714285714285714
1319,3775cfa3d3e7124d54db,0.2857142857142857,0.0,0.2857142857142857
1319,3913129627b83d7e9172,0.7142857142857143,0.5,0.2142857142857143
1319,b0cda062bca60f85d030,0.375,0.5,-0.125
1319,cb0a48d750485fdeecff,0.8,1.0,-0.19999999999999996
1320,241fae0a027bd068dcb0,0.5,0.5,0.0
1320,3a5f83663287cdf75f2f,0.25,1.0,-0.75
1321,3d738e2eecd57800ae88,0.6666666666666666,1.0,-0.33333333333333337
1321,49855956e2ee90bb76a3,0.5,0.5,0.0
1321,a02446765ade166ae35e,0.5,0.5,0.0
1322,3cb41a8cd965f8c7bfa5,0.25,0.5,-0.25
1322,5fba0addf1ed3d61b90a,0.0,0.5,-0.5
1322,6d70fb920b20d54198db,0.0,0.0,0.0
1322,99510d1cdf8356161a39,1.0,0.5,0.5
1323,1b8e4fb096ea49b55067,0.5,0.5,0.0
1323,692d32960b17483ce297,0.0,0.5,-0.5
1323,847f5d8c799489466cff,0.0,0.0,0.0
1323,b5cfb725a6feb3b4ce87,0.0,0.0,0.0
1324,4c916ac33dda33edb4d7,0.75,0.5,0.25
1324,5bc9a42b2a4ffe135008,0.5,1.0,-0.5
1324,7dbecaf95ca4984528cf,0.2,0.5,-0.3
1324,e3bf0d04027870c2ec34,0.375,0.5,-0.125
1325,1962fc98c5de5e5fb0a6,0.2,0.5,-0.3
1325,5123657b474e9162d1c8,0.4,0.5,-0.09999999999999998
1325,5c5049e74a06f5bda417,0.4,0.5,-0.09999999999999998
1325,dd5a4ea4c07af2dd3283,0.3333333333333333,0.5,-0.16666666666666669
1326,4484d6a4350583396070,0.75,0.0,0.75
1326,5340567c53234d6bb4d7,0.2,0.5,-0.3
1326,582387bb8f650b089632,1.0,0.5,0.5
1326,d6a7c4674be7e0291ad6,1.0,1.0,0.0
1326,e4e97d969ec836fedaa9,0.25,0.5,-0.25
1327,05438804ee71800f3506,0.16666666666666666,0.0,0.16666666666666666
1327,1a7c4a213290e5fbc095,0.3333333333333333,0.5,-0.16666666666666669
1327,c22d78285086ab01471b,0.5,0.5,0.0
1328,19f0c2edf596ae6137fc,0.5,0.5,0.0
1328,a556c8123210e109bdd0,0.5,0.5,0.0
1328,b622b5d717a727399abc,0.6,0.0,0.6
1328,e12f09ed4ed31e74732c,0.3333333333333333,0.0,0.3333333333333333
1329,199aee98b44b41ca8df1,0.5,0.5,0.0
1329,1b3eab8bad5bc14633e3,0.4,1.0,-0.6
1329,819d84b5e555d40213e1,0.2,1.0,-0.8
1329,f9fadbe90855e4abdb4e,0.3333333333333333,0.5,-0.16666666666666669
1330,0ea6fd5b4230f9e3d8f4,0.4,0.5,-0.09999999999999998
1330,8684d08f8525de473be3,0.25,0.5,-0.25
1330,a188e24e085a475c4bda,0.6666666666666666,0.5,0.16666666666666663
1330,beec5c049788b58cbecf,0.3333333333333333,0.0,0.3333333333333333
1331,4ce62bd099e22cd389ef,0.2,1.0,-0.8
1331,a895db7d162a68a38804,0.5,0.5,0.0
1331,af118f62dab6d40c6e88,0.5,1.0,-0.5
1331,b840869e09c2e6248124,1.0,0.0,1.0
1332,29de44d26737e8e90e4a,1.0,0.5,0.5
1333,4a3a825c964ce49288e8,0.25,0.5,-0.25
1334,2ce97704f88ea891a7ef,0.0,1.0,-1.0
1334,7e9576c04ef2e70b2f9a,0.6,0.5,0.09999999999999998
1334,b0bc60b717d0f8858659,0.2222222222222222,0.0,0.2222222222222222
1335,6f60d1b4e4e12d8b0bef,1.0,0.5,0.5
1335,7daa14ff6055f50598f0,0.5,1.0,-0.5
1335,c3900db02a3000c00ffd,0.3333333333333333,0.5,-0.16666666666666669
1337,1db3c70e3c968a009960,0.6,0.0,0.6
1337,5215429f746992e910e3,0.8333333333333334,0.5,0.33333333333333337
1338,15eeea47c69fdfa99d8c,0.6,1.0,-0.4
1338,7721ac42178fde16c548,0.75,0.5,0.25
1338,b84093cfc4852a3d0efb,1.0,1.0,0.0
1338,bcc251ee391919bb7739,0.625,1.0,-0.375
1339,14b9ce956016e9002112,0.25,0.0,0.25
1339,41b0a19a9ac078fb1943,0.3333333333333333,1.0,-0.6666666666666667
1339,7d6f98cc9a9f046990a3,0.6666666666666666,1.0,-0.33333333333333337
1339,e2df6d728099d441b485,0.6666666666666666,0.0,0.6666666666666666
1339,e58c6556abea14e81611,0.0,0.5,-0.5
1340,858fbd50c0c97f3b9039,0.0,0.5,-0.5
1340,f1422e59ed279051e203,0.0,0.5,-0.5
1340,f1b87b012525b8af63a7,0.5,0.0,0.5
1340,f1f4dbbbf475e5277132,0.6666666666666666,0.5,0.16666666666666663
1341,1935cf693b6d713dcf12,0.4,0.0,0.4
1341,3eddb0c89f9adefc9b4c,0.3333333333333333,0.0,0.3333333333333333
1341,5d1615cd55e5fa2e1fa8,0.6666666666666666,1.0,-0.33333333333333337
1341,abeee99ac7df3ca38aa5,0.3333333333333333,1.0,-0.6666666666666667
1341,d7a285b04766a28eec70,0.6666666666666666,1.0,-0.33333333333333337
1342,0c979292e49d1e0fe8ca,0.625,0.5,0.125
1342,25226101eed0b1776c17,0.75,0.0,0.75
1342,c996de76b1869723e772,1.0,1.0,0.0
1342,e38e12bc1dd9bdd835fe,0.8,1.0,-0.19999999999999996
1343,0d98f39582385c68b9ba,0.75,1.0,-0.25
1343,487ffd89ee885dcb0a67,1.0,1.0,0.0
1343,928ab7d2cf763db704ec,0.75,1.0,-0.25
1343,b742edfe13592479f97e,1.0,1.0,0.0
1343,e9ffaed7e60261ed4515,0.7142857142857143,0.5,0.2142857142857143
1344,d55595375aa5eb3fe8d9,0.5,0.5,0.0
1345,251392a41d9826bcb1e5,1.0,0.0,1.0
1345,cd8704f0926d45ca5ecc,0.6666666666666666,0.5,0.16666666666666663
1345,dda7a38f3c8b2abc4fc3,0.3333333333333333,0.0,0.3333333333333333
1346,32be9b9bc833ca85dee6,0.8,1.0,-0.19999999999999996
1346,519d3627e4cbbc5f70f4,0.5,0.5,0.0
1347,bae6fa1197f6c57bc976,0.5,1.0,-0.5
1347,e5d0cf212f03e539ac9d,0.625,0.0,0.625
1348,4a70960c9ccb31989e91,0.7142857142857143,1.0,-0.2857142857142857
1348,61c4e13c12ee8b9b82b0,0.8461538461538461,0.0,0.8461538461538461
1348,6597c9ab90a8730c479f,0.5,0.0,0.5
1348,aceab1c28c24f55ecba6,0.7692307692307693,0.0,0.7692307692307693
1348,b066ad44cee76cff8e2c,1.0,0.0,1.0
1349,0babf4457e8cf253a56c,0.75,1.0,-0.25
1349,1382d1297965512082a5,0.0,0.5,-0.5
1349,21c97e4937225162257b,0.5,0.5,0.0
1349,c59239847fe786be8763,0.5,0.0,0.5
1349,f8b193864a984d0c10b5,0.5,0.0,0.5
1350,0d02d005003e7719598a,0.4,0.5,-0.09999999999999998
1350,1fb7e49025db61cbc67c,0.6666666666666666,1.0,-0.33333333333333337
1350,bae19de092034aada783,0.4,0.5,-0.09999999999999998
1350,c04d2bb0bc7c6290f8e7,0.5714285714285714,0.0,0.5714285714285714
1350,cd252c7fb831f5d8036d,1.0,0.5,0.5
1351,35754cee36be8b6d6eaa,0.6666666666666666,0.5,0.16666666666666663
1351,c9eaa391d9f57c4101e4,0.3333333333333333,0.0,0.3333333333333333
1351,edaf8e94e051855f7038,0.3333333333333333,0.0,0.3333333333333333
1352,1ee59ff0a44701c957ce,0.3333333333333333,1.0,-0.6666666666666667
1352,d3a076581f828c7d4e19,0.3333333333333333,0.5,-0.16666666666666669
1352,f62886e576026bc74ee9,0.8333333333333334,1.0,-0.16666666666666663
1352,fda78eb635033d8e1593,0.7142857142857143,1.0,-0.2857142857142857
1353,26249c9182a7cc922a32,0.6666666666666666,1.0,-0.33333333333333337
1353,5f636f9d9c88fcdb3be4,0.6666666666666666,0.5,0.16666666666666663
1353,c8b598071e231b124dbf,0.3333333333333333,1.0,-0.6666666666666667
1354,2674147e1ea9d3db6c6b,0.6666666666666666,0.5,0.16666666666666663
1354,86e1ffa0cf20d8448723,0.6666666666666666,0.5,0.16666666666666663
1354,9e18a0cc95bb739f19eb,0.6,0.5,0.09999999999999998
1354,aa51acb5cd653c884a04,0.3333333333333333,0.5,-0.16666666666666669
1354,df15254ff459138ad387,0.5,1.0,-0.5
1355,33f8bf23478f9d813981,0.8,0.0,0.8
1355,68ca88bf58aee2301882,0.6,1.0,-0.4
1355,9abb577a6dcfe4337718,0.8,1.0,-0.19999999999999996
1355,c157f535ef02be0b0cdf,0.6666666666666666,1.0,-0.33333333333333337
1355,e2771b2d6411fb974e05,0.8,0.5,0.30000000000000004
1356,15c971f4d09ac2650678,0.8,0.0,0.8
1356,3bf81d1dc6d1082b0484,1.0,0.5,0.5
1356,5b7f87d9556ac225c8a6,0.875,1.0,-0.125
1356,5b81a4da379baed40d2e,0.8,0.5,0.30000000000000004
1356,5c8036d603347ce1f00b,0.8,0.5,0.30000000000000004
1357,139a0e9cc569810719ec,0.8,0.5,0.30000000000000004
1357,4607667fed84972d5d63,0.9,1.0,-0.09999999999999998
1357,4af083cde56e17607b52,0.8,0.0,0.8
1357,7a9d5ef91ef6e569162e,0.6666666666666666,0.5,0.16666666666666663
1357,a5ce78901d8da5ae2999,0.75,1.0,-0.25
1358,37cd85bdfecd2816c919,1.0,1.0,0.0
1358,fa5ee398b6213ed29955,0.6666666666666666,1.0,-0.33333333333333337
1359,5bdfdabf7d61054754c2,0.75,0.0,0.75
1359,88177730a0548c771c3e,0.3333333333333333,1.0,-0.6666666666666667
1359,dfc320c8b2d78a703860,0.5,0.0,0.5
1361,30e405bc475541b1a48e,0.25,0.5,-0.25
1361,bfc991140ebab97294b3,0.5,0.5,0.0
1361,ff9b73055698de6736e5,0.3333333333333333,0.5,-0.16666666666666669
1362,165e9c339975720b86f9,0.7777777777777778,0.5,0.2777777777777778
1362,1a3ca89c3d8afc5af5be,0.36363636363636365,1.0,-0.6363636363636364
1362,6d20ac5527fcc3c74cfe,0.5,0.5,0.0
1363,06d35be977e61e9af52e,0.375,0.5,-0.125
1363,3d78d85a2015e1ed2c4d,0.4,0.0,0.4
1363,67620537a772850e17c7,0.6,0.5,0.09999999999999998
1363,903716efe9fde80b9de5,0.8,0.5,0.30000000000000004
1363,a6e01dc1c5fa67eb26a5,0.8,1.0,-0.19999999999999996
1364,39990be29179a47b2931,0.5454545454545454,0.5,0.045454545454545414
1364,72b0e59030c80f0d6842,0.6,0.5,0.09999999999999998
1364,82b506acc2ec5ec92a77,0.8333333333333334,0.5,0.33333333333333337
1364,df692d4f24003f45dc68,0.375,1.0,-0.625
1365,8054ece7b5a6169f2609,1.0,1.0,0.0
1365,a955357ef7d145a27f72,0.5,1.0,-0.5
1365,b375c4c2b334f682082f,1.0,1.0,0.0
1366,90dcec07bfb355596327,0.75,0.5,0.25
1367,1a43a2fbee3beec0664f,0.6666666666666666,0.5,0.16666666666666663
1367,486c33284851240fa16b,0.0,1.0,-1.0
1367,ef9e2cacebfa882128b5,1.0,0.5,0.5
1368,a187e49145fc4a7eb210,0.5,0.5,0.0
1368,be6eb72cca57432d643a,0.5,0.5,0.0
1368,c5868cfc682f3c1f1ab2,1.0,1.0,0.0
1369,55f4cad7de662a84a947,1.0,0.5,0.5
1370,9df16b30915cfc4ca6da,0.5,0.5,0.0
1370,dd5d2eb5cd662be2d069,1.0,0.5,0.5
1370,f297ee016d42ecae5724,0.5,0.5,0.0
1370,f92071e61c953e4222b2,0.6,0.5,0.09999999999999998
1370,fab5d9be091691f4eed5,0.5,0.5,0.0
1371,4b12b5c2299aee073c2b,1.0,0.0,1.0
1371,5ab82330ff3338913931,0.75,0.0,0.75
1371,b3b9c47bf5b8c50e91ba,1.0,0.5,0.5
1371,dfc51cefff9257b3fb57,1.0,1.0,0.0
1372,7f004770963353a83002,0.5,0.5,0.0
1372,897399d2753d6a9b03fa,0.75,0.5,0.25
1373,11a410fbead94cdb642a,0.6666666666666666,1.0,-0.33333333333333337
1373,9b0e7329cf8bfaba5efa,0.6666666666666666,0.0,0.6666666666666666
1373,9e1a174f5de77a404020,0.6666666666666666,0.0,0.6666666666666666
1373,b1db375ea52d2ede9788,0.5,1.0,-0.5
1374,04c84e4c32a0e848d254,0.6666666666666666,0.5,0.16666666666666663
1374,42c0118ae6b3efc07868,0.25,1.0,-0.75
1374,93dd48cbcb4a35a2e3aa,0.75,0.5,0.25
1374,9d2ead19f251cd0df7ac,0.8,0.5,0.30000000000000004
1374,d579d057675234bf6241,0.75,0.5,0.25
1375,1de1d34ae938c1e008ff,1.0,0.5,0.5
1375,3767cf07977f82b005f8,0.8,0.0,0.8
1375,6594616bcf50bd5663b9,0.7142857142857143,0.5,0.2142857142857143
1375,69e74e7ae2e2982cfc56,0.7142857142857143,1.0,-0.2857142857142857
1375,713e7e69306bcab90d22,0.6666666666666666,1.0,-0.33333333333333337
1376,044e07bc23b11f013383,0.4,0.5,-0.09999999999999998
1376,04f628ab5aedd4054b68,0.5,0.5,0.0
1376,d7210a149ad12e8a67a7,0.6,1.0,-0.4
1377,12d7d888bf870ecc3057,0.5,1.0,-0.5
1377,1467e20c2cdefcabd5f6,0.5,0.5,0.0
1377,1a10e63d626c5cebe1a0,0.75,0.5,0.25
1377,2bd118576e9a321eaaab,0.8,1.0,-0.19999999999999996
1377,71a6b20306d8bb5a7340,0.75,0.5,0.25
1378,4edb25fc96d89eef562e,0.8333333333333334,0.0,0.8333333333333334
1378,75628acda720230b676b,0.5,0.0,0.5
1378,8945b7b9495c28f2e7af,0.8571428571428571,1.0,-0.1428571428571429
1379,110c21fd2ebbc2dac681,0.25,0.5,-0.25
1379,e9ee3ee25248628143dc,0.3333333333333333,1.0,-0.6666666666666667
1379,f0c831a4ce10b9fd7670,0.6666666666666666,0.5,0.16666666666666663
1379,f99cbcb391e72fc69c45,0.25,1.0,-0.75
1380,37b1d51fbfd0dbf9d3cb,0.8,1.0,-0.19999999999999996
1380,3e17b2cc2433f0605cca,0.6666666666666666,0.0,0.6666666666666666
1380,8833c87030c95401677c,0.5,0.5,0.0
1381,07f612c64b711313abea,0.5,1.0,-0.5
1381,4b4aa78d513bc6ef2a6d,0.8333333333333334,1.0,-0.16666666666666663
1381,89976f0c202fd20e26c5,0.4,1.0,-0.6
1381,e309ce1a6f996f0b5f35,0.3333333333333333,0.0,0.3333333333333333
1382,1723f1edd9c2027dc2db,0.6666666666666666,0.5,0.16666666666666663
1382,41935659e3634f068f82,0.3333333333333333,0.0,0.3333333333333333
1382,9078409d0a468c8b95c9,0.25,0.5,-0.25
1382,ad0f1cc9604797ebba57,0.2,0.5,-0.3
1382,b726eb2356a09448e5b2,0.5,0.5,0.0
1383,108ad66befd9ac1598bc,0.6666666666666666,1.0,-0.33333333333333337
1383,2d89453843ab20c6a1c9,0.3333333333333333,0.5,-0.16666666666666669
1383,5e6e8e0789e9146f08af,0.3333333333333333,1.0,-0.6666666666666667
1383,8859815f3a9c84021f0a,0.6666666666666666,0.5,0.16666666666666663
1383,ebe35eda0eb3d1e27db2,1.0,0.5,0.5
1384,2d90a579f34000ca5895,0.75,0.5,0.25
1384,729e05342831af3d3fbe,0.25,0.0,0.25
1384,a124900062ccaa829451,0.3333333333333333,0.0,0.3333333333333333
1384,c58091b117bfd8bf6270,0.6666666666666666,0.5,0.16666666666666663
1385,81bb1db315c7b86c5d3a,0.25,0.0,0.25
1385,924b53f670e007f5d5c3,0.25,0.0,0.25
1385,ca7fcc6a062e591af9f7,0.5,1.0,-0.5
1385,ff12bde868c9d6bff1d9,0.3333333333333333,1.0,-0.6666666666666667
1386,2ed673f5c0a8ad95f236,0.25,1.0,-0.75
1386,978fcffb89f9c63681e3,0.6666666666666666,1.0,-0.33333333333333337
1386,ab26c09a4c72a40f865c,0.0,1.0,-1.0
1386,c4d73c30d10f829f5fd5,0.4,0.0,0.4
1387,1dd4e70b32ca44facde0,0.8,0.0,0.8
1387,3989e67dacd7dc54ad46,0.6666666666666666,1.0,-0.33333333333333337
1387,449d65bf3792a99a4173,0.75,0.0,0.75
1387,b2941b027000e8358e02,1.0,0.5,0.5
1388,164e83a46d2b3b694874,1.0,0.5,0.5
1388,267971d09e17a784f535,0.16666666666666666,1.0,-0.8333333333333334
1388,c79dbd87d242fd042c87,0.0,0.5,-0.5
1388,fcc1db4ee658d2cd192f,0.0,0.5,-0.5
1389,1f038f07d523ab710fbf,1.0,0.5,0.5
1389,74594564612e0e6f9b55,0.6666666666666666,0.5,0.16666666666666663
1389,b7dec6f2e26aa64aa03d,1.0,0.0,1.0
1389,e8b0caf6b7956614dce3,1.0,0.0,1.0
1391,0b5a4167bb7e8b5af88a,0.5,1.0,-0.5
1391,11d65fa30ff6cfbccbac,0.5,0.5,0.0
1391,4b27af828c202d7c28f2,0.25,0.0,0.25
1391,80129be5ffe84fabbaed,0.14285714285714285,1.0,-0.8571428571428572
1391,fe71f77b5b6ce3780ca5,0.4,0.0,0.4
1392,98b1441b04dca6cd593d,0.8,1.0,-0.19999999999999996
1392,aee2f71aa8b2a66915e2,0.5,1.0,-0.5
1394,45a1805c3870ef545766,0.6666666666666666,1.0,-0.33333333333333337
1394,5211e0e87da533f6faec,0.5714285714285714,1.0,-0.4285714285714286
1394,b8a2e1c52fbf71c4e1c0,0.6666666666666666,0.5,0.16666666666666663
1394,e694cff14905206ac8cb,0.6666666666666666,0.5,0.16666666666666663
1395,2610905d825544c10fbd,0.6666666666666666,0.5,0.16666666666666663
1395,f2e8814b23bbf594ac87,0.6666666666666666,1.0,-0.33333333333333337
1396,3110602863e0a7b9aa77,0.3333333333333333,1.0,-0.6666666666666667
1396,3656f64aace52e08f420,0.75,0.5,0.25
1396,4928ab0d0ffae5ac40e3,0.6666666666666666,1.0,-0.33333333333333337
1396,bd4b86292477ab530a66,0.42857142857142855,1.0,-0.5714285714285714
1396,edd7a7671e717152906d,0.5714285714285714,1.0,-0.4285714285714286
1397,301dd4c859079bf5306c,0.4,0.5,-0.09999999999999998
1397,61728fb1212df7e0fa6b,0.3333333333333333,1.0,-0.6666666666666667
1397,80e1f47c9a87eb05f081,0.3333333333333333,0.5,-0.16666666666666669
1397,c808e5af8a0c348050ae,0.5,0.5,0.0
1398,3bf129a6a35d8d7e7b27,0.6666666666666666,0.0,0.6666666666666666
1398,c0a0aeb42edb35ea4b26,0.6666666666666666,0.5,0.16666666666666663
1398,de968e54d9a117b4a0ca,0.3333333333333333,0.5,-0.16666666666666669
1399,29181f106d6186814592,0.75,0.0,0.75
1399,57e4f214b37e26cdd10e,0.5,0.5,0.0
1399,81e2a01ccd0e4ee0f3f0,0.4,1.0,-0.6
1399,c20b8f3ab7e3d3ea46f1,0.6666666666666666,0.5,0.16666666666666663
1400,15fe5a01c7bfa0bf258d,0.75,0.5,0.25
1400,2759dbf23543314669b2,0.8,0.5,0.30000000000000004
1400,e8f44e1dec4993888fd9,0.75,0.0,0.75
1400,f9edcae721eed6a307cd,0.6,1.0,-0.4
1401,3ecd6313719be49fd088,0.5,0.5,0.0
1401,402e3422a91e04d26c9a,0.3333333333333333,0.0,0.3333333333333333
1401,c378c7f441caaa37176b,0.6666666666666666,1.0,-0.33333333333333337
1401,f619527f7931faa9fa86,0.6666666666666666,1.0,-0.33333333333333337
1402,526d2bd16e11ec463b72,0.6666666666666666,1.0,-0.33333333333333337
1402,5ec0f5071c2dc4b05cff,0.6666666666666666,1.0,-0.33333333333333337
1402,e8dc2628df45ee69c138,0.6,0.0,0.6
1403,049bf757e9675bc62da7,0.6666666666666666,1.0,-0.33333333333333337
1403,0c652ae1f837302747fe,0.6666666666666666,1.0,-0.33333333333333337
1403,36e9f44cb6003978abad,0.6,0.5,0.09999999999999998
1403,613f9e1980fc200e0c6e,1.0,0.5,0.5
1403,cacfa0188983e1ce6e6c,1.0,1.0,0.0
1404,9dee4f0c05bc54fd99a5,0.5,0.0,0.5
1404,cd8bd36b5d22fcc137a9,0.6666666666666666,0.0,0.6666666666666666
1404,f7348a52fc55dab3ec10,0.5,0.5,0.0
1405,12a1d040090c70df3a38,0.2,1.0,-0.8
1405,7c0f355ac63b26a88f1f,0.7142857142857143,1.0,-0.2857142857142857
1405,8fb082727792cb82b44d,0.7142857142857143,0.5,0.2142857142857143
1405,c1bc330585cf1e563931,0.625,0.5,0.125
1406,adb15e04d218e5dccc5b,0.5,0.5,0.0
1406,ece12f6eba21646b1a14,1.0,0.5,0.5
1406,f43591e04c75d03ac8d9,0.8571428571428571,0.5,0.3571428571428571
1407,13e4e3c694fb92aeeb14,0.75,1.0,-0.25
1407,2554286a50e9668c80b9,0.75,0.5,0.25
1407,963a88c8271ff965f94f,0.8333333333333334,0.0,0.8333333333333334
1407,acdb212cc3cf4f4e1c2f,0.6666666666666666,0.0,0.6666666666666666
1408,451895a816e2bf4aaf62,0.6666666666666666,0.0,0.6666666666666666
1408,54932d3f65a6103ad4cb,0.6666666666666666,0.0,0.6666666666666666
1408,70eb5548cd0088a333d5,1.0,0.5,0.5
1408,cd683b4a2c41fbc28ea5,1.0,0.5,0.5
1409,1e355a48b9ff8c278f84,0.6666666666666666,1.0,-0.33333333333333337
1409,242c3ba36c2ecbd5b389,0.75,1.0,-0.25
1409,93383f77841dd0ab22f7,0.5,1.0,-0.5
1409,993bb0228153d0051861,0.25,1.0,-0.75
1409,bc23ca9cb1f573be382a,0.6,0.5,0.09999999999999998
1410,39a04641a5b4a753a8d0,1.0,0.0,1.0
1410,42cc2ff511bf8113fbf3,1.0,0.5,0.5
1410,6fad699b7785be5e6eef,1.0,0.0,1.0
1410,79df2235492d68f780ec,1.0,0.0,1.0
1410,bb40e033009c01a79803,0.6666666666666666,1.0,-0.33333333333333337
1411,4061685ee3abc4d2d367,0.6666666666666666,0.0,0.6666666666666666
1411,420e8e799717a8f15a90,1.0,0.0,1.0
1411,68b60cf1f3ce6cc05476,0.3333333333333333,0.5,-0.16666666666666669
1411,c17ca1c48862cc9cffd0,0.6666666666666666,0.5,0.16666666666666663
1412,0516d7b53beba4457853,0.5714285714285714,1.0,-0.4285714285714286
1412,3efdaef7c32617f867b6,0.8333333333333334,1.0,-0.16666666666666663
1412,3fda2e7875c9127af85f,0.6666666666666666,1.0,-0.33333333333333337
1412,4d2ab14d5877e03be2d2,0.6,0.0,0.6
1412,ded9915f16c75223a9d7,0.5,0.5,0.0
1413,1c535900233805dbdce3,1.0,1.0,0.0
1413,54b91c7412a51f75da95,1.0,1.0,0.0
1413,a284b31d35f0c07c7c61,0.6666666666666666,0.5,0.16666666666666663
1413,a7f2e0a7b96ad0599ee6,0.8333333333333334,0.5,0.33333333333333337
1413,dc6030fa8ec4db7f6426,0.6666666666666666,1.0,-0.33333333333333337
1414,0c3007072cb450f3c8a1,1.0,0.0,1.0
1414,91ebd8a5748284bf4fbc,0.6666666666666666,0.0,0.6666666666666666
1414,e1c88fdc3024bde5c5ba,0.3333333333333333,0.5,-0.16666666666666669
1415,20b21d35ab5c1fd13526,0.2,0.0,0.2
1415,3656c204a8a0450f4336,1.0,0.5,0.5
1415,b21b473c8d6c2c89d4b9,0.6,1.0,-0.4
1415,fa0ad8c1f8cd89e886e0,0.6666666666666666,0.5,0.16666666666666663
1416,1f0ba0416c4d0be2899f,0.8,0.0,0.8
1416,5c35b4863c2210740553,0.6,0.0,0.6
1416,b1e9f9629dfbdd9018a4,0.6,0.5,0.09999999999999998
1416,deefe0b234d23e991f0c,0.8,1.0,-0.19999999999999996
1417,6147ddba713896725222,0.5,1.0,-0.5
1417,7ffb35caa5cea5f18448,0.75,1.0,-0.25
1417,95680320b8022d43885d,0.75,1.0,-0.25
1417,a70f336fd141eb66532f,0.5,0.5,0.0
1417,d2e72542792dafbd4ca0,0.75,0.5,0.25
1418,9c3567f6664178a45dcc,0.8,1.0,-0.19999999999999996
1418,f4820756231efe4f64e9,0.8,0.5,0.30000000000000004
1419,410af331e52048175e7f,0.25,0.5,-0.25
1419,d012ab5e8a4422433511,0.75,1.0,-0.25
1420,134b98e3a1b7763c0cf7,0.25,1.0,-0.75
1420,34e76bbcd0bffe14d3dc,0.6666666666666666,0.5,0.16666666666666663
1420,4bf5b3b44f9b408d4abc,0.5,1.0,-0.5
1420,7a1d3bdb532d0db0e821,0.5,0.0,0.5
1420,af141d57206fc018423b,0.3333333333333333,0.5,-0.16666666666666669
1421,0edf8a8c03dec8eb7227,1.0,0.0,1.0
1421,448b749be9c92fe83663,1.0,1.0,0.0
1421,b19746a4a6a0211f33f1,0.3333333333333333,1.0,-0.6666666666666667
1421,c576c33866a20c333053,0.6666666666666666,0.5,0.16666666666666663
1421,d1d7cb87536f3c6a1e4b,0.3333333333333333,0.5,-0.16666666666666669
1423,1b3e2135abc1df9b7030,0.75,0.5,0.25
1423,9ddec6d1d3605813a823,0.6666666666666666,0.5,0.16666666666666663
1423,e53ee8542e53a392e118,0.6666666666666666,0.5,0.16666666666666663
1423,ea88dd252c4088cec93e,0.3333333333333333,0.5,-0.16666666666666669
1424,4478404386c9a07453d6,0.75,1.0,-0.25
1424,648911f110aca75071c2,0.6,0.0,0.6
1424,7452a6498ea116e9b8f6,0.8333333333333334,0.0,0.8333333333333334
1424,d6884f5415ce1d42e95e,0.5,0.0,0.5
1425,4600e89aefff1b902a5a,1.0,1.0,0.0
1425,80ee57a062217621fdc2,1.0,0.5,0.5
1425,99b209d883e4fa8b3519,0.0,0.5,-0.5
1425,e4fce4e74e8312922bf8,1.0,0.0,1.0
1425,e76065d496a7cfeaabe6,1.0,1.0,0.0
1426,0866ae5479c0d19bd049,1.0,0.5,0.5
1426,27c24626e06a37e21a72,0.8,1.0,-0.19999999999999996
1426,79e65205ceaee43e586b,0.6666666666666666,0.0,0.6666666666666666
1426,a330e589b8583d4683b8,0.6666666666666666,0.5,0.16666666666666663
1426,dff039c331611c798c21,0.6,0.0,0.6
1427,6862df2840448fa8dc56,0.8333333333333334,0.0,0.8333333333333334
1427,98306c24c31b8164c614,0.6,0.0,0.6
1427,eed9e9a0df2a205a7d4d,1.0,0.0,1.0
1427,fd106c65970c2c029959,0.5,0.5,0.0
1428,5130568c799706147f07,1.0,0.0,1.0
1428,54df050da7e1bf8c12ea,0.5555555555555556,0.0,0.5555555555555556
1428,78328580f893e782fb3c,0.42857142857142855,0.5,-0.07142857142857145
1428,b9f5a644b0a81c2cb45e,0.6666666666666666,0.5,0.16666666666666663
1428,f41cfe64d5efc3e2025e,0.6666666666666666,1.0,-0.33333333333333337
1429,1ba1d9b269d487fe99bb,0.4,0.0,0.4
1429,b62ebd37c95debcfeb20,0.5,0.5,0.0
1430,0a60f292b9f1c03b6613,0.42857142857142855,0.0,0.42857142857142855
1430,12f283226c0b72e15e11,0.5,0.5,0.0
1431,af6eb1e3a3e846d10c27,0.5,1.0,-0.5
1432,46e9a5203b04ca887a5b,0.4,0.5,-0.09999999999999998
1432,e56c4e415e70c614dc92,0.5,0.0,0.5
1433,610857ea0c50151e7145,0.8,0.5,0.30000000000000004
1433,82852846dfb24f2854ac,0.6666666666666666,0.5,0.16666666666666663
1433,c22cc312138e10bbb96a,0.5,0.5,0.0
1433,e8f7407b45f05dcfa582,0.5,1.0,-0.5
1434,2c6e710715b4b2f9f0ed,0.2857142857142857,0.5,-0.2142857142857143
1434,96592609300c7b156bd6,0.2,1.0,-0.8
1434,b59e7a9221eea7053755,0.4,1.0,-0.6
1434,bf0cf7122613b9ff1415,0.2,0.5,-0.3
1435,18e1382387195e107f19,0.8,0.5,0.30000000000000004
1435,7ab028b78f2afc8ea314,0.42857142857142855,1.0,-0.5714285714285714
1435,ada555dfe0c8db5f0e38,0.6,0.5,0.09999999999999998
1435,b6567d5270ef4072813c,0.6,0.0,0.6
1435,c1a0905b76099ccb962c,0.6,0.5,0.09999999999999998
1437,440596404c60ff640486,1.0,1.0,0.0
1437,5a084fdf96be89c5e3e2,0.3333333333333333,0.0,0.3333333333333333
1437,b299cd9b02cc8633fb60,0.6666666666666666,0.5,0.16666666666666663
1438,252de888eddb344b2c44,0.3333333333333333,0.0,0.3333333333333333
1438,6beec60a78c41a1ca370,0.3333333333333333,0.5,-0.16666666666666669
1438,ad5ce5a48fa15570f599,0.6666666666666666,0.5,0.16666666666666663
1438,d39246ce0b0aa314b2d9,1.0,1.0,0.0
1439,b6263f8dfc3f1e56962d,0.0,0.5,-0.5
1439,cca78197cd8fa3211a09,0.6666666666666666,1.0,-0.33333333333333337
1439,d641cf855f13dbe623d2,0.0,1.0,-1.0
1440,47d4fd1c6f184e0048c9,0.75,1.0,-0.25
1440,8bc63bca4ec25daa2bfd,0.6666666666666666,0.5,0.16666666666666663
1440,e51ac0063f5b7771d3f7,1.0,0.5,0.5
1441,6b428d1be46c691608dc,1.0,0.0,1.0
1441,74bc7fd0a15f04f3a915,1.0,1.0,0.0
1441,7f79e6205fcc8c3a3ccf,1.0,0.0,1.0
1441,e4f53e7665b9a3a83cb1,1.0,0.5,0.5
1441,f525b204604fa29591f8,1.0,0.0,1.0
1442,3df339b6c6937a7c46c6,0.0,0.5,-0.5
1442,ced027de7c1749879628,1.0,0.0,1.0
1442,fdc019aa8b2bc02b8724,1.0,1.0,0.0
1443,294aeccabd8201c0c6a0,1.0,1.0,0.0
1443,4060734c88a45c48a03d,1.0,0.0,1.0
1443,ef0aa62e5c854ecc4008,1.0,1.0,0.0
1444,19658f8ad7d281900085,1.0,0.5,0.5
1444,522f344b37af5441c722,0.6666666666666666,0.5,0.16666666666666663
1444,820545f227a1a28a34fc,0.3333333333333333,0.0,0.3333333333333333
1444,93b1d89e68bea5622920,1.0,1.0,0.0
1444,ee8262bf4018e8e9249b,0.6666666666666666,0.0,0.6666666666666666
1445,2795d3ee67176fee2382,0.0,0.5,-0.5
1445,b2ab8479f84990ace6c5,0.5,0.5,0.0
1446,51b15d4a0ad5d9ac438c,0.0,0.0,0.0
1446,b7ee8da3a367dcae06d3,0.3333333333333333,0.0,0.3333333333333333
1449,69641c7a84e2d65d311f,1.0,1.0,0.0
1449,967126d83bcc4b283e96,0.6666666666666666,1.0,-0.33333333333333337
1449,c35f07f4025368cc2c82,0.3333333333333333,0.0,0.3333333333333333
1449,e0a75e3f903b824f4702,0.6,1.0,-0.4
1449,e83a418c868311cf0a58,0.6666666666666666,0.5,0.16666666666666663
1450,562e6f059fc088d36731,0.8,1.0,-0.19999999999999996
1450,b57db8007dc42099dc3b,0.6,0.5,0.09999999999999998
1450,b93d4fe6b812f135d7d6,0.6666666666666666,1.0,-0.33333333333333337
1451,3c2ddcb898e723fc0641,0.3333333333333333,0.0,0.3333333333333333
1451,722a680ee08214eb25de,0.6666666666666666,1.0,-0.33333333333333337
1451,8508e9bd1d9ce1395966,0.3333333333333333,0.5,-0.16666666666666669
1452,6b0073b9f87a0ff8f23f,0.8,0.5,0.30000000000000004
1452,975bfc6f062525af4c55,0.8,0.5,0.30000000000000004
1452,a172ca290c8a4f571f76,0.8,0.0,0.8
1452,a1c0d5b00740e95f1067,1.0,1.0,0.0
1452,c11aaea0306a7bc8538b,1.0,0.5,0.5
1453,2beb2b002693cd073068,0.8571428571428571,1.0,-0.1428571428571429
1453,4546b45302a940953817,0.8,0.0,0.8
1453,4bffa0ca68bea209b8ec,0.875,0.5,0.375
1453,8c010dbacd75714bbc44,0.8,1.0,-0.19999999999999996
1453,d4369373b088086d8500,0.5714285714285714,0.5,0.0714285714285714
1454,33b8089f8f1673bf0b4d,0.6,0.5,0.09999999999999998
1454,609e660a9d659d5fb46b,0.6,0.5,0.09999999999999998
1454,a784de2fd4400feca32d,0.3333333333333333,0.0,0.3333333333333333
1455,41b8485053be1002760b,0.25,0.0,0.25
1455,6d7e64087cb7de270a43,0.3333333333333333,0.0,0.3333333333333333
1455,802f9fd8765b755707db,0.5,0.0,0.5
1455,94b9b7253509d3dd8c90,0.75,0.5,0.25
1455,b223987b89f3bde985af,0.3333333333333333,0.0,0.3333333333333333
1456,18ff390366c7b9c84377,0.25,0.5,-0.25
1456,505b6f860fefe32132f3,0.25,0.5,-0.25
1456,707a3bc2ebe52d40bb43,0.6,1.0,-0.4
1456,7ce05217ff5f4d8a9140,0.3333333333333333,1.0,-0.6666666666666667
1457,23e36e9a6ebcf64a28d8,0.6,1.0,-0.4
1457,380087b7a3dd131edab9,0.0,0.5,-0.5
1457,4304cd039c85b7b1333f,0.0,0.0,0.0
1457,71feae1fa9999d85b763,0.0,0.0,0.0
1457,d592b82e030859820754,0.8,1.0,-0.19999999999999996
1458,16aff6188c2cbc6a04cc,0.6666666666666666,0.5,0.16666666666666663
1458,504578bc1d6f7ea16f59,0.0,1.0,-1.0
1458,69cb702cc7162f97ca97,0.5,1.0,-0.5
1458,a98b4495eb1e74fe2257,0.5,0.5,0.0
1458,ffafb130295911848692,0.0,1.0,-1.0
1459,65ad0daf2329b7c325a8,0.0,0.5,-0.5
1459,9bf87a6c39d8bed34b1d,0.25,0.0,0.25
1459,a13139a72f8fed1fae4c,0.0,0.5,-0.5
1459,a2b6ece7317236aa5309,0.0,1.0,-1.0
1459,cabec352edb3114ccf9b,0.0,0.0,0.0
1460,3356c1bcbd5ac4f3fddd,0.0,0.5,-0.5
1460,4e31926f22078f9ac25e,0.4,1.0,-0.6
1460,539aca71aed0ac38c43e,0.5,0.0,0.5
1460,9fe1e660cb2416f8200e,0.0,0.5,-0.5
1460,ff92a9947e6495a12403,0.0,0.5,-0.5
1461,01a804c891b021cd0a3f,0.5,1.0,-0.5
1461,2153e120fe5b6f2b6def,0.5,1.0,-0.5
1461,755ec699138351d6ed2f,0.6666666666666666,0.5,0.16666666666666663
1461,9e4953000e7466cd990d,0.0,0.5,-0.5
1461,e8a8d131e25e56d12762,0.7142857142857143,0.5,0.2142857142857143
1462,094aff6e8b8383505df5,0.0,0.0,0.0
1462,280e4ba4659b7b7817d5,0.0,0.5,-0.5
1462,6c5ee5eb44fbb53f9c6b,0.4,0.0,0.4
1462,809aee95c9639b94c827,0.25,1.0,-0.75
1462,ab5798e6f0779236cd7d,0.3333333333333333,0.0,0.3333333333333333
1463,6c815bd3ff42a3be3dd6,0.6666666666666666,0.5,0.16666666666666663
1463,a784e1fe97cc3e70fd61,0.6666666666666666,1.0,-0.33333333333333337
1463,bc69b08c156b33ca8e73,0.6666666666666666,0.0,0.6666666666666666
1463,f1b3fdcebd014b90cb37,0.8,0.0,0.8
1463,ffc6997106c7a12280c7,0.8,1.0,-0.19999999999999996
1464,999ce2b61d065798f19d,0.5,0.5,0.0
1464,a86ebb80182f14fc7063,0.6666666666666666,0.5,0.16666666666666663
1464,c33269c4063731e9ba23,0.75,1.0,-0.25
1464,d8ce7c03f748ce6da25d,0.5,0.5,0.0
1464,e0260894db3feef592bf,0.6666666666666666,0.0,0.6666666666666666
1465,3b418d5b16d2c31405ee,0.0,0.5,-0.5
1465,5f449790ee95f45aeced,0.0,0.0,0.0
1465,8b1348b6f2f43d8759eb,0.8,0.5,0.30000000000000004
1465,c1f8799b071827b0b926,0.8,0.5,0.30000000000000004
1466,4479e9bc50b66e48d2f7,0.3333333333333333,0.5,-0.16666666666666669
1466,5bff9d9c7bbac7ed1932,0.3333333333333333,0.0,0.3333333333333333
1466,7aad1ecfd68697681795,0.3333333333333333,0.5,-0.16666666666666669
1466,c0747163926470009984,0.6,0.5,0.09999999999999998
1467,158e53c1cdcba7fd401a,0.5,0.0,0.5
1467,16f80f8d1ee488d1bbbc,0.0,0.0,0.0
1467,79aa5ac372a0d9b32e8d,0.0,1.0,-1.0
1467,b823ce58c6b033c49dc8,0.6666666666666666,1.0,-0.33333333333333337
1467,e8c43cf3f97cca20cb12,0.25,0.0,0.25
1468,71545f8fe0d68d2fdd51,0.5,0.5,0.0
1468,99172dbd2ef677c5f94a,0.3333333333333333,1.0,-0.6666666666666667
1468,b964ea01a55e7ff45f75,0.5,0.5,0.0
1468,e04ac569189eae1dca9b,0.5,0.5,0.0
1468,f39047a35956fdb4fd55,0.3333333333333333,1.0,-0.6666666666666667
1469,20406b70e3fc81431910,0.3333333333333333,0.5,-0.16666666666666669
1469,324064b5d8e5744e9090,0.8,0.0,0.8
1469,6b735f776c69521afe81,0.3333333333333333,1.0,-0.6666666666666667
1469,95343f562c33df5c119e,0.25,0.0,0.25
1469,e53cc066b2c83f12445d,0.6666666666666666,1.0,-0.33333333333333337
1470,466c5af1685504c32b72,0.25,1.0,-0.75
1470,47f66a47da0522f8213a,0.3333333333333333,0.5,-0.16666666666666669
1470,90273d4c9e04789fd970,0.6,1.0,-0.4
1470,9759eea03efeb9760418,0.3333333333333333,0.0,0.3333333333333333
1470,cb566a46f7d676770087,0.0,0.5,-0.5
1471,5ae05bb4aeac87f9fe0b,0.8,0.5,0.30000000000000004
1471,675ba15cc3566f53f2cb,0.6,0.5,0.09999999999999998
1471,7d4e8fd05c7e289845a5,0.75,0.5,0.25
1471,a1584ba1eb1821346ffd,0.75,0.0,0.75
1471,cd9bfda407fe3e03578c,0.6,1.0,-0.4
1472,1b11806f9334bda7bbb6,1.0,0.5,0.5
1472,3da10d6a34ab7944cc62,0.6666666666666666,0.5,0.16666666666666663
1472,9e6dd88cc4b4d0a5ece2,1.0,0.5,0.5
1472,a0863592ad6cedeb34b3,1.0,0.5,0.5
1472,e5e3ab1ecb1aa5ea06a6,0.6666666666666666,0.5,0.16666666666666663
1473,38745de89695f127169e,1.0,1.0,0.0
1473,4cee43abe59e82b344d2,0.5,0.5,0.0
1473,6a434cec3792eb33f854,0.5,0.5,0.0
1473,afbe3bf3560fb94be64d,1.0,1.0,0.0
1473,fccdab3ff23c8657b73f,1.0,0.5,0.5
1474,34ae3aa8acff1553a156,0.0,0.5,-0.5
1474,41971ea91bb6903d794a,0.5,1.0,-0.5
1474,8d7d1d0d74b1788dde49,0.5714285714285714,0.0,0.5714285714285714
1474,91e4803c8f24b7e0388b,0.0,0.5,-0.5
1474,e9da1d2727aeb2d3d9bb,0.0,0.0,0.0
1475,01ad9812096e3812cb16,0.0,0.0,0.0
1475,0fbf7ec060a9098de17e,0.3333333333333333,1.0,-0.6666666666666667
1475,1dd36ec29e46db20af6e,1.0,1.0,0.0
1475,4fff00b452625d73b049,0.5714285714285714,0.0,0.5714285714285714
1475,c0ea61e4311723f385aa,1.0,1.0,0.0
1476,23a622dc7f4fc71b7c35,0.5,0.0,0.5
1476,415cad23edcb86a21259,0.5,0.5,0.0
1476,9cd64ac68277d165aa83,0.625,0.5,0.125
1476,c478760d53d64dc0f02b,0.0,1.0,-1.0
1476,d128fbfb8e64a9c34626,0.0,1.0,-1.0
1477,2ba9243c1a49e24395f9,0.5,0.0,0.5
1477,45b756073876dd3a875e,0.5,0.0,0.5
1477,5ac6de187172b561971f,0.5,0.5,0.0
1477,94147044c79fbab2c297,0.5,1.0,-0.5
1477,a6c199b1f678c3ea160a,0.0,0.0,0.0
1478,58823319768e118063e7,0.0,1.0,-1.0
1478,cc5dfd38b6febe594b5c,0.5,0.5,0.0
1478,f95aca08bda5ec35327b,0.75,0.5,0.25
1478,fc4027dbd2a116c1b084,0.5,0.0,0.5
1478,ff4af8f180f5ff3e41f2,0.0,0.0,0.0
1479,527fff322665ad376129,0.0,1.0,-1.0
1479,b9cdd92d668791d837a9,0.0,1.0,-1.0
1479,c1defba5db3b2cf87622,0.6363636363636364,0.5,0.13636363636363635
1479,d9c275d87edf8a7c14ff,0.0,1.0,-1.0
1480,427e80cf503dfec11887,0.25,0.5,-0.25
1480,643819336f766d4244d1,0.0,0.0,0.0
1480,6f76c2f1993f32a4c038,0.0,0.5,-0.5
1480,9cad1b7e8db8abb75f6e,0.0,0.0,0.0
1480,ae16bf51969610460454,0.0,0.5,-0.5
1481,0728b557e28f85be4a4e,1.0,1.0,0.0
1481,0e0dbd0fa8f588a1f122,0.5,1.0,-0.5
1481,25ebddd140443ae357d6,1.0,0.5,0.5
1481,52853531d7af9944f630,0.5,1.0,-0.5
1481,e257a2697a34f3a254d6,0.0,0.5,-0.5
1482,0deb06cefeced9d24c4a,1.0,1.0,0.0
1482,59519c5344cd5d905206,1.0,0.5,0.5
1482,c0c6247d5a88fdadcd4a,0.5,0.5,0.0
1482,c64565d6c22bb0aea64c,0.0,0.5,-0.5
1482,ef5ff6a9bd6026eb5a1b,0.5,0.5,0.0
1483,07e232b4a294c0a5e1ae,0.5,1.0,-0.5
1483,56776d7ea1d3a41d348c,0.5,0.5,0.0
1483,5afbdf31ffbbb1a7ecab,0.5,0.0,0.5
1483,b69b4d3b1cc64802ec04,0.0,1.0,-1.0
1483,f56c8ccffe38cd2150fb,0.5,0.5,0.0
1484,055bee8ef182d790ccbf,0.5,1.0,-0.5
1484,281ab42d322ca8ea0560,0.5,1.0,-0.5
1484,6d4955ac7e1ad3776121,0.5,1.0,-0.5
1484,73569251ef116b084e0a,0.5,1.0,-0.5
1484,90b547b883a2a0b7651a,0.5,0.5,0.0
1485,059e7093e0e2301ad8f4,0.4,0.5,-0.09999999999999998
1485,6fa2d1fe49b69c3c964d,0.75,1.0,-0.25
1485,7eee2f95e340098a6649,0.0,0.5,-0.5
1485,d0b1a4df5b343fec470f,0.0,0.5,-0.5
1485,fffde87a3feaa8281358,0.0,1.0,-1.0
1486,5e38eb83819b01d0d914,0.5,0.0,0.5
1486,689a502d743da99ed9d9,0.0,0.5,-0.5
1486,7fe26f5f0880f603f6d7,0.0,0.0,0.0
1486,e5d2ebddfad371e1bc58,1.0,0.5,0.5
1486,ef95def5add5870166fa,1.0,1.0,0.0
1487,0955c577e6784370a731,0.0,0.5,-0.5
1487,5558604b5017c5b7cd16,0.0,0.0,0.0
1487,c062e697b2c1770c3ad0,0.75,1.0,-0.25
1487,d530713acde5373c76af,0.5,0.5,0.0
1487,ecb7e9f4f195014456b7,1.0,0.5,0.5
1488,3644822690541c942408,0.5,1.0,-0.5
1488,3f5a9e12a2e9366220f0,0.5,0.5,0.0
1488,4f4e93a51ec86ffa2363,1.0,0.0,1.0
1488,db5f3e2613738117abb0,1.0,1.0,0.0
1488,f583f4893cbdceb2ebb4,0.6666666666666666,0.5,0.16666666666666663
1489,191a79431fa342d49198,0.0,0.5,-0.5
1489,4dd75207bceb697b57e2,0.5,1.0,-0.5
1489,5711e267481b9ea963c1,0.0,0.5,-0.5
1489,c2c4ee692eb2b71b3f9a,0.5,1.0,-0.5
1489,d60b35ad858d8a2b976d,0.0,0.0,0.0
1490,1d693dbd7fcdacb66971,0.0,0.5,-0.5
1490,2de251536b09b25fcb9a,0.0,0.0,0.0
1490,3849b9e0023f128354dd,0.0,1.0,-1.0
1490,493e369bc438fa899f93,0.0,1.0,-1.0
1490,61a1129fcf497f4a24f1,0.0,0.0,0.0
1491,61d317a85df4a91d403e,0.5,0.5,0.0
1491,95ce22e68446b40e8cc3,1.0,0.0,1.0
1491,af14f370a8967fcbf9dd,0.0,1.0,-1.0
1491,db87fe4ac2d90bffa523,0.5,1.0,-0.5
1491,df8e4f81a367db35e5e1,0.0,0.5,-0.5
1493,4f53aa0b0f84c6e2713d,0.5,0.0,0.5
1493,52e43cae0095f400ef44,0.5,1.0,-0.5
1493,e46a3cd58d4df89f6ca2,0.0,0.0,0.0
1494,1307a270ab45b8c0ed38,0.5,0.0,0.5
1494,277523ce46cbcc6d6587,1.0,1.0,0.0
1494,3ba443352ac8e4c0d8c9,0.0,1.0,-1.0
1494,4203ff660f037e4494dc,0.5,0.5,0.0
1494,ae6d38f466cc4e9d6623,0.5,0.5,0.0
1495,4afa76d57b0afc702a7d,0.5,1.0,-0.5
1495,4d4dd04bc1bf7da83126,0.0,0.5,-0.5
1495,9201b7846018bfb4d2f0,0.5,0.0,0.5
1495,9f4940f5d27cf2187d3e,1.0,0.0,1.0
1495,a7cee2122b1940a9ca08,1.0,0.5,0.5
1496,0c71a8ddd7114b2c2978,0.5,0.5,0.0
1496,230bc7b3049020767594,0.5,0.5,0.0
1496,55dbd2b458e1fa621bf6,0.5,1.0,-0.5
1496,98caa668f330aa0c223f,0.5,0.0,0.5
1496,b680450c139854785d19,0.0,0.5,-0.5
1497,667fdff9b1729d0f9f68,0.5,1.0,-0.5
1497,753c0457ccbe43fa4762,0.0,0.5,-0.5
1497,eb93539011c91790b4c0,0.0,1.0,-1.0
1497,f165593f04f1f1be2c24,0.0,0.5,-0.5
1497,f1edd26d615426040e87,0.0,1.0,-1.0
1498,2a621ad535d149b64d6b,0.0,0.0,0.0
1498,c0b06317e8609e2a8529,0.5,0.5,0.0
1498,cc5d8d8bd84b39b5da12,1.0,0.5,0.5
1498,dee84e5057f4a04882af,0.5,0.5,0.0
1498,fffeaf86f1f8bd0fd1e9,0.0,0.5,-0.5
1499,4512ef9e4ad7bd0a5984,0.0,0.0,0.0
1499,7d1f7d5933387fb6e263,0.0,1.0,-1.0
1499,ab8224dc75932fb22e6d,0.5,0.5,0.0
1499,c538ea42e2458a46b052,0.5,1.0,-0.5
1499,dd18f0d8df29b0a7a221,0.5,0.5,0.0
1500,22398ae025ec0cfd4572,0.0,1.0,-1.0
1500,845914e99216422edd9a,0.0,1.0,-1.0
1500,8d8617ac19f05046c564,1.0,0.5,0.5
1500,985b6e3608d0b9483c88,0.5,0.5,0.0
1502,9b17dd444b71b18b7fe8,0.6666666666666666,0.5,0.16666666666666663
1502,ce6be88cac04ce9cf948,0.625,0.5,0.125
1503,aeb5e78b43ae60db5e62,0.5,0.5,0.0
1505,5be9176a8aac32fb0fc9,0.75,0.5,0.25
1507,09f64e7cc268a5b5e421,0.8,0.5,0.30000000000000004
1507,1b81470f6392aa2f6da9,0.75,0.0,0.75
1507,c8e7b88f301218a31ad6,0.5,1.0,-0.5
1508,0c176983538df39c9f39,0.0,0.5,-0.5
1508,48a05bd3542a83d7abf9,0.5,0.5,0.0
1508,50627bf0700a6fd8fd3c,0.14285714285714285,0.5,-0.35714285714285715
1508,b32c65304d0f76c85379,0.0,0.0,0.0
1509,51af20986478cef2131f,0.3333333333333333,0.0,0.3333333333333333
1509,d4efbfc01409e27c1f2c,0.4,0.5,-0.09999999999999998
1511,41db78e6848420a6413c,0.7777777777777778,0.0,0.7777777777777778
1511,d81b19e52d31346e6cf4,0.3333333333333333,0.0,0.3333333333333333
1511,f93736f5779950939f64,0.75,0.0,0.75
1511,fb6fc3eeba38c964a5fd,0.6,1.0,-0.4
1512,3eb6cf16d9542a8a7cb6,0.5,0.5,0.0
1512,46e87e329e8b6ac577b8,0.0,0.0,0.0
1512,9207d9aa2053672d682d,0.25,0.5,-0.25
1512,bb5c19a9aee6f44a9605,0.25,0.0,0.25
1513,0b25ab6ebd46bbd0c818,0.75,0.5,0.25
1513,445c5ce92bc23a18f8e1,0.25,0.5,-0.25
1513,7ae11a29569b5adb7cd7,0.6,0.5,0.09999999999999998
1513,8201d688edab1f3f6284,0.6,1.0,-0.4
1513,e9572ae30cd6982bbb5a,0.8,0.5,0.30000000000000004
1514,905d608ee3438627b0b1,0.5,1.0,-0.5
1514,9f33dd93a510243e040e,0.0,0.0,0.0
1514,a7f963541810128d6526,0.3333333333333333,0.5,-0.16666666666666669
1514,b364ba821e64cac5abba,0.5,1.0,-0.5
1514,c2ae8eec6191176a97c9,0.6666666666666666,1.0,-0.33333333333333337
1515,8e7465d9aa68c4d51c92,0.6,0.0,0.6
1516,03a21fff5eb4217090c2,0.6666666666666666,0.5,0.16666666666666663
1516,0ec58e71201af08f10bd,0.5,1.0,-0.5
1516,48129f420b8500f8b622,0.75,0.5,0.25
1516,88924e8a40ff9757df54,0.5,1.0,-0.5
1516,cc27c87e20846024920d,0.6,1.0,-0.4
1517,6f05bb971abd7ff698e0,0.7142857142857143,0.0,0.7142857142857143
1517,9ee6f3ac76744748c131,0.3333333333333333,1.0,-0.6666666666666667
1517,eb54c19a16f89426cafa,0.5,0.0,0.5
1517,f71434c7aab2ed3d3b8c,0.2,0.5,-0.3
1518,2faee68b9893f4c2ae79,0.5,0.0,0.5
1518,55d3828db84b8cc0bcb6,0.6666666666666666,0.0,0.6666666666666666
1518,6389ce98e61c72c9dba9,0.6666666666666666,0.5,0.16666666666666663
1519,3e380b0e8b02c60c6b99,0.5,0.5,0.0
1519,42a92b745ab225106f07,0.75,0.5,0.25
1519,4af71ede5e6cd39e8295,0.25,1.0,-0.75
1519,761ca6b2867929a5841e,0.75,0.5,0.25
1519,b3caecc4d21127d6bcbb,0.0,0.5,-0.5
1520,17db16aeabefa51a7c15,0.75,1.0,-0.25
1520,5a9dd5d4755cd7308c1e,0.75,0.5,0.25
1520,6031ebb8a7e8cbb077db,0.75,0.5,0.25
1520,ce08d8ce67430c627a03,0.75,0.5,0.25
1520,fcc57e0f3ac271fbdfd1,0.6666666666666666,0.5,0.16666666666666663
1521,42fe8d3a8e6b80a8f2c3,0.3333333333333333,0.5,-0.16666666666666669
1521,5c9e4689b6216efa853f,0.5,0.0,0.5
1521,b6a4eb572dc86e5f4951,0.3333333333333333,0.5,-0.16666666666666669
1521,e3f9aeae17cbbe47c4f1,0.3333333333333333,0.5,-0.16666666666666669
1521,efb51b5f36bd8445338a,0.3333333333333333,0.5,-0.16666666666666669
1522,18268223570960ec53e3,0.6666666666666666,0.5,0.16666666666666663
1522,d23e1350a765d17676a8,0.5,0.5,0.0
1522,f932df84273a9b60b6d1,0.5,0.5,0.0
1523,1c91eafc00f0c6a7cee2,0.3333333333333333,0.0,0.3333333333333333
1523,5705f1cc41d3ab254fdc,0.25,0.0,0.25
1523,eec5f5092ed9b9c2d6dd,0.75,0.5,0.25
1523,f2544e2245e50053b00a,0.5,0.5,0.0
1524,21c3161a0183aee40f76,0.3333333333333333,1.0,-0.6666666666666667
1524,2dd707181a470564abcb,0.6666666666666666,0.5,0.16666666666666663
1524,31c0d3a9a821661db8a2,0.75,1.0,-0.25
1524,696fc979a642a7580567,0.3333333333333333,1.0,-0.6666666666666667
1524,a7018440521f7d42834c,0.5,0.5,0.0
1525,0c1e086912efa1b391a5,0.0,0.5,-0.5
1525,d12b53ab656a4b183920,0.0,1.0,-1.0
1525,e49ca9555ae53d61a0f3,0.0,0.5,-0.5
1526,2f7657435962c366020d,0.8,0.5,0.30000000000000004
1526,6e60300f3151d68ca140,0.5,0.0,0.5
1527,0bd9a6c329fa04cd194c,0.6666666666666666,1.0,-0.33333333333333337
1527,2463b1b0ccef1b182d2a,0.3333333333333333,1.0,-0.6666666666666667
1527,61d8a5ff6b047e9de827,0.3333333333333333,0.5,-0.16666666666666669
1527,638500acdce3377af0fc,0.3333333333333333,1.0,-0.6666666666666667
1527,fea7c376641ed8ff18d8,0.6666666666666666,0.0,0.6666666666666666
1528,1ee181005a9912db8ed5,0.5,1.0,-0.5
1528,8a3e8db77db1590c247e,0.75,0.5,0.25
1529,0afcb8bcaf494511370c,0.25,0.0,0.25
1529,8407c529fb0e90ba2397,0.4444444444444444,1.0,-0.5555555555555556
1530,5bfc95634cd2468e50db,0.5714285714285714,0.0,0.5714285714285714
1530,d59f1c2594d25cdcbafc,0.6666666666666666,0.5,0.16666666666666663
1531,3239bd7925e9828273a1,0.5,1.0,-0.5
1531,349e36674231f812a409,0.0,0.0,0.0
1531,6b2ba640aabddcc589b0,0.5,0.5,0.0
1531,afa8bad4018f6a980960,0.5,0.5,0.0
1531,b057e3dc30d323054697,0.0,0.0,0.0
1532,10113e67f29d8ce7d146,0.4444444444444444,1.0,-0.5555555555555556
1532,ab86610bfc5a9e1975a3,0.3333333333333333,0.5,-0.16666666666666669
1533,6cdc529cf5443ea5a812,0.0,0.0,0.0
1533,951eaeb72527d696611b,0.3333333333333333,0.0,0.3333333333333333
1533,bae221774c41f31b197c,0.5,0.5,0.0
1533,e9aa24743e3d7a76bdbd,0.75,0.0,0.75
1534,2ee7a85b97aa0776bf6c,0.3333333333333333,0.0,0.3333333333333333
1534,54fa0888d0f9e8a3c8b8,0.3333333333333333,0.5,-0.16666666666666669
1534,75f159138ba97d5a5543,0.4,0.0,0.4
1534,7eaabd93123865ce1735,1.0,0.5,0.5
1534,f8fb4bb7d04820acc9f7,0.3333333333333333,1.0,-0.6666666666666667
1535,96adf5af95af537daa66,0.25,0.5,-0.25
1535,c8e5b593bb418c5afede,0.75,0.5,0.25
1535,d4c6fc0e8b0861cc816f,0.75,1.0,-0.25
1535,fd0a1ec1cbd5afcd2bc0,0.5,0.5,0.0
1536,1036d1346a58c68a7359,0.2,0.5,-0.3
1536,3aa272c3575f623a7daf,0.5,1.0,-0.5
1536,9f794d079aa54532dd0f,0.2,0.5,-0.3
1536,cdf8831d4877ed4d7140,0.3333333333333333,0.5,-0.16666666666666669
1536,d1a253d5807ad1b7808b,0.3333333333333333,0.5,-0.16666666666666669
1537,2ecb95d13db4bd750d4b,0.5,0.5,0.0
1537,7354eddf9e777c65b7ba,0.5,1.0,-0.5
1537,926432bcbe50bc644d6a,0.3333333333333333,0.0,0.3333333333333333
1537,969e640b26d083e5db04,0.5,0.5,0.0
1537,fabe41cbf3b1122992f9,0.6666666666666666,1.0,-0.33333333333333337
1539,4a1f4924c34ff07116de,0.8,0.5,0.30000000000000004
1539,604a27d5dcc6705561d7,0.42857142857142855,1.0,-0.5714285714285714
1539,7d3f5966a2247624c82d,0.5,0.5,0.0
1539,a1b39ab1e028262a817f,0.6666666666666666,0.0,0.6666666666666666
1539,ea6258b9a4ebf0323d58,0.5,1.0,-0.5
1540,43eaf613add2202ce86e,0.6666666666666666,0.5,0.16666666666666663
1540,b60da0ce01608810ca0f,0.0,1.0,-1.0
1540,bf1fb6529d6da8d759a0,0.6666666666666666,0.5,0.16666666666666663
1540,cd27569e10978f83fcb5,0.3333333333333333,1.0,-0.6666666666666667
1540,ff7a8563f510a6018844,0.0,0.0,0.0
1541,769ce84fb45c0a352f1f,0.6428571428571429,0.0,0.6428571428571429
1541,8106d017c5b7e0d3f888,0.875,1.0,-0.125
1541,cf7b276c858e7f91fb89,0.5,0.5,0.0
1541,fb901eedb373e3596028,0.5,1.0,-0.5
1541,fdcb36868f3c561b2838,0.25,0.0,0.25
1542,0c531a47baf4f8ad6c6e,0.5,0.5,0.0
1542,12b832c8d615d019f3b1,0.0,1.0,-1.0
1542,d26d14df02fad9f47d39,0.5,0.0,0.5
1542,dd359f5109d775dc104b,0.0,0.0,0.0
1542,e381b82828b9b74efccc,0.5,0.0,0.5
1543,4eb2a491cc74f9f23d95,0.0,0.0,0.0
1543,a0d0267362ba45a02b7f,0.0,0.5,-0.5
1543,b37d44b59f409a0334c0,0.6,1.0,-0.4
1543,b8f1b6228e529370f918,0.3333333333333333,1.0,-0.6666666666666667
1543,ced0599db500b656ed75,0.25,0.5,-0.25
1544,93b53c3a05eb18710ca0,0.6666666666666666,0.5,0.16666666666666663
1544,9f25fc9a77df462e2169,0.6666666666666666,0.5,0.16666666666666663
1544,a04f3539c42629656b93,0.6666666666666666,0.5,0.16666666666666663
1544,a13640742f8298b78b65,1.0,1.0,0.0
1544,af9d9c435ee6548e40d9,0.3333333333333333,0.0,0.3333333333333333
1545,50c00c31acc0bd39f47c,0.0,0.0,0.0
1545,5644d291dc649374176e,0.3333333333333333,1.0,-0.6666666666666667
1545,6d3adedb4961bdc127f8,0.3333333333333333,1.0,-0.6666666666666667
1545,e83e6aabcb048882bcaa,0.6666666666666666,1.0,-0.33333333333333337
1546,1dbb10a35e312b411c9e,0.4,0.5,-0.09999999999999998
1546,2fed3b0f6e1a63167488,0.3333333333333333,0.5,-0.16666666666666669
1546,4a8e1ccb2538fa3af056,0.0,1.0,-1.0
1546,6c6f2f000a48d408bc66,0.6,0.5,0.09999999999999998
1547,2ff156d2d13f0abca396,0.8333333333333334,0.5,0.33333333333333337
1547,30fa024dfadb554ece5f,0.0,0.0,0.0
1547,7470efdfeb15dab21cc2,0.75,0.5,0.25
1547,7e01b0cde4e8208a713c,0.5,0.5,0.0
1547,ecdd5db3599c3c187643,0.5,1.0,-0.5
1548,0ca60984e433f3c20e0e,0.2,0.5,-0.3
1548,0e1f4c90d04ea3e937bb,0.6666666666666666,0.0,0.6666666666666666
1548,2752228f9b03e19bee77,0.25,0.0,0.25
1548,9135cd936e43e293af74,0.25,1.0,-0.75
1548,e83d49426226b98abb08,0.5,0.0,0.5
1549,3d26c3d25fafb2f87c04,0.8,1.0,-0.19999999999999996
1549,6b1c540ee564eaebc56d,0.875,1.0,-0.125
1549,70029ed98e63d480a93d,1.0,0.0,1.0
1549,a24a0a836618102b8bec,0.8,0.0,0.8
1549,c70cb10361a528a7e7e8,1.0,1.0,0.0
1550,21a705ae47bd4396f3fa,0.8333333333333334,0.5,0.33333333333333337
1550,3a68ee7eefb4204fa255,0.7142857142857143,1.0,-0.2857142857142857
1550,5885ee9276d3211ad1cb,0.75,1.0,-0.25
1550,6cc9221f4e70c5d23267,0.5,0.5,0.0
1550,bd96df0013af677457f1,0.8571428571428571,0.5,0.3571428571428571
1551,010dfe6643c4040b9815,0.9166666666666666,1.0,-0.08333333333333337
1551,215961b9da0cbaa33d29,0.6666666666666666,1.0,-0.33333333333333337
1551,279fe7bac8d129ad5ea2,0.6666666666666666,0.5,0.16666666666666663
1551,76e7db2efebcd91a3122,0.5,1.0,-0.5
1552,0efb69968d951947d185,0.5,0.0,0.5
1552,832d5e84809a63913db4,0.75,0.5,0.25
1552,87916ad1313913f76ef4,0.7142857142857143,0.5,0.2142857142857143
1552,c037f7b2e7bd3d591a00,0.6,1.0,-0.4
1552,fc11f9d586e8a47a9abb,0.25,1.0,-0.75
1553,086a5e1f8bce625dadea,0.7777777777777778,1.0,-0.2222222222222222
1553,53fc9813ef9769540ffb,0.6666666666666666,1.0,-0.33333333333333337
1553,7dcd431a50587ffe16f9,0.8333333333333334,0.5,0.33333333333333337
1553,d50e6e27b8e49dbcdcee,0.75,0.5,0.25
1553,fc4fd8d2a2e1962e3875,0.2,0.5,-0.3
1554,24c491c5a16029fc5d7a,0.75,1.0,-0.25
1554,277fae857b370fb20aa5,0.7142857142857143,1.0,-0.2857142857142857
1554,41503723b1e6a3e2cce0,0.8333333333333334,0.0,0.8333333333333334
1554,7a5470259a5128d3f51d,0.3333333333333333,0.0,0.3333333333333333
1555,1cd0d7364d6b1abca645,0.25,0.5,-0.25
1555,3d8539fd8d40a5c21095,0.6,0.0,0.6
1555,8ec50edd0b5a49539540,0.6,0.5,0.09999999999999998
1555,f3e73464a41c1260fe5f,0.6,0.5,0.09999999999999998
1556,9c63a65e56b88ea1b019,0.7777777777777778,1.0,-0.2222222222222222
1556,a074527de781f3718d16,0.7777777777777778,0.5,0.2777777777777778
1557,25e9cf26f35f55a6a649,0.8,0.0,0.8
1557,405e10ffb7f88f38e203,0.625,0.5,0.125
1557,527957edb589ec66e89e,0.625,0.5,0.125
1557,d8a71a01646c48eabc15,0.625,0.0,0.625
1558,06aaf0972729cfc8b910,0.25,1.0,-0.75
1558,07f9b1b5dea51dbd7861,0.3333333333333333,0.0,0.3333333333333333
1558,b7066a097dcfa374d462,0.4,0.5,-0.09999999999999998
1558,cc8814d987eca611bf6e,0.5,0.5,0.0
1558,f4ca39dd07fcc4dabd4e,0.4,0.5,-0.09999999999999998
1559,023995b97f7187aaad61,0.7,0.5,0.19999999999999996
1559,02e6b5cdbfad4538c710,1.0,0.5,0.5
1559,23e8ad3b8cfac41aa120,0.5,0.0,0.5
1559,6c8a70c3245cee4c8251,0.5,0.0,0.5
1559,d33894af99863e2571ac,0.6,1.0,-0.4
1561,5b4c028ab176f6f33df9,0.5,0.0,0.5
1561,80d8174e790e9990aea3,0.8333333333333334,0.0,0.8333333333333334
1561,eef8bbcf3aba33fa2c36,0.5,0.0,0.5
1562,00e4ad7990096dd2e07b,0.5,1.0,-0.5
1562,0ca01459d6a520387386,0.7142857142857143,0.5,0.2142857142857143
1562,a8e2fe5c4b0e8bc7c3aa,0.75,0.5,0.25
1562,b5982b2b95ac202b4b39,0.5714285714285714,0.0,0.5714285714285714
1562,b724598522e01b737621,0.5,0.5,0.0
1563,72ab7f8def65cd2cc926,0.75,1.0,-0.25
1563,ad33335253db50e2e0f8,1.0,1.0,0.0
1563,c38fc846f006fc55ac13,1.0,1.0,0.0
1563,cb8bbbf182dbd3ac4301,1.0,0.5,0.5
1563,ec4f8e1b256e4de2ab2e,0.5,0.5,0.0
1564,6ae317f42cccca968906,0.75,0.0,0.75
1564,6ce6cba6b2f601a353bf,1.0,0.0,1.0
1564,9a3e9812f4e8ab55dd56,0.5,0.0,0.5
1564,dbea5a494220a0e31741,0.5,1.0,-0.5
1564,dedfe81098a916da3dac,0.8,0.5,0.30000000000000004
1565,220b68e777593f0b4618,1.0,0.5,0.5
1565,7b80c155a716918ba091,1.0,1.0,0.0
1565,988b0a7e2de4f8dcd8cb,0.75,0.5,0.25
1565,d0ad746d6bb27252b9c7,0.75,0.5,0.25
1565,d4834c913a716b033356,1.0,0.5,0.5
1566,5518043706f10d0d9e2a,0.3333333333333333,0.5,-0.16666666666666669
1566,eb204438ade4f3f8e9a8,0.6666666666666666,0.5,0.16666666666666663
1567,82528f4ad3d9103aa077,0.3333333333333333,1.0,-0.6666666666666667
1567,8e3f5dc42fd61943403b,0.3333333333333333,0.0,0.3333333333333333
1567,bd68dfd5fb4e24db8963,1.0,0.5,0.5
1567,bf5b94cd0ad3799eface,0.5,0.0,0.5
1568,3601c769c81b855f2784,0.75,1.0,-0.25
1568,aa6d44dca3f16bcb159e,0.5714285714285714,0.0,0.5714285714285714
1568,b6b0655345524826cd69,0.8333333333333334,0.0,0.8333333333333334
1568,c68c2950e918b23cd18a,0.4,0.0,0.4
1568,f0f9e59c3f5571cdf532,0.8333333333333334,0.0,0.8333333333333334
1569,18e4b7b275995f349067,0.8571428571428571,1.0,-0.1428571428571429
1569,39a05cf3d228b3f265aa,0.8333333333333334,0.0,0.8333333333333334
1569,4756074cd7875a8c4ea7,0.75,0.0,0.75
1569,a0ef4a3d56dfeb2c560f,0.75,0.0,0.75
1569,dd32e13cf8db7f25f288,0.6,1.0,-0.4
1570,26e135e758ae3a40f9a9,0.16666666666666666,0.5,-0.33333333333333337
1570,59ae522272100ebd35bd,0.5,1.0,-0.5
1570,89f29c9be53af9dfb633,1.0,0.5,0.5
1570,8fe2bf2d230fd8911bee,0.75,0.5,0.25
1570,e1fa3551ae73f6a81573,0.5,0.5,0.0
1571,74aced03b7a796e57564,1.0,0.5,0.5
1571,83b7eb1bb95de6566e5c,0.8,0.5,0.30000000000000004
1571,cdd8dabb02b15df91dfd,0.8,0.5,0.30000000000000004
1571,fe700aaca2c76e1750ff,1.0,1.0,0.0
1572,27260d625002b7718ca3,0.5,0.0,0.5
1572,82a286b28ce0d2f6be0f,0.0,0.0,0.0
1572,ca983c153e1695d65eb9,0.5,0.0,0.5
1572,d2159e446015280603da,0.8333333333333334,0.5,0.33333333333333337
1572,e0573be884220e768758,0.5,1.0,-0.5
1573,32ac3b42e17b70b6f6db,0.8333333333333334,0.0,0.8333333333333334
1573,39c5ba195c93a59a46b8,1.0,0.0,1.0
1573,de2e103ad80428456b99,1.0,0.5,0.5
1573,e00e02b1ba9fb543f353,0.75,0.5,0.25
1573,f28f5bfe350909660ccf,0.5,0.5,0.0
1574,b064d5f34b1ef3bdb451,0.75,0.0,0.75
1574,d9b8d59645ebd0ecfbe5,0.6666666666666666,0.0,0.6666666666666666
1574,fdf0cb2af83ce12278c1,0.8333333333333334,0.0,0.8333333333333334
1575,4c253adf3e22fdc36efd,0.6666666666666666,0.5,0.16666666666666663
1575,918a6478034e67ba07e4,0.6,0.0,0.6
1575,9c5ae128cf69ca4adcbc,0.3333333333333333,0.5,-0.16666666666666669
1575,e6e702a9223fca3da395,0.3333333333333333,0.5,-0.16666666666666669
1575,f66db544756df87e8fd1,0.6666666666666666,1.0,-0.33333333333333337
1576,2bf53435bc6116bd4954,1.0,0.0,1.0
1576,39e1e1e0c21a72f00250,1.0,0.5,0.5
1576,72505bae019f9142b70d,0.75,0.5,0.25
1576,8f06754a319cfef76231,0.6666666666666666,1.0,-0.33333333333333337
1576,f64142c0f6f784595968,0.3333333333333333,1.0,-0.6666666666666667
1577,29a8bc29073cd333ec36,0.6666666666666666,0.0,0.6666666666666666
1577,56210d68901a32e042d4,0.6666666666666666,0.5,0.16666666666666663
1577,946d4a39b5fab5627a3c,0.6666666666666666,0.5,0.16666666666666663
1577,e2e33863895f42253af2,0.3333333333333333,0.5,-0.16666666666666669
1577,eec6db6ced3809f9377e,0.6666666666666666,0.5,0.16666666666666663
1578,65d9c3d17324628a4964,0.8,1.0,-0.19999999999999996
1578,9a1b225e1ed84c9cc2b7,1.0,1.0,0.0
1578,9c86885e2c2bf07031cc,0.25,0.5,-0.25
1578,ae250c6612f1a6005a22,0.5,0.5,0.0
1579,37f46de011606f9fb774,1.0,0.5,0.5
1579,44ccf995a0b7e8c124e1,0.75,0.0,0.75
1579,f2bc61bfeed4d17f9576,1.0,1.0,0.0
1579,f4dfa78357af75cc71a0,0.6666666666666666,0.5,0.16666666666666663
1579,f5cfb86f445cbd47c004,1.0,0.0,1.0
1580,3e85df91c37ced750dae,0.5,0.5,0.0
1580,59b18ee93e2a413f7f2f,0.3333333333333333,1.0,-0.6666666666666667
1580,6112bc6625bd945f85ca,0.6666666666666666,1.0,-0.33333333333333337
1580,aaab8916a8d3628a5b99,0.6666666666666666,1.0,-0.33333333333333337
1580,e92aaa96185bf94a1021,0.3333333333333333,0.0,0.3333333333333333
1581,708f591af0e5a5c4e32e,0.5,0.5,0.0
1581,7f4406f676d43a5a33cb,0.5,0.5,0.0
1581,9186d265de13cdef57f6,0.8,1.0,-0.19999999999999996
1581,b5005485a820ed62497f,1.0,0.5,0.5
1581,de7cdfd167a4b99f9bc2,1.0,0.5,0.5
1582,60f777a36b8acdc58107,0.8,0.5,0.30000000000000004
1582,7376b53f1241a0044da1,0.75,0.5,0.25
1583,fa34d80290c782530a0e,0.6666666666666666,1.0,-0.33333333333333337
1584,202d6b72ce02eb310040,0.6666666666666666,1.0,-0.33333333333333337
1584,9858f33609c4de7748c1,0.8,0.5,0.30000000000000004
1584,b883eb7522ff26a83e25,0.625,0.0,0.625
1585,3dcf250a2936559c6253,0.75,1.0,-0.25
1585,7eb78116be7ceceb361f,0.5,0.5,0.0
1585,8a7ea75126dbdb58ee1c,0.4,0.5,-0.09999999999999998
1585,b7f25eb58ce97c8f5cb9,1.0,0.5,0.5
1585,c89bd6f3d04b345664e3,0.75,0.5,0.25
1586,6c434c77175d71e74ea4,0.16666666666666666,1.0,-0.8333333333333334
1586,718cbe5bfddffae1bbfa,0.8,0.0,0.8
1586,98c77936d6c191c46a02,0.8,1.0,-0.19999999999999996
1586,b1918115870cd8d7d646,0.8333333333333334,0.5,0.33333333333333337
1586,d05c81b1a8b6a7515abf,0.5,0.5,0.0
1587,27bae0ef39e943b5cb25,0.4,0.5,-0.09999999999999998
1587,442437921a56f47362d6,0.2857142857142857,1.0,-0.7142857142857143
1587,69733954c5c3d3d8344e,0.5,0.0,0.5
1587,9e51296e75de1c2681d9,1.0,1.0,0.0
1587,ae7d2ddbc919b7b04fb2,0.8,0.5,0.30000000000000004
1588,1eb803294b89f06eb938,1.0,0.5,0.5
1588,31f2355e2954b52f26c2,0.8,0.0,0.8
1588,3d14a7c4877b84a73d45,1.0,1.0,0.0
1588,9cd170a77f1a30e05691,1.0,0.5,0.5
1588,a72f50193b71f6f3be61,1.0,0.5,0.5
1589,04fb2be646bbd10ec591,0.5,1.0,-0.5
1589,0f976c939879e8cde6f5,0.7,0.0,0.7
1589,6b86da95028a15ffad2f,0.0,1.0,-1.0
1589,9a30feb40a971d2e0c54,0.5,1.0,-0.5
1589,cd5979fe22f1ee272b9b,0.5714285714285714,0.5,0.0714285714285714
1590,0a35c39be846173cd6ac,0.25,1.0,-0.75
1590,1d404256830c6f4256a0,0.0,1.0,-1.0
1590,42cec84c1fe4b34b6ae1,0.5,0.5,0.0
1590,5019c6d3642f1ea8b78f,0.0,0.5,-0.5
1590,976991e8b6d8be30947d,0.0,0.5,-0.5
1591,421c48bfbff66c8e8959,0.3333333333333333,1.0,-0.6666666666666667
1592,08c46aab2228a3901b2f,0.5,0.5,0.0
1592,20cae1d2f81ba628537f,0.8333333333333334,0.5,0.33333333333333337
1592,2ae3a23052dd25326c77,0.7142857142857143,0.5,0.2142857142857143
1592,b31e64dae6ed68663daa,0.2,1.0,-0.8
1592,c9e3d992aa5bc7f31de2,0.5,0.0,0.5
1593,1c9b0c83bec20f729d33,0.0,1.0,-1.0
1593,290de4d6ea7259909810,0.4,0.5,-0.09999999999999998
1593,707fc8f680d799a5c52a,0.8181818181818182,0.5,0.31818181818181823
1593,e01460dfe2e6a623b5f6,0.25,0.0,0.25
1593,eb170871febbb7d0b2fa,0.0,0.5,-0.5
1594,4c20879bcc505b1ccd96,0.8,0.0,0.8
1594,562520ea9b2027dc1e6c,0.8,0.5,0.30000000000000004
1594,94c8699dc137dfb93f41,1.0,0.0,1.0
1594,974ea4b4ec936f229327,0.8333333333333334,0.5,0.33333333333333337
1594,a671e0ce37a5615b63cc,0.8,1.0,-0.19999999999999996
1595,4eebe47d6499f4e662fb,0.3333333333333333,0.5,-0.16666666666666669
1595,5e99cc6842a00b49b41e,0.0,0.5,-0.5
1595,807435aafbeedb2cdc01,0.0,0.5,-0.5
1595,8f632efad1f55b443e4a,0.6666666666666666,0.5,0.16666666666666663
1596,3749744af385f2ec4826,0.8333333333333334,1.0,-0.16666666666666663
1596,447b5dbe860bc8728c82,0.5,0.5,0.0
1596,58d06579dd0928922caa,0.2857142857142857,0.5,-0.2142857142857143
1596,74ef45886f99d9fa0b82,0.3333333333333333,0.0,0.3333333333333333
1597,5becefe2001a7ce16400,0.5,0.5,0.0
1597,64d962da07f565c0aa03,0.5,0.5,0.0
1597,d397ebd71ca78728358a,0.0,0.0,0.0
1597,e45906a94cfec1767547,0.0,0.5,-0.5
1597,fa7e94972bd1dcf06334,0.4,0.5,-0.09999999999999998
1599,46e992c610ac053a72cf,0.0,0.5,-0.5
1599,5c5a7a0340cffb06c8de,0.5,0.5,0.0
1599,7aef8604e9cef37875a9,0.5,0.5,0.0
1599,bc44145cd9c4b9043ed1,0.0,0.5,-0.5
1599,f5c0dc525400c346a01a,0.25,1.0,-0.75
1600,1753795e4f8874dd7053,0.0,0.0,0.0
1600,26c7000ef7e04028a044,0.5,1.0,-0.5
1600,3f796c1e16e6c4a2af29,0.5,0.0,0.5
1600,c35294ec858413bc645e,0.25,0.0,0.25
1600,fe59d10180c16f344ff9,0.5,1.0,-0.5
1601,2d1933b4515a8dbff915,0.0,1.0,-1.0
1601,42c8cd3d1627d3266786,0.25,0.0,0.25
1601,6a73239e0ca23a968251,0.0,1.0,-1.0
1601,9edf35985211bdd61fc3,0.0,0.5,-0.5
1601,e53e7baea789f0a29d0d,0.6666666666666666,0.5,0.16666666666666663
1602,0543327206adf990a4a0,0.5,0.5,0.0
1602,437405ca51e324f3c6f2,0.5,0.5,0.0
1602,649cc9e838f0c87e21ef,0.0,0.0,0.0
1602,c67b56a4ef6e0dc0b1d8,0.6,1.0,-0.4
1602,e7489e9bc9a30e620200,0.5,1.0,-0.5
1603,485f3c2e7c89d1566b2c,1.0,1.0,0.0
1603,685705ade1478db6bbe5,1.0,1.0,0.0
1603,be885acf8adf3fc43f12,0.6,0.0,0.6
1603,dc920f64603d96ce396e,0.75,0.5,0.25
1603,dd46f6f2a7980f45d939,0.6666666666666666,1.0,-0.33333333333333337
1604,420cf18bdfa85fc18009,1.0,0.5,0.5
1604,7130a00de0674792b77d,0.6666666666666666,1.0,-0.33333333333333337
1604,8ef19457245e3279c102,0.5714285714285714,1.0,-0.4285714285714286
1604,ca027658d11e91b20136,0.6666666666666666,0.0,0.6666666666666666
1604,e726cb1489b54e11ecee,0.3333333333333333,0.5,-0.16666666666666669
1605,05e942697ce9931be5e1,0.2,1.0,-0.8
1605,0c973509de37ef75bd49,0.5714285714285714,0.0,0.5714285714285714
1605,2ab54a08ddc7ec5f1b47,0.5714285714285714,1.0,-0.4285714285714286
1605,4e4e2226f6edb3adf917,0.5,1.0,-0.5
1605,f73bd42e0cfcc035a153,0.25,0.0,0.25
1606,0c8994847ce1445565d8,0.0,0.5,-0.5
1606,4f2ff17ed85ba93ccbdf,0.6666666666666666,1.0,-0.33333333333333337
1606,ada01f9fde56f753c1dd,0.8333333333333334,0.5,0.33333333333333337
1608,1d472a3c536e04c1204c,0.75,1.0,-0.25
1608,6f83889ffb3e12a641e7,0.6666666666666666,0.0,0.6666666666666666
1608,a3ebabf166a8d2512255,0.75,0.0,0.75
1608,dd38ea64d0462d3a82c2,0.5714285714285714,0.0,0.5714285714285714
1608,ffa5853c51a0d2c99cb5,0.0,1.0,-1.0
1609,17b88e446c880109b879,0.25,0.5,-0.25
1609,9aef4ff82e7057545818,0.5,0.5,0.0
1609,a2021c219200bdb2d23d,0.5,0.5,0.0
1610,42d3b3c1cc29456263d6,1.0,0.0,1.0
1610,60cb2498f5662e30fd26,0.8333333333333334,0.5,0.33333333333333337
1610,b7beec18ff0e9c82ecdd,1.0,1.0,0.0
1610,ba9a491c7823ca051fc5,1.0,0.0,1.0
1611,047e086b180b7d7bee4d,0.25,0.5,-0.25
1611,25194b266116f13e048d,0.0,0.5,-0.5
1611,6aa36add6ea62a649c96,0.8,0.5,0.30000000000000004
1611,79be6877ac62ed04858c,0.0,0.0,0.0
1611,9e21bb2c25980bcf0577,0.0,1.0,-1.0
1612,58688eede74b18caf8bb,0.0,0.5,-0.5
1612,61b702b838bbb7b6e455,0.0,0.0,0.0
1612,bf811b1346d20ebfc45c,0.5,0.5,0.0
1612,ce473e5d50449debc361,0.3333333333333333,0.0,0.3333333333333333
1612,f946d0ee8b07b6b1b322,0.8,0.0,0.8
1613,173b41169816ad6502a4,0.6,0.5,0.09999999999999998
1613,2616b33e9041e50f67ff,0.6666666666666666,1.0,-0.33333333333333337
1613,73ecc225a17f80c73df7,0.3333333333333333,0.5,-0.16666666666666669
1613,bf3bf8d71f32638eabff,0.5,0.0,0.5
1613,bf4e18bc242eb2afb2ee,0.3333333333333333,0.5,-0.16666666666666669
1616,222c0d92fbfb3231435f,0.5,0.5,0.0
1616,99c3b989616de3cf4bf4,0.5,0.0,0.5
1616,a6cacc6d181fc234cdf2,0.0,0.5,-0.5
1616,b4f586db38922c632231,0.5,1.0,-0.5
1616,f9df1f1a001c537f5105,0.5,1.0,-0.5
1617,465689ed5b6f1d5ec370,0.5,1.0,-0.5
1617,659427038305094d9a00,0.5,0.5,0.0
1617,8e0a5f393e1b2676977b,0.5,1.0,-0.5
1617,cb387fe10292b617c433,0.5,0.5,0.0
1618,6090b55d611c9aa25d29,0.0,0.5,-0.5
1618,7c5c08b842de35fae702,0.0,0.0,0.0
1618,e8dd04bdbbc07cb53fed,0.0,0.5,-0.5
1618,fdb6759d28d08e3b04f2,0.0,1.0,-1.0
1619,450effaeb4e3e3af68db,0.5,0.5,0.0
1619,4a861d73d0bc1c94d4dc,0.5,0.0,0.5
1619,5442d0807f5ffea3686d,0.6666666666666666,1.0,-0.33333333333333337
1619,f2d75d0c4b8eba2f7f12,0.6666666666666666,0.5,0.16666666666666663
1619,f5b39c632bd2324840d7,0.5,1.0,-0.5
1623,5cba173e3f66af4e4485,0.5714285714285714,1.0,-0.4285714285714286
1624,35b4ea765932e44344bc,0.25,1.0,-0.75
1624,d0f513e266edc0dbb2be,0.0,0.5,-0.5
1626,173318b49e2309187230,1.0,0.5,0.5
1626,3e01fa384d1a218eb23e,0.4,0.5,-0.09999999999999998
1626,74da722276790a74980b,0.5,0.0,0.5
1626,e63e7d3d5cc50977dd0e,0.3333333333333333,0.5,-0.16666666666666669
1626,e85640268bb8ccfe104f,0.7,0.5,0.19999999999999996
1627,05687aeee53525d3ac95,0.625,1.0,-0.375
1628,2917d8673532503e6b11,0.6666666666666666,0.0,0.6666666666666666
1630,33198939c160ecb684bb,0.0,0.0,0.0
1630,70af82900c29e534e10e,0.0,1.0,-1.0
1630,804f4fb69d52d42c2287,0.5,0.5,0.0
1630,c426476cb1572bbd0f59,0.6,1.0,-0.4
1630,ed0eb44973b677405ca5,0.25,0.5,-0.25
1631,4b474f7183daa15cb9cd,0.25,0.0,0.25
1631,994fad52334e861b3ca8,1.0,0.0,1.0
1631,b71c45db06a31df25c43,0.0,0.5,-0.5
1631,ed9bcba1bec06b792161,0.25,1.0,-0.75
1631,fb5c0c97a11292e38e44,0.5,1.0,-0.5
1632,2179266fb5b88f6475ca,1.0,0.5,0.5
1632,44b90cb19e66599a1eb4,1.0,0.0,1.0
1632,5766340229d079a1fb96,0.75,0.5,0.25
1632,7cbf28ea3d118cee3e0a,0.6,0.5,0.09999999999999998
1633,4b0b8c5d16b75471e59d,1.0,0.0,1.0
1633,8ea2e6944ef506ba4af8,0.7142857142857143,1.0,-0.2857142857142857
1633,ca84be3ed5398fd1920f,0.7142857142857143,0.5,0.2142857142857143
1633,fb0842e240f9f449fcfc,0.8181818181818182,1.0,-0.18181818181818177
1634,257cbd17f49a3435d8ae,0.5,0.5,0.0
1634,4149eff3f7db3a8647d1,0.0,0.5,-0.5
1634,cc886e26877a4987c9a9,0.0,0.0,0.0
1635,1f2ba3566087d640de10,0.75,0.5,0.25
1635,32a3a724aa11a60e6ed7,0.6666666666666666,1.0,-0.33333333333333337
1635,a4d69e66156336387b29,0.6666666666666666,1.0,-0.33333333333333337
1635,affb1a3cf4b8fe83ac27,0.8333333333333334,0.5,0.33333333333333337
1636,58312544fcff91e20d80,0.4,1.0,-0.6
1636,e6a9eef3afd77e9a0915,0.2,0.5,-0.3
1636,e9265d7d6b1a1799412c,0.5,0.5,0.0
1637,13b06448f4f3d32baa6d,1.0,1.0,0.0
1637,81ba7c0e2ee417b40f44,0.6,1.0,-0.4
1638,74c2714eca1a132dd236,0.8,0.0,0.8
1638,ad74681961560b7fcb7e,0.8181818181818182,0.5,0.31818181818181823
1639,26bcbe329e4712058966,0.5,0.5,0.0
1639,5de571de08ebf905fb0d,1.0,0.5,0.5
1639,6d55786318a4db8b46a9,0.75,0.5,0.25
1639,729e3013c2d7bf814a3d,1.0,0.5,0.5
1640,1dfdabadb439be73ccbb,0.0,0.5,-0.5
1640,2067cad02e91b519b6ff,0.0,0.5,-0.5
1640,4fc2182c1e5339af49a1,0.6666666666666666,0.0,0.6666666666666666
1640,d3b24001c6b60628f87d,0.4,0.5,-0.09999999999999998
1641,455a9a4c620fdd610149,0.3333333333333333,0.0,0.3333333333333333
1641,7b5789ccd4cb2995d435,0.6666666666666666,0.5,0.16666666666666663
1641,9f66b5f69aebc92d5baa,0.6666666666666666,0.0,0.6666666666666666
1641,c9c52b675204bcc77691,0.3333333333333333,0.5,-0.16666666666666669
1642,05824c54c591abdee911,0.5714285714285714,0.5,0.0714285714285714
1642,779295b0a13d10ac2339,0.5,1.0,-0.5
1642,9ddc072b8f48267690f1,0.6,0.5,0.09999999999999998
1642,9fb043ab8d9ff469fa02,1.0,0.5,0.5
1642,d609577103a493c67997,0.8,1.0,-0.19999999999999996
1646,7bd0437d986c6b4beca6,0.5,1.0,-0.5
1646,94d02b4179a7018cd1bd,0.8,0.0,0.8
1646,daae1a7dd6217cefab9d,0.0,0.5,-0.5
1647,786b829663bec86ce399,1.0,0.5,0.5
1647,a757b0337acdd48be245,0.75,1.0,-0.25
1647,ceb688329da7e9cfe7bb,1.0,0.5,0.5
1648,072979dcd89d3ba7175b,1.0,1.0,0.0
1648,36c3f0322d33ddab7818,0.5,0.5,0.0
1648,3a58187db1c4df1cbda4,0.8,0.5,0.30000000000000004
1648,4c0d4e1df4a75aefe78c,0.25,1.0,-0.75
1648,994b8e7bf13e9e3abe90,0.0,0.5,-0.5
1649,0b98d89d6d4e01e27401,0.5,1.0,-0.5
1649,4eadeaf7afd2d2665926,0.45454545454545453,0.0,0.45454545454545453
1649,5bd19a48373995b9c907,0.3333333333333333,0.0,0.3333333333333333
1649,cae069437a725e1c9a91,0.5,1.0,-0.5
1650,99bbea2dffcfd87396da,0.0,0.5,-0.5
1650,a56dc318ca3c213dc0ae,0.5555555555555556,1.0,-0.4444444444444444
1650,e1102898526729303c48,0.3333333333333333,0.5,-0.16666666666666669
1650,fe4d0aaafb857cf11236,0.3333333333333333,0.5,-0.16666666666666669
1651,a0fca02abd04152bba48,1.0,0.5,0.5
1651,b9c592c6ca41d5db996c,0.7142857142857143,0.5,0.2142857142857143
1651,e84c4109832e70316ef5,1.0,0.5,0.5
1652,05113cf3465ab8ededec,0.8333333333333334,1.0,-0.16666666666666663
1652,541d50e17af5ff55897e,0.3333333333333333,0.5,-0.16666666666666669
1652,752a715bcfa9d0a5331f,0.5,0.5,0.0
1652,ef9c9692ffcbc7eaae99,0.4,0.0,0.4
1653,3b23c756a14c5b4e4295,0.8,0.0,0.8
1653,492aa185b9a1c9bb91ec,0.8571428571428571,1.0,-0.1428571428571429
1653,92490964c8473aad2687,1.0,1.0,0.0
1654,4d07b9d42179cd6bd055,1.0,1.0,0.0
1654,d86444718936d4330a6f,1.0,0.0,1.0
1655,39248f3d847d6999a44e,0.6666666666666666,0.0,0.6666666666666666
1655,76529c997e743e573387,1.0,0.5,0.5
1655,8f65f696ceaa985a72ae,1.0,0.5,0.5
1655,b10e2907be6e93fd72a4,0.6666666666666666,0.5,0.16666666666666663
1656,1251a900f2d16e120db8,0.5,1.0,-0.5
1657,eb8274278abf205272bc,0.4444444444444444,1.0,-0.5555555555555556
1657,fb2cadf23720b7340cfe,0.875,0.5,0.375
1658,12ccf6f2090e9e26557e,0.8571428571428571,0.0,0.8571428571428571
1658,39cf1c1fbeb9c9d25d9f,0.6666666666666666,0.0,0.6666666666666666
1658,569247531cc6565c9be6,1.0,0.5,0.5
1658,5ba067dc43e3e8da4f1a,0.8,1.0,-0.19999999999999996
1659,284b18491aa0904a58a2,0.6666666666666666,0.5,0.16666666666666663
1659,3ee6c56290a4f3d7dadc,0.46153846153846156,1.0,-0.5384615384615384
1659,4bcd0d6689ef0a9b7e98,1.0,1.0,0.0
1659,8b8ca8c0c9610fea0cca,1.0,0.5,0.5
1660,552cc196a269bd1274f0,0.5,0.5,0.0
1660,be3f1ae48e4442f47088,0.4,0.0,0.4
1660,c1a0f117b06554ee396b,0.3333333333333333,1.0,-0.6666666666666667
1660,d93b74a45d403bd33ae7,0.5,0.0,0.5
1661,b2478c579b720d683a18,0.6666666666666666,1.0,-0.33333333333333337
1661,c74d3edf04f49fd38d2f,0.6666666666666666,0.5,0.16666666666666663
1661,f7187cf6f6d5eef25527,0.6666666666666666,1.0,-0.33333333333333337
1662,35eb743c7daf166ff059,0.5,0.5,0.0
1662,3a4d813ece13f3747b3e,0.8,0.5,0.30000000000000004
1662,bdab31b060873422197f,0.6666666666666666,1.0,-0.33333333333333337
1662,c29d09d75ef6f51d96da,0.7142857142857143,0.5,0.2142857142857143
1662,fb524e4c97d04f32994f,0.8,1.0,-0.19999999999999996
1663,0ab80340ecc19d71453d,0.5,0.0,0.5
1663,452cf69ed299a38c0855,0.6923076923076923,0.0,0.6923076923076923
1663,5ae104bcd7edae7e8800,0.3333333333333333,0.5,-0.16666666666666669
1663,cf8d81b74911bf199d0d,0.5714285714285714,1.0,-0.4285714285714286
1665,572b92f46e17d97a894b,0.8888888888888888,1.0,-0.11111111111111116
1665,9b9a6aa4401219ae9d4b,0.42857142857142855,0.5,-0.07142857142857145
1666,bb6328cdfc259c69dbd3,0.6,0.5,0.09999999999999998
1667,1fd4b323f342dc4da816,0.0,0.5,-0.5
1667,4d90f353936e6b43f04e,0.8,0.5,0.30000000000000004
1667,575555539042a84ef302,0.0,0.0,0.0
1667,57e6a7c9a8afcb33ca8c,0.0,0.5,-0.5
1667,81dcb12cc94c1072fec4,0.0,1.0,-1.0
1669,0a323facb6b120ea6a3c,0.5,1.0,-0.5
1669,1c59e4a319b9f0b1b0e2,0.0,0.5,-0.5
1669,4e784f12e17acb1baf93,0.5,0.5,0.0
1669,b084741bd538eb5db573,0.5,0.0,0.5
1669,c07c17c21dd93fb7d652,0.3333333333333333,0.0,0.3333333333333333
1671,0c7507d576d09b3ee0df,0.0,1.0,-1.0
1671,46328301ea5676cb89a5,0.5,0.5,0.0
1674,28e2b827ca76eb14aee3,0.25,0.5,-0.25
1675,42dabd4c9187cab4f31f,0.4,0.5,-0.09999999999999998
1675,cb9592a2f0c78edc46c8,1.0,0.5,0.5
1675,ced5da14b4275cc226b4,0.75,0.5,0.25
1675,d8fe7fa96a763f035eb0,0.25,0.5,-0.25
1675,dbc7d7e03835cb4aa2ed,1.0,1.0,0.0
1676,7bf855364ddbba62af0e,0.3333333333333333,1.0,-0.6666666666666667
1676,8d57efd575c1f2247ba4,0.2,0.0,0.2
1676,d752030546b2d83ce86b,0.75,0.5,0.25
1676,e9b3f04f1285fe770159,0.8,0.0,0.8
1677,64ccdbdbecb825a8f551,0.4,0.5,-0.09999999999999998
1677,97f20e0a90469058d7b4,0.25,1.0,-0.75
1677,9fba0ce723f2939dae27,0.6666666666666666,1.0,-0.33333333333333337
1677,b326595ea4d3bdc76f4a,0.3333333333333333,0.5,-0.16666666666666669
1677,b9babcae51108418fbc6,0.0,0.5,-0.5
1678,26f4bc6a1afc99ea62cb,0.5,0.5,0.0
1678,4689b8b097c27f9059d2,0.75,1.0,-0.25
1678,e95646324515422685cd,0.75,0.5,0.25
1679,3e4a99c410b782b3bc8a,0.4,0.0,0.4
1679,60930aafdb71c8f1c7eb,0.6666666666666666,0.5,0.16666666666666663
1679,c0fac92867f933b1f2a5,0.5714285714285714,0.5,0.0714285714285714
1679,e28f1ade4bdad9d7f5bb,0.6666666666666666,0.5,0.16666666666666663
1681,137f47e117c2a59a2e6a,0.5,0.5,0.0
1681,5df6e30e945e832b21f7,1.0,1.0,0.0
1681,7d6e7567734eb0b7d271,0.5,0.0,0.5
1681,f849e4c91670de64e243,0.6666666666666666,1.0,-0.33333333333333337
1682,204535fb44a732077ddd,1.0,1.0,0.0
1682,445194e1c3097cc311c9,0.5,1.0,-0.5
1682,835324419fd01d1b39e3,0.42857142857142855,0.0,0.42857142857142855
1682,870759aed6b856b745b8,0.8,0.5,0.30000000000000004
1682,b9fd9411409ac6a0f241,0.5714285714285714,1.0,-0.4285714285714286
1683,4588262427c2066f0795,0.5714285714285714,0.0,0.5714285714285714
1683,6b2d35ff088e877d27e0,0.5,0.0,0.5
1683,d561bfea7b90a3fea667,0.5,1.0,-0.5
1683,e19adf09c797d1517549,0.0,1.0,-1.0
1684,4778193aa5d2d5934e7f,0.0,0.5,-0.5
1684,93a5c49dfcce687538e7,0.0,0.5,-0.5
1684,b816f610fd4d3d897de1,0.0,1.0,-1.0
1684,b9215fcf5dd76d4510d1,0.3333333333333333,1.0,-0.6666666666666667
1684,c7c9ad9236e59d6bcc9e,0.0,0.5,-0.5
1685,0f26842e78ae03b5d455,1.0,0.5,0.5
1685,1304aa3d640325910d1a,0.0,0.5,-0.5
1685,35a078e5a6e128cf7f39,1.0,0.5,0.5
1685,45b8b2c444d6d4127a1b,1.0,1.0,0.0
1685,b428e8fda96a61a7673a,0.75,1.0,-0.25
1686,e463ab9f554a626ec651,1.0,0.5,0.5
1687,ac5e6c956a8ecb67cac7,0.25,0.0,0.25
1689,879b93b7f39ed60531d1,0.6666666666666666,0.5,0.16666666666666663
1689,b4c423c7616bd7bc8f07,0.6,1.0,-0.4
1689,ebf7310370f6b2f08330,0.5,0.0,0.5
1689,ee9d09b14088ce292e8c,1.0,1.0,0.0
1689,efca43d1c2fdff14aaa0,0.6,0.5,0.09999999999999998
1690,284d021893f138c31876,1.0,0.5,0.5
1690,8373c24fc67dafc3dd3c,1.0,0.5,0.5
1690,8bb85be457cd565ca959,0.75,0.0,0.75
1690,c04aa0837e0259fac9e0,1.0,1.0,0.0
1690,c53e230eaf4e61a985c0,1.0,1.0,0.0
1691,381f23d11e84d6cf49a0,0.3333333333333333,0.5,-0.16666666666666669
1691,5c21f8fb5eff3c6c75b9,0.2,0.5,-0.3
1691,6bf0e55fdd9fd56a652b,0.3333333333333333,1.0,-0.6666666666666667
1691,ca259473aad842e99247,0.6666666666666666,1.0,-0.33333333333333337
1691,e32877472a430c0d3633,0.3333333333333333,1.0,-0.6666666666666667
1692,8817dd826468c151d3bf,0.8,0.0,0.8
1692,b14464685a31bd4b7ca3,0.0,0.5,-0.5
1692,c89a7ac3713ac00c93f6,0.75,1.0,-0.25
1694,242a36fd2b8e3a41c752,0.6666666666666666,0.0,0.6666666666666666
1694,8f28434d793fee45d3a4,1.0,0.5,0.5
1694,d61b23eb2ef2fd7aaf00,0.3333333333333333,0.0,0.3333333333333333
1695,0dff428b8b3fbf3dffcb,0.6666666666666666,0.5,0.16666666666666663
1695,37446f68e75be55b43cf,1.0,0.5,0.5
1695,d53b2a0c978fd7a81bca,0.6666666666666666,0.5,0.16666666666666663
1695,ec62469b3be4b783ea81,0.6,0.5,0.09999999999999998
1696,15dc3ff84a7fecb89836,1.0,1.0,0.0
1696,85159a09f6d60bde04b1,0.5,0.5,0.0
1696,bcabd529f0ae2e3a5e05,1.0,0.5,0.5
1696,f91d54b523e684443851,0.6666666666666666,0.0,0.6666666666666666
1697,8c9b6393d2e4308d13e7,0.7142857142857143,1.0,-0.2857142857142857
1697,b1e9b35533d71dcf75a9,0.8181818181818182,1.0,-0.18181818181818177
1699,21a4956b07b3e475f81d,0.75,1.0,-0.25
1699,8882520bcf238b4de980,1.0,0.0,1.0
1699,96d1806335515280fb9b,0.75,0.0,0.75
1699,ac89db35d7e9cf4745dc,0.75,1.0,-0.25
1700,69763ae8e93c365d8cb4,0.75,0.0,0.75
1700,d24e5989ebf462d559ea,1.0,0.5,0.5
1700,e3ac952df89a537cf3ff,0.6666666666666666,0.0,0.6666666666666666
1700,fa1994e74f12c4ce76ec,1.0,1.0,0.0
1700,fdc9a7788abed8877852,1.0,0.5,0.5
1701,30c1ffe8ec5347026f16,1.0,0.5,0.5
1701,846a18a9adb8e74f7fee,0.6666666666666666,0.5,0.16666666666666663
1701,84e7aff905fb3405d7dd,1.0,0.5,0.5
1701,aad1c2216a42a277518c,0.6666666666666666,1.0,-0.33333333333333337
1701,f2297b6d70a00c91483c,1.0,0.5,0.5
1702,06dc5843d53f58bbf8c2,0.75,0.0,0.75
1702,10ce2ab282e985141101,1.0,0.5,0.5
1702,1d853bc384739af79d8a,0.6666666666666666,0.5,0.16666666666666663
1702,671c6ab867c924656c8c,1.0,1.0,0.0
1702,ba59c41b028568df5b04,0.6666666666666666,0.0,0.6666666666666666
1703,08b0be0cf4bb38be8b49,0.6666666666666666,0.0,0.6666666666666666
1703,15628bb3984abbf54c78,1.0,1.0,0.0
1703,50ab5af25e48978ba562,0.6666666666666666,1.0,-0.33333333333333337
1703,800439a15378ac76eea8,1.0,0.5,0.5
1703,ccf46331d7cbbb00f6aa,1.0,0.5,0.5
1704,0dc89a2317aea9fa23a6,0.6666666666666666,1.0,-0.33333333333333337
1704,17f30f85b704f202462e,1.0,0.5,0.5
1704,a1761a57f7bfc90c6234,0.6666666666666666,1.0,-0.33333333333333337
1704,f314a763d2a077e5d946,0.8333333333333334,0.0,0.8333333333333334
1705,44a7f064457cba93817a,0.5714285714285714,0.5,0.0714285714285714
1705,c869279f5452dfc13a55,1.0,1.0,0.0
1705,de5b444fdb00089af24a,0.6,0.5,0.09999999999999998
1705,ee2c4a00803041a87ae9,0.6666666666666666,0.5,0.16666666666666663
1706,34e8e008b22c2f66a033,0.75,0.5,0.25
1706,928ad80ab376edcdef2a,0.8,0.5,0.30000000000000004
1706,a8ad7434b16087912870,0.75,0.5,0.25
1706,b207d0521fc38ba9737c,0.6,0.5,0.09999999999999998
1706,e44953168c1f530da8c6,0.75,0.5,0.25
1707,3ea045f774897b765fbe,0.6666666666666666,0.0,0.6666666666666666
1707,579f3b0226ecfb740e4d,1.0,0.5,0.5
1707,5e9814c701aebabccd41,0.6,0.5,0.09999999999999998
1707,7402f2cb83e768d7f831,0.6666666666666666,0.0,0.6666666666666666
1707,ddc8801f316446642498,0.8333333333333334,0.5,0.33333333333333337
1708,11cb3d514eff63f3d3c9,1.0,1.0,0.0
1708,4389c1890d5fb09b56e8,0.6666666666666666,0.5,0.16666666666666663
1708,f0fe9597526bcebd5981,0.3333333333333333,1.0,-0.6666666666666667
1708,f8c7d47ba74ee89524e4,1.0,0.5,0.5
1709,29fae5f55717654e3a1e,0.6666666666666666,0.0,0.6666666666666666
1709,4132a6e36482f103f2c4,0.0,1.0,-1.0
1709,6c22629785036512acbf,0.0,0.0,0.0
1709,c0ac745d0a03202701fd,0.6666666666666666,0.0,0.6666666666666666
1709,e6810a5afd109edf07d1,0.6666666666666666,1.0,-0.33333333333333337
1710,133b828624d6e313dc2d,0.6666666666666666,1.0,-0.33333333333333337
1710,721b9cf7f77e51d0d368,0.3333333333333333,0.5,-0.16666666666666669
1710,73460d3f7485ebd134bb,0.0,0.5,-0.5
1710,eb91bf6e94ad096bf812,0.6666666666666666,1.0,-0.33333333333333337
1710,fc8e1c87cd4c74b0d332,0.3333333333333333,1.0,-0.6666666666666667
1711,1f4a958369ad19557db6,0.3333333333333333,0.5,-0.16666666666666669
1711,7ccd6d6e212f1975f58e,1.0,1.0,0.0
1711,98f763279537e80e549f,0.5,0.5,0.0
1712,2a1a99efd65e3cb56ee7,0.6666666666666666,0.5,0.16666666666666663
1712,9e2e3e2cdfad9a16d478,0.6666666666666666,0.0,0.6666666666666666
1712,d938138a66abc5131364,0.3333333333333333,1.0,-0.6666666666666667
1712,fb0bbce34072d469bc3c,0.6666666666666666,0.5,0.16666666666666663
1713,430d82200e8ae0d0b23a,0.6666666666666666,0.5,0.16666666666666663
1713,cbc8eccd675701131c55,0.5,1.0,-0.5
1714,0fbf671aad929f0eea89,0.6666666666666666,0.0,0.6666666666666666
1714,2371f9642104408f125a,0.75,0.5,0.25
1714,79dd22cf46a404d151ca,1.0,1.0,0.0
1714,8ab787f5be83ecfccc64,0.6666666666666666,1.0,-0.33333333333333337
1714,d73116d086b0b2e61f59,0.6666666666666666,1.0,-0.33333333333333337
1715,17582900f87ca4371177,0.6666666666666666,1.0,-0.33333333333333337
1715,49a49a0059d6d681e009,0.3333333333333333,0.5,-0.16666666666666669
1715,951c2afd556dc7f14fbb,0.6666666666666666,0.0,0.6666666666666666
1715,dd52f712fdea69d30c84,1.0,1.0,0.0
1716,3cf3654eada96e9375a4,1.0,0.5,0.5
1716,4c5a57d3685d41e5d3e2,1.0,1.0,0.0
1716,51b521244e5f916f8fe8,0.6666666666666666,0.5,0.16666666666666663
1716,5fe61057b1b50cc8b488,0.6666666666666666,0.5,0.16666666666666663
1717,04e7760d6f46aea2ba39,0.7777777777777778,1.0,-0.2222222222222222
1717,5f41f37d25bf37f0d00f,0.6,0.5,0.09999999999999998
1717,bd6a06ff6cfee9bfadc8,0.375,0.5,-0.125
1719,049d0c320e3421a2b8c4,0.5,0.5,0.0
1719,9d0d8d61a33fa617aff1,0.25,0.5,-0.25
1720,081b9d8b5debf1fc9750,0.75,0.5,0.25
1720,6c6af9fbcaee29f5ebec,0.8333333333333334,0.0,0.8333333333333334
1720,b5819fe5b3c9d1b0fb8f,0.5,0.5,0.0
1720,fe4f76f4e5a39cc91f73,0.5,1.0,-0.5
1721,69abb9fc7f5f9f67c88d,0.75,0.5,0.25
1721,6e0a047110b7098c9289,0.25,1.0,-0.75
1721,7561c2e8cc46c82d6965,0.25,1.0,-0.75
1722,42a0d1e6f0ad753731de,0.25,0.5,-0.25
1722,64cce77098fbed9a2d08,0.75,0.5,0.25
1722,ab67eb63a22d1c6966a1,0.5,0.5,0.0
1722,d35ed55542c89d7f8e01,0.25,0.5,-0.25
1723,2037b27497fc36974e64,0.25,0.0,0.25
1723,24715b193230e52cfac5,0.75,1.0,-0.25
1723,6c62d56d7d7073484484,0.75,0.0,0.75
1723,71112237b7bdfc04c814,0.25,0.0,0.25
1724,37d0ace5c2f17862424b,0.6666666666666666,0.0,0.6666666666666666
1724,83ab934617f1071a3f4f,1.0,1.0,0.0
1724,cdc0521a49360fc7cc44,0.3333333333333333,0.5,-0.16666666666666669
1724,e69050635c42200875da,0.6,1.0,-0.4
1724,f0528ea857256f99c298,0.25,0.5,-0.25
1725,30da94764fb6f7764dc8,0.3333333333333333,0.5,-0.16666666666666669
1725,465d0586223af0238bf8,0.3333333333333333,0.5,-0.16666666666666669
1726,076bd1f49a30d63d8577,0.7333333333333333,0.0,0.7333333333333333
1726,1ad5c44542886c612be6,0.6,0.5,0.09999999999999998
1726,25cc065957b72fa5a029,0.5714285714285714,1.0,-0.4285714285714286
1726,2d5e1437be18cb71bfaa,0.5,1.0,-0.5
1727,14f4ad8a956f3930f87c,0.75,1.0,-0.25
1727,3ff2c599b627b21522f3,0.25,0.5,-0.25
1727,8b3e3b5b09d49aa2a900,0.6666666666666666,1.0,-0.33333333333333337
1727,ace08b08346ab47527d8,0.6,0.5,0.09999999999999998
1727,ecfe1bdc7996988f609b,0.25,0.5,-0.25
1728,599ea2a39b00540bb9e7,0.14285714285714285,0.0,0.14285714285714285
1729,4f73b24b8c0103e492fa,0.4,0.5,-0.09999999999999998
1729,b1f64987c0625e7b6095,0.6666666666666666,1.0,-0.33333333333333337
1729,c4d112a55ead07eacd31,0.5,1.0,-0.5
1729,ece8216e0bd1e54cdc12,0.25,0.0,0.25
1730,2820a5a06209a01ef041,0.5,0.5,0.0
1730,2c79bc7cb486c6d21b59,0.5,0.5,0.0
1730,92e70aafe2fbbda81b85,1.0,0.5,0.5
1730,d127a9305bd9fae05bcb,0.42857142857142855,1.0,-0.5714285714285714
1730,e0dd6795b4ba3f626ae3,0.75,1.0,-0.25
1731,3d56f080b820a1768f7c,0.25,0.5,-0.25
1731,4604bdaeabeb47c22259,0.75,0.0,0.75
1731,a68c2018795b316c51b1,0.75,0.0,0.75
1731,c485a98075f2b2436b9a,0.25,0.5,-0.25
1732,36271b9a6992537cbaad,0.0,0.5,-0.5
1732,51473c88a52e4f7371db,0.25,0.5,-0.25
1732,9eefdd12f30c5a7af595,0.6,0.5,0.09999999999999998
1732,d2097e0869247bf7f853,0.2,0.0,0.2
1732,e5ed74c968aba7793419,0.5,0.5,0.0
1733,3058901d2badf73349bb,0.6666666666666666,0.5,0.16666666666666663
1733,510fa28226c411ad6d94,0.3333333333333333,0.5,-0.16666666666666669
1733,c579f29d67dbade5714e,1.0,0.0,1.0
1734,1041e7ffc2cbb4d3fbf6,0.75,1.0,-0.25
1734,6546e844b71757738df9,0.75,0.5,0.25
1734,9c1fcf830c049bb04fe6,0.5,0.0,0.5
1734,b500179d57e00e800f5d,0.6,0.5,0.09999999999999998
1735,6368cd3f08423ad2dcb7,0.6666666666666666,0.5,0.16666666666666663
1735,69f6aad3c6ff0dad900b,0.6,0.0,0.6
1735,d6ae3a898026fa5a7f5c,0.6666666666666666,0.0,0.6666666666666666
1735,e340dd5235de38385f72,0.6666666666666666,1.0,-0.33333333333333337
1736,308f9487b31cc078b758,0.75,1.0,-0.25
1736,88c14dcc2a9d82b84455,0.5,1.0,-0.5
1736,9c6fad2dd0e0917d22d6,0.75,0.5,0.25
1736,dcb3ffad5fe6044c51a3,0.5,0.5,0.0
1736,dde7edfa785ddb7c34bb,0.5,0.5,0.0
1737,1d21d0b44b62c3836934,0.0,0.5,-0.5
1737,27198004a48eea1ac0a1,0.0,0.0,0.0
1737,4088c2af4165f7810006,0.3333333333333333,1.0,-0.6666666666666667
1738,113edd3a9c01826a4664,0.3333333333333333,0.0,0.3333333333333333
1738,48413cf68e76117d3467,0.6666666666666666,1.0,-0.33333333333333337
1738,4d291ba6440bb5235cc6,0.6666666666666666,0.5,0.16666666666666663
1738,6adae7b4b26350f30743,0.0,1.0,-1.0
1739,272b7989be3062aa1b22,0.3333333333333333,0.5,-0.16666666666666669
1739,3b3d786fb629c5b2904b,0.0,0.0,0.0
1739,7b03a80e8a83b543818d,0.25,1.0,-0.75
1739,8c98569f6984c744b146,0.6666666666666666,0.5,0.16666666666666663
1739,9b9459c0acea42c50a22,0.3333333333333333,0.5,-0.16666666666666669
1740,4dcf1eafae8bb960fefb,0.4,0.5,-0.09999999999999998
1740,e8a41b6526971c1170cd,0.3333333333333333,0.5,-0.16666666666666669
1740,ef57c1f6135e2daab133,0.0,0.5,-0.5
1740,f0c7da3245283760f029,0.5,0.5,0.0
1741,029a86ed135f23719426,0.3333333333333333,0.5,-0.16666666666666669
1741,4aa48cc711f4a120edcd,0.5,0.5,0.0
1741,bd62180eb13e387697f3,1.0,0.5,0.5
1741,c7c0a14210d0476a3359,1.0,0.5,0.5
1742,62a5be629dffa054cdaf,0.6666666666666666,0.5,0.16666666666666663
1742,7d7cf6bf7f0de9ce3bb6,0.6666666666666666,0.5,0.16666666666666663
1742,e90f8493f3a70d08fc2a,0.0,1.0,-1.0
1743,4676201da8aa981c6494,0.0,0.0,0.0
1743,9602d6dad3e5febade61,0.3333333333333333,0.0,0.3333333333333333
1743,ba283e48d0db999a5572,0.0,0.5,-0.5
1743,c20c153e8a2d127667c5,0.0,0.5,-0.5
1743,dc6b265229482e35fc19,0.3333333333333333,0.5,-0.16666666666666669
1744,2ccb59db8339a4b5db34,0.5,0.5,0.0
1744,38a2df680c5400888c93,0.6666666666666666,0.5,0.16666666666666663
1744,71bdee9fad4c83520c8b,0.5,0.0,0.5
1744,71c4ba02ff35e5693baa,0.5,0.0,0.5
1744,c32db9bbaf82b9d06206,0.25,0.0,0.25
1745,5dfa6cf2d3eb45fc5289,0.75,1.0,-0.25
1745,7e9ac796ff3d52f4101d,0.875,1.0,-0.125
1745,8c8bc3987c0e89873d34,1.0,1.0,0.0
1745,d8fc8cd7d13f886062b6,0.8,1.0,-0.19999999999999996
1746,67acff3c494608e27227,0.25,0.5,-0.25
1746,ae32bb45e0d21bfaa4f5,0.3333333333333333,1.0,-0.6666666666666667
1746,f1c04eb367b0984a3cff,0.6666666666666666,1.0,-0.33333333333333337
1747,10054cee2e450b5eb8de,0.8,0.5,0.30000000000000004
1747,154c532fd14daf1c1e70,0.0,0.0,0.0
1747,c0688ef9097f2cb118df,0.25,0.5,-0.25
1748,0ad082b0dc568b4b18e5,0.5,0.0,0.5
1748,3f35788540ab8b32e521,0.0,0.5,-0.5
1748,4260150cfa79cf061fda,0.0,1.0,-1.0
1748,a8cfef2be1b35795b473,0.8,0.5,0.30000000000000004
1748,f5c4197b08916c8d9999,0.8333333333333334,0.0,0.8333333333333334
1749,2343099aa5e6e4385663,0.0,0.5,-0.5
1749,530c4ecca0c8d286b37d,0.0,0.0,0.0
1749,87fbabbd90b570a8028d,0.0,0.5,-0.5
1749,ca16f46cfdce8a0875bc,0.0,0.5,-0.5
1750,743b0128acf7ddcbd8a4,1.0,0.5,0.5
1750,9839fade893ea668a9b4,0.3333333333333333,0.5,-0.16666666666666669
1750,a3a0aee12369d2df704a,0.6666666666666666,1.0,-0.33333333333333337
1750,aa919684ebaccd014104,1.0,1.0,0.0
1750,fb4a074fc02bb85a837a,0.6666666666666666,0.5,0.16666666666666663
1751,2ed6e4338def475486a3,0.3333333333333333,0.5,-0.16666666666666669
1751,3be522fcafc676ae2454,0.3333333333333333,0.5,-0.16666666666666669
1751,76df68c2456592e03ead,0.0,0.0,0.0
1751,b6aac8c1a96dac29f12f,0.3333333333333333,0.5,-0.16666666666666669
1751,e64647f1d99bc905ff0a,0.3333333333333333,1.0,-0.6666666666666667
1752,0feb718866e7fc404e8c,0.5,0.0,0.5
1752,1fc8a7b8837cbef41405,1.0,1.0,0.0
1752,9d8546f3177e6b1f7495,0.6666666666666666,0.5,0.16666666666666663
1752,cb0f87fdb64cd7fa1703,1.0,0.0,1.0
1753,50f8cf993fc8ae8522b8,0.14285714285714285,0.0,0.14285714285714285
1753,b52f9bf9b3ea851b9a78,0.2857142857142857,1.0,-0.7142857142857143
1754,4baaef3028c914459456,0.5,0.5,0.0
1754,64beb091ed9b0bc88e81,0.5,0.5,0.0
1755,1939b84f0db8fa4949d3,0.6666666666666666,0.5,0.16666666666666663
1756,28b21a4cfb437bc34659,1.0,0.5,0.5
1756,3c764e51e6afb493aca0,0.3333333333333333,0.5,-0.16666666666666669
1756,456120fa284a00c9212e,1.0,1.0,0.0
1756,a5da1eae90949306e58d,0.25,0.0,0.25
1756,ced21b6df3cd8b651ebc,0.5,1.0,-0.5
1757,37829938d1e2748e9406,1.0,0.5,0.5
1757,a50c863d6cbc7ac9d5e9,0.25,0.0,0.25
1757,c0a0194096db813de832,0.5,0.5,0.0
1757,ca1f34489f1b2eee4515,0.5,0.5,0.0
1757,fe328adb6915e51e311d,1.0,1.0,0.0
1758,137f0d3484457f054162,1.0,0.0,1.0
1758,2078d6da5c45833c07f0,1.0,1.0,0.0
1758,687393d08ec0d24ed886,0.25,0.5,-0.25
1758,abbe3e566ac82823397a,1.0,0.0,1.0
1758,f944abd2876ca728db1c,0.75,0.5,0.25
1759,679d859141b7ea859695,0.7142857142857143,0.5,0.2142857142857143
1762,7536d68be6a4ec6a7376,0.3333333333333333,0.0,0.3333333333333333
1764,1b6bf63034c9c7f59e16,0.8888888888888888,0.0,0.8888888888888888
1764,d3bcc52498a9109beeb8,0.8333333333333334,0.0,0.8333333333333334
1764,dd482bb41f54e57bf52a,0.7272727272727273,1.0,-0.2727272727272727
1766,b7f60ca272c730aca9a8,1.0,0.5,0.5
1766,dded557011c41da8477a,0.75,1.0,-0.25
1767,bc325917e477a5357c03,0.7142857142857143,0.0,0.7142857142857143
1768,52b0bb89356e2f81463d,0.42857142857142855,0.5,-0.07142857142857145
1771,9e242b8fd1fe4e1c4b78,0.6666666666666666,0.5,0.16666666666666663
1772,1b0c2ae5417e61aa5232,0.6,0.0,0.6
1772,29c9eae82d60f6151d0f,0.6,1.0,-0.4
1772,6c7339e26fbb5e95d0ff,0.6,1.0,-0.4
1773,7c543cc245007f293ea0,0.3333333333333333,0.5,-0.16666666666666669
1773,b9884c09cea58e763c6c,0.25,0.5,-0.25
1773,ea47ff32a020690d2292,0.5,1.0,-0.5
1773,ebd08d165682ce598443,0.25,0.0,0.25
1773,fd9164f3027c42fb2de2,0.0,0.0,0.0
1774,7f38fa0bafed813d7a0a,0.0,0.5,-0.5
1774,c1289f325bb72eec1e3c,0.0,0.0,0.0
1774,e35f2e43704e3a568a11,0.0,0.5,-0.5
1775,457b28011b91b932dc87,0.0,1.0,-1.0
1775,a28c891b73eb720d848a,0.5714285714285714,0.5,0.0714285714285714
1775,b0585ee585d6dcd85baf,0.6,1.0,-0.4
1775,f2de3040c565c29b9c6e,0.3333333333333333,0.0,0.3333333333333333
1775,fbbe96507486db998ff7,0.3333333333333333,1.0,-0.6666666666666667
1776,0324a9355ee46f3d5ecf,0.6666666666666666,0.0,0.6666666666666666
1776,1d3312b7999c048e84c8,0.75,0.5,0.25
1776,3075332998710608bf94,1.0,1.0,0.0
1776,86704fc6e8c1b8876e16,0.3333333333333333,0.5,-0.16666666666666669
1776,d8d7b06ce4cbdb1d555c,0.6666666666666666,0.0,0.6666666666666666
1777,448619d8f7e6280719e3,0.5,0.5,0.0
1777,634d3ac98c2127388a5b,0.75,0.0,0.75
1777,c3c651e344de1e271adf,0.8,0.5,0.30000000000000004
1777,cba176892cc30609974a,0.5,0.5,0.0
1777,daeac4fea7522beea510,0.5,0.5,0.0
1780,71ba2483944f81b7220c,0.8,0.0,0.8
1780,8a2b75e8b8f1c3644a37,0.0,1.0,-1.0
1782,62510f2cf76215bad904,1.0,0.0,1.0
1782,ad845541b70e71a3fdb6,1.0,0.5,0.5
1782,ff1215cabbba7b097142,0.6,1.0,-0.4
1783,1847b0aaab07ce62776d,0.75,1.0,-0.25
1784,2a558d57b680d792d10e,0.5,1.0,-0.5
1784,40bc7a6019e9d368a556,0.8333333333333334,1.0,-0.16666666666666663
1784,778f4ed8e4d7169243e3,0.5,0.5,0.0
1784,9bbb852ed64a0ba09e36,0.8333333333333334,0.0,0.8333333333333334
1785,5c6392cdf72177d39167,0.4,1.0,-0.6
1785,c9a622126c1348bb892e,0.2,0.0,0.2
1785,cbed5df0a242cf2d0f90,0.4,0.5,-0.09999999999999998
1785,d50023ece4b84ed5112c,0.5,1.0,-0.5
1785,fd461db6d23a98ad60de,0.5,0.0,0.5
1786,035fb0d15daecb7a4c84,0.25,0.5,-0.25
1786,b8ceb0384395aecb4faa,0.5,1.0,-0.5
1786,bfb59ab1f6a9f288315d,0.5,0.5,0.0
1786,d0e3e3417964075cdb84,0.25,0.5,-0.25
1786,e53547a0bda4d0b1e643,0.4,0.5,-0.09999999999999998
1787,15aee3e5cd65cdd67d8d,0.0,1.0,-1.0
1787,186fc53e8b72974d61e4,0.25,1.0,-0.75
1787,7e2e109959f53ecbad8d,0.25,0.5,-0.25
1787,c598caf2927ba45e6b32,0.3333333333333333,0.5,-0.16666666666666669
1787,cacb5f1aa232b6d60a1c,0.0,0.5,-0.5
1788,5aaf2b0195ca7e153f8d,0.5,1.0,-0.5
1788,61b478309d1e34892186,0.2,1.0,-0.8
1788,c97f3d0fd21fd32f26b8,0.5,0.5,0.0
1788,c9bf01ad4a166d24bc80,0.6,0.5,0.09999999999999998
1788,de6200f213308af41b31,0.5,0.0,0.5
1789,193a8449dfd41f0efc1e,0.5,0.5,0.0
1789,372990625402270f1c5e,0.5,1.0,-0.5
1789,9916cb6c0b11b22faa09,0.25,1.0,-0.75
1789,b9713fe6322747609fc0,0.5,0.5,0.0
1789,f9c42a6e5e20fa940caf,0.0,0.5,-0.5
1791,2b826432c5e1e1cccfdf,0.0,1.0,-1.0
1791,94b8adaf81c5a2666f40,0.5,1.0,-0.5
1791,e17a958cb99e13e0ef4b,0.5,0.0,0.5
1791,f574c9400b3f1b3d7d40,0.5,0.5,0.0
1792,3e29800313ce929a7b4d,0.5,0.0,0.5
1792,8d1e8da8ef6bdc28d921,0.0,1.0,-1.0
1792,acf5ab3bc61e4fa35942,0.0,1.0,-1.0
1792,bee369176566b0468f2f,0.0,1.0,-1.0
1792,e47b4de300b44ffe80f4,0.0,1.0,-1.0
1793,1522e60fa72a463e76ec,0.0,0.0,0.0
1793,36a8ffa222d5a23910a8,0.3333333333333333,0.0,0.3333333333333333
1793,b7aa4c61afd5f737ccbf,0.5,0.0,0.5
1793,ba56885ce2be651bd4aa,0.5,1.0,-0.5
1793,da6f8d1b498c264559ed,0.5,0.5,0.0
1794,014ea5b055cb03837911,0.0,0.0,0.0
1794,14452759ed377eb06dcd,0.0,0.5,-0.5
1794,a51943a19b9130c3c4d7,0.3333333333333333,0.5,-0.16666666666666669
1794,dc35de0db8016aaf4495,0.0,0.0,0.0
1794,f879f84bda8e9a6f0491,0.0,0.0,0.0
1795,27ac86e7cfaeb69e9ffa,1.0,1.0,0.0
1795,40e8536590f5cc089e0f,1.0,1.0,0.0
1795,412861f0c0f244825a8e,1.0,0.5,0.5
1795,d96ec31b1f43af901a94,1.0,0.5,0.5
1795,e3f9ab51172881f6dd64,0.6,0.5,0.09999999999999998
1796,02a09ad9aa2790d15619,0.6666666666666666,1.0,-0.33333333333333337
1796,32a603a84d12d8772788,0.3333333333333333,0.0,0.3333333333333333
1796,9acc8ef577f4628337d9,0.6666666666666666,0.5,0.16666666666666663
1801,0c00bfa8753ed45ab81b,0.0,0.0,0.0
1801,6716853d5721ea5cd21c,0.0,1.0,-1.0
1801,932a76e61247299e0dca,0.0,0.5,-0.5
1801,9fd0d725f0a66ceb4da0,0.0,0.5,-0.5
1801,de3fc879e26bfb28b598,0.0,0.0,0.0
1802,137024d791a4fa676f05,0.75,0.5,0.25
1802,575b08a1c9b2aa92500f,0.5714285714285714,0.0,0.5714285714285714
1802,5b8408ebb0639326fa88,1.0,0.5,0.5
1802,76876fccd595f50ff156,0.5,0.5,0.0
1803,1752c98ba01be14f5478,0.8,0.5,0.30000000000000004
1803,49c71d58bb6063ced14f,0.5714285714285714,0.0,0.5714285714285714
1803,8e1d268bfa3bb253a233,0.5714285714285714,1.0,-0.4285714285714286
1803,b1d5b7958c3918af99d2,0.4166666666666667,0.5,-0.08333333333333331
1803,c8c33821b86e8fcda627,0.5555555555555556,0.5,0.05555555555555558
1804,008781dff9e5cff0bdcd,1.0,0.5,0.5
1804,336f62232b49a0a7bf5c,1.0,0.0,1.0
1804,3a454007a0bf5d8738eb,0.6666666666666666,1.0,-0.33333333333333337
1804,8093a1cc786b53593f7e,0.6666666666666666,1.0,-0.33333333333333337
1804,fbc47c075aa41203daa2,0.3333333333333333,0.0,0.3333333333333333
1805,4b5335209ef9bb58486b,0.8,1.0,-0.19999999999999996
1805,a252a6d4688913d2454b,1.0,1.0,0.0
1805,ad3821454f44fc2a3cc4,1.0,0.0,1.0
1805,d3aad91f79b401106f0e,0.75,0.5,0.25
1806,400f7bb646eae8971259,0.5,1.0,-0.5
1806,73f278d7d38578ecfb89,0.5,0.5,0.0
1806,92dc73b71b8e34676067,0.3333333333333333,0.5,-0.16666666666666669
1806,f51c2cc3fef59a1d0953,0.6666666666666666,1.0,-0.33333333333333337
1807,32572754a7d4d3ea6209,0.6,0.0,0.6
1808,01bc07b5557fbd6be03d,0.6666666666666666,0.0,0.6666666666666666
1808,0aa1b2177cfd14276430,0.5,0.5,0.0
1808,312f468b44445add8f71,0.5,0.0,0.5
1808,490e0c46e8fa351207fa,0.16666666666666666,0.0,0.16666666666666666
1809,1b0affcd7223d39cf60c,0.6,1.0,-0.4
1809,afee39f147d43ebdf68d,0.5,0.5,0.0
1809,c7d27e68d27de5cb7a24,0.3333333333333333,1.0,-0.6666666666666667
1809,d5ac10eba937cc6e9764,1.0,0.0,1.0
1810,ff28e6cbba9acf9a5f6f,0.5,0.5,0.0
1811,b7600a799814deb85d70,0.8181818181818182,1.0,-0.18181818181818177
1812,d869087b262507e1d840,0.8181818181818182,0.5,0.31818181818181823
1812,db8f8fbce177ff746906,0.5,0.5,0.0
1813,4aba531497a454ff8383,1.0,0.0,1.0
1813,4b9308cfb355035ad36a,0.8,0.0,0.8
1813,8e0ad280c6e6d82ef18f,1.0,1.0,0.0
1813,d129ad036145275271d8,0.5,0.5,0.0
1813,f371d4ea3ae4975648ce,1.0,0.5,0.5
1814,226052c197ed2504cf9b,1.0,0.5,0.5
1814,8d1fa4bc15c67d938309,0.8,0.5,0.30000000000000004
1814,ab59e7dcc6568e931c3c,0.8,1.0,-0.19999999999999996
1814,e031192306c0c8fde77d,0.6,1.0,-0.4
1815,10dbbd544971ed4dce83,0.25,1.0,-0.75
1815,59e3aa5af732b47d4d48,0.0,0.5,-0.5
1815,84349c07122426249ec0,0.4,1.0,-0.6
1815,a92c7ed37ba0aee46f86,0.3333333333333333,1.0,-0.6666666666666667
1815,b58d521d6526986a6995,0.2,1.0,-0.8
1816,0370e51a5bc22d3a205e,1.0,0.0,1.0
1816,060f33ae9dcefa06ee78,0.3333333333333333,0.0,0.3333333333333333
1816,21f2ce28b461fbdbab3a,0.3333333333333333,0.0,0.3333333333333333
1816,70f1a2835defb79fe9a0,0.8333333333333334,0.5,0.33333333333333337
1816,8b745c2463cba8e4b54d,0.5,0.0,0.5
1817,2ea43f6a5a7332a2dbad,1.0,0.5,0.5
1817,43035c06f586cfaace2f,0.3333333333333333,1.0,-0.6666666666666667
1817,8ffaa93121abdf1188d3,0.75,1.0,-0.25
1817,b377cecd0967b6d3c3c4,0.75,0.5,0.25
1817,b7803f2ca95a4d9439a8,0.3333333333333333,0.5,-0.16666666666666669
1818,0cddbcbaa97e1e810f55,0.3333333333333333,0.5,-0.16666666666666669
1818,1ca6e0714834f07190a6,0.75,0.5,0.25
1818,4f7664eddfed4971290d,0.25,0.5,-0.25
1818,6fbd4aaf02ffe929d7fe,0.75,0.5,0.25
1818,7d556fe7563f3068b17a,1.0,1.0,0.0
1819,2ab6aaf84e427dbc985d,0.3333333333333333,0.5,-0.16666666666666669
1819,c3831735acceeabff2ac,0.6,0.0,0.6
1820,5fd4d96b56d264bf9b13,0.6666666666666666,0.0,0.6666666666666666
1820,78cac0bf6b8ffcabb5ff,0.3333333333333333,1.0,-0.6666666666666667
1820,b72a43f996764e8a0385,0.0,0.5,-0.5
1820,e84a2b0a2bdc241bb25e,0.3333333333333333,1.0,-0.6666666666666667
1820,e94414a45bbf59c6da8a,1.0,1.0,0.0
1821,96119200779eec1dd35f,0.5714285714285714,1.0,-0.4285714285714286
1822,9e53f9c4dd3ce8073ab1,1.0,0.5,0.5
1823,b2a88bd6a3ed41abf192,0.8333333333333334,0.5,0.33333333333333337
1824,61010cd1caaa64938dc8,0.6666666666666666,0.5,0.16666666666666663
1824,7c81294c887ba8e27ea2,0.3333333333333333,1.0,-0.6666666666666667
1824,8be926b49b4ba5e30847,0.75,1.0,-0.25
1829,31da1ba7f9ff532f92dd,0.3333333333333333,1.0,-0.6666666666666667
1829,616d7735e00c32b06d74,1.0,1.0,0.0
1829,dabafd73fec0730be0dc,0.5,0.0,0.5
1829,f5c99d53963b3ea6d1a1,0.25,1.0,-0.75
1830,10bc6676691133e4b27c,0.25,1.0,-0.75
1830,81f9d2c3d0e46a2ff41e,0.75,0.5,0.25
1830,86ef9d32501f6d3bb1f4,0.6666666666666666,1.0,-0.33333333333333337
1830,a737f11cfdba62aec497,0.5,1.0,-0.5
1830,ba9b73c03c422f4d8316,0.75,1.0,-0.25
1831,186d4b46122c3740649a,0.5,1.0,-0.5
1831,1d921694ea157529f278,0.7272727272727273,1.0,-0.2727272727272727
1831,a359ef550c52591b5802,0.5454545454545454,0.0,0.5454545454545454
1831,c0ebb8fcd41518937c7b,0.6666666666666666,0.5,0.16666666666666663
1832,09d35286641ce2e671a8,0.4444444444444444,0.5,-0.05555555555555558
1832,573e4ef087099278a8d1,0.5,0.0,0.5
1832,a94c174861805fd75996,0.6666666666666666,0.5,0.16666666666666663
1832,d2f19b995b60c3a8aeef,0.6,0.5,0.09999999999999998
1833,ca9f86e78ecf61a9885d,0.75,1.0,-0.25
1833,d545eaf433ab12232261,0.7142857142857143,0.0,0.7142857142857143
1833,f1c1a2593269c1d3ee60,0.75,1.0,-0.25
1834,449d4ce2aec639dfb7d5,0.5454545454545454,0.5,0.045454545454545414
1834,6c51dc4c2cc683787b4b,0.5,0.5,0.0
1834,a611a9fe23ae773308da,0.875,0.0,0.875
1835,3bb76d2648599d293bc3,0.6666666666666666,0.0,0.6666666666666666
1835,3fa8506c21c8b8783f05,0.5,0.5,0.0
1835,a1cc45668b5086d993fd,0.6,0.0,0.6
1835,b992c21b851884c3de70,0.9,0.0,0.9
1835,dcc132b7345e4fa32049,0.75,0.5,0.25
1836,105b567ae69f9137c87c,0.75,0.0,0.75
1836,9cb8a7864e9f731beff6,0.6,0.5,0.09999999999999998
1836,eaac532137d27b3ce3bb,0.6428571428571429,1.0,-0.3571428571428571
1837,4298ea0952f918834980,0.8,1.0,-0.19999999999999996
1837,7d5befd2a816116ef76c,0.375,0.0,0.375
1837,7dae5a4eec1301c619a5,0.25,0.0,0.25
1838,0512f8737fee0135e265,0.5,0.5,0.0
1838,b874654bf3d1d56c9428,0.5,0.0,0.5
1838,e3713f0ad9c434af9854,0.4,1.0,-0.6
1838,e3be0662a42d612da9f0,0.7857142857142857,0.5,0.2857142857142857
1839,274edd1720fbc189908d,0.7142857142857143,1.0,-0.2857142857142857
1839,cda589732cafb4b5c4ab,0.6666666666666666,0.0,0.6666666666666666
1840,420a4dd730c71f5b4e2c,0.5384615384615384,1.0,-0.46153846153846156
1840,80135ee053d5c9a06097,0.6428571428571429,1.0,-0.3571428571428571
1840,b6459f2bba687d4f505f,0.42857142857142855,0.5,-0.07142857142857145
1840,c85cecd2c2e4c3009799,0.6666666666666666,0.5,0.16666666666666663
1840,ded4d00959d510ba5dc6,0.8,0.5,0.30000000000000004
1841,0c25db788c25844eac63,0.5714285714285714,0.5,0.0714285714285714
1841,3b000124083056d80435,0.7142857142857143,1.0,-0.2857142857142857
1841,682ca9be1ba378c96bae,0.7272727272727273,0.0,0.7272727272727273
1841,a654acb11e296dce93fa,0.5,0.5,0.0
1842,205e84c66ab136bd509d,0.2857142857142857,0.0,0.2857142857142857
1842,28e662ad8d80f016d645,0.6923076923076923,1.0,-0.3076923076923077
1842,646a03e7a7beded12460,0.375,1.0,-0.625
1842,726dfbbb8f08970896b5,0.6818181818181818,1.0,-0.31818181818181823
1842,edc5be18f656008d13de,0.8,0.0,0.8
1843,09f375d9ad3298e1917c,0.6363636363636364,0.5,0.13636363636363635
1843,2b57b58a0a673a21fe68,0.75,0.0,0.75
1843,72dfd7cc026bef711e89,0.4166666666666667,0.0,0.4166666666666667
1843,ecdda40766dd60abfe9f,0.5,0.0,0.5
1844,fe0de3c0554566aa47c8,0.5,0.0,0.5
1845,7efc9ac18fb5ced5e425,0.3333333333333333,1.0,-0.6666666666666667
1845,9353627acd1d45959f99,0.3333333333333333,0.5,-0.16666666666666669
1845,c475a5fb3cffe572b36f,0.25,1.0,-0.75
1846,88dd33634ce83e0190a3,0.75,0.0,0.75
1846,9e435aff39af64cb7282,0.6,0.5,0.09999999999999998
1846,dda5728e82b98ca3c85d,0.4,0.5,-0.09999999999999998
1847,107deeaace5663187373,0.8,0.5,0.30000000000000004
1847,e61f693be873a40d9081,0.7692307692307693,0.0,0.7692307692307693
1848,11a8bdc4acfeded891f3,0.75,0.5,0.25
1848,930d792f0878d702a0e3,0.5714285714285714,0.5,0.0714285714285714
1849,7958d37034561e8049a1,1.0,0.5,0.5
1849,95d5288d62bb087ca53e,1.0,1.0,0.0
1849,f43dc96ae3a0a2ca9c2a,0.6153846153846154,0.0,0.6153846153846154
1849,f4d673675bf70516ad91,0.5,1.0,-0.5
1851,5b074369745a15a5188f,0.375,0.5,-0.125
1851,e1a702bafb1c128e03f4,0.6,0.5,0.09999999999999998
1852,00d646a2f466db9b0d6e,0.6666666666666666,1.0,-0.33333333333333337
1852,23831282531db36d17df,0.25,1.0,-0.75
1852,b4247775aca2f87e14bd,0.6666666666666666,0.5,0.16666666666666663
1852,b9f06a7b5a639384e61e,0.3333333333333333,0.5,-0.16666666666666669
1854,0e536d1b408d51935f10,0.0,0.5,-0.5
1854,be5dc7f399451e5885d2,0.25,0.5,-0.25
1854,e324246944c4ecacc569,0.25,0.0,0.25
1854,faa0333c7d0623675979,0.75,0.0,0.75
1855,0729e03db2c2a5a90d4c,0.6,0.0,0.6
1855,6a2bcbb5fdf4e4f2d41d,0.8,1.0,-0.19999999999999996
1855,6c0f90a893f80ace5720,0.6,0.5,0.09999999999999998
1855,7db674ad90890b5607c7,0.5,0.5,0.0
1855,d0c10877d6de4e1b9f6c,0.5,0.0,0.5
1856,3494d1633dc0231a91ce,0.0,0.0,0.0
1856,3affb91cd90271089ded,0.25,0.5,-0.25
1856,bc8a7e23c36dcadbbd07,0.25,1.0,-0.75
1857,6bfac288d0ef45cf38d9,0.0,0.5,-0.5
1857,8d808147b9706a944dc4,0.4,1.0,-0.6
1857,9ed05386be8dadf5e468,0.0,0.0,0.0
1857,bf43db199cdcf6a15827,0.0,0.5,-0.5
1858,540a4d25fad08eae83fd,0.4,1.0,-0.6
1858,cef845e65186aea09a0a,0.4,1.0,-0.6
1858,d757e39c303b0b833ab3,0.25,0.0,0.25
1859,04cff73302f5463989e8,0.3333333333333333,0.5,-0.16666666666666669
1861,97c52442c95582c6a586,0.25,1.0,-0.75
1861,b7d8f6aad9f26e73c300,0.14285714285714285,1.0,-0.8571428571428572
1862,7ad34c7b9c2e0e6680db,0.6666666666666666,0.5,0.16666666666666663
1862,9148b4a73fec575e1e19,0.25,0.0,0.25
1862,ad8c1ebfe0460d97e3cd,0.8,1.0,-0.19999999999999996
1862,d8ae1877bb5a3ccca754,0.4,0.0,0.4
1863,1217b13da82f96b1ca1d,0.45454545454545453,0.0,0.45454545454545453
1863,4d40c0a9ca8d104047d6,0.2857142857142857,1.0,-0.7142857142857143
1864,26c015c8bdc20e92c73e,0.2222222222222222,0.0,0.2222222222222222
1865,4323f22235816083643f,0.7,0.5,0.19999999999999996
1865,ed07844dd0dc77b7686d,0.2,0.0,0.2
1866,1397a4a595893a3d74c6,1.0,0.5,0.5
1866,1aa970ae712bbaa8bf58,0.8333333333333334,0.0,0.8333333333333334
1866,3ece6e1181755a57f5ee,0.6666666666666666,0.0,0.6666666666666666
1866,6ffa06b74cfa190df006,0.75,1.0,-0.25
1866,ff062e520f3baa32c34f,1.0,1.0,0.0
1867,7c44e1b6df20074754d7,0.25,0.5,-0.25
1867,84cb5cbd65b8ebc2b193,0.75,0.5,0.25
1867,e0066e5593adfae72c41,0.42857142857142855,1.0,-0.5714285714285714
1867,ea5e2069b24471032cc8,0.9375,0.5,0.4375
1868,5b68790e6cbb36429051,0.75,0.5,0.25
1868,5cfe439cd07e941a0dab,0.8,0.0,0.8
1868,9564e0479a912f28b417,0.8888888888888888,0.5,0.38888888888888884
1868,c67456ecf60b07dff256,0.4444444444444444,1.0,-0.5555555555555556
1870,5074faea10478bb5d202,0.6666666666666666,1.0,-0.33333333333333337
1870,5a9af5fb2e02bd5d229e,0.8333333333333334,1.0,-0.16666666666666663
1870,8f3c0e910964f04b1903,0.8333333333333334,1.0,-0.16666666666666663
1870,b821d7f7a1b8543d34a4,0.5833333333333334,1.0,-0.41666666666666663
1870,bcbeea72a012d5734a94,0.6,0.5,0.09999999999999998
1871,15616ab6254052ed67c0,0.6666666666666666,1.0,-0.33333333333333337
1871,d7f16318201414d24e1b,0.5,0.5,0.0
1871,e01d7a4a9326f1040311,0.8888888888888888,0.0,0.8888888888888888
1872,0e4ad874c2eab545546e,0.5714285714285714,0.5,0.0714285714285714
1872,23f310854c419c0a6b33,0.6666666666666666,0.5,0.16666666666666663
1872,28a91619ba5ad23937be,0.8888888888888888,1.0,-0.11111111111111116
1872,2d0e4ab78e683e1e7cd2,0.5,0.5,0.0
1872,a3c841d22add82d530e3,0.75,0.5,0.25
1873,117fdf86805079405ef5,0.3333333333333333,1.0,-0.6666666666666667
1873,9ed9f80795832d9b61be,0.25,1.0,-0.75
1874,1424b3ba25f9a167ff87,0.7,0.5,0.19999999999999996
1874,4123a5145ae032ba0de1,0.7142857142857143,0.5,0.2142857142857143
1874,b44c66f4619e0f457677,0.8571428571428571,1.0,-0.1428571428571429
1874,bae12bb41f85b1d1dc99,0.7142857142857143,1.0,-0.2857142857142857
1874,cb727863e201d9ffef92,0.36363636363636365,0.5,-0.13636363636363635
1875,2105ce9d3af1dc7f0b21,0.6363636363636364,1.0,-0.36363636363636365
1875,2bc70dfce542e0959252,0.6666666666666666,1.0,-0.33333333333333337
1875,7c58d69745045ee10b89,0.5714285714285714,0.5,0.0714285714285714
1875,c6e232fa4663a0d24bed,0.7333333333333333,0.0,0.7333333333333333
1876,0180f6bb80ba4228ae93,0.625,0.0,0.625
1876,427bb37580ca4e7c41f8,0.6666666666666666,0.5,0.16666666666666663
1876,9be67ecc46c79e9f2756,0.5,0.5,0.0
1877,27164c99eb706162c12f,0.7777777777777778,0.5,0.2777777777777778
1877,80562878a3ae948db515,0.625,0.5,0.125
1877,e1dac3e62f27e6d648e5,0.6666666666666666,0.0,0.6666666666666666
1878,0636580620fa4b0a3354,0.45454545454545453,0.5,-0.04545454545454547
1878,09815f558b659f726844,0.6,1.0,-0.4
1878,4782d2459225de54949f,0.5555555555555556,1.0,-0.4444444444444444
1878,5899904cb6579db77491,0.3333333333333333,0.5,-0.16666666666666669
1878,f09585da7030b2b731cf,0.2727272727272727,0.5,-0.2272727272727273
1880,1030f70e60be50928297,0.375,1.0,-0.625
1880,12b93509d13d559ab887,0.6666666666666666,1.0,-0.33333333333333337
1880,232ba8c3b2df4ad3a5b8,0.7,1.0,-0.30000000000000004
1881,a43bc9a6a9706fa24b55,0.5,1.0,-0.5
1881,dd13cae02af8623edfac,0.5,1.0,-0.5
1882,06238022166b333d7902,0.7,1.0,-0.30000000000000004
1882,0d73adbeddc7a43fd92f,0.7272727272727273,0.5,0.2272727272727273
1882,4ea4174f2fa0dae4ce80,0.5454545454545454,0.5,0.045454545454545414
1882,83baa076dc8658d44f1b,0.8,1.0,-0.19999999999999996
1882,e149c2b9164724bb729a,0.7142857142857143,1.0,-0.2857142857142857
1883,23a9f6667f53bc80011d,0.5,0.5,0.0
1883,299bc71d18c1b27078e5,0.6666666666666666,1.0,-0.33333333333333337
1883,4c1e325ed4b1c7378d57,0.6,0.0,0.6
1883,f56ab5d1dde65aa29be7,0.75,0.5,0.25
1884,a03380be24056411817b,0.8571428571428571,1.0,-0.1428571428571429
1884,d2b1e8a0f7693873487b,0.6666666666666666,0.0,0.6666666666666666
1885,3821828f6436dcd70a9a,0.75,1.0,-0.25
1885,b7e0fd28f55337544970,0.75,1.0,-0.25
1885,c5325f68bf51b7964b84,0.45454545454545453,1.0,-0.5454545454545454
1885,c60a01bb64040753795b,0.75,0.0,0.75
1885,d18645a529bf9161541a,0.6666666666666666,1.0,-0.33333333333333337
1886,43eb343f5d1c0b8d848e,0.6666666666666666,0.0,0.6666666666666666
1890,f9ef4b82b8b27dba3257,0.7333333333333333,0.5,0.23333333333333328
1891,395919bf9c9acebc9cb6,0.6666666666666666,0.5,0.16666666666666663
1891,5dcc8ee85813fe81f499,0.4,1.0,-0.6
1891,7111b3dc23bcd1a373d5,1.0,0.5,0.5
1891,b53bcc68ee23668293c3,0.625,0.5,0.125
1892,3a287eab324a122478ea,0.5,1.0,-0.5
1892,3be29e571f32d2b8b2f1,1.0,0.5,0.5
1892,7f764805c7b07b531083,0.6666666666666666,0.0,0.6666666666666666
1892,a89e8a02d0504ca78011,0.5,1.0,-0.5
1893,295071091091a03f8c52,0.2,1.0,-0.8
1893,39c986ab72b80093e66d,0.6,1.0,-0.4
1893,d269b7768c0f16ac3903,0.25,0.5,-0.25
1893,e1162ea13f3f3c3b86fa,0.1111111111111111,0.5,-0.3888888888888889
1893,f436d6f906f46763644b,0.6,0.5,0.09999999999999998
1894,005394a44fca8216d1ac,0.5714285714285714,1.0,-0.4285714285714286
1894,6d6e5b13745f505d9492,0.375,0.5,-0.125
1894,a9f2a1beae38f6395604,0.7857142857142857,0.5,0.2857142857142857
1894,bff1c0735a6ac63dc29d,0.7272727272727273,0.0,0.7272727272727273
1894,c4c69e178acfe8bf439e,0.7272727272727273,1.0,-0.2727272727272727
1895,275a4e093f720443b8fb,0.5,0.5,0.0
1895,3e58b25f502cd2e9e399,0.6666666666666666,1.0,-0.33333333333333337
1895,bc4c026058b4b09e173a,0.8,1.0,-0.19999999999999996
1895,cb82ea75a055adcc1db6,1.0,0.0,1.0
1895,efafaa2fea7053558d5c,1.0,0.0,1.0
1896,7c0556242739a5a9b464,0.2857142857142857,0.5,-0.2142857142857143
1896,8362135e76d7e8de254f,0.6666666666666666,1.0,-0.33333333333333337
1896,a651c8aac9777b8890a4,0.6666666666666666,1.0,-0.33333333333333337
1896,bafe25a8f71f766254e0,0.6666666666666666,1.0,-0.33333333333333337
1896,ef795345320a13c468a8,0.6666666666666666,0.5,0.16666666666666663
1897,3cfceec23e17909e167f,0.14285714285714285,1.0,-0.8571428571428572
1897,45ae1cefdb8b2adaede3,0.5714285714285714,0.0,0.5714285714285714
1897,97b453c462c40161d8e3,1.0,0.5,0.5
1897,d8a47487ea55b50baae2,1.0,0.5,0.5
1899,031a6ab87a82d54832d5,1.0,0.5,0.5
1899,523bd68b8254214e3272,1.0,0.0,1.0
1899,b4fb566b4d4450435847,0.0,0.5,-0.5
1900,24b689a61a98c114d73e,0.75,0.5,0.25
1900,3e734f1f939507d27d88,0.8,1.0,-0.19999999999999996
1900,82ab9206c97ace634e9f,0.6,1.0,-0.4
1900,986f2832819e4d173ee4,0.8181818181818182,0.0,0.8181818181818182
1900,a2a6bc158ffb039d3c71,1.0,0.5,0.5
1901,33ce975cae811e026ff4,0.8333333333333334,0.5,0.33333333333333337
1901,770458acbc00e4ff39a3,0.8888888888888888,1.0,-0.11111111111111116
1901,7f249922b38254b9b7d3,0.8571428571428571,0.5,0.3571428571428571
1901,8c5ea79b3ed1cc9d78a6,0.8181818181818182,0.5,0.31818181818181823
1901,bedbe54330586fa53ca6,0.7,1.0,-0.30000000000000004
1902,2f9b478601a72cd7b99f,0.6666666666666666,0.0,0.6666666666666666
1902,4d4a7dd9f4d37362a89f,0.5,1.0,-0.5
1902,6f2137de77ba3f919625,0.6666666666666666,0.5,0.16666666666666663
1902,bb83555927d9891da913,1.0,0.5,0.5
1902,d406b8f0348758346593,0.6666666666666666,1.0,-0.33333333333333337
1903,1198f423ae5659e88921,0.6666666666666666,0.5,0.16666666666666663
1903,22891457bd8eb899beee,0.6666666666666666,1.0,-0.33333333333333337
1903,ba3d22ade54c2db25cab,0.6666666666666666,0.5,0.16666666666666663
1904,0e4996bc6bb329e85dfb,0.3333333333333333,0.5,-0.16666666666666669
1904,8d2fcd9c560651a4b874,0.5,0.5,0.0
1904,b2216eab4ffb33390387,0.5,0.5,0.0
1905,4cabc118c1c5da0af77e,0.7,1.0,-0.30000000000000004
1906,0d728bb16ae2129d7a09,0.0,0.0,0.0
1906,30183ca5aecfe35e67a6,0.3333333333333333,0.0,0.3333333333333333
1906,6b31979b2c7ec4b86583,0.6666666666666666,1.0,-0.33333333333333337
1906,ef828f6a5fefda2ff135,0.0,0.5,-0.5
1907,06024f9b6da939d4e4a4,0.7142857142857143,0.5,0.2142857142857143
1907,4e0ca42de842ed82a81e,0.5714285714285714,0.0,0.5714285714285714
1907,a068b03b9651d1185065,0.6666666666666666,0.0,0.6666666666666666
1908,924ff5718c1b1cb68828,0.2,0.0,0.2
1908,b61d03d23708ffeb6089,0.5,1.0,-0.5
1908,c7c5bb7ba87146de6dc8,0.6,1.0,-0.4
1908,e1a4276548c1918c20c6,0.5,0.0,0.5
1909,0c879f35b12e9eb2de3d,0.0,0.5,-0.5
1909,466ae4b6b79f48ae89dc,0.6666666666666666,1.0,-0.33333333333333337
1909,6b375bd28aaba15563f0,0.4,0.5,-0.09999999999999998
1909,c3f67d2cfb8963ee9853,0.75,0.0,0.75
1909,d370f5c86e2025db1582,0.6,0.5,0.09999999999999998
1910,a61bc9e2eb4b22507113,0.5,1.0,-0.5
1910,b28e51ef3f95073be3da,0.5,0.5,0.0
1911,679b3ff46b6ed72eec17,0.0,0.5,-0.5
1911,bb2f37890afd8600959d,0.3333333333333333,0.5,-0.16666666666666669
1911,cffaae03056ea3997ae0,0.4,0.5,-0.09999999999999998
1912,0a2fc34ad76827ff522c,0.3333333333333333,0.5,-0.16666666666666669
1912,4d1ad7116c25d4388ee4,0.3333333333333333,0.5,-0.16666666666666669
1912,54a3410493dcdea98830,0.3333333333333333,0.0,0.3333333333333333
1912,c3e353898b13a3b40378,0.25,1.0,-0.75
1912,cf643cc84291b0307622,0.6666666666666666,1.0,-0.33333333333333337
1914,72897df3ba4e51fd6505,0.6666666666666666,0.0,0.6666666666666666
1914,cb82402ca15ba1ab847d,0.6666666666666666,0.5,0.16666666666666663
1915,a4554f9242a8edfa4845,0.4444444444444444,1.0,-0.5555555555555556
1915,c93553a0ec8c07283cea,0.375,0.5,-0.125
1916,578cca6db90694c1bcd8,0.3333333333333333,0.0,0.3333333333333333
1916,76f6565aab8477af81d5,0.75,1.0,-0.25
1916,8a877f5715feb54b7fc9,0.5555555555555556,0.0,0.5555555555555556
1916,c9b08d439a0def4cf0d9,0.75,0.5,0.25
1917,60a2f1e59f09bba9b10a,0.2,0.0,0.2
1917,b091b1ba83be9c0e051d,0.6666666666666666,0.5,0.16666666666666663
1917,e8d738484bb59f293ffe,0.6666666666666666,1.0,-0.33333333333333337
1918,217226d17cfdb5c93147,0.9,0.0,0.9
1918,37d748d601cf442947c5,0.5,0.5,0.0
1918,8358430faf8d9ff0c74d,0.8181818181818182,0.0,0.8181818181818182
1919,e8268221e47f259d7891,0.7,0.5,0.19999999999999996
1920,03a24a3c071d8cdbcef8,1.0,0.0,1.0
1920,6822942b133902ec54c2,0.875,0.0,0.875
1922,3cf2599a58e988e559bd,0.8,0.5,0.30000000000000004
1922,4c0c5adabce52732771f,0.7272727272727273,1.0,-0.2727272727272727
1922,d0e80fd157d8783bbd3b,0.8888888888888888,0.5,0.38888888888888884
1923,0dd51ae290e49acfd76f,0.7142857142857143,0.0,0.7142857142857143
1923,1244971e10e93f5a3f1a,0.8571428571428571,0.5,0.3571428571428571
1923,1b5b810a4ca81cee0f42,0.8571428571428571,1.0,-0.1428571428571429
1923,8297861092e3db3ba73a,1.0,1.0,0.0
1923,eb1f690deb7b5e0f7fe4,1.0,0.0,1.0
1924,0b9b7fb9d12a21bb79e8,0.8,0.5,0.30000000000000004
1924,16c603040042a7b7cc03,0.75,0.0,0.75
1924,362ea248112f79fa493c,0.6,0.0,0.6
1924,68f27e0d21d596a46f12,0.7058823529411765,1.0,-0.2941176470588235
1924,9db61702bae868c266fe,0.8333333333333334,1.0,-0.16666666666666663
1925,5d75650833a36f8c6727,0.5555555555555556,1.0,-0.4444444444444444
1926,17be7b8e90a801d374e6,0.3333333333333333,1.0,-0.6666666666666667
1926,1910d2d82acc12e736d3,0.3333333333333333,0.5,-0.16666666666666669
1926,27504813856e564e0e48,0.6666666666666666,1.0,-0.33333333333333337
1926,42b77162820812822b9e,0.75,1.0,-0.25
1927,0161a03368b8a5649e26,1.0,1.0,0.0
1927,133357e52552d89f472d,0.6,1.0,-0.4
1927,c1c37f4b969277e31568,0.0,0.5,-0.5
1927,ca5dff60754ba4a7fcff,1.0,0.5,0.5
1927,f15857051b5c7278427a,1.0,0.5,0.5
1928,4f571a4d1d8d5bcfe245,0.6,0.0,0.6
1928,5e882af6253563b7b0b6,0.3333333333333333,0.0,0.3333333333333333
1928,8101163926335b4f7b0c,0.75,0.0,0.75
1929,610fc55027405465f4c4,0.8181818181818182,0.0,0.8181818181818182
1929,d51aadcc25a6a0158fc9,1.0,0.5,0.5
1932,20c1dbcc13d572b3cb82,0.5,0.5,0.0
1932,2ff794861927aedef930,0.5,0.5,0.0
1932,a0a4bc5e33c8842a1ac6,0.6666666666666666,0.5,0.16666666666666663
1932,e70afba85220d92f460f,1.0,0.5,0.5
1934,71ab34212d4c2e07d105,0.7272727272727273,1.0,-0.2727272727272727
1934,77584be9e4e1f7813295,0.625,0.5,0.125
1934,93b7e1cb8532f8f2aac0,0.5714285714285714,0.5,0.0714285714285714
1934,9c585563a20430fc688a,0.4,0.0,0.4
1934,f86369a8b1b753bda6e3,0.375,0.0,0.375
1935,56a9b3d049bf1c51ea16,0.6666666666666666,0.0,0.6666666666666666
1935,88a45a343ff710712a58,0.7368421052631579,1.0,-0.26315789473684215
1935,a3f831f32699f50bca3b,0.6666666666666666,0.5,0.16666666666666663
1935,a5e201da30970801afd9,0.8333333333333334,0.0,0.8333333333333334
1935,b4f4ae5fa7121c3a562f,1.0,0.5,0.5
1936,16944ca6fb62f9c198b6,0.0,1.0,-1.0
1936,3e089db9565a55e8ab49,0.5,0.5,0.0
1936,98bd91a9c7e32ca3a6d8,0.0,1.0,-1.0
1936,f424e6de9cb22b29ee61,0.0,0.5,-0.5
1937,0ade1db08af3e60954b6,0.5,0.5,0.0
1937,1527f393a47a441e8d41,0.5,0.5,0.0
1937,563ce878669c7bb7ae91,0.6666666666666666,0.5,0.16666666666666663
1937,70fcbdfc57b27ba12210,0.75,0.5,0.25
1937,bd2fc9f3856c1f45c7f3,0.5,1.0,-0.5
1938,3def4feaca777bb2b682,0.6666666666666666,1.0,-0.33333333333333337
1938,4694ed48d05816ffc4cb,0.75,1.0,-0.25
1938,84100b736f60ba92c511,0.6666666666666666,0.5,0.16666666666666663
1938,e61c6d26bd46df856590,0.5,1.0,-0.5
1938,eef031d372b8a2855417,0.6666666666666666,1.0,-0.33333333333333337
1939,4e3672f41fa05aee945c,0.4,0.5,-0.09999999999999998
1939,5fba8d237ec0d2262c0c,0.4,0.5,-0.09999999999999998
1939,734b244cf5370f80ea00,0.4,0.5,-0.09999999999999998
1939,def408c56ee4deb68f5f,0.3333333333333333,0.0,0.3333333333333333
1939,e2da7ef8e0d74bec6e81,0.16666666666666666,1.0,-0.8333333333333334
1940,382a11c794717f7b855c,0.5,0.0,0.5
1940,7977c4a3203951819a62,0.2,0.5,-0.3
1940,80305fe560e6772939f6,1.0,1.0,0.0
1940,8d68db2bc39a4d46de4f,0.6,0.0,0.6
1940,f8f09937258a36c97fa8,0.6666666666666666,0.0,0.6666666666666666
1941,262ac5bea0d7c2f8edd7,0.4,0.5,-0.09999999999999998
1941,81cc2bcfec56ca62a197,0.7142857142857143,0.5,0.2142857142857143
1941,99d59f9395609a7b1677,0.5,1.0,-0.5
1941,a8e83a77d1df12c8f98b,0.5,1.0,-0.5
1941,e60901c428bee3ab8c89,0.6,0.0,0.6
1942,24386c57cae8f0b0fee9,0.0,0.5,-0.5
1942,6bf08b51f9166f564224,1.0,0.5,0.5
1942,7325556ffd725dd1c8a5,0.7142857142857143,0.0,0.7142857142857143
1942,dcd252d561ed9171989a,0.6666666666666666,1.0,-0.33333333333333337
1943,49819695f470f4dc8f70,0.6666666666666666,0.5,0.16666666666666663
1943,728402a289719aa4fbba,0.6666666666666666,0.0,0.6666666666666666
1943,b36f3e0bec4d68a10941,1.0,0.5,0.5
1943,d25484a92c23be03b0cd,0.3333333333333333,1.0,-0.6666666666666667
1943,fb2cc561526eb9a4204c,0.3333333333333333,0.0,0.3333333333333333
1944,4f24b7895887db33c96a,1.0,0.5,0.5
1944,501e2970efc54b8f6984,0.75,0.5,0.25
1944,b2cf66bc62f0ad421505,0.6666666666666666,1.0,-0.33333333333333337
1944,e83cdbc94855e2005740,0.5,0.5,0.0
1945,c31bc6edb8b99ad3803e,0.3333333333333333,0.5,-0.16666666666666669
1945,d11d50c87318bc63e037,0.5,0.5,0.0
1945,e0cc6f362dbd276a849d,0.0,0.5,-0.5
1945,edfa625f10e84632c981,0.6,0.5,0.09999999999999998
1945,f9868ad0c653ab836545,0.0,0.5,-0.5
1946,03ef30fb6f5dc25e5144,1.0,0.0,1.0
1946,8687d13b596ff7a752d1,0.5,1.0,-0.5
1946,dd9ff4ea59f490a535fa,0.6666666666666666,0.5,0.16666666666666663
1947,4cda5580c8e56411bb3f,0.5,0.5,0.0
1947,f236e540e77e970e8120,0.8571428571428571,0.5,0.3571428571428571
1948,14e91c1edd88ea2f5663,0.6666666666666666,1.0,-0.33333333333333337
1948,a3fae7ce9c62ecf2fdad,0.8,0.5,0.30000000000000004
1949,16d2685af2010480e6ce,0.6666666666666666,0.5,0.16666666666666663
1949,4a64428606a3a3941ccd,0.25,0.5,-0.25
1949,61a22c11132e63003564,0.75,1.0,-0.25
1949,b3b65564e02227022463,0.6666666666666666,0.5,0.16666666666666663
1949,f72f2dea357dde8a8cc4,0.6,0.5,0.09999999999999998
1950,2523d8728d3427d5122f,0.625,1.0,-0.375
1950,a89d4b59b382997f60e9,0.25,1.0,-0.75
1950,dba0afa333493d78d7b3,0.25,0.5,-0.25
1951,1927c4111e1a69245fba,1.0,0.5,0.5
1951,c5805453dcd6d080fe3b,0.75,1.0,-0.25
1951,d7e6022f0c2d0ae373db,0.5,0.0,0.5
1952,2e3583e1c361325c82d6,0.25,1.0,-0.75
1952,3830d3625554deb2bb2b,0.0,1.0,-1.0
1952,41baae5fdc2a36fc0c25,0.3333333333333333,0.5,-0.16666666666666669
1952,68186af9afe7b9ee79f6,0.3333333333333333,1.0,-0.6666666666666667
1952,695b17180dcf1de33098,0.3333333333333333,0.0,0.3333333333333333
1953,8bf23ef54ea64076d761,0.5,0.0,0.5
1953,9b57a99548f6813a8af3,0.75,0.5,0.25
1953,a1154ac8d408c7b4eaca,0.75,0.0,0.75
1953,a461daf81d5723e85ed6,0.25,1.0,-0.75
1953,e5132f64d6a7c4d39faa,0.75,1.0,-0.25
1954,23a1ef73f8da4dabc16b,0.4,0.0,0.4
1954,55dc7de0c33073417bee,0.8,1.0,-0.19999999999999996
1954,7d78f777e3a3e44b904b,0.6666666666666666,0.5,0.16666666666666663
1954,8b55605b6eca1230a70c,0.6666666666666666,1.0,-0.33333333333333337
1955,1bcd85d78d3f87c85838,0.4,0.5,-0.09999999999999998
1955,364b3562f2ae449ec640,0.3333333333333333,0.5,-0.16666666666666669
1955,4d3855135c5862aa688f,0.3333333333333333,0.0,0.3333333333333333
1955,57013ad08ca9f4c8a78f,0.4,0.5,-0.09999999999999998
1955,a17aa33e04ff500c110f,0.25,1.0,-0.75
1956,0675f36768b76c90fb6a,0.4,1.0,-0.6
1956,22eba6f8649cf005a3ba,0.5714285714285714,0.0,0.5714285714285714
1956,6c5fc508320ed814a6e7,0.6,0.5,0.09999999999999998
1956,9d5c918efe52f246cf67,0.6666666666666666,0.5,0.16666666666666663
1956,9f73b1392c7ffa4c1b78,0.6666666666666666,0.5,0.16666666666666663
1957,871d90c82274e8fd94c1,0.4,1.0,-0.6
1957,96444af09d73a3617914,0.4,1.0,-0.6
1959,15cca35dd39e0fc0154a,0.2727272727272727,0.5,-0.2272727272727273
1959,8d28b6d3683d5776f32f,0.6666666666666666,0.5,0.16666666666666663
1960,f0bbb05bac85330222d6,0.4,0.5,-0.09999999999999998
1961,6bcc69275b77fc4683b3,1.0,0.5,0.5
1961,75e95e6e8f3cbbce343f,0.0,0.5,-0.5
1961,7e15e0a9250b312ee994,0.6666666666666666,0.0,0.6666666666666666
1961,90ebe9fbd387eea0d17c,1.0,0.0,1.0
1961,9e0a718c86daf17ee7e4,0.6666666666666666,0.5,0.16666666666666663
1964,3b64b2b87024f1733407,0.6,0.5,0.09999999999999998
1964,dd23e64746a3fd9a98b1,0.5,1.0,-0.5
1966,280a62317083db0c7de1,1.0,0.5,0.5
1966,33cd691bda192728077d,1.0,0.0,1.0
1966,8996ccb47d3c7a32c154,1.0,1.0,0.0
1967,1a5eb8b4c4a93f12ecde,0.5,0.5,0.0
1967,7d1ba9edc414c34e7487,0.5,1.0,-0.5
1968,052fd54288b06053698e,0.5,0.5,0.0
1968,09f78bd0a8fe878e00da,0.75,0.0,0.75
1968,3908cbcbbdf4983dbce8,0.75,0.0,0.75
1968,7eed42acc41e768a9e8e,0.5,0.5,0.0
1968,f21908a483d9c5bd290c,1.0,0.0,1.0
1969,329c3d255d649f5a3c0a,0.5,0.0,0.5
1969,44104d109a9889b3f0f9,0.6666666666666666,1.0,-0.33333333333333337
1969,9095aa543aec7a95f5a9,0.0,0.5,-0.5
1969,ce91668932573c03630b,0.0,0.5,-0.5
1970,0400893a6e354bac2ae4,0.0,0.0,0.0
1970,842917d5b24dc6280502,0.0,0.5,-0.5
1970,843c3cc7d4226c512f0b,0.0,0.5,-0.5
1970,d11e6dd92289dd310542,0.6666666666666666,0.5,0.16666666666666663
1971,33dd47885676d3064ef3,0.8,0.5,0.30000000000000004
1971,40b5231ad6fd205b1f45,0.4,0.0,0.4
1971,680afbbeb11fe05e8422,0.5,0.5,0.0
1971,b38e22279d141aeb40d1,0.0,0.0,0.0
1972,883def82c2c14b26d208,0.5,0.5,0.0
1972,d29cf004ca7860bcd12e,0.7142857142857143,0.5,0.2142857142857143
1973,4754689fc5e0025c155d,0.8,0.5,0.30000000000000004
1973,601f64437fbc0a82dfd8,0.5,0.0,0.5
1974,0baa3dfedc116a156bf8,0.5,0.0,0.5
1974,2b971ff64f9bc3520eb3,0.0,0.0,0.0
1974,40f4abd006c3f04c5479,0.75,1.0,-0.25
1974,c232b7252d54d2636d30,0.8,1.0,-0.19999999999999996
1975,2d91c9ba01f039e9d768,0.3333333333333333,1.0,-0.6666666666666667
1975,2ec33cb258142e3e6978,1.0,0.5,0.5
1975,90979c60f05097ac0ad5,0.3333333333333333,0.0,0.3333333333333333
1975,960639cb8671f2d5cd92,1.0,0.0,1.0
1976,3c58909bca26398ca4a2,0.6666666666666666,0.0,0.6666666666666666
1976,58c9d63fce9e28613055,0.5,0.0,0.5
1976,c843247903c1e6ce6bdb,0.8,0.5,0.30000000000000004
1976,d0d28e7b09fa4ee92973,0.5,0.5,0.0
1976,e187f7b26774d6ac8a70,0.6666666666666666,0.5,0.16666666666666663
1977,1e330436307618fa039f,0.375,0.0,0.375
1977,2cfe57a05cfc9d344630,0.25,0.5,-0.25
1977,45acbe0a14e63177dfec,0.2857142857142857,0.5,-0.2142857142857143
1977,af4815185b59499b68f7,0.6666666666666666,0.5,0.16666666666666663
1978,37053c073c0f02b3a7be,0.75,0.5,0.25
1978,65c135f4671ebc1ba2d5,1.0,0.5,0.5
1978,6d88ce585c5f39c6a33e,1.0,0.0,1.0
1978,f982707fcbd041db5be6,1.0,0.5,0.5
1979,24d1626467f1d90324fe,0.6666666666666666,1.0,-0.33333333333333337
1979,5b1882aae688c91f7d09,0.5,1.0,-0.5
1979,87c4a9a65965f535b9f4,0.3333333333333333,0.0,0.3333333333333333
1979,9b9743efc63165887f81,1.0,1.0,0.0
1979,bb7523a1803465f2e4ea,1.0,0.5,0.5
1980,523395768f25d8d074ab,0.5,0.0,0.5
1980,549f05cfc4240b93936a,0.0,0.5,-0.5
1980,6d8733bf3c6b1491ea1b,0.5,0.5,0.0
1980,75c7428f267f11f06bd6,0.0,1.0,-1.0
1980,c9fc9f0edb3e5a387f59,0.3333333333333333,0.5,-0.16666666666666669
1981,509a3b5be2ad8a3b5f16,0.3333333333333333,0.5,-0.16666666666666669
1982,3d30fc2dbe88d75b43d5,0.7142857142857143,0.0,0.7142857142857143
1982,bf7ba067f29342a6b021,0.5,0.5,0.0
1982,df14bd6ecc87d271404f,0.5,1.0,-0.5
1982,fd0db3f596712c7c9843,0.6666666666666666,0.5,0.16666666666666663
1983,007d7e86d909ff4d7761,0.2857142857142857,0.5,-0.2142857142857143
1983,027c43e860afc76dd6b8,0.8571428571428571,0.0,0.8571428571428571
1983,3ef69378d76f4985f641,0.8333333333333334,1.0,-0.16666666666666663
1983,6c548b9d3ac2d2d62447,0.6666666666666666,0.5,0.16666666666666663
1983,9c39abc3c1242f33d383,0.4,0.5,-0.09999999999999998
1984,17a52f632441c09c054d,0.5,0.0,0.5
1984,63e4687d62e0cb20f9c4,0.2,0.5,-0.3
1984,7041e1d9413e3aa2d848,0.6666666666666666,1.0,-0.33333333333333337
1984,8f7c79b43d90b43e373c,0.4,0.5,-0.09999999999999998
1984,d2b4f4183c656fe40827,0.5,1.0,-0.5
1985,49ebb5a833cf70949e5d,0.75,1.0,-0.25
1985,4e6eef05532b9b536797,0.75,1.0,-0.25
1986,0298f49449074b65eb92,0.8,1.0,-0.19999999999999996
1986,563f709fc68186ae1843,0.6,0.5,0.09999999999999998
1986,5d302893b2e1ca148381,0.5,0.5,0.0
1986,6531adff1f5b154cd68e,0.75,0.0,0.75
1987,5ddaa7ffa292a6bdaf7b,0.6,1.0,-0.4
1987,94d049b5e66aa6ea5b5d,0.8,0.0,0.8
1988,0a6371f13750bfa3dfa4,0.3333333333333333,0.0,0.3333333333333333
1988,57da54b4b359b6964fe3,0.6666666666666666,0.0,0.6666666666666666
1989,910c037a8adbd1789143,0.6666666666666666,0.5,0.16666666666666663
1989,abd30b814d809a28d804,0.4,0.5,-0.09999999999999998
1989,d344d549cc9726a1431d,0.75,0.0,0.75
1990,13afc284d42b3e604e83,0.0,0.5,-0.5
1990,1a87465877b768daf49d,0.0,0.5,-0.5
1990,1b8eeec7b74f063cded8,0.5,0.0,0.5
1990,cd6bc6f1f0b258b671e3,0.0,0.0,0.0
1990,fd92df702848d62c35df,0.5,0.5,0.0
1991,1dbad49859599f7bfbef,0.7142857142857143,1.0,-0.2857142857142857
1992,28f01c20ad6a75e9fb58,0.6,0.0,0.6
1992,c50d34b7890697827f59,0.2,0.5,-0.3
1993,27875a01a021640a89c6,0.5714285714285714,1.0,-0.4285714285714286
1994,2dcb204b0c592eaa7579,0.75,1.0,-0.25
1995,085c1b02f3d23b99871f,0.3333333333333333,1.0,-0.6666666666666667
1995,4a6be3efb119829e23a0,0.5,1.0,-0.5
1996,10ea21251563a688c7ee,0.75,0.5,0.25
1996,49632e4406158b5fbb91,0.5,0.5,0.0
1996,dc2bb7c665823d9cb757,0.5,0.0,0.5
1996,e69c8fcf9acd38fe0f08,0.5,0.0,0.5
1998,2b8f6423bd3fc92425ce,0.3333333333333333,0.5,-0.16666666666666669
1998,8b4927005445da6183c2,0.6666666666666666,1.0,-0.33333333333333337
1998,a06dda6fdcce48a4bdab,0.6666666666666666,0.0,0.6666666666666666
1998,decee2af7c6cdc07a2e4,0.5454545454545454,0.0,0.5454545454545454
2001,1a11ba3cf21157135b26,0.75,1.0,-0.25
2001,2e9e3822e10fdee3321b,0.5555555555555556,1.0,-0.4444444444444444
2001,a4df8d971315310e445d,0.6428571428571429,0.0,0.6428571428571429
2002,67e4895b9828fa4d4585,0.42857142857142855,0.5,-0.07142857142857145
2002,9ba47fb5b1430315884c,0.7,0.5,0.19999999999999996
2002,bd6e982e2420a1fe29cc,0.6666666666666666,0.5,0.16666666666666663
2003,5a428877d6a5e8aeb63a,0.0,1.0,-1.0
2003,77fb4f1d8e5c207361e0,0.6,1.0,-0.4
2004,052e9da81446aee05f35,0.9166666666666666,0.0,0.9166666666666666
2004,4e006e1d2cb1b43c5616,1.0,0.0,1.0
2004,57088fa6ec2bde0b4650,0.625,1.0,-0.375
2005,553076d8ff5c0f361dcf,0.5714285714285714,1.0,-0.4285714285714286
2005,96e9ca7bd2566b115d1a,0.3333333333333333,0.0,0.3333333333333333
2006,39c921217d79cc065eeb,0.0,1.0,-1.0
2006,4d7f891177f398ee516a,0.5,0.5,0.0
2006,5daf66e1677e3ea789ec,0.5,1.0,-0.5
2007,13675f8ac115b1bcb976,0.45454545454545453,1.0,-0.5454545454545454
2007,90f55cb4d747a008a96e,0.3333333333333333,1.0,-0.6666666666666667
2007,a54ac02c5ba21e9fb404,0.4,0.5,-0.09999999999999998
2008,dacf769147ce63ccd457,0.6666666666666666,0.5,0.16666666666666663
2009,1833a43eedb13a280547,0.25,0.5,-0.25
2009,7bfe5c24bbc951c7fd67,0.16666666666666666,0.5,-0.33333333333333337
2010,3fe5d9df2f3d8aa4d088,0.5,0.5,0.0
2010,4213a4785e937ef1ed4d,0.4444444444444444,0.0,0.4444444444444444
2010,74d33f9749c7604c2763,0.625,0.5,0.125
2012,0c6a8cc44aa096bbd3f6,0.6,1.0,-0.4
2012,1c0e511b6ea735f50251,0.4,0.5,-0.09999999999999998
2012,c2b7393f154d726e3402,1.0,0.5,0.5
2012,e0e3c509963a58b0b633,0.6666666666666666,0.5,0.16666666666666663
2013,2898829352bd1036c4a5,1.0,0.5,0.5
2013,64dab3f285ce50ba809d,0.6,0.5,0.09999999999999998
2013,83c6e302e50250a3aa45,0.6666666666666666,1.0,-0.33333333333333337
2013,ace8f396c24b598082ff,0.6666666666666666,0.0,0.6666666666666666
2013,dae7272e5c71271a2b4f,0.75,1.0,-0.25
2014,13b1af6462e9b31231b6,0.3333333333333333,0.5,-0.16666666666666669
2014,eb9ffbcf3347bca13e20,0.625,0.0,0.625
2016,a7aef63997d9b577f956,0.875,1.0,-0.125
2016,b7ab5cf20b46f771a3dc,0.75,0.0,0.75
2018,14b4123267699fa12576,0.7777777777777778,1.0,-0.2222222222222222
2018,8b3648cc4dd950d8b861,0.7142857142857143,0.5,0.2142857142857143
2018,b088d9079dd08731d145,0.875,1.0,-0.125
2019,c508507dec972e7a6960,1.0,1.0,0.0
2019,fe849fce92a15dc0bbe2,0.6666666666666666,0.0,0.6666666666666666
2020,7f20bdeb9461e880a4be,0.5714285714285714,1.0,-0.4285714285714286
2020,cd887a8044fd30e38e5f,0.8571428571428571,1.0,-0.1428571428571429
2024,6eaaeee4ccdd04fe00e1,1.0,0.0,1.0
2024,99cf64b0698f38e45765,0.6666666666666666,0.0,0.6666666666666666
2024,9f4ebe4af4d4b842db64,1.0,0.5,0.5
2024,d6072c8de98799986b82,1.0,0.5,0.5
2024,e6f59e8dab6b8d235a2f,0.75,0.5,0.25
2025,bfbfaa3bb5dea008db63,0.6,0.5,0.09999999999999998
2025,c31ff7086077c9488f37,0.5,1.0,-0.5
2025,cac2308c1edece163bc5,0.4,0.5,-0.09999999999999998
2025,ed6a2a1972a3731f45f8,0.5,1.0,-0.5
2026,8c06e43c6f42a8ebac92,0.42857142857142855,0.5,-0.07142857142857145
2027,4203e9927560d8ccb875,0.6666666666666666,1.0,-0.33333333333333337
2027,54af00fca7bfa97ebe9c,0.6666666666666666,0.5,0.16666666666666663
2027,5a00fb47ca381f36189d,0.6666666666666666,0.5,0.16666666666666663
2028,28507844e2219d9817a8,0.6,1.0,-0.4
2028,3f539290389b74d00c2d,0.75,1.0,-0.25
2028,7471a97486f36b8d0f60,0.7142857142857143,1.0,-0.2857142857142857
2029,51f6a25477e100caf5a1,0.6666666666666666,0.5,0.16666666666666663
2029,d49a235283d301f9d12f,0.8,0.0,0.8
2029,f79be689bf76b60a1971,0.3333333333333333,0.0,0.3333333333333333
2030,28dae2ee25a570228eda,0.5,0.0,0.5
2030,54b40b77c2a7ea5e5f12,0.5714285714285714,0.5,0.0714285714285714
2030,7c1221c7511a93bec0c3,0.6,0.0,0.6
2030,afbebfd7ac8c419949f1,0.5714285714285714,0.5,0.0714285714285714
2030,c6a84ab17496bdebea80,0.5,0.5,0.0
2031,44937abd0a53d0d6b6b3,0.6,1.0,-0.4
2031,bf5ef00b034272a942fa,0.875,0.0,0.875
2031,f0886c836e6a3f556151,0.5,0.5,0.0
2032,f5887750a671164f1a54,0.5,1.0,-0.5
2032,f71c8c96dc52664f2f0c,0.5,0.0,0.5
2033,85088dddc720302964dc,0.6,0.5,0.09999999999999998
2033,8aa3924d86ad0c4ee39d,0.3333333333333333,0.5,-0.16666666666666669
2033,bcdfb245e64f5fd9ec5b,0.2,1.0,-0.8
2033,d87f5b3b726dd594e493,0.125,0.0,0.125
2033,e5b136100561c9aea449,0.25,0.5,-0.25
2034,882e455c25fe88178370,0.3333333333333333,0.5,-0.16666666666666669
2034,88aa7cf03171ba89ccf6,0.25,0.0,0.25
2034,a01de5eb08933eb9eefb,0.6666666666666666,0.5,0.16666666666666663
2036,509cd6ec80167d5fac38,0.6666666666666666,0.0,0.6666666666666666
2036,7ad981e1a8987f0e4056,0.3333333333333333,1.0,-0.6666666666666667
2036,8b110709affe919da1f0,0.625,0.5,0.125
2036,cd750cd3e7142b9d9251,0.3333333333333333,0.0,0.3333333333333333
2037,054affea078b30c1ef23,0.5,0.5,0.0
2037,ce61714a1de21e82f42f,0.5,1.0,-0.5
2037,d79383fdd5fd6a11e4be,0.6666666666666666,0.5,0.16666666666666663
2037,ff9af5477434f913d21b,0.25,0.5,-0.25
2038,1bb96ec33b1930db243a,0.2,0.0,0.2
2038,3fd36e6e56354642bb90,0.625,0.5,0.125
2039,e2e14079f1b2f9da5b5f,0.3333333333333333,0.5,-0.16666666666666669
2040,18d8ba3a5018aa5d727f,0.8333333333333334,0.5,0.33333333333333337
2040,3fc06465850ba210b4d7,0.4,0.5,-0.09999999999999998
2040,73f126cf5e80c0819066,0.25,0.5,-0.25
2040,d3d3f98783842f2174be,0.3333333333333333,0.5,-0.16666666666666669
2041,a9d6ad99bb7ff292c033,0.6666666666666666,0.5,0.16666666666666663
2041,dddfa07b0287eeaea4fd,0.3333333333333333,0.5,-0.16666666666666669
2041,eb33845cda908c294e48,0.4,0.0,0.4
2042,0c43949808022a91f4b9,0.5,0.5,0.0
2042,8e45f952f78095f934b9,1.0,0.0,1.0
2042,abcd1fd6a421fbb28e49,1.0,1.0,0.0
2042,d3485938c74582512135,0.6666666666666666,0.5,0.16666666666666663
2042,ff5f0189893994975bba,0.4,0.0,0.4
2044,0349a9c9b5647f4bfb06,0.3333333333333333,0.5,-0.16666666666666669
2044,10ba0fcc74261049d287,0.6666666666666666,0.0,0.6666666666666666
2044,26d6926eb061861c69fc,0.3333333333333333,1.0,-0.6666666666666667
2044,2ace3dd8e928a1d4e746,0.6666666666666666,0.5,0.16666666666666663
2044,f4da90b36c7ad29e42f3,0.6666666666666666,0.5,0.16666666666666663
2045,19bf829342d516aec303,0.6666666666666666,0.5,0.16666666666666663
2045,7db28e3d8fe4aa9e3433,0.5,1.0,-0.5
2045,9fe54ff13ea99d24c4fe,0.3333333333333333,0.0,0.3333333333333333
2045,f1db3e1d28a75822beaf,0.6666666666666666,0.0,0.6666666666666666
2045,f5e7e95e1e351f33b0d7,0.6666666666666666,1.0,-0.33333333333333337
2046,00fc7949453306ec14af,0.5,0.0,0.5
2046,086bab5692facb687f9d,0.5,0.5,0.0
2046,4832820e0919300d7215,1.0,0.0,1.0
2046,8ab060199a8b747503bc,0.75,0.0,0.75
2046,a72af9b86a30e635d459,1.0,1.0,0.0
2047,0065228b5b83491ca63d,0.0,0.0,0.0
2047,1457d959b8bf1853cd6b,0.5,0.0,0.5
2047,e5f647cfb8e76800054e,0.75,0.5,0.25
2047,f78bfc31b023476d31e3,0.75,0.5,0.25
2049,cf91c60d0027e29e792a,1.0,0.5,0.5
2049,eb18114aefa1489e0736,0.8,0.5,0.30000000000000004
2051,4916b07462d38bb9ef2a,0.25,0.5,-0.25
2051,7671f56c9df9062c6605,0.25,1.0,-0.75
2051,af580c20e203dd242853,0.3333333333333333,1.0,-0.6666666666666667
2051,bb06dd22770c65198b15,0.5,0.5,0.0
2053,080b2756553a32aea070,0.5,1.0,-0.5
2053,8e69fd5f9b65841148e4,0.6666666666666666,0.5,0.16666666666666663
2053,bf98f3d9019e5d6c112b,0.7142857142857143,0.5,0.2142857142857143
2053,c82cd270f24a909c840a,0.6666666666666666,0.5,0.16666666666666663
2053,cf7f906eca41b91330ec,0.6666666666666666,0.0,0.6666666666666666
2055,0fb98f2d3d02636e9b2a,0.6666666666666666,0.0,0.6666666666666666
2055,143b3d306fd2110620cc,0.5,0.0,0.5
2055,8c648267be96330dc33f,0.8333333333333334,1.0,-0.16666666666666663
2055,a1c5825e1970e83b7413,1.0,0.5,0.5
2056,00babb4d7b8564feeb2e,1.0,1.0,0.0
2056,2c0359952dea778c356a,0.875,0.5,0.375
2056,8fc0947015a315b3e9d4,1.0,1.0,0.0
2057,2d203e8512e24bda3a9d,0.42857142857142855,0.0,0.42857142857142855
2058,0b457b4cb6c4e83d038c,0.7142857142857143,0.5,0.2142857142857143
2058,9a17e4fbaea7500c3ac3,0.6,1.0,-0.4
2058,a8b1343a83dc9f37fc0b,1.0,1.0,0.0
2058,e34f3fce3b517a2bcc1d,0.75,0.5,0.25
2059,04305c94d44efa9e4c1c,1.0,0.5,0.5
2059,37b9f884f2da0b91faaf,0.7777777777777778,1.0,-0.2222222222222222
2059,71783e1bafa73ed094f5,0.5,1.0,-0.5
2059,bcf8c6fce2b9a80f45e6,0.3333333333333333,0.5,-0.16666666666666669
2060,044ef5d94eeaba934d38,1.0,0.5,0.5
2060,21a7447be66587808570,0.5,1.0,-0.5
2060,914893b5736c1498e2f4,0.5,1.0,-0.5
2060,b66a410d72ec4a2892a4,0.3333333333333333,1.0,-0.6666666666666667
2060,e5dbf9a0a120dff0c17f,0.5,0.5,0.0
2061,12c0175a8663e8aaf1fe,0.0,0.5,-0.5
2061,467b1d1f0f95f4f2a261,0.5,0.5,0.0
2061,4eb24d09a718a78c46c4,0.5,1.0,-0.5
2061,593793ff50002b23843f,1.0,0.5,0.5
2061,b3bc3e62c0c4b5ea1346,0.0,0.0,0.0
2062,211a218155daf461f15e,0.6666666666666666,0.5,0.16666666666666663
2062,49c8028285734ea6ac3b,1.0,0.0,1.0
2062,6b8ab9cfb580e41d64b4,0.6,1.0,-0.4
2062,c06bab7c86d681d549a4,0.25,0.5,-0.25
2062,dc5eb9081fd33628e79e,0.6666666666666666,0.0,0.6666666666666666
2063,41eb591c25600d3510c9,0.75,1.0,-0.25
2064,5d43215721f01b2d2cde,0.8571428571428571,0.0,0.8571428571428571
2064,8d8c451d70b87ddd0337,1.0,0.5,0.5
2065,0bcba47bba5d0a420626,0.5,0.5,0.0
2065,6d7f5dceb47ff4864ec3,0.5,1.0,-0.5
2065,b3d176e700070e978567,0.0,0.5,-0.5
2066,2fce5c7356af4ac046e8,0.5,1.0,-0.5
2066,7d7dcd90499fd680cb6f,0.75,0.5,0.25
2066,c44d4767df078d1a8a51,1.0,0.0,1.0
2067,1ad8a68bdb80b0123a6d,0.5,1.0,-0.5
2067,a7d812402eab0979bfeb,1.0,0.0,1.0
2067,b678c660d7317cef0d7e,0.6666666666666666,0.0,0.6666666666666666
2068,078ec3c5fa20af7f18b3,0.75,0.5,0.25
2068,77a8b33bdf55b72ff44e,0.75,0.0,0.75
2068,78c3f7a39d08576a1e2f,0.75,1.0,-0.25
2069,e135cda6d11749bc5c7b,0.5,1.0,-0.5
2069,ff751757e33fcc7c4d18,0.5,0.5,0.0
2070,1564c2e1f83ab81713ce,0.0,1.0,-1.0
2070,4e45014f6c99ed26fd48,0.5,0.0,0.5
2070,ae7261748cc897968379,0.0,0.5,-0.5
2072,44fcfdf5249c2568e0c6,0.6,1.0,-0.4
2072,77a17524182b2cf049df,0.5,0.5,0.0
2072,9675e0a64d02b675128e,0.0,0.0,0.0
2072,d7b2db4d3cd197faa7ff,0.5,0.0,0.5
2073,0b3c8e40a4894429737a,1.0,0.0,1.0
2073,526b01943c41c3411144,1.0,0.5,0.5
2073,681eae1b2693036c9dd7,1.0,1.0,0.0
2073,6be80728557b8ec2d674,0.75,1.0,-0.25
2073,d19960af7cebf43119b3,1.0,1.0,0.0
2074,284fec83582266a0223a,0.75,0.5,0.25
2074,50379a31d510ca56753b,1.0,1.0,0.0
2074,51c3e389d4725d4bb66d,1.0,0.0,1.0
2074,5f38a77843b3b891c8c8,1.0,0.5,0.5
2074,db612df66b3b58e7e67d,0.75,0.0,0.75
2075,8910de5f152a5b516026,0.6666666666666666,1.0,-0.33333333333333337
2075,a8b3b85b0a266a400842,0.0,0.5,-0.5
2076,d0e8b5caf8a8a0c0106f,0.7333333333333333,1.0,-0.2666666666666667
2076,eb3860245f59bbb28f2c,0.8333333333333334,1.0,-0.16666666666666663
2076,eca19200648a91cbce90,0.7272727272727273,0.0,0.7272727272727273
2077,08d7040223d00c4cc8b3,0.6666666666666666,1.0,-0.33333333333333337
2077,41aa29fa63651f507811,1.0,1.0,0.0
2077,42b7540ccc9c4d5e6dca,0.5,0.5,0.0
2077,c065a4a43aa862fd178e,0.5,0.0,0.5
2078,7f2006f05649ee7c9af6,0.75,0.5,0.25
2078,809455551983979beda7,1.0,1.0,0.0
2079,41607d186f08464ef5f4,0.0,0.5,-0.5
2079,611e024ce25c66f59356,1.0,0.5,0.5
2079,b841f2aea0a3f9a429de,0.25,0.5,-0.25
2079,ec47e9b3530260a827c7,0.5,0.5,0.0
2080,3dbb3c10a5ae3e4998f4,1.0,0.5,0.5
2080,8aaf17af336ca1456daf,0.3333333333333333,0.0,0.3333333333333333
2080,9f89d5fff7d8a46c91ad,0.0,0.0,0.0
2080,c4dc064e39d3c2cbd6a1,0.5,0.5,0.0
2080,c55c64e8e893c28033f4,0.5,0.0,0.5
2081,2c63bcbb55cd503d0a75,0.6,1.0,-0.4
2081,c5ba1e3a943f77f7cd70,0.6666666666666666,1.0,-0.33333333333333337
2082,626d3ca422d071ac50d9,0.5,1.0,-0.5
2082,71198f406265fe80790f,0.25,1.0,-0.75
2082,f64ac60dcd4986722753,1.0,0.5,0.5
2083,05416a0452e25b6d44fa,1.0,0.5,0.5
2083,77380df3ab4ef94e8ec5,0.75,1.0,-0.25
2083,8ef2c30ea64bbe0ad2a1,0.8333333333333334,0.5,0.33333333333333337
2083,9c534042a760c87785d1,0.7692307692307693,1.0,-0.23076923076923073
2084,5ee0a47628b1f1feb5c5,0.6666666666666666,0.5,0.16666666666666663
2084,8cd9af237dfe7c705be8,0.5,0.5,0.0
2084,94043995c1cb642b17e9,0.75,1.0,-0.25
2084,d30ede053441572b9a7d,0.3333333333333333,1.0,-0.6666666666666667
2085,0ce6b6f871a76a4ac29a,0.75,0.5,0.25
2085,0e4e4c387706003ae1be,0.3333333333333333,0.0,0.3333333333333333
2085,18bfaf68500ae53f75c2,0.6666666666666666,0.5,0.16666666666666663
2085,66de73ac93d188c590d3,0.5,0.5,0.0
2085,75a7d18c23d2e3f40787,0.6666666666666666,1.0,-0.33333333333333337
2086,239a243f32373a5776f4,1.0,1.0,0.0
2086,2c7773aff1e3eecb1b9c,0.5,1.0,-0.5
2086,55ec5048d070b88303be,0.5,0.0,0.5
2087,7e6f319bdc17af0e44aa,0.6666666666666666,0.0,0.6666666666666666
2087,90bab88dc8e36468f816,1.0,0.0,1.0
2087,b87ad1bfb9d7596efb9c,0.0,0.0,0.0
2087,e93033439f266576bf70,0.75,1.0,-0.25
2087,ff30a63057112fae48c7,0.6666666666666666,0.5,0.16666666666666663
2088,4af32cc1757c51229be8,0.16666666666666666,1.0,-0.8333333333333334
2088,e1ff81c5a738f807ea49,1.0,0.5,0.5
2089,f0a0e62bb0c40a3da69a,0.8,1.0,-0.19999999999999996
2089,f655ee479888abc4058f,0.5555555555555556,0.0,0.5555555555555556
2091,87e4daf829e567cb6f5e,0.3333333333333333,0.5,-0.16666666666666669
2091,9204c0caebe7dbc14d7e,0.0,0.0,0.0
2091,a69142b21cf26c389de8,0.0,1.0,-1.0
2091,a97d6f527a206ec067b3,0.2,0.5,-0.3
2091,b604173982448be31bd9,0.5,0.5,0.0
2092,1bf68bebb89e5235ee4e,0.6666666666666666,0.5,0.16666666666666663
2092,3d141eb37c32b243f58b,1.0,0.0,1.0
2092,7d155850451311c0b065,0.3333333333333333,0.5,-0.16666666666666669
2092,b41846dcb8216355b1ae,0.4,0.0,0.4
2093,04bf48609752e9103139,1.0,0.0,1.0
2093,1bc29a3dfa96ebc48306,1.0,1.0,0.0
2093,286af842f9257a4aeed3,0.8571428571428571,1.0,-0.1428571428571429
2093,32a7eb97706f75ea2c48,1.0,0.5,0.5
2094,0ebf20297748d348e84f,1.0,0.5,0.5
2094,234970ea1ba04a25d560,0.4,1.0,-0.6
2094,3c7bf787b7e3aceb29b1,0.75,1.0,-0.25
2094,8eaa359e91a4e0104e4f,0.6666666666666666,0.0,0.6666666666666666
2094,ae78ee7cbb5f71df8ba7,0.4,0.0,0.4
2095,0353c89820db3760a576,1.0,0.5,0.5
2095,1fb0520fc9c05aa97a86,1.0,0.5,0.5
2095,7e0030f055c6d6da8200,1.0,0.5,0.5
2095,8d014b5e2729bb7b9af4,1.0,1.0,0.0
2095,c2223a5239fb63670cea,1.0,0.0,1.0
2096,0cf736353975744b1bbb,0.0,0.5,-0.5
2096,4864416a1f7825b6f20b,0.0,0.0,0.0
2096,af01fdfc0645fdb18f4f,0.5,0.0,0.5
2096,bffaaf21359c1e57efda,0.3333333333333333,1.0,-0.6666666666666667
2096,f65d0ec3eab6f79cf115,0.6666666666666666,0.5,0.16666666666666663
2097,2507c31ed9aa827892e5,0.6666666666666666,1.0,-0.33333333333333337
2097,41f5681d3d5ece0b348e,0.5,0.0,0.5
2097,6099ea598370751b652a,1.0,0.0,1.0
2097,7de5c9e423319c7c7ced,1.0,1.0,0.0
2097,df16cd56c329d8e32262,1.0,0.5,0.5
2098,05e19d2bc5368e406366,0.0,0.0,0.0
2098,0b694be196b192f14752,1.0,1.0,0.0
2098,4c9a15ca5d4682d03a19,0.5,0.0,0.5
2098,933f7710b1467003b552,0.0,0.0,0.0
2098,caf2d2dad5c963110607,1.0,1.0,0.0
2099,c64a1f26b670f9fb5810,0.8,0.0,0.8
2100,0d6a1d46d919915c9cb5,0.6666666666666666,1.0,-0.33333333333333337
2100,5599843543b97b02448c,0.3333333333333333,0.0,0.3333333333333333
2100,7aecd2feda1e2510c1f7,0.5,0.0,0.5
2100,9ad9a2fb776382de53ca,1.0,0.0,1.0
2100,d18b076072173db17ade,0.42857142857142855,0.5,-0.07142857142857145
2101,4ce919ece14c2666e24d,0.5714285714285714,1.0,-0.4285714285714286
2101,7380b1b8f8abb982b6e7,0.42857142857142855,0.0,0.42857142857142855
2101,b27d8e61953f7623e192,0.5,1.0,-0.5
2102,30d51dd5c1a7ff7f00f7,0.5714285714285714,1.0,-0.4285714285714286
2102,4b960cdb7487dfe1c0ca,0.3,0.5,-0.2
2102,5373be3df77e9a54a255,0.7272727272727273,1.0,-0.2727272727272727
2102,60e303fbc36a68b9d302,0.631578947368421,1.0,-0.368421052631579
2102,fa3c0915e2aa6e1edd2b,0.7777777777777778,0.5,0.2777777777777778
2103,242e51990ceffa18bf58,1.0,0.0,1.0
2103,5bfaac7ce9504641067d,1.0,0.5,0.5
2103,730040853d1af1546734,0.75,0.0,0.75
2103,b129d9e79c136debd9e8,1.0,0.0,1.0
2103,ec1380372b357908222d,0.75,0.0,0.75
2105,204bc772b50587a5ced9,0.75,0.0,0.75
2105,470f6a2aa51df595e9bb,0.75,0.0,0.75
2105,bc188c3560296907e718,0.8,0.0,0.8
2106,1ce3175c2cc0094cfe5a,1.0,0.0,1.0
2106,4f3a167ae1e1b8975b62,0.6666666666666666,0.0,0.6666666666666666
2106,63533861233b10dfaba9,0.8,0.0,0.8
2106,e312432f276d652faae9,0.3333333333333333,1.0,-0.6666666666666667
2106,f9564672437e36e8bfdc,0.6666666666666666,0.0,0.6666666666666666
2107,05331aa2c638031fff95,1.0,0.5,0.5
2107,39a6fb4eaf2010729828,1.0,0.5,0.5
2107,854034f231a66462a7b5,1.0,0.5,0.5
2107,a051532d3eba597b6a3e,0.6666666666666666,0.5,0.16666666666666663
2107,bde55adb72f8b161f4bf,0.5,1.0,-0.5
2109,0103844a8ad2e450b2d7,0.7142857142857143,0.5,0.2142857142857143
2109,01a9ec020c21d66c26f1,1.0,0.5,0.5
2109,05d7b763e3ac1ab82794,0.8333333333333334,1.0,-0.16666666666666663
2109,83eb921d96089e645e43,0.8333333333333334,0.0,0.8333333333333334
2109,c9670d6c34277865bb7d,1.0,0.0,1.0
2110,0f97bf13de4f2868edef,0.4,1.0,-0.6
2110,1c3e7455ac31285e3474,1.0,0.5,0.5
2110,1c9b81a95d2d24ffec31,0.4,0.5,-0.09999999999999998
2111,311f493a3fd1b3ca6d38,0.8333333333333334,0.5,0.33333333333333337
2111,71d43857688dceb0326c,0.6,0.5,0.09999999999999998
2111,76b5cf804b0db331519f,0.7142857142857143,1.0,-0.2857142857142857
2111,9620972ff641fb32fd18,0.6,1.0,-0.4
2112,1b8734e82d21d2a83d72,0.5,0.5,0.0
2112,50250afe4a8d9c894a8d,0.0,0.5,-0.5
2112,6227d49bd331943034c5,0.25,0.5,-0.25
2112,e314a5ce1a6077e7388c,0.0,0.5,-0.5
2113,0901eb68a05e20c914de,0.0,0.5,-0.5
2113,30274729058867d368dc,0.6666666666666666,0.0,0.6666666666666666
2113,97db177c5153713ded74,0.25,1.0,-0.75
2114,08f5d3ebd76b977130e3,0.75,1.0,-0.25
2114,0c6639035162244ad90d,0.75,0.5,0.25
2114,6f64a8d96a10664c5419,0.75,1.0,-0.25
2114,981ebf01a743374b10c0,1.0,0.5,0.5
2115,536a35857749a21b8ead,0.6,0.0,0.6
2115,b78a9f689bb3df315ce2,0.6,0.0,0.6
2116,069733b809a0906e962c,0.5,1.0,-0.5
2116,6323ecf9640db9f64858,0.6,0.5,0.09999999999999998
2116,8533057e5b0002599168,0.625,0.0,0.625
2116,87f17ab47409ca0abfa2,0.75,0.5,0.25
2116,d1b73807e58b836db67b,0.5,0.5,0.0
2117,48a35491e72abcb23146,0.75,1.0,-0.25
2117,4a29534d7b8d22622971,0.3333333333333333,0.5,-0.16666666666666669
2117,4c69dfbc300d53397063,0.6666666666666666,0.5,0.16666666666666663
2117,fff09127a21183774b38,0.3333333333333333,1.0,-0.6666666666666667
2119,0f68084985bb11ba827d,0.6666666666666666,0.0,0.6666666666666666
2119,bfa7f360f84f495d3f1f,0.3333333333333333,0.5,-0.16666666666666669
2120,06220aa6861d91aa42a9,0.16666666666666666,0.5,-0.33333333333333337
2120,0e6fa499c12eb67a0f1c,0.0,1.0,-1.0
2120,4c8dfe19c9520fcdddb4,0.75,1.0,-0.25
2120,e83ee3a0ad4d12cb26d0,0.6666666666666666,0.5,0.16666666666666663
2121,b1eb1be7fcb21c7ac843,0.5,1.0,-0.5
2123,2849e0a56c1598c41d3f,0.42857142857142855,1.0,-0.5714285714285714
2123,7b8c5b1f567531788c2f,0.5,0.5,0.0
2123,de89c73c39af8a5e14ec,0.5,0.5,0.0
2124,1a49ebd2a6ee03d113b3,1.0,0.5,0.5
2124,405a6d6c1bf32b274a9f,0.0,0.5,-0.5
2124,417aa7a7251f62b89c14,0.25,0.5,-0.25
2124,50f02c478c8397e1ba97,0.0,0.5,-0.5
2124,7db84da743794eaa1435,0.5,0.5,0.0
2126,a9380ffd8bd687794262,1.0,0.5,0.5
2126,fcb7b985e885ae7fae4b,0.5,1.0,-0.5
2130,263852a5e985478dbdc6,0.42857142857142855,0.5,-0.07142857142857145
2130,8184217eb21dc036f9f5,1.0,1.0,0.0
2131,d8ad9a7d2631806c87a0,0.5714285714285714,1.0,-0.4285714285714286
2132,176e3fbacfd12ef8a7f8,0.4,0.5,-0.09999999999999998
2132,d405f7437b64d582ccf6,0.75,1.0,-0.25
2133,2724e4dcababc2306c91,0.5,1.0,-0.5
2133,a1665f55471fbe338b50,0.6666666666666666,0.0,0.6666666666666666
2134,23aba256e7a9935a1e09,0.25,0.5,-0.25
2134,452c4198e3be7948851d,0.6666666666666666,0.5,0.16666666666666663
2134,aacb1487a0ba13f7a529,0.2,1.0,-0.8
2135,a1a0a3cef29f0f16fe6b,0.5,0.5,0.0
2135,ca9c4b068711737c3bf4,0.5,0.5,0.0
2135,d36aa6f9bbc9ab250ec0,0.5,0.5,0.0
2136,1cd65b2155592aa8ddda,0.75,0.5,0.25
2136,60871a7ff0566f8496f6,0.8333333333333334,0.0,0.8333333333333334
2136,bcfea8c5cf7186f1a856,0.7142857142857143,0.5,0.2142857142857143
2136,d26f52838f3e264049b9,0.75,1.0,-0.25
2136,ffc98fbe658d838a57c5,0.6666666666666666,0.5,0.16666666666666663
2137,0871b07dfdca7e82550a,0.7368421052631579,0.5,0.23684210526315785
2137,3d4e8efcb097cc4aea28,0.6,0.5,0.09999999999999998
2137,71f972b3fbc051208e4a,0.8709677419354839,0.5,0.3709677419354839
2137,a5ea3f129e0efa8cfbf8,0.5714285714285714,1.0,-0.4285714285714286
2137,d0b3a31b0aa625198fc9,0.9,0.5,0.4
2138,9782eb9b1d8d1052ac28,0.5,0.0,0.5
2138,c6a2182daa563523c3b9,0.4,1.0,-0.6
2138,fa43deda5e78c8ca0ed8,0.6666666666666666,0.5,0.16666666666666663
2139,9e0b2dd41ed0d1bb2f92,0.75,0.5,0.25
2139,e2ed94382832c263a05d,0.6,0.5,0.09999999999999998
2139,e451abe653e6e67c4e7c,0.5,1.0,-0.5
2139,e76442f0c98b19b44b16,0.8,1.0,-0.19999999999999996
2140,28c98993b22ba28e269f,0.5,0.5,0.0
2140,60e540db8fae0c553835,0.625,1.0,-0.375
2140,e0aa34a6c6063f6b0da1,0.6666666666666666,0.0,0.6666666666666666
2140,e623851e9209c5429ec7,0.6,1.0,-0.4
2141,6705859adf33b88b4759,0.8333333333333334,0.5,0.33333333333333337
2141,92afc1736d0a48cf4172,0.4,1.0,-0.6
2141,bc572178a903230688aa,1.0,1.0,0.0
2142,6d1036418d9ed52632e9,0.7,0.0,0.7
2142,71135eba8de95f6deb60,0.75,0.0,0.75
2142,c586e6f5936b85be86aa,0.6,1.0,-0.4
2144,3afc0876f16d9380af5b,0.6,0.0,0.6
2144,5d839b4ec7ab0a4c0691,0.8333333333333334,0.5,0.33333333333333337
2144,7d199555b962fa0806b7,0.8,0.0,0.8
2144,9da95f4535582231799d,0.6666666666666666,0.5,0.16666666666666663
2145,1d2b304abe3c077fcd47,0.5,1.0,-0.5
2145,1ec5b1679bc6b1a07ae2,0.3333333333333333,0.5,-0.16666666666666669
2145,64f0f4cf76ecfa879328,1.0,0.5,0.5
2145,d72f9cd0deb35ce20a2b,0.6666666666666666,0.5,0.16666666666666663
2146,07653660c0276729d36c,0.375,0.5,-0.125
2146,2778a9c31d4ab2d74ae4,0.5555555555555556,0.0,0.5555555555555556
2146,7bd987d60d8c99fdd58d,0.9090909090909091,0.0,0.9090909090909091
2146,a53add76d5acb690f02a,0.4444444444444444,0.5,-0.05555555555555558
2146,c7f1301940ff273061de,0.875,0.0,0.875
2147,23229476ddbc3487efed,0.42857142857142855,0.5,-0.07142857142857145
2148,47e4ab9595b520fbfd75,0.6666666666666666,0.0,0.6666666666666666
2149,1bf71887495a3a14a4b5,0.75,0.0,0.75
2149,4ec172881b7bda7e4900,0.5,0.5,0.0
2149,85580de0d62ff2f86d1f,0.5,0.0,0.5
2149,a635dbb4568aa48ad890,1.0,0.5,0.5
2150,12c700f50f09b2259c01,0.0,1.0,-1.0
2150,19e6ea93afdd87cb5116,0.4444444444444444,1.0,-0.5555555555555556
2150,4e90bf1eae1062195122,0.6666666666666666,0.5,0.16666666666666663
2150,a2b17ec33614fb92699a,0.3333333333333333,0.5,-0.16666666666666669
2150,bf2bd49ac55fd5427894,0.5,0.0,0.5
2151,474056a1d786e175afea,0.6666666666666666,0.0,0.6666666666666666
2151,5c3cd82660b97727567a,0.5,0.0,0.5
2151,7f36df0c658c716a8154,0.8333333333333334,0.5,0.33333333333333337
2151,c4c7498c1113c0e81ca5,0.5,0.5,0.0
2151,da1fded37ef1ccdb63fc,0.75,1.0,-0.25
2152,599f2b3c850072cb9cff,1.0,0.0,1.0
2152,5c5555c7b99d948c9ea2,0.6,1.0,-0.4
2152,cf02abf4c99c0540cfca,0.46153846153846156,1.0,-0.5384615384615384
2152,e4726e04d73a6066514a,0.5,0.5,0.0
2152,e6820caf709c50cc64bb,0.6666666666666666,1.0,-0.33333333333333337
2153,016c22f47b518e751676,0.625,1.0,-0.375
2153,251f916eb6eb97f88ee7,0.5555555555555556,1.0,-0.4444444444444444
2154,66db6d8a59c8a2b9825f,0.75,1.0,-0.25
2154,892059358585320a7b8f,0.75,0.5,0.25
2155,8683432025e8cc28736b,1.0,0.0,1.0
2155,92026589226190d8d0d4,0.6666666666666666,0.0,0.6666666666666666
2155,ac0ec16ca16a7f38fd6f,0.6,0.5,0.09999999999999998
2155,bc3b38d9227089a4d184,0.6666666666666666,0.0,0.6666666666666666
2156,0f3b68e04466b5a90bb9,0.4,0.5,-0.09999999999999998
2156,3a43efb2a8013c73bfe4,0.4,0.0,0.4
2156,ad9156e096bba2548035,0.5,1.0,-0.5
2156,d300df05f4ea71db69b3,0.5,1.0,-0.5
2156,e297b87fc06f55779171,1.0,0.0,1.0
2157,24c4e84a53717f5193b3,0.5714285714285714,0.0,0.5714285714285714
2157,939a165ac086890b8813,0.6,1.0,-0.4
2157,9ee5778dee3ddcee5550,0.75,0.0,0.75
2157,b34e6c97871830d9bed4,0.8,0.5,0.30000000000000004
2158,a85dc01e1e6485289b84,1.0,1.0,0.0
2158,e0c2483fe77d93a49af0,1.0,1.0,0.0
2158,fc3182d945eaa2535b8d,0.6666666666666666,0.0,0.6666666666666666
2160,0c6879de345a234945df,0.4,1.0,-0.6
2160,bb35ac477dd49a62d333,0.6,0.5,0.09999999999999998
2161,33a60caf4afd7a20c194,0.6666666666666666,0.5,0.16666666666666663
2161,7c81e61f47576a11d937,0.6666666666666666,1.0,-0.33333333333333337
2161,9d47a7b2684043bdf142,0.3333333333333333,0.5,-0.16666666666666669
2161,bb27fb67c8acd578ab0f,0.75,0.0,0.75
2162,d29110865fb5379b5638,0.5,0.5,0.0
2162,e7dd1825ffbae61fe958,0.1111111111111111,0.0,0.1111111111111111
2166,3d84b2c92cefdf0ab8aa,0.25,0.5,-0.25
2166,5fc8f65fa06a09d5a6e8,0.75,0.0,0.75
2166,cb76fd2f5052d6d96a9d,0.3333333333333333,0.0,0.3333333333333333
2167,3399f2f47f386d8f12d8,0.4,0.5,-0.09999999999999998
2167,90c0b32175c41379836d,0.25,0.0,0.25
2167,dc1fb5c67ff71ca01de1,0.6,0.0,0.6
2167,fda930f3de22f2312b77,0.5,0.5,0.0
2170,6eb3ebb414acf1faa89d,0.6666666666666666,0.5,0.16666666666666663
2170,e75a9179c561b3346a6b,0.3333333333333333,0.5,-0.16666666666666669
2170,e87a54065ba500f6f7e4,0.6666666666666666,1.0,-0.33333333333333337
2172,431b769590a3994b05cb,1.0,0.5,0.5
2172,4e92542a2b810ad63518,1.0,1.0,0.0
2172,71f4be81dbf4904a17cc,0.75,0.5,0.25
2172,741c140bda92b31c3c3e,0.3333333333333333,0.5,-0.16666666666666669
2172,dfc4c913492fd900b9e5,1.0,1.0,0.0
2173,39e98e736d45e5776a6e,0.75,1.0,-0.25
2173,788477e5ec81190adf64,0.75,1.0,-0.25
2173,f18e00dcd3a6b1b5f964,0.75,1.0,-0.25
2173,f3c6015e9ab5a7007214,1.0,0.5,0.5
2174,3023a7c01d21e72c8fbd,0.8,1.0,-0.19999999999999996
2174,649679062a0fe7d56fde,0.75,1.0,-0.25
2174,885aad2688888b8989f8,0.75,0.5,0.25
2174,99006e96cab044c53bec,0.8571428571428571,0.5,0.3571428571428571
2175,318ec0424cf1bb573e33,0.5,0.5,0.0
2175,6095b582a052eebab0c9,1.0,0.5,0.5
2175,becbeb0c9c7992316435,0.6666666666666666,1.0,-0.33333333333333337
2175,d068e27262e48845d036,0.3333333333333333,0.0,0.3333333333333333
2175,f97b71e229611e84b2d3,0.3333333333333333,0.5,-0.16666666666666669
2176,3989f43f2269ba92200b,0.8,1.0,-0.19999999999999996
2176,3d83089faf340e3de842,0.8,0.5,0.30000000000000004
2176,78e2d9599e58a7ab458b,1.0,0.5,0.5
2176,92ffaa33b3a731f98f16,1.0,0.5,0.5
2176,bf52200a8254c4ebee8c,0.75,0.0,0.75
2177,4bb3b4b80a0598f914a9,0.6666666666666666,0.5,0.16666666666666663
2177,7136b9347f6465f118f5,1.0,1.0,0.0
2177,b378e6904544bc40d932,0.42857142857142855,0.5,-0.07142857142857145
2177,de104797fb932cef176b,0.4,1.0,-0.6
2177,fc368f4d226d43a73a15,0.5,0.5,0.0
2178,588883ad9fb5523c8451,0.5,1.0,-0.5
2178,643f883189757e2cba4c,0.6,1.0,-0.4
2178,7d00567332515ad14bb7,0.5,1.0,-0.5
2178,b1a7260dc6203eca92f0,0.4,0.5,-0.09999999999999998
2178,cd815b3e2dca2e27ec5e,0.25,0.5,-0.25
2179,2596260fc22e6c58d22b,1.0,1.0,0.0
2179,300d0229fd0993e83b32,0.75,1.0,-0.25
2179,b105b5939ec95d99f9cd,0.75,0.0,0.75
2179,e0e329e270f9c0022fca,0.5,0.5,0.0
2180,07bf0a025feac49ef95b,0.5,0.5,0.0
2180,3da25cb02afb7a8cf66a,0.0,1.0,-1.0
2180,95340bb24827ae01afa2,0.5,1.0,-0.5
2180,d704cf53548157492900,0.0,0.5,-0.5
2180,d7a41e9737f746f51801,0.5,0.5,0.0
2181,1d2f744820c857f16b65,0.6,0.5,0.09999999999999998
2181,99898d6b5c95ebce94e4,0.6666666666666666,0.5,0.16666666666666663
2182,4d65abfc112c6d820bfc,0.4444444444444444,1.0,-0.5555555555555556
2182,6cb2a019eefb9d016ef6,0.5714285714285714,0.0,0.5714285714285714
2182,91f19f764f29ef1de9bb,0.5,1.0,-0.5
2182,94d5f1cd841127d94cd1,0.6,0.5,0.09999999999999998
2182,ff2e0ded7c68c15b3208,0.375,0.5,-0.125
2183,4121599b12f91dd918c4,0.75,0.5,0.25
2183,7c32ea26558bf9d83ffa,0.25,0.5,-0.25
2183,89f3c475991235bad031,0.6666666666666666,0.0,0.6666666666666666
2183,8cbba82a3ab577b61bf0,0.75,1.0,-0.25
2183,e3627dd7697532750a16,0.8,0.5,0.30000000000000004
2185,fb0a43c6b75b5d678503,1.0,0.0,1.0
2186,3fc6ffd39b1000ed6918,0.4,1.0,-0.6
2186,688bf3ddeee6ef20830f,0.5,1.0,-0.5
2186,72f3d44bd23764754d86,0.5,0.0,0.5
2187,3130e94553cea01e61d2,0.75,1.0,-0.25
2187,443b6367ffb663842630,0.8,0.5,0.30000000000000004
2187,a7578d731b9375d4f814,0.5,1.0,-0.5
2187,ee7414744838587c741a,0.2857142857142857,0.5,-0.2142857142857143
2188,3b1ffbf4473472a723d6,0.75,0.5,0.25
2188,694a8950e32f02b8aaa6,1.0,0.5,0.5
2188,a2a981971f3ee7214327,0.75,0.5,0.25
2189,5b6fbbb91eb90cbafab9,0.8,0.0,0.8
2189,6ff7e6fe2645ec252615,0.875,0.5,0.375
2189,aa4debfb36206259b610,0.7142857142857143,1.0,-0.2857142857142857
2189,bfb43eafc05e6a22e394,0.75,0.0,0.75
2189,cd90eb5403b6db850c94,0.5555555555555556,0.5,0.05555555555555558
2190,0a28a1865675ec2e4a1b,0.5,0.0,0.5
2190,1684a1393f09624b9805,0.5,0.0,0.5
2190,70d3d632cba5612daf1d,0.75,0.5,0.25
2190,994bd38a6c60caa97492,1.0,1.0,0.0
2191,048baaa4fc80e88b75bd,0.42857142857142855,0.5,-0.07142857142857145
2191,872f68422a30e4b630bb,0.6666666666666666,1.0,-0.33333333333333337
2191,8c5ffe38a06807b0bb27,0.75,0.0,0.75
2191,b9ffd6888319e6225d24,0.8571428571428571,0.0,0.8571428571428571
2191,d46ea00ee11ac822c07a,1.0,0.0,1.0
2192,39a3c2dbc676efff8a23,0.5,0.5,0.0
2192,de40c86bd5ba9b0706df,0.75,1.0,-0.25
2192,df30686f79a6eede81e5,0.375,0.0,0.375
2193,45556d932ddc5a1919a0,0.6666666666666666,0.0,0.6666666666666666
2193,50ae5be1f3b11571c75d,0.5,0.0,0.5
2193,8b25a27d27e557765034,0.3333333333333333,0.5,-0.16666666666666669
2193,992914b2c1471614efba,0.3333333333333333,0.0,0.3333333333333333
2194,4d0dbd9b37b7e27a475c,0.8333333333333334,0.5,0.33333333333333337
2194,a8b746b9bab06fb31b4e,0.5,0.5,0.0
2194,b6bd89529e68fdb57730,0.75,1.0,-0.25
2194,e7dfedd8ca5abb47a0f2,0.75,0.0,0.75
2195,1e8d43db27869e59caa0,0.25,0.0,0.25
2195,fc09f718aff745f3036f,0.25,0.5,-0.25
2196,428f4035e4ef00344237,0.0,1.0,-1.0
2196,59053b8ef0f6cda1d6d6,0.0,0.5,-0.5
2196,77d407b8fd79fc5b444c,0.0,1.0,-1.0
2196,94dbab3e221dd5e858b8,0.2,0.0,0.2
2196,d5c3b93bf13f0640ddf5,0.0,0.5,-0.5
2198,83e8e077a1968e217b40,0.5,1.0,-0.5
2198,a484219c93c40edfa672,0.7777777777777778,1.0,-0.2222222222222222
2199,67f0e0e60304ef3613df,0.5,0.5,0.0
2199,c9cfa12d163edcd4ff72,0.4,0.0,0.4
2200,eb0e4ea2b4092f3c6ab9,0.5,1.0,-0.5
2201,1ac9075da8163d72da5d,0.0,0.5,-0.5
2201,4f7202ca9e92333d823d,0.0,1.0,-1.0
2201,e3decee608b8bd826062,0.0,1.0,-1.0
2202,47318bfbb5dc0b9bc667,0.0,0.0,0.0
2202,9503088f1fc9dea03a46,0.3333333333333333,1.0,-0.6666666666666667
2202,b4c86174bac759e38566,0.3333333333333333,0.5,-0.16666666666666669
2202,cdfb97dcbdae0e707ca8,0.8333333333333334,0.5,0.33333333333333337
2203,74094a13a4826c8762b2,0.3333333333333333,1.0,-0.6666666666666667
2203,7aef5e983e61d15d20cc,0.5,0.0,0.5
2203,a994d06bed3d06166d0d,0.3333333333333333,1.0,-0.6666666666666667
2204,4586803784c82e0d56d9,0.5,0.5,0.0
2204,6d95a48bdb9a05fcd9bd,0.0,1.0,-1.0
2204,a3f7f790749e0c43e5f2,0.2,0.0,0.2
2204,b2fef30629210bee12f9,0.0,0.0,0.0
2204,b618e1607ea79197857b,1.0,1.0,0.0
2205,0e4a185e0889c3ffb184,0.6666666666666666,1.0,-0.33333333333333337
2205,3833f42f071a8f5e21cd,0.6666666666666666,0.5,0.16666666666666663
2205,5279b134553bffafa84d,0.3333333333333333,0.0,0.3333333333333333
2205,ef8e771e485606962326,0.6666666666666666,0.5,0.16666666666666663
2205,f6e4a901138dddb97252,0.3333333333333333,0.0,0.3333333333333333
2206,4c14368c8dc69409b3ca,0.2,0.5,-0.3
2206,c69d3b989bc70c1cfca6,0.25,0.5,-0.25
2206,f63938c8fc49537dcba5,0.2,0.5,-0.3
2207,1a7b2d9ea298a0b5678c,0.5,1.0,-0.5
2207,23885bce053315a1bada,0.75,1.0,-0.25
2207,614553ae07dbd11ac759,0.75,1.0,-0.25
2207,77926532256f404d7077,1.0,0.5,0.5
2207,9db9dbf64147d80b5b64,0.75,0.0,0.75
2208,21c4e2888e50880d78c6,0.75,0.0,0.75
2208,31eeada77ef693977ed6,0.75,1.0,-0.25
2208,82d6cf03906068a444ad,0.75,0.0,0.75
2208,9fa4e00582b8e086eb79,1.0,1.0,0.0
2208,cfd9e4349bf0f87af901,0.75,0.0,0.75
2209,2c86a7c0a2da3cee4bb7,0.3333333333333333,0.0,0.3333333333333333
2209,4b54cb3fe39eb119d037,0.6666666666666666,0.5,0.16666666666666663
2209,74f26aa641b3983a8588,0.6666666666666666,0.5,0.16666666666666663
2209,a3e1e643be2e208bf80b,1.0,0.5,0.5
2209,d4a95442d50c27c299d9,1.0,0.5,0.5
2210,1bb2a9f62ccc531abcf8,0.0,1.0,-1.0
2210,64bf51ea2412e1b9f996,0.3333333333333333,0.5,-0.16666666666666669
2210,8f79e1463bf1664dffb7,0.75,0.5,0.25
2210,e3313110dcaafb2182e5,0.6666666666666666,0.5,0.16666666666666663
2211,01b9ca378386a3d3085c,1.0,0.5,0.5
2211,3ae8512e2d9a9bd639f2,1.0,1.0,0.0
2211,515620fbcd3c738e7ea6,0.6666666666666666,0.5,0.16666666666666663
2211,80afb2f1f11488663003,0.6666666666666666,0.5,0.16666666666666663
2211,f30f48b98648b9d75941,0.3333333333333333,0.5,-0.16666666666666669
2212,3b3948782a918a49d5d4,1.0,1.0,0.0
2212,9383316aee61a7bbc597,0.75,0.5,0.25
2212,a270acf8fe3fab136adc,0.5,0.5,0.0
2212,acc6f358e142bb9ee6a1,0.5,0.5,0.0
2212,af0009ec447c9271e539,0.6666666666666666,0.5,0.16666666666666663
2213,8d0246e14483375f8d19,0.6666666666666666,0.5,0.16666666666666663
2213,9c2be422cd6715aee6a1,0.3333333333333333,1.0,-0.6666666666666667
2213,ca7f6dad14dddcb7feb0,1.0,1.0,0.0
2213,e46fc52e8c199478f454,1.0,0.5,0.5
2213,e8438c5190cb33341009,0.3333333333333333,1.0,-0.6666666666666667
2214,2066d6a6fb72467e7201,1.0,1.0,0.0
2214,8d135f3b39e518495d6f,0.6666666666666666,0.5,0.16666666666666663
2214,aa6f35f18e10f69b342f,0.5,0.5,0.0
2214,e03dbcef8334bee95db1,0.6,0.0,0.6
2214,ec0a67bd0c1ee7066af2,0.6666666666666666,0.0,0.6666666666666666
2215,1d0223988279c73b76c9,0.5,0.5,0.0
2215,40d44f1b7622a4f6b3d3,0.5,1.0,-0.5
2215,48c8bb8a9ef902948f13,1.0,0.5,0.5
2215,6c518367ebc45b97f606,0.6666666666666666,1.0,-0.33333333333333337
2215,839460eca9a3efe430c7,1.0,1.0,0.0
2216,25cb0f2935383bd4e7da,0.38461538461538464,1.0,-0.6153846153846154
2216,42dafd17468911d97fd4,0.875,1.0,-0.125
2216,54e0844fdd914465e5ec,0.4444444444444444,0.0,0.4444444444444444
2217,35d6b5722f560e282cb9,0.25,1.0,-0.75
2217,64806aa49589d2d57515,0.8,1.0,-0.19999999999999996
2217,eeea3ad57805ea5d9c17,0.6,0.5,0.09999999999999998
2218,6f11ec87ae70ef745f9d,1.0,0.0,1.0
2218,9ab4df1560a04d7f6f9e,0.8333333333333334,0.0,0.8333333333333334
2218,f0266fb7ee4136df9c75,0.75,0.5,0.25
2219,1a78c26a5400357834b4,1.0,1.0,0.0
2219,5ce5ee4e848b084cf2f2,0.75,0.0,0.75
2219,919dac523b2ad2c1528c,1.0,0.5,0.5
2219,b96fbbcfb40ab15a8d18,0.6666666666666666,0.0,0.6666666666666666
2219,c7f1c26535985ae49cc0,0.0,0.0,0.0
2221,2910fb4bfff8356c0974,1.0,0.5,0.5
2221,73e7e88ca482b4eb0ae4,0.5,1.0,-0.5
2221,9bd9a987d5fb395c6d91,0.5,0.5,0.0
2222,b3bb97d35ef33a43dbad,0.9166666666666666,0.0,0.9166666666666666
2223,6361b661793f62ce67fc,0.5833333333333334,0.0,0.5833333333333334
2223,d9393ca5e7b0754222be,0.7777777777777778,1.0,-0.2222222222222222
2224,2774cdfa8efb23e1d03b,0.6666666666666666,0.5,0.16666666666666663
2224,3293a78b9370105577e3,0.4,1.0,-0.6
2224,c6c19c1de54ea239ffdf,0.75,1.0,-0.25
2225,5bb9e04457294e05a930,0.5,0.5,0.0
2225,6679750051bfb93b9fe8,0.8,0.0,0.8
2225,81ecb9fa07230c7214c0,0.8,0.5,0.30000000000000004
2225,e0fd670e9e756b2625c8,1.0,0.5,0.5
2229,190527692f1320574509,0.875,0.5,0.375
2229,1f5c5a3a5e804381855a,1.0,0.5,0.5
2229,9c52945deddbe2464de4,0.6666666666666666,0.0,0.6666666666666666
2229,a049d14f2a0d6140b3d1,0.8571428571428571,1.0,-0.1428571428571429
2229,d43e2862c6c9ec2f04ed,0.5714285714285714,0.0,0.5714285714285714
2232,83a4bd85d34daaaaaa28,0.7,0.0,0.7
2233,9662810cdc0c71f95397,0.8333333333333334,0.5,0.33333333333333337
2233,e35031ef8cdfd5765ceb,0.8,0.5,0.30000000000000004
2234,3f53d426949644fab89d,0.75,0.5,0.25
2234,77038f2ef653d351649d,0.6,1.0,-0.4
2234,f06b8eeec5b5b29216df,0.8,0.5,0.30000000000000004
2235,3ddd21a14130126950b3,0.625,1.0,-0.375
2235,8a20f295a98112939b71,0.6,0.0,0.6
2235,a84e54125f64815191e3,0.8333333333333334,1.0,-0.16666666666666663
2235,e4ac09d09569f1e5a405,0.7,0.5,0.19999999999999996
2236,6e599f7f021c79175411,0.75,0.5,0.25
2236,811a54c48baca27f40aa,0.6,1.0,-0.4
2236,979a4dbce767b0a124e0,0.6,0.0,0.6
2236,b05eb496843e75a77bed,0.6,0.0,0.6
2236,fec3d85a5066de5022b5,1.0,0.0,1.0
2237,1841067aa488b4928690,0.8,0.5,0.30000000000000004
2237,6f16b15574b6a3dcbc1b,1.0,0.5,0.5
2237,71de8b03441359b6a283,0.6,0.0,0.6
2237,7d89cd383738edd244e9,0.6666666666666666,1.0,-0.33333333333333337
2238,205833eb3fc7fd566d5d,0.6,1.0,-0.4
2238,4554c29dcb85b096da7a,0.3333333333333333,0.5,-0.16666666666666669
2238,5340f5e101836e2770f7,0.75,1.0,-0.25
2238,8f218891866efb83dab4,0.25,0.5,-0.25
2239,511c85de68601f0c377f,0.75,1.0,-0.25
2239,7b3baefd865e513382a3,0.75,0.5,0.25
2239,abcff004d1841ba1734f,0.6666666666666666,0.5,0.16666666666666663
2239,e85569fefa1efb46414b,0.3333333333333333,0.5,-0.16666666666666669
2240,1110b0b8de5051c8b79b,0.25,0.5,-0.25
2240,470a66d90da14ed00033,0.8,1.0,-0.19999999999999996
2240,af5eab93f0445ce7f82c,0.6666666666666666,1.0,-0.33333333333333337
2240,e6ae74a26df07a881439,0.16666666666666666,1.0,-0.8333333333333334
2240,fa61f85e7c68b27485d2,0.7,1.0,-0.30000000000000004
2241,0a24292ded30a7ef1f1c,0.75,0.0,0.75
2241,0e4d902353e571dd657c,0.75,0.5,0.25
2241,49a9d784c55d95f18597,0.75,0.5,0.25
2241,543bd5378c6e702802a8,0.75,0.5,0.25
2241,793b57cd35e324599d1b,0.5,0.5,0.0
2242,0f14b2e3f12892cba884,0.8,0.0,0.8
2242,8f6e2243e41ec6d9a278,1.0,0.5,0.5
2242,bd1491e043d62a4ad1bf,0.6666666666666666,1.0,-0.33333333333333337
2242,d54ff3512e8d86784326,0.6666666666666666,0.0,0.6666666666666666
2242,ff2e2826035f63c83ad0,0.6666666666666666,0.5,0.16666666666666663
2243,2edf0095b3f27c01947e,0.6666666666666666,0.0,0.6666666666666666
2243,436159e11ddbea56e788,0.16666666666666666,1.0,-0.8333333333333334
2243,90626a0007ea96b61b6f,0.25,0.0,0.25
2243,abd1f30f067749fa7a14,0.0,0.5,-0.5
2243,b7f48fa1d1efbfa7cd78,0.5,0.5,0.0
2244,1eb5a24a3a075dbb5960,0.6,0.5,0.09999999999999998
2244,b30c02a3f6819eed7aa4,1.0,0.5,0.5
2244,b417eb4e93448e8cc29f,1.0,1.0,0.0
2245,08dd346d50b2b9055326,0.2,0.5,-0.3
2245,60abf7000e92934da5fa,0.0,1.0,-1.0
2245,e13ab23e2a54e802bc48,0.6666666666666666,0.5,0.16666666666666663
2246,1624dfdfedf8b82f97ac,1.0,0.0,1.0
2246,66c7ac25efbfd7acf327,0.3333333333333333,1.0,-0.6666666666666667
2246,a60775852e1c14e13711,1.0,0.5,0.5
2246,a8b92e3188043811ad81,0.25,0.0,0.25
2247,28835aeac698e435c9a5,0.75,1.0,-0.25
2247,394e318bcb4ec48d4ed7,0.25,0.5,-0.25
2247,408b70747da23261f9b1,0.5,0.5,0.0
2247,49962b7088c267d4059e,0.6666666666666666,0.0,0.6666666666666666
2247,77112c76f30e73ccd8c8,0.75,1.0,-0.25
2248,00bc65318306db136a15,1.0,0.0,1.0
2248,4e36e059e9eca4c7fa95,0.6666666666666666,1.0,-0.33333333333333337
2248,732af33e61ccd82497ae,0.3333333333333333,1.0,-0.6666666666666667
2248,904989ce3f8818e5ea33,1.0,0.0,1.0
2248,c7c8ad8f63c4f2df96c7,0.75,0.5,0.25
2249,1d0da3a23dc2191922c6,0.6666666666666666,0.5,0.16666666666666663
2249,2f6e599b52d7d79cd125,0.3333333333333333,1.0,-0.6666666666666667
2249,6a678cb01689d3cd0f56,1.0,1.0,0.0
2249,edd68ab7a137a9d62e91,1.0,0.0,1.0
2249,fb24c00847da6e592788,0.6666666666666666,1.0,-0.33333333333333337
2250,66a8602baa94c993564f,0.6666666666666666,0.0,0.6666666666666666
2250,8eb686f50eca6642f34d,0.3333333333333333,0.5,-0.16666666666666669
2250,aece7aa3a3ae963b5c7b,0.25,1.0,-0.75
2250,e2e6544e1f2ba1f0a85b,0.3333333333333333,1.0,-0.6666666666666667
2251,00c1be191a17a967dae4,0.8,0.0,0.8
2251,5d79732c6786e8a8b5be,0.75,1.0,-0.25
2251,99d1faba069d82905cc7,0.6,1.0,-0.4
2251,db510907dd95440a0f12,1.0,1.0,0.0
2251,fbcd5a2c89bb2f4ef5c4,0.8,0.5,0.30000000000000004
2252,2530272a932ae6de36aa,0.6666666666666666,0.0,0.6666666666666666
2252,30068a17053208fc75ce,0.6666666666666666,0.5,0.16666666666666663
2252,3537abdd716b3b1db6d7,0.4,0.0,0.4
2252,9c86db33fbc19eb2ca61,0.6666666666666666,0.0,0.6666666666666666
2252,cd6ad75c0d35b30fd39b,0.6,0.5,0.09999999999999998
2253,1d924930336cba7927f2,0.6666666666666666,0.0,0.6666666666666666
2253,5f54b5e4ef50e6d1a6f7,1.0,0.5,0.5
2253,825147b9d3b6789fc74b,1.0,0.0,1.0
2254,752b8e75857a6b931ed5,0.75,0.0,0.75
2254,dddaeaab562abead9b53,0.3333333333333333,0.0,0.3333333333333333
2254,f55125ac9db098878c55,0.6666666666666666,1.0,-0.33333333333333337
2255,194d443ce4130b5a1391,0.6666666666666666,0.0,0.6666666666666666
2255,bc72d00b87f3c892e682,0.0,1.0,-1.0
2255,d094a4a70ac9aee40538,0.3333333333333333,0.5,-0.16666666666666669
2255,fbfd3174403634f8bd6c,0.3333333333333333,0.0,0.3333333333333333
2256,8b885d6bbf9f9aa349a6,0.5,0.0,0.5
2256,b9c508f8e2177a729152,0.0,0.5,-0.5
2257,432c2252bcc07b697a89,0.75,0.0,0.75
2257,4c0245461c563116d7ac,1.0,1.0,0.0
2257,6c78d78503df55dc338f,0.75,0.5,0.25
2258,45bf427f89b773fa24bd,0.6666666666666666,0.5,0.16666666666666663
2258,4c6b76e6aae72c46f934,0.6666666666666666,0.5,0.16666666666666663
2258,6266a0f9516e68337633,0.6666666666666666,0.5,0.16666666666666663
2258,bc8a122c0090c50a630e,0.6666666666666666,0.5,0.16666666666666663
2258,bd5a6cf6362a0d7c7413,0.6666666666666666,1.0,-0.33333333333333337
2259,0f98ea70af03778bab4b,0.6666666666666666,1.0,-0.33333333333333337
2259,37862d604e21e597fd6e,0.6,0.5,0.09999999999999998
2259,b1066ba3f94845dfc526,0.4,1.0,-0.6
2259,deb38e398720da75a391,0.0,1.0,-1.0
2259,e563420d5d3587d294df,0.5714285714285714,0.0,0.5714285714285714
2260,85cd25026d6ab9b32974,0.6666666666666666,0.5,0.16666666666666663
2260,879c1199119e39ade445,0.3333333333333333,0.5,-0.16666666666666669
2260,9681cf1b92721a988aa4,0.6666666666666666,0.0,0.6666666666666666
2261,4696c8c7e2ba0d9eeca6,0.75,0.0,0.75
2263,0dae6cc5b7f71f543128,0.75,0.0,0.75
2263,664c613f268bc2cabcba,0.75,1.0,-0.25
2263,948d9e5acec107c5b1ff,0.75,0.0,0.75
2263,d2ad80118b4a202925ad,1.0,0.5,0.5
2263,f9c6eb55fde60048005c,0.8333333333333334,0.5,0.33333333333333337
2264,29fae0f57f0701ff4ed3,0.5,0.0,0.5
2264,942a6841dd96801e5ee9,0.5,0.0,0.5
2264,b7655c79a35cb7b5b696,0.3333333333333333,1.0,-0.6666666666666667
2265,10251dd31662b61b3cdb,0.3333333333333333,0.5,-0.16666666666666669
2265,5e86bda76d99001fb405,0.0,0.0,0.0
2265,a12d8cda139580ecf558,0.0,0.5,-0.5
2267,0fb854ef5c846c757bae,1.0,0.5,0.5
2267,5dea2bcb6db477279d68,0.8,0.5,0.30000000000000004
2267,91e501e2f44cdced5b47,0.6,0.0,0.6
2267,98d0bdbad9211acb8da1,0.6,0.0,0.6
2268,3d0ea6cc7e02cbb052e7,0.6666666666666666,1.0,-0.33333333333333337
2268,4bbebbbcca408928ac5d,0.3333333333333333,0.5,-0.16666666666666669
2268,95955c470561f65ebdf2,0.5454545454545454,1.0,-0.4545454545454546
2268,9d3709eed2e423513ffc,0.3333333333333333,0.0,0.3333333333333333
2268,c1ef6f2f57c9fc59ed4e,0.6666666666666666,0.5,0.16666666666666663
2269,03125170e9d4a0e34240,1.0,0.0,1.0
2269,4dd15706add7b9d32281,1.0,0.5,0.5
2269,5450f8d4e817b9deb044,1.0,1.0,0.0
2269,d38cfe09a52d2fae8648,1.0,1.0,0.0
2269,f86641fc60b676037bd4,1.0,1.0,0.0
2270,0a70c14cd72fc8ea29d8,0.5,0.0,0.5
2270,b15d5361f8a76461ea0d,1.0,0.0,1.0
2270,cb45c19f24baa5a31815,1.0,1.0,0.0
2270,dc6ba75c5032f81c9deb,0.5,0.0,0.5
2270,e234bb3ae5e3ab1bb5ef,1.0,1.0,0.0
2271,333a6a09149a67f274b2,0.6666666666666666,0.5,0.16666666666666663
2271,9d8c35faf55ccc7e4946,0.6666666666666666,1.0,-0.33333333333333337
2271,c581cdc3932aa956eb95,1.0,0.5,0.5
2271,df113beb4a957f3df07f,0.5,0.0,0.5
2271,e4c551c2e64ae320e101,0.75,0.0,0.75
2272,166be609db184e7a7869,1.0,0.5,0.5
2272,86ac3a72a8e480ceadb8,0.6666666666666666,0.5,0.16666666666666663
2272,8fdf32f50cdbec6b8049,0.6666666666666666,1.0,-0.33333333333333337
2272,b6d69908d45111f0900e,0.6666666666666666,0.5,0.16666666666666663
2272,eb8abd5ae6ec6bbb38b8,0.0,0.5,-0.5
2273,a9016b9ec9becff67237,0.5,1.0,-0.5
2273,d1e99c44291adbcd18c7,0.5384615384615384,0.0,0.5384615384615384
2273,fa3a7c0f8db5a0d7c467,0.625,0.5,0.125
2274,294910f25b325edf2d3c,1.0,1.0,0.0
2274,4f82ddd921df120da9da,0.6666666666666666,1.0,-0.33333333333333337
2274,8d563719fdf4e4ce1c0b,1.0,0.0,1.0
2275,b9d59c746beb00cfeeb4,0.0,0.5,-0.5
2277,86431b1921d78fbd0280,0.6666666666666666,1.0,-0.33333333333333337
2277,bb22ba22e4ce43211858,0.75,1.0,-0.25
2277,fe950c1ae0b66218edde,0.6666666666666666,0.5,0.16666666666666663
2283,4510f173aa079969e3e8,0.5,0.5,0.0
2283,6a2b0245eae471021477,0.5,0.5,0.0
2283,775e3d9c1885ef293bb0,0.25,0.0,0.25
2283,8f79d5ca9b9292f9989f,0.5,0.5,0.0
2283,ba7efcb4f31f82a6f369,0.6666666666666666,0.0,0.6666666666666666
2284,3b0adaa3be9e18b92387,0.8,0.5,0.30000000000000004
2284,c35088480f9894947950,0.8,0.5,0.30000000000000004
2286,5732dd437c682410a33c,0.6666666666666666,0.5,0.16666666666666663
2286,f8690a8e116682a6c41c,0.6666666666666666,0.5,0.16666666666666663
2288,2ae7ff130d6666177195,0.8,0.5,0.30000000000000004
2288,4199a9a4a9294474a290,0.5,0.5,0.0
2288,6fbfe5a4d4b589f67499,0.8,0.0,0.8
2288,8e49d8ccc218517c584f,0.7777777777777778,0.5,0.2777777777777778
2289,4c08b022afd227951e5c,0.3333333333333333,0.5,-0.16666666666666669
2289,88dbfeb15c020eb7f9ae,0.75,1.0,-0.25
2289,cd816514f4350537f3a8,0.45454545454545453,1.0,-0.5454545454545454
2289,f776f036294b26d7a850,0.75,0.5,0.25
2290,d80b6024045c72dd3b82,0.46153846153846156,0.0,0.46153846153846156
2291,07c30c89d70dc130d0a5,0.6428571428571429,1.0,-0.3571428571428571
2291,7c381826febfc228b3d8,0.8333333333333334,0.0,0.8333333333333334
2291,ef4633fdc01a161c7fcd,0.8333333333333334,1.0,-0.16666666666666663
2292,69854075288ffedca5e7,0.6666666666666666,1.0,-0.33333333333333337
2292,6a960e4640821363f0eb,0.875,1.0,-0.125
2292,8029858b83c612bcb735,0.4,0.5,-0.09999999999999998
2294,bccfbb8c3db0217cd5a1,0.5,1.0,-0.5
2294,dc27effd94be4827fcf0,0.6,0.5,0.09999999999999998
2294,e237131ad9988cfe065e,0.3333333333333333,0.0,0.3333333333333333
2295,0e870c0f57e65cbb0b18,1.0,0.5,0.5
2295,3579bd0e39c2d6acacf9,0.8571428571428571,1.0,-0.1428571428571429
2295,b9da328bf9b88c40a091,1.0,0.5,0.5
2296,7d098d65d19249a3d8c2,1.0,0.5,0.5
2297,01fdd4d7cdaad7af3185,1.0,0.5,0.5
2297,8f8cb9524679055baa9c,1.0,1.0,0.0
2297,901505a050075b8761b6,0.7,1.0,-0.30000000000000004
2299,7bd60d2b48c1f1934ef6,0.3333333333333333,0.0,0.3333333333333333
2299,93a5ce97c2fb946f692b,0.16666666666666666,0.0,0.16666666666666666
2299,960bbb885c65b79f4346,0.0,1.0,-1.0
2299,dcc9925717497ec50499,0.3333333333333333,1.0,-0.6666666666666667
2301,978f4b72b84a3ee160c0,0.75,1.0,-0.25
2301,a9a06d1440fbac244a58,0.8,0.0,0.8
2302,22dcdb61ce6a39210acd,0.6666666666666666,0.0,0.6666666666666666
2303,a5889c65b1d1144d4304,0.4,0.0,0.4
2303,b0c8783609f39c5a51f8,0.8888888888888888,0.0,0.8888888888888888
2303,fbdbc60d449e7f67913e,1.0,0.0,1.0
2304,40dc8c697347db41c7c2,0.3333333333333333,0.0,0.3333333333333333
2304,a7e9d4e0d2e16ba1ddd6,0.5,0.5,0.0
2304,d990eae8adceec873415,0.3333333333333333,0.0,0.3333333333333333
2305,3a544fffcf54e2435807,0.5,0.5,0.0
2305,7439e6f3ea38cceef24a,0.3333333333333333,1.0,-0.6666666666666667
2305,91f7081f0cfb703892b2,0.3333333333333333,0.0,0.3333333333333333
2305,b25c42921b44acacf024,0.0,0.0,0.0
2305,d057caaadc577ea1bdb4,0.25,0.0,0.25
2306,4d9b539581b35dd8ce86,0.6666666666666666,0.0,0.6666666666666666
2306,5ab3362681bc9c6eb388,0.0,0.5,-0.5
2306,e02b1f98f92a7b0c2ec4,0.5,0.0,0.5
2307,19cdd7858737c108dbe5,0.75,0.0,0.75
2307,1fdead13799f185ce799,0.5714285714285714,0.5,0.0714285714285714
2307,63443a8842fe96cf8124,0.0,1.0,-1.0
2308,058fb2d24eae359a5750,1.0,0.5,0.5
2308,45f47b9f7d7248eb8d00,0.75,0.5,0.25
2308,4d1f6c7351ed55c33d9f,1.0,0.0,1.0
2308,66cf20b4f61215d6d3c9,1.0,0.0,1.0
2308,dd0bcdd645d2ae71a7d2,0.75,0.5,0.25
2309,1cab329f2d3b8bc431b6,1.0,0.0,1.0
2309,c44a3a4c2fe49da98754,1.0,0.0,1.0
2310,3309abb38703333ddf95,0.4,1.0,-0.6
2310,9b0a7a06095280e26592,0.5,0.0,0.5
2310,b6dc38082bf7bc110fd4,0.6666666666666666,0.5,0.16666666666666663
2310,df82f07999f1f59515ea,1.0,0.5,0.5
2310,f6785e849fadb983821d,0.75,0.0,0.75
2311,375b72df7e29601806fb,1.0,0.5,0.5
2311,422e1b3a9d1c994b7240,0.7272727272727273,1.0,-0.2727272727272727
2311,782ac2a4d9b347573646,0.625,0.0,0.625
2311,973afb396f25079d70fc,0.4,0.5,-0.09999999999999998
2311,dce929fa1381dc5e2290,0.8571428571428571,0.5,0.3571428571428571
2312,5d6ba1806c418e4e210a,0.6666666666666666,0.0,0.6666666666666666
2312,751dc968f9c9a6ad085d,0.3333333333333333,0.0,0.3333333333333333
2312,eefb6defb473d9218de4,0.5555555555555556,1.0,-0.4444444444444444
2312,fddb2b3cf03616486540,0.75,0.5,0.25
2313,54a2703d5c0a9a672d12,0.45454545454545453,1.0,-0.5454545454545454
2314,358df4a3edae5cfaaf0e,1.0,0.0,1.0
2314,8260ea6b6dac56fd3208,0.6666666666666666,1.0,-0.33333333333333337
2314,ca619a32ac6911fd2f44,0.75,1.0,-0.25
2314,ec27022cfe655eed5744,0.6666666666666666,0.5,0.16666666666666663
2315,2fba6f9684c5f5e6c635,0.5,0.0,0.5
2317,3b22e16f24a31366cdb5,0.6666666666666666,0.5,0.16666666666666663
2317,b7f406737fc8e9b90784,0.6666666666666666,0.5,0.16666666666666663
2317,f7f0e7e2536b5de82b43,1.0,0.5,0.5
2319,794ee873afd4e89fffd5,0.42857142857142855,1.0,-0.5714285714285714
2319,d64faffc20bc636dbe84,0.6666666666666666,0.5,0.16666666666666663
2320,0577d3420c7ab96fc473,0.75,0.5,0.25
2320,0a22a26ebe2924c43fcc,0.6,0.0,0.6
2320,5370824e389938953d7a,0.6666666666666666,1.0,-0.33333333333333337
2320,5a95ce4c687e3c897dc3,0.6,0.0,0.6
2320,95b3a1852991d3427ca1,0.42857142857142855,1.0,-0.5714285714285714
2321,5ee55fff8731322d46e0,0.6,0.0,0.6
2321,ae5fead37670fdbcad6c,0.8,0.0,0.8
2321,b471b04f61e10220daff,0.8,0.0,0.8
2322,3d3d0cd336dfbc1f26f8,0.2,0.5,-0.3
2322,60ffd91e2db8ef58cc7e,0.5,0.5,0.0
2322,fb98e5816a527e23f42f,0.6666666666666666,1.0,-0.33333333333333337
2325,0e994dee6015c7737f97,0.8,1.0,-0.19999999999999996
2325,3e2e2c9773c57d30ba24,0.8,1.0,-0.19999999999999996
2325,57f5b68c3fdcd59704b4,0.7142857142857143,0.5,0.2142857142857143
2325,80da899349d0e723c77a,1.0,0.5,0.5
2326,811c98546555aeb38edc,0.7777777777777778,1.0,-0.2222222222222222
2326,905ac5a80e8bf486cdc6,0.6666666666666666,1.0,-0.33333333333333337
2327,0541c93cdc910e70f260,0.8333333333333334,0.5,0.33333333333333337
2327,68a675da624c1b28fd5e,0.8,0.0,0.8
2327,88137f83ba0db6bd4bb4,0.8333333333333334,0.0,0.8333333333333334
2327,99b20151829b800d9aac,0.6,0.5,0.09999999999999998
2328,0b2ec7875a8ce27df5db,0.6,1.0,-0.4
2328,7e80739dff26dd18c846,0.6363636363636364,1.0,-0.36363636363636365
2329,37b949315582d61ef369,0.6666666666666666,0.5,0.16666666666666663
2329,913a61e9f78e2c2bfae5,0.5555555555555556,0.5,0.05555555555555558
2329,9d9137420163934b952e,0.5,0.5,0.0
2330,f8fffe977a5ca9ec4d83,0.5,0.0,0.5
2331,e02912bca404d09f370d,0.875,1.0,-0.125
2332,15bb38fee4d90b154305,0.4,1.0,-0.6
2332,3292c81f027485661610,0.6,0.0,0.6
2334,1c54a05658764d955701,0.6666666666666666,0.0,0.6666666666666666
2334,cdf8ce07c531ae1e31e9,0.8888888888888888,1.0,-0.11111111111111116
2334,f7752ca927a4d0400cb9,1.0,1.0,0.0
2335,aceac8316533e2675acc,0.5714285714285714,0.5,0.0714285714285714
2335,c0e14ebb2e8414713742,0.75,1.0,-0.25
2335,f1f9c9f01de03221dbc4,0.7,1.0,-0.30000000000000004
2336,529a878e70feb2e64643,0.8333333333333334,0.5,0.33333333333333337
2336,56bb5929463dbfbba71f,0.8888888888888888,1.0,-0.11111111111111116
2336,8a501a5e54ccdbf4010f,0.6666666666666666,0.0,0.6666666666666666
2336,c06ab070af71d1984824,0.3333333333333333,1.0,-0.6666666666666667
2336,c468d3cca9e8d70a6131,0.75,0.5,0.25
2337,024efd52a8c5fe262b2c,0.6,0.0,0.6
2337,c6c1267062ad8668bcd7,0.8,1.0,-0.19999999999999996
2338,aaf2cec6bfb5c6fb3f8c,0.4,0.0,0.4
2339,a318acd2e1bbfd403f92,0.5,0.5,0.0
2339,dbfd1cd412f0cabbdfe3,1.0,0.5,0.5
2340,8f39be053ad083df10b0,1.0,1.0,0.0
2340,cae200cd6415d51c731f,0.5,0.5,0.0
2340,e708b3de337031565b06,0.8,0.5,0.30000000000000004
2341,6eef40945342762f7a55,0.75,0.5,0.25
2341,aa2cc9d2fe6686ebfbf0,1.0,0.0,1.0
2341,b00e39cc340c196df19e,1.0,0.5,0.5
2341,b3968afb4f01afbb5e83,0.5,0.5,0.0
2341,e46bf6ea57338cab8bca,0.75,0.5,0.25
2342,0e01f5d24c4f19277d6f,0.5,1.0,-0.5
2342,3c6bd684379edb717a71,0.5,0.5,0.0
2342,3fdc194626c57b5c1b8b,0.8,0.5,0.30000000000000004
2342,7a4f1f30cb18930afddd,0.0,0.5,-0.5
2342,96dbda42bc2a1a78771f,0.5,0.0,0.5
2343,15d853b6b72797efa980,0.5,0.0,0.5
2343,176deda783222378cbe3,0.5,0.0,0.5
2343,3fae8fbdf79cd599ad4e,0.4,1.0,-0.6
2344,6db16d8b12c9ccc2544b,0.5,0.5,0.0
2345,174597052721d600e6c9,0.75,0.5,0.25
2345,4508273b5f18442c12d1,0.5,1.0,-0.5
2345,bab96e4b272250683efc,0.5,0.5,0.0
2345,c69e30ed588d5a79e33f,1.0,0.5,0.5
2345,cf9bd01d36719aa227d8,0.5,1.0,-0.5
2346,223baaaba852a820f8ac,0.75,0.5,0.25
2346,3805a543ddf171f78f48,0.5,1.0,-0.5
2346,6ec585974171d9dc1471,1.0,0.5,0.5
2346,b180dbcd3bd76e389621,0.5,0.5,0.0
2346,ef710b2694379e635ecc,1.0,0.0,1.0
2347,44b3b915b17c1b525023,0.5714285714285714,0.5,0.0714285714285714
2347,609e8cda89c870f5a78a,0.75,0.0,0.75
2348,15492f7abdd82bb5ee98,1.0,1.0,0.0
2348,34d8e46ed4c737dcddfe,0.6666666666666666,1.0,-0.33333333333333337
2348,531c1ccbce06e44825c6,0.6666666666666666,1.0,-0.33333333333333337
2348,7310ffffc72e9c266288,0.3333333333333333,0.5,-0.16666666666666669
2348,b908250d1407d1a6912c,0.6666666666666666,0.5,0.16666666666666663
2349,13e7e28d78002cae75ba,0.75,0.0,0.75
2349,77c2edcbb62eac5a5b10,0.42857142857142855,1.0,-0.5714285714285714
2349,81c5e1ac39cb081df694,0.0,1.0,-1.0
2349,b115c9387df29ee90c2b,0.6,0.5,0.09999999999999998
2349,e16d716ac0242a3d28e3,0.0,1.0,-1.0
2350,004fdb89883b0bad8a03,0.25,0.0,0.25
2350,134d57eb05afa0718892,0.5,0.0,0.5
2350,73c4c58f537c0bc34d9f,0.3333333333333333,0.0,0.3333333333333333
2350,a166d6b122e0b4e2dc06,0.5454545454545454,0.5,0.045454545454545414
2351,3694f34d7385a2c6e0c0,0.6363636363636364,1.0,-0.36363636363636365
2351,411c76ad6efdb9037cfb,0.6111111111111112,1.0,-0.38888888888888884
2351,467f4efe3ec0f10bab3f,0.6666666666666666,0.5,0.16666666666666663
2351,d1389e4521cf4b805461,0.3333333333333333,1.0,-0.6666666666666667
2351,f42c92fa6a828b86fc35,0.72,1.0,-0.28
2352,06eacb0a339b40e2f578,0.631578947368421,1.0,-0.368421052631579
2352,350e617af6f51f6cdf96,0.7631578947368421,1.0,-0.23684210526315785
2352,a913d0d8e71a0f287bf8,0.6875,1.0,-0.3125
2352,b85a1a543f3dffd83630,0.8,1.0,-0.19999999999999996
2352,c3172c344638d77a1546,0.75,0.5,0.25
2353,1daf3a01d8ded5d8ab26,0.75,0.5,0.25
2353,6ee998f9883ccaf7a1e7,0.7,0.5,0.19999999999999996
2353,c53bc9964132c90d8890,0.6666666666666666,0.0,0.6666666666666666
2353,deba2ddc3e0cfaf69120,0.9259259259259259,1.0,-0.07407407407407407
2353,f5ebb4153c141d639028,0.5555555555555556,0.5,0.05555555555555558
2354,0cd8605d5a0312a65242,0.5714285714285714,0.5,0.0714285714285714
2354,d48b249a20889a623153,0.8333333333333334,0.5,0.33333333333333337
2355,a001d5bbd9ccb2c1252f,0.9230769230769231,1.0,-0.07692307692307687
2356,3f57993365d03d1359d2,0.25,0.0,0.25
2356,55f18444b28b0166e05c,0.5,0.5,0.0
2356,5f28980e8ab441ec1c38,0.0,1.0,-1.0
2357,44eb558508fb12d56728,0.5,0.0,0.5
2357,e8c6095cf862c467e7fd,0.8571428571428571,0.0,0.8571428571428571
2357,efd39b3375c46cb725c7,0.3333333333333333,0.0,0.3333333333333333
2358,5e33ff9b8dd1220e3d90,0.3333333333333333,0.5,-0.16666666666666669
2358,7a0596db211192cdf8b1,0.6666666666666666,0.5,0.16666666666666663
2358,c14e30e0fc29baed9bc8,0.4,0.0,0.4
2359,37ff3d50c9822a5ff9b8,0.5,0.5,0.0
2359,a34090a7cd52efde3d42,0.6666666666666666,0.0,0.6666666666666666
2359,cc7b542e0d22547eff4f,0.375,1.0,-0.625
2360,212da91baab116c007cc,0.25,0.5,-0.25
2360,de692a0a75a047db8224,0.8333333333333334,0.5,0.33333333333333337
2360,e6193bff8a71d634fdc1,0.5833333333333334,0.0,0.5833333333333334
2361,52014228f14b3a1dd6ce,0.6666666666666666,0.5,0.16666666666666663
2361,c78101e125f287440469,0.0,0.0,0.0
2361,e976227c10d6ea9e6024,0.6,0.5,0.09999999999999998
2362,1166b6fca100da2ee359,0.8,1.0,-0.19999999999999996
2362,3fdcc01885cde2da412f,1.0,0.5,0.5
2362,b6787138c0472ba72385,0.75,0.0,0.75
2363,0f9f51a4e72ec95fe9f7,1.0,0.5,0.5
2363,6115795d66e72f18e54f,0.75,1.0,-0.25
2363,63b60ec8e84a23825699,0.625,1.0,-0.375
2364,53b3c952c00d1cb1a6fb,0.3333333333333333,1.0,-0.6666666666666667
2364,62135d08b71bc8194279,0.6666666666666666,0.0,0.6666666666666666
2365,13d9c7c52be49707422c,0.0,0.0,0.0
2365,63bbf22ce0e5353886c7,0.3333333333333333,0.5,-0.16666666666666669
2366,50634e05f422e627cc15,0.7142857142857143,0.0,0.7142857142857143
2366,60d3beb341e314a1a8a5,0.8,0.5,0.30000000000000004
2366,e506f04eaa808efe7378,0.8,0.0,0.8
2367,1a57790ea5df29dabc73,1.0,1.0,0.0
2367,375047894be67d4d11f6,0.75,0.5,0.25
2367,c0a2f1d3f525723c8b3d,0.3333333333333333,0.0,0.3333333333333333
2368,1fdcc64b4a7588141210,0.75,0.5,0.25
2368,5bb9a52949307434e799,0.42857142857142855,0.0,0.42857142857142855
2368,d78312290b1feb93411a,0.5,0.5,0.0
2369,22b11201e3beca0829fc,1.0,0.0,1.0
2369,db19eb168e22fa0fa745,0.6363636363636364,0.0,0.6363636363636364
2369,df6eb28227003cdd82bd,0.7142857142857143,0.5,0.2142857142857143
2370,046fb913bd50c93a819f,0.0,0.5,-0.5
2370,25fa58f6a64a357bb386,0.0,1.0,-1.0
2370,3796292a3f878453126a,0.25,1.0,-0.75
2371,472babb037e53a3c6b53,0.6666666666666666,0.0,0.6666666666666666
2371,9109e695d6b9a6aa0154,0.3333333333333333,0.5,-0.16666666666666669
2371,f406556b2b08cf92be8b,0.3333333333333333,1.0,-0.6666666666666667
2372,0153adf4f427d0b44cb6,1.0,1.0,0.0
2372,8faa9167f225bb0e7962,1.0,0.5,0.5
2373,8600e8cfcced1be00085,0.25,0.0,0.25
2373,91653be6951685aa73e3,0.6666666666666666,0.5,0.16666666666666663
2373,b0062436af549630bb28,0.4,0.5,-0.09999999999999998
2374,2d17db2e1f1b462a0258,0.3333333333333333,0.5,-0.16666666666666669
2374,826e1a910bab825773d4,0.4,1.0,-0.6
2374,e8fb0ce82a7f2ee31b07,0.8,0.0,0.8
2375,0785da3eb9be10a2453b,0.6666666666666666,0.5,0.16666666666666663
2375,44b7718ea85f658592f9,0.3333333333333333,0.0,0.3333333333333333
2375,a44e36cff03f6963ed14,0.5,0.0,0.5
2376,30c0ed46bc07828b4300,0.8333333333333334,1.0,-0.16666666666666663
2376,6f3f5508834db2647f42,0.5,0.5,0.0
2376,aa46cc2c0249c73b2cc6,0.6,0.0,0.6
2377,287d57979b7f78e94d55,0.3333333333333333,0.5,-0.16666666666666669
2377,4a078c4104bdc0c1b28a,0.0,1.0,-1.0
2377,cc6d6f1db3aa68392c73,1.0,0.0,1.0
2378,43864e32351b97b21308,0.3333333333333333,0.5,-0.16666666666666669
2378,96965721b017b34ba38d,0.3333333333333333,1.0,-0.6666666666666667
2378,9edddc2eec23d5381aef,0.6666666666666666,0.0,0.6666666666666666
2379,3935feaa1b0f783bec7e,0.3333333333333333,0.0,0.3333333333333333
2379,d779e019c9283fbf2a22,0.3333333333333333,1.0,-0.6666666666666667
2379,fdb229dfe0bb715b363d,0.3333333333333333,0.5,-0.16666666666666669
2380,37ccffa7d65acd1c848d,0.3333333333333333,0.5,-0.16666666666666669
2380,d6052b46cef26e739694,0.3333333333333333,0.5,-0.16666666666666669
2380,eb7c6c03ba56429c5a40,0.3333333333333333,1.0,-0.6666666666666667
2381,4f205d0d24459a8f408f,0.3333333333333333,1.0,-0.6666666666666667
2381,50d40bc7a74ca0624592,0.25,1.0,-0.75
2381,8b22a90ba47dbf178fc9,0.4,0.5,-0.09999999999999998
2382,23fe4bffe278865774c2,0.3333333333333333,0.5,-0.16666666666666669
2382,a1d21f787ef2efdcf3c4,0.6666666666666666,0.0,0.6666666666666666
2382,ee10a4d01b7ca45933eb,0.3333333333333333,0.5,-0.16666666666666669
2383,09169d3c1ec8d87457c2,0.6666666666666666,0.0,0.6666666666666666
2383,188526ed2c8314d2c7df,0.625,1.0,-0.375
2383,e6ca615c3f9339991a63,0.5714285714285714,0.5,0.0714285714285714
2384,42f3fb1114b4691d6a41,0.6,1.0,-0.4
2384,a2121309663351c54184,0.6666666666666666,1.0,-0.33333333333333337
2384,ae92c8e52202b671bba6,0.3333333333333333,0.5,-0.16666666666666669
2385,3415839ee695ce769e5a,0.25,1.0,-0.75
2385,c8903b8894a48b2992d7,0.5,0.0,0.5
2386,301078231d4eaa76c1f5,0.9166666666666666,1.0,-0.08333333333333337
2386,922a7009fc4df8f14254,0.375,0.5,-0.125
2386,cefd95386d8fcb4ae082,0.5,1.0,-0.5
2387,0e970fbab5d58fd05b24,0.7142857142857143,1.0,-0.2857142857142857
2387,b2f761d81d3e13222e5d,0.8571428571428571,0.5,0.3571428571428571
2387,fb94fa48e2e3f8d9e54d,0.25,0.0,0.25
2388,622f7385dd11c6f671be,0.6666666666666666,1.0,-0.33333333333333337
2388,a32bfd2e830b9a935892,0.75,0.0,0.75
2388,fc948a1ed07d4cb01ff5,0.3333333333333333,0.0,0.3333333333333333
2389,4fbe2aabcd8102904824,1.0,0.0,1.0
2389,95f2764a75ef75b264cc,0.6666666666666666,0.0,0.6666666666666666
2389,f6a162f6c2ef59be4a7c,0.6666666666666666,0.0,0.6666666666666666
2390,0c572dbec00ba19fa386,0.5,1.0,-0.5
2390,d3336ca1502c02644b6d,1.0,0.5,0.5
2390,e2de34a5b087fe59c033,0.6,0.0,0.6
2391,813446fd74a04685813f,0.6,0.0,0.6
2391,97a00d2677b80dd56fe3,0.8888888888888888,0.0,0.8888888888888888
2391,f96a575b1ad98d2172c9,0.3333333333333333,0.5,-0.16666666666666669
2392,365ef36a84336f81276b,0.6666666666666666,0.0,0.6666666666666666
2392,3bc11f07617cb937a9a0,1.0,0.5,0.5
2393,7d4133d232266d8ff516,0.6,0.5,0.09999999999999998
2394,7fe6dfc200843c582c8e,0.75,1.0,-0.25
2394,c3e5083b1dc089d46320,0.5,1.0,-0.5
2394,edf0bb149ead3b6ce93c,0.75,1.0,-0.25
2395,152eb6bd133eb38ef2b7,0.75,0.5,0.25
2395,96b8add3c8ce4fb87dca,1.0,0.0,1.0
2395,aae82a513aaf0056a0a5,0.5714285714285714,1.0,-0.4285714285714286
2396,95ee9a724ffba85fc561,0.75,0.5,0.25
2396,a2053b0c3c8fa1edd47c,1.0,1.0,0.0
2396,e5e095e4c7ea5e35c6f3,0.3333333333333333,1.0,-0.6666666666666667
2397,1c825042a7cdcbe3082e,0.8,0.5,0.30000000000000004
2397,323623afae9ff3bcd0a0,0.4,1.0,-0.6
2397,7179c12d4bbedc3ed774,0.6,1.0,-0.4
2398,d30bd406fcc5dd83ffe2,0.75,0.5,0.25
2398,dce2dc543efcecc929d6,1.0,0.0,1.0
2398,f0daf6cb5e455c00aca3,0.75,0.5,0.25
2399,ca0a9b3f2b06f9660fe0,0.75,0.0,0.75
2399,da511d5ede198f995b30,0.75,0.5,0.25
2399,f5ed84bb843929f1fdb6,0.8333333333333334,0.0,0.8333333333333334
2400,63a217865ab3de1a3aeb,0.3333333333333333,0.5,-0.16666666666666669
2400,bc59ffc97014de159495,0.6,0.0,0.6
2401,54959e4c2f7d3cabba93,0.8,0.0,0.8
2401,91b5252e9bf897d2a648,0.8,0.0,0.8
2401,a4b090f0948d545b5507,0.6666666666666666,0.5,0.16666666666666663
2402,14eddc01497308713aed,0.6666666666666666,1.0,-0.33333333333333337
2402,903d9e363d9f2365545f,0.5,0.5,0.0
2402,c58e7a18cbd3fb33b674,1.0,1.0,0.0
2403,4ccbe1c45ef142ceae10,0.3333333333333333,0.5,-0.16666666666666669
2403,57415316839994372983,0.3333333333333333,0.5,-0.16666666666666669
2403,fb5439b544674bb5c4f3,0.3333333333333333,0.5,-0.16666666666666669
2404,93d3eb22a5e756e5e012,0.4,1.0,-0.6
2404,986e1c72a040c06c949e,0.5,1.0,-0.5
2404,ca65f9c1112570ee35bf,0.5,0.5,0.0
2405,dd97d794120d54315248,0.3333333333333333,0.5,-0.16666666666666669
2406,8baee3d137d666eedbeb,0.6,0.5,0.09999999999999998
2406,9cad86271e14ba7aab45,0.5,1.0,-0.5
2406,f4b954f7c1694f287367,0.7142857142857143,1.0,-0.2857142857142857
2407,07357c6940d42d52019e,0.0,0.5,-0.5
2407,4856068d09f1fb142d95,0.0,0.5,-0.5
2408,476011f41325518f9eee,1.0,1.0,0.0
2408,50624ed6da1fc910ee7a,0.25,0.5,-0.25
2408,e05dcc5c13fec39236eb,0.75,1.0,-0.25
2409,291df952b1dd537c0d08,0.5,1.0,-0.5
2409,2c5c931bcc1a202c5208,1.0,0.5,0.5
2409,31cf9c602dfb8ae82183,0.8,0.5,0.30000000000000004
2410,650f44ba18fafc9ff1e5,0.3333333333333333,1.0,-0.6666666666666667
2410,8a56345a4e71598ef659,1.0,1.0,0.0
2411,5062228697958cdce3c1,0.8333333333333334,0.5,0.33333333333333337
2411,db54d28f37466432d3d5,0.8333333333333334,0.5,0.33333333333333337
2412,25adbbfb54ec8d1221f0,1.0,1.0,0.0
2412,4f2a35747b6d54fa25dc,0.6666666666666666,0.0,0.6666666666666666
2412,b35ce490c6bc96bbdc66,0.6666666666666666,1.0,-0.33333333333333337
2413,3a911ab67ee8c0a620e5,0.6666666666666666,0.5,0.16666666666666663
2414,1fc1a32fe5039774bf08,0.25,0.5,-0.25
2415,6814c8c1577be64aea73,1.0,0.5,0.5
2415,68446d30425a168cb439,0.6666666666666666,1.0,-0.33333333333333337
2415,97d150bc437c3d3fab88,0.5,0.0,0.5
2416,36583b0cb64e3a259caf,1.0,0.5,0.5
2416,bfb7bb19b59e29d8ee18,1.0,0.5,0.5
2416,f2c02ccb5c5164646dbe,0.8,1.0,-0.19999999999999996
2417,c7e346f5e639e99dc633,0.7142857142857143,0.5,0.2142857142857143
2417,d75484007e8619779f5b,0.6666666666666666,0.0,0.6666666666666666
2418,d5319cc6c160d189721a,0.5,1.0,-0.5
2419,4e3ffd57d278cecd42c9,0.4,0.5,-0.09999999999999998
2419,b1c1b3ab49805a842152,0.4,1.0,-0.6
2419,d89cd072845dc2c04935,0.25,0.0,0.25
2420,0bf4ad63672ca7f7967c,1.0,1.0,0.0
2420,38803733f53e464f8ce4,0.75,0.5,0.25
2420,85689fe3f535f2fd35c7,0.7142857142857143,1.0,-0.2857142857142857
2422,4f1a676a5ddb456e5faa,0.3333333333333333,0.0,0.3333333333333333
2422,a6ce08f3ba74814d8da8,0.25,0.5,-0.25
2422,ac381d49c0ec5dc649e9,0.3333333333333333,0.5,-0.16666666666666669
2423,6dedcacebd4a766d1eae,0.3333333333333333,0.0,0.3333333333333333
2423,8296217757bbd674671e,0.375,0.5,-0.125
2424,359c81f3e39d371d8856,0.6666666666666666,0.0,0.6666666666666666
2424,d69c72ac6dd3af17447a,0.6,0.5,0.09999999999999998
2425,89354de7ae92fb26ecc3,0.6666666666666666,0.5,0.16666666666666663
2425,8f080bd3807a9a928ef3,0.0,0.5,-0.5
2425,cead58e9d1ea63700259,0.5,0.5,0.0
2426,4af7d5e6255fc2a37944,0.3333333333333333,0.5,-0.16666666666666669
2426,74eb946f7566502e89ef,0.3333333333333333,0.0,0.3333333333333333
2426,99e6e886d6b97439631c,1.0,1.0,0.0
2427,6459d4ef29113607cd9c,0.6666666666666666,1.0,-0.33333333333333337
2427,826f58bde97acada953f,0.6666666666666666,0.0,0.6666666666666666
2428,ba970fab2a7745945afd,0.75,1.0,-0.25
2428,eea827b9111b19d0dba9,0.3333333333333333,1.0,-0.6666666666666667
2429,f946df132669aee585a1,0.3333333333333333,0.5,-0.16666666666666669
2429,f95a0d20e5b4369e4bff,0.5,0.5,0.0
2430,21e7551e2f85272c98f2,1.0,1.0,0.0
2430,b54b4184b7c75e1d54f3,0.6666666666666666,0.0,0.6666666666666666
2430,c3c04b62e177fe0bd612,0.6666666666666666,1.0,-0.33333333333333337
2431,142fb4980b6fb06d3828,0.3333333333333333,0.0,0.3333333333333333
2431,59a3199ebb7dc0a2cdc3,0.3333333333333333,0.0,0.3333333333333333
2431,b475d465c80c52835ece,0.3333333333333333,1.0,-0.6666666666666667
2432,0eecbfdfe963ba570ade,1.0,1.0,0.0
2432,2d486ab76aeed0552dbe,0.3333333333333333,0.5,-0.16666666666666669
2432,7f46c35b35411f81c186,0.6,1.0,-0.4
2433,d3f476c1d3118e526034,0.6666666666666666,0.5,0.16666666666666663
2434,948823dce5ce0091af46,0.42857142857142855,0.5,-0.07142857142857145
2434,9cb3cb2dc4dbe621d548,0.5714285714285714,0.5,0.0714285714285714
2435,209b084ff5329654ca8b,0.3333333333333333,0.5,-0.16666666666666669
2435,7b08c2dedfd20903546d,1.0,1.0,0.0
2435,fbf5867b9d251487028d,0.6666666666666666,0.5,0.16666666666666663
2436,1861bfb923f19035b5fd,0.3333333333333333,1.0,-0.6666666666666667
2436,37f898a4949c5aef336e,0.5,0.0,0.5
2436,f0abe91725b4b0426383,1.0,0.5,0.5
2437,1ad170a99b5112753c1d,0.3333333333333333,1.0,-0.6666666666666667
2437,bd036fdf5da384782672,0.6666666666666666,0.5,0.16666666666666663
2437,d10db24aa128fdff2d5b,0.2,0.0,0.2
2438,15d36851a141133e1fc1,0.5,0.5,0.0
2439,217879173d4e26b39df1,0.6666666666666666,1.0,-0.33333333333333337
2439,f768cc12ea18244b5855,0.8,1.0,-0.19999999999999996
2440,1f2429d90141efc3cd36,0.6,1.0,-0.4
2440,4eb2e0beaf6bab215d31,0.3333333333333333,0.0,0.3333333333333333
2440,cd7de8676a920b763d7e,0.7142857142857143,0.5,0.2142857142857143
2442,0eeb63b8ce798478e5d6,0.5,0.0,0.5
2442,52c2ecb00c0a1c15e90e,0.4,0.5,-0.09999999999999998
2442,91e40d31daf8ed8fb74e,0.4,0.5,-0.09999999999999998
2443,0c51a9ae0178abfa92a8,0.5714285714285714,1.0,-0.4285714285714286
2443,7271c9d8ee3cc5befebb,0.5714285714285714,0.5,0.0714285714285714
2443,880c4efd97a118a5354d,0.8,1.0,-0.19999999999999996
2444,048f6abdfda6670ca627,0.5,1.0,-0.5
2444,0e6dee1e6995e7b1dc39,0.5,0.5,0.0
2444,8c2e2f397eee8921a63d,0.5,0.0,0.5
2445,036b66a22a8d5bb6f05b,0.3333333333333333,1.0,-0.6666666666666667
2445,27928747737567b6688e,0.0,0.5,-0.5
2446,13a4cd238cfeed962c81,0.5,0.5,0.0
2446,80f13c37798f4d0abf2a,0.6666666666666666,1.0,-0.33333333333333337
2446,bee702fe6fd5cd3aebd4,0.2,1.0,-0.8
2447,e1497188058d287686ba,1.0,0.5,0.5
2447,e5e1d8e43af4cabeb742,1.0,0.0,1.0
2447,eeb8e6772b7e875cb551,0.75,0.5,0.25
2448,584d6e61ed01e33eeb52,0.5,0.5,0.0
2448,fef5e3c3feb5b99bd45d,0.6666666666666666,0.0,0.6666666666666666
2449,968336e3b9044a18c0e1,1.0,0.5,0.5
2449,cfac0f8deb6aa1d767f4,1.0,1.0,0.0
2450,05fa89c3c566e03c15e3,0.6,1.0,-0.4
2450,4436e51324b4493d4bfa,0.6,0.5,0.09999999999999998
2450,87ce7528f5fd9e57b119,0.8,0.5,0.30000000000000004
2451,9ee3e8e367d5e12b67df,0.3333333333333333,1.0,-0.6666666666666667
2451,d05233eeebd9563e7640,0.3333333333333333,1.0,-0.6666666666666667
2451,d8da00105c4e5dcb27ac,0.6666666666666666,0.5,0.16666666666666663
2452,3856ab87255c7c87b1f4,0.4,1.0,-0.6
2452,4ba7e6933b87838fccac,0.8,0.5,0.30000000000000004
2452,e959cbde4b5f84d8deac,1.0,0.5,0.5
2453,79f7f6922299916ec683,0.8,0.5,0.30000000000000004
2453,7adeabf64a73a1cee453,0.625,1.0,-0.375
2453,c996449ab8cf82ce9fe3,0.8,0.0,0.8
2454,40dc08211feccb54381e,0.6666666666666666,0.0,0.6666666666666666
2454,8242200551db4e94e1f9,0.5,0.0,0.5
2454,9143ec02c995e2c7d6c3,0.5714285714285714,1.0,-0.4285714285714286
2455,0b87193f13f7ff48a2be,0.0,0.5,-0.5
2455,4c920d3164fed668e64c,0.0,1.0,-1.0
2455,f06011dd3e23bb7f6aed,0.3333333333333333,0.5,-0.16666666666666669
2456,782c9b76bf8449b581e2,0.3333333333333333,0.5,-0.16666666666666669
2456,85293e4c25d468e43d32,0.6666666666666666,0.0,0.6666666666666666
2456,ba14533a5f0df5d256db,0.3333333333333333,0.5,-0.16666666666666669
2457,2dd252905041950670f4,0.75,0.5,0.25
2457,99d58d811ed2b61a7d86,0.5,1.0,-0.5
2457,f6abb833537a77fec9f0,0.5,0.5,0.0
2458,0b83364cb0f8eaed4c60,0.6666666666666666,1.0,-0.33333333333333337
2458,ceb09baa9f48a3e03028,0.3333333333333333,1.0,-0.6666666666666667
2459,120f461729953ff60f0d,0.5,1.0,-0.5
2459,22822efb134692c467f9,0.6666666666666666,0.0,0.6666666666666666
2459,61895ce2ffc96ed83387,0.3333333333333333,0.5,-0.16666666666666669
2460,21775466cffdc3f38471,0.4,1.0,-0.6
2460,b3c89e4ca2c27db5af8e,0.8333333333333334,0.5,0.33333333333333337
2461,bf33582e5ad30ddd78ed,0.6666666666666666,0.5,0.16666666666666663
2462,3468b71186e796041d0f,0.8571428571428571,1.0,-0.1428571428571429
2462,3c04ab5e0206953aa044,0.75,0.0,0.75
2463,00ee50f3ca909b80dbdc,0.8,0.0,0.8
2463,2e745245e67a422b74c2,0.6,0.5,0.09999999999999998
2463,f8cd6932ac48833a5b0d,0.5,0.5,0.0
2464,2ac85ad222509fb31457,1.0,0.5,0.5
2464,9970e8a9f6714ce95eba,0.6666666666666666,0.0,0.6666666666666666
2464,d63451aadb2d69348152,0.6666666666666666,0.0,0.6666666666666666
2465,18891ae26baf1791af63,0.5,0.0,0.5
2465,2d6c419fa344fd40d66d,0.6666666666666666,0.5,0.16666666666666663
2466,06651f6adec6f7012d02,0.6666666666666666,0.0,0.6666666666666666
2466,7d6f6ee21de1158ca131,0.6666666666666666,1.0,-0.33333333333333337
2466,95169e9547d9b46a2f8b,0.5,0.5,0.0
2467,8a2a82b83bc3cbbd33bf,0.6666666666666666,1.0,-0.33333333333333337
2467,c86533638f2927d278ff,0.3333333333333333,1.0,-0.6666666666666667
2467,fbb4d679c0b98caa4c95,0.3333333333333333,0.0,0.3333333333333333
2468,89ea7f32ae715fb3bcff,0.25,0.0,0.25
2468,dac2e12fa09162b673ef,0.8,0.5,0.30000000000000004
2468,f0e07ca598c3475655f8,0.75,0.5,0.25
2469,d593a841df333dcfbd45,0.9,0.0,0.9
2470,2e88ba22dcb043ccf7de,1.0,1.0,0.0
2470,54283d2e636df63f057d,0.6666666666666666,1.0,-0.33333333333333337
2470,fbb05b4d7ca1d0d97db0,0.3333333333333333,0.0,0.3333333333333333
2471,1bcd00608105ebf193ed,1.0,0.5,0.5
2471,a046b637eb5f2b924a23,0.6666666666666666,1.0,-0.33333333333333337
2471,ef482effcd9b99ea38ba,0.6666666666666666,0.5,0.16666666666666663
2472,4b76868510d4521bd08e,0.75,0.0,0.75
2472,b98c7ae2a1ce5d63d076,0.5,0.0,0.5
2472,e5421331c8c4ec9cfbe0,0.25,0.5,-0.25
2473,ba95181fcf979f4315b9,0.8333333333333334,0.5,0.33333333333333337
2473,cb6dae038cf6e871eae2,1.0,0.0,1.0
2473,cf151caa2450160fa387,0.3333333333333333,1.0,-0.6666666666666667
2474,991b59fae0c7c9793448,0.0,0.5,-0.5
2474,9c5008eecdd888d3f2ca,0.3333333333333333,0.5,-0.16666666666666669
2474,c628764f3c128ecac896,0.4,0.0,0.4
2475,0ee523a86352ade09f0d,0.8571428571428571,0.0,0.8571428571428571
2475,1dcb14e3b41d25f5cd23,0.6666666666666666,0.0,0.6666666666666666
2475,c25aae0ab2d1f7c5c639,0.6,1.0,-0.4
2476,14bc3f77f374c90edb1b,0.6,1.0,-0.4
2476,a9dc055a0742af2376e1,1.0,0.0,1.0
2476,b4060dd3c895bd41b18c,0.8333333333333334,0.0,0.8333333333333334
2477,242a66b6fb233124cb7b,0.6,0.5,0.09999999999999998
2477,9a133e7843c11260493b,1.0,0.5,0.5
2477,c2fde2a876cb5b931e77,0.8,0.5,0.30000000000000004
2478,93cca9da4b371b2d18ec,0.75,0.0,0.75
2478,d6fa330a15dd261a8f42,1.0,1.0,0.0
2478,f729360c722e90212e75,1.0,0.0,1.0
2479,04157806c01699692de4,0.3333333333333333,0.5,-0.16666666666666669
2479,25c0b46e71767190e63e,0.6666666666666666,0.5,0.16666666666666663
2479,421453240337e0b27e57,0.3333333333333333,0.5,-0.16666666666666669
2480,3cb65bc30dc78ce0fe41,0.5,0.0,0.5
2480,464ad9d00cce139a18de,0.3333333333333333,1.0,-0.6666666666666667
2480,f977f8512bf1ce4c5be1,0.3333333333333333,0.0,0.3333333333333333
2481,6e25da11058ce2d53e4c,1.0,1.0,0.0
2481,aa0f5ca55636f5b23a93,1.0,0.5,0.5
2481,ece1a0ec23e4927d4cc9,1.0,0.0,1.0
2482,554bf678e46e06922c11,0.6666666666666666,1.0,-0.33333333333333337
2482,7fcc094cb00cb0d4067c,0.6666666666666666,0.5,0.16666666666666663
2482,857a8e641f2906d233b3,0.25,0.0,0.25
2483,3420d5e0ecc59302802e,0.6666666666666666,0.0,0.6666666666666666
2483,ce57864fb384fb7bb4f0,0.3333333333333333,1.0,-0.6666666666666667
2483,e70702bfeea7e89b85f0,0.6666666666666666,0.0,0.6666666666666666
2484,70a06bf18a9ef799ed6f,0.5,0.0,0.5
2484,e455d04f14830fc3b4a9,0.5,0.0,0.5
2484,fd68284f807aceb76322,1.0,1.0,0.0
2485,3d7b4dfe4e287803d5a7,0.6666666666666666,0.5,0.16666666666666663
2485,b9288b245ee50e7886e9,0.6666666666666666,0.0,0.6666666666666666
2486,820cd21f6c3f6e0eebc6,0.0,0.0,0.0
2486,e8d3244e1ff9120082bf,0.5,1.0,-0.5
2487,831a060df31927db16db,1.0,1.0,0.0
2487,e1292f501481dff3b416,0.5,0.0,0.5
2487,fe5143036b943f38f6d0,1.0,0.0,1.0
2488,0e516841a57cb9a92274,0.5,0.0,0.5
2488,e559fccd09d3a5d3cdc9,0.5,0.5,0.0
2489,22f473120ae1c062074e,0.6666666666666666,0.5,0.16666666666666663
2489,4db05e858ac86c4eccf7,0.6666666666666666,0.5,0.16666666666666663
2489,f5cb81ba78e22a20e028,0.6666666666666666,0.5,0.16666666666666663
2490,08252fcfa603c2f30d86,0.75,0.5,0.25
2490,0a82ea80beea0d16ad04,0.6,1.0,-0.4
2490,297a4f46503536acafa9,0.7777777777777778,0.0,0.7777777777777778
2491,5b1db7cacdc7c6542e39,0.5,0.0,0.5
2491,7dd6487b267896f0b931,0.6,0.5,0.09999999999999998
2491,a0ed166b8aaaf7fd59c4,0.8333333333333334,0.5,0.33333333333333337
2492,09e1fa0cbf8a6c4e53ca,0.8,0.0,0.8
2492,0a4354873fb6566b6af6,1.0,1.0,0.0
2492,4c4b165a52aad8d8e839,0.75,0.5,0.25
2493,5af4b45a55feabae8d6b,0.6666666666666666,0.5,0.16666666666666663
2493,7db084bff63c5a01b9df,0.75,0.0,0.75
2493,a9419a681690125125fd,1.0,0.5,0.5
2494,81467bf303198e5a1a58,0.6,0.0,0.6
2494,85fe9bbadbfa489164b3,0.625,0.5,0.125
2494,e2810d5478be401607e3,0.625,0.5,0.125
2495,1b036528ee18ffa5627a,1.0,0.5,0.5
2495,773bfdcdc3e6d08a720c,0.5,0.5,0.0
2495,e12cb11124891880db6f,1.0,1.0,0.0
2496,a5d2707e53138b03668b,0.6666666666666666,1.0,-0.33333333333333337
2496,b312073ef4076632d970,0.6,0.5,0.09999999999999998
2496,e70e45081bb4a7816a4f,0.4,0.5,-0.09999999999999998
2497,cb6548ed1f3177a98040,1.0,0.0,1.0
2497,ddfe222b4989d42d61b5,0.5,0.0,0.5
2497,e2ec4bbefc863e059c15,0.75,0.5,0.25
2498,4fff6b34e7e6e3109658,0.5,0.5,0.0
2498,88c949fead4552575cc3,0.2,0.0,0.2
2498,d2a807b9e4f7bd9c2cc0,0.75,1.0,-0.25
2499,4a324a9339570ddcc9ca,0.8333333333333334,0.5,0.33333333333333337
2499,782d63e8d42153de4765,1.0,0.0,1.0
2499,cfb24a49bc65e61331f8,0.75,0.5,0.25
2500,3e63d87c3b1e981a6dc3,1.0,0.5,0.5
2500,95b277abecbaab80fe83,0.875,0.0,0.875
2500,dd56aec31c7acdcb04cf,0.75,0.5,0.25
2501,282410283f5ad6627631,0.25,0.5,-0.25
2501,28b6c32988f4066a948d,0.6666666666666666,0.5,0.16666666666666663
2501,bd36c07e8dedf18908cf,0.5,1.0,-0.5
2502,53277022af3b4cbf82be,0.6666666666666666,1.0,-0.33333333333333337
2502,6d2ee5fd78419790031c,0.75,0.5,0.25
2502,905a6ac8d16c81f7a8cf,0.75,0.0,0.75
2503,154d63fd632a90866b0e,0.5,0.0,0.5
2503,80bf59c142404ea01720,0.2,0.5,-0.3
2503,8bb64354ba72ade1ce7f,0.5,0.5,0.0
2504,6c86478ceb4b7677037d,0.75,0.5,0.25
2504,bd621d8731e7a2afcc61,1.0,1.0,0.0
2504,fea22aff8415c44df69c,0.75,1.0,-0.25
2505,a5accab0a5e9d29a475b,1.0,1.0,0.0
2506,56ace374c3a2cbf882ef,1.0,0.0,1.0
2506,a280193811bc9ab843d1,1.0,0.0,1.0
2506,d967edf8fb63b362f330,1.0,0.5,0.5
2507,086552726bc4f5ce606e,0.5714285714285714,0.0,0.5714285714285714
2507,318fddec49975726c225,0.6666666666666666,0.0,0.6666666666666666
2507,96c1da59b069ad4d401c,0.8571428571428571,0.0,0.8571428571428571
2508,21019c64186db6a66f9d,1.0,0.5,0.5
2509,2204a628471b67084034,0.3333333333333333,0.5,-0.16666666666666669
2509,2855d3374f49b150948b,0.75,0.5,0.25
2509,3696553fbddf0b2a73a4,0.2,1.0,-0.8
2510,1fe0ce67550e9ba37819,0.3333333333333333,0.5,-0.16666666666666669
2510,29951e6f4dc56a0da53d,0.3333333333333333,1.0,-0.6666666666666667
2510,c0e8297235627d236950,0.6666666666666666,1.0,-0.33333333333333337
2511,3000ea997fccecba45a9,0.0,1.0,-1.0
2511,54e71149091b7e7a56a9,0.3333333333333333,0.5,-0.16666666666666669
2511,df5fd13ea5f14a76b2b5,0.3333333333333333,0.5,-0.16666666666666669
2512,3b41c1f62d363b327900,0.5,0.5,0.0
2512,b3f94dcd410c90aecd71,0.5,0.5,0.0
2512,beb487241bffd29c3d82,0.0,0.0,0.0
2513,1063b00c862721b696f0,0.75,0.5,0.25
2513,211e9427e394220ac2b0,0.0,1.0,-1.0
2513,e57180f719499af5824a,1.0,0.0,1.0
2514,5cbbfcd58a86a6f7055c,0.6666666666666666,0.5,0.16666666666666663
2514,b487a409bd6849a18b9b,1.0,0.5,0.5
2514,d1fea2ff5b5022ba6e33,0.75,0.5,0.25
2515,425d57f490b68321b5d0,0.6,1.0,-0.4
2515,95f2958d7df8618e2b01,0.25,1.0,-0.75
2515,db7cf1de10adf3f5dc7e,0.4,1.0,-0.6
2516,07c2994085b477b6ce04,0.5,0.0,0.5
2516,2ef19c9dfdb9e5581962,0.5,1.0,-0.5
2516,370fe76a3e6d5c4be626,0.6666666666666666,0.5,0.16666666666666663
2517,0003687a005456546c1d,1.0,1.0,0.0
2517,1cc48f65a1d04675c2ff,0.75,0.5,0.25
2517,2d4c5c579da72b32af0e,1.0,1.0,0.0
2518,948755a4351f4b79405b,0.0,0.5,-0.5
2519,37120db4ac751bbbd378,1.0,1.0,0.0
2519,9c6f1a080623c6871099,0.42857142857142855,0.5,-0.07142857142857145
2519,a7753f27c172c00703f7,0.3333333333333333,0.0,0.3333333333333333
2520,4510cde5083773744893,0.75,0.5,0.25
2520,6a42b5ef6daeb6b6f59c,0.3333333333333333,0.5,-0.16666666666666669
2520,f7faff2d29d2eafd26c2,1.0,0.5,0.5
2521,010ced69653350f7df30,0.3333333333333333,0.5,-0.16666666666666669
2521,5e75559a1d0295c9df65,0.75,0.0,0.75
2521,ab387c441c4adeb3f18b,0.3333333333333333,0.0,0.3333333333333333
2522,53ef3a3763bc1e207b37,0.2,0.0,0.2
2522,7bff72dbbb260493e779,0.4,0.5,-0.09999999999999998
2522,b7ba6ca8d0f0554b19c8,0.4,1.0,-0.6
2523,600d7d9d4f5f15c79446,0.0,0.0,0.0
2523,7526c6458cf49745ea62,0.7142857142857143,0.0,0.7142857142857143
2523,7640e6fe8fd8abe59d5d,0.0,0.0,0.0
2524,1b25b9725c0c6d30e9d2,0.42857142857142855,1.0,-0.5714285714285714
2524,2cceaaa13f76cbef2617,0.7142857142857143,1.0,-0.2857142857142857
2525,883e912b6505acb8c081,0.6666666666666666,0.5,0.16666666666666663
2525,95459393aa2934dddf41,0.25,0.5,-0.25
2525,e388f0d344073dc3f92d,0.3333333333333333,0.5,-0.16666666666666669
2526,2434bae191ace0539a47,0.3333333333333333,0.0,0.3333333333333333
2527,1e660e151b0897ae6685,0.6,1.0,-0.4
2527,5a5f51f4126f564a71e3,0.5,0.0,0.5
2528,22aa058d75b5aac326ff,0.5,0.0,0.5
2528,398954ddc8e7244594a6,0.2,0.0,0.2
2528,f1871e59194e0f89d29e,0.3333333333333333,0.5,-0.16666666666666669
2529,c757b580c0fbca30ba7f,0.75,0.0,0.75
2529,d46807099ab32df6802c,0.75,0.0,0.75
2529,d9a15451396d57b1f316,0.5,1.0,-0.5
2530,1b2c218c6fcc83cbe984,0.8,0.0,0.8
2530,6b6e0213af556318fb3c,1.0,0.5,0.5
2530,dca7dfe0eb8193353c73,0.6666666666666666,0.0,0.6666666666666666
2531,114573d2f34361365e44,1.0,1.0,0.0
2531,5d26fcf933ca62545104,0.75,1.0,-0.25
2531,c02fc80a2a54ed31f590,0.42857142857142855,0.5,-0.07142857142857145
2532,196a2a5add2fe5b61b53,0.6,0.5,0.09999999999999998
2532,a5bebeb9a1685b9279d2,0.0,1.0,-1.0
2533,19e9fe8ff09fad78de5b,0.3333333333333333,0.5,-0.16666666666666669
2533,3978f4fd4b0e5b52b2db,0.6,0.5,0.09999999999999998
2533,c10dfee8bc3d711f0ef1,0.5,0.0,0.5
2534,9068eec29b716597262d,0.6,0.5,0.09999999999999998
2534,d75ee318bd1d8a5048d3,1.0,0.5,0.5
2534,e65ef17625dcf13e0ada,0.8,0.0,0.8
2535,1cc22e337744b6882fbb,0.3333333333333333,0.5,-0.16666666666666669
2535,9528ba87ab5925b3fee7,0.5,0.0,0.5
2535,f4c2eb06c991e72e10fd,0.6363636363636364,1.0,-0.36363636363636365
2536,13dcdf53d8427c61a153,0.75,1.0,-0.25
2536,16ebb0f74ab823f007c2,0.75,1.0,-0.25
2536,853bbc60d9b226493691,0.25,1.0,-0.75
2536,fac4fab0667c9496293c,0.75,0.5,0.25
2537,2059207a3f864d8e7141,0.75,0.5,0.25
2537,6a96ae94c8f85d8fd67b,0.5,0.5,0.0
2537,767d858e41695e6776d6,0.75,0.5,0.25
2538,8c108da1749eb5799cfd,0.75,0.5,0.25
2538,ba68a72de539044a121b,0.75,1.0,-0.25
2540,9f6aa37ba8292f86acfb,0.3333333333333333,1.0,-0.6666666666666667
2540,ca31f631503b2ff3c8b3,0.3333333333333333,0.0,0.3333333333333333
2541,183b316eb70dcdab3f7d,0.8333333333333334,1.0,-0.16666666666666663
2541,4f23bb9ccf074d4a1512,1.0,0.0,1.0
2541,bc56d048b96ba4c2db09,0.75,0.0,0.75
2542,0f09739366677d9c7272,0.75,0.0,0.75
2542,1817d2c238cb297e744a,0.6666666666666666,0.5,0.16666666666666663
2542,f2cb18c5b3c231005868,1.0,1.0,0.0
2543,45de517eb035b423f48d,0.75,0.0,0.75
2543,f591d5e80dd0bde318ac,0.6666666666666666,1.0,-0.33333333333333337
2544,1d4328283b4b36d94de0,0.6666666666666666,0.0,0.6666666666666666
2544,37bdd0c94bc6f5ddb0f1,1.0,0.0,1.0
2544,3d0edcfc87e5df5be298,1.0,0.5,0.5
2545,38aa0f33dd2c727457ca,0.8,1.0,-0.19999999999999996
2545,62adb000960839b674fe,1.0,0.5,0.5
2545,b2ad655ff5d9d67c7d7b,0.6,0.5,0.09999999999999998
2546,006b115a97bfd7b73c6d,0.8,0.5,0.30000000000000004
2546,a78ab57d9c2256e27144,0.8,1.0,-0.19999999999999996
2546,a79de3c6d5a109521071,0.625,0.5,0.125
2547,a887693a70e665c6d110,1.0,0.5,0.5
2547,e78e946b1f2f2052bc12,0.75,0.5,0.25
2548,37f0f677a7742d707d27,0.8,0.5,0.30000000000000004
2548,3c5e34e80867c9ecf6e3,0.7142857142857143,0.5,0.2142857142857143
2548,7760b03a2a7b217cef23,0.8,1.0,-0.19999999999999996
2549,29f22182be838d195a48,0.5,0.0,0.5
2549,2d2303b8f7b1a2d26010,0.6666666666666666,1.0,-0.33333333333333337
2549,65c24681f53cc2449133,0.25,0.0,0.25
2550,5c720c3c64806bbdb953,1.0,0.0,1.0
2550,849392842474a3274d1a,0.6666666666666666,1.0,-0.33333333333333337
2550,dbb00c4e5ff980fadf21,0.3333333333333333,0.5,-0.16666666666666669
2551,062660aeccae411c4b52,0.0,1.0,-1.0
2551,9c7d28507c321fa2346d,0.0,0.5,-0.5
2551,fa9f2325ecd62220523a,0.6,0.0,0.6
2552,efdc02f9d05ddf96620b,0.6666666666666666,1.0,-0.33333333333333337
2553,606539eafc3bacfe57ab,1.0,0.5,0.5
2553,d1e3ca871abef4131d7b,1.0,1.0,0.0
2554,20a0dc5b402f16e75e2e,0.6666666666666666,0.5,0.16666666666666663
2554,bab58d0c42d2292b8cdd,0.6666666666666666,0.5,0.16666666666666663
2554,e4be1873374d04e496c0,0.8333333333333334,1.0,-0.16666666666666663
2555,b68a8ae79343cc5895cc,0.6666666666666666,0.5,0.16666666666666663
2555,b9eb3941afd313bf14de,0.6666666666666666,0.5,0.16666666666666663
2555,f9ff734cf51165997645,0.75,0.0,0.75
2556,084718a2a7226fa80ffd,0.75,0.5,0.25
2556,41070d15633a3e371466,0.75,1.0,-0.25
2557,027dacdec6f97d2709c3,0.0,0.5,-0.5
2557,ad1056088fe9154944f3,0.75,0.5,0.25
2558,383f3daf29c1083e53d3,1.0,0.0,1.0
2558,e169b6f8380c8dec36ec,0.5,0.0,0.5
2558,f1e1ce3592208b112e4c,0.5,0.5,0.0
2559,9733d2bc52a7008d8fc2,0.5,0.0,0.5
2559,a46eef6c5dbaf21d8862,0.3333333333333333,0.5,-0.16666666666666669
2559,f3dadcef9260c3bacf12,0.5,0.0,0.5
2560,04456168e0a01dc8093b,0.0,0.5,-0.5
2560,2680554698bb4023f014,0.6666666666666666,0.0,0.6666666666666666
2560,44084a22c440fc7dd852,1.0,0.5,0.5
2561,0e15836971a3846f27ed,0.3333333333333333,0.5,-0.16666666666666669
2561,73de188603d4a514c209,0.8333333333333334,1.0,-0.16666666666666663
2561,c6e7b9df7812a9521b10,0.6666666666666666,0.0,0.6666666666666666
2562,5609b0527b619b73a931,0.4,1.0,-0.6
2562,aa4c61d7780b13e4635a,1.0,0.5,0.5
2563,9f4015d10cae7bda1d95,0.5714285714285714,0.0,0.5714285714285714
2563,c45ba08ecaf79d6358dc,0.75,1.0,-0.25
2563,cf2c75cfebe2914ca817,1.0,0.5,0.5
2565,631d963443717cdbb0cf,1.0,0.5,0.5
2565,8d46590432379f18fab4,0.3333333333333333,0.5,-0.16666666666666669
2565,e6a7656e4eaddb10843f,0.75,0.5,0.25
2566,fedb0b4e831443018e74,0.75,0.0,0.75
2566,feee983bfd090731f931,0.5555555555555556,0.5,0.05555555555555558
2567,2c966abb6c564a16502d,0.5714285714285714,1.0,-0.4285714285714286
2567,655097b1cfc60787ea1d,1.0,1.0,0.0
2567,afa4e2488f91aaaac7ba,0.6666666666666666,0.5,0.16666666666666663
2568,42cb646d583cb66c82bf,0.5714285714285714,1.0,-0.4285714285714286
2568,66a05d291759f3390400,0.5,0.5,0.0
2569,1b0c46f8daf24d295622,0.6666666666666666,1.0,-0.33333333333333337
2569,3d768a019eb817d246f6,0.5714285714285714,0.0,0.5714285714285714
2569,4d0570f49bef4d78daca,0.6666666666666666,0.0,0.6666666666666666
2570,598e3cd8725e7803a582,0.5,0.5,0.0
2570,63eeeaf0966693effd89,0.2857142857142857,0.0,0.2857142857142857
2570,8e683e9e0f34ec451a49,0.3333333333333333,0.0,0.3333333333333333
2571,df1c90a505418a1feec7,0.5,1.0,-0.5
2571,f02c1cfdecbfc951dc33,0.6,0.0,0.6
2572,097257867ec6ea534da4,0.4,1.0,-0.6
2572,3862ea3450e15aa70210,0.5,1.0,-0.5
2572,857af9b625cd6da32f65,1.0,0.0,1.0
2573,344d7660b749ee9f4c82,0.75,0.0,0.75
2573,9e80912b0746dda432a5,1.0,0.5,0.5
2573,e8164ae086b19af9a0b0,1.0,1.0,0.0
2574,98f062f8fac8cab4dba4,0.75,1.0,-0.25
2574,ca118f272c63b1be9a77,0.6,0.0,0.6
2574,de57e9ce4a98f1415dc5,0.5,0.0,0.5
2575,0751d2fd7d305c98e503,0.3333333333333333,0.0,0.3333333333333333
2575,0f1fc44d9709d332c9a7,0.6666666666666666,0.5,0.16666666666666663
2575,9a7644f4479ce32fe950,0.6666666666666666,0.5,0.16666666666666663
2576,406c1dd89fee9f7f6d46,0.4,0.5,-0.09999999999999998
2576,b24a34e88798c5ce7ade,0.42857142857142855,0.5,-0.07142857142857145
2577,0a3ad09600cfaa353840,0.6666666666666666,0.5,0.16666666666666663
2578,c601703dad3ae575a4f8,0.6666666666666666,0.5,0.16666666666666663
2578,d63cf97051bc40ae7cb6,0.3333333333333333,0.5,-0.16666666666666669
2579,4c0265028d80ee0d2c71,1.0,0.5,0.5
2579,bb3d6a87ef5d25b1c694,1.0,0.5,0.5
2580,1dc51683f01f15f5992a,0.8,0.5,0.30000000000000004
2580,f3fa63a4f363ebe6a9e8,0.8888888888888888,0.0,0.8888888888888888
2581,5c633281c13d8b1640a1,0.3333333333333333,0.5,-0.16666666666666669
2582,bc21531842268fdf5f1f,0.4,0.5,-0.09999999999999998
2582,e6ea9dfece391c323fdf,0.6,1.0,-0.4
2582,efc903728303545aa6a7,0.3333333333333333,0.0,0.3333333333333333
2583,a9a1f9cfc499950d1c03,0.3333333333333333,0.5,-0.16666666666666669
2583,e5d7e3ebed21056b7ec6,0.6666666666666666,1.0,-0.33333333333333337
2583,ed1718684cd12a4a0126,0.5,0.5,0.0
2584,2183f5c995b4f241acc7,0.6666666666666666,1.0,-0.33333333333333337
2584,6e81a67857579f492d7b,1.0,0.5,0.5
2584,7afc12ff1f48f604ae7b,0.8571428571428571,0.5,0.3571428571428571
2585,04845549fd0165ce2065,0.8,0.0,0.8
2585,5a62c7ffd20add2e671d,0.6666666666666666,0.0,0.6666666666666666
2585,8cc6c68f6e9a8ed4c2cc,0.6666666666666666,0.0,0.6666666666666666
2586,8b7c8beca6612c4d80c2,1.0,1.0,0.0
2586,b777cc57e5d3d0f98259,1.0,1.0,0.0
2586,cd35b2a5a6bcd2838e32,0.5,0.5,0.0
2587,019f4cee3f83674a024b,0.6666666666666666,0.5,0.16666666666666663
2588,a9d6c882ab15b8f9a4b2,0.7142857142857143,0.5,0.2142857142857143
2589,53e17d965f38f8ccf1d7,0.6666666666666666,1.0,-0.33333333333333337
2589,88c0dae3ae3b79dab000,0.875,0.5,0.375
2589,cf64963a718978af97fd,0.4,1.0,-0.6
2590,23c4b0b80f14226788af,0.6666666666666666,0.0,0.6666666666666666
2590,b2d3d63d7451d1d0c33f,1.0,0.5,0.5
2590,e03fdbf9854f6a14b6f6,0.5,0.5,0.0
2591,5599fc5b775848a11d77,0.5,1.0,-0.5
2591,884c825c8843a766cde8,0.6666666666666666,0.5,0.16666666666666663
2591,98eac19b0e725e08606c,0.6666666666666666,1.0,-0.33333333333333337
2591,eb94b252fc46c0926af4,0.3333333333333333,0.5,-0.16666666666666669
2591,ed277aeb77c710756492,0.3333333333333333,0.0,0.3333333333333333
2592,5fc1ecb7b50da50dec3c,0.5,1.0,-0.5
2592,817409e30b2b1e47c74f,0.0,1.0,-1.0
2592,b4bf628e9bd52c694ee7,0.8333333333333334,0.0,0.8333333333333334
2593,07fb2746394c5447bb4c,0.8333333333333334,0.5,0.33333333333333337
2593,212ad00daca9c810c100,0.5,1.0,-0.5
2593,655c7bca321baa2ae4c2,1.0,0.5,0.5
2594,d93e341407697f631d16,0.3333333333333333,0.5,-0.16666666666666669
2594,df4ad2b6802bd608255d,0.0,1.0,-1.0
2595,2e4a62aac495fa2cf13d,1.0,0.5,0.5
2595,4a5c598ec2dd289dd33f,1.0,0.5,0.5
2595,bc2f9820316e5cd7c428,0.5,0.0,0.5
2596,79456acd5643ddbef740,0.8,0.5,0.30000000000000004
2596,94a83e1b8ec66cb9167b,1.0,0.5,0.5
2596,a80551bfa9bc3a8cd1cb,1.0,0.5,0.5
2597,653cd9209349d5ce1d7c,1.0,0.5,0.5
2597,dea40eb96312a4deaec6,0.6666666666666666,0.5,0.16666666666666663
2597,f35ac7b06d5b751ee85b,1.0,0.5,0.5
2598,a5f3cb2be92a19a664dc,0.6666666666666666,1.0,-0.33333333333333337
2598,d37aeab24d29ed7ef720,0.6,0.0,0.6
2599,0537bd244e16c13717c6,0.8333333333333334,0.5,0.33333333333333337
2599,63e7d436312c772907eb,1.0,0.5,0.5
2599,d368b90b611fa246ef37,0.6,0.5,0.09999999999999998
2600,c50a78f2d65616c93cd5,0.6666666666666666,0.0,0.6666666666666666
2600,d55a14ba0b06382724a8,0.8,0.5,0.30000000000000004
2600,f1852172fe82f676f8a4,0.8,0.5,0.30000000000000004
2601,6f249563df8f033737a4,0.8,0.5,0.30000000000000004
2601,70ff3429ae7ce1833804,0.8888888888888888,0.5,0.38888888888888884
2601,e7bf794f26b26dcd3138,0.45454545454545453,0.5,-0.04545454545454547
2602,2adcf6cba5ac24177197,0.75,1.0,-0.25
2602,7995181222b9c2666e7b,0.5,0.5,0.0
2602,9138c025705e506ef63d,0.75,0.5,0.25
2602,b8b992efb5a745c2cc4d,0.75,1.0,-0.25
2602,eb6500150f55b1609417,1.0,0.5,0.5
2603,0cd146556adb29e8a8e2,0.3333333333333333,0.0,0.3333333333333333
2603,25a966cb6d65eedca8c1,0.0,1.0,-1.0
2604,38410cb8404f7590d90d,1.0,0.5,0.5
2604,f76685f30bc2e481f513,0.75,0.5,0.25
2605,6f43f7b831265201efc5,1.0,0.5,0.5
2605,a20a74ac895be9efa782,0.3333333333333333,1.0,-0.6666666666666667
2605,dc0d50c8073e4fbf5d84,0.3333333333333333,1.0,-0.6666666666666667
2606,3f1b7245c301c4fa2ed4,0.5,1.0,-0.5
2606,542ee797f7e998ee2047,0.5,1.0,-0.5
2606,8d47e85d1b7fd38da7fe,0.5,0.0,0.5
2607,4d3ef7afd0170775736c,0.6666666666666666,0.0,0.6666666666666666
2607,60c57666b047227883be,1.0,1.0,0.0
2608,2ebf5de06b6abf0dd6e9,0.2,0.0,0.2
2608,4734b0d1eef6a8c3015d,0.0,1.0,-1.0
2608,a8b6c5c1cc58ffc089f3,0.3333333333333333,0.0,0.3333333333333333
2609,86a350b980c34e0c8710,0.75,0.5,0.25
2609,fe624ba48fd59f83ba9d,0.5,0.5,0.0
2610,1d6e99ad5196f574ee94,0.4,0.5,-0.09999999999999998
2610,1de562143a60b1e6737a,0.3333333333333333,0.5,-0.16666666666666669
2610,5a352578954998b64f98,0.5,1.0,-0.5
2611,34fbc40122cb2cc27964,0.6666666666666666,0.0,0.6666666666666666
2611,6a9758766c842634cda4,0.75,1.0,-0.25
2611,f993f5e2d0b45f383ac3,0.6666666666666666,0.5,0.16666666666666663
2612,8fd0cc2ba3bf7f6d86d1,0.6,0.0,0.6
2612,c8beb7a848ec948f3272,0.625,0.5,0.125
2612,f9d43d85b0d638bb8a04,1.0,0.0,1.0
2613,cefd0e90d70ee791fda6,0.8333333333333334,1.0,-0.16666666666666663
2613,f8936ebc5807fa660044,1.0,0.0,1.0
2614,0321ea5dfb9b83079fb7,0.6666666666666666,0.5,0.16666666666666663
2614,4bc739a72cf4f3ed26d3,1.0,1.0,0.0
2615,24d6741378b28d14df7f,0.6666666666666666,0.0,0.6666666666666666
2615,3a2790aaeb2211081807,1.0,0.5,0.5
2615,b56a5e7c64c46ddf2bfb,1.0,0.5,0.5
2615,b5be4ef31ee3f0c8bf9a,0.8,0.5,0.30000000000000004
2615,d7f48376dbbbef024a7a,0.8,0.0,0.8
2616,1173908a9a0833a71a7c,0.5,0.0,0.5
2616,655b81d5bbcb1c9f21d6,0.6666666666666666,0.5,0.16666666666666663
2616,acd6f64e3a8ea3791b5f,1.0,0.5,0.5
2618,2b194d833112326087ed,1.0,1.0,0.0
2618,38cc08906fe172c2580b,0.6666666666666666,0.5,0.16666666666666663
2618,637859e95658812f399c,1.0,0.0,1.0
2618,b0980ca33cd42092d00b,0.6666666666666666,1.0,-0.33333333333333337
2619,8f00cc025e526ef921ac,1.0,0.5,0.5
2619,a243ca1ceac994c7e988,1.0,0.5,0.5
2619,e499ca899052a9a1b0b0,1.0,0.5,0.5
2620,3005ff499de392251a2f,0.8,0.5,0.30000000000000004
2620,c5a79523850d7b7f820a,0.8,1.0,-0.19999999999999996
2620,c6a127c7ce19cb816846,0.8,0.0,0.8
2621,e2e4ed2e8302c43ab76a,0.0,0.0,0.0
2621,e8d23e55585ca13567cb,0.5,0.0,0.5
2621,fd6ae518bc0229581280,0.5,0.0,0.5
2623,6ce4dc62c465773cc407,1.0,1.0,0.0
2623,c3200749554e6ae466df,0.75,0.0,0.75
2623,cfb70a1db1445e20cdf5,0.75,0.5,0.25
2624,2177fda5958a9c000090,1.0,1.0,0.0
2624,91c1f8ddaf61d66c329d,1.0,0.5,0.5
2624,ceafb964fe88dcab973f,0.5,1.0,-0.5
2625,39922d0e7d06f46f9c07,0.3333333333333333,1.0,-0.6666666666666667
2625,646bd8100b72ae5cfe54,0.3333333333333333,0.0,0.3333333333333333
2625,dd954d2240a787eb4657,0.6666666666666666,0.0,0.6666666666666666
2626,164ea82ced13ad6c181c,0.0,0.5,-0.5
2626,56903e64c8a7b0a6b1d2,0.5,0.5,0.0
2626,f8749f2c2ff7db9a001a,0.0,0.5,-0.5
2627,de0e9bcf497d48a3200a,1.0,1.0,0.0
2627,ec765a599019f9c39f6f,0.75,0.5,0.25
2627,f01338c260cedd5ead52,0.75,0.0,0.75
2628,42232c46c7aeadf8466d,0.5,1.0,-0.5
2628,7e60d874842348605aa4,1.0,0.5,0.5
2628,cc5ff36ff6bd7f50b715,0.75,0.5,0.25
2629,3a760da5f9f69be4299e,0.8,0.0,0.8
2629,6729d2d1b1707a65014d,1.0,1.0,0.0
2629,c16a6d29d7d58f40535c,1.0,0.5,0.5
2630,271c0fe0f6a620150870,1.0,1.0,0.0
2630,7d7cae2332a43611716b,0.6666666666666666,1.0,-0.33333333333333337
2630,bee90951d56431ca6a36,0.6,1.0,-0.4
2631,2a90456c5d095c974d11,0.75,0.5,0.25
2631,7b2dae8a66853258c48f,0.6666666666666666,1.0,-0.33333333333333337
2631,fdf2aae07d62945290c7,0.3333333333333333,1.0,-0.6666666666666667
2632,2ceec9ad4c6357fd7b2d,0.3333333333333333,0.5,-0.16666666666666669
2632,4ae3945660529126ee6b,0.5,0.0,0.5
2632,ae4df4f441416f3db8f4,0.25,0.0,0.25
2633,0aefa96e70bc96d2013d,0.25,0.5,-0.25
2633,ff8935ed6f5ae3f86a85,0.6666666666666666,1.0,-0.33333333333333337
2634,54654a1eca9a684537b0,0.25,0.5,-0.25
2634,978838b87229c7c3e532,0.3333333333333333,1.0,-0.6666666666666667
2634,ed31af0a7e39fb675f3e,0.6666666666666666,1.0,-0.33333333333333337
2635,55256a02eb7fb14cac95,0.5,1.0,-0.5
2635,d49337cc92c0183e9880,0.3333333333333333,0.5,-0.16666666666666669
2636,0ea6babe031e50b710b3,0.8,0.0,0.8
2636,33750e390995010227c8,1.0,0.5,0.5
2636,8380dfc05c2389ead940,0.6,0.5,0.09999999999999998
2637,0247efca9ec0c5bb8032,0.8,0.5,0.30000000000000004
2637,1d0695198e75118f961c,0.6666666666666666,0.5,0.16666666666666663
2637,7eae9860532d4b3df281,0.5,1.0,-0.5
2638,7ebeafd7af592c0266fc,0.6666666666666666,0.5,0.16666666666666663
2638,88b426b2f8cc03932f16,0.6666666666666666,0.5,0.16666666666666663
2638,ffbc8f118fb69abea38a,0.3333333333333333,0.0,0.3333333333333333
2639,33b369ed9f58e40483e2,0.6,0.0,0.6
2639,afe631c0237d967e78c6,0.3333333333333333,0.5,-0.16666666666666669
2639,b7408f4c465848881917,0.5,0.5,0.0
2639,cbabbfb485db44ca980c,0.6666666666666666,0.5,0.16666666666666663
2640,599e83b7dd7c373d28ab,0.5,0.5,0.0
2640,82c1d0df43f6bc8470a4,0.0,0.5,-0.5
2640,899baab0ecd508d74660,0.6666666666666666,0.5,0.16666666666666663
2641,0c5b8e28afa113022400,0.6666666666666666,0.5,0.16666666666666663
2641,98c7b0dc14b7e08a428e,0.5,1.0,-0.5
2641,f4f803efb8c961205a8b,0.3333333333333333,0.5,-0.16666666666666669
2642,2e09e60c725db46b9902,0.0,0.0,0.0
2642,a5729ad45124f818d179,0.3333333333333333,1.0,-0.6666666666666667
2642,cc61664a778bf794d0e7,0.6666666666666666,0.0,0.6666666666666666
2643,196a1bc364c739cae887,0.8,1.0,-0.19999999999999996
2643,4ec24c4119030a406371,0.8,1.0,-0.19999999999999996
2643,e7bc9135aac8b02abfdf,0.8,0.5,0.30000000000000004
2644,7099e030621cc74e7847,0.75,1.0,-0.25
2644,cd4090cbe17903204e8d,0.75,1.0,-0.25
2644,fd206664421d40fafb36,0.75,1.0,-0.25
2645,97c21e1368bd89d07e42,0.75,1.0,-0.25
2645,cae4d22342f6e97430a6,0.75,1.0,-0.25
2645,e3923cebe22b352386aa,0.75,0.5,0.25
2646,19e6cf754a5dd15f4431,0.3333333333333333,0.5,-0.16666666666666669
2646,3d0a5f104edc32731c83,0.6666666666666666,0.0,0.6666666666666666
2646,5bcdc7446c790ddbc131,1.0,0.0,1.0
2647,c1fe8ed5c3b1c7f992e3,0.6666666666666666,0.5,0.16666666666666663
2647,ea0db279a7374dff7495,0.6666666666666666,1.0,-0.33333333333333337
2647,f2cdf1ed006eb76f13a8,0.3333333333333333,0.5,-0.16666666666666669
2648,2360d009c143c3cd8299,0.8333333333333334,0.5,0.33333333333333337
2648,6dcb54e45edd9b0b4b27,0.75,1.0,-0.25
2648,7b8be0d696d1bab608fa,0.6666666666666666,1.0,-0.33333333333333337
2649,4b540a94b12b32acf3a4,1.0,0.5,0.5
2649,aa3d95c717d77ddb9201,1.0,1.0,0.0
2650,954550c5b4033d880659,0.6666666666666666,0.0,0.6666666666666666
2650,ccfd5ed2399511c59598,1.0,0.5,0.5
2650,ec7fdb6657b17de5aa64,0.8,0.5,0.30000000000000004
2651,04552c2e45516f48ba5c,1.0,0.5,0.5
2651,80823b718ba52f51581d,1.0,0.5,0.5
2651,fdbb3d2bdd0753c7c33c,1.0,1.0,0.0
2652,4509dc155022282c1822,0.3333333333333333,0.5,-0.16666666666666669
2652,49432af0559284183777,0.6666666666666666,0.5,0.16666666666666663
2652,cd8393d007dc50352c28,0.5,0.0,0.5
2653,b0221480d8576ede44a0,0.75,0.5,0.25
2653,e38cd7c546ab90c3dd0c,1.0,0.5,0.5
2653,ff958b624cdc31c65d3f,0.75,0.5,0.25
2654,246a95fc71677a98208e,0.75,1.0,-0.25
2654,39fccbb439ba5f076f98,1.0,1.0,0.0
2654,7eb64e7161e996a983f8,0.5,0.0,0.5
2655,6422786f2758be57180a,0.75,1.0,-0.25
2655,72b055cd6fef91999af5,0.75,0.0,0.75
2655,e7d02efb42d06b820ba5,0.75,1.0,-0.25
2656,d0726ff629960a288919,0.4,0.5,-0.09999999999999998
2657,3563ead9765b56dab95c,1.0,0.0,1.0
2657,383af98dcaab85aff59e,1.0,1.0,0.0
2657,5fb5559643710933846c,0.75,1.0,-0.25
2658,27a9030c7b839b075acc,0.3333333333333333,1.0,-0.6666666666666667
2658,61182c2d4d0dc39d60bc,0.6666666666666666,0.5,0.16666666666666663
2658,95aef922a2cf7fec73a2,0.5,1.0,-0.5
2659,2baf2de21c3aca4efb51,1.0,0.5,0.5
2659,3616b0a0cfe7758b3775,0.8,0.5,0.30000000000000004
2659,f64b76949bb936853b84,1.0,0.0,1.0
2660,18b0b5bb6d586ceebfd4,0.75,1.0,-0.25
2660,1f308a4399d41ee7390d,0.75,0.0,0.75
2660,a1aeded8c5bc1d1b633f,0.7,1.0,-0.30000000000000004
2661,897ae5dff542c8338557,1.0,0.5,0.5
2661,afd036db2e3e8599afe8,0.5,0.5,0.0
2661,fe2e0a32376cdc5d8d5d,0.8,1.0,-0.19999999999999996
2662,0599558076f84c1fe89a,0.6666666666666666,1.0,-0.33333333333333337
2662,9669e6f27f4dcf9d57a8,0.3333333333333333,0.5,-0.16666666666666669
2662,e615dfd994e2cf8f7946,0.3333333333333333,0.5,-0.16666666666666669
2663,b52e7b651e3b73e9b152,0.3333333333333333,0.0,0.3333333333333333
2663,e18074cc621d065b027b,0.375,0.5,-0.125
2664,5df5ba397b51769b46da,0.8333333333333334,1.0,-0.16666666666666663
2664,e65945846cf4cdd65850,0.7142857142857143,0.5,0.2142857142857143
2665,0eb6571a8c05ff450034,0.5,1.0,-0.5
2665,9ad85d227ccbabe0a32b,0.75,0.0,0.75
2665,d763e54f89792d109308,0.8333333333333334,0.0,0.8333333333333334
2666,1839702307451b74d271,0.75,0.5,0.25
2666,681341db7cb3a8d1094a,0.25,0.5,-0.25
2666,aa2f3dcb3abb91b16477,0.6666666666666666,0.5,0.16666666666666663
2667,451894fb7d18edbf354a,0.6666666666666666,1.0,-0.33333333333333337
2667,61ec18267c17a2333253,0.25,0.5,-0.25
2667,86adb6dc94a479369ba7,0.3333333333333333,0.5,-0.16666666666666669
2668,62111b5ebf6293f547ec,0.3333333333333333,0.5,-0.16666666666666669
2668,7e726276fe8786d96319,0.6666666666666666,0.0,0.6666666666666666
2668,94ae89366c0cc3423bd8,0.3333333333333333,0.0,0.3333333333333333
2669,402cde6fa6ca96578225,0.3333333333333333,0.5,-0.16666666666666669
2669,9b698ac359d3d3716d74,0.3333333333333333,0.0,0.3333333333333333
2670,08fc78c32da49b3aa4ad,0.25,0.5,-0.25
2670,1ed9271d011768ed7e47,0.6,1.0,-0.4
2670,5d255f2c5c23ba01f1aa,0.3333333333333333,0.5,-0.16666666666666669
2671,59e9c14fa28f0abf58b1,0.75,0.5,0.25
2671,ce2c0a326cf95e2549b8,1.0,0.5,0.5
2673,abc0e0388da199fdf780,0.8,0.0,0.8
2673,b2b5c8e0f571bd561b99,1.0,1.0,0.0
2673,ee874780bfbf4662668e,0.4,0.0,0.4
2674,02da029f397f3b4da448,0.8,0.5,0.30000000000000004
2675,70dff339106bfc8473d8,0.8333333333333334,1.0,-0.16666666666666663
2675,75c9c0b6eca64070d40f,0.5,0.5,0.0
2675,a9798465f9a263999f68,1.0,1.0,0.0
2676,76b901f114895b895aea,0.5555555555555556,0.5,0.05555555555555558
2676,c96a273f6271c892dc1d,0.7142857142857143,0.5,0.2142857142857143
2676,eeca32bd2783710d2b58,0.7142857142857143,0.5,0.2142857142857143
2677,21f3195430f28058fc60,0.5,1.0,-0.5
2677,30a630cf8385aa5ab69a,0.75,0.5,0.25
2677,bad565601f1b78abc54e,0.75,0.5,0.25
2678,7b929d015adae8bfb097,0.6,1.0,-0.4
2678,8ce2e383128b9b21da91,0.5,0.5,0.0
2678,9fe6e29c37c4152bb743,0.8333333333333334,0.5,0.33333333333333337
2679,2cd177b61c0e1ea722ed,0.75,1.0,-0.25
2679,34bd75cb6ca6b2e2b6be,0.5,0.5,0.0
2680,50ee43c96652708d4356,0.75,0.5,0.25
2680,86d6f91f9f107426acac,0.6666666666666666,0.5,0.16666666666666663
2681,06ebc0ab85930b261973,0.6666666666666666,0.0,0.6666666666666666
2681,3560300db5306c19900c,0.5,0.0,0.5
2681,43f94fd11391f84af30e,0.5,1.0,-0.5
2682,364a52ef3effb6ee2869,0.6666666666666666,0.5,0.16666666666666663
2682,50ca1122657fbe3e8fd8,0.3333333333333333,0.0,0.3333333333333333
2682,66fbefe41b036ffbd1a7,0.6666666666666666,0.5,0.16666666666666663
2683,712dcb3d268e105f3983,0.6,0.5,0.09999999999999998
2683,b9f44a764c88c070c6b2,0.8571428571428571,0.0,0.8571428571428571
2684,cda441e1622df2d6c7d7,0.8333333333333334,1.0,-0.16666666666666663
2684,d6ada503af9e419c0cdf,0.3333333333333333,1.0,-0.6666666666666667
2684,edf293939bdb93467c3c,0.0,0.5,-0.5
2685,3c695a1f71b572748191,0.3333333333333333,0.5,-0.16666666666666669
2685,83b40a139199f94d9c67,0.3333333333333333,0.0,0.3333333333333333
2685,bf2a4896350fb5b81f8d,0.75,0.5,0.25
2686,65e85ace90c880699533,0.75,0.5,0.25
2686,6e4d7760475d88c179b1,0.6666666666666666,0.5,0.16666666666666663
2686,dc66dc99fdc0e9bfdea7,0.6666666666666666,0.0,0.6666666666666666
2687,0d73c6ff88b5eae9816d,0.0,1.0,-1.0
2687,b10a37de4d5ee11630b6,0.3333333333333333,0.5,-0.16666666666666669
2687,bdc2a50f00e40c726c02,0.3333333333333333,0.5,-0.16666666666666669
2687,d3a72be7aa104ef3c94a,0.6666666666666666,1.0,-0.33333333333333337
2688,0158556f176680e9a150,0.3333333333333333,0.5,-0.16666666666666669
2688,56925dc22eab8126220f,0.3333333333333333,0.5,-0.16666666666666669
2688,7f09115cd308bd488aaa,0.6666666666666666,0.0,0.6666666666666666
2690,2f67748533d828a3799f,0.5,0.5,0.0
2690,7370586b60c207f7a731,1.0,1.0,0.0
2691,48270fe348971b3e441a,0.6666666666666666,0.5,0.16666666666666663
2691,78a94afb2e84bcf4b18e,0.5,0.5,0.0
2691,fecbf0dd71890f35c0e2,0.5,0.0,0.5
2692,21e48fe2d1ba9d20b404,1.0,0.0,1.0
2692,8d35d7d2f8dae36f7a6d,0.75,1.0,-0.25
2692,e2efba82c792d3078a59,0.6,1.0,-0.4
2693,9f60943efac46a163f5b,0.5,0.0,0.5
2693,c30aa591bb0afe62cd46,0.4,0.0,0.4
2693,d631faaed44d6efd71ee,0.8,0.5,0.30000000000000004
2694,2883e5a4168cc087ad16,0.5,0.5,0.0
2694,31536e5183aca47c222a,1.0,0.5,0.5
2694,a43c776211cd3b24bd14,0.0,1.0,-1.0
2695,02838100c1d1261a893d,1.0,1.0,0.0
2695,fbf68fcf710d3329126f,0.5,0.0,0.5
2696,12e4eccccd27c2542aa7,0.75,0.5,0.25
2696,1a26c4eb0520f4cfc331,0.5,0.5,0.0
2696,f33ad56a5cd9939a0dbc,0.8571428571428571,0.0,0.8571428571428571
2697,147ec6c73387cfa9d708,0.6666666666666666,0.5,0.16666666666666663
2698,12074c11883e4769699a,0.75,1.0,-0.25
2698,fb90ee9b8e7de7360b5b,0.6666666666666666,0.5,0.16666666666666663
2699,81ba81e25fc069ed624b,0.6666666666666666,0.5,0.16666666666666663
2699,b201d7cadbabf10eb5d5,0.3333333333333333,0.0,0.3333333333333333
2699,d7f9992ea0927813435d,0.6666666666666666,0.5,0.16666666666666663
2700,292198b997946b564f2b,0.3333333333333333,0.0,0.3333333333333333
2700,2b9e9f5d45d4ac800987,0.6666666666666666,0.0,0.6666666666666666
2700,4bd7d1511d29d500df9c,0.3333333333333333,0.5,-0.16666666666666669
2701,5f39842e1e3952e3096f,0.6666666666666666,1.0,-0.33333333333333337
2701,d531f8f2487c64aaf1b7,0.6666666666666666,1.0,-0.33333333333333337
2702,68b4f4aba8e960a54d56,0.6666666666666666,1.0,-0.33333333333333337
2702,7a804cabe6b016d7aac2,0.6666666666666666,0.5,0.16666666666666663
2702,a06583cf15933cb3b17e,0.7777777777777778,0.5,0.2777777777777778
2703,164a0ef104e10de00c79,0.6666666666666666,1.0,-0.33333333333333337
2703,76c87564f9ff8425cb98,0.6,0.5,0.09999999999999998
2704,00ed79a5bc462d9d25d9,0.8333333333333334,1.0,-0.16666666666666663
2704,5ea4c259b87bf7c7f4e4,0.3333333333333333,1.0,-0.6666666666666667
2704,e5a3eec565496aeeca3f,0.5,0.5,0.0
2705,9b93b17db59afa1d4366,1.0,1.0,0.0
2705,c1aad85c07f80dbce362,0.8333333333333334,0.5,0.33333333333333337
2705,cbc2649bd7d7be61fb25,1.0,1.0,0.0
2706,06c7dc3fd8a1a0bf96ce,0.42857142857142855,1.0,-0.5714285714285714
2706,9582f61af60c9694074d,0.6666666666666666,1.0,-0.33333333333333337
2706,ba9dace8abd1db9b10f1,0.6666666666666666,0.0,0.6666666666666666
2707,2a4e41398e6e3e504e21,0.3333333333333333,0.5,-0.16666666666666669
2707,be59775e663f6bda07ea,0.3333333333333333,1.0,-0.6666666666666667
2707,fb94f0bae32c6267268a,0.6666666666666666,0.5,0.16666666666666663
2708,a4018053c60248fd05b8,0.3333333333333333,0.0,0.3333333333333333
2708,c7d9c8d30351b74447b7,0.3333333333333333,0.0,0.3333333333333333
2708,d2ee797423225cd8ee99,0.6666666666666666,0.0,0.6666666666666666
2709,635bc17e91a5c53b5a87,1.0,1.0,0.0
2709,89332ef1f7a09691ba32,1.0,0.5,0.5
2710,255b5d2a023eafa9d1b2,0.2,0.0,0.2
2710,6da2c7074192c0ac9593,0.6666666666666666,0.5,0.16666666666666663
2711,718975ff44907b4b8a6c,0.875,0.0,0.875
2711,aafeefb9c40de97b1290,1.0,0.5,0.5
2711,cfc5e4f8aba6d5f87626,0.8,1.0,-0.19999999999999996
2712,2856addabc9bd4a02a0d,0.75,1.0,-0.25
2712,73ef31ac4d8c1cd68c99,0.75,1.0,-0.25
2712,d6935337a893608f3bcf,0.6666666666666666,0.0,0.6666666666666666
2713,27393b742f18bb33eb0a,0.3333333333333333,1.0,-0.6666666666666667
2713,c2da30dff0b7dfd7dd23,0.25,0.5,-0.25
2713,e5d9fa768088eadb319e,0.3333333333333333,1.0,-0.6666666666666667
2714,3c61372fcc5ca1fe40dc,0.3333333333333333,0.5,-0.16666666666666669
2714,71a0d55ca8b2f464970d,0.3333333333333333,0.5,-0.16666666666666669
2714,b804d3484868ae0b54ac,0.5,0.5,0.0
2715,5286070766b138a1e818,0.6666666666666666,1.0,-0.33333333333333337
2715,592443ef36153f42522a,1.0,1.0,0.0
2715,fb1ad3000d7c10c7fb5e,0.6,0.5,0.09999999999999998
2716,1110b715e7ba22b43c85,0.25,0.0,0.25
2716,6ea8042c6de60433d51a,0.8,1.0,-0.19999999999999996
2716,8428aa04e71fbf238232,0.3333333333333333,0.5,-0.16666666666666669
2717,94e19ef21c1ef0263237,1.0,0.5,0.5
2717,97a6d9ce96fae566f347,0.5,0.0,0.5
2717,e70c6588519b838c7924,1.0,1.0,0.0
2718,2826d6770995235b576c,0.25,0.5,-0.25
2718,4f9b2adfc5c4ca9f7f95,0.5,1.0,-0.5
2718,5b88231a6f105c0349c0,1.0,0.0,1.0
2719,85e38fdfe04b2dd587cc,0.5,0.5,0.0
2719,f06451abbd88f1174195,0.5,1.0,-0.5
2720,45aa8c70738d41712974,0.5,0.5,0.0
2720,d44b631b11fd328706b7,0.75,0.5,0.25
2721,22fd7f8380104f1a167e,0.3333333333333333,0.5,-0.16666666666666669
2721,74435ba31094d87895cf,0.25,0.0,0.25
2721,d1a2ba86d7737abefbc3,0.8,1.0,-0.19999999999999996
2722,4fd8a55b0c2cd4fda2f9,1.0,1.0,0.0
2722,814168a5c6edac54ec4f,0.8,0.0,0.8
2723,748ba39d6ae096e49359,0.6666666666666666,0.0,0.6666666666666666
2723,d27a7e1a227ffac40fb6,0.6666666666666666,0.5,0.16666666666666663
2723,df5582da4d326e595895,0.6666666666666666,0.0,0.6666666666666666
2724,0d9fe20ef335b9c1549d,0.4,1.0,-0.6
2724,c07af1eefaeab07b666d,0.8571428571428571,1.0,-0.1428571428571429
2724,f39c48f69066c9d15410,1.0,0.5,0.5
2725,65a2b742ab7ffc008023,0.5,1.0,-0.5
2725,89901418f829e3e90a93,0.75,1.0,-0.25
2725,e541b25bc89e0b46d4e4,0.6666666666666666,1.0,-0.33333333333333337
2726,0ac9a534c737d7d497b1,0.75,0.5,0.25
2726,8e0bda181cd956659de2,0.75,0.0,0.75
2726,cc1a19af6297dd98171c,0.75,1.0,-0.25
2727,8c385f561d920fe6786f,0.4,0.0,0.4
2727,939cf7263652edd7f006,1.0,1.0,0.0
2727,948501ecd341c4ae3cee,0.3333333333333333,0.5,-0.16666666666666669
2727,9b2c085ad71dfa7cda15,0.3333333333333333,0.5,-0.16666666666666669
2728,4264807dd55fd8acca86,0.8,0.5,0.30000000000000004
2728,432dac89039c31292886,0.4,0.5,-0.09999999999999998
2728,ec253b100a21151ae903,0.6666666666666666,0.5,0.16666666666666663
2729,42afacd0998b11c81e48,0.75,0.5,0.25
2729,6c79937a70c45edb37e4,1.0,1.0,0.0
2729,7b33dd2a7bfa0e719e24,1.0,0.5,0.5
2730,571c2b7e1668a0c60d99,1.0,1.0,0.0
2730,dfe58795a039a590dbc2,0.8571428571428571,0.5,0.3571428571428571
2730,efbbffe78ae01cdceecf,0.75,0.5,0.25
2731,7d4ab121e5d551f6b01a,0.6666666666666666,0.0,0.6666666666666666
2731,7f9dfd733ebe948985b1,1.0,1.0,0.0
2731,ac0da060a17127c74477,1.0,0.5,0.5
2732,0d9867c5b23836ddb1e9,0.4,0.5,-0.09999999999999998
2732,6ef2639aa44361755a33,0.5,1.0,-0.5
2732,8e399367c5a942d977e7,0.75,1.0,-0.25
2733,428b3db04f45d89f87f3,0.5,0.5,0.0
2733,82638e4ba03d0b26ad1f,0.5,0.5,0.0
2733,d781edb557c4580476fb,0.75,0.5,0.25
2734,4201a0c05ef2b64347aa,1.0,0.0,1.0
2734,76ac2b32874858f30234,0.3333333333333333,0.0,0.3333333333333333
2734,da2b6ee14e1c04b25afd,0.5,0.5,0.0
2735,09eb25a1245ea71d833d,0.4,0.0,0.4
2735,458f140fec49f9659c1d,1.0,1.0,0.0
2735,a8f833637d9d98aa32d1,0.3333333333333333,0.5,-0.16666666666666669
2736,5acd66ba06ad971077e9,0.7142857142857143,1.0,-0.2857142857142857
2736,c4fa31c15cc6ba46a91a,0.3333333333333333,1.0,-0.6666666666666667
2736,db77697e62106f97cfb4,0.5,0.5,0.0
2737,6eb569d251620bf18cc2,1.0,0.0,1.0
2737,7aad076843603176b56f,0.5,0.0,0.5
2737,8c004eca767bf19a2909,0.75,1.0,-0.25
2738,6a9c466862feeac2d7dc,1.0,0.5,0.5
2738,d5bdece382c0d0dcd754,0.6666666666666666,1.0,-0.33333333333333337
2738,f7c775785e2c4843f1c0,0.6666666666666666,1.0,-0.33333333333333337
2739,aca6e7741b76e9f85be1,0.75,1.0,-0.25
2739,bf8e64f671689873f261,0.75,0.5,0.25
2740,7993bc0eed2334a1e769,0.7142857142857143,0.0,0.7142857142857143
2740,be9e901063124ef2e449,0.5,1.0,-0.5
2741,543d283c3a401bb3718e,0.6666666666666666,1.0,-0.33333333333333337
2741,58d5a2f7ea3ca0a8f3bb,0.8,0.5,0.30000000000000004
2741,f84352a81591ea3a471a,0.4,0.0,0.4
2742,67008f4ed10345eecd4a,0.875,1.0,-0.125
2743,e94212e28d0c51949952,1.0,0.5,0.5
2744,b240f179d8af4ecb2d55,0.5,1.0,-0.5
2744,de61a05975b040f7e08e,0.5,0.5,0.0
2744,f066cf387ce9b47b404b,0.3333333333333333,0.5,-0.16666666666666669
2745,1576605176900bd15dee,0.7272727272727273,0.0,0.7272727272727273
2745,e07f3d4ce7fd31699448,0.75,0.5,0.25
2746,86f3f37940818d2a295b,1.0,0.5,0.5
2746,b3e993c572ccb691ca56,0.75,0.0,0.75
2746,d9a8045e614ceaead292,1.0,0.5,0.5
2747,3e7f3f28c19272f80936,0.75,0.5,0.25
2747,58d2e3bb98263fbe64e8,0.5,0.5,0.0
2747,f0730f33d08609c6b39b,0.625,1.0,-0.375
2748,d436478fe7d5409a0cc5,0.6666666666666666,0.5,0.16666666666666663
2749,04debc335ac25286d4c9,0.6666666666666666,0.5,0.16666666666666663
2749,ad98b372c8443d0f2a81,0.6666666666666666,1.0,-0.33333333333333337
2749,fbfe6c1a595af31b6923,0.5714285714285714,0.5,0.0714285714285714
2750,7e98957a241f766dd704,0.4,1.0,-0.6
2751,54a81487c7e6b7024973,0.5,0.5,0.0
2751,5de6cb0e1faa850c5dab,0.5,0.5,0.0
2751,a77cf53445205fbcff18,1.0,0.5,0.5
2752,be42d99fb41994ff87c4,0.5,0.5,0.0
2752,e049923e4b680fb0b978,0.8,0.0,0.8
2753,34c48caa7ec7560784d2,0.7,0.0,0.7
2753,b0ecc0bb55fa703a588a,0.25,0.5,-0.25
2754,ba05b99bda090af8601b,0.7142857142857143,0.5,0.2142857142857143
2754,f57979bdf9a7a9229cf8,0.4,0.5,-0.09999999999999998
2755,0b6d141ab765e4cb1f38,0.75,0.5,0.25
2755,86ec338b04331185dd39,1.0,0.5,0.5
2755,e37de65609b22410b47b,0.6666666666666666,0.5,0.16666666666666663
2756,5419b60bc2ec558d9748,0.8333333333333334,1.0,-0.16666666666666663
2756,548e46f3b35db74aa026,0.5,1.0,-0.5
2756,73e3e96aa5291737fe1b,0.5,0.5,0.0
2757,6ae43e8139a0d8e5d947,0.75,0.0,0.75
2757,f0df9b1b542b6ff42329,0.8571428571428571,0.0,0.8571428571428571
2758,0f668b9998562e6ae8a5,0.6666666666666666,0.0,0.6666666666666666
2758,31a63a3f04440de62a24,0.6666666666666666,0.0,0.6666666666666666
2759,371261eff6156a5df72e,1.0,0.5,0.5
2759,6b64f77aa21356b3066e,0.6666666666666666,0.0,0.6666666666666666
2759,e7356d0eb7927a607ec2,0.8181818181818182,0.5,0.31818181818181823
2760,22f7296e24ed82b2c6f1,0.5714285714285714,0.5,0.0714285714285714
2760,9befc3aa3600844ad980,0.6666666666666666,0.5,0.16666666666666663
2761,3c1ed7f8c6626efb174e,0.3333333333333333,0.5,-0.16666666666666669
2761,7132111294638e00ce29,0.5,0.5,0.0
2762,550eee9c9919a9ae0e46,0.5,1.0,-0.5
2762,c4ea68903eb86731dc6b,0.8333333333333334,0.0,0.8333333333333334
2762,d82604e936d8ae5daf9f,0.6666666666666666,1.0,-0.33333333333333337
2763,0318c8a1a2fb4686f31e,0.8571428571428571,0.5,0.3571428571428571
2763,ddf5387c4a8bf9c6c4f4,0.6,1.0,-0.4
2763,e6553a8e541209379b31,0.8333333333333334,0.5,0.33333333333333337
2764,0804fd1c171cc6853e46,0.4,1.0,-0.6
2764,73da3f05d9aed0f6d725,1.0,1.0,0.0
2764,f18dbf90dc54c8e082f6,0.42857142857142855,1.0,-0.5714285714285714
2765,7830132aee6bfb563321,0.0,0.0,0.0
2765,e0f8d0fcc129a2f3c6b0,0.0,0.5,-0.5
2766,5f77a358277513e766b8,0.8571428571428571,0.0,0.8571428571428571
2766,699a186c570e170a5c64,0.8333333333333334,1.0,-0.16666666666666663
2766,6befe06dab305d5d6fc7,0.75,0.5,0.25
2767,1d0b830a039708e5be1c,1.0,1.0,0.0
2767,4a01ce393b2ced55d3c0,0.7142857142857143,0.5,0.2142857142857143
2767,a65f7d7060aeaf8f72cf,0.6666666666666666,0.5,0.16666666666666663
2768,28bcf17c4431d04286c9,0.3333333333333333,0.5,-0.16666666666666669
2768,7923429e88ab70b1a3b7,1.0,0.5,0.5
2768,92f41a5384c757755497,0.6,0.5,0.09999999999999998
2769,ccbc91df1cf6c8aa8b08,1.0,0.5,0.5
2769,d2007f089d72e69d8c2a,1.0,0.0,1.0
2769,e2ceba3bfa87c14c80bd,0.3333333333333333,0.0,0.3333333333333333
2770,269ba11c8630651a7f72,0.6666666666666666,0.0,0.6666666666666666
2770,735664f1d2c4896f82e7,0.7777777777777778,0.5,0.2777777777777778
2770,9036d05e84b2dd737397,0.75,0.5,0.25
2770,dfacbae6286e29051601,0.3333333333333333,0.0,0.3333333333333333
2770,f4efbcbd0da864d44e5f,0.6,1.0,-0.4
2771,1d7f2f70e0198bba74a2,0.7142857142857143,0.5,0.2142857142857143
2771,2aba3b52a02054f7bd6c,0.3333333333333333,0.5,-0.16666666666666669
2772,7a3ccae137f75c25f0aa,0.3333333333333333,1.0,-0.6666666666666667
2772,c052f7305df4e5934d8d,0.42857142857142855,0.0,0.42857142857142855
2772,d84764cbd044bd637a52,0.2,0.0,0.2
2773,a489ab093acfdc4f7192,0.6,0.5,0.09999999999999998
2773,acb36556328c6bafe145,0.8,0.5,0.30000000000000004
2773,f61387d56f0b7dea8e4f,0.5,1.0,-0.5
2774,89ce0ff0c633765c0af0,0.75,1.0,-0.25
2774,9b0ae34c5d12e87d7c41,0.7272727272727273,1.0,-0.2727272727272727
2775,2faa2d506aec94376394,0.6,0.5,0.09999999999999998
2775,6b23a0e218721aa5700d,0.6,1.0,-0.4
2775,989087e28bd58cc77512,0.8,0.0,0.8
2776,0a4cf5082cbaf6d5c967,0.3333333333333333,1.0,-0.6666666666666667
2776,1e07ba77bb5bb41b8bc7,0.75,0.0,0.75
2776,d03ed05e6145d32989f5,0.5555555555555556,1.0,-0.4444444444444444
2777,051a61dca8590d2a79e8,1.0,1.0,0.0
2777,632f6ce309b11b6f5d41,1.0,1.0,0.0
2777,d08d237f512f9a1bfbcf,1.0,0.5,0.5
2778,4703fe5c1c57a660f450,0.6666666666666666,1.0,-0.33333333333333337
2778,cbe30607328b72f33219,1.0,0.5,0.5
2778,fcfe0f38b45ef3e5c713,0.7142857142857143,0.0,0.7142857142857143
2779,5e82ee30f86ba2be4cb8,0.8,0.5,0.30000000000000004
2779,6f013821f6cad310a998,1.0,0.5,0.5
2779,735959b5f6a96e15aed4,1.0,0.0,1.0
2780,4e2242f03e5f8ca240c5,0.5,0.0,0.5
2780,e99be948608659ca81eb,0.625,0.0,0.625
2780,f2d3d60568ee893133f5,1.0,0.5,0.5
2781,523e202f280f88a831d7,0.8,0.5,0.30000000000000004
2781,c0c0ab7707e1721aee83,0.5,0.0,0.5
2781,fd6cd6ce745ea3fd9d03,0.75,0.0,0.75
2783,393609c798faab56bce4,0.6,1.0,-0.4
2783,856a9608c641c24941eb,0.5,0.5,0.0
2783,d2dbd76dd640017a5d37,0.5,1.0,-0.5
2784,3a0e5c21c8972af2b592,0.6666666666666666,0.5,0.16666666666666663
2784,79c8053f3d5aa216215b,1.0,0.0,1.0
2784,8af860c04aa966cae50d,1.0,0.5,0.5
2785,2be225b8bac989dca30e,0.8,1.0,-0.19999999999999996
2785,a51802479997408ab1c3,0.75,0.5,0.25
2785,ec2098f8cebd851d42ce,0.8571428571428571,1.0,-0.1428571428571429
2786,0c5b3e63d59fa258aeac,0.8,0.5,0.30000000000000004
2786,3d90409d56e29f2a0432,0.5714285714285714,0.5,0.0714285714285714
2786,7cc50f46dc6bdc71afff,0.7142857142857143,0.0,0.7142857142857143
2787,28a19deea4c5b09f233e,1.0,0.0,1.0
2787,738fcd4c95fdc42e16d9,1.0,1.0,0.0
2787,8c3f3fe2e6f4f430aabb,1.0,0.5,0.5
2788,0cf3c0df47ec54920cf1,0.4,1.0,-0.6
2788,a9c926421e37c8599465,1.0,0.0,1.0
2788,dc1f1a5c9ed27d69cbcb,1.0,1.0,0.0
2789,77071317b57175a815dc,0.8,0.5,0.30000000000000004
2789,e2514becb914231c1b44,0.6,0.0,0.6
2790,57f10eba825feb381f3d,0.5,1.0,-0.5
2790,763aa5108c54ffb5b6c9,0.6666666666666666,1.0,-0.33333333333333337
2790,99a36122cbc2c841e32c,0.6666666666666666,1.0,-0.33333333333333337
2791,6a1d12cdb8c5a8fd4e40,0.6666666666666666,0.5,0.16666666666666663
2791,94ccdf2075853076a6c6,0.5,0.0,0.5
2791,d9f0355283f6421b244f,0.5,0.5,0.0
2792,34518d101796881ccd98,0.6666666666666666,1.0,-0.33333333333333337
2792,7b71d76ffd28bc03c9b9,0.4,1.0,-0.6
2792,cb243f205fab4fdb912b,0.6,1.0,-0.4
2793,47b5a26e67a677f2d90c,0.5,0.5,0.0
2794,673db550c25f3b831080,1.0,1.0,0.0
2794,d8f52aeb41cd9984221c,0.25,0.5,-0.25
2795,5d897603d24d123e8d95,0.8,1.0,-0.19999999999999996
2795,5fca76f310bfb30e9193,1.0,0.5,0.5
2795,93359c9a10fdb2eb1bb0,1.0,1.0,0.0
2796,1d30616d06c7c23a175b,0.5,1.0,-0.5
2796,f26cdce6b0ed48db34a0,0.5,1.0,-0.5
2797,9b7bc0679cb9c261cbf6,0.3333333333333333,1.0,-0.6666666666666667
2797,a695d766dd3028018089,0.5,0.0,0.5
2797,b1aa91a8144f557e64a1,0.6,1.0,-0.4
2798,6584d89b6aa1a61cc7fa,0.5,0.5,0.0
2798,6d7b856a90616e52e673,0.6,0.5,0.09999999999999998
2798,7082e19c27786081a03f,1.0,0.0,1.0
2799,11ac55b71542c67c7c4f,0.3333333333333333,0.0,0.3333333333333333
2799,8a68d4cd70ce1ddf2292,0.3333333333333333,0.5,-0.16666666666666669
2799,ca4394043199d9766748,0.5,0.5,0.0
2800,20a71d88c0a61a871614,0.75,0.5,0.25
2800,4e1a0a5ee61c4bc82c6f,0.6363636363636364,0.5,0.13636363636363635
2800,e8b2dafe2c515f395b38,0.3333333333333333,1.0,-0.6666666666666667
2801,190f6adbee0099bba2ed,1.0,1.0,0.0
2801,3dc3c700f209cce028d2,1.0,1.0,0.0
2801,b9dd020f227ec86f9629,0.625,1.0,-0.375
2802,7d0fa20c1c4c943cb98a,0.3333333333333333,0.5,-0.16666666666666669
2802,a8c6d8a2b98cb38b091a,0.6666666666666666,0.5,0.16666666666666663
2802,edc9d1a86036ae169c81,0.3333333333333333,1.0,-0.6666666666666667
2803,13dd8ac659bee9ea9d9a,0.8571428571428571,0.5,0.3571428571428571
2803,300e2486d8706db595f8,0.5,0.5,0.0
2803,e8e58cf15f2acd58bc2c,0.6,0.5,0.09999999999999998
2804,14765c9defd7676bd1ae,0.6666666666666666,1.0,-0.33333333333333337
2804,6e9c0d8dff31a1f93c9f,0.7,0.5,0.19999999999999996
2804,995be8e1c91c8a09d9f2,0.7142857142857143,0.5,0.2142857142857143
2804,eebedf23d997ad232892,0.6,1.0,-0.4
2805,986dbd68729c9e15e84d,0.75,0.0,0.75
2805,9913bd0a63598ae0bd47,0.6666666666666666,0.0,0.6666666666666666
2805,f8f49cc9d3478ea31745,0.6,1.0,-0.4
2806,341728d0b6799d5bdb76,1.0,0.5,0.5
2806,baf86a8fab54a6fb2480,1.0,0.5,0.5
2806,faaf5299b048c8bdcea2,0.6,0.0,0.6
2807,1361bf0057455eed5f66,0.5,0.5,0.0
2807,44ef68bc51c51aa1f64c,0.8,1.0,-0.19999999999999996
2807,9bc10ef6c7377491bf81,0.75,1.0,-0.25
2808,2ef3dcdd0c676a2b4ca1,0.6666666666666666,0.5,0.16666666666666663
2808,7b9df513a87dd20f46bf,0.8,0.0,0.8
2808,bd8792e74298b19cfd7b,0.3333333333333333,1.0,-0.6666666666666667
2809,755a5fafe9772feb4fbc,0.6,1.0,-0.4
2809,c08d5ab27b3c04a8f1fe,1.0,0.5,0.5
2809,f8728079396e5fd67cff,1.0,1.0,0.0
2810,2fbc463cd5f8ab1e28c6,0.8,1.0,-0.19999999999999996
2810,924570cabc179efc5267,0.7142857142857143,1.0,-0.2857142857142857
2810,f0c5e974f4b2ceebf3a3,0.5,0.0,0.5
2811,a77b103ca178faee6771,0.75,1.0,-0.25
2811,b7e83a86444e451f7dd4,1.0,0.5,0.5
2811,dd6a438cc6c0ed61b79a,1.0,1.0,0.0
2812,e56e5f6c7cebdd244f1c,0.75,0.0,0.75
2813,2ffebe78e7a3501e1d9f,0.5,0.5,0.0
2813,4282b2e6310bf490b3a4,0.5714285714285714,0.5,0.0714285714285714
2813,61f22d742e5f1cc5f64d,0.7142857142857143,0.5,0.2142857142857143
2814,93076d0a87a8f96683be,1.0,0.5,0.5
2814,a9f56a5c366fd16d7edf,1.0,0.5,0.5
2814,fd38af116cb339464420,0.3333333333333333,0.5,-0.16666666666666669
2815,56ec0c36eabc646723fe,0.5714285714285714,0.5,0.0714285714285714
2815,97f3a3934b427d122519,0.5,0.0,0.5
2816,56e1b98de684f362ceea,1.0,1.0,0.0
2816,95838468284a0bd06fa9,1.0,0.5,0.5
2816,f4018159408283202e27,0.6,0.5,0.09999999999999998
2817,8fbbdb9bdad805b4c4c2,0.3333333333333333,0.5,-0.16666666666666669
2817,d483147f1b7bc38a0154,0.75,0.0,0.75
2817,f243bc1cedd884b0833b,0.3333333333333333,1.0,-0.6666666666666667
2818,2502a46ba9ff77690105,0.5,1.0,-0.5
2818,a1951d7c194027a110f5,1.0,1.0,0.0
2818,fbbd28bceb3eb81addc6,0.6666666666666666,0.5,0.16666666666666663
2819,0a5de5bdb33b27b2472c,0.6,1.0,-0.4
2819,c22fb6af21224d3b37f3,0.6,1.0,-0.4
2819,eaf80fc9fa92a1b7fc84,0.6666666666666666,0.0,0.6666666666666666
2820,09ea137af73d125bd834,1.0,0.5,0.5
2820,227036a725f3f27660b0,0.3333333333333333,0.5,-0.16666666666666669
2820,64e17b0718f2d53b8dbe,0.3333333333333333,1.0,-0.6666666666666667
2821,5d7ee5016075797023c3,0.3333333333333333,1.0,-0.6666666666666667
2821,d5bbab8c843bf37d052b,0.6666666666666666,0.5,0.16666666666666663
2821,eabdf9e8c391d30a0913,0.6666666666666666,1.0,-0.33333333333333337
2822,52b2faa6c207bc397fc1,0.5,0.5,0.0
2822,b3a39f1e4b284658547d,0.3333333333333333,0.0,0.3333333333333333
2822,d3e225f424289d72a93f,0.6,1.0,-0.4
2823,9cc78998e1dee343b28e,1.0,0.5,0.5
2823,bcc9990b729277703978,0.6,0.5,0.09999999999999998
2823,f6c4be524b0d7ba2322b,0.75,1.0,-0.25
2824,197ad9eeedbae9d28bb3,0.6,1.0,-0.4
2825,2a0ec80155e370934870,0.3333333333333333,1.0,-0.6666666666666667
2825,f90e9aac52f1fd3b6f55,0.5,1.0,-0.5
2826,520aa7451c48709fa290,0.6666666666666666,0.5,0.16666666666666663
2826,d416505fc6b55eeb23c8,1.0,1.0,0.0
2826,d7e5da726fa030811fcc,0.6666666666666666,0.5,0.16666666666666663
2827,0590f1427b6d43a09925,0.6666666666666666,0.5,0.16666666666666663
2827,473b3ab66afd293a8a42,0.6,1.0,-0.4
2827,9522d667ffb2c4aa6f75,0.5,0.0,0.5
2828,6c30717da436de671177,0.3333333333333333,0.5,-0.16666666666666669
2828,79d37f598265acf3c93b,1.0,0.5,0.5
2829,099990757a949cca498c,0.5,1.0,-0.5
2829,89cffd527d8c3ef27501,1.0,0.5,0.5
2829,dcbcac4f009dbbac2878,0.6666666666666666,0.5,0.16666666666666663
2831,259fd7798a204e1e2d89,1.0,0.5,0.5
2831,87b4e2aa55d56876731b,1.0,0.5,0.5
2832,3ee40d254ffb7dfa9c62,0.9,0.0,0.9
2832,f178752228bfedbc6b5d,1.0,0.0,1.0
2832,f66e506087ff11076d5f,0.4,1.0,-0.6
2833,0dab9430bf382b71bbb1,0.3333333333333333,1.0,-0.6666666666666667
2833,2e74b3e5813d20561559,0.3333333333333333,0.5,-0.16666666666666669
2833,68042fd8ad567875c70d,1.0,0.5,0.5
2834,63e2c0599b221784b9a0,0.6666666666666666,0.0,0.6666666666666666
2834,7d113321e9ab3797b124,0.42857142857142855,1.0,-0.5714285714285714
2834,928fa9327f1e5b4ec31f,0.3333333333333333,0.5,-0.16666666666666669
2835,8e32635b7105137ead8d,0.5,1.0,-0.5
2835,c0f4134ffa2c6c276690,0.6666666666666666,0.5,0.16666666666666663
2835,e86d91e45c4651c2f4c9,0.25,0.5,-0.25
2836,389350a2a238321f3696,0.75,0.5,0.25
2836,874a258b8b8b27d5b209,0.8333333333333334,0.5,0.33333333333333337
2836,cca741861f2c07d6d333,1.0,1.0,0.0
2837,2b93bd877e074d5196d6,1.0,1.0,0.0
2837,32b2ca6b71626bf70e49,0.3333333333333333,1.0,-0.6666666666666667
2837,65312a8954dd3b630f9b,0.6666666666666666,0.5,0.16666666666666663
2838,70d9cc9f1a99437fa646,0.6666666666666666,0.5,0.16666666666666663
2838,d8230278f888ea111817,0.5,1.0,-0.5
2838,ff53d47f72e331efd662,0.3333333333333333,0.5,-0.16666666666666669
2839,4207045a764078166aa6,0.3333333333333333,0.5,-0.16666666666666669
2839,5fcee9613b0997d16dae,1.0,0.5,0.5
2839,d116a388da420be204d3,0.5,0.5,0.0
2840,95fc207ec4452aeb8b99,0.3333333333333333,0.5,-0.16666666666666669
2840,96fb2afc38d6f5cf1a03,0.6666666666666666,1.0,-0.33333333333333337
2840,990c4677347940c2d6c7,0.6666666666666666,1.0,-0.33333333333333337
2841,6079fd9f154011492d0b,0.3333333333333333,0.0,0.3333333333333333
2841,92377deabf6f84791050,0.6666666666666666,0.5,0.16666666666666663
2841,fea3a9301722083b4a1d,0.5,0.5,0.0
2842,48330b437425fb176878,1.0,0.5,0.5
2842,cf6cdc929f1572fe722e,0.6666666666666666,0.0,0.6666666666666666
2842,e537305388caff291047,0.3333333333333333,0.5,-0.16666666666666669
2843,93295714cfe118b46c1c,0.6,0.5,0.09999999999999998
2843,d612054c427850e11ed3,0.8571428571428571,0.0,0.8571428571428571
2843,f131ddb25b192870f4cc,0.8333333333333334,0.5,0.33333333333333337
2844,6a4cce50642735a07d24,0.75,1.0,-0.25
2844,b94b1594c9fedf93e499,0.5,0.0,0.5
2844,d8e896d6c28cf4b5fe67,1.0,1.0,0.0
2845,dc9f76d7d4866ba8eaa8,1.0,0.0,1.0
2846,0ea46881f942ffeabff7,0.3333333333333333,0.0,0.3333333333333333
2846,1d3db0326a671a52dd42,0.6666666666666666,0.0,0.6666666666666666
2846,24178644ce6241e331e0,0.3333333333333333,1.0,-0.6666666666666667
2847,0d26045561972c43b418,0.75,0.0,0.75
2847,df0e5f5a2c96f2775624,0.5,1.0,-0.5
2847,f0c5d95e26c5ae90001b,0.6666666666666666,0.0,0.6666666666666666
2848,b989ad48a0a8e92458ce,0.6666666666666666,0.0,0.6666666666666666
2848,cd17985c1991007ac275,0.75,0.5,0.25
2848,f2eda657ac31f43cbb64,1.0,0.5,0.5
2849,bb745f5d61cce3f82753,0.6666666666666666,1.0,-0.33333333333333337
2850,01f86a12f7a7b22c0790,0.4,0.5,-0.09999999999999998
2850,30fe33a40ec637490e69,0.6666666666666666,0.5,0.16666666666666663
2850,b1064b52ef1dead35d76,0.6666666666666666,0.5,0.16666666666666663
2851,157682cb84f985b75b5e,0.6,0.0,0.6
2851,b4ef1b964e4ce7a074d0,0.75,0.5,0.25
2851,c5e4186a8a2a3c8aa439,0.6,1.0,-0.4
2852,a33e60080d8ee330b01c,0.6,1.0,-0.4
2852,b190efe7e3e2f72a0a4a,0.75,0.5,0.25
2853,9a0ea90649ba7f0de0ec,0.5,1.0,-0.5
2854,9dbb6276e8dbefde2ae0,0.5,0.5,0.0
2854,a4a531b15a59fe25e906,0.75,0.5,0.25
2854,fd7d0308aca35b3374fb,0.8,0.5,0.30000000000000004
2855,08420f07c5bef20892a1,0.6666666666666666,0.5,0.16666666666666663
2855,edd0abc5bdbea652d9db,0.6666666666666666,0.5,0.16666666666666663
2855,fb2dd9d08dfd1b66ea6b,0.3333333333333333,1.0,-0.6666666666666667
2856,18ad70b66362fe324186,0.3333333333333333,0.5,-0.16666666666666669
2856,23c8a31f9b86b6412dd6,0.5,1.0,-0.5
2856,57292fee7864391a63e7,0.3333333333333333,0.5,-0.16666666666666669
2857,429d2482baa673b5beac,0.5,0.0,0.5
2857,bd126ecc28a22eb2d2e6,0.6,0.0,0.6
2857,e0c6d14d6f56b7fd6054,0.5,0.5,0.0
2858,0250d258ca81a910397f,0.3333333333333333,0.0,0.3333333333333333
2858,0719d605bd6266bc4c6d,0.6,0.5,0.09999999999999998
2858,93ae7795e329cacd7284,0.6666666666666666,0.0,0.6666666666666666
2859,53aeb2be38528f96d94b,1.0,0.0,1.0
2859,cbde4a1988091bd07c63,0.75,0.0,0.75
2860,0259a96e06f0534229b4,1.0,1.0,0.0
2860,47e3b7990330364e8740,0.4,1.0,-0.6
2861,202801b1a2dadf973547,1.0,0.5,0.5
2861,9249340f142eb3d10552,0.3333333333333333,0.0,0.3333333333333333
2861,d128d477e3da68634b43,0.6666666666666666,1.0,-0.33333333333333337
2862,36dac823aed51ed06b93,0.3333333333333333,1.0,-0.6666666666666667
2862,9df9d52c5d1a2b8f411c,0.6666666666666666,0.5,0.16666666666666663
2862,c5c0dc825f42429dda6a,0.6666666666666666,1.0,-0.33333333333333337
2863,1c701260ecfc633ae532,0.6666666666666666,0.0,0.6666666666666666
2863,69df5a04c2957e7e6e7f,0.0,0.5,-0.5
2863,b77be83972a336283686,0.0,1.0,-1.0
2864,0ac12f185f3534c0e07f,0.5,0.5,0.0
2864,0ff1723873b45d9e8a64,0.3333333333333333,1.0,-0.6666666666666667
2864,f8e1900c1bf9b7110ca9,0.6666666666666666,1.0,-0.33333333333333337
2865,4645eb8941641e3a7bd3,0.6,0.5,0.09999999999999998
2865,d93df2e47e68e6d96628,0.6666666666666666,0.5,0.16666666666666663
2865,e6de2fe0c326e74bc25c,0.75,0.5,0.25
2866,774890e27e2bfa002468,0.3333333333333333,0.5,-0.16666666666666669
2866,8cfdf84e703192b95686,0.3333333333333333,0.5,-0.16666666666666669
2866,c8ae570a8e5be8279407,0.3333333333333333,0.0,0.3333333333333333
2867,35d10b719698cb3283ca,0.3333333333333333,0.0,0.3333333333333333
2867,d1523a9150c9862a77bf,0.3333333333333333,1.0,-0.6666666666666667
2867,f75d810db39c8d12cfe0,1.0,1.0,0.0
2868,2166e6e2c0dbf3ef97df,1.0,1.0,0.0
2868,2b65347fc1c5136d7f96,0.75,0.0,0.75
2868,96780d7bb0c440b4157d,1.0,1.0,0.0
2869,023b4d9542054777d459,0.3333333333333333,1.0,-0.6666666666666667
2869,2b606a921ba77bad7c1d,1.0,1.0,0.0
2869,e8c37f0f74e2af3595eb,0.5,0.5,0.0
2871,188de44652fe31900275,0.5,0.0,0.5
2871,88898072d32116a51882,0.25,0.0,0.25
2871,aaefc3a80f9adc845ad0,0.2,0.0,0.2
2872,0f691a8f13320a909142,0.5,0.5,0.0
2872,72d72db7d9bc5a236369,0.5714285714285714,0.5,0.0714285714285714
2872,d03027917f0eb394a2e7,0.6,0.0,0.6
2873,69e84cc5b865b7c01bca,0.75,1.0,-0.25
2873,a47652d69a42c79aa205,0.75,1.0,-0.25
2873,d752d29615a42e259c03,0.8888888888888888,0.5,0.38888888888888884
2874,456f71aafdaf6c7e535f,0.75,1.0,-0.25
2874,af2543a0cb83006632cb,0.75,0.5,0.25
2874,d8af2bb21160e27f8592,1.0,1.0,0.0
2875,4c0805551a2c712f7745,1.0,0.5,0.5
2875,da777da6afa85e520d71,0.6666666666666666,0.5,0.16666666666666663
2875,f58ce1266c56889e03ab,0.6666666666666666,0.5,0.16666666666666663
2876,a5a08e1190f9750c63ac,0.6,0.0,0.6
2876,bb44546907072bffb77c,0.75,0.0,0.75
2876,e536f01913fa16bccbab,1.0,0.5,0.5
2877,1c4e4e10712ade3324df,1.0,0.5,0.5
2877,4e2e44c3ffdc11734296,0.875,1.0,-0.125
2877,518748dfc0929ab84df9,0.4,0.0,0.4
2878,630d406ef1e19f4d46d2,0.5,0.0,0.5
2878,9575fac2f4d63fc5f076,0.3333333333333333,0.5,-0.16666666666666669
2879,79be667fe2a6a922c16f,1.0,0.0,1.0
2879,aaf5f25c9c36541a0cc6,0.6666666666666666,1.0,-0.33333333333333337
2879,fad88a2b5e6d0f0a4988,1.0,0.0,1.0
2880,308bfa12ac17b0ffa709,0.6666666666666666,0.5,0.16666666666666663
2880,8ea4868179c84d609803,0.4,0.5,-0.09999999999999998
2880,a956db79afa15811d0f4,0.7777777777777778,1.0,-0.2222222222222222
2881,16428f4dd98a97cc5602,0.3333333333333333,0.5,-0.16666666666666669
2881,76619f20b22622c1bb28,0.5,1.0,-0.5
2881,864662180ef0a1b6aa9a,0.3333333333333333,0.5,-0.16666666666666669
2882,696f84d716da22b72bd6,0.8,0.5,0.30000000000000004
2882,6ebb5c7bfeb39de1b1cd,0.3333333333333333,1.0,-0.6666666666666667
2882,97a7a396e6f29073ba3e,0.8,0.5,0.30000000000000004
2883,b2005c5d92300b07c868,0.5555555555555556,0.0,0.5555555555555556
2883,d20851a5e228ebb26edb,0.5,1.0,-0.5
2883,d4726ca60882f3cc6302,1.0,0.5,0.5
2884,83cad3b93336db480f7d,0.6,0.5,0.09999999999999998
2884,af49271929517eb5c364,0.5,0.0,0.5
2884,f4f407ded89135f40f33,0.6666666666666666,0.0,0.6666666666666666
2885,3bccf99f0b95ab700b8a,0.6666666666666666,0.5,0.16666666666666663
2885,55c58b27cdd1cb550c8b,0.3333333333333333,1.0,-0.6666666666666667
2885,b3b826084b857b414c03,0.3333333333333333,0.5,-0.16666666666666669
2886,65b6547524e28196bc68,0.8571428571428571,0.0,0.8571428571428571
2886,6b7c83845506ecd0d502,0.4,0.5,-0.09999999999999998
2886,bed6d3127304b1ceeec2,0.6,1.0,-0.4
2887,1f4f56dea5a6d0cb615b,0.8,1.0,-0.19999999999999996
2887,a275be264a980b328594,1.0,1.0,0.0
2887,a8792122f0be7e3bd74b,0.9,0.5,0.4
2888,64ad17bb7b42af288c52,0.75,0.5,0.25
2888,8c60ae690ab4e8de27c5,1.0,0.5,0.5
2889,7cf39e1a27b24bdfa31f,0.8461538461538461,0.5,0.34615384615384615
2889,7ffb1329828fd59b68c9,0.6,1.0,-0.4
2889,a0c41214170478dca5ee,0.5714285714285714,1.0,-0.4285714285714286
2890,0dd83946653c6df298ee,0.6363636363636364,0.0,0.6363636363636364
2890,86302db37ffcd1a1092b,0.75,0.5,0.25
2890,b30d60a218fcc294e978,0.625,0.5,0.125
2891,067240086daa4fa8203d,0.3333333333333333,0.5,-0.16666666666666669
2891,420fa067c43ebccf91f1,0.7142857142857143,1.0,-0.2857142857142857
2891,7feb8317e13e353608fe,0.6,0.5,0.09999999999999998
2892,136e10fd8d7f56d2de5e,1.0,1.0,0.0
2892,3d88faf7fd45220825ed,0.75,1.0,-0.25
2892,85ed1e4f9c8ab659f5d8,0.6666666666666666,0.5,0.16666666666666663
2893,3575ccfb7ed69b568146,0.6666666666666666,0.5,0.16666666666666663
2893,4659da63ef634fc82dd3,0.3333333333333333,0.5,-0.16666666666666669
2893,4fa46276a49c2d121fc1,0.6666666666666666,1.0,-0.33333333333333337
2894,3cbf3472cef10c817567,0.0,0.5,-0.5
2894,a858c808025a9d1ef4f8,0.3333333333333333,0.5,-0.16666666666666669
2894,fea20ff311e69bd9bdfb,0.3333333333333333,0.0,0.3333333333333333
2895,1512e7b2eb0f7b3e6785,0.5,0.5,0.0
2895,a38249d794a579d4027b,0.3333333333333333,1.0,-0.6666666666666667
2895,c94e75ccab0aff730391,1.0,1.0,0.0
2896,612f5d745be1360c6f6d,1.0,1.0,0.0
2896,924a4bab62a141e44562,0.5,0.0,0.5
2896,d11c62a6315594341ef2,0.5,0.0,0.5
2898,57a32edac684a948be64,0.6666666666666666,0.0,0.6666666666666666
2898,8a2a77cf37b0f988acb1,0.75,1.0,-0.25
2898,9a1f8678d20896e680d7,0.6,0.5,0.09999999999999998
2899,172f44dec1efe73383af,0.5,1.0,-0.5
2899,94877389ca1ea70f96f0,0.0,1.0,-1.0
2899,b32307b68dcdc821c1ff,0.8,0.5,0.30000000000000004
2900,1d0866fdd8996633d767,0.3333333333333333,1.0,-0.6666666666666667
2900,5123c40ca60ddb96a953,0.6666666666666666,0.0,0.6666666666666666
2900,847c8eaacfcb9aa79adf,0.3333333333333333,0.5,-0.16666666666666669
2901,5cf09fc31038cb34266b,0.3333333333333333,0.5,-0.16666666666666669
2901,8b50c81be00cb8a574ea,0.0,0.5,-0.5
2901,94837c1ae05c27e6c3b1,0.5,0.0,0.5
2902,0c5863a7d63dd11698f1,0.4,0.5,-0.09999999999999998
2902,5553eadf14109d86347a,0.8,1.0,-0.19999999999999996
2902,5c2dd367f425a751db7a,0.6,1.0,-0.4
2903,4ac9ea0bf284b7786e06,0.6,0.5,0.09999999999999998
2903,6bb1421b4549cc558b8c,0.6,1.0,-0.4
2903,d69d77067c2a2f7d93bc,0.6,0.0,0.6
2904,07c9be1c4e9de0a392aa,1.0,0.5,0.5
2904,d04ce32493ce4a8c1984,0.5714285714285714,0.0,0.5714285714285714
2904,f83cd2a70de8d6e87a6f,1.0,1.0,0.0
2905,abb40dfb28f14108a8f8,0.7272727272727273,0.5,0.2272727272727273
2906,2011d2493af3b5f00566,1.0,0.5,0.5
2906,527dd304c9989831ef39,0.75,0.5,0.25
2906,80cf5a36549bcb159200,0.6666666666666666,0.5,0.16666666666666663
2907,0ea62456a299ed18de4d,0.6,1.0,-0.4
2907,3a96ff9ada48a027867c,0.6666666666666666,0.5,0.16666666666666663
2907,e14acdf955ee2a845745,1.0,0.5,0.5
2908,2b5b93906f04d560ace2,0.6,1.0,-0.4
2909,27292ddee0375a15c574,0.4,0.0,0.4
2909,aafa77efe66579abe256,0.6666666666666666,1.0,-0.33333333333333337
2909,ca97bc17bf67d2dc8ec1,1.0,0.0,1.0
2910,02fc60ed86ed848d75aa,0.6666666666666666,0.5,0.16666666666666663
2910,a8191376e29bc5cf1da8,1.0,0.5,0.5
2910,b6f07ca466598a4405f5,1.0,0.5,0.5
2911,3879416afd27b210e82d,1.0,1.0,0.0
2911,3926665c642b6e6bc575,0.5,0.0,0.5
2911,5005d7ad9e2a7a75486f,0.5,0.0,0.5
2913,810177b82eb27a8f4275,0.3333333333333333,0.5,-0.16666666666666669
2913,be0f566360b327fb409a,0.0,0.0,0.0
2913,c92eaec4e80a170268f9,0.75,0.0,0.75
2914,3f359703d3ad003020d5,0.5,0.5,0.0
2914,fc6ab8d5f3a1cc02e960,0.0,1.0,-1.0
2914,ffc53c9716478998a93a,0.0,0.5,-0.5
2916,1f44ab61ca88f1cfa3fa,0.8333333333333334,0.5,0.33333333333333337
2916,2994fe536cc69aa9b496,0.8,1.0,-0.19999999999999996
2916,4e00274541e3c4325544,1.0,0.5,0.5
2917,82c1efebbdf1776e8a87,0.5,0.0,0.5
2917,84cf839c47bcb1eef370,0.5,0.0,0.5
2917,bb5cf8329a2a79d3669f,0.8,0.5,0.30000000000000004
2918,49c2672029727f25c938,0.4,0.0,0.4
2918,7ef2dc854ee2a7509b81,1.0,0.5,0.5
2918,8f23efe68aa485747b1a,1.0,0.0,1.0
2919,01fe79fd730013812121,0.5,1.0,-0.5
2919,5145cede9e391ec0fee3,0.7142857142857143,1.0,-0.2857142857142857
2919,9615185a38ce5e6bad8d,0.4,1.0,-0.6
2920,586406e177599fb7edec,0.6666666666666666,0.0,0.6666666666666666
2920,c13f04222c57675eeb57,0.3333333333333333,0.5,-0.16666666666666669
2920,d03fd68ed5d815b9fc21,1.0,0.5,0.5
2921,0030571ee503514a733f,0.75,0.5,0.25
2921,4f762217438fc2a8afa8,0.3333333333333333,0.0,0.3333333333333333
2921,e0d3ec35d66394d49f2e,0.3333333333333333,0.0,0.3333333333333333
2922,0f8767b016e9c21d05a1,0.25,1.0,-0.75
2922,d811b5260de92c0e2de2,0.6,1.0,-0.4
2922,fb9ce7a8f930c243c825,0.5,0.5,0.0
2923,e6b28288aa43242501a0,0.6666666666666666,0.5,0.16666666666666663
2923,f77c5cf615944c4127c5,1.0,0.0,1.0
2924,72e46dc5197713a60025,0.6,0.0,0.6
2924,a82aeacfafa662778e00,0.8333333333333334,0.5,0.33333333333333337
2924,ab367e4aecff90607417,0.7777777777777778,0.5,0.2777777777777778
2925,04471c00e484403a9d98,0.8,1.0,-0.19999999999999996
2925,c02bf48e7c056b3f6057,0.75,0.5,0.25
2925,dd4c73be7b701bb5c3cd,0.5,0.5,0.0
2926,8a734e0a750e3b17f97b,1.0,0.5,0.5
2926,aa7113d59e5257be63a6,1.0,0.5,0.5
2926,dbd3a8d33eb19ba39327,0.6666666666666666,0.5,0.16666666666666663
2927,14f71008d290a1b0ffe0,0.5,0.0,0.5
2927,520fb63d7ba1a8819784,0.7142857142857143,0.0,0.7142857142857143
2927,ad8c711f7d2a07d92ffd,0.3333333333333333,0.5,-0.16666666666666669
2928,2bc58119c8529fe30101,1.0,0.5,0.5
2928,47690e49ebf10fa17e04,0.3333333333333333,0.0,0.3333333333333333
2928,f0aae97757db85897a8c,0.4,1.0,-0.6
2929,cdac2ca20d2eebfdac92,0.6666666666666666,1.0,-0.33333333333333337
2929,da2ae7d5d0f8a02ceffa,0.8571428571428571,0.5,0.3571428571428571
2929,f99c8d77006e8acaaaa6,0.875,0.0,0.875
2930,1798b61b83dadcc95e19,0.5714285714285714,0.0,0.5714285714285714
2930,1db0a5175b84a9c06ddc,0.4,0.0,0.4
2930,5a747f7adb3abc6e0dfc,0.5,0.5,0.0
2931,657bdd12ee8e5a228f4b,0.5,0.0,0.5
2931,962abe02b67371e2a388,0.5,0.5,0.0
2931,dafd0371db393cffe5f9,0.4,0.5,-0.09999999999999998
2932,b5e153e8c89e244dbb80,0.5,1.0,-0.5
2932,c564e903e942a95f0da1,0.8888888888888888,1.0,-0.11111111111111116
2932,e5e20d53406f7e75f82d,0.5,0.0,0.5
2933,2733dacf7970b9528ace,1.0,0.5,0.5
2933,bfb78b7350866ba1cafa,0.8333333333333334,0.5,0.33333333333333337
2933,d7a8baeba0b3c2ecb996,1.0,1.0,0.0
2934,2951a9c274e3a1ecc539,0.6666666666666666,0.5,0.16666666666666663
2934,53035df14cab9ab6091e,0.6666666666666666,0.0,0.6666666666666666
2934,fac9c1f2611bcc7f5ed2,0.3333333333333333,0.5,-0.16666666666666669
2935,3150734e1723839daa6f,0.6666666666666666,0.5,0.16666666666666663
2935,7756594996d0ef719250,0.6666666666666666,0.0,0.6666666666666666
2935,9d147018a095558f7621,0.25,0.5,-0.25
2936,34e1a92d44f1beec6c3e,1.0,0.5,0.5
2936,3e23851c4ec7a5ab074a,0.6666666666666666,0.0,0.6666666666666666
2936,c696cbfd6416a42a4f43,1.0,1.0,0.0
2937,c53c59cd59b79a1818b4,0.6666666666666666,1.0,-0.33333333333333337
2937,d8e6a67e58ec6906a3b8,1.0,1.0,0.0
2937,f2e77d75c1ac972e31d3,0.6666666666666666,0.5,0.16666666666666663
2938,1a03b5c97509e4652e67,0.6,0.0,0.6
2938,7a3ae3b9f8a0faf6d69c,1.0,0.5,0.5
2938,ff85da2570d354de9c1b,1.0,1.0,0.0
2939,2349605b7265c75eff74,0.6666666666666666,0.5,0.16666666666666663
2939,6cf31c12c60d359171c0,0.4,0.0,0.4
2939,e5703dd3e0e8b702e96e,0.3333333333333333,0.0,0.3333333333333333
2940,4ecf073ff505b54bde3c,0.5,1.0,-0.5
2940,d3acd976a802fc31fb5a,0.75,0.5,0.25
2941,295ec8affe4d92905aa3,1.0,0.0,1.0
2941,6584c0e44722a36d85a7,0.8333333333333334,1.0,-0.16666666666666663
2941,94af817d4cb8906ce446,1.0,0.5,0.5
2942,0bcf512c647f9046bb4d,0.0,0.5,-0.5
2942,0cb865748e7790e2a9ee,0.0,0.0,0.0
2942,74e95e75107936ae1c47,0.0,1.0,-1.0
2944,0a69b9e93570fb359751,0.3333333333333333,0.5,-0.16666666666666669
2944,523b59d161eedc60e036,0.6666666666666666,0.5,0.16666666666666663
2944,fbfd10e17d5ae0301fdb,0.3333333333333333,0.0,0.3333333333333333
2945,5c19e5b88bdac0a484d6,0.0,0.5,-0.5
2945,b7e160775f1685f4694d,1.0,0.0,1.0
2945,be2946c698c033877e2d,0.75,0.5,0.25
2947,0ea84a2693036110cce1,0.6666666666666666,0.5,0.16666666666666663
2947,89dbb0e49c66769f88ae,0.8,0.0,0.8
2947,f08c25adc0ce4447ff9e,1.0,1.0,0.0
2948,18e3a9080b65e7306ba2,0.75,1.0,-0.25
2948,25636e1f4d240d12b3ce,0.8,0.5,0.30000000000000004
2948,ae3581062c37b973a672,0.5,0.0,0.5
2950,135a1e2837f6746cb19e,0.75,1.0,-0.25
2950,654fd7ecec250b41c093,0.3333333333333333,0.0,0.3333333333333333
2950,a245e6dfee3f27c1b6af,0.6666666666666666,0.5,0.16666666666666663
2950,c6e7a3d9abc913050eff,0.8,1.0,-0.19999999999999996
2951,279fed030ce14784ac45,0.6,0.0,0.6
2953,141fc225a5325772416f,0.6666666666666666,0.5,0.16666666666666663
2953,3f5d19c32796caa04fc2,0.6666666666666666,0.5,0.16666666666666663
2953,531076ea7f0a2a465856,0.3333333333333333,1.0,-0.6666666666666667
2954,004508191dccab86834d,0.5,0.5,0.0
2955,82598a8fc4506c04e2d0,1.0,1.0,0.0
2955,aa4cb4bf6bf7cc2d3cba,0.6,0.5,0.09999999999999998
2955,f74a7f1dac7be91278e7,0.25,0.0,0.25
2956,2933394231d41e37fec2,0.8333333333333334,0.0,0.8333333333333334
2956,93d364c0b08a574b845a,0.75,1.0,-0.25
2957,7da3631052c70938efd0,0.3333333333333333,0.5,-0.16666666666666669
2957,e2229e00f17c766b5662,0.75,0.0,0.75
2959,3fdfc65721978da802f2,0.6666666666666666,1.0,-0.33333333333333337
2959,7d924a4c4cd107c67116,0.6666666666666666,0.5,0.16666666666666663
2959,8cc89cb0f5154fa45e77,0.75,1.0,-0.25
2960,1ba3f1d9179e6ebdc481,0.0,0.5,-0.5
2961,5fd86e96a5f9b1c751d4,0.25,0.5,-0.25
2961,643d8f597be62bc4ee6b,0.75,0.5,0.25
2961,b23ce991b0788bf4f56b,0.6666666666666666,0.5,0.16666666666666663
2962,c49fe41a28ac1ea7b4a6,0.8333333333333334,0.5,0.33333333333333337
2962,e0de3250e94402a5820e,0.8,1.0,-0.19999999999999996
2963,185aacd63b4d4be374fd,0.0,0.0,0.0
2963,477b29838ef392d48978,0.0,0.5,-0.5
2963,e46c8713f74d22e022b3,0.0,0.5,-0.5
2964,4d8e0ec5886626194b67,0.5,0.5,0.0
2964,5cf6e240b42415088cc9,1.0,1.0,0.0
2964,63e40a6326a41e505016,0.6,0.5,0.09999999999999998
2965,3708599e4890d96aa092,0.75,0.5,0.25
2965,5924c3ced8caa969d0d1,1.0,0.0,1.0
2966,9d885b6ae0cc1da872b2,0.75,1.0,-0.25
2966,cb8b9766dc22cae1db9d,0.6,0.5,0.09999999999999998
2966,ebf632ce8b6bed7094b9,0.5,1.0,-0.5
2967,73a712ee22fde0ec5926,0.5,1.0,-0.5
2967,7641dfaa7de46b6174c1,0.6666666666666666,0.5,0.16666666666666663
2968,7e6a453b4abf798f257c,0.6666666666666666,0.0,0.6666666666666666
2968,a387e17da67a864dc8f7,0.2,1.0,-0.8
2968,c063698c5c2125ccd78e,0.0,0.5,-0.5
2969,05c83d480eec1c19fb8f,0.8,1.0,-0.19999999999999996
2969,b1fb28652f2fb2b48044,1.0,0.0,1.0
2969,c279c061491ec6a878c2,0.6470588235294118,0.0,0.6470588235294118
2970,03af43c7ee04cf86304d,0.6666666666666666,0.0,0.6666666666666666
2970,27dcf919b12767244839,0.0,0.0,0.0
2970,877e0c22852cb28c9725,0.5,0.0,0.5
2971,1ab901caf992a01fc77c,0.25,0.5,-0.25
2971,a2c068f541355de4ca99,0.45454545454545453,0.5,-0.04545454545454547
2971,a3b6a688116c135b307e,0.0,0.5,-0.5
2972,44c65aabc54d7129325e,0.3333333333333333,1.0,-0.6666666666666667
2972,7f676aced91bb9743403,0.3333333333333333,0.0,0.3333333333333333
2972,80910647d6ddd0ebfd0a,0.3333333333333333,0.5,-0.16666666666666669
2973,5902249a19a3ed97b2ea,1.0,0.5,0.5
2973,72b1e7979a952147e03a,0.8,0.5,0.30000000000000004
2973,c57be97546ef3aadee56,0.5,0.0,0.5
2974,26210506b3967050f49c,0.6,0.5,0.09999999999999998
2974,6f46a066c2b28632bf3a,0.8,0.5,0.30000000000000004
2974,c38a5ba7ed8630e743ec,1.0,1.0,0.0
2975,18975b4549375354fb01,0.5,0.5,0.0
2976,12d376156fa919110514,0.6666666666666666,0.5,0.16666666666666663
2976,64a906fd11a7b9cd4802,0.3333333333333333,1.0,-0.6666666666666667
2976,ac29c1c58a94b3c39503,0.3333333333333333,1.0,-0.6666666666666667
2977,3a847213a18c83bc670f,0.8,0.0,0.8
2977,cf8e40240a22ba54220c,0.5,0.5,0.0
2978,0ebb44fd3b2a2d66e55b,1.0,1.0,0.0
2978,1ccea123dc324599823a,1.0,0.0,1.0
2978,1e79b34a4275594b66bb,0.3333333333333333,1.0,-0.6666666666666667
2979,7781b95df409f7449e05,1.0,1.0,0.0
2979,9624c4a83493f56b20d2,0.6666666666666666,0.5,0.16666666666666663
2979,dfca4b82b59876b2f109,0.5,1.0,-0.5
2980,75679b658126fcb0ec8e,1.0,1.0,0.0
2980,788f4aec2d1bf81009e0,0.5,0.0,0.5
2980,850f3da4e53eca363add,1.0,0.5,0.5
2981,d27872ce8295054d0381,0.6,0.5,0.09999999999999998
2982,0a1912e983cf044c42e8,0.375,1.0,-0.625
2982,b92ea0051280f858b1dd,0.6666666666666666,1.0,-0.33333333333333337
2983,057091c508810c17d475,0.75,0.5,0.25
2983,d662ce75a38edb04de50,1.0,0.5,0.5
2984,568dc9dcea4b9e37245e,0.3333333333333333,0.5,-0.16666666666666669
2984,6b06c49699ce2bc8c580,0.3333333333333333,0.0,0.3333333333333333
2984,dd153afaf6aa8d44624a,0.0,0.5,-0.5
2985,1a39360a8fe29831b745,0.6666666666666666,0.5,0.16666666666666663
2985,c86c1c07df320807adf2,1.0,0.0,1.0
2985,debf1abaa33a706bd376,1.0,0.0,1.0
2986,03a5b4fa2252871295da,0.6,0.5,0.09999999999999998
2986,70d6b9f165e922516363,0.8571428571428571,1.0,-0.1428571428571429
2986,7f9109aeb34eb080496f,0.6,0.5,0.09999999999999998
2987,a8c6ecdd80428f60f707,0.6666666666666666,0.5,0.16666666666666663
2987,dde3fcb0472b543f488a,0.6666666666666666,0.5,0.16666666666666663
2988,7abff59ad787f1cd2e8c,0.6,1.0,-0.4
2988,941ddce75204d55c9503,0.75,0.0,0.75
2989,3848da0a9a5ff96e9492,0.5,1.0,-0.5
2989,d8ec52f6ca3ca882ad32,0.8,1.0,-0.19999999999999996
2991,243bafd7d0318ad43911,0.8,1.0,-0.19999999999999996
2991,c635c61d2b959d41ed76,1.0,1.0,0.0
2993,94d04ffb72b27598d4e9,0.75,0.0,0.75
2993,c906093aef21fbbb7088,0.6666666666666666,0.5,0.16666666666666663
2993,eedfdb527dd4e7a4f766,1.0,1.0,0.0
2994,4c8db5abe7a9c4bad304,0.5714285714285714,0.5,0.0714285714285714
2995,16089737c557b3c8c433,1.0,0.0,1.0
2995,592d5c5eaf0fe0f2f01b,0.3333333333333333,0.5,-0.16666666666666669
2995,9e9751e709b81652c82e,0.6666666666666666,1.0,-0.33333333333333337
2996,5650d418065c53e54a25,0.625,1.0,-0.375
2996,ce78fc9dc7e5506a7f1c,1.0,0.5,0.5
2997,b278bed2a9f397f52461,0.75,0.5,0.25
2997,f5f03b682f74a1e76d75,0.6666666666666666,0.5,0.16666666666666663
2998,a4b73a678953696a0f79,0.6666666666666666,0.5,0.16666666666666663
2998,bc27d031f5772505bc65,0.5,0.0,0.5
2998,df5318e32f0645bbeded,0.8,0.0,0.8
2999,4c0aa1fac9cba273a3a6,0.6666666666666666,1.0,-0.33333333333333337
2999,a39b9ae2d23647c44419,1.0,0.0,1.0
2999,eff3d8aded7edcc66a9b,0.3333333333333333,1.0,-0.6666666666666667
3000,7777e1374a84ae4fd35d,0.6666666666666666,1.0,-0.33333333333333337
3000,99c2fe646a0d8ba2f04e,0.5,1.0,-0.5
3000,c6c198eda5881b37aa2c,0.5,0.0,0.5
3001,3bad76d3587e033cc709,0.4,0.0,0.4
3001,9a2fbee7ef84c1f0fe7a,0.25,0.0,0.25
3002,19555ae9cc16e03fc8d1,0.3333333333333333,0.5,-0.16666666666666669
3002,988df8be1abaf5a2645f,0.3333333333333333,1.0,-0.6666666666666667
3002,d55eae9416f4889581f2,0.6666666666666666,0.5,0.16666666666666663
3003,0d53ce7f8a323ab1c1a8,0.3333333333333333,0.5,-0.16666666666666669
3003,5c9f6a0851704f0e80ea,0.5714285714285714,1.0,-0.4285714285714286
3003,99c244c8cbabb20fe0df,0.5714285714285714,0.5,0.0714285714285714
3004,28721b6805367efb6f4e,0.4,1.0,-0.6
3004,320a4c7cd680b0c7df4e,0.3333333333333333,0.0,0.3333333333333333
3004,d3a97c2b1087fd7ae9df,0.25,0.0,0.25
3005,3be281f5b57177d0dde5,1.0,1.0,0.0
3005,5f91941c8bfd84bb37c2,1.0,0.5,0.5
3006,2d1fab00ef5787ea7835,0.75,0.5,0.25
3006,667f102af29ba78e72d5,0.6666666666666666,0.5,0.16666666666666663
3006,9887c4a9deecbcd5971b,0.75,0.0,0.75
3007,0d9aa1d12db7d4b485b4,1.0,0.5,0.5
3007,7b9e80137b4b095c0c37,1.0,0.0,1.0
3007,f80bb39ef7c1508b40f8,0.75,0.5,0.25
3008,0d7f8e65f1e58712d0ed,0.5,1.0,-0.5
3008,5af15aa81d7c0aa8ea60,0.75,0.0,0.75
3008,d87ffa8b3403d97b6229,0.75,0.5,0.25
3009,6c94d2c17bd7a22813f5,0.4,0.5,-0.09999999999999998
3009,cd187b98a419ecfee137,0.4,1.0,-0.6
3009,e8a820ad1a6d3822d4d8,1.0,0.5,0.5
3010,1b84a43d529d6be4f1f6,1.0,0.0,1.0
3010,5e8940c795ebd95b232d,0.42857142857142855,1.0,-0.5714285714285714
3010,71c5a9f8494d33311b6f,0.0,0.5,-0.5
3011,81274e95c27c67d99d8d,0.3333333333333333,1.0,-0.6666666666666667
3011,f344b28ab9f861f5cd5a,0.6666666666666666,0.5,0.16666666666666663
3012,6389f227dcaeb239c887,0.6,0.5,0.09999999999999998
3012,701f19202bcb6230c8d8,0.5,0.5,0.0
3013,020e8bbeb70075eb5754,0.3333333333333333,1.0,-0.6666666666666667
3013,cc39a12663e72f7c21a7,0.6666666666666666,0.5,0.16666666666666663
3014,67666fa08c566158b450,0.5,0.5,0.0
3014,6d3431cc44889a3a2c3c,0.6,0.0,0.6
3015,65e1889854932ccdddcf,0.8333333333333334,0.0,0.8333333333333334
3016,9a1d3d6fbc3777991eec,0.75,1.0,-0.25
3016,9c43fbee8d938eff0972,0.4444444444444444,0.0,0.4444444444444444
3016,a0bf5472feec2d876545,0.7142857142857143,0.0,0.7142857142857143
3017,2b79857d795a747dbda9,0.8,1.0,-0.19999999999999996
3017,3d2a6558ce660deb8eb6,0.5,0.0,0.5
3017,dfc30d0d8a98c11e7563,0.5,1.0,-0.5
3018,143885b18d5bd8082f20,0.3333333333333333,0.5,-0.16666666666666669
3018,31a0cce431f390b4f665,0.75,0.5,0.25
3018,429d4f5029e9d8ce923e,0.3333333333333333,0.5,-0.16666666666666669
3019,5d88f6ab8937eff7f2f6,0.6,0.5,0.09999999999999998
3019,8c9438da100046682167,0.6,0.0,0.6
3019,a313df5a4ce6afd6581e,0.5,0.0,0.5
3020,a908fc5cc796099e5c0e,0.25,1.0,-0.75
3020,f9cbe4608b9a5086b7a3,0.0,0.5,-0.5
3021,249694fa741390f1077b,0.5,1.0,-0.5
3021,f25f35d1e407fceaeeaa,0.75,0.0,0.75
3022,5ec536631ecfbc76f224,0.2,0.5,-0.3
3022,d75dcb450a1925bdd200,0.6666666666666666,1.0,-0.33333333333333337
3022,fee6a99aad49dfd1bf3e,0.6,0.5,0.09999999999999998
3023,435653c17b3f7d0c40b1,1.0,0.5,0.5
3023,7fa4c9d697bd440b9ffe,0.6666666666666666,1.0,-0.33333333333333337
3023,8e80f0f682f48b38b91c,0.5,0.0,0.5
3024,cb87d82c27b84934ec56,0.3333333333333333,0.0,0.3333333333333333
3024,fcda0800f7fb68dbcccf,0.625,0.0,0.625
3025,5712904c48929478f74d,0.5,0.5,0.0
3025,eef82d04cc2948b73a15,0.3333333333333333,0.5,-0.16666666666666669
3026,7a1a9963e69eec816b85,0.6666666666666666,1.0,-0.33333333333333337
3026,b1a651fbe1e14b48f2a2,0.6666666666666666,0.5,0.16666666666666663
3027,762ad946af3bc40da40e,0.75,0.0,0.75
3027,8a6d5eae41882ed451d7,0.5714285714285714,0.0,0.5714285714285714
3027,c07c4bfe51f5d6f2fd20,1.0,0.5,0.5
3028,5a2b159cc045d405ef42,0.5,0.5,0.0
3028,684a8837b56e0d8cbdcd,0.6666666666666666,0.0,0.6666666666666666
3028,9c3340bc298a7e19efda,0.3333333333333333,1.0,-0.6666666666666667
3029,18fef20be4d3c6de9c85,0.6666666666666666,0.0,0.6666666666666666
3029,1cf4022634a5421b0586,1.0,0.5,0.5
3029,f3a7a9f8185527c6a4ed,0.5,0.5,0.0
3030,42337e9effdd3a342085,0.8888888888888888,1.0,-0.11111111111111116
3030,aac12e6e26f862e24a9a,0.5714285714285714,0.0,0.5714285714285714
3031,7301e236f9afa879c43b,1.0,0.0,1.0
3031,7fc9d7d1a1514dc77397,0.3333333333333333,0.0,0.3333333333333333
3031,e2ba16d78532c16a63d3,0.3333333333333333,0.0,0.3333333333333333
3032,097cf38aeb47b2319eb3,0.3333333333333333,0.5,-0.16666666666666669
3032,538c03b9061670874cc8,0.6,1.0,-0.4
3032,9461461e3b88dd79a972,0.6666666666666666,0.0,0.6666666666666666
3033,26b4724d950477d0d193,0.3333333333333333,0.5,-0.16666666666666669
3034,30adaecb361743917b2b,0.5,0.5,0.0
3034,6cab984e5e8d27128d81,0.75,0.5,0.25
3034,8630c09a250683e094b7,1.0,0.5,0.5
3035,5b9177544e40b077da98,0.75,0.5,0.25
3035,7bf211416c6308c029c4,0.6,1.0,-0.4
3036,1c1d12b9299ab0b6a64c,0.6,0.0,0.6
3036,e1e7d90cf117309dbc24,0.75,1.0,-0.25
3038,31e91082d2f0484a0754,0.6666666666666666,1.0,-0.33333333333333337
3038,a2d18dfe042dc1dbac5f,0.3333333333333333,0.0,0.3333333333333333
3038,eded13fdf86e7c7aea73,0.3333333333333333,0.0,0.3333333333333333
3039,190da06a519f9f62d863,0.5,0.0,0.5
3039,999a6c64e8f9eafaaa22,0.5714285714285714,1.0,-0.4285714285714286
3039,d6998c4d88bbd3764904,0.8,1.0,-0.19999999999999996
3040,0d3e4194b966ea518351,0.25,0.5,-0.25
3040,6fc3efa30b9a04d82e4a,0.25,0.0,0.25
3040,a0a84e6c19bb93221411,0.5,0.5,0.0
3041,166c1766534945328062,0.6666666666666666,0.5,0.16666666666666663
3041,1701045e462dc0f0c613,0.6666666666666666,0.0,0.6666666666666666
3041,4a0774aac3d649f69f39,0.8,0.5,0.30000000000000004
3042,53f92992d1efff283df5,0.8,0.0,0.8
3042,69fce35fe45847a45677,0.3333333333333333,0.5,-0.16666666666666669
3042,bec500fc866664e06be5,0.5,0.5,0.0
3043,78026a5fb9887070cab7,0.6666666666666666,1.0,-0.33333333333333337
3043,e666fa66d3dc0a26674f,0.3333333333333333,0.0,0.3333333333333333
3043,f409b45b28400c83c105,0.3333333333333333,0.5,-0.16666666666666669
3044,3885fc5b43d843fef222,0.8333333333333334,1.0,-0.16666666666666663
3044,9e17bd908de25fd0c3a5,0.8,0.0,0.8
3045,4370b01226948d761d93,0.5,0.5,0.0
3045,92c80564b1779d0f60b3,0.5,1.0,-0.5
3045,cce94af34babc8e6b03a,0.5,0.5,0.0
3046,4780fcf64f1da7d43545,0.6666666666666666,0.5,0.16666666666666663
3046,a434d1f7b739c5bda195,0.6666666666666666,0.5,0.16666666666666663
3046,f053308ec1dec2ab0620,0.3333333333333333,1.0,-0.6666666666666667
3047,26ee9f496ac0b00e8d1e,0.8333333333333334,1.0,-0.16666666666666663
3047,97b4b70ecff9a04eaf32,0.75,0.0,0.75
3047,c887100d0b3cbb053c57,0.5,0.5,0.0
3048,d2a6d8d0ae4b6ebe84c6,0.3333333333333333,0.5,-0.16666666666666669
3048,e8b9fcaa8897eb752f9b,0.6666666666666666,1.0,-0.33333333333333337
3048,fced4b7163e2c8d5aaaf,1.0,0.5,0.5
3049,b005db7811dc5c2de3fb,0.5,1.0,-0.5
3049,d179a8e02795efaf3752,0.0,0.0,0.0
3050,1bb599a04b02e3f2c95b,1.0,1.0,0.0
3050,4ab06da965ebf7079d3a,0.3333333333333333,0.0,0.3333333333333333
3050,ec62eb8906eb42aefd2a,0.3333333333333333,0.0,0.3333333333333333
3051,5a9ccd6d45d1e4ff3ae2,0.25,0.0,0.25
3051,5e3fb6ed5521f33d6ec8,0.75,0.5,0.25
3052,2b3b886d89d9b42b23c3,0.3333333333333333,0.0,0.3333333333333333
3052,7e3954d4d8c7f9de1db3,0.3333333333333333,0.5,-0.16666666666666669
3052,c2e9310f2e7c226b14ce,0.8,0.5,0.30000000000000004
3053,b843cc67c31390e83fc1,0.7,0.5,0.19999999999999996
3054,6dcdebc05bf48aab6a24,0.6666666666666666,1.0,-0.33333333333333337
3054,a4d16bc1a4582d7bd7dd,1.0,0.0,1.0
3054,f0f0a741b95781729cd5,0.6666666666666666,0.5,0.16666666666666663
3055,b3acdf5c884534911e99,0.8181818181818182,1.0,-0.18181818181818177
3056,1e066e24db920b6b23bc,1.0,1.0,0.0
3056,f3de844a18a36170f291,0.6666666666666666,0.0,0.6666666666666666
3057,5ce3bce43fb02cfe5752,0.6,0.5,0.09999999999999998
3057,94841b0751c06265384f,0.4,0.5,-0.09999999999999998
3058,7db1fdad1ef17aba5f08,0.5,1.0,-0.5
3058,da7ef3fae2f1ddd9da0b,0.6666666666666666,0.5,0.16666666666666663
3058,dbb3821c544d352bce33,0.8,0.0,0.8
3059,bf70f0177cfd4b0e6fb2,0.75,0.0,0.75
3059,ecbfb32efe56b423ed9d,0.7142857142857143,0.0,0.7142857142857143
3061,81ac6711aeb2325c119b,1.0,0.5,0.5
3061,841ac0cf81707ae27fb3,0.2857142857142857,0.5,-0.2142857142857143
3062,0cde8d2ae5f7a633422c,1.0,0.5,0.5
3062,b4fb78ec342370aa647a,1.0,0.5,0.5
3063,45a1247e5c545df0dc62,0.4,0.5,-0.09999999999999998
3063,a4c57cf13c34bde17ffa,0.8888888888888888,1.0,-0.11111111111111116
3063,ddc6d86631bb15a62f39,0.6666666666666666,0.5,0.16666666666666663
3064,0cca0f5ba716412ece82,1.0,0.5,0.5
3064,6c25561b953032b3a9f7,0.6666666666666666,0.5,0.16666666666666663
3064,fd383237cf7a74959bb5,1.0,0.5,0.5
3065,5e031f54b1190e60c1f6,1.0,0.0,1.0
3065,61307a7dcf094b59d312,0.8,0.5,0.30000000000000004
3066,3eca6f9dc2d48c062c6e,0.75,1.0,-0.25
3066,e3e29103fec0e0794314,0.8,1.0,-0.19999999999999996
3067,1588042fc190db04b94a,0.75,0.0,0.75
3067,70f17eb774d319db1d40,0.6,1.0,-0.4
3068,25b694e83f6edd802c08,0.6666666666666666,0.0,0.6666666666666666
3068,3b8b22d4b747a8592227,0.3333333333333333,0.0,0.3333333333333333
3068,ed504ac1d337737575c9,0.6666666666666666,0.5,0.16666666666666663
3070,3bdd85d03909e1dc697d,0.25,0.5,-0.25
3070,adbc94f5b82f1700d5b3,0.5,0.0,0.5
3070,bbb18678f70c4e5996f3,0.75,1.0,-0.25
3071,0bc048eb0113666e2ff2,0.5,0.5,0.0
3071,32c74023b2244c9fa73e,1.0,0.5,0.5
3071,41efe2f1bf3a21b1b570,0.25,0.0,0.25
3072,2af9f478d9543878a21a,0.4,0.0,0.4
3072,ba6f824474d13cedad09,0.6,0.5,0.09999999999999998
3072,fda14f582b4287d4cc1f,0.6666666666666666,0.0,0.6666666666666666
3073,c511fce8b81099ace093,0.8,1.0,-0.19999999999999996
3073,d6ee4fd2f8372e490886,0.75,0.0,0.75
3073,ebe01e2c2e9bb8392055,0.75,0.0,0.75
3074,102335ea7017a0d3159f,0.8,1.0,-0.19999999999999996
3074,a611c9d2fe297dccd466,1.0,0.5,0.5
3074,d687c15df985803af6dd,0.75,0.5,0.25
3075,3a6d647419c8563e4ee8,0.3333333333333333,0.0,0.3333333333333333
3075,c96b64ab91fe283adb80,0.6666666666666666,0.5,0.16666666666666663
3075,fff6acfcf0c19c8f50ef,0.6666666666666666,0.5,0.16666666666666663
3076,ba933852e3be47c3e60e,0.7142857142857143,0.0,0.7142857142857143
3076,e0c8b83ba80fc35c2b4a,1.0,1.0,0.0
3077,2c7a58fdcf4b9dfa07c9,1.0,0.5,0.5
3077,3498e18a3fa0fc4c5bae,1.0,1.0,0.0
3077,881098b7cd57c0858f08,0.8571428571428571,0.0,0.8571428571428571
3078,775b45d31abf329d679e,0.75,1.0,-0.25
3079,2c879b6d0ef560f08a79,1.0,1.0,0.0
3079,773bfb9b2a5f5373a0de,0.3333333333333333,1.0,-0.6666666666666667
3079,c6f4b7a3acc1c8ebc97a,0.3333333333333333,0.0,0.3333333333333333
3080,088533619ddb8be20cc8,0.6666666666666666,0.0,0.6666666666666666
3080,4e40b023c2a5e9c1c1c1,0.3333333333333333,0.0,0.3333333333333333
3080,863df24895be0b2995ca,0.5,0.0,0.5
3081,0250dee322378c4c7940,0.8333333333333334,0.5,0.33333333333333337
3081,6897f41d1afcc6bb4b0e,0.6666666666666666,0.5,0.16666666666666663
3081,d454c12b85e766b3e5f2,0.75,0.5,0.25
3082,de4b11e659f213bf9e1f,1.0,1.0,0.0
3082,e8768a693202cacbd143,0.8333333333333334,0.0,0.8333333333333334
3083,45c89400a3dc02283962,0.25,0.5,-0.25
3083,cbf00111fa3d0a433493,0.16666666666666666,0.0,0.16666666666666666
3084,126cade5631380e4adff,0.7777777777777778,1.0,-0.2222222222222222
3084,a15d3ca9f0d672a69a7f,0.8,0.0,0.8
3084,e395d4e53e2b9d139ade,1.0,0.0,1.0
3085,74fcd1aadd460ad5931a,0.75,0.0,0.75
3085,8f143e78eaebffa55162,0.8,1.0,-0.19999999999999996
3086,5b5e515f837a81849cce,1.0,0.5,0.5
3086,c3e7d3d663555fc43d6a,1.0,0.0,1.0
3087,15b1f6c614c8862523ef,0.5,0.5,0.0
3087,329d140dd909c4b3b273,0.6666666666666666,0.5,0.16666666666666663
3088,2b764b50ae6fddea1635,1.0,0.0,1.0
3088,34ae316ee29d76743d25,0.4,0.0,0.4
3088,d6349d895d1993c462dc,0.5,0.5,0.0
3089,0273e6f873a700289dc9,0.75,1.0,-0.25
3089,773905f5ed0d7a798b90,0.3333333333333333,0.5,-0.16666666666666669
3089,c3b991d1d98d63281cc5,1.0,0.5,0.5
3090,765ba3baa1ab4c2a7076,0.3333333333333333,0.5,-0.16666666666666669
3090,d47d2163aa8d5f697c79,1.0,0.5,0.5
3091,a0900451ecf693fdfef2,0.6666666666666666,0.0,0.6666666666666666
3091,e909d7612a8dbe7b1e3f,1.0,0.5,0.5
3092,30b4159b8b277dddfbba,0.4,0.0,0.4
3092,6425b0eb31a688f49d32,1.0,0.5,0.5
3092,7a8912f2bf64cd9b02a8,0.75,0.5,0.25
3093,4d789bb9a0737e6cb07c,0.3333333333333333,1.0,-0.6666666666666667
3093,64a37655b1982095b120,0.8,0.0,0.8
3093,9e854762a205ff9ddf9d,1.0,1.0,0.0
3094,4dd2f6003cf64c6fb123,0.5,0.0,0.5
3094,c676e5a49328836a9979,0.75,1.0,-0.25
3094,d2d48b8f0ee0df9b59a9,1.0,1.0,0.0
3095,38d6c6a65f4c6bbbab0d,0.25,1.0,-0.75
3095,7202b13daf421d7f338c,0.3333333333333333,0.5,-0.16666666666666669
3096,497bbb8eead2c6c227cb,0.4,0.0,0.4
3096,91cacd3a09b0cff4f650,0.75,0.5,0.25
3097,02c974abdaee4735a477,0.6666666666666666,1.0,-0.33333333333333337
3097,a9669368c0704795a5aa,1.0,0.5,0.5
3097,ef1f6e06b05ff012f0ee,0.3333333333333333,0.5,-0.16666666666666669
3098,58b3a166645169318827,0.5,0.5,0.0
3098,a9450b185708ece9ec45,0.5,0.0,0.5
3098,cc95456d8ba6ea0ed7e6,0.5,1.0,-0.5
3099,39b79702bd1e1af7e834,0.25,0.0,0.25
3099,b989d8a56d3b3929bd24,0.4,0.5,-0.09999999999999998
3099,ced512c34380b229ea94,0.5,0.5,0.0
3100,21299d43dbfe3db94c32,0.5,0.5,0.0
3100,57abc9687711541045ef,1.0,0.5,0.5
3100,a8390cfbc5f5007a8535,0.42857142857142855,0.5,-0.07142857142857145
3101,3e009e9024cd803f3b3f,0.7272727272727273,0.0,0.7272727272727273
3101,47d8dee6a387d1e01918,0.5,1.0,-0.5
3102,90fd533f358147296876,0.2857142857142857,0.5,-0.2142857142857143
3102,b46961348d42b0328f94,1.0,0.0,1.0
3102,e17594afb34e389a5139,0.8,1.0,-0.19999999999999996
3103,26553a7e2dda0475ac74,1.0,1.0,0.0
3103,3a8873298d4272ab078b,1.0,0.5,0.5
3103,72f097284f5cda1aefde,1.0,0.5,0.5
3104,0a9e2cf15be5b46ba0c9,1.0,0.0,1.0
3104,8352e5fba6c050d216d5,0.6666666666666666,0.5,0.16666666666666663
3104,8e94611625e1cbeab7f0,0.6666666666666666,0.5,0.16666666666666663
3105,30afebaa6a820a7b406d,0.3333333333333333,0.0,0.3333333333333333
3105,41a221cedca6e827a5d2,0.3333333333333333,0.5,-0.16666666666666669
3105,aa2cb426e3bb419245b1,0.6666666666666666,0.0,0.6666666666666666
3106,75e394d4027ecba19299,1.0,1.0,0.0
3106,f16cab9d0f90b27d5918,1.0,1.0,0.0
3106,f9d327566f829185276a,1.0,1.0,0.0
3107,dac5bf80e33f8252639a,0.875,1.0,-0.125
3107,dafa17df12b88a01633b,0.75,0.5,0.25
3107,df549b875438b4dc1d94,1.0,0.5,0.5
3108,078c8b332b41e6bb372f,0.3333333333333333,0.0,0.3333333333333333
3108,14f06c6c52b7676488d3,0.6666666666666666,0.0,0.6666666666666666
3108,d0abe306f9227e7af514,0.6666666666666666,0.5,0.16666666666666663
3109,8df99ec603f997732247,1.0,0.5,0.5
3109,9e23f198239a09a00265,0.7142857142857143,0.5,0.2142857142857143
3110,223bf0a0660167baec39,0.2857142857142857,0.0,0.2857142857142857
3110,e27012c325ec429f0427,0.6666666666666666,1.0,-0.33333333333333337
3111,6d1cfe114ae4c9dc7a7d,0.3333333333333333,0.0,0.3333333333333333
3111,8f3385dcb7ae23c4016e,0.3333333333333333,1.0,-0.6666666666666667
3111,ccf570d0805be5a2a615,0.3333333333333333,0.0,0.3333333333333333
3112,439815b360cfc300d8df,0.8,0.5,0.30000000000000004
3112,5bccf976d2d0392ab851,0.3333333333333333,0.5,-0.16666666666666669
3112,78f633b142450bc40e37,1.0,0.0,1.0
3113,834142c3019e45708b43,0.5,0.0,0.5
3113,b1722fe4a1dbf75c8d93,0.5,0.5,0.0
3113,b25d703888e78f4ebf24,0.7,1.0,-0.30000000000000004
3114,15f425c659fba4ce2917,0.625,0.5,0.125
3114,5e4a9fea8423f08d690a,0.8,0.5,0.30000000000000004
3115,248484fac7cd9db65039,0.8333333333333334,0.5,0.33333333333333337
3115,7c895b2224f42e05f2b3,1.0,1.0,0.0
3115,e7483e4777a7d3157c39,0.5,1.0,-0.5
3116,9e94caa645c93038b4cc,0.42857142857142855,1.0,-0.5714285714285714
3116,d9d54c6394f64281191a,0.8,0.5,0.30000000000000004
3116,e7a3c22533e2d1c33949,0.75,0.5,0.25
3117,6104730ee302ae986192,0.6666666666666666,1.0,-0.33333333333333337
3117,7586af96291255042b65,0.3333333333333333,0.0,0.3333333333333333
3117,fd5d2867a9086cb0d615,0.3333333333333333,0.0,0.3333333333333333
3118,34bcabbe4278b7fcafa6,0.8,1.0,-0.19999999999999996
3118,8319bab75df74dc90f97,0.8571428571428571,0.5,0.3571428571428571
3119,49939f1f46d13ceaa722,1.0,0.0,1.0
3119,898a564c860fece8b30b,1.0,0.5,0.5
3119,afce768b97e788e9b337,0.75,0.5,0.25
3120,400ccc8ea7ca3b37f544,0.4,1.0,-0.6
3120,4d973893ef66663058b6,1.0,1.0,0.0
3121,88f723d722687815f6e3,0.5,0.5,0.0
3122,2834ac6d934e45496285,0.6666666666666666,0.0,0.6666666666666666
3122,5bb9d4f0f705dd5995fc,0.75,0.5,0.25
3122,7c6d0b13964dbcdf3fe1,0.75,0.5,0.25
3123,3ef9cc5ecfd343516e8d,0.3333333333333333,0.5,-0.16666666666666669
3123,65df183329b00221703d,0.6666666666666666,1.0,-0.33333333333333337
3124,331d8e991d2e98e878e3,1.0,0.5,0.5
3124,50410373fe46fd3463a4,0.6666666666666666,1.0,-0.33333333333333337
3124,5d8b8dade08399786630,0.75,0.5,0.25
3125,666387c5347562cb0057,1.0,1.0,0.0
3125,80257fe189bcf3c27c30,0.5,1.0,-0.5
3125,816e63a5e85837cc1e03,0.75,0.5,0.25
3126,10b0f3e82762037e90dc,0.7,0.0,0.7
3126,73898865edbeb13cc420,0.6666666666666666,0.5,0.16666666666666663
3126,f5410099684697820075,1.0,0.5,0.5
3127,6277b9548b38974e1889,0.75,0.5,0.25
3127,c43cfb452a09b38eb703,0.5,0.5,0.0
3128,99a4bf3b59af18a55f69,0.5714285714285714,0.0,0.5714285714285714
3129,0dcd2f55ee194553827b,0.25,0.5,-0.25
3129,22459598a034c058e1ab,0.8,1.0,-0.19999999999999996
3129,6b897de830749c0cdf5c,0.75,0.5,0.25
3130,15a0647e6f843d1b4602,0.5,0.5,0.0
3130,99f69543bde6a01e42d2,0.3333333333333333,0.0,0.3333333333333333
3130,efdfc2db2c133529054d,0.75,0.5,0.25
3131,0072639d1fbc5103d5b3,0.6666666666666666,0.0,0.6666666666666666
3131,1022c66c7314cc1ae54b,0.3333333333333333,0.0,0.3333333333333333
3131,2bc8915ecfd87883d66e,0.5,1.0,-0.5
3132,bfe19657e3c4c4f09951,1.0,1.0,0.0
3132,e80f549d95879601feb9,0.6,0.5,0.09999999999999998
3133,04616e0e9107a63e1881,0.3333333333333333,0.5,-0.16666666666666669
3133,96ed423c8e11e0cc5797,0.3333333333333333,1.0,-0.6666666666666667
3134,255adfbb6a7ccda4f722,0.2,0.5,-0.3
3134,33e06e961c5d96e82fd0,0.5,0.0,0.5
3134,b1ff9b5d094bbe8c7910,0.7142857142857143,1.0,-0.2857142857142857
3135,239e3ecd6a33e7bd8fea,1.0,0.5,0.5
3135,ac6c200fa38a87be34cc,0.42857142857142855,0.0,0.42857142857142855
3135,ecc471fc38a0541b3e1c,1.0,0.5,0.5
3136,0d71d08b189f3c972f6e,0.75,1.0,-0.25
3136,3d6839f7958115d5a556,0.75,0.5,0.25
3136,dcac06f01b29f07da1ce,1.0,0.5,0.5
3137,7107fb1ef5f2aab63f26,1.0,1.0,0.0
3137,d593381a08cbffd2bcf1,1.0,0.5,0.5
3138,2543ff3fc4770cc98ec0,0.3333333333333333,1.0,-0.6666666666666667
3138,3c8652881377653656f2,0.75,1.0,-0.25
3139,29cdbe1dcc4454f98067,0.6,0.0,0.6
3139,684c773ab11e5d9fb7ce,0.8,1.0,-0.19999999999999996
3139,e4f70a9359abbfbcf3c0,0.4,0.0,0.4
3140,38063ffaff43e767c7f8,0.6,0.5,0.09999999999999998
3140,c99b450418ba062fe15b,0.6,0.5,0.09999999999999998
3141,817fcb8c3dab0ce58673,0.3333333333333333,0.5,-0.16666666666666669
3141,c732d06355425e92cf2c,0.6666666666666666,0.5,0.16666666666666663
3143,11d6c06ce0c9519be2b6,0.6666666666666666,0.0,0.6666666666666666
3143,3a5f4ad21427624802d4,0.6666666666666666,0.0,0.6666666666666666
3143,a9661bfc245b9d26a986,0.6666666666666666,1.0,-0.33333333333333337
3144,325bef1ec0d885fba6b6,0.6666666666666666,0.5,0.16666666666666663
3144,65ca9cbd1909d69f018d,0.6666666666666666,1.0,-0.33333333333333337
3144,fa68440726dfee846651,0.6666666666666666,0.5,0.16666666666666663
3145,043d05130877f4f9df12,0.8333333333333334,0.5,0.33333333333333337
3145,3f9a90a6510faa26531b,0.8333333333333334,0.0,0.8333333333333334
3146,6e85a12725ed640f4e38,1.0,0.5,0.5
3146,b4bbe6e3db758d3cef4f,0.6666666666666666,1.0,-0.33333333333333337
3146,cc8a3a4190dab3837996,0.6666666666666666,0.5,0.16666666666666663
3147,215c19a8154bfefa38d0,0.6,0.5,0.09999999999999998
3147,3c4969617e76afd825dd,0.8,0.0,0.8
3147,d7d56a72fd8d882477f7,1.0,0.5,0.5
3148,97ebcf04b61b2c075443,0.4444444444444444,1.0,-0.5555555555555556
3148,a737f41d860d8e67e7b8,0.8,1.0,-0.19999999999999996
3149,08afbe918a8cd1708998,0.75,0.5,0.25
3149,43b535d342c99bb7564b,1.0,0.5,0.5
3150,0998c37f5d757a8d8d49,0.0,0.5,-0.5
3150,f450fcbf664e96aa7b26,0.3333333333333333,0.0,0.3333333333333333
3151,2b962cc23bb160b64517,0.0,0.5,-0.5
3151,cee664b110f63cf95bd3,1.0,0.5,0.5
3151,ee1b3fe320d6ff9825f4,0.5,0.5,0.0
3152,1e4fdd0180e5056569b3,0.875,0.5,0.375
3153,0563e6e54a119417d6f9,0.6666666666666666,1.0,-0.33333333333333337
3153,884845092402e9ce4747,0.8,0.0,0.8
3153,8efc49ce20c6b3364b80,0.8333333333333334,0.5,0.33333333333333337
3154,1efb418cc05f127e0782,0.7142857142857143,1.0,-0.2857142857142857
3154,d2a9ee8e9d97f612aff1,1.0,0.5,0.5
3155,0c1a11e8682780e8476b,0.75,1.0,-0.25
3155,60d80c1df8ebeed18865,0.75,0.5,0.25
3155,6c9821486bb9583cfb01,1.0,1.0,0.0
3156,0cf50ee3167f5a828bce,0.6666666666666666,0.5,0.16666666666666663
3156,ed5f53a6c48f2cded630,0.625,1.0,-0.375
3157,bd048307e8b040484dde,1.0,0.5,0.5
3157,c76c17ea5bf64dd1f7f2,0.6,0.0,0.6
3157,f9a5f49d84fd16c596c2,0.5,1.0,-0.5
3158,477aa3294e3f5ab43340,0.5,0.0,0.5
3159,6defe4796ee5a43fa65e,0.5,0.0,0.5
3159,acb5e74eb5665a9ae5b2,0.75,1.0,-0.25
3160,4280820f32d40fec465b,0.8333333333333334,1.0,-0.16666666666666663
3160,db02e968c571dbe2d05a,0.5,1.0,-0.5
3160,f60447b7d06cece0bc08,0.8,0.5,0.30000000000000004
3161,94bee4d22c22eb3aef90,0.6666666666666666,0.5,0.16666666666666663
3161,f3b739a44b9a92a1d11c,0.875,0.5,0.375
3162,1373b0acead547599531,0.5,1.0,-0.5
3162,8dcc7f3c424750806787,0.3333333333333333,0.5,-0.16666666666666669
3163,62827f390e54837e2918,0.7142857142857143,0.5,0.2142857142857143
3163,7e0a478c34f8d3a8e601,1.0,0.5,0.5
3163,e57a8c4e1fdd911e51c8,0.75,0.0,0.75
3164,17ff6fd8328fa222d4c4,0.75,0.0,0.75
3165,4debfeeacee48c593a63,0.5,0.5,0.0
3165,6362b3aee2549ca780c5,0.5,0.5,0.0
3165,70e81a8334e4a1ca944e,0.6,1.0,-0.4
3166,37919507fe67f9f94799,1.0,0.0,1.0
3166,676a3c25f347e09bfb4e,0.3333333333333333,1.0,-0.6666666666666667
3166,b80fd0cb0b657859ffdf,0.8,0.0,0.8
3167,c8d27372d95d31473a19,0.25,0.5,-0.25
3168,2193acac983f3b7d01df,0.75,0.5,0.25
3168,95121658c34557435ea1,0.75,0.5,0.25
3168,d80f7583218ed74d9eaf,1.0,0.0,1.0
3169,2836e88311b9e153b002,0.8571428571428571,0.5,0.3571428571428571
3169,e8cbdfe3d979598ccada,0.6666666666666666,0.5,0.16666666666666663
3170,1c229fe5892ddfe1d083,0.6666666666666666,1.0,-0.33333333333333337
3170,f2a172b9d7c761a9aef5,0.8333333333333334,0.0,0.8333333333333334
3171,5701981e4b90c518c356,0.5,1.0,-0.5
3171,5e17e1994881cc800608,0.5555555555555556,0.5,0.05555555555555558
3172,534b04f86f915377e79d,0.25,0.5,-0.25
3172,b4642a7019cee1baeefd,0.5,1.0,-0.5
3172,c25f28f883bc68457ed2,0.5,0.0,0.5
3173,a993ab6efdeabd40fd57,1.0,1.0,0.0
3173,e8eb57c0601534e41eb8,1.0,0.5,0.5
3174,95b4a0dbb96a14a6fef5,0.8,0.0,0.8
3175,5b2d3ee4b186542c25c5,0.75,1.0,-0.25
3175,bafbb1a0857275c699b9,1.0,1.0,0.0
3176,f888222f1c87f97c3522,0.4,0.5,-0.09999999999999998
3177,53447cee86a1ed749138,0.6,0.5,0.09999999999999998
3177,ca33d8d48f111831dcc8,0.5,0.0,0.5
3177,f024a0663071a24bfcff,0.75,1.0,-0.25
3179,434fc458f107a3d5a1dd,0.0,1.0,-1.0
3179,a495b9c5ec69c3da02a0,0.0,0.5,-0.5
3179,c3bbfbd336924d630332,0.2,0.0,0.2
3180,01264a8b778b00d5c49e,0.8,0.5,0.30000000000000004
3180,40c628ffe3174d83b9ad,1.0,1.0,0.0
3180,8d0e081607968a3f2b35,0.8,0.5,0.30000000000000004
3181,2bc7f7cf1247aad84fe4,0.6,0.0,0.6
3181,431136c0a09f425a339f,0.6,0.0,0.6
3181,79bc283126faf51677a8,0.8,1.0,-0.19999999999999996
3182,0e2406a4614b97192772,0.75,0.5,0.25
3182,9dce33700f1c1a24a803,1.0,1.0,0.0
3182,aa06d7290f8eeb8137ce,1.0,0.5,0.5
3187,2557eecbfe21ef650ea8,0.8,0.0,0.8
3187,8f9221db85f461fefb51,0.75,0.0,0.75
3187,f4b531d0e7832a257b5a,0.6,0.5,0.09999999999999998
3189,7a4c17d22761ff156ea8,0.8333333333333334,1.0,-0.16666666666666663
3189,84fbfb47981e9173d3af,0.5555555555555556,0.0,0.5555555555555556
3189,c32d5d5966066e897199,1.0,1.0,0.0
3191,b34292b629418bdd616b,0.5,0.5,0.0
3191,fc4abac147b22cab0d63,0.5,0.5,0.0
3192,d720f4e9aa70e6b76de3,0.5,0.5,0.0
3192,de7556445df587901679,0.8333333333333334,0.0,0.8333333333333334
3192,fb0708103ae7ba83e97e,0.8333333333333334,0.0,0.8333333333333334
3193,7953c80f438971cbab02,0.75,0.5,0.25
3193,d1867d1417062ffca15b,1.0,0.5,0.5
3194,55234de1d3fb4ec2f5da,0.5,0.0,0.5
3194,a156811ddbe7d3cfefc1,0.6666666666666666,0.5,0.16666666666666663
3194,a766005c2d61a55d75be,0.3333333333333333,0.5,-0.16666666666666669
3195,6e47bc9b2f94fadba437,0.5,0.5,0.0
3195,88960055ea425e4e8b57,0.6666666666666666,1.0,-0.33333333333333337
3195,fe8cde549592cf5d02ac,0.6666666666666666,0.0,0.6666666666666666
3196,38de0d869abad98e40d7,0.5,1.0,-0.5
3196,732ec1ebacb0d0731310,0.5714285714285714,1.0,-0.4285714285714286
3198,106a2918a081fb9bcc0f,0.8,1.0,-0.19999999999999996
3199,72e6fab69393fcc7568a,0.6666666666666666,0.0,0.6666666666666666
3199,ab3ccb456e7a7c03e3c6,0.5,0.5,0.0
3199,ea41c603ed5f73f8d570,0.3333333333333333,0.0,0.3333333333333333
3200,0b2d225ad091ea9fd384,0.75,0.0,0.75
3200,1c45a402421335ef013a,0.75,0.0,0.75
3201,053ddaf8c9aeab24b618,0.7142857142857143,1.0,-0.2857142857142857
3201,64595da4ee4a5b35b4a8,0.8,0.5,0.30000000000000004
3201,88c65c631f4c48a6620c,1.0,0.5,0.5
3203,ece3d8e0778813796a9a,0.75,1.0,-0.25
3204,5fc4ee0aaaf04415e6ce,1.0,0.5,0.5
3204,bf189c1a1568e427db82,1.0,0.0,1.0
3204,c142f30ac587e4c8d3aa,1.0,0.0,1.0
3207,4e21a9595504e82e7ed5,0.0,1.0,-1.0
3207,9b689bd5c5e0a1b3eff1,0.25,1.0,-0.75
3207,c9e62fa024c4bea6f1a0,0.25,0.5,-0.25
3208,7a1f2fb150fc4ae7c5df,0.8333333333333334,0.5,0.33333333333333337
3208,cdaf913ac391538e8892,0.8571428571428571,0.5,0.3571428571428571
3208,ea5aec96227efb9addd0,1.0,1.0,0.0
3209,86a9746de236f9ea32b1,0.0,0.0,0.0
3209,b5c321e880f30d8c5263,0.5,0.0,0.5
3209,e9c2aad44e6c111eda12,0.3333333333333333,0.5,-0.16666666666666669
3210,424bba356ea2bfb0fb1e,0.3333333333333333,1.0,-0.6666666666666667
3210,938fd42aa46fe59c1c79,0.3333333333333333,1.0,-0.6666666666666667
3210,f01bd48aed0d359e6764,0.75,0.0,0.75
3211,5b736a2edef9b148e905,0.2,0.5,-0.3
3211,f9321473f2513d10c749,0.25,1.0,-0.75
3212,8c6682c9bf8ee2a5c74a,0.6,0.5,0.09999999999999998
3212,f690ddc7384446c32c06,0.6666666666666666,0.0,0.6666666666666666
3214,83350a43434fc7375a7b,0.5,0.0,0.5
3214,b7e776c2505af403e3b2,0.75,0.0,0.75
3263,5cd97ab6a9eb491d51c4,0.75,0.0,0.75
3265,3c160d4b17d85ffcbea4,0.7142857142857143,0.5,0.2142857142857143
3265,e7c67279552e68dcb125,1.0,0.0,1.0
3266,3a2a5bbcd7e292217286,1.0,0.5,0.5
3266,96de27e166bfd6efd2ab,1.0,0.5,0.5
3266,f3a2c031ef6c761e0532,1.0,1.0,0.0
3267,469f0875423ef5b8147b,1.0,0.5,0.5
3267,fc84d2a605d6748da54c,0.75,1.0,-0.25
3268,4c1fcdc6e715fd7b6228,0.25,0.5,-0.25
3270,27eb882e9d7a4d5b6b1e,0.4,0.5,-0.09999999999999998
3270,44cd40309d3497ce8123,0.8571428571428571,0.5,0.3571428571428571
3271,28320fa1dd53c9e74b3d,0.6,0.5,0.09999999999999998
3271,75f944a613313ac7aa35,1.0,1.0,0.0
3271,b934c02ddee249654114,0.3333333333333333,0.5,-0.16666666666666669
3272,91593330a9a41ce4d279,0.5,1.0,-0.5
3272,e7b71b7fc0975f8083ff,0.5,0.5,0.0
3272,fd6e1db7823664f4bbf6,0.5,0.5,0.0
3273,44552a072495dbe0e805,1.0,1.0,0.0
3273,a27d27eb4c00f0593ca6,0.3333333333333333,1.0,-0.6666666666666667
3273,d915474318ff29f68cf8,0.75,0.5,0.25
3274,6076bce95fb4c0d0d87f,1.0,1.0,0.0
3274,b44b2231ead4f2c5a571,0.8,1.0,-0.19999999999999996
3275,4cbcc34c10dea037a9da,0.0,1.0,-1.0
3275,99e4582b664b26888183,0.3333333333333333,0.5,-0.16666666666666669
3275,da8bf2e1397171069fcc,0.3333333333333333,1.0,-0.6666666666666667
3276,6be366c3241dec2f913a,0.5,0.5,0.0
3276,be4a1abbb5dcc20023f8,0.3333333333333333,1.0,-0.6666666666666667
3276,ef14b9698d1a4388d11e,0.5,1.0,-0.5
3277,4485990feb81dedf56be,1.0,1.0,0.0
3277,50f2559f897e2fc31ea6,0.6,1.0,-0.4
3277,e4ca89e9eb09ad7d5a50,1.0,0.5,0.5
3278,8e57bad4d8fb021f5de9,1.0,0.5,0.5
3278,ba639149b74632e4bdc8,1.0,0.5,0.5
3278,cc3436f08f0af592cdd1,0.8571428571428571,0.5,0.3571428571428571
3279,2736174ecba99f73357c,1.0,0.0,1.0
3279,398472fa2e85d2312a84,1.0,0.5,0.5
3279,652561dbf917a8309983,1.0,0.0,1.0
3280,3205b13aab8e49f0ceb3,0.3333333333333333,0.0,0.3333333333333333
3280,79b09f0efaf0dc83fc3f,0.3333333333333333,0.5,-0.16666666666666669
3281,0099a495a03083de0be5,0.3333333333333333,0.0,0.3333333333333333
3281,9761487b07bb24f462fb,0.6666666666666666,0.0,0.6666666666666666
3281,ac133582d21949854e37,0.5,0.0,0.5
3282,1e551f7d54a9dd3e5fbf,0.5,0.0,0.5
3282,972b2461d88e1845cf13,0.6,0.0,0.6
3283,1d2a667637fb2791c7cb,0.7272727272727273,0.5,0.2272727272727273
3283,61d60c1291bbbe78d268,0.8333333333333334,1.0,-0.16666666666666663
3283,f95ef55d7497135001df,0.5,0.0,0.5
3284,2fd0e522b0a53d07b5db,0.6666666666666666,0.0,0.6666666666666666
3284,3ed4bdba3eef13fa668f,1.0,0.0,1.0
3284,584fd74ba633813e13ab,1.0,0.5,0.5
3285,00fa06f04ec90961776f,1.0,1.0,0.0
3285,3879f944213bca90f470,1.0,0.5,0.5
3285,9c72c3152cfbf49dd1bd,0.75,0.5,0.25
3286,0f320b2522783a8a5c56,0.25,0.5,-0.25
3286,9702c646f522ab50224d,0.75,1.0,-0.25
3286,f5e8534e3e2a59fc991f,1.0,0.5,0.5
3287,0abef0884db24e82f0a0,0.75,1.0,-0.25
3287,663d3e8a7f9e58720d5e,1.0,0.0,1.0
3287,697390b83b0b068c3a04,0.5,0.5,0.0
3288,25188d298ca38776f877,0.5,0.0,0.5
3288,5eb003b97d928e8d5237,0.3333333333333333,0.5,-0.16666666666666669
3288,ebbaf92bf54ac097b3f0,0.4,0.5,-0.09999999999999998
3289,88645a46ba9f3959b9bf,0.5,0.5,0.0
3289,9b7f4b8e020d28068da4,0.75,0.5,0.25
3289,e2068e71ffd9fc5e4646,0.6666666666666666,1.0,-0.33333333333333337
3290,01444bab2fa3f92a38e1,0.8333333333333334,1.0,-0.16666666666666663
3290,01a5301708cf54196972,0.75,0.5,0.25
3290,a16813dcbcd7a1dd67ce,0.8,0.5,0.30000000000000004
3291,46af1cbad7115ab30028,0.3333333333333333,1.0,-0.6666666666666667
3291,75d50ab9bbc295f722b9,0.3333333333333333,0.5,-0.16666666666666669
3291,b66f1dfb8a7ab5f62316,0.3333333333333333,0.0,0.3333333333333333
3292,3bdd4234a133eb4e682c,0.5555555555555556,0.0,0.5555555555555556
3292,4a26adcfdef2326208b5,0.7777777777777778,0.5,0.2777777777777778
3292,d8e318b00d83961c988a,0.6666666666666666,0.5,0.16666666666666663
3293,8286195b6494e0534087,0.6666666666666666,0.5,0.16666666666666663
3293,99e7b55e12e9f47def35,1.0,0.0,1.0
3293,e0c71a67a968a92b931e,0.6666666666666666,1.0,-0.33333333333333337
3294,7a31eb3977eaf9e3d4c1,0.8,1.0,-0.19999999999999996
3294,8b667abb2e5ab4d11a07,0.8571428571428571,1.0,-0.1428571428571429
3294,fbbda96a559d4991ed7a,0.8,0.5,0.30000000000000004
3295,01d4c22d359946b21d7e,1.0,0.0,1.0
3295,94238a370faf703bdc27,0.75,1.0,-0.25
3295,c2b4ef9c3413f2af7e91,1.0,0.5,0.5
3296,8f8bf29d7e17fda6ffb8,1.0,0.0,1.0
3296,f188a3d82bf37e15871a,0.5,0.0,0.5
3297,349ea1e3318ad248da4f,0.6666666666666666,0.5,0.16666666666666663
3297,b25292e2ff28b0c71921,0.6666666666666666,1.0,-0.33333333333333337
3297,fb4cc8ae86c2fa05e165,0.3333333333333333,0.0,0.3333333333333333
3298,aec249f69fb8a22cfe36,1.0,0.5,0.5
3298,c909973b3c288d7458b3,0.4,1.0,-0.6
3298,fd69ec9baf74b2f40b26,1.0,0.5,0.5
3299,42a45d292180f5946cd3,1.0,1.0,0.0
3299,9502345026788b3bbfc7,0.6666666666666666,0.5,0.16666666666666663
3299,f5b36a90125642bc90fd,0.6666666666666666,1.0,-0.33333333333333337
3300,4052d2061dd3437e3aae,0.5,1.0,-0.5
3300,54e3543b97945214183a,1.0,0.5,0.5
3300,af359c77ee817545e461,0.5,0.0,0.5
3301,19a28d85c0c45d424fd3,0.6666666666666666,0.0,0.6666666666666666
3301,4b6a66f1f890c24ad4e3,0.6666666666666666,0.0,0.6666666666666666
3301,b15cb9a27ef71ec32749,1.0,0.5,0.5
3302,1b6ba376b77ed6f3eea3,0.6,1.0,-0.4
3302,94fdfbbd76ffa33c4c5e,0.3333333333333333,0.0,0.3333333333333333
3303,00188d6a4b669e73e1e0,1.0,0.0,1.0
3303,a3141b7532f8d953bab5,0.8,0.0,0.8
3303,ff92dd6954057453b969,0.5,0.0,0.5
3304,84f8f08baa98b4bd3357,0.5,0.0,0.5
3305,936b8f5980d110b17edc,0.0,0.0,0.0
3305,bda1bff994ee7c2bfac3,0.3333333333333333,0.5,-0.16666666666666669
3305,bf0d37a049016350cf12,0.6666666666666666,0.0,0.6666666666666666
3306,db94d7633caaabcb6900,0.6666666666666666,1.0,-0.33333333333333337
3307,9f6230d03e6dbaa6097b,0.8888888888888888,1.0,-0.11111111111111116
3307,e51237919739503bfc23,0.8333333333333334,1.0,-0.16666666666666663
3307,fc1cb7b3e5fe60aadf45,0.5,0.5,0.0
3308,363db9d244fc8a31cd0c,0.5,0.5,0.0
3308,b1e8ade22db351aa8c81,0.4,1.0,-0.6
3308,ecceb0a57939d2579e62,0.5,1.0,-0.5
3309,7122cd14ca8c9fe25271,0.5,1.0,-0.5
3309,e82e23e531c83a00439b,0.6666666666666666,0.5,0.16666666666666663
3310,2f6e7d8a058d2daa3036,0.0,0.0,0.0
3310,9ff60340a39773cc04ca,0.0,0.0,0.0
3311,7319179214e6a4edfe42,1.0,0.5,0.5
3311,89698235b8a0f61b2691,0.6,1.0,-0.4
3311,dca23c4dd492837e645c,0.6666666666666666,0.0,0.6666666666666666
3312,4795e54ebd6cecbaa3df,1.0,1.0,0.0
3312,52281661e364f4632496,1.0,0.5,0.5
3312,7cd4e8ea19075db72822,1.0,0.5,0.5
3313,45983ecea31d47630be2,0.75,1.0,-0.25
3313,96c1d78b7910338dea39,0.3333333333333333,0.5,-0.16666666666666669
3313,cffb5e45647430105a3d,0.6666666666666666,0.5,0.16666666666666663
3315,41b1cb14c883bb9b85b5,0.5,0.0,0.5
3315,c15b214fabd27dd4d062,0.5,0.0,0.5
3315,e53cf0322d86e73c5a8d,0.8,0.5,0.30000000000000004
3316,35faabc9b082aa942b0d,1.0,0.5,0.5
3316,782d9478dbf88c46c69e,0.8,0.5,0.30000000000000004
3316,a27719e15e360800ee69,1.0,1.0,0.0
3317,4713d258dd1a889d120e,0.42857142857142855,0.0,0.42857142857142855
3317,de3272a64c9b2bf6abee,0.5714285714285714,0.0,0.5714285714285714
3318,5efebcdea7b41a1b7d1b,0.6666666666666666,0.5,0.16666666666666663
3318,83bda324cdc2c6254355,0.3333333333333333,0.5,-0.16666666666666669
3319,2e4b37e3ee29617c5bb6,1.0,0.5,0.5
3319,4f4243bafc4fff9f66cb,0.42857142857142855,0.5,-0.07142857142857145
3319,7d75e90d3bc68c2acf57,0.5,0.0,0.5
3320,1f7b53ed7df72eb63f5a,0.6666666666666666,0.5,0.16666666666666663
3320,853c5901f288a5a5405c,1.0,0.0,1.0
3320,ffb8e50f60522337b233,0.75,1.0,-0.25
3321,bcedfbf194698ee2c508,1.0,0.5,0.5
3321,d2caa639a9f412ed6238,0.3333333333333333,0.0,0.3333333333333333
3322,5e5b649dba3a93fe0c8c,0.5,0.5,0.0
3322,76bd51e097199d71cc9a,0.6666666666666666,0.5,0.16666666666666663
3322,8ebe3cf7bf06c79e08f0,0.6666666666666666,1.0,-0.33333333333333337
3323,a331e02ac74202f21d20,0.6666666666666666,1.0,-0.33333333333333337
3323,c0d13f34adcb65f9633e,0.3333333333333333,1.0,-0.6666666666666667
3323,f822102773bb8eec1664,1.0,0.0,1.0
3324,0bae5d6b6bd0b8bc9df8,0.25,0.5,-0.25
3325,66bfdb056d51274ffc9c,0.6666666666666666,1.0,-0.33333333333333337
3325,a0d99c60f2c02bbdfa29,0.6666666666666666,0.5,0.16666666666666663
3325,ae36e0698cff6c391cf8,0.3333333333333333,0.5,-0.16666666666666669
3326,18fb5119de5c3936e47b,0.6,0.0,0.6
3326,1d51f0a8bcbd1009de41,0.5,0.5,0.0
3326,b02a672f6c4e7cfa858b,0.75,1.0,-0.25
3327,547bf3be8b72fb5d0dd7,0.375,0.5,-0.125
3327,a2c07f309f74f296cd26,0.6470588235294118,1.0,-0.3529411764705882
3327,e522eadbd57fe253a160,0.4444444444444444,1.0,-0.5555555555555556
3328,35244243f493110ac674,0.6,0.0,0.6
3328,962239bcd3b46ab1e2d4,0.2,0.5,-0.3
3329,07a4ee4850eb46c83dfb,0.3333333333333333,0.5,-0.16666666666666669
3329,4667803c214d8f4df08c,0.7,0.5,0.19999999999999996
3329,e2d53b5a965fad350ae1,0.8571428571428571,0.0,0.8571428571428571
3330,8f697970d56b3fb471d9,1.0,1.0,0.0
3330,a11d18f02ce029684f57,1.0,0.5,0.5
3330,de8c804fa521c3cbdb65,1.0,0.0,1.0
3331,43e02600296b8ae6b3bf,0.5,1.0,-0.5
3331,75f83adcffed1a6751e0,1.0,0.5,0.5
3331,ef91801da86a281fc389,0.5,0.0,0.5
3332,866af162a238163c42b4,0.45454545454545453,0.5,-0.04545454545454547
3332,dd81ed42bc2a49fb4d15,0.5,1.0,-0.5
3333,347fb88c8da178e35244,0.6666666666666666,0.0,0.6666666666666666
3333,e77228efb770994bbeb1,1.0,1.0,0.0
3334,193028e5909d1faac070,1.0,1.0,0.0
3334,ff5a9e5c421b3af9373f,0.7777777777777778,1.0,-0.2222222222222222
3335,6298582169bcad82ca9f,0.9,0.0,0.9
3335,65d0a8af86ad31719f99,0.8571428571428571,0.5,0.3571428571428571
3335,b5b6eeaa3b1bff223263,0.6923076923076923,1.0,-0.3076923076923077
3336,44ec42f23e52ce122d84,0.8,1.0,-0.19999999999999996
3336,96428f2a4347e484409f,0.5,0.5,0.0
3336,e515086566c7f70c7efc,0.8,0.5,0.30000000000000004
3337,07c67e3e3dda5075529e,0.7142857142857143,1.0,-0.2857142857142857
3337,16d45815141f02687ab7,0.875,1.0,-0.125
3337,820a04a5cf2b194815b7,0.8571428571428571,0.5,0.3571428571428571
3338,4ca08c29ed19871181f7,0.3333333333333333,0.5,-0.16666666666666669
3339,6c2f3e556ce2d0c4bd58,0.5,0.5,0.0
3340,13de9f5f23c6de28f2c6,1.0,0.0,1.0
3340,1412c70bc0c9bacf3a23,0.5,0.5,0.0
3340,6b50be4e129bf2548ac6,0.6666666666666666,1.0,-0.33333333333333337
3341,14747ebfd978ea1df5d2,0.7142857142857143,1.0,-0.2857142857142857
3341,21bb5ffd1c2eac581ce1,0.3333333333333333,1.0,-0.6666666666666667
3341,9da768857beea833672b,0.3333333333333333,1.0,-0.6666666666666667
3342,414dbea9cda468585ae1,0.5,0.5,0.0
3342,47f5b684eb437ef554eb,0.3333333333333333,1.0,-0.6666666666666667
3342,63d807fd582188172e36,0.5,0.5,0.0
3343,0da3beef9f9995eef138,0.6,1.0,-0.4
3343,4581e37b4786cbf727a2,0.6666666666666666,0.5,0.16666666666666663
3345,095b83343e60ab89b650,1.0,1.0,0.0
3345,eebe7b4d35c826185cb6,0.5,0.0,0.5
3345,efd83ec700f6afebf0ef,0.5,1.0,-0.5
3346,322add3d0cbc6249504c,0.3333333333333333,0.5,-0.16666666666666669
3346,4e6c250cc7c6d02f6737,0.75,1.0,-0.25
3347,097f620f92839ceae597,0.6666666666666666,0.0,0.6666666666666666
3347,2c1cfe1d2b01a1367c43,0.25,0.0,0.25
3347,8f2ff82931aa47ceab5f,0.4,0.5,-0.09999999999999998
3348,3e36e78be7244338f3a2,0.75,0.5,0.25
3348,9a2f5ee1f28ce265c437,0.6666666666666666,0.0,0.6666666666666666
3348,e6896a1e91d8b001496b,0.6666666666666666,0.5,0.16666666666666663
3349,4d8ca4d20f0c29683670,0.75,0.5,0.25
3349,9696503f7b6f79366701,1.0,0.5,0.5
3349,b623c172b3081d24261c,0.75,0.5,0.25
3350,4edeca3adc8646ede49c,0.6666666666666666,0.0,0.6666666666666666
3350,6278f94d2eb2365470c5,0.3333333333333333,0.0,0.3333333333333333
3350,9695827d4b4cc1946048,0.625,1.0,-0.375
3351,3e03dc15616692c0c5e6,0.75,0.5,0.25
3351,81d2f2cdebdfe1854ed2,1.0,0.5,0.5
3352,4b2495efa29f2592f5df,0.8,0.5,0.30000000000000004
3352,6212cb787f1f5e6cd43c,0.6,0.0,0.6
3352,feefea68c0f39ab2d6be,0.8,0.5,0.30000000000000004
3353,43abd7c2ad5469234a7a,0.8,1.0,-0.19999999999999996
3353,805ea27209b765522204,0.6,1.0,-0.4
3353,d1d3fbd90e042d4b126f,0.4,0.5,-0.09999999999999998
3354,b95335764b9d47457cd7,0.6666666666666666,0.5,0.16666666666666663
3354,d1da39f0e0c047a46f36,0.3333333333333333,0.0,0.3333333333333333
3354,e244215e2cb6dc7cff99,0.6666666666666666,0.5,0.16666666666666663
3355,8bc863d42ae6f2521835,0.6666666666666666,0.5,0.16666666666666663
3355,ac2b4d36ab5f1dade824,0.8,0.5,0.30000000000000004
3355,ae285a5b39b810aa810c,0.6666666666666666,0.5,0.16666666666666663
3356,020851140e55413ab7a2,0.0,1.0,-1.0
3356,2426b47599c0d783c8a8,0.3333333333333333,0.5,-0.16666666666666669
3356,52e03523b5040a9fefe1,0.5454545454545454,0.0,0.5454545454545454
3357,323f50de0b5ab4d806f8,1.0,0.5,0.5
3357,8560022cfa0043459b08,0.3333333333333333,1.0,-0.6666666666666667
3357,c6e0eaf1b34368129b88,0.6666666666666666,1.0,-0.33333333333333337
3358,4dac7e1d0d1c7b316441,0.75,0.0,0.75
3358,b35f5489e3de6707352a,0.3333333333333333,0.0,0.3333333333333333
3359,17ee1570847c12ccb21b,0.5,1.0,-0.5
3359,9969e9880da9d720a5d2,0.6,0.5,0.09999999999999998
3359,bc20b63030e634f7af93,0.8,1.0,-0.19999999999999996
3360,cab9db860b87b9dbde52,0.8571428571428571,0.5,0.3571428571428571
3360,ce2192f2582d575faa0e,0.8571428571428571,1.0,-0.1428571428571429
3361,043de8cbe8b45ef9e1d1,0.5,0.5,0.0
3361,2661cb8ffb97efcea690,0.7,1.0,-0.30000000000000004
3361,9827011769c5eb005554,0.6,1.0,-0.4
3362,420470853dfd2465f75d,1.0,1.0,0.0
3362,81b73302a5ba414d8506,1.0,0.0,1.0
3362,b391a8d23d811c20d625,1.0,0.5,0.5
3363,458fceaa41c76517b54b,1.0,0.5,0.5
3363,57ca43e29e1c8d9ab23c,0.75,0.0,0.75
3363,f14861159e59a5a5ad85,0.5,0.5,0.0
3364,60a991c06348f7330bf8,1.0,1.0,0.0
3364,c4a0de1ccd13390a4a65,0.0,0.5,-0.5
3365,65bc99c94e372db4a823,1.0,1.0,0.0
3365,85ba67a08f586a56d08b,1.0,1.0,0.0
3365,91f663d55074fc12263e,1.0,0.5,0.5
3366,5e51133c12d3f8cbf959,0.5,0.5,0.0
3368,4fdbf96b2e693dcbe0b3,0.0,0.5,-0.5
3368,5cf545245b20b91127f4,0.0,0.0,0.0
3368,82e3929ffb9ff563ad01,0.0,0.5,-0.5
3369,4b423292cda99c69c356,0.6666666666666666,0.0,0.6666666666666666
3369,6d88136d84c9bc792940,0.2,0.5,-0.3
3369,974efd1da6c2872c4892,0.16666666666666666,1.0,-0.8333333333333334
3370,56c1ea56472a55dad917,0.6666666666666666,0.5,0.16666666666666663
3370,d9573eada4d6092818db,0.6666666666666666,0.5,0.16666666666666663
3370,ddd3c2eafe633fa1434d,1.0,0.0,1.0
3371,6e7003016b333d2b5d25,0.0,0.5,-0.5
3371,bb2729b489698d2f521b,1.0,0.0,1.0
3372,02aa038152ebf342e924,0.75,1.0,-0.25
3372,050fee4049f227fdbb36,0.3333333333333333,0.0,0.3333333333333333
3372,4142398cff36db3d8cfb,0.5,0.5,0.0
3373,39e9a9d07ded765cd174,0.3333333333333333,0.5,-0.16666666666666669
3373,ef389db8e8930fff8a9b,0.3333333333333333,0.5,-0.16666666666666669
3373,f61a8ed631cee007ccb5,0.6,0.5,0.09999999999999998
3374,1350301fc89ae3e9135b,0.5,0.5,0.0
3374,a1da932851946638a7bf,0.5,0.0,0.5
3374,d91bcf7fad9a5e9d2404,0.5,0.5,0.0
3375,619a9ec87d1b77e683ff,0.5,1.0,-0.5
3375,75dd02ec38e2d634393b,1.0,0.5,0.5
3375,c9971b3d61aecf82007a,0.5,0.5,0.0
3376,2ad534ca67fb0710da18,0.6666666666666666,0.5,0.16666666666666663
3377,348209640ac40d574bb9,0.5,0.5,0.0
3377,aacbe6ccf922d5193d0f,0.5,0.5,0.0
3377,c9f26f8c35c2028b9b5b,0.5,0.5,0.0
3378,43a084d6ca0a20f60f0e,0.0,0.5,-0.5
3379,a0b713dd440317d9288c,0.6,1.0,-0.4
3379,bfe64d87a5f4c076697e,0.8461538461538461,0.0,0.8461538461538461
3380,2d18501ecff33fcf6ede,0.6666666666666666,1.0,-0.33333333333333337
3380,6c9a802c3b906e51a72e,0.5,0.5,0.0
3380,a4dda2142f370bc426f3,0.6666666666666666,0.0,0.6666666666666666
3381,5d31d0c0a6a0eacb9ceb,0.6666666666666666,0.5,0.16666666666666663
3381,9c255bd48da611ce1bff,1.0,0.5,0.5
3382,1f7e28d14b8f7a2a35fb,0.6,0.5,0.09999999999999998
3382,430294dfa8179b4cccab,0.5,0.5,0.0
3382,b28ad7f2c819a1c9e973,0.3333333333333333,0.0,0.3333333333333333
3383,174b332f79032a6074c8,0.75,1.0,-0.25
3383,aa8a359e6320da36e2b5,0.6666666666666666,0.0,0.6666666666666666
3384,52d58d1486383672ae3c,0.5,0.5,0.0
3384,f7a2233ce9479959901b,0.3333333333333333,1.0,-0.6666666666666667
3384,fb606ead0e1f5fd298d3,0.0,1.0,-1.0
3385,41ff40c13b81855c6687,0.8571428571428571,0.0,0.8571428571428571
3385,8def397149df4876ad1e,0.7142857142857143,0.5,0.2142857142857143
3386,905b89a3f27c52f4e0a2,0.4,1.0,-0.6
3386,9eb14fc26ac1c55c0c3d,0.42857142857142855,1.0,-0.5714285714285714
3386,9fc772911e698c59c423,0.8333333333333334,1.0,-0.16666666666666663
3387,7133f7a5fd58d2b034c9,0.0,0.0,0.0
3387,8787620cff1fdcd06f96,0.0,0.0,0.0
3387,9545b235e5bd146870b8,0.5,0.5,0.0
3388,12ab46f4eb943b1918b7,0.5555555555555556,0.5,0.05555555555555558
3388,19975e59ec9c9152a0c9,0.8,0.0,0.8
3388,e23a1c3bed99893389aa,0.42857142857142855,0.5,-0.07142857142857145
3389,45e800bd861c0f6feabd,0.0,1.0,-1.0
3389,701a94048d3087ab00e8,0.0,1.0,-1.0
3389,81335f6286e3d8ca6f05,0.0,0.5,-0.5
3390,5262c1758af7a7c03d74,0.75,0.0,0.75
3390,9145246054bcfc02bf15,0.6666666666666666,0.0,0.6666666666666666
3390,dbef0eb6f02387bb9673,0.6666666666666666,1.0,-0.33333333333333337
3391,5694388b2d99a5ea8500,0.5,0.5,0.0
3391,d1757fd34bb443d3e8bc,0.4,1.0,-0.6
3392,04df72d0441223c2c5f6,0.6,0.0,0.6
3392,3c4d1f1d3bd136db6db1,0.75,0.0,0.75
3392,a83768a56e69669ad3e7,0.75,0.0,0.75
3393,68f1c24f55f9cfee5494,0.6666666666666666,0.0,0.6666666666666666
3393,68f46add49522fcd5c99,0.3333333333333333,0.5,-0.16666666666666669
3393,8fd43241d215d32fb3e9,1.0,0.5,0.5
3394,00d2fb20fe15cc27e7cc,1.0,1.0,0.0
3394,457dc33b7c29daaa6d75,0.75,0.5,0.25
3395,46334a7bcce17dc75647,1.0,0.0,1.0
3395,7f6654f531e21701a63e,0.5,1.0,-0.5
3395,c6046c8a48415b7c2d59,0.0,1.0,-1.0
3396,0eba25f9adffb005560c,0.6923076923076923,0.0,0.6923076923076923
3396,db8b0c948d21c277cea3,0.8333333333333334,0.5,0.33333333333333337
3397,3c756b8823aa03089393,1.0,0.5,0.5
3397,73f15813265bd02fe44a,0.8333333333333334,0.5,0.33333333333333337
3397,c34e1e48648ffaa861d6,0.8333333333333334,0.5,0.33333333333333337
3398,0f6bdfe044cb107d2ad1,0.8333333333333334,0.0,0.8333333333333334
3398,663c2d315ac9823e3e7f,0.6666666666666666,0.5,0.16666666666666663
3398,fe2fc1a72c7e6e318383,0.6666666666666666,0.5,0.16666666666666663
3399,a9dd97e555e8b34b52d1,0.75,0.5,0.25
3399,c8e20326e513655dc4d1,0.8333333333333334,1.0,-0.16666666666666663
3399,e4c3099a659d990949a2,0.75,0.0,0.75
3400,2ba3b186704b7852031c,0.75,0.5,0.25
3400,bd161d0483b8ea8a63d5,0.6,0.0,0.6
3400,de59146f778d74fba783,0.5714285714285714,0.5,0.0714285714285714
3401,0ad72c92d0f1f43de98e,0.5,0.0,0.5
3401,14a330614bf3163fa098,0.6666666666666666,0.5,0.16666666666666663
3401,5d9ac5caa111385d401a,0.6666666666666666,0.5,0.16666666666666663
3402,7bf741341f52137c8ca4,0.3333333333333333,0.5,-0.16666666666666669
3402,9b188c2f815cc9534864,0.3333333333333333,0.5,-0.16666666666666669
3402,cb6953d82dcfe3fd3f1d,0.75,0.5,0.25
3403,232006ec7440d1bdd786,0.75,0.5,0.25
3403,7baab18078654b7675be,0.3333333333333333,0.0,0.3333333333333333
3403,ca9b2b5b5db1e4b64e6e,1.0,0.0,1.0
3405,94aaa86d55f82a0064a8,1.0,0.0,1.0
3405,b6d0cd1e98f6fe0765ee,1.0,0.5,0.5
3407,354707017850b4447e22,0.9,0.5,0.4
3407,98ab64b80c381db46d27,0.7777777777777778,0.0,0.7777777777777778
3408,3f1b941a4fa4c456dc68,0.25,0.5,-0.25
3408,8915a5819ffa6aac4e7b,0.6666666666666666,0.0,0.6666666666666666
3408,e69f91bb05fdad44e631,0.3333333333333333,0.0,0.3333333333333333
3410,292571d564c419578308,1.0,0.0,1.0
3410,ab994e179d4fa8b1282c,1.0,0.5,0.5
3410,ccde6781cd68ed8d5352,1.0,0.5,0.5
3410,cf24570ccbb2bde41997,1.0,0.5,0.5
3410,dc7fb5ec003324bb3f4b,1.0,0.5,0.5
3411,79d1c7b498ec867c7f65,1.0,0.5,0.5
3411,b2fad00210f476164adc,0.5,0.5,0.0
3411,bdc1fc9904e202890214,0.75,1.0,-0.25
3411,f187691340a0fdf4ec4d,1.0,1.0,0.0
3412,00ca33f7e11460aeedef,0.3333333333333333,0.0,0.3333333333333333
3412,634d942b96ff260d8400,0.6,1.0,-0.4
3412,8118f3dbbe9a9ec79988,1.0,0.5,0.5
3413,3ea10c642f36a30d58b9,0.3333333333333333,1.0,-0.6666666666666667
3413,5990bcafda00a80b33d9,0.3333333333333333,0.5,-0.16666666666666669
3413,877dc5e3e0830e73dd2b,0.75,0.5,0.25
3413,b4c9432725793f03f4c7,1.0,1.0,0.0
3413,d915efd4afb8b0fe186e,0.75,0.0,0.75
3414,d8334609e9a7e7296078,0.4444444444444444,0.0,0.4444444444444444
3414,dc62bc542b0fa21fd2e7,0.5714285714285714,0.5,0.0714285714285714
3415,300e63bcaa2493121dd1,1.0,1.0,0.0
3415,34400a6ddcb670bd9890,0.5714285714285714,0.0,0.5714285714285714
3415,8794e2814e6488206901,0.6666666666666666,1.0,-0.33333333333333337
3415,c77093574728b65352b9,0.6666666666666666,0.5,0.16666666666666663
3415,e538885a6d5f0d6eb6fd,0.6666666666666666,0.0,0.6666666666666666
3416,494c9046ef295eed55a3,1.0,0.5,0.5
3416,4964cf2304749e40e93a,0.75,0.0,0.75
3416,5406a69116fb3bf1a7cf,0.5,0.0,0.5
3416,f3fa4e1fcc0e90c686a0,1.0,0.0,1.0
3417,45a97c2e1436979ab81b,0.25,0.5,-0.25
3417,4a09cff9d7bd229bd794,0.6666666666666666,0.0,0.6666666666666666
3417,77c36e89eb8f6f01fba5,0.4,0.0,0.4
3417,d10837aa1064185795e5,0.25,1.0,-0.75
3418,0a937944d55a868a7ea9,0.8,0.0,0.8
3418,a2322eee94565b129299,0.25,0.5,-0.25
3418,a474aac06c3a5d72831b,0.25,0.0,0.25
3418,a782a44c7464c0e1eade,0.6666666666666666,1.0,-0.33333333333333337
3419,124dd5a6f629fe7ac97a,0.8,1.0,-0.19999999999999996
3419,6bd523937d3d799b422b,0.6956521739130435,1.0,-0.30434782608695654
3419,83eb105c836094a66b5b,0.8333333333333334,0.5,0.33333333333333337
3420,654f948edeee69ce2d3a,0.8,0.0,0.8
3420,66b9b81f2d46a913a237,1.0,1.0,0.0
3420,b109acd0e64a9d4e521c,0.8,0.0,0.8
3420,e05d6eab7f3083186e0f,0.6,0.0,0.6
3420,ff3a7bc9a4eb824f9e03,0.8,0.5,0.30000000000000004
3421,937b1b876163265eb909,0.6,0.0,0.6
3421,df669935652e642b89b4,0.6666666666666666,1.0,-0.33333333333333337
3421,e10b7ef15aae1f48f94e,0.75,0.5,0.25
3421,ee194e3968445a3d389f,0.5,0.0,0.5
3422,16f81e9f9bb4d149e2c4,0.3333333333333333,0.5,-0.16666666666666669
3422,216b34fecb73605b68f4,0.0,0.5,-0.5
3422,58ce64aac13e94d27a56,0.6666666666666666,0.5,0.16666666666666663
3422,f344b2acf67a61ace0bb,0.8,0.5,0.30000000000000004
3423,18799e0c94bb8964fb7b,0.75,0.0,0.75
3423,e647c63a68db4c71784b,0.7142857142857143,0.0,0.7142857142857143
3424,036448ee4f594f999f89,0.5,0.5,0.0
3424,0a5bc98f606dc10dc5da,0.8571428571428571,1.0,-0.1428571428571429
3424,284ceca980bc42c1be9e,0.9,0.5,0.4
3424,635b1218ad31fb634334,0.7142857142857143,0.5,0.2142857142857143
3424,f6ce6edac1de17bfae0e,0.6,0.5,0.09999999999999998
3425,25563f529158a5e5337b,0.7142857142857143,0.5,0.2142857142857143
3425,8bdf164deb6006def8c8,0.6666666666666666,0.5,0.16666666666666663
3425,fff64ad740fe6859a8fe,0.2,0.5,-0.3
3426,3ec5bbe4b1cbb61702d9,0.5,1.0,-0.5
3426,7fc8ed11bf39b88b157c,0.5,0.5,0.0
3427,372ec323379df2cd3bc0,0.6666666666666666,0.0,0.6666666666666666
3427,c9e4f69db0af95b98f83,0.5714285714285714,0.0,0.5714285714285714
3428,02da99b708dd2525d5bb,0.6666666666666666,1.0,-0.33333333333333337
3428,07ce09e1f7ec6cd3ade1,0.6666666666666666,1.0,-0.33333333333333337
3428,3f598557350f06ed19e2,0.6666666666666666,0.0,0.6666666666666666
3428,4e3f2aebfd868cb643c3,0.6666666666666666,0.0,0.6666666666666666
3429,26cedf535578b1b7f7e5,0.3333333333333333,0.5,-0.16666666666666669
3429,4fab8781e77642176cbf,0.6666666666666666,0.0,0.6666666666666666
3429,80ec38789b40dc3b5a9c,0.4,0.5,-0.09999999999999998
3429,9562275c999301fba7c0,0.6666666666666666,1.0,-0.33333333333333337
3429,99640ffac47601b06af0,0.6666666666666666,0.0,0.6666666666666666
3430,1e529ac2120cddc7a4ca,0.25,0.0,0.25
3430,1e6265ee22d31bf8d40a,0.0,0.0,0.0
3430,70136047724913b70bbd,0.6666666666666666,0.0,0.6666666666666666
3430,a54ff0b553669fcce418,0.0,0.0,0.0
3430,ede1457377da3d32c417,0.5,0.5,0.0
3431,0a8f1b8027eca425b4e0,0.5,0.0,0.5
3431,38bb00d2700114ec98be,0.5,0.5,0.0
3431,d7be5841290e247cc22d,0.5,0.0,0.5
3432,2e927003e7271790132a,0.75,0.5,0.25
3432,3dc6dde5d50bdcdfd786,0.75,0.5,0.25
3432,64f58fe1e0cd4f0ed212,1.0,0.5,0.5
3432,6615558746ded96caa42,1.0,0.5,0.5
3432,d4701f1e3ee9e6618763,0.6666666666666666,1.0,-0.33333333333333337
3433,7b82eccd423eac8e9af3,0.4,1.0,-0.6
3433,8a1c6864176e101b3f21,0.5,1.0,-0.5
3433,a720c3c3c5a1a3e2907b,0.8,0.5,0.30000000000000004
3433,cb8893f0c9b946ccfb31,0.6,1.0,-0.4
3433,d115611898639bd34ac8,0.5714285714285714,1.0,-0.4285714285714286
3434,0b0f66438ff48ab2853d,1.0,0.5,0.5
3434,43436397abbda9de6bbf,0.3333333333333333,0.0,0.3333333333333333
3434,4b031018ab896259bd0e,0.5,0.5,0.0
3434,5264f49c11add2c77271,0.6666666666666666,0.0,0.6666666666666666
3434,9641cc390f1c455220cd,0.5,0.0,0.5
3435,5afe38e777e3b0353db9,0.5714285714285714,0.5,0.0714285714285714
3435,85d82363d378e3e698f9,0.5,0.5,0.0
3435,99fbe770da9426ddf7ba,0.5,0.5,0.0
3435,eff8827f64e6d7ab5ca8,0.75,0.0,0.75
3436,1103f9fd0dc3a1d1c539,0.75,0.5,0.25
3436,50c6ebadcd8daac483e1,1.0,0.5,0.5
3436,a9b3ae38da20f9d0a653,0.75,0.0,0.75
3436,de8a96dabee4e8104fec,0.5,0.5,0.0
3437,071baf70ba0ba023aa9f,0.8333333333333334,0.5,0.33333333333333337
3437,3a18ec9b9e67d5eeb14e,0.6666666666666666,0.0,0.6666666666666666
3437,42394bb903a708976a72,0.625,0.5,0.125
3437,8912896d563b0bdc1547,0.5714285714285714,0.0,0.5714285714285714
3437,a4bfce3c5944dd476cd3,0.8,0.5,0.30000000000000004
3438,20b8dbc731664669e95a,0.3333333333333333,0.0,0.3333333333333333
3439,829dd9651fb4a2dd206c,0.5,0.5,0.0
3439,f13762ae215e626920ee,0.2,0.5,-0.3
3440,4ef2a3fb9658e83c5f81,0.5,1.0,-0.5
3440,6ddfc34e65ea19121bcc,0.6666666666666666,0.5,0.16666666666666663
3441,44c18cd19e601fdd0815,0.0,1.0,-1.0
3441,f4a2f88acfe684746cf4,0.5,0.0,0.5
3442,a0e2d64646177fea8f9a,0.8333333333333334,1.0,-0.16666666666666663
3442,a514122bab75174a58c9,0.75,0.0,0.75
3442,d90ffbc8961427961778,0.8666666666666667,0.0,0.8666666666666667
3443,66a6f6f83a48a7bb82f4,0.8333333333333334,1.0,-0.16666666666666663
3444,1ffe316a3650e29cf943,0.75,0.5,0.25
3444,651279f58381768581bc,0.3333333333333333,1.0,-0.6666666666666667
3444,7a7b50c36d1eb648cce5,0.25,0.0,0.25
3445,0393c3fa123327338008,0.75,0.0,0.75
3445,a14d9b3397aba7e2907a,0.6,1.0,-0.4
3445,c596283424764eccd155,1.0,1.0,0.0
3446,1dc10f5b9c50039c759b,1.0,1.0,0.0
3446,d75e409284d8064c882c,1.0,1.0,0.0
3446,e803e55e18041c5784a2,0.6666666666666666,1.0,-0.33333333333333337
3447,19d8a8e7a25c46eba82a,1.0,1.0,0.0
3447,d029a2fbc352f2f03683,0.6666666666666666,1.0,-0.33333333333333337
3448,944be0e2833da23f8184,0.6,0.0,0.6
3448,ab1cc099fa20c5bc5978,0.8333333333333334,1.0,-0.16666666666666663
3448,f1bc7511a93628b10345,1.0,0.5,0.5
3449,3ab61706cddc30078aca,0.8,0.0,0.8
3449,7e7b0d5f6cdc681ea030,1.0,1.0,0.0
3449,f91d2736f309ace14b46,1.0,0.5,0.5
3450,24237e92777553bf2004,0.5,1.0,-0.5
3450,6b3adcdc7f23d1b15f01,0.3333333333333333,0.5,-0.16666666666666669
3450,d41945d064ca342a2200,0.75,0.5,0.25
3451,928931b93de8895fcea5,0.75,1.0,-0.25
3453,2060d95c742ebdcce289,0.8,0.5,0.30000000000000004
3453,58efd89d66af36181f3f,0.8333333333333334,0.5,0.33333333333333337
3454,89975a63de27fa0a09ac,0.6666666666666666,1.0,-0.33333333333333337
3454,cf61692890cbdbe50ef5,1.0,0.5,0.5
3454,d2b72bc1c2fe5db00252,1.0,0.0,1.0
3455,8a73348e6388ab10dfc8,0.8333333333333334,0.5,0.33333333333333337
3455,ff23dbdcb90348d221e9,0.5714285714285714,0.5,0.0714285714285714
3456,2f5577a33f144c373c1c,0.8,1.0,-0.19999999999999996
3456,9a39010ccf26e9192f30,1.0,0.5,0.5
3457,41f04f3524440b46ba1a,0.6,0.5,0.09999999999999998
3457,9437ff585dbfe6dbd44b,0.7142857142857143,0.0,0.7142857142857143
3457,de2e5fbdf8f1f1948b1b,0.8333333333333334,0.5,0.33333333333333337
3458,447bfc650ce045f28d0f,0.3333333333333333,0.5,-0.16666666666666669
3458,e3299695d38f9a2817ad,0.5,1.0,-0.5
3458,ecd2ed34cc9da7c7660c,0.5,0.5,0.0
3459,164bc0ebf040d1914393,0.6,0.0,0.6
3459,30a480b3af5b1e7d7042,0.0,0.5,-0.5
3459,5e46e38b06074071708a,0.8,0.0,0.8
3460,18ab2984e027e3bf7f4b,1.0,0.5,0.5
3460,409a69e3b2d270fb93ae,0.5,1.0,-0.5
3460,c40236b2aa2a29f21f55,0.5,0.0,0.5
3461,24dfdea3c8b4a8136c41,0.3333333333333333,0.0,0.3333333333333333
3461,6e773bb062cd5c537ffc,0.5,0.0,0.5
3461,7f46490070c13d0c8ccd,0.25,0.5,-0.25
3463,9d13b7c8fb791c006266,0.5,0.5,0.0
3463,e2229b7280faaab1f4d0,1.0,1.0,0.0
3464,429f46c154bda96cc47a,0.75,0.5,0.25
3464,9ea5ad9518271ee1e27c,0.8,0.5,0.30000000000000004
3464,ee00e4a733637f7f9333,0.5,0.0,0.5
3465,6e45e443f0d7ec6c4cb3,0.6666666666666666,0.5,0.16666666666666663
3465,b73e2767e40c1b4bb898,0.6666666666666666,0.5,0.16666666666666663
3465,e8c90b50cf2caaa52b29,0.3333333333333333,0.0,0.3333333333333333
3467,26d546d5b5f6ff77d1d1,0.6666666666666666,0.5,0.16666666666666663
3467,f4d8a569251c98ee411f,0.8571428571428571,1.0,-0.1428571428571429
3468,434bf356c1aedca21e34,0.5,0.5,0.0
3468,5296213d5417f4ee3ba2,0.75,0.5,0.25
3468,ce7811399b02ec76afff,1.0,0.5,0.5
3469,052a8472c6ebe8ac114f,1.0,0.5,0.5
3469,572a30491716dceacf04,0.3333333333333333,0.5,-0.16666666666666669
3469,ded27e9dc347ed911162,1.0,1.0,0.0
3470,0cb7292222947c71361c,0.75,1.0,-0.25
3470,24bf688c9f6981ae33a9,0.5,1.0,-0.5
3470,6569d84e14b4d66e5ade,1.0,1.0,0.0
3471,979e632b4a9b096a37aa,0.8,1.0,-0.19999999999999996
3471,a29c117be64bb85c131f,0.6,0.5,0.09999999999999998
3471,b4df99c676aff52a2573,0.8,0.5,0.30000000000000004
3472,0ecbb52b0bc9e5f1eace,1.0,0.0,1.0
3472,16d9853cb8db0c880be5,1.0,1.0,0.0
3472,c18094abc816543a482c,1.0,0.0,1.0
3473,2369974ce6cfd90e8e49,0.8,1.0,-0.19999999999999996
3473,ac35c8aa5740558be01c,1.0,1.0,0.0
3474,1523c26e867b92ba78e3,0.6666666666666666,0.5,0.16666666666666663
3474,8bf37cf5df42ee7097f1,0.6666666666666666,0.0,0.6666666666666666
3474,9b46fa4c43b8274e008e,0.625,1.0,-0.375
3475,0792c87d656f40327640,0.75,0.0,0.75
3475,d443d07b7b86132acd7e,0.75,0.5,0.25
3476,a1d10cc73b42cbd65771,0.5714285714285714,1.0,-0.4285714285714286
3476,a2d04dadca34a8b8e6b7,0.5714285714285714,1.0,-0.4285714285714286
3477,6a9c1baf2aa16ba97b7b,0.3333333333333333,1.0,-0.6666666666666667
3477,844dd058d5fd1825a6c0,0.3333333333333333,0.0,0.3333333333333333
3477,e7ef1534af27a981eca8,0.6666666666666666,0.0,0.6666666666666666
3478,d9d4e5dccc62122ce859,0.25,0.5,-0.25
3479,315a5eeae3c7b06c96d9,0.5714285714285714,1.0,-0.4285714285714286
3479,76d7ffff678e24a59428,0.8125,1.0,-0.1875
3480,32feee435260b8964221,0.25,0.0,0.25
3480,7972df11b46b62bac15a,1.0,1.0,0.0
3480,f33c6c0975f70f6af973,0.5,0.5,0.0
3481,1f81e1d52444f79f87f4,0.6666666666666666,1.0,-0.33333333333333337
3481,22feb10f01fa5d899716,1.0,1.0,0.0
3481,8b864807ca456c7a8598,0.25,0.0,0.25
3481,e3d3825fe85b5e8c857c,0.5,0.5,0.0
3482,70d19f5887cd6ce8218e,0.5,0.0,0.5
3482,a6541a41a385043438dd,0.5,0.5,0.0
3482,e91b6d0459888f3e643c,0.375,1.0,-0.625
3483,5d4b5b0a049b8e3ab37e,1.0,0.5,0.5
3483,a1592d83577108f8fc02,1.0,0.5,0.5
3483,d1b69d3f4c532a42f305,1.0,0.0,1.0
3484,11ae08d10aac1e413450,0.25,0.5,-0.25
3484,afad7283d12a37063d0d,0.5,1.0,-0.5
3485,84365b789eef7b4bd141,0.5,0.5,0.0
3485,a8a2b0e0993cd96eeb07,1.0,0.0,1.0
3486,71700e0a9dfac4278d02,0.9,0.0,0.9
3486,bab031cc43a4134acbed,1.0,0.5,0.5
3487,08160b2246468162a375,0.7142857142857143,0.5,0.2142857142857143
3487,8d04eca2e5291c382f9a,1.0,1.0,0.0
3487,e5deba8b4403142d835b,1.0,1.0,0.0
3488,73031c9a7fe9ab59d7f1,0.8,1.0,-0.19999999999999996
3488,86531a9e1484e2e5d871,1.0,1.0,0.0
3488,8d84e809a203bba8054a,0.4,0.5,-0.09999999999999998
3489,97544d28e5c4a07a2264,1.0,0.0,1.0
3489,c5b7df991a5fd38cbc0e,1.0,0.5,0.5
3489,d58928ddd5e81df797e0,0.6,1.0,-0.4
3490,f16fdb3ebc3c26d63eed,0.75,0.5,0.25
3492,2cbe38d9877ccbec9f7b,0.6363636363636364,0.5,0.13636363636363635
3492,416d084435d056d9a7ff,0.6666666666666666,0.0,0.6666666666666666
3492,93d6a343d40aba5ba739,0.4,0.0,0.4
3493,641cf8a79d97a8fdb23d,0.6666666666666666,1.0,-0.33333333333333337
3493,cb8781679f67c81f3351,1.0,1.0,0.0
3493,cee182966231b6d4c789,0.75,0.5,0.25
3494,07b82571dcd2b1a60d06,0.6666666666666666,1.0,-0.33333333333333337
3494,48db2818813427222721,0.6666666666666666,0.5,0.16666666666666663
3494,aaeda1b14a7a434d1733,0.0,1.0,-1.0
3495,843f6e5aeb08a7d216df,0.5,1.0,-0.5
3495,d1ac294a228ae4c8bbbb,0.3333333333333333,0.5,-0.16666666666666669
3496,3cec6398c28baaeac652,1.0,0.0,1.0
3497,c1777ca48786e667d423,0.7142857142857143,0.0,0.7142857142857143
3497,c8bd6f03490a8bffc97c,0.8333333333333334,1.0,-0.16666666666666663
3498,5a90521839bfa4a6f98f,0.5,1.0,-0.5
3498,bbc75d1f399720107d2f,0.75,0.0,0.75
3499,4d29c3753e9e90f36542,0.7142857142857143,0.0,0.7142857142857143
3499,7fcf684af36da0478928,0.8,0.5,0.30000000000000004
3500,8f36acea66d8ab483b6b,0.16666666666666666,0.5,-0.33333333333333337
3500,924735635d0306c4b342,0.7777777777777778,1.0,-0.2222222222222222
3501,15c3dfc09540089aba4b,0.6363636363636364,0.5,0.13636363636363635
3501,84f6f864a6a29933756a,0.4,0.5,-0.09999999999999998
3501,9967d4117bd955e646d0,0.46153846153846156,0.5,-0.038461538461538436
3502,001798d9fc92202a573a,1.0,0.0,1.0
3502,8de6303d632b98a4103f,1.0,1.0,0.0
3502,c3631a8d9f29be27e288,0.8333333333333334,0.0,0.8333333333333334
3503,4e2fa936e11b2f5a1bf8,0.8,1.0,-0.19999999999999996
3503,58faf52b98dfdc413af5,0.3333333333333333,0.5,-0.16666666666666669
3503,d9d06efe4af02e012d47,0.3333333333333333,0.5,-0.16666666666666669
3504,bd52f119c392564ef2ed,0.6428571428571429,1.0,-0.3571428571428571
3504,e86692a14a444caaf3f7,0.42857142857142855,0.5,-0.07142857142857145
3505,2c2be628d3c2ac4be7e9,0.75,0.5,0.25
3506,b7a13636bcbc82e372a3,0.42857142857142855,0.5,-0.07142857142857145
3507,b7ad30cf37e86b0d078b,1.0,1.0,0.0
3507,cac71a0dfeeab7742120,0.75,1.0,-0.25
3507,d82135f199695d352e77,0.75,1.0,-0.25
3508,9ceb73722ae18f5cfb8d,0.0,1.0,-1.0
3508,c498e7cd894fcd4ffbf4,1.0,1.0,0.0
3509,27fa77242658c56da5fb,0.6666666666666666,0.5,0.16666666666666663
3509,821445c49e227f26d210,0.5,0.5,0.0
3509,9e595cf7e26aaf8661fe,0.5,0.0,0.5
3510,ca99649813e2c9fcc6bf,0.16666666666666666,0.5,-0.33333333333333337
3510,d2ab5248a31bba622df6,0.4444444444444444,0.5,-0.05555555555555558
3510,e0af2ebfd4496e780285,1.0,1.0,0.0
3513,99bc592ebcc322969214,0.5,0.5,0.0
3514,2ba1871119b047ec6f21,0.5,0.5,0.0
3514,325829f22ff67b69513a,0.5,0.5,0.0
3515,60e8759d42a150ddfbbc,0.0,0.5,-0.5
3515,bf467a88dfaca342055f,0.0,1.0,-1.0
3516,05dbc0209119211cbbf6,0.3333333333333333,1.0,-0.6666666666666667
3516,0f05ed34e787ca0e9e06,0.0,1.0,-1.0
3516,49ff04de87fa7761d439,0.0,0.5,-0.5
3517,0dd9d43abbe12a3cb0d5,0.5,1.0,-0.5
3517,9214b1d9f6a14c61fb51,0.3333333333333333,0.5,-0.16666666666666669
3517,cc0fe5407b179dbf8380,1.0,0.5,0.5
3518,0fb87851c3962ed491e0,1.0,0.0,1.0
3518,8d81f31c9f0ec897c38c,0.75,1.0,-0.25
3519,5b093e962d37a6e6f166,0.9,1.0,-0.09999999999999998
3520,0ccf4a0fddf40594d994,0.6666666666666666,0.5,0.16666666666666663
3520,6f9bd3c01b0e3ca80165,0.6,0.5,0.09999999999999998
3521,398899a506b25a347e7e,0.75,0.5,0.25
3521,7eb884b4759cf059d247,0.6666666666666666,1.0,-0.33333333333333337
3521,e920d4be527689340275,0.75,0.5,0.25
3522,0a906dd8b30471094ee1,0.4,1.0,-0.6
3523,534b9bb0cb9c1892652c,0.8,1.0,-0.19999999999999996
3523,7442b3ac8437b966fc3d,0.8,1.0,-0.19999999999999996
3523,d779cf7cc4d5ce3cf510,0.7777777777777778,0.0,0.7777777777777778
3524,4b401fe560a278e932f9,0.6666666666666666,0.5,0.16666666666666663
3524,cdecda7b2fd9e7ca371a,0.6,0.0,0.6
3525,588221e1703b8a721073,0.25,0.0,0.25
3525,6f6284b9bc652adf5dd2,0.75,1.0,-0.25
3525,9c09b5db846e01dce716,0.0,0.5,-0.5
3526,1be001a0b2434e62fec6,0.5,0.5,0.0
3527,5cb6f4430e287d12617c,0.4,1.0,-0.6
3527,c2c762621bbff1408e4f,0.6666666666666666,0.0,0.6666666666666666
3527,d9ad15a8f30cdb70eff6,0.5,1.0,-0.5
3528,bd1116e3c4cc806652ef,0.3333333333333333,1.0,-0.6666666666666667
3528,cd1ff23a76c165d0a359,0.6666666666666666,1.0,-0.33333333333333337
3528,f744d4072ce3733a8b64,1.0,0.5,0.5
3529,292fb63719d99381479a,0.0,0.5,-0.5
3529,7909828d92e0484d8c9e,0.75,0.5,0.25
3529,e9536980dd4138511f5d,0.2,0.5,-0.3
3530,a0b0a4740e9656d19c88,0.7777777777777778,0.5,0.2777777777777778
3530,b78d6d6b6939e5b8d6e4,0.8666666666666667,1.0,-0.1333333333333333
3531,634cc451d06c831ecc4f,0.3333333333333333,1.0,-0.6666666666666667
3531,687d57934012494ca344,0.6666666666666666,0.0,0.6666666666666666
3531,ed52c06c1997fe208fda,0.6666666666666666,1.0,-0.33333333333333337
3532,2e3506279a7a7a66e257,0.8,1.0,-0.19999999999999996
3532,6174fe196c884c4f214d,0.6,1.0,-0.4
3534,abdf87a3a998152c21d3,1.0,1.0,0.0
3536,1358690cfaa7e1eaa84a,0.75,0.0,0.75
3536,44bb37a8dde0de2073ed,0.3333333333333333,0.5,-0.16666666666666669
3536,c310f4f475e3fbe67d42,0.5,0.5,0.0
3537,b8b9cfc24e03e31454c5,0.8,1.0,-0.19999999999999996
3537,c3fa332e115ca6caa45e,1.0,0.5,0.5
3537,dba4657f4f189fdf43fb,1.0,0.5,0.5
3538,470818071095bc7c99e1,0.3333333333333333,0.5,-0.16666666666666669
3538,75b119d02a7749c3b2cf,0.5,1.0,-0.5
3538,cb9f90d8b57eba00091b,0.5,1.0,-0.5
3539,12e398a95504f09f953e,0.0,0.5,-0.5
3539,c12ec27f73e6d20153d8,0.75,0.0,0.75
3539,d90981a4fce567c0b247,0.5,0.0,0.5
3541,4722bfe8d20aa9c77158,0.75,0.0,0.75
3541,4ba97012065d9b241c97,1.0,1.0,0.0
3542,60602ade1c4e705a0b20,0.5,1.0,-0.5
3542,62b2163c1a5b00d524ef,1.0,0.5,0.5
3542,de44eeda25d077c4899c,0.7777777777777778,0.0,0.7777777777777778
3544,3f1bbac92ff9d6ae6d81,0.5,1.0,-0.5
3544,77f8fd3b48805ab85838,0.0,0.5,-0.5
3544,feca21a6acd62b1be7cf,0.0,0.5,-0.5
3545,2d6f891186861439669b,0.6666666666666666,0.5,0.16666666666666663
3545,401b061f6f26fec8ac3d,1.0,0.5,0.5
3545,f42b63734b1eaf0293de,1.0,0.0,1.0
3546,c7036cf7b0b1a4601f4c,0.75,1.0,-0.25
3546,ee836827f3fcf4930440,0.5,0.5,0.0
3546,f97cec7fbe0eb30dafc6,1.0,0.0,1.0
3547,51f157d39f208eed745b,0.3333333333333333,1.0,-0.6666666666666667
3547,c160f30ca323361a0018,0.0,0.0,0.0
3549,cbf8c00931c7a9256087,0.3333333333333333,0.5,-0.16666666666666669
3549,efda549e15620b8d36a8,0.5,1.0,-0.5
3550,2eb9828a1c3c481a9c99,0.5,0.5,0.0
3550,508db8147cf2d2672759,0.0,0.0,0.0
3550,c64b4e031f29b5ba2da8,0.6666666666666666,1.0,-0.33333333333333337
3553,7eec4d2096659d91faa5,1.0,1.0,0.0
3553,8e1bb30c4f92cc3ad7ee,1.0,0.5,0.5
3554,01959f497201c40219e2,0.6666666666666666,0.5,0.16666666666666663
3554,c539457618429f2625e4,1.0,0.0,1.0
3555,64a36713af6ebd04688f,0.4,0.0,0.4
3555,77c8b06360a3f645ffd0,0.4,1.0,-0.6
3555,c0033007d2410d27f6ad,0.3333333333333333,1.0,-0.6666666666666667
3557,1d977bf9d806472855ae,0.7142857142857143,0.5,0.2142857142857143
3557,2e203538375501ff6011,0.8571428571428571,0.5,0.3571428571428571
3557,369848f637020630e18c,0.8571428571428571,0.5,0.3571428571428571
3558,25afa1dcb1a9499b5f09,1.0,1.0,0.0
3558,89cf3be1d6c85e3a2baf,1.0,0.0,1.0
3558,be3b73f58b05c75a1833,1.0,1.0,0.0
3559,4d2d95b6bf8de299031c,0.6666666666666666,0.0,0.6666666666666666
3559,5cd89a9dd1b4143a6255,0.0,0.0,0.0
3560,6d192289a9d01fb2ad9d,0.625,1.0,-0.375
3560,9c70d1732a2406f8e7ca,0.25,1.0,-0.75
3564,226c5d3b837f82cb8cb3,0.8,1.0,-0.19999999999999996
3564,810308d0b296fbbd6f08,0.6,1.0,-0.4
3564,d3f3b186e0e02e653d25,0.6,1.0,-0.4
3565,933a5b71f01a63af0457,0.25,0.5,-0.25
3565,9d8f647f588c7a87b3af,0.5,0.0,0.5
3565,e2d38b4947d5561d4d72,0.25,0.5,-0.25
3566,a7d8d21cb95a8e6ecc6e,0.8333333333333334,0.0,0.8333333333333334
3566,c0f0616de043a2958ea9,0.8571428571428571,0.5,0.3571428571428571
3567,232b7cc2ee1108d9bd6a,0.6,1.0,-0.4
3567,99ba8a6389b611d6bfbb,0.75,1.0,-0.25
3567,9c81b8f78dc231a5ea5e,0.5,1.0,-0.5
3568,206f84128651099d9a15,0.5,1.0,-0.5
3568,e33e7a1e5cb0ffb24f7c,0.5,0.5,0.0
3569,ea853240547298198d58,0.5,0.0,0.5
3570,36675e0dea358eae0a39,1.0,1.0,0.0
3570,a2419ad14007db3ab78c,1.0,1.0,0.0
3570,b50ad11b9000172f8643,1.0,0.0,1.0
3571,40453df46e80e83075b8,0.75,0.5,0.25
3571,ca16db11fa9189273f29,0.5,0.0,0.5
3571,e6fe52fafd351987d67e,0.7142857142857143,1.0,-0.2857142857142857
3572,d0373210d6a60fc952f7,0.5,0.5,0.0
3572,d3d62e1795a85cf81a0c,0.3333333333333333,1.0,-0.6666666666666667
3573,61593f7a648d0779302c,0.8333333333333334,1.0,-0.16666666666666663
3573,b8ef2ddabf0ec8cfd74a,0.8,0.0,0.8
3573,fdb803a9557e540b2a68,0.6666666666666666,0.5,0.16666666666666663
3574,4c1b92dfaeb978fe8b85,0.5,0.0,0.5
3574,77781d18197042d6785f,0.625,0.0,0.625
3575,89074ab8fa518076caba,0.6666666666666666,0.0,0.6666666666666666
3575,eae3160aab2176536b3f,0.75,0.5,0.25
3575,eb50973ca1edef0d6b59,0.5,1.0,-0.5
3576,24b26ec959bf96e34119,0.0,0.5,-0.5
3576,83ee2a7f6b9e6b2d2d64,0.0,0.5,-0.5
3577,4462a6e1407222a23a23,0.25,0.0,0.25
3577,b4dca1e2bf6e93f0dc18,0.75,0.0,0.75
3577,d665c4ff9c6625ad78ce,0.6666666666666666,1.0,-0.33333333333333337
3579,55c01a045f16e76a7af4,0.7777777777777778,0.5,0.2777777777777778
3580,b9d1cc4bdc8d15fbb41f,1.0,0.5,0.5
3580,de49bed98a570a9fd536,1.0,0.5,0.5
3580,e8f5f60e659673ac58ed,1.0,0.0,1.0
3581,0197124115fe1dfeecea,0.75,0.0,0.75
3581,d4c471f4b071f65c8224,0.0,0.0,0.0
3581,eaa4ed196b450e7edf6c,0.6,1.0,-0.4
3583,01b5ff8744008249794e,0.3333333333333333,0.5,-0.16666666666666669
3583,f689f70d2f8626ffa318,0.5,1.0,-0.5
3583,f8f5a22e17161e159147,0.5,0.5,0.0
3584,87920a87623320ef9bd6,0.4,1.0,-0.6
3584,a48ebead734bf6feb668,1.0,0.5,0.5
3585,61698b9fe30e854ac3b4,0.5714285714285714,0.5,0.0714285714285714
3585,6aff0cbc07dc30b11142,0.8333333333333334,0.5,0.33333333333333337
3585,97b59008dc77df430006,0.7142857142857143,0.5,0.2142857142857143
3586,21aa8874f5cdfd8a4c65,1.0,1.0,0.0
3586,5494400614610e6c5ec9,1.0,0.5,0.5
3586,d30d61a1ae323c4ca00c,0.5,1.0,-0.5
3587,36fdfe3ea03909fd2191,0.5,0.5,0.0
3587,b6dbdac35f4aa373c08c,0.75,0.5,0.25
3588,7ddd650b6d6608c8943c,0.5,0.5,0.0
3588,97b9cda4252e2ffbb88e,0.25,0.0,0.25
3589,f044d27a0732d8e02416,0.4,0.0,0.4
3589,fd9410f54323343bbe4d,0.0,1.0,-1.0
3590,4e59a99ddeec22c34185,0.75,1.0,-0.25
3590,b87555e72c40a8a39c7d,0.6666666666666666,0.5,0.16666666666666663
3590,fadb3acf4f26e3f0950a,1.0,1.0,0.0
3591,0cb65643838e67620c9a,0.5,0.5,0.0
3591,bd66e0f2f794482f0bf3,1.0,0.5,0.5
3592,ed41713294c2f552fee8,0.75,0.5,0.25
3593,6615900d0c75ac04e766,0.5,0.0,0.5
3593,cd9844af32d7a3efb0cd,1.0,0.0,1.0
3593,de12716c2f8b4e5987c5,0.9,0.5,0.4
3594,83360c4a7e7d9b821571,0.75,0.0,0.75
3594,a64a2710c3003cf7285a,0.5,1.0,-0.5
3595,19db4020b1c1148a3b13,0.0,0.5,-0.5
3595,1a269cce3fec46c8b020,0.3333333333333333,0.5,-0.16666666666666669
3595,e61ee381ab20f53fcb98,0.6666666666666666,0.5,0.16666666666666663
3596,345ad96afc01db69307d,1.0,1.0,0.0
3596,42fde9c7c6003de0326c,0.4444444444444444,0.0,0.4444444444444444
3597,18646a64f07bdf5a53b8,0.375,0.5,-0.125
3597,aa1e7b5c008a6e83d5e1,0.5,0.5,0.0
3597,aab256872bc54bef348c,0.3,1.0,-0.7
3598,c771480f1afa15ee223c,0.7777777777777778,1.0,-0.2222222222222222
3599,5333d7f442232a5f9061,1.0,0.0,1.0
3599,641a148cea11538e8a82,1.0,0.0,1.0
3599,8bf01b4e7f1f7e56bdc4,0.5,0.5,0.0
3600,5ee5fff7b2ea6c889d2e,1.0,1.0,0.0
3600,9a4de61a2a14fe2d10a8,0.3333333333333333,0.0,0.3333333333333333
3600,d1b2e2ed9605420c06e7,0.6666666666666666,1.0,-0.33333333333333337
3601,45532fbe0d93c3c35f78,0.0,0.0,0.0
3601,5d2cecd8e8248dcde065,0.3333333333333333,0.5,-0.16666666666666669
3601,6f89e4b9254fd6d6dc91,0.75,1.0,-0.25
3602,5c3c65bc692c0e2dd6f5,0.0,0.0,0.0
3602,94b5bd2b7891868fd7cf,0.3333333333333333,0.5,-0.16666666666666669
3604,48966d8bb872dfa14e9c,0.5,0.5,0.0
3604,b07a0ab28a805ef5c1e6,0.6666666666666666,1.0,-0.33333333333333337
3604,fbfe98993f42d333d633,0.3333333333333333,1.0,-0.6666666666666667
3606,0e3a12ec500afe8a7b19,0.5,1.0,-0.5
3607,42975059cd93a9fa5d3f,0.0,1.0,-1.0
3607,70485ab30e6ccb3543fd,0.5,1.0,-0.5
3607,7d8fbd5262f6e093631d,0.5,0.0,0.5
3609,218fd99cc65b83c7ef2a,0.6666666666666666,0.5,0.16666666666666663
3609,43f811a76feb8446ff97,0.6666666666666666,1.0,-0.33333333333333337
3609,5efca39eb05610b09908,0.8,0.5,0.30000000000000004
3610,6dc7c8230bcdd8225bb6,0.0,0.5,-0.5
3610,982cef08d6e9732a7b26,0.8,1.0,-0.19999999999999996
3610,a8610e94b4091377c073,0.5,0.0,0.5
3611,94a09400d4e933b47b8b,0.5,0.5,0.0
3611,e99c60580c7b1b11c9f1,1.0,0.5,0.5
3612,ebeb0195a98885dac9e5,0.6,0.0,0.6
3614,34e02254fa04bf3765d5,1.0,0.0,1.0
3615,807ce6f4e08c5bbdf807,0.6666666666666666,1.0,-0.33333333333333337
3615,ca7dc70864d71861d0ab,0.7,1.0,-0.30000000000000004
3615,f076ca2992cce277499f,0.5,1.0,-0.5
3616,5bda4964e367336ae010,0.8,0.0,0.8
3616,838c1d462aa00dd527d2,0.5,0.5,0.0
3616,989d8f2ab9e118407e2a,0.6,0.0,0.6
3617,89d5005532b76f1da701,0.6666666666666666,0.5,0.16666666666666663
3617,9851cd8fa3f069dfbe47,1.0,0.5,0.5
3618,043309fbcf824bc3d6e6,0.8,0.0,0.8
3618,116775a638d977ca150a,0.25,0.5,-0.25
3618,808c8ad96cdc86bbb548,1.0,0.0,1.0
3619,c3c28fbf6628a30703d1,0.75,0.5,0.25
3620,1637788ea2542ed72888,0.3333333333333333,1.0,-0.6666666666666667
3620,53b3d52a2ac0069ef410,0.0,0.5,-0.5
3621,19974646852aa71f64e2,0.75,0.5,0.25
3621,64a38c902d17f9952da9,0.25,0.5,-0.25
3621,ea881b49cbe678aef52f,0.5,0.5,0.0
3622,05b9a04259147c77b99c,0.6,0.5,0.09999999999999998
3622,e92a8d33c1a2aabec71a,0.25,0.5,-0.25
3624,21da27de2fb6f3e852a5,0.6,0.5,0.09999999999999998
3624,3378f16547f08a94d3b8,0.0,0.5,-0.5
3624,a0d340f1c8f0e5183e4c,0.2,1.0,-0.8
3625,094434cb9d02216e0c71,0.75,0.5,0.25
3625,242734bfb6dbb5dda04a,0.8,0.0,0.8
3625,d43dab744fdf1f45ee03,0.6666666666666666,0.0,0.6666666666666666
3625,e5fb63c92f6c3db24454,0.25,0.5,-0.25
3626,3afdcbe4f332a72769be,0.0,0.0,0.0
3626,3ccb2638e6804a30b7dd,0.75,1.0,-0.25
3626,468f52e54b95a44cd7e4,0.3333333333333333,0.0,0.3333333333333333
3626,a5b96c2731de8e5dfd09,0.4,0.5,-0.09999999999999998
3627,02d32a010ddf69cbf961,0.0,0.5,-0.5
3627,2c7da80fa934782dd6d1,0.5,0.0,0.5
3627,3ae2514c306f29e05356,0.3333333333333333,1.0,-0.6666666666666667
3627,80664c79f49c70e383e3,0.3333333333333333,0.5,-0.16666666666666669
3628,7f25fe4ccf7ebf43777a,0.25,1.0,-0.75
3628,c1653aabd82356f59533,0.0,0.5,-0.5
3628,c59d29583594f8676a1d,0.2,1.0,-0.8
3628,f2ec8f0c4d9e6f1d6529,0.0,0.0,0.0
3629,e19896a57941d54877e8,0.6666666666666666,0.0,0.6666666666666666
3629,ead019da0889575cbee7,0.0,0.5,-0.5
3631,85fbac106022d87a960c,0.6,1.0,-0.4
3631,8ecdfc93a1dbf91e03b1,0.4,1.0,-0.6
3632,f0874cf05afe6b38ba85,0.7142857142857143,0.5,0.2142857142857143
3633,0a1da9394df4c38c8042,0.6363636363636364,0.5,0.13636363636363635
3633,2e9c701c4b2c2d13fae0,0.75,0.5,0.25
3633,f18d155ee1ae54bd0b52,0.9,0.0,0.9
3634,9e0dcdfe0a005494c695,0.7777777777777778,0.5,0.2777777777777778
3638,9ff669adbf413b4c3ef6,1.0,1.0,0.0
3638,a180e8fe34dc0f8866db,0.25,1.0,-0.75
3638,b29ee94392a86a1532be,0.75,0.5,0.25
3641,42631b8ea3499abdfe58,0.25,0.5,-0.25
3641,4b867e7dfb77c1d02955,0.6,0.5,0.09999999999999998
3642,749b1c349d99e96d73a0,0.5,0.5,0.0
3643,5ef9523cf4b8641524aa,0.8888888888888888,0.5,0.38888888888888884
3643,876330659ad0aa2f0d56,0.7272727272727273,0.5,0.2272727272727273
3643,94591073990a4c68bf4c,1.0,1.0,0.0
3644,a523a678d26209dba4f0,0.6,0.5,0.09999999999999998
3644,b8c5e70eb0198ecdc659,0.42857142857142855,0.0,0.42857142857142855
3644,c06c928658dfcb0bfa91,0.3333333333333333,0.0,0.3333333333333333
3645,516ba0a3bcf22efd4b20,0.6,1.0,-0.4
3645,529b336925dbffa1b22f,0.8,0.0,0.8
3645,bc746aeaa5cedb1938c9,0.5,1.0,-0.5
3647,4baba2960787b5ff3913,1.0,0.0,1.0
3647,580b5cf2199eabf2a8bc,0.75,0.0,0.75
3648,1561968f5896d25255a1,1.0,0.5,0.5
3648,a6bb9410cbbe45db598d,1.0,1.0,0.0
3648,ba405b36090a9dcbaffc,0.6,0.0,0.6
3649,21e0e0e49d9df79b29f8,0.3333333333333333,0.0,0.3333333333333333
3649,25ed704b3f8b0bad9f64,0.6666666666666666,0.0,0.6666666666666666
3650,008f40111f59956cfc8a,0.25,0.5,-0.25
3650,02e15764e382aae783aa,0.4,0.0,0.4
3650,0541982eb04ef81465f1,0.3333333333333333,0.0,0.3333333333333333
3650,4235441aed5a5248fcf9,0.25,1.0,-0.75
3651,7cb6dd53fd6442ff20d7,0.8,0.5,0.30000000000000004
3651,9fb562893422f5cc0b41,0.8,1.0,-0.19999999999999996
3651,ec3e8a20b49a949ee75d,0.6,0.5,0.09999999999999998
3652,7f047c32ef4f226a68ef,1.0,0.0,1.0
3652,8dc814c7a6782add5aa2,1.0,1.0,0.0
3652,f2aa7fcf8e7449a7750b,0.8,0.5,0.30000000000000004
3653,30bf02bbcc0bdb807566,0.5,0.5,0.0
3653,afe6801302a6efeadb7a,0.5,0.5,0.0
3653,ebb6e79d0de31ab9e5a8,0.75,1.0,-0.25
3654,d89f8f6213c6bc80cc04,0.0,0.0,0.0
3655,6e0ab8d5587d655fc107,0.5,0.0,0.5
3655,c6ee2d7d33e6b1a45919,0.8333333333333334,1.0,-0.16666666666666663
3656,c954c5a358ab1be2f01b,1.0,1.0,0.0
3658,b3884687f9301e1ea07b,0.5,0.0,0.5
3658,cb16520bfee54d501c7b,0.7142857142857143,1.0,-0.2857142857142857
3658,d11d7deaf8af881c8e8b,1.0,1.0,0.0
3660,54eb4a4c611ffdfbb56c,1.0,1.0,0.0
3660,a6754a066b00bfd1f85c,0.25,0.5,-0.25
3660,ff676abfd10a516606dc,0.3333333333333333,0.0,0.3333333333333333
3661,5147a7b2bdf187de233f,1.0,1.0,0.0
3661,b8422d74096b23c92c96,1.0,1.0,0.0
3662,47ec4232ffce92fa5345,0.5,0.0,0.5
3663,5d61ed0fbed49e4e5f9c,0.625,0.5,0.125
3663,84af0b44f8d6d65bb99f,0.4,0.5,-0.09999999999999998
3664,353a1d77f15cc807c896,0.5,0.5,0.0
3664,4f6230ecf40bdc8baf15,0.75,0.0,0.75
3664,5beb61b676f80b5ec0c9,0.5,0.0,0.5
3665,0bd47216bc3907053e2a,0.3333333333333333,0.5,-0.16666666666666669
3665,d585aab36436104319a7,0.3333333333333333,1.0,-0.6666666666666667
3666,8f41c7cb72a93bc48392,0.6666666666666666,1.0,-0.33333333333333337
3667,23b9c8c9b70a0f64d66d,0.7142857142857143,0.0,0.7142857142857143
3668,660b42de0ba1fcec09c9,0.9473684210526315,0.0,0.9473684210526315
3669,1cf34661c86bf755f3ab,0.5,0.0,0.5
3669,7469483ef888f06b8253,0.5,0.5,0.0
3669,8fb659cbaa9db1a4ed08,0.6,0.0,0.6
3670,3117ae128992bd523a52,0.5,1.0,-0.5
3671,72c810c364f2d901f6f8,0.25,1.0,-0.75
3671,93d5852348db1243ccf1,0.3333333333333333,0.0,0.3333333333333333
3672,65b95f0cb7b27f44b78e,0.6,1.0,-0.4
3673,139e37fd5a293ed17456,0.3333333333333333,1.0,-0.6666666666666667
3673,a56b9abbb43cc6483d75,0.4,0.0,0.4
3673,f17fdc30df251d02f3d3,0.2,0.5,-0.3
3674,8873effd188c814c4c3a,1.0,0.5,0.5
3674,937d3326b655ca0e9633,1.0,1.0,0.0
3674,c4953e32ab9690481c8b,1.0,0.0,1.0
3675,203df073f771cfa29e72,0.6666666666666666,0.5,0.16666666666666663
3675,8cd601b9fc4866da2f4e,0.6666666666666666,0.5,0.16666666666666663
3676,923d93cd77710fcf2359,1.0,0.0,1.0
3676,a6d07e5e61cde578170d,0.6666666666666666,0.0,0.6666666666666666
3676,accbae278e5f551e5580,0.75,0.5,0.25
3677,0a66985141ddfb02ed36,0.3333333333333333,0.0,0.3333333333333333
3677,9c9f6849374e04c206a7,0.6666666666666666,1.0,-0.33333333333333337
3677,e00f2db7478f82c9956b,0.3333333333333333,0.0,0.3333333333333333
3677,f27aae1d7f2f8200fee3,0.6666666666666666,0.5,0.16666666666666663
3678,6d1b3d0be448f93ea03b,0.6,0.0,0.6
3679,b95856f3007bfc93ce77,0.0,0.0,0.0
3679,e6f881ac79f31820bc98,0.75,1.0,-0.25
3680,932d763450d8bfd0b37b,0.75,0.5,0.25
3681,2bd6e1b7849b79ee39db,1.0,0.5,0.5
3681,360c86248d894ecb3ed3,0.3333333333333333,0.5,-0.16666666666666669
3681,b9d40b81e6605805f257,0.75,1.0,-0.25
3681,f7dee4a4e76557f37611,0.75,0.5,0.25
3682,4d302ea5c5a0af69b4f5,0.8,0.0,0.8
3682,51e299de63c76e8683db,1.0,0.5,0.5
3682,526d1f03fb9e0b18c6dc,0.75,0.0,0.75
3682,762671c50c0a5bc1ed5d,0.5,0.5,0.0
3682,f2260e586ff6f7b39af4,1.0,0.0,1.0
3683,22beef56c1193e6a5401,0.6666666666666666,0.5,0.16666666666666663
3683,261f290fea4599bdf164,0.6666666666666666,1.0,-0.33333333333333337
3684,1a0e5e82bed80c3431ef,0.8,1.0,-0.19999999999999996
3684,8bffc50e81c28253566d,0.7272727272727273,0.0,0.7272727272727273
3685,3c6697cf94a100eedbe9,0.3333333333333333,0.0,0.3333333333333333
3685,4cfbae3d93dc53fcdc1a,0.4,0.5,-0.09999999999999998
3685,6150b01c55c569104709,0.3333333333333333,1.0,-0.6666666666666667
3685,7509c774d7772721407b,0.5,0.0,0.5
3686,cf95a1a6771a3f47403a,1.0,1.0,0.0
3687,1bb15349090b473e6a95,1.0,0.5,0.5
3687,230c6114bf4fc5b62376,1.0,1.0,0.0
3687,52409b20cddd5207e3e5,0.6666666666666666,0.5,0.16666666666666663
3687,657740271a7fa1443901,1.0,0.0,1.0
3687,679481472181f0d91167,1.0,1.0,0.0
3688,3aa8ec266b144b5104f4,0.8571428571428571,0.5,0.3571428571428571
3688,a27218fbee6315549481,0.7142857142857143,0.5,0.2142857142857143
3689,32898624f26fd1d8d858,0.25,0.0,0.25
3689,8a2e9acf6dc2edf9c80f,0.75,1.0,-0.25
3689,9c5999b90150a43962b8,0.25,1.0,-0.75
3689,c53caff77bc12362a7f0,0.75,1.0,-0.25
3690,40eade7270ce62b365a4,0.6428571428571429,1.0,-0.3571428571428571
3690,851fff2766f74f35726c,0.6923076923076923,0.5,0.1923076923076923
3690,a63c5448f5a3c6d52d2b,0.75,1.0,-0.25
3691,0e0b829120304d38b85f,0.8,0.0,0.8
3691,3b52439d33c80223b66d,0.5,1.0,-0.5
3691,9895a609eade035ed3d8,1.0,0.5,0.5
3691,c1b351c0efd0d4bd8232,0.9090909090909091,0.5,0.40909090909090906
3692,06b69dfd692e6ae7f4a4,0.0,1.0,-1.0
3692,17893583f1ad14f85a6a,0.0,0.5,-0.5
3692,34bb4c0c2f6e0023d019,0.0,1.0,-1.0
3692,47c950d097f3ddb08681,0.0,0.5,-0.5
3692,b85d5fe07eeb6cf01b87,0.0,0.5,-0.5
3693,1470a51938404ec8ec31,0.6,0.0,0.6
3693,66b45bec10168eabee32,0.5,0.5,0.0
3694,9fa7a50e0f835e3e6457,0.25,0.0,0.25
3694,d9cf1d53420514967bb8,0.0,0.5,-0.5
3695,0538e1c9ead908e3e49c,0.5,0.0,0.5
3695,54d63f21f541b720fa99,0.5,0.5,0.0
3695,82d2f3ab22d77828ae94,0.0,1.0,-1.0
3695,87a5de9adf2f4ced3c28,0.5,1.0,-0.5
3695,b349b459ce0819289cc5,1.0,0.0,1.0
3696,7b14f0ccac4fb75f0f48,0.75,0.5,0.25
3696,90b2647697e7589662e7,0.75,1.0,-0.25
3696,e67e4d0028b55f2c7670,0.5714285714285714,0.0,0.5714285714285714
3697,a9e8956f87ad68ab411d,0.0,0.0,0.0
3697,c2c39fc85ea6eca712e5,0.0,1.0,-1.0
3697,fe9ffc9ee94dc69d2636,0.0,0.0,0.0
3699,961697fcc704831e635a,0.6,0.5,0.09999999999999998
3699,e15ba215e53baeb0e300,0.5,0.0,0.5
3699,e4d9479c1bd373ce8dea,0.5,0.0,0.5
3700,016a810e83e65e66a5c5,0.75,0.0,0.75
3700,615836d85f998166e885,0.8,0.0,0.8
3700,685fdf42ca17bb2d03de,0.8333333333333334,1.0,-0.16666666666666663
3700,bac77f75df90bac85b60,0.6,0.0,0.6
3700,cab7d3b9d4753204ffe1,0.5,0.0,0.5
3701,23ad53f93c4d6c134d5f,0.2,1.0,-0.8
3701,64f73512aa0b981b5b58,0.6,0.5,0.09999999999999998
3702,38560b1564c86aefd595,0.3333333333333333,0.5,-0.16666666666666669
3702,f7ab410e113b49cda923,0.6666666666666666,0.5,0.16666666666666663
3703,12433403662840d0f6ec,0.75,0.5,0.25
3703,3b79b0968920bb8b1a6d,0.75,0.0,0.75
3703,3e8fde3e81398aa6753d,0.5,0.0,0.5
3703,5083ee840c7ee866dd64,0.75,0.5,0.25
3703,88994944c4c2b45745cc,0.5,0.5,0.0
3704,194a2c46f51ce74f7cff,0.75,0.0,0.75
3704,387d466bfe91fcb77b7f,0.75,0.0,0.75
3704,fbf12a5f0f0850aba5ed,0.75,0.0,0.75
3704,fd8e94695511f5123b7e,0.75,0.0,0.75
3704,fe9d53814e55ea9f5308,0.8,0.0,0.8
3705,1acc34f1e7575538675c,0.8,0.5,0.30000000000000004
3705,88ebfbc03dfb6823ceb0,0.3333333333333333,0.0,0.3333333333333333
3705,f5bf5a4eef5bbfbbc3fc,0.5,1.0,-0.5
3706,634873ea780260c953ef,0.3333333333333333,0.5,-0.16666666666666669
3706,6cde35f70e993c6b7379,0.75,0.5,0.25
3706,91faf733d22318536a52,0.4,0.0,0.4
3706,f231cc862c7959eac233,0.5,0.0,0.5
3707,49284569e48be38a8eea,0.8333333333333334,0.5,0.33333333333333337
3707,63fbf8c45550aa116048,0.6666666666666666,0.0,0.6666666666666666
3707,727301005f4a7caa2cf6,0.8333333333333334,1.0,-0.16666666666666663
3707,d7e46c5b0955fdfb577e,0.8333333333333334,0.5,0.33333333333333337
3707,ec2e7a5b1836be3c9d2a,0.6666666666666666,0.5,0.16666666666666663
3708,02bcba9a670d61f2a364,0.3333333333333333,0.5,-0.16666666666666669
3708,104179093160fb077a6a,0.6666666666666666,1.0,-0.33333333333333337
3708,14956b46586b996ac31b,0.3333333333333333,0.5,-0.16666666666666669
3708,6bb25f5bd3cde0328598,0.8,1.0,-0.19999999999999996
3708,ace35176007277c38d09,0.6666666666666666,0.0,0.6666666666666666
3709,0140c77f6f8b4c51435e,0.6666666666666666,1.0,-0.33333333333333337
3709,1c8605f5f1d820affde9,1.0,0.5,0.5
3709,a7cf5b549498fd0232bf,1.0,0.5,0.5
3709,ecde642a8c10dba78dc0,0.3333333333333333,0.5,-0.16666666666666669
3709,fa92415efa3e38fa9809,0.3333333333333333,1.0,-0.6666666666666667
3710,215fce8e4c6e2b1b85f4,0.0,0.0,0.0
3710,3bb46b94effef9bb3d8b,0.0,0.5,-0.5
3710,a516f62cb2b1dbbb3292,0.5,0.0,0.5
3710,c2cd1de312584d779f85,0.5,0.5,0.0
3710,ce730b0930004e24e33a,0.0,0.5,-0.5
3711,23dd70717205e7db88f5,0.625,0.5,0.125
3711,24858a0e8c4f9b82246f,0.6666666666666666,1.0,-0.33333333333333337
3711,6d8400df16f5a31b97bd,1.0,0.0,1.0
3712,627a7b2eddd0cad8ffa0,1.0,0.5,0.5
3712,713db3f256c3de4f64c2,0.6,1.0,-0.4
3712,fc1438357aac68d61981,0.6666666666666666,0.0,0.6666666666666666
3713,1b73b1a14d917ab78b51,0.3333333333333333,0.5,-0.16666666666666669
3713,6af75131eac6f68851b7,0.6666666666666666,0.0,0.6666666666666666
3713,9357dad1687f65c77b88,0.6666666666666666,0.0,0.6666666666666666
3713,bbe8c66f6f21ee82fbfb,0.3333333333333333,1.0,-0.6666666666666667
3713,bea5fff2ecca4f2ad82d,0.6,0.0,0.6
3714,9172d109c68d9ee47554,0.4,0.0,0.4
3714,9cb6bea23e81d67a6950,0.4,0.0,0.4
3714,c4b36202da3883a7de56,0.5,0.5,0.0
3714,f2ce9e6f21c2728c8af3,0.6666666666666666,1.0,-0.33333333333333337
3715,0880826a38865b11caea,1.0,0.5,0.5
3715,0fed4fa34b44e7d1a5d4,0.6666666666666666,0.0,0.6666666666666666
3715,21c2e77f4010cd3f0fcb,0.75,1.0,-0.25
3715,84e5560c98f1cc6079b6,1.0,1.0,0.0
3715,e03ba62926b5e5723f98,0.6,0.0,0.6
3716,403bf9db7b8819bb6ee0,0.3333333333333333,0.0,0.3333333333333333
3716,461ef9675c72329d79bb,0.3333333333333333,0.5,-0.16666666666666669
3716,727892b73abee0d159b1,0.75,0.0,0.75
3716,9b3cdff3a54242966afb,0.3333333333333333,1.0,-0.6666666666666667
3716,ed47f1c213d4254c2eb5,0.6666666666666666,0.5,0.16666666666666663
3718,179f39748cf0544b2511,0.5,0.5,0.0
3718,31421e9a377a2e93e2fa,0.7142857142857143,0.0,0.7142857142857143
3718,9d7b39e803187afb50cd,0.8,0.5,0.30000000000000004
3718,d0a40c7b8f6ecedd0d67,0.8333333333333334,0.0,0.8333333333333334
3719,6b1484d530e6c361277f,0.6,0.0,0.6
3719,8abde1c12327099862f7,0.6,0.5,0.09999999999999998
3719,b10105c1770086345ccb,0.8,1.0,-0.19999999999999996
3719,d8e17a25f7f788e13873,0.6,0.5,0.09999999999999998
3720,19c6168949cf49c4ab5c,0.8571428571428571,0.5,0.3571428571428571
3720,5ee44fff63737866ecd0,1.0,0.0,1.0
3720,67787efc5017f97bdf25,0.625,0.5,0.125
3721,261f67cf019894e22e30,0.0,0.5,-0.5
3721,88334b18e0cdaf48fbc2,1.0,0.0,1.0
3721,917e403248a60ac8840d,0.5,0.5,0.0
3721,96ce826baba6b1d9b875,0.6666666666666666,0.5,0.16666666666666663
3721,faeb36ea568688b7ee27,0.3333333333333333,0.0,0.3333333333333333
3722,087fd3a28a7f7c4ada25,1.0,0.5,0.5
3722,8d2cdaf714c8fca1f541,0.875,1.0,-0.125
3722,a060aca0a432d6ecf6b5,0.5,0.5,0.0
3723,683a07ef7e0fce761d97,1.0,1.0,0.0
3723,892352148c6512e2929c,0.5,0.5,0.0
3723,efc5af4df74179d3b039,1.0,1.0,0.0
3723,f516ca3897ee54516d3b,1.0,1.0,0.0
3723,fbc8894e78723613c623,1.0,0.0,1.0
3724,14fa383392c68f5be606,0.6,0.0,0.6
3724,495207ee06545846bdf3,0.5,0.0,0.5
3724,a66cd7b3fc040d2dae48,0.8,0.0,0.8
3724,b19f4cd6e8da7c04617f,0.75,0.0,0.75
3724,d88d72546205f68ed615,1.0,0.0,1.0
3725,4c8cb2db60525d14bf5f,0.6666666666666666,1.0,-0.33333333333333337
3725,543c9755a66d7c1f4768,0.6666666666666666,1.0,-0.33333333333333337
3725,8c5baf840e9e877dc929,1.0,1.0,0.0
3725,c075c9ae5c95a8ed9353,1.0,0.0,1.0
3725,ffc40e02e94cae87b993,0.3333333333333333,0.0,0.3333333333333333
3726,1f188c1f2e50f658e62e,0.3333333333333333,0.5,-0.16666666666666669
3726,4b3306852a3205f192db,0.3333333333333333,0.0,0.3333333333333333
3726,7e132f7c1030001e33e6,0.5,0.0,0.5
3726,a884e4c52e3ab907d0c0,0.5,0.0,0.5
3726,e6518508d9b78456ff5f,0.3333333333333333,0.0,0.3333333333333333
3727,36a72f2b0dcf1c7d00de,0.3333333333333333,0.5,-0.16666666666666669
3727,3eb8ce7e6560ecb48f41,0.5,0.5,0.0
3727,a8b0524ff00b5b693527,0.4,0.5,-0.09999999999999998
3727,c00fafd09e07d627bb3c,0.5,1.0,-0.5
3728,359bdfb6fe11f9342564,0.5,1.0,-0.5
3728,3d193d33bfd08a567b19,0.6,0.0,0.6
3729,06d3fe7930616e9ecead,1.0,0.5,0.5
3729,d3a378117bd84eee2c8c,0.6666666666666666,1.0,-0.33333333333333337
3729,e618f7849815295d5607,0.6666666666666666,1.0,-0.33333333333333337
3730,123aa1571f531b2b06d8,0.8333333333333334,0.5,0.33333333333333337
3730,6898d2e2733b8cb6c405,0.7142857142857143,1.0,-0.2857142857142857
3731,763b0e980095d60e69c6,1.0,0.5,0.5
3731,a8d1125ad3415d7d3a3a,1.0,0.5,0.5
3731,af384e214a3fa48d2c83,1.0,0.0,1.0
3732,211cebe71a29584fde35,0.6666666666666666,0.5,0.16666666666666663
3732,4d9a472e0e42fb7b87f7,1.0,1.0,0.0
3732,65fc9e5418c799ef4a04,1.0,0.5,0.5
3732,a0385d0080dca89e5c76,0.3333333333333333,0.5,-0.16666666666666669
3733,78e0c00fb06d9828e257,1.0,1.0,0.0
3733,b41a54819f19a3bd37ec,0.75,0.5,0.25
3734,48430f450dd54d415fe8,0.6666666666666666,0.5,0.16666666666666663
3734,65e37c8cfbe4ab476172,1.0,0.5,0.5
3734,704134b6e475a8a49ee2,1.0,0.5,0.5
3734,9f6516907e836c91de71,1.0,0.0,1.0
3734,c7a6ee14971a0c729724,1.0,0.5,0.5
3735,5dda4e1f8289fbe8cc7b,0.8571428571428571,0.5,0.3571428571428571
3735,8d8d13ac9644e1f654a5,0.8333333333333334,0.5,0.33333333333333337
3735,cf3ccc1f6874a7122e14,0.6666666666666666,1.0,-0.33333333333333337
3735,f38722e957e393587dbd,1.0,0.5,0.5
3736,07a0a68a0608489d6276,0.5,0.0,0.5
3736,4e18e1369e6ea8ca199c,1.0,1.0,0.0
3736,5a22170ed2ae988c52c3,0.625,0.0,0.625
3736,91672abc9dc71d3e6484,0.75,0.5,0.25
3736,beb9f33fd79bfa438d2b,1.0,0.0,1.0
3737,19ae0d7adef0d0498539,0.8181818181818182,1.0,-0.18181818181818177
3738,198291eb23a9fe8c8ee9,0.2222222222222222,0.5,-0.2777777777777778
3738,9003b34cb4927ef368ff,0.0,0.0,0.0
3738,fddd41052ca3ba84586a,0.0,0.5,-0.5
3739,00f9f5c3e36c77eb0fec,0.5,1.0,-0.5
3739,a38653bf87fa1f1ca386,0.8,1.0,-0.19999999999999996
3739,da6eba8b2dcb17b75447,0.6,0.0,0.6
3739,f7b44764e592c8b6f455,1.0,0.0,1.0
3740,175963f22c06a666f9f8,0.6666666666666666,0.5,0.16666666666666663
3740,4274740f9e7ba01f74b7,0.0,0.5,-0.5
3740,8a079ac69f95cb8600ca,0.0,0.0,0.0
3740,9f83631fcc030434c874,0.8571428571428571,0.5,0.3571428571428571
3741,a8780f2e5d6285ebdf14,0.25,1.0,-0.75
3741,ab2cfb94eb8fa2b28b77,0.3333333333333333,0.0,0.3333333333333333
3741,cc5ca534e1fd03b85894,0.5,1.0,-0.5
3742,7236411ec7f5cc26013e,0.5625,1.0,-0.4375
3742,8c121a0a03b2528837b3,0.5714285714285714,1.0,-0.4285714285714286
3742,a78a16fd5e69dcddabd0,1.0,0.0,1.0
3742,bf2b20427de2f018d1b5,0.75,1.0,-0.25
3743,1be42cb597b253d9f559,0.6666666666666666,0.5,0.16666666666666663
3743,62a846b10f70b5570bee,0.2,0.5,-0.3
3743,b462e1ee54f3a90ff696,0.5714285714285714,0.0,0.5714285714285714
3744,0393cd160223a11e0154,0.7142857142857143,0.5,0.2142857142857143
3744,65b363adbf317a902e49,1.0,1.0,0.0
3744,aa4d2abe959edbb4f7ce,0.75,0.5,0.25
3744,b9c8213e358565575f8f,0.75,0.5,0.25
3744,fe6211de91531c932a36,1.0,0.5,0.5
3745,1ef33896ea74b4761f16,0.3333333333333333,1.0,-0.6666666666666667
3745,613cf56554b8a1f1b901,0.6666666666666666,0.5,0.16666666666666663
3745,d180a49f3bce1f825719,0.3333333333333333,1.0,-0.6666666666666667
3745,e9ec1e2c537e781ee0d0,0.3333333333333333,0.0,0.3333333333333333
3746,73f4f5812a8629c6ed6d,0.75,1.0,-0.25
3748,943f26b1934463962adb,0.8333333333333334,0.5,0.33333333333333337
3748,9bec456fae3eb8b2ae08,0.8,0.0,0.8
3748,a5af164672442dc1051f,0.8,0.5,0.30000000000000004
3748,c22917eb2fb6e8576fe5,1.0,0.0,1.0
3749,04ae54b74b1567800dce,0.5,0.5,0.0
3749,97d98c8a7e5236c0479c,1.0,0.0,1.0
3749,b914def3cba84189f497,0.75,1.0,-0.25
3749,b9886de5b413e5f9c952,1.0,1.0,0.0
3749,cf33fd41888b7a6f7252,0.8,0.0,0.8
3750,448f552a71f75ec397aa,0.3333333333333333,0.5,-0.16666666666666669
3750,50f1225f18092199831e,1.0,0.0,1.0
3750,851ada93929e62189d73,0.75,0.5,0.25
3750,c42484d9df35e00317fb,0.3333333333333333,0.5,-0.16666666666666669
3750,fbcc214facd9e7061db4,1.0,1.0,0.0
3751,88db95cb2f6aae6be3ba,0.4,0.5,-0.09999999999999998
3751,d5f459914f02ee012b3c,0.8,0.0,0.8
3751,da40f52f59d8b7d1535c,0.6,0.5,0.09999999999999998
3751,e52d04fbd213ed0a9597,0.6,1.0,-0.4
3751,e9e0b437eefe638437c5,0.6,0.0,0.6
3752,1d27bcd11b37fc45bc07,0.6666666666666666,0.0,0.6666666666666666
3752,20ac976ee426696d9c3f,0.6666666666666666,0.5,0.16666666666666663
3752,55e90d62374383de0700,0.5714285714285714,0.0,0.5714285714285714
3752,8114713097021dda5ebb,0.8333333333333334,0.5,0.33333333333333337
3752,98e1bf07d035b42572f9,1.0,0.0,1.0
3753,69393ed601d3fae9228c,1.0,1.0,0.0
3753,b163f73c53196b5a5b95,1.0,0.5,0.5
3754,1b1ab4547031864dee8a,0.5,0.5,0.0
3754,327c99b1d880ee928936,1.0,0.5,0.5
3754,6c8554e7aa693bdba2a9,0.3333333333333333,0.0,0.3333333333333333
3754,83f280092a2ab170179e,0.3333333333333333,1.0,-0.6666666666666667
3754,cf782c86931a03258a47,0.8333333333333334,1.0,-0.16666666666666663
3755,61025a7d5683fd0d5c73,0.5,0.5,0.0
3755,82948a6671b9d1a2ad7e,0.5,0.5,0.0
3755,c83413a3f9616919db47,0.75,0.5,0.25
3755,fec364d28b1d9781aa86,0.5,0.0,0.5
3755,ff2091b0a97c1fbb1529,0.3333333333333333,0.5,-0.16666666666666669
3756,410a828eee051a7b0c5d,0.5,1.0,-0.5
3756,8dc890894f8e44302fd2,0.75,1.0,-0.25
3756,921802bdc731577874c3,0.25,0.5,-0.25
3756,f597b6340c980e29cd2f,0.3333333333333333,0.5,-0.16666666666666669
3756,f8da907d18f02af4f8f7,0.5,1.0,-0.5
3757,a18c57dacd6a954e96ce,1.0,0.5,0.5
3757,ca34b9b96dbda693987a,0.6666666666666666,0.5,0.16666666666666663
3757,f5abb4108fe0134a2e0e,0.75,0.5,0.25
3758,1412328f8781effcae6c,1.0,0.5,0.5
3758,5545c9017912acb9c718,0.8,0.5,0.30000000000000004
3758,76a6db514de7105f2a21,0.8,0.0,0.8
3758,df7c88171daaa163d17e,0.8,1.0,-0.19999999999999996
3758,e32d371876f884ccd02b,1.0,1.0,0.0
3759,14a34bd641fee8f18452,0.3333333333333333,0.5,-0.16666666666666669
3759,61c91dfe61254ad70cb3,0.0,0.5,-0.5
3759,7a9e983e04369b719f00,0.3333333333333333,0.5,-0.16666666666666669
3759,993e796123705735b34d,0.0,0.5,-0.5
3759,d3f2b4d6aa5ec3b6c159,0.0,1.0,-1.0
3760,6bc1f5900727e2039559,0.3333333333333333,1.0,-0.6666666666666667
3760,7f0b9c8262601733e579,0.6666666666666666,0.5,0.16666666666666663
3760,89be862453588c94b5e4,1.0,0.5,0.5
3760,b24d127f858a9f793ae9,0.6,0.0,0.6
3761,1fb01fcf839ab88bfc06,0.6,1.0,-0.4
3761,4dbd4286402a27a2fc83,0.5,1.0,-0.5
3761,54403fd375b0f297b3ce,0.9,0.5,0.4
3761,712558cd974958966a36,0.5,0.5,0.0
3761,b0e8caea300d3147911d,0.8,0.5,0.30000000000000004
3762,46560ac64182da024358,1.0,1.0,0.0
3762,7c7321f92899408faff6,0.75,0.5,0.25
3762,90668a9e6fe71612574b,0.6666666666666666,0.5,0.16666666666666663
3762,c5265b3681fb01fb6d25,0.6666666666666666,1.0,-0.33333333333333337
3762,ef3ecf9fb3602661e925,0.6666666666666666,0.5,0.16666666666666663
3763,03f71d73246b042033b4,0.6,0.5,0.09999999999999998
3763,97658513f3e7a62e1ad9,0.8,1.0,-0.19999999999999996
3763,a9c83da55dcd29e84d2a,1.0,0.5,0.5
3763,fb9f8e9f43b6b6b5654e,0.3333333333333333,0.0,0.3333333333333333
3764,498c07502ac3232232e0,0.4,0.5,-0.09999999999999998
3764,9b20fe1039d54a876689,0.25,0.5,-0.25
3764,d9aa5d469ceaab9a5dc7,1.0,1.0,0.0
3764,dcc6aea48d416aeb539f,0.75,0.5,0.25
3764,df210cc8b273614d6d78,0.8333333333333334,1.0,-0.16666666666666663
3765,4c16b117f5b435c5418d,0.3333333333333333,0.0,0.3333333333333333
3765,8101a83a72b85b29487f,0.5,0.5,0.0
3765,8a8d8190b2de1090b687,0.3333333333333333,0.5,-0.16666666666666669
3765,c4d36683eb361ea38313,0.6666666666666666,0.5,0.16666666666666663
3765,fe7c06a3596e8da6fd32,0.5,0.5,0.0
3766,0132e433f342da0f8265,0.8,0.0,0.8
3766,4132996f7844275e7d85,0.75,1.0,-0.25
3766,6684bbb646bbf66bd801,0.5,0.0,0.5
3766,a6356969fc1a3e153ed3,0.25,0.5,-0.25
3766,b3a9ef13038bafe86552,1.0,0.0,1.0
3767,10ecc58c0f32643d0915,1.0,1.0,0.0
3767,2615eccece73149307ae,0.8,0.0,0.8
3767,500e2b7d88a59f7682b8,0.8333333333333334,1.0,-0.16666666666666663
3767,5a8ff205ba7bed6cc06c,1.0,0.5,0.5
3768,09f3f5727afaefebfd5a,0.75,0.5,0.25
3768,30539041079b8191fe13,0.6666666666666666,0.5,0.16666666666666663
3768,994d640793b2beccaa1d,1.0,0.5,0.5
3768,ca7b7258c74f8969e663,1.0,1.0,0.0
3768,ed5c4d19ed79b46e2366,0.6666666666666666,1.0,-0.33333333333333337
3769,1a27d746320266624e15,0.6,1.0,-0.4
3769,1a8a2c8b6ae5dcff424c,0.75,0.5,0.25
3769,252293cb2dc3da228b3f,0.5714285714285714,0.5,0.0714285714285714
3769,b07eb1383e194b3fb2a5,0.75,0.5,0.25
3770,394d0bba6ac119745ba5,0.6666666666666666,0.5,0.16666666666666663
3770,b492e880c25da0ca736f,0.8,0.5,0.30000000000000004
3771,7d0ff15bc0ea780eecbd,1.0,0.5,0.5
3771,b4fc1e0fd5d39219c24c,1.0,0.5,0.5
3772,3562285d5ebf761e07f0,1.0,0.0,1.0
3772,47fa82ba1183739a5002,1.0,0.5,0.5
3772,85af7f9ef361b10c5877,1.0,0.0,1.0
3772,c6a2ec333997013dac57,0.7142857142857143,0.5,0.2142857142857143
3772,e3f454b31e99524c2429,1.0,1.0,0.0
3773,2e947b9330a8de1499df,0.5,0.5,0.0
3773,30231af81c073ce6554b,0.3333333333333333,0.5,-0.16666666666666669
3773,8a2ea72114d9bde3af11,1.0,0.5,0.5
3773,e87b0175128fa3637a9f,0.75,0.5,0.25
3773,eb78519a19ce03ff8fb7,0.6666666666666666,1.0,-0.33333333333333337
3774,b8411adefc034582765c,0.25,0.5,-0.25
3774,eb2d1a124165cb7e73a2,0.3333333333333333,0.5,-0.16666666666666669
3774,f39e520897c0489b9242,0.25,0.5,-0.25
3774,fecd07ff3fc8ffcee2b4,0.3333333333333333,0.0,0.3333333333333333
3775,08ea3e4ea7098a98d4dd,0.6,0.5,0.09999999999999998
3775,2bb8dd349b6480bbf4f4,0.6666666666666666,0.5,0.16666666666666663
3775,55195588ce5f52b77f09,0.6666666666666666,0.0,0.6666666666666666
3775,67f17a2a5f50d6aca7ab,0.6,0.5,0.09999999999999998
3775,8617627eb39f83075ad3,0.6666666666666666,1.0,-0.33333333333333337
3776,37f74680958b39f19414,0.5714285714285714,1.0,-0.4285714285714286
3776,cec897eba104b2d032ec,1.0,0.5,0.5
3776,fe3890478e9a67e87e64,0.75,0.0,0.75
3776,fe587089da880b1fc196,0.8571428571428571,0.0,0.8571428571428571
3777,2f1940c16962134f0896,0.25,1.0,-0.75
3777,435573f22fbbbe5d7d01,0.5,0.5,0.0
3777,626bed49078419887dfa,0.4,0.5,-0.09999999999999998
3777,8532085d5acf7c37223b,0.14285714285714285,0.5,-0.35714285714285715
3777,c5ae92b15d5701b837a3,0.6,0.5,0.09999999999999998
3778,62ea46bdacda0757dc0f,1.0,0.5,0.5
3778,9ca74a87aa231a3dc33a,1.0,1.0,0.0
3778,c167ee68a8a315b7ed2f,0.6666666666666666,1.0,-0.33333333333333337
3779,1e511b87260dd34a3ab0,0.6,0.5,0.09999999999999998
3779,2399005fbb156716e6e5,0.3333333333333333,0.5,-0.16666666666666669
3779,5b74483277915941b4e7,1.0,0.0,1.0
3780,4386b7b747e17cca329f,0.8,0.5,0.30000000000000004
3780,486f98db21553d649798,0.6666666666666666,0.0,0.6666666666666666
3780,8d5e6aee916333d76afb,0.6666666666666666,0.5,0.16666666666666663
3780,aff14e04c985844cad49,0.6,1.0,-0.4
3780,bf33039a1c7d54aa0443,1.0,0.5,0.5
3781,9be5a5beee8ce41ef5e2,0.75,0.5,0.25
3781,ccf222e98252a5571f46,0.75,0.5,0.25
3781,f1c5a94cb78ff3afc803,0.75,0.0,0.75
3782,1c1e9aba57c5757eeb17,1.0,1.0,0.0
3782,4548ce244c6bf138c761,0.5,0.5,0.0
3782,768eb243693ef46c8c35,0.6666666666666666,1.0,-0.33333333333333337
3782,899adfd4082c533e99fd,0.8333333333333334,0.5,0.33333333333333337
3782,a90737136c6551d470ba,0.6,0.5,0.09999999999999998
3783,0d521acb705d063eced6,0.0,0.5,-0.5
3783,1da51be1d32c6316fdd5,0.6666666666666666,1.0,-0.33333333333333337
3783,434127f2da0c2f2bb5d6,0.3333333333333333,1.0,-0.6666666666666667
3783,4697231641484ec388d3,0.0,0.5,-0.5
3783,ee300c432631c0c21ea6,0.3333333333333333,0.0,0.3333333333333333
3784,367a429a182aad085a37,0.5,0.0,0.5
3784,7153223a225d3b28ba7e,0.42857142857142855,0.0,0.42857142857142855
3784,7e04ba7b1fb96279e3d6,0.5,0.0,0.5
3784,d315bd216572ce9c9842,0.7,0.5,0.19999999999999996
3785,0604f0df2eb27d0a39f6,0.5,0.0,0.5
3785,3d0e1426cac6e1ddf381,0.5,0.5,0.0
3785,40c88cb9efa120a602a9,0.6666666666666666,0.0,0.6666666666666666
3785,c69433293c909239557e,0.3333333333333333,0.5,-0.16666666666666669
3786,63b972b428a95c0b94f1,0.75,0.5,0.25
3786,f32c163ce9a012e5f3df,0.6,0.5,0.09999999999999998
3786,fc1ea33db55bebcd96eb,0.6,1.0,-0.4
3787,427c2b8679cc64631437,0.5,0.0,0.5
3787,825dbab3a8312818d755,0.5,0.5,0.0
3787,8e1775ee28203d2fd905,0.5,0.0,0.5
3787,8ff3e3d9a75a5ea0d91d,0.5,0.5,0.0
3788,06dfb6308de5f806c9e5,0.4,0.0,0.4
3788,2d690540e134f9e9a38f,0.25,0.5,-0.25
3788,b501f8bd9dbc9d893cee,0.4,1.0,-0.6
3788,b6f88be86b7799f20707,0.6,0.5,0.09999999999999998
3788,effb327874fafdf21771,0.5,0.5,0.0
3789,7b90059c3bdc9b3787cb,0.3333333333333333,0.0,0.3333333333333333
3789,c4c9edb13e1049826ab5,0.5,0.0,0.5
3789,fccf3b37d35432e4b3b5,0.75,0.5,0.25
3790,b38224003afbe241e319,0.6,0.0,0.6
3790,cd2efa428807afc3c7d3,1.0,1.0,0.0
3790,fc8e66ab6189728132ec,0.75,1.0,-0.25
3791,3c56ef1ab7ef5e94b244,0.25,0.5,-0.25
3791,41dd52f7581423ec58be,0.3333333333333333,1.0,-0.6666666666666667
3791,b8ccf7ac2fc1896e1516,0.0,1.0,-1.0
3791,d25efa73f6cb15ba6e56,0.6666666666666666,0.0,0.6666666666666666
3792,81f0b27646b0782cee64,0.5,1.0,-0.5
3792,a1299ad9002f30fbb438,0.5,1.0,-0.5
3792,c8f280991cdfb329c185,0.3333333333333333,1.0,-0.6666666666666667
3793,15f816de5d4735d69d98,0.2,0.5,-0.3
3793,519931fabb90add1a639,0.5714285714285714,0.5,0.0714285714285714
3793,78ff2f4f467546178ad3,0.6,0.5,0.09999999999999998
3793,87cea6f4ee90c94f77a6,0.4,0.0,0.4
3793,cd9ba81eb972eab69cae,0.5714285714285714,0.5,0.0714285714285714
3794,6d684cc8848297c53574,0.5,0.5,0.0
3794,c9665dfe8126762bbaa2,1.0,1.0,0.0
3795,06ec69d2a383a967de6e,0.6,0.0,0.6
3795,68cd566dc739a33f8f3c,0.6,0.0,0.6
3796,1f7ada43d29524fbd8c3,0.8,0.5,0.30000000000000004
3796,2b4c8bdd65fe7ec1077f,0.5714285714285714,0.0,0.5714285714285714
3796,83a4786f06b4b9d8a63f,0.8,0.0,0.8
3796,9f2914b50a96be9d622c,0.8333333333333334,1.0,-0.16666666666666663
3797,34984b2993951175999a,0.3333333333333333,0.0,0.3333333333333333
3797,79dedc49f87446bae740,0.7777777777777778,0.5,0.2777777777777778
3797,9695752d7aee2dca4cf6,0.75,0.5,0.25
3797,cced5b7304393fbcdfcd,0.6,0.0,0.6
3798,050192079aca06725e8d,0.6666666666666666,0.5,0.16666666666666663
3798,ce0e8f9f66e79f4f1c44,0.75,1.0,-0.25
3798,edaad668661bb8ba10ba,0.6,0.5,0.09999999999999998
3798,f69d6e7c6d4ea6e94b23,0.8333333333333334,0.5,0.33333333333333337
3799,17eb845e213905ef45a4,0.8333333333333334,0.0,0.8333333333333334
3799,527229d3487a46d69623,0.8333333333333334,0.5,0.33333333333333337
3799,7cea14bbb809f5df6adf,1.0,0.5,0.5
3799,842ffdfdfd32dd8e780c,0.8333333333333334,0.5,0.33333333333333337
3800,1d58e30bc51470596eb0,0.75,0.5,0.25
3800,36d315a2b9ed0bb58fdd,0.75,0.0,0.75
3800,42f34acef33bef699ae1,0.75,0.0,0.75
3800,499adcedca1434a75369,0.75,0.5,0.25
3801,581d61ff5ceead806a75,0.8333333333333334,0.5,0.33333333333333337
3801,84135659ae3e1814f410,0.6,0.0,0.6
3801,b37b4dc0d416af22e764,0.8,0.0,0.8
3801,bc7cf2e2a77a90d447f6,0.6,1.0,-0.4
3801,f3052ba6a2a884999dce,1.0,0.0,1.0
3802,22041660fd809ef88de1,0.8333333333333334,0.0,0.8333333333333334
3802,628ef1bc3eefe0d22e6c,0.75,1.0,-0.25
3802,81b041825cb1bdcb7c09,1.0,0.0,1.0
3803,8e16365752c51f51336c,1.0,0.5,0.5
3803,8eee0da7f3491b0255f1,0.8333333333333334,0.5,0.33333333333333337
3803,ae9521de13046742ff61,0.7777777777777778,1.0,-0.2222222222222222
3803,afc0994cf2f92ca62864,1.0,0.0,1.0
3804,59954c19d10aa615b2fd,0.3333333333333333,0.0,0.3333333333333333
3804,727ce3a06fcdd0f34db3,0.75,1.0,-0.25
3804,c28d0ec1b7c75119f3ed,0.6666666666666666,0.5,0.16666666666666663
3804,c7d43740d22aab320dc6,0.5714285714285714,0.5,0.0714285714285714
3804,eda3ea92007d727d74d5,1.0,0.0,1.0
3805,09850ed9007a9e8a6e57,0.2,0.5,-0.3
3805,0ec39a913c23fd16f4de,1.0,0.0,1.0
3805,1db90feed5ba9365340a,1.0,0.5,0.5
3805,cd3a68bd23dc08abf070,1.0,1.0,0.0
3805,eb276ae1e48e1bb904a3,0.5,0.0,0.5
3806,06dd123c55adc6140a26,0.3333333333333333,0.0,0.3333333333333333
3806,3651602bbd6e60f77a91,0.6666666666666666,0.5,0.16666666666666663
3806,acf0a7dd3f292764daeb,0.6666666666666666,1.0,-0.33333333333333337
3806,de8db554a30de7a0cc9a,0.6666666666666666,1.0,-0.33333333333333337
3807,08f17e392c76855c2fc2,0.6666666666666666,0.0,0.6666666666666666
3807,1888fd021d633433c28f,0.4,0.5,-0.09999999999999998
3807,903693342687e1539642,0.5,0.5,0.0
3807,92bb1c42bbba27174af7,0.5,0.5,0.0
3807,e96f25e7bebf7c4210de,0.6666666666666666,0.0,0.6666666666666666
3808,15d9e6c98cb101357867,0.75,0.5,0.25
3808,44061697efcb557fa019,0.3333333333333333,0.0,0.3333333333333333
3808,4eb53ab05780bf9d74fd,0.25,0.5,-0.25
3808,89e96f7a10ccd7d1dc85,0.8,0.5,0.30000000000000004
3808,e357cea48141164c89b6,0.25,0.5,-0.25
3809,100b4d1eb2d7c47d9b56,0.7777777777777778,0.0,0.7777777777777778
3809,4ef02255810ddf334e32,0.6666666666666666,1.0,-0.33333333333333337
3809,bb206ca31c8ef6dbf986,0.8,0.5,0.30000000000000004
3809,e3ec21d1a44534ad13df,0.8333333333333334,0.5,0.33333333333333337
3809,ee88e83a2b5435cec4ca,1.0,0.5,0.5
3810,2d112c1adb40fad0d810,0.6666666666666666,0.5,0.16666666666666663
3810,5e0ab8aac5010350720c,0.6666666666666666,0.5,0.16666666666666663
3810,962e23d64b1ddfa330d4,0.6666666666666666,0.5,0.16666666666666663
3811,013fd73d033ebe0349be,0.75,0.0,0.75
3811,03b1567f735999142ffb,0.75,0.0,0.75
3811,e117e21583f3100357b4,0.5,0.5,0.0
3811,ecc83a1a5d3b215627ea,1.0,1.0,0.0
3812,e435db42d206105aac47,0.3333333333333333,1.0,-0.6666666666666667
3813,201538e59fd043e7056e,1.0,0.5,0.5
3813,50f989bcfbbcb8622e30,0.6666666666666666,0.0,0.6666666666666666
3813,9b61157f99fb555f99e9,1.0,0.5,0.5
3813,e353b19d0129db638097,0.75,0.0,0.75
3813,f15108cedcae95f41e6b,0.75,1.0,-0.25
3814,43e2d2ea7d18f1835e00,0.75,0.5,0.25
3814,90432d25b38eb0b605d2,0.6666666666666666,0.0,0.6666666666666666
3814,ab8863776a90faed8ada,1.0,0.5,0.5
3814,ac5860bb91c2fd17f3df,0.75,1.0,-0.25
3814,ed27c8ff9c05e93bad24,0.6666666666666666,0.0,0.6666666666666666
3815,307a03350a755cf96b06,0.25,0.0,0.25
3815,6f3d6c963cdf2ff882fc,0.3333333333333333,0.5,-0.16666666666666669
3815,92230604cf4269df8621,0.5,0.5,0.0
3815,db268a4d94b267ca3850,0.25,1.0,-0.75
3815,e293e21d7aaaa756ead4,0.5,0.5,0.0
3816,51559b5d270d7d520fbf,0.5,0.0,0.5
3816,5e32c38ed8c301bd73ab,0.8,1.0,-0.19999999999999996
3816,7b6895729c79dda7e10d,1.0,0.0,1.0
3816,a10c757a4b42d3272736,0.8571428571428571,0.0,0.8571428571428571
3816,d06fcabfb6bc6bbf9e3c,1.0,1.0,0.0
3817,0a7ed03c468043068e6f,0.8333333333333334,0.0,0.8333333333333334
3817,97b55cd7c1ff713e3944,0.8,0.0,0.8
3817,cbc77b3fe82b651890a2,0.8888888888888888,0.5,0.38888888888888884
3817,e817c763a238b0884713,1.0,0.5,0.5
3818,01af6391de1e8e1d1454,0.75,0.0,0.75
3818,2b913788372c687efb45,1.0,1.0,0.0
3818,455cda6a16ff8bbadfb4,0.75,0.5,0.25
3818,96e5dcde7aeed81f5dde,0.6666666666666666,0.0,0.6666666666666666
3818,f26dab79737a1024c4ba,0.75,0.0,0.75
3819,b5fa5ae0e564725c1634,0.5,0.5,0.0
3819,d7b5589e55bf6e43b40b,0.6666666666666666,1.0,-0.33333333333333337
3820,378bef75822a35a609de,0.5714285714285714,0.5,0.0714285714285714
3820,632f9041a957152f1efd,0.5,0.5,0.0
3820,70c59a7aae1b4ea84f38,0.75,0.0,0.75
3820,7d6cf55077842435f6f8,0.8333333333333334,1.0,-0.16666666666666663
3820,f2188e0a8f0a96992bb0,1.0,0.5,0.5
3821,04c6be9cd3d9d2fe5487,0.2,0.5,-0.3
3821,6171f69587a180d06be3,0.25,0.0,0.25
3821,a6d71c079b15f7a321d3,0.3333333333333333,0.5,-0.16666666666666669
3821,c45b9ae9764b8845de09,0.6666666666666666,0.0,0.6666666666666666
3822,3e4a313059a68749ec59,1.0,1.0,0.0
3822,461ea6dabb0c06f9ffdb,1.0,0.5,0.5
3822,9e3c2f104e39f8f1b16f,1.0,1.0,0.0
3822,ec3c3d712268299d5ea8,1.0,0.5,0.5
3823,25d43d5bb62b6dd12950,0.6666666666666666,0.5,0.16666666666666663
3823,6743ba2b64ac29199c92,0.75,0.5,0.25
3823,93ba7eacd6406c67de99,0.3333333333333333,0.0,0.3333333333333333
3824,44c87058719abe66e7fc,0.8333333333333334,0.5,0.33333333333333337
3824,7d6399238bb4d2baf360,0.6666666666666666,1.0,-0.33333333333333337
3824,e5e3df4ef94abe88ae30,0.7777777777777778,0.5,0.2777777777777778
3825,0164dfc1e63b679d9e6a,0.75,0.5,0.25
3825,304a9d41a7b6c9922e16,0.6666666666666666,0.5,0.16666666666666663
3825,3742c71826ed880a76a0,0.8,0.0,0.8
3825,a9e8ad9aa6426c04fadf,0.3333333333333333,0.0,0.3333333333333333
3826,79266c3ac6cc944c2444,0.5,0.5,0.0
3826,7a0d9e50c67957703b04,0.8,0.0,0.8
3826,8d0da732ad9045d703b3,0.6666666666666666,0.5,0.16666666666666663
3826,9acab5fb089a8717ee9b,1.0,1.0,0.0
3826,e23d484f16ea4164af07,0.5,1.0,-0.5
3827,085f028239acf6ff8f7a,0.8,0.5,0.30000000000000004
3827,4b8d068eac7d250eb8f7,0.8333333333333334,0.0,0.8333333333333334
3827,9d56bbc0f202b61d597f,0.8333333333333334,1.0,-0.16666666666666663
3827,c1878ba97f840f2453e4,0.5,0.5,0.0
3828,5c9b8615ed1a71380088,0.5,0.5,0.0
3828,7763ce621f69cf93b317,0.5,1.0,-0.5
3828,792417189855db109c2e,0.5,0.5,0.0
3829,014d65e25336e3f483c6,0.8333333333333334,0.5,0.33333333333333337
3829,8b9e0dbecef6d70c468d,1.0,0.5,0.5
3829,b5c947878dfb1ff13cb7,1.0,0.0,1.0
3829,b67b4962498e7d0a325a,1.0,0.0,1.0
3829,e6cc26e4cd44862d2f70,1.0,0.5,0.5
3830,2b0650af020c156e13e1,0.6,0.5,0.09999999999999998
3830,623e046c6c04e81dcd7e,0.6666666666666666,0.0,0.6666666666666666
3830,bcacb1a76aa2ef06e1d8,0.5,0.5,0.0
3831,2fa1d965e9f6ab2a52d0,0.6666666666666666,0.5,0.16666666666666663
3831,beb7d586be6f73104590,0.6666666666666666,1.0,-0.33333333333333337
3831,c902b632b1ea039576d3,0.6666666666666666,1.0,-0.33333333333333337
3831,decd64d6c539e67930cf,0.5,0.0,0.5
3832,61d736c241411b592ac0,0.6666666666666666,0.0,0.6666666666666666
3832,c8cd3a0b960d44c9c1e3,0.5,0.5,0.0
3832,e9bb213269e2c845f8b1,1.0,0.5,0.5
3832,f2cd0d630c95721f3fc2,1.0,0.5,0.5
3833,1b865e36e11c3e1b41bc,0.8,0.5,0.30000000000000004
3833,bfe4c394060817bbf385,1.0,1.0,0.0
3833,ef5337431f4b1706da3c,1.0,0.5,0.5
3834,0f45ff818440cf7666af,0.8125,1.0,-0.1875
3834,317a42ed5b8e3c9957d6,1.0,0.5,0.5
3834,79074bad17c5b89e912d,1.0,0.5,0.5
3834,8505356e361f7dc7f699,1.0,0.5,0.5
3834,942c19741d381521d314,0.875,0.0,0.875
3835,0a2d89e969ba3c38c63e,0.6666666666666666,0.5,0.16666666666666663
3835,0b1f3cb88a35e72163d7,0.75,0.0,0.75
3835,42b81221cdb00d34e23b,0.5,0.0,0.5
3835,7099e883dc756f07d0a5,0.75,0.5,0.25
3836,172391c41a15a9366b28,0.8,0.5,0.30000000000000004
3836,3171dfa5e1077b05968f,0.75,1.0,-0.25
3836,850138fe489c9cbd725a,0.6666666666666666,0.5,0.16666666666666663
3836,e97619f4ef96a170cea7,0.75,1.0,-0.25
3838,40b76ad187a86a772a70,0.8,0.0,0.8
3838,91fadd050bc7455de45b,0.5,0.5,0.0
3838,dee8794f9f2b1725d8a9,1.0,1.0,0.0
3839,291b87c7d478b38ab8da,0.25,1.0,-0.75
3839,70c82b822c04917b148d,0.5555555555555556,0.5,0.05555555555555558
3839,d61b192d22db5f588892,0.6666666666666666,0.0,0.6666666666666666
3840,19bf0835fd3495bfc66d,0.6666666666666666,0.5,0.16666666666666663
3840,53b17396606d34b32896,0.5,0.5,0.0
3840,6e2c8599200e89638a64,0.5,0.5,0.0
3840,b7e7c1dfce602a05ea53,0.25,0.0,0.25
3841,1229a76e96bc34fe3a5a,0.75,0.5,0.25
3841,831864d36f71d3a2978b,1.0,0.0,1.0
3841,8790b512da480193e738,0.8333333333333334,1.0,-0.16666666666666663
3841,bed56688a7c8a14a1ec6,0.6,1.0,-0.4
3841,c9776d8ac53731bb6ae8,1.0,0.5,0.5
3842,6587ddbcbb3eb3a93eec,0.3333333333333333,0.0,0.3333333333333333
3842,7702c497a93a83be03b0,0.5,0.5,0.0
3842,78b7fd4f15fe8f1d9c83,0.7777777777777778,1.0,-0.2222222222222222
3842,793fc48d7498f15779e2,0.5,0.5,0.0
3843,1d920fad10268566bc4c,0.3333333333333333,1.0,-0.6666666666666667
3843,3cbce578181e5d56549e,0.6666666666666666,1.0,-0.33333333333333337
3843,694505fbcabb30f5eba4,0.25,0.5,-0.25
3843,7afb5dafff86cc950806,0.3333333333333333,0.5,-0.16666666666666669
3843,b6a3485e59de47733d47,0.3333333333333333,0.5,-0.16666666666666669
3845,82bfc8a9a87629b78a2a,0.6666666666666666,1.0,-0.33333333333333337
3845,a0bea8603fd90202300c,0.8571428571428571,0.0,0.8571428571428571
3845,bbddb208cd90088727bf,0.5,0.5,0.0
3846,00206a713fc06df9a5b3,0.4,0.5,-0.09999999999999998
3846,c91f2f4f9da23b45976c,0.8,0.5,0.30000000000000004
3846,de452341448f8b5b1058,0.5,0.5,0.0
3846,f1b2c3c763208db67e71,0.6,1.0,-0.4
3847,0cbe642ab5cfddecfc80,0.0,0.5,-0.5
3847,4d1c901d814740aa6add,0.0,0.0,0.0
3847,5ca672ec98f1c12e89ab,0.5,1.0,-0.5
3847,d3c29b978c34d917ee4b,0.0,1.0,-1.0
3848,2f57a098fdb973187d97,0.75,0.0,0.75
3848,561552fe0054497bec99,0.5,1.0,-0.5
3848,fe90e36789ea8ac9cec9,0.6666666666666666,1.0,-0.33333333333333337
3849,317a1a3eab5b2ca03d1e,0.5,0.5,0.0
3849,c24fa9b69364a22dad03,0.3333333333333333,1.0,-0.6666666666666667
3849,f1e28569db826567dab3,0.5,0.0,0.5
3849,f27df67cd9708b84e7d0,0.2,0.0,0.2
3850,19caf0db6e1bb5f4ff79,0.5,0.5,0.0
3850,46a33cec48f990073d7b,0.5,1.0,-0.5
3850,6a3a15760871b2372440,0.4444444444444444,0.0,0.4444444444444444
3850,b69f7fce98bd01436f20,0.5,0.5,0.0
3850,febb497f7b0f76c2d4f7,0.125,0.5,-0.375
3851,2464a22a0a36b1f3a8a3,0.0,1.0,-1.0
3851,6a51402ee7276a7c9e99,0.0,1.0,-1.0
3851,7ef71ea374976a77b077,1.0,1.0,0.0
3851,96e538640367b09a355a,0.0,1.0,-1.0
3851,c9444fd7c19f947cedb3,0.0,0.5,-0.5
3852,13a8d0616bec3b57f1b8,0.5,0.5,0.0
3852,60c862e8e5b88a6b0104,0.0,0.0,0.0
3852,6f36a8d9ae30d31e83dc,0.0,0.5,-0.5
3852,ab0b53721f94ec7ba869,1.0,0.0,1.0
3852,bd28491372dc66db46cb,0.5,0.5,0.0
3853,03861c5a44b4eec52678,0.0,0.5,-0.5
3853,0c39ed6b2b8b724c6dc3,0.5,0.5,0.0
3853,2cb4655432e619ef83b4,0.0,1.0,-1.0
3853,4f9e678b3a7b7fb6f7b4,0.0,0.0,0.0
3853,df092e7f15fa85e71d14,0.0,0.5,-0.5
3854,3de16dcf9c41f3571410,0.0,0.5,-0.5
3854,7d34aaad33a77269c2da,0.0,0.5,-0.5
3854,8b5ce6ecb9bfbf60378a,0.0,0.5,-0.5
3854,8c5bb79eb38a77bacaa7,0.5,0.5,0.0
3854,b17c4118ffd38113827a,0.0,0.0,0.0
3855,1aa74a3a37804df48699,0.0,0.5,-0.5
3855,2a45c3a4d2fa218c3a4e,0.5,0.5,0.0
3855,4ac459af9aa9eb6c2031,0.5,1.0,-0.5
3855,c8f852f09af1a0cbbc4b,0.0,1.0,-1.0
3855,d4e02f88ffcc86f44409,0.0,1.0,-1.0
3856,44f727140ac514ad21f3,0.5,0.0,0.5
3856,ab8a6279ef641b284b08,0.25,0.5,-0.25
3856,c4b8ee2b0bbba1bd170f,0.0,0.5,-0.5
3856,e08aa11b66957b1ac069,0.0,1.0,-1.0
3856,fba43eb899958a34db2d,0.5,1.0,-0.5
3857,67e2d4d7d882c1ec2bec,0.5,1.0,-0.5
3857,e438caa79bc3112aaac9,0.0,1.0,-1.0
3858,6e8905d899615519f735,0.5,0.5,0.0
3858,cdc8fe99f8fff6e4f91f,0.75,0.5,0.25
3858,e8cbf60b42e937f4790b,0.5,1.0,-0.5
3858,f051f484a675aa321993,0.0,1.0,-1.0
3859,1d4656211a23974d8354,0.0,0.5,-0.5
3859,8bc1337f792a44b19fdc,0.7142857142857143,0.0,0.7142857142857143
3859,f99e765857e1c3d873f6,0.0,0.5,-0.5
3859,fc25975b2499e27cf81e,0.0,0.0,0.0
3860,19c7cd882a5bf6930f89,0.5,0.5,0.0
3860,712c2575aaadcf5b1591,0.5,1.0,-0.5
3860,bd32a63955fbfcd2fbaa,0.5,0.5,0.0
3860,e9bcaec68fb40a92eadc,0.0,0.0,0.0
3860,f6d5ce33f2edba07b591,0.5,0.5,0.0
3861,1ea863c440af2f7f9002,0.2,0.0,0.2
3861,8fa0ad91211e84b91e0f,0.5,0.0,0.5
3861,e1ce1030171f37482bf1,0.0,0.0,0.0
3861,e2b6c528c46910265b9a,0.5,0.5,0.0
3861,e7055a177da05e829c5c,0.0,0.5,-0.5
3862,4850a31cfcbe627a7ad8,0.5,1.0,-0.5
3862,7164ea0abaada28f7382,0.0,0.0,0.0
3862,8f52824c5290a658b421,0.5,1.0,-0.5
3862,abdc917e8e2ca1b047a6,0.0,1.0,-1.0
3862,b59ca3f0ff8c9b5047e8,0.5,0.5,0.0
3863,08d6ad7a844865ed6b84,0.0,0.5,-0.5
3863,3d71a0d7297375fa7e05,0.0,0.0,0.0
3863,a5451db56d3ac7a99e2f,0.0,1.0,-1.0
3863,c63d14d7eafeb12595f4,0.0,1.0,-1.0
3863,de679c2d5f9a10667cbc,0.0,0.5,-0.5
3864,0c4cfa9503d326c44802,0.5,0.5,0.0
3864,35019166149220788293,0.75,0.0,0.75
3864,528a54b7bb9762e2e0a0,0.5,1.0,-0.5
3864,5b0e84bdb5aa3f318818,0.0,0.5,-0.5
3864,a13d48d873ad3fafc50c,0.0,0.5,-0.5
3865,2cce07241df0cd81f016,0.0,1.0,-1.0
3865,4b6b7f8c9829c4cf497b,0.5,0.0,0.5
3865,86bae2102a80c22263cf,0.0,1.0,-1.0
3865,e4d7298c882b72768f3a,0.0,1.0,-1.0
3865,f41307b47c8e874a476f,0.0,0.5,-0.5
3866,3beffba3c387ae8ac58e,0.5,0.5,0.0
3866,5cffa51c22ab38e52cdd,0.0,0.0,0.0
3866,7edb2a00715a6a1e632e,0.5,0.5,0.0
3866,877d3351300d70c7669a,0.5,0.5,0.0
3866,ac92572df04a5ebdb85a,0.0,0.5,-0.5
3867,3cf1362368b16e00b512,0.5,0.0,0.5
3867,4cba569f20bcca767e58,0.0,0.5,-0.5
3867,9ed9177c89d5dfbeb88f,0.5,0.0,0.5
3867,cdce67ed4b2330180fa6,0.0,0.5,-0.5
3867,e424ae5bdd51d2a72694,0.0,1.0,-1.0
3868,87ae64ca1a293601fab3,0.5,0.0,0.5
3868,95463c8477287ad74ca0,0.5,0.5,0.0
3868,a1e61975bbbbb96261ac,0.0,1.0,-1.0
3868,f6ca1af4b064365c83b2,0.5,1.0,-0.5
3868,f8cd5cbb969276f1599b,0.5,1.0,-0.5
3869,332d074bebae55d6eae5,0.0,1.0,-1.0
3869,3a02f2ae67aa256f29ca,0.5,0.5,0.0
3869,818c485057b03d35f591,0.4444444444444444,1.0,-0.5555555555555556
3869,a530c2b0c11469d3e39c,0.0,0.5,-0.5
3869,e068ece9aca4a3ff21f3,0.0,0.0,0.0
3870,2debd24f3f2190659328,0.0,0.0,0.0
3870,61540d6c2ad85a27f740,0.0,0.0,0.0
3870,691dc2c7821cc41bb4fc,0.5,0.5,0.0
3870,ead95700abbd697e6a11,0.5,1.0,-0.5
3870,f2b725dcd049f9197d09,0.0,0.5,-0.5
3871,255f5fc4b3ebea16d524,0.0,0.0,0.0
3871,7e529e89bfe7ad34ca2d,0.0,0.5,-0.5
3871,88e6e6a1245086c16e79,0.5,0.5,0.0
3871,921acba32df42c3ec1f0,0.0,0.5,-0.5
3871,9e2f458922b14018c7f6,1.0,0.5,0.5
3872,1329cdb63fae047c9251,0.0,0.0,0.0
3872,39117478a60f718b06b6,0.0,0.5,-0.5
3872,819722c06da1df707673,0.0,0.0,0.0
3872,b4ac239d5edef3a1ca53,0.0,1.0,-1.0
3872,b4ca6cde22df786ea48b,1.0,0.5,0.5
3873,535819d31e64d01d3729,0.0,0.0,0.0
3873,7594a3f1c8076a1ba63d,0.5,1.0,-0.5
3873,78b3815349e14cdcc087,0.0,0.0,0.0
3873,a10226b6c21958a23b5f,0.0,0.0,0.0
3873,d9e1460d17a4535a5168,0.0,0.5,-0.5
3874,6f89b344897abb2f1a35,0.0,0.0,0.0
3874,75289501363d420a2bff,0.0,0.5,-0.5
3874,849c05fe1180cfe83613,0.5,0.0,0.5
3874,8fd57520d6205b13885c,1.0,0.5,0.5
3875,0011fcae9c3a7e7e736e,0.5,0.5,0.0
3875,5d445f2723a782f326e0,0.5,0.5,0.0
3875,94b4dca796e7f1a1c61d,0.0,0.5,-0.5
3875,c29139d27c48843a3c72,1.0,1.0,0.0
3875,d6e7fe8ed1b2db8a57b5,0.0,0.5,-0.5
3876,421301dafe300db6e07f,0.0,0.5,-0.5
3876,5827d629022fd2c5386d,0.0,1.0,-1.0
3876,71060ad36e1672cf391b,0.0,0.0,0.0
3876,7be33dbe6d359ccff62d,0.0,0.5,-0.5
3876,b22970d1a22c94f31e57,0.5,0.0,0.5
3877,2af990a3c29676f9227e,0.0,1.0,-1.0
3877,4d1f9f4b693c66e1351a,0.0,1.0,-1.0
3877,526530db619f22f852d0,0.0,0.5,-0.5
3877,7fe1310e955999572667,0.5,0.0,0.5
3877,8094d5563b0da8f800ba,0.5,1.0,-0.5
3878,838dea7716bbdf71631a,0.0,0.0,0.0
3878,9663b3d34d4d8bb643ce,0.0,0.5,-0.5
3878,96b7a1252c30b987d9f3,0.0,0.5,-0.5
3878,b17e2a609c05d2bb7fb3,0.0,0.5,-0.5
3879,14972ca01d0c453bd9f2,1.0,0.5,0.5
3879,324d02d7360e388d35d6,0.5,0.5,0.0
3879,5c3e33df0a0f9d65d515,0.0,1.0,-1.0
3879,ecba22c20ac90b2d399b,0.5,0.0,0.5
3879,f7b37ca35754360accc6,0.5,0.5,0.0
3880,08b42f9d219ed2557c67,0.5,0.0,0.5
3880,16b50996421eff066937,0.0,0.0,0.0
3880,5819c7c32d00feae2295,0.5,1.0,-0.5
3880,7ca775546c426ca27db2,0.0,0.0,0.0
3880,c1f2e38a0c47e1f04ffe,0.0,0.0,0.0
3881,0387dd905bc0d355e6be,0.5,1.0,-0.5
3881,1fdfa5bf81865cabd208,0.6,0.5,0.09999999999999998
3881,816a0caa454c5fe04ef1,0.5,0.0,0.5
3881,9f672e556ce223a08b0e,0.0,0.0,0.0
3881,b8a256ab83fd0b3e5668,0.5,0.0,0.5
3882,039f806da9c896c28b4f,0.0,0.5,-0.5
3882,1dc0529067183f48477a,0.5,0.0,0.5
3882,4a90a2e7a6a0575cb3c4,0.5,0.5,0.0
3882,608486b49e1f7e7aebab,0.0,1.0,-1.0
3882,799b48c45e8e105e4b65,0.0,1.0,-1.0
3883,3a5cda40d2d0471d52c1,1.0,1.0,0.0
3883,8af8c6811696227d7ace,0.0,0.5,-0.5
3883,a6389521290a5016ab38,0.5,0.5,0.0
3883,b8a0e4ac131f6dddbbf7,0.0,0.5,-0.5
3883,fab8c02f13fd511e2578,0.0,0.0,0.0
3884,34626ea79e7a50b3aac2,1.0,0.5,0.5
3884,3968b0cd9a8ed882adc0,0.5,0.0,0.5
3884,848a872d70866fd08b26,0.5,1.0,-0.5
3884,e0e8ab1ead9cb981ee16,0.0,0.5,-0.5
3884,fc35dc6ababd3eeb706e,0.5,1.0,-0.5
3885,00d781e3c7cfff9f4573,0.5,0.0,0.5
3885,2701d5e7194b49e3ef97,0.0,1.0,-1.0
3885,730f79929e05a2a097fe,0.5,1.0,-0.5
3885,76f901ef0f13b46aa4f1,0.0,1.0,-1.0
3885,d88bf67f263955e3b9a6,0.5,0.5,0.0
3886,13272d867e6a458bb2f9,0.0,0.0,0.0
3886,43725bf58264f43fb2bb,1.0,0.0,1.0
3886,6d7c7aa9d01a350064d9,0.0,0.5,-0.5
3887,286a7f757181d60e9bd6,0.5,0.5,0.0
3887,9e28c53c391cfd993c93,0.5,0.5,0.0
3887,c8ddd09ee12664795e3c,0.5,0.5,0.0
3888,7fec553216c4e9acef3a,0.0,0.5,-0.5
3888,bdbead42381073317581,0.0,0.5,-0.5
3888,cdcde2322da0468ddd04,0.3333333333333333,0.5,-0.16666666666666669
3888,f4e12fc65919c2d2ba1a,0.0,0.0,0.0
3889,0790d861271df4dba928,0.0,1.0,-1.0
3889,12d9affe84f3a749ecad,1.0,0.5,0.5
3889,1f2559ace57423d81254,0.0,0.0,0.0
3889,b3acfb92ad118a6e47bc,0.0,0.5,-0.5
3889,d8dfa488c4d72a427dfc,0.0,0.5,-0.5
3890,8ee7dd8d404da79680b8,0.0,0.0,0.0
3890,b5106001c2e8d7ace663,0.0,0.5,-0.5
3890,c6fb26ca1f71f8c0102b,0.0,0.5,-0.5
3890,d8d8541cbc2124bf8db9,0.0,0.0,0.0
3891,20b0f83b9cc09004d9d2,0.5,0.5,0.0
3891,855badfa59f47db2cf83,0.0,0.5,-0.5
3891,d37eb9ba4a5c0b937691,1.0,1.0,0.0
3891,daf3d628608a617638e7,0.0,0.5,-0.5
3892,1de75541d36986862b20,0.5,0.0,0.5
3892,bc419bd3a7f62eacdec6,0.6666666666666666,0.0,0.6666666666666666
3893,1023264fcf4d27b48b4b,0.6666666666666666,1.0,-0.33333333333333337
3893,83f38e94fdfd7525ff48,1.0,0.5,0.5
3893,c5162171b8bd264a7b45,0.8333333333333334,0.5,0.33333333333333337
3894,0b538ec1a31878d84469,0.6666666666666666,1.0,-0.33333333333333337
3894,22a7c4fe55d9da7865f5,1.0,1.0,0.0
3894,2ea4c99385a6206c5f8a,0.6666666666666666,0.5,0.16666666666666663
3894,5bfa4633b1e9ee96a4b6,0.6666666666666666,1.0,-0.33333333333333337
3895,2dcf9a43a06747583883,0.5,1.0,-0.5
3895,3b36f1e4f1fab3344005,0.5,1.0,-0.5
3895,dc727a6e22749414f544,0.5,1.0,-0.5
3895,e4614359ee88f5750017,1.0,0.0,1.0
3895,fffe111eebdee4425a5e,0.5,1.0,-0.5
3896,31b69b6a0b14fdbdc517,0.5,0.0,0.5
3896,4d6e24c326b1b4fe3ba5,0.0,0.5,-0.5
3896,4fdf8b74c4621d059b8c,0.7142857142857143,1.0,-0.2857142857142857
3896,70b7e72d31877339c65d,0.3333333333333333,0.5,-0.16666666666666669
3896,e578d275c2fbbe1cfc84,0.0,0.0,0.0
3897,5aed8aecc3fac646206a,0.0,0.5,-0.5
3897,9234b2fbbadb5cc623c1,0.0,0.0,0.0
3897,c0e9e15ee1545ae63a75,0.0,1.0,-1.0
3897,e7732100ff9b55d26c8f,0.5,1.0,-0.5
3897,e78c9145c313d9005a08,0.5,0.5,0.0
3898,05cd89189b108024a455,0.0,0.5,-0.5
3898,113662e23f8d45ed1a28,0.0,1.0,-1.0
3898,9b8833a088279022ecc9,0.0,0.0,0.0
3899,030407db1d3120287a78,0.0,0.5,-0.5
3899,4bcf69a3767c5aa88d00,0.8,0.5,0.30000000000000004
3899,75a1166de78cca63f66c,0.0,1.0,-1.0
3899,ec83ff59249b2420b353,0.0,0.5,-0.5
3900,05062fe51906e731fce2,1.0,0.5,0.5
3900,426432f7212dc212bd89,0.0,1.0,-1.0
3900,4818f329e8a1471458ec,0.0,0.0,0.0
3900,c7f298af34bdcefc9a73,1.0,1.0,0.0
3901,1d4d66dbc279f6682cbd,0.5,1.0,-0.5
3901,71acfb484be72ca0eaa7,0.0,0.0,0.0
3901,8422a4deb1a332aa943e,0.5,0.5,0.0
3901,cf42805532f5471ee0c5,0.0,0.5,-0.5
3901,e38a827a1361c9c1c9d4,0.5,0.5,0.0
3902,43f16f8d68f7b4c9e701,0.6666666666666666,0.5,0.16666666666666663
3902,6102eea8ade565b64a9f,1.0,0.5,0.5
3902,68fe7c35dfcf84508339,0.3333333333333333,1.0,-0.6666666666666667
3902,a9f56afa86c2cbbfcffb,0.5,0.5,0.0
3902,fecb50b14d9ae5e9cc0d,1.0,0.5,0.5
3903,527d2f2ec978c23d0b91,0.0,0.5,-0.5
3903,6af89b07f283fd629bff,0.3333333333333333,1.0,-0.6666666666666667
3903,b3a1afd224b3692a53e8,0.0,0.5,-0.5
3903,bc4af8da8119638dc69a,0.0,0.0,0.0
3903,f205ca1297c7fa835352,0.0,0.0,0.0
3904,11016d7000f70fcab8fd,0.6666666666666666,0.5,0.16666666666666663
3904,50009a656f0cf2cfc35f,0.75,0.5,0.25
3904,7bd8388b4ff4015b64b3,1.0,0.5,0.5
3905,105531f3af04d0caeb3d,0.6666666666666666,0.5,0.16666666666666663
3905,3c8b554042b6430d0390,1.0,0.0,1.0
3905,733f596bd861aa108d71,0.6666666666666666,0.0,0.6666666666666666
3905,bde5ee5a46bc14f7542f,0.6666666666666666,0.0,0.6666666666666666
3906,6f55ddc727bedcfc3bf1,0.5,0.5,0.0
3906,a70d94b2c7ecb94eb807,0.0,1.0,-1.0
3906,ede7a23d7511c403af50,0.5,0.0,0.5
3906,f0e9ba16536137a1e599,0.0,0.5,-0.5
3906,f97093dc18e5d9664ac5,0.0,1.0,-1.0
3907,4235975c332b9470d1e4,0.5,1.0,-0.5
3907,b196fdfb9fd5f327f46b,0.6666666666666666,0.5,0.16666666666666663
3907,f5ed6e304db195f4ea00,0.5,0.5,0.0
3908,7157b8478fdbd25c85ef,0.3333333333333333,1.0,-0.6666666666666667
3908,944fc267d554175b6dc9,0.6666666666666666,0.5,0.16666666666666663
3908,b75a350b9c70e44c3068,0.0,0.0,0.0
3909,023efd58787654a09c2f,0.4,0.0,0.4
3909,0c914478ea6edd422db8,0.5,0.0,0.5
3909,6fa06ff6c6c482744e0f,1.0,0.5,0.5
3910,484c13335cd6aed7c435,0.7142857142857143,0.0,0.7142857142857143
3910,f5791e0c2dcfe98c28f8,1.0,0.0,1.0
3911,3006742274277cd30562,0.0,0.5,-0.5
3911,39bac7ece2ae70312378,0.0,1.0,-1.0
3911,407a693c085120092774,0.5,1.0,-0.5
3911,8aa01e6ba0a4998ea60f,0.25,0.0,0.25
3911,c70ec8573fac83f77145,0.0,0.5,-0.5
3912,23cce21fb71b1a454eec,0.0,0.0,0.0
3912,896dbbae693bb327bfc0,0.0,1.0,-1.0
3912,b1921d74283e80921b90,0.5,0.5,0.0
3913,58deba6276410c1a89f1,0.0,0.0,0.0
3913,949831757fc871ccaa1d,0.5,1.0,-0.5
3913,ae4bdc2ec123cbc1a1d5,0.0,0.0,0.0
3913,b122e8f82591bb002085,0.0,0.0,0.0
3914,84f270d3a9d05be9ef5e,0.0,0.5,-0.5
3915,2e86e67c1946fed9e73a,0.5,0.0,0.5
3915,76c6084a96535462dd76,0.75,1.0,-0.25
3915,dc7d2a5e8237243f51e7,0.0,1.0,-1.0
3916,a75773bd139336e1102a,1.0,0.0,1.0
3916,af534a4056470e16e1dd,0.5,0.0,0.5
3916,b055fd30879ebc2b1a49,0.0,0.5,-0.5
3916,c0732e692d922fedfae2,0.75,0.5,0.25
3916,e9d46e0c861d6c856152,0.5,1.0,-0.5
3917,28db03b8ba8fbe3180d0,0.7142857142857143,0.0,0.7142857142857143
3917,3959b02703ca51643091,0.3333333333333333,1.0,-0.6666666666666667
3917,f337602e9cb419da24c6,0.75,0.0,0.75
3918,0fd070d44618f833ec2b,1.0,0.5,0.5
3918,26edc41d637775fdacf1,0.8,1.0,-0.19999999999999996
3918,59e213ecd8115ba10ac5,1.0,0.5,0.5
3918,ed37307b1596d22f88c6,0.0,0.0,0.0
3919,54f6dc276d044f96fea3,0.2,0.5,-0.3
3919,71f4e7231f72eb222e74,0.5,0.5,0.0
3919,c506103fcb32e95d32a6,0.5,0.5,0.0
3919,d7790963e1606f003730,0.2,0.5,-0.3
3919,edc121a6e4830cb5c462,0.4,0.5,-0.09999999999999998
3920,3bb9ec48db942d7c072a,0.5,0.5,0.0
3920,765c43da30ff15f52a71,0.5,1.0,-0.5
3920,a6b336f056b2e2a023d0,0.75,1.0,-0.25
3920,d4089be09870a0909937,0.3333333333333333,0.5,-0.16666666666666669
3920,e0a0934cb2a420849d68,0.2,1.0,-0.8
3921,9d5e58794fe00cfc738f,1.0,1.0,0.0
3922,2fd18389f4bf198623e5,0.5,1.0,-0.5
3922,749dc85a3bbc6f593804,0.5,1.0,-0.5
3923,1c48e65331f977fc6c84,0.5,0.5,0.0
3923,434ed9ce7480075ab105,1.0,1.0,0.0
3923,44b41a840dcf77747ea1,0.8,0.0,0.8
3923,639a7fb1a650d6f87848,0.6923076923076923,1.0,-0.3076923076923077
3923,a7f20b292279eb1628ac,0.8,0.0,0.8
3924,5a696462745d1d8d1763,0.6666666666666666,0.5,0.16666666666666663
3924,5b86e36c51d9e381a238,0.625,0.0,0.625
3924,97a5445ea97880f4f535,0.8,0.0,0.8
3924,a1f0a400a9912a2f392d,0.75,0.0,0.75
3924,aca5335a995ecc043f8e,0.6666666666666666,0.5,0.16666666666666663
3925,7f63f277847a648bf368,0.6666666666666666,1.0,-0.33333333333333337
3925,e7a29469241563bf11ad,0.7272727272727273,1.0,-0.2727272727272727
3925,fea986d683aac75c4363,0.5714285714285714,0.0,0.5714285714285714
3926,0bed504aa840df8e1b2c,0.7142857142857143,0.5,0.2142857142857143
3926,129c95f232a414db4a8a,0.5,0.0,0.5
3926,32bd9448a3a140fff5d1,0.42857142857142855,1.0,-0.5714285714285714
3927,1b7aa3aa3ea03218ed27,0.6666666666666666,0.5,0.16666666666666663
3927,776e134b8c221843073f,0.3333333333333333,1.0,-0.6666666666666667
3927,7b491f205edc8a50518f,0.3333333333333333,0.0,0.3333333333333333
3927,8d91a8b041c1afdeb74f,0.75,0.5,0.25
3927,93b9b05fee6c22c69f97,1.0,0.0,1.0
3928,09b6350c4958f36cf338,0.25,0.5,-0.25
3928,2553fcbe8d07c7edd24a,0.75,0.0,0.75
3928,4f20a158efee73297ab2,0.75,0.5,0.25
3928,d82a55c7ea7459a2c973,0.75,1.0,-0.25
3928,f3ed0797020b2b0cf724,0.75,1.0,-0.25
3929,3ed3d4a911a4223843ce,0.5,1.0,-0.5
3929,5f45cfdaf9ded63cdfaa,0.5,0.5,0.0
3929,bcc4344b1bdd2a736149,0.0,0.5,-0.5
3929,c75818f6cf37f79b270e,0.0,0.0,0.0
3929,fe717b6f216fc50bea02,0.5,0.5,0.0
3930,44a475538c80bf50a265,0.6666666666666666,0.5,0.16666666666666663
3930,7697e2653c99ff9dce2e,0.3333333333333333,0.5,-0.16666666666666669
3930,7d592dd441930f37520a,0.3333333333333333,0.0,0.3333333333333333
3930,9904f8a093fa8af28710,0.6666666666666666,0.5,0.16666666666666663
3930,a8a8dd8cda2178932edd,0.6666666666666666,0.0,0.6666666666666666
3931,03c63760034a66763bdf,0.25,0.0,0.25
3931,08635470a9b6271906f5,0.625,0.5,0.125
3931,2ba7b7229f775a31e1e5,0.7333333333333333,0.5,0.23333333333333328
3931,990b5ad87291acf9b6ab,0.6,0.0,0.6
3932,306c87473b43659e7a17,0.6666666666666666,1.0,-0.33333333333333337
3932,551af2ca755ade521243,0.75,1.0,-0.25
3932,a05e0068756b13072bf8,0.6,1.0,-0.4
3932,e51e4ad119e4c1fa7454,0.6,0.0,0.6
3932,f00107e0e467d7294216,0.5,0.5,0.0
3933,2c14789fecc40c833e55,0.75,0.5,0.25
3933,30d47e63233279aa7b3c,0.8333333333333334,0.0,0.8333333333333334
3933,37b1565865730f2f4365,0.5,0.0,0.5
3933,7ff6ac672be8416d3d90,0.5714285714285714,0.5,0.0714285714285714
3933,94dd5785bcdff7eb0976,1.0,0.0,1.0
3934,73cb9820d65dbb7dede7,0.9,1.0,-0.09999999999999998
3934,d00166cc2eef8c6c16a1,0.5263157894736842,1.0,-0.4736842105263158
3935,6013032f358a0d1de773,0.5,0.5,0.0
3935,605ba601abbd0b35db7d,1.0,1.0,0.0
3935,aa69b6225f49f0e73130,1.0,0.5,0.5
3935,d86ac7a33daff36efbcd,0.8333333333333334,0.5,0.33333333333333337
3935,f1fdd018d6938ecc4bba,0.6,0.5,0.09999999999999998
3936,2899ddb33297d67e48dd,0.75,1.0,-0.25
3936,3841a717e8564596d30e,0.3333333333333333,0.5,-0.16666666666666669
3936,5f9813f2bce8ff59663f,0.6,0.5,0.09999999999999998
3936,7a10a5115c96579450e5,0.6,1.0,-0.4
3936,ff97badfa2dc48ed97b3,0.3333333333333333,0.5,-0.16666666666666669
3937,31a6800aef009b4822b4,0.0,0.0,0.0
3937,838302ffec1a7c7daa19,0.3076923076923077,0.0,0.3076923076923077
3937,9ef3a88313f023ca44f9,0.6,0.5,0.09999999999999998
3937,d43aedfe3c168b4a454a,0.2,0.0,0.2
3937,dea86e2c796d305fc0ef,0.25,0.0,0.25
3938,29a2610c7c5cee33a8ff,0.5,0.5,0.0
3938,470aa42003debcc54897,0.25,0.0,0.25
3938,83605676c6e6c2103e91,0.2,1.0,-0.8
3938,abbfc0ff615404176de7,0.4,1.0,-0.6
3938,ec28c2eb8c99bc578e1a,0.6,0.5,0.09999999999999998
3939,1ddd251294b633b6ee5b,0.0,1.0,-1.0
3939,1f4791dc05a7371b3520,0.3333333333333333,1.0,-0.6666666666666667
3939,21ba93449baaefed8f56,0.5,1.0,-0.5
3939,242fdc8c0bc9d6c448af,0.3333333333333333,0.5,-0.16666666666666669
3939,3f1297b0e7c0fac160e1,0.25,1.0,-0.75
3940,76dc39ee837c434cdb5d,0.3333333333333333,0.0,0.3333333333333333
3940,770be35bd3022c2d4314,0.5,0.0,0.5
3941,26f5142aaa54d02f4423,1.0,0.0,1.0
3941,2eccc6408f0e9e7430e9,0.6,1.0,-0.4
3941,902398363e221bb8ca27,0.3333333333333333,0.0,0.3333333333333333
3941,9ccab218b40f6c0438f6,0.6,0.0,0.6
3941,f927cd6ed959f8cc4980,0.4,1.0,-0.6
3942,386bcf6514dc54d1d598,1.0,1.0,0.0
3942,b14b0291751a43991702,1.0,1.0,0.0
3943,388feeb3db09774bcf99,0.75,0.5,0.25
3943,4620a435dffd624f49ad,0.75,0.5,0.25
3943,4e4037c661877d1079d5,1.0,0.0,1.0
3943,7f17e8f098b4288ff68b,0.75,0.5,0.25
3943,8b135799f56d3552bc41,0.6,0.0,0.6
3944,1d193e50b34efeae61b0,0.25,0.5,-0.25
3944,605c3c0c981c53caac9b,0.25,0.5,-0.25
3944,833fa03900ec260744fb,0.25,0.5,-0.25
3944,fdab30a31605997973ff,0.25,0.0,0.25
3945,59c66496e0b9acfe9a7e,0.5,0.5,0.0
3945,7ce15c5f9aaece4ab17d,0.6666666666666666,1.0,-0.33333333333333337
3945,aa7bf8ca838f50669014,1.0,0.5,0.5
3945,eb3e81f74726c083ec3f,0.5,0.0,0.5
3945,ed15016dc7f4042ed48f,0.6666666666666666,1.0,-0.33333333333333337
3946,31609f2a08d53c217925,0.6666666666666666,1.0,-0.33333333333333337
3946,53772e47118a9bb1a8f2,0.5,1.0,-0.5
3946,7a4dc7840cb663f34c0f,0.0,0.5,-0.5
3946,9ff6429e8c625e37fb17,0.0,0.0,0.0
3946,e64c8591021749e5431c,0.3333333333333333,0.0,0.3333333333333333
3947,b8e86d93b664796a8b61,0.5,0.0,0.5
3947,c99523d581481d10f857,0.0,0.5,-0.5
3947,ea1d319bddd42d625868,0.0,0.0,0.0
3947,fb312c363c5ea784563e,0.5,0.0,0.5
3948,13e8206de3ee00a46a30,0.6666666666666666,0.0,0.6666666666666666
3948,f6e31c9367d13fb9a109,0.25,1.0,-0.75
3948,fa6ba620b50c602ed72a,0.5,0.5,0.0
3949,088ee46b64a533fdee2c,0.75,0.5,0.25
3949,5054ecbb8d744c9cbbcf,0.6666666666666666,1.0,-0.33333333333333337
3949,a31dd23782b4ed23cbca,0.6666666666666666,0.5,0.16666666666666663
3949,c834ab405e14f0f5a1d9,0.5,1.0,-0.5
3949,deef9bca10df4cd3c9c7,0.6666666666666666,1.0,-0.33333333333333337
3950,1b0abb09ccbed7821f22,0.3333333333333333,0.0,0.3333333333333333
3950,500a77615475ae5b860c,0.6666666666666666,1.0,-0.33333333333333337
3950,56558aa755f3a98baf85,0.6666666666666666,0.5,0.16666666666666663
3950,cbf7d0640537a10cafe5,0.6666666666666666,0.0,0.6666666666666666
3950,fef80f07bfc0bb654e64,0.3333333333333333,0.0,0.3333333333333333
3951,0a9e4b807e0613d7b103,0.4,1.0,-0.6
3952,335d3d1320fa8632272f,0.3333333333333333,1.0,-0.6666666666666667
3952,35f7c0ab16675792df00,0.0,0.5,-0.5
3952,627aac18761a1ba64763,0.5,0.0,0.5
3952,91d7c6559a5ff9d0076c,0.5,1.0,-0.5
3952,da5a24a1a3855803d4e2,0.3333333333333333,0.0,0.3333333333333333
3953,4118e418aa95b2a907b4,0.25,1.0,-0.75
3953,90dda604a687fd0f4a5a,0.8,1.0,-0.19999999999999996
3954,27b8ba76742d28704c9e,0.5,0.0,0.5
3954,42f0e827545f04a63d16,0.6,0.5,0.09999999999999998
3954,45812d1edd14af694c9c,0.8,1.0,-0.19999999999999996
3954,d4c389e8045f766b262e,0.6666666666666666,0.0,0.6666666666666666
3955,6ab87e3b97235243234e,0.3333333333333333,0.0,0.3333333333333333
3955,bf10e1f926d420ffdf5d,0.6666666666666666,0.5,0.16666666666666663
3956,9d715c422a48f7fe9218,0.5,0.0,0.5
3956,a6b0c12e4ecaaddfff00,1.0,0.5,0.5
3957,5a79ac21b07be7f8df43,0.5,0.0,0.5
3957,7b1c091a3652da33afee,0.75,0.5,0.25
3957,9326a4bbd087d59573df,0.3333333333333333,0.5,-0.16666666666666669
3957,ac2eb21ffea409e1364c,0.0,0.0,0.0
3957,f643bd690d8e875e7cae,0.75,1.0,-0.25
3958,03c5364dfeed1fafc4a8,0.5,0.5,0.0
3958,8e49af7e1c03f580206d,0.4,0.0,0.4
3958,dc734052b5ea0a5909dd,0.3333333333333333,0.0,0.3333333333333333
3959,27b8440f10879044535b,0.5,0.5,0.0
3959,3a0645f9c7183a594bd3,0.5,0.5,0.0
3959,3b075050075e1e93b726,1.0,1.0,0.0
3959,8a5e2bd2f25c4b25a3af,0.5,1.0,-0.5
3959,f1ae98b59ebfc00042f1,0.5,0.5,0.0
3960,2476ea5831bf28329211,0.4,0.0,0.4
3960,3b837509e46fd8db5ffc,0.3333333333333333,0.5,-0.16666666666666669
3960,989713503d4c889c2f2e,0.7272727272727273,1.0,-0.2727272727272727
3960,d4d76aa09f44f3d4cc8d,0.6666666666666666,1.0,-0.33333333333333337
3960,e24a93d1be2324182115,0.3333333333333333,0.5,-0.16666666666666669
3961,07fa8f1494e4aedeb563,0.5714285714285714,0.5,0.0714285714285714
3961,37526ac8285a394fa880,1.0,0.5,0.5
3961,4a15c52e08e8e0cdc7d2,0.4,1.0,-0.6
3961,74ee6ce57e9693aa8379,0.3333333333333333,0.5,-0.16666666666666669
3962,289a6c8da4fdbebd6d7a,0.5,1.0,-0.5
3962,d18138d751c148805d86,0.0,1.0,-1.0
3963,16a448d93a5a46a180c3,0.4,0.0,0.4
3963,185a445f3f08bde1e068,0.5,0.5,0.0
3963,646414f887602d05753f,0.5,0.5,0.0
3963,b673ba312cd49e741e14,0.8,0.5,0.30000000000000004
3963,bb94a0f7fc9375ea86ca,0.8333333333333334,0.5,0.33333333333333337
3964,02fed19b3feed1ec5559,1.0,1.0,0.0
3964,272b6cb92d0830680aeb,0.5,1.0,-0.5
3964,2d10eb7a845820268302,0.0,0.5,-0.5
3965,3432264317aa8bc2bd94,0.6666666666666666,0.0,0.6666666666666666
3965,67fa5c8eb3f86e5b310f,1.0,1.0,0.0
3965,d0ec8298842df9e8952b,1.0,1.0,0.0
3965,e48ddbefd721a24458ca,1.0,1.0,0.0
3965,e8e13be912b977551b55,1.0,1.0,0.0
3966,1264280d421b6ed6146d,0.0,1.0,-1.0
3966,76986afbc4a84e2dce16,0.5,0.0,0.5
3966,93c92544b072ce0be28d,0.0,0.5,-0.5
3967,013332178b214277c8e6,0.5,0.5,0.0
3967,c337153912ac6d766a1f,0.0,1.0,-1.0
3967,e7ad636d4ff02195114e,0.0,0.5,-0.5
3967,e909b2ae85cf0f7b78dc,0.5,1.0,-0.5
3967,ec0363d7df6ea3f32847,0.0,0.5,-0.5
3968,26a7ef48a1c4c250ff53,0.0,1.0,-1.0
3968,670dd58d66557a025704,0.0,0.0,0.0
3968,d598e5a6677e980b549c,0.3333333333333333,0.5,-0.16666666666666669
3969,6c391218af0c490a9f83,0.5,0.0,0.5
3969,7cac34c0c3d1b0c878b6,0.0,0.5,-0.5
3969,accf29023ccea7b31b6f,0.5,1.0,-0.5
3969,da5bd13a18239cb59d11,0.5,0.0,0.5
3969,efe5f4350223a710e874,0.5,1.0,-0.5
3970,0d42ebf70f28f6ca532d,0.5,0.5,0.0
3970,4c0ebebf13fcc33eed25,0.0,0.0,0.0
3970,a919fa6969cf166fb6ba,0.5,0.5,0.0
3970,cb5f76870c687c1b82e2,0.5,0.5,0.0
3971,311a9c15ef4c8b53c619,0.5,0.0,0.5
3971,8ecb899a36d06dfefbd5,0.0,0.0,0.0
3971,91534c26ef197a9afbd9,0.6666666666666666,0.5,0.16666666666666663
3971,eb163af90a311c1cd3eb,0.5,0.0,0.5
3971,f0fdf795d3608ac552aa,0.0,0.0,0.0
3972,1130eafe028e586dd7c9,0.5,1.0,-0.5
3972,3b31a848e4816be579fc,0.0,1.0,-1.0
3972,5521c0efc002f42b777d,0.5,0.5,0.0
3972,f783ec0b88bff98f1c5d,0.5,0.5,0.0
3972,fbfbbe1e1492b308cc3f,0.5,1.0,-0.5
3973,422b56b128f7ae0d9939,0.5,0.5,0.0
3974,5aab136cb56467c8d77b,0.0,0.5,-0.5
3974,b9964cc1e7e4f6d5022c,0.5,1.0,-0.5
3974,df3b8ee931989495ffc7,0.5,1.0,-0.5
3975,0d2ef565bc4da8b92b6a,0.6666666666666666,1.0,-0.33333333333333337
3975,29c6c8baef1a0f159ac0,1.0,0.0,1.0
3975,ab00168f4acdc9e6f62f,1.0,1.0,0.0
3975,ce3a61d469c4e5f8f86c,1.0,0.5,0.5
3975,e8d9417ea7acfe4afbac,0.5,1.0,-0.5
3976,4483885f18aa969f90d9,0.5,0.5,0.0
3976,9363f64c99ed0be37801,1.0,0.5,0.5
3976,b8b355ffa27af82e5b56,0.5,0.5,0.0
3976,ee9ae474591d62f38e45,0.5,0.0,0.5
3976,fcf17cab4bd2f8b903c7,1.0,0.0,1.0
3977,133c4e8927c27001e6cf,0.3333333333333333,1.0,-0.6666666666666667
3978,71de712642dfaf47a588,0.3333333333333333,0.0,0.3333333333333333
3978,caee1ea31ff32ba65fcf,0.0,1.0,-1.0
3978,fe379e95edce62f015a7,0.0,0.0,0.0
3979,7173028eb0267015754f,0.3333333333333333,0.5,-0.16666666666666669
3979,acd8a1b2d8708a07f942,0.5,0.5,0.0
3980,0eaf6bcfbf8ae92974eb,0.75,0.0,0.75
3980,434c5b59cb1d22957a74,0.3333333333333333,1.0,-0.6666666666666667
3980,5f1a30097db07b114f15,0.8333333333333334,1.0,-0.16666666666666663
3980,b4b579529e04c513d6e0,0.75,0.5,0.25
3980,ca754af2bec417c35ce4,0.5555555555555556,1.0,-0.4444444444444444
3981,3c55689474ab23645cda,0.5,0.0,0.5
3981,7f8269f867478dd5496c,0.5,0.0,0.5
3981,a6dc5cc5b5999178641d,0.25,0.0,0.25
3981,df212ecf5468f9333afd,0.8571428571428571,0.0,0.8571428571428571
3982,4acd743225cca12859f8,0.6666666666666666,0.5,0.16666666666666663
3982,6b1f719106b1cc9cc949,0.8,1.0,-0.19999999999999996
3982,ea7e9c989600889888f0,0.8333333333333334,0.5,0.33333333333333337
3983,364157eea3b7371bc4d3,0.6666666666666666,0.5,0.16666666666666663
3983,caf32e40edf4bc15016e,0.5,0.5,0.0
3984,26cc5eea71cc28a84f69,0.0,0.0,0.0
3984,56753fc508aacfe8d026,0.3333333333333333,0.5,-0.16666666666666669
3984,9c6be58ec876e282083f,0.0,1.0,-1.0
3984,abbf44da038ffe45d8d1,0.5,0.5,0.0
3985,1e8e51cb1cb82b05c292,0.5,0.0,0.5
3985,2dc09c348c36978cf204,0.6666666666666666,0.5,0.16666666666666663
3985,ee917c41c829b507e0e8,0.25,0.5,-0.25
3985,f538efb4206a95fcace0,0.3333333333333333,0.0,0.3333333333333333
3986,223ccf667f6f8e3a8e56,0.6,0.5,0.09999999999999998
3986,bc5ca49f8d32252ac07a,1.0,0.5,0.5
3986,f75615ba47c4e6553965,0.6,0.0,0.6
3987,63f9525601af16e63859,0.5,1.0,-0.5
3987,9a517ea3fe2ec9f2d98c,0.5,0.5,0.0
3987,d046e385ba0c780d32aa,0.2,1.0,-0.8
3987,d051d8506202447ce3d3,0.75,0.0,0.75
3988,332a1796228828402ef9,0.7142857142857143,1.0,-0.2857142857142857
3988,e9829510dd48fa64543f,0.75,1.0,-0.25
3989,c85c6c12095fcfdfde26,1.0,0.0,1.0
3989,d06c43a1429e951df74f,0.14285714285714285,0.0,0.14285714285714285
3990,62e35c74514fbfc18138,0.75,1.0,-0.25
3990,941bdfedb9ffe17c339a,0.0,1.0,-1.0
3991,1e2e64784854c14a6e57,0.75,1.0,-0.25
3991,41438371e549009171d5,0.0,0.0,0.0
3991,5d86fae5fbe62675f762,0.5,0.0,0.5
3991,a88c9db2fd5ce3f7d0eb,0.0,0.0,0.0
3992,46ca3545b093546361a6,0.6666666666666666,0.5,0.16666666666666663
3992,84b0beb9588aab261df5,0.5,0.5,0.0
3992,ad6a1b080917f7de2aee,0.6666666666666666,0.5,0.16666666666666663
3992,b4624d6d3744a6fe9c47,0.5,0.0,0.5
3993,14e15dd7602c8d96098f,0.8571428571428571,0.5,0.3571428571428571
3993,5e6c41af9c916bf88a12,0.8333333333333334,0.0,0.8333333333333334
3993,60fb876b5869ae274ae0,0.8571428571428571,0.0,0.8571428571428571
3993,65ca1b4ba715cdfcb8e3,0.8,1.0,-0.19999999999999996
3994,0834cf1923e6a85abd7d,0.8,0.0,0.8
3994,1dbd0d9a4d1b9d9c1d1c,1.0,0.5,0.5
3994,2b62ef217e7f1cee65b8,0.8,0.5,0.30000000000000004
3994,88b1c9ae26df952081a7,1.0,0.5,0.5
3994,9146e06fbd677c296709,0.16666666666666666,1.0,-0.8333333333333334
3995,82816773096cc9ed70a0,0.4444444444444444,1.0,-0.5555555555555556
3997,b54714c6dd2af33e4c55,0.5714285714285714,0.0,0.5714285714285714
3997,eb33457288ead1e0f444,0.8333333333333334,0.5,0.33333333333333337
3998,0289f56583ed06dd9750,0.75,0.5,0.25
3998,89fdec4a5665429180d6,0.6923076923076923,1.0,-0.3076923076923077
3998,902e3e3c200adea0d5d1,0.625,1.0,-0.375
3998,e05bf45e1ccb44641674,0.5,0.0,0.5
3999,08d1dba248e67bea5f8e,0.25,0.5,-0.25
3999,0b6b64db644d835ed750,1.0,0.5,0.5
3999,69ee8b3978cf59cea781,0.5,0.5,0.0
4000,156f56cb3945b9b71154,0.875,0.5,0.375
4000,db59450287a4edab54c0,0.5384615384615384,0.5,0.038461538461538436
4001,9bf62a4437e2a2fffb80,0.5,1.0,-0.5
4003,42a3f35f3ae45a56dc51,0.6,0.5,0.09999999999999998
4003,5da69d0914061da32fa2,0.4,0.5,-0.09999999999999998
4003,cc746086650e143b7055,0.875,0.0,0.875
4004,c5c72cb8ce8933bc3a4c,0.8,0.0,0.8
4005,24ab76ebb6c970ceb05f,0.8333333333333334,1.0,-0.16666666666666663
4005,2ee0b2ad2c17745bc238,0.42857142857142855,0.0,0.42857142857142855
4005,af6205bd5e301f55e661,0.5454545454545454,0.5,0.045454545454545414
4006,7bce6e6b7d549160805f,0.875,0.5,0.375
4006,95b59a7d400cf9a25fd0,0.7142857142857143,1.0,-0.2857142857142857
4006,b907b9b2c8f0cca70de8,0.8181818181818182,1.0,-0.18181818181818177
4007,21187170255a1c8c93b9,0.7272727272727273,0.0,0.7272727272727273
4008,0098476e4ddba91fa628,0.5,0.0,0.5
4008,3db7b1adf5784be26805,0.5,0.5,0.0
4008,41989ef84d95c7d46c71,0.0,0.0,0.0
4008,84539807eadcb04d5f49,0.3333333333333333,1.0,-0.6666666666666667
4008,e9b767f9c68dacfec287,0.0,0.0,0.0
4009,318b654ce4ad0a12a3b4,0.5,1.0,-0.5
4009,8ca56899f7a29193ba0c,1.0,0.0,1.0
4009,dea90ef94925ec7bb12f,0.6666666666666666,0.5,0.16666666666666663
4010,40cea2f0817724cf9d1a,0.3333333333333333,0.5,-0.16666666666666669
4010,7daec525765e6dcd38f1,0.4,1.0,-0.6
4010,9b47bd622003b40b42d3,0.5,0.5,0.0
4010,c519d53ed09994ff1585,0.5,0.5,0.0
4011,0d4ec51e286c2e632c51,0.5,1.0,-0.5
4011,61537b14993e840161dd,0.3333333333333333,0.5,-0.16666666666666669
4011,695e04e8baf2d8525b6f,0.3333333333333333,0.5,-0.16666666666666669
4011,7cfc52fe65e90bd832e8,0.3333333333333333,0.0,0.3333333333333333
4012,80bbab062a56da7406c5,0.5,0.0,0.5
4012,e5409005ff285890579e,0.6666666666666666,0.5,0.16666666666666663
4012,f08af7c9830d574a24aa,1.0,0.5,0.5
4013,3078f4f341a8fe58a4d7,0.0,1.0,-1.0
4013,4d57d5d999f049202877,0.75,0.5,0.25
4013,73c1a107a2f7630d8d7b,0.0,0.5,-0.5
4014,11df9debbec648e7b71c,0.6,1.0,-0.4
4015,9788885ec1ede713e275,0.5,0.0,0.5
4015,c9fb53a31680b3c73cad,0.8,1.0,-0.19999999999999996
4015,d46b2280b1a01092a201,0.6,0.5,0.09999999999999998
4016,a080a5cd7a79db6ea13c,0.14285714285714285,0.0,0.14285714285714285
4017,a32127f70de9e33351e0,0.7142857142857143,0.0,0.7142857142857143
4017,b540b20eae34046f5af8,0.7142857142857143,0.5,0.2142857142857143
4017,e0fe509856267709deba,0.75,0.5,0.25
4018,bab0e3888b5f1717742b,0.5714285714285714,0.5,0.0714285714285714
4018,f48d185d30af08cafa32,0.5,0.0,0.5
4019,0773d92c30822e84ddf6,0.75,0.0,0.75
4019,3b3cd64d086356561312,0.6,1.0,-0.4
4019,7e5b57f2e6f1e32ec211,0.75,1.0,-0.25
4019,7ea937a77907a7f276f9,0.6666666666666666,1.0,-0.33333333333333337
4019,82012ac6d3d7f687ed06,0.5,0.0,0.5
4020,0a290cde037b3562b6e1,0.4,0.0,0.4
4020,ae1e59d281e0a37f12a5,0.75,1.0,-0.25
4020,b0b27124b4c1e3523567,0.5,1.0,-0.5
4020,dcaa314b77cd39098f3f,0.6,1.0,-0.4
4022,4013279fb2c64c4c8662,0.25,0.5,-0.25
4022,45b4931b9b47782124c1,0.3333333333333333,1.0,-0.6666666666666667
4022,65173948f59e9d09997d,0.5,0.5,0.0
4022,cdd23c3ea83efef77061,0.5,0.0,0.5
4022,e7a7d4a86132d63f441c,0.6666666666666666,0.5,0.16666666666666663
4023,93481559da51f3e29f57,0.25,0.5,-0.25
4023,cf3b54762886a457fa03,0.6666666666666666,0.0,0.6666666666666666
4023,d24ca40c80142a1e25ec,0.6666666666666666,0.5,0.16666666666666663
4023,d80ce0abf46fcab23e5d,0.2,0.0,0.2
4024,60c069a0d2008293ea21,0.75,0.5,0.25
4024,6659ef9326f9b76fcd13,0.2,0.0,0.2
4024,d72a096e9022bed40107,0.3333333333333333,0.0,0.3333333333333333
4025,15ada7808bace20305e3,0.75,1.0,-0.25
4025,562c8729536e66ff6b15,0.8,0.5,0.30000000000000004
4025,9e1cecf5d4f09e062e34,0.5,0.5,0.0
4025,d73b99db7473338d4445,0.25,0.5,-0.25
4027,10a404eb6fefd3e15d7b,0.25,1.0,-0.75
4027,4f2ce2e2b194fd706039,0.75,0.5,0.25
4027,544eba3b4d1ee872c53d,0.6,0.5,0.09999999999999998
4027,af3713a4b5aab08e38d0,1.0,1.0,0.0
4027,bcf43f7667f27b0f3275,1.0,1.0,0.0
4028,5969741d2622aecedd5f,0.0,0.0,0.0
4028,b97ae37e21c361484420,1.0,0.5,0.5
4029,2f7bbc161d99d29bc40c,0.25,1.0,-0.75
4029,600bea2963e9c37555da,0.5,0.0,0.5
4029,7d730d82cb6ab90559e2,0.0,0.5,-0.5
4029,9f5eef331bf162eb27e4,0.6666666666666666,0.5,0.16666666666666663
4029,d09e879ff4ece9d99ee9,0.8,1.0,-0.19999999999999996
4030,065f8e75dda97e398165,0.4,0.0,0.4
4030,353a28b0dcf11493549a,0.75,0.5,0.25
4030,5727ff9e276861c1618a,0.3333333333333333,0.5,-0.16666666666666669
4030,a41f7d632cf27bae7b31,0.6666666666666666,0.5,0.16666666666666663
4030,b2570ffb50bd57dc8e19,0.3333333333333333,0.0,0.3333333333333333
4031,86dd6bd918dc9c3f841f,0.6666666666666666,0.5,0.16666666666666663
4031,9172abd38e3144d2acc2,0.5,0.5,0.0
4031,af96dab931d7a3a780ee,0.6666666666666666,0.0,0.6666666666666666
4031,b64647860159fdde1ff2,0.3333333333333333,0.0,0.3333333333333333
4031,e5e0bae58c1db9c69e5f,1.0,1.0,0.0
4032,7749f470cfa34bc9c04d,0.3333333333333333,0.0,0.3333333333333333
4032,91d7ee0017e855042d46,0.6,1.0,-0.4
4032,e675450319fe13c83320,0.25,1.0,-0.75
4033,46429ecdfc2e19039b49,0.0,0.0,0.0
4033,ab465883e10b118f23cf,0.0,0.0,0.0
4033,b830b82bd6f793226a18,0.0,0.5,-0.5
4033,e6c2122f1ef8f4a0b6a2,0.0,0.0,0.0
4033,fb09dbcbfcae116086a6,0.75,0.0,0.75
4034,4ca6c7aa416c032661da,0.0,0.5,-0.5
4034,64758b24520a0a7cd740,0.3333333333333333,0.0,0.3333333333333333
4034,77221ccbd13991f220f5,0.25,0.0,0.25
4034,7c2a93b904d50009bc2f,0.5,0.5,0.0
4034,a12882c57d441b8ceac1,0.3333333333333333,1.0,-0.6666666666666667
4035,70f9bf01daf0976749f3,0.8,0.5,0.30000000000000004
4035,7dd49ca6099a41f2a832,0.6666666666666666,1.0,-0.33333333333333337
4036,602f9e4159e702483a30,0.0,0.5,-0.5
4036,627da7bb390045ca0fcc,0.0,0.5,-0.5
4036,7b6f0d9a781488694256,0.0,0.0,0.0
4036,ac062de3cded5372dc52,0.25,0.0,0.25
4037,2caef38abfa2ea7b665c,1.0,0.5,0.5
4038,3b008800da72a097caa4,0.6666666666666666,0.5,0.16666666666666663
4038,86d4501a567db9cfc087,0.5,0.0,0.5
4038,b7ac6b8cfd7306da453a,0.75,0.5,0.25
4038,fbc4702ee85b5407ddb5,0.75,0.5,0.25
4039,7382669a04ee8413a924,0.5,0.0,0.5
4039,a9fc69da48cf5c628268,0.3333333333333333,0.0,0.3333333333333333
4039,c77001164e4ed1db552b,0.0,0.5,-0.5
4040,0eb6760930f625ea7165,0.0,0.0,0.0
4041,403f568273b60be04fc2,0.6,0.5,0.09999999999999998
4041,d7a986d6acf72ba4eee9,0.4,0.5,-0.09999999999999998
4041,d9728953dd74cb0ce572,0.8,0.0,0.8
4041,f79d562145bfe2fd719d,0.5714285714285714,1.0,-0.4285714285714286
4042,36701043b130e8bd0b65,0.0,0.0,0.0
4042,6a82ce96b299170cb90d,0.4,0.0,0.4
4042,a055913dba40ddb4a728,0.6666666666666666,0.5,0.16666666666666663
4042,d97732b357050577f83a,0.25,0.5,-0.25
4043,5996ebaaea3997786084,0.6,0.5,0.09999999999999998
4043,602b5cd4dbfb6e839432,0.0,0.5,-0.5
4043,715dfb759b98a1563d2b,1.0,1.0,0.0
4043,b73f4f2b8630434d135f,0.5,0.5,0.0
4045,109997f1219c854e6e4e,0.4,0.5,-0.09999999999999998
4045,8c76348d836e37663793,1.0,0.0,1.0
4045,aad9067bd7d6b044e7e9,1.0,0.5,0.5
4045,e925778172583fb6864b,1.0,1.0,0.0
4046,74967824fb9f29f1a586,0.25,0.5,-0.25
4046,fe2549bf26d81c96a465,0.8,1.0,-0.19999999999999996
4047,7a0c7ebf732bac224946,0.75,1.0,-0.25
4047,880bc6cb3323416d62a9,0.6,0.0,0.6
4047,a5f0dc5912a1ddbeb8cc,0.6666666666666666,1.0,-0.33333333333333337
4047,ba6a5e1c11374757f80d,0.5,0.0,0.5
4047,cb94aca949f4dcac49cb,0.5,0.0,0.5
4048,34167263d5c8652c720d,0.5555555555555556,1.0,-0.4444444444444444
4048,968c26da5ea7d6c20c1a,0.9,1.0,-0.09999999999999998
4048,a94439507d0ef4c54038,0.5714285714285714,0.0,0.5714285714285714
4048,be17b6c07fde90cd4f99,0.875,1.0,-0.125
4049,232afbf78ac8931b3087,0.75,0.5,0.25
4049,38fdece812120378f6e6,0.5,0.5,0.0
4050,6509f43f0edc94250d64,0.5555555555555556,1.0,-0.4444444444444444
4051,67bb9d0d52fca6ff7fdd,0.6666666666666666,0.0,0.6666666666666666
4051,a14c85b6ddd39edffaf1,0.3333333333333333,0.0,0.3333333333333333
4052,23d111718d5034866da2,1.0,1.0,0.0
4052,7ed31c59daa076d7bda5,1.0,1.0,0.0
4052,ade321d399fbcfcd4a71,1.0,1.0,0.0
4052,e68f1fcb808939b304cf,0.0,0.0,0.0
4052,f5dac8059448068160af,0.6,0.5,0.09999999999999998
4053,2de8e639a4ef1437e0ff,0.5,0.0,0.5
4053,7201bc95c4d5ba3835dc,0.0,1.0,-1.0
4053,9c883be8f57ed2a509dd,0.0,0.5,-0.5
4053,b4964ed881ed5e25c027,0.3333333333333333,0.5,-0.16666666666666669
4053,ca98fa6196c54ce8d3aa,0.5,0.5,0.0
4054,30966130f7e9d4af6abc,0.5,0.0,0.5
4054,3b0cbcbe80f3e65e50db,0.75,0.5,0.25
4054,3c5822d55a109d3f259d,0.5,0.0,0.5
4054,f4b5618887b92103e2d3,0.5,0.5,0.0
4056,2d642f8fd3570f461875,0.5,0.5,0.0
4056,676d3fabf496f83e4f33,1.0,0.0,1.0
4056,8398036db97ca9942db2,1.0,0.5,0.5
4056,b2756958db059eb6d85b,1.0,0.5,0.5
4056,e293aaeaef6fa3020b07,1.0,1.0,0.0
4057,0c29fc646d3b7ed23bdd,0.6666666666666666,0.5,0.16666666666666663
4057,3d3ede657fadf8829c31,0.6666666666666666,0.5,0.16666666666666663
4057,81ed7e69cf48fba5d6b7,0.6666666666666666,0.0,0.6666666666666666
4057,c141576cc9b625be0f75,0.3333333333333333,0.0,0.3333333333333333
4058,259f9e999d9afefa3244,1.0,0.5,0.5
4058,33b52ed42405adbcad6e,0.8,0.0,0.8
4058,7ecddba91746132b9ff5,0.8,0.0,0.8
4058,fcbe906a3232c1a9759c,0.8,1.0,-0.19999999999999996
4058,ffaee7fe4999a075e6dd,1.0,0.5,0.5
4059,ad841586a45c1f9780d7,1.0,1.0,0.0
4059,d9a1c66a818be6893788,1.0,1.0,0.0
4059,df2af00399e3958a8081,1.0,0.5,0.5
4059,e2736120d026f72c459e,1.0,0.5,0.5
4059,fcf46ab73f141cad44bb,1.0,0.0,1.0
4060,45f9c606e69d7e75cef9,1.0,0.5,0.5
4060,47f483bd06d8e78f355f,1.0,0.5,0.5
4060,632c97dcd97bdc4e4708,0.6666666666666666,0.0,0.6666666666666666
4060,6c824f1036239fc05063,0.6666666666666666,1.0,-0.33333333333333337
4060,da38a16eabeb6bf92bfe,0.0,0.5,-0.5
4062,319e0858483d996b2613,0.8,0.5,0.30000000000000004
4062,b1982ac830c55c0673a9,1.0,1.0,0.0
4062,d652aa3f3c443e763659,1.0,0.5,0.5
4063,28ca5640513fe1b3acc2,0.6666666666666666,0.5,0.16666666666666663
4065,08af7c830683d8de18f3,1.0,0.0,1.0
4065,9761c75dc7bf54c60ad7,0.7142857142857143,0.0,0.7142857142857143
4065,de5e357cde2930f9fb6e,0.0,0.5,-0.5
4065,e3593ecab48614095e0e,0.25,0.0,0.25
4066,5058382ba19682d1ce4e,0.5714285714285714,0.0,0.5714285714285714
4067,32ea957836761d67450f,0.0,0.5,-0.5
4067,e8245c8970a3499f52ee,0.0,0.5,-0.5
4067,ffcec5be6770b417bd7c,0.75,0.5,0.25
4068,0b60c618b870c632be11,0.8571428571428571,1.0,-0.1428571428571429
4068,76b60bfcc249e37f37a7,0.25,0.5,-0.25
4068,c4ec9644c75797f56e9e,0.8,0.5,0.30000000000000004
4068,d03e262fd80b43e7ddf3,0.8,1.0,-0.19999999999999996
4069,4b3106c5732b3c3492e2,0.6,0.5,0.09999999999999998
4070,41f4be16e80e32adce18,0.5,0.0,0.5
4070,8488da9c13d1eb0e5596,0.625,1.0,-0.375
4071,37f3c1edbfc771f8fb03,0.3333333333333333,0.0,0.3333333333333333
4071,58d36fe4ae380f939c25,0.6666666666666666,0.0,0.6666666666666666
4071,96366ea184d17134c2ef,0.3333333333333333,0.5,-0.16666666666666669
4071,9d8040ffe36642cb1b03,0.3333333333333333,0.5,-0.16666666666666669
4071,f4bedd4419f090b55875,0.3333333333333333,0.0,0.3333333333333333
4072,0cd0829866ef0e945d40,0.6,0.5,0.09999999999999998
4072,4e291b78a1c234da0e29,0.7142857142857143,0.0,0.7142857142857143
4072,5978997bc47684a5ce1b,1.0,1.0,0.0
4072,ba2eb37cd069ea7a222b,0.5714285714285714,1.0,-0.4285714285714286
4072,fce526743ba07055c7d9,0.6,0.5,0.09999999999999998
4073,2a1540fe96ebfac32085,0.375,0.5,-0.125
4073,92d68453a0681ffa2835,0.75,0.5,0.25
4073,fff7cb08ca81faf71826,0.6666666666666666,1.0,-0.33333333333333337
4074,0fd86ed357f9b308c499,0.25,0.5,-0.25
4074,62a9f335d1daa086c020,0.0,0.0,0.0
4074,a428b67db54c69aa98bb,0.0,0.5,-0.5
4075,8131f70df9ae67b5e20b,0.2,0.5,-0.3
4075,d903cd5dfd09bc17bc15,0.6666666666666666,0.5,0.16666666666666663
4075,e55b262fe2d7e10079a5,0.4,0.5,-0.09999999999999998
4076,3e12c89a7c29c34598c6,0.75,1.0,-0.25
4076,4536893ef2ee63ce2724,0.75,0.0,0.75
4076,60b670437b726288f2d6,0.6666666666666666,0.5,0.16666666666666663
4076,78e67346c95d38cd130b,0.6666666666666666,1.0,-0.33333333333333337
4076,9ec7139cfd606aa29d76,0.5,0.5,0.0
4077,7c8caf1fe2175c2cdf7f,0.5,0.0,0.5
4077,c5e2aeb4a0bf8dbd11aa,0.5714285714285714,1.0,-0.4285714285714286
4077,f2b744520c182d87de07,0.6666666666666666,0.0,0.6666666666666666
4078,2ca8da824939b7f6fd05,0.5,1.0,-0.5
4078,6cef96cefb2d071cf807,1.0,0.0,1.0
4078,7e2e9fc5278173f36dba,1.0,1.0,0.0
4079,4bfdde9d349196d273e6,0.8,0.0,0.8
4079,5313d4a42fcd1c50c7c4,0.8333333333333334,0.0,0.8333333333333334
4079,705705f263af4a9f8f9d,0.75,0.5,0.25
4079,ad915ff58e2162e64190,1.0,0.5,0.5
4080,0a3d6e2c46d383f81747,0.6666666666666666,1.0,-0.33333333333333337
4080,71579eaa48ea634db72d,0.3333333333333333,1.0,-0.6666666666666667
4080,99aca35aa2ba98941b11,0.6666666666666666,0.5,0.16666666666666663
