record,text,lemma,p_single,p_lemma,gain
554,самая,самый,0.0008481488113250001,0.9904427528381341,0.9895946040268091
2484,вперёд,вперед,0.038748858481350006,0.9980500936508171,0.9593012351694671
507,ведёт,вести,0.029565757467002,0.9797913432121271,0.9502255857451252
2484,вперёд,вперед,0.10462226999347501,0.9914302825927731,0.8868080125992981
1977,счёт,счет,0.14050037003947502,0.999929428100585,0.85942905806111
294,хватило,хватить,0.007071173563779001,0.848898410797119,0.8418272372333401
472,всё,все,0.17040285654418802,0.9986159205436701,0.828213063999482
1350,всё,все,0.166471869781385,0.9843469262123101,0.8178750564309252
1882,с,с,0.10284732537249101,0.9129000902175901,0.8100527648450991
859,бог,бог,0.16933489804485602,0.9729418158531181,0.8036069178082621
3186,имела,иметь,0.212819132476496,0.99403691291809,0.7812177804415941
1977,счёт,счет,0.226371149694219,0.999607622623443,0.773236472929224
725,безо,без,0.22490485621990403,0.9836297631263731,0.758724906906469
725,безо,без,0.25045842092452303,0.9989748597145081,0.748516438789985
1977,счёт,счет,0.25810249926128803,0.9997787475585931,0.741676248297305
1977,счёт,счет,0.26349210072462803,0.9998679757118221,0.736375874987194
725,безо,без,0.266367559246911,0.9966235160827631,0.7302559568358521
1049,хватало,хватать,0.06265296801839701,0.7833648920059201,0.720711923987523
472,всё,все,0.283808466847778,0.9997527599334711,0.7159442930856932
725,безо,без,0.281774029735304,0.9975477457046501,0.715773715969346
1977,счёт,счет,0.29317503637589004,0.9904095530509941,0.697234516675104
79,всё,все,0.28731669350911704,0.9766702055931091,0.6893535120839921
725,безо,без,0.209150099181827,0.898111701011657,0.68896160182983
2047,каждый,каждый,0.236357733880891,0.9229635596275331,0.6866058257466421
2186,ещё,еще,0.263619439076191,0.9434186816215511,0.6797992425453601
472,всё,все,0.32225697383621604,0.9992826581001281,0.677025684263912
1350,всё,все,0.32437683560242603,0.9949551820755,0.670578346473074
1350,всё,все,0.33769817347873404,0.9995168447494501,0.6618186712707161
2152,Бог,бог,0.34324889297819805,0.9833508729934691,0.6401019800152711
166,Какое,какой,0.316611525830921,0.9422301054000851,0.6256185795691641
198,мог,мочь,0.37439458351071203,0.997152745723724,0.6227581622130121
3291,Бога,бог,0.36651135820150804,0.9727168679237361,0.6062055097222281
38,бросила,бросить,0.25658279503783304,0.8624321818351741,0.6058493867973411
3728,Бог,бог,0.240065173733703,0.8233850002288811,0.583319826495178
2186,ещё,еще,0.264933887491344,0.8242135047912591,0.559279617299915
507,ведёт,вести,0.276580520685553,0.833838939666748,0.5572584189811951
294,хватило,хватить,0.05250713612674,0.604436874389648,0.551929738262908
2186,ещё,еще,0.320107918562246,0.854277729988098,0.534169811425852
3678,говорила,говорить,0.431351903173665,0.946443438529968,0.515091535356303
260,ох,ох,0.37177786515078903,0.8801357746124261,0.5083579094616371
3728,Бог,бог,0.255149497090327,0.7582271099090571,0.50307761281873
3160,Бог,бог,0.483089689325833,0.96660429239273,0.48351460306689703
2152,бог,бог,0.485799383572096,0.9674911499023431,0.4816917663302471
3728,бог,бог,0.317696492457612,0.7890664935112001,0.47137000105358806
103,делал,делать,0.512173939396813,0.9796794056892391,0.46750546629242606
1751,вперёд,вперед,0.034709077977434,0.49372151494026106,0.45901243696282706
1350,всё,все,0.43531752023212705,0.8675883412361141,0.432270821003987
753,своем,свой,0.5491014926774,0.958600461483001,0.409498968805601
79,всё,все,0.5851517042163761,0.9944903254508971,0.409338621234521
85,всё,все,0.032151669316101,0.42051556706428506,0.38836389774818403
79,всё,все,0.20836318840747,0.589019417762756,0.380656229355286
3937,держали,держать,0.01700499229026,0.386498093605041,0.369493101314781
3160,бог,бог,0.611905269213603,0.9809023141860961,0.3689970449724931
1158,шагу,шаг,0.594026996471628,0.9573372006416321,0.36331020417000404
1175,выдавал,выдавать,0.52571927473585,0.877032816410064,0.351313541674214
2152,бог,бог,0.640951218838818,0.9895052909851071,0.3485540721462891
472,все,все,0.656472557700704,0.9996721148490901,0.3431995571483861
859,Бог,бог,0.651251461043308,0.9788545966148371,0.3276031355715291
688,Да,да,0.36539717278232803,0.6921728253364561,0.32677565255412805
472,все,все,0.67981187000247,0.9999301433563231,0.3201182733538531
1642,неделя,неделя,0.583089223991847,0.887186706066131,0.304097482074284
3385,сходил,сходить,0.6757194860148521,0.977943241596221,0.30222375558136894
2152,бог,бог,0.6936361455720991,0.9814283847808831,0.28779223920878405
2191,еще,еще,0.7133134963983611,0.9938599467277521,0.2805464503293911
2325,Так,так,0.70455997638069,0.978178679943084,0.27361870356239404
870,власти,власть,0.46570075289912605,0.73828113079071,0.27258037789158396
753,своем,свой,0.6325242490143711,0.9041482210159301,0.27162397200155897
1756,Вот,вот,0.503402611609092,0.76789903640747,0.264496424798378
2898,полета,полет,0.7327238411018391,0.9904844164848321,0.257760575382993
1049,хватает,хватать,0.46763131017346005,0.709299385547637,0.241668075374177
3772,возьмешь,взять,0.675187951029632,0.9137024879455561,0.23851453691592406
2898,полета,полет,0.743072386659652,0.9784106016159051,0.23533821495625307
696,думал,думать,0.638960143580616,0.870829701423645,0.23186955784302898
3291,бога,бог,0.193677146355538,0.42357459664344704,0.22989745028790903
1158,шагу,шаг,0.475443112724775,0.7041629552841181,0.22871984255934308
670,Ничего,ничего,0.41957322300612804,0.6476571559906,0.228083932984472
2898,полета,полет,0.7673810316831291,0.9898988008499141,0.222517769166785
198,мог,мочь,0.7509049089595451,0.9667218923568721,0.21581698339732702
3330,покажет,показать,0.7163950759929011,0.9319915175437921,0.21559644155089097
859,Бог,бог,0.752411363936883,0.9675112366676331,0.21509987273075004
859,Бог,бог,0.76833932263573,0.9827505946159361,0.21441127198020604
859,Бог,бог,0.773609889074178,0.9860320687294001,0.21242217965522203
753,своем,свой,0.734224739527068,0.9393422007560731,0.2051174612290051
3518,своем,свой,0.41779955250354,0.62155395746231,0.20375440495877
1350,всё,все,0.79423504010264,0.9971600174903871,0.20292497738774706
3937,держат,держать,0.622865315164392,0.821274638175964,0.198409323011572
3291,бога,бог,0.129455004833742,0.32329910993576,0.193844105102018
3160,бог,бог,0.803471724185925,0.994963526725769,0.191491802539844
3772,возьмешь,взять,0.7356570164520041,0.921480238437652,0.18582322198564794
1268,У,у,0.8116532877468171,0.995535254478454,0.18388196673163693
507,ведет,вести,0.395368667644291,0.578799247741699,0.18343058009740798
1158,шагу,шаг,0.634917487127297,0.8165234923362731,0.18160600520897607
3186,имею,иметь,0.8251500206391491,0.9965302348136901,0.17138021417454097
1809,мог,мочь,0.11254431904292402,0.275491625070571,0.162947306027647
1268,У,у,0.83506742684986,0.9964018464088441,0.1613344195589841
1335,имеют,иметь,0.24672684901289701,0.405922055244445,0.159195206231548
1019,понял,понять,0.531285294720781,0.6898642182350151,0.15857892351423408
2170,Что,что,0.8279498292580431,0.980961441993713,0.15301161273567
753,своем,свой,0.21540405338303,0.36605197191238403,0.15064791852935402
1720,стояла,стоять,0.058659614902343005,0.207352772355079,0.148693157452736
2170,что,что,0.820314075687663,0.9688051342964171,0.1484910586087541
3963,дал,дать,0.6241841880101521,0.772330403327941,0.14814621531778893
3161,вперед,вперед,0.8375172510752311,0.983364105224609,0.14584685414937792
507,вела,вести,0.595426608153224,0.7357516288757321,0.14032502072250808
137,к,к,0.858519167911561,0.9983692765235901,0.13985010861202907
2152,Не,не,0.8493428860741661,0.9825474619865411,0.133204575912375
1158,шагу,шаг,0.79670672925073,0.9295496940612791,0.13284296481054902
1816,Только,только,0.8131132414198441,0.9443249106407161,0.13121166922087202
8,Вот,вот,0.7951954289263921,0.9236060380935661,0.12841060916717406
1809,Как,как,0.876932013615746,0.9950013756752011,0.11806936205945506
1123,Как,как,0.8814317461862621,0.9978230595588681,0.116391313372606
3728,Господи,господь,0.005443707182098001,0.12148915231227801,0.11604544513018002
153,как,как,0.881406646788299,0.994384109973907,0.11297746318560797
3938,держал,держать,0.8718785805058741,0.9848257303237911,0.11294714981791698
3664,Это,это,0.790027311579641,0.9026086926460261,0.11258138106638504
1809,Как,как,0.860177464970403,0.9721831083297731,0.11200564335937002
1019,Если,если,0.8781302540293181,0.987714409828186,0.10958415579886793
1158,шагу,шаг,0.17048266706294501,0.27877292037010104,0.10829025330715603
3161,вперед,вперед,0.8718446850282281,0.979974031448364,0.10812934642013594
753,в,в,0.8147634375050761,0.9215815663337701,0.10681812882869401
1642,Без,без,0.8924601727884099,0.999100565910339,0.10664039312192908
1149,стал,стать,0.7360011108961511,0.841083467006683,0.10508235611053196
1034,За,за,0.861318119228007,0.966158270835876,0.10484015160786897
2191,мы,мы,0.8062747209086101,0.9089689254760741,0.10269420456746403
2191,еще,еще,0.6977237659027731,0.7989571094512941,0.10123334354852098
554,самая,самый,0.885246570339494,0.9859677553176881,0.10072118497819404
4028,оснований,основание,0.8931555462825441,0.9935055375099181,0.10034999122737398
3473,От,от,0.881955989118918,0.9822024106979371,0.10024642157901908
1019,Если,если,0.8919419601974081,0.991373896598815,0.0994319364014069
3772,возьмешь,взять,0.8519586381893121,0.948818027973175,0.09685938978386299
3558,что,что,0.8509866793145351,0.9470834732055661,0.09609679389103098
1642,неделя,неделя,0.8521012550032061,0.9480874538421631,0.09598619883895698
1991,По,по,0.6005892603620331,0.696091532707214,0.09550227234518094
3044,на,на,0.899863539769529,0.9950075745582581,0.09514403478872901
3480,всё,все,0.903220597655173,0.9982638955116271,0.09504329785645405
2512,придется,прийтись,0.07567669697240001,0.167412489652633,0.09173579268023299
85,всё,все,0.263066170657186,0.353669583797454,0.09060341314026799
2191,еще,еще,0.9019384048929201,0.992202877998352,0.09026447310543195
1610,мгновение,мгновение,0.9076467178739911,0.997810304164886,0.09016358629089494
550,придется,прийтись,0.6836576566315471,0.773422300815582,0.08976464418403496
79,Всё,все,0.06092704829154501,0.149987682700157,0.08906063440861199
1610,мгновение,мгновение,0.9089895244574671,0.9977092146873471,0.08871969022988002
2650,вся,весь,0.043013154378981004,0.129170224070549,0.086157069691568
753,своем,свой,0.30674013652916704,0.389012932777404,0.08227279624823697
1809,Можно,можно,0.636977664363346,0.719184756278991,0.08220709191564501
1882,С,с,0.893496882272195,0.9737169146537781,0.08022003238158304
3161,вперед,вперед,0.9134078519584811,0.9936214685440061,0.08021361658552506
385,чуть,чуть,0.7881396766394321,0.8669244647026061,0.07878478806317402
3161,По,по,0.9169274502505561,0.9955372214317321,0.07860977118117596
1642,неделя,неделя,0.8913773657379851,0.9692553877830501,0.077878022045065
1336,представляет,представлять,0.9229784731475261,0.9994867444038391,0.07650827125631299
3518,своём,свой,0.313437725598582,0.38851934671401905,0.07508162111543704
91,Где,где,0.9248583843933351,0.9991660118103021,0.07430762741696695
688,Да,да,0.8889662222773561,0.9627085924148561,0.07374237013749996
1642,неделя,неделя,0.889162969733272,0.9627168774604791,0.07355390772720705
2421,У,у,0.907593782606626,0.9801052808761591,0.07251149826953307
3385,сходил,сходить,0.9199803421517431,0.9920739531517021,0.07209361099995903
3097,будь,быть,0.16827188752410102,0.240137800574302,0.07186591305020099
3963,дал,дать,0.8855628133254471,0.956769227981567,0.07120641465611999
131,здоров,здоровый,0.32842036241794004,0.39877775311470004,0.07035739069676
3534,дайте,дать,0.086748640319473,0.155993089079856,0.069244448760383
3176,и,и,0.6692836134170641,0.7372522354125971,0.067968621995533
1362,По,по,0.931378954528804,0.9983275532722471,0.06694859874344306
3534,дай,дать,0.33298946620130904,0.39954906702041604,0.066559600819107
1610,мгновение,мгновение,0.929791732998794,0.9954637289047241,0.06567199590593009
4028,оснований,основание,0.8866682712667001,0.9507584571838371,0.064090185917137
1729,перед,перед,0.8735775609872911,0.9376106858253471,0.06403312483805601
2191,еще,еще,0.899797321801953,0.9633320569992061,0.06353473519725306
3918,сказать,сказать,0.36531298344330204,0.42827451229095403,0.06296152884765199
3772,возьмешь,взять,0.9329275062233301,0.9926187992095941,0.059691292986263966
2152,не,не,0.927360583718671,0.9864094853401181,0.05904890162144705
792,В,в,0.939864568928867,0.998129069805145,0.05826450087627799
1751,вперёд,вперед,0.012089480574019,0.070331543684005,0.058242063109986
688,Да,да,0.9120133914860591,0.9695768952369691,0.05756350375091002
2150,а,а,0.913371348421372,0.9705030322074891,0.057131683786117105
3480,всё,все,0.7854722551277301,0.841773808002471,0.05630155287474092
4028,оснований,основание,0.275917084546611,0.33196923136711104,0.056052146820500026
485,стоило,стоить,0.001078096134503,0.056759733706712,0.055681637572209
3918,сказать,сказать,0.18013641114105602,0.23469504714012102,0.05455863599906499
2951,хоть,хоть,0.8283818501168421,0.882159769535064,0.053777919418221964
1610,мгновение,мгновение,0.9447706248845,0.9981689453125,0.05339832042799997
2484,вперед,вперед,0.9421680144180281,0.9955245852470391,0.05335657082901102
96,Давай,давать,0.17714814501529702,0.22981193661689703,0.05266379160160001
1110,Как,как,0.8881390176148231,0.940750658512115,0.05261164089729198
1110,Как,как,0.939314260688016,0.9905676245689391,0.05125336388092305
2226,Что,что,0.947668601422969,0.9971484541893001,0.049479852766331045
1943,Как,как,0.016759325484418,0.065216094255447,0.048456768771029
2191,Еще,еще,0.056135372057563006,0.104564599692821,0.048429227635258
1110,Как,как,0.45341503645643805,0.501256227493286,0.047841191036847974
385,что,что,0.8854475611130591,0.9325352907180781,0.047087729605018946
2010,Один,один,0.795944351282251,0.8423714637756341,0.04642711249338305
1096,к,к,0.7291478330616591,0.773886382579803,0.04473854951814393
2152,Не,не,0.952775929108409,0.996606409549713,0.043830480441304
91,Где,где,0.757785762704507,0.8006121516227721,0.04282638891826507
223,Нет,нет,0.116077554006313,0.15864776074886303,0.04257020674255002
198,могли,мочь,0.907307243261621,0.9489525556564331,0.04164531239481206
1756,Вот,вот,0.5993160630359391,0.640945553779602,0.041629490743662956
3941,взял,взять,0.9023688877363031,0.9438902139663691,0.04152132623006599
1766,Не,не,0.9576818190199871,0.997530102729797,0.03984828370980997
48,В,в,0.9368216094942471,0.9766048789024351,0.03978326940818799
4028,оснований,основание,0.5846637238030501,0.624037146568298,0.03937342276524791
91,Где,где,0.8985628411374661,0.93671691417694,0.038154073039473935
3573,спас,спасти,0.8650402008883301,0.9022390842437741,0.03719888335544397
2951,что,что,0.6855580839470651,0.7227483391761781,0.03719025522911301
2475,в,в,0.529609209348287,0.5666624903678891,0.037053281019602036
696,А,а,0.956603261257101,0.993554711341857,0.03695145008475598
3480,всё,все,0.7648675876547351,0.80168730020523,0.03681971255049499
365,Что,что,0.962196712785472,0.998409152030944,0.03621243924547202
1049,хватает,хватать,0.868168523029566,0.9032022356987001,0.03503371266913402
306,Сколько,сколько,0.7269799012821551,0.760987758636474,0.03400785735431899
2305,Не,не,0.7994914389045511,0.833062410354614,0.033570971450062936
2265,У,у,0.129017070424328,0.16241970658302302,0.033402636158695015
1034,За,за,0.9185117497913141,0.9513105750083921,0.032798825217078
1123,Как,как,0.9656834236896771,0.9982665181159971,0.032583094426320014
3678,говорила,говорить,0.014390100815046,0.046881280839443006,0.03249118002439701
1809,Можно,можно,0.530318303433303,0.562102079391479,0.03178377595817605
1729,Перед,перед,0.9531507201187761,0.9848923087120051,0.03174158859322895
3115,в,в,0.83213927244747,0.8634617924690241,0.03132252002155411
688,Да,да,0.938298902808202,0.968940556049346,0.030641653241143985
696,А,а,0.964595096174752,0.9947007298469541,0.030105633672202092
2650,всех,весь,0.487487892024471,0.5163328647613521,0.02884497273688108
1809,можем,мочь,0.259550157901681,0.28809255361557,0.028542395713889
1610,мгновение,мгновение,0.970586802659099,0.9990547895431511,0.028467986884052054
3937,держали,держать,0.002671740927533,0.031018711626529003,0.028346970698996003
892,Вот,вот,0.9674001261215941,0.9949434399604791,0.027543313838884975
255,Оно,оно,0.9009300133461201,0.9277370572090141,0.02680704386289401
3664,это,это,0.92897983275937,0.9555537700653071,0.026573937305937045
2579,знаешь,знать,0.6983300433337041,0.724841296672821,0.02651125333911697
4028,оснований,основание,0.237286998307177,0.26342388987541204,0.026136891568235038
1034,За,за,0.973355682118975,0.9992591142654411,0.025903432146466066
3473,рук,рука,0.965435695416176,0.9913051128387451,0.025869417422569096
3480,всё,все,0.093453661531309,0.11877416819334001,0.025320506662031006
3478,Нет,нет,0.8360961647288281,0.861407577991485,0.025311413262656957
306,Сколько,сколько,0.9740067726135171,0.999203145503997,0.025196372890479934
2047,каждый,каждый,0.018393923195336,0.042303666472435004,0.023909743277099004
3941,взяла,взять,0.5420702341760031,0.565893054008483,0.023822819832479913
1149,стали,стать,0.30293475452678903,0.32639831304550104,0.023463558518712013
696,А,а,0.9747375586291721,0.9980537891387941,0.02331623050962195
3380,средней,средний,0.8439873504623411,0.867189407348632,0.023202056886290956
3652,сами,сам,0.8847954868415371,0.907736659049987,0.022941172208449934
260,Ох,ох,0.960440572406096,0.983217358589172,0.022776786183075992
3161,дадут,дать,0.8928094315393671,0.9154917597770691,0.022682328237702
1149,стал,стать,0.161551001224938,0.18393991887569403,0.022388917650756013
85,всё,все,0.010809535866061001,0.033178817480802,0.022369281614741
1335,имеющий,иметь,0.8432764425179711,0.865621507167816,0.02234506464984498
1034,За,за,0.977058835982858,0.9990053772926331,0.021946541309775025
1131,подумать,подумать,0.041164723054572,0.062774278223514,0.021609555168942002
1816,Только,только,0.24837493785330203,0.269728302955627,0.021353365102324967
821,в,в,0.9601634309410241,0.98128056526184,0.021117134320815967
85,всё,все,0.013639835264253001,0.034574396908283005,0.020934561644030004
1096,К,к,0.977149657547218,0.9976746439933771,0.020524986446159077
1123,Как,как,0.977216134702347,0.9975447058677671,0.020328571165420084
255,Оно,оно,0.833962269902479,0.853895425796508,0.019933155894028998
1387,дому,дом,0.31108032967597604,0.33084982633590704,0.019769496659930996
2325,Так,так,0.975977317831728,0.9954646229743951,0.019487305142667055
1720,стоят,стоять,0.12016066322791301,0.13952824473381,0.019367581505897
1580,до,до,0.7209314868479161,0.740198016166687,0.01926652931877093
1110,Как,как,0.585237753975411,0.604483723640441,0.019245969665030005
131,здоров,здоровый,0.014554368054557001,0.03370477259159,0.019150404537032997
1362,По,по,0.9809000282225311,0.9994568228721611,0.018556794649630004
1642,году,год,0.8680367337392431,0.8864744901657101,0.018437756426467056
3558,что,что,0.973031083063367,0.9914369583129881,0.018405875249621007
1610,в,в,0.979421725603802,0.997826874256134,0.018405148652332004
3864,Лес,лес,0.747429395037564,0.765824556350708,0.018395161313144004
3963,дал,дать,0.8412228683195611,0.859557449817657,0.01833458149809597
1991,По,по,0.950864778711143,0.968996405601501,0.018131626890357966
1149,стало,стать,0.6734835447582791,0.6915541291236871,0.018070584365407982
3678,говорит,говорить,0.019926557959913,0.037966012954711005,0.018039454994798004
3176,Вот,вот,0.937949962424488,0.955559611320495,0.017609648896007024
1756,Вот,вот,0.557287274998992,0.574678897857666,0.017391622858674016
1642,году,год,0.8903473609907061,0.9076452851295471,0.017297924138841014
173,куда,куда,0.9031827650981211,0.9204608201980591,0.01727805509993796
198,мог,мочь,0.973041015129772,0.9899571537971491,0.016916138667377068
198,может,мочь,0.9782927572040331,0.9951255321502681,0.01683277494623503
3379,И,и,0.42850931362466504,0.445292711257934,0.01678339763326897
3478,Нет,нет,0.8771274177318771,0.8937945365905761,0.01666711885869898
3161,по,по,0.8446176251719231,0.8599001765251161,0.015282551353193008
91,Где,где,0.9591508869339711,0.9743814468383781,0.015230559904407026
1868,Ко,к,0.981629138686064,0.9967020153999321,0.015072876713868033
2325,Так,так,0.9743202528777201,0.989209711551666,0.014889458673945977
1766,и,и,0.8782632878466731,0.8928369283676141,0.014573640520941011
1720,стоят,стоять,0.44270639999868405,0.45685654878616305,0.014150148787479
1387,дому,дом,0.8393417368004271,0.853448629379272,0.014106892578844898
58,вне,вне,0.9636527752160341,0.977746129035949,0.014093353819914944
2501,во,в,0.98285402483255,0.9967873096466061,0.01393328481405609
1096,К,к,0.9765405128029451,0.990425050258636,0.01388453745569096
2041,каждый,каждый,0.038586280474798,0.052451856434345,0.013865575959547002
1642,году,год,0.053369746623617,0.066772349178791,0.013402602555174004
173,Куда,куда,0.8996417686398931,0.9127945899963371,0.013152821356444022
1385,с,с,0.7531662294199111,0.765748620033264,0.012582390613352978
2512,придется,прийтись,0.030292921965744003,0.042842090129852003,0.012549168164108001
3937,держит,держать,0.5536951000286331,0.566203594207763,0.012508494179129914
1019,понял,понять,0.16227912102237302,0.17456781864166201,0.012288697619288996
1816,только,только,0.512395039961542,0.5245094299316401,0.01211438997009806
385,что,что,0.8708707890668641,0.8829210996627801,0.012050310595915992
1387,дому,дом,0.774347643627396,0.7862340211868281,0.011886377559432004
3728,Боже,бог,0.792341176910983,0.804082334041595,0.011741157130611968
48,жизни,жизнь,0.931947957711836,0.9435010552406311,0.011553097528795075
260,Ох,ох,0.9788417250608631,0.98968368768692,0.010841962626056967
3286,Одной,один,0.890403310571222,0.9011703133583061,0.01076700278708409
3938,держа,держать,0.018611042232625,0.029249256476759,0.010638214244134001
1642,неделя,неделя,0.9854150813259821,0.9959747195243831,0.010559638198401
3518,свое,свой,0.005428993558162,0.015749234706163,0.010320241148001001
1385,с,с,0.916884056688232,0.9272002577781671,0.010316201089935029
3450,проще,простой,0.46135676084248306,0.47167277336120605,0.010316012518722995
870,власти,власть,0.164284877951302,0.174513265490531,0.010228387539229
3473,рук,рука,0.047318137654455,0.05734046176075901,0.010022324106304006
1868,ко,к,0.9857018954843991,0.995593309402465,0.009891413918065917
1335,имеют,иметь,0.8871923765160571,0.897029995918273,0.009837619402215947
3534,Дай,дать,0.9048771995319391,0.9146571755409241,0.009779976008984947
1804,за,за,0.9780479827252341,0.9878163933753961,0.009768410650161985
351,Хоть,хоть,0.9884704480806,0.9981505274772641,0.009680079396664043
3161,даст,дать,0.8030387657615691,0.8125085234642021,0.00946975770263303
3918,сказать,сказать,0.089198283557677,0.09846847504377301,0.009270191486096008
3918,сказать,сказать,0.663702053948181,0.672911465167999,0.009209411219817998
3137,врагу,враг,0.6436758724327291,0.652814924716949,0.009139052284219962
1415,теме,тема,0.563109880413604,0.572214365005493,0.009104484591889062
1336,представляют,представлять,0.9896864401280131,0.9987512230873101,0.009064782959297024
1900,не,не,0.747689881258901,0.7567421197891231,0.009052238530222079
1868,ко,к,0.9877076513671701,0.9965749979019161,0.008867346534745968
1556,до,до,0.30385369537779805,0.31258636713027904,0.008732671752480992
3678,говоришь,говорить,0.0017701628160590001,0.010484906844794,0.008714744028735
1766,и,и,0.892712617676593,0.9011698961257931,0.008457278449200079
2364,без,без,0.9584086737072631,0.9668532013893121,0.008444527682048952
1149,стал,стать,0.918051663858053,0.9264696836471551,0.00841801978910206
306,Сколько,сколько,0.152458866393739,0.16084238886833102,0.008383522474592009
670,ничего,ничего,0.17278237859657802,0.18104991316795302,0.008267534571374996
2501,во,в,0.962083382353709,0.9702238440513611,0.008140461697652035
3286,одной,один,0.5916087989465411,0.5996244549751281,0.008015656028587004
1900,говоря,говорить,0.991796517453102,0.9997637271881101,0.007967209735008085
688,эту,этот,0.686750853174039,0.694581568241119,0.007830715067079996
3330,покажет,показать,0.9748270440987981,0.9825811386108391,0.00775409451204101
3114,И,и,0.34331228151991305,0.35073083639144903,0.007418554871535976
1766,и,и,0.47415076102989406,0.481479525566101,0.007328764536206955
3948,и,и,0.23876515661778602,0.24593147635459903,0.007166319736813004
2650,вся,весь,0.9285717928192501,0.9357275366783141,0.007155743859064034
1882,С,с,0.022918901543046002,0.030039187520742004,0.007120285977696001
3176,Вот,вот,0.961221180129263,0.9683266282081601,0.007105448078897014
218,Нельзя,нельзя,0.136259827574175,0.14334818720817502,0.007088359634000008
696,а,а,0.601867996539819,0.6089402437210081,0.00707224718118904
2041,каждого,каждый,0.12290154998946701,0.129916071891784,0.007014521902316995
1049,хватает,хватать,0.6482776610558011,0.655270159244537,0.006992498188735929
2325,Так,так,0.9021767330463151,0.9090360999107361,0.006859366864421013
1642,году,год,0.969998259184729,0.9767537117004391,0.006755452515710081
3678,говорил,говорить,0.270090908798999,0.276685744524002,0.006594835725003023
223,Нет,нет,0.045414332570015,0.051928691565990004,0.006514358995975002
1610,в,в,0.9854053579259581,0.9918419718742371,0.006436613948278991
2951,что,что,0.960398124901879,0.966776132583618,0.0063780076817390174
3518,думаю,думать,0.9012569824858001,0.9076312780380241,0.0063742955522240186
753,в,в,0.802031974149062,0.8083999156951901,0.006367941546128075
3918,Ну,ну,0.815312379848097,0.8216032385826111,0.006290858734514071
1110,знать,знать,0.9151420059823541,0.9212239384651181,0.0060819324827640076
1720,в,в,0.974986573207083,0.9809020161628721,0.005915442955789052
2191,посмотрим,посмотреть,0.263185459513887,0.269026398658752,0.005840939144864998
1900,говоря,говорить,0.9940295007826071,0.999793529510498,0.005764028727890946
1865,равен,равный,0.98455725670042,0.990153312683105,0.005596055982684978
1804,За,за,0.980871239523821,0.9864640831947321,0.005592843670911063
1766,и,и,0.9500405293229881,0.9554054141044611,0.005364884781473012
137,На,на,0.9931774318341591,0.9985319972038261,0.0053545653696670525
1415,в,в,0.9798413532212401,0.985184133052825,0.005342779831584932
2041,каждого,каждый,0.48862200758399504,0.49386721849441506,0.005245210910420017
2041,каждого,каждый,0.5291358188108191,0.534365534782409,0.005229715971589943
1991,По,по,0.9003528267832871,0.9055737853050231,0.0052209585217359855
3652,похож,похожий,0.993648007728092,0.9988659024238581,0.005217894695766057
2152,не,не,0.9786602662075451,0.983804941177368,0.00514467496982296
1854,с,с,0.9894852985298631,0.994597733020782,0.005112434490918916
2170,Что,что,0.97590113082309,0.9809910655021661,0.005089934679076036
2270,друг,друг,0.9822609829406921,0.9873139262199401,0.00505294327924799
1642,без,без,0.9935276154304431,0.998481512069702,0.004953896639258937
1900,говоря,говорить,0.9948687564314411,0.9998169541358941,0.0049481977044529835
2529,глаз,глаз,0.984208401607878,0.989128947257995,0.004920545650117014
892,Вот,вот,0.11264385852647602,0.11755396425724,0.004910105730763989
1131,подумать,подумать,0.06929603760738401,0.07416321337223,0.0048671757648459935
1610,в,в,0.9917324963153341,0.9965953826904291,0.004862886375095021
2529,глаз,глаз,0.9692006486807591,0.973994970321655,0.004794321640895993
1610,в,в,0.9937798485414601,0.998545229434967,0.004765380893506976
1336,представляет,представлять,0.985019234349613,0.989756643772125,0.004737409422511996
2807,жизни,жизнь,0.9095604832024241,0.91427081823349,0.004710335031065882
1110,знать,знать,0.9901447134439281,0.9948454499244691,0.0047007364805410345
3573,спасли,спасти,0.9936582474073251,0.9983226060867311,0.0046643586794059555
103,что,что,0.912896921568182,0.917520880699157,0.004623959130975019
3918,Ну,ну,0.9203070528496571,0.9249076247215271,0.004600571871870018
1610,в,в,0.9914668877947831,0.996061861515045,0.004594973720261963
3809,землю,земля,0.6963985486571981,0.700907289981842,0.004508741324643961
1034,За,за,0.993882049850033,0.9983226060867311,0.0044405562366980345
2325,так,так,0.726560163106809,0.730989098548889,0.0044289354420800064
2650,вся,весь,0.8640553521993951,0.8684561252593991,0.004400773060003971
3160,дай,дать,0.988130687320601,0.9924045205116271,0.004273833191026033
3948,и,и,0.36864543534320804,0.372837275266647,0.004191839923438967
14,разве,разве,0.9913956454714451,0.995518743991851,0.004123098520405932
166,Какой,какой,0.9928894245162401,0.9969176650047301,0.0040282404884900425
3615,командованием,командование,0.9860992189539821,0.990119636058807,0.004020417104824925
763,в,в,0.9828935249881571,0.98689842224121,0.004004897253052975
1804,за,за,0.9937694886798021,0.9977673292160031,0.003997840536201003
2650,всех,весь,0.7329015492767691,0.736879765987396,0.003978216710626925
3730,и,и,0.6810425400787661,0.6849764585494991,0.003933918470732989
2650,всех,весь,0.836950876556067,0.8408507704734801,0.0038998939174130776
688,Да,да,0.985648387260153,0.9894658327102661,0.0038174454501130883
137,К,к,0.990957635762686,0.9947709441184991,0.003813308355813061
3615,командованием,командование,0.9802521773437011,0.9840540885925291,0.003801911248828005
1642,году,год,0.9917677885728321,0.995562613010406,0.0037948244375739515
1336,собой,себя,0.9907354989601401,0.994522631168365,0.003787132208224908
48,жизни,жизнь,0.31588411086949103,0.31964558362960804,0.003761472760117013
2420,в,в,0.824067628129971,0.827816188335418,0.0037485602054470046
1804,за,за,0.97035563217048,0.9740917682647701,0.0037361360942900212
485,стоит,стоить,0.24872177806876403,0.25244882702827404,0.00372704895951001
2041,все,все,0.9844425220493491,0.988155245780944,0.0037127237315949246
2401,гостях,гость,0.535210161138178,0.538886487483978,0.003676326345800063
554,что,что,0.9893734974551641,0.9930472373962401,0.003673739941076004
1387,дому,дом,0.933440230663601,0.9370876550674431,0.0036474244038420256
14,разве,разве,0.9801177173104061,0.9837150573730461,0.0035973400626400087
385,что,что,0.46970541064580806,0.47324708104133606,0.003541670395527996
3652,похож,похожий,0.884610092922656,0.8881423473358151,0.003532254413159075
3938,держала,держать,0.876646265147441,0.880156338214874,0.003510073067433006
3403,черт,черта,0.43830404051103605,0.44181281328201205,0.0035087727709759986
79,и,и,0.027362592022135004,0.030865706503391002,0.0035031144812559985
792,В,в,0.9935269094308401,0.9969342947006221,0.003407385269782015
859,видит,видеть,0.643854759912313,0.647235393524169,0.003380633611856032
2150,Вдруг,вдруг,0.49473402011252204,0.49811062216758706,0.0033766020550650144
3937,держал,держать,0.000148960473318,0.0035253292880950003,0.0033763688147770005
294,с,с,0.989942567814552,0.993277072906494,0.003334505091941997
294,хватит,хватить,0.709793697633445,0.713120579719543,0.003326882086097993
3730,сидит,сидеть,0.45679654604183,0.46005314588546703,0.0032565998436370203
4028,лишен,лишить,0.49316492694148906,0.49640095233917203,0.0032360253976829734
2807,по,по,0.7219717663556121,0.725193738937377,0.0032219725817649314
3534,срок,срок,0.7192888874525211,0.7224426269531251,0.003153739500604047
14,разве,разве,0.9764773100275971,0.979582488536834,0.003105178509236972
173,куда,куда,0.5367159615189481,0.539811789989471,0.003095828470522921
2041,и,и,0.5654446842795651,0.5684494376182551,0.0030047533386899916
1900,о,о,0.9945814178873611,0.9975817799568171,0.003000362069455975
1900,говоря,говорить,0.9968050600832221,0.9998040795326231,0.0029990194494009526
870,во,в,0.993410193682516,0.996389985084533,0.0029797914020169847
103,делали,делать,0.957763278904424,0.96072894334793,0.0029656644435059887
322,такие,такой,0.815125402325775,0.818070292472839,0.0029448901470640054
1336,представляет,представлять,0.9917989799936671,0.9947293996810911,0.002930419687424024
3941,В,в,0.9957321229350781,0.9986467957496641,0.002914672814586017
3313,жизни,жизнь,0.8094402331478181,0.812341630458831,0.00290139731101291
1377,руководством,руководство,0.8805224511891011,0.883405864238739,0.0028834130496379062
792,в,в,0.9915180995222741,0.99437016248703,0.0028520629647559304
448,а,а,0.9276137708570921,0.9304010272026061,0.002787256345514022
2226,благо,благо,0.321420093631462,0.324196100234985,0.002776006603523007
1215,можно,можно,0.045950100563626,0.048656962811946,0.002706862248320001
14,разве,разве,0.880578006438368,0.8832570314407341,0.0026790250023660533
1809,вариант,вариант,0.795396893142285,0.797967672348022,0.002570779205737006
554,самое,самый,0.9914718093983841,0.9940302968025201,0.0025584874041360006
3618,углом,угол,0.9966511005092371,0.999202728271484,0.002551627762246933
2475,тот,тот,0.8480092877338241,0.8505503535270691,0.0025410657932449787
294,хватит,хватить,0.6830028256327051,0.685540676116943,0.0025378504842379357
1713,рулем,руль,0.49363435193134503,0.49612152576446505,0.0024871738331200266
1336,собой,себя,0.9284393149298431,0.930915236473083,0.002475921543239945
2807,жизни,жизнь,0.994728015129245,0.9971826076507561,0.0024545925215110342
3730,сидит,сидеть,0.9080906354191001,0.910513639450073,0.002423004030972953
2650,на,на,0.9927822575313181,0.995193719863891,0.0024114623325729445
131,здоров,здоровый,0.012829414603657,0.015239629894495002,0.0024102152908380015
1096,К,к,0.503272856130774,0.505640506744384,0.002367650613609995
4028,лишен,лишить,0.8482796723264181,0.850626528263092,0.0023468559366739417
3694,на,на,0.18369896243449801,0.18603479862213101,0.0023358361876330003
803,В,в,0.993851787471086,0.9961639642715451,0.0023121768004590315
2898,с,с,0.93486529334295,0.9371642470359801,0.0022989536930301258
48,жизни,жизнь,0.009004210473533001,0.011296343058347001,0.002292132584814
2896,рукой,рука,0.9851194098964661,0.9874070882797241,0.0022876783832580516
1900,говоря,говорить,0.9976390444642521,0.9999167919158931,0.002277747451640999
3160,дай,дать,0.9888531043007521,0.9911278486251831,0.0022747443244309773
1034,отсутствием,отсутствие,0.997684844348626,0.999957561492919,0.0022727171442930016
2896,рукой,рука,0.9668051879766301,0.969076037406921,0.0022708494302909887
3809,землю,земля,0.9049479716091261,0.9072023630142211,0.00225439140509498
3518,думал,думать,0.965538705479774,0.9677906632423401,0.002251957762566037
3792,живут,жить,0.893102298341749,0.8953313827514641,0.002229084409715032
696,а,а,0.9592166916861461,0.961413323879241,0.0021966321930949606
485,стоит,стоить,0.23973017644817302,0.24191384017467502,0.002183663726502
3044,стоит,стоить,0.9647966744517521,0.966973483562469,0.0021768091107169374
2512,придется,прийтись,0.005839593663063,0.008015135303139001,0.0021755416400760013
198,не,не,0.91431312152868,0.9164858460426331,0.002172724513953006
1123,а,а,0.473962067703579,0.47613283991813604,0.0021707722145570263
103,делает,делать,0.9917222958769071,0.9938750267028801,0.002152730825973004
870,власти,власть,0.997438215532318,0.9995903968811031,0.0021521813487850316
57,возьмет,взять,0.428485229001403,0.430626422166824,0.002141193165420996
2152,бог,бог,0.000211490110134,0.002336432691663,0.002124942581529
781,в,в,0.855231465351399,0.8573446273803711,0.0021131620289720487
3379,спит,спать,0.9971362344312881,0.9992479085922241,0.00211167416093605
1549,площадью,площадь,0.9974184098690021,0.999521613121032,0.0021032032520299504
2529,глаз,глаз,0.996210210349956,0.998312175273895,0.0021019649239389926
1868,ко,к,0.997524207428201,0.9996176958084101,0.002093488380209063
2152,дай,дать,0.9970262530951991,0.9991119503974911,0.002085697302292022
2444,в,в,0.9729304160548581,0.9750113487243651,0.0020809326695070407
153,как,как,0.9804648238565851,0.9825364351272581,0.0020716112706730128
3918,Ну,ну,0.9504620573621221,0.952533602714538,0.0020715453524159377
1816,Только,только,0.06407026934635801,0.066096745431423,0.002026476085064996
2579,свои,свой,0.9741947684623671,0.9761919975280761,0.001997229065708983
1816,Только,только,0.062444115366678,0.064436092972755,0.001991977606077
3403,черт,черта,0.360843321231255,0.36283499002456604,0.00199166879331103
1559,в,в,0.977528040515469,0.979513049125671,0.0019850086102020104
1713,За,за,0.9968955631758091,0.9988737106323241,0.0019781474565150337
222,нет,нет,0.014288741118027,0.016241801902651003,0.0019530607846240024
3864,леса,лес,0.464389485890188,0.46633422374725303,0.0019447378570650042
1549,В,в,0.9971646818762181,0.9991055727005,0.001940890824281949
1868,ко,к,0.9966225639921311,0.9985547661781311,0.0019322021859999872
3353,с,с,0.256490713948875,0.258418828248977,0.0019281143001019796
213,не,не,0.99248731633658,0.9943962097167961,0.001908893380216048
1549,в,в,0.994910408223695,0.996805727481842,0.0018953192581470102
1268,с,с,0.9912232057111631,0.993118345737457,0.0018951400262939844
2010,Один,один,0.8384233880681801,0.840316951274871,0.0018935632066909847
48,подобного,подобный,0.889969239596701,0.8918489813804621,0.0018797417837610464
1977,За,за,0.8465483102913721,0.8484229445457451,0.0018746342543729533
3809,землю,земля,0.95294369405634,0.954777538776397,0.0018338447200569874
3698,ты,ты,0.729332803092261,0.7311358451843261,0.0018030420920650547
1556,расстояние,расстояние,0.998101151394378,0.999902307987213,0.0018011565928349738
781,один,один,0.972762986390814,0.974561512470245,0.0017985260794309843
3941,над,над,0.9737184708054071,0.9755121469497681,0.0017936761443609894
260,этот,этот,0.9785145984290371,0.9802953600883481,0.0017807616593109588
2191,посмотрим,посмотреть,0.913290404786489,0.91506278514862,0.0017723803621310097
1549,площадью,площадь,0.852759927844382,0.8545207977294921,0.001760869885110039
1049,и,и,0.433346318420868,0.43506416678428605,0.0017178483634180397
3115,передали,передать,0.8977320976038281,0.8994176387786861,0.001685541174857974
1766,не,не,0.9967190737894471,0.9983766674995421,0.0016575937100949956
2968,свет,свет,0.260154050047671,0.26180931925773604,0.0016552692100650357
73,время,время,0.9980106667708321,0.9996572732925411,0.0016466065217090042
2620,кто,кто,0.9978931324686051,0.9995314478874201,0.001638315418814984
1556,расстояние,расстояние,0.998261974309927,0.9998898506164551,0.0016278763065280533
3685,один,один,0.7708616251308401,0.7724586129188531,0.0015969877880129824
222,Нет,нет,0.22633326516099403,0.22792974114418002,0.001596475983185991
624,но,но,0.7862155699052781,0.787808179855346,0.0015926099500679358
1809,можно,можно,0.677490100292467,0.679070711135864,0.0015806108433970012
2501,во,в,0.9912720497810811,0.9928447604179381,0.0015727106368570443
1377,руководством,руководство,0.7889973518666771,0.79053783416748,0.0015404823008029478
1729,лицом,лицо,0.5451106907098731,0.5466237664222711,0.0015130757123980043
870,во,в,0.9948883428321851,0.996398091316223,0.0015097484840379538
1129,можно,можно,0.7121338027669221,0.7136348485946651,0.0015010458277430194
67,уже,уже,0.73536044063864,0.736851453781127,0.0014910131424870077
3379,видят,видеть,0.9977456009062051,0.9992256760597221,0.001480075153517002
870,во,в,0.99598760524952,0.997452199459075,0.0014645942095550257
198,не,не,0.706418246790347,0.707871258258819,0.0014530114684719875
2787,от,от,0.992322361453523,0.9937450289726251,0.0014226675191020277
3792,жить,жить,0.966176594638749,0.9675990343093871,0.0014224396706380427
803,В,в,0.975372693693181,0.9767904281616211,0.0014177344684400683
1019,если,если,0.9622895404929571,0.9637059569358821,0.001416416442925006
2579,свои,свой,0.9938679193624471,0.99528020620346,0.0014122868410129108
3206,кот,кот,0.9837963317342661,0.985201179981231,0.0014048482469649626
1336,собой,себя,0.9974417733663271,0.9988385438919061,0.0013967705255789609
3694,на,на,0.44863281599888005,0.45002743601799006,0.0013946200191100044
1900,о,о,0.9936457714850261,0.9950345158576961,0.0013887443726700033
103,делают,делать,0.9967396808330901,0.998126029968261,0.0013863491351709945
1387,дому,дом,0.8275592325368181,0.8289332389831541,0.0013740064463360069
3809,землю,земля,0.7224478668172251,0.723811984062194,0.0013641172449689876
3792,жить,жить,0.9851601342103361,0.9865205287933351,0.0013603945829989694
2896,рукой,рука,0.986375296762208,0.9877272844314571,0.001351987669249044
3114,и,и,0.7784360989904601,0.7797805070877071,0.0013444080972470074
1804,за,за,0.9972953237161041,0.9986383318901061,0.0013430081740020139
821,В,в,0.9980465261300181,0.999383091926574,0.001336565796555944
1335,имеют,иметь,0.9953158998746721,0.9966515898704521,0.0013356899957800428
85,всё,все,0.000693339603059,0.002027415204793,0.001334075601734
3379,спит,спать,0.996120896180086,0.997435271739959,0.0013143755598730156
550,в,в,0.9897594225530901,0.9910726547241211,0.0013132321710309647
3948,и,и,0.987042650658776,0.988349437713623,0.0013067870548469918
2305,могу,мочь,0.071448579487683,0.072740726172924,0.0012921466852409969
2010,один,один,0.539605085900086,0.540862321853637,0.0012572359535509836
3404,сказать,сказать,0.000568500734007,0.0018242506776000001,0.0012557499435930002
3685,один,один,0.22323501217583203,0.22448599338531403,0.0012509812094819994
1215,можно,можно,0.8622486966010611,0.863499581813812,0.0012508852127509629
3161,даст,дать,0.9772611039482991,0.9785098433494561,0.0012487394011569952
1868,всему,весь,0.998272547191231,0.999519407749176,0.0012468605579449843
3160,дай,дать,0.9985453814278601,0.9997876286506651,0.0012422472228049708
1767,и,и,0.763747108666152,0.7649850845336911,0.0012379758675390429
2951,а,а,0.809543269887229,0.810776948928833,0.0012336790416039856
3480,было,быть,0.045515369047099005,0.046746205538511006,0.0012308364914120004
1830,имя,имя,0.361413990460967,0.362643986940383,0.0012299964794160179
3020,в,в,0.9558026860120821,0.9570322632789611,0.0012295772668790006
554,самые,самый,0.993952707615787,0.9951782822608941,0.001225574645107086
3822,одном,один,0.9185748143094431,0.91979569196701,0.0012208776575669544
1868,всему,весь,0.998385536701006,0.9996036291122431,0.0012180924112370484
2010,раз,раз,0.789184180586144,0.790401518344879,0.0012173377587350043
1096,к,к,0.9972972207993601,0.9985139966011041,0.0012167758017439523
8,что,что,0.904029484294375,0.905233502388,0.0012040180936250255
131,здоров,здоровый,0.0013024465541230002,0.00250528100878,0.0012028344546569998
3728,от,от,0.506181799374796,0.507378458976745,0.001196659601949035
380,больше,большой,0.8421219215090211,0.8433093428611751,0.0011874213521539945
1527,как,как,0.323487785963948,0.324674725532531,0.001186939568583012
1488,всех,весь,0.9909194745321791,0.992097556591033,0.0011780820588539465
3664,Это,это,0.11531941968070301,0.11649166792631101,0.001172248245607993
1019,если,если,0.993863091383915,0.995021522045135,0.0011584306612200113
1767,и,и,0.7714688231358311,0.7726140022277831,0.0011451790919519977
3115,руки,рука,0.9466481449470061,0.9477877020835871,0.001139557136580982
1110,знать,знать,0.9928891891800331,0.9940266013145441,0.0011374121345110177
57,взял,взять,0.818251185614402,0.8193872570991511,0.001136071484749035
821,В,в,0.9972391268737291,0.9983659386634821,0.001126811789753046
166,Какая,какой,0.9981586330751561,0.9992841482162471,0.0011255151410910491
166,Какие,какой,0.997558133841098,0.998675882816314,0.001117748975215993
1463,с,с,0.9942650189540341,0.9953781366348261,0.0011131176807920307
1432,теме,тема,0.06897943533348301,0.07008825242519301,0.0011088170917099988
2305,могу,мочь,0.015197301472715,0.016299553215503002,0.0011022517427880015
1816,не,не,0.997769098677251,0.9988651871681211,0.0010960884908700619
2623,глядят,глядеть,0.9988006450061561,0.999888181686401,0.0010875366802449715
3937,путь,путь,0.328644616186945,0.329722970724105,0.0010783545371599867
1123,но,но,0.5694929674259981,0.5705634951591491,0.0010705277331509722
859,видит,видеть,0.65459417159604,0.6556547284126281,0.0010605568165880097
2325,что,что,0.9968908244735001,0.9979497194290161,0.001058894955516032
3809,землю,земля,0.95891625127788,0.959970712661743,0.0010544613838630035
48,подобного,подобный,0.9256059035121841,0.926660120487213,0.0010542169750289432
1767,не,не,0.9888003026247911,0.9898388385772701,0.0010385359524789362
3694,на,на,0.6893842934929181,0.690420508384704,0.0010362148917859582
3379,спят,спать,0.9963860461297591,0.9974177479743951,0.0010317018446359683
2010,раз,раз,0.980548601544838,0.98157513141632,0.001026529871481996
5,знает,знать,0.9764058180467051,0.9774320721626281,0.0010262541159229421
2484,и,и,0.7339381683568851,0.734962701797485,0.0010245334405999396
725,и,и,0.8595433920840211,0.8605637550354001,0.0010203629513789725
1488,всех,весь,0.9640859205210891,0.9650996923446651,0.0010137718235759818
870,во,в,0.992857812289138,0.993864774703979,0.001006962414840995
8,что,что,0.871906578722457,0.8729111552238461,0.0010045765013890762
1123,но,но,0.9213705428096861,0.9223691821098321,0.000998639300145987
1488,остальных,остальной,0.45973670311337606,0.46073111891746504,0.0009944158040889883
1713,За,за,0.9985812792973181,0.9995753765106201,0.0009940972133020143
2629,любой,любой,0.9985226791944001,0.9995147585868831,0.0009920793924830251
3206,кот,кот,0.9956100436898351,0.9965999126434321,0.000989868953596984
1816,не,не,0.9984281965453021,0.9993956089019771,0.0009674123566749682
2325,что,что,0.8755127342275091,0.876474738121032,0.0009620038935229669
3822,одном,один,0.8968563752849651,0.8978108763694761,0.0009545010845110058
3955,ну,ну,0.988987056905492,0.9899374246597291,0.0009503677542370692
3822,одном,один,0.9863350522460471,0.9872764348983761,0.0009413826523290147
3918,сказала,сказать,0.09995561311692001,0.10089531540870601,0.0009397022917859987
3792,жить,жить,0.990808168417531,0.9917475581169121,0.0009393896993810102
688,ну,ну,0.9719349218801101,0.9728570580482481,0.0009221361681379658
1882,С,с,0.834304169627601,0.8352254033088681,0.0009212336812670641
3615,под,под,0.996902434519856,0.997804164886474,0.0009017303666180032
1991,По,по,0.6346982377522911,0.6355957388877861,0.0008975011354950269
3730,и,и,0.9402786956265491,0.9411678314208981,0.0008891357943490164
5,знает,знать,0.9976074854165561,0.9984939694404601,0.0008864840239040106
3165,для,для,0.9609213540454151,0.96178787946701,0.0008665254215949325
801,в,в,0.993436075616942,0.9942995309829711,0.0008634553660290534
223,Нет,нет,0.8218982949300241,0.8227601051330561,0.0008618102030319985
2047,по,по,0.9424586853035081,0.943319737911224,0.0008610526077159619
1110,знать,знать,0.32532591461985305,0.326183915138244,0.0008580005183909667
3618,под,под,0.9836062265223531,0.984460115432739,0.0008538889103859582
1882,таким,такой,0.816225957009016,0.817079603672027,0.0008536466630110207
1830,имя,имя,0.842931066905642,0.843784689903259,0.0008536229976170429
2401,гостях,гость,0.6961496868852111,0.6969994306564331,0.0008497437712220446
67,как,как,0.989972943038352,0.9908196926116941,0.000846749573342076
198,не,не,0.9692641441539541,0.9701105952262871,0.0008464510723329433
322,такого,такой,0.9735159713901471,0.9743595719337461,0.000843600543598999
2305,могу,мочь,0.05867346222311601,0.059516940265893006,0.0008434780427769989
3330,покажут,показать,0.9983842296088191,0.9992259144783021,0.0008416848694829948
2152,не,не,0.9936959134923581,0.9945349097251891,0.000838996232831013
294,хватит,хватить,0.868640401622892,0.869472563266754,0.0008321616438620172
1900,о,о,0.99799451898916,0.9988232254981991,0.000828706509039101
2507,всеми,весь,0.9176462361043971,0.9184740781784051,0.0008278420740079895
2305,могу,мочь,0.037893852436665,0.038719192147254,0.0008253397105889987
2475,тот,тот,0.970564005827359,0.971384942531585,0.0008209367042260052
2620,что,что,0.9989822742762251,0.9998009800910951,0.00081870581486998
2041,и,и,0.9727799079865681,0.9735947847366331,0.0008148767500649745
1549,площадью,площадь,0.5175061012969221,0.518312394618988,0.000806293322065943
1875,этим,это,0.8425611615360341,0.8433672189712521,0.0008060574352179994
1335,силу,сила,0.48427037521588,0.48506423830986006,0.0007938630939800517
213,ни,ни,0.8064209858251511,0.8072134852409361,0.0007924994157849641
1766,и,и,0.335799066797544,0.33658990263938904,0.0007908358418450279
2383,без,без,0.990927082666021,0.99171757698059,0.0007904943145690124
1488,остальных,остальной,0.23420162366000402,0.23499119281768802,0.0007895691576839947
1756,Вот,вот,0.35664396082224603,0.35742807388305603,0.0007841130608099989
73,времени,время,0.998458619196485,0.999242007732391,0.0007833885359059822
1977,за,за,0.9969493516719371,0.997726559638977,0.0007772079670399501
1415,не,не,0.707426241473132,0.7082027792930601,0.0007765378199280359
3044,стоит,стоить,0.9958154565046861,0.996589064598083,0.0007736080933969935
3394,от,от,0.9801212681312281,0.980892121791839,0.0007708536606109151
1900,о,о,0.99728797272672,0.9980528354644771,0.0007648627377571104
1662,тому,тот,0.9646316992085471,0.9653940200805661,0.0007623208720189956
725,и,и,0.27171296837298403,0.27247235178947404,0.0007593834164900115
2787,слова,слово,0.99342901675657,0.994186878204345,0.0007578614477750101
2270,друг,друг,0.998845243313445,0.9995949864387511,0.0007497431253060682
2776,подальше,далекий,0.9800930974227801,0.9808277487754821,0.0007346513527020093
3115,руки,рука,0.7441048520045841,0.7448376417160031,0.0007327897114189907
624,но,но,0.35392333730032205,0.354652613401412,0.0007292761010899707
3114,одном,один,0.997871409602687,0.9985992908477781,0.0007278812450910443
1415,в,в,0.842400056832716,0.84312504529953,0.0007249884668140139
1882,таким,такой,0.680195094057786,0.6809138655662531,0.0007187715084671087
4071,в,в,0.9921057147786101,0.9928223490715021,0.0007166342928920377
1804,за,за,0.9945103166946241,0.9952259063720701,0.0007155896774460047
781,один,один,0.9688912375160981,0.969606041908264,0.0007148043921659797
3313,жизни,жизнь,0.799139036283765,0.799853801727294,0.0007147654435289974
3694,на,на,0.20847044522270503,0.20918184518814,0.0007113999654349834
1875,Наряду,наряду,0.17902514114939402,0.179734647274017,0.0007095061246229772
2475,тот,тот,0.869027609593059,0.869733989238739,0.0007063796456799887
1868,всему,весь,0.9991887242464981,0.9998943805694581,0.0007056563229600465
1809,как,как,0.8703263152393391,0.8710275888442991,0.0007012736049599733
3714,на,на,0.9764625339585851,0.977161169052124,0.0006986350935389574
38,бросил,бросить,0.896550126769685,0.8972484469413751,0.0006983201716900256
2620,кто,кто,0.9982281187863751,0.9989249110221861,0.0006967922358109835
1077,из,из,0.994332195622137,0.9950288534164421,0.0006966577943050556
2729,руку,рука,0.8871563522116881,0.8878519535064691,0.0006956012947809675
3313,жизни,жизнь,0.49339231966296704,0.494084745645523,0.0006924259825559775
3097,будь,быть,0.9883054286119201,0.9889922738075251,0.0006868451956050237
1215,Можно,можно,0.23622979295824603,0.236911952495574,0.0006821595373279754
792,в,в,0.9965323474059671,0.9972124099731441,0.0006800625671770089
781,в,в,0.337724784245075,0.33840417861938404,0.000679394374309028
3652,себя,себя,0.45295499628344305,0.45363375544548,0.0006787591620369682
3353,с,с,0.8985115402356181,0.8991902470588681,0.0006787068232499971
1336,собой,себя,0.9984209477417431,0.9990907311439511,0.000669783402208024
365,Что,что,0.997067019264903,0.9977343082427971,0.0006672889778940316
781,один,один,0.934392428044109,0.9350538849830621,0.0006614569389530311
1175,за,за,0.98237141121694,0.9830326437950131,0.0006612325780730455
1882,таким,такой,0.683158457874778,0.6838158369064331,0.0006573790316550809
3518,о,о,0.9978236935401831,0.9984793066978451,0.0006556131576620494
1875,Наряду,наряду,0.5520702198523301,0.5527218580245971,0.0006516381722669884
2010,один,один,0.36377764326733103,0.36442586779594405,0.0006482245286130173
3938,держа,держать,0.9086760117987891,0.909322917461395,0.0006469056626059455
213,ни,ни,0.9094374189048011,0.910083472728729,0.0006460538239279057
1875,этим,это,0.961023402705456,0.9616667032241821,0.0006433005187260754
781,один,один,0.9868263295169041,0.9874625205993651,0.0006361910824610462
137,счастью,счастие,0.6961526329480361,0.6967865228652951,0.0006338899172589896
1943,Как,как,0.8870555976864171,0.8876872658729551,0.0006316681865380369
1622,прежде,прежде,0.9726145604276111,0.9732448458671571,0.0006302854395460189
322,такую,такой,0.994567621563279,0.995196759700775,0.0006291381374959881
48,жизни,жизнь,0.9697733108127171,0.9704020619392391,0.0006287511265219425
1868,всему,весь,0.9913416342810891,0.9919691681861871,0.0006275339050979545
2507,всеми,весь,0.9884313138730499,0.9890561103820801,0.0006247965090301344
3206,кот,кот,0.99688821815041,0.997510254383087,0.0006220362326770923
688,эту,этот,0.755570152075267,0.7561898827552791,0.0006197306800120872
103,делать,делать,0.9964930452956121,0.997110724449157,0.0006176791535449366
2191,посмотрим,посмотреть,0.9064404688663551,0.9070578813552851,0.0006174124889299915
1875,этим,это,0.953635398197279,0.9542428255081171,0.0006074273108380712
485,стоит,стоить,0.137458031873628,0.13806304335594102,0.0006050114823130115
2010,потом,потом,0.286424068101151,0.28702822327613803,0.00060415517498702
3137,врагу,враг,0.9985972083701751,0.9992004632949821,0.0006032549248070618
198,не,не,0.9982228921819281,0.9988241195678711,0.0006012273859430373
1549,площадью,площадь,0.9144096958598871,0.9150099158287041,0.000600219968816984
892,урок,урок,0.981744480793107,0.982340157032012,0.0005956762389049963
448,и,и,0.515771503627903,0.5163670778274531,0.0005955741995500308
753,в,в,0.9973325545764831,0.9979224205017091,0.0005898659252260297
2186,рано,рано,0.828802376057705,0.829386711120605,0.0005843350629000099
2650,и,и,0.937510740601269,0.9380944967269891,0.0005837561257200363
1385,с,с,0.9755296791646311,0.9761133193969721,0.0005836402323410317
803,В,в,0.996471264976382,0.9970537424087521,0.0005824774323700543
3379,видит,видеть,0.9982537774928261,0.9988343119621271,0.0005805344693010639
5,знает,знать,0.9930597402581881,0.9936398267745971,0.0005800865164089508
1377,под,под,0.9944301485856231,0.9950069785118101,0.0005768299261870169
1943,Как,как,0.855263822832046,0.85584008693695,0.0005762641049039674
3762,головой,голова,0.941772628636913,0.9423463940620421,0.0005737654251291024
322,такой,такой,0.9623788529563071,0.9629414081573481,0.0005625552010409818
2401,гостях,гость,0.280377066421705,0.280937939882278,0.0005608734605729859
1432,по,по,0.718189329949323,0.7187501192092891,0.0005607892599660547
1766,не,не,0.9979675677191611,0.9985224604606621,0.0005548927415010008
1527,черт,черта,0.00560015857154,0.006152894813567,0.0005527362420269999
2629,любой,любой,0.9968877441898141,0.997438549995422,0.0005508058056079568
3379,видит,видеть,0.999168967980637,0.9997195005416871,0.0005505325610500877
781,один,один,0.8542469003168061,0.8547974228858941,0.0005505225690880522
153,как,как,0.985669581269848,0.9862169027328491,0.0005473214630010714
1875,Наряду,наряду,0.329085619408902,0.32963293790817205,0.0005473184992700331
2665,на,на,0.997750229144406,0.9982972145080561,0.0005469853636500543
796,в,в,0.9766969639954741,0.9772422909736631,0.0005453269781889869
2787,слова,слово,0.9974883854153581,0.9980313181877131,0.0005429327723549537
2579,как,как,0.9975724879745591,0.998109817504882,0.0005373295303229275
3918,сказать,сказать,0.9642772012313181,0.964811861515045,0.000534660283726951
2152,дай,дать,0.9991882481452621,0.9997227787971491,0.0005345306518870219
2473,в,в,0.9757259801581781,0.9762580394744871,0.0005320593163089526
57,возьму,взять,0.041507329932506005,0.042038779705762,0.0005314497732559972
3822,одном,один,0.38335973268543505,0.38389050960540705,0.000530776919971998
1991,условиям,условие,0.9840001301074591,0.9845308661460871,0.0005307360386279658
2270,друг,друг,0.9991385020508031,0.9996678233146661,0.0005293212638629585
2435,в,в,0.946130629301513,0.9466532468795771,0.0005226175780640441
3652,себя,себя,0.9440094851617201,0.9445300102233881,0.000520525061667998
2620,во,в,0.999268709333724,0.9997838735580441,0.0005151642243200749
351,хоть,хоть,0.9984644425148931,0.9989774227142331,0.0005129801993399852
3115,передано,передать,0.9413463030558331,0.9418504834175111,0.0005041803616779861
1720,в,в,0.993953531943604,0.9944574236869811,0.0005038917433770607
870,во,в,0.9988880614132181,0.9993898868560791,0.0005018254428610369
3114,в,в,0.9950004497115451,0.995501816272735,0.000501366561189931
8,что,что,0.9916455077877391,0.992145359516143,0.0004998517284039439
1077,среды,среда,0.24600651123354503,0.246502831578254,0.0004963203447089781
3762,головой,голова,0.9944914527563231,0.9949876666069031,0.0004962138505799629
1335,силу,сила,0.9193618730993841,0.9198555946350091,0.0004937215356249913
3573,спасти,спасти,0.974555580858196,0.9750478267669671,0.0004922459087710607
1129,можно,можно,0.6101207472395751,0.6106105446815491,0.0004897974419739715
3937,путь,путь,0.19710401869412,0.19759024679660703,0.0004862281024870241
153,как,как,0.997582927664117,0.998067796230316,0.00048486856619900376
48,ничего,ничего,0.9864709927082351,0.9869548082351681,0.0004838155269329958
103,что,что,0.9247668317698731,0.9252467155456541,0.00047988377578100927
1559,в,в,0.997425881186722,0.9979033470153801,0.0004774658286580413
3730,на,на,0.9937194563303391,0.994195044040679,0.00047558771033995306
3781,на,на,0.991597446911149,0.992070257663726,0.0004728107525769909
5,знает,знать,0.998861061825915,0.9993323087692261,0.0004712469433110211
3792,жить,жить,0.17457488278941702,0.17504611611366203,0.0004712333242450073
3937,путь,путь,0.11941340751721301,0.11987764388322801,0.00046423636601500284
213,ни,ни,0.9769899892457531,0.9774531126022331,0.0004631233564800219
73,времени,время,0.9971113444532991,0.9975724220275871,0.00046107757428803797
2497,во,в,0.9614937520017901,0.9619513154029841,0.0004575634011939611
1766,не,не,0.9897728521341421,0.99023026227951,0.00045741014536793134
1527,как,как,0.971085894540992,0.971539914608001,0.0004540200670090089
2623,куда,куда,0.9988519036724941,0.9993041157722471,0.00045221209975299104
554,что,что,0.997367179483661,0.9978141784667961,0.0004469989831350496
3558,что,что,0.998620627264522,0.9990621805191041,0.00044155325458206107
796,вещей,вещь,0.9837566432086581,0.9841971397399901,0.00044049653133204636
1556,до,до,0.9950186250486001,0.9954589605331421,0.00044033548454203153
2325,что,что,0.9847939722268441,0.9852329492568971,0.0004389770300530227
1580,до,до,0.9979548643545391,0.9983911514282221,0.0004362870736830393
974,до,до,0.959304668285869,0.9597399234771721,0.00043525519130305224
725,всяких,всякий,0.9987409489861381,0.9991740584373471,0.0004331094512090017
1830,имя,имя,0.5249442975674521,0.525377094745636,0.00043279717818389685
3480,мало,мало,0.7641887854554431,0.7646208405494691,0.00043205509402599596
3941,взять,взять,0.9824855485451821,0.9829083681106561,0.00042281956547396415
1549,площадью,площадь,0.795004535353067,0.795426249504089,0.00042171415102199017
3114,одном,один,0.9974880296147601,0.997909724712371,0.00042169509761091906
763,в,в,0.99395011661119,0.9943706393241881,0.00042052271299808375
2305,не,не,0.903951644957466,0.9043716788291931,0.00042003387172706574
870,власти,власть,0.9951242683833961,0.9955440759658811,0.00041980758248505445
351,хоть,хоть,0.9728591058369541,0.9732774496078491,0.0004183437708950022
2152,дай,дать,0.9995039778964611,0.999920964241027,0.0004169863445659949
365,Что,что,0.997881617992005,0.9982966780662531,0.0004150600742480748
2270,друг,друг,0.9990786466170851,0.9994933009147641,0.00041465429767895134
2135,нет,нет,0.969733514268138,0.970147430896759,0.00041391662862100276
1527,черт,черта,0.356767659198773,0.35718077421188305,0.0004131150131100325
385,Чуть,чуть,0.022536485502962,0.022949583828449003,0.00041309832548700257
1110,как,как,0.8871495969912451,0.8875619769096371,0.00041237991839204735
380,не,не,0.996087303907991,0.9964996576309201,0.0004123537229290264
3478,Нет,нет,0.42894940907392204,0.42936161160469005,0.0004122025307680133
2401,в,в,0.9885113330195611,0.9889217019081111,0.00041036888855006115
2787,слова,слово,0.9981117209456231,0.9985212087631221,0.0004094878174990546
3380,руки,рука,0.42510534726090005,0.42551410198211603,0.000408754721215987
1488,остальных,остальной,0.5288082305410651,0.529213905334472,0.00040567479340691825
3097,будь,быть,0.999095424428546,0.999496638774871,0.0004012143463250073
2620,во,в,0.8830971647182311,0.8834953308105461,0.0003981660923150221
1868,всему,весь,0.9995200554431111,0.9999164938926691,0.0003964384495580564
2053,как,как,0.9908760491164691,0.991270840167999,0.0003947910515299524
73,времени,время,0.9993756142355131,0.99976897239685,0.0003933581613368986
322,такие,такой,0.9103260362210671,0.9107174873352051,0.00039145111413796396
153,так,так,0.989210276641144,0.989600896835327,0.0003906201941830112
2305,не,не,0.48910827305193605,0.489497452974319,0.00038917992238296506
2497,во,в,0.99269837345635,0.9930871725082391,0.00038879905188904385
2383,без,без,0.9986425017637861,0.999030709266662,0.00038820750287593686
2787,слова,слово,0.999397283693176,0.9997813701629631,0.0003840864697870483
3404,сказать,сказать,0.00249301559617,0.0028737508691840004,0.0003807352730140004
139,каждый,каждый,0.804234636952271,0.804611682891845,0.00037704593957399446
226,нечего,нечего,0.47943034778124904,0.479806721210479,0.0003763734292299703
1766,не,не,0.9989992867884591,0.9993755221366881,0.00037623534822905924
554,что,что,0.9993618034132321,0.9997373819351191,0.0003755785218869656
3286,одной,один,0.9899173351261771,0.9902907013893121,0.0003733662631349999
2787,слова,слово,0.998624431475681,0.9989970326423641,0.00037260116668302867
2620,что,что,0.9995448278040691,0.9999119639396661,0.00036713613559702374
2507,всеми,весь,0.9708095437628821,0.971176445484161,0.00036690172127895604
1720,на,на,0.9968118117421311,0.997174799442291,0.00036298770015996684
2226,благо,благо,0.081612870796349,0.081975080072879,0.00036220927652999557
3615,под,под,0.9978134862080791,0.9981742501258851,0.00036076391780603956
137,счастью,счастие,0.34005955991138304,0.34041994810104304,0.0003603881896599992
3618,углом,угол,0.07119781033222601,0.07155817002058,0.00036035968835398946
3115,передали,передать,0.9757828437870251,0.976142346858978,0.00035950307195298237
1875,этим,это,0.9846553732947981,0.9850136637687681,0.0003582904739699577
4071,в,в,0.9977403793835151,0.9980971217155451,0.00035674233202998007
3941,взял,взять,0.786733414271208,0.787089228630065,0.0003558143588570095
58,от,от,0.9982969013402131,0.9986521005630491,0.00035519922283600014
260,эти,этот,0.9970785150558961,0.9974336028099061,0.00035508775401005277
1129,сомневаться,сомневаться,0.9408169444601021,0.9411717057228081,0.0003547612627059493
3618,градусов,градус,0.8745489584367561,0.8749028444290161,0.00035388599226005013
1129,сомневаться,сомневаться,0.993059269967522,0.993412613868713,0.00035334390119101666
1713,за,за,0.9978324765851181,0.998184323310852,0.0003518467257339619
1158,ни,ни,0.501783832518316,0.502135157585144,0.000351325066828001
3165,для,для,0.165427502596908,0.16577878594398401,0.0003512833470760146
223,чтобы,чтобы,0.25852122474355704,0.258871793746948,0.00035056900339097696
848,вдоль,вдоль,0.9995161253231811,0.9998620152473451,0.0003458899241639557
688,ну,ну,0.97787399861135,0.9782198071479791,0.000345808536629022
1943,как,как,0.8497072221506591,0.8500514626502991,0.0003442404996399917
3124,взяться,взяться,0.9978271354251841,0.9981693625450131,0.00034222711982900833
763,В,в,0.9979682801272991,0.9983101487159721,0.00034186858867302217
2776,от,от,0.999208481251962,0.9995486140251161,0.0003401327731540338
2265,с,с,0.9967223897966611,0.997060894966125,0.00033850516946398734
2150,вдруг,вдруг,0.8465150715972211,0.8468521237373351,0.00033705214011403584
1830,имя,имя,0.9532517766435241,0.9535882472991941,0.0003364706556699959
173,до,до,0.8983499846295441,0.898685812950134,0.00033582832058998147
725,всяких,всякий,0.9983438310063001,0.9986773729324341,0.0003335419261339956
3404,сказать,сказать,2.8619863055039983e-05,0.00035905727418100004,0.00033043741112596004
139,каждый,каждый,0.8637302701818601,0.8640594482421871,0.0003291780603269512
451,как,как,0.9705704073261211,0.9708986282348631,0.00032822090874196075
3186,свои,свой,0.515915213516503,0.516240179538726,0.0003249660222229833
1766,не,не,0.998920534306527,0.999244689941406,0.00032415563487897536
246,не,не,0.997171082837301,0.9974948763847351,0.0003237935474340592
3385,с,с,0.997905834350388,0.9982283115386961,0.0003224771883080235
2497,во,в,0.997385204379936,0.997707307338714,0.0003221029587779922
2629,любой,любой,0.998476208164994,0.99879765510559,0.000321446940595993
351,хоть,хоть,0.9994637267230131,0.9997842311859131,0.00032050446289999535
448,и,и,0.7893340376830901,0.7896542549133301,0.00032021723024000526
3685,Одна,один,0.134588671932408,0.13490881025791102,0.000320138325503011
1385,с,с,0.9954216062917881,0.9957411885261531,0.0003195822343650123
260,эти,этот,0.998530048468073,0.9988493323326111,0.0003192838645380558
173,до,до,0.6694503645226071,0.6697695255279541,0.00031916100534701286
365,касается,касаться,0.964769265870786,0.9650877714157101,0.0003185055449240748
2497,всю,весь,0.9969594227288311,0.99727725982666,0.00031783709782895464
2787,слова,слово,0.997241497978645,0.9975557327270501,0.0003142347484050845
2401,у,у,0.9988943655229741,0.9992073774337761,0.00031301191080201907
385,Чуть,чуть,0.017713095037397,0.018024921417236002,0.0003118263798390017
1268,у,у,0.9951291085125731,0.995438277721405,0.00030916920883194976
3114,одном,один,0.999393830807588,0.999702513217926,0.0003086824103379904
688,эти,этот,0.685986394828729,0.686294972896575,0.0003085780678460104
1766,не,не,0.9980171972474601,0.998323440551757,0.00030624330429696034
1729,лицом,лицо,0.15142341622025302,0.15172937512397702,0.00030595890372400736
2226,благо,благо,0.402372011035216,0.402677685022354,0.00030567398713798877
3937,путь,путь,0.011448175269880002,0.011753527447581001,0.0003053521777009998
3353,с,с,0.9666999000574501,0.967004060745239,0.0003041606877889347
2305,могу,мочь,0.0015266394843940002,0.0018306339625260002,0.00030399447813200006
3762,головой,голова,0.890329503505743,0.890632629394531,0.00030312588878800284
1463,трудом,труд,0.9408800472877451,0.9411818981170651,0.00030185082931999396
688,этот,этот,0.8909464177379111,0.8912473320960991,0.00030091435818802026
3124,ум,ум,0.61662071652015,0.616920888423919,0.0003001719037689643
2620,кто,кто,0.9995535222317561,0.9998532533645631,0.0002997311328070129
451,как,как,0.9855094321969641,0.9858077168464661,0.00029828464950198974
2533,для,для,0.9494637372718371,0.949761688709259,0.0002979514374219505
2226,что,что,0.11834970869404701,0.11864661425352001,0.0002969055594729958
307,слишком,слишком,0.942826885471808,0.9431213736534111,0.00029448818160304757
2776,от,от,0.9926143859979911,0.992908060550689,0.000293674552697909
3403,знает,знать,0.9878260555018621,0.988119065761566,0.000293010259703963
2620,во,в,0.9944303842870711,0.9947228431701661,0.000292458883095037
2729,руку,рука,0.933862335550476,0.934150695800781,0.00028836025030498647
3854,батарея,батарея,0.076972470175326,0.077260039746761,0.00028756957143499795
2951,а,а,0.9418766787960031,0.9421637058258051,0.00028702702980198946
3291,от,от,0.438435494876572,0.43872219324111905,0.00028669836454703335
1943,как,как,0.7532504968034911,0.753536939620971,0.00028644281747991496
137,к,к,0.9974269487546251,0.9977124333381651,0.0002854845835399411
3044,свет,свет,0.9995339897296971,0.9998179078102111,0.0002839180805139785
3480,было,быть,0.9316591784165481,0.9319427013397211,0.0002835229231730185
1559,в,в,0.996364507092892,0.996647298336029,0.000282791243137015
3941,верх,верх,0.713408846689184,0.7136908769607541,0.0002820302715700329
2898,с,с,0.9912541279772421,0.9915353655815121,0.00028123760427001265
2152,не,не,0.9506179125812061,0.9508976936340331,0.0002797810528269995
2475,в,в,0.993520084485448,0.9937998056411741,0.0002797211557260537
1991,условиям,условие,0.062198770647292005,0.06247814744710901,0.00027937679981700214
57,взять,взять,0.9801915861612951,0.9804700613021851,0.0002784751408899666
1729,перед,перед,0.9869586885497361,0.9872352480888361,0.0002765595390999964
137,к,к,0.97896589522522,0.9792421460151671,0.00027625078994708563
2010,раз,раз,0.9932004795432591,0.993476331233978,0.00027585169071897564
1158,ни,ни,0.904857385420851,0.905131578445434,0.00027419302458298045
1002,как,как,0.44982185872943303,0.45009604096412603,0.00027418223469299896
166,к,к,0.9991562339110921,0.999430298805236,0.00027406489414394386
3948,и,и,0.988028851064327,0.9883008599281311,0.0002720088638040741
624,но,но,0.770202706254936,0.770474135875701,0.00027142962076498467
4071,в,в,0.995304680939006,0.9955752491950981,0.00027056825609206303
3124,взялся,взяться,0.9921162748930681,0.99238646030426,0.0002701854111919477
1215,можно,можно,0.992396437545572,0.992666125297546,0.0002696877519740015
67,как,как,0.8561391369241921,0.856408357620239,0.00026922069604695675
1977,за,за,0.998552632181062,0.9988216161727901,0.00026898399172803344
1556,от,от,0.9857362965395271,0.986005187034606,0.0002688904950789439
1129,можно,можно,0.43525636757574504,0.43552505970001204,0.0002686921242670004
139,каждый,каждый,0.963805788318381,0.964073896408081,0.0002681080897000143
688,этот,этот,0.9372776731638831,0.9375457167625421,0.00026804359865895133
1432,теме,тема,0.032727426040028006,0.03299381956458,0.0002663935245519958
3948,и,и,0.9883821670160661,0.9886481165885921,0.00026594957252601414
58,вне,вне,0.903526943600591,0.9037917256355281,0.0002647820349370722
2473,в,в,0.9969639252230901,0.9972280859947201,0.0002641607716300509
2529,для,для,0.9797165026576701,0.9799787402153011,0.00026223755763099543
103,что,что,0.9869049282758621,0.9871657490730281,0.00026082079716605033
79,без,без,0.877221802847006,0.8774809241294861,0.00025912128248006816
763,В,в,0.9969811062427891,0.9972393512725831,0.0002582450297939909
79,и,и,0.668850880808427,0.669108152389526,0.0002572715810990056
3941,верх,верх,0.9384096377572381,0.9386620521545411,0.0002524143973030579
1854,с,с,0.260369305715621,0.26062124967575,0.00025194396012900855
3615,командованием,командование,0.940266365812308,0.940517961978912,0.00025159616660397344
213,ни,ни,0.9484084222808591,0.948660016059875,0.00025159377901595725
2053,как,как,0.9050517631361531,0.905303299427032,0.0002515362908789287
974,до,до,0.999288588615702,0.9995394945144651,0.00025090589876308744
365,касается,касаться,0.8258244197739311,0.8260749578475951,0.0002505380736640417
725,всяких,всякий,0.9987336955865711,0.9989840984344481,0.00025040284787702927
198,не,не,0.7312444908527931,0.7314907312393181,0.00024624038652498736
1432,по,по,0.004722070781760001,0.004967403598129001,0.0002453328163690002
3176,тебе,ты,0.164283996660904,0.16452886164188302,0.0002448649809790038
380,не,не,0.9986954088344031,0.9989399909973141,0.0002445821629110112
365,касается,касаться,0.9505567274905531,0.9508010745048521,0.00024434701429898453
688,ну,ну,0.9930900714707831,0.9933323264122,0.0002422549414169417
380,не,не,0.998666992824434,0.998908698558807,0.0002417057343729878
213,не,не,0.991892446518238,0.9921326041221611,0.0002401576039230413
1158,ни,ни,0.189114044656833,0.189353674650192,0.00023962999335899737
103,что,что,0.9808169932928441,0.981056213378906,0.0002392200860619198
688,ну,ну,0.9939143158026861,0.9941530823707581,0.0002387665680719797
2421,в,в,0.9983343259091051,0.9985720515251161,0.0002377256160109864
1900,не,не,0.9809210196391961,0.981158673763275,0.00023765412407894537
2456,в,в,0.9894869324038941,0.989722907543182,0.00023597513928796943
14,что,что,0.963879654016846,0.9641150236129761,0.0002353695961300195
3534,только,только,0.8324497727925011,0.832684695720672,0.00023492292817095528
3518,думая,думать,0.893909822551717,0.894144535064697,0.0002347125129800176
1809,вариант,вариант,0.662743996375862,0.66297847032547,0.00023447394960796064
2719,пороге,порог,0.6173732245910091,0.6176072955131531,0.00023407092214400294
3186,на,на,0.9484188237745651,0.9486526846885681,0.00023386091400301456
3678,чтобы,чтобы,0.79476711975013,0.7950003147125241,0.00023319496239404547
1580,до,до,0.9991777749060281,0.9994090199470521,0.00023124504102400856
1019,если,если,0.8984503418165861,0.898680984973907,0.0002306431573209089
2410,в,в,0.8575018630634481,0.857731640338897,0.000229777275448928
48,в,в,0.8676944570704581,0.867922246456146,0.0002277893856879043
1816,не,не,0.9948268719772111,0.9950536489486691,0.00022677697145800924
5,знает,знать,0.9990400954253661,0.99926620721817,0.00022611179280396243
3937,путь,путь,0.272396915417338,0.272622942924499,0.0002260275071609974
2565,как,как,0.9955165838057681,0.9957423210144041,0.00022573720863594549
2787,от,от,0.9691137609885611,0.9693394899368281,0.00022572894826700107
3916,считанные,считать,0.862766595504268,0.862991511821746,0.00022491631747800778
2623,глаза,глаз,0.9987756717401131,0.999000430107116,0.00022475836700297513
3730,на,на,0.999322039888721,0.999546706676483,0.00022466678776200677
1756,тут,тут,0.9050166117199521,0.9052399992942811,0.0002233875743290481
1387,на,на,0.8867377182914361,0.8869588971138,0.00022117882236394326
4071,в,в,0.9977714722038241,0.9979922771453851,0.0002208049415609592
848,и,и,0.9981167088821951,0.998337388038635,0.0002206791564399735
307,слишком,слишком,0.9113754866857631,0.9115957617759701,0.00022027509020705605
3115,руки,рука,0.82833956116114,0.8285590410232541,0.0002194798621140137
173,до,до,0.9980006931442961,0.9982196688652031,0.0002189757209070109
3403,знает,знать,0.9869958488140981,0.9872140288352961,0.00021818002119800006
1362,ходу,ход,0.23038355920771203,0.23060064017772602,0.00021708097001399418
725,всяких,всякий,0.9992064579286721,0.9994228482246391,0.0002163902959669839
198,не,не,0.9480797811162791,0.9482959508895871,0.0002161697733079615
3864,лес,лес,0.546733629438363,0.546949207782745,0.00021557834438201695
218,нельзя,нельзя,0.11627875971779901,0.116494111716747,0.00021535199894799628
2305,не,не,0.34975368054920103,0.34996896982192904,0.00021528927272801424
688,ну,ну,0.9889882229757001,0.9892033934593201,0.00021517048361996416
781,в,в,0.9781014654880861,0.9783165454864501,0.00021507999836400948
1830,на,на,0.9965102100798441,0.9967247843742371,0.00021457429439297737
792,В,в,0.8528102113735371,0.853023409843444,0.00021319846990697222
2787,от,от,0.9789816628633581,0.979194819927215,0.0002131570638569391
3941,в,в,0.9973860345733571,0.997599184513092,0.0002131499397349801
3473,от,от,0.9994909971294361,0.9997033476829521,0.0002123505535159831
3097,здоров,здоровый,0.9932575160660231,0.993465662002563,0.00020814593653994962
2620,что,что,0.9997048057657151,0.9999120235443111,0.00020721777859600277
2432,открытую,открытый,0.14583427777805702,0.14604079723358102,0.00020651945552399575
2378,без,без,0.997449838224127,0.9976560473442071,0.00020620912008006975
198,не,не,0.977028109039715,0.977232992649078,0.00020488360936299355
307,слишком,слишком,0.8460583893486041,0.846263110637664,0.00020472128905990594
307,слишком,слишком,0.821661136875204,0.821865439414978,0.00020430253977399282
57,взял,взять,0.060164875456491004,0.060367614030838006,0.00020273857434700143
2041,и,и,0.7736646244619451,0.773867070674896,0.00020244621295095744
1077,из,из,0.976055332467282,0.9762576222419731,0.0002022897746910557
1268,у,у,0.999045092653538,0.99924635887146,0.000201266217921936
3534,срок,срок,0.18686523917962,0.187066286802291,0.00020104762267100784
3137,не,не,0.9437233774015781,0.94392329454422,0.0001999171426418922
725,и,и,0.013719794510638001,0.013919439166784,0.0001996446561459992
2010,потом,потом,0.11872598365140401,0.11892470717430101,0.00019872352289700135
2150,вдруг,вдруг,0.065769905852395,0.065968587994575,0.00019868214217999558
2623,глаза,глаз,0.9991833685568771,0.9993818998336791,0.00019853127680202753
1875,Наряду,наряду,0.071916480081518,0.072115004062652,0.0001985239811339995
322,как,как,0.7852203572697071,0.7854176759719841,0.0001973187022770162
1830,имя,имя,0.054007993856208004,0.05420530959963701,0.00019731574342900238
3020,в,в,0.088363462848733,0.08856043964624401,0.00019697679751100317
1809,вариант,вариант,0.05789910322451101,0.058096028864383004,0.00019692563987199624
1991,условиям,условие,0.847367605421487,0.8475644588470451,0.0001968534255580856
451,как,как,0.9698633449608981,0.9700599908828731,0.00019664592197499164
2623,глаза,глаз,0.9996473840907131,0.999843955039978,0.00019657094926495144
73,время,время,0.9996629897405461,0.9998569488525391,0.00019395911199293625
246,не,не,0.9980671880394881,0.9982607960700981,0.00019360803060997078
2010,раз,раз,0.9819986985406021,0.982190608978271,0.00019191043766897398
3044,свет,свет,0.9993918067017731,0.999582827091217,0.00019102038944396327
365,касается,касаться,0.9617042907283021,0.9618945717811581,0.0001902810528560117
2579,пять,пять,0.754410433382477,0.7546002268791191,0.00018979349664205447
8,оно,оно,0.903571132218384,0.903760910034179,0.0001897778157949892
4076,ни,ни,0.7634612785093651,0.7636502981185911,0.00018901960922601546
365,Что,что,0.98817794607436,0.98836600780487,0.00018806173051000297
213,ни,ни,0.9875861369908381,0.9877735972404481,0.0001874602496100275
8,оно,оно,0.945300820572008,0.9454868435859681,0.00018602301396009047
38,бросила,бросить,0.20822537850730402,0.208411157131195,0.00018577862389099198
550,в,в,0.6875269205390631,0.687712550163269,0.00018562962420598517
246,не,не,0.9980035426421221,0.9981882572174071,0.00018471457528501656
2339,что,что,0.961423335540255,0.961607933044433,0.0001845975041779857
48,ничего,ничего,0.998238334659823,0.9984221458435051,0.00018381118368204774
801,в,в,0.997722460269532,0.9979058504104611,0.0001833901409290517
3297,от,от,0.940578853871852,0.94076007604599,0.0001812221741379627
2270,друг,друг,0.9996160551438711,0.9997969269752501,0.00018087183137904805
892,урок,урок,0.9751268825546361,0.9753070473670961,0.00018016481245997085
2305,не,не,0.977290363738304,0.9774703383445741,0.00017997460627006134
2383,и,и,0.9508573435630561,0.9510371685028071,0.00017982493975099434
3450,Проще,простой,0.7869281848632971,0.7871076464653011,0.00017946160200399408
3937,на,на,0.46292457968093204,0.463103860616683,0.00017928093575098059
1559,от,от,0.9933685496503231,0.9935474395751951,0.0001788899248720277
1900,не,не,0.9914805981689221,0.99165940284729,0.00017880467836794978
3685,Одна,один,0.045494538532727,0.045673061162233006,0.00017852262950600328
3379,как,как,0.9092562375276301,0.90943443775177,0.00017820022413994607
103,что,что,0.971766709628414,0.971944689750671,0.00017798012225700433
2444,в,в,0.9967015466386191,0.9968795180320741,0.0001779713934549898
2305,не,не,0.9151678614901191,0.9153455495834351,0.00017768809331597524
4076,ни,ни,0.9352758618961211,0.9354532361030571,0.00017737420693597628
763,конце,конец,0.99949671337024,0.9996739625930781,0.00017724922283801625
1809,как,как,0.985088869830063,0.985264837741851,0.00017596791178797755
1559,в,в,0.999360493763161,0.9995363950729371,0.000175901309776072
79,без,без,0.944827555237535,0.9450029134750361,0.0001753582375010332
3114,и,и,0.8734789603528421,0.873653292655944,0.0001743323031019317
2191,посмотрим,посмотреть,0.9411854463967481,0.9413594007492061,0.00017395435245803892
79,и,и,0.553301978290476,0.553475379943847,0.0001734016533709859
781,миг,миг,0.5062398512963351,0.5064122676849361,0.0001724163886009933
1854,с,с,0.885718591596778,0.885890960693359,0.0001723690965810265
1110,знать,знать,0.000492351693728,0.000664617458824,0.00017226576509600001
3781,на,на,0.9840682354141481,0.9842399954795831,0.00017176006543495603
226,Нечего,нечего,0.263158667352186,0.263330072164535,0.0001714048123490075
222,Нет,нет,0.46164523306561406,0.461815267801284,0.00017003473566995497
79,и,и,0.8625463193724251,0.8627163171768181,0.00016999780439297396
3963,дать,дать,0.681949429345101,0.6821181178092951,0.00016868846419404449
2854,по,по,0.9962123398692491,0.996378898620605,0.00016655875135596077
1868,всему,весь,0.999781179641505,0.9999469518661491,0.00016577222464408958
3161,сто,сто,0.6398422671672841,0.6400071382522581,0.00016487108497398317
1580,до,до,0.9995391109971881,0.9997029304504391,0.0001638194532510573
1527,черт,черта,0.035632386811046,0.035795580595731,0.0001631937846849965
823,в,в,0.9986693706958951,0.9988324046134941,0.0001630339175989759
2383,без,без,0.9932971512554901,0.993460178375244,0.00016302711975391126
763,в,в,0.9995124334337401,0.9996754527091981,0.00016301927545803174
753,в,в,0.9993191827290671,0.9994806647300721,0.00016148200100507548
223,чтобы,чтобы,0.148607869286554,0.148769035935401,0.00016116664884699428
3652,не,не,0.9964533913917861,0.996614456176757,0.00016106478497091015
3518,про,про,0.6952835046547821,0.6954441070556641,0.00016060240088200395
213,не,не,0.995890764440931,0.996051251888275,0.00016048744734398213
1662,тому,тот,0.9916415217891361,0.9918019175529481,0.0001603957638119935
365,Что,что,0.9985206586547251,0.9986805915832521,0.0001599329285270068
1642,без,без,0.9995046924485991,0.9996640682220451,0.0001593757734460466
1268,с,с,0.9978347317759331,0.9979937672615051,0.0001590354855720566
1049,и,и,0.9783426178464371,0.978500723838806,0.00015810599236898426
821,в,в,0.9983073561650131,0.998465120792388,0.00015776462737493446
2462,в,в,0.989956937522893,0.9901146292686461,0.00015769174575308575
1766,не,не,0.998291317591202,0.998448491096496,0.00015717350529398377
3450,говоря,говорить,0.9862265132288561,0.9863833189010621,0.00015680567220599517
507,в,в,0.9696977544053911,0.9698541164398191,0.00015636203442803698
4076,ни,ни,0.9092427360755181,0.909397721290588,0.00015498521506995822
2152,дай,дать,0.999791308097398,0.9999458193778991,0.00015451128050103513
3781,на,на,0.9996191522073841,0.9997733235359191,0.00015417132853501325
79,без,без,0.872239027178859,0.8723927140235901,0.0001536868447310491
166,к,к,0.331937218394574,0.332090318202972,0.00015309980839800508
1049,без,без,0.9281032172278051,0.9282562732696531,0.0001530560418480098
2339,что,что,0.9945749325862041,0.994727611541748,0.00015267895554393895
3728,от,от,0.9926271887080811,0.9927791357040401,0.00015194699595899586
3730,на,на,0.9920177215834661,0.992169618606567,0.000151897023100922
1830,на,на,0.9991354079594741,0.9992872476577751,0.00015183969830101507
1767,не,не,0.9981779931559991,0.9983296394348141,0.0001516462788150319
550,пришелся,прийтись,0.000119234650626,0.000270863791229,0.000151629140603
1809,вариант,вариант,0.387734117423217,0.387883782386779,0.00014966496356200176
763,конце,конец,0.99960533464483,0.999754905700683,0.0001495710558530039
3380,руки,рука,0.9051329139748471,0.9052823781967161,0.0001494642218690112
3618,в,в,0.5195602077061541,0.519709169864654,0.00014896215849991012
803,в,в,0.99555462723115,0.9957035779953001,0.0001489507641501131
2378,без,без,0.991665553466141,0.9918137192726131,0.0001481658064720337
1415,в,в,0.9588670377709141,0.9590150117874141,0.00014797401650001873
2776,от,от,0.9836899648131271,0.9838374257087701,0.00014746089564299236
554,что,что,0.9992919217219601,0.999438822269439,0.0001469005474789009
3781,слове,слово,0.995630368405346,0.995776712894439,0.0001463444890930088
2421,в,в,0.998823478791179,0.998969674110412,0.000146195319232989
823,в,в,0.9993956167593371,0.9995416998863221,0.00014608312698505266
2226,что,что,0.144539537315688,0.144683808088302,0.00014427077261400245
198,не,не,0.9986309700374331,0.9987747073173521,0.00014373727991900953
796,в,в,0.9928974158086951,0.9930403232574461,0.00014290744875100625
4076,ни,ни,0.9931017107819861,0.9932445287704461,0.00014281798846005334
803,в,в,0.9615951521697481,0.9617378711700441,0.0001427190002959433
2650,на,на,0.996011729727836,0.9961544275283811,0.00014269780054509962
2401,в,в,0.9976347732914551,0.997777104377746,0.0001423310862909144
322,и,и,0.9118758908448,0.912016987800598,0.00014109695579800352
1384,на,на,0.9771657071715321,0.97730541229248,0.00013970512094796383
3955,ну,ну,0.9983579701568961,0.9984973669052121,0.0001393967483159786
554,на,на,0.9996034288071791,0.9997427463531491,0.0001393175459699636
2401,в,в,0.998444358434264,0.9985828399658201,0.00013848153155604503
166,к,к,0.9992335952761681,0.999371945858001,0.00013835058183298
1720,стояла,стоять,0.17106673552869,0.17120465636253301,0.00013792083384300824
79,без,без,0.7825225396720481,0.7826603055000301,0.00013776582798197268
763,конце,конец,0.999751748690279,0.9998890161514281,0.00013726746114905986
1830,на,на,0.999135645939317,0.999272525310516,0.00013687937119899463
3615,командованием,командование,0.664809006612165,0.6649448871612541,0.00013588054908908465
1362,по,по,0.9985312370656941,0.998667001724243,0.00013576465854892028
801,в,в,0.998836323329886,0.9989717006683351,0.00013537733844903865
73,времени,время,0.999517078071056,0.999652326107025,0.00013524803596898227
2623,куда,куда,0.9994702762487291,0.9996045827865601,0.0001343065378309749
2053,как,как,0.9987705583083891,0.9989038109779351,0.00013325266954600234
2667,на,на,0.8271173862212051,0.827249944210052,0.00013255798884692638
2240,на,на,0.9991842016428791,0.999316334724426,0.0001321330815469146
1900,не,не,0.997847076056365,0.9979788661003111,0.000131790043946034
1977,за,за,0.999361446246347,0.9994927048683161,0.0001312586219690548
1767,не,не,0.9747657624151381,0.974896967411041,0.00013120499590291157
1580,до,до,0.9987893473743551,0.9989203810691831,0.00013103369482803107
451,как,как,0.984770156598828,0.9848998188972471,0.0001296622984190421
1387,на,на,0.9992550205052281,0.9993843436241151,0.00012932311888702586
3762,с,с,0.9974785407940601,0.997607290744781,0.0001287499507209855
1875,с,с,0.998803380279434,0.9989317059516901,0.00012832567225606883
2473,в,в,0.9979883451045821,0.9981165528297421,0.00012820772515997891
1816,не,не,0.998421898399601,0.9985500574111931,0.0001281590115920217
166,к,к,0.999445150342066,0.9995732903480531,0.000128140005987043
1377,под,под,0.9924310727027561,0.992558658123016,0.0001275854202599236
670,так,так,0.7899298545182191,0.790057241916656,0.00012738739843698443
3133,как,как,0.9535314414935461,0.9536585807800291,0.00012713928648300232
255,Оно,оно,0.11550311773101501,0.11563020199537201,0.00012708426435699416
1662,тому,тот,0.9986403618181741,0.998767375946044,0.00012701412786997324
801,применении,применение,0.62812946828319,0.628256022930145,0.00012655464695499052
1377,под,под,0.996666968045217,0.9967932701110841,0.0001263020658670566
2968,свет,свет,0.006914108887164001,0.007040383759886,0.0001262748727219997
166,к,к,0.999551497482513,0.999677598476409,0.0001261009938959834
823,в,в,0.9988145592345391,0.9989406466484071,0.00012608741386799238
351,хоть,хоть,0.9991280297982501,0.9992541074752801,0.00012607767702998984
2135,нет,нет,0.967557677487015,0.967683732509613,0.00012605502259799284
554,что,что,0.9996869352222081,0.999812960624694,0.00012602540248596306
3772,не,не,0.9941926667845761,0.9943182468414301,0.0001255800568540355
1991,условиям,условие,0.576400015356828,0.5765252113342281,0.00012519597740001664
2807,гроб,гроб,0.9849890468962351,0.9851141571998591,0.00012511030362394315
14,что,что,0.9607676070199691,0.960892498493194,0.00012489147322491956
3941,верх,верх,0.9369923874532831,0.9371172785758971,0.0001248911226140459
3403,сколько,сколько,0.9622928528611481,0.9624174237251281,0.00012457086397998918
781,в,в,0.9829260035948891,0.9830500483512871,0.0001240447563979341
796,вещей,вещь,0.9963109000046481,0.9964346885681151,0.00012378856346706435
2704,на,на,0.9966191302068941,0.9967426657676691,0.00012353556077504546
2704,на,на,0.9977162896940821,0.9978396892547601,0.00012339956067797253
3685,один,один,0.021851752192540003,0.021974669769406003,0.00012291757686599958
2041,и,и,0.9588062111233631,0.9589285254478451,0.00012231432448206458
3480,было,быть,0.9470951123152891,0.947217345237731,0.00012223292244195605
3573,верной,верный,0.6375185984920351,0.6376407742500301,0.00012217575799500224
3615,под,под,0.992663249622533,0.9927853345870971,0.00012208496456400653
3937,на,на,0.998238453426693,0.9983604550361631,0.00012200160947006822
550,пришлось,прийтись,0.00044323592519700006,0.000565059890504,0.00012182396530699993
1767,не,не,0.9993171589489421,0.999438464641571,0.00012130569262891466
3097,здоров,здоровый,0.998269933653061,0.9983912110328671,0.00012127737980605069
1559,в,в,0.9994375295147331,0.9995586872100831,0.00012115769535003817
2152,не,не,0.998852736249568,0.9989736676216121,0.00012093137204405302
2410,в,в,0.998382209581755,0.9985029697418211,0.00012076016006601353
2383,и,и,0.8816877194185421,0.8818084001541131,0.00012068073557103265
3772,руками,рука,0.9980137540097591,0.99813437461853,0.00012062060877093828
2191,посмотрим,посмотреть,0.283905481505877,0.28402590751647905,0.00012042601060202607
1756,тут,тут,0.854110249796805,0.854230642318725,0.0001203925219199764
2968,чуть,чуть,0.9368222376822991,0.936941742897033,0.00011950521473391706
451,как,как,0.9730076071787641,0.9731263518333431,0.00011874465457895056
796,в,в,0.993393488213902,0.9935118556022641,0.00011836738836201732
2135,спора,спор,0.00017740362511700002,0.000295421399641,0.000118017774524
8,что,что,0.958420280987137,0.9585372805595391,0.0001169995724020767
1129,сомневаться,сомневаться,0.9927426636901581,0.9928596019744871,0.00011693828432901565
1556,до,до,0.9987958880623811,0.9989126920700071,0.00011680400762603682
246,не,не,0.9963694775985341,0.9964862465858461,0.00011676898731194374
781,в,в,0.8263706184353301,0.826487064361572,0.00011644592624193706
821,в,в,0.9987259665912521,0.9988417029380791,0.00011573634682693346
3518,о,о,0.999057942833461,0.9991729855537411,0.00011504272028006746
1175,за,за,0.9982655382200231,0.9983805418014521,0.00011500358142901845
3955,ну,ну,0.9995489963478811,0.9996639490127561,0.00011495266487504541
801,к,к,0.9992462122591801,0.999360918998718,0.00011470673953795085
3941,над,над,0.9896714945944621,0.9897860288619991,0.00011453426753693652
1642,без,без,0.999075790851162,0.9991900324821471,0.00011424163098505691
3573,от,от,0.9984840520474991,0.998597800731658,0.00011374868415892081
3394,за,за,0.9995666237248101,0.999680042266845,0.00011341854203494872
3772,не,не,0.9983173359941431,0.9984307289123531,0.00011339291820999797
3809,чтобы,чтобы,0.739503811338274,0.7396168112754821,0.00011299993720803592
2462,свою,свой,0.8682424724652491,0.8683553934097291,0.00011292094448001055
2658,месте,место,0.7998343190789271,0.7999470829963681,0.00011276391744097225
2183,на,на,0.9745245587085161,0.974636018276214,0.00011145956769798016
1559,в,в,0.9864776047777011,0.9865886569023131,0.00011105212461204328
2240,на,на,0.9978546727912511,0.997965574264526,0.00011090147327497135
3380,руки,рука,0.8662001591302001,0.8663107156753541,0.00011055654515401692
3941,верх,верх,0.9907510621677381,0.990860760211944,0.00010969804420590812
79,без,без,0.30569437263328203,0.305803954601287,0.00010958196800497921
2475,в,в,0.991439584880723,0.9915490746498101,0.00010948976908708996
73,времени,время,0.9993906160326771,0.999499917030334,0.0001093009976569359
3291,от,от,0.988499684446391,0.9886084198951721,0.00010873544878109431
1432,по,по,0.461524947911975,0.46163368225097606,0.00010873433900104867
725,всяких,всякий,0.9993206112787891,0.9994290471076961,0.00010843582890696091
185,на,на,0.999262400534863,0.9993705153465271,0.00010811481166406178
1767,не,не,0.99921502747651,0.9993229508399961,0.00010792336348608433
1830,на,на,0.999079836507424,0.9991875886917111,0.00010775218428704658
3450,сказать,сказать,0.029503784033031003,0.029611522331833003,0.00010773829880200009
1158,ни,ни,0.439336982546198,0.43944340944290106,0.00010642689670303795
2497,всю,весь,0.9987679420711341,0.9988743066787721,0.00010636460763802091
1335,силу,сила,0.9880643455571191,0.9881706833839411,0.00010633782682201165
139,когда,когда,0.986701433436547,0.9868076443672181,0.00010621093067109122
870,власти,власть,0.999838855006085,0.9999449849128721,0.0001061299067870447
3781,на,на,0.9993994268896,0.999505162239074,0.00010573534947400098
380,больше,большой,0.968820849532207,0.96892637014389,0.00010552061168300764
1049,и,и,0.9952403244373511,0.9953458309173581,0.00010550648000695606
3176,вот,вот,0.892328119889197,0.8924335837364191,0.00010546384722209812
2473,в,в,0.9933107948924601,0.993415832519531,0.00010503762707092523
1977,за,за,0.9983892203019521,0.9984941482543941,0.00010492795244199105
79,без,без,0.9961359186994111,0.9962405562400811,0.00010463754067002728
73,время,время,0.9998516064617191,0.9999560713768001,0.00010446491508098177
1559,в,в,0.9992213356854721,0.9993254542350761,0.00010411854960401534
2704,на,на,0.8184543566209851,0.818558096885681,0.00010374026469595066
2339,что,что,0.972098799512431,0.9722023606300351,0.00010356111760401188
448,и,и,0.9889746981194991,0.9890778660774231,0.00010316795792397748
2186,рано,рано,0.443020943442029,0.44312372803688005,0.0001027845948510242
3379,как,как,0.9874768570040381,0.9875791668891901,0.00010230988515202988
1049,без,без,0.9852137049311431,0.9853157997131341,0.000102094781990969
294,с,с,0.9434997316323671,0.9436016678810121,0.00010193624864496265
3358,с,с,0.9988043316502581,0.998906195163726,0.00010186351346797018
8,оно,оно,0.879182302546162,0.8792839050292961,0.00010160248313406672
2658,на,на,0.9769386744574641,0.9770399332046501,0.00010125874718602823
14,что,что,0.9775578855049211,0.9776589870452881,0.00010110154036702124
2807,по,по,0.9986274035438971,0.998728454113006,0.00010105056910891808
2579,как,как,0.991536733453904,0.9916377663612361,0.00010103290733209924
2435,в,в,0.9952550843396761,0.9953559637069701,0.00010087936729397118
1991,условиям,условие,0.33153037176924305,0.3316310942173,0.00010072244805697794
2968,чуть,чуть,0.8046357825257691,0.804736375808715,0.00010059328294598213
3380,средней,средний,0.9978880282019951,0.9979885816574091,0.00010055345541404304
2729,руку,рука,0.9701197480858491,0.9702200889587401,0.00010034087289101379
2047,каждый,каждый,6.130992935348148e-05,0.00016154085460500002,0.00010023092525151854
3618,под,под,0.5657448228706711,0.565844595432281,9.977256160997872e-05
79,без,без,0.146099880949007,0.14619962871074602,9.974776173901634e-05
2559,как,как,0.90361444104563,0.9037139415740961,9.950052846607882e-05
1432,по,по,0.9540426556898741,0.9541417956352231,9.913994534893611e-05
554,на,на,0.9996217728272231,0.9997205138206481,9.874099342499498e-05
1766,не,не,0.9991293387947381,0.999228000640869,9.866184613094298e-05
3291,от,от,0.9989756121174941,0.9990740418434141,9.842972592000176e-05
3124,ум,ум,0.034024502158756,0.034122809767723,9.830760896700069e-05
246,не,не,0.9949497035113151,0.9950478672981261,9.81637868110452e-05
3161,сто,сто,0.8780826384213851,0.8781804442405701,9.780581918494846e-05
3652,не,не,0.9815303610724201,0.981627702713012,9.734164059194139e-05
1002,не,не,0.9957583625869321,0.9958556890487671,9.732646183502336e-05
3955,его,он,0.340798075908162,0.340894639492034,9.656358387200026e-05
2053,как,как,0.9996566759503591,0.9997531771659851,9.650121562598812e-05
1268,с,с,0.99747213600143,0.997568607330322,9.64713288920116e-05
2364,без,без,0.999082811268548,0.9991791844367981,9.637316825006348e-05
2226,что,что,0.9942779823159541,0.9943742156028741,9.623328691998889e-05
1175,выдавать,выдавать,0.9112707391098901,0.9113666415214531,9.590241156298696e-05
1034,у,у,0.9798823293249991,0.9799780845642091,9.575523921001583e-05
3618,под,под,0.9929950859359301,0.993090748786926,9.566285099593674e-05
783,в,в,0.996244402430384,0.996339857578277,9.54551478929977e-05
1077,среды,среда,0.013410797688227002,0.013506124727427002,9.53270392000001e-05
3955,его,он,0.382282522337547,0.38237753510475103,9.501276720402796e-05
2968,свет,свет,0.010847766404298001,0.010942065156996,9.429875269799902e-05
14,что,что,0.9305814138713371,0.9306755065917961,9.409272045901584e-05
2462,в,в,0.994847164953892,0.994941234588623,9.406963473101992e-05
1158,не,не,0.998245818394718,0.998339653015136,9.38346204180096e-05
823,в,в,0.9992993022567981,0.9993930459022521,9.374364545400304e-05
1268,с,с,0.9994291943050101,0.9995228648185731,9.367051356301559e-05
1766,не,не,0.9993406116546811,0.9994340538978571,9.344224317597849e-05
2650,на,на,0.99747972686268,0.9975731372833251,9.34104206450348e-05
1049,и,и,0.9986360819407081,0.9987291693687431,9.308742803504355e-05
173,куда,куда,0.809715646306142,0.809808373451232,9.272714509001023e-05
479,до,до,0.9974139032321401,0.9975063800811761,9.247684903601616e-05
2240,на,на,0.9746382381973501,0.974730193614959,9.195541760897985e-05
1105,как,как,0.9504484893161511,0.9505398869514461,9.139763529497635e-05
3534,срок,срок,0.074988198012711,0.07507949322462,9.129521190899548e-05
2186,рано,рано,0.982697782639345,0.9827889204025261,9.113776318103728e-05
3772,не,не,0.9948925906646181,0.9949836730957031,9.108243108502112e-05
3854,батарея,батарея,0.140034368086241,0.140125378966331,9.101088009000335e-05
1549,в,в,0.9941921954944241,0.9942827820777891,9.058658336502656e-05
2501,славу,слава,0.180907704928948,0.180998161435127,9.045650617900414e-05
173,до,до,0.9389081242623001,0.9389982223510741,9.009808877402659e-05
1387,на,на,0.999265495426613,0.999355375766754,8.988034014101309e-05
1158,не,не,0.994292595527243,0.9943823814392091,8.978591196606711e-05
763,в,в,0.999548400832246,0.9996377229690551,8.932213680901135e-05
294,с,с,0.057458720149082,0.057547606527805,8.88863787230007e-05
260,уж,уж,0.990436393698164,0.9905251860618591,8.879236369507826e-05
3781,слове,слово,0.9921625082477521,0.9922510385513301,8.853030357802716e-05
2010,раз,раз,0.46365840259359603,0.46374654769897405,8.814510537802356e-05
1804,за,за,0.9992753753665791,0.999363422393798,8.804702721898483e-05
2421,у,у,0.996009601333076,0.9960975050926201,8.790375954403906e-05
48,не,не,0.9977669623455451,0.997854709625244,8.774727969895757e-05
753,в,в,0.9993647798283031,0.999452471733093,8.769190478996602e-05
3772,руками,рука,0.998039876485846,0.9981272220611571,8.7345575311093e-05
974,до,до,0.9913316760612231,0.9914186000823971,8.692402117405074e-05
2462,свою,свой,0.9997123115509311,0.9997981786727901,8.58671218589846e-05
2325,сразу,сразу,0.9808611471445711,0.9809467792510981,8.563210652701159e-05
1175,выдает,выдавать,0.012690066841900001,0.012775433249771002,8.536640787100078e-05
139,раз,раз,0.9992227639789951,0.999308049678802,8.528569980692513e-05
4076,не,не,0.9893519105253181,0.989437162876129,8.525235081091598e-05
3652,себя,себя,0.9996440486059891,0.9997287988662721,8.475026028298416e-05
1899,помимо,помимо,0.06885931992864801,0.068943902850151,8.458292150299862e-05
3020,в,в,0.038254046415322006,0.038338586688041,8.454027271899422e-05
173,куда,куда,0.8857203667612331,0.885804831981658,8.44652204249341e-05
79,без,без,0.6738877027305921,0.673971772193908,8.40694633159611e-05
974,до,до,0.9980175534691801,0.998101592063903,8.403859472294606e-05
2047,по,по,0.795305350957039,0.7953893542289731,8.400327193403001e-05
3115,в,в,0.9977522467312481,0.9978361129760741,8.386624482603633e-05
2280,нет,нет,0.05485802515258,0.054941587150096005,8.356199751600318e-05
448,и,и,0.931214146526612,0.9312971830368041,8.303651019203606e-05
763,конце,конец,0.9997667618366811,0.999849438667297,8.267683061591313e-05
1713,за,за,0.9996388071400111,0.999721407890319,8.260075030797065e-05
801,к,к,0.9967878853464921,0.9968701004981991,8.221515170703242e-05
1875,с,с,0.9987206158817571,0.9988026618957521,8.204601399497413e-05
2462,в,в,0.9986916040040711,0.9987732172012321,8.161319716104565e-05
1809,как,как,0.99174879377464,0.9918301701545711,8.137637993110847e-05
1377,под,под,0.9805718703365081,0.9806532263755791,8.135603907100109e-05
2896,с,с,0.9980199282838941,0.9981010556221,8.11273382059774e-05
1377,руководством,руководство,0.45130759807275705,0.45138865709304804,8.105902029098555e-05
479,не,не,0.991151529510616,0.991232216358184,8.068684756801225e-05
2419,в,в,0.9977142724122491,0.9977946281433101,8.035573106102145e-05
365,касается,касаться,0.9795086416570651,0.9795889258384701,8.028418140504368e-05
2456,в,в,0.9973480881251361,0.9974282979965211,8.020987138501745e-05
1463,с,с,0.954128817729562,0.954208850860595,8.003313103299714e-05
3822,в,в,0.9983602276976181,0.998440086841583,7.9859143964911e-05
2704,случай,случай,0.43800305377806104,0.43808284401893605,7.979024087501063e-05
8,что,что,0.995054151477432,0.9951339364051811,7.978492774907142e-05
3781,на,на,0.951673293067798,0.9517530202865601,7.972721876203792e-05
1077,среды,среда,0.045261390676489,0.045341070741415,7.968006492600072e-05
1158,не,не,0.9936274106992561,0.993707060813903,7.965011464694527e-05
137,счастье,счастие,0.8254212098254741,0.8255003094673151,7.909964184105167e-05
1384,на,на,0.9975492368486791,0.9976283311843871,7.90943357079632e-05
2787,до,до,0.9909941602514251,0.9910730123519891,7.88521005640197e-05
2533,для,для,0.887192944984693,0.8872717022895811,7.875730488804411e-05
725,и,и,0.057068091759347,0.057146560400724,7.846864137699833e-05
1556,от,от,0.9949670508990791,0.9950453042984001,7.825339932099329e-05
1991,по,по,0.6889431842792451,0.6890212297439571,7.804546471201768e-05
2565,как,как,0.999548877221453,0.9996268153190611,7.793809760803239e-05
2529,для,для,0.985364382122039,0.985442042350769,7.766022873001432e-05
554,ни,ни,0.989236407076801,0.9893132448196411,7.68377428400635e-05
1350,время,время,0.9913604966387001,0.991437077522277,7.658088357698212e-05
2191,мы,мы,0.9590847615650251,0.959161341190338,7.657962531293361e-05
185,на,на,0.9992443077460291,0.9993208646774291,7.655693139996256e-05
2650,на,на,0.9950075308578901,0.9950839877128601,7.645685497004173e-05
1804,за,за,0.9979529646261721,0.998029053211212,7.60885850399351e-05
3678,чтобы,чтобы,0.5445776096544841,0.5446536540985101,7.604444402597998e-05
139,всякий,всякий,0.190060237251358,0.190136224031448,7.598678008999271e-05
2053,раз,раз,0.9577731229187201,0.957849025726318,7.590280759794954e-05
2339,не,не,0.9981479439224191,0.998223781585693,7.583766327390329e-05
803,в,в,0.992801057149551,0.9928768873214721,7.583017192103192e-05
2444,в,в,0.998124190775692,0.9981997609138481,7.557013815606695e-05
2896,с,с,0.9874617452749491,0.987537086009979,7.534073502990513e-05
1129,не,не,0.9991127978065941,0.9991878867149351,7.508890834095894e-05
3864,лесом,лес,0.098049105992631,0.09812390804290701,7.48020502760044e-05
781,в,в,0.993813991915188,0.9938886165618891,7.462464670104918e-05
1019,понимаю,понимать,0.13777516020299502,0.13784961402416201,7.445382116699761e-05
137,к,к,0.9992768037955121,0.9993510246276851,7.42208321730109e-05
753,в,в,0.9995535222317561,0.9996277093887321,7.418715697604661e-05
1049,без,без,0.9924410530577791,0.9925150871276851,7.403406990602601e-05
2501,славу,слава,0.936457247662491,0.93653118610382,7.393844132896898e-05
48,не,не,0.998190227105162,0.9982640743255611,7.384722039904812e-05
3730,на,на,0.758112552628834,0.758186221122741,7.366849390699759e-05
8,оно,оно,0.513435256164947,0.5135086774826051,7.342131765808446e-05
1268,с,с,0.995180226718508,0.9952535629272461,7.333620873806179e-05
479,не,не,0.9982902484008491,0.9983633160591121,7.30676582629819e-05
801,к,к,0.9992266917530881,0.9992994666099541,7.277485686596474e-05
8,оно,оно,0.8508837056642921,0.8509558439254761,7.213826118401823e-05
139,когда,когда,0.9249299749780601,0.9250020980834961,7.212310543602829e-05
796,в,в,0.9983848237625521,0.998456835746765,7.201198421291632e-05
2226,благо,благо,0.0058674131815310004,0.005938986781984,7.157360045299994e-05
48,в,в,0.9695419692839141,0.9696133732795711,7.14039956569712e-05
198,не,не,0.9920349670360771,0.992106139659881,7.117262380396117e-05
166,к,к,0.9996715671023951,0.9997425675392151,7.100043681995682e-05
3394,за,за,0.9981472312698271,0.998218178749084,7.094747925695533e-05
1527,как,как,0.9962299681309991,0.996300876140594,7.090800959497212e-05
3955,его,он,0.22252423029474303,0.222594946622848,7.071632810498607e-05
2559,как,как,0.461664164599473,0.461734801530838,7.063693136499793e-05
223,Нет,нет,0.17010880705731501,0.170179143548011,7.033649069598802e-05
1816,не,не,0.9992371660866941,0.9993071556091301,6.998952243597589e-05
2419,в,в,0.998703850642736,0.9987738132476801,6.99626049440738e-05
1049,без,без,0.9909798779316181,0.9910497665405271,6.988860890899673e-05
2533,для,для,0.9898403576890431,0.9899101257324211,6.976804337799347e-05
783,в,в,0.996689941252427,0.9967596530914301,6.971183900306155e-05
2497,всю,весь,0.9987037317042311,0.9987733364105221,6.960470629102655e-05
554,есть,есть,0.996629431598098,0.9966990351676941,6.960356959606617e-05
3918,как,как,0.976012972944264,0.9760823249816891,6.935203742508556e-05
4046,на,на,0.983991127223488,0.98406046628952,6.933906603201478e-05
1549,в,в,0.997849331280176,0.997918665409088,6.933412891196866e-05
519,по,по,0.282169427028568,0.282238632440567,6.92054119990071e-05
48,жизни,жизнь,0.9975894525546051,0.9976586103439331,6.915778932803374e-05
2650,и,и,0.9987914879880461,0.9988605380058281,6.905001778201303e-05
1559,от,от,0.9759858329097421,0.9760547876358031,6.895472606105457e-05
1559,от,от,0.9897988960300531,0.989867508411407,6.861238135391634e-05
307,слишком,слишком,0.79612179220378,0.7961903810501091,6.858884632909845e-05
3573,от,от,0.9980681381281281,0.9981366395950311,6.850146690295933e-05
380,больше,большой,0.6965857360338721,0.696654200553894,6.846452002196024e-05
2497,глотку,глотка,0.33132405471977905,0.33139210939407304,6.805467429399359e-05
57,и,и,0.980584135074904,0.9806519746780391,6.783960313505588e-05
3044,на,на,0.9996397601502951,0.999707520008087,6.775985779194915e-05
2842,по,по,0.997945366678279,0.998012900352478,6.753367419898293e-05
3385,с,с,0.9995631696432451,0.9996306300163261,6.74603730810297e-05
1158,ни,ни,0.197863479368892,0.197930678725242,6.719935634999508e-05
3948,точка,точка,0.0012436580283270002,0.001310582505539,6.692447721199984e-05
380,не,не,0.9990993512368471,0.9991659522056581,6.660096881094812e-05
1415,в,в,0.9966230375946051,0.996689617633819,6.658003921389266e-05
2435,в,в,0.9994572963848021,0.9995237588882441,6.646250344199967e-05
2421,в,в,0.99905020888646,0.999116659164428,6.645027796803316e-05
1875,с,с,0.9985534641599431,0.99861991405487,6.644989492698983e-05
3762,с,с,0.999475515958381,0.9995418190956111,6.630313723010595e-05
1362,по,по,0.9991993167724961,0.9992652535438531,6.593677135702247e-05
670,ничего,ничего,0.168136940743133,0.16820210218429502,6.516144116200384e-05
803,в,в,0.9975592013182921,0.997624278068542,6.5076750249915e-05
1729,перед,перед,0.973812631363653,0.9738774895668031,6.48582031500533e-05
213,не,не,0.9973529497524831,0.9974165558815,6.36061290169021e-05
3615,под,под,0.9970584864785,0.997121751308441,6.326482994101212e-05
1131,только,только,0.979449742011894,0.9795129299163811,6.31879044870054e-05
139,раз,раз,0.9894852985298631,0.989548325538635,6.302700877192091e-05
2191,мы,мы,0.9996733540741671,0.9997360706329341,6.271655876699533e-05
519,по,по,0.06502539518141201,0.06508783996105101,6.244477963900097e-05
1002,как,как,0.9772152245993251,0.977277517318725,6.229271939994785e-05
1642,без,без,0.999548400832246,0.999610662460327,6.226162808098401e-05
2049,ли,ли,0.9686840259111491,0.968746244907379,6.221899622993465e-05
3938,на,на,0.9951755045114451,0.9952377080917351,6.220358028996564e-05
2898,с,с,0.9966110787949711,0.9966732263565061,6.214756153499756e-05
3161,сто,сто,0.6981860817473611,0.6982482075691221,6.212582176101655e-05
3097,здоров,здоровый,0.9995866339118111,0.9996487498283381,6.211591652693915e-05
2659,на,на,0.99847359351244,0.9985355734825131,6.197997007306721e-05
2650,на,на,0.986336560581997,0.9863984584808351,6.189789883803698e-05
3762,головой,голова,0.99547736208529,0.9955387115478511,6.134946256108886e-05
1350,время,время,0.8122191966594661,0.812280118465423,6.0921805956959396e-05
801,к,к,0.998340623037502,0.9984014630317681,6.08399942660931e-05
1556,от,от,0.665301102146274,0.6653617024421691,6.060029589505245e-05
1488,остальных,остальной,0.035324087116131005,0.035384587943553,6.050082742199703e-05
3918,как,как,0.33038579386420003,0.33044612407684304,6.033021264301164e-05
763,в,в,0.9996264184963011,0.9996865391731261,6.01206768250373e-05
3941,в,в,0.9986795955030601,0.998739600181579,6.0004678518965626e-05
3809,чтобы,чтобы,0.653171468204732,0.653231441974639,5.997376990696246e-05
2776,греха,грех,0.033478972917206,0.033538941293954,5.996837674800137e-05
1559,от,от,0.9738797848630331,0.973939538002014,5.975313898098911e-05
222,нет,нет,0.067203218279181,0.06726291030645301,5.969202727200418e-05
1720,на,на,0.9966566660339751,0.9967159628868101,5.929685283501129e-05
2896,с,с,0.9988603481990441,0.998919546604156,5.919840511192653e-05
2497,глотку,глотка,0.8864068630978431,0.8864659667015071,5.910360366401246e-05
823,в,в,0.9993245399028491,0.9993835687637321,5.902886088304804e-05
1019,правильно,правильно,0.9687239634338121,0.968782603740692,5.8640306879964577e-05
3358,с,с,0.9990123737481871,0.9990710020065301,5.862825834301866e-05
1019,понимаю,понимать,0.17162452799914601,0.17168290913105003,5.838113190401173e-05
365,то,то,0.992800822296598,0.9928590059280391,5.818363144105554e-05
2364,без,без,0.999035693170325,0.9990937709808351,5.8077810510037686e-05
14,разве,разве,0.086378677201654,0.08643664419651001,5.7966994856009646e-05
213,не,не,0.996102917092984,0.9961608648300171,5.794773703304834e-05
783,в,в,0.999268947403483,0.9993268847465511,5.793734306802634e-05
306,ни,ни,0.6667945984229441,0.6668520569801331,5.745855718897186e-05
1002,как,как,0.996377406657252,0.9964346885681151,5.728191086307177e-05
485,стоит,стоить,0.047934672556246005,0.04799167439341501,5.700183716900176e-05
48,не,не,0.9348427887643701,0.934899687767028,5.689900265792858e-05
1556,до,до,0.9993481120297201,0.9994049072265621,5.679519684198553e-05
448,так,так,0.83323836320373,0.833295106887817,5.674368408703501e-05
2280,нет,нет,0.036839165710662,0.036895878612995,5.6712902333000415e-05
37,больно,больно,0.140908967427942,0.14096516370773302,5.619627979100428e-05
479,не,не,0.9980202845065891,0.998076438903808,5.615439721895488e-05
796,вещей,вещь,0.9945004127813861,0.9945562481880181,5.583540663200992e-05
3114,в,в,0.991694979464329,0.991750717163085,5.5737698755997656e-05
2501,славу,слава,0.10760929122651401,0.107664935290813,5.564406429899027e-05
2226,что,что,0.132188394166306,0.132243826985359,5.543281905298625e-05
2419,в,в,0.9992994213243981,0.9993546009063721,5.5179581973985314e-05
1158,не,не,0.995146344104856,0.9952014088630671,5.506475821104306e-05
1175,за,за,0.998730603911505,0.9987855553627011,5.495145119605027e-05
2658,на,на,0.9087946395825851,0.9088495373725891,5.4897790004004854e-05
3358,с,с,0.9969200872950461,0.996974945068359,5.4857773312932956e-05
554,ни,ни,0.9924349472646711,0.9924895167350761,5.4569470405052556e-05
2623,куда,куда,0.9994475319279721,0.9995020031929011,5.447126492896803e-05
801,применении,применение,0.9285247212257021,0.9285790920257561,5.437080005399331e-05
1019,правильно,правильно,0.974921192006803,0.9749755263328551,5.433432605206345e-05
974,до,до,0.9978756829502761,0.9979299902915951,5.430734131905979e-05
3369,сквозь,сквозь,0.316630473401455,0.316684693098068,5.4219696613011514e-05
2152,дай,дать,0.9996403557494541,0.9996942877769471,5.3932027493042156e-05
4076,ни,ни,0.9463824293086851,0.9464362263679501,5.379705926500389e-05
801,в,в,0.9903082433868631,0.9903619289398191,5.368555295603983e-05
1432,теме,тема,0.017976933941118,0.018030436709523,5.350276840499976e-05
166,черту,черта,0.9245378142065891,0.924590587615966,5.2773409376927205e-05
1875,с,с,0.9990187983163131,0.9990715384483331,5.2740132019946095e-05
3714,на,на,0.833713456227374,0.8337661623954771,5.270616810304496e-05
2704,первый,первый,0.010150533285574,0.010203228332102,5.2695046528000375e-05
848,и,и,0.9986344176134551,0.998687028884887,5.26112714319682e-05
3573,верной,верный,0.9560648920764181,0.9561170935630791,5.220148666096325e-05
801,к,к,0.99822016012526,0.9982722401618951,5.208003663503824e-05
3369,сквозь,сквозь,0.292732913365979,0.29278489947319003,5.1986107211021704e-05
3607,сразу,сразу,0.7846832100553761,0.7847351431846611,5.193312928497562e-05
307,чтобы,чтобы,0.90753477167296,0.907586693763732,5.1922090771983065e-05
153,так,так,0.9933196161537081,0.993371427059173,5.181090546491074e-05
380,не,не,0.9991425481936381,0.9991940259933471,5.147779970893218e-05
103,вид,вид,0.9994983806472381,0.999549686908721,5.1306261482975124e-05
1756,тут,тут,0.650619118792913,0.650670409202575,5.129040966200815e-05
1019,понимаю,понимать,0.32996712052714505,0.330018371343612,5.125081646695229e-05
1175,за,за,0.9997236300680681,0.9997748732566831,5.124318861504662e-05
2401,в,в,0.9990032128118571,0.9990540742874141,5.086147555699583e-05
2325,сразу,сразу,0.9782489485578291,0.9782995581626891,5.060960486003019e-05
73,от,от,0.9994636076358351,0.9995141029357911,5.049529995604374e-05
3385,с,с,0.9998535132381371,0.9999039173126221,5.0404074484977635e-05
2047,по,по,0.916784755188016,0.9168351292610161,5.037407300001462e-05
294,с,с,0.9252866460368251,0.9253370165824891,5.037054566403576e-05
1129,не,не,0.9960803254702251,0.9961306452751161,5.031980489100807e-05
1432,теме,тема,0.034618911892308,0.034669127315282,5.021542297400233e-05
223,Нет,нет,0.024957632302136,0.025007840245962,5.020794382600002e-05
507,в,в,0.9940818026262601,0.9941319823265071,5.017970024701057e-05
2456,в,в,0.9654732510943961,0.9655231833457941,4.99322513980438e-05
3186,на,на,0.992399020340981,0.9924489259719841,4.990563100304435e-05
3772,руками,рука,0.996740391436403,0.9967902898788451,4.989844244207564e-05
3480,мало,мало,0.24398882626348403,0.244038477540016,4.965127653197565e-05
781,миг,миг,0.146856348623378,0.146905928850173,4.9580226794992965e-05
2719,на,на,0.9994740869545111,0.9995232820510861,4.919509657497212e-05
2484,и,и,0.9157884968789981,0.915837585926055,4.908904705691608e-05
3678,чтобы,чтобы,0.748571533170983,0.748620390892028,4.8857721045014735e-05
1767,не,не,0.9997330424830991,0.9997816681861871,4.862570308794556e-05
73,от,от,0.9998255080468931,0.9998739361763,4.8428129406974385e-05
1129,что,что,0.9789706945996961,0.9790186285972591,4.793399756297667e-05
2420,в,в,0.948432871625123,0.9484807848930351,4.791326791209194e-05
294,с,с,0.9983451379293751,0.998392820358276,4.7682428900963636e-05
823,в,в,0.9995841326019831,0.9996315240859981,4.739148401500248e-05
260,уж,уж,0.9900138357239291,0.990061104297637,4.726857370795923e-05
380,больше,большой,0.821716504774836,0.8217636942863461,4.718951151005957e-05
554,есть,есть,0.9986849458765241,0.9987320899963371,4.7144119812991825e-05
3403,сколько,сколько,0.999204434609478,0.9992515444755551,4.710986607703305e-05
507,в,в,0.9940475232199381,0.9940944910049431,4.6967785005014306e-05
2529,для,для,0.8898800268219931,0.8899269104003901,4.688357839699453e-05
3114,и,и,0.9957804662859561,0.9958273172378541,4.6850951898047555e-05
3478,уж,уж,0.9817510291804981,0.9817977547645561,4.6725584058049385e-05
670,так,так,0.40100910247418003,0.40105566382408103,4.6561349900997584e-05
554,на,на,0.9998603062350641,0.9999067187309261,4.641249586201379e-05
792,в,в,0.999222644920529,0.999269008636474,4.63637159450192e-05
1854,с,с,0.046473969676266005,0.04652023687958701,4.626720332100154e-05
1129,не,не,0.9981929590799061,0.9982392191886901,4.6260108783946485e-05
3772,не,не,0.996318946671753,0.9963651299476621,4.6183275909106314e-05
1387,на,на,0.9982868031751571,0.9983327388763421,4.5935701185051414e-05
2807,гроб,гроб,0.9364263045125921,0.936472237110137,4.593259754492873e-05
2658,на,на,0.999208481251962,0.9992543458938591,4.586464189704209e-05
1622,прежде,прежде,0.999244426807076,0.9992902874946591,4.586068758305473e-05
1175,за,за,0.9996379732967621,0.9996837973594661,4.582406270403627e-05
322,и,и,0.7085532415689361,0.7085990309715271,4.578940259103437e-05
1077,из,из,0.9977434648571161,0.9977886676788331,4.52028217170497e-05
3394,за,за,0.9997151709402141,0.9997599720954891,4.480115527494277e-05
1377,под,под,0.9967196660239521,0.996764421463012,4.4755439059906976e-05
2240,на,на,0.999261805393554,0.9993065595626831,4.475416912907981e-05
307,чтобы,чтобы,0.9129653755586631,0.913010120391845,4.4744833181953325e-05
58,зависимости,зависимость,0.9996177227945001,0.9996622204780571,4.4497683556965484e-05
3165,для,для,0.9359726425614091,0.9360170364379881,4.4393876578951996e-05
1667,недавно,недавно,0.17566129263125502,0.175705626606941,4.433397568598396e-05
223,чтобы,чтобы,0.5288421780532641,0.528886437416076,4.42593628119381e-05
322,как,как,0.797091755296303,0.7971360087394711,4.425344316805191e-05
67,как,как,0.24334734166218802,0.24339154362678503,4.420196459700709e-05
1350,время,время,0.755094411883342,0.7551385760307311,4.4164147389058606e-05
1105,говорится,говориться,0.19790093933215502,0.197945073246955,4.413391479998752e-05
1541,примерно,примерно,0.386293556652929,0.38633760809898304,4.405144605401645e-05
448,так,так,0.7146866421058431,0.7147305011749261,4.385906908299653e-05
1527,черт,черта,0.0043384774947460005,0.004382334183901,4.385668915499966e-05
2719,на,на,0.973911105760443,0.9739549160003661,4.381023992305888e-05
2436,в,в,0.9313712033473571,0.931414902210235,4.369886287791669e-05
3186,виды,вид,0.44828075377292004,0.44832444190979004,4.3688136870001504e-05
2432,в,в,0.9974574289156891,0.9975007176399231,4.328872423398078e-05
3450,говоря,говорить,0.997992619417669,0.9980356693267821,4.304990911307982e-05
796,порядке,порядок,0.988316024672193,0.9883589744567871,4.294978459407073e-05
3918,как,как,0.7254644082091221,0.725507199764251,4.2791555128984804e-05
2183,на,на,0.9981886829791471,0.998231410980224,4.272800107696373e-05
67,уже,уже,0.9645079207155971,0.9645505547523491,4.263403675197619e-05
2325,сразу,сразу,0.7432764170108951,0.743319034576416,4.2617565520930434e-05
3730,и,и,0.63095386547663,0.6309964656829831,4.260020635304951e-05
3124,ум,ум,0.774455676276089,0.7744982242584221,4.2547982333052126e-05
507,в,в,0.9990286734329391,0.9990708827972411,4.2209364301992736e-05
3394,за,за,0.9988051640714031,0.998847305774688,4.214170328498135e-05
1622,чем,чем,0.998593285453621,0.9986354112625121,4.2125808891069205e-05
801,применении,применение,0.931526648717776,0.9315687417984001,4.209308062408379e-05
3114,в,в,0.999029863205609,0.9990718364715571,4.1973265948014316e-05
3809,чтобы,чтобы,0.8968960745238861,0.8969379663467401,4.189182285396775e-05
3133,как,как,0.95281553731719,0.9528572559356691,4.171861847901415e-05
2623,глядят,глядеть,0.9997080225114381,0.999749600887298,4.157837585994084e-05
3938,на,на,0.9978521801135021,0.997893512248992,4.133213548995762e-05
554,на,на,0.9998747267275161,0.999916017055511,4.129032799493615e-05
1809,вариант,вариант,0.007311193206371001,0.007352431770414,4.123856404299967e-05
2401,у,у,0.9989144677262021,0.99895566701889,4.119929268797673e-05
3963,дать,дать,0.8316932705169571,0.8317341804504391,4.09099334820473e-05
1488,остальных,остальной,0.13161961990130902,0.131660312414169,4.069251285998554e-05
2436,в,в,0.9980578069939021,0.998098492622375,4.068562847292512e-05
3607,сразу,сразу,0.5082625990810701,0.508303225040435,4.062595936493718e-05
792,плане,план,0.618898279232519,0.6189388632774351,4.058404491602552e-05
1158,не,не,0.9780545957230711,0.9780950546264641,4.045890339299252e-05
1129,сомневаться,сомневаться,0.381120892735723,0.381161332130432,4.043939470899094e-05
4076,ни,ни,0.9278360014306251,0.9278764128684991,4.0411437874032785e-05
322,и,и,0.9989534850587001,0.9989938139915461,4.032893284600103e-05
1129,не,не,0.9996749027662231,0.9997152090072631,4.030624104001124e-05
322,как,как,0.7862237473842131,0.7862639427185051,4.0195334292003615e-05
3573,верной,верный,0.5736391943582161,0.573679387569427,4.019321121095931e-05
1129,не,не,0.9996654914513611,0.9997056722640991,4.01808127380443e-05
2565,нельзя,нельзя,0.29297805905690905,0.293018221855163,4.0162798253973175e-05
3114,в,в,0.999441697116575,0.9994817376136781,4.004049710304436e-05
479,не,не,0.9992852554623951,0.999325275421142,4.001995874691744e-05
3918,как,как,0.8006072230265451,0.800647139549255,3.99165227099596e-05
3762,с,с,0.9993119209419841,0.9993517994880671,3.987854608300534e-05
554,есть,есть,0.9983427616434811,0.9983826279640191,3.9866320537984556e-05
479,до,до,0.9946732869543401,0.9947130680084221,3.978105408197763e-05
792,плане,план,0.405540398952326,0.40558007359504705,3.9674642721032605e-05
2951,хоть,хоть,0.9894705928634691,0.9895099997520441,3.940688857506647e-05
294,с,с,0.9956223328629451,0.9956617355346681,3.9402671722976734e-05
2968,чуть,чуть,0.09755125767900101,0.09759048372507001,3.9226046068999154e-05
4076,не,не,0.9934431345274711,0.993482172489166,3.903796169490992e-05
2183,на,на,0.9982980894278741,0.998337090015411,3.900058753691926e-05
1667,недавно,недавно,0.149767077079365,0.14980600774288103,3.893066351601249e-05
1720,на,на,0.9988960307486041,0.9989348649978631,3.883424925898993e-05
2842,по,по,0.9674816846012441,0.967520475387573,3.879078632895716e-05
554,есть,есть,0.9982891792116401,0.9983278512954711,3.867208383101506e-05
2807,гроб,гроб,0.00044140939626700004,0.00047999364323900005,3.8584246972000016e-05
3762,с,с,0.9994472937574911,0.999485671520233,3.837776274195903e-05
1720,стояла,стоять,0.0008014122037530001,0.0008397223427890001,3.8310139036e-05
2280,нет,нет,0.013786324985804002,0.013824544847011,3.821986120699887e-05
198,не,не,0.99898108456023,0.9990192651748651,3.8180614635008325e-05
380,больше,большой,0.749034680906222,0.749072730541229,3.804963500697589e-05
1527,черт,черта,0.000436348999924,0.000474388652946,3.803965302199999e-05
792,плане,план,0.667071433474503,0.6671094298362731,3.799636177004295e-05
3714,на,на,0.9928527594378951,0.9928907155990601,3.795616116497591e-05
1415,теме,тема,0.0038912788220370003,0.003929120022803,3.784120076600001e-05
2436,в,в,0.9967747381766451,0.9968123435974121,3.760542076702844e-05
763,конце,конец,0.9998904586656581,0.9999279975891111,3.7538923453039885e-05
2704,первый,первый,0.0026332823378540002,0.0026706452481440003,3.736291029000005e-05
1350,время,время,0.485632105190313,0.48566922545433006,3.7120264017032056e-05
3854,батарея,батарея,0.041602877905574,0.041639875620603006,3.6997715029005174e-05
479,до,до,0.9992921597972491,0.9993291497230531,3.698992580403182e-05
2325,сразу,сразу,0.834447238078301,0.8344841599464411,3.6921868140082914e-05
2183,на,на,0.998342642864201,0.9983794689178461,3.682605364507818e-05
801,в,в,0.9985235112645681,0.9985603094100951,3.6798145527039416e-05
2135,нет,нет,0.9933691375811331,0.9934058785438531,3.6740962719994386e-05
185,основе,основа,0.7700666020739061,0.7701030969619751,3.649488806900525e-05
1830,на,на,0.995351447577912,0.995387911796569,3.646421865699523e-05
1129,сомневаться,сомневаться,0.44821858154035304,0.44825482368469205,3.6242144339004856e-05
91,ни,ни,0.6311702977608681,0.6312064528465271,3.6155085659017594e-05
1129,можно,можно,0.046008069029479,0.046044141054153005,3.6072024674004e-05
2565,как,как,0.9996566759503591,0.9996927380561821,3.6062105822964874e-05
527,на,на,0.9990166568665481,0.999052703380584,3.604651403599224e-05
2378,без,без,0.9995903263662441,0.9996263384819031,3.601211565895657e-05
3822,в,в,0.9972512195213061,0.9972872138023371,3.599428103095992e-05
2507,и,и,0.9946256402190351,0.994661509990692,3.586977165692673e-05
2988,от,от,0.9995788917701731,0.9996147155761711,3.582380599798096e-05
1077,из,из,0.998685302569108,0.9987210035324091,3.5700963301077415e-05
2191,мы,мы,0.9983407418165411,0.998376429080963,3.568726442193526e-05
173,до,до,0.9951989994509911,0.9952346086502071,3.5609199215969056e-05
3652,на,на,0.9969883340308241,0.99702388048172,3.5546450895873605e-05
3473,и,и,0.9991736094515951,0.9992090463638301,3.5436912235065066e-05
3124,за,за,0.999436457816916,0.99947166442871,3.5206611794014187e-05
1268,с,с,0.9997550849126201,0.9997901916503901,3.51067377699632e-05
2787,до,до,0.9971235523283051,0.9971585869789121,3.503465060705757e-05
2383,и,и,0.9461679803442231,0.9462028741836541,3.489383943100499e-05
554,ни,ни,0.9953133016087171,0.9953480958938591,3.479428514197025e-05
3762,головой,голова,0.999099946223246,0.9991346597671501,3.471354390405246e-05
226,нечего,нечего,0.010190504307239001,0.010225160978734,3.465667149499946e-05
103,вид,вид,0.9954715732239111,0.9955061674118041,3.459418789297786e-05
1720,на,на,0.9948409118656121,0.9948754906654351,3.4578799823048456e-05
2053,как,как,0.16988516012562802,0.169919729232788,3.45691071599874e-05
73,от,от,0.9994461029641121,0.999480485916137,3.4382952024958335e-05
848,вдоль,вдоль,0.999886406453068,0.9999207854270931,3.4378974025028874e-05
365,то,то,0.9961231435598,0.9961574673652641,3.432380546408709e-05
4076,не,не,0.9954990988927651,0.9955334067344661,3.4307841700997876e-05
3772,руками,рука,0.9989952418072691,0.9990294575691221,3.4215761853029214e-05
1900,уже,уже,0.8384748503000671,0.838508903980255,3.405368018793986e-05
2339,не,не,0.997507126439065,0.997540950775146,3.3824336081011985e-05
1549,в,в,0.8673577566206451,0.867391467094421,3.371047377598302e-05
783,в,в,0.9995098133623531,0.9995434880256651,3.3674663311944464e-05
792,в,в,0.99743608060577,0.9974697232246391,3.36426188690675e-05
1350,время,время,0.6411876094226661,0.641221106052398,3.3496629731954997e-05
3762,с,с,0.9991141067831261,0.999147474765777,3.3367982650966965e-05
3772,не,не,0.9991789650307471,0.9992123246192931,3.3359588546000296e-05
2432,в,в,0.9982818135750571,0.998315155506134,3.334193107695782e-05
3186,на,на,0.9975213604602401,0.997554659843444,3.32993832039552e-05
2659,на,на,0.9994687281645631,0.9995020031929011,3.327502833794238e-05
2640,воздухе,воздух,0.011705062024372001,0.011738293804228,3.323177985599911e-05
479,не,не,0.9993776382503621,0.99941074848175,3.3110231387967204e-05
1729,лицом,лицо,0.997428016091439,0.9974610805511471,3.306445970807648e-05
3176,тебе,ты,0.22097659011202,0.221009522676467,3.293256444700243e-05
554,ни,ни,0.996983950043943,0.997016847133636,3.2897089693006976e-05
3781,на,на,0.999440625472465,0.9994734525680541,3.2827095589049726e-05
1463,с,с,0.999406332769546,0.9994391202926631,3.278752311708377e-05
3652,не,не,0.9991862249211021,0.9992189407348631,3.2715813760963997e-05
781,миг,миг,0.230749283313314,0.230781942605972,3.2659292657999384e-05
48,не,не,0.9996338040036671,0.999666213989257,3.2409985589954005e-05
103,что,что,0.9432222043653791,0.9432545900344841,3.238566910501728e-05
153,и,и,0.9989392101346181,0.9989715814590451,3.237132442701629e-05
1019,правильно,правильно,0.966190840726846,0.9662231802940361,3.233956719006503e-05
1556,до,до,0.999753416800058,0.999785602092742,3.218529268400605e-05
185,основе,основа,0.8773034520068991,0.877335488796234,3.2036789334943805e-05
4046,на,на,0.9947402827612831,0.994772315025329,3.203226404591142e-05
725,и,и,0.8858940663194421,0.8859258294105531,3.176309111097009e-05
1622,чем,чем,0.9990032128118571,0.9990347027778621,3.1489966004993875e-05
1019,правильно,правильно,0.9899320538857471,0.9899635314941401,3.147760839294911e-05
801,применении,применение,0.9662734203452601,0.96630448102951,3.106068424996167e-05
2215,на,на,0.9954356624537231,0.9954667091369621,3.104668323905546e-05
2640,на,на,0.9964989642253331,0.9965299963951111,3.1032169777955865e-05
3478,уж,уж,0.9855134844123021,0.985544502735137,3.101832283491923e-05
2988,от,от,0.9977686238332271,0.9977996349334711,3.101110024406051e-05
479,до,до,0.988882713004213,0.9889135956764221,3.0882672209076034e-05
2640,на,на,0.8488433664330991,0.8488741517066951,3.078527359601235e-05
2659,на,на,0.99927204231551,0.999302685260772,3.064294526200495e-05
1019,правильно,правильно,0.984618389180772,0.984648942947387,3.0553766614982436e-05
1900,не,не,0.9991033971048251,0.9991339445114131,3.05474065880329e-05
4076,не,не,0.992571399349745,0.9926019310951231,3.053174537803738e-05
3297,от,от,0.9997803455340081,0.9998108744621271,3.052892811905572e-05
554,есть,есть,0.997956051454249,0.9979863762855531,3.0324831304051614e-05
2719,на,на,0.9979597319602731,0.997990012168884,3.0280208610955484e-05
3652,на,на,0.991482824460524,0.9915128946304321,3.0070169908080757e-05
1175,за,за,0.9992866839636181,0.999316751956939,3.0067993320948005e-05
3678,чтобы,чтобы,0.5637814591621191,0.563811361789703,2.9902627583955343e-05
139,раз,раз,0.99226836723662,0.9922981262207031,2.975898408308364e-05
1882,тем,тем,0.23794030309713202,0.23797002434730502,2.9721250173003755e-05
57,и,и,0.996547263829448,0.9965767860412591,2.952221181107273e-05
519,по,по,0.9361553322584991,0.9361848235130311,2.949125453199919e-05
2842,росту,рост,0.376663995985476,0.376693397760391,2.9401774915005507e-05
2842,по,по,0.998602201057961,0.998631477355957,2.9276297995983747e-05
554,на,на,0.999931101776193,0.999960362911224,2.926113503098904e-05
801,в,в,0.9993726377300041,0.9994018673896791,2.9229659675000796e-05
3664,здорово,здорово,0.09777019828048901,0.097799390554428,2.9192273938993818e-05
1729,перед,перед,0.9928675662279741,0.992896676063537,2.910983556292379e-05
763,в,в,0.999094353504653,0.9991234540939331,2.9100589280073308e-05
1049,и,и,0.9982999902780981,0.998328924179077,2.8933900978911353e-05
3652,не,не,0.982135630156675,0.9821645617485041,2.8931591829040038e-05
4071,в,в,0.999649647485583,0.9996784329414361,2.8785455853053143e-05
2053,раз,раз,0.9889983676603081,0.9890271425247191,2.8774864410996415e-05
3941,над,над,0.939688114567199,0.9397167563438411,2.8641776642079897e-05
2420,уме,ум,0.9976841323751121,0.997712731361389,2.8598986276939797e-05
527,носу,нос,0.43126146284642203,0.43128997087478604,2.8508028364016003e-05
3165,для,для,0.9024899532942111,0.9025184512138361,2.8497919625003476e-05
131,здоров,здоровый,0.00021902935036400003,0.000247209012741,2.8179662376999986e-05
783,в,в,0.9955592353388321,0.9955874085426331,2.8173203800996305e-05
4076,ни,ни,0.987010016722865,0.9870381355285641,2.8118805699084426e-05
3115,в,в,0.9975646583371521,0.9975926876068111,2.802926965894681e-05
3822,в,в,0.9980572132671601,0.998085021972656,2.7808705495901975e-05
801,в,в,0.9994764686093711,0.9995041489601131,2.7680350741965398e-05
1549,в,в,0.502257928950239,0.502285420894622,2.749194438300684e-05
2420,в,в,0.9986197951134281,0.9986472129821771,2.7417868748935703e-05
2421,в,в,0.9991595661687731,0.9991869330406181,2.736687184501374e-05
1432,по,по,0.6653509107357151,0.6653782129287721,2.730219305702164e-05
1549,в,в,0.6649467598314011,0.664973974227905,2.7214396503993932e-05
139,раз,раз,0.999005830246893,0.9990330338478081,2.7203600915015613e-05
3628,только,только,0.23602205775155602,0.236049056053161,2.699830160499128e-05
1882,с,с,0.9975422379494611,0.99756920337677,2.6965427308955903e-05
848,и,и,0.9983836354554401,0.9984105825424191,2.6947086979034474e-05
3772,руками,рука,0.9950214574601611,0.9950483441352841,2.688667512296128e-05
1131,только,только,0.9853366039739261,0.9853633642196651,2.6760245738999267e-05
2658,месте,место,0.9319694899195811,0.93199622631073,2.6736391148918237e-05
2665,на,на,0.9982890603225201,0.9983156919479371,2.6631625417050664e-05
1362,ходу,ход,0.9803127777495151,0.9803394079208371,2.6630171321984086e-05
2667,на,на,0.9159112878026241,0.9159377813339231,2.64935312990211e-05
1002,не,не,0.9461281761752601,0.946154654026031,2.6477850770922906e-05
3573,от,от,0.999299659401474,0.9993260502815241,2.6390880050075616e-05
2559,как,как,0.8142544427423221,0.814280807971954,2.6365229631952758e-05
1384,на,на,0.9986403618181741,0.9986666440963741,2.628227820000717e-05
3941,над,над,0.9855765891464491,0.985602855682373,2.626653592396888e-05
1377,руководством,руководство,0.626044340582677,0.62607055902481,2.621844213301916e-05
3473,от,от,0.99966751666427,0.999693632125854,2.6115461584041988e-05
198,не,не,0.991870279937167,0.9918963909149171,2.6110977750071207e-05
3618,углом,угол,0.9998804473745551,0.9999065399169921,2.6092542437017308e-05
3313,по,по,0.513245796572653,0.513271868228912,2.607165625900798e-05
307,чтобы,чтобы,0.9546975998734011,0.9547236561775201,2.605630411900428e-05
139,раз,раз,0.9787929565683651,0.9788187146186821,2.575805031701517e-05
2339,не,не,0.9994850427418461,0.999510705471038,2.5662729191910927e-05
3176,и,и,0.9633183527783621,0.9633439183235161,2.5565545153982683e-05
796,вещей,вещь,0.998954555773449,0.9989800453186031,2.5489545154022686e-05
3403,сколько,сколько,0.999054611263616,0.9990800023078911,2.539104427501382e-05
448,так,так,0.9848611464618211,0.9848865270614621,2.5380599640967283e-05
3480,мало,мало,0.07210485474207701,0.07213013619184401,2.5281449767003417e-05
3385,по,по,0.993961423030946,0.993986666202545,2.5243171599020897e-05
1002,как,как,0.996444514228434,0.9964694976806641,2.498345223000964e-05
554,ни,ни,0.9955448209337501,0.9955697655677791,2.4944634029022694e-05
73,от,от,0.999396212096687,0.9994209408760071,2.4728779320026817e-05
1463,с,с,0.9994565818665491,0.9994812607765191,2.467890997004396e-05
848,вдоль,вдоль,0.9999278835778521,0.9999524950981141,2.4611520262007858e-05
2665,на,на,0.9995482817349801,0.9995728731155391,2.459138055899146e-05
2183,на,на,0.9980953324024611,0.9981197714805601,2.4439078099014466e-05
2339,не,не,0.9982200413605671,0.9982444047927851,2.436343221801085e-05
796,порядке,порядок,0.993799039120389,0.99382334947586,2.4310355471013345e-05
322,и,и,0.966275533341532,0.966299772262573,2.423892104097547e-05
2565,нельзя,нельзя,0.601245758790469,0.6012697219848631,2.3963194394016618e-05
479,не,не,0.9982196849503651,0.9982435703277581,2.3885377393062512e-05
4076,не,не,0.998576167907071,0.9985999464988701,2.3778591799028526e-05
218,ли,ли,0.9704226485003611,0.9704464077949521,2.375929459097481e-05
2226,что,что,0.006709995045695001,0.006733722519129,2.3727473433999766e-05
1729,перед,перед,0.984493704695605,0.9845173358917231,2.363119611803466e-05
260,уж,уж,0.9911206141373181,0.9911442399024961,2.3625765178003633e-05
1105,говорится,говориться,0.8862156445810331,0.8862391114234921,2.3466842459018977e-05
2579,пять,пять,0.868488778818659,0.8685122132301331,2.3434411474010375e-05
3380,средней,средний,0.9843249286682291,0.9843483567237851,2.3428055555996252e-05
3133,как,как,0.9777155741606931,0.9777389764785761,2.34023178830034e-05
2565,нельзя,нельзя,0.981690826257652,0.9817141890525811,2.3362794929093766e-05
3652,на,на,0.9986328721027731,0.998656153678894,2.328157612097037e-05
103,вид,вид,0.99968705436509,0.999710261821746,2.320745665607138e-05
1158,не,не,0.993655069532636,0.9936782717704771,2.3202237841024598e-05
2667,на,на,0.927439118997589,0.9274622797966001,2.3160799011101574e-05
91,ни,ни,0.7504606663724651,0.7504838109016411,2.3144529175955775e-05
2226,что,что,0.018990835441461,0.019013894721865002,2.3059280404000987e-05
2186,уже,уже,0.570439784779311,0.5704628229141231,2.3038134812081168e-05
1002,не,не,0.9162668362948561,0.916289865970611,2.3029675754959733e-05
892,урок,урок,0.041680863859902,0.041703853756189006,2.2989896287003986e-05
153,так,так,0.996949114677078,0.99697208404541,2.296936833201535e-05
892,вот,вот,0.27997410113407,0.279997050762176,2.294962810600598e-05
848,вдоль,вдоль,0.9999538681349781,0.999976515769958,2.2647634979944264e-05
3822,в,в,0.99823073209886,0.9982532262802121,2.249418135202852e-05
58,от,от,0.9963009602985081,0.996322810649871,2.1850351362928677e-05
763,в,в,0.9995848472696071,0.9996066689491271,2.182167952002878e-05
48,в,в,0.9997144560921261,0.9997362494468681,2.1793354742061233e-05
3124,за,за,0.9994907589485971,0.9995124340057371,2.167505714001372e-05
3137,не,не,0.9991241027609191,0.9991456866264341,2.15838655149847e-05
2280,нет,нет,0.002742799802989,0.002764094853773,2.1295050784000003e-05
322,и,и,0.307543743928458,0.30756500363349903,2.125970504102126e-05
2010,потом,потом,0.10034127798372301,0.10036252439022,2.1246406496991388e-05
91,ни,ни,0.63272428647663,0.632745325565338,2.1039088707985876e-05
3918,Ну,ну,0.0038259207729350003,0.0038469517603510004,2.10309874160001e-05
848,и,и,0.9994131196742241,0.9994341135025021,2.0993828278026427e-05
2807,по,по,0.998326009023296,0.9983468651771541,2.0856153858050952e-05
801,в,в,0.998981560446458,0.9990023374557491,2.077700929103976e-05
139,всякий,всякий,0.17259595041661202,0.17261658608913402,2.063567252200138e-05
8,то,то,0.8623005418846831,0.862320899963378,2.0358078694937554e-05
803,в,в,0.999530178620982,0.9995502829551691,2.010433418708768e-05
1362,ходу,ход,0.7727073831393311,0.7727273106575011,1.9927518170037573e-05
2435,в,в,0.999505168816974,0.99952495098114,1.978216416598233e-05
2650,и,и,0.9981598208820611,0.998179495334625,1.9674452563900324e-05
3124,за,за,0.999802270897385,0.999821841716766,1.9570819380976268e-05
2383,без,без,0.99732152746888,0.997341096401214,1.9568932334013134e-05
3809,чтобы,чтобы,0.85164457942402,0.851664125919342,1.9546495321987045e-05
218,ли,ли,0.9505627615436881,0.9505820870399471,1.9325496258937314e-05
1580,смешного,смешной,0.40755303810758203,0.40757229924201904,1.926113443700972e-05
763,концов,конец,0.942395476599963,0.9424144625663751,1.8985966412032873e-05
185,на,на,0.998945633767065,0.998964607715606,1.8973948541001207e-05
322,как,как,0.987202369445876,0.9872213006019591,1.8931156083090706e-05
2484,и,и,0.950833632240451,0.9508525133132931,1.888107284209184e-05
2776,греха,грех,0.353117228224928,0.35313597321510304,1.874499017501252e-05
1362,ходу,ход,0.372552731573255,0.37257140874862604,1.8677175371017984e-05
3176,тебе,ты,0.08006271445966401,0.08008124679327,1.8532333605991713e-05
3176,и,и,0.940083542749308,0.940101623535156,1.808078584797368e-05
796,в,в,0.9998657883547901,0.9998837113380431,1.7922983252982583e-05
2420,уме,ум,0.9987163353115471,0.998734176158905,1.784084735789726e-05
2432,открытую,открытый,0.002656603165132,0.0026744194328780003,1.781626774600021e-05
2658,месте,место,0.9939080741317011,0.993925869464874,1.7795333172920813e-05
1463,трудом,труд,0.9839803924184051,0.98399817943573,1.7787017324910614e-05
527,носу,нос,0.22116219798055,0.22117996215820301,1.7764177653006863e-05
2462,свою,свой,0.9978350879325251,0.9978528022766111,1.7714344086039446e-05
322,и,и,0.656218308788529,0.656235754489898,1.7445701368967725e-05
796,в,в,0.9998467203455601,0.9998641014099121,1.7381064352006703e-05
1002,как,как,0.9988812816208491,0.9988985657691951,1.7284148346008443e-05
1767,не,не,0.9995898499281901,0.9996070861816401,1.723625344995927e-05
2432,в,в,0.997974928597368,0.9979921579360961,1.72293387280531e-05
3115,в,в,0.7485295261822481,0.7485467195510861,1.719336883798661e-05
1634,наконец,наконец,0.16000933726758002,0.160026460886001,1.7123618420988862e-05
3937,на,на,0.223733819245885,0.22375087440013802,1.705515425301507e-05
2776,подальше,далекий,0.9724807205499001,0.9724977612495421,1.7040699642034696e-05
8,и,и,0.9993014450686011,0.9993181228637691,1.6677795168007492e-05
73,от,от,0.9995348234280291,0.9995514154434201,1.6592015390948234e-05
4046,на,на,0.990839182011444,0.9908557534217831,1.6571410339061288e-05
38,бросил,бросить,0.007867341494164001,0.00788380857557,1.6467081405999173e-05
848,вдоль,вдоль,0.9999044032887381,0.9999206662178041,1.6262929065979925e-05
2047,каждый,каждый,0.000113593224622,0.000129846142954,1.625291833200001e-05
2215,на,на,0.9994043086384101,0.9994204044342041,1.6095795793980017e-05
2325,и,и,0.992702249986363,0.9927183389663691,1.6088980006045972e-05
48,в,в,0.9998023900540131,0.999818444252014,1.605419800099206e-05
2049,ли,ли,0.9978109936332161,0.997826933860778,1.594022756190583e-05
643,на,на,0.6529791721731131,0.652995109558105,1.5937384991948633e-05
1387,на,на,0.9996853864824171,0.9997012615203851,1.5875037967960637e-05
185,на,на,0.9995482817349801,0.9995640516281121,1.5769893132011603e-05
2325,и,и,0.9991721812864931,0.9991879463195801,1.576503308697852e-05
8,что,что,5.7783836873086826e-05,7.332077802857384e-05,1.5536941155487015e-05
91,ни,ни,0.7136255741650891,0.7136409878730771,1.5413707987965708e-05
519,по,по,0.056796455155261,0.056811850517988004,1.5395362727002593e-05
1622,чем,чем,0.9975943165198491,0.9976096749305721,1.53584107229765e-05
1377,руководством,руководство,0.30145455051062203,0.30146989226341203,1.5341752789999052e-05
139,когда,когда,0.9825644933731831,0.9825798273086541,1.5333935471040228e-05
3694,на,на,0.00271131706903,0.0027266154065720004,1.5298337542000388e-05
2325,и,и,0.99873595479078,0.9987512230873101,1.5268296530090986e-05
763,концов,конец,0.870532959847721,0.8705481290817261,1.5169234005019128e-05
2507,и,и,0.996323916718136,0.9963390827178951,1.5165999759036985e-05
661,бы,бы,0.9526632895090961,0.9526783227920531,1.5033282957044314e-05
67,как,как,0.069427739533284,0.069442756474018,1.5016940733997286e-05
1729,лицом,лицо,0.9200153550302951,0.9200303554534911,1.5000423196021018e-05
67,как,как,0.37856730608741,0.37858223915100103,1.4933063591016094e-05
3918,как,как,0.05526496837098201,0.055279813706874,1.4845335891994216e-05
1463,трудом,труд,0.9864041781061771,0.986418962478637,1.4784372459941686e-05
37,больно,больно,0.051694062086125,0.051708828657865004,1.4766571740001955e-05
2436,в,в,0.9994545575172891,0.999468982219696,1.4424702406978795e-05
185,основе,основа,0.7851326069598561,0.785147011280059,1.4404320202943133e-05
848,и,и,0.999082216292353,0.9990965127944941,1.4296502141020184e-05
322,как,как,0.9921361055560991,0.99215030670166,1.4201145560943651e-05
57,и,и,0.989917218040774,0.989931404590606,1.4186549831984863e-05
2988,от,от,0.9992516876383801,0.9992658495903011,1.4161951920943494e-05
3937,на,на,0.24183960490652,0.24185374379158,1.4138885059994388e-05
8,и,и,0.999142786175182,0.9991568922996521,1.41061244700591e-05
3385,по,по,0.9991166057536591,0.99913066625595,1.406050229091349e-05
3937,на,на,0.034428691289243,0.034442745149135,1.4053859891997866e-05
1131,только,только,0.9710771255742711,0.9710910916328431,1.3966058572068007e-05
1667,недавно,недавно,0.034013763468506,0.034027691930532004,1.3928462026004118e-05
3313,по,по,0.961200805434242,0.9612146615982051,1.3856163963099632e-05
2436,в,в,0.9984522018340921,0.9984660148620601,1.3813027967990443e-05
139,раз,раз,0.9907729444492901,0.9907866120338441,1.3667584554011292e-05
2420,в,в,0.99972875323828,0.9997423887252801,1.3635487000063229e-05
322,и,и,0.9944289696161531,0.994442462921142,1.3493304988898558e-05
507,ведут,вести,0.9887978548967691,0.9888113141059871,1.3459209218025237e-05
527,на,на,0.9986493972398721,0.9986627101898191,1.3312949946997499e-05
2049,ли,ли,0.9629512187041551,0.962964475154876,1.3256450720922075e-05
3186,виды,вид,0.32333607713129003,0.32334932684898304,1.3249717693009089e-05
3369,сквозь,сквозь,0.19444512109564502,0.19445832073688502,1.3199641239997062e-05
255,и,и,0.965736343645173,0.9657492637634271,1.2920118254045043e-05
3385,ума,ум,0.97942195364322,0.9794348478317261,1.2894188506029636e-05
57,и,и,0.959258043506735,0.9592708945274351,1.2851020700033189e-05
1463,с,с,0.9985418155887311,0.9985545873641961,1.277177546499253e-05
255,оно,оно,0.98130898584181,0.9813216328620911,1.2647020281031374e-05
1131,только,только,0.9703086040280661,0.9703212380409241,1.2634012858003807e-05
1527,как,как,0.9974388084263601,0.9974514245986931,1.261617233294654e-05
527,на,на,0.9988005260561241,0.9988130331039421,1.2507047817966743e-05
2507,и,и,0.9964622688662311,0.99647456407547,1.2295209238843974e-05
3044,чем,чем,0.8588833447823041,0.8588954806327821,1.213585047799004e-05
792,плане,план,0.353613074557779,0.353625208139419,1.2133581639983682e-05
1002,не,не,0.9682533343570391,0.9682652950286861,1.1960671646993326e-05
1002,не,не,0.973235299846513,0.9732471108436581,1.1810997145089708e-05
2053,раз,раз,0.991658519654194,0.991670310497283,1.1790843088999026e-05
103,вид,вид,0.999845647801576,0.999857306480407,1.16586788310169e-05
137,на,на,0.9230521051843901,0.9230637550354001,1.1649851009987167e-05
2776,подальше,далекий,0.9980836944042111,0.9980953335762021,1.1639171990984742e-05
185,на,на,0.9995940188343171,0.9996056556701661,1.1636835849038185e-05
2240,на,на,0.9995120761548411,0.9995236992835991,1.1623128758020407e-05
2325,сразу,сразу,0.6663882598304991,0.6663998365402221,1.157670972296021e-05
57,и,и,0.9817591886676261,0.9817705750465391,1.1386378912958683e-05
2339,не,не,0.9994386011555241,0.999449968338012,1.1367182487953542e-05
2497,глотку,глотка,0.970690579301797,0.970701932907104,1.1353605307018455e-05
1622,чем,чем,0.9991949131179201,0.9992061257362361,1.1212618316047696e-05
2729,на,на,0.9997088565004051,0.9997199773788451,1.1120878440018522e-05
365,то,то,0.9898614989455641,0.989872574806213,1.1075860648968039e-05
1463,с,с,0.9993370401254731,0.9993480443954461,1.100426997302506e-05
173,там,там,0.736113753390195,0.736124753952026,1.1000561831009392e-05
3450,проще,простой,0.030740540256198004,0.030751483514904,1.0943258705996967e-05
307,чтобы,чтобы,0.9564634312751251,0.9564743638038631,1.0932528737961356e-05
3137,не,не,0.999159090139589,0.9991700053215021,1.0915181913095928e-05
2787,до,до,0.9993369210533911,0.9993476867675781,1.0765714187011e-05
1335,силу,сила,0.028487055099158002,0.028497798368334003,1.0743269176001491e-05
527,на,на,0.9995545941423741,0.9995652437210081,1.0649578633947776e-05
2484,и,и,0.95190364225568,0.951914072036743,1.0429781063026056e-05
3772,голыми,голый,0.9722930482263771,0.972303390502929,1.034227655194453e-05
1556,от,от,0.9997381657597381,0.9997484683990471,1.0302639309012207e-05
3972,страшно,страшно,0.014401605679147,0.014411893673241001,1.028799409400101e-05
2049,ли,ли,0.986768984993271,0.986779272556304,1.0287563033006819e-05
796,порядке,порядок,0.992324005095171,0.9923341274261471,1.0122330976081173e-05
3948,точка,точка,0.060300266797099,0.060310322791337,1.0055994237999355e-05
1756,тут,тут,0.094258086810432,0.09426813572645101,1.0048916019009257e-05
218,ли,ли,0.40071308984046206,0.400723129510879,1.003967041696141e-05
255,и,и,0.686525919279348,0.6865358352661131,9.915986765030027e-06
1527,как,как,0.9908127324089651,0.9908224344253541,9.7020163890571e-06
58,зависимости,зависимость,0.9995475671225901,0.9995572566986081,9.689576017990476e-06
2215,на,на,0.9995934232627661,0.9996030926704401,9.6694076739956e-06
1123,ни,ни,0.7846147289526201,0.7846243977546691,9.668802049001002e-06
1900,уже,уже,0.8898656727217681,0.889875292778015,9.620056246939512e-06
1729,лицом,лицо,0.9991430242149411,0.999152600765228,9.576550286993779e-06
2049,ли,ли,0.999636543827872,0.9996460676193231,9.523791451027108e-06
3114,и,и,0.9991806311961031,0.9991901516914361,9.520495332981938e-06
1362,по,по,0.9988960307486041,0.998905539512634,9.50876402994183e-06
1900,уже,уже,0.8038261931393961,0.8038356304168701,9.43727747404477e-06
2280,нет,нет,0.004775646681761001,0.004785057622939,9.410941177999746e-06
2383,без,без,0.9967113759332251,0.9967207312583921,9.355325166993111e-06
796,порядке,порядок,0.991304732311969,0.9913140535354611,9.321223492064767e-06
661,бы,бы,0.9786276132019551,0.978636920452117,9.307250161905145e-06
3809,носом,нос,0.8309146856624221,0.830923974514007,9.288851584909885e-06
2325,и,и,0.9971864926753601,0.9971957802772521,9.28760189200517e-06
2215,на,на,0.999450270718056,0.9994594454765321,9.174758476060418e-06
1129,можно,можно,0.011502576655258001,0.011511519551277001,8.942896018999946e-06
1882,тем,тем,0.24619145346850602,0.24620020389556801,8.750427061998689e-06
1123,ни,ни,0.254321788451883,0.254330486059188,8.697607304986033e-06
1362,ходу,ход,0.7971097856859931,0.797118425369262,8.639683268918397e-06
3020,в,в,0.004338303723455001,0.004346879199147001,8.575475691999929e-06
2049,ли,ли,0.9987970773252701,0.9988056421279901,8.564802719934761e-06
643,на,на,0.289761792611405,0.28977030515670704,8.512545302041818e-06
796,вещей,вещь,0.999541492981536,0.999549984931945,8.491950408973103e-06
2435,отъезде,отъезд,0.055732103979985,0.055740550160408006,8.446180423005156e-06
763,концов,конец,0.9993153732537351,0.9993237853050231,8.412051287987055e-06
79,и,и,0.9500959438296911,0.9501043558120721,8.41198238099583e-06
2854,по,по,0.9970334816748131,0.997041821479797,8.339804983936716e-06
2325,и,и,0.9955998812558631,0.9956082105636591,8.32930779604002e-06
1105,как,как,0.9851863980515231,0.9851946830749511,8.285023427978544e-06
974,боли,боль,0.45274211135198705,0.45275035500526406,8.243653277006935e-06
2383,без,без,0.9979940440378571,0.9980021715164181,8.127478561048562e-06
1900,уже,уже,0.766452350929619,0.7664604783058161,8.127376197042402e-06
3941,верх,верх,0.239974328780506,0.239982292056083,7.96327557700538e-06
527,на,на,0.999489210832705,0.99949711561203,7.904779324996447e-06
3385,по,по,0.9903624925036951,0.9903703927993771,7.900295681984026e-06
306,ни,ни,0.277543296214497,0.277551174163818,7.877949321000166e-06
307,чтобы,чтобы,0.8325908855778671,0.832598686218261,7.800640393962333e-06
8,и,и,0.9998233630346841,0.9998309016227721,7.538588087996345e-06
2215,на,на,0.994254884601624,0.9942623972892761,7.512687652089234e-06
1556,от,от,0.9980149414118901,0.9980224370956421,7.495683752023474e-06
255,и,и,0.9978593020000671,0.9978666901588441,7.388158776988618e-06
2704,первый,первый,0.0010669239151640001,0.0010742720915,7.3481763359999584e-06
153,так,так,0.9992165747605831,0.9992238879203791,7.313159795963031e-06
2951,хоть,хоть,0.9998289639225071,0.9998360872268671,7.123304360034943e-06
783,в,в,0.9995224373529581,0.9995294809341431,7.043581184973391e-06
3772,голыми,голый,0.9889975515868601,0.989004552364349,7.0007774889413454e-06
1977,за,за,0.9997550849126201,0.9997620582580561,6.973345435978828e-06
103,вид,вид,0.99972648951882,0.9997334480285641,6.958509744081631e-06
1002,не,не,0.8993300461297541,0.8993369936943051,6.947564550996432e-06
8,и,и,0.9998164513923161,0.9998232722282411,6.820835924958857e-06
1622,чем,чем,0.9942674936425581,0.9942741990089411,6.705366383030764e-06
2729,на,на,0.9940631898368041,0.9940698742866511,6.684449846972029e-06
753,большинстве,большинство,0.9984554105101331,0.998462080955505,6.670445371947942e-06
3133,как,как,0.9616736418370251,0.96168029308319,6.651246164945945e-06
2842,росту,рост,0.132092115832305,0.132098674774169,6.558941863993306e-06
479,до,до,0.999788090792712,0.9997946023941041,6.5116013920896165e-06
781,миг,миг,0.240460541801947,0.24046704173088002,6.499928933006993e-06
2420,уме,ум,0.998957291817102,0.9989637136459351,6.421828833036436e-06
3664,здорово,здорово,0.038633273465077,0.038639668375253004,6.394910176003854e-06
3938,на,на,0.9988186027864701,0.9988249540328981,6.351246428004664e-06
1123,ни,ни,0.7315660922882741,0.731572389602661,6.29731438694936e-06
2432,открытую,открытый,0.009509135419478001,0.009515419602394,6.284182915998818e-06
1900,уже,уже,0.9018110907066881,0.9018173217773431,6.231070655005055e-06
8,и,и,0.9998878366430151,0.999893844127655,6.007484639969363e-06
2420,здравом,здравый,0.9239358932385541,0.9239418506622311,5.957423677038776e-06
3114,в,в,0.12149910216248501,0.12150482088327401,5.718720788999709e-06
2776,греха,грех,0.9951934499443381,0.995199143886566,5.693942227935622e-06
3854,батарея,батарея,0.016973462837602,0.016979100182652,5.6373450500017686e-06
1077,среды,среда,0.001024851250891,0.001030459417961,5.608167070000024e-06
2475,час,час,0.0075826922895240005,0.007588276639580001,5.58435005600013e-06
365,то,то,0.868699763691627,0.8687052130699151,5.449378288058249e-06
131,здоров,здоровый,0.000284836507673,0.000290281197521,5.444689848000024e-06
3330,где,где,0.9995778198044071,0.99958324432373,5.424519322949628e-06
792,плане,план,0.019399722092152002,0.019405130296945003,5.408204793000415e-06
2186,уже,уже,0.7942621782771251,0.7942675352096551,5.356932530009573e-06
2226,благо,благо,0.003433263793287,0.0034386191982770003,5.355404990000159e-06
1131,только,только,0.0023946738706690004,0.002399963093921,5.289223251999688e-06
1215,можно,можно,0.14225103445668202,0.142256304621696,5.270165013976369e-06
2729,на,на,0.9987328632249891,0.9987379908561701,5.127631180990022e-06
2640,воздухе,воздух,0.004964350276368001,0.0049694771878420006,5.126911473999837e-06
974,боли,боль,0.9088090146305591,0.9088141322135921,5.117583033009687e-06
1432,теме,тема,0.0009175937371580001,0.00092265830608,5.064568921999942e-06
2579,пальцев,палец,0.9787793651245641,0.9787842631340021,4.8980094380368655e-06
3161,очков,очко,0.35363406785469004,0.35363894701004,4.8791553499683005e-06
3664,здорово,здорово,0.007068358672617001,0.007073200307786001,4.841635169000082e-06
3772,голыми,голый,0.9981309603166941,0.9981357455253601,4.785208665980534e-06
3781,слове,слово,0.9970952256162021,0.997099995613098,4.76999689591473e-06
3297,от,от,0.9982892979845591,0.9982940554618831,4.7574773239800194e-06
153,и,и,0.9997167197843391,0.99972128868103,4.568896690981816e-06
2383,руля,руль,0.9937401751184931,0.9937447309494011,4.555830907970737e-06
661,бы,бы,0.9709872048242141,0.9709917306900021,4.525865788029826e-06
2719,пороге,порог,0.267220232092571,0.26722472906112604,4.496968555034453e-06
365,то,то,0.9656526335966701,0.9656569957733151,4.362176645011928e-06
1415,теме,тема,0.0007297104688640001,0.00073404808063,4.337611765999928e-06
2053,раз,раз,0.999420144788946,0.999424457550048,4.3127611020210566e-06
892,урок,урок,0.00434733040954,0.0043516103178260004,4.279908286000493e-06
796,порядке,порядок,0.9968536265820621,0.9968578219413751,4.1953593129528954e-06
2135,нет,нет,0.9993907351111571,0.9993948936462401,4.158535083065296e-06
2053,раз,раз,0.9171333653910271,0.9171374440193171,4.078628289994057e-06
2623,глядят,глядеть,0.999968172131886,0.9999722242355341,4.0521036480667405e-06
2049,ли,ли,0.9988937708334331,0.998897612094879,3.841261445924893e-06
670,ничего,ничего,0.0031426447889050003,0.003146458882838,3.814093932999821e-06
2854,по,по,0.999705520577806,0.9997092485427851,3.7279649790500358e-06
2854,уму,ум,0.020249207814309,0.020252905786037,3.697971728000571e-06
3044,чем,чем,0.9645332090878431,0.9645369052886961,3.696200852942866e-06
2475,час,час,0.003878099264223,0.0038816321175540003,3.5328533310001464e-06
2183,пользу,польза,0.07458465970189,0.07458814233541401,3.482633524010126e-06
763,концов,конец,0.981381886082416,0.9813853502273561,3.464144940013014e-06
801,применении,применение,0.480576108803598,0.48057955503463706,3.4462310390392936e-06
3938,на,на,0.9982995150652031,0.9983029365539551,3.4214887519867787e-06
974,боли,боль,0.19018092378925203,0.19018431007862002,3.3862893679958983e-06
1384,на,на,0.998996550397189,0.9989998340606691,3.283663480013743e-06
1415,теме,тема,0.00012179744635100001,0.000125004036817,3.2065904659999973e-06
153,и,и,0.999106490980713,0.9991096258163451,3.1348356320792803e-06
14,только,только,0.032135981752786,0.032139044255018005,3.062502232004105e-06
3809,носом,нос,0.7616449382471041,0.7616479992866511,3.061039546947697e-06
3330,где,где,0.99978987817646,0.9997929334640501,3.055287590036926e-06
1541,примерно,примерно,0.014432211020042001,0.014435266144573002,3.0551245310001668e-06
1767,и,и,0.9500301985221741,0.950033128261566,2.9297393919769377e-06
185,основе,основа,0.389690090571631,0.38969299197196905,2.9014003380400943e-06
2640,воздухе,воздух,0.001388470949555,0.0013913280563420001,2.8571067870000223e-06
3972,страшно,страшно,0.016093509609105,0.016096366569399,2.8569602939995664e-06
3809,носом,нос,0.6722810997557801,0.6722839474678041,2.84771202396783e-06
2049,ли,ли,0.994253470180371,0.994256317615509,2.8474351380092244e-06
753,большинстве,большинство,0.9998069182346151,0.9998097419738771,2.823739261970104e-06
670,так,так,0.0012414788036150001,0.001244290964677,2.8121610619999318e-06
3916,считанные,считать,0.12438650898991702,0.124389186501502,2.6775115849891895e-06
2475,час,час,0.019536811077032,0.019539471715688,2.660638656001163e-06
2383,руля,руль,0.9880673721213611,0.9880700111389161,2.63901755503948e-06
1882,успехом,успех,0.9986654472633371,0.9986680746078491,2.6273445120628125e-06
3864,Лес,лес,0.00012611404561400002,0.000128721265355,2.6072197409999836e-06
3714,лету,лет,0.006071345158570001,0.006073914468288,2.5693097179995197e-06
753,большинстве,большинство,0.999927764391718,0.9999302625656121,2.4981738940832443e-06
451,будто,будто,0.071125957993,0.071128442883491,2.4848904909974268e-06
3404,шутка,шутка,0.000969488753207,0.000971895002294,2.4062490869999854e-06
974,боли,боль,0.9837177661680091,0.9837201237678521,2.3575998430169776e-06
781,миг,миг,0.144382326045933,0.144384682178497,2.3561325639964714e-06
3948,точка,точка,0.139025332742531,0.139027670025825,2.337283293990522e-06
3916,считанные,считать,0.17517315900289201,0.175175458192825,2.299189932997159e-06
527,носу,нос,0.877317479276524,0.8773197531700131,2.273893489057599e-06
2854,уму,ум,0.063230126442141,0.063232369720935,2.2432787940007692e-06
2183,пользу,польза,0.976303316176729,0.9763055443763731,2.2281996440165486e-06
222,бы,бы,0.8448529995258001,0.8448551893234251,2.1897976250073725e-06
2183,пользу,польза,0.990481300683224,0.990483462810516,2.1621272919825074e-06
519,по,по,0.0025997856029460003,0.0026019390206780003,2.1534177319999966e-06
3330,где,где,0.9997594935092181,0.9997616410255431,2.1475163249906615e-06
2049,ли,ли,0.90659201674093,0.9065941572189331,2.1404780030653825e-06
3628,только,только,0.11489892065536601,0.114901006221771,2.085566404991246e-06
1767,и,и,0.998437465768732,0.99843955039978,2.084631048004937e-06
2719,пороге,порог,0.42322145401890604,0.42322352528572005,2.0712668140077106e-06
3558,то,то,0.999015229158387,0.999017298221588,2.0690632009934262e-06
185,основе,основа,0.5430799208610091,0.543081939220428,2.0183594189315812e-06
255,и,и,0.9999324129015861,0.9999343752861021,1.962384515996618e-06
2325,бы,бы,0.924441120697277,0.924443066120147,1.945422870019975e-06
222,Нет,нет,0.000839421155592,0.0008413037867280001,1.8826311360000498e-06
643,на,на,0.9175911247246201,0.917593002319335,1.877594714927433e-06
451,будто,будто,0.293135511509032,0.293137341737747,1.83022871502736e-06
974,боли,боль,0.9910738930647521,0.9910756945610041,1.8014962519519173e-06
1580,смешного,смешной,0.08333808000159701,0.08333984017372101,1.7601721239990376e-06
527,носу,нос,0.9787469323813751,0.9787486791610711,1.7467796959991233e-06
3938,на,на,0.9993357305660231,0.9993374347686761,1.7042026529967558e-06
3379,и,и,0.9985866285628041,0.9985883235931391,1.6950303349805296e-06
2383,руля,руль,0.98567942661518,0.985681116580963,1.6899657829805292e-06
1580,смешного,смешной,0.240483647006999,0.240485310554504,1.6635475049986415e-06
1882,успехом,успех,0.997539984116481,0.9975416064262391,1.6223097580869705e-06
3379,и,и,0.9991013741687881,0.99910295009613,1.5759273419568842e-06
2150,вдруг,вдруг,0.002785219555758,0.0027867318131020004,1.5122573440002306e-06
3772,голыми,голый,0.9960285232884181,0.9960300326347351,1.5093463170412491e-06
3916,считанные,считать,0.17919319861169303,0.17919462919235202,1.4305806589898218e-06
2135,нет,нет,0.9998850954462001,0.9998865127563471,1.4173101470227323e-06
153,и,и,0.9998794939311091,0.9998809099197381,1.4159886290165957e-06
3628,только,только,0.030175137603459003,0.030176520347595003,1.3827441360005077e-06
2704,случай,случай,0.0011044647703650002,0.0011057662777600001,1.3015073949999238e-06
3558,то,то,0.9980334646032981,0.998034715652465,1.2510491669281976e-06
821,смысле,смысл,0.11880810082955201,0.118809297680854,1.1968513019960936e-06
451,будто,будто,0.056003710485528005,0.056004893034696,1.1825491679981481e-06
3379,и,и,0.9979865640493821,0.997987687587738,1.123538355907172e-06
3916,считанные,считать,0.937674539173125,0.9376756548881531,1.11571502803276e-06
3972,страшно,страшно,0.0031673713931550003,0.003168450435623,1.079042467999787e-06
2325,бы,бы,0.9892453897750101,0.9892464280128471,1.038237837036604e-06
2704,случай,случай,0.0012534492154390002,0.0012544662458820002,1.0170304429999756e-06
3161,очков,очко,0.9867889495562651,0.9867899417877191,9.922314540000698e-07
3714,лету,лет,0.577443804915442,0.577444791793823,9.868783810151882e-07
2854,уму,ум,0.025881489503490004,0.025882449001073,9.59497582997404e-07
3607,сразу,сразу,0.006274877447318,0.006275819614529001,9.42167211000558e-07
661,бы,бы,0.9845402705260551,0.9845411777496331,9.072235780394067e-07
2665,едином,единый,0.005967449619646001,0.0059683537110680005,9.040914219996671e-07
2420,здравом,здравый,0.9605264606365811,0.9605273604393001,8.998027190010305e-07
306,бы,бы,0.9870331272218561,0.9870340228080751,8.955862189630182e-07
2325,бы,бы,0.41153866130721506,0.41153955459594704,8.932887319845761e-07
3313,по,по,0.008329932125729,0.008330811746418,8.796206890007013e-07
37,больно,больно,0.0033150094787730002,0.0033158834557980004,8.739770250001597e-07
3628,только,только,0.0047327557150690005,0.004733620211482,8.64496412999842e-07
3558,то,то,0.9906920899107421,0.9906929135322571,8.236215149892701e-07
3161,очков,очко,0.9975257493650481,0.9975265264511101,7.770860619427111e-07
1882,успехом,успех,0.9977644701192101,0.9977652430534361,7.729342259565897e-07
1882,успехом,успех,0.9938902925729641,0.9938910603523251,7.677793609772721e-07
2629,ценой,цена,0.9982506889303561,0.998251438140869,7.49210512962506e-07
2435,отъезде,отъезд,0.002224622312079,0.0022253568749870003,7.345629080002247e-07
2988,роду,род,0.999507312477473,0.999508023262023,7.107845499954024e-07
2150,Вдруг,вдруг,0.000248419390122,0.000249128584982,7.091948599999851e-07
3478,уж,уж,0.00567788252641,0.005678586196154,7.03669744000178e-07
670,ничего,ничего,0.003174785157013,0.0031754700466990003,6.848896860001466e-07
1096,черту,черта,0.677083963423285,0.677084624767303,6.613440179936703e-07
753,большинстве,большинство,0.9999254997414521,0.9999261498451231,6.501036710071517e-07
2435,отъезде,отъезд,0.003783879827517,0.0037845231126990004,6.432851820002347e-07
2988,роду,род,0.9913910760250171,0.9913917183876031,6.423625860119131e-07
3972,страшно,страшно,0.0037031983052080004,0.0037038335576650002,6.352524569998817e-07
1580,смешного,смешной,0.048585134665728,0.048585757613182005,6.229474540028757e-07
763,концов,конец,0.996461203722887,0.996461808681488,6.049586009915231e-07
3714,на,на,0.9993132304120661,0.999313831329345,6.009172789367412e-07
2049,ли,ли,0.999328825639286,0.9993293881416321,5.625023460353873e-07
2420,здравом,здравый,0.7764117517373,0.7764123082160951,5.564787950440575e-07
2665,едином,единый,0.007126738811735001,0.007127295248210001,5.564364749998871e-07
2988,роду,род,0.9991256497878811,0.9991261959075921,5.46119711009041e-07
2665,едином,единый,0.002657492584493,0.0026579643599680004,4.7177547500033834e-07
2183,пользу,польза,0.9947907718389181,0.9947912096977231,4.3785880499136454e-07
3628,только,только,0.008283683671404,0.008284118026494001,4.34355090001351e-07
661,бы,бы,0.9761464225765351,0.9761468172073361,3.9463080103718795e-07
1463,трудом,труд,0.904291534949696,0.9042919278144831,3.928647870354851e-07
3948,точка,точка,0.000545475798472,0.000545841059647,3.652611750000305e-07
306,бы,бы,0.9859171446719491,0.9859175086021421,3.6393019298142093e-07
2183,пользу,польза,0.9867006210962911,0.9867009520530701,3.3095677898220544e-07
222,бы,бы,0.48770592295040105,0.48770624399185103,3.210414499799086e-07
3948,точка,точка,0.007195458678621001,0.0071957749314600005,3.1625283899994194e-07
306,бы,бы,0.7607497478623481,0.76075005531311,3.074507619604816e-07
451,будто,будто,0.023170857902699002,0.023171160370111,3.0246741199863036e-07
2325,бы,бы,0.9623511438034891,0.962351441383361,2.975798719662137e-07
753,большинстве,большинство,0.9999601856829801,0.999960482120513,2.964375329650437e-07
2049,ли,ли,0.9996366629356551,0.9996369481086731,2.851730179775913e-07
1667,недавно,недавно,0.0018486657950900001,0.0018489374779160001,2.7168282599999115e-07
823,среднем,среднее,0.913552090586861,0.9135523438453671,2.5325850605550926e-07
1882,успехом,успех,0.9990101132209,0.9990103244781491,2.1125724902759657e-07
823,среднем,среднее,0.748133330904154,0.7481335401535031,2.092493490701841e-07
3714,лету,лет,0.011356225346090001,0.011356408707797002,1.83361707000243e-07
91,бы,бы,0.996632273467945,0.99663245677948,1.8331153495143582e-07
3859,галереи,галерея,4.740615434708183e-05,4.758416616823525e-05,1.7801182115342163e-07
37,больно,больно,0.000329414971227,0.000329592934576,1.779633489999862e-07
91,бы,бы,0.9984557670044991,0.9984559416770931,1.7467259394443602e-07
2462,очередь,очередь,0.999922162390225,0.9999223351478571,1.7275763208868256e-07
2629,ценой,цена,0.9932782150471581,0.9932783842086791,1.6916152101309478e-07
3286,левой,левый,0.76603724041441,0.7660374045372,1.6412279002508967e-07
1096,черту,черта,0.9694792194619951,0.9694793820381161,1.6257612101000518e-07
3772,голыми,голый,0.9993372782115111,0.9993374347686761,1.5655716500972972e-07
91,бы,бы,0.995125448640586,0.9951255917549131,1.431143270558266e-07
3286,левой,левый,0.015848740568105,0.015848875045776003,1.3447767100230323e-07
2842,росту,рост,0.007568319021415,0.007568448316305001,1.2929489000019362e-07
527,носу,нос,0.9359950976283101,0.935995221138,1.2350968991992062e-07
1729,лицом,лицо,0.999264543151207,0.9992646574974061,1.1434619906491861e-07
2951,бы,бы,0.978419072000776,0.9784191846847531,1.1268397703823041e-07
1667,недавно,недавно,0.00017937501719100002,0.00017948301683600002,1.0799964500000079e-07
2462,очередь,очередь,0.9994999288355111,0.999500036239624,1.0740411293674867e-07
1541,примерно,примерно,0.005985514543443001,0.005985621362924001,1.0681948100013661e-07
451,будто,будто,0.010194290335825001,0.010194387286901,9.695107599898278e-08
222,бы,бы,0.333717401727307,0.333717495203018,9.347571100493113e-08
2951,бы,бы,0.9996102183885781,0.999610304832458,8.644387994305447e-08
2951,бы,бы,0.979853371557002,0.9798534512519831,7.96949810588643e-08
222,бы,бы,0.9109664371880811,0.9109665155410761,7.835299498104575e-08
91,бы,бы,0.998972875907368,0.9989729523658751,7.645850708115631e-08
1096,черту,черта,0.7431953474423131,0.7431954145431511,6.710083799710276e-08
3714,лету,лет,0.19953124105198602,0.19953130185604,6.080405398622979e-08
823,среднем,среднее,0.9855731158578441,0.9855731725692741,5.671142999652545e-08
2325,бы,бы,0.36406631293878605,0.364066362380981,4.9442194949289586e-08
1096,черту,черта,0.9895114436027811,0.9895114898681641,4.6265382969146174e-08
3385,ума,ум,0.9998579227198171,0.9998579621315001,3.941168302823428e-08
2629,ценой,цена,0.999857803542021,0.99985784292221,3.938018899862783e-08
3972,страшно,страшно,0.000592527517436,0.0005925666773690001,3.9159933000075184e-08
2462,очередь,очередь,0.999849580512122,0.999849617481231,3.6969108996309785e-08
2325,бы,бы,0.9941202073897821,0.994120240211486,3.282170391027961e-08
821,смысле,смысл,0.008965159762888001,0.008965191431343,3.166845499898152e-08
3385,ума,ум,0.999615578664462,0.9996156096458431,3.098138101620407e-08
1662,назад,назад,0.99643066584448,0.9964306950569151,2.9212435026515493e-08
1957,Итак,итак,0.7417940216971121,0.7417940497398371,2.8042725030985594e-08
1610,ока,око,0.9978799560838281,0.9978799819946281,2.591080006109081e-08
1463,трудом,труд,0.998117421396799,0.9981174468994141,2.5502615019767916e-08
624,же,же,0.5934055788860241,0.593405604362487,2.5476462939266753e-08
1882,же,же,0.9992852554623951,0.9992852807044981,2.5242102963396462e-08
322,же,же,0.9991004222242521,0.999100446701049,2.4476796922634492e-08
857,вечно,вечно,0.938893413028949,0.9388934373855591,2.4356610062170603e-08
1002,бывало,бывало,0.9700597290011401,0.9700597524642941,2.3463153975278317e-08
1622,Прежде,прежде,0.989412823771559,0.9894128441810601,2.040950108916917e-08
2484,взад,взад,0.998740116618511,0.9987401366233821,2.0004871092993426e-08
1662,назад,назад,0.9767615600620321,0.976761579513549,1.9451516952706527e-08
3353,ведома,ведомо,0.87419233790628,0.874192357063293,1.915701297594552e-08
472,равно,равно,0.9904076267352491,0.9904076457023621,1.8967112991319368e-08
624,равно,равно,0.9854891713701991,0.985489189624786,1.8254586953148078e-08
2473,такт,такт,0.9973214088111031,0.997321426868438,1.8057334960630556e-08
1662,назад,назад,0.9949401450177031,0.9949401617050171,1.6687313975083384e-08
821,смысле,смысл,0.07089766685005701,0.07089768350124301,1.665118599947224e-08
472,равно,равно,0.9982454620915231,0.998245477676391,1.5584867951723425e-08
2473,такт,такт,0.73018477899915,0.73018479347229,1.4473140019788389e-08
821,смысле,смысл,0.022536378040881003,0.022536391392350003,1.3351468999833749e-08
2436,охапку,охапка,0.33567707639926003,0.33567708730697604,1.0907716008201618e-08
1899,Помимо,помимо,0.566088308238572,0.5660883188247681,1.0586196030892836e-08
222,бы,бы,0.297727127260051,0.29772713780403104,1.054398002242607e-08
1882,же,же,0.9760077499424111,0.9760077595710751,9.628663977245822e-09
2475,же,же,0.940618088186259,0.9406180977821351,9.595876093726474e-09
2436,охапку,охапка,0.985321095536806,0.9853211045265191,8.989713085050255e-09
1899,Помимо,помимо,0.300871870120898,0.30087187886238104,8.74148303742217e-09
2484,взад,взад,0.9966771518138791,0.9966771602630611,8.449182020697776e-09
1622,Прежде,прежде,0.9995867530136471,0.9995867609977721,7.98412502778234e-09
1186,намного,намного,0.26525869219388204,0.265258699655532,7.46164996456855e-09
1631,вовремя,вовремя,0.23086949469973,0.230869501829147,7.129417001205951e-09
1882,же,же,0.9997696215271881,0.9997696280479431,6.520755047034754e-09
857,вечно,вечно,0.569106810837806,0.5691068172454831,6.4076770556198426e-09
2475,же,же,0.9950156744933231,0.9950156807899471,6.296623999979545e-09
624,равно,равно,0.93779718329421,0.9377971887588501,5.464640073782334e-09
1384,вынос,вынос,0.159671539835634,0.15967154502868602,5.193052016183586e-09
73,Время,время,0.9990575858914791,0.9990575909614561,5.069976993787861e-09
2640,на,на,0.00069090893042,0.0006909139920020001,5.0615820001032735e-09
3286,левой,левый,0.001051996805986,0.001052001724019,4.918032999942645e-09
1186,намного,намного,0.24076616282085603,0.240766167640686,4.819829979574308e-09
550,аккурат,аккурат,0.069877307942332,0.069877311587333,3.6450009954780427e-09
2061,некогда,некогда,0.13340614394575,0.133406147360801,3.4150509919950167e-09
1384,вынос,вынос,0.922899779255808,0.9228997826576231,3.4018150518733137e-09
1186,намного,намного,0.14358207303730702,0.14358207583427401,2.7969669913474604e-09
1631,вовремя,вовремя,0.18673443533240203,0.18673443794250402,2.610101995648151e-09
2061,некогда,некогда,0.128801253944304,0.128801256418228,2.473924010093498e-09
1186,намного,намного,0.161003721275762,0.161003723740577,2.4648149909989314e-09
2436,охапку,охапка,0.164818120658861,0.16481812298297802,2.3241170099552733e-09
1634,Наконец,наконец,0.075155710460112,0.075155712664127,2.2040149982860413e-09
821,смысле,смысл,0.011722354826563001,0.011722357012331002,2.1857680006232005e-09
1590,временами,временами,0.09136488820660901,0.09136489033699001,2.1303809966122245e-09
783,одиночку,одиночка,0.41946327498315006,0.41946327686309803,1.87994797506974e-09
216,невесть,невесть,0.033389168264797,0.033389169722795,1.4579980001094839e-09
2061,некогда,некогда,0.041753540403825,0.04175354167819,1.2743650024127362e-09
2473,такт,такт,0.22674904649874303,0.22674904763698503,1.1382420006533778e-09
1186,намного,намного,0.08282234424745001,0.08282234519720001,9.497500008670556e-10
1957,Итак,итак,0.03299928361638,0.032999284565448005,9.490680047408162e-10
1756,Тут,тут,0.032877403440721,0.032877404242753004,8.020320033108597e-10
1480,жутко,жутко,0.023393185068359003,0.023393185809254,7.408949981302371e-10
2186,поздно,поздно,0.10587531258694101,0.10587531328201201,6.950710007558314e-10
37,больно,больно,6.17441315571809e-07,6.180769105412763e-07,6.355949694673142e-10
1664,Однажды,однажды,0.39169001534220504,0.391690015792846,4.5064096898528305e-10
3353,ведома,ведомо,0.015797230983442,0.015797231346368002,3.6292600175125145e-10
1631,вовремя,вовремя,0.21810272301740002,0.218102723360061,3.426609829215721e-10
246,ничуть,ничуть,0.012812816224766,0.012812816537916001,3.131500007219623e-10
472,равно,равно,0.995879769041876,0.9958797693252561,2.8338009716577517e-10
1480,жутко,жутко,0.012188925124837002,0.012188925407826,2.8298899855394577e-10
1590,временами,временами,0.011365879102157,0.011365879327058001,2.2490100060057472e-10
218,Нельзя,нельзя,0.007747840868211,0.007747841067612,1.9940100005194639e-10
3679,авось,авось,0.0035731086012730003,0.0035731086973100003,9.603699996710291e-11
783,одиночку,одиночка,0.010087449985854001,0.010087450034916,4.906199925491794e-11
3694,параллельно,параллельно,0.001104444231212,0.0011044442653650002,3.415300008947908e-11
1631,вовремя,вовремя,0.001040262370711,0.0010402624029660001,3.2255000103134646e-11
783,одиночку,одиночка,0.0051173437084840005,0.005117343738675,3.0190999873724866e-11
1384,вынос,вынос,0.002920075292773,0.0029200753197070003,2.6934000169065442e-11
216,невесть,невесть,0.0004930635657610001,0.0004930635914200001,2.565899998984572e-11
1480,жутко,жутко,0.0005993582661820001,0.000599358289036,2.285399994250703e-11
1480,жутко,жутко,0.000402522903273,0.00040252291364500003,1.0372000025342387e-11
561,таки,таки,0.00029850837451700005,0.00029850838473000004,1.0212999987813803e-11
2061,некогда,некогда,0.000280310100152,0.000280310108792,8.640000011012755e-12
2407,вдогонку,вдогонку,0.0010642248603880001,0.0010642248671500001,6.762000031093618e-12
857,вечно,вечно,0.0007150580023710001,0.00071505800588,3.5089999482484924e-12
3694,параллельно,параллельно,0.00011492674534400001,0.00011492674821000001,2.8659999991732105e-12
1590,временами,временами,0.0009133362898280001,0.000913336290977,1.1489999490049696e-12
1480,жутко,жутко,0.00039710861095000003,0.00039710861165000004,7.000000080449598e-13
3694,параллельно,параллельно,5.5707839034517665e-06,5.570783741859486e-06,-1.6159228021970194e-13
3694,параллельно,параллельно,1.3662271608587572e-05,1.3662271157954821e-05,-4.506327511258389e-13
3694,параллельно,параллельно,6.905051193927805e-05,6.905051122885197e-05,-7.104260756063407e-13
783,одиночку,одиночка,0.000861592305157,0.0008615922997700001,-5.386999982377738e-12
2407,вдогонку,вдогонку,0.0008652231251550001,0.0008652231190350001,-6.120000014576965e-12
3679,авось,авось,0.000757950727614,0.0007579507073380001,-2.0275999954542934e-11
1957,Итак,итак,0.08515309544780601,0.08515309542417501,-2.3630999934631802e-11
2186,поздно,поздно,0.023237029114948002,0.023237029090523,-2.4425000216821147e-11
2407,вдогонку,вдогонку,0.001970052979804,0.0019700529519460002,-2.785799976118275e-11
1631,вовремя,вовремя,0.0047755032199510005,0.004775503184646,-3.530500024273575e-11
1664,Однажды,однажды,0.05491773789125701,0.054917737841606,-4.965100552922763e-11
1541,приблизительно,приблизительно,0.14440807706695502,0.14440807700157102,-6.538400376676634e-11
1541,приблизительно,приблизительно,0.0033043630762340003,0.0033043629955500004,-8.068399984587082e-11
857,вечно,вечно,0.006908582189124,0.006908582057803,-1.3132100008111935e-10
3353,ведома,ведомо,0.0062918985814470006,0.0062918984331190005,-1.4832800005609714e-10
216,невесть,невесть,0.012101096283811001,0.012101096101105002,-1.8270599963510215e-10
1751,назад,назад,0.018562942928215,0.018562942743301003,-1.8491399730868885e-10
1590,временами,временами,0.011365917039935001,0.011365916579961001,-4.5997399986119625e-10
848,поперек,поперек,0.9999780659713831,0.9999780654907221,-4.806609554819374e-10
2061,некогда,некогда,0.7702451949649891,0.7702451944351191,-5.29870036736213e-10
1610,ока,око,0.9992278819942341,0.999227881431579,-5.626550336756964e-10
1664,Однажды,однажды,0.025338343004541002,0.025338342413306,-5.912350019288137e-10
857,вечно,вечно,0.018240214240434,0.018240213394165,-8.462689993216088e-10
1002,бывало,бывало,0.9966139206124851,0.9966139197349541,-8.775310478270626e-10
472,равно,равно,0.9763684281594671,0.9763684272766111,-8.828560105200722e-10
1664,Однажды,однажды,0.053403069342132,0.053403068333864004,-1.0082679968714814e-09
216,невесть,невесть,0.039848108902129004,0.039848107844591,-1.0575380016142333e-09
1751,назад,назад,0.115296491720608,0.11529649049043601,-1.230171992050444e-09
848,поперек,поперек,0.999964715294907,0.9999647140502931,-1.2446139674437973e-09
1186,намного,намного,0.18646623352289202,0.18646623194217601,-1.5807160025360645e-09
1622,Прежде,прежде,0.9732458014072861,0.9732457995414731,-1.8658130596094225e-09
857,вечно,вечно,0.15819500669706202,0.15819500386714902,-2.82991299838109e-09
1664,Однажды,однажды,0.10091383308080501,0.10091383010149,-2.979315003037719e-09
1751,назад,назад,0.339387330665675,0.339387327432632,-3.2330429999838373e-09
322,же,же,0.9993070401097951,0.9993070363998411,-3.7099540106666495e-09
823,среднем,среднее,0.754231218738132,0.7542312145233151,-4.214816939906996e-09
246,ничуть,ничуть,0.620677416024059,0.620677411556243,-4.467816006048508e-09
848,поперек,поперек,0.999932770483521,0.999932765960693,-4.522828001007895e-09
1957,Итак,итак,0.887044435021843,0.8870444297790521,-5.242790979131939e-09
1384,вынос,вынос,0.271717762240341,0.27171775698661804,-5.253722956677365e-09
1662,назад,назад,0.9894588048971771,0.9894587993621821,-5.534995017875133e-09
1002,бывало,бывало,0.985135143611304,0.9851351380348201,-5.5764839412830725e-09
322,же,же,0.9993970455346691,0.999397039413452,-6.121217088761455e-09
246,ничуть,ничуть,0.13051584984305,0.130515843629837,-6.213212999650608e-09
1957,Итак,итак,0.18842104781815602,0.188421040773391,-7.044765021335664e-09
1610,ока,око,0.9986831624155181,0.9986831545829771,-7.832541060182052e-09
848,поперек,поперек,0.9999059527170491,0.9999059438705441,-8.846504973014646e-09
73,Время,время,0.9996408322406741,0.999640822410583,-9.830091074469749e-09
848,поперек,поперек,0.999895941118035,0.9998959302902221,-1.0827812979563589e-08
1610,ока,око,0.994479073346554,0.9944790601730341,-1.3173519941567235e-08
783,одиночку,одиночка,0.9557434458785201,0.955743432044982,-1.3833538092811182e-08
1610,ока,око,0.999047591276997,0.999047577381134,-1.3895863015811472e-08
246,ничуть,ничуть,0.43690730542173506,0.436907291412353,-1.4009382043322915e-08
1899,Помимо,помимо,0.5531402381354671,0.5531402230262751,-1.5109192008644357e-08
1002,бывало,бывало,0.9718220989372751,0.9718220829963681,-1.5940907038825003e-08
472,равно,равно,0.9989568159424351,0.9989567995071411,-1.643529401462729e-08
1899,Помимо,помимо,0.565564410469224,0.565564393997192,-1.647203196064595e-08
823,среднем,среднее,0.9833525597252061,0.9833525419235231,-1.78016830165717e-08
1882,же,же,0.9995556660832321,0.9995556473731991,-1.8710032967383938e-08
1662,назад,назад,0.988662322105435,0.9886623024940491,-1.961138595962808e-08
1002,бывало,бывало,0.9893915852103881,0.9893915653228761,-1.9887511970573257e-08
322,же,же,0.999552807615619,0.9995527863502501,-2.1265368910228233e-08
2484,взад,взад,0.999620938998182,0.9996209144592281,-2.4538953979913458e-08
1882,же,же,0.9984485177683031,0.998448491096496,-2.6671807096256828e-08
2475,же,же,0.998675196406082,0.9986751675605771,-2.884550498460925e-08
246,ничуть,ничуть,0.552970140501009,0.552970111370086,-2.9130923007159026e-08
322,же,же,0.9989225564693931,0.998922526836395,-2.9632998055362236e-08
